source_cid,place_key,name,reason
ENPrjv9l2,rjv9l2,17th Jungnang  Seoul Rose Festival,invalid_event_end_date
ENP042906,042906,One and All,invalid_event_end_date
ENP042886,042886,Lee Kyoungmi Solo Exhibition 《The Best is yet to Come》,invalid_event_end_date
ENP042877,042877,Artist Kim Jong-ku Private Exhibition 《Fe-Aerial Landscape》,invalid_event_end_date
ENP042723,042723,Choi Min Collection: Ways of Seeing,invalid_event_end_date
ENP042701,042701,"Breath, Rest: The journey to innocence",invalid_event_end_date
ENP042699,042699,《Kang Seok-ho: Three Minutes Delight》,invalid_event_end_date
ENP042692,042692,My Soul Figure,invalid_event_end_date
ENP042665,042665,The first story of Pierrot and Laurent <MAISON DE LAURENT>,invalid_event_end_date
ENP042540,042540,Seoul Lantern Festival 2022,invalid_event_end_date
ENP042339,042339,Numéro BARDOT,invalid_event_end_date
ENP042233,042233,The 1st Seoul Arts & Tech Festival (Unfold X) 2022,invalid_event_end_date
ENP042181,042181,2022 Neighbor Love Sharing Concert,invalid_event_end_date
ENP042176,042176,2022 Title Match: Im Heung-soon vs. Omer Fast ≪Cut!≫,invalid_event_end_date
ENP042143,042143,Kev Munday Solo Exhibition <Making a Scene>,invalid_event_end_date
ENP042071,042071,Choi Dong-ha Solo Exhibition <Adult Child 9th Exhibition>,invalid_event_end_date
ENP041860,041860,The 2022 9th World Street Dance Festival,invalid_event_end_date
ENP041813,041813,"POPISM, 5 People, 5 Colors",invalid_event_end_date
ENP041779,041779,K-Culture Festival 2022,invalid_event_end_date
ENP041711,041711,2022 Gangnam Festival,invalid_event_end_date
ENP041706,041706,The Abstract Field of Color: Color Beyond the Radiance,invalid_event_end_date
ENP041701,041701,Korea-Japan Festival Hanmadang 2022 in Seoul,invalid_event_end_date
ENP041696,041696,2022 Seoul International Music Festival Pray for Us,invalid_event_end_date
ENP041688,041688,Story of My Day - Photos from Hungary,invalid_event_end_date
ENP041676,041676,The Age of Digital Transformation: Meeting Nam June Paik Again,invalid_event_end_date
ENP041671,041671,love is ♡,invalid_event_end_date
ENP041651,041651,"Tapgol Park, The First Urban Park in Seoul",invalid_event_end_date
ENP041625,041625,The 18th Seoul Wow Book Festival <Ask the Way with Kindness>,invalid_event_end_date
ENP041624,041624,The Essence of Writing Exhibition _ Dobong Kim Seon-young Solo Exhibition,invalid_event_end_date
ENP041623,041623,The 17th Jongno Cheonggye Special Tourist Zone Yukuijeon Festival,invalid_event_end_date
ENP041617,041617,Reenactment of King Jeongjo’s Royal Parade,invalid_event_end_date
ENP041612,041612,"The 10th Jamunbak Cultural Festival, Jamunbak·By Art·Login",invalid_event_end_date
ENP041605,041605,2022 Picksgood Gallery Opening Exhibition [The New WAVE],invalid_event_end_date
ENP041600,041600,Seoul 100K,invalid_event_end_date
ENP041585,041585,"2022 Photographic Arts Center, Seoul Museum of Art Pre-opening Program - The Printed World",invalid_event_end_date
ENP041580,041580,Welcome Daehakro Festival 2022,invalid_event_end_date
ENP041198,041198,SEOUL FESTA 2022,invalid_event_end_date
ENP041157,041157,Magic Shot,invalid_event_end_date
ENP041126,041126,Fresh Zone,invalid_event_end_date
ENP041116,041116,The 12th Seoul Mediacity Pre-Biennale 《Station》,invalid_event_end_date
ENP041079,041079,Kim Young-Eun 《Frames of Sound》,invalid_event_end_date
ENP041009,041009,Jean-Michel Othoniel: Treasure Gardens,invalid_event_end_date
ENP040940,040940,Magic Drawing Family Drama <Doodle Pop>,invalid_event_end_date
ENP040939,040939,2022 Seoul International Buddhism Expo,invalid_event_end_date
ENP040938,040938,"National Hangeul Museum Permanent Exhibition <Hunminjeongeum, The Design of a Writing System Beyond the Millennia>",invalid_event_end_date
ENP040891,040891,Korean Traditional Music Association for Gifted Children,invalid_event_end_date
ENP040889,040889,2022 Sinchon Water Gun Festival,invalid_event_end_date
ENP040860,040860,Art Yard where Culture Flows,invalid_event_end_date
ENP040815,040815,"100 Treasures of Hanyang, a Luxury City",invalid_event_end_date
ENP040810,040810,Lee Sang-ho Ceramic Exhibition: Decorate Spring,invalid_event_end_date
ENP040700,040700,Gyeongbokgung Palace Nighttime Tour (First half of 2022),invalid_event_end_date
ENP040633,040633,See the Environment through the Eyes of Science,invalid_event_end_date
ENP040543,040543,"Yeon Deung Hoe (Lotus lantern festival), Korea’s National Intangible Cultural Heritage and UNESCO Intangible Cultural Heritage of Humanity",invalid_event_end_date
ENP040564,040564,Seoul Illustration Fair V.13,invalid_event_end_date
ENP040546,040546,21km Songpa Trail Cherry Blossom Outing,invalid_event_end_date
ENP040457,040457,7th Annual Seoul Coffee Festival,invalid_event_end_date
ENP040209,040209,Park Soo Keun : The Naked Tree Awaiting Spring,invalid_event_end_date
ENP039899,039899,Yukjo Street: The Symbolic Street of Hanyang,invalid_event_end_date
ENP039898,039898,Seoul as Envisioned by a Scholar of Urban Design,invalid_event_end_date
ENP039064,039064,2021 Seoul International Buddhism Festival,invalid_event_end_date
ENP039065,039065,2021 Seoul Relax Week,invalid_event_end_date
ENP037732,037732,2021 Seoul Drum Festival,invalid_event_end_date
ENP037605,037605,Yeon Deung Hoe (Lotus Lantern Festival),invalid_event_end_date
ENP036912,036912,7th Royal Culture Festival,invalid_event_end_date
ENP036876,036876,Sea of Light,invalid_event_end_date
ENP036878,036878,Dokdo Museum Seoul,invalid_event_end_date
ENP036694,036694,Nighttime Fancies that Disappear in the Morning,invalid_event_end_date
ENP035904,035904,2020 Coex Winter Festival,invalid_event_end_date
ENP035866,035866,Namsan Park & World Cup Park Archives,invalid_event_end_date
ENP035577,035577,41st Seoul Dance Festival,invalid_event_end_date
ENP035571,035571,2020 Seokchon Lake Foliage Fesitval,invalid_event_end_date
ENP035377,035377,2020 Asia Dance Festival,invalid_event_end_date
ENP035370,035370,2020 Insadong Culture Festival,invalid_event_end_date
ENP035308,035308,2020 Nowpan Festival,invalid_event_end_date
ENP035053,035053,The 8th Hanyangdoseong Culture Festival,invalid_event_end_date
ENP035056,035056,Royal Culture Festival 2020,invalid_event_end_date
ENP035057,035057,Korea Traditional Performing Arts Festival 2020,invalid_event_end_date
ENP035034,035034,Seoul Youth Theater Festival,invalid_event_end_date
ENP034832,034832,Jump Guro & Asia Culture Festival in Guro 2020,invalid_event_end_date
ENP034727,034727,2020 Seoul Drum Festival,invalid_event_end_date
ENP034593,034593,Seoul Beer Festival,invalid_event_end_date
ENP034591,034591,Seodaemun Independence Democracy Festival,invalid_event_end_date
ENP034312,034312,The 17th Seoul International Food & Tableware Festival 2020,invalid_event_end_date
ENP033051,033051,2020 Sevit Illumination Light Festival,invalid_event_end_date
ENP032735,032735,ASSITEJ Korea Winter Festival 2020,invalid_event_end_date
ENP032846,032846,Haneul Park Sunrise Festival 2020,invalid_event_end_date
ENP032840,032840,Achasan Sunrise Festival 2020,invalid_event_end_date
ENP032659,032659,17th Seoul Creative Festival,invalid_event_end_date
ENP032423,032423,DDP Light & Winter Festa,invalid_event_end_date
ENP032279,032279,Seoul Light,invalid_event_end_date
ENP041939,041939,Seoul Beauty Travel Week,invalid_event_end_date
ENP041733,041733,2022 Seoul Beauty Week,invalid_event_end_date
ENP041732,041732,Seoul Design 2022,invalid_event_end_date
ENP040455,040455,11th Annual World Coffee Leaders Forum,invalid_event_end_date
ENP040454,040454,21st Annual Seoul Cafe Show,invalid_event_end_date
ENP037592,037592,Moonlight Walk at Changdeokgung Palace 2021,invalid_event_end_date
ENP036287,036287,K-Mas Live Market,invalid_event_end_date
ENP035914,035914,2020 Korea Dance Awards & Dance Night,invalid_event_end_date
ENP035379,035379,2020 Seoul Cafe Show,invalid_event_end_date
ENPi7ar6v,i7ar6v,"Touch Me Tell, A Children's Exhibition at Seoul Museum of Art by Melanie Bonajo",invalid_event_end_date
ENP4i105w,4i105w,Reflective Space: Void Towards The Realm of The Mind,invalid_event_end_date
ENPlim9ah,lim9ah,[S-TCEP] Bag & Shoes Loved by Celebrities,invalid_event_end_date
ENP12kduj,12kduj,[S-TCEP] National Geographic Photo Exhibition: Photo Ark,invalid_event_end_date
ENP3e60eb,3e60eb,"[S-TCEP] Hello, Creators! Seoul Design Incubating Center & Exhibition",invalid_event_end_date
ENPg939wm,g939wm,[S-TCEP] Jin Dallae & Park Woohyuk: Cosmos,invalid_event_end_date
ENPuucrur,uucrur,[S-TCEP] DDP Things Exhibition VOL. 1: TELE+VISION Memories of the Future,invalid_event_end_date
ENPhonaqg,honaqg,[S-TCEP] Circulation of Placeness: Media Artist Exhibition,invalid_event_end_date
ENPqljohs,qljohs,[S-TCEP] DDP Design Archive KSVD: 1972-1993,invalid_event_end_date
ENPk84x00,k84x00,I Like It,invalid_event_end_date
ENP040581,040581,POETIC AI,invalid_event_end_date
ENP040579,040579,The Color Spot: Dreams' Nature,invalid_event_end_date
ENP040569,040569,SongEun Art and Cultural Foundation Exhibition Past. Present. Future,invalid_event_end_date
ENP040427,040427,The 21st Songeun Art Award Exhibition,invalid_event_end_date
ENP040295,040295,INSTANT DETECTION,invalid_event_end_date
ENP040285,040285,Ai Weiwei : Defend the Future,invalid_event_end_date
ENP040284,040284,"Shark, Bite the New World",invalid_event_end_date
ENP040283,040283,Accidentally Wes Anderson : Discover Adventure Everywhere Around You,invalid_event_end_date
ENP040210,040210,Forest of Falling Poetry,invalid_event_end_date
ENP039903,039903,"Obsidian, roll over and over",invalid_event_end_date
ENP039864,039864,Maya: Sacred City – Tak’alik Ab’a,invalid_event_end_date
ENP039901,039901,West Gate of Seoul: Sold for Pennies,invalid_event_end_date
ENP039867,039867,Fashion and Seoul 1945-2020,invalid_event_end_date
ENP039735,039735,Flowers on the Border,invalid_event_end_date
ENP039307,039307,dreamer.3:45am,invalid_event_end_date
ENP039103,039103,The 11th Seoul Media City Biennale: Escape Day After Day,invalid_event_end_date
ENP039101,039101,2021 Seoullo Media Canvas 3rd Exhibition,invalid_event_end_date
ENP038781,038781,Dreaming of Normal Again,invalid_event_end_date
ENP038467,038467,Piknic Gardening,invalid_event_end_date
ENP038455,038455,Movement Making Movement,invalid_event_end_date
ENP038454,038454,MMCA Lee Kun-hee Collection: Masterpieces of Korean Art,invalid_event_end_date
ENP038443,038443,Moomin Original: Moomin 75th Anniversary Special Exhibition,invalid_event_end_date
ENP038435,038435,BVLGARI Colors Exhibition,invalid_event_end_date
ENP038441,038441,Jane Jin Kaisen: Community of Parting,invalid_event_end_date
ENP038202,038202,Whashin Department Store: Jongno's Old Landmark,invalid_event_end_date
ENP038110,038110,Blue Room,invalid_event_end_date
ENP038107,038107,Photographs by Yosigo: Holiday Memories,invalid_event_end_date
ENP038094,038094,Heritage of Seoul's Traditional Crafts,invalid_event_end_date
ENP038093,038093,"Craft, Moving Beyond Time and Boundaries",invalid_event_end_date
ENP038074,038074,Chung Sang Hwa,invalid_event_end_date
ENP038071,038071,Homin and Jaehwan,invalid_event_end_date
ENP038069,038069,Seoullo Aquatic Botanical Garden,invalid_event_end_date
ENP038067,038067,Face to Face,invalid_event_end_date
ENP038051,038051,Hello Peony,invalid_event_end_date
ENP038050,038050,Flexible Imagination,invalid_event_end_date
ENP038047,038047,Solid City,invalid_event_end_date
ENP037903,037903,Hwan Young Illusion: Between Reality and Fantasy,invalid_event_end_date
ENP037956,037956,Marcello Barenghi Exhibition,invalid_event_end_date
ENP037899,037899,The Beatles by Robert Whitaker,invalid_event_end_date
ENP037902,037902,Picasso's 140th Birthday Special Exhibition,invalid_event_end_date
ENP037823,037823,[BTS X JAMES JEAN] SEVEN PHASES,invalid_event_end_date
ENP037866,037866,Seoul Illustration Fair,invalid_event_end_date
ENP037865,037865,Gwangtonggyo: The Capital's Primary Bridge,invalid_event_end_date
ENP037833,037833,"Gyeongchun Line, Membership Training Memories",invalid_event_end_date
ENP037824,037824,William Wegman: Being Human,invalid_event_end_date
ENP037794,037794,Secrets of Wooden Puppets - Czech Marionettes,invalid_event_end_date
ENP037795,037795,"Sand Island, Airfield, Building Forest in Yeouido",invalid_event_end_date
ENP037695,037695,Homo Sapiens: Evolution ∞ Relationships & Future,invalid_event_end_date
ENP037686,037686,Icons and Identities [from National Portrait Gallery],invalid_event_end_date
ENP037540,037540,Records of Hanyangdoseong Engraved on Stone,invalid_event_end_date
ENP037607,037607,Flowers by Naked,invalid_event_end_date
ENP037603,037603,"Max Dalton, Moments in Film",invalid_event_end_date
ENP037595,037595,Life Exhibition: The Last Print,invalid_event_end_date
ENP037379,037379,The Forties: Alluring Moments,invalid_event_end_date
ENP037376,037376,Andy Warhol: Beginning Seoul,invalid_event_end_date
ENP037377,037377,Layered Time Exhibition,invalid_event_end_date
ENP037375,037375,Day Travel,invalid_event_end_date
ENP037380,037380,Artist Prologue 2021,invalid_event_end_date
ENP037199,037199,A Climate Crisis Come,invalid_event_end_date
ENP037041,037041,Street Noise,invalid_event_end_date
ENP036958,036958,TeamLab: Life,invalid_event_end_date
ENP036938,036938,"Meak: Soul, Elements & Sound",invalid_event_end_date
ENP036917,036917,2021 CRE8TIVE REPORT,invalid_event_end_date
ENP036913,036913,"Hullo Hullo, Following on: Rose Wylie",invalid_event_end_date
ENP036881,036881,2021 Delight Seoul,invalid_event_end_date
ENP036854,036854,2021 Doosan Art Lab,invalid_event_end_date
ENP036826,036826,Yudam Solo Exhibition: What I Felt,invalid_event_end_date
ENP036811,036811,Ocragela: Sustainable Design,invalid_event_end_date
ENP036784,036784,Shooting the Pulitzer,invalid_event_end_date
ENP036600,036600,On Guard in Hanyang,invalid_event_end_date
ENP036050,036050,The Moment of Gi-eok,invalid_event_end_date
ENP036046,036046,The Abstract with Mr. Kandinsky,invalid_event_end_date
ENP035744,035744,OCI Museum of Art 10th Anniversary,invalid_event_end_date
ENP035451,035451,Day Travel,invalid_event_end_date
ENP034908,034908,Breath of Earth,invalid_event_end_date
ENP034906,034906,The Other Side of Landscape,invalid_event_end_date
ENP034905,034905,The Radio Our Family Listened To - 1978,invalid_event_end_date
ENP034783,034783,Between Dreamy and Dreary,invalid_event_end_date
ENP034781,034781,Rise Up Rim Dong Sik,invalid_event_end_date
ENP034780,034780,This Event,invalid_event_end_date
ENP034769,034769,A Distance from Where I Stand,invalid_event_end_date
ENP034768,034768,An Exhibition for Everyone: Things that Remain Unchanged,invalid_event_end_date
ENP034456,034456,Goods For You,invalid_event_end_date
ENP034313,034313,My Name is Green,invalid_event_end_date
ENP034311,034311,Monet to Cezanne,invalid_event_end_date
ENP034176,034176,Gentlemen's Hat Shop in the Joseon Dynasty,invalid_event_end_date
ENP81fkn2,81fkn2,Deoksugung Palace Seoul Royal Guard Changing Ceremony,invalid_event_end_date
ENPocnv9w,ocnv9w,2026 Yeowoorak Festival,invalid_event_end_date
ENPbdsd1n,bdsd1n,2026 Sungnyemun Gate Guard Ceremony,invalid_event_end_date
ENP4p11lw,4p11lw,Local Trip Gourmet Pop-UP,invalid_event_end_date
ENPhhpmd3,hhpmd3,2026 Namsan Summer Festival,invalid_event_end_date
ENPzqncck,zqncck,2026 Donhwamun Traditional Culture Festa,invalid_event_end_date
ENP9byb55,9byb55,GAME AiCON Seoul 2026,invalid_event_end_date
ENPif3oia,if3oia,2026 Seoul Tourism Food Festival (Picnic on the Bridge),invalid_event_end_date
ENP8s9qmk,8s9qmk,2026 N Seoul Tower Global Night Walk,invalid_event_end_date
ENPd5mmfg,d5mmfg,2026 Seoul Taekwondo Performance,invalid_event_end_date
ENPcrjas7,crjas7,Pokemon Secret Forest,invalid_event_end_date
ENPgldnt3,gldnt3,2026 The 18th Jungnang Seoul Rose Festival,invalid_event_end_date
ENPtliyds,tliyds,2026 Central Asia Spring Festival,invalid_event_end_date
ENPoj0mnj,oj0mnj,2026 Changdeokgung Moonlight Tour,invalid_event_end_date
ENP3odb31,3odb31,2026 The 3rd Garak Mall National Bakery Pride,invalid_event_end_date
ENPljv9ur,ljv9ur,Seoul Illustration Fair V.21,invalid_event_end_date
ENP21bumo,21bumo,Hangang Peulpeul Adventure,invalid_event_end_date
ENP47mbp7,47mbp7,2026 Seoul International Garden Show,invalid_event_end_date
ENPo2z8p6,o2z8p6,DDP Children's Design Festival : DDP Land,invalid_event_end_date
ENPvro3vg,vro3vg,2026 Seoul Outdoor Library,invalid_event_end_date
ENPw5jg9e,w5jg9e,2026 Namsangol Traditional Experience : Artist's Time,invalid_event_end_date
ENPdbivac,dbivac,The 3rd MY PACE Hangang Triathlon Festival,invalid_event_end_date
ENPziwyow,ziwyow,2026 Seoul World City Culture Festival,invalid_event_end_date
ENP24j3ps,24j3ps,2026 Lotus Lantern Festival (Yeondeunghoe),invalid_event_end_date
ENPuh1x78,uh1x78,Seoul Spring Festival 2026,invalid_event_end_date
ENPcfxsrm,cfxsrm,2026 MY PACE MORNING,invalid_event_end_date
ENPmrj46s,mrj46s,Seoul Light DDP 2025 Winter,invalid_event_end_date
ENPuf5jqb,uf5jqb,2025-2026 Seoul Plaza Ice Skating Rink,invalid_event_end_date
ENPjiue7j,jiue7j,K-BRAND GLOW FACTORY,invalid_event_end_date
ENPl2d30r,l2d30r,2025 Gangnam Media Winter Festa,invalid_event_end_date
ENP91xruo,91xruo,K-Pop Festival Night,invalid_event_end_date
ENPublb1r,ublb1r,K-Pop Demon Hunters Seoul Official Pop-up,invalid_event_end_date
ENP5p75y1,5p75y1,2025 BUKCHON HUNTERS TOUR,invalid_event_end_date
ENPel0vjp,el0vjp,Seoul Hiking Week 2025,invalid_event_end_date
ENP90yndo,90yndo,2025 SEOUL MUSIC FESTIVAL,invalid_event_end_date
ENPe517qj,e517qj,SEOUL TOUR MARBLE,invalid_event_end_date
ENPlyiwjs,lyiwjs,2025 Gwanghwamun Market,invalid_event_end_date
ENP5bs8hr,5bs8hr,2025 Seoul Lantern Festival,invalid_event_end_date
ENPi27lxi,i27lxi,2025 Korean Rhythm Festival <Jangdan Yuhee>,invalid_event_end_date
ENPju3txc,ju3txc,Ddong-Kkang-Aji Mejoo Pop-up Store <Mejoo’s Front Yard Farm>,invalid_event_end_date
ENPxzfzdq,xzfzdq,Seoul Design Week x Seoul Design Festival – SEOUL DESIGN SPOT,invalid_event_end_date
ENPabat1g,abat1g,2025 Seoul Beauty Travel Week,invalid_event_end_date
ENPd4iz7q,d4iz7q,Visit Seoul Club,invalid_event_end_date
ENPo8zg3e,o8zg3e,2025 Seoul Light: Hangang Bitseom Festival,invalid_event_end_date
ENPowahwd,owahwd,2025 Seoul Autumn Festa Opening Performance,invalid_event_end_date
ENP7oh7m6,7oh7m6,Seoul Street Arts Festival 2025,invalid_event_end_date
ENPiypjiu,iypjiu,2025 Seoul International Fireworks Festival,invalid_event_end_date
ENP7dhgbq,7dhgbq,DDP Autumn Festival: Design Lounge,invalid_event_end_date
ENPwouw6k,wouw6k,The 2nd Garak Oktoberfest Gourmet Night,invalid_event_end_date
ENPupk10b,upk10b,2025 Seoul Fashion Festa,invalid_event_end_date
ENPli8otb,li8otb,Seoul Blossom,invalid_event_end_date
ENP5buaxv,5buaxv,2025 Seoul Hunters Festival,invalid_event_end_date
ENP7o2zqn,7o2zqn,Global Art & Tech Festival: FuturaCanvas 2025,invalid_event_end_date
ENPm9xt2z,m9xt2z,2025 SEOUL EXTREME SPORTS FESTIVAL,invalid_event_end_date
ENPrgdodv,rgdodv,Local Trip Thu-Fri-Sat,invalid_event_end_date
ENPpw022t,pw022t,2025 Cheonho Bicycle Street Autumn Breeze Riding Challenge,invalid_event_end_date
ENPmq7d4n,mq7d4n,Welcome All Itaewon : On-Stage,invalid_event_end_date
ENP9rin2d,9rin2d,2025 Everyone’s Sejong Summer Festival,invalid_event_end_date
ENPuxr3lm,uxr3lm,2025 Chemi Street Pop-up,invalid_event_end_date
ENP5cs9sl,5cs9sl,Namsangol Traditional wedding event : Enduring Love <Baeknyeonhaero>,invalid_event_end_date
ENPqugxsa,qugxsa,Literature Week 2025  : Help-Reach Out,invalid_event_end_date
ENP18eliy,18eliy,DDP Architecture Tour,invalid_event_end_date
ENP8x43k3,8x43k3,Seoul Light DDP 2025 Summer,invalid_event_end_date
ENP6i1745,6i1745,DDP Summer Festival: Design Holiday,invalid_event_end_date
ENPjyzo8y,jyzo8y,22nd Experimental Film & Video Festival in Seoul EXIS 2025,invalid_event_end_date
ENPp76rr1,p76rr1,Seoul Outdoor Library: Clear Stream for Reading,invalid_event_end_date
ENPb3jzj8,b3jzj8,2025 Seoul Summer Beach,invalid_event_end_date
ENPsi8g44,si8g44,2025 Seoul International Writers’ Festival <More Than What Meets the Eye (   )>,invalid_event_end_date
ENP5up1as,5up1as,2025 K-Content Seoul Travel Week : Find the Soul Spot,invalid_event_end_date
ENPwku0fa,wku0fa,2025 Andong Maskdance Festival,invalid_event_end_date
ENPcxbf7c,cxbf7c,28th Boryeong Mud Festival,invalid_event_end_date
ENP1hx4ns,1hx4ns,18th World Taekwondo Culture Expo,invalid_event_end_date
ENPwo6zsy,wo6zsy,2025 Seoul International Garden Show,invalid_event_end_date
ENPwna114,wna114,Garak Mall Outdoor Library Garak Seoga,invalid_event_end_date
ENPs42gr9,s42gr9,Garak Mall Outdoor Concert Garak Table Concert,invalid_event_end_date
ENPdrtub1,drtub1,Pungnap Sculpture Festival,invalid_event_end_date
ENPbmsovc,bmsovc,Seoul Gugak Festival,invalid_event_end_date
ENPw9m49o,w9m49o,2025  Traditional Wedding Reenactment,invalid_event_end_date
ENP7mh35y,7mh35y,2025 Seoul Tourism Food Festival (Picnic on the Bridge),invalid_event_end_date
ENPt7q4fa,t7q4fa,Seoul Summer Vibe,invalid_event_end_date
ENP67bnxw,67bnxw,K-Fashion & Beauty Coaching Station,invalid_event_end_date
ENPvfdcgs,vfdcgs,2025 Seoul Taekwondo Performance,invalid_event_end_date
ENP2l80dq,2l80dq,Seoul Friendship Festival 2025,invalid_event_end_date
ENPperudz,perudz,2025 SEOUL SPRING FESTA,invalid_event_end_date
ENPeqs95r,eqs95r,URBAN BREAK 2025,invalid_event_end_date
ENPvvwvnl,vvwvnl,2025 Seoul Botanic Park Heabom Festival,invalid_event_end_date
ENPvks6fk,vks6fk,2nd National Bread Pride Festival,invalid_event_end_date
ENPosw1ub,osw1ub,Hangang Night View Tour,invalid_event_end_date
ENPvaxs41,vaxs41,DDP Spring Festival - Design Theme Park,invalid_event_end_date
ENPh9mvb4,h9mvb4,2025 Culture-flowing Nodeul Art Island <Nodeul Sunset Stage: K-Beat on a Spring Day>,invalid_event_end_date
ENPt9arya,t9arya,2025 Hangang Drone Light Show,invalid_event_end_date
ENPi94zwj,i94zwj,2025 Yeongdeungpo Yeouido Spring Flower Festival,invalid_event_end_date
ENPvw7jhb,vw7jhb,2025 Yangjaecheon Cherry Blossom Lantern Festival,invalid_event_end_date
ENPgo8tq8,go8tq8,Seoul Garden Festa,invalid_event_end_date
ENPwray9z,wray9z,The 7th Korea International Beer Expo (KIBEX 2025),invalid_event_end_date
ENPj691jr,j691jr,2025 Cheonho Bicycle Street Cherry Blossom Riding Challenge,invalid_event_end_date
ENPqxfa1a,qxfa1a,2025 Seoul AI Festa,invalid_event_end_date
ENP1x90yb,1x90yb,The 2ND MY PACE Hangang Triathlon Festival,invalid_event_end_date
ENP0f1okn,0f1okn,2024 Seoul Plaza Ice Skating Rink,invalid_event_end_date
ENPxn55dm,xn55dm,Gwanak Starlight Walk,invalid_event_end_date
ENPa6e8w5,a6e8w5,2024 Christmas Wonderful Showtime,invalid_event_end_date
ENPo90hvw,o90hvw,2024 DDP Design Market,invalid_event_end_date
ENPjcupa6,jcupa6,2024 The Winter Solstice Festival <Dongji Seotdal>,invalid_event_end_date
ENP6mjk9h,6mjk9h,K-BEAUTY 100-UP Pop-up store,invalid_event_end_date
ENPxcm3vg,xcm3vg,2024 Hangang River Festival WINTER,invalid_event_end_date
ENPza8zf4,za8zf4,Seoul Light Gwanghwamun,invalid_event_end_date
ENP8hdw8f,8hdw8f,Seoul Light DDP 2024 Winter,invalid_event_end_date
ENPhoqolx,hoqolx,'K-POP & FOOD' TOUR in SINCHON,invalid_event_end_date
ENPbxy1hw,bxy1hw,Lotte World Happy Christmas Parade,invalid_event_end_date
ENPuakjav,uakjav,Burning Beaver 2024,invalid_event_end_date
ENPnjhfip,njhfip,"Yesterday's Stories, Today's Sounds, Tomorrow's Memories",invalid_event_end_date
ENPurjpne,urjpne,2024 SEOUL WINTERFESTA,invalid_event_end_date
ENPlvxzu1,lvxzu1,'K-POP & FOOD' TOUR in SINCHON,invalid_event_end_date
ENP8r2f0m,8r2f0m,2024 Seoul Lantern Festival,invalid_event_end_date
ENPx9le3r,x9le3r,2024 Gwanghwamun Market,invalid_event_end_date
ENPszqghv,szqghv,2024 Seoul Gourmet Week,invalid_event_end_date
ENPxltb2s,xltb2s,Autumn and Winter of the lake and the Luminaries,invalid_event_end_date
ENP8434up,8434up,Baek Inje's House “Bukchon Music Concert – Abstraction”,invalid_event_end_date
ENPp015xr,p015xr,Shinsegae Department Store 2024 Christmas Lights,invalid_event_end_date
ENP540sb3,540sb3,Garak Oktoberfest Camping Festival,invalid_event_end_date
ENP3ntu1y,3ntu1y,SEOUL LIFESTYLE TOUR TREND SETTER WEEK,invalid_event_end_date
ENPj42m2g,j42m2g,2024 Seoul Light Hangang Bitseom Festival,invalid_event_end_date
ENPd4djgn,d4djgn,2024 Seoul Performing Arts Festival,invalid_event_end_date
ENP9bayx0,9bayx0,Smart Life Week (SLW),invalid_event_end_date
ENPwkpe4p,wkpe4p,2024 Seoul International Fireworks Festival,invalid_event_end_date
ENP7uoiws,7uoiws,2024 Seoul Battleship Festival: Fall Edition,invalid_event_end_date
ENPzk2gs0,zk2gs0,2024 Hangang River Paper Airplane Festival,invalid_event_end_date
ENPyd76o6,yd76o6,Hangawi Festival,invalid_event_end_date
ENP4w6gle,4w6gle,2024 Unhyeongung Chuseok Folk Festival,invalid_event_end_date
ENPf4csis,f4csis,2024 Reading at Hangang Park,invalid_event_end_date
ENPouzrxk,ouzrxk,2024 Namsangol Wedding Banquet: Autumn Edition,invalid_event_end_date
ENPi1d597,i1d597,2024 Namsangol Chuseok Festival: Sam Sam O Rak,invalid_event_end_date
ENPughngc,ughngc,2024 Changdeokgung Palace Moonlight Tour,invalid_event_end_date
ENP0ix3cs,0ix3cs,"See the Music, Hear the Science",invalid_event_end_date
ENP34zv8u,34zv8u,SEOUL BEAUTY TRAVEL WEEK 2024,invalid_event_end_date
ENPug150d,ug150d,2024 ZERO+ Ttukseom Sharing Market,invalid_event_end_date
ENP668j32,668j32,Kiaf SEOUL 2024,invalid_event_end_date
ENP2pvupp,2pvupp,DDP Design & Art,invalid_event_end_date
ENP9cyuk4,9cyuk4,2024 6th Seoul Gugak Festival,invalid_event_end_date
ENP6veyy2,6veyy2,2024 Seoul International Jewelry & Accessory Show,invalid_event_end_date
ENPqsxdzp,qsxdzp,Global Art & Tech Festival FuturaCanvas #0,invalid_event_end_date
ENPq3vy8l,q3vy8l,2024 Night of the Royal Guard,invalid_event_end_date
ENP09c5od,09c5od,Seoul Light DDP 2024 Autumn “Future Log”,invalid_event_end_date
ENPlggwoh,lggwoh,Artworks in the Enchanted Garden: A Garden of Art Unfolds with Urban Sketching,invalid_event_end_date
ENPe11y5c,e11y5c,Culture Flows at Seoul Plaza,invalid_event_end_date
ENPrz1ia1,rz1ia1,2024 Seoul Busker Festival,invalid_event_end_date
ENPr3z23y,r3z23y,Literature Week 2024: Spin-Off,invalid_event_end_date
ENPm3o5t9,m3o5t9,2024 Seodaemun Independence Festival,invalid_event_end_date
ENPokabjm,okabjm,Busking All Around Seoul,invalid_event_end_date
ENPvvk5xk,vvk5xk,2024 Sinchon World Youth Festival (SWYFT),invalid_event_end_date
ENP34w5l3,34w5l3,Namsan Beacon Mound Lighting Ceremony and Traditional Cultural Events,invalid_event_end_date
ENPt9sp7g,t9sp7g,2024 Seoul Summer Beach,invalid_event_end_date
ENPy0v1xv,y0v1xv,K-Food Festival Knock Knock,invalid_event_end_date
ENPmplk7i,mplk7i,DDP Summer Festival: Design Vibe,invalid_event_end_date
ENP7t6vhu,7t6vhu,Seoul Outdoor Library: Reading by the Clear Stream,invalid_event_end_date
ENP2ibx5g,2ibx5g,Seoul Outdoor Library: Gwanghwamun Book Square,invalid_event_end_date
ENPx6r366,x6r366,Seoul Outdoor Library: Book Reading Seoul Plaza,invalid_event_end_date
ENP55wi0c,55wi0c,ASYAAF,invalid_event_end_date
ENPl388rc,l388rc,2024 Hangang Festival,invalid_event_end_date
ENP79fs02,79fs02,The 21st Seoul International Experimental Film Festival EXiS2024,invalid_event_end_date
ENPfa8ilz,fa8ilz,Opening of the 2024 Hangang Swimming Pools and Water Playgrounds,invalid_event_end_date
ENPh2y3bi,h2y3bi,Seoul Fringe Festival 2024,invalid_event_end_date
ENPtl0733,tl0733,2024 Midsummer Science Museum,invalid_event_end_date
ENP2u2r2h,2u2r2h,Hangang River Silent Disco DJ Party,invalid_event_end_date
ENP3lfvr5,3lfvr5,K-Food Festa in Seoul 2024,invalid_event_end_date
ENPkyfuzd,kyfuzd,Namsan Gugak Night,invalid_event_end_date
ENP7gsazt,7gsazt,Hangang River History Tours,invalid_event_end_date
ENPyanjke,yanjke,2024 Chamber Music Festival,invalid_event_end_date
ENP2wsdrm,2wsdrm,2024 Namsangol Hanok Village Taekwondo Performance,invalid_event_end_date
ENP4i0vkb,4i0vkb,2024 Seoul International Book Fair,invalid_event_end_date
ENPir0xf7,ir0xf7,2024 Maker Faire Seoul,invalid_event_end_date
ENPcpqr6v,cpqr6v,Weekly Classic Festival,invalid_event_end_date
ENPojy0pl,ojy0pl,Seoul K-Family Festival,invalid_event_end_date
ENP5e2vd2,5e2vd2,2024 France Street Music Festival,invalid_event_end_date
ENPzmyq0x,zmyq0x,ASSITEJ International Summer Festival,invalid_event_end_date
ENPogtmed,ogtmed,2024 Board Game Con,invalid_event_end_date
ENP75wu2z,75wu2z,Seoul International Writers' Festival <Particles & Waves>,invalid_event_end_date
ENPhtd8nm,htd8nm,2024 Seoul Food Distribution Expo,invalid_event_end_date
ENPfq3jd6,fq3jd6,2024 Organic Day,invalid_event_end_date
ENP97iwrz,97iwrz,Seoul International Garden Show 2024,invalid_event_end_date
ENPak7n80,ak7n80,2024 Jeongdong Culture Night,invalid_event_end_date
ENPjmzriz,jmzriz,2024 Seoul Drum Festival,invalid_event_end_date
ENPuaffrd,uaffrd,2024 Picnic with Central Asia,invalid_event_end_date
ENP2edonl,2edonl,Jungnang Seoul Rose Festival,invalid_event_end_date
ENP41j6yy,41j6yy,B.DANCE SEOUL Festival(Free Entry),invalid_event_end_date
ENPwkfim8,wkfim8,SEOUL FESTA 2024,invalid_event_end_date
ENP9rq48q,9rq48q,Seoul Science Center 2024 Science Festival,invalid_event_end_date
ENPuxl99i,uxl99i,The 10th Korea Festival & Travel Expo (K-Festival 2024),invalid_event_end_date
ENP6gju6o,6gju6o,DDP Spring Festival: Design Zoo,invalid_event_end_date
ENP69sepr,69sepr,Donhwamun Music Theater Festival,invalid_event_end_date
ENPzdxr30,zdxr30,BLOSSOM TOWER,invalid_event_end_date
ENP2k22mv,2k22mv,[Dongdaemun Foundation for Arts and Culture] 2024 45th Seonnongdaeje Festival,invalid_event_end_date
ENP6bkw6e,6bkw6e,2024 Gyeongbokgung Starlight Tour,invalid_event_end_date
ENP20wj5b,20wj5b,Library Day. Library Week.,invalid_event_end_date
ENPm4anqb,m4anqb,Changdeokgung Palace Moonlight Tour,invalid_event_end_date
ENPbilbir,bilbir,2024 Spring K-Royal Culture Festival,invalid_event_end_date
ENPi72wli,i72wli,2024 Seoul Spring Festival of Chamber Music,invalid_event_end_date
ENP9ecocj,9ecocj,2024 Naru Street Dance Festival,invalid_event_end_date
ENPm679in,m679in,Bulgwangcheon Stream Cherry Blossom Festival ‘Spring of Eunpyeong’,invalid_event_end_date
ENPeyonkp,eyonkp,Yangjae Art Salon,invalid_event_end_date
ENPaqoik3,aqoik3,2024 Seoul Grand Park Cherry Blossom Festival,invalid_event_end_date
ENPy4azfk,y4azfk,"2024 Seodaemun Spring Light Festival: ""Encounter Spring in Seodaemun""",invalid_event_end_date
ENPfm6ot9,fm6ot9,Move Salon Season 3 Cherry Blossom Dining,invalid_event_end_date
ENP6zaf2d,6zaf2d,Seoul Winta (Seoul Winter Festa) 2023,invalid_event_end_date
ENP4djkt0,4djkt0,2023 Light Festa in Songhyeon,invalid_event_end_date
ENPihn82t,ihn82t,DDP Winter Festival,invalid_event_end_date
ENP9a13z1,9a13z1,"Softwave 2023, The Republic of Korea Software Exhibition",invalid_event_end_date
ENPwhbxuu,whbxuu,Seoul LIGHT DDP WINTER 2023,invalid_event_end_date
ENPyengwf,yengwf,The 22nd Seoul Int’l Cafe Show,invalid_event_end_date
ENP4055ea,4055ea,[Seoul Science Center] 2023 Science and Culture Day: Monthly Nocturnal,invalid_event_end_date
ENP0862n6,0862n6,Korean Traditional Wedding Performance and Events,invalid_event_end_date
ENPs5w668,s5w668,2023 Jeong-dong Culture Night,invalid_event_end_date
ENPp6q6zb,p6q6zb,Seoul Downtown Hiking Tourism Center's Traditional Games Event in Celebration of Chuseok,invalid_event_end_date
ENP0zndmn,0zndmn,2023 Seoul Wellness Week-Find your wellness,invalid_event_end_date
ENPafmxzm,afmxzm,2023 King Jeongjo’s Royal Parade,invalid_event_end_date
ENPbdorfj,bdorfj,2023 Myeong-dong Beer Festival,invalid_event_end_date
ENPu6nuxw,u6nuxw,SEOUL BEAUTY TRAVEL WEEK 2023,invalid_event_end_date
ENP4ihthd,4ihthd,2023 Welcome Daehakro Festival,invalid_event_end_date
ENPjgo716,jgo716,2023 Seoul International Music Festival ‘Romanticism’,invalid_event_end_date
ENP0lau68,0lau68,2023 Hangang River Light Show (Drone Light Show),invalid_event_end_date
ENP3r44bo,3r44bo,2023 Maker Fair Seoul,invalid_event_end_date
ENP999nht,999nht,Taste of Seoul 2023,invalid_event_end_date
ENPv2hlgq,v2hlgq,2023 Namsan NIGHT WALK,invalid_event_end_date
ENPnm6ln1,nm6ln1,Korea-Japan Festival 2023 in Seoul,invalid_event_end_date
ENPhu1p9x,hu1p9x,The bell-ringing ceremony in celebration of the 78th Gwangbokjeol,invalid_event_end_date
ENP6qxf92,6qxf92,InterCHARM Korea 2023,invalid_event_end_date
ENPbu6jmp,bu6jmp,2023 Hangang River Festival _Summer,invalid_event_end_date
ENPuuwd7b,uuwd7b,2023 Antiques & Art Fair,invalid_event_end_date
ENPgh3zcm,gh3zcm,2023 SEOUL SUMMER BEACH,invalid_event_end_date
ENPscyp2t,scyp2t,Sports IN Art Station - Conquer the Summer with K-pop!,invalid_event_end_date
ENPg3spq1,g3spq1,Sports IN Art Station - B-Boys Summer BREAKING!,invalid_event_end_date
ENPfdipes,fdipes,K-PET FAIR 2023(COEX),invalid_event_end_date
ENPd4b9rs,d4b9rs,2023 Water Gun Festival,invalid_event_end_date
ENPn1nhc4,n1nhc4,"Seoul International Writers' Festival, Crossing the Bridge of Language",invalid_event_end_date
ENPmkswy0,mkswy0,2023 Seoul Philharmonic Orchestra Riverside Concert,invalid_event_end_date
ENPqu0isp,qu0isp,Seoul in Purple – BTS 10th Anniversary FESTA with Seoul,invalid_event_end_date
ENPfsaf5d,fsaf5d,2023 Seoul B-Boy Festival,invalid_event_end_date
ENPpfo1tq,pfo1tq,Hangang Moonlight Market,invalid_event_end_date
ENP7lnu4q,7lnu4q,2023 Mom and Dad's Happiness Project Korean Gukak Class: Namsan Yulbang,invalid_event_end_date
ENPvescrj,vescrj,Seoul Rose Festival,invalid_event_end_date
ENPvv2ijx,vv2ijx,"Yeon Deung Hoe, The Lotus Lantern Festival",invalid_event_end_date
ENP6d6fpt,6d6fpt,2023 Gyeongbokgung Palace Saenggwabang - A special time at Gyeongbokgung Palace,invalid_event_end_date
ENP5gd6qo,5gd6qo,The 30th Seoul Dessert Fair [Choco & Banana],invalid_event_end_date
ENPady6nu,ady6nu,Changdeokgung Palace Moonlight Tour,invalid_event_end_date
ENPm4wwtb,m4wwtb,Gyeongbokgung Palace Night Tour,invalid_event_end_date
ENP45cpn8,45cpn8,Seokjojeon Hall at Night,invalid_event_end_date
ENPe44ws3,e44ws3,2023 K-Royal Culture Festival,invalid_event_end_date
ENP7vjdwh,7vjdwh,The 29th Seoul Dessert Fair [Cherry Blossom & Strawberry],invalid_event_end_date
ENPgol6m9,gol6m9,2023 Namsan Sori Festival,invalid_event_end_date
ENP7y1k7s,7y1k7s,Seoul Drum Festival 2023,invalid_event_end_date
ENPj1x46v,j1x46v,Seoul Drum Festival 2023,invalid_event_end_date
ENP88upuz,88upuz,Seoul Festa 2023,invalid_event_end_date
ENPpclfxn,pclfxn,C.at Work Festa,invalid_event_end_date
ENP032221,032221,Collector's Room : Special Exhibition,invalid_event_end_date
ENP032196,032196,Cheonggye Plogging,invalid_event_end_date
ENP032137,032137,Seoul Illustration Fair vol. 8,invalid_event_end_date
ENP032126,032126,Build Your Seoul AR Wish Wall,invalid_event_end_date
ENP032091,032091,Seoul Kimchi Festival 2019,invalid_event_end_date
ENP031819,031819,360˚ Real Love Story : Seoullo 7017 Event,invalid_event_end_date
ENP031916,031916,Seoul International Buddhism Expo 2019,invalid_event_end_date
ENP031895,031895,Seoul Silver Grass Festival 2019,invalid_event_end_date
ENP031878,031878,Jeongdong Culture Night 2019,invalid_event_end_date
ENP031873,031873,Maker Faire Seoul 2019,invalid_event_end_date
ENP031866,031866,The Trend of North Korean Play,invalid_event_end_date
ENP031839,031839,Seoul Tourism Awards 2019,invalid_event_end_date
ENP031837,031837,Seoul Fashion Week S/S 2020,invalid_event_end_date
ENP031818,031818,"My One More Trip, My Experience- Picture Contents Event",invalid_event_end_date
ENP031825,031825,16th Cactus Festival,invalid_event_end_date
ENP031753,031753,"Korea in 1908 Through the eyes of a Hungarian Medical Doctor, Dezső Bozóky : Lobby Exhibition",invalid_event_end_date
ENP031741,031741,Seoul Guided Walking Tour New Course Open Event,invalid_event_end_date
ENP031608,031608,Korean Royal Court and Nobility Cuisine Festival 2019,invalid_event_end_date
ENP031643,031643,October : Seoul History and Culture Month,invalid_event_end_date
ENP031548,031548,Run On Seoul 2019,invalid_event_end_date
ENP031282,031282,September Companion : Seoul Pilgrimage Routes,invalid_event_end_date
ENP031543,031543,"Performance, City Tour Bus",invalid_event_end_date
ENP031457,031457,Changuimun in Jeong Seon’s Paintings : Special Exhibition,invalid_event_end_date
ENP031428,031428,24th Seoul Dessert Fair,invalid_event_end_date
ENP031427,031427,Seoripul Festival 2019,invalid_event_end_date
ENP031436,031436,Seoul Welcome Week 2019,invalid_event_end_date
ENP031472,031472,Seoul Music Festival 2019,invalid_event_end_date
ENP031208,031208,"History Fun With You, With Me, With Us 2019",invalid_event_end_date
ENP031250,031250,King Jeongjo's Royal Parade 2019,invalid_event_end_date
ENP031220,031220,All About Korean Traditional Experience 2019,invalid_event_end_date
ENP031187,031187,SEOUL 100K : Seoul International Ultra Trail Running Race,invalid_event_end_date
ENP031117,031117,Seoul International Fireworks Festival 2019,invalid_event_end_date
ENP031113,031113,ZER01NE DAY 2019,invalid_event_end_date
ENP031094,031094,Jungnang Fashion Week 2019,invalid_event_end_date
ENP030872,030872,Seoul Friendship Festival 2019,invalid_event_end_date
ENP030855,030855,Hanseong Baekje Cultural Festival 2019,invalid_event_end_date
ENP030824,030824,Sinchon Beer Festival 2019,invalid_event_end_date
ENP030240,030240,Seoul Biennale of Architecture and Urbanism 2019,invalid_event_end_date
ENP030788,030788,K-pop Music Festival 2019,invalid_event_end_date
ENP030627,030627,Seoul International Drama Awards 2019,invalid_event_end_date
ENP030596,030596,Cheonggyecheon Traditional Art Performance,invalid_event_end_date
ENP030462,030462,Queen World Tour Exhibition : Bohemian Rhapsody,invalid_event_end_date
ENP030592,030592,2019 Seoul Arirang Festival,invalid_event_end_date
ENP030502,030502,Mini Sports Festival with Haetti and Haeon 2019,invalid_event_end_date
ENP030396,030396,Seoul Fringe Festival 2019,invalid_event_end_date
ENP030232,030232,7th Seoul International Harmonica Festival,invalid_event_end_date
ENP030178,030178,Analog (35mm) Film Festival 2019,invalid_event_end_date
ENP030177,030177,23rd Seoul International Cartoon & Animation Festival,invalid_event_end_date
ENP030176,030176,Seoul City Tour Bus Summer Event 2019,invalid_event_end_date
ENP030107,030107,"Gyeongseong Sightseeing 1929, Seoul seen through Byeolgeongon : Exhibition",invalid_event_end_date
ENP030086,030086,Handarty Korea 2019,invalid_event_end_date
ENP029929,029929,ASYAAF & Hidden Artists Festival 2019,invalid_event_end_date
ENP030061,030061,Hangang Park Outdoor Swimming Pool 2019,invalid_event_end_date
ENP030030,030030,Seoul Summer Sale 2019,invalid_event_end_date
ENP029944,029944,2019 JTBC Seoul Marathon,invalid_event_end_date
ENP029909,029909,Namsangol Vacance 2019,invalid_event_end_date
ENP029895,029895,Special Disney Exhibition : The Magic of Animation,invalid_event_end_date
ENP029892,029892,"Hello, My Name is Paul Smith : Special Exhibition",invalid_event_end_date
ENP029875,029875,27th ASSITEJ Korea International Summer Festival,invalid_event_end_date
ENP029874,029874,H.C. Andersen and Copenhagen : Special Exhibition,invalid_event_end_date
ENP029868,029868,23rd Seoul Dessert Fair,invalid_event_end_date
ENP029784,029784,Midday Concert 2019,invalid_event_end_date
ENP029782,029782,The Rediscovery of Modern Artists 1 - When Brushes Are Abandoned : Exhibition,invalid_event_end_date
ENP029781,029781,Immortality for All : Anton Vidokle,invalid_event_end_date
ENP029780,029780,Scent of Ink : National Dance Company of Korea,invalid_event_end_date
ENP029779,029779,20 Years of Achievement and New Opportunities : Photo Exhibition,invalid_event_end_date
ENP029778,029778,"Travel around Seoul, Traditional Music in Bukchon & City 2019",invalid_event_end_date
ENP029768,029768,The Floodgate of the City Wall : Special Exhibition,invalid_event_end_date
ENP029734,029734,5th SEOULive Tour [Seongbuk-dong Drawing Tour],invalid_event_end_date
ENP029723,029723,Dano Festival 2019 : National Folk Museum of Korea,invalid_event_end_date
ENP029693,029693,Korea Homecare·Rehabilitation·Welfare Expo 2019,invalid_event_end_date
ENP029632,029632,Yeowoorak Festival 2019,invalid_event_end_date
ENP029692,029692,Seoul Open City University Concert 2019,invalid_event_end_date
ENP029587,029587,Riverside Concert 2019,invalid_event_end_date
ENP029585,029585,Traditional Yeonhui Festival 2019,invalid_event_end_date
ENP029671,029671,2019 Hangang Summer Festival,invalid_event_end_date
ENP029666,029666,2019 Seoul Race,invalid_event_end_date
ENP029661,029661,EDC Korea 2019 -Electric Daisy Carnival,invalid_event_end_date
ENP029576,029576,Seoul Meat Fair 2019,invalid_event_end_date
ENP029558,029558,K-pop Music Festival 2019,invalid_event_end_date
ENP029509,029509,Seoul Tourism Souvenir Contest 2019,invalid_event_end_date
ENP029538,029538,Tea World Festival 2019,invalid_event_end_date
ENP029537,029537,Latin American Festival 2019,invalid_event_end_date
ENP029496,029496,Seoul International Book Fair 2019,invalid_event_end_date
ENP029491,029491,Seoul International Tourism Industry Fair 2019,invalid_event_end_date
ENP029456,029456,Korea International Photo Festival 2020,invalid_event_end_date
ENP029452,029452,11th Seongbok Global Food Festival Nurimasil,invalid_event_end_date
ENP029423,029423,Walking for the Victims 2019,invalid_event_end_date
ENP029440,029440,2019 Sejong Festival x Seoul Music Week,invalid_event_end_date
ENP029438,029438,Seoul Africa Festival 2019,invalid_event_end_date
ENP029404,029404,Seoul Street Performance 2019,invalid_event_end_date
ENP029400,029400,Gwanghwamun International Art Festival 2020,invalid_event_end_date
ENP029392,029392,Gyeongbokgung Palace : Nighttime Viewing 2019,invalid_event_end_date
ENP029391,029391,22nd Seoul Dessert Fair [Red Taste],invalid_event_end_date
ENP029390,029390,Workshop for my DEAR,invalid_event_end_date
ENP029303,029303,Deoksugung Doldam-gil Music Concert,invalid_event_end_date
ENP029304,029304,2019 Seoul Drum Festival,invalid_event_end_date
ENP029237,029237,Seoul Drum Festival 2019,invalid_event_end_date
ENP029198,029198,Tonko House Animation Exhibition in Seoul 2019,invalid_event_end_date
ENP029168,029168,Mapo Spring Welcome Event,invalid_event_end_date
ENP029166,029166,Enjoy Hongdae Culture Tour 2019,invalid_event_end_date
ENP029106,029106,Seoul Welcome Week 2019,invalid_event_end_date
ENP029079,029079,Foreigner Taekwondo Experience Program,invalid_event_end_date
ENP029078,029078,Taekwondo in Namsangol 2019,invalid_event_end_date
ENP029094,029094,Wear Nostalgic School Uniform and Make Memories with Namsan Cherry Blossoms : Special Event,invalid_event_end_date
ENP028964,028964,1890 Hanyang Exhibiton : Namsangol Yangtang-guk,invalid_event_end_date
ENP028741,028741,2019 Seoul Rose Festival,invalid_event_end_date
ENP028738,028738,Seoul Namsan Traditional Theater's Special Performance for April,invalid_event_end_date
ENP028775,028775,Design Art Fair 2019,invalid_event_end_date
ENP028870,028870,Yangjaecheon Stream Cherry Blossom and Lantern Festival 2019,invalid_event_end_date
ENP028874,028874,Geumchon Harmony Cherry Blossom Festival 2019,invalid_event_end_date
ENP028941,028941,Eungbongsan Mountain Forsythia Festival 2019,invalid_event_end_date
ENP028566,028566,The Seoul Illustration Fair vol. 7,invalid_event_end_date
ENP028825,028825,Oil Tank Culture Park Season Market,invalid_event_end_date
ENP028824,028824,Cheonggyecheon Time Tour Market,invalid_event_end_date
ENP028822,028822,DDP Youth Runway Market,invalid_event_end_date
ENP028820,028820,Banpo Romantic Moonlight Market,invalid_event_end_date
ENP028819,028819,Yeouido World Night Market,invalid_event_end_date
ENP028737,028737,Seoul Bamdokkaebi Night Market 2019,invalid_event_end_date
ENP028797,028797,Seokchon Lake Cherry Blossom Festival 2019,invalid_event_end_date
ENP028795,028795,Changdeokgung Palace : Injeongjeon Hall Tour,invalid_event_end_date
ENP028682,028682,21st Seoul Dessert Fair,invalid_event_end_date
ENP028655,028655,Royal Culture Festival 2019,invalid_event_end_date
ENP028616,028616,Yeongdeungpo Yeouido Spring Flower Festival 2019,invalid_event_end_date
ENP028615,028615,2019 Traditional Performing Arts Academy for Foreigners,invalid_event_end_date
ENP028407,028407,DIY Reform Show 2019,invalid_event_end_date
ENP028400,028400,2019 Lotte World Tower International Sky Run,invalid_event_end_date
ENP028357,028357,Seoul Café & Bakery Fair 2019,invalid_event_end_date
ENP028418,028418,3rd National Concert of Korean Traditional Music Compositions,invalid_event_end_date
ENP028406,028406,Jeongwol Daeboreum Festival 2019,invalid_event_end_date
ENP028246,028246,2019 Seoul Museum of History : Lunar New Year Hanmadang,invalid_event_end_date
ENP028135,028135,The Flower : Romance Charging Station,invalid_event_end_date
ENP028134,028134,Museum Barrier-Free Theater 2019,invalid_event_end_date
ENP028079,028079,Hangang River Bridge Photo Exhibition : From Docks to Bridges,invalid_event_end_date
ENP028032,028032,20th Seoul Dessert Fair,invalid_event_end_date
ENP028014,028014,Made in North Korea : Graphics From Everyday Life in The DPRK,invalid_event_end_date
ENP027998,027998,Namsangol Hanok Village Exhibition Project 2 (Gu Gu Sorando),invalid_event_end_date
ENP027881,027881,"Namsomundongcheon Stream, Flowing from Jangchungdan to Igansumun Gate : Special Exhibition",invalid_event_end_date
ENP027879,027879,Dilkusha and Chain of Amber : Special Exhibition,invalid_event_end_date
ENP027845,027845,Korea Grand Sale 2019,invalid_event_end_date
ENP027834,027834,Seoul Plaza Ice Skating Rink 2018,invalid_event_end_date
ENP027650,027650,15th ASSITEJ Korea Winter Festival,invalid_event_end_date
ENP027482,027482,19th Seoul Dessert Fair,invalid_event_end_date
ENP027467,027467,Keith Haring - Art is Life. Life is Art. : Art Exhibition,invalid_event_end_date
ENP027459,027459,Seoul Illustration Fair W 2018,invalid_event_end_date
ENP027352,027352,Sungnyemun: History of Repair and Restoration : Special Exhibition,invalid_event_end_date
ENP027351,027351,Gyeonggang – From Gwangnaru Port to Yanghwajin Port : Special Exhibition,invalid_event_end_date
ENP027321,027321,"Kim Hong-do Alive: Sight, Insight : Special Exhibition",invalid_event_end_date
ENP027301,027301,Santa Run 2018,invalid_event_end_date
ENP027297,027297,2018 Seoul Photo Festival <Brave New World> : Special Exhibition,invalid_event_end_date
ENP027295,027295,Hanok Hangeul : Special Exhibition,invalid_event_end_date
ENP027256,027256,Templestay Weeks for Foreigners,invalid_event_end_date
ENP027187,027187,2018 Global Friendship Festival,invalid_event_end_date
ENP027045,027045,Jongmyo Daeje (Autumn) 2018,invalid_event_end_date
ENP026951,026951,5th Seoul Kimchi Festival,invalid_event_end_date
ENP026856,026856,City of Love: Seoullo 7017,invalid_event_end_date
ENP026732,026732,Korean Royal Court and Nobility Cuisine Festival 2018,invalid_event_end_date
ENP026730,026730,Garak Mall Festival 2018,invalid_event_end_date
ENP026650,026650,Itaewon Global Village Festival 2018,invalid_event_end_date
ENP026847,026847,Hanyangdoseong & Culture 2018,invalid_event_end_date
ENP026694,026694,Seoul Silver Grass Festival 2018,invalid_event_end_date
ENP026686,026686,King Jeongjo Tomb Parade Reenactment 2018,invalid_event_end_date
ENP026685,026685,Seoul Garden Show 2018,invalid_event_end_date
ENP026566,026566,Seoul Street Arts Festival 2018,invalid_event_end_date
ENP026585,026585,Jongno Hanbok Festival 2018,invalid_event_end_date
ENP026576,026576,Yukuijeon Festival 2018,invalid_event_end_date
ENP026492,026492,Seoul Design Cloud 2018,invalid_event_end_date
ENP026517,026517,Latin American Festival 2018,invalid_event_end_date
ENP026393,026393,Made in Cheonggyecheon: Era of Pirated Pop Culture - Special Exhibition,invalid_event_end_date
ENP026380,026380,"Frontier of Korean Youth Culture, Sinchon : Special Exhibition",invalid_event_end_date
ENP026424,026424,Seoul Baekje Museum Chuseok Festival 2018,invalid_event_end_date
ENP026273,026273,Seoul International Fireworks Festival 2018,invalid_event_end_date
ENP026270,026270,Seoul Arirang Festival 2018,invalid_event_end_date
ENP026339,026339,Seocho Seoripul Festival 2018,invalid_event_end_date
ENP026362,026362,Seoul Friendship Festival 2018,invalid_event_end_date
ENP026247,026247,The Great Rite of Sajik Daeje 2019,invalid_event_end_date
ENP026249,026249,World Street Dance Festival 2018,invalid_event_end_date
ENP026361,026361,Run On Seoul 2018,invalid_event_end_date
ENP026340,026340,Street Arts Market 2018,invalid_event_end_date
ENP026246,026246,Seoul Book Festival 2018,invalid_event_end_date
ENP026212,026212,Hanseong Baekje Cultural Festival 2018,invalid_event_end_date
ENP026248,026248,Culture Bridge Project 2018,invalid_event_end_date
ENP026134,026134,Maker Faire Seoul 2018,invalid_event_end_date
ENP026187,026187,The Day Seoul Went Underwater : Exhibition,invalid_event_end_date
ENP026186,026186,The 1988 Olympics: Momentum of Changes in Seoul Exhibition,invalid_event_end_date
ENP026082,026082,Taste of Korea Festival 2018,invalid_event_end_date
ENP026086,026086,18th Seoul International NewMedia Festival,invalid_event_end_date
ENP026078,026078,The Seed of New Society : Exhibition,invalid_event_end_date
ENP025999,025999,Seoul Race 2018,invalid_event_end_date
ENP026036,026036,Namsangol Vacance : Season 2,invalid_event_end_date
ENP025961,025961,Rain Festival 2018,invalid_event_end_date
ENP025986,025986,Summer of Seoul 2018,invalid_event_end_date
ENP025766,025766,Oh! Hervé Tullet A Retrospective Exhibition,invalid_event_end_date
ENP025850,025850,6th Gugak Orchestra Festival,invalid_event_end_date
ENP025874,025874,Baek In-je House Museum Opening Night,invalid_event_end_date
ENP025709,025709,ASYAAF & Hidden Artists Festival 2018,invalid_event_end_date
ENP025771,025771,Romero Britto : Special Exhibition,invalid_event_end_date
ENP025700,025700,Monet's Impressionism Exhibition II,invalid_event_end_date
ENP025776,025776,Seoullo 7017 Summer Program,invalid_event_end_date
ENP025658,025658,6th Seoul International Harmonica Festival,invalid_event_end_date
ENP025675,025675,Mapo Gugak Festival On Go Ji Shin 2018,invalid_event_end_date
ENP025680,025680,Seoul Fringe Festival 2018,invalid_event_end_date
ENP025701,025701,The Election Climate in Seoul : Exhibition,invalid_event_end_date
ENP025650,025650,Chungmuro International Musical Film Festival 2018,invalid_event_end_date
ENP025643,025643,Yeowoorak Festival 2018,invalid_event_end_date
ENP025629,025629,Nomadic Empires of the Mongolian Steppes : Special Exhibition,invalid_event_end_date
ENP025624,025624,Seoul International Book Fair 2018,invalid_event_end_date
ENP025653,025653,26th ASSITEJ Korea International Summer Festival,invalid_event_end_date
ENP025642,025642,Hangang Summer Festival 2018,invalid_event_end_date
ENP025605,025605,Seoul Summer Sale 2018,invalid_event_end_date
ENP025606,025606,Seongbuk Night Road 2018,invalid_event_end_date
ENP025620,025620,Korea World Travel Fair 2018,invalid_event_end_date
ENP025592,025592,Seoul Illustration Fair 2018,invalid_event_end_date
ENP025575,025575,17th Seoul Dessert Fair,invalid_event_end_date
ENP025581,025581,Dano Pungmul Hanmadang Festival 2018,invalid_event_end_date
ENP025510,025510,Namsangol Night Picnic : Season 2,invalid_event_end_date
ENP025561,025561,Seoul Comic Con 2018,invalid_event_end_date
ENP025497,025497,Korea International Ramen Fair 2018,invalid_event_end_date
ENP025506,025506,Seoul Grand Park Rose Festival 2018,invalid_event_end_date
ENP025501,025501,Tea World Festival 2018,invalid_event_end_date
ENP025496,025496,Culture and Art at Seoul Plaza 2018,invalid_event_end_date
ENP025423,025423,Starlight Tour at Gyeongbokgung Palace 2018,invalid_event_end_date
ENP025397,025397,Promenade of Art 2018,invalid_event_end_date
ENP025374,025374,Saturday Museum Concert,invalid_event_end_date
ENP025391,025391,Seoul Africa Festival 2018,invalid_event_end_date
ENP025388,025388,Seoul City Wall Dasan Fortress Trail Art and Culture Festival 2018,invalid_event_end_date
ENP025373,025373,Children’s Visit to a Swedish Museum: I Can Do It!,invalid_event_end_date
ENP025329,025329,Geeky Land Show: Geek Zone,invalid_event_end_date
ENP025322,025322,D.FESTA 2018 : Daehangno Street Performance Festival,invalid_event_end_date
ENP025315,025315,Seoul Rose Festival 2018,invalid_event_end_date
ENP025294,025294,1890 Namsangol Night Market : Season 2,invalid_event_end_date
ENP025213,025213,The Art of Aardman Animations : Wallace & Gromit & Friends,invalid_event_end_date
ENP025095,025095,Gyeongbokgung Palace : Nighttime Viewing 2018,invalid_event_end_date
ENP025221,025221,Korea-China Photo Exhibition 2018,invalid_event_end_date
ENP025096,025096,Changgyeonggung Palace : Nighttime Viewing 2018,invalid_event_end_date
ENP025052,025052,C-Festival 2018,invalid_event_end_date
ENP025099,025099,DDP Family Festa 2018,invalid_event_end_date
ENP025045,025045,Design Art Fair 2018,invalid_event_end_date
ENP025043,025043,Jeong-dong Culture Night 2018,invalid_event_end_date
ENP025035,025035,Seoul Drum Festival 2018,invalid_event_end_date
ENP025036,025036,Hangang Spring Flower Festival 2018,invalid_event_end_date
ENP025008,025008,Royal Culture Festival 2018,invalid_event_end_date
ENP025003,025003,Moonlight Tour at Changdeokgung Palace 2018,invalid_event_end_date
ENP024997,024997,Yangjaecheon Stream Cherry Blossom and Lantern Festival 2018,invalid_event_end_date
ENP024992,024992,Dongdaemun Spring Flower Festival 2018,invalid_event_end_date
ENP024921,024921,16th Seoul Dessert Fair,invalid_event_end_date
ENP024939,024939,Seoul Bamdokkaebi Night Market 2018,invalid_event_end_date
ENP024912,024912,Seokchon Lake Cherry Blossom Festival 2018,invalid_event_end_date
ENP024927,024927,Yeongdeungpo Yeouido Spring Flower Festival 2018,invalid_event_end_date
ENP024922,024922,Geumchon Harmony Cherry Blossom Festival 2018,invalid_event_end_date
ENP024923,024923,Namsangol Hanok Village : All About Korean Traditional Experience,invalid_event_end_date
ENP024911,024911,Gwanghwamun International Art Festival 2018,invalid_event_end_date
ENP024898,024898,Try Not To Laugh Festival 2018,invalid_event_end_date
ENP024888,024888,Seoul International Buddhism Expo 2018,invalid_event_end_date
ENP024812,024812,Namsangol Hanok Village First Full Moon Festival,invalid_event_end_date
ENP024283,024283,East Asia Stroke : Seoul Arts Center,invalid_event_end_date
ENP024322,024322,Korea Travel Expo 2018,invalid_event_end_date
ENP024319,024319,PyeongChang Olympic Korean Food Festival 2018,invalid_event_end_date
ENP024302,024302,Han Pal Nol Gae : Lunar New Year Performance 2018,invalid_event_end_date
ENP024307,024307,Grand Lunar New Year Festival 2018 : National Folk Museum of Korea,invalid_event_end_date
ENP024297,024297,Lunar New Year Festival 2018 : Seoul Museum of History,invalid_event_end_date
ENP024263,024263,The Masterpiece : Arts Exhibition,invalid_event_end_date
ENP024262,024262,Lunar New Year Festival 2018 : Namsangol Hanok Village,invalid_event_end_date
ENP024258,024258,Lunar New Year Fun at the Seoul Baekje Museum 2018,invalid_event_end_date
ENP024231,024231,Namsangol Hanok Village : Ipchun Festival 2018,invalid_event_end_date
ENP024216,024216,15th Seoul Dessert Fair,invalid_event_end_date
ENP024209,024209,Seoul Comic World 2018,invalid_event_end_date
ENP024168,024168,Wildlife Photo Exhibition : Gangdong Arts Center,invalid_event_end_date
ENP024149,024149,Marie Laurencin : Special Exhibition,invalid_event_end_date
ENP024145,024145,"""Unhyeongung Palace and Regent Heungseon Daewongun"" Special Exhibition",invalid_event_end_date
ENP024132,024132,Namsangol Hanok Village : Winter Village 2018,invalid_event_end_date
ENP023992,023992,Drawn by the Wind Exhibition: Shin Yun-bok & Jeong Seon,invalid_event_end_date
ENP023838,023838,Salon du Chocolat 2017,invalid_event_end_date
ENP023837,023837,14th ASSITEJ Korea Winter Festival,invalid_event_end_date
ENP023839,023839,"Hi, POP - Pop Art Exhibition",invalid_event_end_date
ENP023842,023842,Peace Together : Unification Exhibition,invalid_event_end_date
ENP023836,023836,14th Seoul Dessert Fair,invalid_event_end_date
ENP023517,023517,Seoul Plaza Ice Skating Rink 2017,invalid_event_end_date
ENP023516,023516,Seoul Design Festival 2017,invalid_event_end_date
ENP023515,023515,National Geographic Photo Exhibition : Photo Ark,invalid_event_end_date
ENP023519,023519,Taehwagwan-gil 2017 : Culture and History in Seoul,invalid_event_end_date
ENP023472,023472,Sinchon Christmas Festival 2017,invalid_event_end_date
ENP023495,023495,Nordic Culture Festival 2017,invalid_event_end_date
ENP023463,023463,Santa Run 2017,invalid_event_end_date
ENP023389,023389,"Euljiro, Light Way 2017",invalid_event_end_date
ENP023161,023161,Korean Food Culture Festival 2017,invalid_event_end_date
ENP023220,023220,Jamsil Sports Complex Tours·Activities Program,invalid_event_end_date
ENP023242,023242,ARTipot Carnival 2017,invalid_event_end_date
ENP023186,023186,Seongbuk-dong Night Road Festival 2017,invalid_event_end_date
ENP023160,023160,13th Seoul Dessert Fair,invalid_event_end_date
ENP023171,023171,Seoul International Music Festival 2017,invalid_event_end_date
ENP023170,023170,4th Seoul Kimchi Festival,invalid_event_end_date
ENP023157,023157,Seoul Herb Medicine Culture Festival 2017,invalid_event_end_date
ENP023172,023172,Garak Mall Chobap Festival 2017,invalid_event_end_date
ENP023158,023158,Sarang-Festival of India in Korea 2017,invalid_event_end_date
ENP023156,023156,Maker Faire Seoul 2017,invalid_event_end_date
ENP022997,022997,Sinchon Craft Beer Festival 2017,invalid_event_end_date
ENP023093,023093,Seoul Silver Grass Festival 2017,invalid_event_end_date
ENP023000,023000,ST-Future × ST-BOMB Festival 2017,invalid_event_end_date
ENP023099,023099,Jeong-dong Culture Night,invalid_event_end_date
ENP023023,023023,National Folk Museum of Korea's Chuseok Festival 2017,invalid_event_end_date
ENP023033,023033,Seoul Museum of History Chuseok Festival 2017,invalid_event_end_date
ENP022977,022977,Seoul Baekje Museum Chuseok Festival 2017,invalid_event_end_date
ENP022978,022978,Taste of Korea Festival 2017,invalid_event_end_date
ENP022976,022976,Gangdong Prehistoric Culture Festival 2017,invalid_event_end_date
ENP023057,023057,Hanyangdoseong Cultural Festival 2017,invalid_event_end_date
ENP022991,022991,Seoul Street Arts Festival 2017,invalid_event_end_date
ENP022869,022869,Seoul Arirang Festival 2017,invalid_event_end_date
ENP022868,022868,Seoul International Dance Festival 2017,invalid_event_end_date
ENP022988,022988,Jongno Hanbok Festival 2017,invalid_event_end_date
ENP022909,022909,Hanwha Seoul International Fireworks Festival 2017,invalid_event_end_date
ENP022926,022926,King Jeongjo Tomb Parade Reenactment 2017,invalid_event_end_date
ENP022915,022915,Yukuijeon Festival 2017,invalid_event_end_date
ENP022927,022927,Public Arts Festival : Public×Public,invalid_event_end_date
ENP022870,022870,Itaewon Global Village Festival 2017,invalid_event_end_date
ENP022867,022867,Daehak-Ro Cultural Festival 2017,invalid_event_end_date
ENP022654,022654,2nd Seongbuk World Beer Festival,invalid_event_end_date
ENP022861,022861,Storytelling Street Performance at Dongdaemun : HADOGAM LEESAENGJEON,invalid_event_end_date
ENP022687,022687,Seoul Garden Show 2017,invalid_event_end_date
ENP022458,022458,12th Seoul Dessert Fair,invalid_event_end_date
ENP022647,022647,Seoripul Festival 2017,invalid_event_end_date
ENP022688,022688,Seoul Book Festival 2017,invalid_event_end_date
ENP022605,022605,Seoul Donhwamun Traditional Theater - New Masterpiece,invalid_event_end_date
ENP022604,022604,2017 Incheon Airport Sky Festival,invalid_event_end_date
ENP022603,022603,Seoul Biennale of Architecture and Urbanism 2017,invalid_event_end_date
ENP022382,022382,Hanseong Baekje Cultural Festival 2017,invalid_event_end_date
ENP022436,022436,Gangnam Festival 2017,invalid_event_end_date
ENP022464,022464,Bobsleigh in the City 2017,invalid_event_end_date
ENP022437,022437,Seoul Starlight Musical Festival 2017,invalid_event_end_date
ENP022375,022375,Guro G-Festival 2017,invalid_event_end_date
ENP022365,022365,Seoul Friendship Fair 2017,invalid_event_end_date
ENP022377,022377,Korean Independence Day Concert at Gwanghwamun Square 2017,invalid_event_end_date
ENP022342,022342,5th Seoul Tourism Souvenir Contest,invalid_event_end_date
ENP022280,022280,Boardgame Con 2017,invalid_event_end_date
ENP022215,022215,One Summer Movie Night,invalid_event_end_date
ENP022205,022205,Seodaemun Independence Day Festival 2017,invalid_event_end_date
ENP022175,022175,Comic Con Seoul 2017,invalid_event_end_date
ENP022242,022242,Seoullo Itda Festival - Hoehyeon Moonlight Festival,invalid_event_end_date
ENP022166,022166,5th Seoul International Harmonica Festival,invalid_event_end_date
ENP022165,022165,Seoul Culture Night 2017,invalid_event_end_date
ENP022140,022140,Wear Hanbok for a 50% Discount on Performance Tickets!,invalid_event_end_date
ENP022097,022097,25th ASSITEJ Korea International Summer Festival,invalid_event_end_date
ENP021985,021985,11th Seoul Dessert Fair,invalid_event_end_date
ENP021910,021910,2nd Honey Life Dessert Festival,invalid_event_end_date
ENP021769,021769,Seoul Fringe Festival 2017,invalid_event_end_date
ENP021945,021945,Changgyeonggung Palace : Nighttime Viewing 2017,invalid_event_end_date
ENP021928,021928,Culture and Art at Seoul Plaza 2017,invalid_event_end_date
ENP021882,021882,[Project 284] The Clock of Time Traveler,invalid_event_end_date
ENP021839,021839,Hangang Summer Festival 2017,invalid_event_end_date
ENP021770,021770,Gogung Concert 2017 (Gyeongbokgung·Changgyeonggung),invalid_event_end_date
ENP021601,021601,Yeo Woo Rak Festival 2017,invalid_event_end_date
ENP021680,021680,Latin American Festival 2017,invalid_event_end_date
ENP021645,021645,"""Unbuttoning French Fashion"" Exhibition",invalid_event_end_date
ENP021644,021644,1890 Namsangol Night Market,invalid_event_end_date
ENP021600,021600,"Storytelling Performance at Cheonggyecheon Stream : Fly, Ishimi",invalid_event_end_date
ENP021537,021537,Gyeongbokgung Palace Tea Ceremony 2017,invalid_event_end_date
ENP021602,021602,Seoul Grand Park Rose Festival 2017,invalid_event_end_date
ENP021536,021536,Seoul Summer Sale 2017,invalid_event_end_date
ENP021432,021432,Jeong-dong Culture Night 2017,invalid_event_end_date
ENP021534,021534,Moonlight Tour at Changdeokgung Palace 2017,invalid_event_end_date
ENP021383,021383,Seoul Drum Festival 2017,invalid_event_end_date
ENP021457,021457,Tea Culture Festival,invalid_event_end_date
ENP021265,021265,D.FESTA 2017 : Daehak-ro Street Performance Festival,invalid_event_end_date
ENP021389,021389,Korean Traditional Liquor and Food Festival 2017,invalid_event_end_date
ENP021458,021458,10th Seoul Dessert Fair,invalid_event_end_date
ENP021388,021388,The New National Treasures 2014~2016 Special Exhibition,invalid_event_end_date
ENP021337,021337,Roads of Arabia Special Exhibition,invalid_event_end_date
ENP021194,021194,Sejong Festival × Seoul Music Week 2017,invalid_event_end_date
ENP021151,021151,6th Seoul Boardgame Festa,invalid_event_end_date
ENP021314,021314,Taekwondo in Namsangol Hanok Village 2018,invalid_event_end_date
ENP021192,021192,Seoul 365 Fashion Show 2017,invalid_event_end_date
ENP021144,021144,Samcheonggak Lunch Concert : Jami,invalid_event_end_date
ENP021120,021120,Seoul Africa Festival 2017,invalid_event_end_date
ENP021129,021129,C-Festival 2017,invalid_event_end_date
ENP021114,021114,Seoul Rose Festival 2017,invalid_event_end_date
ENP021113,021113,Royal Culture Festival 2017,invalid_event_end_date
ENP021063,021063,Lifeplus Cherry Blossom Picnic Festival 2017,invalid_event_end_date
ENP021054,021054,9th Seoul Dessert Fair,invalid_event_end_date
ENP021018,021018,13th Geumchon Cherry Blossom Festival,invalid_event_end_date
ENP020992,020992,20th Eungbongsan Mountain Forsythia Festival,invalid_event_end_date
ENP020993,020993,Seokchon Lake Cherry Blossom Festival 2017,invalid_event_end_date
ENP021008,021008,Yeongdeungpo Yeouido Spring Flower Festival 2017,invalid_event_end_date
ENP020934,020934,Hangeul Design Exhibition at the National Hangeul Museum,invalid_event_end_date
ENP020933,020933,"Saimdang, Her Garden Exhibition",invalid_event_end_date
ENP020907,020907,SeMA Green 2017 : Nalgae.PaTI,invalid_event_end_date
ENP020918,020918,Seoul Grand Park Cherry Blossom Festival 2017,invalid_event_end_date
ENP020917,020917,Hera Seoul Fashion Week 2017 F/W,invalid_event_end_date
ENP020893,020893,Leiji Matsumoto Exhibition : Galaxy Express 999,invalid_event_end_date
ENP020891,020891,Seoul Bamdokkaebi Night Market 2017,invalid_event_end_date
ENP020852,020852,Starlight Tour with Daejanggeum at Gyeongbokgung Palace,invalid_event_end_date
ENP020840,020840,Healing Fair 2017,invalid_event_end_date
ENP020809,020809,Pre & Free Traditional Music Festival 2017,invalid_event_end_date
ENP020617,020617,Year of the Rooster - Lunar New Year's First Full Moon Events,invalid_event_end_date
ENP020588,020588,Renoir : Images of Women Exhibition,invalid_event_end_date
ENP020500,020500,Father of Modern Architecture : Le Corbusier Exhibition,invalid_event_end_date
ENP020496,020496,"""Northern Seoul, Now a Forest of Apartment Buildings"" Exhibition",invalid_event_end_date
ENP020499,020499,Korea Grand Sale 2017,invalid_event_end_date
ENP020495,020495,2017 Seol Festival for Year of the Rooster,invalid_event_end_date
ENP020476,020476,The Encounter between Kansong and Paik Nam June,invalid_event_end_date
ENP020445,020445,Egyptian Treasures from the Brooklyn Museum Exhibition,invalid_event_end_date
ENP020407,020407,8th Seoul Dessert Fair,invalid_event_end_date
ENP020354,020354,Fornasetti : Practical Madness Exhibition,invalid_event_end_date
ENP020294,020294,Alphonse Mucha Exhibition : Pioneer of Modern Graphic Design,invalid_event_end_date
ENP019990,019990,Kidult & Hobby Expo 2017,invalid_event_end_date
ENP019989,019989,Lunar New Year Fun at the Seoul Baekje Museum 2017,invalid_event_end_date
ENP019986,019986,Five Nobleman's Lunar New Year Feast,invalid_event_end_date
ENP019957,019957,Everyone's Ground,invalid_event_end_date
ENP019590,019590,7th Seoul Dessert Fair,invalid_event_end_date
ENP019789,019789,LOOK Smithsonian Photo Exhibition,invalid_event_end_date
ENP019551,019551,13th ASSITEJ Korea Winter Festival,invalid_event_end_date
ENP019565,019565,Yeouido Park Ice Skating Rink,invalid_event_end_date
ENP019666,019666,Festival284: A Better Tomorrow,invalid_event_end_date
ENP019577,019577,Musee d'Orsay Exhibition,invalid_event_end_date
ENP019555,019555,Seoul Design Festival 2016,invalid_event_end_date
ENP019527,019527,Seoul Golden Hands Festival,invalid_event_end_date
ENP019485,019485,Turkic Culture Festival,invalid_event_end_date
ENP019445,019445,"The City in Art, Art in the City",invalid_event_end_date
ENP019442,019442,ST-BOMB 2016,invalid_event_end_date
ENP019446,019446,5th Jaemiro Halloween Festival : Larva and Ghosts of Namsan,invalid_event_end_date
ENP019390,019390,"Euljiro, Light Way 2016",invalid_event_end_date
ENP019371,019371,3rd Seoul Kimchi Festival,invalid_event_end_date
ENP019382,019382,Jogyesa Temple Chrysanthemum Festival,invalid_event_end_date
ENP019383,019383,Saturday Stage for Korean Intangible Cultural Heritage,invalid_event_end_date
ENP019348,019348,Jeong-dong Culture Night,invalid_event_end_date
ENP019351,019351,6th Seoul Dessert Fair,invalid_event_end_date
ENP019301,019301,Seoul Gugak Week 2016,invalid_event_end_date
ENP019267,019267,Seoul Silver Grass Festival 2016,invalid_event_end_date
ENP019268,019268,2016 Itaewon Global Village Festival,invalid_event_end_date
ENP019118,019118,2016 Seoul Arirang Festival,invalid_event_end_date
ENP019247,019247,2016 Discover Seoul (Eco Walking Tour),invalid_event_end_date
ENP019198,019198,Daehak-Ro Cultural Festival 2016,invalid_event_end_date
ENP019162,019162,The 2016 Hanseong Baekje Cultural Festival,invalid_event_end_date
ENP019114,019114,The 2016 Sejong Festival 2016,invalid_event_end_date
ENP018402,018402,King Jeongjo’s Tomb Parade Reenactment 2016,invalid_event_end_date
ENP019098,019098,The 22nd Seoul Herb Medicine Culture Festival,invalid_event_end_date
ENP019094,019094,2016 Seoul Garden Expo,invalid_event_end_date
ENP019091,019091,2016 Seoul Performing Arts Festival,invalid_event_end_date
ENP019107,019107,2016 Seoul International Fireworks Festival,invalid_event_end_date
ENP019097,019097,Arts For All 2016,invalid_event_end_date
ENP018994,018994,The 5th Seoul Dessert Fair,invalid_event_end_date
ENP018896,018896,Seoripul Festival 2016,invalid_event_end_date
ENP019069,019069,The 19th Seoul International Dance Festival (SIDance 2016),invalid_event_end_date
ENP019041,019041,Five Nobleman's Harvest Feast,invalid_event_end_date
ENP019019,019019,Chuseok the Great Holiday with a Bright Moon Festival 2016,invalid_event_end_date
ENP018933,018933,7th Korea International Wind Band Festival,invalid_event_end_date
ENP018997,018997,Han River Bridge Festival 2016,invalid_event_end_date
ENP018993,018993,Time Travelers in Seoul 2016 : Postman's Proposal,invalid_event_end_date
ENP018879,018879,Seoul Street Arts Festival 2016,invalid_event_end_date
ENP018726,018726,Bukchon Music Festival 2016,invalid_event_end_date
ENP018725,018725,Seoul Culture Night 2016,invalid_event_end_date
ENP018667,018667,Seoul Book Festival 2016,invalid_event_end_date
ENP018779,018779,Christmas in Summer Night Festival at Seoul Grand Park Zoo,invalid_event_end_date
ENP018778,018778,4th Seoul Tourism Souvenir Contest,invalid_event_end_date
ENP018583,018583,Hangang Fire Festival - Ra Fire 2016,invalid_event_end_date
ENP018657,018657,4th Seoul Dessert Fair,invalid_event_end_date
ENP018582,018582,Hangang Blanket Movie Festival 2016,invalid_event_end_date
ENP018675,018675,Moonlight Tour at Changdeokgung Palace 2016,invalid_event_end_date
ENP018435,018435,Seoul Soul Festival 2016,invalid_event_end_date
ENP018565,018565,Paik Nam June Show,invalid_event_end_date
ENP018439,018439,Joan Miró Special Exhibition,invalid_event_end_date
ENP018421,018421,Minhwa and Court Paintings of the Joseon Dynasty : Munja-do and Chaekgeori,invalid_event_end_date
ENP018415,018415,Slide the City in Ttukseom Hangang Park,invalid_event_end_date
ENP018233,018233,16th Seoul International NewMedia Festival,invalid_event_end_date
ENP018139,018139,Seoul Fringe Festival 2016,invalid_event_end_date
ENP018046,018046,ASYAAF & Hidden Artists Festival 2016,invalid_event_end_date
ENP017915,017915,Sinchon Wake Up City Festa 2016,invalid_event_end_date
ENP017486,017486,Culture and Art at Seoul Plaza 2016,invalid_event_end_date
ENP017597,017597,Hangang Summer Festival 2016,invalid_event_end_date
ENP017266,017266,20th Seoul International Cartoon & Animation Festival,invalid_event_end_date
ENP017279,017279,Han River's Outdoor Pools Open,invalid_event_end_date
ENP017151,017151,Seoul Summer Sale 2016,invalid_event_end_date
ENP017105,017105,100th Anniversary of the Birth of Lee Jung-Seob,invalid_event_end_date
ENP017078,017078,Anthony Browne Exhibition,invalid_event_end_date
ENP017071,017071,Dano Festivities 2016,invalid_event_end_date
ENP017067,017067,Deoksugung Palace's Media Facade at Seokjojeon Hall,invalid_event_end_date
ENP016951,016951,24th ASSITEJ Korea International Summer Festival,invalid_event_end_date
ENP017058,017058,Latin American Festival 2016,invalid_event_end_date
ENP017049,017049,Choi Seung-hee Photo Exhibition,invalid_event_end_date
ENP017050,017050,Kansong Munhwa Exhibition Part 6 : Landscape Portraits,invalid_event_end_date
ENP017024,017024,Seoul Grand Park Rose Festival,invalid_event_end_date
ENP016985,016985,Daehangno Street Performance Festival 2016,invalid_event_end_date
ENP016938,016938,Jeong-dong Culture Night 2016,invalid_event_end_date
ENP016952,016952,Experience Traditional Korean Liquor and Cuisine,invalid_event_end_date
ENP016916,016916,[Project 284] Peach Blossom: Hopeful Flower of Utopia,invalid_event_end_date
ENP016928,016928,2016 Seoul Drum Festival,invalid_event_end_date
ENP016900,016900,Sejong Art Market SoSo,invalid_event_end_date
ENP015188,015188,Namsangol Hanok Village's Taekwondo Performances,invalid_event_end_date
ENP016876,016876,Children's Day Celebrations May 5th,invalid_event_end_date
ENP016865,016865,DreamWorks Animation Special Exhibition,invalid_event_end_date
ENP016850,016850,C-Festival 2016,invalid_event_end_date
ENP016818,016818,SeMA and Palais de Tokyo's Urban Legends,invalid_event_end_date
ENP016789,016789,Gwanghwamun International Art Festival 2016,invalid_event_end_date
ENP016661,016661,Royal Wedding Ceremony of King Gojong and Empress Myeongseong,invalid_event_end_date
ENP016786,016786,Herb Ritts Work : Photography Exhibition,invalid_event_end_date
ENP016715,016715,Seoul Rose Festival 2016,invalid_event_end_date
ENP016701,016701,LetsRun Park Seoul Cherry Blossom Night Festival,invalid_event_end_date
ENP016691,016691,Deoksugung Palace Spring Concert Series,invalid_event_end_date
ENP016620,016620,Hangang Park's Cultural Program : April 2016,invalid_event_end_date
ENP016637,016637,Seoul Grand Park Cherry Blossom Festival,invalid_event_end_date
ENP016630,016630,Museum Night,invalid_event_end_date
ENP016618,016618,Seoul Elegy : Photography Exhibition,invalid_event_end_date
ENP016613,016613,Seoul Bamdokkaebi Night Market 2016,invalid_event_end_date
ENP016579,016579,Jean Paul Gaultier Exhibition,invalid_event_end_date
ENP016496,016496,Seokchon Lake Cherry Blossom Festival,invalid_event_end_date
ENP016493,016493,"Ancient Tombs, Memories of Seoul",invalid_event_end_date
ENP016474,016474,Yeongdeungpo Yeouido Spring Flower Festival 2016,invalid_event_end_date
ENP016388,016388,Hera Seoul Fashion Week 2016,invalid_event_end_date
ENP016343,016343,Namsangol Hanok Village's Tea Ceremony Program,invalid_event_end_date
ENP015385,015385,2016 St. Patrick's Day Celebrations,invalid_event_end_date
ENP015390,015390,Hangang Summer Festival 2015,invalid_event_end_date
ENP015337,015337,Lunar New Year's First Full Moon,invalid_event_end_date
ENP015316,015316,2016 SeMA Blue <Seoul Babel>,invalid_event_end_date
ENP015236,015236,2016 Korea Grand Sale,invalid_event_end_date
ENP005374,005374,2016 Hanok Expo,invalid_event_end_date
ENP001125,001125,Monet's Impressionism Exhibition,invalid_event_end_date
ENP001025,001025,Vincent Van Gogh Inside: Festival of Light and Music,invalid_event_end_date
ENP000809,000809,Jongmyo Royal Ancestral Ritual and Royal Procession,invalid_event_end_date
ENP000785,000785,Seoul Open Week,invalid_event_end_date
ENP000730,000730,Seoul Summer Sale!,invalid_event_end_date
ENP000599,000599,Seoul Design Week,invalid_event_end_date
ENP000598,000598,Seoul Photo Festival,invalid_event_end_date
ENP000593,000593,Euljiro Lightway,invalid_event_end_date
ENP000587,000587,The 3rd Korea International Photo Festival,invalid_event_end_date
ENP000581,000581,Kukkiwon Taekwondo Demonstration,invalid_event_end_date
ENP000571,000571,SBS Awards Festival,invalid_event_end_date
ENP000530,000530,Alessandro Mendini Exhibition - The Poetry of Design,invalid_event_end_date
ENP000523,000523,Kansong Munhwa Exhibition Part 5 : Flowers & Feathers,invalid_event_end_date
ENP000436,000436,A Journey to the Modern Seoul City Wall,invalid_event_end_date
ENP000415,000415,Stanley Kubrick Exhibition,invalid_event_end_date
ENP000382,000382,"2016 Ttukseom, Yeouido Hangang Park Sledding",invalid_event_end_date
ENP000119,000119,Yeon Deung Hoe(Lotus Lantern Festival),invalid_event_end_date
ENP000031,000031,Yeongdeungpo Yeouido Spring Flower Festival,invalid_event_end_date
ENP000005,000005,The 12th Seoul Assitej Winter Festival,invalid_event_end_date
ENP000003,000003,2016 Seoul Plaza Ice Skating Rink,invalid_event_end_date
ENP009370,009370,European Christmas Market,invalid_event_end_date
ENP009384,009384,Flower Artshow,invalid_event_end_date
ENP009352,009352,One-Asia Seoul Mega Concert,invalid_event_end_date
ENP009318,009318,Agricultural Marketplace Festival,invalid_event_end_date
ENP009278,009278,Lee Young Hee Hanbok Exhibition,invalid_event_end_date
ENP009259,009259,Seocho Seoriful Festival,invalid_event_end_date
ENP009245,009245,Bukchon Music Festival,invalid_event_end_date
ENP009235,009235,Seoul Drama Awards,invalid_event_end_date
ENP009186,009186,Culture and Art at Seoul Plaza,invalid_event_end_date
ENP009210,009210,Yeongyang Pepper Hot Festival,invalid_event_end_date
ENP009160,009160,The 10th Yukuijeon Festival,invalid_event_end_date
ENP009110,009110,Five Nobleman's Harvest Feast,invalid_event_end_date
ENP009201,009201,Polish Art: An Enduring Spirit,invalid_event_end_date
ENP009086,009086,Marronier Summer Festival,invalid_event_end_date
ENP009293,009293,Seoul Grand Park Starry Night Festival,invalid_event_end_date
ENP009250,009250,Incheon International Airport Presents: Fantastic Summer Concert,invalid_event_end_date
ENP009216,009216,"Appearance in NEPAL - Thank you, Nepal!",invalid_event_end_date
ENP009130,009130,Andy Warhol LIVE,invalid_event_end_date
ENP008321,008321,Seoul Ani-Cinema,invalid_event_end_date
ENP009105,009105,Beautiful Sharing_ The Treasures in Hanseong,invalid_event_end_date
ENP009010,009010,Kansong Munhwa- the Scent of a Scholar,invalid_event_end_date
ENP008966,008966,July Events at the Hangang (River),invalid_event_end_date
ENP008811,008811,Print Collection - Reflecting the Times,invalid_event_end_date
ENP008572,008572,Frida Kahlo Exhibition,invalid_event_end_date
ENP008641,008641,Esprit Dior - Dior Spirit,invalid_event_end_date
ENP008692,008692,Cuban Culture and Arts Festival,invalid_event_end_date
ENP008751,008751,Hangang Summer Festival,invalid_event_end_date
ENP009470,009470,Cultural Fun at Bukchon Hanok Village!,invalid_event_end_date
ENP009445,009445,Lets Run Traditional Horse Show,invalid_event_end_date
ENPyeex1b,yeex1b,2023 SEOUL LANTERN FESTIVAL,invalid_event_end_date
ENP6i7br4,6i7br4,[S-TCEP] 2023 Seoul Philharmonic Orchestra: Ligeti Piano Concerto,invalid_event_end_date
ENPdlccnj,dlccnj,[S-TCEP] Munich Philharmonic Orchestra in Korea,invalid_event_end_date
ENPua5zwq,ua5zwq,"[S-TCEP] Cats, the Musical",invalid_event_end_date
ENPg50ipl,g50ipl,[S-TCEP] 2023 Seoul Philharmonic Orchestra: Pletnev & Sunwoo,invalid_event_end_date
ENPi018lw,i018lw,[S-TCEP] 2023 Seoul Philharmonic Orchestra: Stenz & Bell,invalid_event_end_date
ENPg5tw1e,g5tw1e,[S-TCEP] 2023 Seoul Philharmonic Orchestra: The Ring,invalid_event_end_date
ENPl23uol,l23uol,[S-TCEP] 2023 Seoul Philharmonic Orchestra: Violin Concerto,invalid_event_end_date
ENPgzt4p3,gzt4p3,[S-TCEP] 2023 Seoul Philharmonic Orchestra: Shostakovich Concerto,invalid_event_end_date
ENPer1hnq,er1hnq,[S-TCEP] 2023 Seoul Philharmonic Orchestra: Sibelius' Second,invalid_event_end_date
ENP2zbv4a,2zbv4a,[S-TCEP] 2023 Seoul Philharmonic Orchestra: Elgar Cello Concerto,invalid_event_end_date
ENP034294,034294,2020 Namsangol Hanok Village Taekwondo Performance,invalid_event_end_date
ENP034079,034079,2020 Republic of Korea International Culinary Competition,invalid_event_end_date
ENP034018,034018,"Yeonnam, One Fine Day",invalid_event_end_date
ENP032904,032904,Korea Grand Sale 2020,invalid_event_end_date
ENP033053,033053,2020 Jeongwol Daeboreum with Friends in Namsangol Hanok Village,invalid_event_end_date
ENP032665,032665,Seoul Plaza Ice Skating Rink 2019,invalid_event_end_date
ENP034259,034259,The 27th Seoul Dessert Fair,invalid_event_end_date
ENP034070,034070,2020 Seoul International Wines & Spirits Expo,invalid_event_end_date
ENP032694,032694,Salon du Chocolat Seoul 2020,invalid_event_end_date
ENP034075,034075,Hanyangdoseong in the Past and Present,invalid_event_end_date
ENP034112,034112,The Modern and Contemporary Korean Writing,invalid_event_end_date
ENP034113,034113,The Better Man 1948 - 2020: Pick Your Representative for the National Assembly,invalid_event_end_date
ENP034115,034115,A Space for Ideas: A Sculptor's Sketchbook,invalid_event_end_date
ENP034069,034069,"History Has Failed Us, but No Matter",invalid_event_end_date
ENP034068,034068,Fighting Epidemics in Joseon Dynasty,invalid_event_end_date
ENP034116,034116,Pinocchio Art Exhibition,invalid_event_end_date
ENP033993,033993,Seoul as the Main Character of Novels,invalid_event_end_date
ENP033052,033052,2020 Seoul Dessert Fair [Choco & Strawberry Exhibition],invalid_event_end_date
ENP032637,032637,"A Cold Era, The Passionate Movement of Youth : Special Exhibition",invalid_event_end_date
ENP032697,032697,Supyo-gyo Bridge Hanyang in the Rain: Special Exhibition,invalid_event_end_date
ENP032590,032590,Museum of Colors: Special Exhibition,invalid_event_end_date
ENP032567,032567,The Power of Beginning: Exhibition,invalid_event_end_date
ENP032273,032273,"Sungkyunkwan Nat’l Academy and Its Surrounding Village, Banchon: Special Exhibition",invalid_event_end_date
ENP032219,032219,"Play Design, Play On: Seoul Design Week Theme Exhibition",invalid_event_end_date
ENP032200,032200,"70mK Image of Korea, Image of Seoul : Exhibition",invalid_event_end_date
ENP031937,031937,"Geumogyecheop, an Album of Calligraphy and Paintings Celebrating a Gathering of the Uigeumbu Inspectors : Special Exhibition",invalid_event_end_date
KOP81fkn2,81fkn2,덕수궁 서울왕궁수문장 교대의식,invalid_event_end_date
KOPocnv9w,ocnv9w,2026 여우락 페스티벌,invalid_event_end_date
KOPbdsd1n,bdsd1n,2026 숭례문파수의식,invalid_event_end_date
KOP4p11lw,4p11lw,로컬트립 [맛:잇다],invalid_event_end_date
KOPhhpmd3,hhpmd3,2026 남산 서머 페스티벌,invalid_event_end_date
KOPzqncck,zqncck,2026 돈화문 전통생활문화축제,invalid_event_end_date
KOP9byb55,9byb55,GAME AiCON Seoul 2026,invalid_event_end_date
KOPif3oia,if3oia,2026 서울관광 푸드 페스티벌(Picnic on the Bridge),invalid_event_end_date
KOP8s9qmk,8s9qmk,2026 N서울타워 글로벌 나이트 워크(Global Night Walk),invalid_event_end_date
KOPd5mmfg,d5mmfg,2026 서울시 태권도 공연,invalid_event_end_date
KOPgldnt3,gldnt3,2026 제18회 중랑 서울 장미 축제,invalid_event_end_date
KOPcrjas7,crjas7,포켓몬 시크릿 포레스트,invalid_event_end_date
KOPtliyds,tliyds,2026 중앙아시아 봄맞이축제,invalid_event_end_date
KOPljv9ur,ljv9ur,서울일러스트레이션페어V.21,invalid_event_end_date
KOP21bumo,21bumo,한강플플 어드벤처,invalid_event_end_date
KOP3odb31,3odb31,2026년 제3회 가락몰 전국빵지자랑,invalid_event_end_date
KOPoj0mnj,oj0mnj,2026 창덕궁 달빛기행,invalid_event_end_date
KOP47mbp7,47mbp7,2026 서울국제정원박람회,invalid_event_end_date
KOPvro3vg,vro3vg,2026 서울야외도서관,invalid_event_end_date
KOPw5jg9e,w5jg9e,2026 남산골 전통체험 : 예술가의 시간,invalid_event_end_date
KOPo2z8p6,o2z8p6,DDP 어린이 디자인 페스티벌 : DDP 랜드,invalid_event_end_date
KOPdbivac,dbivac,제3회 쉬엄쉬엄 한강 3종 축제,invalid_event_end_date
KOPziwyow,ziwyow,2026 서울세계도시문화축제,invalid_event_end_date
KOP24j3ps,24j3ps,2026 연등회(Lotus Lantern Festival),invalid_event_end_date
KOPuh1x78,uh1x78,서울스프링페스티벌 2026,invalid_event_end_date
KOPcfxsrm,cfxsrm,2026 쉬엄쉬엄모닝,invalid_event_end_date
KOPmrj46s,mrj46s,서울라이트 DDP 2025 겨울,invalid_event_end_date
KOPjiue7j,jiue7j,K-BRAND GLOW FACTORY,invalid_event_end_date
KOPuf5jqb,uf5jqb,2025-2026 서울광장 스케이트장,invalid_event_end_date
KOPl2d30r,l2d30r,2025 강남 미디어 윈터페스타,invalid_event_end_date
KOP91xruo,91xruo,K-Pop Festival Night,invalid_event_end_date
KOPublb1r,ublb1r,케이팝 데몬 헌터스 서울 공식 팝업,invalid_event_end_date
KOP5p75y1,5p75y1,2025 BUKCHON HUNTERS TOUR,invalid_event_end_date
KOPel0vjp,el0vjp,서울 하이킹 위크 2025,invalid_event_end_date
KOP90yndo,90yndo,2025 서울뮤직페스티벌,invalid_event_end_date
KOPe517qj,e517qj,서울 투어 마불,invalid_event_end_date
KOP5bs8hr,5bs8hr,2025 서울빛초롱축제,invalid_event_end_date
KOPlyiwjs,lyiwjs,2025 광화문 마켓,invalid_event_end_date
KOPju3txc,ju3txc,똥깡아지 메주 팝업스토어 '메주네 집앞 농장',invalid_event_end_date
KOPi27lxi,i27lxi,2025 한국장단음악축제 <장단유희>,invalid_event_end_date
KOPabat1g,abat1g,2025 서울뷰티트래블위크,invalid_event_end_date
KOPxzfzdq,xzfzdq,서울디자인위크 x 서울디자인페스티벌 SEOUL DESIGN SPOT,invalid_event_end_date
KOPd4iz7q,d4iz7q,비짓서울클럽(Visit Seoul Club),invalid_event_end_date
KOPo8zg3e,o8zg3e,2025 서울라이트 한강 빛섬축제,invalid_event_end_date
KOP7oh7m6,7oh7m6,서울거리예술축제2025,invalid_event_end_date
KOPowahwd,owahwd,2025 서울어텀페스타,invalid_event_end_date
KOPiypjiu,iypjiu,서울세계불꽃축제 2025,invalid_event_end_date
KOP7dhgbq,7dhgbq,DDP 가을축제 : 디자인 라운지,invalid_event_end_date
KOPwouw6k,wouw6k,제2회 가락옥토버페스트 미식야행,invalid_event_end_date
KOP17x9y2,17x9y2,2025 문경사과축제,invalid_event_end_date
KOPli8otb,li8otb,Seoul Blossom,invalid_event_end_date
KOPupk10b,upk10b,2025 서울패션페스타,invalid_event_end_date
KOP5buaxv,5buaxv,2025 서울 헌터스 페스티벌,invalid_event_end_date
KOP7o2zqn,7o2zqn,글로벌 아트&테크 축제: 퓨추라캔버스 2025 (FuturaCanvas 2025),invalid_event_end_date
KOPm9xt2z,m9xt2z,2025 서울 익스트림 스포츠 페스티벌,invalid_event_end_date
KOPrgdodv,rgdodv,로컬트립 목금토,invalid_event_end_date
KOPmq7d4n,mq7d4n,웰컴 올 이태원 온스테이지,invalid_event_end_date
KOPpw022t,pw022t,2025 천호자전거거리 가을바람  라이딩 챌린지,invalid_event_end_date
KOP9rin2d,9rin2d,2025 누구나 세종썸머페스티벌,invalid_event_end_date
KOPuxr3lm,uxr3lm,2025 케미스트릿 팝업,invalid_event_end_date
KOP5cs9sl,5cs9sl,남산골 회혼례 《백년해로》 Traditional wedding event : Enduring Love,invalid_event_end_date
KOPqugxsa,qugxsa,문학주간 2025 《도움―닿기》,invalid_event_end_date
KOPmqluhg,mqluhg,서울 스마트라이프위크 (SLW) 2025,invalid_event_end_date
KOP18eliy,18eliy,DDP 건축투어,invalid_event_end_date
KOP8x43k3,8x43k3,서울라이트 DDP 2025 여름,invalid_event_end_date
KOP4jbe7i,4jbe7i,2025 계룡군문화축제,invalid_event_end_date
KOP6i1745,6i1745,DDP 여름축제 : 디자인 홀리데이,invalid_event_end_date
KOPjyzo8y,jyzo8y,제22회 서울국제실험영화페스티벌 EXiS 2025,invalid_event_end_date
KOPp76rr1,p76rr1,서울야외도서관 : 책읽는 맑은냇가,invalid_event_end_date
KOPb3jzj8,b3jzj8,2025 서울썸머비치 (SEOUL SUMMER BEACH),invalid_event_end_date
KOPsi8g44,si8g44,2025 서울국제작가축제 <보 이 는 것 보 다 (  )>,invalid_event_end_date
KOP5up1as,5up1as,K콘텐츠 서울여행주간 : 소울스팟을 찾아라! K-CONTENTS SEOUL TRAVEL WEEK: FIND YOUR SOUL SPOT!,invalid_event_end_date
KOPij9ftj,ij9ftj,2025 서울시향 얍 판 츠베덴과 아우구스틴 하델리히 ①,invalid_event_end_date
KOPrjc7fx,rjc7fx,2025 서울시향 얍 판 츠베덴과 김봄소리 ②,invalid_event_end_date
KOP6sf3h8,6sf3h8,2025 서울시향 얍 판 츠베덴과 김봄소리 ①,invalid_event_end_date
KOPwku0fa,wku0fa,2025 안동국제탈춤페스티벌,invalid_event_end_date
KOPcxbf7c,cxbf7c,제28회 보령머드축제,invalid_event_end_date
KOP1hx4ns,1hx4ns,제18회 세계태권도문화엑스포,invalid_event_end_date
KOP5vd27p,5vd27p,2025 서울시향 얍 판 츠베덴과 박재홍 ②,invalid_event_end_date
KOPqrmqev,qrmqev,2025 서울시향 얍 판 츠베덴과 박재홍 ①,invalid_event_end_date
KOPsomli7,somli7,2025 서울시향 윤한결의 모차르트와 슈트라우스,invalid_event_end_date
KOPwtynql,wtynql,2025 서울시향 림스키코르사코프 '셰에라자드' ②,invalid_event_end_date
KOPzvf3tr,zvf3tr,2025 서울시향 브람스와 리하르트 슈트라우스,invalid_event_end_date
KOPq5t7lx,q5t7lx,2025 서울시향 임지영의 베토벤 바이올린 협주곡,invalid_event_end_date
KOP22ryfp,22ryfp,2025 서울시향 에드워드 가드너와 제임스 에네스 ②,invalid_event_end_date
KOPy8syrk,y8syrk,2025 서울시향 얍 판 츠베덴과 아우구스틴 하델리히 ②,invalid_event_end_date
KOPkwom23,kwom23,2025 서울시향 에드워드 가드너와 제임스 에네스 ①,invalid_event_end_date
KOPdrtub1,drtub1,풍납 조각페스티벌,invalid_event_end_date
KOPs42gr9,s42gr9,가락몰 야외음악회 가락테이블콘서트,invalid_event_end_date
KOPwna114,wna114,가락몰 야외도서관 가락서가,invalid_event_end_date
KOPbmsovc,bmsovc,서울국악축제,invalid_event_end_date
KOPw9m49o,w9m49o,2025년도 상반기 혼례 시연 <여름빛 한옥에서 보내온 청첩장>,invalid_event_end_date
KOP7mh35y,7mh35y,2025 서울관광 푸드 페스티벌(Picnic on the Bridge),invalid_event_end_date
KOP67bnxw,67bnxw,K-패션&뷰티 코칭스테이션,invalid_event_end_date
KOPt7q4fa,t7q4fa,서울썸머바이브,invalid_event_end_date
KOPvfdcgs,vfdcgs,2025 서울시 태권도 상설공연,invalid_event_end_date
KOPperudz,perudz,2025 서울스프링페스타,invalid_event_end_date
KOP2l80dq,2l80dq,2025 서울세계도시문화축제,invalid_event_end_date
KOPrjv9l2,rjv9l2,제17회 중랑 서울 장미 축제,invalid_event_end_date
KOP041939,041939,서울뷰티트래블위크,invalid_event_end_date
KOP041733,041733,2022 서울뷰티위크,invalid_event_end_date
KOP041732,041732,서울디자인 2022,invalid_event_end_date
KOP041711,041711,2022 강남페스티벌,invalid_event_end_date
KOP040210,040210,시가 내린 숲,invalid_event_end_date
KOP039867,039867,서울멋쟁이,invalid_event_end_date
KOP039735,039735,경계에 핀 꽃,invalid_event_end_date
KOP039064,039064,2021서울국제불교박람회,invalid_event_end_date
KOP038467,038467,정원 만들기 GARDENING,invalid_event_end_date
KOP038074,038074,정상화,invalid_event_end_date
KOP037866,037866,서울일러스트레이션페어,invalid_event_end_date
KOP037833,037833,"경춘선, 엠티의 추억",invalid_event_end_date
KOP037605,037605,연등회,invalid_event_end_date
KOP037592,037592,2021 창덕궁 달빛 기행,invalid_event_end_date
KOP036917,036917,2021 CRE8TIVE REPORT,invalid_event_end_date
KOP036854,036854,두산아트랩 2021,invalid_event_end_date
KOP034781,034781,일어나 올라가,invalid_event_end_date
KOPi7ar6v,i7ar6v,서울시립 북서울미술관 어린이 전시 멜라니 보나요 ≪터치미텔≫,invalid_event_end_date
KOP4i105w,4i105w,《사유의 공간 : 정신적 영역으로 열어가는 비움 (Reflective Space : Void Towards The Realm of The Mind) 》,invalid_event_end_date
KOP8w111p,8w111p,민병헌 개인전 <남녘유람>,invalid_event_end_date
KOPhonaqg,honaqg,[S-TCEP]장소의 순환 : 2023 서울라이트 DDP 차세대 미디어아티스트 전시,invalid_event_end_date
KOPuucrur,uucrur,[S-TCEP]DDP 소장품전 VOL.1 <br>＜TELE+VISION 내일의 기억＞,invalid_event_end_date
KOPg939wm,g939wm,[S-TCEP]진달래&박우혁: 코스모스,invalid_event_end_date
KOPg8vzum,g8vzum,[S-TCEP]<팬데믹 × 디자인 + 미래>,invalid_event_end_date
KOP3e60eb,3e60eb,"[S-TCEP]HELLO, CREATORS! 서울디자인창업센터 및 입주기업 전시 1부",invalid_event_end_date
KOPw34ngk,w34ngk,[S-TCEP]DDP협력전시 [Visualizing the invisible : 일상화된 건축의 관찰과 기록 ],invalid_event_end_date
KOP12kduj,12kduj,"[S-TCEP]내셔널지오그래픽 사진전 <br>＜포토아크, 너의 이름은＞",invalid_event_end_date
KOPlim9ah,lim9ah,[S-TCEP]셀럽이 사랑한 Bag&Shoes,invalid_event_end_date
KOPk84x00,k84x00,아! 좋다 I like it,invalid_event_end_date
KOP042540,042540,2022 서울 빛초롱,invalid_event_end_date
KOP040581,040581,포에틱 AI,invalid_event_end_date
KOP040579,040579,The Color Spot : 꿈속의 자연,invalid_event_end_date
KOP040569,040569,송은문화재단 소장품전 Past. Present. Future.,invalid_event_end_date
KOP040295,040295,INSTANT DETECTION,invalid_event_end_date
KOP040285,040285,아이 웨이웨이: 인간미래,invalid_event_end_date
KOP040284,040284,"상어, 새로이 일주하다 Shark, Bite the New World",invalid_event_end_date
KOP040283,040283,"우연히 웨스 앤더슨: <br>어디에 있든, 영감은 당신 눈앞에 있다",invalid_event_end_date
KOP040209,040209,박수근: 봄을 기다리는 나목,invalid_event_end_date
KOP039903,039903,굴러가는 검은 돌,invalid_event_end_date
KOP039901,039901,"도성의 서쪽 문, 헐값에 팔리다",invalid_event_end_date
KOP039899,039899,"한양의 상징대로, 육조거리",invalid_event_end_date
KOP039898,039898,어느 도시학자가 꿈 꾼 서울,invalid_event_end_date
KOP039864,039864,마야 : 신성한 도시 - 타칼리크 아바흐,invalid_event_end_date
KOP039307,039307,dreamer.3:45am,invalid_event_end_date
KOP039101,039101,2021 서울로미디어캔버스 3회 전시,invalid_event_end_date
KOP038781,038781,다시 일상을 꿈꾸며,invalid_event_end_date
KOP038455,038455,움직임을 만드는 움직임,invalid_event_end_date
KOP038454,038454,MMCA 이건희컬렉션 특별전: 한국미술명작,invalid_event_end_date
KOP038443,038443,무민 오리지널: 무민 75주년 특별 원화전,invalid_event_end_date
KOP038441,038441,제인 진 카이젠: 이별의 공동체,invalid_event_end_date
KOP038435,038435,불가리 컬러 전시회(BVLGARI COLORS),invalid_event_end_date
KOP038202,038202,"화신백화점, 사라진 종로의 랜드마크",invalid_event_end_date
KOP038110,038110,블루룸 (BLUE ROOM),invalid_event_end_date
KOP038107,038107,요시고 사진전: 따뜻한 휴일의 기록,invalid_event_end_date
KOP038094,038094,손끝으로 이어가는 서울의 공예,invalid_event_end_date
KOP038093,038093,"공예, 시간과 경계를 넘다",invalid_event_end_date
KOP038071,038071,호민과 재환,invalid_event_end_date
KOP038067,038067,마주보기,invalid_event_end_date
KOP038051,038051,"안녕, 모란",invalid_event_end_date
KOP038050,038050,유연한 상상,invalid_event_end_date
KOP038047,038047,솔리드 시티,invalid_event_end_date
KOP037956,037956,마르첼로 바렌기 展,invalid_event_end_date
KOP037903,037903,환영 幻影 : 실재와 환상의 사이,invalid_event_end_date
KOP037902,037902,피카소 탄생 140주년 특별전,invalid_event_end_date
KOP037899,037899,The Beatles by Robert Whitaker,invalid_event_end_date
KOP037865,037865,도성 제1의 다리 광통교,invalid_event_end_date
KOP037824,037824,윌리엄 웨그만 비잉휴먼,invalid_event_end_date
KOP037823,037823,[BTS X JAMES JEAN] SEVEN PHASES,invalid_event_end_date
KOP037795,037795,"모래섬, 비행장, 빌딩숲 여의도",invalid_event_end_date
KOP037794,037794,나무 인형의 비밀 - 체코 마리오네트,invalid_event_end_date
KOP037603,037603,"맥스 달튼, 영화의 순간들",invalid_event_end_date
KOP037695,037695,호모 사피엔스 : 진화∞ 관계& 미래,invalid_event_end_date
KOP037607,037607,Flowers by Naked,invalid_event_end_date
KOP037686,037686,"시대의 얼굴, 셰익스피어에서 에드 시런까지",invalid_event_end_date
KOP037595,037595,라이프 사진전,invalid_event_end_date
KOP037540,037540,"각자성석, 돌에 새긴 축성의 기록",invalid_event_end_date
KOP037380,037380,Artist Prologue 2021,invalid_event_end_date
KOP037379,037379,"불혹, 미혹하다 4th The Forties: Alluring Moments",invalid_event_end_date
KOP037377,037377,시간의 피부,invalid_event_end_date
KOP037376,037376,앤디 워홀: 비기닝 서울,invalid_event_end_date
KOP037375,037375,여행갈까요,invalid_event_end_date
KOP037199,037199,기후위기 오다,invalid_event_end_date
KOP037041,037041,스트릿 노이즈,invalid_event_end_date
KOP036958,036958,팀랩:라이프,invalid_event_end_date
KOP036938,036938,맥 : 혼과 물질 그리고 소리,invalid_event_end_date
KOP036913,036913,"Hullo Hullo, Following on: 로즈 와일리展",invalid_event_end_date
KOP036826,036826,간직해온 마음들,invalid_event_end_date
KOP036811,036811,Ocragela : 네덜란드의 지속가능한 디자인,invalid_event_end_date
KOP036784,036784,퓰리처상 사진전 앵콜전시,invalid_event_end_date
KOP036600,036600,한양을 지켜라,invalid_event_end_date
KOP036050,036050,ㄱ의 순간,invalid_event_end_date
KOP036046,036046,"추상을 말해요, 칸딘스키",invalid_event_end_date
KOP035451,035451,여행갈까요,invalid_event_end_date
KOP034908,034908,흙의 숨결,invalid_event_end_date
KOP034906,034906,풍경의 이면,invalid_event_end_date
KOP034905,034905,"1978, 우리 가족의 라디오",invalid_event_end_date
KOP034783,034783,Between Dreamy and Dreary,invalid_event_end_date
KOP034769,034769,제11회 일우사진상 수상작가전 안종현: 당신으로부터 나의 거리,invalid_event_end_date
KOP034768,034768,모두의 전람회: 그럼에도 변하지 않은 것들展,invalid_event_end_date
KOP034311,034311,모네에서 세잔까지,invalid_event_end_date
KOP034176,034176,"<운종가 입전, 조선의 갓을 팔다>",invalid_event_end_date
KOP034116,034116,My Dear 피노키오展,invalid_event_end_date
KOP034115,034115,송영수 50주기 특별전<br> <상념의 공간: 조각가의 스케치북>,invalid_event_end_date
KOP034113,034113,새일꾼 1948-2020 : <br>여러분의 대표를 뽑아 국회로 보내시오,invalid_event_end_date
KOP034112,034112,미술관에 書: 한국 근현대 서예전,invalid_event_end_date
KOP034075,034075,한양도성의 어제와 오늘,invalid_event_end_date
KOP034069,034069,"《역사가 우리를 망쳐 놨지만 그래도 상관없다 History Has Failed Us, but No Matter》",invalid_event_end_date
KOP034068,034068,"조선, 역병에 맞서다",invalid_event_end_date
KOP034018,034018,"연남, 바람불어 좋은 날",invalid_event_end_date
KOP032637,032637,"차가웠던 그 시절, 영맨들의 뜨거웠던 움직임",invalid_event_end_date
KOPeqs95r,eqs95r,어반브레이크 2025,invalid_event_end_date
KOPvvwvnl,vvwvnl,2025 서울식물원 해봄축제,invalid_event_end_date
KOPvks6fk,vks6fk,제2회 전국빵지자랑,invalid_event_end_date
KOPosw1ub,osw1ub,한강야경투어,invalid_event_end_date
KOPvaxs41,vaxs41,2025 DDP 봄축제: 디자인 테마파크,invalid_event_end_date
KOPh9mvb4,h9mvb4,2025 문화가 흐르는 노들 예술섬 <노들노을스테이지: 봄날의 K-비트>,invalid_event_end_date
KOPt9arya,t9arya,2025 한강 드론 라이트 쇼,invalid_event_end_date
KOPh8bdsu,h8bdsu,2025 동대문구 봄꽃축제,invalid_event_end_date
KOPvw7jhb,vw7jhb,2025 양재천 벚꽃 등(燈) 축제,invalid_event_end_date
KOPd0i6z8,d0i6z8,2025 호수벚꽃축제,invalid_event_end_date
KOPi94zwj,i94zwj,2025 영등포 여의도 봄꽃축제,invalid_event_end_date
KOPgo8tq8,go8tq8,서울가든페스타,invalid_event_end_date
KOPp0yq43,p0yq43,2025 서울대공원 벚꽃축제,invalid_event_end_date
KOPwo6zsy,wo6zsy,2025 서울국제정원박람회,invalid_event_end_date
KOPwray9z,wray9z,제 7회 대한민국맥주박람회,invalid_event_end_date
KOPj691jr,j691jr,2025 천호자전거거리 벚꽃라이딩챌린지,invalid_event_end_date
KOPqxfa1a,qxfa1a,2025 서울 AI 페스타,invalid_event_end_date
KOP1x90yb,1x90yb,제2회 쉬엄쉬엄 한강 3종 축제,invalid_event_end_date
KOP0f1okn,0f1okn,2024 서울광장 스케이트장,invalid_event_end_date
KOPxn55dm,xn55dm,관악별빛산책,invalid_event_end_date
KOPdmxe9f,dmxe9f,2024 서울빛초롱축제,invalid_event_end_date
KOPa6e8w5,a6e8w5,2024 크리스마스 Wonderful Showtime,invalid_event_end_date
KOPo90hvw,o90hvw,2024 DDP 디자인마켓,invalid_event_end_date
KOPjcupa6,jcupa6,2024 남산골 세시울림 <동지섣달>,invalid_event_end_date
KOP6mjk9h,6mjk9h,K-BEAUTY 100-UP 팝업스토어,invalid_event_end_date
KOPxcm3vg,xcm3vg,2024 한강페스티벌 겨울,invalid_event_end_date
KOPza8zf4,za8zf4,서울라이트 광화문,invalid_event_end_date
KOP8hdw8f,8hdw8f,서울라이트 DDP 2024 겨울,invalid_event_end_date
KOPhoqolx,hoqolx,'K-POP & FOOD' TOUR in SINCHON,invalid_event_end_date
KOPbxy1hw,bxy1hw,Lotte World Happy Christmas Parade,invalid_event_end_date
KOPuakjav,uakjav,Burning Beaver 2024,invalid_event_end_date
KOPnjhfip,njhfip,어제의 이야기 오늘의 소리 내일의 기억,invalid_event_end_date
KOPurjpne,urjpne,2024 서울윈터페스타,invalid_event_end_date
KOPlvxzu1,lvxzu1,'K-POP & FOOD' TOUR in SINCHON,invalid_event_end_date
KOPx9le3r,x9le3r,2024 광화문 마켓,invalid_event_end_date
KOPszqghv,szqghv,2024 서울미식주간,invalid_event_end_date
KOPewc7n6,ewc7n6,서울 라이프스타일 투어 엔터테이너 주간,invalid_event_end_date
KOPxltb2s,xltb2s,"호수의 가을과 겨울, 그리고 루미나리에",invalid_event_end_date
KOP4beh85,4beh85,2024 서울 익스트림스포츠 페스티벌,invalid_event_end_date
KOP8434up,8434up,백인제가옥 '북촌음악회-추상',invalid_event_end_date
KOPp015xr,p015xr,신세계백화점 2024 크리스마스 라이츠,invalid_event_end_date
KOP540sb3,540sb3,가락옥토버페스트 캠핑축제,invalid_event_end_date
KOP3ntu1y,3ntu1y,서울 라이프스타일 투어 트렌드세터 주간,invalid_event_end_date
KOPj42m2g,j42m2g,2024 서울라이트 한강 빛섬축제,invalid_event_end_date
KOPd4djgn,d4djgn,2024 서울국제공연예술제 SPAF,invalid_event_end_date
KOPwkpe4p,wkpe4p,서울세계불꽃축제 2024,invalid_event_end_date
KOP7uoiws,7uoiws,2024 서울함 페스티벌 가을편,invalid_event_end_date
KOPzk2gs0,zk2gs0,2024 한강 종이비행기 축제,invalid_event_end_date
KOPouzrxk,ouzrxk,2024 남산골 전통혼례 시연 <혼인잔치: 가을편>,invalid_event_end_date
KOPyd76o6,yd76o6,한가위 한마당,invalid_event_end_date
KOPf4csis,f4csis,2024 책읽는 한강공원,invalid_event_end_date
KOP4w6gle,4w6gle,2024 운현궁 한가위 민속한마당,invalid_event_end_date
KOPi1d597,i1d597,2024 남산골 한가위축제: 삼삼오락,invalid_event_end_date
KOP34zv8u,34zv8u,2024 서울뷰티트래블위크,invalid_event_end_date
KOPdr6nn0,dr6nn0,강남아트 2024,invalid_event_end_date
KOP0ix3cs,0ix3cs,음악이 보인다 과학이 들린다,invalid_event_end_date
KOPughngc,ughngc,2024 창덕궁 달빛기행,invalid_event_end_date
KOPug150d,ug150d,2024 제로플(ZERO+) 뚝섬나눔장터,invalid_event_end_date
KOP668j32,668j32,Kiaf SEOUL 2024,invalid_event_end_date
KOP2pvupp,2pvupp,DDP 디자인&아트,invalid_event_end_date
KOP9cyuk4,9cyuk4,2024 제6회 서울국악축제,invalid_event_end_date
KOP6veyy2,6veyy2,2024 서울 국제 주얼리&액세서리 쇼,invalid_event_end_date
KOPq3vy8l,q3vy8l,2024 밤의 수문장,invalid_event_end_date
KOPqsxdzp,qsxdzp,글로벌 아트&테크 축제_FuturaCanvas #0,invalid_event_end_date
KOPwam7wq,wam7wq,한일축제한마당 2024 in Seoul,invalid_event_end_date
KOP09c5od,09c5od,서울라이트 DDP 2024 가을 “퓨처로그 Future Log”,invalid_event_end_date
KOPlggwoh,lggwoh,[예술품은 매력정원] 어반스케치로 함께하는 미술이 펼쳐지는 정원,invalid_event_end_date
KOPe11y5c,e11y5c,2024 문화가 흐르는 서울광장,invalid_event_end_date
KOPrz1ia1,rz1ia1,2024 서울 버스커 페스티벌,invalid_event_end_date
KOPr3z23y,r3z23y,문학주간 2024  <스핀오프>,invalid_event_end_date
KOPm3o5t9,m3o5t9,2024 서대문독립축제,invalid_event_end_date
KOPokabjm,okabjm,2024 서울거리공연 구석구석 라이브,invalid_event_end_date
KOPvvk5xk,vvk5xk,2024 신촌글로벌대학문화축제(SWYFT),invalid_event_end_date
KOPt9sp7g,t9sp7g,2024 서울썸머비치,invalid_event_end_date
KOP34w5l3,34w5l3,남산봉수의식 등 전통문화행사,invalid_event_end_date
KOPy0v1xv,y0v1xv,K-푸드 페스티벌 넉넉,invalid_event_end_date
KOPmplk7i,mplk7i,DDP 여름축제: 디자인 바이브,invalid_event_end_date
KOP7t6vhu,7t6vhu,서울야외도서관: 책읽는 맑은냇가,invalid_event_end_date
KOP2ibx5g,2ibx5g,서울야외도서관: 광화문 책마당,invalid_event_end_date
KOPx6r366,x6r366,서울야외도서관: 책읽는 서울광장,invalid_event_end_date
KOP55wi0c,55wi0c,아시아프 ASYAAF,invalid_event_end_date
KOPl388rc,l388rc,2024 한강여름페스티벌,invalid_event_end_date
KOP79fs02,79fs02,제21회 서울국제실험영화페스티벌 EXiS2024,invalid_event_end_date
KOPh2y3bi,h2y3bi,서울프린지페스티벌2024,invalid_event_end_date
KOPfa8ilz,fa8ilz,2024 한강수영장·물놀이장 개장,invalid_event_end_date
KOPtl0733,tl0733,2024 한여름의 과학관,invalid_event_end_date
KOP2u2r2h,2u2r2h,한강무소음DJ 파티,invalid_event_end_date
KOP3lfvr5,3lfvr5,K-푸드페스타 in 서울 2024,invalid_event_end_date
KOPkyfuzd,kyfuzd,남산 국악의 밤,invalid_event_end_date
KOP2wsdrm,2wsdrm,2024 남산골 한옥마을 태권도 상설공연,invalid_event_end_date
KOPyanjke,yanjke,2024 실내악축제,invalid_event_end_date
KOP7gsazt,7gsazt,한강역사탐방,invalid_event_end_date
KOPir0xf7,ir0xf7,2024 메이커 페어 서울,invalid_event_end_date
KOP4i0vkb,4i0vkb,2024 서울국제도서전,invalid_event_end_date
KOPcpqr6v,cpqr6v,위클리 클래식 페스티벌,invalid_event_end_date
KOPojy0pl,ojy0pl,서울K-가족축제,invalid_event_end_date
KOP5e2vd2,5e2vd2,2024 프랑스 거리음악축제,invalid_event_end_date
KOPogtmed,ogtmed,2024 보드게임콘,invalid_event_end_date
KOPzmyq0x,zmyq0x,아시테지 국제여름축제,invalid_event_end_date
KOP2baond,2baond,2024 서울식품유통대전,invalid_event_end_date
KOP75wu2z,75wu2z,2024 서울국제작가축제  <입자와 파동>,invalid_event_end_date
KOPfq3jd6,fq3jd6,2024 유기농데이,invalid_event_end_date
KOPak7n80,ak7n80,2024 정동야행,invalid_event_end_date
KOPjmzriz,jmzriz,2024 서울드럼페스티벌,invalid_event_end_date
KOPuaffrd,uaffrd,2024 중앙아시아 봄맞이축제,invalid_event_end_date
KOP2edonl,2edonl,중랑 서울장미축제,invalid_event_end_date
KOP41j6yy,41j6yy,서울비댄스페스티벌(B.DANCE SEOUL),invalid_event_end_date
KOPwkfim8,wkfim8,서울페스타 2024,invalid_event_end_date
KOP9rq48q,9rq48q,서울시립과학관 2024 사이언스 페스티벌,invalid_event_end_date
KOPuxl99i,uxl99i,제10회 한국축제&여행박람회 (K-Festival 2024),invalid_event_end_date
KOP6gju6o,6gju6o,DDP 봄축제: 디자인 동물원,invalid_event_end_date
KOP69sepr,69sepr,돈화문음악극축제,invalid_event_end_date
KOPzdxr30,zdxr30,BLOSSOM TOWER,invalid_event_end_date
KOP2k22mv,2k22mv,[동대문문화재단] 2024 제45회 선농대제,invalid_event_end_date
KOP20wj5b,20wj5b,도서관의 날. 도서관 주간,invalid_event_end_date
KOP6bkw6e,6bkw6e,2024년 경복궁 별빛야행,invalid_event_end_date
KOPm4anqb,m4anqb,창덕궁 달빛기행,invalid_event_end_date
KOPbilbir,bilbir,2024 봄 궁중문화축전,invalid_event_end_date
KOPi72wli,i72wli,2024 서울스프링실내악축제,invalid_event_end_date
KOP9ecocj,9ecocj,2024 나루 스트릿 댄스 페스티벌,invalid_event_end_date
KOPm679in,m679in,불광천 벚꽃축제 '은평의 봄',invalid_event_end_date
KOPeyonkp,eyonkp,양재아트살롱,invalid_event_end_date
KOPaqoik3,aqoik3,2024 서울대공원 벚꽃축제,invalid_event_end_date
KOPy4azfk,y4azfk,2024 서대문 봄빛축제 '봄빛 서대문에서 만나봄',invalid_event_end_date
KOPfm6ot9,fm6ot9,무브살롱 시즌3 벚꽃다이닝,invalid_event_end_date
KOP97iwrz,97iwrz,2024서울국제정원박람회,invalid_event_end_date
KOP6zaf2d,6zaf2d,서울윈타(서울윈터페스타) 2023,invalid_event_end_date
KOP4djkt0,4djkt0,2023 송현동 솔빛축제,invalid_event_end_date
KOPihn82t,ihn82t,DDP 겨울축제,invalid_event_end_date
KOP9a13z1,9a13z1,"대한민국 소프트웨어대전, 소프트웨이브 2023",invalid_event_end_date
KOPwhbxuu,whbxuu,서울라이트 DDP 2023 겨울,invalid_event_end_date
KOPbep2ul,bep2ul,2023 엄마아빠 행복 프로젝트 <11월 엄마아빠 예술로 함께>,invalid_event_end_date
KOPyengwf,yengwf,제22회 서울카페쇼,invalid_event_end_date
KOPj1wjif,j1wjif,2023 엄마아빠 행복 프로젝트 <10월 엄마아빠 행복 페스티벌>,invalid_event_end_date
KOPxrk7ri,xrk7ri,2023 열린지역축제 「오! 해피데이」,invalid_event_end_date
KOP4055ea,4055ea,[서울시립과학관 ] 2023 과학·문화가 있는 날 月刊夜水 : 월간야수,invalid_event_end_date
KOP0862n6,0862n6,한국전통혼례 재현 및 체험,invalid_event_end_date
KOPs5w668,s5w668,2023 정동야행,invalid_event_end_date
KOPp6q6zb,p6q6zb,추석맞이 서울 도심 등산관광센터 전통놀이 이벤트,invalid_event_end_date
KOP0zndmn,0zndmn,2023 서울 웰니스 위크-당신의 웰니스를 찾아서,invalid_event_end_date
KOPafmxzm,afmxzm,2023 정조대왕 능행차 공동재현,invalid_event_end_date
KOPbdorfj,bdorfj,2023 명동맥주페스티벌,invalid_event_end_date
KOPu6nuxw,u6nuxw,2023 서울뷰티트래블위크,invalid_event_end_date
KOP4ihthd,4ihthd,2023 웰컴대학로,invalid_event_end_date
KOPjgo716,jgo716,2023 서울국제음악제 '낭만에 관하여',invalid_event_end_date
KOP0lau68,0lau68,2023 한강 불빛 공연(드론 라이트 쇼),invalid_event_end_date
KOP3r44bo,3r44bo,2023 메이커 페어 서울,invalid_event_end_date
KOP999nht,999nht,2023 서울미식주간(Taste of Seoul 2023),invalid_event_end_date
KOP5cko7t,5cko7t,2023 엄마아빠 행복 프로젝트 <9월 엄마아빠 예술로 함께> 참여 안내,invalid_event_end_date
KOPv2hlgq,v2hlgq,2023 남산 NIGHT WALK,invalid_event_end_date
KOPnm6ln1,nm6ln1,한일축제한마당 2023 in Seoul,invalid_event_end_date
KOP6qxf92,6qxf92,2023 인터참코리아(InterCHARM Korea 2023),invalid_event_end_date
KOPbu6jmp,bu6jmp,2023 한강페스티벌_여름,invalid_event_end_date
KOPuuwd7b,uuwd7b,2023 엔틱&아트페어,invalid_event_end_date
KOPgh3zcm,gh3zcm,2023 서울썸머비치 (SEOUL SUMMER BEACH),invalid_event_end_date
KOPscyp2t,scyp2t,스포츠 IN 아트스테이션- KPOP과 함께 여름 타파!,invalid_event_end_date
KOPg3spq1,g3spq1,스포츠 IN 아트스테이션-비보이와 함께 여름 BREAKING!,invalid_event_end_date
KOPfdipes,fdipes,2023 케이펫페어 서울(코엑스),invalid_event_end_date
KOPd4b9rs,d4b9rs,2023 물총축제,invalid_event_end_date
KOPn1nhc4,n1nhc4,2023 서울국제작가축제  <언어의 다리를 건너>,invalid_event_end_date
KOPg6pf2h,g6pf2h,2023 엄마아빠 행복 프로젝트 <6월 엄마아빠 예술로 함께> 참여 안내,invalid_event_end_date
KOPmkswy0,mkswy0,2023 서울시립교향악단 강변음악회,invalid_event_end_date
KOPpfo1tq,pfo1tq,한강 달빛 야시장,invalid_event_end_date
KOPqu0isp,qu0isp,Seoul in Purple <br>– 서울과 함께하는 BTS 10주년 FESTA,invalid_event_end_date
KOPfsaf5d,fsaf5d,2023 서울비보이페스티벌 개최,invalid_event_end_date
KOPpgsixu,pgsixu,2023 엄마아빠 행복 프로젝트 <5월 엄마아빠 행복 페스티벌> 참여 안내,invalid_event_end_date
KOP7lnu4q,7lnu4q,엄마아빠행복프로젝트 2023 시민국악강좌 <br><남산 율방>,invalid_event_end_date
KOPvescrj,vescrj,서울장미축제,invalid_event_end_date
KOPvv2ijx,vv2ijx,2025 연등회(燃燈會),invalid_event_end_date
KOP6d6fpt,6d6fpt,2023년 경복궁 생과방 <br>- 경복궁에서 마주한 특별한 시간,invalid_event_end_date
KOP5gd6qo,5gd6qo,30회 서울디저트페어 [초코&바나나],invalid_event_end_date
KOPady6nu,ady6nu,창덕궁 달빛기행,invalid_event_end_date
KOPm4wwtb,m4wwtb,경복궁 야간관람,invalid_event_end_date
KOP45cpn8,45cpn8,밤의 석조전,invalid_event_end_date
KOPe44ws3,e44ws3,2023 궁중문화축전,invalid_event_end_date
KOP7vjdwh,7vjdwh,29회 서울디저트페어 [벚꽃&딸기],invalid_event_end_date
KOPgol6m9,gol6m9,2023 남산소리극축제,invalid_event_end_date
KOP7y1k7s,7y1k7s,2023 서울드럼페스티벌,invalid_event_end_date
KOP88upuz,88upuz,서울페스타 2023,invalid_event_end_date
KOPpclfxn,pclfxn,캣워크 페스타 (C.at Work Festa),invalid_event_end_date
KOPyeex1b,yeex1b,2023 서울빛초롱축제,invalid_event_end_date
KOP042233,042233,제1회 서울융합예술페스티벌 <br>언폴드엑스(Unfold X)2022,invalid_event_end_date
KOP032694,032694,제6회 서울 살롱 뒤 쇼콜라<br>(Salon du Chocolat Seoul 2020),invalid_event_end_date
KOP031818,031818,"My One More Trip, My Experience<br>- Picture Contents Event",invalid_event_end_date
KOP031380,031380,2019 가을 여행주간 ‘DMZ 평화나들이’ <br>참가자 모집공고,invalid_event_end_date
KOP025373,025373,서울-예테보리 국제교류전 <br><아이 캔 두잇! (I Can Do It!)>,invalid_event_end_date
KOP024812,024812,"남산골한옥마을 정월대보름 행사 <br><뜨겁게, 춤추고, 소망하라>",invalid_event_end_date
KOP024145,024145,서울역사문화특별전<br> <운현궁-하늘과의 거리 한 자 다섯 치>,invalid_event_end_date
KOP021388,021388,"선인들의 마음, 보물이 되다 <br>-新國寶寶物展 2014~2016-",invalid_event_end_date
KOP016742,016742,MBC World 방송테마파크 투어,invalid_event_end_date
KOPj1x46v,j1x46v,2023 서울드럼페스티벌,invalid_event_end_date
KOP042906,042906,ONE & ALL,invalid_event_end_date
KOP042886,042886,이경미 개인전 《The Best is yet to Come》,invalid_event_end_date
KOP042877,042877,김종구 작가 초대전 《Fe-공중산수》,invalid_event_end_date
KOP042723,042723,《최민 컬렉션: 다르게 보기》,invalid_event_end_date
KOP042701,042701,"숨, 쉬다 : 순수로 가는 여정",invalid_event_end_date
KOP042699,042699,《강석호: 3분의 행복》,invalid_event_end_date
KOP042692,042692,마이 소울 피규어(My Soul Figure),invalid_event_end_date
KOP042665,042665,삐에로로랑 첫번째 이야기 <MAISON DE LAURENT 메종드로랑>,invalid_event_end_date
KOP042339,042339,바르도 뉴메호 (Numéro BARDOT),invalid_event_end_date
KOP042181,042181,2022 이웃사랑 나눔콘서트,invalid_event_end_date
KOP042176,042176,2022 타이틀 매치: 임흥순 vs. 오메르 파스트 ≪컷!≫,invalid_event_end_date
KOP042143,042143,Kev Munday 개인전 <Making a Scene>,invalid_event_end_date
KOP042071,042071,최동하 작가 개인전<어른아이 9회展 >,invalid_event_end_date
KOP041860,041860,2022년 제9회 세계거리춤축제,invalid_event_end_date
KOP041813,041813,"5인, 5색 POPISM",invalid_event_end_date
KOP041779,041779,2022 한국문화축제,invalid_event_end_date
KOP041706,041706,색면 추상: 빛 너머의 색-The Abstract Field of Color: Color Beyond the Radiance,invalid_event_end_date
KOP041701,041701,한일축제한마당 2022 in Seoul,invalid_event_end_date
KOP041696,041696,2022 서울국제음악제 ‘우리를 위한 기도’,invalid_event_end_date
KOP041688,041688,나의 하루 이야기- 헝가리에서 온 편지,invalid_event_end_date
KOP041676,041676,"백남준 탄생 90주년 기념 백남준기념관 학술 심포지엄 <디지털 전환의 시대, 백남준을 다시 만나다>",invalid_event_end_date
KOP041671,041671,love is ♡,invalid_event_end_date
KOP041651,041651,"서울 최초의 도시공원, 탑골공원",invalid_event_end_date
KOP041625,041625,제18회 서울와우북페스티벌  <다정함으로 길을 묻다>,invalid_event_end_date
KOP041624,041624,글의 정진展 _도봉 김선영 개인전,invalid_event_end_date
KOP041623,041623,제17회 종로청계관광특구 육의전 축제,invalid_event_end_date
KOP041617,041617,2022 정조대왕 능행차 공동재현,invalid_event_end_date
KOP041612,041612,제 10회 자문밖문화축제 <자문밖ㆍ예술로ㆍ로그인>,invalid_event_end_date
KOP041605,041605,2022 픽스굿 갤러리 개관전 [The New WAVE 展],invalid_event_end_date
KOP041600,041600,서울100K,invalid_event_end_date
KOP041585,041585,2022 서울시립 사진미술관 사전프로그램 《정착세계》,invalid_event_end_date
KOP041580,041580,웰컴대학로 (Welcome Daehakro Festival 2022),invalid_event_end_date
KOP041198,041198,서울페스타 2022,invalid_event_end_date
KOP041157,041157,매직샷展,invalid_event_end_date
KOP041126,041126,Fresh Zone,invalid_event_end_date
KOP041079,041079,김영은 개인전 《소리의 틀》,invalid_event_end_date
KOP041009,041009,《장-미셸 오토니엘-정원과 정원》,invalid_event_end_date
KOP040940,040940,매직드로잉 가족극 <두들팝>,invalid_event_end_date
KOP040939,040939,2022 서울국제불교박람회,invalid_event_end_date
KOP040891,040891,영재국악회,invalid_event_end_date
KOP040889,040889,2022 신촌물총축제,invalid_event_end_date
KOP040860,040860,문화가 흐르는 예술마당,invalid_event_end_date
KOP040815,040815,명품도시 한양 보물100선,invalid_event_end_date
KOP040810,040810,이상호 도자전 : 봄을 장식하다,invalid_event_end_date
KOP040700,040700,2022년 상반기 경복궁 야간관람,invalid_event_end_date
KOP040633,040633,과학의 눈으로 환경을 보다,invalid_event_end_date
KOP040564,040564,서울일러스트레이션페어V.13,invalid_event_end_date
KOP040546,040546,21km 송파둘레길 벚꽃나들이,invalid_event_end_date
KOP040543,040543,"국가무형문화재, 유네스코 인류무형문화유산 연등회",invalid_event_end_date
KOP040457,040457,제7회 서울커피페스티벌,invalid_event_end_date
KOP040455,040455,제11회 월드커피리더스포럼,invalid_event_end_date
KOP040454,040454,제21회 서울카페쇼,invalid_event_end_date
KOP040427,040427,제21회 송은미술대상전,invalid_event_end_date
KOP040219,040219,프로젝트 해시태그 2021,invalid_event_end_date
KOP039291,039291,2021 서울쇼핑페스타,invalid_event_end_date
KOP039103,039103,제11회 서울미디어시티비엔날레<br> <하루하루 탈출한다>,invalid_event_end_date
KOP039065,039065,2021서울릴랙스위크,invalid_event_end_date
KOP037780,037780,제9회 서울상징 관광기념품 공모전,invalid_event_end_date
KOP037732,037732,2021 서울드럼페스티벌,invalid_event_end_date
KOP036912,036912,2021 제7회 궁중문화축전,invalid_event_end_date
KOP036881,036881,2021 딜라이트서울,invalid_event_end_date
KOP036878,036878,독도체험관,invalid_event_end_date
KOP036876,036876,문화비축기지 겨울탱크 빛 축제 <빛의 바다>,invalid_event_end_date
KOP036694,036694,아침이면 사라지는 밤 동안의 공상들,invalid_event_end_date
KOP036287,036287,K-MAS 라이브 마켓,invalid_event_end_date
KOP035914,035914,2020 대한민국무용대상&대한민국무용인의 밤,invalid_event_end_date
KOP035904,035904,코엑스 윈터페스티벌 2020,invalid_event_end_date
KOP035899,035899,2020 온택트 서울쇼핑위크,invalid_event_end_date
KOP035866,035866,"공원의 기록을 발굴하다, 남산공원과 월드컵공원",invalid_event_end_date
KOP035744,035744,OCI미술관 열 돌 기념전 깍지,invalid_event_end_date
KOP035577,035577,제41회 서울무용제,invalid_event_end_date
KOP035571,035571,2020 석촌호수 단풍&낙엽축제,invalid_event_end_date
KOP035379,035379,2020 서울카페쇼,invalid_event_end_date
KOP035377,035377,2020 아시아 무용 축전,invalid_event_end_date
KOP035370,035370,2020 인사동 문화축제,invalid_event_end_date
KOP035308,035308,2020 제6회 흥페스티벌,invalid_event_end_date
KOP035057,035057,2020 대한민국 전통연희축제,invalid_event_end_date
KOP035056,035056,2020년 제6회 궁중문화축전,invalid_event_end_date
KOP035053,035053,제8회 한양도성문화제,invalid_event_end_date
KOP035034,035034,서울청소년연극축제,invalid_event_end_date
KOP034832,034832,2020 구로G페스티벌,invalid_event_end_date
KOP034727,034727,2020 서울드럼페스티벌,invalid_event_end_date
KOP034593,034593,서울맥주축제,invalid_event_end_date
KOP034591,034591,서대문독립민주축제,invalid_event_end_date
KOP034532,034532,28회 서울디저트페어 [수박&망고] 행사 연기안내,invalid_event_end_date
KOP034312,034312,2020 제17회 서울국제푸드앤테이블웨어박람회,invalid_event_end_date
KOP034294,034294,2020 남산골 태권도 상설공연,invalid_event_end_date
KOP034259,034259,27회 서울디저트페어 [체리&초코],invalid_event_end_date
KOP034079,034079,2020 대한민국 국제요리&제과 경연대회,invalid_event_end_date
KOP034070,034070,2020 서울국제주류박람회,invalid_event_end_date
KOP033993,033993,서울은 소설의 주인공이다,invalid_event_end_date
KOP033052,033052,서울디저트페어 [초코&딸기전] 2020,invalid_event_end_date
KOP033051,033051,세빛 일루미네이션 빛축제 2020,invalid_event_end_date
KOP032904,032904,2020 코리아그랜드세일,invalid_event_end_date
KOP032846,032846,하늘공원 해맞이 행사,invalid_event_end_date
KOP032840,032840,아차산 해맞이 2020,invalid_event_end_date
KOP032735,032735,2020서울 아시테지 겨울축제,invalid_event_end_date
KOP032697,032697,수표교水標橋 한양에 비가 내리면,invalid_event_end_date
KOP032665,032665,2019 서울광장 스케이트장,invalid_event_end_date
KOP032659,032659,서울영상광고제 2019,invalid_event_end_date
KOP032590,032590,뮤지엄 오브 컬러(Museum of colors),invalid_event_end_date
KOP032567,032567,복합문화공간 개관전시<시작의 힘 : The Power of Beginning 展>,invalid_event_end_date
KOP032423,032423,서울 라이트(Seoul Light),invalid_event_end_date
KOP032279,032279,SEOUL LIGHT,invalid_event_end_date
KOP032273,032273,성균관과 반촌,invalid_event_end_date
KOP032221,032221,서울생활사박물관 개관특별전  '수집가의 방',invalid_event_end_date
KOP032219,032219,"플레이 디자인, play on",invalid_event_end_date
KOP032200,032200,"70mK  ‘Image of Korea, Image of Seoul’",invalid_event_end_date
KOP032196,032196,청계 줍깅,invalid_event_end_date
KOP032137,032137,서울일러스트레이션페어vol.8,invalid_event_end_date
KOP032126,032126,한양도성 AR 소원성벽 쌓기,invalid_event_end_date
KOP032091,032091,2019 서울김장문화제,invalid_event_end_date
KOP031937,031937,공평도시유적전시관 특별기획전 <의금부 금오계첩>,invalid_event_end_date
KOP031916,031916,2019 서울국제불교박람회,invalid_event_end_date
KOP031895,031895,서울 억새축제 2019,invalid_event_end_date
KOP031878,031878,2019 정동야행,invalid_event_end_date
KOP031873,031873,제8회 메이커 페어 서울 2019,invalid_event_end_date
KOP031866,031866,2019 북한 희곡 문학의 흐름,invalid_event_end_date
KOP031839,031839,2019 서울관광대상 신청자 접수,invalid_event_end_date
KOP031837,031837,2020 S/S 서울패션위크,invalid_event_end_date
KOP031825,031825,제16회 선인장페스티벌,invalid_event_end_date
KOP031819,031819,360˚ Real Love Story,invalid_event_end_date
KOP031753,031753,서울역사박물관 로비전시 <카메라를 든 헝가리 의사 : 보조끼 데죠 1908>,invalid_event_end_date
KOP031741,031741,서울 도보해설관광 신규코스 오픈 이벤트,invalid_event_end_date
KOP031643,031643,10월 서울 역사문화의 달,invalid_event_end_date
KOP031608,031608,제13회 궁중과 사대부가의 전통음식축제,invalid_event_end_date
KOP031548,031548,2019 RUN ON SEOUL,invalid_event_end_date
KOP031543,031543,"공연, 시티투어버스",invalid_event_end_date
KOP031528,031528,2019 염리동 소금축제 '염리동 愛(애) 소금 꽃 피다',invalid_event_end_date
KOP031472,031472,"2019 서울뮤직페스티벌(Seoul Music Festival, SMUF)",invalid_event_end_date
KOP031457,031457,한양도성박물관 기획전 <겸재가 그린 창의문>,invalid_event_end_date
KOP031436,031436,2019 외국인 관광객 환대주간,invalid_event_end_date
KOP031430,031430,관광산업 종사자 역량 강화 2차 교육 참가자 모집공고,invalid_event_end_date
KOP031428,031428,24회 서울디저트페어 [할로윈&이색푸드],invalid_event_end_date
KOP031427,031427,2019 서리풀페스티벌,invalid_event_end_date
KOP031282,031282,9월愛 동행,invalid_event_end_date
KOP031250,031250,2019 정조대왕 능행차 재현행사,invalid_event_end_date
KOP031220,031220,한국전통체험 - 전통체험의 모든것,invalid_event_end_date
KOP031208,031208,2019년 너랑나랑우리랑 역사야 놀자,invalid_event_end_date
KOP031187,031187,SEOUL 100K 서울 국제 울트라 트레일러닝 대회,invalid_event_end_date
KOP031165,031165,제 100회 전국체육대회 개회식 무료티켓 오픈,invalid_event_end_date
KOP031117,031117,한화와 함께하는 서울세계불꽃축제 2019,invalid_event_end_date
KOP031113,031113,ZERO1NE DAY 2019,invalid_event_end_date
KOP031094,031094,2019 중랑패션위크,invalid_event_end_date
KOP030872,030872,2019 서울세계도시문화축제,invalid_event_end_date
KOP030855,030855,2019 한성백제문화제,invalid_event_end_date
KOP030824,030824,제 5회 신촌 맥주축제,invalid_event_end_date
KOP030788,030788,2019 K-POP 뮤직 페스티벌,invalid_event_end_date
KOP030627,030627,서울드라마어워즈,invalid_event_end_date
KOP030596,030596,청계천 전통예술공연,invalid_event_end_date
KOP030592,030592,2019서울아리랑페스티벌,invalid_event_end_date
KOP030524,030524,2019 우수음식관광 공모전,invalid_event_end_date
KOP030502,030502,해띠·해온과 함께 하는 미니체전,invalid_event_end_date
KOP030462,030462,퀸 월드투어전시: 보헤미안 랩소디,invalid_event_end_date
KOP030396,030396,서울프린지페스티벌2019,invalid_event_end_date
KOP030240,030240,2019 서울도시건축비엔날레,invalid_event_end_date
KOP030232,030232,제7회 서울국제하모니카페스티벌,invalid_event_end_date
KOP030178,030178,2019 아날로그(35mm) 감성영화제,invalid_event_end_date
KOP030177,030177,제23회 서울국제만화애니메이션페스티벌,invalid_event_end_date
KOP030176,030176,서울시티투어버스 여름이벤트,invalid_event_end_date
KOP030107,030107,"경성유람-1929, 「별건곤」으로 본 서울 展",invalid_event_end_date
KOP030086,030086,2019 핸드아티코리아,invalid_event_end_date
KOP030061,030061,한강 야외수영장 개장 2019,invalid_event_end_date
KOP030030,030030,2019 서울썸머세일,invalid_event_end_date
KOP029944,029944,2019 JTBC서울마라톤대회,invalid_event_end_date
KOP029929,029929,2019 아시아프,invalid_event_end_date
KOP029909,029909,남산골바캉스 3,invalid_event_end_date
KOP029895,029895,디즈니 애니메이션 특별전,invalid_event_end_date
KOP029892,029892,"헬로, 마이 네임 이즈 폴 스미스",invalid_event_end_date
KOP029875,029875,제27회 아시테지 국제여름축제,invalid_event_end_date
KOP029874,029874,"안데르센, 코펜하겐 1819 展",invalid_event_end_date
KOP029868,029868,23회 서울디저트페어 [수박&망고],invalid_event_end_date
KOP029784,029784,2019 정오의 음악회 6월,invalid_event_end_date
KOP029782,029782,근대미술가의 재발견1: 절필시대,invalid_event_end_date
KOP029781,029781,안도 비도클: 모두를 위한 불멸,invalid_event_end_date
KOP029780,029780,국립무용단 '묵향',invalid_event_end_date
KOP029779,029779,한중일협력 기념사진전,invalid_event_end_date
KOP029778,029778,국악 둘레여행 IN 북촌&도심,invalid_event_end_date
KOP029768,029768,도성의 수문 展,invalid_event_end_date
KOP029734,029734,더서울라이브투어 5회 [성북동 드로잉투어],invalid_event_end_date
KOP029723,029723,국립민속박물관 단오축제 2019,invalid_event_end_date
KOP029693,029693,2019 홈케어·재활·복지 전시회,invalid_event_end_date
KOP029692,029692,2019 서울자유시민대학 음악회,invalid_event_end_date
KOP029671,029671,2019 한강몽땅 여름축제,invalid_event_end_date
KOP029666,029666,2019 서울달리기대회,invalid_event_end_date
KOP029661,029661,EDC Korea 2019 -Electric Daisy Carnival,invalid_event_end_date
KOP029632,029632,2019 여우락 페스티벌,invalid_event_end_date
KOP029587,029587,2019 서울시립교향악단 강변음악회,invalid_event_end_date
KOP029585,029585,2019 전통연희 페스티벌,invalid_event_end_date
KOP029576,029576,2019 서울 미트 페어,invalid_event_end_date
KOP029558,029558,2019 K-POP 뮤직페스티벌,invalid_event_end_date
KOP029538,029538,제17회 국제차문화대전,invalid_event_end_date
KOP029537,029537,제8회 라틴아메리카축제,invalid_event_end_date
KOP029509,029509,제7회 서울상징 관광기념품 공모전,invalid_event_end_date
KOP029496,029496,2019 서울국제도서전,invalid_event_end_date
KOP029491,029491,2019 서울국제관광산업박람회,invalid_event_end_date
KOP029456,029456,제7회 대한민국국제포토페스티벌,invalid_event_end_date
KOP029452,029452,제11회 성북세계음식축제 누리마실,invalid_event_end_date
KOP029440,029440,2019 세종페스티벌X서울뮤직위크,invalid_event_end_date
KOP029438,029438,2019 서울아프리카페스티벌,invalid_event_end_date
KOP029423,029423,제6회 다링안심캠페인,invalid_event_end_date
KOP029404,029404,2019 서울거리공연,invalid_event_end_date
KOP029400,029400,제16회 광화문국제아트페스티벌,invalid_event_end_date
KOP029392,029392,2019년 경복궁 야간 특별관람,invalid_event_end_date
KOP029391,029391,22회 서울디저트페어 [빨간맛],invalid_event_end_date
KOP029390,029390,공방 for my DEAR,invalid_event_end_date
KOP029304,029304,2019 서울드럼페스티벌,invalid_event_end_date
KOP029303,029303,덕수궁 돌담길 음악회,invalid_event_end_date
KOP029240,029240,2019년 봄 여행주간 서울지역 대표 프로그램 소개,invalid_event_end_date
KOP029237,029237,제21회 서울드럼페스티벌,invalid_event_end_date
KOP029198,029198,톤코하우스 애니메이션 展,invalid_event_end_date
KOP029168,029168,마포 봄시즌 관광객 환대이벤트,invalid_event_end_date
KOP029166,029166,2019 홍대로 문화로 관광으로,invalid_event_end_date
KOP029106,029106,2019 서울 외국인 관광객 환대주간,invalid_event_end_date
KOP029094,029094,추억의 교복입고 벚꽃과 함께 추억사진 만들기,invalid_event_end_date
KOP029079,029079,외국인 태권도 체험프로그램,invalid_event_end_date
KOP029078,029078,2019 남산골 태권도 상설공연,invalid_event_end_date
KOP028964,028964,남산골 양탕국,invalid_event_end_date
KOP028959,028959,한국 전통체험의 모든 것,invalid_event_end_date
KOP028941,028941,응봉산 개나리축제 2019,invalid_event_end_date
KOP028874,028874,금천하모니벚꽃축제 2019,invalid_event_end_date
KOP028870,028870,제2회 양재천 벚꽃 등(燈) 축제,invalid_event_end_date
KOP028825,028825,문화비축기지 시즌마켓,invalid_event_end_date
KOP028824,028824,청계천 타임투어마켓,invalid_event_end_date
KOP028822,028822,DDP 청춘런웨이마켓,invalid_event_end_date
KOP028820,028820,반포 낭만달빛마켓,invalid_event_end_date
KOP028819,028819,여의도 월드나이트마켓,invalid_event_end_date
KOP028797,028797,2019 석촌호수 벚꽃축제,invalid_event_end_date
KOP028795,028795,창덕궁 인정전 내부관람,invalid_event_end_date
KOP028775,028775,제10회 디자인아트페어,invalid_event_end_date
KOP028741,028741,2019 서울장미축제,invalid_event_end_date
KOP028737,028737,2019 서울밤도깨비야시장,invalid_event_end_date
KOP028682,028682,21회 서울디저트페어 [벚꽃&체리],invalid_event_end_date
KOP028655,028655,제5회 궁중문화축전,invalid_event_end_date
KOP028616,028616,제15회 영등포 여의도 봄꽃축제,invalid_event_end_date
KOP028615,028615,2019 상반기 외국인국악아카데미,invalid_event_end_date
KOP028566,028566,서울일러스트레이션페어vol.7,invalid_event_end_date
KOP028418,028418,국악작곡연구회 제3회 정기연주회,invalid_event_end_date
KOP028407,028407,2019 DIY리폼박람회,invalid_event_end_date
KOP028406,028406,정월대보름과 친구들,invalid_event_end_date
KOP028400,028400,2019 롯데월드타워 국제 수직마라톤대회,invalid_event_end_date
KOP028357,028357,2019 서울 카페&베이커리페어,invalid_event_end_date
KOP028246,028246,2019년 서울역사박물관 [설맞이 한마당],invalid_event_end_date
KOP028135,028135,The Flower: 설렘충전소,invalid_event_end_date
KOP028134,028134,2019년 「박물관 배리어프리영화관」,invalid_event_end_date
KOP028079,028079,한강의 다리 사진전-나루에서 다리로,invalid_event_end_date
KOP028032,028032,20회 서울디저트페어 [초코&딸기],invalid_event_end_date
KOP028014,028014,영국에서 온 메이드인 조선: 북한 그래픽디자인 展,invalid_event_end_date
KOP027998,027998,구구소란도(九九騷亂圖),invalid_event_end_date
KOP027881,027881,"장충단에서 이간수문으로 흐르는 물길, 남소문동천 展",invalid_event_end_date
KOP027879,027879,딜쿠샤와 호박목걸이 展,invalid_event_end_date
KOP027845,027845,2019 코리아그랜드세일,invalid_event_end_date
KOP027834,027834,2018 서울광장 스케이트장,invalid_event_end_date
KOP027650,027650,제15회 서울아시테지겨울축제,invalid_event_end_date
KOP027482,027482,19회 서울디저트페어 [딸기&세계푸드전],invalid_event_end_date
KOP027467,027467,"키스 해링 - 예술은 삶, 삶은 곧 예술",invalid_event_end_date
KOP027459,027459,서울일러스트레이션페어W2018,invalid_event_end_date
KOP027383,027383,제35회 대한민국국제음악제,invalid_event_end_date
KOP027352,027352,"숭례문, 다시 세우다",invalid_event_end_date
KOP027351,027351,"경강, 광나루에서 양화진까지",invalid_event_end_date
KOP027321,027321,"김홍도  Alive: Sight, Insight",invalid_event_end_date
KOP027301,027301,2018 산타런,invalid_event_end_date
KOP027297,027297,2018 서울사진축제,invalid_event_end_date
KOP027295,027295,한옥한글,invalid_event_end_date
KOP027256,027256,외국인 템플스테이 주간,invalid_event_end_date
KOP027187,027187,제4회 글로벌 프렌즈쉽 페스티벌,invalid_event_end_date
KOP027045,027045,2018 종묘추향대제,invalid_event_end_date
KOP026951,026951,제5회 서울김장문화제,invalid_event_end_date
KOP026856,026856,시티 오브 러브: 서울로7017,invalid_event_end_date
KOP026847,026847,제6회 한양도성문화제,invalid_event_end_date
KOP026732,026732,제12회 궁중과 사대부가의 전통음식축제,invalid_event_end_date
KOP026730,026730,2018 가락몰 페스티벌,invalid_event_end_date
KOP026694,026694,제17회 서울억새축제,invalid_event_end_date
KOP026691,026691,서울역사박물관과 함께하는 <한가위 한마당>,invalid_event_end_date
KOP026686,026686,2018 정조대왕 능행차 공동재현,invalid_event_end_date
KOP026685,026685,2018 서울정원박람회,invalid_event_end_date
KOP026650,026650,2018 이태원지구촌축제,invalid_event_end_date
KOP026585,026585,2018 종로한복축제,invalid_event_end_date
KOP026576,026576,제13회 육의전 축제,invalid_event_end_date
KOP026566,026566,서울거리예술축제 2018,invalid_event_end_date
KOP026517,026517,제7회 라틴아메리카 축제,invalid_event_end_date
KOP026499,026499,너랑나랑우리랑 역사야 놀자,invalid_event_end_date
KOP026492,026492,2018 서울디자인클라우드,invalid_event_end_date
KOP026424,026424,2018 한가위 박물관 큰잔치,invalid_event_end_date
KOP026393,026393,메이드 인 청계천:대중문화 '빽판'의 시대 展,invalid_event_end_date
KOP026381,026381,2018년 「토요 배리어프리영화관」,invalid_event_end_date
KOP026380,026380,"청년문화의 개척지, 신촌(新村)",invalid_event_end_date
KOP026362,026362,2018 서울 세계도시 문화축제,invalid_event_end_date
KOP026361,026361,2018 런온 서울,invalid_event_end_date
KOP026340,026340,2018 거리예술마켓_문화비축기지,invalid_event_end_date
KOP026339,026339,2018 서초 서리풀페스티벌,invalid_event_end_date
KOP026273,026273,서울세계불꽃축제 2018,invalid_event_end_date
KOP026270,026270,2018 서울아리랑페스티벌,invalid_event_end_date
KOP026249,026249,제7회 세계거리춤축제,invalid_event_end_date
KOP026248,026248,제1회 컬쳐 브릿지 프로젝트,invalid_event_end_date
KOP026247,026247,2019 사직대제,invalid_event_end_date
KOP026246,026246,2018 서울 북 페스티벌,invalid_event_end_date
KOP026212,026212,2018 한성백제문화제,invalid_event_end_date
KOP026187,026187,서울이 물에 빠져든 날,invalid_event_end_date
KOP026186,026186,88 올림픽과 서울,invalid_event_end_date
KOP026134,026134,메이커 페어 서울 2018,invalid_event_end_date
KOP026111,026111,Summer 호러(오싹) 나이트투어,invalid_event_end_date
KOP026086,026086,제18회 서울국제뉴미디어페스티벌,invalid_event_end_date
KOP026083,026083,아날로그(35mm필름)감성영화제,invalid_event_end_date
KOP026082,026082,제3회 남산 한국의 맛 축제,invalid_event_end_date
KOP026078,026078,The Seed of New Society_미래의 씨앗,invalid_event_end_date
KOP026036,026036,남산골 바캉스 시즌2,invalid_event_end_date
KOP026034,026034,핸디아티코리아,invalid_event_end_date
KOP025999,025999,2018 서울달리기대회,invalid_event_end_date
KOP025986,025986,2018 서울 문화로 바캉스,invalid_event_end_date
KOP025961,025961,2018 서울 물순환 시민문화제(빗물축제),invalid_event_end_date
KOP025874,025874,백인제가옥 야간개장,invalid_event_end_date
KOP025850,025850,제6회 국악관현악축제,invalid_event_end_date
KOP025776,025776,서울로7017 여름 프로그램,invalid_event_end_date
KOP025771,025771,로메로 브리토 한국 특별展,invalid_event_end_date
KOP025766,025766,오! 에르베 튈레 색색깔깔展,invalid_event_end_date
KOP025709,025709,2018 아시아프&히든아티스트 페스티벌,invalid_event_end_date
KOP025701,025701,서울의 선거 풍경,invalid_event_end_date
KOP025700,025700,"모네, 빛을 그리다展 Ⅱ",invalid_event_end_date
KOP025680,025680,서울프린지페스티벌 2018,invalid_event_end_date
KOP025675,025675,2018 마포국악페스티벌 온고지신,invalid_event_end_date
KOP025658,025658,제6회 서울국제하모니카페스티벌,invalid_event_end_date
KOP025653,025653,제26회 아시테지 국제여름축제,invalid_event_end_date
KOP025650,025650,제3회 충무로뮤지컬영화제,invalid_event_end_date
KOP025643,025643,2018 국립극장 <여우락 페스티벌>,invalid_event_end_date
KOP025642,025642,2018 한강몽땅 여름축제,invalid_event_end_date
KOP025629,025629,칸의 제국 몽골,invalid_event_end_date
KOP025624,025624,2018 서울국제도서전,invalid_event_end_date
KOP025622,025622,제21회 대한민국 관광기념품 공모전,invalid_event_end_date
KOP025620,025620,제33회 한국국제관광전,invalid_event_end_date
KOP025606,025606,2018 성북동 문화재 야행,invalid_event_end_date
KOP025605,025605,2018 서울썸머세일,invalid_event_end_date
KOP025592,025592,서울일러스트레이션페어 2018,invalid_event_end_date
KOP025581,025581,2018 단오 맞이 풍물놀이 한마당,invalid_event_end_date
KOP025575,025575,17회 서울디저트페어,invalid_event_end_date
KOP025561,025561,서울코믹콘,invalid_event_end_date
KOP025510,025510,남산골 밤마실 시즌2,invalid_event_end_date
KOP025506,025506,제18회 서울대공원 장미원축제,invalid_event_end_date
KOP025501,025501,제16회 국제차문화대전,invalid_event_end_date
KOP025497,025497,2018 대한민국 라면박람회,invalid_event_end_date
KOP025496,025496,2018 문화가 흐르는 서울광장,invalid_event_end_date
KOP025423,025423,2018 경복궁 별빛야행,invalid_event_end_date
KOP025397,025397,2018 예술로 산책로,invalid_event_end_date
KOP025391,025391,서울아프리카페스티벌 2018,invalid_event_end_date
KOP025388,025388,한양도성 다산성곽길 예술문화제 2018,invalid_event_end_date
KOP025374,025374,박물관 토요음악회,invalid_event_end_date
KOP025329,025329,<이상한 나라의 괴짜들 : Geek Zone>,invalid_event_end_date
KOP025322,025322,2018 대학로거리공연축제 ‘D.FESTA',invalid_event_end_date
KOP025315,025315,2018 서울장미축제,invalid_event_end_date
KOP025294,025294,1890 남산골 야시장 시즌2,invalid_event_end_date
KOP025221,025221,2018 한중 관광사진전,invalid_event_end_date
KOP025213,025213,아드만 애니메이션: 월레스&그로밋과 친구들,invalid_event_end_date
KOP025099,025099,2018 DDP Family Festa,invalid_event_end_date
KOP025096,025096,창경궁 야간 특별관람 2018,invalid_event_end_date
KOP025095,025095,2018년 경복궁 야간 특별관람,invalid_event_end_date
KOP025052,025052,C-페스티벌 2018,invalid_event_end_date
KOP025045,025045,제9회 디자인아트페어2018,invalid_event_end_date
KOP025043,025043,2018 정동야행,invalid_event_end_date
KOP025036,025036,"한강봄꽃축제 <한강의 봄, 꽃으로 피다>",invalid_event_end_date
KOP025035,025035,2018 서울드럼페스티벌,invalid_event_end_date
KOP025008,025008,제 4회 궁중문화축전,invalid_event_end_date
KOP025003,025003,2018 창덕궁 달빛기행,invalid_event_end_date
KOP024997,024997,양재천 벚꽃 등(燈) 축제,invalid_event_end_date
KOP024992,024992,2018 동대문구 봄꽃축제,invalid_event_end_date
KOP024939,024939,2018 서울밤도깨비야시장,invalid_event_end_date
KOP024927,024927,제14회 영등포 여의도 봄꽃축제,invalid_event_end_date
KOP024923,024923,남산골한옥마을 한국 전통체험프로그램 ‘한국 전통체험의 모든것’,invalid_event_end_date
KOP024922,024922,금천하모니벚꽃축제 2018,invalid_event_end_date
KOP024921,024921,16th 서울디저트페어,invalid_event_end_date
KOP024912,024912,2018 석촌호수 벚꽃축제,invalid_event_end_date
KOP024911,024911,2018 광화문국제아트페스티벌,invalid_event_end_date
KOP024898,024898,2018 웃음참기축제,invalid_event_end_date
KOP024888,024888,2018 서울국제불교박람회,invalid_event_end_date
KOP024322,024322,2018 내나라여행박람회,invalid_event_end_date
KOP024319,024319,평창문화올림픽 한식문화행사 '잔치: 맛과 멋으로 따스함을 나누다',invalid_event_end_date
KOP024307,024307,2018년 무술년 설맞이 한마당,invalid_event_end_date
KOP024302,024302,국립국악원 설맞이 대공연 <한판놀개>,invalid_event_end_date
KOP024297,024297,서울역사박물관 <설맞이 한마당>,invalid_event_end_date
KOP024283,024283,예술의 전당 <동아시아 필묵의 힘>,invalid_event_end_date
KOP024263,024263,서울미술관 <불후의 명작;The Masterpiece>,invalid_event_end_date
KOP024262,024262,남산골한옥마을 [설날],invalid_event_end_date
KOP024258,024258,2018 설날 박물관 큰잔치,invalid_event_end_date
KOP024231,024231,"남산골한옥마을 ‘반가운 봄, 입춘’",invalid_event_end_date
KOP024216,024216,15th 서울디저트페어,invalid_event_end_date
KOP024209,024209,서울 코믹월드 2018,invalid_event_end_date
KOP024168,024168,강동아트센터 <와일드라이프 사진&체험전>,invalid_event_end_date
KOP024149,024149,마리 로랑생 특별전,invalid_event_end_date
KOP024132,024132,남산골 한옥마을 <남산골 겨울나기>,invalid_event_end_date
KOP023992,023992,[바람을 그리다 : 신윤복∙정선]展,invalid_event_end_date
KOP023842,023842,더불어 평화,invalid_event_end_date
KOP023839,023839,"Hi, POP - 거리로 나온 미술, 팝아트展",invalid_event_end_date
KOP023838,023838,제4회 서울 살롱 뒤 쇼콜라,invalid_event_end_date
KOP023837,023837,제14회 서울 아시테지 겨울축제,invalid_event_end_date
KOP023836,023836,14th 서울디저트페어,invalid_event_end_date
KOP023519,023519,역사·문화 프로그램 <태화관길 >,invalid_event_end_date
KOP023517,023517,2017 서울광장 스케이트장,invalid_event_end_date
KOP023516,023516,2017 서울디자인페스티벌,invalid_event_end_date
KOP023515,023515,내셔널지오그래픽특별展,invalid_event_end_date
KOP023495,023495,노르딕문화예술축제,invalid_event_end_date
KOP023472,023472,2017 크리스마스 거리축제,invalid_event_end_date
KOP023463,023463,2017 산타런,invalid_event_end_date
KOP023389,023389,"을지로, 라이트웨이 2017",invalid_event_end_date
KOP023242,023242,서울시민생활예술축제 ‘아티팟카니발',invalid_event_end_date
KOP023220,023220,잠실종합운동장 관광·체험 프로그램,invalid_event_end_date
KOP023186,023186,성북동 문화재 야행,invalid_event_end_date
KOP023172,023172,가락몰 초밥 페스티벌,invalid_event_end_date
KOP023171,023171,2017 서울국제음악제,invalid_event_end_date
KOP023170,023170,제4회 서울김장문화제,invalid_event_end_date
KOP023169,023169,더불어 숲 축제 2017,invalid_event_end_date
KOP023161,023161,제 14회 향토식문화대전,invalid_event_end_date
KOP023160,023160,13th 서울디저트페어,invalid_event_end_date
KOP023159,023159,한양도성 다산성곽길 예술문화제,invalid_event_end_date
KOP023158,023158,제 3회 사랑-인도문화축제,invalid_event_end_date
KOP023157,023157,제23회 서울약령시 한방문화축제,invalid_event_end_date
KOP023156,023156,메이커 페어 서울 2017,invalid_event_end_date
KOP023155,023155,서울중앙시장 <먹깨비투어>,invalid_event_end_date
KOP023099,023099,정동야행,invalid_event_end_date
KOP023093,023093,제16회 서울억새축제,invalid_event_end_date
KOP023057,023057,2017 한양도성문화제,invalid_event_end_date
KOP023033,023033,서울역사박물관-한가위 한마당,invalid_event_end_date
KOP023023,023023,국립민속박물관-한가위 큰마당,invalid_event_end_date
KOP023000,023000,제7회 서울미래연극제(ST-Future) × 2017 ST-BOMB(서울연극폭탄),invalid_event_end_date
KOP022997,022997,제 3회 신촌맥주축제,invalid_event_end_date
KOP022991,022991,서울거리예술축제 2017,invalid_event_end_date
KOP022988,022988,2017 종로한복축제,invalid_event_end_date
KOP022978,022978,제 2회 남산 한국의 맛 축제,invalid_event_end_date
KOP022977,022977,2017 한가위 박물관 큰잔치,invalid_event_end_date
KOP022976,022976,제 22회 강동선사문화축제,invalid_event_end_date
KOP022927,022927,공공미술축제 ‘퍼블릭×퍼블릭’,invalid_event_end_date
KOP022926,022926,2017년 정조대왕 능행차 공동재현,invalid_event_end_date
KOP022915,022915,육의전 축제,invalid_event_end_date
KOP022909,022909,한화와 함께하는 서울세계불꽃축제 2017,invalid_event_end_date
KOP022870,022870,2017 이태원 지구촌 축제,invalid_event_end_date
KOP022869,022869,2017서울아리랑페스티벌,invalid_event_end_date
KOP022868,022868,제20회 서울세계무용축제,invalid_event_end_date
KOP022867,022867,제16회 대학로문화축제,invalid_event_end_date
KOP022861,022861,동대문 스토리텔링 전통무예극-하도감 이생전,invalid_event_end_date
KOP022708,022708,서울로 7017 개장 100일 기념 행사,invalid_event_end_date
KOP022688,022688,2017 서울 북 페스티벌,invalid_event_end_date
KOP022687,022687,2017 서울정원박람회,invalid_event_end_date
KOP022654,022654,제2회 성북 세계맥주축제,invalid_event_end_date
KOP022647,022647,2017 서리풀 페스티벌,invalid_event_end_date
KOP022605,022605,서울돈화문국악당-미래의 명곡,invalid_event_end_date
KOP022604,022604,2017 인천공항 SKY FESTIVAL,invalid_event_end_date
KOP022603,022603,2017 서울도시건축비엔날레,invalid_event_end_date
KOP022464,022464,도심 속 봅슬레이,invalid_event_end_date
KOP022458,022458,12th 서울디저트페어,invalid_event_end_date
KOP022437,022437,2017 서울 스타라이트 뮤지컬 페스티벌,invalid_event_end_date
KOP022436,022436,2017 강남페스티벌,invalid_event_end_date
KOP022382,022382,2017 한성백제문화제,invalid_event_end_date
KOP022377,022377,"광복 72주년 광화문시민, 광장음악회",invalid_event_end_date
KOP022375,022375,2017 구로 G-페스티벌,invalid_event_end_date
KOP022365,022365,2017 지구촌 나눔 한마당,invalid_event_end_date
KOP022342,022342,제5회 서울 상징 관광기념품 공모전,invalid_event_end_date
KOP022280,022280,2017 보드게임콘,invalid_event_end_date
KOP022245,022245,남산골한옥마을-남산골 바캉스,invalid_event_end_date
KOP022242,022242,서울로 잇다-회현 달빛축제,invalid_event_end_date
KOP022215,022215,원 썸머 무비 나이트,invalid_event_end_date
KOP022205,022205,2017 서대문 독립민주축제,invalid_event_end_date
KOP022175,022175,코믹콘 서울,invalid_event_end_date
KOP022166,022166,제5회 서울국제하모니카페스티벌,invalid_event_end_date
KOP022165,022165,서울문화의 밤,invalid_event_end_date
KOP022140,022140,한복입고 50%할인 공연보기,invalid_event_end_date
KOP022119,022119,세계 3대 디자이너 <카림 라시드展>,invalid_event_end_date
KOP022098,022098,2017 한강나이트워크 42K,invalid_event_end_date
KOP022097,022097,제25회 아시테지 국제여름축제,invalid_event_end_date
KOP021985,021985,11th 서울디저트페어,invalid_event_end_date
KOP021945,021945,창경궁 야간 특별관람 2017,invalid_event_end_date
KOP021928,021928,2017 문화가 흐르는 서울광장,invalid_event_end_date
KOP021910,021910,인생꿀나잇 디저트 페스티벌,invalid_event_end_date
KOP021882,021882,[프로젝트284] 시간여행자의 시계,invalid_event_end_date
KOP021839,021839,2017 한강몽땅 여름축제,invalid_event_end_date
KOP021770,021770,2017 고궁음악회 (경복궁·창경궁),invalid_event_end_date
KOP021769,021769,서울프린지페스티벌 2017,invalid_event_end_date
KOP021680,021680,2017 라틴아메리카 축제,invalid_event_end_date
KOP021645,021645,"프랑스 근현대 복식, 단추로 풀다",invalid_event_end_date
KOP021644,021644,1890 남산골 야시장,invalid_event_end_date
KOP021602,021602,2017 서울대공원 장미원축제,invalid_event_end_date
KOP021601,021601,2017 여우락 페스티벌,invalid_event_end_date
KOP021600,021600,청계천 스토리텔링 야외공연-날아라 이시미,invalid_event_end_date
KOP021537,021537,2017 다례체험,invalid_event_end_date
KOP021536,021536,2017 서울썸머세일,invalid_event_end_date
KOP021534,021534,2017 창덕궁 달빛기행,invalid_event_end_date
KOP021458,021458,10th 서울디저트페어,invalid_event_end_date
KOP021457,021457,"차문화대축제 ‘봄, 그리고 차(茶5) 내음’",invalid_event_end_date
KOP021432,021432,2017 정동야행,invalid_event_end_date
KOP021389,021389,제 10회 전통주와 전통음식의 만남,invalid_event_end_date
KOP021383,021383,2017 서울드럼페스티벌,invalid_event_end_date
KOP021337,021337,특별전 <아라비아의 길>,invalid_event_end_date
KOP021314,021314,2018 남산골한옥마을 태권도 공연 및 체험,invalid_event_end_date
KOP021265,021265,2017 대학로거리공연축제 ‘D.FESTA',invalid_event_end_date
KOP021206,021206,2017 서울동화축제,invalid_event_end_date
KOP021194,021194,2017 세종페스티벌×서울뮤직위크,invalid_event_end_date
KOP021193,021193,국회어린이날행사-12회 동심한마당,invalid_event_end_date
KOP021192,021192,2017 서울 365 패션쇼,invalid_event_end_date
KOP021151,021151,6회 서울보드게임페스타,invalid_event_end_date
KOP021144,021144,삼청각 런치콘서트 '자미',invalid_event_end_date
KOP021129,021129,C-페스티벌 2017,invalid_event_end_date
KOP021120,021120,서울아프리카페스티벌 2017,invalid_event_end_date
KOP021114,021114,2017 서울장미축제,invalid_event_end_date
KOP021113,021113,제 3회 궁중문화축전,invalid_event_end_date
KOP021106,021106,4.19혁명 국민문화제 2017,invalid_event_end_date
KOP021063,021063,Lifeplus 벚꽃피크닉페스티벌 2017,invalid_event_end_date
KOP021054,021054,9th 서울디저트페어,invalid_event_end_date
KOP021018,021018,제13회 금천하모니 벚꽃축제,invalid_event_end_date
KOP021008,021008,2017 영등포 여의도 봄꽃축제,invalid_event_end_date
KOP020993,020993,2017 석촌호수 벚꽃축제,invalid_event_end_date
KOP020992,020992,제20회 응봉산 개나리 축제,invalid_event_end_date
KOP020934,020934,국립한글박물관-훈민정음과 한글 디자인,invalid_event_end_date
KOP020933,020933,"사임당, 그녀의 화원",invalid_event_end_date
KOP020918,020918,서울대공원 벚꽃축제,invalid_event_end_date
KOP020917,020917,2017 F/W 헤라 서울패션위크,invalid_event_end_date
KOP020907,020907,SeMA Green 2017 <날개.파티>,invalid_event_end_date
KOP020893,020893,마츠모토 레이지 은하철도999展,invalid_event_end_date
KOP020891,020891,2017 서울밤도깨비야시장,invalid_event_end_date
KOP020852,020852,대장금과 함께하는 경복궁 별빛야행,invalid_event_end_date
KOP020840,020840,힐링페어(Healing Fair) 2017,invalid_event_end_date
KOP020809,020809,서울돈화문국악당 <프리&프리 >,invalid_event_end_date
KOP020779,020779,2017 서울 스타트업 공모전,invalid_event_end_date
KOP020617,020617,정유년-정월대보름 행사,invalid_event_end_date
KOP020588,020588,르누아르의 여인,invalid_event_end_date
KOP020500,020500,르코르뷔지에展,invalid_event_end_date
KOP020499,020499,2017 코리아그랜드세일,invalid_event_end_date
KOP020496,020496,아파트 숲이 된 북서울,invalid_event_end_date
KOP020495,020495,2017 정유년 설맞이 한마당  ‘새벽을 여는 닭’,invalid_event_end_date
KOP020476,020476,간송과 백남준의 만남,invalid_event_end_date
KOP020445,020445,이집트 보물전,invalid_event_end_date
KOP020407,020407,8th 서울디저트페어,invalid_event_end_date
KOP020354,020354,FORNASETTI 포르나세티 특별전,invalid_event_end_date
KOP020329,020329,2016년 제야의 종 타종행사,invalid_event_end_date
KOP020294,020294,"알폰스 무하, 모던 그래픽 디자인의 선구자 展",invalid_event_end_date
KOP019990,019990,2017 키덜트 & 하비 엑스포,invalid_event_end_date
KOP019989,019989,한성백제박물관 '2017 설날 박물관 큰잔치',invalid_event_end_date
KOP019986,019986,남산골세시맞이 <오(五)대감 설 잔치>,invalid_event_end_date
KOP019957,019957,모두의 시민청,invalid_event_end_date
KOP019789,019789,LOOK SMITHSONIAN  스미스소니언사진展,invalid_event_end_date
KOP019666,019666,페스티벌284: 영웅본색英雄本色,invalid_event_end_date
KOP019590,019590,7th 서울디저트페어,invalid_event_end_date
KOP019577,019577,프랑스 국립 오르세미술관展,invalid_event_end_date
KOP019565,019565,여의도공원 스케이트장,invalid_event_end_date
KOP019555,019555,2016서울디자인페스티벌,invalid_event_end_date
KOP019551,019551,제13회 서울 아시테지 겨울축제,invalid_event_end_date
KOP019527,019527,서울금손페스티벌,invalid_event_end_date
KOP019485,019485,투르크권 문화예술축제,invalid_event_end_date
KOP019446,019446,제5회 재미로놀자 축제 '라바와 남산도깨비 편',invalid_event_end_date
KOP019445,019445,"미술 속 도시, 도시 속 미술",invalid_event_end_date
KOP019442,019442,2016 ST-BOMB(서울연극폭탄),invalid_event_end_date
KOP019390,019390,"을지로, 라이트웨이 2016",invalid_event_end_date
KOP019383,019383,궁궐 공개행사 토요마당,invalid_event_end_date
KOP019382,019382,조계사 국화향기 나눔전,invalid_event_end_date
KOP019371,019371,제3회 서울김장문화제,invalid_event_end_date
KOP019351,019351,6th 서울디저트페어,invalid_event_end_date
KOP019348,019348,정동야행,invalid_event_end_date
KOP019301,019301,2016 서울국악주간,invalid_event_end_date
KOP019268,019268,2016 이태원 지구촌 축제,invalid_event_end_date
KOP019267,019267,서울억새축제 2016,invalid_event_end_date
KOP019247,019247,2016 디스커버 서울 (에코워킹투어),invalid_event_end_date
KOP019236,019236,2016 아이공 작가전 : 정희정 <개인극장>,invalid_event_end_date
KOP019198,019198,대학로문화축제 2016,invalid_event_end_date
KOP019162,019162,2016 한성백제문화제,invalid_event_end_date
KOP019118,019118,2016서울아리랑페스티벌,invalid_event_end_date
KOP019114,019114,2016 세종페스티벌,invalid_event_end_date
KOP019107,019107,2016 서울세계불꽃축제,invalid_event_end_date
KOP019098,019098,제22회 서울약령시 한방문화축제,invalid_event_end_date
KOP019097,019097,2016 시민예술축전,invalid_event_end_date
KOP019094,019094,2016 서울정원박람회,invalid_event_end_date
KOP019091,019091,2016 서울 국제공연예술제,invalid_event_end_date
KOP019069,019069,제19회 서울세계무용축제,invalid_event_end_date
KOP019066,019066,정인국 기증유물전,invalid_event_end_date
KOP019065,019065,세상을 찍어내는 인현동 인쇄골목,invalid_event_end_date
KOP019041,019041,오(五)대감 한가위 잔치,invalid_event_end_date
KOP019019,019019,2016년 국립민속박물관 추석 한마당,invalid_event_end_date
KOP018997,018997,2016 한강다리축제,invalid_event_end_date
KOP018994,018994,5th 서울디저트페어,invalid_event_end_date
KOP018993,018993,2016 서울시간여행자 : 명동 우체부의 프러포즈,invalid_event_end_date
KOP018933,018933,제 7회 대한민국 국제관악제,invalid_event_end_date
KOP018896,018896,2016 서리풀 페스티벌,invalid_event_end_date
KOP018879,018879,서울거리예술축제2016,invalid_event_end_date
KOP018779,018779,야간동물원 축제 <썸머 크리스마스>,invalid_event_end_date
KOP018778,018778,제4회 서울 상징 관광기념품 공모전,invalid_event_end_date
KOP018726,018726,북촌뮤직페스티벌 2016,invalid_event_end_date
KOP018725,018725,2016 서울 문화의 밤,invalid_event_end_date
KOP018675,018675,2016 창덕궁 달빛기행,invalid_event_end_date
KOP018667,018667,2016 서울 북 페스티벌,invalid_event_end_date
KOP018657,018657,제4회 서울 디저트페어,invalid_event_end_date
KOP018583,018583,한강 파이어댄싱 페스티벌 - 라파이어 2016,invalid_event_end_date
KOP018582,018582,한강이불영화제 2016,invalid_event_end_date
KOP018565,018565,백남준쇼,invalid_event_end_date
KOP018439,018439,호안 미로 특별展,invalid_event_end_date
KOP018435,018435,2016 서울 소울 페스티벌,invalid_event_end_date
KOP018421,018421,조선시대의 궁중화 민화 걸작전,invalid_event_end_date
KOP018415,018415,슬라이드더시티 in 뚝섬한강공원,invalid_event_end_date
KOP018404,018404,물순환 시민문화제(빗물축제) 2016,invalid_event_end_date
KOP018402,018402,2016 정조대왕 능행차,invalid_event_end_date
KOP018233,018233,제16회 서울국제뉴미디어페스티벌,invalid_event_end_date
KOP018139,018139,서울프린지페스티벌 2016,invalid_event_end_date
KOP018046,018046,2016 아시아프&히든아티스트 페스티벌,invalid_event_end_date
KOP017915,017915,2016 웨이크업시티 페스타 - 신촌,invalid_event_end_date
KOP017597,017597,2016 한강몽땅,invalid_event_end_date
KOP017580,017580,2016 서울지하철 스탬프투어,invalid_event_end_date
KOP017486,017486,2016 문화가 흐르는 서울광장,invalid_event_end_date
KOP017279,017279,한강 야외수영장 개장,invalid_event_end_date
KOP017266,017266,서울국제만화애니메이션 페스티벌,invalid_event_end_date
KOP017151,017151,2016 서울썸머세일,invalid_event_end_date
KOP017105,017105,"이중섭, 백년의 신화展",invalid_event_end_date
KOP017078,017078,앤서니 브라운展,invalid_event_end_date
KOP017071,017071,2016 단오행사,invalid_event_end_date
KOP017067,017067,덕수궁 석조전 미디어파사드,invalid_event_end_date
KOP017058,017058,라틴아메리카 축제 2016,invalid_event_end_date
KOP017050,017050,간송문화전 6부 : 풍속인물화,invalid_event_end_date
KOP017049,017049,무용가 최승희 사진전,invalid_event_end_date
KOP017036,017036,서울돈화문국악당 국악축제,invalid_event_end_date
KOP017024,017024,서울대공원 장미원축제,invalid_event_end_date
KOP016986,016986,2016 전국생활체육대축전,invalid_event_end_date
KOP016985,016985,대학로 거리공연 축제,invalid_event_end_date
KOP016952,016952,전통주와 전통음식의 만남,invalid_event_end_date
KOP016951,016951,제24회 아시테지 국제여름축제,invalid_event_end_date
KOP016938,016938,2016 정동야행,invalid_event_end_date
KOP016937,016937,시장에 간 서커스,invalid_event_end_date
KOP016928,016928,2016 서울드럼페스티벌,invalid_event_end_date
KOP016916,016916,프로젝트284 : 복숭아 꽃이 피었습니다,invalid_event_end_date
KOP016900,016900,세종예술시장 소소,invalid_event_end_date
KOP016876,016876,5월 5일 어린이날 행사,invalid_event_end_date
KOP016865,016865,드림웍스 애니메이션 특별전,invalid_event_end_date
KOP016851,016851,토요일은 청이 좋아,invalid_event_end_date
KOP016850,016850,2016 C-Festival,invalid_event_end_date
KOP016818,016818,팔레드도쿄 교류 도시괴담,invalid_event_end_date
KOP016793,016793,김광석을보다展 : 만나다•듣다•그리다,invalid_event_end_date
KOP016789,016789,2016 광화문국제아트페스티벌,invalid_event_end_date
KOP016786,016786,마돈나를 춤추게한 허브릿츠,invalid_event_end_date
KOP016715,016715,2016 서울장미축제,invalid_event_end_date
KOP016701,016701,렛츠런파크 서울 야간 벚꽃축제,invalid_event_end_date
KOP016691,016691,덕수궁 봄 음악회,invalid_event_end_date
KOP016682,016682,4.19 혁명 국민문화제,invalid_event_end_date
KOP016661,016661,고종 명성후 가례 재현 행사,invalid_event_end_date
KOP016637,016637,서울대공원 벚꽃축제,invalid_event_end_date
KOP016630,016630,뮤지엄나이트,invalid_event_end_date
KOP016620,016620,4월의 한강공원 문화프로그램,invalid_event_end_date
KOP016618,016618,'서울 엘레지' 사진전,invalid_event_end_date
KOP016613,016613,2016 서울밤도깨비야시장,invalid_event_end_date
KOP016579,016579,장 폴 고티에 전,invalid_event_end_date
KOP016496,016496,석촌호수 벚꽃축제,invalid_event_end_date
KOP016493,016493,"백제 신라, 서울의 기억",invalid_event_end_date
KOP016474,016474,2016 영등포 여의도 봄꽃축제,invalid_event_end_date
KOP016388,016388,2016 헤라서울패션위크,invalid_event_end_date
KOP016343,016343,남산골한옥마을 다도 프로그램 &lt;윤씨 다실(茶室)&gt;,invalid_event_end_date
KOP015390,015390,한강몽땅 여름축제,invalid_event_end_date
KOP015385,015385,2016 아일랜드 문화축제,invalid_event_end_date
KOP015337,015337,"달빛불놀이, 정월대보름",invalid_event_end_date
KOP015316,015316,2016 SeMA Blue <서울 바벨>,invalid_event_end_date
KOP015236,015236,2016 코리아그랜드세일,invalid_event_end_date
KOP015188,015188,남산골한옥마을 태권도 상설공연,invalid_event_end_date
KOP015012,015012,2016세종시즌,invalid_event_end_date
KOP005374,005374,2016서울한옥박람회,invalid_event_end_date
KOP001125,001125,"모네, 빛을 그리다 展",invalid_event_end_date
KOP001025,001025,반 고흐 인사이드 : 빛과 음악의 축제,invalid_event_end_date
KOP000840,000840,서울 프린지 페스티벌,invalid_event_end_date
KOP000809,000809,종묘제례 봉행,invalid_event_end_date
KOP000785,000785,서울문화의 밤,invalid_event_end_date
KOP000730,000730,"서울썸머세일, 여름을 부탁해!",invalid_event_end_date
KOP000599,000599,서울디자인위크,invalid_event_end_date
KOP000598,000598,서울사진축제,invalid_event_end_date
KOP000593,000593,을지로 라이트웨이,invalid_event_end_date
KOP000587,000587,제3회 대한민국국제포토페스티벌,invalid_event_end_date
KOP000581,000581,국기원 태권도 시범단 상설공연,invalid_event_end_date
KOP000571,000571,SBS 어워즈 페스티벌,invalid_event_end_date
KOP000540,000540,DDP LED 장미정원,invalid_event_end_date
KOP000530,000530,알레산드로 멘디니展,invalid_event_end_date
KOP000523,000523,간송문화전 5부 : 화훼영모,invalid_event_end_date
KOP000436,000436,한양도성박물관 특별전_도성일관,invalid_event_end_date
KOP000431,000431,백남준 그루브_흥興,invalid_event_end_date
KOP000415,000415,스탠리 큐브릭전,invalid_event_end_date
KOP000382,000382,"2016 뚝섬, 여의도한강공원 눈썰매장 개장",invalid_event_end_date
KOP000119,000119,연등회(연등축제),invalid_event_end_date
KOP000038,000038,하이서울페스티벌,invalid_event_end_date
KOP000031,000031,영등포 여의도 봄꽃축제,invalid_event_end_date
KOP000003,000003,2016 서울광장 스케이트장,invalid_event_end_date
KOP000005,000005,제12회 서울 아시테지 겨울축제,invalid_event_end_date
KOP009384,009384,무역센터 국화축제,invalid_event_end_date
KOP009352,009352,One-Asia 서울메가콘서트,invalid_event_end_date
KOP009318,009318,추석절 농수산물 장터축제,invalid_event_end_date
KOP009298,009298,조이올팍 페스티벌,invalid_event_end_date
KOP009278,009278,"이영희展－바람, 바램",invalid_event_end_date
KOP009270,009270,북팔코믹스 페스티벌,invalid_event_end_date
KOP009259,009259,서초 서리풀페스티벌,invalid_event_end_date
KOP009245,009245,북촌뮤직페스티벌,invalid_event_end_date
KOP009235,009235,서울드라마어워즈,invalid_event_end_date
KOP009210,009210,영양고추 핫페스티벌,invalid_event_end_date
KOP009186,009186,문화가 흐르는 서울광장,invalid_event_end_date
KOP009185,009185,사랑하라! 대한민국,invalid_event_end_date
KOP009160,009160,육의전 체험축제,invalid_event_end_date
KOP009110,009110,남산골한옥마을 오(五)대감 한가위 잔치,invalid_event_end_date
KOP009086,009086,마로니에 여름축제,invalid_event_end_date
KOP009293,009293,서울대공원 별밤축제,invalid_event_end_date
KOP009250,009250,인천공항 여름 정기공연‘Fantastic Summer Concert',invalid_event_end_date
KOP009216,009216,Appearance in NEPAL - 고맙습니다! 네팔,invalid_event_end_date
KOP009201,009201,"폴란드, 천년의 예술",invalid_event_end_date
KOP009130,009130,앤디 워홀 LIVE,invalid_event_end_date
KOP009105,009105,아름다운 공유_한성에 모인 보물들,invalid_event_end_date
KOP009010,009010,"간송문화전 4부 - 매, 난, 국, 죽_선비의 향기",invalid_event_end_date
KOP008966,008966,7월 한강 문화 행사,invalid_event_end_date
KOP008811,008811,"판화, 시대를 담다",invalid_event_end_date
KOP008692,008692,쿠바문화예술축제,invalid_event_end_date
KOP008641,008641,에스프리 디올 - 디올 정신,invalid_event_end_date
KOP008572,008572,프리다 칼로 - 절망에서 피어난 천재 화가,invalid_event_end_date
KOP008321,008321,서울애니시네마,invalid_event_end_date
KOP007952,007952,피스마이너스원,invalid_event_end_date
KOP009470,009470,북촌한옥마을 전통문화체험,invalid_event_end_date
KOP009445,009445,을지문덕과 함께 하는 렛츠런 마상쇼,invalid_event_end_date
KOP009430,009430,고궁에서 우리음악 듣기,invalid_event_end_date
KOP007957,007957,"인천공항 하계 성수기 정기공연, <쿨 썸머 콘서트>",invalid_event_end_date
KOP007907,007907,2014 서울 문화의 밤,invalid_event_end_date
KOP9ydqnq,9ydqnq,뮤지컬 <팬텀> 10주년 기념 공연,invalid_event_end_date
KOPtbp8wo,tbp8wo,2024 ZEROBASEONE THE FIRST TOUR ［TIMELESS WORLD］ IN SEOUL,invalid_event_end_date
KOP2zbv4a,2zbv4a,[S-TCEP]2023 서울시향 지안 왕의 엘가 첼로 협주곡,invalid_event_end_date
KOPp077e0,p077e0,[S-TCEP]2023 서울시향 실내악 시리즈 I <br>슈만과 브람스,invalid_event_end_date
KOPg5tw1e,g5tw1e,[S-TCEP]2023 서울시향 마르쿠스 슈텐츠의 바그너<br> '반지',invalid_event_end_date
KOP6i7br4,6i7br4,[S-TCEP]2023 서울시향 피에르로랑 에마르의 리게티 피아노 협주곡,invalid_event_end_date
KOP9smj6w,9smj6w,[S-TCEP]2023 서울시향 빌마이어의 말러 교향곡 5번,invalid_event_end_date
KOPl23uol,l23uol,[S-TCEP]2023 서울시향 리사 바티아슈빌리의 시벨리우스 바이올린 협주곡,invalid_event_end_date
KOPi018lw,i018lw,[S-TCEP]2023 서울시향 마르쿠스 슈텐츠와 조슈아 벨,invalid_event_end_date
KOPg50ipl,g50ipl,[S-TCEP]2023 서울시향<br> 미하일 플레트뇨프와 선우예권,invalid_event_end_date
KOPdqe35b,dqe35b,[S-TCEP]연극 아마데우스,invalid_event_end_date
KOPakijre,akijre,[S-TCEP]연극 미저리(Misery),invalid_event_end_date
KOPdlccnj,dlccnj,[S-TCEP]뮌헨 필하모닉 내한공연,invalid_event_end_date
KOP028738,028738,서울남산국악당 4월 기획공연,invalid_event_end_date
KOP034780,034780,하나의 사건,invalid_event_end_date
KOP034587,034587,경춘선숲길 거리예술,invalid_event_end_date
KOP034456,034456,굿즈모아선물의집 - GOODS FOR YOU,invalid_event_end_date
KOP034313,034313,내 이름은 초록,invalid_event_end_date
KOP033053,033053,남산골한옥마을 정월대보름과 친구들 2020,invalid_event_end_date
KOP034024,034024,종로랑 페스티벌 '종로랑 놀자!',invalid_event_end_date
