place_key,source_cid,lang,kind,category,name,summary,description,road_address,latitude,longitude,hours,fee,tags,homepage_url,start_date,end_date
042004,ENP042004,en,event,Festivals/Events/Performances > Festivals,Hoegi-dong Annyeong Village,"Annyeong Village, where variously colored mural paintings warmly welcomes you",Annyeong village is where everyone works hard for a safe and joyful village by greeting and welcoming each other. The murals painted throughout the streets soften the atmosphere of the town. Let’s head to Annyeong Village to check out the colorful murals.,"102 Hoegi-dong, Dongdaemun-gu, Seoul",,,,,"Heogi-dong,  mural painting,  Annyeong Village, mural village, Hoegi-dong Annyeong Village,  Heogi",,,
036872,ENP036872,en,event,Festivals/Events/Performances > Festivals,Platform Chang-dong 61,"Platform Chang Dong 61 is a space for a new cultural trend and urban renewal northeastern Seoul, focusing on music and lifestyle.","Platform Chang-dong 61 is a trendy cultural complex where music and other forms of cultural content (e.g. education, exhibition) are showcased. With 61 containers stationed throughout approximately 2,123 m2 space, Platform 61 offers diverse cultural programs, such as a unique performance at The Red Box, and musical exhibitions as well as education sessions open to the public. A cultural space that invites citizens to participate. People who create space, people who fill the space—it is the citizens who make the place. A place that we all build together. Come visit and find out more about Platform Chang Dong 61.","74, Madeul-ro 11-gil, Dobong-gu, Seoul",37.6540775923559,127.048737337133,Hours vary by space and program.,"Varies by space and program
* Residents of four northeastern autonomous districts receive 30% discount!","RehearsalStudio, CulturalComplex, PracticeRoom, RecordingStudio, Gallery, PerformanceHall",http://www.platform61.kr/,,
036877,ENP036877,en,event,Festivals/Events/Performances > Festivals,Hongneung Forest (Arboretum),Hongneung Forest used to be the grounds of the tombs of King Gojong (the 26th king of Joseon) and Empress Myeongseong. It is a historical place as the first-generation arboretum in Korea.,"The nation’s first arboretum was created in Hongneung Forest in 1922. Currently, there are the coniferous garden, deciduous garden, herbaceous plant garden, and shrub garden covering a wide area. There are various indigenous animals and plants in the forest as well. In 2020, the forest was designated as a Seoul Future Heritage as it was acknowledged historically as the nation’s oldest arboretum.","57, Hoegi-ro, Dongdaemun-gu, Seoul",37.5940106033304,127.044831386238,"* Tuesday – Friday with Tour Guide (Reservation required): 
10:30, 13:30, 15:30 (60–90 mins)

* Weekends for Open Visit or Tour Guide (Reservation required): 
09:00 – 18:00 (March - October)
09:00 – 17:00 (November - February)",Free admission,"HongneungArboretum, FallFoliageSeoul, SeoulNaturalAttractions, HongneungForest, SeoulArboretum, SeoulDate, WalkingPathsSeoul, SeoulTravel",https://nifos.forest.go.kr/kfsweb/kfi/kfs/hongneung/selectHongForest.do?mn=UKFR_02_05_02_09_02,,
036730,ENP036730,en,event,Festivals/Events/Performances > Festivals,Solo Travel (Solo tour course),"Even amidst COVID-19, there are various solo tour courses through which travelers can enjoy Gangnam, a hot tourist spot of Seoul.","It seems like more and more people are enjoying solo travel content, such as solo camping and solo trips. However, it may be difficult to find a place to go to enjoy solo travel. Worry no more! Here are the places where you will be welcomed when you go solo. Follow these solo trip courses. Hyein's Blossom Nonhyeon (making your own soju glass) / Mizi Company in Dogok-dong (making your own item with mother-of-pearl) / Robin Hood (archery experience) / Ushiya (grilled dish for solo guests) / Koala Pocha (pub for solo guests) Hyein's Blossom Nonhyeon Flower School One-day class for making succulent plant cake 11, Gangnam-daero 132-gil, Gangnam-gu, Seoul (2F, Seongji Bldg.) +82-10-4305-5436 http://blog.naver.com/hyinsblossom Robin Hood Archery café B1, 13, Gangnam-daero 110-gil, Gangnam-gu, Seoul +82-507-1435-0360 https://www.insta gram.com/robinhood_gangnam/ Mizi Company (Dogok-dong) Making items with mother-of-pearl Mother-of-pearl experience kit (KRW 29,000 – KRW 32,000) 2814, Nambusunhwan-ro, Gangnam-gu (Rm. 201, Seoul Women Venture Plaza [Dogok Station]) https://blog.naver.com/mizi-com Ushiya Grilled dish for solo guests 11, Nonhyeon-ro 159-gil, Gangnam-gu, Seoul +82-10-9359-9667 Kim Sook-soo Restaurant Bar and restaurant for solo guests in Gangnam 72-9, Juheung-gil, Seocho-gu https://www.instagram.com/ kimsooksoo Sweet Castle Capsule sauna for men B1, 138, Bongeunsa-ro, Gangnam-gu +82-10-9798-4620",,,,,,"TodaysPlans, GangnamTour, ReservationForOne, SoloTrip, ExperienceTour, SoloTravel, PartyOfOne",,,
036729,ENP036729,en,event,Festivals/Events/Performances > Festivals,Experience & Tour Program,Experience and tour program for millennials seeking experience overconsumption.,"If you are fed up with visiting restaurants and tourist attractions, you might just be a millenial. Among the younger generations, ""experience tours"" are popular because it allows them to visit the city, have new experiences, and make their own souvenirs. Here are all the hot spots for experience tours where you can learn various contents and for which it is easy to make a reservation before visiting. 1. Ceradu One-day experience for making ceramics Together with family, friends, or couples ( KRW 40,000 – KRW 100,000 ) B1, Gyeyoo Bldg., 332, Nonhyeon-ro, Gangnam-gu, Seoul +82-2-558-9654 / ceradumine@gmail.com http://www.ceradu.com/ 2. Korea Culture Center Association Gangnam Branch Master Kim Su-geun's Hanji (Korean traditional paper) Art Subway Line 2 & Bundang Line, Seolleung Station, Exit 5 (Rm. 906, The-K Savings Bank Bldg.) +82-2-558-8850 / KakaoTalk ID: smileday57 http://gncraft.co.kr 3. Mukyeon Art Studio Drawing traditional color painting 4F, KH Bldg., 643-3, Sinsa-dong, Gangnam-gu, Seoul +82-10-4767-6722 https://blog.naver.com/cozizi1978/220892682411 4. Roha Studio Making soap candles One-day class for making candle (KRW 45,000 – KRW 65,000) 10, Bongeunsa-ro 4-gil, Gangnam-gu, Seoul (Rm. 204, Roha Candle) http://blog.naver.com/cafellate11 5. Lee Jong-im Cooking Class Cooking class for foreigners 27, Dosan-daero 61-gil, Gangnam-gu, Seoul (5F – 6F, Sudo Bldg.) http://soodocooking.co.kr",,,,,,"ExperienceTour, SoloTravel, OneDayClass, GangnamCultureCenter, ExperienceforForeigners, SoloTrip, CoupleExperience",,,
036751,ENP036751,en,event,Festivals/Events/Performances > Festivals,Modern History Memorial Hall,A space for commemorating patriotic martyrs and the site for historical education.,"Located in Suyu-dong, Gangbuk-gu, the Modern History Memorial Hall operates various cultural experience events every year, including a history class for adults, history program for adolescents, and memorial hall with commentary, which is a program associated with Gangbuk-gu culture guides. The Memorial Hall aims to become a space for commemorating patriotic martyrs as a site for lively historical education.","114, 4.19-ro, Gangbuk-gu, Seoul",37.6434410661945,127.002830628534,Daily 09:00 - 18:00 (Last entry at 17:30),Free admission,"Suyu, YouthEducation, BukhansanMountainCitizenExperience, HistoryClass, Gangbukgu, IndependenceMovementActivist, MemorialHall, ModernHistoryMemorialHall, PatrioticMartyr",http://mhmh.or.kr/,,
036752,ENP036752,en,event,Festivals/Events/Performances > Festivals,Kang Gam-chan Exhibit Hall,"Kang Gam-chan Exhibit Hall, where you can meet Great Commander Kang Gam-chan who played an active role in the golden age of Goryeo.","Kang Gam-chan Exhibit Hall was established to commemorate Great Commander Kang Gam-chan of Goryeo who led the great victory in the battle with the Khitan in 1019. Kang Gam-chan was born and grew up in Geumcheon-hyeon (currently Nakseongdae, Gwanak-gu), which is introduced in the ""Birth of a Star"" zone in the exhibition hall. In the ""Shining Star Hero"" zone, visitors can learn about the history of Goryeo and the international circumstances of the times. In particular, the battle with Khitan and the performance of Commander Kang are highlighted in the zone. In the ""Starlit World"" zone, a tale related to Kang Gam-chan is introduced and visitors can take a memorable photo in the ""Trick Art"" photo zone.","77, Nakseongdae-ro, Gwanak-gu, Seoul",37.4719720770814,126.959370998377,Daily 10:00 - 18:00 (January & February 10:00 - 17:00),Free admission,"AnguksaTemple, KangGamchanExhibitHall, NakseongdaePark, KangGamChan",http://www.gwanak.go.kr/site/gwanak/06/10604030600002017080901.jsp,,
036754,ENP036754,en,event,Festivals/Events/Performances > Festivals,Songpa Trail,"Songpa Trail connects the four streams that flow around Songpa-gu (Seongnaecheon Stream, Jangjicheon Stream, Tancheon Stream, and Hangang River).","Songpa Trail connects the four streams that flow around Songpa-gu (Seongnaecheon Stream, Jangjicheon Stream, Tancheon Stream, and Hangang River). As a 21-km circular trail along which nature, waterside spaces, and ecological streams come together in harmony, it is beloved not only by local residents but also visitors from the outside.","65 Hangaram-ro, Songpa-gu, Seoul",,,,,"JamsilDate, SeoulDullegil, HangangRiverDate, SongpaDullegil, HangangDullegil, SeoulDateCourse, SeoulExerciseDestination, Hanganggil, Tancheongil, SeoulWalkingArea, SeoulOuting",https://www.songpa.go.kr/culture/contents.do?key=3775&,,
035408,ENP035408,en,event,Festivals/Events/Performances > Festivals,"National Museum of Modern and Contemporary Art, Korea","The National Museum of Modern and Contemporary Art, Korea (Seoul) is the new heart of Korean culture in the city as well as a visitor-oriented museum with various convenience facilities. Visitors can enjoy both contemporary and modern art at the museum. The National Museum of Modern and Contemporary Art, Korea (Seoul), also known as an ""open museum in the city,"" is the very place where visitors can experience the joys of culture and the arts in Seoul.","The National Museum of Modern and Contemporary Art, Korea (Seoul) is a complex arts and cultural center with various facilities such as the Digital Information Room, Multi-project Hall, theater, and educational space. Visitors can encounter culture and arts of various genres through various exhibitions, films, performances, and educational experiences where they can catch a glimpse of modern art. The Seoul branch, surrounded by a yard, sits in the old Defense Security Command building and Jongchinbu Government Office. Visitors can also appreciate a painting of Inwangsan Mountain through the ""Inwang Jesaekdo,"" by Jeong Seon (Kyomjae). The Seoul branch, which sits across from Korea's most central area of Gyeongbokgung Palace, aims to be an open museum that prioritizes communication with locals and foreign visitors. The museum is an ""open museum in the city"" where anyone can enjoy modern and contemporary art.","30, Samcheong-ro, Jongno-gu, Seoul",37.5786280284849,126.980087994867,"* Tuesdays, Thursdays, Fridays & Sundays 10:00 - 18:00
* Wednesdays & Saturdays [Night openings] 10:00 - 21:00","Free admission until further notice
※ Current Entrance Fee: Ticket for all exhibitions KRW 4,000 
(Free every last Wednesday of the month [""Culture Day""])","ArtistName, NationalMuseumOfModernAndContemporaryArtKorea, MMCA, ExhibitionName",www.mmca.go.kr,,
032764,ENP032764,en,event,Festivals/Events/Performances > Festivals,Opening of Seoul Museum of Korean Folk Music,"A museum offering a rich collection of sounds of Korea, along with exhibition halls, listening rooms, and educational spaces.","A petite hanok building located on the site of the Border Defense Council of Joseon at the junction in front of Changdeokgung Palace on Donhwamum-ro. The building is Seoul Museum of Korean Folk Music where everyone can experience and enjoy the melodies of Korean folk music. The sound of farmers singing through strenuous farm work, the sound of fishers yanking fishing nets wishing for a full load of fish, the sound of women humming softly as they weaved hemp clothes, and the folk songs that have been passed from mouth to mouth. This is a place where you can listen to the unfamiliar yet comforting sounds to your heart's desire. The Seoul Museum of Korean Folk Music was established for Korean citizens and tourists visiting Korea from overseas to enjoy the sound of Korea that the Seoul Metropolitan Government has collected so far including 20,000 pieces of Korean folk music and 5,700 pieces of musical instruments. If Seoul Donhwamun Traditional Theater which is located not far from the museum is the center of the traditional Korean court music, this place offers a comprehensive view of Korean folk music in a systematic manner. Through the Seoul Museum of Korean Folk Music, the preservation of Korean oral folk songs, which are harder to hear these days, is now possible.","96, Yulgok-ro, Jongno-gu, Seoul",37.57716730514204,126.98969823366514,09:00 - 19:00,Free,"Museum, Korean, Music, Palace, Culture, FolkMusic, Seoul",http://gomuseum.seoul.go.kr/sekm/index,,
bnvhzx,ENPbnvhzx,en,event,Festivals/Events/Performances > Events > Exhibitions,Hohojae Seoul,A Hanok Gallery that introduces contemporary Korean artists.,"Hohojae is a H anok G allery where the space and the artworks harmonize beautifully. Though the name uses the Chinese character ho (蝴) meaning butterfly, it also reflects the desire to create a place that brings a smile, like a cheerful “hoho” laugh. The exhibitions mainly feature works that are easy for the public to relate to. On the first floor, there is a cozy yard and a small flower bed, while the second floor offers a view of hanok rooftops in Palpan-dong through large windows, allowing visitors to fully enjoy the beauty of traditional Korean aesthetics.","71-7 Samcheong-ro, Jongno-gu, Seoul",37.5821003632233,126.981153090219,Tuesday–Sunday 11:00–19:00,,"Hanok Gallery,  Samcheong-dong Exhibition,  Korean Artists,  Gallery Tour, Hohojae Gallery,  Seoul Gallery,  Seoul Exhibition",https://www.hohojae.com/home,,
040219,ENP040219,en,event,Festivals/Events/Performances > Events > Exhibitions,Project Hashtag 2021,An exhibition that leaves behind the traditional visually focused forms of art and experiments with new platforms and creations produced through collaboration amongst different mediums.,"Project Hashtag, hosted by the National Museum of Modern and Contemporary Art, Korea and Hyundai Motors, is an exhibition that leaves behind the traditional visually focused forms of art and experiments with new platforms and creations produced through collaboration amongst different mediums. This is to show how, through the use of hashtags, random and unrelated texts and media can be woven into one common theme. Visitors can see the creations from the two selected teams at Project Hashtag 2021- After New Order... and The Duck Among Us. This exhibition focuses on the human experience of life on the internet and how humanity shapes the environment of the web. It also looks at the expansion and distortion of human values that occurs in virtual spaces and how it has changed since after the pandemic began. Exhibition photos and information provided by: National Museum of Modern and Contemporary Art, Korea","30, Samcheong-ro, Jongno-gu, Seoul",37.5786280284849,126.980087994867,"10:00 - 21:00 (Wednesday, Saturday)
10:00 - 18:00 (Monday, Tuesday, Thursday, Friday, Sunday)",Free,"ProjectHashTag2021, SeoulNationalMuseumOfModernAndContemporaryArt, SeoulIndoorDate, SeoulExhibitionDate, SeoulExhibition, IndoorTripsInSeoul, SeoulArtExhibition, SeoulExhibitionRecommendation",http://www.mmca.go.kr/eng/,,
038489,ENP038489,en,event,Festivals/Events/Performances > Events > Exhibitions,Embroidery in Bloom,An exhibition presenting information on embroidery techniques and patterns that embody the hearts of women who embroidered every nook and cranny of everyday life.,"Embroidery in Bloom, a permanent exhibition at the Seoul Craft Museum, illuminates on the embroidery screens selected from the collections of Dong-Hwa Heo and Young-Sook Park of the Seoul Craft Museum. This exhibition presents information on embroidery techniques and patterns that embody the hearts of women who embroidered every nook and cranny of everyday life. Embroidery is one of the oldest and most recognized mediums of craft that can effectively express stories in daily life. Visitors will be able to freely view patterns and art from across time.","4, Yulgok-ro 3-gil, Jongno-gu, Seoul",37.5766481740232,126.983533363501,"10:00 ~ 18:00 (Last admission at 17:30)
Fri 10:00 ~ 21:00.",,"SeoulIndoorDateRecommendation, Seoul, EmbroideryExhibition, SeoulAttractions, SeoulCraftMuseum, CraftHistory, RainyDay, SeoulPermanentExhibition, ExhibitionDate, TextileCraft, MuseumDate, EmbroideryInBloom, SeoulIndoorFun, SeoulExhibitionRecommendation",https://craftmuseum.seoul.go.kr/exhibit/plan/view/31,,
038487,ENP038487,en,event,Festivals/Events/Performances > Events > Exhibitions,Artisans: Making the Better World,An exhibition presenting the stories of crafts and craftsmanship throughout history.,"Artisans: Making the Better World, is an exhibition presenting the stories of crafts and craftsmanship throughout history. It is being held as a permanent exhibition at the Seoul Craft Museum. The history of crafts has developed along with the history of mankind. Humankind has overcome the limitations of the environment by inventing tools and developing technologies to process natural materials such as stone, soil, and wood, and has laid the foundation for civilization by making everyday life both convenient and beautiful. With the hands of artisans, ore was reborn into craft metals, soil into earthenware and pottery, and wood into lacquerware.","4, Yulgok-ro 3-gil, Jongno-gu, Seoul",37.5766481740232,126.983533363501,"10:00 ~ 18:00 (Last admission at 17:30)
Fri 10:00 ~ 21:00.",,"SeoulPermanentExhibition, SeoulMuseumTour, MuseumDate, SeoulExhibitionRecommendation, ArtisansMakingTheBetterWorld, MuseumPermanentExhibition, RainyDay, FamiliesWithChildren, CraftHistory, IndoorDate, SeoulCraftMuseum",https://craftmuseum.seoul.go.kr/exhibit/plan/view/51,,
8kwn54,ENP8kwn54,en,event,Culture > Performance Halls,Arko Kkumbat Theater,A children-centered theater.,"The name 'Kkumbat' (Dream Field), decided by public vote, means a place where children's dreams grow. The steering committee improved the seating, dressing rooms, and performance halls through Kkumbat Funding, and it is a children-centered theater in Korea that promotes the development of children's and youth performances.","46 Daehak-ro 12-gil, Jongno-gu, Seoul",37.5820571199944,127.00371635053,,Varies by performance,"Arko Kkumbat Theater,  Children's Theater,  Children's Play,  Seoul Theater,  Seoul Play",https://theater.arko.or.kr/home/ko/main,,
aacet0,ENPaacet0,en,event,Culture > Performance Halls,MCKITHAN HOTEL,"A dedicated performance theater for <Sleep No More> Seoul located in Pil-dong, Jung-gu, Seoul.","Built on the former site of Daehan Theater, the MCKITHAN HOTEL is an exclusive theater for the immersive performance <Sleep No More>, a sensuous and cinematic reinterpretation of Shakespeare’s tragedy Macbeth.","212 Toegye-ro, Jung-gu, Seoul (Pil-dong 2-ga, MCKITTRICK HOTEL)",37.5610812887193,126.995356373816,"Wednesday, Thursday, Friday 19:00
Saturday 14:00, 19:00
Sunday 15:00","Guest 190,000 KRW
Ruby’s Guest 230,000 KRW
Maximilian’s Circle 360,000 KRW","Sleep No More,  MCKITHAN HOTEL,  Musical,  Theater,  Non-verbal Performance,  Recommended Performance for Foreign Visitors,  Chungmuro Station",https://mckithanhotel.com,,
jy51fz,ENPjy51fz,en,event,Culture > Performance Halls,LG Arts Center Seoul,A performance hall that introduces the flow of contemporary performing arts and engages with both artists and audiences of our time,"LG Arts Center Seoul is a non-profit performance venue operated with the mission of “returning corporate profits to society through the creation and exchange of culture and the arts.” As a multi-complex cultural and artistic space, it presents high-quality performances from Korea and abroad across a wide range of genres, including theater, dance, classical music, and jazz. Newly established in the Magok district, the venue is equipped with state-of-the-art stage facilities and has gained recognition as a landmark destination for performing arts in Seoul.","136 Magokjungang-ro, Gangseo-gu, Seoul",37.5653629860767,126.829388763217,Daily 10:00–23:00,,"LG Arts Center Seoul,  Seoul performance venue,  multi-complex cultural and artistic space,  theater,  dance,  classical music,  jazz,  performance,  Magok performance hall",https://www.lgart.com/home/ko/main,,
3fknzc,ENP3fknzc,en,event,Culture > Performance Halls,BLUE SQUARE,A must-visit performance venue for musical fans,"BLUE SQUARE is Korea’s largest performing arts complex offering artists a dream stage and audiences unforgettable experiences. It houses the 1,766-seat Shinhan Card Hall, dedicated to musicals, and the SOL Travel Hall, a multipurpose venue with 1,379 seats (plus a standing area that can accommodate 2,800 people). Tickets can be easily booked via the Interpark website. In addition to performances, BLUE SQUARE also features NEMO, a trendy exhibition space; Book Park Lounge, a premium cultural space featuring a café with reading areas; Café Philos, offering a striking unobstructed view of Namsan Mountain; Stage B, a fine-dining restaurant ideal for savoring a glass of wine after a show; and Solos Kitchen, specializing in Asian cuisine.","294, Itaewon-ro, Yongsan-gu, Seoul",37.5408694385607,127.00248525561,,,"BLUE SQUARE, musicals, performance venue, exhibitions, international shows in Korea, performances, shows, Book Park Lounge, Café Philos, Stage B, Solos Kitchen",www.bluesquare.kr,,
up1c05,ENPup1c05,en,event,Culture > Performance Halls,National Jeongdong Theater Cecil,"The National Jeongdong Theater of Korea, Cecil, operates a 232-seat performance hall.","The National Jeongdong Theater of Korea, Cecil, is a historic performance hall in Jung-gu, Seoul. Originally opened in 1976 as Cecil Theater, it’s a small yet iconic venue with a capacity of 232 seats. During the late 1970s, it became the heart of Korea's theater scene, hosting the Korea Theater Festival from 1977 to 1980. Despite its prominence, financial difficulties led to its closure in 2018 after being operated by private theater groups 'Madan' and 'Rodem.' In April 2018, the Seoul Metropolitan Government spearheaded a cultural regeneration project to reopen Cecil Theater and handed its management to a non-profit organization. Designed by renowned architect Kim Joong-up, the theater has long been a cornerstone of Korean performing arts and cultural heritage. In 2022, the theater was revitalized under the management of the National Jeongdong Theater, taking on the new name 'National Jeongdong Theater of Korea, Cecil.' Today, it serves as a vibrant space for artists and audiences to connect through innovative and experimental performances, upholding its legacy and creative core values.","16, Sejong-daero 19-gil, Jung-gu, Seoul",37.5667226186081,126.976533023711,"Customer Support Office: Monday to Friday, 09:00 to 18:00",,"JeongdongTheaterCecil, JeongdongTheater, Cecil, CityHall, CityHallStation, Jeongdong",https://www.jeongdong.or.kr/portal/main/contents.do?menuNo=200109,,
028334,ENP028334,en,event,Culture > Performance Halls,CGV Cine Library,CGV Cine Library is the first cinema library and art house to exist in Korea.,"CGV Cine Library is the first cinema library and art house to exist in Korea. Possessing over 10,000 books on various movies, it’s a place where people can come to read, discuss, and share their love of movies and cinema.","123, Toegye-ro, Jung-gu, Seoul",37.56126607811881,126.98536328312971,12:00 ~ 21:00,,"Theater, MyeongdongStation, Leisure, Myeongdong, ArtHouse, Film, Books, CGVCineLibrary, Library, Cinema, CulturalSpace, Rest, MovieTheater",https://cgv.co.kr/cnm/bzplcCgv/0105001,,
024710,ENP024710,en,event,Culture > Performance Halls,Jeongdong Maru,Unique Venues and it is located in the middle of Seoul down town; Jeongdong-gil in where cultural heritages from Korea’s modern society are located.,"Unique Venues and it is located in the middle of Seoul down town; Jeongdong-gil in where cultural heritages from Korea’s modern society are located. Jeongdong Maru is a cultural space for various events such as house concert, seminar, business events and promotional events etc.","43, Jeongdong-gil, Jung-gu, Seoul",37.5659346275,126.9728436419,,,"TigerBus, Deoksugung, CityTourBus, JeongdongMaru, Palace, Seoul, SkyBus",https://www.jeongdong.or.kr/portal/main/main.do,,
024596,ENP024596,en,event,Culture > Performance Halls,Seoul Donhwamun Traditional Theater,Seoul Donhwamun Traditional Theater is one of the nation's top-notch performance stages specializing in acoustic sound traditional music.,"The Seoul Donhwamun Traditional Theater, named after Donhwamun, the iconic gate of Changdeokgung Palace, is a premier venue for experiencing the finest Korean traditional music. It is located next to Changdeokgung Palace, a UNESCO World Heritage site, and the grand and refined Jongmyo Shrine, making it a specialized performance hall for Gugak.","102, Yulgok-ro, Jongno-gu, Seoul",37.5772791094,126.9906717932,,,"CityTourBusStation, SeoulCityTourBus, SkyBus, TigerBus, ChanggyeonggungPalace, AngukStation, TraditionalTheater, Donhwamun, Seoul, JongmyoShrine",https://www.sgtt.kr/,,
001478,ENP001478,en,event,Culture > Performance Halls,LATT Children’s Theater,LATT Children’s Theater is the only English-language children's theater in Korea.,"LATT Children’s Theater is the only English-language children's theater in Korea. Located in Dogok-dong, the theater is a cultural complex for children that also offers a fun way to learn English. Because the stage is right in front of the theater's seats, the arrangement feels familiar and friendly. In addition to performances, the theater hosts children's workshops on in which children can learn how to create English plays.","164, Nonhyeon-ro, Gangnam-gu, Seoul",37.4842885547,127.0423137947,Daily 10:00 - 17:00,,"PerformingArts, YangjaeStation, Theater, LATTChildrensTheater, Culture, Family, ChildrensTheater, LivePerformances, MaebongStation",,,
001747,ENP001747,en,event,Culture > Performance Halls,Theater Sanwoollim,"Cultural capital of Korea, famous for Waiting for Godot","Founded in 1969, the theater company has grown to become one of Korea's leading theater companies, starting with the Korean premiere of Samuel Beckett's <Waiting for Godot>, and in 1985, it opened its own theater, the Small Theater Sanulim. The company has written a new history of contemporary theater by staging numerous works, including classical plays as well as experimental contemporary plays. It is the birthplace of women's plays that resonated with society, such as <Woman in Crisis> and <My Mother Found the Sea at Fifty>. The theater also operates a gallery and art shop called 'Sanwoollim Art & Craft' on the first floor.","157 Wausan-ro, Mapo-gu, Seoul",37.555062,126.930081,10:00~22:00,,"performance,  viewing,  Hongdae, OraeGage,  Mapo,  Seogyo-dong,  cultural life, small theater,  play",www.sanwoollim.kr,,
001780,ENP001780,en,event,Culture > Performance Halls,Folk Theater Pungryu,The Folk Theater Pungryu is dedicated to traditional Korean performance arts.,The Folk Theater Pungryu is dedicated to traditional Korean performance arts. The theater features traditional design elements and is located within the Training Center for Important Intangible Cultural Properties. Visitors can enjoy many different performances of traditional dance and music at the Folk Theater Pungryu.,"406, Bongeunsa-ro, Gangnam-gu, Seoul",37.510092529400936,127.04462664692792,,,"Tradition, TraditionalMusic, Performance, LivePerformance, TraditionalPerformanceArts, Folk, TraditionalDance, FolkTheaterPungryu, SeolleungStation, Culture",https://www.kh.or.kr/cms/content/view/274,,
003399,ENP003399,en,event,Culture > Performance Halls,Geumhyeon Gugak Center,"The Geumhyeon Gugak Center was established in 1985 as an educational institute for gugak, traditional Korean music","The Geumhyeon Gugak Center was established in 1985 as an educational institute for gugak, traditional Korean music. The center's founder, Won Jang-Hyeon is a renowned musician in his own right. The center operates classes on Korean culture and for a range of traditional instruments such as gayageum, danso, geomungo, daegeum, haegeum and the taepyeongso.","27, Yunboseon-gil, Jongno-gu, Seoul",37.577278,126.983732,Open daily,,"TraditionalKoreanMusic, Music, GeumhyeonGugakCenter, Gugak, AngukStation, Culture, Performance, Gayageum",,,
001421,ENP001421,en,event,Culture > Performance Halls,Jeongdong Theater,Jeongdong Theater champions both traditional and new Korean performing arts.,"Operating under the Ministry of Culture, Sports and Tourism, Jeongdong Theater is a public theatre where traditional dance, music, and plays are performed. Following restoration work, the theater was restored and renamed Jeongdong Theater. The theater stands two stories tall and has three underground floors. Various events take place at the theater, from special exhibitions featuring masters of traditional arts, to exhibitions of young artists. A program called ""One Day Culture Tour"" is offered by Jeongdong Theater for students.","43, Jeongdong-gil, Jung-gu, Seoul, Korea",37.56593462746009,126.97284364189916,Daily 09:00 - 18:00,請查看網站。,"PerformingArts, Theater, KoreanHistory, Arts, JeongdongTheater, Performance, Culture, TraditionalMusic",https://www.jeongdong.or.kr/portal/main/main.do,,
001278,ENP001278,en,event,Culture > Performance Halls,Seoul Namsan Gugakdang,"Situated in the Namsangol Hanok Village, Seoul Namsan Gugakdang, which opened in 2007, is a traditional Korean music venue on three levels, two of them below ground.","Situated in the Namsangol Hanok Village, Seoul Namsan Gugakdang, which opened in 2007, is a traditional Korean music venue on three levels, two of them below ground. In addition to the 330-seat main auditorium, the venue also features a traditional music experience chamber, a practice room and a food court. The main performance space on the first basement level is the only music venue in Korea equipped with a specially-designed solid wood interior which does not absorb sound, allowing the audience to experience natural unamplified acoustics. The wide repertoire features different recitals every day from a variety of traditional music genres, and the venue also runs free experience programs including a traditional tea tasting event and traditional painting classes. Its location in a hanok (traditional Korean house) makes Seoul Namsan Gugakdang the perfect venue for traditional Korean music, equally suited to both the grandeur of royal court music and to pansori, a genre of traditional Korean music which is performed with the participation of the audience. Since it opened in 2007, Seoul Namsan Gugakdang has hosted a number of traditional Korean events designated as Intangible Cultural Heritages, and the leading figures of traditional Korean music have also performed here. There is also a special program of events for newcomers to traditional Korean music.","28, Toegye-ro 34-gil, Jung-gu, Seoul",37.55837283140702,126.99401515881358,Please refer to the website.,,"SeoulNamsanTraditionalTheater, NamsangolPark, KoreanMusic, NamsanTraditionalTheater, SeoulNamsanTravel, NamsangolHanokVillage, SeoulPerformanceHall, SeoulTraditionalAttractions, KoreanTraditionalMusicHall, SeoulTraditionalPerformance, KoreanTraditionalCulture",https://sgtt.kr/,,
000305,ENP000305,en,event,Culture > Performance Halls,Sejong Center for the Performing Arts,The Sejong Center for the Performing Arts is a multipurpose arts center that is one of the world's best performance venues.,"The Sejong Center for the Performing Arts is a multipurpose arts center that is one of the world's best performance venues. The exterior of the building blends traditional Korean architecture with modern design the building spans six stories tall with three underground floors. The center houses several theaters, the largest being the Grand Theater, art museum, a convention center, a conference hall, and meeting rooms. There is also an outdoor fountain and a lovely garden on the grounds.","175, Sejong-daero, Jongno-gu, Seoul",37.57223505864768,126.97593394434276,Please refer to the website.,Please refer to the website.,"GwanghwamunStation, Exhibition, Arts, Entertainment, SejongCenter, Music, ConventionCenter, ConferenceHall, PerformingArtsCenter, GyeongbokgungStation, PerformanceArt, Theater",http://www.sejongpac.or.kr/eng/main/main.do,,
002971,ENP002971,en,event,Culture > Performance Halls,National Theater of Korea,"The National Theater of Korea opened in 1950 and it was the first national, government-supported theater in Asia.","The National Theater of Korea opened in 1950 and it was the first national, government-supported theater in Asia. There are four theaters where performances take place. The Haeoreum Theater is a large hall, the Daloreum Theater, a small hall, and the Byeoloreum Theater with a stage that is changed according to each performance. The Haneul Theater is a dome-shaped outdoor theater. Performances from a variety of genres including ballet, kabuki, theater, and full pansori take place at the National Theater of Korea.","59, Jangchungdan-ro, Jung-gu, Seoul",37.5519939172,126.9992666705,Please refer to the website.,,"Dongdaemun, Movies, Music, Performance, Culture, Namsan, NationalTheaterOfKorea, PerformingArts, Theater",https://www.ntok.go.kr/en/Main/Index,,
011524,ENP011524,en,event,Culture > Performance Halls,Rolling Hall,"Rolling Hall is a performance venue in Hongdae, Seoul. Various genres of music can be heard at Rolling Hall and both Korean and international musicians often perform here.","Rolling Hall is a performance venue in Hongdae, Seoul. Various genres of music can be heard at Rolling Hall and both Korean and international musicians often perform here. Audiences can enjoy music from big name artists as well as underground and indie performers. The stage and audience area are close together which creates an intimate atmosphere.","35, Eoulmadang-ro, Mapo-gu, Seoul",37.548481917355495,126.92014979345932,Please refer to the website.,,"SeoulMusic, Venue, RollingHall, Performance, PerformingArts, LiveMusic, SangsuStation, Hongdae",http://www.rollinghall.co.kr,,
006491,ENP006491,en,event,Culture > Performance Halls,Korea Culture House (KOUS),Korea Culture House (KOUS) is a traditional Korean culture center run by the Korea Cultural Heritage Foundation.,"Korea Culture House (KOUS) is a traditional Korean culture center run by the Korea Cultural Heritage Foundation. The center's purpose is to show and educate foreign and domestic tourists about traditional Korean heritage and arts. The facilities at KOUS include a traditional arts theater, an education center, a traditional tea house, and a gift shop. The center offers classes in traditional crafts and other classes.","12-9, Teheran-ro 92-gil, Gangnam-gu, Seoul",37.5068319301661,127.06045090773888,"Open daily
(Hours vary by program)",,"Activities, Culture, TraditionalCulturePerformances, KoreanArchitecture, KOUS, Arena, Performance, Craftmanship, KoreaCultureHouse, ExperienceProgram",https://www.chf.or.kr/chf/eng,,
006225,ENP006225,en,event,Culture > Performance Halls,National Gugak Center,The National Gugak Center is an organization intended to promote and develop traditional Korean dance and music.,"The National Gugak Center is an organization intended to promote and develop traditional Korean dance and music. The center has several performance venues and also runs educational programs. Among their lauded educational programs, their gugak class for foreign nationals is especially popular. The class is best for visitors who will be in Korea for several weeks. The gugak class runs for 12 weeks and the program culminates with a student performance at the center.","2364, Nambusunhwan-ro, Seocho-gu, Seoul",37.47760274955731,127.00881729859891,Please refer to the website.,,"GugakMuseum, TraditionalKoreanMusic, KoreanTradition, SeoulArtCenter, Music, TraditionalCulture, NationalGugaCenter, Theater, Education, Gugak",http://www.gugak.go.kr/site/main/index002,,
002107,ENP002107,en,event,Culture > Performance Halls,Daehak-ro,Daehak-ro (sometimes spelled Daehangno) is Seoul's theater and performing arts district.,"Daehak-ro (sometimes spelled Daehangno) is Seoul's theater and performing arts district. Daehak-ro is the name of the neighborhood and the area's main road. Daehak-ro Street stretches from Jongno 4ga to Hyehwa Rotary. There are numerous theaters and performance venues of all sizes located throughout the area. Visitors who are fans of theater, musicals, and music should head to Daehak-ro to get their fill of cultural experiences.","104, Daehak-ro, Jongno-gu, Seoul, Korea",37.5803340012344,127.002515322401,,,"CollegeTown, Daehakro, Musical, PerformanceArts, Theater, MarronnierPark, Daehangno, NaksanPublicArtProject, HyehwaStation, Universities",https://culture.jongno.go.kr/media/ko/index.do#,,
005328,ENP005328,en,event,Culture > Performance Halls,Universal Arts Center,The Universal Arts Center was established in 1981 as a multipurpose arts and cultural center.,"The Universal Arts Center was established in 1981 as a multipurpose arts and cultural center. The center spans three stories above ground and one level below ground. The center's capacity is 1,200 seats and visitors can enjoy dance and performing arts from various genres such as ballet, and opera. Major awards ceremonies and competitions have also been held at the Universal Arts Center.","664, Cheonho-daero, Gwangjin-gu, Seoul",37.55079583612695,127.08790257549124,Depending on the performance,,"Arts, Culture, Ballet, AwardCeremony, Performance, Theater, Musical, Dance, PerformanceArt, UniversalArtsCenter",http://www.uac.co.kr,,
005156,ENP005156,en,event,Culture > Performance Halls,Hongdae NANTA Theatre,"Nanta Theater is Korea’s first exclusive venue for Nanta performances, which are based on the rhythm of the samulnori (traditional Korean percussion quartet) and are comic non-verbal plays set in a kitchen.","Nanta Theater is Korea’s first exclusive venue for Nanta performances, which are based on the rhythm of the samulnori (traditional Korean percussion quartet) and are comic non-verbal plays set in a kitchen. Nanta has been a sell-out success at the Edinburgh Fringe Festival in the UK and was also the first long-running Korean show on Broadway in New York City. The shows have been so successful that they now run at three exclusive theaters in Seoul which are equipped with special lighting and sound systems to create maximum audience impact. Around 380,000 international tourists visit Nanta Theater every year.","29, Yanghwa-ro 16-gil, Mapo-gu, Seoul",37.55305942365286,126.92086900924484,Please refer to the website.,,"Hongdae, NewYorkCity, Food, NantaTheater, Theater, Broadway, FoodEntertainment, NonVerbalPerformance, KoreanShow",http://nanta.i-pmc.co.kr,,
003411,ENP003411,en,event,Culture > Performance Halls,Myeongdong Theater,"Situated on the former site of the National Theater of Korea, Myeongdong Theater is a mid-sized venue that hosts many arts events.","Situated on the former site of the National Theater of Korea, Myeongdong Theater is a mid-sized venue that hosts many arts events. The theater is located between Euljiro 1(il)-ga Station and Myeongdong Station and stands five stories tall with one basement level. Myeongdong Theater presents experimental plays, musicals, classic plays, and nonverbal performances. There are also special events held here such as theater festivals and arts festivals. The proximity of the seating area to the stage also lends an intimacy and immediacy to the venue's performances.","35, Myeongdong-gil, Jung-gu, Seoul",37.563947,126.984196,Please refer to the website.,,"Performance, Euljiro1gaStation, Culture, Theater, ArtTheater, Play, Musical, MyeongdongTheater, CultureSpace, MyeongdongStation, Arts",http://www.ntck.or.kr/en,,
003986,ENP003986,en,event,Culture > Performance Halls,Seoul Arts Center,"Seoul Arts Center is home to many artistic disciplines, comprising an Opera House, Music Hall, the Hangaram Art Museum, the Hangaram Design Museum and the Seoul Calligraphy Museum.","Seoul Arts Center is home to many artistic disciplines, comprising an Opera House, Music Hall, the Hangaram Art Museum, the Hangaram Design Museum and the Seoul Calligraphy Museum. The center also features a fountain plaza and outdoor café, making ita popular year-round destination. Seoul Arts Center was established to develop and promote Korean arts and culture of the highest caliber and to forge links with the international art scene. Now considered one of the world’s 10 leading arts centers, Seoul Arts Center also runs an ArtsAcademy which acts as a cultural bridge to help improve public access to the arts. As the center’s signature building, the Opera House is its principal performance space, and was designed in the shape of a gat (traditional Korean hat made of bamboo and horsehair).","2406, Nambusunhwan-ro, Seocho-gu, Seoul",37.47948213244365,127.01331855561996,"Performance times vary.

<p>Please use the website to plan your visit.",,"theater, museum, music",https://www.sac.or.kr/site/eng/home,,
005788,ENP005788,en,event,Culture > Performance Halls,Myeongdong Nanta Theater,"Nanta Theater is Korea’s first exclusive venue for Nanta performances, which are based on the rhythm of the samulnori (traditional Korean percussion quartet) and are comic non-verbal plays set in a kitchen","Nanta Theater is Korea’s first exclusive venue for Nanta performances, which are based on the rhythm of the samulnori (traditional Korean percussion quartet) and are comic non-verbal plays set in a kitchen. Nanta has been a sell-out success at the Edinburgh Fringe Festival in the UK and was also the first long-running Korean show on Broadway in New York City. The shows have been so successful that they now run at three exclusive theaters in Seoul which are equipped with special lighting and sound systems to create maximum audience impact. Around 380,000 international tourists visit Nanta Theater every year.","26, Myeongdong-gil, Jung-gu, Seoul",37.5634570928,126.9837646756,Please refer to the website.,Please refer to the website.,"FoodEntertainment, Food, Myeongdong, Nanta, Euljiro, FoodPerformance, NonVerbalPerformance, NantaTheater, Theater",https://www.nanta.co.kr:452/,,
001615,ENP001615,en,event,Culture > Performance Halls,Jump Theater,"Jump Theater located on the 3rd floor of the Myeongbo Art Hall and it is the home theater for the famed non-verbal show, ""Jump.""","Jump Theater located on the 3rd floor of the Myeongbo Art Hall and it is the home theater for the famed non-verbal show, ""Jump."" ""Jump"" is an exciting non-verbal show that tells the story of a band of thieves who decide to break into a house. What the thieves don't realize is that the house is home to a family of martial artists. Visit the Jump Theater to see what happens with this merry family and the band of thieves. The show is popular with all ages and mixes music, comedy, and martial arts for an unforgettable performance.","47, Mareunnae-ro, Jung-gu, Seoul",37.5646905365333,126.993213465524,"Mon-Fri 17:00
Weekends/Public Holidays 14:00, 17:00",Please refer to the website,"Jump, MartialArts, Euljiro3Station, JumpTheater, NonverbalPerformance, Performance, ChungmuroStation, MyeongboArtHall, MyeongboTheater, Taekwondo",http://www.hijump.co.kr/gb/,,
001732,ENP001732,en,event,Culture > Performance Halls,ARKO Arts Theater,"Arko Arts Theater comprises a two-storied 608-seater main hall equipped with a revolving stage, a smaller 132-seater hall, a practice room and a play-area for children.","The ARKO Arts Theater opened in 1981, and it is one of Daehak-ro's major theaters. The theater spans 5 levels in total with three floors above ground and two underground levels. The theater's venues include the main hall, the small hall, Studio Darak which is used as a multi-purpose room, and practice facilities. In addition to being a performance venue, the ARKO Arts Theater also offers educational programs on classical Korean music, acting, and dance. The theater is conveniently located close to Hyehwa Station.","7, Daehak-ro 8-gil, Jongno-gu, Seoul",37.58118880226877,127.0029564399234,"Daily 10:00 - 19:00 (KST)

※ Please refer to the website.",Please refer to the website.,"EducationlPrograms, Dance, ArkoArtsTheater, CulturalComplex, Performance, Daehakro, HyehwaStation, Gugak, Theater, Venue, Arts",https://theater.arko.or.kr/home/main,,
000858,ENP000858,en,event,Festivals/Events/Performances,The Great Rite of Sajik Daeje,The great rite of Sajik Daeje is a ritual dating back to the Joseon Dynasty. Sajik Daeje lives on today in Seoul and a historical re-enactment of the ritual is held once a year.,"Sajikdaeje (社稷大祭), a national ritual from the Joseon Dynasty, praying for national peace and a bountiful harvest, will be reenacted in downtown Seoul. Sajikdaeje (社稷大祭) is a traditional ritual in which the king and all civil and military officials of the Joseon Dynasty participate, offering offerings directly to Sasin (社神), the god of land, and Jikshin (稷神), the god of grain, to pray for national peace and a bountiful harvest. Designated Important Intangible Cultural Property No. 111 in October 2000, this precious cultural heritage is a precious cultural heritage. For our people, who have long relied on agriculture for their livelihood, land and grain were the foundation of their nation. The nation held Sajikdaeje to pray for the well-being of the people who relied on agriculture for their livelihood. Abolished in 1908 (the second year of King Sunjong's reign) under Japanese colonial rule, Sajikdaeje was restored to its original form in 1988 and has been held annually since then under the auspices of the Jeonju Lee Clan Association's Sajikdaeje Preservation Committee. Departing from Deoksugung Palace, the tour takes approximately 50 minutes via Gwanghwamun Gate to Sajikdan Altar.","89 Sajik-ro, Jongno-gu, Seoul",37.5763058372,126.9686195967,"4th Saturday of September, 12:00 PM",,"Sajik Performance, Sajik Daeje, Ancestral Rites, Sajikdan Altar, History",http://www.rfo.co.kr/sajik.htm,,
008256,ENP008256,en,event,Festivals/Events/Performances,Changing of the Royal Guard at Gyeongbokgung Palace,"A must-see among Seoul's tourist attractions, this ceremony is a great opportunity to experience a rare traditional scene in Korea, as the ceremony is reenacted exactly as it used to be held, with guards wearing royal uniforms, carrying traditional weapons and playing traditional instruments.","During the Joseon Dynasty, the royal guards were responsible for guarding and patrolling the gates of the capital city and the royal palaces. The royal palace guards, who were known as the ""Wanggung Sumunjang"", had the very important duty of protecting theking by guarding the entrance gates of the primary royal palace where the king resided. They were in charge of opening and closing the palace gates, inspecting all visitors, and maintaining a close surveillance of the palace. They were divided intodayand night shifts, and the Changing of the Guard ceremony took place whenever the shifts changed over. In the early period of the Joseon Dynasty, the Changing of the Guard ceremony was conducted at Gyeongbokgung Palace as at that time Gyeongbokgung was the primary royal palace and the king then resided there. However, in the late period of the Joseon DynastywhenGyeongbokgung was burned down during the Imjin Waeran (Japanese Invasions of 1592 - 1598), Deoksugung was made the primary royal palace and the Changing of the Guard ceremony was then conducted at Deoksugung. After some extensive historical research, this splendid and elegant traditional Korean royal court cultural ceremony was first re-enacted in 1996 and has been a must-see among Seoul's tourist attractions ever since. This ceremony is a great opportunity to experiencea rare traditional scene in Korea, as the ceremony is reenacted exactly as it used to be held, with guards wearing royal uniforms, carrying traditional weapons and playing traditional instruments. A tradition comparable to the Changing of the Guards atBuckingham Palace, this ceremony takes place twice a day in front of Gwanghwamun, the main gate of Gyeongbokgung at 10 a.m. and 2 p.m. (except on Tuesdays).","12, Hyoja-ro, Jongno-gu, Seoul",37.57701264219352,126.97661272532484,"- Changing of the Royal Guard Ceremony: 10:00, 14:00
- Gwanghwamun Gate Guard on Duty Ceremony: 11:00, 13:00
- Royal Guard Costume Experience: Before and after the Changing of the Royal Guard Ceremony
- Gatekeeper Military Training: 9:30, 13:30 (Running time 15 min.)

※ Winter Season (Dec - Feb): On days when the temperature is -10℃ or lower, the changing of the royal guard ceremony maintains full scale presentation, however the number of guards on watchguard duty may be reduced.
※ Summer Season (July - Aug): On days when the temperature is 30℃ or higher, the changing of the royal guard ceremony maintains full scale presentation, however the number of guards on watchguard duty may be reduced.
※ Bad Weather (Heavy Rain or Snow): The changing of the royal guard ceremony may be cancelled while the duty of guarding the palace gates will continue to be carried out at Heungnyemun Gate.",,"korean traditional ceremony, korean guard changing ceremony, changing of the royal guard, gyeongbokgung events, gyeongbokgung guard ceremony",https://royal.khs.go.kr/ROYAL/contents/R201000000.do?act=view&ceIdx=202401240062,,
008010,ENP008010,en,event,Festivals/Events/Performances,Namsan Beacon Mound Lighting Ceremony,"The Namsan Beacon Mound Lighting Ceremony is a re-enactment of Bongsu, a communication system that was once used to notify the government of urgent military matters occurring at the city borders. After being reconstructed in 2007, a re-enactment of how the Beacon Mound was used during the Joseon Dynasty has been held from 11:30 to 12:30 daily (except Mondays).","The Namsan Beacon Mound Lighting Ceremony is a re-enactment of Bongsu, a communication system that was used to notify the central government of urgent military matters (e.g. the approach of enemy forces, etc.) from the borders during ancient times. Bongsu was used to send messages across the peninsula by using smoke during the daytime and torchlights at night, a more convenient and rapid messaging method than horse or messenger. ""Bongsu"" is a combination of the words ""bong"" meaning torchlight, and ""su"" meaning smoke. Namsan Beacon Mound was established after moving the capital city to Hanyang (present day Seoul) during the third year of King Taejo's reign (1394) during the Joseon Dynasty period. To protect the city from invasions, castle walls were built on the four major mountains located within the city: Bugaksan, Inwangsan, Naksan, and Namsan. On Namsan, five beacons were built at its peak to report political and military information to the king. One beacon was lit at normal times, two when an enemy appeared, three when an enemy approached the border, four when an enemy invaded the border and five beacons were lit when a battle with an enemy had begun at the border. Namsan Beacon Mound served as the central destination point for all beacons in the peninsula because of its proximity to the King. At the peak of the Chosun dynasty, 673 beacon towers transmitted military and political information from around the peninsula to the capital Seoul. Historical records state that it took 12 hours for a message to travel from Busan to Seoul, two cities approximately 500 kilometers apart. Namsan Beacon Mound was used for approximately 500 years until 1894, the year after Gabo Reformation. Namsan Beacon Mound was also called ""Mokmyeoksan Beacon Mound"" as Namsan was once called Mokmyeoksan, and was even called ""Gyeong Beacon Mound"" as it was located in Seoul. Originally there were five different beacon mound stations located on Namsan, but they were destroyed over the course of time. The current beacon mound was reconstructed in 1993 based on historical records in one of the five locations, near Namsan Palgakjeong Pavilion), and has been designated Seoul Monument No. 14. Starting from 2007, a re-enactment of how the Beacon Mound was used during the Joseon Dynasty has been held from 11:30 to 12:30 every day except on Mondays. The event starts with a patrolling ceremony and a ceremony of the guards. At around noon, the bongsugun (beacon tower soldiers) sound the bugle and conch horn to signify that the lighting ceremony is about to begin. Then at exactly noon, Bosingak Belfry located in Jongno rings twelve times, and the lighting ceremony begins. Only one beacon is lit in accordance with the rules that were used in ancient times. Although the lighting ceremony itself is great to see, the patrolling ceremony and ceremony of the guards that occurs before and after the lighting ceremony are very interesting to see as well. Although smaller in size than the Changing of the Guards ceremony that takes place at Deoksugung Palace, these ceremonies offer the opportunity to witness a different aspect of traditional Korean culture. Once the event has concluded, visitors may take photos with the bongsugun.","8-1 Yejang-dong, Jung-gu, Seoul",37.55611471951599,126.99202867563474,11:00~12:10,,"namsan beacon lighting ceremony, seoul traditional ceremony, namsan smoke signal, namsan beacon mound, traditional Korean re-enactment",https://namsanbongsu.kr/2022/?p=0301,,
008705,ENP008705,en,event,Festivals/Events/Performances,Traditional Performances at Namsan Beacon Mound,"Visitors can catch a unique traditional martial arts demonstration and folk concert performed by Bongsugun (beacon mound soldiers) everyday at 15:00 at the Namsan Palgakjeong Pavilion, located on Mount Namsan.","Namsan Beacon Mound Martial Arts Demonstration & Folk Concert Visitors can catch a unique traditional martial arts demonstration and folk concert performed by Bongsugun (beacon mound soldiers) everyday at 15:00 at the Namsan Palgakjeong Pavilion, located on Mount Namsan. Traditional Martial Arts Demonstration Spearmanship demonstration Swordsmanship demonstration Bare-knuckle boxing demonstration","8-1, Yejang-dong, Jung-gu, Seoul",37.551720148786735,126.98759608838154,15:00 - 16:00,,"namsan palgakjeong, martial arts demonstration, namsan pavilion, smoke signal, namsan, folk concert, bongsudae, traditional martial arts",https://namsanbongsu.kr/2022/?p=0101,,
031560,ENP031560,en,event,Festivals/Events/Performances > Festivals,One More Trip : 2019 Autumn Big Sale,One More Trip's 2019 Autumn Big Sale is back!,"One More Trip's 2019 Autumn Big Sale is back! This autumn, come enjoy the new reduced prices on One More Trip! Offering 20% discount on all experiences, make the best of your upcoming Seoul trip together with One More Trip! * One More Trip Sale URL > https://www.onemoretrip.net/en/goods_category/sale/",,,,,,"Sale, One More Trip, Event, One More Trip : Autumn Sale",https://www.onemoretrip.net/en/goods_category/sale/,,
031435,ENP031435,en,event,Festivals/Events/Performances > Festivals,3rd Gangbuk-gu Hiking Cultural Festival,"The 3rd Gangbuk-gu Hiking Cultural Festival will take place on Sept. 21, 2019 at Ui-dong Meeting Place.","<3rd Gangbuk-gu Hiking Cultural Festival> The 3rd Gangbuk-gu Hiking Cultural Festival will take place on Sept. 21, 2019 at Ui-dong Meeting Place. □ Date: 2019. 9. 21. □ Location: Ui-dong Meeting Place □ Event Details ○ Rock Climbing Experience (10:00 - 16:00) - Participants of all ages can come try out rock climbing ○ VR (Virtual Reality) Experience Zone (10:00 -16:00) - Experience rock climbing and roller coasters through VR ○ Activity Booths (10:00 - 16:00) - 3D pen, fireflies, drawing, etc. ○ Bukhansan Mountain Trekking (10:00 - 14:00) - Bukhansan Mountain Trekking (On-site Registration)﻿ Course: Ui-dong Meeting Place→Halujae→Youngbong→Yungmojeong Pavilion Pass→Seonunsa Temple→Ui-dong Meeting Place (Total Distance Approx. 6 km) ○ Music Festival (14:20 - 16:00) - Yodel Club, Singer Park Hyun-bin, Kang Ye-seul (Miss Trot) □ Sub Events: Rock Climbing, VR Experience Zone (Hiking), Activity Booths (3D pen, fireflies, drawing, etc.), Bukhansan Mountain Trekking □ Guests: Children Yodel Club, Park Hyun-bin, Kang Ye-seul (Miss Trot)","676 Samyang-ro, Gangbuk-gu, Seoul",37.66296633269413,127.01270274297694,10:00 - 16:00,,"Festival, 3rd Gangbuk-gu Hiking Cultural Festival",,,
016491,ENP016491,en,event,Festivals/Events/Performances > Festivals,The 18 Sparkling Bridges of the Han River,Just 12 of Seoul's bridges were lit up decoratively at night but lighting systems have expanded to 18 of Seoul's bridges.,"The 18 Colorful Charms of the Han River at Nighttime Previously, for energy conservation reasons, only 12 of the Han River’s bridges were lit up colorfully at night. However, lighting plans were expanded to include more bridges and now a total of 18 Han River bridges are lit up colorfully at night. This has resulted in an even more beautiful Seoul nightscape. Currently, 27 of the Han River’s 29 bridges have or are in the process of being fitted with lighting systems. Originally, just 12 bridges had lighting systems. The 6 bridges to have been newly fitted with lighting systems are the Hangang Railway Bridge, the Haengjydaegyo Bridge, the Dongjakdaegyo Bridge, the Hannamdaegyo Bridge, the Yeongdongdaegyo Bridge, and the Jamsildaegyo Bridge. The 5 “storytelling” bridges and the 13 “outstanding landscape” bridges each have their own personalities, images, and characteristics. The light show times are flexible. The exact time the bridges’ decorative lighting turns on varies depending on the season and sunset times. Usually, the lights go on from dark until 11pm. Additionally, from May to October, the warm weather draws many Seoulites to the Han River and so the lights are usually kept on until midnight during these months.",,,,,,"Han River, Hannamdaegyo Bridge, Yeongdongdaegyo Bridge, Seongsandaegyo Bridge, Banpodaegyo Bridge,  Jamsildaegyo Bridge,  Olympic Bridge, Nighttime Spot",http://mediahub.seoul.go.kr/archives/967989,,
000038,ENP000038,en,event,Festivals/Events/Performances > Festivals,Hi Seoul Festival,"The Hi Seoul Festival will be taking place from October 1st (Thurs) until the 4th (Sundays) in major areas of Seoul such as Seoul Plaza, Cheonggye Plaza, Gwanghwanun Plaza, Seoul Museum of Art, Seoul Station, Sejong-daero, Deoksugung-gil, City Hall, etc. 



The theme for 2015 is ""Let's Play in the Streets"". There will be several performances and programs that will be provided to anyone who wants to join. 55 performance teams will be giving performances for free.","※ The 2016 Schedule Is Coming Soon The Hi Seoul Festival is one of the world's largest annual performing arts festivals with an average of 1.5 million people participating in the event annually. The festival aims to promote international unity by enabling people to communicate with one another through music and non-verbal performances, going beyond the barriers of language, race and age. Hundreds of performances by teams from around the world are presented during the week-long festival. The annual festival is held once a year during the fall around the City Center. ""Please be advised, this article specifies 2015. Exact event details are to be announced seasonally"" The Hi Seoul Festival will be taking place from October 1st (Thurs) until the 4th (Sundays) in major areas of Seoul such as Seoul Plaza, Cheonggye Plaza, Gwanghwanun Plaza, Seoul Museum of Art, Seoul Station, Sejong-daero, Deoksugung-gil, City Hall, etc.","10-7, Jong-ro, Jongno-gu, Seoul, Korea",37.56943887890608,126.97857906810384,,,,http://www.hiseoulfest.org/2015_en/index.php,,
009328,ENP009328,en,event,Festivals/Events/Performances > Festivals,Itaewon Global Village Festival,"From October 17-18, the ""2015 Itaewon Global Village Festival"" will  take place in Itaewon, an area that is considered to be a special tourist zone.","From October 17-18, the ""2015 Itaewon Global Village Festival"" will take place in Itaewon, an area that is considered to be a special tourist zone. The festival will be one dynamic event. The highlight is definitely the global village parade, then there is the fashion show with traditional clothing, a ""DJ festival"" that has the unconditional support of the younger generation, a chance to see the culture of different countries, and also a chance to try foods from different nations as well. For the first time this year, the audience will be able to participate in quizzes, a traditional form of tug-of-war, a Korean game of popping a plastic balloon-like structure, and other events that are tailored for a large sum of people so that everyone can join in at once. The main stage will be at Noksapyeong station, but there will be separate smaller stages all around the Itaewon area and Bogwang-ro, where you can see traditional folk performances, participate in the global village quiz, see street performances, and various other forms of entertainment.","Noksapyeong Station area, Yongsan-gu, Seoul",37.53418429962022,126.98819642436872,,Free,"parade, itaewon, concerts, global festival, cultural programs",http://www.itaewon.or.kr/,,
009288,ENP009288,en,event,Festivals/Events/Performances > Festivals,Seoul Grand Park Fall Festival,Seoul Grand Park's Fall festival will take place from October 9-25.,"Seoul Grand Park's Fall festival will take place from October 9-25. The theme for the 2015 Seoul Grand Park Fall Festival is ""world tour of the zoo."" During the festival, there will also be an 'Animal Habitat Culture Festival' and the ""Seoul Grand Park Plant Exhibition"", which will have a diversity of educational programs and events. In total, there will be 10 different programs available. An animal stamp activity and global village concert will also be available for visitors. Also, if at least 7 stamps are filled out during the animal stamp activity, then visitors will be able to participate in a global craft activity, a ""Jambo Mambo global instrument activity"" and many more fun events.","Seoul Grand Park, 102 Daegongwongwangjang-ro, Gwacheon-si, Gyeonggi-do",37.43595477535079,127.01423406496475,,,"programs, seoul grand park, fall, zoo, performances",http://grandpark.seoul.go.kr/main/grandMain.do?headerId=41181,,
009221,ENP009221,en,event,Festivals/Events/Performances > Festivals,Herb Medicine Culture Festival,"From October 10-11, the 21st Herbal Medicine Culture Festival will take place at Seoul Yangnyeong market, the largest oriental medicine market in Korea, which is located in Jegi-dong, Seoul. The festival will take place from October 10-11.","From October 10-11, the 21st Herbal Medicine Culture Festival will take place at Seoul Yangnyeong market, the largest oriental medicine market in Korea, which is located in Jegi-dong, Seoul. Meant to be a healing space for tired and weary bodies, the 4 themes for this year's festival are the comfort of Knowledge, Joy, Taste, and Learning.","Yangnyeongjungang-ro 10-gil, Dongdaemun-gu, Seoul",37.58103128551949,127.03763754603384,9:00~18:00,Free,"festival, jegidong, herbal medicine, yangnyeong",http://www.seoulya.com/festival/festival.htm,,
009141,ENP009141,en,event,Festivals/Events/Performances > Festivals,Seoul Bazaar Festival,"From October 1 -4 in the Gwanghwamun area, the Seoul Chamber of Commerce and Industry will be hosting the Seoul Bazaar Festival where premium products will be for sale at discounted prices.","From October 1 -4 in the Gwanghwamun area, the Seoul Chamber of Commerce and Industry will be hosting the Seoul Bazaar Festival where premium products will be for sale at discounted prices. The main locations for this festival will be Gwanghwamun Square, Sejongno Park, Simin Yeolin Madang, Cheonggyecheon ro, Hanbit Square, and Deoksugung-gil. There will also be 11 other locations such as the Seocho Bus Terminal, Jamsil Lotte World mall, and more.",,,,,,"Gwanghwamun Square, cheonggyecheon, bazaar festival, shopping",,,
009100,ENP009100,en,event,Festivals/Events/Performances > Festivals,Gangnam Festival,"From October 1-4, the Samseong-dong Yeongdong-daero area will be making way for the Gangnam Festival. The festival is composed of the fashion festival, International Peace Marathon, and the Hallyu Festival.","Fall Festivals in Gangnam From October 1-4, the Samseong-dong Yeongdong-daero area will be making way for the Gangnam Festival. The festival is composed of the fashion festival, International Peace Marathon, and the Hallyu Festival.",,,,,,"gangnam, festival, K-POP, fashion, fashion",,,
009081,ENP009081,en,event,Festivals/Events/Performances > Festivals,Seoul Bamdokkaebi Night Market 2015,"From October 1-17, Yeouido Hangang Park will be hosting a late night market where you can eat from food trucks, browse through creative items for sale, and enjoy fun performances. The exact dates are as follows: October 1-2, 8-20, and 16-17. The market will be open from 6 pm until 12 am.","Late night market at the Hangang (River)! From October 1-17, Yeouido Hangang Park will be hosting a late night market where you can eat from food trucks, browse through creative items for sale, and enjoy fun performances. The exact dates are as follows: October 1-2, 8-20, and 16-17. The market will be open from 6 pm until 12 am.","330 Yeouidong-ro, Yeongdeungpo-gu, Seoul",37.53131782982196,126.92422431843406,"Fri, Sat 18:00~24:00",Free,"food trucks, festival, yeouido hangang park, late night market",http://www.bamdokkaebi.org/,,
009095,ENP009095,en,event,Festivals/Events/Performances > Festivals,Korea Grand Sale,"Korea Grand Sale will take place from August 14th - October 31st, 2015. Starting from the 14th, there will be a ""Pre-Korea Grand Sale"" for 21 days where you can get a head start on discounts for airplane flights, lodging, and shopping.","2015 Korea Grand Sale: August 14th - October 31st, 2015 Starting from the 14th, there will be a ""Pre-Korea Grand Sale"" for 21 days where you can get a head start on discounts for airplane flights, lodging, and shopping. Some of the main benefits include a 70% discount for all flights on Jeju Air, a 50% discount on season passes at Everland, and up to 80% off on some brands at Lotte Duty Free Store.",,,,,,"grand sale, korea, shopping, sale",http://www.koreagrandsale.co.kr/en,,
008829,ENP008829,en,event,Festivals/Events/Performances > Festivals,Seoul Temple Stay Week,Experience the joys of a temple stay.,"The temple stay can be thought of as a way to ""find yourself."" Through experiences such as communal eating, chanting, and meditation, you have the leisure to engage yourself in a deeper way. Previously, information on temple stays was limited and the cost might have made you hesitate. However, for Temple Stay Week only, a special price will be offered. Don't miss this chance to get away from the crowded and chaotic atmosphere of the city! Since there is a limited number of spots, hurry and find out how to make a reservation at the English TempleStay website or at spring.templestay.com(Korean). Reservations will be taken on a first come, first serve basis from 4.17-5.12. Temple Options Dates Maximum # of People/Day Foreign Languages Gwanmunsa Day Program 5.6~7/ 5.13~14 10 Individual/Group n/a 2 days, 1 night (Overnight stay) - - International Seon Center Day Program 5.1~6/ 5.8~14 100 Available (English) 2 days, 1 night 5.1~6/ 5.8~14 100 Geumseonsa Day Program 5.1/ 5.4~8/ 5.11~13 20 2 days, 1 night 5.1/ 5.4~8/ 5.11~13 20 Kilsangsa Day Program 5.1/ 5.11 40 n/a 2 days, 1 night 5.9 40 Myogaksa Day Program 5.1~2/ 5.4~10/ 5.12~14 80 Available (English) 2 days, 1 night - - Jogyesa Day Program 5.1~14 50 Group 2 days, 1 night 5.1~14 30 Jingwasa Day Program 5.1~14 50 Individual n/a 2 days, 1 night - - Bongeunsa Day Program 5.1~2/ 5.4~10/ 5.12~14 80 Individual/Group Available (English) 2 days, 1 night 5.6/ 5.8/ 5.10~13 40 Hwagyesa Day Program - - n/a 2 days, 1 night 5.1/ 5.5/ 5.7~10/ 5.12/ 5.14 17",,,,,"Overnight Stay : 10,000won
Day Ticket : 5,000won",,ttp://eng.templestay.com/,,
008783,ENP008783,en,event,Festivals/Events/Performances > Festivals,LetsRun Park Cherry-Blossom Night Festival,"LetsRun Park, located at Seoul Race Park station, is holding an evening cherry-blossom festival.","Come to LetsRun Park (located at Seoul Race Park station) for lights, busking, various performances, a snack bar, and even a photobooth. You can also enter into their photo contest and have a chance to win a generous prize. For more information, visit their facebook page: https://www.facebook.com/letsrunpark (this page is only in Korean).",Kyonggi-do Gwacheon-si Gyeongmagongwon-daero 107,37.44757216212752,127.01704857883009,,,,http://www.kra.co.kr/informationNotice.do?artNo=152388,,
008744,ENP008744,en,event,Festivals/Events/Performances > Festivals,Seoul Grand Park Flower Festival,"From April 1st to May 6th, 2015, Seoul Grand Park will be having a flower festival both outdoors and through their botanical garden.","From April 1st to May 6th, 2015, Seoul Grand Park will be having a flower festival both outdoors and through their botanical garden. You will have a chance to see different kinds of orchids, lavender, thyme, pineapple sage, and thyme to name a few. The botanical garden also houses many plants that thrive in a Mediterranean climate and tulips, forget-me-nots, calendulas, etc. grow nearby.","102 Daegongwongwangjang-ro, Gwacheon-si, Gyeonggi-do",37.43595477535079,127.01423406496475,,,,http://grandpark.seoul.go.kr,,
009044,ENP009044,en,event,Festivals/Events/Performances > Festivals,Ttukseom Hangang Park Snow Sledding,"Snow sledding and other winter activities are now open at Ttukseom Hangang Park. Open daily from 9am to 5pm, a one day pass will allow you to access to four different types of equipment - a trampoline, the bumper cars, the mini-viking and electric mini-cars.","Snow sledding and other winter activities are now open at Ttukseom Hangang Park. Open daily from 9am to 5pm, a one day pass will allow you to access to four different types of equipment - a trampoline, the bumper cars, the mini-viking and electric mini-cars.",,37.52917389142718,127.07136075929144,,,,http://hangang.seoul.go.kr/,,
008931,ENP008931,en,event,Festivals/Events/Performances > Festivals,Run@SeoulWeek,Seoul Metropolitan Government invites global citizens to participate in interactive campaign to give missions to the runners so they can accomplish various missions given and deliver lively images of Seoul.,Seoul Metropolitan Government invites global citizens to participate in interactive campaign to give missions to the runners so they can accomplish various missions given and deliver lively images of Seoul.,,,,,,,,,
008898,ENP008898,en,event,Festivals/Events/Performances > Festivals,Seoul Kimchi Making & Sharing Festival,Learn all you need to know about Kimchi at the 2014 Seoul Kimchi Making & Sharing Festival. You can experience in real Korean culture as you try out the delicious flavors that make up the country!,Learn all you need to know about Kimchi at the 2014 Seoul Kimchi Making & Sharing Festival. You can experience in real Korean culture as you try out the delicious flavors that make up the country!,"2, Taepyeong-ro, Sujeong-gu, Seongnam-si, Gyeonggi-do, Korea (태평동)",37.44780513315404,127.1272639264116,,,,http://english.seoul.go.kr/2015-seoul-kimchi-making-sharing-festival/,,
008897,ENP008897,en,event,Festivals/Events/Performances > Festivals,Seoul Independent Film Festival 2014,"Known as the most representative collection of independent films in Korea, the Seoul Independent Film Festival boasts a history dating back to 1975. It provides a platform for up and coming independent film directors to present their work and a means for audiences in Seoul to quench their cultural and artitstic thirst.","Known as the most representative collection of independent films in Korea, the Seoul Independent Film Festival boasts a history dating back to 1975. It provides a platform for up and coming independent film directors to present their work and a means for audiences in Seoul to quench their cultural and artitstic thirst.","848, Nonhyeon-ro, Gangnam-gu, Seoul, Korea",37.52458557672351,127.02882921365752,,,,,,
008385,ENP008385,en,event,Festivals/Events/Performances > Festivals,Seoul Metro Stamp Tour,"Visit tourist attractions in Seoul and take photos in order to receive a stamp on your booklet. The first 1,000 people to complete all the courses will be given souvenirs.","Seoul Metro Stamp Tour/ Tour Seoul via subway Visit tourist attractions in Seoul and take photos in order to receive a stamp on your booklet. The first 1,000 people to complete all the courses will be given souvenirs. Stamp Station Locations Tourist Attractions Seoul Station (Lines 1, 4) Culture Station Seoul 284 (former Seoul Station), Namdaemun Gate (Sungnyemun Gate), Namdaemun Market Hoehyeon Station or Myeongdong Station (Line 4) Mt. Namsan, Namsan Seoul Tower, Myeong-dong Shopping District, Myeongdong Cathedral KTO Tourist Information Center Cheonggyecheon Stream, Gwanghwamun Square, Korea Tourism Organization,TIC Course 2: The Street of Youth Stamp Station Locations Tourist Attractions Hongik University Station (Line 2) Hongdae area including Hongdae Street, Hongdae Flea Market, etc. Sinchon Station or Ewha Womans University Station (Line 2) Street between Sinchon and Ewha Womans University (Car-free Street/Myeongmul-geori Street) Course 3: A Glimpse of History Stamp Station Locations Tourist Attractions Gyeongbokgung Palace Station (Line 3) Sajikdan, Cheong Wa Dae Sarangchae, Gyeongbokgung Palace, National Museum of Korean Contemporary History, Hangeul Gaon-gil, Seoul Museum of History, Samcheongdong-gil Road City Hall Station (Lines 1, 2) Jeongdong-gil Road, Deoksugung Doldam-gil (Deoksugung Stone-Wall Road), Deoksugung Palace Royal Guard-Changing Ceremony, Seoul Museum of Art KTO Tourist Information Center Bosingak, Jogyesa Temple, Tapgol Park, Insa-dong (Ssamziegil) Course 4: Going Beyond Tradition and Toward the Future Stamp Station Locations Tourist Attractions Hyehwa Station (Line 4) Ihwa-dong Mural Village, Naksan Park, Dongdaemun Seonggwak (Fortress Wall) - Naksan Course, Daehangno (University Street) Dongdaemun Station (Lines 1, 4) Dongdaemun Gate (Heunginjimun Gate), Dongdaemun Market Dongdaemun History & Culture Park Station (Lines 2, 4) Dongdaemun Design Plaza (DDP), Dongdaemun History Museum, Klive (K-pop Hologram Concert Hall)","161, Apgujeong-ro, Gangnam-gu, Seoul, Korea (압구정동, 강남관광정보센터)",37.526842105627495,127.02705620164268,,,,,,
007907,ENP007907,en,event,Festivals/Events/Performances > Festivals,Seoul Open Week,"Enjoy camping, music, and various cultural activities at the annual Seoul Open Week from August 29 to 30 at Seoul Plaza, Cheonggye Plaza and Citizens' Hall.","Enjoy camping, music, and various cultural activities at the annual Seoul Open Week from August 29 to 30 at Seoul Plaza, Cheonggye Plaza and Citizens' Hall. The highlights of this year's festival is ""Open House Seoul,"" where the most iconic buildings and architecture of Seoul are explored; ""Seoul Music Festival,' where ordinary people show off their musical prowess; and overnight camping at the urban center of Seoul.","63, Namdaemun-ro, Jung-gu, Seoul, Korea (소공동, 한진빌딩)",37.56306390401194,126.9813652415084,,,,,,
009015,ENP009015,en,event,Festivals/Events/Performances > Festivals,Seoul Fringe Festival,Please be advised that dates are announced seasonally.,"※ The 2016 Schedule Is Coming Soon 2015 celebrates the 18th annual Seoul Fringe Festival, which began in 1998 as the ""Independent Arts Festival."" From August 1st through 9th, performances will take place at several different indoor and outdoor spaces in Hongdae and the World Cup Stadium. Hundreds of individuals and groups will perform theater, dance, pantomime, music and interdisciplinary performance art that combines multiple genres.","World Cup Stadium, 240, World Cup-ro, Mapo-gu, Seoul",37.56829431746581,126.89726327628448,,,"Festival, Arts,  Culture, Seoul Fringe Festival,  Performance",http://eng.seoulfringefestival.net/,,
009033,ENP009033,en,event,Festivals/Events/Performances > Festivals,Marronnier Summer Festival,"Enjoy camping, festivities and culture all at the Marronnier Summer Festival from August 1 to August 16 at theaters and parks around Daehangno.","Enjoy camping, festivities and culture all at the Marronnier Summer Festival from August 1 to August 16 at theaters and parks around Daehangno. The Marronnier Summer Festival will feature block parties, camping, music concerts, talk shows, workshops and other activies to advocate summer vacationing in the city. Dozens of tents will be set up at the parking lot of the Arko Arts Theater throughout the festival. Campers will be able to enjoy mini acoustic band concerts, delcious midnight snacks, late night movies and more. Reservations can be made for parties of 4, at 10,000 per person. Other activities include late Night Booktalks and used books sales at the bookstore located on the 1st floor of the Danhangno Performing Arts Center, food workshop using garden vegetables, Indian Teepee building, live broadcasting and more.",,,,,,,http://blog.naver.com/m_sf08,,
009500,ENP009500,en,event,Festivals/Events/Performances > Festivals,"""My Love from the Stars"" Exhibition","The SBS drama, ""My Love from the Stars"" special exhibition is the exact replica of the two main character's homes.","The SBS drama, ""My Love from the Stars"" special exhibition is the exact replica of the two main character's homes. The internationally acclaimed hit Korean drama is a fantasy romance between an alien named Do Min Joon, who came to earth about 400 years ago, and an arrogant Hallyu star Cheon Song Yi. The exhibition showcases the original film sets of both character's homes, and props used during filming. Visitors can also experience the technology behind the scenes of when Do Min Joon would stop time. The special exhibition, which will be held at the Dongdaemun Design Plaza, brings an full-scale open to the public.","Gwanghuidong, Jung-gu, Seoul",37.66930391212278,126.74578306000076,10:00 am - 10:00 pm,"Adult 15,000 Won / Student 10,000 Won / Children 8,000 Won
Virtual shooting 3,000won Time Slice 6,000won","my love from the stars, dongdaemun, ddp",http://lovefromstar.sbs.co.kr/,,
008859,ENP008859,en,event,Festivals/Events/Performances > Festivals,Seoul Gugak Festival,"Every October, the Seoul Gugak Festival offers visitors the chance to see and experience traditional Korean performing arts.","※ This is a 2014 event. Further information about this event in 2019 will be updated at a later date. Every October, the Seoul Gugak Festival offers visitors the chance to see and experience traditional Korean performing arts. Attendees will be able to get an exquisite glimpse into Korean traditional music, song, and dance by those who have been officially designated as luminaries of the genre.",,,,,,,http://seoulgugakfestival.org,,
008762,ENP008762,en,event,Festivals/Events/Performances > Festivals,Dano Festival,"Dano is one of the three major traditional holidays in South Korea, together with Seollal and Chuseok.","Dano is one of the three major traditional holidays in South Korea, together with Seollal and Chuseok. The holiday originated from the Mahan Confederacy, a confederation of Korean states that existed more than 2,000 years ago. Also called Surit-nal, it is celebrated on the fifth day of the fifth month of the lunar calendar. This year it falls on Thursday, June 1. On Dano, women traditionally wash their hair in water boiled with sweet flag, and men wear iris roots around their waist. Tteok (rice cakes) made with herbs are also eaten on this day. You can experience Dano and its related customs at the Namsangol Hanok Village or at the National Folk Museum of Korea. A variety of events are scheduled, including washing hair with sweet flag, making bows, fans, and kites, tasting herb rice cakes, riding swings and more.",,37.55856550678351,126.9932958961706,June 1 9:00~17:00,"Free ~ 5,000 KRW",,,,
008598,ENP008598,en,event,Festivals/Events/Performances > Festivals,Gwanghwamun International Art Festival,The Gwanghwamun International Art Festival (GIAF) is an annual art festival that aims to improve the quality of Korean art and pop culture.,"The Gwanghwamun International Art Festival (GIAF) is an annual art festival that aims to improve the quality of Korean art and pop culture. The festival takes place from May 29 - June 24 at the Sejong Center for the Performing Arts and The Story of King Sejong Exhibition Hall located in Gwanghwamun Square. The work of more than 500 domestic and international artists will be exhibited for people to enjoy. In addition to viewing the art exhibits, visitors will also be able to enjoy various performances and try different kinds of arts and crafts including ceramics, color therapy, silver handicrafts, leather handicrafts and more.",,37.57251901815266,126.97580508342564,,,,http://www.giaf.co.kr/,,
008444,ENP008444,en,event,Festivals/Events/Performances > Festivals,The GREAT Campaign,"Organized by the British Embassy in Seoul, the 'GREAT Campaign' will showcase the best of Britian's creativity, technology, culture, and food.","Organized by the British Embassy in Seoul, the 'GREAT Campaign' will showcase the best of Britian's creativity, technology, culture, and food. From March 27 to March 31, Garosu-gil in Seoul will become a full-fledged British cultural destination. Pub crawl through some of the British themed pop-up pubs for some tasty food, beer and gin; shop at British brand shops, and participate in various events for awesome prizes. Don't miss the chance to experience the best of GREAT Britain right here in Seoul. Britain is one of the leading destinations for the fashion industry, renowned for its trendsetting, uniqueness, and creativity. Enjoy the best of British fashion in Seoul! Travis, a popular British alternative rock band will return to Korea with their latest album 'Where you stand' on March 25, 2014 at the Olympic Hall in Seoul. Tickets are available at ticket.interpark.com Enjoy the best British foods and drinks at cafés and bars around Garosu-gil. Find out more and participate in various events and quizzes at the British Embassy Seoul Facebook page ( https://www.facebook.com/ukinrok )","Sinsa-dong Gangnam-gu, Seoul",37.518767548098914,127.02317501368476,,,,www.facebook.com/ukinrok,,
008392,ENP008392,en,event,Festivals/Events/Performances > Festivals,Culture Day - Last Weds of Every Month,"The last Wednesday of each month in 2014 has been designated as a special ""Culture Day"" in Korea.","The last Wednesday of each month in 2014 has been designated as a special ""Culture Day"" in Korea. During culture day, participating museums, galleries and other cultural facilities will offer free or discounted admission. The royal palaces, Jongmyo Shrine, the National Theater of Korea, National Gugak Center, Korea National Opera, and Korean National Ballet are just a few of the many participants of Korea's Culture Day.",,,,,,"culture, culture day",,,
009035,ENP009035,en,event,Festivals/Events/Performances > Festivals,Music at the Royal Palace,"From May to October of each year, ｢Music in the Royal Palace｣ is held at Changdeokgung (Palace), Deoksugung (Palace), Gyeongbokgung (Palace) and Jongmyo (Royal Shrine).","Starting from May 4 until October 13, ｢Music in the Royal Palace｣ will be held at Changdeokgung (Palace), Deoksugung (Palace), Gyeongbokgung (Palace) and Jongmyo (Royal Shrine). After the first successful traditional arts performance in 2008, ｢Music in the Royal Palace｣ has become a permanant show since 2009. Every spring and autumn, each palace offers a wealth of cultural events to watch for both locals and foreigners who visit. ｢Music at the Royal Palace｣ not only provides entertainment for vistors with traditional musical performances and storytelling, but also offers visitors a chance to experience the elegance of palaces and the depth of traditional Korean arts by bringing culture, history and arts together. In order for viewers to truly experience the beauty and original atmosphere of the palace and music, the stage, sounds and lightings have all been reduced to a minimum. Experience the elegance of Court Music ｢Changdeokgung (Palace) Concert｣ Changdeokgung (Palace), designated as a UNESCO World Heritage Site, will be holding a very special concert. Vistors can take a stroll through Huwon, a garden of natural beauty, and enjoy the traditional music that fills the air. Vistors can watcch traditional court music every Sunday morning at Nakseonjae (the Queen's private residential area). For 270 years, the palace was home to the Joseon government and was also the favored residence of many Joseon Dynasty kings. This makes Changdeokgung (Palace) the longest-serving royal residential palace. Compared to other palaces, Changdeokgung is well-preserved and still has many of its original features. A particular virture of Changdeokgung is the way its buildings blend into the surrounding landscape. The World of Musical Storytelling ｢Deoksugung (Palace) Concert｣ Deoksugung (Palace), a place where the past and present coexist, will feature storytelling concerts for children. Every Saturday and Sunday, a fusion blend of folk music and folktales will be performed at Hamnyeongjeon (King Go Jong's sleeping quarters). Masterpieces like「The Little Prince」and 「The Giving Tree」are brilliantly recreated with traditional Korean music and animations, satisfying both the eyes and ears. The concert will bring back heartwarming memories for adults and create dreams and fantasies for children. What kind of music did kings listen to? ｢Gyeongbokgung (Palace) Concert｣ If a king still lived in Gyeongbokgung (Palace) today, what kind of music would he listen to? He would have likely enjoyed a wonderful musical culture that perserves tradition, yet embraces the music of today. Enjoy festivities of Court Music that best matches the ambience Gyeongbokgung. One of a kind music ｢Jongmyo Jeryeak with Commentary｣ Jongmyo jeryeak (Jongmyo Royal Ancestral Confucian Memorial Ceremony Music) is a ceremonial music that is dedicated to all kings of Joseon Dynasty. Jongmyo jeryeak was registered as the first Korea Cultural Heritage and is also registered with UNESCO World Intangible Cultural Heritage. It is difficult to listen the Jongmyo jeryeak aside from when it is annually performed at Jongmyo (Royal Shrine) once a year. ｢Jongmyojeryeak with a commentary｣ offers visitors the opportunity to not only listen to, but also to understand the history and culture of Jongmyo jeryeak through commentaries.","99, Yulgok-ro, Jongno-gu, Seoul",37.57923389166838,126.99153852510644,,,"traditional, music, Palace, Changdeokgung, Gyeongbokgung, Jongmyo, Deoksugung",,,
008836,ENP008836,en,event,Festivals/Events/Performances > Festivals,Seoul International Fireworks Festival,The Seoul International Fireworks Festival is held in early October of each year in front of the 63 City Building at Yeouido Hangang Park.,"※ The 2016 Schedule Is Coming Soon The Seoul International Fireworks Festival is held in early October of each year in front of the 63 City Building at Yeouido Hangang Park. This festival is one of Seoul's most popular fall events, and watching fireworks paint the sky and water in a breathtaking spectacle. The massive crowds that gather around the Hangang River also adds to the festive atmosphere. For the best views, head over to Yeouinaru Station and walk along the river until 63 City Building. If crowds make you uncomfortable, go to the following locations to enjoy the fireworks in relative peace and quiet: Ichon Hangang Park, Nodeul Island, Hangang Bridge Observatory, Sayukshin Park, Seonyudo Park, and Noryangjin Seafood Market Parking Tower. 2015 Schedule and Program 13:00~19:00: Public participation programs (Stage performances, etc.) 19:00~19:20: Opening Ceremony 19:20~19:35: U.S.A fireworks display 19:40~19:55: Phillipines fireworks display 20:00~20:40: Korea fireworks display 20:40~21:30: DJ performances (D zone) / Public participation ""clean campaign""","Yeoui-dong, Yeongdeungpo-gu, Seoul",37.520798761564535,126.94184272815176,7pm-10pm,,"fireworks, Seoul International Fireworks Festival, seoul festival",http://www.hanwhafireworks.com,,
008235,ENP008235,en,event,Festivals/Events/Performances > Festivals,Unhyeongung Palace Royal Costume Experience,Unhyeongung Palace offers a cultural experience program where tourists and residents can try on royal costume attire. Royal costumes may be rented for an hour at a time and may be worn while touring the royal palace and/or for taking photos.,"※ Temporarily closed due to COVID-19 ​※ Unhyeongung Palace offers a cultural experience program where tourists and residents can try on royal costume attire. Royal costumes may be rented for an hour at a time and may be worn while touring the royal palace and/or for taking photos. Costumesformen, women, and children are available. A changing room is available, however, there are no lockers available to store belongings, so please bear this in mind when deciding to participate in this program. Tickets do not need to be reserved in advanceandmay be purchased at the ticket office when purchasing an admission ticket to the palace. Costumes are available for rent every day except Mondays.","464, Samil-daero, Jongno-gu, Seoul",37.576115442276745,126.98710825618662,"(Temporarily closed due to COVID-19)
Apr - Oct: 09:00 - 19:00 (Last Entry 18:30)
Nov - Mar: 09:00 - 18:00 (Last Entry 17:30)
※ Hanbok rental: 20 min.",,"foreigner experience program, hanbok experience, hanbok wear, unhyeongung palace, royal costume experience, unhyeongung",http://unhyeongung.or.kr/eng/?lang=en,,
014513,ENP014513,en,event,Festivals/Events/Performances > Festivals,Cheonha,Cheonha is one of the most popular Izakaya (Japanese-style pubs) with the young crowd in the Hongik University area.,"Cheonha is one of the most popular izakaya (Japanese-style pubs) with the young crowd in the Hongik University area. Their grilled skewers and tsukune (Japanese chicken meatballs) are very popular, and soju is also available.","4, Wausan-ro 14-gil, Mapo-gu, Seoul",37.550012,126.923342,18:00 ~ 04:30,,,,,
013812,ENP013812,en,event,Festivals/Events/Performances > Festivals,Mi Madre,"At Mi Madre, you can have generous portions of delicious Spanish food in a rustic interior decorated in Spanish style.","At Mi Madre, you can have generous portions of delicious Spanish food in a rustic interior decorated in Spanish style. You'll feel like you are having your meal in a Spanish home.","224-1, Noksapyeong-daero, Yongsan-gu, Seoul",37.537686,126.986975,"weekdays  17:00 ~ 22:30 
weekends 11:30 ~ 22:30",,,,,
008609,ENP008609,en,event,Festivals/Events/Performances > Festivals,Changing of the Royal Guard at Deoksugung Palace,"The Changing of the Royal Guard is a re-enactment of the ceremony from the Joseon Dynasty (1392-1910) for changing the guards that protected and patrolled the royal palaces, and were in charge of the opening and closing of the gates to the palaces.","During the Joseon Dynasty, the royal guards were responsible for guarding and patrolling the gates of the capital city and the royal palaces. The royal palace guards, who were known as the ""Wanggung Sumunjang"", had the very important duty of protecting the king by guarding the entrance gates of the primary royal palace where the king resided. They were in charge of opening and closing the palace gates, inspecting all visitors, and maintaining a close surveillance of the palace. They were divided into day and night shifts, and the Changing of the Guard ceremony took place whenever the shifts changed over. In the late period of the Joseon Dynasty, the Changing of the Guard ceremony was conducted at Deoksugung Palace as at that time Deoksugung was the primary royal palace and the king then resided there. The Changing of the Guard ceremony was originally conducted at Gyeongbokgung Palace in the early Joseon period, but was moved to Deoksugung when Deoksugung was made the primary royal palace after Gyeongbokgung was burned down during the Imjin Invasions of 1592 - 1598. After some extensive historical research, this splendid and elegant traditional Korean royal court cultural ceremony was first re-enacted in 1996 and has been a must-see among Seoul's tourist attractions ever since. This ceremony is a great opportunity to experience a rare traditional scene in Korea, as the ceremony is reenacted exactly as it used to be held, with guards wearing royal uniforms, carrying traditional weapons and playing traditional instruments. A tradition comparable to the Changing of the Guards at Buckingham Palace, this ceremony takes place three times a day in front of Daehanmun, the main gate of Deoksugung at 11:00, 14:00, and 15:30 p.m. (except for on Mondays). The Changing of the Royal Guard at Deoksugung starts with two mounted soldiers leading the way, and a total of 78 Sumungun making an appearance, led by the Sumunjang in the order of Sumunjang, Sumungun, Sungjeongwon Juseo, Aekjeongseo Sayak and Chwiracheok. Once all the Sumungun have arrived with the drumbeat of the Chwiracheok (a military band), it marks the beginning of the changing ceremony.","99, Sejong-daero, Jung-gu, Seoul",37.56497796089638,126.97654352372916,"11:00, 14:00, 15:30 (three times a day)",,"changing of the royal guard, gungseongmun, deoksugung, palace, daehanmun, traditional cultural experience, regular seoul event, changing of the guards",http://www.deoksugung.go.kr/eng/index.asp,,
003487,ENP003487,en,event,Festivals/Events/Performances > Festivals,Basak,"Basak’s deep-fried course menu includes fried fish, shrimp, sesame leaf, sweet potato and more, all of which is accompanied by a fresh salad and rice with fish roe. The atmosphere is friendly and warm.","Basak’s deep-fried course menu includes fried fish, shrimp, sesame leaf, sweet potato and more, all of which is accompanied by a fresh salad and rice with fish roe. The atmosphere is friendly and warm.","383, Yeouidaebang-ro, Yeongdeungpo-gu, Seoul",37.519324,126.931425,11:30 a.m. - 2 p.m. / 6 p.m. - 12 a.m. | Saturday 6 p.m. - 12 a.m.,"Approximately 20,000KRW",,,,
001761,ENP001761,en,event,Festivals/Events/Performances > Performances,Seoul Norimadang,The Seoul Norimadang is a performance venue for Korean folk arts located at Seokchon Lake Park.,The Seoul Norimadang is a performance venue for Korean folk arts located at Seokchon Lake Park. The facility is styled after a traditional hanok and visitors can enjoy a range of folk performances. A visit to the Seoul Norimadang is a wonderful way to see Korea's folk traditions and arts firsthand. Many of the performing arts seen here are have been designated Important Intangible Cultural Properties.,"Seoul Nori Madang, 124 Jamsil-ro, Songpa-gu, Seoul",37.5093681718,127.098196666,"9:00 AM - 5:30 PM
Weekend Performances: Every Saturday and Sunday at 3:00 PM",,"LivePerformance, FolkPerformance, FolkArts, Hanok, PerformingArts, SeoulNorimadang, Performance, Tradition, JamsilStation, PerformanceVenue",https://www.songpa.go.kr/culture/tourListMain.do?sc1=CT0161&key=5100&cpn=10,,
033276,ENP033276,en,event,Festivals/Events/Performances > Events > Other Events,Seongsu Newtro Tour,"Seongsu Newtro Tour lets visitors look around every nook and cranny of Seongsu-dong, a sacred home to the newtro trend where old culture meets the new.","* Handmade Shoes Tour: Visitors can experience the stylish shoes of Seongsu-dong, where the alleyway of handmade shoes was turned into a modern street by artisans and designers, transforming into the sacred home of newtro. * Cafe Tour: Yeonmujang-gil has burst onto the scene as a trendy hot spot, having morphed into an exhibition space and cafe from an old warehouse and factory. Amid the urban regeneration, visitors can experience Seongsu taking on a brand-new look. * Brooklyn Tour: Visitors can relish a plethora of unique cultural spaces, offering loads for everyone, including atmospheric red-brick alleyways leading to the Seoul Forest, the history of the capital city, and spaces for start-ups.","46 Garam-gil, Seongdong-gu, Seoul, Republic of Korea",37.5516020476208,127.050172489584,,,"Hope Platform, CafeBot,  Seoul Forest,  Seongdong Village Tour, Seongsu Newtro Tour, Atelier Street, Handmade Shoes Gallery Cafe Suda,  Under Stand Avenue, Seongsu Handmade Shoes,  Seongsu-dong Cafe Street, Shoes Theme Park,  Seongsuyeonbang",,,
027997,ENP027997,en,event,Festivals/Events/Performances > Events > Other Events,Hanbok That Day,Hanbok That Day is a hanbok rental shop and photo studio located in a traditional hanok house with over 50 years of history.,"Hanbok That Day is a hanbok rental shop and photo studio located in a traditional hanok house with over 50 years of history. A well preserved hanok house with a wide yard, this shop/studio offers services in hanbok rental and photography sessions. Visitors can rent hanbok and take free photos at the studio's photo zone. A professional photographer, specializing in advertisements and wedding photos, is available on-site to create high quality photographs of visitors wearing hanbok.","36, Yulgok-ro 1-gil, Jongno-gu, Seoul",37.57752296854918,126.9806869264855,Daily 09:30 - 19:00,,"Hanbok, HanbokRental, GyeongbokgungPalace, HanbokThatDay, PhotographyStudio, HanbokExperience, PhotoZone",http://www.hanbokthatday.co.kr,,
000540,ENP000540,en,event,Festivals/Events/Performances > Events > Other Events,DDP LED Rose Garden,The DDP LED Rose Garden is a permanent exhibition of roses that light up automatically as the sun sets. The exhibition is located next to the Yigansumun Exhibition Hall at Dongdaemun Design Plaza (DDP).,Garden of Light at Dongdaemun Design Plaza The DDP LED Rose Garden is a permanent exhibition of roses that light up automatically as the sun sets. The exhibition is located next to the Yigansumun Exhibition Hall at Dongdaemun Design Plaza (DDP). The rose garden first began as a special temporary exhibition but it became so popular that it's now been made a permanent fixture. The rose garden is a popular place for Seoulites and tourists and many Korean TV shows have filmed here.,"281, Euljiro, Jung-gu, Seoul",37.56688158754518,127.00980231077884,,,"FilmingLocation, GardenofLight, DongdaemunDesignPlaza, DDP, LEDRoseGarden, Hallyu, RoseGarden, LED, DongdaemunHistoryandCultureParkStation",,,
008629,ENP008629,en,event,Festivals/Events/Performances > Events > Other Events,Welcome Week,The Seoul Metropolitan Government is offering a variety of additional services for foreign travelers during the 2014 Welcome Week from May 1 to May 11.,The Seoul Metropolitan Government is offering a variety of additional services for foreign travelers during the 2014 Welcome Week from May 1 to May 11.,,,,,,,,,
034532,ENP034532,en,event,Festivals/Events/Performances > Events > Expos,28th Seoul Dessert Fair [Watermelon & Mango] Cancellation,"Korea's largest handmade dessert fair! So long as it's delicious, who cares about the calories!","Notice of Event Cancellation & Postponement Due to the increase to a level 2 (Practice Enhanced Precautions) status of social quarantine following the recent rise in infections, this year's event has be indefinitely postponed at the advisory of the local government and facility operators. For further details, please refer to the website below. Notice of Event Cancellation","3104, Nambusunhwan-ro, Gangnam-gu, Seoul",37.4956786590374,127.071912029293,"* Friday 15:00 - 18:00
* Weekend: [Pt. 1] 12:00 - 14:30 / Break Time 14:30 - 15:30 / [Pt. 2] 15:30 - 18:00","Advanced Ticket Purchases: Friday (limited availability) KRW 3,000 / Saturday [Pts. 1 & 2] KRW 4,000 / All-day Pass: KRW 5,000

* On-site ticket purchasing is not available for safety reasons.","Mango, DessertFair, Food, SeoulDessertFair, Gangnam, Fair, Dessert, Watermelon",https://seouldessert.com/,,
8kwn54,KOP8kwn54,ko,event,문화관광  > 공연시설,아르코꿈밭극장,어린이 중심의 극장,"국민 투표로 결정된 '꿈밭'이라는 이름은 어린이들의 꿈이 자라는 곳이라는 의미입니다. 운영위원회는 꿈밭펀딩을 통해 객석, 분장실, 공연장 등을 개선하였으며, 어린이·청소년 공연의 발전을 도모하는 대한민국 어린이 중심 극장입니다.","서울 종로구 대학로12길 46 (동숭동, 삼광빌딩)",37.5820571199944,127.00371635053,,공연마다 상이,"아르코꿈밭극장, 어린이극장, 어린이연극, 서울 극장, 서울 연극",https://theater.arko.or.kr/home/ko/main,,
bnvhzx,KOPbnvhzx,ko,event,축제/공연/행사 > 행사 > 전시회,호호재 서울,동시대 한국 작가들을 소개하는 한옥 갤러리,"공간과 작품이 잘 어우러지는 전시를 볼 수 있는 한옥 갤러리입니다. 나비 호(蝴)자를 쓰지만 ‘호호’ 웃음이 나는 공간으로 만들고 싶다는 마음을 담은 이름으로 대중이 쉽게 공감할 수 있는 작품 위주로 선보입니다. 1층에는 아늑한 마당과 작은 화단이 있고, 2층에는 커다란 창 너머로 팔판동의 한옥 지붕을 감상할 수 있어 한국적인 아름다움을 만끽할 수 있습니다.",서울 종로구 삼청로 71-7 (팔판동),37.5821003632233,126.981153090219,화-일 11:00-19:00,,"한옥갤러리, 삼청동전시, 한국작가, 갤러리투어, 호호재갤러리, 서울갤러리, 서울전시",https://www.hohojae.com/home,,
038489,KOP038489,ko,event,축제/공연/행사 > 행사 > 전시회,"자수, 꽃이 피다",여인들의 마음을 담은 문양의 의미와 자수 기법을 소개하는 전시,"서울공예박물관에서 상설 전시로 진행되고 있는 <자수, 꽃이 피다>는 서울공예박물관 허동화·박영숙 컬렉션에서 선정한 자수 병풍을 회화적 관점으로 재조명하고, 일상생활 구석구석을 수놓은 여인들의 마음을 담은 문양의 의미와 자수 기법을 소개하는 전시입니다. 자수는 가장 오래되고 편하며 일상생활 가장 가까이에서 하고 싶은 이야기를 효과적으로 표현할 수 있는 매체이자 공예 기법입니다. 해당 전시에서 자유롭게 표현되어 있는 다양한 무늬의 자수들을 만나보는 시간이 될 것입니다.","서울 종로구 율곡로3길 4 (안국동, 서울공예박물관)",37.5766481740232,126.983533363501,"10:00 ~ 18:00 (17:30 입장 마감)
금요일은 21:00까지 야간개관합니다.",,"서울전시추천, 전시회데이트, 서울볼거리, 서울, 자수꽃이피다, 서울실내놀거리, 공예역사, 자수전시, 비오는날, 박물관데이트, 서울공예박물관, 서울실내데이트추천, 직물공예, 서울상설전시",https://craftmuseum.seoul.go.kr/exhibit/plan/view/31,,
038487,KOP038487,ko,event,축제/공연/행사 > 행사 > 전시회,"장인, 세상을 이롭게 하다",고대부터 근대까지의 공예와 장인의 이야기를 소개하는 전시,"<장인, 세상을 이롭게 하다>는 고대부터 근대까지의 공예와 장인의 이야기를 소개하는 전시입니다. 서울공예박물관에서 상설전시로 진행되고 있습니다. 공예의 역사는 인류의 역사와 함께 발전돼 왔습니다. 인류는 돌, 흙, 나무 등 자연 소재를 가공하는 도구를 발명하고 기술을 개발해 환경의 제약을 극복해 왔으며, 일상생활을 편리하고 아름답게 꾸리며 문명의 토대를 세웠습니다. 장인들의 손에서 광석은 금속공예로, 흙은 토기를 거쳐 도자기로, 나무와 전복은 나전칠기로 새롭게 탄생했습니다.","서울 종로구 율곡로3길 4 (안국동, 서울공예박물관)",37.5766481740232,126.983533363501,"10:00 ~ 18:00 (17:30 입장 마감)
금요일은 21:00까지 야간개관합니다.",,"서울박물관나들이, 서울공예박물관, 서울상설전시, 장인세상을이롭게하다, 공예역사, 서울전시추천, 박물관상설전시, 비오는날, 아이와함께, 실내데이트, 박물관데이트",https://craftmuseum.seoul.go.kr/exhibit/plan/view/51,,
aacet0,KOPaacet0,ko,event,문화관광  > 공연시설,매키탄호텔,서울 중구 필동에 위치한 <슬립노모어 서울> 전용 공연장,옛 대한극장 자리에 들어선 매키탄호텔은 셰익스피어의 비극 ‘맥베스’를 감각적이고 영화적으로 재해석한 몰입형 공연 <슬립노모어>를 위한 전용 공연장입니다.,"서울 중구 퇴계로 212 (필동2가, 매키탄호텔)",37.5610812887193,126.995356373816,"수, 목, 금 19:00 / 토 14:00, 19:00 / 일 15:00","Guest  190,000원 / Ruby’s Guest  230,000원 / Maximilian’s Circle  360,000원","슬립노모어, 매키탄호텔, 뮤지컬, 공연장, 넌버벌공연, 외국인추천공연, 충무로역",https://mckithanhotel.com,,
jy51fz,KOPjy51fz,ko,event,문화관광  > 공연시설,LG아트센터 서울,"현대 공연예술의 흐름을 소개하며 동시대 아티스트, 관객과 함께 호흡하는 공연장","LG아트센터 서울은 ‘문화예술의 창작과 교류를 통한 기업 이윤의 사회 환원’을 목적으로 운영되고 있는 비영리 공연장입니다. 국내외 수준 높은 공연을 선보이는 복합 문화예술 공간으로, 연극·무용·클래식·재즈 등 장르를 넘나드는 공연이 열립니다. 마곡지구에 새롭게 자리하며 최첨단 무대 시설을 갖춘 공연장으로 주목받고 있으며, 서울의 공연예술 명소로 자리 잡고 있습니다.","서울 강서구 마곡중앙로 136 (마곡동, LG아트센터 서울 및 LG디스커버리랩 서울)",37.5653629860767,126.829388763217,매일 10:00-23:00,,"서울 공연장, 복합 문화예술 공간, 연극, 무용, 클래식, 재즈, 공연, LG아트센터 서울, 마곡 공연장",https://www.lgart.com/home/ko/main,,
3fknzc,KOP3fknzc,ko,event,문화관광  > 공연시설,BLUE SQUARE 블루스퀘어,한국 뮤지컬 팬이라면 꼭 들러야 할 대표 공연장,"아티스트에게는 꿈의 무대이자 관객들에게는 특별한 즐거움을 선사하는 공간으로, 1,766석 규모의 뮤지컬 전문 공연장 신한카드홀과 1,379석(스탠딩 2,800석) 규모의 다목적 공연장 SOL트래블홀로 구성된 국내 최대 공연장입니다. 티켓 예매는 인터파크 웹사이트를 통해 간편하게 예약할 수 있습니다. 그 외에도 트렌디한 전시행사 공간 NEMO, 나만의 서재와 카페가 함께 어우러진 고품격 문화공간 북파크 라운지, 탁 트인 남산 전망으로 이국적인 정취를 풍기는 카페 필로스, 공연의 여운을 와인과 함께 곱씹을 수 있는 정통 레스토랑 스테이지B, 오리엔탈 푸드 전문점 솔로스키친도 함께 운영하고 있습니다.","서울 용산구 이태원로 294 (한남동, 블루스퀘어)",37.5408694385607,127.00248525561,,,"블루스퀘어, 뮤지컬, 공연장, 전시행사, 내한공연, 공연관람, 북파크라운지, 카페필로스, STAGE B, 솔로스키친",www.bluesquare.kr,,
up1c05,KOPup1c05,ko,event,문화관광  > 공연시설,국립정동극장 세실,232석의 공연장을 운영하고 있는 국립정동극장 세실,"세실극장은 1976년에 개관한 서울 중구의 연극 전용 공연장으로, 232석 규모의 소극장입니다. 1977년부터 1980년까지 대한민국연극제를 개최하며 1970년대 연극계의 중심이 되었고 이후 민간극단 '민간극단 '마당'과 '로뎀'이 운영을 맡았으나, 재정난으로 2018년 폐관되었습니다. 그러나 서울시는 2018년 4월 '문화재생'을 통해 세실극장을 재개관하고, 비영리 단체에 운영을 맡겼습니다. 이 극장은 건축가 김중업의 작품으로, 한국 연극과 문화유산에 중요한 역할을 해온 공간입니다. 이후 구)세실극장에서 2022년 국립정동극장이 운영을 맡아 '국립정동극장 세실'로 재탄생되었으며 예술가와 관객을 하나의 작품으로 이어주는 창작 핵심가치로써 다양한 창작자들의 도전적이고 실험적인 무대가 펼쳐지는 공간입니다.",서울 중구 세종대로19길 16 (정동),37.5667226186081,126.976533023711,고객지원실: 월요일~금요일 09:00~18:00,,"정동극장, 정동극장세실, 시청역, 서울시청, 정동",https://www.jeongdong.or.kr/portal/main/contents.do?menuNo=200109,,
024710,KOP024710,ko,event,문화관광  > 공연시설,정동마루,정동극장에서 개관한 독특한 장소로 다양한 이벤트를 위한 문화 공간,"정동마루는 하우스 콘서트, 세미나, 업무 행사, 홍보 행사 등 다양한 이벤트를 위한 문화 공간입니다. 정동마루는 정동극장에서 개관한 독특한 장소로, 서울 도심의 한복판, 한국의 근대사회의 문화유산이 자리한 정동길에 위치합니다.","서울 중구 정동길 43 (정동, 정동극장)",37.5659346275,126.9728436419,,,"콘서트,  시청역,  광화문, 행사,  국립현대미술관,  공연,  세미나,  정동마루,  덕수궁, 정동길,  덕수궁돌담길,  정동극장",https://www.jeongdong.or.kr/portal/main/main.do,,
024596,KOP024596,ko,event,문화관광  > 공연시설,서울돈화문국악당,서울돈화문국악당은 자연음향의 국악이 전문인 국내 최고의 공연무대,가장 멋진 국악을 만날 수 있는 곳이자 창덕궁의 얼굴인 돈화문의 이름을 딴 서울돈화문국악당은 세계문화유산에 등재된 '창덕궁'과 정제되고 장엄한 건축물을 자랑하는 '종묘'를 이웃하고 있는 국악 전문 공연장입니다.,"서울 종로구 율곡로 102 (와룡동, 서울돈화문국악당)",37.5772791094,126.9906717932,,,"창덕궁, 예술, 국악, 종묘, 서울돈화문국악당, 국악마당, 공연, 한옥, 전통문화, 서울, 전통음악, 공연장, 야외공연",https://www.sgtt.kr/,,
015402,KOP015402,ko,event,문화관광  > 공연시설,고척 스카이돔,국내 실내 공연장 중 최대 관객을 수용할 수 있는 고척 스카이돔,"국내 최초의 돔구장으로 주목받고 있는 고척 스카이돔은 2015년 9월에 착공된 돔형 야구장으로 사계절 내내 체육·문화행사를 즐길 수 있는 복합체육문화시설입니다. 지하 2층, 지상 4층으로 이뤄진 돔 형태의 건물로 천장이 막혀있어 날씨의 영향을 받지 않고, 야구경기 시설을 비롯해 수영장, 헬스장, 축구장, 농구장, 각종 편의시설을 갖춰 일반시민들도 이용할 수 있습니다. 관중석은 총 1만8천석으로 콘서트 같은 공연에서는 최대 2만200명의 관객을 수용할 수 있어, 야구경기 뿐 아니라 문화예술행사장으로도 각광받고 있습니다. 2016년부터 2017년까지 한국 프로야구단 넥센 히어로즈 팀이 홈구장으로 사용합니다. 국내 실내 공연장 중 최대 관객을 수용할 수 있는 고척 스카이돔은 야구경기가 없는 비시즌에는 각종 콘서트와 이벤트, 시상식 등이 열리는 문화예술시설로 인기를 얻고 있습니다. 2015년 그룹 EXO의 콘서트를 시작으로, 해외 유명 DJ들의 카니발 공연, 한국의 인기가수들이 총 출동한 KBS 가요대축제 등 대형공연이 성황리에 열리기도 했습니다. 고척 스카이돔에 대해 자주 묻는 질문 고척 스카이돔과 가까운 지하철역은 어디인가요? 고척 스카이돔과 가까운 지하철역은 구일역(1호선)입니다. 고척 스카이돔 내 매점이 있나요? 고척스카이돔 내에는 치킨, 분식, 피자, 편의점 등의 내부 매점(32개소)과 외부 관리동 매점(1개소)이 마련되어 있어 야구 관람 시 이용할 수 있습니다. (2026년 기준) 고척스카이돔 내에 음식물 반입이 가능한가요? 고척스카이돔의 음식물 반입은 행사 성격에 따라 제한이 될 수 있습니다. 프로야구 경기 시 음식물 및 1L 이하의 페트병에 든 음료는 반입할 수 있습니다. 다만, 주류 및 캔, 유리에 든 음료는 반입이 불가합니다. 또한 키움 히어로즈의 자체 규정에 따라 경기장 재입장 시 음식물 반입이 불가능합니다.","서울 구로구 경인로 430 (고척동, 고척스카이돔)",37.49821220510669,126.86708670617428,,,"야구, 고척스카이돔, 프로야구, 콘서트, 아이돌, 야구장, 서울야구장, 서울관광, 한류, KBS가요대축제, 한류스타, 스카이돔, 키움히어로즈, 고척동, 돔구장, 구일역, 한류관광, KPOP, 가요대축제",http://www.sisul.or.kr/open_content/skydome,,
001780,KOP001780,ko,event,문화관광  > 공연시설,민속극장 풍류,민속극장 풍류는 서울 강남구 삼성동에 위치한 전통공연극장,"민속극장 풍류는 서울 강남구 삼성동에 위치한 전통공연극장입니다. 국가 무형문화재 전수교육관에 마련되어있으며 한국 전통춤 공연과 음악공연이 올라갑니다. 상설공연, 기획공연, 대관 공연 등이 열리며 한국전통의 느낌을 살린 인테리어를 사용했습니다.","서울 강남구 봉은사로 406 (삼성동, 서울중요무형문화재전수회관)",37.510092529400936,127.04462664692792,"목요 상설기획공연 이야기 풍류 오후 7:30 시작
화, 목, 금, 토요일 국가무형문화재 초청공연 진행
※ 티켓은 당일 공연시작 2시간 전부터 발권",,"무형문화재,  극장,  전수회관,  전통음악, 민속극장,  공연장, 선정릉역, 전통춤,  전통,  전수교육관,  풍류",https://www.kh.or.kr/cms/content/view/274,,
001478,KOP001478,ko,event,문화관광  > 공연시설,라트어린이극장,강남구 도곡동에 있는 극장으로 국내에서 유일한 어린이 영어연극 전문극장,라트어린이극장은 서울 강남구 도곡동에 있는 극장으로 국내에서 유일한 어린이 영어연극 전문극장입니다. 다양한 영어체험 기회를 제공하는 어린이 복합문화공간으로 무대와 객석 사이가 가까운 것이 특징입니다. 공연 외에도 어린이들이 영어연극을 직접 만들어볼 수 있는 워크숍도 열립니다.,"서울 강남구 논현로 164 (도곡동, 유니북스사옥)",37.4842885547,127.0423137947,AM 10:00 ~ PM 05:00,,"영어체험, 공연,  어린이,  공연장,  도곡동,  영어연극,  매봉역,  교육, 어린이극장,  양재역,  라트어린이극장",,,
001278,KOP001278,ko,event,문화관광  > 공연시설,서울남산국악당,육성과 순수 악기 소리로만 공연이 가능한 국내 최고의 전통 국악 공연장,"2007년 서울 한복판에 터를 잡은 서울남산국악당은 시나브로 국악에 대한 관심을 넓혀가고 있습니다. 계절마다 열리는 '국악 여정'을 비롯해 유네스코 세계무형문화유산인 강릉단오굿, 무형문화재 제41호 ‘송서(誦書)’ 예능보유자 유창의 명창 공연 등은 우리의 전통 예술을 가까이에서 느껴보는 더없이 좋은 기회입니다. 국악당은 육성과 순수 악기 소리로만 공연이 가능한 국내 최고의 전통 국악 공연장입니다. 전체 규모는 지하 2층과 지상 1층으로 공연장은 지하 1층에 자리합니다. 한국의 정체성과 전통성을 살린 건축 양식이 눈길을 끕니다. 공연 프로그램에도 신경 쓴 흔적이 역력합니다. 국악의 다양한 장르를 바탕으로 요일마다 각기 다른 레퍼토리를 운영 중입니다. 음악은 만국 공통어라고 합니다. 국악도 마찬가지입니다. 조금만 관심을 가지면 그 참맛을 느낄 수 있을 것입니다.",서울 중구 퇴계로34길 28 (남산한옥마을),37.55837283140702,126.99401515881358,"강좌, 공연에 따라 차이가 있음. 
*해당 공연 일정 확인 요망",,"한국전통문화, 서울남산국악당, 남산골한옥마을, 국악공연장, 서울공연장, 남산골공원, 서울전통공연, 남산국악당, 서울전통명소, 국악, 서울남산여행",https://sgtt.kr/,,
002971,KOP002971,ko,event,문화관광  > 공연시설,국립극장,1950년 아시아 최초의 국립극장으로 설립 다양한 장르의 공연,"1950년 아시아 최초의 국립극장으로 설립된 국립극장은 대극장인 해오름극장과 소극장인 달오름극장, 공연에 따라 무대가 변하는 별오름극장, 원형 야외무대인 하늘극장 등으로 이루어졌습니다. 발레, 가부키, 연극, 뮤지컬, 완창 판소리와 같이 다양한 장르의 공연을 선보이고 있습니다.","서울 중구 장충단로 59 (장충동2가, 국립극장)",37.5519939172,126.9992666705,공연에 따라 차이가 있음,,"공연,  셔틀버스,  동대입구역,  판소리,  발레,  뮤지컬,  하늘극장,  극장,  해오름극장,  달오름극장, 국립극장, 연극,  별오름극장,  남산",http://www.ntok.go.kr,,
011524,KOP011524,ko,event,문화관광  > 공연시설,롤링홀,"홍대에 위치한 공연시설, 다양한 장르의 음악이 공연","롤링홀은 홍대에 위치한 공연시설로, 국내외 유명 뮤지션들부터 언더그라운드 뮤지션과 인디 뮤지션까지 다양한 장르의 음악이 공연되고 있습니다. 무대와 객석의 거리가 가까우며, 홍대 라이브 클럽의 분위기를 한층 더 업그레이드된 시설 속에서 즐길 수 있습니다.",서울 마포구 어울마당로 35 (서교동),37.5484975164949,126.920120953258,"12:00 - 22:00
공연에 따라 다르므로 홈페이지 확인 바랍니다.",,"음악공연, 롤링홀,  라이브공연,  아티스트,  공연,  인디뮤지션,  음악,  홍대라이브클럽,  홍대공연,  서교동공연장,  라이브클럽,  뮤지션,  상수역,  대관",http://www.rollinghall.co.kr,,
006225,KOP006225,ko,event,문화관광  > 공연시설,국립국악원,"국립국악원은 전통음악과 무용 등의 국악의 보존, 발전을 위해 설립",국립국악원은 전통음악과 무용 등의 국악을 보존하고 발전시키고자 설립되었습니다. 다양한 교육프로그램과 체험프로그램을 제공합니다. 교육프로그램 중 외국인 국악강좌에서는 주한 외국인들에게 주말에 국악기를 11주 동안 강습하고 12주째에 발표하게 하는 기회를 제공하고 있습니다.,"서울 서초구 남부순환로 2364 (서초동, 국립국악원)",37.4777183579,127.0098177862,공연 일정에 따라 다름,,"공연,  문화예술,  국악박물관, 예술의전당,  전통문화,  예술,  전통, 국립국악원,  공연장, 서울관광명소, 국악",http://www.gugak.go.kr,,
005156,KOP005156,ko,event,문화관광  > 공연시설,홍대난타극장,한국 최초로 세워진 난타 전용극장,"홍대난타극장은 한국 최초로 세워진 전용극장입니다. 난타전용관에서 공연하는 ‘난타’는 한국의 전통 가락인 사물놀이 리듬을 바탕으로 하여 주방에서 일어나는 일들을 코믹하게 드라마화한 비언어극입니다. 한국의 대표적인 창작 공연물인 난타는 영국 에딘버러 프린지 페스티벌 전석매진, 한국 최초 브로드웨이 장기공연 이라는 신기록을 세운 공연입니다. 난타전용관은 ‘난타’만을 공연하기 위해 꾸며져 극의 재미와 효과를 극대한 조명과 무대 세트로 꾸며져 있습니다. 연간 38만명의외국 관광객이 난타공연장을 찾습니다. 난타는 비언어극이기 때문에 국적을 불문하고 큰 호응을 얻었습니다. ‘홍대난타극장’에서는 매일 난타 공연이 열립니다. 주방의 모든 것을 활용한 타악 연주 사이사이 한국의 전통 춤과 관객 참여가 어우러져 흥겨운 축제 한 마당이 벌어집니다.",서울 마포구 양화로16길 29 (홍익몰),37.55326148669398,126.921242702839,홈페이지 참조,"약 50,000원~70,000원, 
※ 할인은 웹사이트 참조","홍대난타극장,  서울공연, 홍대난타전용극장,  공연장,  홍대난타, 문화, 난타공연, 난타전용관",http://www.nanta.co.kr/,,
005788,KOP005788,ko,event,문화관광  > 공연시설,명동난타극장,한국 최초로 세워진 난타전용극장.,"난타전용관은 한국 최초로 세워진 전용극장입니다. 난타전용관에서 공연하는 ‘난타’는 한국의 전통 가락인 사물놀이 리듬을 바탕으로 하여 주방에서 일어나는 일들을 코믹하게 드라마화한 비언어극입니다. 한국의 대표적인 창작 공연물인 난타는 영국 에딘버러 프린지 페스티벌 전석매진, 한국 최초 브로드웨이 장기공연 이라는 신기록을 세운 공연입니다. 난타전용관은 ‘난타’만을 공연하기 위해 꾸며져 극의 재미와 효과를 극대한 조명과 무대 세트로 꾸며져 있습니다. 연간 38만명의외국 관광객이 난타공연장을 찾습니다. 난타는 비언어극이기 때문에 국적을 불문하고 큰 호응을 얻었습니다. ‘명동난타극장’에서는 매일 난타 공연이 열립니다. 주방의 모든 것을 활용한 타악 연주 사이사이 한국의 전통 춤과 관객 참여가 어우러져 흥겨운 축제 한 마당이 벌어집니다.","서울 중구 명동길 26 (명동2가, 유네스코회관)",37.5634570928,126.9837646756,홈페이지 참조,약 4만원~7만원. ※ 할인은 웹사이트 참조,"명동난타극장, 난타전용관,  명동역,  을지로입구역,  문화,  명동난타전용관, 공연장, 명동공연",http://www.nanta.co.kr/,,
001919,KOP001919,ko,event,문화관광  > 공연시설,명보아트홀,(구)명보극장을 리모델링한 서울 중구에 위치한 복합문화공간,"명보아트홀은 서울 중구에 위치한 복합문화공간입니다. (구)명보극장을 리모델링하여 명보아트홀이 되었습니다. 문화콘텐츠 제작, 공연장 대관, 신진예술가 육성 등의 사업을 중심으로 합니다. 최첨단 조명과 음향시설을 갖추고 있으며 편의를 위한 각종 부대시설이 마련되어 있습니다.","서울 중구 마른내로 47 (초동, 명보극장)",37.5647056236712,126.993214191194,10:30~18:00,,"실버극장, 명보시네마,  문화,  충무로역,  명보극장,  을지로3가역,  명보아트홀,  명보아트시네마,  예술,  공연장",https://www.mbah.co.kr/,,
003986,KOP003986,ko,event,문화관광  > 공연시설,예술의전당,예술의 전당은 1988년 음악당과 서예박물관을 시작으로 단계별 개관,"예술의 전당은 1988년 음악당과 서예박물관을 시작으로 단계별 개관이 이루어졌고, 1993년에 이르러 전체 개관을 마무리했습니다. 오페라하우스와 음악당, 한가람미술관, 한가람디자인미술관, 서울서예박물관 등 예술의 전반적인 영역을 두루 수용할 수 있는 공간들을 만들어왔을 뿐만 아니라 원형 광장을 비롯해 전통 한국 정원 등 옥외 공간에도 힘을 쏟았습니다. 예술 아카데미를 열어 예술의 대중화와 전문화를 동시에 지원하는 공간도 마련했습니다. 오페라하우스는 우리나라의전통적인갓을형상화한건물로가장핵심적인공연장으로활용되고 있습니다. 음악당은 전통 콘서트 연주장으로 세계적인 음악가들의 주무대가 됩니다. 한가람미술관은 조형예술 공간으로서의 기능에 충실하고 있습니다. 서울서예박물관은 1988년에 생긴 세계 유일의 서예 전용 전시장입니다. 동양적인 분위기 덕분에 외국인 관람객들을 흔히 볼 수 있습니다.",서울특별시 서초구 남부순환로 2406  (서초동),37.47948213244365,127.01331855561996,공연에 따라 이용 시간이 다름,,"서울핫플,  공연, 예술의전당, 음악당,  세계음악분수,  예술,  서초공연장,  서울명소,  한가람미술관,  연극,  뮤지컬,  콘서트,  전시회, 문화, 관광명소,  오페라하우스",https://www.sac.or.kr/site/main/home,,
003411,KOP003411,ko,event,문화관광  > 공연시설,명동예술극장,"을지로입구역과 명동역 사이에 지하 1층, 지상 5층 규모의 중극장","을지로입구역과 명동역 사이에 있는 명동예술극장은 지하 1층, 지상 5층 규모의 중극장입니다. 정통연극, 실험극, 무언 퍼포먼스, 뮤지컬 등을 비롯해 연극제, 공연예술제 등의 특별한 행사도 진행하고 있습니다. 객석과 무대가 가까워 보다 생동감 넘치는 공연을 감상할 수 있습니다.","서울 중구 명동길 35 (명동1가, 명동예술극장)",37.564040998,126.984203712,"전화예매 
- 평일 13:00~20:00
- 주말·공휴일 10:00~17:00 (점심시간 12:00~13:00)",,"연극,  문화공간, 명동예술극장,  명동역,  을지로입구역,  극장,  공연예술,  공연장,  퍼포먼스,  예술극장,  뮤지컬,  행사",http://www.ntck.or.kr/,,
001761,KOP001761,ko,event,문화관광  > 공연시설,서울놀이마당,석촌 호수공원에서 한국 전통문화를 즐길 수 있는 시민 문화 공간,서울놀이마당은 서울 송파구 석촌동에 있는 연희시설로 석촌호수공원 내부에 위치해 있습니다. 전통적인 한옥 기와집 양식이며 연중 개방되어 중요무형문화재로 지정된 각종 민속예술이 공연됩니다.,서울 송파구 잠실로 124 서울놀이마당,37.5093681718,127.098196666,"09:00 ~ 17:30 
주말상설공연 : 매주 토, 일요일 15:00",,"서울놀이마당,  공연,  전통, 잠실역,  행사,  송파구,  석촌호수공원, 놀이미당, 무형문화재,  민속예술",https://www.songpa.go.kr/culture/tourListMain.do?sc1=CT0161&key=5100&cpn=10,,
001615,KOP001615,ko,event,문화관광  > 공연시설,JUMP(점프) 전용극장,JUMP(점프) 전용극장은 서울 중구 초동에 위치해 있으며 공연 <점프>를 위한 극장,JUMP(점프) 전용극장은 서울 중구 초동에 위치해 있으며 공연 <점프>를 위한 극장입니다. <점프>는 무술 고수 가족의 집에 엉뚱한 도둑들이 들어와 벌어지는 일을 대사 없이 재미있게 표현한 엔터테인먼트 공연입니다. 한국뿐만 아니라 외국인 관객들에게도 인기가 있어 한국 대표 공연이라 할 수 있습니다.,"서울 중구 마른내로 47 (초동, 명보극장)",37.56470499292794,126.99321328575188,"- 월~금 17:00 
- 주말/공휴일 14:00, 17:00 

※ 매달 관람시간이 상이하니, 홈페이지에서 확인바랍니다.",VIP석 7만원 / R석 6만원 / S석 5만원,"퍼포먼스,  뮤지컬점프,  을지로3가역,  마샬아츠,  JUMP, 엔터테인먼트,  명보아트홀,  점프,  넌버벌,  충무로역,  점프전용극장,  공연, 종로점프",https://hijump.ustraticket.com/,,
001732,KOP001732,ko,event,문화관광  > 공연시설,아르코(ARKO)예술극장,1981년 개관한 아르코 예술극장은 혜화역 2번 출구에 있는 공연장,"1981년 개관한 아르코 예술극장은 혜화역 2번 출구 인근에 있어 접근하기 쉽습니다. 지상 3층, 지하 2층 규모로 대극장과 소극장, 다목적 공간으로 사용 중인 스튜디오 다락, 연습실 등으로 구성되어 있습니다. 공연을 비롯해 국악, 연기, 무용에 관련한 교육프로그램을 제공하고 있습니다.",서울특별시 종로구 대학로8길 7 (동숭동),37.58118880226877,127.0029564399234,"문의시간 화요일~일요일 AM 10:00 ~ PM 07:00

※ 공연, 프로그램 따라 이용시간이 다르니 홈페이지에서 확인바람","공연에 따라 차이가 있음
사전 문의 요망","연기,  대극장, 아르코,  연습실,  국악,  소극장, 아르코예술극장, 스튜디오,  예술극장,  교육프로그램,  무용,  혜화역, 다목적공간,  공연",https://theater.arko.or.kr/home/main,,
029561,KOP029561,ko,event,문화관광  > 행사시설,aT센터,"국제적인 전시, 컨벤션과 무역 비즈니스가 이루어지는 전시, 컨벤션센터","aT센터는 국제적인 전시, 컨벤션과 무역 비즈니스가 한 곳에서 이루어지는 새로운 스타일의 전시, 컨벤션센터입니다. 최첨단 수준의 전시장과 회의장에서 다양한 형태의 전시, 회의, 세미나, 연회, 이벤트, 공연 등을 개최할 수 있으며, 동시 통역시스템, AV시스템, 냉장창고 등 최첨단 시설을 갖추고 있습니다. 교통이 편리하고 병원, 헬스클럽, 상가, 식당가, 대형주차장 등 다양한 편의시설을 갖추고 있어 시민의 문화, 휴식 공간으로도 활용되고 있습니다.","서울 서초구 강남대로 27 (양재동, AT센터)",37.46713787916633,127.0395821209417,,,"박람회,  교역전,  전시, 컨벤션, MICE, 국제회의,  회의실, aT센터,  양재시민의숲역",http://atcenter.at.or.kr/,,
024668,KOP024668,ko,event,문화관광  > 행사시설,세종대 컨벤션센터,"국제 수준의 시설로 전격 ‘원스톱’ 서비스를 제공하는 공연장,회의실, 전시장","아차산의 멋진 경관과 어린이대공원의 울창한 숲을 배경으로 현대 시설을 갖춘 세종컨벤션센터는 국제 수준의 시설로, 전문적인 고객에게 전격 ‘원스톱’ 서비스를 제공하기 위해 만들어졌습니다.","서울 광진구 능동로 209 (군자동, 세종대학교)",37.5527417982,127.0742978822,,,"어린이대공원역, 세종대학교, 아차산, 전시장, 광진구, 어린이대공원, 세종대컨벤션센터, 회의실, 공연장",http://convention.sejong.ac.kr/convention/index.do,,
024630,KOP024630,ko,event,문화관광  > 행사시설,라움,"공연, 파티, 연회, 캐슬 웨딩 등이 열리는 복합문화공간","소중한 고객을 위해 라움에서 세심하게 마련하는 사교 이벤트 라움은 서울 강남구에 위치하는데, 서울 어디에서나 쉽게 찾아올 수 있습니다. 라움은 고유한 스타일과 현대식 시설을 갖춘 연회장을 제공합니다.","서울 강남구 언주로 564 (역삼동, 라움)",37.5083895616,127.0397758078,,,"언주역,  공연, 호텔웨딩,  컨벤션,  웨딩홀,  연회장,  강남예식장,  역삼동, 라움,  소셜베뉴",http://www.theraum.co.kr/,,
012065,KOP012065,ko,event,문화관광  > 행사시설,더클래스 청담,"하우스 웨딩, 기업행사, 브라이덜샤워, 돌잔치, 회갑연 등을를 위한 공간","더클래스 청담은 하우스 웨딩을 비롯해 기업행사, 브라이덜샤워, 돌잔치, 회갑연, 칠순잔치를 즐길 수 있는 복합문화공간입니다. 또한, 플라워숍, 카페, 이탈리아식 파인다이닝도 마련돼 있습니다. 자연 친화적인 인테리어가 특징인 곳으로 전문 웨딩디렉터의 맞춤형 상담도 제공합니다.",서울 강남구 압구정로60길 17-5 (청담동),37.5261492718,127.0422786002,10:00~22:00,,"레스토랑,  잔치,  스몰웨딩,  서울행사,  강남웨딩홀,  카페,  서울웨딩홀,  하우스웨딩,  더클래스청담, 더클래스,  청담웨딩홀, 청담동",http://www.theclasscheongdam.com/,,
000858,KOP000858,ko,event,축제/공연/행사,사직대제 봉행,조상에게 제사를 지내고 땅과 곡식의 신에게 백성이 편안하게 살 수 있도록 풍요를 기원,"나라의 평안과 풍년을 기원하는 조선시대의 국가 제례(祭禮)인 사직대제(社稷大祭)가 서울도심에서 재현됩니다. 사직대제(社稷大祭)는 조선시대 왕과 문무백관이 모두 참여해 토지를 관장하는 사신(社神)과 오곡을 주관하는 직신(稷神)에게 직접 제향을 올리며 국태민안과 풍년을 기원하던 전통 제례의식으로, 2000년 10월에 중요무형문화재 제111호로 지정된 소중한 문화유산입니다. 오랫동안 농업을 생활 기반으로 삼았던 우리 민족에게 땅과 곡식은 나라를 지탱하는 근본이었습니다. 나라는 농업을 생활기반으로 삼았던 백성들의 평안을 기원하며 사직대제를 봉행했습니다. 일제의 강압으로 순종2년(1908년)에 폐지됐던 사직대제는 지난 1988년 원형대로 복원된 이래 (사)전주이씨대동종약원 사직대제보존회의 주관으로 해마다 봉행되고 있습니다. 덕수궁을 출발해 광화문을 거쳐 약 50분간 이동해 사직단에 도착합니다.",서울 종로구 사직로 89,37.5763058372,126.9686195967,매년 9월 4째주 토요일 12:00,,"제례, 사직단, 사직대제, 사직공원",http://www.rfo.co.kr/sajik.htm,,
008616,KOP008616,ko,event,축제/공연/행사,서울와우북페스티벌,책을 매개로 한 다양한 문화예술을 경험할 수 있는 지역 기반 문화예술축제,"책을 매개로 한 다양한 문화예술을 경험할 수 있는 지역 기반 문화예술축제로, 시민들에게 책의 가치를 조명해 온 서울시 대표축제 중 하나입니다. 매년 10월 이틀 정도 개최하므로 와우컬쳐랩 홈페이지를 참고하세요.",서울특별시 마포구 양화로 72 효성해링턴타워 지하1층,37.552517901555234,126.92499163937065,11:00~20:00(프로그램 별 상이),,"출판사, 와우북페스티벌, 홍대, 책",https://wowlab.or.kr/wowbook-festival/,,
008256,KOP008256,ko,event,축제/공연/행사,경복궁 수문장 교대의식,"15세기 조선전기로 궁을 지키는 군인들의 복식과 무기, 각종 의장물을 그대로 재현","<교대의식 절차> 1. 초엄(대북)이 울리면, 교대수문군이 출발하여 광화문에 도착합니다. 2. 중엄이 울리면 교대 수문군이 광화문 밖으로 이동하여, 당직수문장과 교대수문장이 군례 및 신분확인을 합니다. 3. 교대 수문군이 수문장의 호령으로 광화문에 배치되고 당직 수문군은 광화문 안쪽으로 이동합니다. 4. 삼엄이 울리면 당직 수문관이 수문장의 지휘하에 퇴장합니다. 조선시대 수문장은 흥인지문, 숭례문 등 도성문과 경복궁 등 국왕이 임어(생활)하는 궁궐의 문을 지키는 책임자였습니다. 수문장은 정해진 절차에 따라 광화문을 여닫고 근무교대를 통하여 국가의 중심인 국왕과 왕실을 호위함으로써 나라의 안정에 기여했습니다. 조선의 법궁인 경복궁에서 재현하는 본 행사의 시대배경은 수문장 제도가 정비되는 15세기 조선전기로 당시 궁궐을 지키던 군인들의 복식과 무기, 각종 의장물을 그대로 재현했습니다. 또한 기획 행사로 매년 3월중 국왕이 친히 수문장을 뽑는 낙점의식인 수문장 임명의식과 매년 10월중 국왕의 궁궐 나들이 모습을 볼 수 있는 궁궐 호위군 사열의식을 거행합니다.","서울특별시 종로구 효자로 12, 광화문 앞 (세종로)",37.57701264219352,126.97661272532484,"- 수문장교대의식 : 오전 10시, 오후 2시 (1일2회/매시정각)
- 광화문 파수의식 : 오전 11시, 오후 1시 (1일 2회)
- 수문장청 체험 : 수문장교대의식과 파수의식 행사 전, 후 
- 수문군 공개 훈련 : 오전 9시 30분(15분 간), 오후 13시 30분 (15분 간). 1일 2회
※ 동절기 (12월-2월) : -10℃이하 교대의식은 정상시행, 파수의식은 최소인원 근무 실시
※ 하절기 (7월-8월) : 30℃이상 교대의식은 정상시행, 파수의식은 최소인원 근무 실시
※ 우천시, 폭설시 : 경복궁 흥례문 파수의식(지킴)으로 전환근무 실시",,"전통 공연, 전통문화체험, 광화문 행사, 수문장 교대의식, 경복궁 행사",https://royal.khs.go.kr/ROYAL/contents/R201000000.do?act=view&ceIdx=202401240062,,
008705,KOP008705,ko,event,축제/공연/행사,남산봉수대 전통문화공연,국토를 방위하기 위하여 연마하였던 전통무예와 민족의 흥이 담긴 민속공연 .,"남산 팔각정에서 매일 15시에 봉수군들이 우리 국토를 방위하기 위하여 연마하였던 전통무예와 우리민족의 흥이 담긴 민속공연 등 다양한 전통문화공연( 장창ㆍ기창 등 창술시범, 제독검ㆍ본국검ㆍ예도 등 검법시범, 대나무 및 짚단베기 시범, 맨손을 사용하는 권법시범) 이 진행됩니다. 전통무예는 고대 수렵시대에는 궁사를 중심으로 수렵기술이나 전투에 의해서 발달되었으며, 농경생활이나 종교생활과도 밀접한 관계를 갖고 있어 각종 경기나 무속 예법 등에 도입되어 발달하였습니다. 우리나라의 경우 조선시대 문존무비 사상으로 발달을 보지 못하다가 임진왜란을 계기로 무예의 필요성을 깨닫게 되어 중국으로부터 여러 무예가 도입되었습니다. 1594년(선조27) 명나라의 장수 이여송으로부터 장창 등의 무예 6기가 도입되고, 영조 때 새로이 죽장창 등의 12기가 들어와 십팔기가 되었으며, 정조 때 기예 등의 6기를 더하여 24기가 완성되었고, 이를 <무예도보통지>에 수록하였습니다. 무예24기는 조선시대 무과시험의 과목으로 구한말 구식군대가 해체될 때까지 군인들이 다루던 군사무예였습니다.",서울 중구 예장동 8-1,37.551720148786735,126.98759608838154,15:00 ~ 16:00,,"남산팔각정, 남산봉수대, 전통문화, 민속공연, 무예시범, 전통무예",https://namsanbongsu.kr/2022/?p=0101,,
008010,KOP008010,ko,event,축제/공연/행사,남산봉수대 거화의식,예전 릴레이식 통신 수단의 일종인 남산봉수대,"남산에 오르면 눈길을 끄는 검은 벽돌의 굴뚝 다섯 개가 있습니다. 서울특별시 기념물 제14호 남산봉수대입니다. 서울시의 전경을 조망하기에도 좋지만 예전에는 릴레이식 통신 수단의 일종이었습니다. 변방의 급박한 사정이나 위급한 사태를 신속히 전달하기 위해 전국 각지에 설치하고 봉수를 올려 중앙으로 소식을 전했습니다. 남산봉수대의 역사는 조선 개국 초기로 거슬러 올라갑니다. 태조는 1394년 한양에 수도를 정하고 남산에 봉수대를 설치했습니다. 전국의 봉수에서 올라오는 소식이 최종적으로 전해지는 중앙 봉수소였습니다. 남산의 옛이름을 따 목멱산(木覓山) 봉수라고도 하고 서울의 의미를 따 경봉수라고도 했습니다. 다섯 개의 봉수대에 낮에는 연기, 밤에는 불을 피워 신호했는데 그 수에 따라 의미가 달라졌습니다. 평상(평화) 시에는 하나, 적이 나타나면 둘, 경계에 접근하면 셋, 침범하면 넷, 적과 아군이 충돌하면 다섯을 피워 올렸습니다. 조선 시대 때는 전국적으로 673개의 봉수가 있었는데 어떤 일이 생겨도 하루 만에 서울의 남산봉수대까지 소식이 전해졌다고 합니다. 남산에는 원래 각기 다른 다섯 군데에 봉수대가 있었는데 팔각정 앞의 남산봉수대는 그 가운데 하나를 1993년 복원한 것입니다. 남산봉수대는 갑오개혁 다음 해인 1895년까지 불이나 연기를 피워 올렸습니다. 이후 1993년‘청구도’등 관련 자료를 종합해 복원했으나 낙서 등 훼손이 심해 2005년부터 출입을 폐쇄했습니다. 그러다 2007년 다시 개방하며 거화의식도 함께 진행하고 있습니다. 거화의식은 월요일을 제외한 매일 정오를 전후해 열립니다. 의식은 정오 약 30분 전부터 봉수대를 지키는 수위의식과 봉수대 주변을 순찰하는 순라의식을 시작으로 진행됩니다. 정오가 가까워지면 봉수군들의 나발과 나각 소리가 거화의식이 곧 진행될 것임을 알립니다. 종로의 종각에서 12번의 타종이 울리면 그때 비로소 연기를 피워 올립니다. 큰일이 없는 평상 시이므로 앞서 말한 거화의 원칙에 따라 하나의 봉화만을 올립니다. 거화의식이 전체 의식의 하이라이트긴 하지만 이를 전후에 펼쳐지는 수위의식과 순라의식 역시 주목할 만합니다. 덕수궁 왕궁수문장 교대의식에 비해 규모는 작지만 봉화라는 지리적 특징이 더해져 색다른 볼거리를 제공합니다. 거화의식이 완전히 끝난 후에는 봉수군과 기념촬영도 할 수 있습니다.",서울 중구 예장동 8-1,37.55611471951599,126.99202867563474,11:00~12:10,,"순라의식, 남산축제, 무예시범, 민속공연, 남산봉수대 거화의식",https://namsanbongsu.kr/2022/?p=0301,,
007254,KOP007254,ko,event,축제/공연/행사,운현궁 고종·명성황후 가례,"매년 봄, 가을 화려한 궁중 문화 체험고종·명성황후 가례 재현 행사","고종·명성후 가례는 고종 즉위 3년(1866년)되는 해에 왕비로 책봉된 명성후(明成后) 민씨가 별궁인 운현궁 노락당(老樂堂)에 거처하면서 궁중 예법과 가례 절차를 교육받고, 그해 음력 3월 21일 거행된 15세의 고종과 16세의 명성후 민씨의 국혼례를 재현하는 행사입니다. 고종·명성후 가례 재현은 왕비로 책봉된 명성후가 책봉 교명을 받는 ‘비수책(妃受冊)’ 의식으로 시작된다. 한편 비수책 중에 고종이 왕의 가마인 어연(御輦)을 타고 많은 호위 관원 및 군사들과 함께 운현궁으로 행차하는 ‘어가행렬(御駕行列)’이 진행됩니다. 임금이 운현궁에 들어서면, 예비 왕비의 거처인 별궁에 친히 거동하여 명성후를 맞이하는 ‘친영(親迎) 의식’이 재현됩니다. 가례의 시작과 중간에 운현궁에서만 볼 수 있는 다양한 궁중무용 행사가 펼쳐집니다. 궁중에서 경사스런 잔치에 연행되었던 무애무(無?舞), 검무(劍舞), 무고(舞鼓), 보상무(寶相舞) 등 품격 높은 ‘궁중정재(宮中呈才)’가 공연됩니다. 또한 가례 재현 행사 후에는 운현궁을 찾은 관람객을 위해 배우들과 함께 무대 앞에서 기념촬영을 할 수 있는 시간도 마련됩니다.","서울특별시 종로구 삼일대로 464, 운현궁 (운니동)",37.5761,126.987087,"매년 5월 중 1회 (정확한 날짜는 홈페이지에서 확인)
14:00~15:30",,"고궁, 가례, 고종, 명성황후, 운현궁, 친영의례, 흥선대원군, 운현궁 고종·명성황후 가례",http://unhyeongung.or.kr,,
036877,KOP036877,ko,event,축제/공연/행사 > 축제,홍릉숲 (수목원),"홍릉숲은 조선의 26대왕인 고종과 명성황후의 묘역이었던 곳이며, 한국 최초의 1세대 수목원으로 역사성이 깃들어 있는 장소다.","홍릉숲은 1922년 우리나라 최초의 수목원이 조성되면서 현재 약 41ha 면적에 침엽수원, 활엽수원, 초본식물원, 관목원 등이 조성되었다. 현재 이곳에는 다양한 동식물이 자생하고 있다. 또 한, 한국 최초의 1세대 수목원의 역사성을 인정 받아 2020년 서울 미래 유산(정치역사 부문)에 선정되었다.","서울 동대문구 회기로 57 (청량리동, 국립산림과학원)",37.5940106033304,127.044831386238,"10:30 / 13:30 / 15:30  (화~금 숲해설만 운영)
09:00 ~ 18:00 (3월 ~ 10월 주말 자유관람 ) / 09:00 ~ 17:00 (11월 ~ 2월 주말 자유관람)",무료,"홍릉수목원, 서울수목원, 서울자연명소, 서울데이트명소, 서울여행, 서울힐링명소, 홍릉숲, 서울가볼만한곳, 서울단풍명소, 서울걷기좋은길",https://nifos.forest.go.kr/kfsweb/kfi/kfs/hongneung/selectHongForest.do?mn=UKFR_02_05_02_09_02,,
036872,KOP036872,ko,event,축제/공연/행사 > 축제,플랫폼창동61,플랫폼창동61은 음악과 라이프스타일을 중심으로 서울동북권의 도시재생과 새로운 문화트렌드를 창조하는 공간이다.,"Platform61은 음악과 풍부한 컨텐츠(교육, 전시 등)들이 한 데 어우러진 트렌디한 복합 문화 공간이다. 약 640평(2123㎡) 규모에 61개의 대형 컨테이너로 구성된 건축으로, ‘레드박스’에서 펼쳐지는 색다른 공연과 그 밖에 음악전시, 시민 참여 교육 등의 다채로운 프로그램을 통해 새로운 공간에서 다양한 즐거움을 느끼실 수 있다. 시민들이 참여하는 문화 공간, 공간을 만드는 사람, 공간을 채워가는 사람, 모두 시민이 만들어간다. 다함께 가꾸어가는 우리 동네 핫 플레이스, 누구나 ‘플랫폼 창동 61’에서 만날 수 있다.","서울 도봉구 마들로11길 74 (창동, 플랫폼 창동 61)",37.6540775923559,127.048737337133,"공간별, 프로그램별 상이",,"공연장, 복합문화공간,  녹음실,  합주실, 연습실, 갤러리",http://www.platform61.kr/,,
036754,KOP036754,ko,event,축제/공연/행사 > 축제,송파둘레길,"송파둘레길은 송파구 외곽을 흐르는 4개 하천(성내천, 장지천, 탄천, 한강)을 연결하는 길이다.","송파둘레길은 송파구 외곽을 흐르는 4개 하천(성내천, 장지천, 탄천, 한강)을 연결하는 길이다. 자연과 수변공간, 생태하천이 어우러진 21km의 순환형 도보관광코스, 인근 주민뿐 아니라 방문자들에게도 산책 코스로 사랑받고 있다.","서울 송파구 한가람로 65 (잠실동, 한강사업본부 잠실안내센터)",37.5176276345914,127.08673648927,제한없음,,"서울걷기좋은곳, 한강길, 서울운동하기좋은곳, 서울둘레길, 한강데이트코스, 서울데이트코스, 송파둘레길, 잠실데이트, 한강둘레길, 서울나들이, 탄천길",https://www.songpa.go.kr/culture/contents.do?key=3775&,,
036752,KOP036752,ko,event,축제/공연/행사 > 축제,강감찬 전시관,"고려의 전성기를 열었던 명장 강감찬 장군을 만날 수 있는 곳, 강감찬 전시관","강감찬 전시관은 1019년 거란과의 전투를 대승으로 이끌었던 고려의 명장 강감찬 장군을 기리기 위해 건립되었다. 강감찬의 본적은 옛 금천현(衿川縣), 현재의 관악구 낙성대에서 태어나 자랐으며 전시실내 ‘별의 탄생’ 존에서 이를 소개한다. ‘별빛의 영웅’ 존에서는 고려역사와 대외정세를 보여 주고 거란과의 전투, 특히 귀주대첩에서 강감찬의 활약상을 조명하고 있다. ‘별이 비춘 세상’ 존에서는 강감찬 관련 설화를 소개하고 있으며, 트릭아트 포토존에서 추억을 남길 수 있다.",서울 관악구 낙성대로 77 (봉천동),37.4719720770814,126.959370998377,"화~일 10:00~18:00 (동절기 1~2월 10:00~17:00) ※ 매주 월요일, 설, 추석 당일 휴관",무료,"강감찬생가터,  안국사,  낙성대공원, 강감찬, 강감찬전시관",http://www.gwanak.go.kr/site/gwanak/06/10604030600002017080901.jsp,,
036751,KOP036751,ko,event,축제/공연/행사 > 축제,근현대사기념관,순국선열의 기념 공간이자 역사교육의 현장,"강북구 수유동에 위치한 근현대사기념관은 성인 한국사 역사 특강과 청소년 한국사 프로그램, 강북구 문화해설사 연계 해설이 있는 기념관 등 다양한 시민체험 문화 행사를 매년 진행하고 있다. 우리나라 순국선열을 기념하는 공간이자 생생한 역사 교육의 현장으로서의 의의를 가지고 있다.","서울 강북구 4.19로 114 (수유동, 근현대사기념관)",37.6434410661945,127.002830628534,오전 09:00 - 오후 6:00 (관람 종료 30분전까지 입장),무료,"해설이 있는 기념관, 독립운동가,  순국선열애국지사,  북한산, 강북구,  수유,  시민체험,  역사강의,  청소년교육, 근현대사기념관",http://mhmh.or.kr/,,
036730,KOP036730,ko,event,축제/공연/행사 > 축제,나혼자 간다 (솔로투어코스),코로나 시대를 맞아 서울 핫스팟 강남에서 혼자서도 잘 다닐 수 있는 다양한 솔로투어 코스를 소개한다,"나홀로캠핑, 나홀로여행 등 1인 여행 콘텐츠가 늘어나고 있다. 그러나 막상 떠나려고 하면 어디를 가야 혼자서도 어색하지 않게 즐길 수 있을지 막막하기만 하다. 걱정은 이제 그만. 여기 혼자인 이들을 더욱 반기는 곳들이 있다. 나만의 솔로트립 코스를 떠나보자. 헤인즈블로썸 논현(나만의 소주잔만들기)- 도곡동 미지컴퍼니(나만의 자개소품 만들기)- 로빈후드(궁극의 활쏘기체험)- 우시야(1인화로구이)- 코알라포차(일인포차) 혜인즈블라썸 플라워스쿨 원데이클래스 다육이케이크만들기 강남구 강남대로 132길 11 성지빌딩2층 010-4305-5436 http://blog.naver.com/hyinsblossom 로빈후드 양궁까페 강남구 강남대로 110길 13, 지하1층 0507-1435-0360 https://www.insta gram.com/robinhood_gangnam/ 도곡동 미지컴퍼니 자개소품만들기 강남구 남부순환로 2814,서울시여성창업플라자 201호(도곡역) https://blog.naver.com/mizi-com 우시야 1인화로 고 깃집 강남구 논현로 159길 11 010-9359-9667 김숙수가게 강남혼술혼밥집 서초구 주흥길 72-9 https://www.instagram.com/ kimsooksoo 스위트캐슬 남성전용 사우나캡슐 강남구 봉은사로 138 지하1층 010-9798-4620",,,,,,"강남투어, 오늘뭐하지, 체험관광, 혼자여행, 1인식당, 솔로트립",,,
036729,KOP036729,ko,event,축제/공연/행사 > 축제,강남 체험관광 프로그램,소비보다 체험을 중시하는 MZ세대를 겨냥한 체험 관광 코스,"맛집투어 및 관광지 사진찍기가 지루하다면, 이미당신도 MZ세대 ! 소비보다는 체험, 새로운방식의 여행을 추구하는 젊은 세대들은 도시를 방문하여 새로운 체험을 하고 나만의 기념품을 만드는 'EXPERIENCE TOUR'가 인기다. 아직 당일로 배울수 있는 콘텐츠가 다양하지 않고 예약방법 및 접근도 용이하지 않았던 체험관광 핫스팟들을 한자리에 모아보았다. 세라듀 도예공방 일일체험 가족,친구,연인 도자체험 ( 40,000원~100,000원) 강남구 논현로 3332 계유빌딩 B1 02-558-9654 / ceradumine@gmail.com http://www.ceradu.com/ 강남한국문화센터 강남지부 한지아트 김수근 장인 강남구 선릉역 5번출구 TheK저축은행건물 906호 02-558-8850 / 카톡아이디: smileday57 http://gncraft.co.kr 묵연아트 스튜디오 전통채색화 그리기 강남구 신사동 643-3 KH빌딩 4층 010-4767-6722 https://blog.naver.com/cozizi1978/220892682411 로하스튜디오 비누캔들만들기 캔들원데이클래스 (45,000~65,000원) 강남구 봉은사로4길 10, 204호 로하캔들 http://blog.naver.com/cafellate11 이종임 쿠킹클래스 외국인을 위한 쿠킹클래스 강남구 도산대로61길27 수도빌딩 5,6층 http://soodocooking.co.kr",,,,,,"외국인체험, 커플체험, 체험관광,  원데이클래스, 혼자여행, 솔로트, 강남문화원",,,
035408,KOP035408,ko,event,축제/공연/행사 > 축제,국립현대미술관,"국립현대미술관 서울은 도심 속 한국 문화의 새로운 중심지로, 다양한 편의시설을 갖춘 관람객 중심의 미술관","국립현대미술관 서울은 전시동을 비롯해 디지털정보실, 멀티프로젝트홀, 영화관, 교육동 등 다양한 시설을 갖춘 복합예술문화센터다. 현대미술의 흐름을 한 눈에 볼 수 있는 다채로운 전시와 영화, 공연, 교육 등을 통해 다양한 장르의 문화예술을 만나 볼 수 있다. 또한 마당으로 둘러싸인 서울관은 옛 기무사 건물과 종친부가 조화를 이루고 있다. 멀리 겸재 정선의 인왕제색도 안에 담긴 인왕산의 모습도 감상할 수 있다. 한국 도심 최중심부의 경복궁과 마주한 서울관은 다양한 국내외 관람객과의 소통을 최우선으로 열린 미술관을 지향한다. 동시대 현대미술을 누구나 쉽게 즐길 수 있는 곳, ‘도심 속 열린 미술관’로 역할을 하고 있다.",서울 종로구 삼청로 30 (소격동),37.5786280284849,126.980087994867,"화, 목, 금, 일 10:00 ~ 18:00 / 수, 토요일 야간개장 10:00 ~ 21:00","현재 별도 공지시까지 무료입장 진행 中
※ 기존 : 통합관람권 4,000원(매월 마지막주 수요일 문화가 있는 날 : 무료)","전시명,  작가명, mmca, 국립현대미술관",www.mmca.go.kr,,
032764,KOP032764,ko,event,축제/공연/행사 > 축제,서울우리소리박물관 개관,"창덕궁 돈화문 앞 국악의 거리에 국내 최초 향토민요 전문박물관이 문을 열었습니다. 풍부한 이 땅의 우리소리를 모아 듣고 체험할 수 있는 전시공간, 감상공간, 교육공간 등이 마련되어 있습니다.","창덕궁 삼거리 돈화문로의 비변사 터에 자리잡은 아담한 한옥건물. 바로 우리의 소리 '향토민요'를 경험하고 즐길 수 있는 서울우리소리박물관이다. 고된 농삿일을 하며 불렀던 농부들의 소리, 만선을 기원하며 물고기를 낚던 어부들의 소리, 베를 짜며 흥얼거리던 아낙네들의 소리 등 입에서 입으로 전해지던 민요, 때로 생소하지만 때로 정겹게 들리던 그 소리들을 마음껏 들어볼 수 있는 공간이다. 서울우리소리박물관은 서울시가 수집한 향토민요 음원 2만여 곡과 음반. 악기 등 5,700점을 시민과 서울을 찾은 관광객이 듣고 즐길 수 있도록 만든 곳이다. 인근에 위치한 서울돈화문국악당이 궁중음악 중심의 공연장이라면, 이곳은 민요를 체계적으로 통합해 선보인다. 이제는 듣기 힘든 서민들의 구전민요가 박물관을 통해 온전히 보존될 수 있게 되었다.","서울 종로구 율곡로 96 (와룡동, 서울우리소리박물관)",37.57716730514204,126.98969823366514,관람시간 09:00~19:00,무료,"우리소리, 창덕궁, 박물관, 박물관도시서울, 국악, 민요, 익선동",http://gomuseum.seoul.go.kr/sekm/index,,
031560,KOP031560,ko,event,축제/공연/행사 > 축제,원모어트립 가을 빅세일,원모어트립 가을 빅세일이 열린다.!,원모어트립 가을 빅세일이 열린다.! 원모어트립 체험을 스페셜한 가격으로 만나보자! 원모어트립 내 모든 체험이 최대 20% 할인된다 . 올 가을 서울을 여행한다면 원모어트립과 함께 ! * 원모어트립 상품페이지 URL > https://www.onemoretrip.net/en/goods_category/sale/,,,,,,"원모어트립-가을-빅세일,  가을세일, 원모어트립",https://www.onemoretrip.net/en/goods_category/sale/,,
031435,KOP031435,ko,event,축제/공연/행사 > 축제,제3회 강북구 산악문화제,"화려하고 수려한 도심속의 명산 “북한산”의 자연경관을 배경으로 국내 산악인과 강북구민이 참여하는 체험 및 산악프로그램을 통해 대화합의 장을 마련하고, 북한산에 소재한 역사·문화·관광자원을 널리 알려 대한민국을 대표하는 산악문화축제로 나아가고자 합니다. 구민 및 시민 여러분의 많은 관심과 참여 부탁드립니다.","<제3회 강북구 산악문화제> □ 일 시: 2019. 9. 21. □ 장 소: 우이동 만남의 광장 □ 행사내용 ○ 인공암벽체험(10:00~16:00) - 인공암벽을 설치하여 남녀노소 누구나 쉽게 클라이밍 체험 가능 ○ VR(Virtual Reality)체험존(10:00~16:00) - 가상현실 이용한 암벽등반, 롤러코스터 체험 ○ 체험부스(10:00~16:00) - 3D펜 체험, 숲속 반딧불이 체험, 윤호섭교수 그림 그리기 ○ 북한산트레킹(10:00~14:00) - 북한산 트레킹(현장접수)﻿ 출발: 우이동 만남의 광장→하루재→영봉→육모정고개→선운사→만남의 광장(약6km) ○ 음악제(14:20~16:00) - 요들클럽, 인기가수 박현빈, 강예슬(미스트롯) □ 부대행사: 인공암벽체험, VR체험존(산악클라이밍), 체험부스(3D펜 체험, 숲속 반딧불이 체험, 윤호섭교수 그림 그리기 등), 북한산트레킹 □ 출연자: 어린이요들클럽, 인기가수 박현빈, 강예슬(미스트롯)","서울 강북구 삼양로 지하 676 (우이동, 북한산우이역)",37.66296633269413,127.01270274297694,10:00~16:00,,"산악문화제, 강북구 축제, 제3회-강북구-산악문화제",,,
016491,KOP016491,ko,event,축제/공연/행사 > 축제,반짝반짝 18가지 색으로 빛나는 한강다리,그동안 12개소만 불을 밝혔던 한강교량 경관조명을 18개소로 확대 운영한다.,"한강 교량 ‘18색 매력’ 밝혀 서울 관광명소로 그동안 에너지절약에 따라 12개소만 불을 밝혔던 한강교량 경관조명을 18개소로 확대하여 도시에 활력을 불어넣고 서울의 야경을 더욱 아름답게 만든다. 현재 한강교량 29개 중 경관조명이 설치된 교량은 27개이며, 이 중 기존에 점등했던 교량은 12개다. 이번에 새롭게 불을 켜는 교량 6개소는 한강철교, 행주대교, 동작대교, 한남대교, 영동대교, 잠실대교다. 특히 ‘스토리텔링 교량’ 5개소, ‘경관우수 교량’ 13개소로 특성화해 각 교량의 개성과 이미지를 살려 운영한다. 교량 점등 시간도 기존에 일괄적으로 시행하던 ‘일몰 후~23시’에서 계절과 상황에 맞춘 탄력적 운영으로 바꾼다. 특히, 시민들이 한강 둔치로 밤 나들이를 많이 나오는 시기(5~10월)에는 24시까지 연장 운영한다.",,,,,,"한남대교,  야경, 올림픽대교, 한강,  반포대교,  영동대교,  성산대교,  잠실대교",http://mediahub.seoul.go.kr/archives/967989,,
001748,KOP001748,ko,event,축제/공연/행사 > 축제,홍대 클럽 거리,클럽은 이제 홍대 문화의 상징이 되었다.,"클럽은 이제 홍대 문화의 상징이 되었다. 홍대 주변의 클럽들은 색다르게 즐길 수 있는 언더그라운드 공간으로 유명하며, 외국인들 역시 홍대 클럽의 명성을 잘 알고 있다. 1990년대 중반부터 엠아이(M.I). 언더그라운드(Underground, 현재 코스모), 마트마타(Matmata, 현재 M2) 등이 손에 꼽혔다. 클럽이 대중화되면서 사람들은 자신이 좋아하는 음악을 듣기 위해 인디 클럽을 찾는다. 대형 클럽과 인디 클럽, 선택은 자유다. YG에서 운영하는 홍대 클럽 'NB', 일렉트로닉 마니아들이 사랑하는 클럽 'M2' 등이 이곳에서 손에 꼽히는 명소다.",서울 마포구 서교동 406,,,,,"서울관광,  서울클럽추천,  홍대클럽투어,  클럽,  테마거리,  서울투어, 서울클럽,  서울여행,  홍대클럽골목, 홍대클럽,  나이트라이프",,,
009411,KOP009411,ko,event,축제/공연/행사 > 축제,제4회 북팔코믹스 페스티벌,"북팔코믹스 페스티벌은 4회 개최를 앞두고 있는 국내 최초 서브컬쳐 통합행사로, '문화 속의 문화'에 해당하는 서브컬쳐 전반을 다루고 있으며, 3회차까지 진행되어 오면서 서브컬쳐 참관인과 일반 참관객들이 함께 즐길 수 있는 공간을 만들어 오고 있다.","북팔코믹스 페스티벌은 4회 개최를 앞두고 있는 국내 최초 서브컬쳐 통합행사로, '문화 속의 문화'에 해당하는 서브컬쳐 전반을 다루고 있으며, 3회차까지 진행되어 오면서 서브컬쳐 참관인과 일반 참관객들이 함께 즐길 수 있는 공간을 만들어 오고 있다. 4회 할로북코페는 행사장 전반과 참가자들이 할로윈 컨셉의 행사로 꾸며지며 일러스트 엽서, 수공예품, 디저트 등 다양한 상품들이 판매될 예정이다. 또한 보컬, 댄스공연, 래빗토이 그리기 대회, 코스프레 이벤트 등을 통해 참관객에게 다양한 볼거리와 즐길거를 선사한다",서울특별시 노원구 동일로 1229 (중계동),37.639735081438445,127.06572690356025,11:00 ~ 18:00,무료,"문화, 일러스트, 서브컬쳐, 만화, 캐리커쳐, 축제, 코스프레",http://corp.bookpalcomics.com/,,
009288,KOP009288,ko,event,축제/공연/행사 > 축제,서울대공원 가을축제,10월 9일(금)부터 10월 25일(일)까지 서울대공원에서 '2015 서울대공원 가을축제'가 열린다.,"빛과 향기, 단풍으로 물드는 서울대공원 가을축제! 10월 9일부터 10월 25일까지 서울대공원에서 '2015 서울대공원 가을축제'가 열린다. '2015 서울대공원 가을축제'는 '다함께 동물원 세계여행!'이라는 주제로 축제 기간 중 공휴일과 주말에 진행되는 '동물 서식지 문화축제'와 같은 기간 다양한 식물 전시와 교육, 체험 행사를 진행하는 '서울대공원 가을 식물 전시'로 총 10가지 프로그램으로 구성되었다. 동물원에 있는 동물 스탬프를 찍어 동물 서식지도를 완성하는 '동물서식지 스탬프 여행'과 공연으로 세계문화를 즐기는 '지구촌 콘서트', 동물서식지 스탬프여행에 참가하여 7종 이상의 동물 스탬프를 찍으면 참가할 수 있는 '세계 공예체험', 소리로 떠나는 세계여행 '잠보맘보 세계악기체험'등 다양한 프로그램을 즐길 수 있다.",경기도 과천시 대공원광장로 102 서울대공원,37.43595477535079,127.01423406496475,,,"서울대공원, 가을, 체험프로그램, 공연, 동물원",http://grandpark.seoul.go.kr/main/grandMain.do?headerId=41181,,
009221,KOP009221,ko,event,축제/공연/행사 > 축제,서울약령시 한방문화축제,서울 제기동에 자리한 한방산업특구 서울약령시장에서 10월 9일부터 10월 10일까지 이틀간 '제21회 한방문화축제'를 개최한다.,"서울 제기동에 자리한 한방산업특구 서울약령시장에서 10월 9일(금)부터 10월 10일(토)까지 이틀간 '제21회 한방문화축제'를 개최한다. 올해는 서울약령시가 시민들의 도심 속 지쳐있는 몸과 마음의 치유공간이 되고자 4가지 테마(知 지식으로 치유, 樂 즐거움으로 치유, 味 맛으로 치유, 學 배움으로 치유)로 다채로운 프로그램을 마련했다.",서울특별시 동대문구 약령중앙로 10길,37.58103128551949,127.03763754603384,9:00~18:00,무료,"서울약령시, 한방, 제기동, 축제",http://www.seoulya.com/festival/festival.htm,,
009141,KOP009141,ko,event,축제/공연/행사 > 축제,서울바자축제,2015년 10월 1일부터 4일까지 광화문 일대를 중심으로 대규모 쇼핑문화축제인 '서울시민과 함께하는 서울바자축제 - 중소상공인 우수제품 판매기획전'을 개최한다.,"2015년 10월 1일부터 4일까지 광화문 일대를 중심으로 대규모 쇼핑문화축제인 '서울시민과 함께하는 서울바자축제 - 중소상공인 우수제품 판매기획전'을 개최한다. 이번 '서울바자축제'는 6개의 메인 행사장(광화문광장, 세종로공원, 광화문시민열린마당, 청계천로, 한빛광장, 덕수궁길)과 11개의 자치구 거점 행사장(서초 고속버스터미널, 건대입구역 분수광장, 잠실 롯데월드몰 지하 광장 등등)에서 동시에 개최되는 대규모 판매전이다.",,,,,,"쇼핑, 광화문광장, 청계천, 바자축제",,,
009100,KOP009100,ko,event,축제/공연/행사 > 축제,강남페스티벌,"2015년 10월 1일부터 4일까지 4일간 삼성동 영동대로 일대를 중심으로 강남페스티벌을 개최한다. 올해로 4회째를 맞는 강남페스티벌은 매년 가을에 열리는 패션페스티벌, 국제평화마라톤대회, 한류페스티벌을 하나로 통합하여 진행하는 축제다.","강남에서 페스티벌로 즐기는 가을 2015년 10월 1일부터 4일까지 4일간 삼성동 영동대로 일대를 중심으로 강남페스티벌을 개최한다. 올해로 4회째를 맞는 강남페스티벌은 매년 가을에 열리는 패션페스티벌, 국제평화마라톤대회, 한류페스티벌을 하나로 통합하여 진행하는 축제다.",,,,,,"K-POP, 패션, 강남, 마라톤대회, 축제",,,
009095,KOP009095,ko,event,축제/공연/행사 > 축제,코리아그랜드세일,"코리아그랜드세일(Korea Grand Sale)이 8월 14일부터 10월 31일까지 펼쳐진다. 특히 전체 업체가 참여하는 21일 본 행사에 앞서 14일부터 일주일한 프리 코리아그랜드세일(Pre-Korea Grand Sale)형태로 항공, 숙박, 쇼핑 등 주요 참여 업체의 파격적인 혜택을 미리 선보일 예정이다.","마법같은 쇼핑관광축제 '2015 코리아그랜드세일' 코리아그랜드세일(Korea Grand Sale)이 8월 14일부터 10월 31일까지 펼쳐진다. 특히 전체 업체가 참여하는 21일 본 행사에 앞서 14일부터 일주일간 프리 코리아그랜드세일(Pre-Korea Grand Sale)형태로 항공, 숙박, 쇼핑 등 주요 참여 업체의 파격적인 혜택을 미리 선보일 예정이다. 주요 파격 혜택으로는 제주항공이 전 노선 일부 좌석에 70% 할인을, 에버랜드가 자유이용권을 50% 할인하고 롯데면세점은 브랜드별로 최대 80%까지 할인을 제공한다.",,,,,,"코리아, 세일, 쇼핑, 그랜드세일",http://www.koreagrandsale.co.kr,,
008829,KOP008829,ko,event,축제/공연/행사 > 축제,서울 템플스테이 위크,만원의 돈으로 행복의 도를 이루는 행복만원 템플스테이에 참여해보자.,"템플스테이란 일상에서 벗어나 산사에 머무르면서 산사에서의 생활과 한국 불교문화를 체험하는 것을 말한다. 발우공양, 예불, 참선 등을 통해 자신을 돌아보고 탐색하는 시간을 가질 수 있다. 이제는 하나의 체험 관광 프로그램으로 자리를 잡아 많은 내외국인이 참여하고 있는 템플스테이. 그동안 정보도 부족하고, 가격적으로 참여하기가 망설여졌다면 템플스테이 위크에만 특별한 가격으로 제공되는 행복만원 템플스테이에 참여해보자. 번잡한 일상을 내려놓고 싶은 이 봄날, 행복 만원으로 모든 굴레를 훌훌 털고 순수한 나를 만날 수 있다. 서울 시내 9개의 사찰에서 함께 하는 행복만원 템플스테이! 각 사찰마다 체험 가능 인원과 날짜가 한정되어 있으며, 행복만원 템플스테이 예약페이지에서 접수기간(4.17~5.12) 내에 사전접수 및 선착순으로 진행되니 서두르자. 사찰명 프로그램 유형 체험 가능일 1일 체험 가능인원 운영대상 외국어 관문사 당일 5.6~7/ 5.13~14 10명 개인/단체 불가능 1박 2일 - - 국제선센터 당일 5.1~6/ 5.8~14 100명 가능 (영어) 1박 2일 5.1~6/ 5.8~14 100명 금선사 당일 5.1/ 5.4~8/ 5.11~13 20명 1박 2일 5.1/ 5.4~8/ 5.11~13 20명 길상사 당일 5.1/ 5.11 40명 불가능 1박 2일 5.9 40명 묘각사 당일 5.1~2/ 5.4~10/ 5.12~14 80명 가능 (영어) 1박 2일 - - 조계사 당일 5.1~14 50명 단체 1박 2일 5.1~14 30명 진관사 당일 5.1~14 50명 개인 불가능 1박 2일 - - 봉은사 당일 5.1~2/ 5.4~10/ 5.12~14 80명 개인/단체 가능 (영어) 1박 2일 5.6/ 5.8/ 5.10~13 40명 화계사 당일 - - 불가능 1박 2일 5.1/ 5.5/ 5.7~10/ 5.12/ 5.14 17명",,,,,"1박 2일 프로그램 : 10,000원
당일 프로그램 : 5,000원",,http://spring.templestay.com,,
008783,KOP008783,ko,event,축제/공연/행사 > 축제,LetsRun Park 벚꽃이 빛나는 밤에,"서울 경마공원역에 위치한 렛츠런파크 서울에서 벚꽃축제가 펼쳐진다. 벚꽃길 야간 경관조명부터 버스킹 및 댄스팀의 공연, 렛츠런 CCC문화예술제 수상팀의 공연까지 준비되어 있다.","서울 경마공원역에 위치한 렛츠런파크 서울에서 벚꽃축제가 펼쳐진다. 벚꽃길 야간 경관조명부터 버스킹 및 댄스팀의 공연, 렛츠런 CCC문화예술제 수상팀의 공연까지 준비되어 있다. 또한 행사장 내에 마련된 스낵바와 포토존의 재미도 놓칠 수 없을 것이다. 트러스 형태의 포토존과 블라인드 포토존에서 사진을 찍어 사진 콘테스트에도 참여할 수 있다. 이곳에서 찍은 사진을 렛츠런파크 서울의 공식 페이스북( https://www.facebook.com/letsrunpark )에 공유하면 푸짐한 경품이 기다리고 있다.",경기도 과천시 경마공원대로 107,37.44757216212752,127.01704857883009,18:00 ~ 22:00,,,http://www.kra.co.kr/informationNotice.do?artNo=152388,,
008744,KOP008744,ko,event,축제/공연/행사 > 축제,"서울대공원 봄꽃 축제「봄, 꽃을 깨우다!」","2015년 싱그러운 새 봄을 맞아 서울대공원에서는 4월 1일(수)부터 5월 6일(수)까지 36일간「봄, 꽃을 깨우다!」를 주제로 온실식물원 및 야외에서 봄꽃 축제를 연다.","2015년 싱그러운 새 봄을 맞아 서울대공원에서는 4월 1일(수)부터 5월 6일(수)까지 약 한 달간 「봄, 꽃을 깨우다!」를 주제로 온실식물원 및 야외에서 봄꽃 축제를 연다. 서울대공원은 이번 축제를 통해 호접난, 덴파레, 긴기아넘, 온시니움, 심비디움 등 화려한 서양난 10종 1,500본과 홍대화금, 레티지아 등 진귀한 다육식물 70종 100본을 전시해 봄의 빛깔을 전달한다. 라벤더, 타임, 파인애플세이지, 렘쓰이어(양의 귀를 닮은) 등 허브식물 20종 2,000본 또한 함께 전시된다. 서울대공원 온실식물원은 높이 26m, 총 2,825㎡의 대형 실내 식물원으로 사막, 열대, 온대, 지중해성 식물이 전시되어 있다. 건조한 환경에서 자라는 선인장과 다육식물, 온대성 기후의 상록활엽수, 열대림에 사는 관엽식물, 지중해성 허브식물 등 880여종 8,000여본의 식물이 상시 전시되어 있다. 온실식물원 주변에는 튜율립, 펜지, 물망초, 금잔화, 종이꽃 등 싱그러운 봄의 전령들이 관람객을 맞을 준비가 되어 있다.",경기도 과천시 대공원광장로 102 서울대공원,37.43595477535079,127.01423406496475,,,,http://grandpark.seoul.go.kr,,
009044,KOP009044,ko,event,축제/공연/행사 > 축제,뚝섬 한강공원 눈썰매장 개장,"뚝섬한강공원의 눈썰매장과 빙어잡기, 놀이기구가 올해도 찾아온다. 운영시간은 주간, 주말 관계 없이 매일 오전 9시~오후 5시이며, 연중무휴로 운영된다. 자유이용권 이용 시 눈썰매장 입장권의 혜택에 추가하여 놀이기구 4종(방방 트레블린, 범퍼카, 미니바이킹, 전동자동차)과 3D 영상시설 감상을 함께 이용할 수 있다. 특히 뚝섬한강공원 눈썰매장에서 올해 처음 도입한 놀이기구 미니바이킹, 방방트레블린, 튜브형 범버카, 전동자전거 등 어린이의 눈높이에 맞춘 새롭고 재미있는 기구들로 구성되었다.","없이 매일 오전 9시~오후 5시이며, 연중무휴로 운영된다. 자유이용권 이용 시 눈썰매장 입장권의 혜택에 추가하여 놀이기구 4종(방방 트레블린, 범퍼카, 미니바이킹, 전동자동차)과 3D 영상시설 감상을 함께 이용할 수 있다. 특히 뚝섬한강공원 눈썰매장에서 올해 처음 도입한 놀이기구 미니바이킹, 방방트레블린, 튜브형 범버카, 전동자전거 등 어린이의 눈높이에 맞춘 새롭고 재미있는 기구들로 구성되었다.","서울 광진구 강변북로 139 (자양동, 한강사업본부뚝섬안내센터)",37.52936286135093,127.07397601338305,,,,http://hangang.seoul.go.kr/,,
008898,KOP008898,ko,event,축제/공연/행사 > 축제,서울김장문화제,"2013년 유네스코 인류무형유산에까지 등재될 정도로 세계가 주목하는 문화이지만, 정작 우리 삶 속에서는 점차 사라져 가고 있는 김장문화. 함께 모여 김장을 만들던 그 문화를 다시 재현하고 세계인과 즐길 수 있도록 '서울김장문화제'가 2014년 처음 개최되었으며, 앞으로도 서울 최대의 김치축제를 매년 만나볼 수 있다.","2013년 유네스코 인류무형유산에까지 등재될 정도로 세계가 주목하는 문화이지만, 정작 우리 삶 속에서는 점차 사라져 가고 있는 김장문화. 함께 모여 김장을 만들던 그 문화를 다시 재현하고 세계인과 즐길 수 있도록 '서울김장문화제'가 2014년 처음 개최되었으며, 앞으로도 서울 최대의 김치축제를 매년 만나볼 수 있다.",경기 성남시 수정구 태평로 2 (태평동),37.44780513315404,127.1272639264116,,,"광화문, 김장축제, 김치, 김장, 문화, 청계천, 먹거리",http://festival.seoul.go.kr/2014kimchi,,
008849,KOP008849,ko,event,축제/공연/행사 > 축제,북촌개방의 날,"경복궁과 창덕궁 사이 살아있는 한옥주거지 북촌이 열린다. 서울시는 ‘숨은 북촌 찾기’라는 주제로 ‘2014 북촌 개방의 날’을 개최한다. 이 행사는 북촌 내 다양한 문화시설 53개소가 동시 참여, 동시 개최하는 행사로, '북촌'을 주제로 한 전시, 공연, 강연 및 탐방 프로그램이 북촌 내 전역에서 진행된다.","경복궁과 창덕궁 사이 살아있는 한옥주거지 북촌이 열린다. 서울시는 ‘숨은 북촌 찾기’라는 주제로 ‘2014 북촌 개방의 날’을 개최한다. 이 행사는 북촌 내 다양한 문화시설 53개소가 동시 참여, 동시 개최하는 행사로, '북촌'을 주제로 한 전시, 공연, 강연 및 탐방 프로그램이 북촌 내 전역에서 진행된다.",서울 종로구 계동길 37 (계동),37.579087876285286,126.98627452494831,,,,,,
008581,KOP008581,ko,event,축제/공연/행사 > 축제,인천아시아경기대회,"제 17회 인천 아시아경기대회는 이념과 종교, 민족의 갈등을 녹이는, 평화의 제전, 소통하여 화합하고 배려가 깃든 감동 있는 대회, 저탄소 중립대회를 지향하는 친환경대회이다. 아시아 각국의 찬란하고 다양한 역사, 문화, 전통, 종교 등이 한자리에서 펼쳐지고, 우정과 화합을 통하여 40억 아시아인에게 감동이 전해질 것이다.","제 17회 인천 아시아경기대회는 이념과 종교, 민족의 갈등을 녹이는, 평화의 제전, 소통하여 화합하고 배려가 깃든 감동 있는 대회, 저탄소 중립대회를 지향하는 친환경대회이다. 아시아 각국의 찬란하고 다양한 역사, 문화, 전통, 종교 등이 한자리에서 펼쳐지고, 우정과 화합을 통하여 40억 아시아인에게 감동이 전해질 것이다.","인천 서구 봉수대로 806 (연희동, 인천아시아드주경기장)",37.54799510198108,126.66666118033513,,,"아시아경기대회, 아시안게임, 인천",http://www.incheon2014ag.org,,
008005,KOP008005,ko,event,축제/공연/행사 > 축제,한일축제한마당,"올해 ‘한일축제한마당’은 ‘축제 10년, 꿈을 싣고’를 테마로 9월 14일(일) COEX 전시장 C홀에서 개최된다. 한국과 일본의 무대공연을 비롯해서, 다양한 관광・체험 부스와 기업 부스 등을 적극 유치하여 보다 풍성한 축제를 마련했다.","올해 ‘한일축제한마당’은 ‘축제 10년, 꿈을 싣고’를 테마로 9월 14일(일) COEX 전시장 C홀에서 개최된다. 한국과 일본의 무대공연을 비롯해서, 다양한 관광・체험 부스와 기업 부스 등을 적극 유치하여 보다 풍성한 축제를 마련했다. 공식사회자는 한국에서도 많은 인기를 얻고 있는 후지이 미나(藤井美菜)와 오카와 노부코(大川信子) 그리고 김재홍, 한상헌, 강승화 KBS 아나운서가 1,2,3부로 나누어 진행할 예정이다. 스페셜 게스트는 <노다메 칸타빌레>의 주인공 ‘노다 메구미’를 연기하며 한국에서도 많은 팬을 확보하고 있는 ‘우에노 주리(上野樹里)’와 영화 <냉정과 열정 사이>의 사운드트랙으로 한국에서도 널리 알려진 작곡가 요시마타 료(吉俣良)의 공연이 진행될 예정이다.","서울 강남구 테헤란로 517 (삼성동, 무역센터현대백화점)",37.50861540138702,127.05976342021476,10:00~19:30,,,,,
009033,KOP009033,ko,event,축제/공연/행사 > 축제,마로니에 여름축제,한국공연예술센터가 2014년 8월 1일부터 16일까지 마로니에공원을 비롯한 아르코예술극장과 대학로예술극장에서 ‘2014 마로니에 여름축제’를 개최한다.,"한국공연예술센터가 2014년 8월 1일부터 16일까지 마로니에공원을 비롯한 아르코예술극장과 대학로예술극장에서 ‘2014 마로니에 여름축제’를 개최한다. 올해의 콘셉트는 ‘여가혁신’, ‘엉뚱 상상’으로, 내 안의 원시인을 깨우고 내 안의 진짜 나를 만날 수 있는 축제로 기획했다. ‘도시인’에서 벗어나 모든 걸 직접 해내던 ‘원시인’의 열정으로 되돌아가자는 취지로써, 당연하다고 생각했던 것들을 뒤집어 바라볼 수 있는 다양한 프로그램을 마련했다. <마로니에 여름축제>에서는 먹고, 쉬고, 만들고, 나누는 시간을 통해 본능에 충실할 수 있다. 출입제한 구역은 놀이공간이 되고, 길거리는 연극무대가 되며, 어른과 어린이는 역할을 바꾸고, 관객과 퍼포머의 역할을 뒤집는 재미를 느껴볼 수 있다. 빌딩 앞 아스팔트 위에서 캠프를 하고 공원에서는 DJ와 함께하는 클럽파티가 열리며 어린이에게 어른들을 인솔하는 여행 가이드의 역할을 맡기는 등 ‘불가능’이 ‘가능’해지는 즐거움과 기발함을 축제 안에 담았다. 개막공연은 클럽을 공원으로 옮겨놓은 듯한 ‘마로니에 클럽라운지’에서 ‘장기하와 얼굴들’ ‘정기고&누보이즈’ 공연이 무료로 펼쳐진다. 지난해 전회매진 기록을 세우며 10월에 앵콜 공연을 했던 장소특정형 RPGRole-PlayingGame공연 새버전인 <내일도 공연할 수 있을까?>가 극장 전역을 누비며 공연된다. ‘안은미’라는 이름만으로도 기대감을 갖게 만드는 <어른들을 위한 몸 놀이 공장 3355>도 일반인 참가자 80명과 함께 ‘sex’에 대한 이야기를 무대에 풀어놓는다. 연극마니아와 연극인들이 우승상금 100만원을 놓고 연극 지식대결을 펼치는 퀴즈대회 연극퀴즈왕이 국내최초로 개최되며, 도심 속 낭만의 끝, 3회째 개최되는 마로니에캠핑이 예술가의집에서 3일간 열린다. 어린이들이 어른들을 인솔하여 일상이 전복되는 경험을 공유하는 관객참여형 공연 이웃꼬마와 동네 한바퀴가 한국•호주 합작으로 제작된다.",,,,,,,http://blog.naver.com/m_sf08,,
009004,KOP009004,ko,event,축제/공연/행사 > 축제,"달빛아래 정인(情人)을 만나다, ‘한양도성 달빛기행’",서울도심 야경과 성곽너머 풍경을 함께 조망할 수 있는 ‘한양도성 달빛기행’이 7월 17일부터 총 3회에 걸쳐 매주 목요일(19:30∼21:30)에 진행된다.,"서울도심 야경과 성곽너머 풍경을 함께 조망할 수 있는 ‘한양도성 달빛기행’이 7월 17일부터 총 3회에 걸쳐 매주 목요일(19:30∼21:30)에 진행된다. 달빛기행 코스는 ▴1회차 ‘낙산구간(혜화문〜동대문성곽공원)’, ‘인왕구간’(사직단〜윤동주 시인의 언덕) ▴2회차 ‘낙산구간’, ‘목멱구간(장충단공원〜장충동성곽길∼옥수동전망대∼장충단공원)’, ▴3회차 ‘낙산구간’, ‘백악구간’(혜화문〜와룡공원∼말바위전망대∼삼청공원)’이며 소요시간은 19:30〜21:30으로 2시간정도 소요된다. (※낙산구간은 19:00에 시작) ‘달빛아래 정인(情人)을 만나다’라는 테마로 진행되는 이번 달빛기행은 분주함이 사라진 서울의 색다른 모습을 발견하는데 있다. 참가대상은 친구, 연인, 부부 등 성인대상이며, 구간별 특색을 살린 해설과 감성프로그램이 함께 진행된다.",,,,,,,http://seoulcitywall.seoul.go.kr,,
008997,KOP008997,ko,event,축제/공연/행사 > 축제,서울지하철 스탬프 투어,지하철을 타고 서울을 여행하는 시민들에게 완주 기념품을 선물하는 ‘서울지하철 스탬프 투어’가 7월 15일(화)부터 8월 31일(일)까지 진행된다.,"지하철을 타고 서울을 여행하는 시민들에게 완주 기념품을 선물하는 ‘서울지하철 스탬프 투어’가 7월 15일(화)부터 8월 31일(일)까지 진행된다. ‘서울지하철 스탬프 투어’는 8개의 테마별 코스로 구성되어 있으며, 코스를 통해 서울의 전통과 역사, 활기넘치는 현대의 다채로운 모습을 만나볼 수 있다. 참가를 원하는 시민은 ① 스탬프투어 지정역 고객안내센터에서 리플릿을 받아 ② 여행코스마다 관광명소 2곳씩 방문하여 각각 인증샷을 찍고 ③ 해당코스의 지정역 고객안내센터에 인증샷을 보여주면 스탬프를 받을 수 있다.",,,,,,,www. seoulmetro.co.kr,,
009500,KOP009500,ko,event,축제/공연/행사 > 축제,SBS드라마 특별기획전 [별에서 온 그대],SBS드라마 특별기획전 [별에서 온 그대]은 SBS 인기 방영 드라마 ‘별에서 온 그대’의 두 주인공의 집을 그대로 재현한 전시이다.,"SBS드라마 특별기획전 <별에서 온 그대>은 SBS 인기 방영 드라마 ‘별에서 온 그대’의 두 주인공의 집을 그대로 재현한 전시이다. 드라마 속에서 천송이(전지현 분)와 도민준(김수현 분)이 ‘우연한 만남’에서 ‘운명적 사랑’으로 이어진 것을 반영하여, ‘출발’과 ‘우연’, ‘만남’, ‘떨림’, ‘그리움’, ‘운명’, ‘사랑’, ‘추억’이라는 세부적인 컨셉트로 나눠 각양각색의 전시물을 선보이고 있다. 또한, 드라마를 통해 공개된 장소를 시청자들이 직접 체험하고 즐길 수 있도록 가상현실 공간과 별에서 온 그대의 3D영상 전시, 그리고 극중 도민준이 ‘시간멈춤’으로 활용한 ‘타임 슬라이스’를 직접 체험해 볼 수 있다. 도민준 ‘운석’(진주 진품 운석), 도민준이 위험에 처한 천송이를 구한 장면에서 등장한 가마와 자동차, 둘이 사랑을 확인한 레드카펫 등도 전시되어 있어 관람객들이 사진으로 추억을 담아갈 수 있다. 망원경과 거울을 활용한 몽환적인 분위기, 드라마 속 도민준이 400년부터 한국에 살아온 사실 감안, 미디어폴을 활용한 과거와 현재, 미래가 혼용된 다채로운 공간도 관람 포인트이다.",경기도 고양시 일산서구 한류월드로 408,37.66930391212278,126.74578306000076,10:00 am - 7:00 pm,"성인 15,000원 / 학생 10,000원 / 미취학 아동 무료","킨텍스, 별에서온그대",http://lovefromstar.sbs.co.kr/,,
008859,KOP008859,ko,event,축제/공연/행사 > 축제,국악한마당,"국악한마당은 국악을 통해 우리 민족 전통예술을 체험할 수 있는 공연이다. 매년 10월 개최되는 국악한마당에서는, 국악 명인공연, 세시풍속 및 전통문화 체험 프로그램, 국악 학습관 등을 통해 보고, 즐기고, 체험할 수 있는 다양한 장이 마련된다.","※ 해당 행사는 2014년 행사로 2016년 10월 업데이트 예정입니다. 국악과 놀아보는 한마당! 국악한마당은 국악을 통해 우리 민족 전통예술을 체험할 수 있는 공연이다. 매년 10월 개최되는 국악한마당에서는, 국악 명인공연, 세시풍속 및 전통문화 체험 프로그램, 국악 학습관 등을 통해 보고, 즐기고, 체험할 수 있는 다양한 장이 마련된다.",,,,,,,,,
008762,KOP008762,ko,event,축제/공연/행사 > 축제,단오 행사,"올해에도 서울시 곳곳에서 단오를 맞이하여 전통문화행사가 열린다. 세시풍습 체험 등 다채로운 체험행사와 한국을 대표하는 국악신동의 공연, 퓨전국악 공연들이 펼쳐진다.","음력 5월 5일 인 ‘단오’는 설날과 추석에 이은 우리나라 3대 명절 중 하나이다. 모심기·씨 뿌리기가 끝나는 5월에 산의 신, 땅의 신에게 제사를 지내고 1년의 풍년을 기원하는 날이다. 또한 장마시작 전이기도 한 5월은 유행병이 돌기 쉽다고 생각해 단오에 악마를 물리치는 의미를 담아 다양한 풍습도 행해지게 되었다. 이러한 단오의 전통적인 풍습 견학과 체험을 할 수 있는 ‘단오축제’나 ‘단오제’는 매년 전국 각지에서 열려 우리나라 초여름의 풍물시가 되었다. 올해에도 서울시 곳곳에서 단오를 맞이하여 전통문화행사가 열린다. 세시풍습 체험 등 다채로운 체험행사와 먹거리를 즐겨볼 수 있다.",,37.55856550678351,126.9932958961706,"5월 29일(목) 10:00~17:00, 6월 1일(일) 9:00~17:00",,,http://www.visitseoul.net/kr/article/article.do?_method=view&lang=kr&p=kr&m=0003001006004&art_id=71545,,
008594,KOP008594,ko,event,축제/공연/행사 > 축제,한강 역사탐방 프로그램「한강의 역사를 찾아서」,서울시는 우리 민족의 젖줄인 한강의 역사를 시민들에게 알리기 위해 한강과 그 주변 역사문화유적지를 연계한 한강 역사 여행 10대 탐방코스를 4월 1일(화)부터~11월 29일(토)까지 운영한다.,"서울시는 우리 민족의 젖줄인 한강의 역사를 시민들에게 알리기 위해 한강과 그 주변 역사문화유적지를 연계한 한강 역사 여행 10대 탐방코스를 4월 1일(화)부터~11월 29일(토)까지 운영한다. 「한강의 역사를 찾아서」는 ▲ ‘도보코스’ ▲ ‘선상코스’와 ▲ 한강역사해설사가 학교 또는 지자체에서 운영하는 단체 등에 직접 찾아가서 한강 관련 역사, 문화 및 인물에 관해 역사해설을 해주는 ‘찾아가는 역사탐방’ 등 세 개 코스로 운영된다. 프로그램 성격에 따라 개인 또는 단체 접수로 나뉘며, 예약접수는 3월 17일(월)부터 시작해 운영기간 내(4월 1일~11월 29일) 언제라도 신청이 가능하다. 개인신청은 ‘도보코스’(1코스 광나루길~9코스 겸재정선길)만 가능하며, ‘찾아가는 역사 탐방’ 프로그램은 학교를 포함한 단체 신청, ‘선상코스(한강 옛 나루터길)’는 학교만 신청이 가능하다. 10개 코스의 평균 소요시간은 1시간~2시간 30분(선택사항)이다. ‘도보코스’와 ‘찾아가는 역사 탐방’ 프로그램 참가를 원하는 시민들은 서울시공공서비스예약시스템( http://yeyak.seoul.go.kr )을 통해 참여희망일 10일전까지 신청하면 된다. ‘도보코스’는 월~토요일 오전 10시~오후 4시까지 진행되며, 1회 팀당 3~40명까지 가능하다. (3명 미만일 경우 프로그램이 취소됨) ‘찾아가는 역사 탐방’ 프로그램은 월~금요일 오전 10시~오후 4시까지 진행되며, 학교 또는 노인대학 등 지자체에서 운영하는 단체 교육 프로그램을 대상으로 한다. (인원수 제한 없음) ‘선상코스(한강 옛 나루터길)’는 주 5일제 수업과 관련해 특별 기획한 청소년을 위한 프로그램으로(초·중·고등학교에서만 신청가능), 개인 신청은 불가하다. 매주 토요일 오전 10~12시까지 운영하며, 최소인원은 15명이고 최대 50명까지 가능하다.(방학기간에는 운영하지 않음) 프로그램에 참여하고 싶은 사람들은 21일전까지 한강사업본부 수상관리과로 전화신청(☎02-3780-0825)하면 된다. 전체 프로그램 관련 자세한 내용은 한강사업본부 문화홍보과(☎02-3780-0762)로 문의하면 된다.",,,,,무료,,,,
008520,KOP008520,ko,event,축제/공연/행사 > 축제,"꽃피는 3월, 서울시 문화예술 프로그램 안내","꽁꽁 언 겨울을 지나 꽃피는 봄, 3월이 돌아왔다. 새봄을 기다렸다 활짝 피어나는 꽃망울처럼 서울의 문화예술프로그램이 쏟아진다.","세계인이 가장 좋아하는 화가인 빈센트 반 고흐를 재조명한 뮤지컬, <빈센트 반 고흐> 가 4월 27일까지 충무아트홀에서 펼쳐진다. ‘별이 빛나는 밤에’, ‘해바라기’ 등 고흐의 살아 숨 쉬는 그림을 3D 프로젝션 맵핑 기법을 활용해 무대 위에 펼치고, 그의 인생을 담은 음악과 함께 선보인다. 서울시립교향악단은 3월 21일 세종문화회관 체임버홀에서 <실내악 시리즈> 의 두 번째 무대로 다양한 편성의 윈드 앙상블 작품을 선보인다. 이번 무대에서 연주하는 모차르트 <세레나데 10번> ‘그랑파르티타’는 13개의 관악기와 7악장으로 구성된 대규모 실내악 작품으로 치밀하고 탄탄한 구조 속에서 다채로운 관악기의 매력을 느낄 수 있는 작품이다. <내 마음의 슈퍼맨> 은 평범하지만 위대한 영웅인 아버지에 대해서 진지하게 생각해보게 하는 작품으로 각박한 사회를 살아가는 우리들의 마음속에 뜨거운 감동을 불러일으킬 국내 초연인 연극이다. 충무아트홀에서 3월 8일부터 만날 수 있다. 노원문화예술회관에서는 3월 29일 코미디 뮤지컬 <넌센스> 가 펼쳐진다. 뮤지컬 <넌센스>는 1991년 국내 초연 이후 23년 동안 최장공연기록과 최다관객기록을 세운 최고의 히트작이다.",,,,,,"축제, 행사, 3월 문화행사, 서울시 행사",,,
008502,KOP008502,ko,event,축제/공연/행사 > 축제,도성길라잡이와 함께하는 한양도성투어,"한양도성 무료 해설 투어「도성길라잡이와 함께하는 한양도성투어」프로그램이 3월부터 12월까지 매주 일요일(13:30∼17:00)에 진행된다. 해설은 한양도성 안내해설자원활동가인 ‘서울KYC 도성길라잡이’ 가 무료로 진행하며, 4개 코스를 주별로 돌아가면서 진행한다.","한양도성 무료 해설 투어「도성길라잡이와 함께하는 한양도성투어」프로그램이 3월부터 12월까지 매주 일요일(13:30∼17:00)에 진행된다. 해설은 한양도성 안내해설자원활동가인 ‘서울KYC 도성길라잡이’ 가 무료로 진행하며, 4개 코스를 주별로 돌아가면서 진행한다. 4개 투어코스는 ▴1주차 ‘광희문〜숭례문’ ▴2주차 ‘숭례문〜창의문’ ▴3주차 ‘창의문〜혜화문’ ▴4주차 ‘혜화문〜광희문’으로, 소요시간은 약 3시간 30분 정도(13:30〜17:00) 소요된다. 해설이 함께하는 이번 투어의 매력은 내사산 숲길과 도심, 주택가에 남아있는 한양도성의 흔적을 만나는 데 있다. 4개 구간별로 펼쳐지는 다양한 풍경과 이야기는 600년 성곽도시 수도 서울에서만 느낄 수 있는 특별한 도보여행인 셈이다. 몸과 마음이 바쁜 도시민에게 18.6km의 한양도성 걷기는 작은 쉼과 휴식의 시간을 제공해 줄 것이다.",,,,"2014년 3~12월 매주 일요일, 13:30〜17:00(약 3시간 30분 소요)",,"해설, 한양도성, 도성길라잡이, 무료해설투어, 서울KYC도성길라잡이",http://seoulcitywall.seoul.go.kr,,
008444,KOP008444,ko,event,축제/공연/행사 > 축제,The GREAT Festival(영국 문화 축제),주한영국대사관은 영국 국가 홍보 ‘GREAT 캠페인’의 일환으로 2014년 3월 27일부터 31일까지 5일간 신사동 가로수길에서 &lt;2014 The GREAT Festival(영국 문화 축제)&gt;을 진행한다.,"주한영국대사관은 영국 국가 홍보 ‘GREAT 캠페인’의 일환으로 2014년 3월 27일부터 31일까지 5일간 신사동 가로수길에서 <2014 The GREAT Festival(영국 문화 축제)>을 진행한다. 올해 국내에서 열리는 은 영국 주력 산업 분야인 패션, 디자인, 음식 및 주류의 우수성을 알리고자 ‘Fashion is GREAT’, ‘Creativity is GREAT’, ‘Food is GREAT’, ‘Pubs are GREAT’ 등의 주제 하에 다채로운 이벤트를 선보인다. 올 봄 서울의 가장 트렌디한 장소인 가로수길에 입점된 개성 넘치는 영국 브랜드숍의 특별 프로모션과 이벤트는 물론, 다양한 영국의 펍 문화와 음식 문화를 체험해 볼 수 있다. 이번 페스티벌에서는 신사의 나라 또는 영국 왕실등에서 비롯된 영국의 고전적인 기존 이미지를 벗은 현대적이면서 감각적인 영국 브랜드와 문화 콘텐츠를 한 곳에서 체험할 수 있게 될 것이다. 2월 마지막 주부터 페스티벌 기간(4월 첫째 주)까지 주한영국대사관 페이스북에서는 GREAT 캠페인과 페스티벌에 대한 자세한 소개 및 다양한 퀴즈, 경품 이벤트를 진행한다. GREAT 캠페인은 영국의 다채로운 문화와 산업을 홍보하고, 비즈니스 파트너로서의 영국의 이미지를 제고하며, 국제적인 관심을 도모하기 위해 3년째 진행되고 있다.",서울특별시 강남구 신사동,37.518767548098914,127.02317501368476,,,,,,
008392,KOP008392,ko,event,축제/공연/행사 > 축제,"매달 마지막 수요일, 문화가 있는 날","2014년 1월부터 매월 마지막 수요일이 ‘문화가 있는 날’로 정해졌다. 문화가 있는 날에는 관람료 무료•할인 혜택이 제공되고, 야간개방 및 문화프로그램 등이 확대 시행된다.","2014년 1월부터 매월 마지막 수요일이 ‘문화가 있는 날’로 정해졌다. 문화가 있는 날에는 관람료 무료•할인 혜택이 제공되고, 야간개방 및 문화프로그램 등이 확대 시행된다. ‘문화가 있는 날’에는 유료로 운영 중이던 국•공•사립 전시 관람시설은 물론, 많은 국민이 즐기는 영화, 프로스포츠와 관람료가 다소 부담이 되던 공연프로그램도 대폭 할인된 가격에 즐길 수 있다. 또한, 국공립 박물관•미술관, 도서관은 야간개방도 실시한다.",,,,,,"문화가 있는 날, 무료",,,
008235,KOP008235,ko,event,축제/공연/행사 > 축제,운현궁 궁중의상체험,운현궁에서 매일(월요일 제외) 궁중의상체험 행사를 진행하고 있다. 의상을 직접 입어보고 운현궁을 거닐며 자유롭게 촬영 가능하다.,운현궁에서 매일(월요일 제외) 궁중의상체험 행사를 진행하고 있다. 의상을 직접 입어보고 운현궁을 거닐며 자유롭게 촬영 가능하다.,서울특별시 종로구 삼일대로 464 (운니동),37.576115442276745,126.98710825618662,"4월~10월(하절기) 9:00~19:00 (입장마감 18:30)
11월~3월(동절기) 9:00~18:00 (입장마감 17:30) 
※대여 후 20분","3,300원 
※입장료 무료 
※운현궁 전통의상 체험장에서 체험표 구입","운현궁, 궁중의상, 한복체험, 의상체험, 외국인체험",http://unhyeongung.or.kr/,,
008653,KOP008653,ko,event,축제/공연/행사 > 축제,조선시대 과거제 행사,"1994년 서울정도 600년 기념행사로 시작하여 올해 21회를 맞이하는 ‘조선시대 과거제 재현행사’는 경희궁에서 한시 백일장 형태로 진행되며, 국왕(뮤지컬배우 남경주 특별출연)이 내린 어사화를 쓰고 행진하는 ‘유가행렬(遊街行列)’이 행사의 마지막을 장식할 것이다.","1994년 서울정도 600년 기념행사로 시작하여 올해 21회를 맞이하는 ‘조선시대 과거제 재현행사’는 공정경쟁을 통해 인재를 뽑는 선진적 제도이자 세계적으로 빛나는 한민족의 문화유산인 과거제를 널리 알리고, 시민들에게 우리 전통문화의 우수성을 되새길 수 있는 계기를 마련할 것이다. ‘조선시대 과거제 재현행사’는 한시 백일장 형태로 진행되며, 세종실록오례의 가례 문과전시의를 토대로 원형에 따라 실시된다. 과거시험 후에는 급제자를 발표하는 방방례(放榜禮), 급제를 축하하는 은영연(恩榮宴)이 경희궁 과장에서 재현되며, 급제자가 국왕(뮤지컬배우 남경주 특별출연)이 내린 어사화를 쓰고 행진하는 ‘유가행렬(遊街行列)’이 행사의 마지막을 장식할 것이다. <2014년도 제 21회 조선시대 과거제 재현행사 과시생 모집> - 일시: 2014. 10. 5(일) 10:30~17:00 - 장소: 경희궁 - 모집인원: 선착순 200명 - 응시자격: 제한없음(전국)/ ※단 1회~20회 장원급자는 제외 - 시험내용: 한시(漢詩_七言律學) - 접수기간: 2014. 9. 12(금)~10. 2(목)/ ※신청기간 중 응시인원 접수 초과 시 해당일 접수분까지만 인정 - 접수 방법: 직접방문, 우편, 인터넷 접수/ ※과거제 행사 당일 현장접수 불가, 반드시 접수기한내 가급적 인터넷 접수 바람",서울특별시 종로구 새문안로 45 (신문로2가),37.57214274524191,126.96802224948505,10:00~17:00,,"과거, 문화체험, 백일장, 경희궁, 조선시대",,,
008609,KOP008609,ko,event,축제/공연/행사 > 축제,덕수궁 왕궁수문장 교대의식,"왕궁수문장 교대의식은 조선시대 왕궁에는 수문군이라는 군대가 있어 궁궐 문을 개폐, 경비, 순찰하는 업무 등을 수행하였다. 왕궁 수문장 교대의식은 영국 왕실의 근위병 교대의식과 비견되는 화려하고 품위 있는 한국전통 궁중 문화 재현행사이다.","교대를 앞둔 두 무리의 수문군이 대한문 앞에서 마주한다. 카메라나 캠코더로 장면을 담기에 여념이 없는 외국인 관광객도 많다. 북소리가 울리기 전부터 덕수궁 대한문 앞 광장은 왕궁수문장 교대의식을 보기 위해 모여든 사람으로 가득하다. 수문군을 빙 둘러 포위한 형세다. 엄고수(북을 치는 이)의 힘찬 손동작이 허공을 가른다. 둥! 둥! 둥! 세 번의 북소리. 수문장 교대의식을 알리는 개식 타고다. 수문장의 인솔 아래 궁 주변을 순찰하던 교대군이 궁성문에 도착한다. 의식을 위한 모든 준비를 완료한다. 엄고의 북소리가 울린다. 두 수문군의 가운데로 감독관에 해당하는 녹색 단령 차림의 승정원 주서와 궁성의 기물과 열쇠를 관장하는 액정서 소속의 사약이 나온다. ‘군호 응대!’ 하는 힘찬 울림이 퍼지면 양군의 참사가 군호를 확인한다. 군호는 서로의 신원을 확인하는 일종의 암호다. 병조에서 세 글자 이내로 국왕께 보고하면 승정원을 통해 내려온다. 승정원 주서가 동참하는 이유다. 승정원 주서가 수문장과 수문군에게 군호를 알려준다. 일말의 긴장감이 맴돌면서 관람객들이 의식의 절도를 느끼는 순간이다. 이어 ‘초엄’ 하는 참하의 외침에 따라 수문군들이 ‘초엄’을 복창하고 다음 의식이 이뤄진다. 교대의식의 첫 번째 절차를 알리는 신호로 나각과 나발 소리가 여섯 번 울린다. 주위를 환기시키는 신호다. 관람객들은 숨을 죽인 채 그들의 동작 하나하나를 지켜본다. 수문군과 관람객 사이에 따로 구분선이 있는 것은 아니다. 군악을 담당하는 취라척과 관람객은 최소한의 걸음만을 유지한 채 자리한다. 숨소리까지 다 들릴 만큼 가까운 거리다. 궁성문의 열쇠가 들어 있는 약시함의 인계가 이뤄지며 본격적인 수문장 교대의식에 들어간다. 수문군의 참하가 수문장에게 약시함을 전달하는데, 약시함에는 궁성문의 열쇠가 들어 있다. 열쇠가 가지는 상징성은 의식에도 고스란히 스며든다. 이 과정을 승정원 주서와 액정서 사약이 지켜본다. 개개의 동작은 유연하지만 절도 있다. 영국의 근위병 교대의식과 비교하자면 부드러움 속에 격식의 꼿꼿함을 숨기고 있다. 보는 이들도 좀 더 쉽게 다가선다. 참하의‘중엄’ 하는 외침과 수문군들의 복창, 드디어 교대 의식의 두 번째 절차가 시작된다. 이를 알리는 나각과 나발 소리가 세 번 엄고를 울리면 양 수문장들이 인사 후 부신을 맞추고 순장패를 인수인계한다. 부신은 두 조각으로 나뉜 나뭇조각인데 둘이 이빨을 맞춰 한 짝을 이룬다. 일종의 신분 확인서다. 마지막 절차는 ‘삼엄’이다. ‘향전’이라는 외침에 따라 수문군들이 자리를 이동해 얼굴을 마주하는 ‘면간’ 교대의식을 치른다. 수문장들에 이은 수문군간의 교대의식이다. 마지막으로 참하가 한 번 더 ‘향전’이라고 외치면 모든 절차가 끝난다. 교대를 마친 수문군은 숭례문까지 순라를 한다. 교대의식은 총 20분 정도 소요된다. 그리 오랜 시간이 걸리지 않아 지나가던 행인도 걸음을 멈추곤 한다. 이제는 서울에서 빼놓을 수 없는 의식으로 서울 시민들에게 많은 사랑을 받고 있다.",서울특별시 중구 세종대로 99 (정동),37.56497796089638,126.97654352372916,"매일 3회 : 오전11시, 오후2시, 오후3시30분
단, 월요일 및 혹서기ㆍ 영하 5℃ 이하의 혹한기, 눈 오는날, 비 오는 날은 행사가 쉽니다",,"덕수궁, 전통체험, 왕궁수문장 교대의식",http://www.deoksugung.go.kr/,,
001747,KOP001747,ko,event,축제/공연/행사 > 공연,소극장 산울림,<고도를 기다리며>로 유명한 한국 공연문화예술의 메카,"1969년 창단된 극단 산울림은 사무엘 베케트의 <고도를 기다리며>를 한국 초연을 시작으로 한국을 대표하는 극단으로 성장했으며, 1985년 전용 극장인 ‘소극장 산울림’을 개관하였습니다. 이곳은 고전극은 물론 실험적인 현대극 등 수많은 작품을 무대에 올리며 현대 연극의 새로운 역사를 썼습니다. <위기의 여자>, <엄마는 오십에 바다를 발견했다> 등 사회에 큰 울림을 준 여성 연극을 탄생시킨 곳입니다. 1층엔 ‘산울림 아트 앤 크래프트’라는 갤러리&아트샵을 함께 운영 중입니다.",서울 마포구 와우산로 157,37.5550832990905,126.930109457636,10:00~22:00,,"연극,  서교동,  문화생활, 오래가게,  소극장,  홍대,  마포,  관람,  공연",http://www.sanwoollim.kr/,,
