id,name,link,review_count,image,cuisine,price,address,latitude,longitude,telephone,rating,description
26188436,Fabrikseoul,https://www.tripadvisor.com/Restaurant_Review-g294197-d26188436-Reviews-Fabrikseoul-Seoul.html,1,https://dynamic-media-cdn.tripadvisor.com/media/photo-o/2d/db/46/9b/vibes.jpg?w=400&h=-1&s=1,"Cafe, Bar, Wine Bar, Pub",$$ - $$$,"Seoulsi Jung-gu Euljilo 14gil 16-3 1, 2층",37.565445,126.991806,+82 50-71447-6222,5.0,"""FABRIK SEOUL goes beyond simply being a place to drink, aiming to be a cultural factory where culture and art are constantly being reproduced. In this space, where the historical remnants of a 1970s hospital building blend with a modern sensibility, we aim to take you on a new journey that will awaken your senses. The industrial concept, with its repurposed conveyor belt bar and lighting, is full of character. In addition to the main hall, there are also private rooms, making it ideal for group gatherings. Enjoy cocktail-making performances at the bar, and enjoy small talk. Moreover, as a music lounge, the weekend DJ sets elevate the atmosphere with trendy music and a vibrant sensibility. With a diverse lineup of wines, cocktails, whiskeys, and highballs, you'll be sure to enjoy the music and atmosphere all night long. Near Euljiro 3-ga Station, it's conveniently located, and with Jamsugyojip and Sancheong Charcoal Garden 2 right in front, it's a perfect place for a second round."
26822594,Daol Charcoal Grill,https://www.tripadvisor.com/Restaurant_Review-g294197-d26822594-Reviews-Daol_Charcoal_Grill-Seoul.html,590,https://dynamic-media-cdn.tripadvisor.com/media/photo-o/2b/d5/ce/6d/savor-the-exquisite-taste.jpg?w=400&h=400&s=1,"Barbecue, Korean, Fusion, Wine Bar, Beer restaurants",$$ - $$$,"54-2, Myeongdong 2-ga 1st And 2nd Floors",37.56318,126.98396,+82 2-3789-7774,4.9,"Daol Charcoal Grill Myeongdong Branch is a restaurant in Myeongdong, Seoul where you can taste representative K-food foods such as bulgogi, pork belly, and soybean paste stew. We hope you enjoy it. We will always prepare fresh ingredients to reward our customers."
14803574,Flavors,https://www.tripadvisor.com/Restaurant_Review-g294197-d14803574-Reviews-Flavors-Seoul.html,2058,https://dynamic-media-cdn.tripadvisor.com/media/photo-o/15/0f/ad/6b/caption.jpg?w=400&h=400&s=1,"Seafood, Asian, Korean, Grill, Healthy",$$$$,"176 Sinbanpo-ro, Seocho-gu Seocho-gu",37.503933,127.004745,+82 2-6282-6730,5.0,"Indulge in delicious global cuisine in a dynamic and stylish atmosphere while dining at Flavors. Our restaurant is located in the JW Marriott Hotel Soul and serves breakfast, lunch and dinner daily."
1174982,Tosokchon Samgyetang,https://www.tripadvisor.com/Restaurant_Review-g294197-d1174982-Reviews-Tosokchon_Samgyetang-Seoul.html,2721,https://dynamic-media-cdn.tripadvisor.com/media/photo-o/16/f1/a8/3f/photo4jpg.jpg?w=400&h=400&s=1,"Asian, Korean, Healthy, Soups",$$ - $$$,"5, Jahamun-ro 5-gil, Jongno-gu",37.57775,126.97164,+82 2-737-7444,4.2,"Cash Only, Accepts Credit Cards"
10388017,Bbandak Bbandak Myeongdong Branch,https://www.tripadvisor.com/Restaurant_Review-g294197-d10388017-Reviews-Bbandak_Bbandak_Myeongdong_Branch-Seoul.html,93,https://dynamic-media-cdn.tripadvisor.com/media/photo-o/32/3c/60/b0/caption.jpg?w=400&h=400&s=1,"Asian, Korean, Healthy",$$ - $$$,"Myeongdong 4-gil, 46 2F",37.5617,126.983955,+82 2-6953-0012,4.5,"A must-visit spot in Myeongdong! Taste the authentic Dakgalbi loved by locals. Fresh ingredients, generous portions, and unforgettable cheesy flavors await you."
4343686,Atrio,https://www.tripadvisor.com/Restaurant_Review-g294197-d4343686-Reviews-Atrio-Seoul.html,375,https://dynamic-media-cdn.tripadvisor.com/media/photo-o/2d/37/54/06/atrio.jpg?w=400&h=400&s=1,"Italian, Pizza, Central-Italian",$$ - $$$,"23-1, Yeouido-dong, Yeongdeungpo-gu 2F, Conrad Seoul",37.525414,126.92661,+82 2-6137-7120,4.8,"Enjoy Italian dining as you’ve never experienced before. Atrio combines sky-high ceilings with hearty, down-to-earth Italian fare, offering simple yet authentic regional Italian recipes. This stylish restaurant features a 28m high ceiling adorned with designer lighting, elegant sculptures, a traditional pizza oven, an antipasti counter and a pasticceria counter. Bravissimo!"
26848644,Kukbingwan,https://www.tripadvisor.com/Restaurant_Review-g294197-d26848644-Reviews-Kukbingwan-Seoul.html,24,https://dynamic-media-cdn.tripadvisor.com/media/photo-o/2b/9c/18/2b/caption.jpg?w=400&h=400&s=1,"Steakhouse, Barbecue, Asian, Korean, Grill",$$ - $$$,"17-4 Jahamun-ro 2-gil, Jongno-gu 1F",37.576626,126.97382,+82 2-722-3833,4.3,"Accepts credit cards: American Express, Mastercard, Visa"
1371740,Mugyodong Bugeokukjib,https://www.tripadvisor.com/Restaurant_Review-g294197-d1371740-Reviews-Mugyodong_Bugeokukjib-Seoul.html,682,https://dynamic-media-cdn.tripadvisor.com/media/photo-o/0a/2f/62/d1/caption.jpg?w=400&h=400&s=1,"Asian, Korean, Healthy, Soups",$,"38, Eulji-ro 1-gil, Jung-gu",37.567886,126.979744,+82 2-777-3891,4.4,Accepts Credit Cards
4562449,SUT - The Butcher's Edge,https://www.tripadvisor.com/Restaurant_Review-g294197-d4562449-Reviews-SUT_The_Butcher_s_Edge-Seoul.html,291,https://dynamic-media-cdn.tripadvisor.com/media/photo-o/2c/a6/b4/ed/steak.jpg?w=400&h=400&s=1,"Steakhouse, Bar, Grill, Fusion",$$$$,"23-1 Yeouido-dong 37F, Conrad Seoul",37.52542,126.92661,+82 2-6137-7110,4.7,"Rising above the Seoul skyline at the pinnacle of Conrad Seoul, SUT. The Butcher’s Edge redefines the art of steak through fire, time, and craftsmanship. USDA Prime Beef and Australian King River Beef are carefully dry-aged to develop their optimal flavor, while all cuts, including Korea’s finest nulliparous Korean beef, are seared over charcoal flames to fully enhance their natural taste. An elegant omakase-style dining journey, paired with the sommelier’s carefully curated wine selections, invites guests to experience the true harmony of flavor, texture, and artistry. Experience the essence of fire, the depth of aging, and the beauty of the moment and discover a new definition of luxury dining at SUT."
14803418,The Margaux Grill,https://www.tripadvisor.com/Restaurant_Review-g294197-d14803418-Reviews-The_Margaux_Grill-Seoul.html,315,https://dynamic-media-cdn.tripadvisor.com/media/photo-o/15/44/07/47/the-margaux-grill-features.jpg?w=400&h=400&s=1,"Steakhouse, Bar, Grill",$$$$,"176 Sinbanpo-ro, Seocho-gu Seocho-gu",37.50391,127.00475,+82 2-6282-6759,4.9,"At The Margaux Grill, enjoy grilled cuisine paired with a variety of rare wines from the largest wine cellar in Korea in our outdoor gardens. The Margaux Grill is located inside the JW Marriott Hotel Seoul and is open for both lunch and dinner."
14090441,853,https://www.tripadvisor.com/Restaurant_Review-g294197-d14090441-Reviews-853-Seoul.html,248,https://dynamic-media-cdn.tripadvisor.com/media/photo-o/15/72/0b/1b/moksal-pork-blade-shoulder.jpg?w=400&h=400&s=1,"Barbecue, Asian, Korean, Grill",$$ - $$$,"16, Insa-Dong 12-Gil",37.574703,126.98509,+82 2-733-0853,4.7,"■ Korean BBQ Restaurant '853' ■ "" We serve authentic Korean pork BBQ With 853 grill Know-how"" ■ BBQ Menu ○ Pork Blade Shoulder(moksal) (150g/100g 12,000)-18,000 ○ Pork Belly (Samgyeopsal) (150g/100g 12,000)- 18,000 ○ Pork cheek meat(Gabrisal) (150g / 100g 14,000)- 21,000 ○ Pork Neck(hangjeongsal) (150g / 100g 14,666)- 22,000 ■ business our: 11:30~22:00 ■ Lunch menu 11:30~14:30, Last Oder: 14:00 everyday. ■ Last Oder Time: 21:20 everyday."
25453046,Hangong-Gan,+82 10-7223-4247,"561-4 Yeonnam-dong, Mapo-gu",03988,37.56104,126.92041,"Asian, Korean, Fusion",Sun 17:00~00:00 / Mon 17:00~00:00 / Wed 17:00~00:00 / Thu 17:00~00:00 / Fri 17:00~00:00 / Sat 17:00~00:00,"If you are looking for a real hidden gem in hongdae/yeonnam, here we are. I am pretty sure that this will be your best Asian gastronomy experience in Korea. Escaping from the crowded main street, don’t hesitate to try this funky adventure. Welcome to my cooking laboratory.",https://dynamic-media-cdn.tripadvisor.com/media/photo-o/28/e5/5d/dc/out.jpg?w=900&h=500&s=1,https://www.tripadvisor.com/Restaurant_Review-g294197-d25453046-Reviews-Hangong_Gan-Seoul.html
9163742,Ziu BBQ,+82 2-777-2171,"20, Toegye-ro 18-gil",04631,37.560005,126.98519,"Barbecue, Asian, Korean, Grill, Healthy",Sun 11:00~22:30 / Mon 11:00~22:30 / Tue 11:00~22:30 / Wed 11:00~22:30 / Thu 11:00~22:30 / Fri 11:00~22:30 / Sat 11:00~22:30,"Hi, this is ZIU BBQ. We are a small, family-run boutique Korean BBQ restaurant that has been in operation since 2002. Our goal is to provide our customers with exceptional K-BBQ & food, and Valuable experience. 1++(9) Korean beef sirloin, 450 marinated beef rip and Special K-liquor are our signatures. ** To ensure fair information and pricing, we refrain from creating paid reviews. Slow, but true to the path.",https://dynamic-media-cdn.tripadvisor.com/media/photo-o/29/d9/35/d6/ziubbq-k-bbq-since-2002.jpg?w=900&h=500&s=1,https://www.tripadvisor.com/Restaurant_Review-g294197-d9163742-Reviews-Ziu_BBQ-Seoul.html
2327459,Buddha's Belly,+82 2-749-0903,"48, Noksapyeong-daero 40-gil, Yongsan-gu",04345,37.534294,126.98858,"Asian, Thai",Sun 11:30~22:00 / Mon 11:30~22:00 / Tue 11:30~22:00 / Wed 11:30~22:00 / Thu 11:30~22:00 / Fri 11:30~22:30 / Sat 11:30~22:30,"※ Present a same-day parking ticket to receive a ₩2,000 discount for every ₩40,000 spent on dining (up to ₩10,000). Yongsan-gu Office Parking Lot 1 hour - 2,700 won 2 hours - 5,700 won Dongho Parking Lot 1 hour - 4,000 won 2 hours - 8,000 won",https://dynamic-media-cdn.tripadvisor.com/media/photo-o/28/fb/d0/58/reservation-for-tables.jpg?w=900&h=500&s=1,https://www.tripadvisor.com/Restaurant_Review-g294197-d2327459-Reviews-Buddha_s_Belly-Seoul.html
3568808,Odarijip Myeongdong,+82 2-778-6769,"28, Myeongdong 8na-gil 2F,  Savoy Hotel Seoul",04536,37.561398,126.98342,"Seafood, Asian, Korean",Sun 09:00~23:45 / Mon 09:00~23:45 / Tue 09:30~23:45 / Wed 09:00~23:45 / Thu 09:00~23:30 / Fri 09:00~23:45 / Sat 09:00~23:45,Gluten free options,https://dynamic-media-cdn.tripadvisor.com/media/photo-o/19/58/58/80/caption.jpg?w=800&h=400&s=1,https://www.tripadvisor.com/Restaurant_Review-g294197-d3568808-Reviews-Odarijip_Myeongdong-Seoul.html
9105334,Maple Tree House - Itaewon,+82 2-790-7977,"26, Itaewon-ro 27ga-gil, Yongsan-gu",04350,37.534874,126.994026,"Barbecue, Asian, Korean",Sun 11:30~22:00 / Mon 11:30~15:00 / Mon 17:00~22:00 / Tue 11:30~15:00 / Tue 17:00~22:00 / Wed 11:30~15:00 / Wed 17:00~22:00 / Thu 11:30~15:00 / Thu 17:00~22:00 / Fri 11:30~15:00 / Fri 17:00~22:00 / Sat 11:30~22:00,Gluten free options,https://dynamic-media-cdn.tripadvisor.com/media/photo-o/0d/fe/5c/13/photo0jpg.jpg?w=900&h=500&s=1,https://www.tripadvisor.com/Restaurant_Review-g294197-d9105334-Reviews-Maple_Tree_House_Itaewon-Seoul.html
33118839,Sunshine Charcoal Grilling,+82 2-772-9282,"19-3, Myeongdong 10-gil Jung-gu",04537,37.56302,126.98561,"Seafood, Barbecue, Asian, Korean, Grill, Fusion, Healthy",Sun 11:00~23:00 / Mon 11:00~23:00 / Tue 11:00~23:00 / Wed 11:00~23:00 / Thu 11:00~23:00 / Fri 11:00~23:00 / Sat 11:00~23:00,"Digital Payments, Accepts credit cards: American Express, Discover, Mastercard, Visa",https://dynamic-media-cdn.tripadvisor.com/media/photo-o/2f/db/46/cf/caption.jpg?w=900&h=500&s=1,https://www.tripadvisor.com/Restaurant_Review-g294197-d33118839-Reviews-Sunshine_Charcoal_Grilling-Seoul.html
9018255,Gop Mapo,+82 507-1324-5201,31-1 Dohwa-Gil Mapo-gu,,37.54103,126.94938,"Barbecue, Asian, Korean",Sun 15:00~23:00 / Mon 16:00~23:30 / Tue 16:00~23:30 / Wed 16:00~23:30 / Thu 16:00~23:30 / Fri 16:00~23:30 / Sat 16:00~23:30,"""Experience Authentic Korean BBQ with Gopchang at Gop Mapo! Since 2009, Gop Mapo has been a go-to spot for gopchang (beef intestine) lovers. Featured in Korean media and recognized by the Blue Ribbon Survey (Korean Michelin), we offer a top-tier dining experience. We serve only the freshest Korean beef intestines, complemented by homemade side dishes. Don’t miss our signature fried rice—perfect for finishing off your meal. Enjoy the vibrant atmosphere, full of diners embracing the lively Korean Pocha culture. Solo diners are welcome too, with single-person set menus available (except from 18:00 to 20:00). Services: - Reservations via Instagram DM (English & Japanese) - Free Wi-Fi - Menus in English, Japanese, and Chinese""",https://dynamic-media-cdn.tripadvisor.com/media/photo-o/2d/80/94/0d/15.jpg?w=900&h=500&s=1,https://www.tripadvisor.com/Restaurant_Review-g294197-d9018255-Reviews-Gop_Mapo-Seoul.html
26689688,Seoul Garage Bar,+82 10-6630-6980,4 Jong-ro 14-gil 1st Floor,,37.569843,126.98669,"Bar, Pizza, Asian, Korean, Pub",Sun 14:00~20:00 / Mon 18:00~02:00 / Tue 18:00~02:00 / Wed 18:00~02:00 / Thu 18:00~02:00 / Fri 18:00~02:00 / Sat 14:00~02:00,Temporarily closed.,https://dynamic-media-cdn.tripadvisor.com/media/photo-o/2b/60/95/12/caption.jpg?w=900&h=500&s=1,https://www.tripadvisor.com/Restaurant_Review-g294197-d26689688-Reviews-Seoul_Garage_Bar-Seoul.html
7132369,Hongdae Dakgalbi,+82 2-2245-5222,"31-10, Wausan-ro 21-gil, Mapo-gu 1F",04041,37.55206,126.921814,"Asian, Korean, Grill, Assyrian, Indigenous",Sun 11:00~22:30 / Mon 11:00~22:30 / Tue 11:00~22:30 / Wed 11:00~22:30 / Thu 11:00~22:30 / Fri 11:00~22:30 / Sat 11:00~22:30,"Accepts credit cards: American Express, Mastercard, Visa",https://dynamic-media-cdn.tripadvisor.com/media/photo-o/08/23/81/97/caption.jpg?w=900&h=500&s=1,https://www.tripadvisor.com/Restaurant_Review-g294197-d7132369-Reviews-Hongdae_Dakgalbi-Seoul.html
7033774,New Delhi,+82 10-8690-4915,"28, Nonhyeon-ro 176-gil, Gangnam-gu Sinsadong",06022,37.527588,127.030685,"Indian, Asian",Sun 11:00~22:00 / Mon 11:00~22:00 / Tue 11:00~22:00 / Wed 11:00~22:00 / Thu 11:00~22:00 / Fri 11:00~22:00 / Sat 11:00~22:00,"Vegetarian friendly, Vegan options, Halal, Gluten free options",https://dynamic-media-cdn.tripadvisor.com/media/photo-o/15/63/c3/ee/new-delhi.jpg?w=900&h=500&s=1,https://www.tripadvisor.com/Restaurant_Review-g294197-d7033774-Reviews-New_Delhi-Seoul.html
21127141,Cleo,+82 2-2076-2050,1F,04392,37.528584,126.99311,"Mediterranean, Middle Eastern",Sun 06:30~10:30 / Sun 12:00~15:00 / Sun 17:30~22:00 / Mon 06:30~10:30 / Mon 12:00~15:00 / Mon 17:30~22:00 / Tue 06:30~10:30 / Tue 12:00~15:00 / Tue 17:30~22:00 / Wed 06:30~10:30 / Wed 12:00~15:00 / Wed 17:30~22:00 / Thu 06:30~10:30 / Thu 12:00~15:00 / Thu 17:30~22:00 / Fri 06:30~10:30 / Fri 12:00~15:00 / Fri 17:30~22:00 / Sat 06:30~10:30 / Sat 12:00~15:00 / Sat 17:30~22:00,"Cleo provides a warm, social setting to enjoy shareable dishes that feature traditional flavors with a modern twist. The classic and the contemporary come together to create a dining experience like no other. Whether it's a quick bite or an indulgent feast, Cleo's casual-cool ambiance makes it the perfect destination for any occasion.",https://dynamic-media-cdn.tripadvisor.com/media/photo-o/1c/2c/6f/23/cleo-restaurant.jpg?w=900&h=500&s=1,https://www.tripadvisor.com/Restaurant_Review-g294197-d21127141-Reviews-Cleo-Seoul.html
26779314,Wonjomanlgobchang,+82 2-2678-0170,"17-1, Gyeongin-ro 79-gil, Yeongdeungpo-gu First Floor",,37.51502,127.01647,"Asian, Korean",Sun 15:00~00:00 / Mon 16:00~23:00 / Tue 16:00~23:00 / Wed 16:00~23:00 / Thu 16:00~23:00 / Fri 16:00~23:00 / Sat 15:00~00:00,"Accepts credit cards: American Express, Visa",https://dynamic-media-cdn.tripadvisor.com/media/photo-o/2a/c7/14/37/caption.jpg?w=900&h=500&s=1,https://www.tripadvisor.com/Restaurant_Review-g294197-d26779314-Reviews-Wonjomanlgobchang-Seoul.html
14803417,Tamayura,+82 2-6282-6751,"176 Sinbanpo-ro, Seocho-gu Seocho-gu",06546,37.503906,127.004745,"Japanese, Seafood, Sushi, Asian",Sun 11:30~14:30 / Sun 18:00~22:00 / Mon 11:30~14:30 / Mon 18:00~22:00 / Tue 11:30~14:30 / Tue 18:00~22:00 / Wed 11:30~14:30 / Wed 18:00~22:00 / Thu 11:30~14:30 / Thu 18:00~22:00 / Fri 11:30~14:30 / Fri 18:00~22:00 / Sat 11:30~14:30 / Sat 18:00~22:00,Tamayura fuses South Korea's finest grade Edomae sushi and teppanyaki with authentic ingredients and sophisticated presentations. The eclectic ambiance and design of our restaurant draws you into an experience that touches all of your senses. Tamayura can be found inside the JW Marriott Hotel Soul and is open for lunch and dinner.,https://dynamic-media-cdn.tripadvisor.com/media/photo-o/15/44/02/72/tamayura-is-seoul-s-finest.jpg?w=900&h=500&s=1,https://www.tripadvisor.com/Restaurant_Review-g294197-d14803417-Reviews-Tamayura-Seoul.html
20941492,Privilege Bar,+82 2-2076-2071,Rf,04392,37.528584,126.99312,"Bar, Pub, Wine Bar",Sun 18:00~00:00 / Mon 18:00~00:00 / Tue 18:00~00:00 / Wed 18:00~00:00 / Thu 18:00~00:00 / Fri 18:00~02:00 / Sat 18:00~02:00,"Privilege bar offers an indoor-outdoor experience on the rooftop floor. The stylish interior has been designed to create an enjoyable environment, where all are welcome. This smoothly transitions into an evening of socializing under the stars, with a soundtrack provided by world-class DJs. Privilege rooftop bar is well-stocked with a selection of some of the finest single malt whiskeys, as well as a wide variety of international wines by the glass.",https://dynamic-media-cdn.tripadvisor.com/media/photo-o/1c/2c/72/c8/privilege-bar.jpg?w=900&h=500&s=1,https://www.tripadvisor.com/Restaurant_Review-g294197-d20941492-Reviews-Privilege_Bar-Seoul.html
1933588,Wangbijib Myeongdong Main Store,+82 10-3237-9935,"63-6 Chungmuro-2ga, Jung-gu 2F",04537,37.561714,126.98639,Korean,Sun 11:30~22:00 / Mon 11:30~22:00 / Tue 11:30~22:00 / Wed 11:30~22:00 / Thu 11:30~22:00 / Fri 11:30~22:00 / Sat 11:30~22:00,"Wangbijib is korean traditional restaurant, We are to served good taste korean food.(Galbi,Beef, Pork meat..) Wangbijib located in Myeong-dong.",https://dynamic-media-cdn.tripadvisor.com/media/photo-o/1a/8f/46/7a/caption.jpg?w=900&h=500&s=1,https://www.tripadvisor.com/Restaurant_Review-g294197-d1933588-Reviews-Wangbijib_Myeongdong_Main_Store-Seoul.html
1978666,Gusto Taco,+82 2-338-8226,"41, Wausan-ro, Mapo-gu",04049,37.54811,126.92295,"Mexican, Latin",Sun 11:00~22:00 / Tue 11:00~22:00 / Wed 11:00~22:00 / Thu 11:00~22:00 / Fri 11:00~22:00 / Sat 11:00~22:00,"Vegetarian friendly, Vegan options, Gluten free options",https://dynamic-media-cdn.tripadvisor.com/media/photo-o/0d/54/46/d9/interior.jpg?w=900&h=500&s=1,https://www.tripadvisor.com/Restaurant_Review-g294197-d1978666-Reviews-Gusto_Taco-Seoul.html
7788204,Yeji Sikdang,+82 2-777-1820,"42-2, Myeongdong 1-ga, Jung-gu",04534,37.564648,126.984566,"Asian, Korean",Sun 05:00~19:00 / Mon 05:00~19:00 / Tue 05:00~19:00 / Wed 05:00~19:00 / Thu 05:00~19:00 / Fri 05:00~19:00 / Sat 05:00~19:00,"Breakfast, Lunch, Dinner",https://dynamic-media-cdn.tripadvisor.com/media/photo-o/19/2c/b8/03/caption.jpg?w=900&h=500&s=1,https://www.tripadvisor.com/Restaurant_Review-g294197-d7788204-Reviews-Yeji_Sikdang-Seoul.html
10257443,Jihwaja,+82 2-2269-5834,"125 Jahamun-ro, Jongno-gu (48 Cheongun-dong, Jongno-gu)",03031,37.587074,126.96954,Korean,Sun 11:30~15:00 / Sun 17:30~21:30 / Mon 11:30~15:00 / Mon 17:30~21:30 / Wed 11:30~15:00 / Wed 17:30~21:30 / Thu 11:30~15:00 / Thu 17:30~21:30 / Fri 11:30~15:00 / Fri 17:30~21:30 / Sat 11:30~15:00 / Sat 17:30~21:30,"Operated by “Living Treasure Of Korean Royal Cuisine” since 1991, Jihwaja is a high-class traditional Korean restaurant located in the center of downtown Seoul. It has enjoyed a high reputation as the finest restaurant that preserves “The Legitimacy of Korean Royal Cuisine,” the essence of the Korean food culture. Jihwaja resembles the sophisticated ambiance of the neighborhood that captures the beauty of the Joseon Dynasty. The restaurant offers very healthy and nutritious dishes as they are prepared with only natural ingredients and royal culinary techniques, without using any MSG, artificial flavors or additives. Jihwaja is committed to promote Korea's authentic traditional food culture - Korean Royal Cuisine - across the world for generations.",https://dynamic-media-cdn.tripadvisor.com/media/photo-o/0e/62/4e/29/caption.jpg?w=900&h=500&s=1,https://www.tripadvisor.com/Restaurant_Review-g294197-d10257443-Reviews-Jihwaja-Seoul.html
11785643,Gwanghwamun Ichungjib,+82 2-723-6692,"95, Sambong-ro, Jongno-gu",03150,37.572426,126.98268,"Barbecue, Asian, Korean",Sun 09:00~22:00 / Mon 09:00~22:00 / Tue 09:00~22:00 / Wed 09:00~22:00 / Thu 09:00~22:00 / Fri 09:00~22:00 / Sat 09:00~22:00,Accepts Credit Cards,https://dynamic-media-cdn.tripadvisor.com/media/photo-o/16/41/7f/a7/caption.jpg?w=900&h=500&s=1,https://www.tripadvisor.com/Restaurant_Review-g294197-d11785643-Reviews-Gwanghwamun_Ichungjib-Seoul.html
25353516,Bogwangjung Itaewon,+82 10-3648-3118,"118, Bogwang-ro Yongsan-gu, 1F",04406,37.533276,126.994514,"Barbecue, Asian, Korean",Sun 12:00~00:00 / Mon 16:00~00:00 / Tue 16:00~00:00 / Wed 16:00~00:00 / Thu 16:00~00:00,"This is Bogwangjeong CEO Park Se-hyeon and Dong-hoon Lee. We came together with new dreams and aspirations in 'Itaewon' and opened a Sapgyeolsal meat restaurant. 'Bogwangjeong' is a place where we share our passion for meat and cooking, and deliver special experiences and satisfaction to our customers.",https://dynamic-media-cdn.tripadvisor.com/media/photo-o/33/a4/27/da/this-is-an-exterior-photo.jpg?w=900&h=500&s=1,https://www.tripadvisor.com/Restaurant_Review-g294197-d25353516-Reviews-Bogwangjung_Itaewon-Seoul.html
32913608,Myeongdong Korean BBQ Mongvely,+82 2-318-2688,Myeongdong 8na-gil 9 3rd Floor,04536,37.561302,126.984436,"Barbecue, Asian, Korean",Sun 11:30~02:00 / Mon 11:30~02:00 / Tue 11:30~02:00 / Wed 11:30~02:00 / Thu 11:30~02:00 / Fri 11:30~02:00 / Sat 11:30~02:00,Official Website : https://www.myeongdongkoreanbbqmongvely.com Instagram : https://www.instagram.com/kbbqmongvely/?hl=en TikTok : https://www.tiktok.com/@kbbqmongvely,https://dynamic-media-cdn.tripadvisor.com/media/photo-o/30/d6/e8/12/ayce-meat-at-mongvely.jpg?w=900&h=500&s=1,https://www.tripadvisor.com/Restaurant_Review-g294197-d32913608-Reviews-Myeongdong_Korean_BBQ_Mongvely-Seoul.html
8953695,Vikings Wharf Jamsil Heritage Branch,+82 1644-3210,"300 Olympic-ro Lotte World Mall, 4th Floor",,37.51334,127.10374,"Seafood, Korean, Grill, Fusion",Sun 11:30~13:15 / Sun 13:45~15:30 / Sun 17:00~18:45 / Sun 19:15~21:00 / Mon 12:00~15:00 / Mon 18:00~21:00 / Tue 12:00~15:00 / Tue 18:00~21:00 / Wed 12:00~03:00 / Wed 18:00~21:00 / Thu 12:00~15:00 / Thu 18:00~21:00 / Fri 12:00~15:00 / Fri 18:00~21:00 / Sat 11:30~13:15 / Sat 13:45~15:30 / Sat 17:00~18:45 / Sat 19:15~21:00,WEEKLY LUNCH(MON-THU) 11:30 ~ 15:30 / DINNER 18:00 ~ 22:00 Break Time 15:30 ~ 18:00 (FRI) 11:30 ~ 15:30 / DINNER(1) 17:30 ~ 19:30 DINNER(2) 20:00 ~ 22:00 Break Time 15:30 ~ 17:30 WEEKEND LUNCH(1) 11:30 ~ 13:30 / LUNCH(2) 14:00 ~ 16:00 DINNER(1) 17:30 ~ 19:30 / DINNER(2) 20:00 ~ 22:00 Break Time 16:00 ~ 17:30,https://dynamic-media-cdn.tripadvisor.com/media/photo-o/0e/61/c2/ea/caption.jpg?w=900&h=500&s=1,https://www.tripadvisor.com/Restaurant_Review-g294197-d8953695-Reviews-Vikings_Wharf_Jamsil_Heritage_Branch-Seoul.html
10751158,Insadong Garlic Bossam,+82 2-735-7885,"12-5, Insadong 8-gil, Jongno-gu",03148,37.573963,126.98612,"Asian, Korean",Sun 11:00~15:00 / Sun 17:00~22:00 / Mon 11:00~15:00 / Mon 17:00~22:00 / Tue 11:00~15:00 / Tue 17:00~22:00 / Wed 11:00~15:00 / Wed 17:00~22:00 / Thu 11:00~15:00 / Thu 17:00~22:00 / Fri 11:00~15:00 / Fri 17:00~22:00 / Sat 11:00~15:00 / Sat 17:00~22:00,"It is a restaurant located in Insa-dong 8 Road, specializing in garlic bosom, steamed kimchi, stir-fried octopus, brewery, yulmu noodle, fried rice wine, and chestnut makgeolli. It is rumored to be a good place to chat with friends to nearby office workers. It is my mission to have a good time. The side dishes and the dishes that the housewives with the family think about the family greet the customers. There is a space where small people can eat quietly.",https://dynamic-media-cdn.tripadvisor.com/media/photo-o/27/89/6e/ee/caption.jpg?w=700&h=400&s=1,https://www.tripadvisor.com/Restaurant_Review-g294197-d10751158-Reviews-Insadong_Garlic_Bossam-Seoul.html
14969098,Gangnam Gop,+82 2-538-7592,"12, Yeoksam-Ro 3-Gil",,37.49433,127.031494,"Barbecue, Asian, Korean",Sun 14:00~23:00 / Mon 16:00~00:00 / Tue 16:00~00:00 / Wed 16:00~00:00 / Thu 16:00~00:00 / Fri 16:00~00:00 / Sat 16:00~00:00,"""Experience Authentic Korean BBQ with Gopchang! Located in the heart of Gangnam, Gangnam Gop has been a go-to spot for gopchang (beef intestine) lovers. Featured in Korean media and recognized by the Blue Ribbon Survey (Korean Michelin), we offer a top-tier dining experience. We serve only the freshest Korean beef intestines, complemented by homemade side dishes. Be sure to order fried rice, to complete your dining experience. We welcome solo diners with our single-person set menus, available outside of peak hours (18:00 to 20:00).",https://dynamic-media-cdn.tripadvisor.com/media/photo-o/2a/c7/55/d2/caption.jpg?w=900&h=500&s=1,https://www.tripadvisor.com/Restaurant_Review-g294197-d14969098-Reviews-Gangnam_Gop-Seoul.html
6497852,Zest,+82 2-6137-7100,"10, Gukjegeumyung-ro, Yeongdeungpo-gu 2F, Conrad Seoul",07326,37.527786,126.92302,"International, Korean",Sun 06:30~10:30 / Sun 12:00~14:30 / Sun 18:00~21:30 / Mon 06:30~10:30 / Tue 06:30~10:30 / Wed 06:30~10:30 / Wed 11:30~14:30 / Wed 18:00~21:30 / Thu 06:30~10:30 / Thu 11:30~14:30 / Thu 18:00~21:30 / Fri 06:30~10:30 / Fri 11:30~14:30 / Fri 18:00~21:30 / Sat 06:30~10:30 / Sat 12:00~14:30 / Sat 17:30~19:30 / Sat 20:00~22:00,"Conrad Seoul's eclectic, all-day dining spot is a culinary crossroads where East meets West and trendy chic meets a delicious dining experience. From show-cooking stations and buffet islands heaped with fresh sushi and sashimi combinations, Mediterranean/Western specialties, Asian wok dishes and Korean favorites as well as an utterly tempting desserts to 'Zest' up your life!",https://dynamic-media-cdn.tripadvisor.com/media/photo-o/05/ba/5a/c9/caption.jpg?w=900&h=500&s=1,https://www.tripadvisor.com/Restaurant_Review-g294197-d6497852-Reviews-Zest-Seoul.html
788278,Grand Kitchen,+82 2-559-7575,"521, Teheranno, Gangnam-gu B1 Grand InterContinental Seoul Parnas",06164,37.509506,127.06072,"International, Healthy",Sun 06:30~22:00 / Mon 06:30~22:00 / Tue 06:30~22:00 / Wed 06:30~22:00 / Thu 06:30~22:00 / Fri 06:30~22:00 / Sat 06:30~22:00,"Vegetarian friendly, Vegan options, Gluten free options",https://dynamic-media-cdn.tripadvisor.com/media/photo-o/17/f6/e6/5a/interior-of-grand-kirchen.jpg?w=900&h=500&s=1,https://www.tripadvisor.com/Restaurant_Review-g294197-d788278-Reviews-Grand_Kitchen-Seoul.html
17423735,Jangseng Geongangwon,+82 10-2278-5968,"23, Gangnam-daero 124-gil, Gangnam-gu",06114,37.509262,127.02458,Korean,Sun 19:00~04:00 / Mon 19:00~04:00 / Tue 19:00~04:00 / Wed 19:00~04:00 / Thu 09:00~04:00 / Fri 09:00~04:00 / Sat 19:00~04:00,"Geongangwon is an old form of oriental pharmacy. We are eternally grateful for the old couple’s 20 years’ worth of efforts to maintain this Geongangwon. Jangsaeng healthy bar aims to live along with the Youngdong traditional market. Also, we create trendy and healthy drinks based on our concept. Let every guests of our bar to stay healthy. -Jangsaeng Healthy Bar-",https://dynamic-media-cdn.tripadvisor.com/media/photo-o/2e/5b/4b/31/caption.jpg?w=200&h=200&s=1&cx=1920&cy=1080&chk=v1_22b044cd4058ca85417e,https://www.tripadvisor.com/Restaurant_Review-g294197-d17423735-Reviews-Jangseng_Geongangwon-Seoul.html
1745654,Petra Restaurant,+82 2-790-4433,"33, Noksapyeong-daero 40-gil, Yongsan-gu",04345,37.53453,126.98742,"Lebanese, Mediterranean, Middle Eastern",Sun 11:00~22:00 / Mon 11:00~22:00 / Tue 11:00~22:00 / Wed 11:00~22:00 / Thu 11:00~22:00 / Fri 11:00~22:00 / Sat 11:00~22:00,"Vegetarian friendly, Vegan options, Halal, Gluten free options",https://dynamic-media-cdn.tripadvisor.com/media/photo-o/12/25/89/c8/photo0jpg.jpg?w=900&h=500&s=1,https://www.tripadvisor.com/Restaurant_Review-g294197-d1745654-Reviews-Petra_Restaurant-Seoul.html
8988285,Hangaram,+82 2-318-3088,"25, Namdaemun-ro 5-gil, Jung-gu",04526,37.56249,126.979095,Korean,,"Vegetarian friendly, Vegan options",https://dynamic-media-cdn.tripadvisor.com/media/photo-o/15/26/65/bb/photo0jpg.jpg?w=900&h=500&s=1,https://www.tripadvisor.com/Restaurant_Review-g294197-d8988285-Reviews-Hangaram-Seoul.html
10161356,MoMo Cafe,+82 2-2211-8222,"9 Namdaemun-ro, Jung-gu",04526,37.560947,126.97692,"International, Asian, Korean, Contemporary",Sun 06:30~21:00 / Mon 06:30~20:30 / Tue 06:30~20:30 / Wed 06:30~20:30 / Thu 06:30~20:30 / Fri 06:30~20:30 / Sat 06:30~21:00,"Vegetarian friendly, Vegan options",https://dynamic-media-cdn.tripadvisor.com/media/photo-o/0c/a5/b1/3b/momo-cafe.jpg?w=900&h=500&s=1,https://www.tripadvisor.com/Restaurant_Review-g294197-d10161356-Reviews-MoMo_Cafe-Seoul.html
32859415,Eataly The Hyundai Seoul,+82 2-3277-0658,22 Yeouido-dong The Hyundai Seoul,,37.52634,126.92767,Italian,Sun 10:30~22:00 / Mon 10:30~22:00 / Tue 10:30~22:00 / Wed 10:30~22:00 / Thu 10:30~22:00 / Fri 10:30~22:00 / Sat 10:30~22:00,"Lunch, Dinner",https://dynamic-media-cdn.tripadvisor.com/media/photo-o/2f/b6/22/52/caption.jpg?w=900&h=500&s=1,https://www.tripadvisor.com/Restaurant_Review-g294197-d32859415-Reviews-Eataly_The_Hyundai_Seoul-Seoul.html
6463317,Tavolo 24,+82 2-2276-3320,"279, Cheonggyecheon-ro, Jongno-gu",03198,37.57037,127.00898,"International, Asian, Korean",Sun 06:30~10:00 / Sun 11:30~14:30 / Sun 18:00~21:30 / Mon 06:30~10:00 / Mon 11:30~14:30 / Mon 18:00~21:30 / Tue 06:30~10:00 / Tue 11:30~14:30 / Tue 18:00~21:30 / Wed 06:30~10:00 / Wed 11:30~14:30 / Wed 18:00~21:30 / Thu 06:30~10:00 / Thu 11:30~14:30 / Thu 18:00~21:30 / Fri 06:30~10:00 / Fri 11:30~14:30 / Fri 18:00~21:30 / Sat 06:30~10:00 / Sat 11:30~14:30 / Sat 17:30~22:00,"Vegetarian friendly, Vegan options, Gluten free options",https://dynamic-media-cdn.tripadvisor.com/media/photo-o/05/96/5e/51/getlstd-property-photo.jpg?w=900&h=500&s=1,https://www.tripadvisor.com/Restaurant_Review-g294197-d6463317-Reviews-Tavolo_24-Seoul.html
15154591,Speakeasy Boxing Tiger,+82 2-540-2399,,,,,,,"Asian style Speakeasy bar. Nice selection of Spirits and wines, beer & Cocktail with fusion style deep fried food menu. unique infusion liquors and any other asian liquors. DJ's old school hiphop and new jackswing & house. bartender, sommelier & staff have a good experiences in 5 stars hotel industry.",https://dynamic-media-cdn.tripadvisor.com/media/photo-o/14/db/c6/60/getlstd-property-photo.jpg?w=900&h=500&s=1,https://www.tripadvisor.com/Restaurant_Review-g294197-d15154591-Reviews-Speakeasy_Boxing_Tiger-Seoul.html
24636878,MIO,+82 2-2092-6102,209 Jamsil-ro 3F Sofitel Ambassador Seoul Hotel,05552,37.51388,127.1064,"Seafood, Sushi, Healthy, Japanese Fusion",Sun 11:30~14:30 / Sun 18:00~22:00 / Mon 11:30~14:30 / Mon 18:00~22:00 / Tue 11:30~14:30 / Tue 18:00~22:00 / Wed 11:30~14:30 / Wed 18:00~22:00 / Thu 11:30~14:30 / Thu 18:00~22:00 / Fri 11:30~14:30 / Fri 18:00~22:00 / Sat 11:30~14:30 / Sat 18:00~22:00,Accepts Credit Cards,https://dynamic-media-cdn.tripadvisor.com/media/photo-o/30/f3/2f/88/sushi-counter.jpg?w=900&h=500&s=1,https://www.tripadvisor.com/Restaurant_Review-g294197-d24636878-Reviews-MIO-Seoul.html
6732749,Parc,+82 2-792-2022,"26-5, Itaewon-ro 55ga-gil, Yongsan-gu",04348,37.537464,126.999794,"Asian, Korean",Sun 11:30~15:30 / Sun 17:30~21:00 / Mon 11:30~15:30 / Mon 17:30~21:00 / Tue 11:30~15:30 / Tue 17:30~21:00 / Wed 11:30~15:30 / Wed 17:30~21:00 / Thu 11:30~15:30 / Thu 17:30~21:00 / Fri 11:30~15:30 / Fri 17:30~21:00 / Sat 11:30~15:30 / Sat 17:30~21:00,"Mama knows best! PARC was founded in 2013 in the Hannam district of Seoul, which is the most international neighborhood of Korea's capital city. PARC, which translates to park in the famed romance language of Catalan, serves traditional Korean food inspired from authentic family recipes by owner Pak Mogua's mother, Heo Junghee, that have been passed down through generations of family. After 4 years of traveling the world, Pak realized the strong impact his mother's cooking had always had on him with its unique and genuine flavors. It was then when he decided to collect all of his mother's recipes to not only document for himself, but to also share with people he loved. In the summer of 2012, co-owners Pak Mogua and Oo Zeemin came up with the idea for PARC while sitting in what would eventually become the actual restaurant space. They designed PARC to be casual and affordable, and a friendly restaurant where everyone is welcome and can dine in comfort. PARC prides itself on serving authentic and homemade Korean dishes using the freshest ingredients with both modern and traditional cooking techniques. With a seasonal menu featuring the best of Korean cuisine, we hope you come and try our Korean Mother's Recipes & More. ""Parc is my favourite restaurant in Seoul."" -Sophie Hicks (Architect, London, UK dined more than 3 times) ""This is very warm energy you have here."" -Toni Alva (Legenday Skater, CA, USA dined twice)",https://dynamic-media-cdn.tripadvisor.com/media/photo-o/0a/56/2f/ac/about-parc-seoul.jpg?w=900&h=500&s=1,https://www.tripadvisor.com/Restaurant_Review-g294197-d6732749-Reviews-Parc-Seoul.html
3600756,Kyochon Chicken Hongdae Store,3381300,"362-15, Seogyo-dong, Mapo-gu",,37.551956,126.92285,"Asian, Korean",Sun 12:00~02:00 / Mon 12:00~02:00 / Tue 12:00~02:00 / Wed 12:00~02:00 / Thu 12:00~02:00 / Fri 12:00~02:00 / Sat 12:00~02:00,Accepts Credit Cards,https://dynamic-media-cdn.tripadvisor.com/media/photo-o/18/ef/f0/c7/photo2jpg.jpg?w=900&h=500&s=1,https://www.tripadvisor.com/Restaurant_Review-g294197-d3600756-Reviews-Kyochon_Chicken_Hongdae_Store-Seoul.html
4078612,Manjok Ohyang Jokbal City Hall,+82 2-753-4755,"134-10, Seosomun-ro, Jung-gu",04514,37.563328,126.97591,Korean,Sun 12:00~22:00 / Mon 11:30~22:00 / Tue 11:30~22:00 / Wed 11:30~22:00 / Thu 11:30~22:00 / Fri 11:30~22:00 / Sat 12:00~22:00,"Lunch, Dinner",https://dynamic-media-cdn.tripadvisor.com/media/photo-o/17/63/5f/a8/20190503-185621-largejpg.jpg?w=900&h=500&s=1,https://www.tripadvisor.com/Restaurant_Review-g294197-d4078612-Reviews-Manjok_Ohyang_Jokbal_City_Hall-Seoul.html
24181518,Fait Maison,+82 2-2092-6100,"209, Jamsil-ro, Songpa-gu 4F",05552,37.509075,127.08632,"French, European",Sun 06:30~22:00 / Mon 06:30~22:00 / Tue 06:30~22:00 / Wed 06:30~22:00 / Thu 06:30~22:00 / Fri 06:30~22:00 / Sat 06:30~22:00,Accepts Credit Cards,https://dynamic-media-cdn.tripadvisor.com/media/photo-o/29/dd/a5/d8/fait-maison.jpg?w=900&h=500&s=1,https://www.tripadvisor.com/Restaurant_Review-g294197-d24181518-Reviews-Fait_Maison-Seoul.html
27161879,Szimpatikus Seongsu Branch,0507-1337-7679,"6 Achasan-ro 3rd floor, Noudit Seoul Forest",,37.54781,127.045074,"Italian, European, Asian, Korean, Dining bars",Sun 11:30~15:30 / Sun 17:00~22:00 / Mon 11:00~15:00 / Mon 17:00~22:00 / Tue 11:00~15:00 / Tue 17:00~22:00 / Wed 11:00~15:00 / Wed 17:00~22:00 / Thu 11:00~15:00 / Thu 17:00~22:00 / Fri 11:00~15:00 / Fri 17:00~22:00 / Sat 11:30~15:30 / Sat 17:00~22:00,Fine casual restaurant serving European cuisine in an Asian style,https://dynamic-media-cdn.tripadvisor.com/media/photo-o/31/bd/4c/1b/caption.jpg?w=900&h=500&s=1,https://www.tripadvisor.com/Restaurant_Review-g294197-d27161879-Reviews-Szimpatikus_Seongsu_Branch-Seoul.html
31330814,The LifeStyle Kitchen Lottle World Mall,+82 2-3213-4533,"Olympic-ro, 300 5 Floor, Lotte World Mall, Songpa District",,37.513718,127.10366,"Italian, Steakhouse, Mediterranean, Healthy, Wine Bar",Sun 10:30~22:00 / Mon 10:30~22:00 / Tue 10:30~22:00 / Wed 10:30~22:00 / Thu 10:30~22:00 / Fri 10:30~22:00 / Sat 10:30~22:00,"Experience healthy dining at Lotte World Mall in Jamsil, where great flavors meet a stylish plant-inspired interior.",https://dynamic-media-cdn.tripadvisor.com/media/photo-o/33/73/58/f8/caption.jpg?w=900&h=500&s=1,https://www.tripadvisor.com/Restaurant_Review-g294197-d31330814-Reviews-The_LifeStyle_Kitchen_Lottle_World_Mall-Seoul.html
4075980,La Seine,+82 2-317-7171,"30, Eulji-ro, Jung-gu 1F, Lotte Hotel Seoul",04533,37.565277,126.98096,"Korean, Fusion",Sun 06:00~10:00 / Sun 11:30~13:30 / Sun 14:00~16:00 / Sun 17:30~19:30 / Sun 20:00~22:00 / Mon 06:00~10:00 / Mon 11:30~14:30 / Mon 18:00~22:00 / Tue 06:00~10:00 / Tue 11:30~14:30 / Tue 18:00~22:00 / Wed 06:00~10:00 / Wed 11:30~14:30 / Wed 18:00~22:00 / Thu 06:00~10:00 / Thu 11:30~14:30 / Thu 18:00~22:00 / Fri 06:00~10:00 / Fri 11:30~14:30 / Fri 18:00~22:00 / Sat 06:00~10:00 / Sat 11:30~13:30 / Sat 14:00~16:00 / Sat 17:30~19:30 / Sat 20:00~22:00,"Vegetarian friendly, Vegan options, Gluten free options",https://dynamic-media-cdn.tripadvisor.com/media/photo-o/2b/02/75/18/caption.jpg?w=900&h=500&s=1,https://www.tripadvisor.com/Restaurant_Review-g294197-d4075980-Reviews-La_Seine-Seoul.html
24637953,L'Espace,+82 2-2092-6104,"209, Jamsil-ro, Songpa-gu 6F Sofitel Ambassador Seoul Hotel",05552,37.516384,127.11036,"French, Bar, International, Pub",Sun 08:00~22:00 / Mon 10:00~22:00 / Tue 10:00~22:00 / Wed 10:00~22:00 / Thu 10:00~22:00 / Fri 10:00~22:00 / Sat 08:00~22:00,Accepts Credit Cards,https://dynamic-media-cdn.tripadvisor.com/media/photo-o/25/a2/8f/e6/l-espace-hall.jpg?w=900&h=500&s=1,https://www.tripadvisor.com/Restaurant_Review-g294197-d24637953-Reviews-L_Espace-Seoul.html
33106296,SMT Lounge The Hyundai Seoul Branch,+82 2-3277-0659,Yeoui-daero 6th Floor,,37.52652,126.92798,Fusion,Sun 10:30~22:00 / Mon 10:30~22:00 / Tue 10:30~22:00 / Wed 10:30~22:00 / Thu 10:30~22:00 / Fri 10:30~22:00 / Sat 10:30~22:00,"Lunch, Dinner",https://dynamic-media-cdn.tripadvisor.com/media/photo-o/2f/df/67/2c/caption.jpg?w=900&h=500&s=1,https://www.tripadvisor.com/Restaurant_Review-g294197-d33106296-Reviews-SMT_Lounge_The_Hyundai_Seoul_Branch-Seoul.html
28191952,Cheongdam Baeksong,+82 2-6958-9292,13 Dosan-daero 100-gil Gangnam-gu,,37.550262,126.997086,"Barbecue, Asian, Korean",Sun 11:15~22:00 / Mon 11:15~22:00 / Tue 11:15~22:00 / Wed 11:15~22:00 / Thu 11:15~22:00 / Fri 11:15~22:00 / Sat 11:15~22:00,"""Cheongdam Baeksong is a Korean BBQ restaurant near Cheongdam Station. It serves 1++ BMS No.9 grade Korean beef, aged for over 21 days for tenderness and flavor. The beef is famous for its rich marbling, making it especially juicy and delicious. Popular dishes include Seodae-sal, a chewy and flavorful meat grilled with the bone, and the 245 Set Menu, featuring premium cuts of beef. The beef Yukgaejang, a spicy beef soup with noodles, is also a customer favorite. The restaurant uses Binchotan charcoal and cast iron grills to keep the meat juicy. With over 20 private rooms, it offers grilling service, no corkage fee, valet parking, high chairs, and eco-friendly baby utensils, perfect for dates, family meals, and group gatherings.""",https://dynamic-media-cdn.tripadvisor.com/media/photo-o/2d/6c/ef/18/caption.jpg?w=900&h=500&s=1,https://www.tripadvisor.com/Restaurant_Review-g294197-d28191952-Reviews-Cheongdam_Baeksong-Seoul.html
27697272,Cafe Pokpo,,262-29 Yeonhui-ro Seodaemun-gu,03653,37.581264,126.93703,"Asian, Korean",Sun 10:00~21:00 / Mon 10:00~21:00 / Tue 10:00~21:00 / Wed 10:00~21:00 / Thu 10:00~21:00 / Fri 10:00~21:00 / Sat 10:00~21:00,"Lunch, Dinner",https://dynamic-media-cdn.tripadvisor.com/media/photo-o/2b/ee/1d/47/cafe-overlooking-the.jpg?w=900&h=500&s=1,https://www.tripadvisor.com/Restaurant_Review-g294197-d27697272-Reviews-Cafe_Pokpo-Seoul.html
2228966,Balwoo Gongyang,+82 2-733-2081,"56, Ujeongguk-ro, Jongno-gu 5F TempleStay Bldg.",03145,37.57388,126.98316,"Asian, Korean",Mon 11:30~15:00 / Mon 17:00~21:00 / Tue 11:30~15:00 / Tue 17:00~21:00 / Wed 11:30~15:00 / Wed 17:00~21:00 / Thu 11:30~15:00 / Thu 17:00~21:00 / Fri 11:30~15:00 / Fri 17:00~21:00 / Sat 11:30~15:00 / Sat 17:00~21:00,"Vegetarian friendly, Vegan options, Gluten free options",https://dynamic-media-cdn.tripadvisor.com/media/photo-o/10/bd/8c/88/caption.jpg?w=900&h=500&s=1,https://www.tripadvisor.com/Restaurant_Review-g294197-d2228966-Reviews-Balwoo_Gongyang-Seoul.html
7105808,Yang Good,+82 2-567-7060,"15, Nonhyeon-ro 95-gil, Gangnam-gu Pyeonghwa Bldg. 1F",06131,37.50211,127.03474,"Barbecue, Asian, Korean",Mon 16:00~23:00 / Tue 16:00~23:00 / Wed 16:00~23:00 / Thu 16:00~23:00 / Fri 16:00~23:00 / Sat 16:00~21:00,"Halal, Kosher, Gluten free options",https://dynamic-media-cdn.tripadvisor.com/media/photo-o/19/f6/ab/f5/caption.jpg?w=900&h=500&s=1,https://www.tripadvisor.com/Restaurant_Review-g294197-d7105808-Reviews-Yang_Good-Seoul.html
4171321,Brooklyn The Burger Joint,+82 2-533-7180,"51-13, Donggwang-ro 43-gil, Seocho-gu 1f",06579,37.497387,127.000626,"American, Fast Food, Diner",,"Lunch, Dinner",https://dynamic-media-cdn.tripadvisor.com/media/photo-o/11/2b/75/6a/the-servery.jpg?w=900&h=500&s=1,https://www.tripadvisor.com/Restaurant_Review-g294197-d4171321-Reviews-Brooklyn_The_Burger_Joint-Seoul.html
3616586,The Park View,+82 2-2230-3374,"202 Jangchung-dong, Jung-gu",04614,37.556103,127.00493,"International, Asian, Korean, Hong Kong",Sun 06:00~10:00 / Sun 11:00~13:00 / Sun 14:00~16:00 / Sun 17:00~19:00 / Sun 19:30~21:30 / Mon 06:00~10:00 / Mon 12:00~14:30 / Mon 18:00~21:30 / Tue 06:00~10:00 / Tue 12:00~14:30 / Tue 18:00~21:30 / Wed 06:00~10:00 / Wed 12:00~14:30 / Wed 18:00~21:30 / Thu 06:00~10:00 / Thu 12:00~14:30 / Thu 18:00~21:30 / Fri 06:00~10:00 / Fri 12:00~14:30 / Fri 17:00~19:00 / Fri 19:30~21:30 / Sat 06:00~10:00 / Sat 11:00~13:00 / Sat 14:00~16:00 / Sat 17:00~19:00 / Sat 19:30~21:30,"Vegetarian friendly, Vegan options, Gluten free options",https://dynamic-media-cdn.tripadvisor.com/media/photo-o/15/14/88/b0/the-park-view.jpg?w=900&h=500&s=1,https://www.tripadvisor.com/Restaurant_Review-g294197-d3616586-Reviews-The_Park_View-Seoul.html
2230268,Jin Ok Hwa Original Chicken Restaurant,+82 2-2275-9666,"18, Jong-ro 40ga-gil, Jongno-gu",03197,37.570297,127.00576,"Asian, Korean",Sun 10:30~01:00 / Mon 10:30~01:00 / Tue 10:30~01:00 / Wed 10:30~01:00 / Thu 10:30~01:00 / Fri 10:30~01:00 / Sat 10:30~01:00,"Lunch, Dinner, Late Night",https://dynamic-media-cdn.tripadvisor.com/media/photo-o/12/48/70/7c/photo1jpg.jpg?w=900&h=500&s=1,https://www.tripadvisor.com/Restaurant_Review-g294197-d2230268-Reviews-Jin_Ok_Hwa_Original_Chicken_Restaurant-Seoul.html
8380760,Côté Jardin,+82 10-5771-5072,"122-1 Bogwang-ro 1, 2층 ",04406,37.533737,126.99432,"French, Bar, European, Pub, Wine Bar, Gastropub",Sun 11:00~02:00 / Mon 11:00~02:00 / Tue 11:00~02:00 / Wed 11:00~02:00 / Thu 11:00~02:00 / Fri 11:00~03:00 / Sat 11:00~03:00,"Cote Jardin is a French bistro located at 122-1 Itaewon, Seoul. With a garden, a large bar, and cozy two-floor seating, it’s perfect for gatherings and parties. Enjoy home-style French cuisine with wine or cocktails.",https://dynamic-media-cdn.tripadvisor.com/media/photo-o/31/d5/90/71/first-floor-bar.jpg?w=900&h=500&s=1,https://www.tripadvisor.com/Restaurant_Review-g294197-d8380760-Reviews-Co_te_Jardin-Seoul.html
14969080,Gop - Mullae,+82 2-2633-5201,"34, Dangsan-ro, Yeongdeungpo-gu 1F",07297,37.517426,126.89648,"Barbecue, Asian, Korean",Sun 15:00~02:00 / Mon 15:00~02:00 / Tue 15:00~02:00 / Wed 15:00~02:00 / Thu 15:00~02:00 / Fri 15:00~02:00 / Sat 15:00~02:00,Accepts Credit Cards,https://dynamic-media-cdn.tripadvisor.com/media/photo-o/2a/c1/54/89/menu.jpg?w=900&h=500&s=1,https://www.tripadvisor.com/Restaurant_Review-g294197-d14969080-Reviews-Gop_Mullae-Seoul.html
6463321,BLT Steak,+82 2-2276-3330,"279, Cheonggyecheon-ro, Jongno-gu JW Marriott Dongdaemun Square Seoul",110-126,37.570293,127.00882,"American, Steakhouse, Grill",Mon 11:30~14:30 / Mon 18:00~22:00 / Tue 11:30~14:30 / Tue 18:00~22:00 / Wed 11:30~14:30 / Wed 18:00~22:00 / Thu 11:30~14:30 / Thu 18:00~22:00 / Fri 11:30~14:30 / Fri 18:00~22:00,"Digital Payments, Accepts credit cards: American Express, Discover, Mastercard, Visa",https://dynamic-media-cdn.tripadvisor.com/media/photo-o/05/a2/b4/bd/blt-steak.jpg?w=900&h=-1&s=1,https://www.tripadvisor.com/Restaurant_Review-g294197-d6463321-Reviews-BLT_Steak-Seoul.html
9565154,The Griffin Bar,+82 2-2276-3344,"279, Cheonggyecheon-ro, Jongno-gu 11F, JW Marriott Dongdaemun Square Seoul",03198,37.57037,127.0089,Bar,Sun 18:00~01:00 / Mon 18:00~01:00 / Tue 18:00~01:00 / Wed 18:00~01:00 / Thu 18:00~01:00 / Fri 18:00~01:00 / Sat 18:00~01:00,"Meet friends for craft cocktails, premium liquors and panoramic views of Seoul at the Griffin Bar, our stunning rooftop bar located on the eleventh floor of the JW Marriott Dongdaemun Square Seoul. Our sophisticated Dongdaemun rooftop bar boasts sweeping views of Seoul, designer cocktails and an international restaurant menu. The chic, welcoming ambiance is perfect for private events.",https://dynamic-media-cdn.tripadvisor.com/media/photo-o/28/2c/11/c9/the-griffin-terrace.jpg?w=900&h=500&s=1,https://www.tripadvisor.com/Restaurant_Review-g294197-d9565154-Reviews-The_Griffin_Bar-Seoul.html
27433088,Gowooga Gwanghwamun,+82 6205-9554,136 Sejong-Daero Jung-Gu,,37.568447,126.9777,"Japanese, Seafood, Barbecue, Asian, Korean, Japanese Fusion",Sun 11:30~22:00 / Mon 11:00~22:00 / Tue 11:00~22:00 / Wed 11:00~22:00 / Thu 11:00~22:00 / Fri 11:00~22:00 / Sat 11:30~22:00,"Gowooga Gwanghwamun is a premium Korean dining restaurant located in the heart of Gwanghwamun. The refined interior and private rooms make it an ideal venue for business meetings, company dinners, and important gatherings. With carefully selected top-grade Korean beef and a traditional Korean course meal, it offers a luxurious dining experience. Loved by professionals and food enthusiasts alike, it is also a perfect choice for family gatherings and anniversaries.",https://dynamic-media-cdn.tripadvisor.com/media/photo-o/2d/41/b8/61/caption.jpg?w=900&h=500&s=1,https://www.tripadvisor.com/Restaurant_Review-g294197-d27433088-Reviews-Gowooga_Gwanghwamun-Seoul.html
2170347,Jyoti Indian Restaurant,+82 2-703-3535,"6, Sinchon-ro 20-gil, Mapo-gu 3 Floor",04101,37.554913,126.93795,"Indian, Asian",Sun 11:00~22:00 / Mon 11:00~22:00 / Tue 11:00~22:00 / Wed 11:00~22:00 / Thu 11:00~22:00 / Fri 11:00~22:00 / Sat 11:00~22:00,We are established in early 2010 and successfully providing our best service to our locals and foreign visitors. We are specialist of Indian vegetarian and non Vegetarian mouth watering menus. By the continues support of our customers we are finally able to open our branch in seoul chungmuro. Thank you.,https://dynamic-media-cdn.tripadvisor.com/media/photo-o/0f/3f/75/02/caption.jpg?w=900&h=-1&s=1,https://www.tripadvisor.com/Restaurant_Review-g294197-d2170347-Reviews-Jyoti_Indian_Restaurant-Seoul.html
9171053,Jonny Dumpling,+82 2-790-8830,"5, Bogwang-ro 59-gil, Yongsan-gu Itaewon-dong",04391,37.533802,126.99207,"Chinese, International, Asian",Sun 11:30~21:30 / Mon 11:30~21:30 / Tue 11:30~21:30 / Wed 11:30~21:30 / Thu 11:30~21:30 / Fri 11:30~21:30 / Sat 11:30~21:30,Accepts credit cards: Visa,https://dynamic-media-cdn.tripadvisor.com/media/photo-o/19/58/80/b9/photo0jpg.jpg?w=900&h=500&s=1,https://www.tripadvisor.com/Restaurant_Review-g294197-d9171053-Reviews-Jonny_Dumpling-Seoul.html
7618191,EID - Halal Korean Food,+82 70-8899-8210,"67, Usadan-ro 10-gil, Yongsan-gu",04408,37.532322,126.9991,"Asian, Korean",Sun 11:30~21:00 / Mon 11:30~21:00 / Tue 11:30~21:00 / Wed 11:30~21:00 / Thu 11:30~21:00 / Fri 11:30~21:00 / Sat 11:30~21:00,"Halal, Gluten free options",https://dynamic-media-cdn.tripadvisor.com/media/photo-o/2a/fe/a9/d4/caption.jpg?w=900&h=500&s=1,https://www.tripadvisor.com/Restaurant_Review-g294197-d7618191-Reviews-EID_Halal_Korean_Food-Seoul.html
9213118,The King's,+82 2-2270-3121,"287, Dongho-ro, Jung-gu Ambassador Seoul - Pullman Hotel",04618,37.560013,127.00246,"Seafood, International",Sun 06:30~10:00 / Sun 11:30~13:30 / Sun 14:00~16:00 / Sun 18:00~21:30 / Mon 06:30~10:00 / Mon 12:00~14:30 / Mon 18:00~21:30 / Tue 06:30~10:00 / Tue 12:00~14:30 / Tue 18:00~21:30 / Wed 06:30~10:00 / Wed 12:00~14:30 / Wed 18:00~21:30 / Thu 06:30~10:00 / Thu 12:00~14:30 / Thu 18:00~21:30 / Fri 06:30~10:00 / Fri 12:00~14:30 / Fri 18:00~21:30 / Sat 06:30~10:00 / Sat 11:30~13:30 / Sat 14:00~16:00 / Sat 17:30~21:30,"THE KING’S is a premium live buffet featuring a wide variety of international dishes made of top-notch, seasonal ingredients. With an open kitchen in every section., THE KING’S offers a lively dining experience where you can enjoy its signature menus such as 72.8% oven pizza, pecking duck, seafood tower, fresh sushi and sashimi, as well as fire-grilled dishes such as lamb ribs, beef ribs and seafood.",https://dynamic-media-cdn.tripadvisor.com/media/photo-o/2e/d6/82/33/the-king-s.jpg?w=900&h=500&s=1,https://www.tripadvisor.com/Restaurant_Review-g294197-d9213118-Reviews-The_King_s-Seoul.html
26805070,Wolhwa Galbi,+82 2-2678-7592,"17, Gyeongin-ro 79-gil, Yeongdeungpo-gu First floor",07290,37.51331,126.89353,"Asian, Korean, Healthy",Sun 12:30~23:00 / Mon 16:00~23:00 / Tue 16:00~23:00 / Wed 16:00~23:00 / Thu 16:00~23:00 / Fri 16:00~23:00 / Sat 12:30~23:00,Accepts Credit Cards,https://dynamic-media-cdn.tripadvisor.com/media/photo-o/2a/c1/4d/d6/caption.jpg?w=900&h=500&s=1,https://www.tripadvisor.com/Restaurant_Review-g294197-d26805070-Reviews-Wolhwa_Galbi-Seoul.html
3923509,Osegyehyang,+82 2-735-7171,"14-5, Insadong 12-gil, Jongno-gu",03146,37.574635,126.98525,Korean,Sun 11:30~15:00 / Sun 17:00~21:00 / Mon 11:30~15:00 / Mon 17:00~21:00 / Tue 11:30~15:00 / Tue 17:00~21:00 / Wed 11:30~15:00 / Wed 17:00~21:00 / Fri 11:30~15:00 / Fri 17:00~21:00 / Sat 11:30~15:00 / Sat 17:00~21:00,"Vegetarian friendly, Vegan options, Gluten free options",https://dynamic-media-cdn.tripadvisor.com/media/photo-o/28/ba/d5/91/caption.jpg?w=900&h=500&s=1,https://www.tripadvisor.com/Restaurant_Review-g294197-d3923509-Reviews-Osegyehyang-Seoul.html
24827904,Latitude32,+82 2-2092-6108 ext. 09,"209, Jamsil-ro 32F",05552,37.509075,127.08632,"International, Healthy",Sun 17:00~01:00 / Mon 17:00~01:00 / Tue 17:00~01:00 / Wed 17:00~01:00 / Thu 17:00~01:00 / Fri 17:00~01:00 / Sat 17:00~01:00,Accepts Credit Cards,https://dynamic-media-cdn.tripadvisor.com/media/photo-o/29/db/8a/11/32-32-500-32.jpg?w=900&h=500&s=1,https://www.tripadvisor.com/Restaurant_Review-g294197-d24827904-Reviews-Latitude32-Seoul.html
7372732,Myth Jakbol - Seoul Hongdae Bonjeom,+82 2-337-2111,"123-1, Eoulmadang-ro, Mapo-gu 1F",04050,37.55569,126.92384,"Asian, Korean, Grill",,"Lunch, Dinner",https://dynamic-media-cdn.tripadvisor.com/media/photo-o/27/ac/c5/7a/interior.jpg?w=900&h=500&s=1,https://www.tripadvisor.com/Restaurant_Review-g294197-d7372732-Reviews-Myth_Jakbol_Seoul_Hongdae_Bonjeom-Seoul.html
7899589,Makan Halal Korean Restaurant,+82 2-6012-2231,"52 Usadan-ro 10 gil, Yongsan-gu",04407,37.532787,126.99802,Indonesian,Sun 10:30~22:00 / Mon 10:30~22:00 / Wed 10:30~22:00 / Thu 10:30~22:00 / Fri 10:30~22:00 / Sat 10:30~22:00,"In Itaewon, near Seoul central mosque. We offer korean cuisine respectuous of muslims foods restrictions, using only halal ingredients, to propose the korean food experience to muslims or the halal food one to others.",https://dynamic-media-cdn.tripadvisor.com/media/photo-o/07/a0/c9/a0/makan-halal-korean-restaurant.jpg?w=900&h=500&s=1,https://www.tripadvisor.com/Restaurant_Review-g294197-d7899589-Reviews-Makan_Halal_Korean_Restaurant-Seoul.html
12944747,Buddha's Belly Famille Station,+82 2-6282-1959,205 Sapyeong-daero,,37.503334,127.005,Thai,Sun 11:30~22:00 / Mon 11:30~22:00 / Tue 11:30~22:00 / Wed 11:30~22:00 / Thu 11:30~22:00 / Fri 11:30~22:30 / Sat 11:30~10:30,"Buddhas Valley Royal Club (Famille Station) is currently undergoing renovations and is scheduled to reopen in mid-July. For reservations, please visit Buddhas Valley Legacy (Itaewon). :) We apologize for any inconvenience, and we look forward to welcoming you back in better shape.",https://dynamic-media-cdn.tripadvisor.com/media/photo-o/2a/24/5d/f2/caption.jpg?w=900&h=500&s=1,https://www.tripadvisor.com/Restaurant_Review-g294197-d12944747-Reviews-Buddha_s_Belly_Famille_Station-Seoul.html
27128914,Hanyang Station,+82 2-6952-7225,"31-11, Wausan-ro 21-gil, Mapo-gu 1st floor of B-dong",04041,37.55198,126.9221,"Barbecue, Asian, Korean",,"Lunch, Dinner, Drinks",https://dynamic-media-cdn.tripadvisor.com/media/photo-o/2c/25/e8/21/6.jpg?w=800&h=500&s=1,https://www.tripadvisor.com/Restaurant_Review-g294197-d27128914-Reviews-Hanyang_Station-Seoul.html
7118098,Jyoti Restaurant Chungmuro,+82 2-2261-2912,"12-4, Seoae-ro, Jung-gu 2nd Floor",04624,37.56129,126.99796,"Indian, Asian, Nepali",Sun 11:00~22:30 / Mon 11:00~22:30 / Tue 11:00~22:30 / Wed 11:00~22:30 / Thu 11:00~22:30 / Fri 11:00~22:30 / Sat 11:00~22:30,"This restaurant is located back gate of Donguk university, 150 meter walking distance from Chungmuro station exit -1, and Daehan cinema Chungmuro, close to ambassador hotel and jael woman hospital. Dongdaemun shopping, history park, Myengdong shopping is nearby. Resaurant has 45+ seating capacity, free wifi, party organize, buffet on reservation . Vegetarian meal and non vegetarian meal will be served . Authentic Indian taste cooked by highly experienced chefs . All spices directly imported from India and Pakistan.",https://dynamic-media-cdn.tripadvisor.com/media/photo-o/06/ae/b9/c3/jyoti-restaurant-chungmuro.jpg?w=900&h=500&s=1,https://www.tripadvisor.com/Restaurant_Review-g294197-d7118098-Reviews-Jyoti_Restaurant_Chungmuro-Seoul.html
4414170,Kkanbu Chicken Samsung,+82 2-566-7088,"156-6, Samsung-dong, Gangnam-gu",,37.508694,127.05618,"Asian, Korean",Sat 15:00~22:00,"Lunch, Dinner",https://dynamic-media-cdn.tripadvisor.com/media/photo-o/2a/57/cc/e5/caption.jpg?w=900&h=500&s=1,https://www.tripadvisor.com/Restaurant_Review-g294197-d4414170-Reviews-Kkanbu_Chicken_Samsung-Seoul.html
3922605,Keunkiwajip,+82 2-722-9024,"20-7, Bukchon-ro, Jongno-gu",03059,37.579876,126.98162,Korean,Sun 17:00~21:00 / Tue 17:00~21:00 / Wed 17:00~21:00 / Thu 17:00~21:00 / Fri 17:00~21:00 / Sat 17:00~21:00,"Accepts credit cards: Mastercard, Visa",https://dynamic-media-cdn.tripadvisor.com/media/photo-o/0e/e5/57/cc/photo1jpg.jpg?w=900&h=500&s=1,https://www.tripadvisor.com/Restaurant_Review-g294197-d3922605-Reviews-Keunkiwajip-Seoul.html
12368526,Onion,+82 70-7816-2710,"8, Achasan-ro 9-gil, Seongdong-gu",04797,37.546463,127.05898,Street Food,,Vegetarian friendly,https://dynamic-media-cdn.tripadvisor.com/media/photo-o/11/97/65/61/onion.jpg?w=900&h=500&s=1,https://www.tripadvisor.com/Restaurant_Review-g294197-d12368526-Reviews-Onion-Seoul.html
33393803,Wooara Restaurant,+82 2-730-9554,50 Jong-ro 1-gil The Twin Towers K,,37.574768,126.979294,"Barbecue, Asian, Korean",Sun 11:30~22:00 / Mon 11:00~22:00 / Tue 11:00~22:00 / Wed 11:00~22:00 / Thu 11:00~22:00 / Fri 11:00~22:00 / Sat 11:30~22:00,"Wooara Gwanghwamun offers a refined Korean dining experience, combining premium Korean beef with fresh seafood. In its private dining rooms, guests can enjoy a well-crafted Korean course meal featuring beef omakase alongside seafood dishes. It is the perfect venue for business meetings, company dinners, anniversaries, and even formal occasions such as family introductions. Located near Anguk Station, Gyeongbokgung, and Gwanghwamun, Wooara has become a beloved destination for both professionals and food enthusiasts.",https://dynamic-media-cdn.tripadvisor.com/media/photo-o/2d/39/ff/8f/caption.jpg?w=900&h=500&s=1,https://www.tripadvisor.com/Restaurant_Review-g294197-d33393803-Reviews-Wooara_Restaurant-Seoul.html
3922956,Jamaejip,+82 2-2274-8344,"177 Jongno 4-ga, Jongno-gu",,37.570652,127.00001,"Asian, Korean",Tue 11:00~14:00 / Tue 15:00~21:50 / Wed 11:00~14:00 / Wed 15:00~21:50 / Thu 11:00~14:00 / Thu 15:00~21:50 / Fri 11:00~14:00 / Fri 15:00~21:50 / Sat 11:00~14:00 / Sat 15:00~21:50,Accepts Credit Cards,https://dynamic-media-cdn.tripadvisor.com/media/photo-o/08/49/1b/95/jamaejip.jpg?w=900&h=500&s=1,https://www.tripadvisor.com/Restaurant_Review-g294197-d3922956-Reviews-Jamaejip-Seoul.html
19625631,Rosso1924,+82 2-336-1924,,,,,,,"Vegetarian friendly, Vegan options",https://dynamic-media-cdn.tripadvisor.com/media/photo-o/1b/24/d5/c4/caption.jpg?w=700&h=400&s=1,https://www.tripadvisor.com/Restaurant_Review-g294197-d19625631-Reviews-Rosso1924-Seoul.html
26778142,Wolhwasikdang,+82 2-701-7592," 29, Dohwa-gil, Mapo-gu, Seoul, Republic of Korea 1, 2 Floor",04168,37.540943,126.949234,"Barbecue, Asian, Korean, Grill",Sun 11:30~22:00 / Mon 16:00~23:00 / Tue 16:00~23:00 / Wed 16:00~23:00 / Thu 16:00~23:00 / Fri 16:00~23:00 / Sat 11:30~22:00,Accepts Credit Cards,https://dynamic-media-cdn.tripadvisor.com/media/photo-o/2a/ad/1e/b6/caption.jpg?w=900&h=500&s=1,https://www.tripadvisor.com/Restaurant_Review-g294197-d26778142-Reviews-Wolhwasikdang-Seoul.html
34063756,Jang&paste,+82 2-743-7779,Donhwamunlo 11Dagil 38,,37.57378,126.99007,"Asian, Korean",Sun 11:00~22:00 / Mon 11:30~22:00 / Tue 11:30~22:00 / Wed 11:30~22:00 / Thu 11:30~22:00 / Fri 11:30~22:00 / Sat 11:00~22:00,"Lunch, Dinner",https://dynamic-media-cdn.tripadvisor.com/media/photo-o/33/34/a0/25/caption.jpg?w=900&h=500&s=1,https://www.tripadvisor.com/Restaurant_Review-g294197-d34063756-Reviews-Jang_paste-Seoul.html
14969059,Wolhwa Gogi - Bonjeom,+82 2-2671-7592,"34, Dangsan-ro, Yeongdeungpo-gu",07297,37.517426,126.89648,"Barbecue, Asian, Korean, Healthy",Sun 11:30~15:00 / Sun 16:00~22:30 / Mon 16:00~22:30 / Tue 16:00~22:30 / Wed 16:00~22:30 / Thu 16:00~22:30 / Fri 16:00~22:30 / Sat 11:30~15:00 / Sat 16:00~22:30,"Lunch, Dinner, Drinks",https://dynamic-media-cdn.tripadvisor.com/media/photo-o/2a/ae/bb/5b/1-2.jpg?w=900&h=500&s=1,https://www.tripadvisor.com/Restaurant_Review-g294197-d14969059-Reviews-Wolhwa_Gogi_Bonjeom-Seoul.html
10079161,BHC Chicken Myeongdong,+82 10-2076-9496,"21, Myeongdong 7-gil, Jung-gu Myeongdong Artnouveau Centum",04534,37.564575,126.983864,"Asian, Korean",Sun 12:00~23:00 / Mon 12:00~23:00 / Tue 12:00~23:00 / Wed 12:00~23:00 / Thu 12:00~23:00 / Fri 12:00~23:00 / Sat 12:00~23:00,"Lunch, Dinner",https://dynamic-media-cdn.tripadvisor.com/media/photo-o/2b/2e/aa/ea/caption.jpg?w=900&h=500&s=1,https://www.tripadvisor.com/Restaurant_Review-g294197-d10079161-Reviews-BHC_Chicken_Myeongdong-Seoul.html
10677791,Gold Pig Restaurant,+82 2-231-0561,"149, Dasan-ro, Jung-gu",04607,37.557003,127.0118,"Barbecue, Asian, Korean, Grill",Sun 11:30~23:00 / Mon 11:30~23:00 / Tue 11:30~23:00 / Wed 11:30~23:00 / Thu 11:30~23:00 / Fri 11:30~23:00 / Sat 11:30~23:00,"Accepts credit cards: Mastercard, Visa",https://dynamic-media-cdn.tripadvisor.com/media/photo-o/29/20/d1/35/caption.jpg?w=900&h=500&s=1,https://www.tripadvisor.com/Restaurant_Review-g294197-d10677791-Reviews-Gold_Pig_Restaurant-Seoul.html
4886861,Maple Tree House Samcheongdong,+82 2-730-7461,"31-1, Samcheong-dong, Jongno-gu",,37.586845,126.98184,"Barbecue, Asian, Korean",Sun 11:30~22:00 / Mon 11:30~15:00 / Mon 17:00~22:00 / Tue 11:30~15:00 / Tue 17:00~22:00 / Wed 11:30~15:00 / Wed 17:00~22:00 / Thu 11:30~15:00 / Thu 17:00~22:00 / Fri 11:30~15:00 / Fri 17:00~22:00 / Sat 11:30~22:00,"Lunch, Dinner",https://dynamic-media-cdn.tripadvisor.com/media/photo-o/0c/14/7a/0e/photo1jpg.jpg?w=900&h=500&s=1,https://www.tripadvisor.com/Restaurant_Review-g294197-d4886861-Reviews-Maple_Tree_House_Samcheongdong-Seoul.html
9205326,Yukjeon Sikdang - Main Store,+82 2-2253-6373,"16, Nangye-ro 30-gil, Dongdaemun-gu",02586,37.574448,127.02437,"Barbecue, Asian, Korean",Sun 11:00~23:00 / Mon 11:00~23:00 / Tue 11:00~23:00 / Wed 11:00~23:00 / Thu 11:00~23:00 / Fri 11:00~23:00 / Sat 11:00~23:00,"Lunch, Dinner",https://dynamic-media-cdn.tripadvisor.com/media/photo-o/1b/00/35/1e/caption.jpg?w=900&h=500&s=1,https://www.tripadvisor.com/Restaurant_Review-g294197-d9205326-Reviews-Yukjeon_Sikdang_Main_Store-Seoul.html
2476809,Vatos Urban Tacos Itaewon,+82 2-797-8226,"181-8, Itaewon-dong, Yongsan-gu",140-866,37.534306,126.99026,"Mexican, Southwestern, Latin, Fusion",Sun 11:30~23:00 / Mon 11:30~23:00 / Tue 11:30~23:00 / Wed 11:30~23:00 / Thu 11:30~23:00 / Fri 11:30~00:00 / Sat 11:30~00:00,"Vegetarian friendly, Vegan options, Gluten free options",https://dynamic-media-cdn.tripadvisor.com/media/photo-o/15/17/80/76/20181019-115339-largejpg.jpg?w=900&h=-1&s=1,https://www.tripadvisor.com/Restaurant_Review-g294197-d2476809-Reviews-Vatos_Urban_Tacos_Itaewon-Seoul.html
15513085,GRAIN SEOUL,+82 2-336-5559,"53 Yeonhui-ro 11ga-gil, Seodaemun-gu Get off at Yeonhui 104 Hill bus stop and walk 200m to the second floor across from the 24 E-Mart convenience store.",03707,37.566204,126.92735,"Cafe, European, Healthy, Scandinavian, Danish",Sun 09:00~17:30 / Mon 09:00~17:30 / Tue 09:00~17:30 / Wed 09:00~17:30 / Thu 09:00~17:30 / Fri 09:00~17:30 / Sat 09:00~17:30,Vegetarian friendly,https://dynamic-media-cdn.tripadvisor.com/media/photo-o/1b/07/e2/e8/everyone-cheer-up-let.jpg?w=900&h=500&s=1,https://www.tripadvisor.com/Restaurant_Review-g294197-d15513085-Reviews-GRAIN_SEOUL-Seoul.html
6165427,Mukshidonna Samcheongdong,+82 2-723-8089,"74-7, Yulgok-ro 3-gil, Jongno-gu",03061,37.579006,126.98253,Korean,Sun 11:00~21:00 / Mon 11:00~21:00 / Tue 11:00~21:00 / Wed 11:00~21:00 / Thu 11:00~21:00 / Fri 11:00~21:00 / Sat 11:00~21:00,"Lunch, Dinner",https://dynamic-media-cdn.tripadvisor.com/media/photo-o/1c/c5/db/41/caption.jpg?w=900&h=500&s=1,https://www.tripadvisor.com/Restaurant_Review-g294197-d6165427-Reviews-Mukshidonna_Samcheongdong-Seoul.html
12261567,Gurkha Indian Restaurant,+82 2-775-8860,"16-1, Myeongdong 10-gil, Jung-gu 5F",04536,37.56305,126.98522,"Indian, Nepali",Sun 11:00~22:45 / Mon 11:00~22:45 / Tue 11:00~22:45 / Wed 11:00~22:45 / Thu 11:00~22:45 / Fri 11:00~22:45 / Sat 11:00~22:45,"Gurkha Restaurant is located in Myeongdong, Seoul and is special for Indian, Nepalese, Chinese Halal food. We are always working hard to provide our customers with the best tasting food and services. We will continue to our hard work to give you guys the best of best treatment a restaurant can offer. Thank you.",https://dynamic-media-cdn.tripadvisor.com/media/photo-o/17/1d/74/51/photo1jpg.jpg?w=900&h=500&s=1,https://www.tripadvisor.com/Restaurant_Review-g294197-d12261567-Reviews-Gurkha_Indian_Restaurant-Seoul.html
28669446,Cheonggiwa Town Chungmuro ​​Branch,+82 2-2274-1474,Chungmu-ro 22-1 1st Floor,04556,37.563957,126.993,"Barbecue, Asian, Korean, Healthy",Sun 11:30~22:00 / Mon 11:30~15:00 / Mon 17:00~22:00 / Tue 11:30~15:00 / Tue 17:00~22:00 / Wed 11:30~15:00 / Wed 17:00~22:00 / Thu 11:30~15:00 / Thu 17:00~22:00 / Fri 11:30~15:00 / Fri 17:00~22:00 / Sat 11:30~22:00,"Lunch, Dinner",https://dynamic-media-cdn.tripadvisor.com/media/photo-o/2d/d8/f1/e3/caption.jpg?w=800&h=500&s=1,https://www.tripadvisor.com/Restaurant_Review-g294197-d28669446-Reviews-Cheonggiwa_Town_Chungmuro_Branch-Seoul.html
2228910,Yeonnamseo Sikdang,+82 2-716-2520,"189-7 Yeonhui-dong, Seodaemun-gu",,37.554085,126.93522,"Barbecue, Asian, Korean",Sun 12:00~21:00 / Mon 12:00~21:00 / Tue 12:00~21:00 / Wed 12:00~21:00 / Thu 12:00~21:00 / Fri 12:00~21:00 / Sat 12:00~21:00,"Lunch, Dinner",https://dynamic-media-cdn.tripadvisor.com/media/photo-o/1a/81/73/ee/photo7jpg.jpg?w=900&h=500&s=1,https://www.tripadvisor.com/Restaurant_Review-g294197-d2228910-Reviews-Yeonnamseo_Sikdang-Seoul.html
26997513,You Are What You Eat,+82 2-6002-3288,"513, Yeongdong-daero, Gangnam-gu B1",,37.51252,127.05882,"Italian, Asian, Korean, Fusion, Healthy",Sun 11:00~21:00 / Mon 11:00~21:00 / Tue 11:00~21:00 / Wed 11:00~21:00 / Thu 11:00~21:00 / Fri 11:00~21:00 / Sat 11:00~21:00,YOU ARE WHAT YOU EAT is a plant-based restaurant with a wide range of plant-based meal options. Enjoy our 100% plant-based menu made with plant-based meat and other fresh ingredients! YOU ARE WHAT YOU EAT is located within Starfield Coex mall.,https://dynamic-media-cdn.tripadvisor.com/media/photo-o/2f/8a/a5/e8/caption.jpg?w=700&h=400&s=1,https://www.tripadvisor.com/Restaurant_Review-g294197-d26997513-Reviews-You_Are_What_You_Eat-Seoul.html
4070952,N Grill,+82 2-3455-9297,"105 Namsangongwon-gil, Yongsan-gu 7F, N Seoul Tower",04340,37.551334,126.98825,"French, European, Grill",Sun 12:00~15:00 / Sun 17:00~22:30 / Mon 13:00~15:00 / Mon 17:00~22:00 / Tue 13:00~15:00 / Tue 17:00~22:00 / Wed 13:00~15:00 / Wed 17:00~22:00 / Thu 13:00~15:00 / Thu 17:00~22:00 / Fri 13:00~15:00 / Fri 17:00~22:00 / Sat 12:00~15:00 / Sat 17:00~22:30,High-quality French Quizin presented by Engril Chef himself! Engrill is a French restaurant with the highest view located in N Seoul Tower. Enjoy the nightlife of your loved ones with a creative French course. -Diner reservation information- *Operates weekend and holiday dinners in triplicate: Part 1-17:00 Part 2-19:00 Part 3-21:00 *Dinner two-part operation Friday: Part 1-18:00 Part 2-20:30 *No weekly dinner time limit,https://dynamic-media-cdn.tripadvisor.com/media/photo-o/1a/d0/64/41/caption.jpg?w=700&h=400&s=1,https://www.tripadvisor.com/Restaurant_Review-g294197-d4070952-Reviews-N_Grill-Seoul.html
26262526,Crab 52,+82 1644-2066,"511 Yeongdong-daero WTC Trade Tower, 52F",,37.51032,127.061005,"Seafood, Sushi, Asian, Korean, Grill, Wine Bar",Sun 12:00~15:00 / Sun 18:00~21:00 / Mon 12:00~15:00 / Mon 18:00~21:00 / Tue 12:00~15:00 / Tue 18:00~21:00 / Wed 12:00~15:00 / Wed 18:00~21:00 / Thu 12:00~15:00 / Thu 18:00~21:00 / Fri 12:00~15:00 / Fri 18:00~21:00 / Sat 12:00~15:00 / Sat 18:00~21:00,A high-end all-you-can-eat seafood/crab place,https://dynamic-media-cdn.tripadvisor.com/media/photo-o/29/a6/a4/cf/the-world-best-crustacean.jpg?w=900&h=500&s=1,https://www.tripadvisor.com/Restaurant_Review-g294197-d26262526-Reviews-Crab_52-Seoul.html
7748342,Mokmyeoksanbang,+82 2-318-4790,"71 Toegye-ro 20-gil, Namsandong 2-ga, Jung-gu 1F, Hannam Building",04629,37.555695,126.98563,"Seafood, Barbecue, Korean, Grill, Healthy",Sun 11:00~20:00 / Mon 11:00~20:00 / Tue 11:00~20:00 / Wed 11:00~20:00 / Thu 11:00~20:00 / Fri 11:00~20:00 / Sat 11:00~20:00,"Vegetarian friendly, Vegan options",https://dynamic-media-cdn.tripadvisor.com/media/photo-o/19/f9/98/0f/mok-myeok-san-bang.jpg?w=900&h=500&s=1,https://www.tripadvisor.com/Restaurant_Review-g294197-d7748342-Reviews-Mokmyeoksanbang-Seoul.html
4608689,Otsal Traditional Indian Restaurant Seoul National Univ.,+82 2-882-6527,"856-5 Bongcheon-dong, Gwanak-gu",,37.47983,126.95233,Indian,,"Vegetarian friendly, Vegan options",https://dynamic-media-cdn.tripadvisor.com/media/photo-o/07/37/37/2f/caption.jpg?w=900&h=500&s=1,https://www.tripadvisor.com/Restaurant_Review-g294197-d4608689-Reviews-Otsal_Traditional_Indian_Restaurant_Seoul_National_Univ-Seoul.html
25101005,Montsoop,+82 2-790-3905,"Hangang-daero 21-gil 1F, 17-7, Yongsan-gu",,37.52646,126.96392,"Asian, Korean",Sun 12:30~15:00 / Sun 18:00~22:00 / Wed 18:00~22:00 / Thu 18:00~22:00 / Fri 12:00~14:00 / Fri 18:00~22:00 / Sat 12:30~15:00 / Sat 18:00~22:00,Accepts Credit Cards,https://dynamic-media-cdn.tripadvisor.com/media/photo-o/29/f9/27/1e/cucumber-hanwoo-beef.jpg?w=900&h=500&s=1,https://www.tripadvisor.com/Restaurant_Review-g294197-d25101005-Reviews-Montsoop-Seoul.html
802826,Sanchon,+82 2-735-0312,"14, Gwanhun-dong, Jongno-gu",,37.573708,126.986145,"Asian, Korean",Sun 11:30~22:00 / Mon 11:30~22:00 / Tue 11:30~22:00 / Wed 11:30~22:00 / Thu 11:30~22:00 / Fri 11:30~22:00 / Sat 11:30~22:00,"Vegetarian friendly, Vegan options, Gluten free options",https://dynamic-media-cdn.tripadvisor.com/media/photo-o/19/c0/03/ec/sanchon.jpg?w=900&h=500&s=1,https://www.tripadvisor.com/Restaurant_Review-g294197-d802826-Reviews-Sanchon-Seoul.html
33405187,Sooda Samseong 1st Branch,+82 2-596-3584,53 Teheran-ro 87-gil,,37.511017,127.05732,"Japanese, Sushi, Asian, Korean, Beer restaurants, Japanese Fusion",Sun 16:00~02:00 / Mon 16:00~02:00 / Tue 16:00~02:00 / Wed 16:00~02:00 / Thu 16:00~02:00 / Fri 16:00~03:00 / Sat 16:00~03:00,"A valet system has also been introduced in addition to restaurants frequented by Japanese lovers, perfect for business, private, group meetings, and dating around COEX",https://dynamic-media-cdn.tripadvisor.com/media/photo-o/30/d9/65/70/this-is-izakaya-suda.jpg?w=900&h=500&s=1,https://www.tripadvisor.com/Restaurant_Review-g294197-d33405187-Reviews-Sooda_Samseong_1st_Branch-Seoul.html
7033805,Linus' Bama Style BBQ,+82 2-790-2920,"136-13, Itaewon-ro, Yongsan-gu Down the stairway next to McDonald's Itaewon, and straight back",04390,37.533775,126.98973,"American, Barbecue",Sun 12:00~21:00 / Mon 11:30~15:00 / Mon 17:00~21:00 / Tue 11:30~15:00 / Tue 17:00~21:00 / Wed 17:00~21:00 / Wed 23:30~15:00 / Thu 17:00~21:00 / Thu 23:30~15:00 / Fri 17:00~22:00 / Sat 12:00~22:00,"Accepts credit cards: Mastercard, Visa",https://dynamic-media-cdn.tripadvisor.com/media/photo-o/24/57/9b/78/linus-bama-style-bbq.jpg?w=900&h=500&s=1,https://www.tripadvisor.com/Restaurant_Review-g294197-d7033805-Reviews-Linus_Bama_Style_BBQ-Seoul.html
1800094,Gamekol Son Wangmandu,+82 2-755-2569,"60-2 Namchang-dong, Jung-gu",,37.558426,126.977264,"Fast Food, Asian, Korean",,"Breakfast, Lunch, Brunch",https://dynamic-media-cdn.tripadvisor.com/media/photo-o/05/e8/23/2d/caption.jpg?w=900&h=500&s=1,https://www.tripadvisor.com/Restaurant_Review-g294197-d1800094-Reviews-Gamekol_Son_Wangmandu-Seoul.html
21127142,Blind Spot,+82 2-2076-2051,1F,04392,37.528515,126.99312,"Bar, Cafe, European, Wine Bar",Sun 10:00~22:00 / Mon 10:00~22:00 / Tue 10:00~22:00 / Wed 10:00~22:00 / Thu 10:00~22:00 / Fri 10:00~22:00 / Sat 10:00~22:00,"Blind Spot is a venue that's just as good in the morning as it is late at night. While signature 'forest and seasonal-inspired' teas are served during the day, it takes on a different life at night. As evening falls, Blind Spot offers a range of bespoke and signature cocktails that are bursting with flavors. So no matter what time you visit, it's the perfect place to meet up and enjoy a drink.",https://dynamic-media-cdn.tripadvisor.com/media/photo-o/1c/2c/71/a3/blind-spot.jpg?w=900&h=500&s=1,https://www.tripadvisor.com/Restaurant_Review-g294197-d21127142-Reviews-Blind_Spot-Seoul.html
7939841,Pizzeria'o,+82 2-3673-5005,"48, Dongsung-gil, Jongno-gu",03088,37.580383,127.00448,"Italian, Pizza, European",Sun 11:30~22:00 / Mon 11:30~22:00 / Tue 11:30~22:00 / Wed 11:30~22:00 / Thu 11:30~22:00 / Fri 11:30~22:00 / Sat 11:30~22:00,"Digital Payments, Accepts credit cards: Mastercard, Visa",https://dynamic-media-cdn.tripadvisor.com/media/photo-o/2c/61/74/6d/caption.jpg?w=900&h=500&s=1,https://www.tripadvisor.com/Restaurant_Review-g294197-d7939841-Reviews-Pizzeria_o-Seoul.html
10676592,Boccalino,+82 2-6388-5500,"97 Saemunan-ro, Jongno-gu Four Seasons Hotel 2F",03183,37.570305,126.97544,"Italian, European",Sun 11:00~14:30 / Sun 17:30~21:30 / Mon 11:00~14:30 / Mon 17:30~21:30 / Tue 11:00~14:30 / Tue 17:30~21:30 / Wed 11:00~14:30 / Wed 17:30~21:30 / Thu 11:00~14:30 / Thu 17:30~21:30 / Fri 11:00~14:30 / Fri 17:30~21:30 / Sat 11:00~14:30 / Sat 17:30~21:30,"Boccalino at Four Seasons Hotel Seoul offers an authentic Italian dining experience in Seoul. Sun-drenched marble walls, gleaming metal accents and cognac leather banquettes set the scene for contemporary renditions of classic southern Italian dishes, prepared with passion and showmanship in the open kitchen. Head Chef Ivan Spadaro brings the vibrant flavours of the Mediterranean to life with cherished family recipes and seasonal ingredients. The menu features pasta, pizza and weekend brunch, making Boccalino a fitting choice for a romantic dinner, business lunch or relaxed weekend meal. 포시즌스 호텔 서울의 보칼리노는 현대적인 감각으로 재해석한 남부 이탈리아 요리를 선보이는 이탈리안 레스토랑입니다. 파스타, 피자, 주말 브런치와 함께 셰프 이반 스파다로의 계절감 있는 메뉴와 지중해의 풍미를 밝고 활기찬 분위기 속에서 즐길 수 있습니다.",https://dynamic-media-cdn.tripadvisor.com/media/photo-o/14/74/93/b6/interior.jpg?w=900&h=500&s=1,https://www.tripadvisor.com/Restaurant_Review-g294197-d10676592-Reviews-Boccalino-Seoul.html
26379212,Ondaljip Hongik University,+82 2-332-4936,"9, Zandari-ro, Mapo-gu 1/f",,37.55058,126.921974,"Asian, Korean, Deli, Grill, Pub, Fusion",Sun 17:00~05:00 / Mon 17:00~05:00 / Tue 17:00~05:00 / Wed 17:00~05:00 / Thu 17:00~05:00 / Fri 16:30~06:00 / Sat 16:30~06:00,Accepts Credit Cards,https://dynamic-media-cdn.tripadvisor.com/media/photo-o/29/e5/47/2f/caption.jpg?w=900&h=500&s=1,https://www.tripadvisor.com/Restaurant_Review-g294197-d26379212-Reviews-Ondaljip_Hongik_University-Seoul.html
1648952,Bonjuk Myeongdong,+82 2-755-3562,"65-2 Chungmuro 2-ga, Jung-gu",,37.561535,126.98538,"Asian, Korean",Sun 09:00~22:00 / Mon 09:00~22:00 / Tue 09:00~22:00 / Wed 09:00~22:00 / Thu 09:00~22:00 / Fri 09:00~22:00 / Sat 09:00~22:00,"Vegetarian friendly, Vegan options",https://dynamic-media-cdn.tripadvisor.com/media/photo-o/11/6f/72/7f/photo0jpg.jpg?w=900&h=500&s=1,https://www.tripadvisor.com/Restaurant_Review-g294197-d1648952-Reviews-Bonjuk_Myeongdong-Seoul.html
26392614,Myeongdong Korean Bbq All You Can Eat Pig Company,+82 2-318-2990,"44, Myeongdong 3-gil 3rd Floor",,37.565697,126.98367,"Asian, Korean",Sun 11:30~23:30 / Mon 11:30~23:30 / Tue 11:30~23:30 / Wed 11:30~23:30 / Thu 11:30~23:30 / Fri 11:30~23:30 / Sat 11:30~23:30,"Digital Payments, Accepts credit cards: American Express, Mastercard, Visa",https://dynamic-media-cdn.tripadvisor.com/media/photo-o/29/d3/fe/12/caption.jpg?w=900&h=500&s=1,https://www.tripadvisor.com/Restaurant_Review-g294197-d26392614-Reviews-Myeongdong_Korean_Bbq_All_You_Can_Eat_Pig_Company-Seoul.html
6787551,Spacca Napoli,+82 2-326-2323,"28, Yanghwa-ro 6-gil, Mapo-gu",04046,37.54898,126.915665,"Italian, Pizza, Neapolitan, Campania, Southern-Italian",Sun 11:30~22:00 / Tue 11:30~15:00 / Tue 17:00~22:00 / Wed 11:30~15:00 / Wed 17:00~22:00 / Thu 11:30~15:00 / Thu 17:00~22:00 / Fri 11:30~15:00 / Fri 17:00~22:00 / Sat 11:30~22:00,"Vegetarian friendly, Vegan options",https://dynamic-media-cdn.tripadvisor.com/media/photo-o/09/64/d1/f2/caption.jpg?w=900&h=-1&s=1,https://www.tripadvisor.com/Restaurant_Review-g294197-d6787551-Reviews-Spacca_Napoli-Seoul.html
14901544,MOBO Bar,+82 2-6282-6739,"176 Sinbanpo-ro, Seocho-gu 7th Floor",06546,37.5039,127.00474,"Bar, Pub, Wine Bar, Dining bars",Mon 18:00~00:00 / Tue 18:00~00:00,"Relax after a busy day at MOBO Bar in Gangnam, Seoul, a respite featuring a range of wines and beers, along with craft cocktails concocted by mixologists using premium liquors and fresh homemade ingredients. Featuring outdoor seating and greenhouse.",https://dynamic-media-cdn.tripadvisor.com/media/photo-o/15/44/0b/8c/mobo-bar-is-our-contemporary.jpg?w=900&h=500&s=1,https://www.tripadvisor.com/Restaurant_Review-g294197-d14901544-Reviews-MOBO_Bar-Seoul.html
11950049,Busan Jib Restaurant - Halal,+82 2-777-8660,"11-4, 8 Myeongdong-gil, Jung-gu",04536,37.563168,126.984856,"Asian, Korean",Sun 10:00~22:00 / Mon 10:00~22:00 / Tue 10:00~22:00 / Wed 10:00~22:00 / Thu 10:00~22:00 / Fri 10:00~22:00 / Sat 10:00~22:00,"Vegetarian friendly, Halal",https://dynamic-media-cdn.tripadvisor.com/media/photo-o/11/85/de/37/photo0jpg.jpg?w=900&h=500&s=1,https://www.tripadvisor.com/Restaurant_Review-g294197-d11950049-Reviews-Busan_Jib_Restaurant_Halal-Seoul.html
12250577,Buchon Yukhoe,+82 2-2267-1831,"200-12, Jong-ro, Jongno-gu",03195,37.570343,126.99991,Korean,Sun 09:00~22:00 / Mon 09:00~16:00 / Mon 17:00~23:00 / Tue 09:00~16:00 / Tue 17:00~23:00 / Wed 09:00~16:00 / Wed 17:00~23:00 / Thu 09:00~16:00 / Thu 17:00~23:00 / Fri 09:00~16:00 / Fri 17:00~23:00 / Sat 09:00~23:00,Accepts Credit Cards,https://dynamic-media-cdn.tripadvisor.com/media/photo-o/1a/fd/dd/3a/buchon-yukhoe.jpg?w=900&h=500&s=1,https://www.tripadvisor.com/Restaurant_Review-g294197-d12250577-Reviews-Buchon_Yukhoe-Seoul.html
33039774,Gowooga Yeoksam Station Branch,+82 2-555-9554,"#8 Teheran-ro Basement 1, 152 KR, Gangnam-gu",06236,37.50003,127.03652,"Barbecue, Asian, Korean",Sun 11:30~22:00 / Mon 11:00~22:00 / Tue 11:00~22:00 / Wed 11:00~22:00 / Thu 11:00~22:00 / Fri 11:00~22:00 / Sat 11:30~22:00,"Gowooga Yeoksam is a premium Korean beef dining restaurant located in the heart of Gangnam. Guests can enjoy a Korean beef omakase in stylish private rooms, making it an excellent choice for business meetings, corporate dinners, and important client receptions. The menu, composed of the finest Korean beef and authentic Korean courses, delivers an elegant dining experience. Recognized as one of Gangnam’s signature Korean beef restaurants, it is also well-suited for anniversaries and family gatherings.",https://dynamic-media-cdn.tripadvisor.com/media/photo-o/2f/7c/5a/eb/caption.jpg?w=900&h=500&s=1,https://www.tripadvisor.com/Restaurant_Review-g294197-d33039774-Reviews-Gowooga_Yeoksam_Station_Branch-Seoul.html
8135346,Brera,+82 2-2236-0770,"41, Dasan-ro, Jung-gu",04600,37.548065,127.00717,Italian,,"Vegetarian friendly, Vegan options",https://dynamic-media-cdn.tripadvisor.com/media/photo-o/0f/65/6d/55/photo2jpg.jpg?w=900&h=500&s=1,https://www.tripadvisor.com/Restaurant_Review-g294197-d8135346-Reviews-Brera-Seoul.html
4105590,HanCook N Seoul Tower,+82 2-3455-9292,"126, Namsangongwon-gil, Yongsan-gu",04340,37.55127,126.988335,"Asian, Korean",Sun 12:00~16:00 / Sun 18:00~22:00 / Mon 12:00~16:00 / Mon 18:00~22:00 / Tue 12:00~16:00 / Tue 18:00~22:00 / Wed 12:00~16:00 / Wed 18:00~22:00 / Thu 12:00~16:00 / Thu 18:00~22:00 / Fri 12:00~16:00 / Fri 18:00~22:00 / Sat 12:00~16:00 / Sat 18:00~22:00,Vegetarian friendly,https://dynamic-media-cdn.tripadvisor.com/media/photo-o/0b/8d/4c/47/caption.jpg?w=700&h=400&s=1,https://www.tripadvisor.com/Restaurant_Review-g294197-d4105590-Reviews-HanCook_N_Seoul_Tower-Seoul.html
10133954,Ipanema Grill,+82 2-365-6118,6 Yonsei-ro 4-gil Seodaemun-gu,03779,37.556885,126.93734,"Steakhouse, Brazilian, Barbecue, Spanish, Grill",Sun 12:00~22:00 / Mon 11:30~22:30 / Wed 11:30~22:30 / Thu 11:30~22:30 / Fri 11:30~22:30 / Sat 12:00~22:00,Brazilian steak house in Seoul,https://dynamic-media-cdn.tripadvisor.com/media/photo-o/1c/a1/7f/03/ipanemagrill-sincon.jpg?w=900&h=500&s=1,https://www.tripadvisor.com/Restaurant_Review-g294197-d10133954-Reviews-Ipanema_Grill-Seoul.html
33020173,Udaegalbioflegend Gangnam,+82 2-566-9050,819 Yeoksam-dong,06134,37.499165,127.02816,Barbecue,Sun 11:10~21:50 / Mon 11:10~21:50 / Tue 11:10~21:50 / Wed 11:10~21:50 / Thu 11:10~21:50 / Fri 11:10~21:50 / Sat 11:10~21:50,"Accepts credit cards: American Express, Discover, Mastercard, Visa",https://dynamic-media-cdn.tripadvisor.com/media/photo-o/2f/65/06/1c/caption.jpg?w=900&h=500&s=1,https://www.tripadvisor.com/Restaurant_Review-g294197-d33020173-Reviews-Udaegalbioflegend_Gangnam-Seoul.html
27799148,Seoryung Seoul Station,+82 10-3474-8766,10 Sowol-ro Danam Tower 1st Floor,04527,37.558548,126.97546,"Asian, Korean, Healthy",Sun 11:00~21:30 / Mon 11:00~21:30 / Tue 11:00~21:30 / Wed 11:00~21:30 / Thu 11:00~21:30 / Fri 11:00~21:30 / Sat 11:00~21:30,"Seoryung is a traditional Korean restaurant specializing in Pyongyang-style cold noodles (naengmyeon), known for its crystal-clear and deep beef broth, hand-pulled 100% buckwheat noodles, and warm, attentive service. Located near Seoul Station, Namdaemun, Myeongdong, it offers a peaceful dining experience with authentic flavors rooted in heritage. In addition to its signature naengmyeon, Seoryung also serves tender, top-grade Korean beef bulgogi made from premium sirloin, grilled to perfection for a rich and savory experience. It promises an enjoyable culinary journey where you can savor traditional Korean dishes in a setting that blends timeless elegance with modern design.",https://dynamic-media-cdn.tripadvisor.com/media/photo-o/32/52/7d/1b/korean-traditional-resaturant.jpg?w=900&h=-1&s=1,https://www.tripadvisor.com/Restaurant_Review-g294197-d27799148-Reviews-Seoryung_Seoul_Station-Seoul.html
17613351,Food Exchange - Novotel Ambassador Dongdaemun,+82 2-3425-8100,238 Eulji-ro Jung Gu,04561,37.566387,127.0044,"International, Asian, Korean, Contemporary, Fusion",Sun 06:30~22:00 / Mon 06:30~23:00 / Tue 06:30~23:00 / Wed 06:30~23:00 / Thu 06:30~23:00 / Fri 06:30~22:00 / Sat 06:30~22:00,The Food Exchange is a premium buffet restaurant where guests can experience a modern reinterpretation of various dishes from around the world with a wonderful view of Central Seoul in a modern atmosphere. Private dining rooms are available for special occasions or meetings.,https://dynamic-media-cdn.tripadvisor.com/media/photo-o/29/ba/65/45/caption.jpg?w=900&h=500&s=1,https://www.tripadvisor.com/Restaurant_Review-g294197-d17613351-Reviews-Food_Exchange_Novotel_Ambassador_Dongdaemun-Seoul.html
25302376,Spill Out,+82 70-8691-1474,6-5 Donggyo-ro 38-gil,,37.56171,126.92484,"Italian, American, Bar, Pizza, Pub, Dining bars, Beer restaurants",Sun 12:00~23:00 / Mon 12:00~00:00 / Tue 12:00~00:00 / Wed 12:00~00:00 / Thu 12:00~00:00 / Fri 12:00~02:00 / Sat 12:00~02:00,Authentic New Jersey style pizza and a great bar with patio seating. Open every day at noon and until late on weekends.,https://dynamic-media-cdn.tripadvisor.com/media/photo-o/32/c7/f8/c9/pepperoni.jpg?w=900&h=500&s=1,https://www.tripadvisor.com/Restaurant_Review-g294197-d25302376-Reviews-Spill_Out-Seoul.html
27491337,Cheongsudang Café,,"31-9 Donhwamun-ro 11na-gil, Jongno-gu",,37.53962,127.009674,Cafe,Sun 10:30~20:30 / Mon 10:30~20:30 / Tue 10:30~20:30 / Wed 10:30~20:30 / Thu 10:30~20:30 / Fri 10:30~20:30 / Sat 10:30~20:30,"Lunch, Dinner",https://dynamic-media-cdn.tripadvisor.com/media/photo-o/2b/eb/0a/63/caption.jpg?w=900&h=500&s=1,https://www.tripadvisor.com/Restaurant_Review-g294197-d27491337-Reviews-Cheongsudang_Cafe-Seoul.html
2330577,Braai Republic,+82 70-8879-1967,"19, Itaewon-ro 14-gil, Yongsan-gu",04391,37.5336,126.99068,"African, Barbecue",Sun 12:00~20:00 / Mon 17:00~20:00 / Tue 17:00~20:00 / Wed 17:00~20:00 / Thu 17:00~20:00 / Fri 12:00~20:00 / Sat 12:00~20:00,"Braai Republic serves South African home-style cooking, focusing on our own homemade sausages including boerewors, lamb chops and freshly-baked meat pies. Kitchen hours: (Monday 5PM) (Tuesday to Sunday 12PM - 9PM) Atmosphere: Open kitchen and Casual Tip: Come before 6PM - even on week days we get busy early!",https://dynamic-media-cdn.tripadvisor.com/media/photo-o/17/e1/a5/be/meat-platter.jpg?w=900&h=500&s=1,https://www.tripadvisor.com/Restaurant_Review-g294197-d2330577-Reviews-Braai_Republic-Seoul.html
810850,Samwon Garden Main Store,+82 2-548-3030,"835, Eonju-ro, Gangnam-gu",06023,37.524925,127.03259,"Barbecue, Asian, Korean",Sun 17:00~21:00 / Mon 17:00~22:00 / Tue 17:00~22:00 / Wed 17:00~22:00 / Thu 17:00~22:00 / Fri 17:00~22:00 / Sat 17:00~22:00,"Digital Payments, Accepts credit cards: American Express, Mastercard",https://dynamic-media-cdn.tripadvisor.com/media/photo-o/28/d0/3f/31/caption.jpg?w=900&h=500&s=1,https://www.tripadvisor.com/Restaurant_Review-g294197-d810850-Reviews-Samwon_Garden_Main_Store-Seoul.html
28276341,Kim Tae-wan Sushi Mapo Main Branch,+82 10-7466-3442,"Samgae-ro, 7 1st Floor",04172,37.540707,126.94794,"Japanese, Sushi",Sun 11:00~22:00 / Mon 11:00~22:00 / Tue 11:00~22:00 / Wed 11:00~22:00 / Thu 11:00~22:00 / Fri 11:00~22:00 / Sat 11:00~22:00,"Lunch, Dinner",https://dynamic-media-cdn.tripadvisor.com/media/photo-o/2d/b4/fb/44/caption.jpg?w=900&h=500&s=1,https://www.tripadvisor.com/Restaurant_Review-g294197-d28276341-Reviews-Kim_Tae_wan_Sushi_Mapo_Main_Branch-Seoul.html
1892430,Hamheung myeonok,+82 2-776-8430,"26-1 Myeong-dong 2-ga, Jung-gu",,37.56272,126.985466,"Asian, Korean",Sun 09:30~22:00 / Mon 09:30~22:00 / Tue 09:30~22:00 / Wed 09:30~22:00 / Thu 09:30~22:00 / Fri 09:30~22:00 / Sat 09:30~22:00,"Lunch, Dinner, Brunch",https://dynamic-media-cdn.tripadvisor.com/media/photo-o/0a/42/40/f0/caption.jpg?w=900&h=500&s=1,https://www.tripadvisor.com/Restaurant_Review-g294197-d1892430-Reviews-Hamheung_myeonok-Seoul.html
7062406,Jalppajin Memil seochon,+82 70-4142-1214,"41-1, Jahamun-ro, Jongno-gu",03036,37.579723,126.97111,"Asian, Korean",,Profesional buckwheat house.Main dishes. Buckwheat noddleBuckwheat BIG dumpling.Herbal boiled pork. 15 type of makgulli. we are making dough by ourselve and serving fresh noddles. vegan food also have.,https://dynamic-media-cdn.tripadvisor.com/media/photo-o/10/cd/5f/e1/sept-2017.jpg?w=900&h=500&s=1,https://www.tripadvisor.com/Restaurant_Review-g294197-d7062406-Reviews-Jalppajin_Memil_seochon-Seoul.html
14832409,The Lounge,+82 2-6282-6735,"176 Sinbanpo-ro, Seocho-gu 8th Floor",06546,37.50391,127.004745,"Chinese, Cafe, Asian, Healthy, Wine Bar",Sun 08:00~22:00 / Mon 08:00~22:00 / Tue 08:00~22:00 / Wed 08:00~22:00 / Thu 08:00~22:00 / Fri 08:00~22:00 / Sat 08:00~22:00,"An atmospheric contemporary lounge combining Korean interior design elements, soaring ceilings and stunning city views. Daytime offerings include afternoon tea, a range of desserts, and premium coffee and teas, complemented by wines and cocktails in the evening.",https://dynamic-media-cdn.tripadvisor.com/media/photo-o/1d/3f/de/be/caption.jpg?w=900&h=500&s=1,https://www.tripadvisor.com/Restaurant_Review-g294197-d14832409-Reviews-The_Lounge-Seoul.html
2248137,Wonjo WonHalmae Dakhanmari,+82 2-2279-2078,"25, Jong-ro 40ga-gil, Jongno-gu",03197,37.57029,127.005325,"Korean, Soups, Asian",Sun 11:00~23:00 / Mon 11:00~23:00 / Tue 11:00~23:00 / Wed 11:00~23:00 / Thu 11:00~23:00 / Fri 11:00~23:00 / Sat 11:00~23:00,"Lunch, Dinner",https://dynamic-media-cdn.tripadvisor.com/media/photo-o/28/6b/eb/49/caption.jpg?w=900&h=500&s=1,https://www.tripadvisor.com/Restaurant_Review-g294197-d2248137-Reviews-Wonjo_WonHalmae_Dakhanmari-Seoul.html
13875612,Gangnam Myeonok Myeongdong,+82 2-3789-7117,"8, Myeongdong 7-gil, Jung-gu 5F Milae Building",04534,37.564133,126.98454,"Barbecue, Korean",,Dinner,https://dynamic-media-cdn.tripadvisor.com/media/photo-o/18/41/38/32/photo0jpg.jpg?w=900&h=500&s=1,https://www.tripadvisor.com/Restaurant_Review-g294197-d13875612-Reviews-Gangnam_Myeonok_Myeongdong-Seoul.html
8024262,Din Tai Fung Myeongdong Jungang,+82 2-3789-2778,"13, Myeongdong 7-gil, Jung-gu 2F, Jeungkwon Bldg.",04534,37.564564,126.98383,"Chinese, Asian, Taiwanese",Sun 11:00~21:00 / Mon 11:00~21:00 / Tue 11:00~21:00 / Wed 11:00~21:00 / Thu 11:00~21:00 / Fri 11:00~21:00 / Sat 11:00~21:00,"Lunch, Dinner",https://dynamic-media-cdn.tripadvisor.com/media/photo-o/10/9a/2b/af/photo1jpg.jpg?w=900&h=500&s=1,https://www.tripadvisor.com/Restaurant_Review-g294197-d8024262-Reviews-Din_Tai_Fung_Myeongdong_Jungang-Seoul.html
34112749,On:table,+82 2-3430-8585,"524 Bongeunsa-ro, Gangnam District The Westin Seoul Parnas",,37.566,126.9784,"Seafood, International, Asian",Sun 06:30~22:00 / Mon 06:30~22:00 / Tue 06:30~22:00 / Wed 06:30~22:00 / Thu 06:30~22:00 / Fri 06:30~22:00 / Sat 06:30~22:00,"Experience a sophisticated culinary feast at ON:TABLE, a premium wellness dining restaurant inspired by the rhythm of the seasons. Enjoy seasonal special menus reflecting wellness values that balance body and mind, diverse live stations, and personalized breakfast options offering a harmonious blend of tastes and experiences.",https://dynamic-media-cdn.tripadvisor.com/media/photo-o/32/31/5e/27/on-table-restaurant.jpg?w=900&h=-1&s=1,https://www.tripadvisor.com/Restaurant_Review-g294197-d34112749-Reviews-On_table-Seoul.html
4784252,Kervan Turkish Restaurant Itaewon,+82 2-792-4767,"192, Itaewon-ro, Yongsan-gu",04406,37.534576,126.99523,"Mediterranean, Turkish, Middle Eastern",Sun 11:30~23:00 / Mon 11:30~23:00 / Tue 11:30~23:00 / Wed 11:30~23:00 / Thu 11:30~23:00 / Fri 11:30~23:00 / Sat 11:30~23:00,"Vegetarian friendly, Halal",https://dynamic-media-cdn.tripadvisor.com/media/photo-o/09/d3/70/15/kervan-turkish-restaurant.jpg?w=900&h=-1&s=1,https://www.tripadvisor.com/Restaurant_Review-g294197-d4784252-Reviews-Kervan_Turkish_Restaurant_Itaewon-Seoul.html
1144379,Top Cloud Grill & Cafe,+82 2-2230-3000,"Jongno Tower 33F, 6, Jongno 2-ga, Jongno-gu",,37.570526,126.983536,European,Sun 12:00~14:00 / Sun 18:00~22:00 / Mon 12:00~14:00 / Mon 18:00~22:00 / Tue 12:00~14:00 / Tue 18:00~22:00 / Wed 12:00~14:00 / Wed 18:00~22:00 / Thu 12:00~14:00 / Thu 18:00~22:00 / Fri 12:00~14:00 / Fri 18:00~22:00 / Sat 12:00~14:00 / Sat 18:00~22:00,"Lunch, Dinner, Brunch",https://dynamic-media-cdn.tripadvisor.com/media/photo-o/09/e6/44/7f/caption.jpg?w=900&h=500&s=1,https://www.tripadvisor.com/Restaurant_Review-g294197-d1144379-Reviews-Top_Cloud_Grill_Cafe-Seoul.html
26286777,Confier,+82 70-5173-0591,"2nd Basement Floor, Grand Central, 14, Sejong-daero, Jung-gu",,37.557877,126.97438,"French, International, Asian, Korean, Fusion",Sun 12:00~21:30 / Mon 12:00~21:30 / Tue 12:00~21:30 / Wed 12:00~21:30 / Thu 12:00~21:30 / Fri 12:00~21:30 / Sat 12:00~21:30,"""Experience elevated Korean-French fine dining in Seoul at Confier, near Seoul Station in Jung-gu. This contemporary restaurant crafts an impressive 8-course lunch (₩65,000) and a spectacular 9-course dinner (₩98,000) using French culinary techniques applied the freshest local Korean ingredients. The open kitchen and mirrored ceilings can be admired from hall or bar seating or even private dining rooms. Located in downtown Seoul's Grand Central B2, Confier delivers an accessible yet sophisticated fine dining journey year-round with their four distinct seasonal menus.",https://dynamic-media-cdn.tripadvisor.com/media/photo-o/29/ca/e6/fe/space.jpg?w=900&h=500&s=1,https://www.tripadvisor.com/Restaurant_Review-g294197-d26286777-Reviews-Confier-Seoul.html
9598657,L'impasse81,+82 70-7779-8181,"17-1, Donggyo-ro 30-gil, Mapo-gu",03985,37.560116,126.92528,"French, European, Wine Bar",Sun 12:00~14:30 / Sun 17:00~23:00 / Mon 12:00~14:30 / Mon 17:00~23:00 / Tue 12:00~14:30 / Tue 17:00~23:00 / Wed 12:00~14:30 / Wed 17:00~23:00 / Thu 12:00~14:30 / Thu 17:00~23:00 / Fri 12:00~14:30 / Fri 17:00~01:00 / Sat 12:00~14:30 / Sat 17:00~01:00,Accepts Credit Cards,https://dynamic-media-cdn.tripadvisor.com/media/photo-o/0f/95/3a/72/photo6jpg.jpg?w=900&h=500&s=1,https://www.tripadvisor.com/Restaurant_Review-g294197-d9598657-Reviews-L_impasse81-Seoul.html
7353876,Jogabi,+82 2-755-7555,29 Myeongdong 9-gil Jung-gu,04534,37.565037,126.98417,"Seafood, Asian, Korean",Sun 11:00~00:00 / Mon 11:00~01:00 / Tue 11:00~01:00 / Wed 11:00~01:00 / Thu 11:00~01:00 / Fri 11:00~01:00 / Sat 11:00~00:00,"Welcome to JOGABI, the number one restaurant in Myeong-dong selected by office workers and fresh seafood enjoyed in Myeong-dong, downtown Seoul. Kind service and a traditional Korean seafood restaurant in the new and pleasant branches, we will do our best to make your gourmet trip beautifully remembered. You can feel that Myeong-dong is the best seafood restaurant with the freshest seafood every day. The main menu is seafood hot pot, shellfish stew, grilled shellfish, and most popular dishes are Korean seafood dishes, such as king crab, raw octopus, and raw fish. For meals, there are clams kalguksu(noodle). Even if you have a party or group meeting, you can have a hall for 40people. Enjoy your gourmet tour at jogabi, where Korean seafood is considered the best freshness and taste in the city.",https://dynamic-media-cdn.tripadvisor.com/media/photo-o/29/7d/53/cf/caption.jpg?w=900&h=-1&s=1,https://www.tripadvisor.com/Restaurant_Review-g294197-d7353876-Reviews-Jogabi-Seoul.html
3957610,Yoogane Myeongdong 1st Store,+82 2-3789-3392,"13, Myeongdong 10-gil, Jung-gu",04537,37.563206,126.98532,"Asian, Korean",Sun 11:00~20:00 / Mon 11:00~20:00 / Tue 11:00~20:00 / Wed 11:00~20:00 / Thu 11:00~20:00 / Fri 11:00~20:00 / Sat 11:00~20:00,Accepts Credit Cards,https://dynamic-media-cdn.tripadvisor.com/media/photo-o/0f/f4/d2/d3/dining-area.jpg?w=900&h=500&s=1,https://www.tripadvisor.com/Restaurant_Review-g294197-d3957610-Reviews-Yoogane_Myeongdong_1st_Store-Seoul.html
27799389,Vegan Kitchen,+82 2-777-8819,"21 Toegye-ro 20-gil, Jung-gu",04629,37.5586,126.986725,"Asian, Korean",,Accepts Credit Cards,https://dynamic-media-cdn.tripadvisor.com/media/photo-o/2c/66/ce/59/caption.jpg?w=900&h=-1&s=1,https://www.tripadvisor.com/Restaurant_Review-g294197-d27799389-Reviews-Vegan_Kitchen-Seoul.html
2693506,Mugunghwa,+82 2-317-7061,"1, Sogong-dong, Jung-gu Main Wing 38F, Lotte Hotel Seoul",,37.56521,126.980896,"Asian, Korean",Sun 11:30~14:30 / Sun 18:00~22:00 / Mon 11:30~14:30 / Mon 18:00~22:00 / Tue 11:30~14:30 / Tue 18:00~22:00 / Wed 11:30~14:30 / Wed 18:00~22:00 / Thu 11:30~14:30 / Thu 18:00~22:00 / Fri 11:30~14:30 / Fri 18:00~22:00 / Sat 11:30~14:30 / Sat 18:00~22:00,"Vegetarian friendly, Vegan options, Gluten free options",https://dynamic-media-cdn.tripadvisor.com/media/photo-o/0c/41/81/29/20160720-170813-001-largejpg.jpg?w=900&h=-1&s=1,https://www.tripadvisor.com/Restaurant_Review-g294197-d2693506-Reviews-Mugunghwa-Seoul.html
28650345,Daega Insaeng Sundubu Myeongdong Main Branch,+82 2-6261-2777,"7-7, Myeongdong 10-gil, Jung-gu 1F",,37.563553,126.985634,"Asian, Korean, Healthy",Sun 10:00~23:00 / Mon 10:00~23:00 / Tue 10:00~23:00 / Wed 10:00~23:00 / Thu 10:00~23:00 / Fri 10:00~23:00 / Sat 10:00~23:00,Accepts Credit Cards,https://dynamic-media-cdn.tripadvisor.com/media/photo-o/2e/85/b2/78/caption.jpg?w=900&h=500&s=1,https://www.tripadvisor.com/Restaurant_Review-g294197-d28650345-Reviews-Daega_Insaeng_Sundubu_Myeongdong_Main_Branch-Seoul.html
1400141,Onedang Gamjatang Myeongdong 1,+82 2-776-7612,"13, Myeongdong 9-gil, Jung-gu",04534,37.56137,126.982925,"Asian, Korean, Soups",,"Lunch, Dinner, Brunch",https://dynamic-media-cdn.tripadvisor.com/media/photo-o/29/c6/de/8b/caption.jpg?w=900&h=500&s=1,https://www.tripadvisor.com/Restaurant_Review-g294197-d1400141-Reviews-Onedang_Gamjatang_Myeongdong_1-Seoul.html
3922438,Arirang Korean Restaurant,+82 2-752-1342,"72-2 Sogong-dong, Jung-gu Cross the street from Back door of Westin Chosun Hotel.",04532,37.563847,126.98058,"Barbecue, Asian, Korean, Healthy",Sun 11:30~23:00 / Mon 11:30~23:00 / Tue 11:30~23:00 / Wed 11:30~23:00 / Thu 11:30~23:00 / Fri 11:30~23:00 / Sat 11:30~23:00,Best Korean Authentic beef barbeque restaurant in Myeong-dong Area. Picked by MICHELIN 2017 and 2018.,https://dynamic-media-cdn.tripadvisor.com/media/photo-o/12/f9/51/7c/photo1jpg.jpg?w=900&h=500&s=1,https://www.tripadvisor.com/Restaurant_Review-g294197-d3922438-Reviews-Arirang_Korean_Restaurant-Seoul.html
13123529,Halal Kitchen,+82 2-733-3106,"86-4, Samcheong-ro, Jongno-gu",03053,37.58305,126.98195,Korean,Sun 12:00~15:00 / Sun 17:00~20:00 / Mon 12:00~15:00 / Mon 17:00~20:00 / Wed 12:00~15:00 / Wed 17:00~20:00 / Thu 12:00~15:00 / Thu 17:00~20:00 / Fri 12:00~15:00 / Fri 17:00~20:00 / Sat 12:00~15:00 / Sat 17:00~20:00,"Halal Kitchen is a Halal Korean Restaurant for muslim tourists and foreigners who visit or stay in Korea. Hassan Lee, Korean muslim provides halal Korean foods and prayer's room for muslims. We also provide delivery service for your convenience to the location you stay. Please visit us and enjoy halal Korean foods at Hanok(Korean traditional housing style).",https://dynamic-media-cdn.tripadvisor.com/media/photo-o/15/d3/56/47/photo1jpg.jpg?w=900&h=500&s=1,https://www.tripadvisor.com/Restaurant_Review-g294197-d13123529-Reviews-Halal_Kitchen-Seoul.html
8986931,Hanam Pig House,+82 2-557-4901,"29, Eonju-ro93-Gil",,37.56221,126.9761,"Barbecue, Asian, Korean",Sun 11:30~04:30 / Mon 11:30~04:30 / Tue 11:30~04:30 / Wed 11:30~04:30 / Thu 11:30~04:30 / Fri 11:30~04:30 / Sat 11:30~04:30,"Lunch, Dinner",https://dynamic-media-cdn.tripadvisor.com/media/photo-o/2f/87/b3/b1/caption.jpg?w=900&h=500&s=1,https://www.tripadvisor.com/Restaurant_Review-g294197-d8986931-Reviews-Hanam_Pig_House-Seoul.html
3616557,Philkyungjae,+82 2-445-2115,"205 Gwangpyeong-ro, Gangnam-gu",06352,37.48493,127.095184,"Asian, Korean",Sun 12:00~15:00 / Sun 18:00~22:00 / Mon 12:00~15:00 / Mon 18:00~22:00 / Tue 12:00~15:00 / Tue 18:00~22:00 / Wed 12:00~15:00 / Wed 18:00~22:00 / Thu 12:00~15:00 / Thu 18:00~22:00 / Fri 12:00~15:00 / Fri 18:00~22:00 / Sat 12:00~15:00 / Sat 18:00~22:00,"Lunch, Dinner",https://dynamic-media-cdn.tripadvisor.com/media/photo-o/19/6f/e4/94/20190604-204548-largejpg.jpg?w=900&h=-1&s=1,https://www.tripadvisor.com/Restaurant_Review-g294197-d3616557-Reviews-Philkyungjae-Seoul.html
2372525,TAJ - Tase of India (Myeongdong Store),+82 2-776-0677,"YWCA Bldg. 1-3, Myeong-dong 1-ga, Jung-gu Page Myeongdong 2F",04538,37.564156,126.98631,Indian,Sun 11:30~20:00 / Tue 11:30~14:00 / Tue 17:30~20:30 / Wed 11:30~14:00 / Wed 17:30~20:30 / Thu 11:30~14:00 / Thu 17:30~20:30 / Fri 11:30~14:00 / Fri 17:30~20:30 / Sat 11:30~20:00,"Vegetarian friendly, Vegan options, Halal",https://dynamic-media-cdn.tripadvisor.com/media/photo-o/29/c3/26/ce/caption.jpg?w=900&h=500&s=1,https://www.tripadvisor.com/Restaurant_Review-g294197-d2372525-Reviews-TAJ_Tase_of_India_Myeongdong_Store-Seoul.html
12357290,Everest Curry World Restaurant,+82 10-8544-4302,"305, Jong-ro, Jongno-gu, 2f",03106,37.572044,127.01163,"Indian, Asian, Nepali",Sun 11:00~22:00 / Mon 11:00~22:00 / Tue 11:00~22:00 / Wed 11:00~22:00 / Thu 11:00~22:00 / Fri 11:00~22:00 / Sat 11:00~22:00,It's been 10 years that this restaurant has been opened. and all the staffs are highly experienced and the chef who are working here are highly experience and they been working in this field from last 20 years. the food here is very delicious and cheap as well. the owner of the restaurant himself takes care of the quests personally. and the local of the restaurant is also very convenient.,https://dynamic-media-cdn.tripadvisor.com/media/photo-o/1d/27/58/86/60.jpg?w=900&h=500&s=1,https://www.tripadvisor.com/Restaurant_Review-g294197-d12357290-Reviews-Everest_Curry_World_Restaurant-Seoul.html
27789471,Haobin,+82 2-2270-3141,"287 Dongho-ro, Jung-gu 2F Ambassador Seoul - Pullman Hotel",04618,37.56018,127.002396,Chinese,Sun 11:30~14:30 / Sun 18:00~22:00 / Mon 11:30~14:30 / Mon 18:00~22:00 / Tue 11:30~14:30 / Tue 18:00~22:00 / Wed 11:30~14:30 / Wed 18:00~22:00 / Thu 11:30~14:30 / Thu 18:00~22:00 / Fri 11:30~14:30 / Fri 18:00~22:00 / Sat 11:30~14:30 / Sat 18:00~22:00,"ㆍ Traditional Cantonese restaurant HAOBIN presents high-quality Chinese dishes, carefully prepared by Master Chef Hou Deokjuk, based on his belief that Eating a healthy, balanced diet is an important part of maintaining good health. HAOBIN offers a variety of energy-boosting dishes and full-course menus at reasonable price.",https://dynamic-media-cdn.tripadvisor.com/media/photo-o/2e/14/79/f0/caption.jpg?w=900&h=500&s=1,https://www.tripadvisor.com/Restaurant_Review-g294197-d27789471-Reviews-Haobin-Seoul.html
24116806,Haecheonobu,+82 507-1497-7786,"11, Supyo-ro 28-gil, Jongno-gu",03133,37.572895,126.98915,"Seafood, Asian, Korean, Grill, Dining bars",Sun 11:30~22:00 / Tue 11:30~22:30 / Wed 11:30~22:30 / Thu 11:30~22:30 / Fri 11:30~22:30 / Sat 11:30~22:00,"Lunch, Dinner",https://dynamic-media-cdn.tripadvisor.com/media/photo-o/33/4e/60/23/looking-for-the-best.jpg?w=900&h=500&s=1,https://www.tripadvisor.com/Restaurant_Review-g294197-d24116806-Reviews-Haecheonobu-Seoul.html
12441492,"STAY, Modern Restaurant",+82 2-3213-1230,"300, Olympic-ro, Songpa-gu 81F, SIGNIEL Seoul, Lotte World Tower",05551,37.513496,127.10259,"French, European",Sun 12:00~14:30 / Sun 17:30~20:15 / Mon 09:00~17:00 / Tue 11:30~14:30 / Tue 17:30~20:15 / Wed 11:30~14:30 / Wed 17:30~20:15 / Thu 11:30~14:30 / Thu 17:30~20:15 / Fri 11:30~14:30 / Fri 17:30~20:15 / Sat 12:00~14:30 / Sat 17:30~20:15,"Created by Yannick Alléno, S.T.A.Y. (Simple Table Alléno Yannick) is a brand new concept of restaurant where one can enjoy a refined and innovative French cuisine in a stylish and contemporary space. S.T.A.Y. mixes simplicity and modernity to create an interactive and a unique dining experience. S.T.A.Y. features two major concepts - the Communal Table with sharing-style customised menu and Pastry Library, an interactive platform for both the pastry chef and guests.",https://dynamic-media-cdn.tripadvisor.com/media/photo-o/0f/a2/49/c9/dining-room.jpg?w=900&h=500&s=1,https://www.tripadvisor.com/Restaurant_Review-g294197-d12441492-Reviews-STAY_Modern_Restaurant-Seoul.html
27433089,Gowooga Yeouido,+82 50-71342-9554,"24, Yeoui-daero FKI Building, Basement",,37.52234,126.92091,"Japanese, Seafood, Barbecue, Asian, Korean, Japanese Fusion",Sun 11:30~22:00 / Mon 11:00~22:00 / Tue 11:00~22:00 / Wed 11:00~22:00 / Thu 11:00~22:00 / Fri 11:00~22:00 / Sat 11:30~22:00,"Gowooga Yeouido is a premium Korean beef dining restaurant in Yeouido, perfect for company dinners and gatherings. In private rooms, guests can enjoy a Korean beef omakase and traditional course meals that highlight the authentic flavor of top-quality beef. It provides a special dining experience for business meetings, family gatherings, and anniversaries, and has become a beloved Yeouido Korean beef restaurant among professionals in Yeouido and Yeongdeungpo.",https://dynamic-media-cdn.tripadvisor.com/media/photo-o/2b/ba/ed/df/caption.jpg?w=900&h=500&s=1,https://www.tripadvisor.com/Restaurant_Review-g294197-d27433089-Reviews-Gowooga_Yeouido-Seoul.html
13906644,Namsandodam,+82 2-2272-8926,"37-1, Supyo-ro 6-gil, Jung-gu",04555,37.562786,126.99229,"Asian, Korean",Sun 11:00~21:00 / Mon 11:00~22:00 / Tue 11:00~22:00 / Wed 11:00~22:00 / Thu 11:00~22:00 / Fri 11:00~22:00 / Sat 11:00~21:00,"It is a Korean restaurant specializing in Kaesong Bossam, Kimchi Steam, and Makkoli. It is located near Myeongdong and Chungmuro Printed Alley and Namsan Hanok Village. It is close to Chungmuro Station 6 exit. There are many tourist hotels nearby.",https://dynamic-media-cdn.tripadvisor.com/media/photo-o/12/68/c5/d9/getlstd-property-photo.jpg?w=900&h=500&s=1,https://www.tripadvisor.com/Restaurant_Review-g294197-d13906644-Reviews-Namsandodam-Seoul.html
4075310,Momoyama,+82 2-317-7031,"30, Eulji-Ro, Jung-Gu 38F, Lotte Hotel Seoul",04533,37.565414,126.981,"Japanese, Seafood, Sushi, Kaiseki",Sun 11:30~14:30 / Sun 17:30~21:30 / Mon 11:30~14:30 / Mon 17:30~21:30 / Tue 11:30~14:30 / Tue 17:30~21:30 / Wed 11:30~14:30 / Wed 17:30~21:30 / Thu 11:30~14:30 / Thu 17:30~21:30 / Fri 11:30~14:30 / Fri 17:30~21:30 / Sat 11:30~14:30 / Sat 17:30~21:30,"Lunch, Dinner",https://dynamic-media-cdn.tripadvisor.com/media/photo-o/09/67/d6/a9/20140801-153854-largejpg.jpg?w=900&h=500&s=1,https://www.tripadvisor.com/Restaurant_Review-g294197-d4075310-Reviews-Momoyama-Seoul.html
7748357,Myeongdong Kalguksu,+82 2-754-7403,"17-6, Sejong-Daero 14-Gil, Jung-Gu",04526,37.56304,126.97789,"Asian, Korean",,"Lunch, Dinner, Brunch",https://dynamic-media-cdn.tripadvisor.com/media/photo-o/0b/d7/53/cc/photo0jpg.jpg?w=900&h=500&s=1,https://www.tripadvisor.com/Restaurant_Review-g294197-d7748357-Reviews-Myeongdong_Kalguksu-Seoul.html
14969071,Wolhwa Gogi - Bolamae Jikyeongjeom,+82 2-888-7592,"16, Boramae-ro 3-gil, Gwanak-gu",08708,37.49081,126.9275,"Barbecue, Asian, Korean",Sun 11:30~22:30 / Mon 16:00~22:30 / Tue 11:00~22:00 / Wed 11:00~22:00 / Thu 11:00~22:00 / Fri 11:00~22:00 / Sat 11:30~22:30,"This is a famous restaurant introduced on many TV programs. It is a restaurant specializing in grilled pork and beef. Like many Korean meat restaurants, fresh meat is baked directly at a table and eat with side dishes.",https://dynamic-media-cdn.tripadvisor.com/media/photo-o/14/8d/51/a5/2.jpg?w=900&h=500&s=1,https://www.tripadvisor.com/Restaurant_Review-g294197-d14969071-Reviews-Wolhwa_Gogi_Bolamae_Jikyeongjeom-Seoul.html
12213153,Sushi Kaisin,+82 2-515-9855,"12, Dosan-daero 100-gil, Gangnam-gu 2F, Woori Bldg.",06071,37.52384,127.05183,"Japanese, Seafood, Sushi, Asian",Sun 18:00~22:00 / Mon 18:00~22:00 / Tue 18:00~22:00 / Wed 18:00~22:00 / Thu 18:00~22:00 / Fri 18:00~22:00 / Sat 18:00~22:00,"As a very traditional Japanese Sushi Restaurant, Sushi Kaisin is located in Seoul, and run by Japanese Chef SATO from Tokyo. We are open from Monday to Sunday for only dinner, but it may be closed depending on the reservation situation and the opening hours on the day may be also changed, so please make sure to make a reservation by call or email. We only prepare ingredients according to the reservation, so be sure to keep your reservation. There is only one menu, OMAKASE (currently Dinner price is 300,000Krw/person).",https://dynamic-media-cdn.tripadvisor.com/media/photo-o/11/fe/a1/65/caption.jpg?w=900&h=500&s=1,https://www.tripadvisor.com/Restaurant_Review-g294197-d12213153-Reviews-Sushi_Kaisin-Seoul.html
12878725,Chef's Palette,+82 2-3451-8271,"120, Bongeunsa-ro, Gangnam-gu Lobby Floor, Le Meridien Seoul",06124,37.50483,127.02722,"Chinese, Japanese, International, Asian, Korean",Sun 06:00~12:00 / Mon 06:00~12:00 / Tue 06:00~12:00 / Wed 06:00~12:00 / Thu 06:00~12:00 / Fri 06:00~12:00 / Sat 06:00~12:00,"Chef's Palette, the all-day dining restaurant at Le Méridien Seoul, Korea's first luxury European-style hotel, offers a unique chance to experience the flavors and styles of Europe. Join us on a gourmet journey through diverse healthy Mediterranean, southern French and Italian dishes, accompanied by wine. In the amuse bouche corner, discover a selection of European appetizers made with the freshest ingredients and accompanied by fruity sparkling wine. Experience the deep aromas and tastes of Europe at Chef's Palette, with diverse European-style dishes ideally matched with white and red wines. The outdoor Terrace Garden is the ideal venue for enjoying buffet dining amid beautiful flowers and fresh air.",https://dynamic-media-cdn.tripadvisor.com/media/photo-o/12/22/12/ab/caption.jpg?w=900&h=500&s=1,https://www.tripadvisor.com/Restaurant_Review-g294197-d12878725-Reviews-Chef_s_Palette-Seoul.html
9153533,James Cheese Back Ribs Hongdae Station Exit 8,+82 2-324-3305,"145-1, Eoulmadang-ro, Mapo-gu",04051,37.556515,126.92605,"Bar, Barbecue, Korean, Pub",Sun 12:00~23:30 / Mon 12:00~23:30 / Tue 12:00~23:30 / Wed 12:00~23:30 / Thu 12:00~23:30 / Fri 11:30~01:30 / Sat 11:30~01:30,"Lunch, Dinner",https://dynamic-media-cdn.tripadvisor.com/media/photo-o/0e/bd/09/db/getlstd-property-photo.jpg?w=700&h=400&s=1,https://www.tripadvisor.com/Restaurant_Review-g294197-d9153533-Reviews-James_Cheese_Back_Ribs_Hongdae_Station_Exit_8-Seoul.html
7930515,Wolfgang's Steakhouse Korea,+82 2-556-8700,"21, Seolleung-ro 152-gil, Gangnam-gu",06016,37.524384,127.04134,"American, Steakhouse",Sun 11:30~23:00 / Mon 11:30~23:00 / Tue 11:30~23:00 / Wed 11:30~23:00 / Thu 11:30~23:00 / Fri 11:30~23:00 / Sat 11:30~23:00,"Lunch, Dinner",https://dynamic-media-cdn.tripadvisor.com/media/photo-o/08/bc/73/2b/caption.jpg?w=900&h=500&s=1,https://www.tripadvisor.com/Restaurant_Review-g294197-d7930515-Reviews-Wolfgang_s_Steakhouse_Korea-Seoul.html
27789488,1955 Groceria,+82 2-2270-3131,287 Dongho-ro Jung-gu,04618,37.560455,127.00225,"Italian, Seafood, European, Asian, Korean, Deli",Sun 10:00~22:00 / Mon 10:00~22:00 / Tue 10:00~22:00 / Wed 10:00~22:00 / Thu 10:00~22:00 / Fri 10:00~22:00 / Sat 10:00~22:00,"1955 GROCERIA is a hybrid dining space that includes both grocery stores and restaurants. You can purchase healthy ingredients or enjoy special dishes freshly prepared by professional chefs in the restaurant section. The market section presents grocery items such as freshly baked bread, charcuterie and cheese, as well as a range of retail products such as high-end wine, coffee, and tea sets.",https://dynamic-media-cdn.tripadvisor.com/media/photo-o/2f/61/3e/2a/groceria.jpg?w=900&h=500&s=1,https://www.tripadvisor.com/Restaurant_Review-g294197-d27789488-Reviews-1955_Groceria-Seoul.html
10085211,Yec'hed Mat,+82 2-3144-6845,"25-10, Eoulmadang-ro 5-gil, Mapo-gu",04047,37.549084,126.91885,French,Tue 18:30~02:00 / Wed 18:30~02:00 / Thu 18:30~02:00 / Fri 18:30~02:00 / Sat 18:30~02:00,"Accepts credit cards: Mastercard, Visa",https://dynamic-media-cdn.tripadvisor.com/media/photo-o/11/a2/ae/dd/photo0jpg.jpg?w=900&h=500&s=1,https://www.tripadvisor.com/Restaurant_Review-g294197-d10085211-Reviews-Yec_hed_Mat-Seoul.html
26872913,Yeontabal Seoul Korean Bbq,+82 2-720-9263,"24 Namdaemun-ro 9-gil, Jung-gu Fast Five City Hall",04522,37.567085,126.98114,"Chinese, Japanese, Barbecue, Asian, Korean, Diner",Sun 11:30~22:00 / Mon 11:30~22:00 / Tue 11:30~22:00 / Wed 11:30~22:00 / Thu 11:30~22:00 / Fri 11:30~22:00 / Sat 11:30~22:00,"The most famous menu is grilled Korean beef rib eye steak. Located in Seoul, South Korea, it is Seoul's most representative Korean beef restaurant. In a clean private room facility, you can enjoy wine and beer with beef that is grilled by table staff themselves. Feel free to contact me anytime.",https://dynamic-media-cdn.tripadvisor.com/media/photo-o/2b/07/e0/be/korean-beef-bbq.jpg?w=900&h=500&s=1,https://www.tripadvisor.com/Restaurant_Review-g294197-d26872913-Reviews-Yeontabal_Seoul_Korean_Bbq-Seoul.html
15634522,Hue 135,+82 70-4155-0135,"6, Itaewon-ro 55na-gil, Yongsan-gu",04348,37.53658,126.99905,"Steakhouse, Asian, Korean, Healthy",,Accepts Credit Cards,https://dynamic-media-cdn.tripadvisor.com/media/photo-o/1c/a6/1e/fa/hue-135.jpg?w=900&h=500&s=1,https://www.tripadvisor.com/Restaurant_Review-g294197-d15634522-Reviews-Hue_135-Seoul.html
4077783,Baengnyeonok,+82 2-523-2860,"2407, Nambusunhwan-ro, Seocho-gu",06719,37.480865,127.013405,"Asian, Korean",Sun 10:00~22:00 / Mon 10:00~22:00 / Tue 10:00~22:00 / Wed 10:00~22:00 / Thu 10:00~22:00 / Fri 10:00~22:00 / Sat 10:00~22:00,Vegetarian friendly,https://dynamic-media-cdn.tripadvisor.com/media/photo-o/15/ef/49/35/caption.jpg?w=900&h=500&s=1,https://www.tripadvisor.com/Restaurant_Review-g294197-d4077783-Reviews-Baengnyeonok-Seoul.html
8489196,Laundry Project,+82 2-6405-8488,"1F, 127 Duteopbawi-ro Yongsan-gu Laundryproject",04336,37.535812,127.08878,"Brew Pub, Cafe",Sun 09:00~21:00 / Mon 09:00~21:00 / Tue 09:00~21:00 / Wed 09:00~21:00 / Thu 09:00~21:00 / Fri 09:00~21:00 / Sat 09:00~21:00,"Eat, Play, Laundry in Seoul While doing a laundry, You can enjoy your time with Seoul's best coffee and cakes. Fresh grapefruits_ade and Lemon_ade are also good tasty. Feel with Korean young artist's works, here!",https://dynamic-media-cdn.tripadvisor.com/media/photo-o/30/f6/07/db/we-just-moved-new-place.jpg?w=900&h=-1&s=1,https://www.tripadvisor.com/Restaurant_Review-g294197-d8489196-Reviews-Laundry_Project-Seoul.html
4139307,Kyungbokkung Sadang,+82 2-3486-7733,"11, Bangbaecheon-ro, Seocho-gu",06693,37.477654,126.98222,"Barbecue, Asian, Korean, Grill",,"Lunch, Dinner",https://dynamic-media-cdn.tripadvisor.com/media/photo-o/09/6e/42/33/kyungbokkung-restaurant.jpg?w=900&h=500&s=1,https://www.tripadvisor.com/Restaurant_Review-g294197-d4139307-Reviews-Kyungbokkung_Sadang-Seoul.html
5895981,La Seine,+82 4117811,"240, Olympic-ro, Songpa-gu Lotte Hotel World 2F",411-7811,37.511497,127.10028,"Asian, Korean, Fusion",,"International buffet restaurant ""La Seine"""" well known as one of most popular buffet restaurant in Seoul. ""La Senie"" offers unforgettable memories and dining experience by Seoul's most passionable culinary team accompany with highly trained service members. Open from 6:30 am till 10:00 am for breakfast, Luche serves from 12:00pm till 15:00pm and Dinner starts from 18:00pm till 22:00pm. (However, special dinner offers 2 session on December and special event day - please contact with La Seine for further details).",https://dynamic-media-cdn.tripadvisor.com/media/photo-o/05/38/25/1f/caption.jpg?w=900&h=500&s=1,https://www.tripadvisor.com/Restaurant_Review-g294197-d5895981-Reviews-La_Seine-Seoul.html
1174970,Pro Ganjang Gejang Sinsa,+82 2-543-4126,"9, Gangnam-daero 97-gil, Seocho-gu",06526,37.514774,127.01915,"Seafood, Asian, Korean",Sun 10:00~23:00 / Mon 10:00~23:00 / Tue 10:00~23:00 / Wed 10:00~23:00 / Thu 10:00~23:00 / Fri 10:00~23:00 / Sat 10:00~23:00,"Lunch, Dinner, Late Night",https://dynamic-media-cdn.tripadvisor.com/media/photo-s/03/01/9a/b2/caption.jpg?w=600&h=400&s=1,https://www.tripadvisor.com/Restaurant_Review-g294197-d1174970-Reviews-Pro_Ganjang_Gejang_Sinsa-Seoul.html
13128200,W Xyz Bar,+82 2-2084-1021,"56, Namdaemun-ro, Jung-gu 2F, Aloft Seoul Myeongdong",04535,37.562374,126.9816,"Bar, Cafe, International, Pub, Wine Bar",Sun 11:00~00:00 / Mon 11:00~00:00 / Tue 11:00~00:00 / Wed 11:00~00:00 / Thu 11:00~00:00 / Fri 11:00~00:00 / Sat 11:00~00:00,"Clink! Meet, mix, and mingle over cocktails at our always happening w xyz bar. The fun flows freely with everything from pints to Pinot Noirs to specialty sippers, plus a snack-attack menu, mood music, and can’t-miss events.",https://dynamic-media-cdn.tripadvisor.com/media/photo-o/11/49/bb/64/wxyz-hall.jpg?w=600&h=400&s=1,https://www.tripadvisor.com/Restaurant_Review-g294197-d13128200-Reviews-W_Xyz_Bar-Seoul.html
4078432,Hong Kong Banjeom 0410 Myeongdong,+82 2-778-0410,"14, Myeongdong 10-gil, Jung-gu",04536,37.56329,126.985245,"Chinese, Asian, Korean",,"Lunch, Dinner",https://dynamic-media-cdn.tripadvisor.com/media/photo-o/1b/4d/c9/f2/hong-kong-banjeom-0410.jpg?w=900&h=500&s=1,https://www.tripadvisor.com/Restaurant_Review-g294197-d4078432-Reviews-Hong_Kong_Banjeom_0410_Myeongdong-Seoul.html
1522880,Myongwolgwan,+82 2-450-4595,"177, Walkerhill-ro, Gwangjin-gu Grand Walker Hill Seoul",04963,37.552933,127.11045,"Barbecue, Asian, Korean",,"Lunch, Dinner",https://dynamic-media-cdn.tripadvisor.com/media/photo-o/09/d7/a7/88/caption.jpg?w=900&h=-1&s=1,https://www.tripadvisor.com/Restaurant_Review-g294197-d1522880-Reviews-Myongwolgwan-Seoul.html
15618168,Hyehwa Dodam,+82 2-744-9850,"16-6, Daemyeong 1-gil, Jongno-gu 1F",03078,37.58284,127.00047,"Asian, Korean",Sun 11:00~15:00 / Sun 17:00~22:00 / Mon 11:00~15:00 / Mon 17:00~22:00 / Tue 11:00~15:00 / Tue 17:00~22:00 / Wed 11:00~15:00 / Wed 17:00~22:00 / Thu 11:00~15:00 / Thu 17:00~22:00 / Fri 11:00~15:00 / Fri 17:00~22:00 / Sat 11:00~15:00 / Sat 17:00~22:00,Accepts Credit Cards,https://dynamic-media-cdn.tripadvisor.com/media/photo-o/17/1a/f9/a8/caption.jpg?w=900&h=500&s=1,https://www.tripadvisor.com/Restaurant_Review-g294197-d15618168-Reviews-Hyehwa_Dodam-Seoul.html
27118065,VEGAN insa,+82 2-747-2270,"12-4 Samil-daero 32ga-gil, Jongno-gu",,37.574783,126.98859,"American, Asian, Korean, Fusion, Healthy",Sun 11:30~20:00 / Mon 11:30~20:00 / Tue 11:30~20:00 / Wed 11:30~20:00 / Thu 11:30~20:00 / Fri 11:30~20:00 / Sat 11:30~20:00,"We, Vegan Insa, are a purely plant-based vegan restaurant that does not use any animal-derived ingredients such as meat, fish, eggs, dairy products, or honey. We are especially trying to make traditional Korean food vegan.",https://dynamic-media-cdn.tripadvisor.com/media/photo-o/2b/38/f8/32/caption.jpg?w=900&h=500&s=1,https://www.tripadvisor.com/Restaurant_Review-g294197-d27118065-Reviews-VEGAN_insa-Seoul.html
8936196,Ahyeondong Ganjang Gejang,+82 2-312-7530,"13, Gullebang-ro, Mapo-gu",04117,37.55527,126.955376,"Seafood, Asian, Korean",,"Lunch, Dinner, Brunch",https://dynamic-media-cdn.tripadvisor.com/media/photo-o/10/ab/ba/81/photo2jpg.jpg?w=900&h=500&s=1,https://www.tripadvisor.com/Restaurant_Review-g294197-d8936196-Reviews-Ahyeondong_Ganjang_Gejang-Seoul.html
2635690,Jin Wonjo Dakhanmari Main Store,+82 2-2272-2722,"265-18 Jongno 5-ga, Jongno-gu",,37.570366,127.00584,"Asian, Korean",,"Lunch, Dinner",https://dynamic-media-cdn.tripadvisor.com/media/photo-o/0e/4c/fe/18/photo3jpg.jpg?w=900&h=500&s=1,https://www.tripadvisor.com/Restaurant_Review-g294197-d2635690-Reviews-Jin_Wonjo_Dakhanmari_Main_Store-Seoul.html
12820451,El Pino323,+82 2-797-3233,"652, Gangnam-daero, Gangnam-gu 2F",06027,37.51953,127.019264,"Mexican, Latin",Sun 11:30~21:00 / Tue 11:30~15:00 / Tue 17:00~21:00 / Wed 11:30~15:00 / Wed 17:00~21:00 / Thu 11:30~15:00 / Thu 17:00~21:00 / Fri 11:30~15:00 / Fri 17:00~21:30 / Sat 11:30~21:30,"Christian D Morales is a Korean adoptee and grew up in East Los. His Mexican grandmother “abuela” is the one from whom chef D first learned to cook traditional genuine Mexican cuisine. His restaurant El Pino 323 is named after the famous tree “El Pino” located in East Los around Boyle Heights where Chef D was raised. 323 is the area code of the same area. This is where the story of El Pino323 began-the root of his passion and love for cooking Mexican food. Also El Pino 323 offer first in Korea flour and corn tortillas both homemade and introduced famous TV show in 2017. Move to in Gangnam from Iteawon from 2022. 2hours free parking offer in building. Walking in welcome and also reservation is available app name “catch table” Delivery, take out available “coupang eats”",https://dynamic-media-cdn.tripadvisor.com/media/photo-o/28/ba/c0/b7/grandma-s-recipe-chicken.jpg?w=900&h=500&s=1,https://www.tripadvisor.com/Restaurant_Review-g294197-d12820451-Reviews-El_Pino323-Seoul.html
12719317,The Market Kitchen,+82 2-6388-5500,"97, Saemunan-ro, Jongno-gu Four Seasons Hotel",03183,37.570652,126.9757,Asian,Sun 06:30~10:30 / Sun 11:30~15:00 / Sun 17:00~21:30 / Mon 06:30~10:30 / Mon 11:30~14:30 / Mon 17:30~21:30 / Tue 06:30~10:30 / Tue 11:30~14:30 / Tue 17:30~21:30 / Wed 06:30~10:30 / Wed 11:30~14:30 / Wed 17:30~21:30 / Thu 06:30~10:30 / Thu 11:30~14:30 / Thu 17:30~21:30 / Fri 06:30~10:30 / Fri 11:30~14:30 / Fri 17:30~21:30 / Sat 06:30~10:30 / Sat 11:30~15:00 / Sat 17:00~21:30,"The Market Kitchen at Four Seasons Hotel Seoul offers an international buffet inspired by the energy of a European market hall. Dishes are prepared à la minute at live cooking stations, with seasonal seafood, sushi, grilled selections and handcrafted desserts. Korean, Japanese, Asian and Western favourites are served across buffet breakfast, buffet lunch, buffet dinner and weekend brunch. Signature highlights include cooked-to-order seafood, themed dinner nights, weekend free-flow wine and the popular 24K gold chocolate fountain. 포시즌스 호텔 서울의 더 마켓 키친은 유러피안 마켓 홀에서 영감을 받은 인터내셔널 뷔페 레스토랑입니다. 라이브 쿠킹 스테이션에서 해산물, 스시, 그릴 요리와 디저트를 선보이며, 조식·런치·디너 뷔페와 주말 브런치를 즐길 수 있습니다. 테마 디너와 24K 골드 초콜릿 분수도 함께 경험할 수 있습니다.",https://dynamic-media-cdn.tripadvisor.com/media/photo-o/15/ca/e9/17/fresh-lobster.jpg?w=900&h=500&s=1,https://www.tripadvisor.com/Restaurant_Review-g294197-d12719317-Reviews-The_Market_Kitchen-Seoul.html
33020126,Legendary Ribs Seoul City Hall,+82 2-6031-8919,"Namdaemun-ro 9-gil 40 2nd Floor, Center Place",,37.567192,126.980354,Barbecue,Sun 11:10~21:50 / Mon 11:10~21:50 / Tue 11:10~21:50 / Wed 11:10~21:50 / Thu 11:10~21:50 / Fri 11:10~21:50 / Sat 11:10~21:50,"Accepts credit cards: American Express, Discover, Mastercard, Visa",https://dynamic-media-cdn.tripadvisor.com/media/photo-o/2f/84/db/cc/caption.jpg?w=900&h=500&s=1,https://www.tripadvisor.com/Restaurant_Review-g294197-d33020126-Reviews-Legendary_Ribs_Seoul_City_Hall-Seoul.html
12936608,HAJJkoreahalalfood,+82 10-4996-5986,"39 Usadan-ro 10-gil, Yongsan-gu near the Seoul Central Mosque, Itaewon",04405,37.533306,126.99801,"Asian, Korean",Sun 10:00~20:00 / Mon 10:00~20:00 / Wed 10:00~20:00 / Thu 10:00~20:00 / Fri 10:00~20:00 / Sat 10:00~20:00,"Our store does not have holidays.It is always open, so please note that it closes until 1:00 am.Thank you",https://dynamic-media-cdn.tripadvisor.com/media/photo-o/11/f4/6d/77/hajj-korean-halal-restaurant.jpg?w=900&h=500&s=1,https://www.tripadvisor.com/Restaurant_Review-g294197-d12936608-Reviews-HAJJkoreahalalfood-Seoul.html
12276427,"Teppan, Grand Hyatt Seoul",+82 2-799-8272,"322 Sowol-ro, Yongsan-gu Ll, Grand Hyatt Seoul",04347,37.539524,126.99784,"Seafood, International, European",Sun 11:30~13:00 / Sun 13:30~15:00 / Sun 18:00~22:00 / Mon 12:00~15:00 / Mon 18:00~22:00 / Tue 12:00~15:00 / Tue 18:00~22:00 / Wed 12:00~15:00 / Wed 18:00~22:00 / Thu 12:00~15:00 / Thu 18:00~22:00 / Fri 12:00~15:00 / Fri 18:00~22:00 / Sat 11:30~13:00 / Sat 13:30~15:00 / Sat 18:00~22:00,"The perfect blend of Korean ingredients and modern expressions. Teppan expresses inspiration from Korea’s seasonal ingredients with modern imagination. Start your culinary journey through our tasting menu, showcasing the regional terroir and seasonality. Experience the sophisticated delicacy of Chef Bae Seung Hyun, who uniquely and innovatively reinterpreted the blend of tradition and modernity.",https://dynamic-media-cdn.tripadvisor.com/media/photo-o/15/c5/8f/28/teppan.jpg?w=900&h=500&s=1,https://www.tripadvisor.com/Restaurant_Review-g294197-d12276427-Reviews-Teppan_Grand_Hyatt_Seoul-Seoul.html
6208070,Myeongdong Pizza,+82 2-777-8979,"22-2, Chungmuro 1-ga, Jung-gu 4F",04537,37.56216,126.985695,"Italian, Pizza, European",Sun 11:30~22:00 / Mon 11:30~22:00 / Tue 11:30~22:00 / Wed 11:30~22:00 / Thu 11:30~22:00 / Fri 11:30~22:00 / Sat 11:30~22:00,"Lunch, Dinner, Drinks",https://dynamic-media-cdn.tripadvisor.com/media/photo-o/0b/50/12/15/20160518-190221-largejpg.jpg?w=900&h=-1&s=1,https://www.tripadvisor.com/Restaurant_Review-g294197-d6208070-Reviews-Myeongdong_Pizza-Seoul.html
8786818,Gatten Sushi,+82 2-2051-1477,"109, Teheran-ro, Gangnam-gu",06134,37.49869,127.02919,"Japanese, Seafood, Sushi, Asian",Sun 11:00~21:30 / Mon 11:00~21:30 / Tue 11:00~21:30 / Wed 11:00~21:30 / Thu 11:00~21:30 / Fri 11:00~21:30 / Sat 11:00~21:30,"Lunch, Dinner",https://dynamic-media-cdn.tripadvisor.com/media/photo-o/2e/99/13/02/caption.jpg?w=900&h=500&s=1,https://www.tripadvisor.com/Restaurant_Review-g294197-d8786818-Reviews-Gatten_Sushi-Seoul.html
4050241,Persian Palace,+82 2-763-6050,"9, Sungkyunkwan-ro 6-gil, Jongno-gu",03074,37.58487,126.997536,"Middle Eastern, Persian",,"Vegetarian friendly, Halal",https://dynamic-media-cdn.tripadvisor.com/media/photo-o/0d/bf/35/37/caption.jpg?w=900&h=500&s=1,https://www.tripadvisor.com/Restaurant_Review-g294197-d4050241-Reviews-Persian_Palace-Seoul.html
9318260,Paris Baguette,,"133-1, Euljiro",,37.56654,126.99287,Cafe,,Vegetarian friendly,https://dynamic-media-cdn.tripadvisor.com/media/photo-o/0a/f1/41/6b/photo1jpg.jpg?w=900&h=500&s=1,https://www.tripadvisor.com/Restaurant_Review-g294197-d9318260-Reviews-Paris_Baguette-Seoul.html
8677934,Texas de Brazil,+82 2-6282-5000,"205, Sapyeong-daero, Seocho-gu",06545,37.503864,127.00629,"Steakhouse, Brazilian, Latin, Barbecue",Sun 11:00~15:00 / Sun 17:30~23:00 / Mon 11:00~15:00 / Mon 17:30~23:00 / Tue 11:00~15:00 / Tue 17:30~23:00 / Wed 11:00~15:00 / Wed 17:30~23:00 / Thu 11:00~15:00 / Thu 17:30~23:00 / Fri 11:00~15:00 / Fri 17:30~23:00 / Sat 11:00~15:00 / Sat 17:30~23:00,"Texas de Brazil is no ordinary steakhouse. It’s a dining experience like no other. Here, traditions of Brazilian cooking blend with Texas hospitality to create a lively atmosphere in an upscale setting. Your meal begins with a visit to our extravagant salad area where you can indulge in a wide array of seasonal roasted vegetables, fresh artisan breads, charcuterie, imported cheeses and other specialties. Then enjoy the rodizio-style dining that has made us famous. An endless parade of gaucho servers visits your table with skewers of freshly grilled beef, lamb, pork, chicken and Brazilian sausage carved directly onto your plate. It’s all served with authentic side dishes of garlic mashed potatoes, Brazilian cheese bread and sweet fried bananas. To complement your meal, select from our award-winning collection of wines or traditional Brazilian bar creations. And don’t forget to treat yourself to one of our decadent à la carte desserts.",https://dynamic-media-cdn.tripadvisor.com/media/photo-o/0d/73/63/e7/overview.jpg?w=900&h=500&s=1,https://www.tripadvisor.com/Restaurant_Review-g294197-d8677934-Reviews-Texas_de_Brazil-Seoul.html
7748536,Urban Garden,+82 2-777-2254,,,,,,,"Lunch, Dinner, Brunch, Drinks",https://dynamic-media-cdn.tripadvisor.com/media/photo-o/2c/86/7d/ef/caption.jpg?w=900&h=-1&s=1,https://www.tripadvisor.com/Restaurant_Review-g294197-d7748536-Reviews-Urban_Garden-Seoul.html
2428983,Zelen,+82 2-749-0600,"2F, 116-14, Itaewon dong, Yongsan gu",,37.534996,126.99238,"European, Eastern European",Sun 11:30~15:00 / Sun 17:30~21:00 / Mon 11:30~14:30 / Mon 18:00~22:00 / Tue 11:30~14:30 / Tue 18:00~22:00 / Wed 11:30~14:30 / Wed 18:00~22:00 / Thu 11:30~14:30 / Thu 18:00~22:00 / Fri 11:30~14:30 / Fri 18:00~22:00 / Sat 11:30~15:00 / Sat 17:30~22:00,"Vegetarian friendly, Vegan options, Gluten free options",https://dynamic-media-cdn.tripadvisor.com/media/photo-o/14/2e/df/a4/photo3jpg.jpg?w=900&h=500&s=1,https://www.tripadvisor.com/Restaurant_Review-g294197-d2428983-Reviews-Zelen-Seoul.html
3694381,Cornerstone - Park Hyatt Seoul,+82 2-2016-1235,"606, Teheran-ro 2F, Park Hyatt Seoul, Gangnam-gu",06174,37.50858,127.06416,Italian,Sun 06:30~10:30 / Sun 12:00~15:00 / Sun 18:00~22:00 / Mon 06:30~10:00 / Mon 11:30~14:30 / Mon 18:00~22:00 / Tue 06:30~10:00 / Tue 11:30~14:30 / Tue 18:00~22:00 / Wed 06:30~10:00 / Wed 11:30~14:30 / Wed 18:00~22:00 / Thu 06:30~10:00 / Thu 11:30~14:30 / Thu 18:00~22:00 / Fri 06:30~10:00 / Fri 11:30~14:30 / Fri 18:00~22:00 / Sat 06:30~10:30 / Sat 12:00~15:00 / Sat 18:00~22:00,Vegetarian friendly,https://dynamic-media-cdn.tripadvisor.com/media/photo-o/26/75/ab/70/cornerstone-chef.jpg?w=900&h=500&s=1,https://www.tripadvisor.com/Restaurant_Review-g294197-d3694381-Reviews-Cornerstone_Park_Hyatt_Seoul-Seoul.html
16656314,Jongro Dodam,+82 2-733-9850,"78, Sambong-ro, Jongno-gu",03158,37.57207,126.9814,"Asian, Korean",Sun 11:00~15:00 / Sun 17:00~22:00 / Mon 11:00~15:00 / Mon 17:00~22:00 / Tue 11:00~15:00 / Tue 17:00~22:00 / Wed 11:00~15:00 / Wed 17:00~22:00 / Thu 11:00~15:00 / Thu 17:00~22:00 / Fri 11:00~15:00 / Fri 17:00~22:00 / Sat 11:00~15:00 / Sat 17:00~22:00,"It is a Korean restaurant specializing in Kaesong Bossam, Kimchi Steam, and Makkoli. It is located near Gyeongbokgung and Cheonggyecheon. It is close to Jonggak Station 2 exit. There are many tourist hotels nearby.",https://dynamic-media-cdn.tripadvisor.com/media/photo-o/28/25/08/6e/set-menu.jpg?w=700&h=400&s=1,https://www.tripadvisor.com/Restaurant_Review-g294197-d16656314-Reviews-Jongro_Dodam-Seoul.html
27661093,Jangsu Sky Beef Insadong,+82 2-735-9929,"B1, 34-1 Insadong-gil",,37.573853,126.98561,"Steakhouse, Barbecue, Korean, Grill",Sun 11:30~21:30 / Mon 11:30~21:30 / Tue 11:30~21:30 / Wed 11:30~21:30 / Thu 11:30~21:30 / Fri 11:30~21:30 / Sat 11:30~21:30,"Jangsu Sky Beef is a premium Hanwoo Korean BBQ restaurant located in the cultural heart of Insadong, Jongno, Seoul — conveniently situated between Gwanghwamun and Jongno. We specialize exclusively in 1++ No.9 Hanwoo, the highest grade of Korean native beef, known for its exceptional marbling, tenderness, and rich flavor. Premium cuts such as ribeye, tenderloin, and striploin are expertly grilled at your table by trained staff, allowing you to enjoy authentic Korean BBQ in the best possible way. In addition to grilled Hanwoo, we also offer signature Korean meals such as Bulgogi Hot Pot, Hanwoo Shabu-Shabu, and Braised Short Ribs (Galbijjim), providing different ways to explore the depth of Korean beef cuisine. After exploring the traditional streets and galleries of Insadong, enjoy a refined Hanwoo dining experience at Jangsu Sky Beef.",https://dynamic-media-cdn.tripadvisor.com/media/photo-o/31/18/5b/b7/premium-hanwoo-ribeye.jpg?w=900&h=500&s=1,https://www.tripadvisor.com/Restaurant_Review-g294197-d27661093-Reviews-Jangsu_Sky_Beef_Insadong-Seoul.html
5927602,Butcher's Cut,+82 2-798-8782,"738-23 Hannam-dong, Yongsan-gu",,37.536022,127.00007,Steakhouse,Sun 11:30~22:00 / Tue 10:00~22:00 / Wed 10:00~22:00 / Thu 10:00~22:00 / Fri 10:00~23:00 / Sat 10:00~23:00,"Lunch, Dinner",https://dynamic-media-cdn.tripadvisor.com/media/photo-o/21/cf/40/f6/caption.jpg?w=900&h=500&s=1,https://www.tripadvisor.com/Restaurant_Review-g294197-d5927602-Reviews-Butcher_s_Cut-Seoul.html
26374455,Secondaire Live,+82 70-4419-3015,"34, Seoulsup 2-gil 2nd Floor",,37.546524,127.04235,"Cafe, International, Fusion",Sun 09:00~20:00 / Mon 09:00~18:00 / Tue 09:00~18:00 / Wed 09:00~18:00 / Thu 09:00~18:00 / Fri 09:00~20:00 / Sat 09:00~20:00,Brunch cafe located in Seoul Forest,https://dynamic-media-cdn.tripadvisor.com/media/photo-o/2d/1f/bb/64/30-variety-condiment.jpg?w=900&h=500&s=1,https://www.tripadvisor.com/Restaurant_Review-g294197-d26374455-Reviews-Secondaire_Live-Seoul.html
1485843,Jeontong Dawon,+82 2-730-6305,"11-4, Insadong 10-gil, Jongno-gu Kyung-In Museum of Fine Art",,37.57452,126.98559,Cafe,,Drinks,https://dynamic-media-cdn.tripadvisor.com/media/photo-o/0f/34/0b/75/photo1jpg.jpg?w=900&h=500&s=1,https://www.tripadvisor.com/Restaurant_Review-g294197-d1485843-Reviews-Jeontong_Dawon-Seoul.html
3572888,Pizzeria d' Buzza,+82 2-794-9474,"28, Itaewon-ro 55ga-gil, Yongsan-gu",04348,37.5372,127.000015,"Italian, Pizza",Sun 11:30~22:30 / Mon 11:30~15:00 / Mon 17:30~21:30 / Tue 11:30~15:00 / Tue 17:30~21:30 / Wed 11:30~15:00 / Wed 17:30~21:30 / Thu 11:30~15:00 / Thu 17:30~21:30 / Fri 11:30~15:00 / Fri 17:30~21:30 / Sat 11:30~22:30,Vegetarian friendly,https://dynamic-media-cdn.tripadvisor.com/media/photo-o/0c/b1/06/b2/photo0jpg.jpg?w=700&h=400&s=1,https://www.tripadvisor.com/Restaurant_Review-g294197-d3572888-Reviews-Pizzeria_d_Buzza-Seoul.html
12804774,Bar 81,+82 2-3213-1281,"300, Olympic-ro, Songpa-gu 81F, Lotte World Tower",05551,37.512794,127.10256,"French, Bar, Pub, Wine Bar",,"Bar 81 is an upscale champagne bar with panoramic sky view. Guests can enjoy various liquors against the backdrop of magnificent sky views with Parisian menus of chef Yannick Alleno, as well as a wide range of champagnes, wines, hard liquor, beer and cocktails.",https://dynamic-media-cdn.tripadvisor.com/media/photo-o/10/44/4b/97/getlstd-property-photo.jpg?w=700&h=-1&s=1,https://www.tripadvisor.com/Restaurant_Review-g294197-d12804774-Reviews-Bar_81-Seoul.html
14078142,Myeongdong-Seoseo Galbi,+82 2-318-6400,"20-8 Myeongdong 7ga-gil, Jung-gu",04537,37.564766,126.98326,"Asian, Korean",Sun 11:00~01:00 / Mon 11:00~01:00 / Tue 11:00~01:00 / Wed 11:00~01:00 / Thu 11:00~01:00 / Fri 11:00~01:00 / Sat 11:00~01:00,"Lunch, Dinner",https://dynamic-media-cdn.tripadvisor.com/media/photo-o/2a/4e/05/40/c.jpg?w=900&h=500&s=1,https://www.tripadvisor.com/Restaurant_Review-g294197-d14078142-Reviews-Myeongdong_Seoseo_Galbi-Seoul.html
9222294,Tous Les Jours,+82 2-319-7863,,,,,,,"Breakfast, Brunch",https://dynamic-media-cdn.tripadvisor.com/media/photo-o/16/19/3f/f5/dsc-0170-largejpg.jpg?w=700&h=400&s=1,https://www.tripadvisor.com/Restaurant_Review-g294197-d9222294-Reviews-Tous_Les_Jours-Seoul.html
6620072,Brooklyn The Burger Joint Samsung,+82 2-555-7180,"10, Bongeunsa-ro 84-gil, Gangnam-gu",06163,37.512836,127.05592,"American, Fast Food, Diner",,"Lunch, Dinner",https://dynamic-media-cdn.tripadvisor.com/media/photo-o/0b/32/74/5b/photo1jpg.jpg?w=900&h=500&s=1,https://www.tripadvisor.com/Restaurant_Review-g294197-d6620072-Reviews-Brooklyn_The_Burger_Joint_Samsung-Seoul.html
7266524,Walking on the Cloud,+82 2-789-5904,"50, 63-ro, Yeongdeungpo-gu",,37.5198,126.940186,European,Sun 11:30~15:00 / Sun 17:30~22:00 / Mon 11:30~15:00 / Mon 17:30~22:00 / Tue 11:30~15:00 / Tue 17:30~22:00 / Wed 11:30~15:00 / Wed 17:30~22:00 / Thu 11:30~15:00 / Thu 17:30~22:00 / Fri 11:30~15:00 / Fri 17:30~22:00 / Sat 11:30~15:00 / Sat 17:30~22:00,"Lunch, Dinner",https://dynamic-media-cdn.tripadvisor.com/media/photo-o/07/10/9a/12/caption.jpg?w=900&h=500&s=1,https://www.tripadvisor.com/Restaurant_Review-g294197-d7266524-Reviews-Walking_on_the_Cloud-Seoul.html
12631150,Jalppajin Ikseon,+82 70-4531-1214,"73, Yulgok-ro 8-gil, Jongno-gu",03134,37.574005,126.99145,"Asian, Korean",Mon 11:00~21:30 / Tue 11:00~21:30 / Wed 11:00~21:30 / Thu 11:00~21:30 / Fri 11:00~21:30 / Sat 11:00~21:30,We are serving korean traditional food . Espesially focus on buckwheat dishes noddles pancake craker and ten type of makgilli.,https://dynamic-media-cdn.tripadvisor.com/media/photo-o/17/2c/18/d9/caption.jpg?w=900&h=500&s=1,https://www.tripadvisor.com/Restaurant_Review-g294197-d12631150-Reviews-Jalppajin_Ikseon-Seoul.html
1485848,Samcheon-dong Sujebi,+82 2-735-2965,"102 Samcheon-dong, Jongro-gu",,37.58458,126.98208,"Asian, Korean, Soups",Sun 11:00~21:00 / Mon 11:00~21:00 / Tue 11:00~21:00 / Wed 11:00~21:00 / Thu 11:00~21:00 / Fri 11:00~21:00 / Sat 11:00~21:00,"Lunch, Dinner, Brunch",https://dynamic-media-cdn.tripadvisor.com/media/photo-o/0a/d7/37/98/samcheon-dong-sujebi.jpg?w=900&h=500&s=1,https://www.tripadvisor.com/Restaurant_Review-g294197-d1485848-Reviews-Samcheon_dong_Sujebi-Seoul.html
6352912,Soigne Restaurant,+82 2-3477-9386,652 Gangnamdaero Gangnamgu 2F Sinsa Square,06027,37.51934,127.01905,"French, Asian, Korean, Contemporary",Sun 12:00~15:00 / Sun 18:00~22:00 / Tue 12:00~15:00 / Tue 18:00~22:00 / Wed 12:00~15:00 / Wed 18:00~22:00 / Thu 12:00~15:00 / Thu 18:00~22:00 / Fri 12:00~15:00 / Fri 18:00~22:00 / Sat 12:00~15:00 / Sat 18:00~22:00,"Accepts credit cards: American Express, Discover, Mastercard, Visa",https://dynamic-media-cdn.tripadvisor.com/media/photo-o/29/03/ca/51/caption.jpg?w=900&h=500&s=1,https://www.tripadvisor.com/Restaurant_Review-g294197-d6352912-Reviews-Soigne_Restaurant-Seoul.html
4050037,Insadong Geu Jib,+82 2-737-0575,"3, Insadong 12-gil, Jongno-gu",03146,37.574394,126.98467,"Seafood, Barbecue, Korean, Healthy, Soups",,"Accepts credit cards: Mastercard, Visa",https://dynamic-media-cdn.tripadvisor.com/media/photo-o/18/83/0f/65/photo2jpg.jpg?w=900&h=500&s=1,https://www.tripadvisor.com/Restaurant_Review-g294197-d4050037-Reviews-Insadong_Geu_Jib-Seoul.html
13923426,Bombay Grill Itaewon,+82 2-792-7155,"11, Usadan-ro 10-gil, Yongsan-gu",04405,37.53316,126.99622,"Indian, Asian, Pakistani",Sun 11:00~22:00 / Mon 11:00~22:00 / Tue 11:00~22:00 / Wed 11:00~22:00 / Thu 11:00~22:00 / Fri 11:00~22:00 / Sat 11:00~22:00,This is Authentic and Halal Indian restaurant for Tourists. We are welcome Vegetarian guests also,https://dynamic-media-cdn.tripadvisor.com/media/photo-o/05/f5/fb/67/interior.jpg?w=800&h=-1&s=1,https://www.tripadvisor.com/Restaurant_Review-g294197-d13923426-Reviews-Bombay_Grill_Itaewon-Seoul.html
24107391,Gordon Ramsay Burger,+82 2-3213-4797,"300 Olympic-ro, Songpa-gu Lotte World Tower Mall, B1",05551,37.513447,127.104164,"Native American, Dining bars",Sun 10:30~22:00 / Mon 10:30~22:00 / Tue 10:30~22:00 / Wed 10:30~22:00 / Thu 10:30~22:00 / Fri 10:30~22:00 / Sat 10:30~22:00,Accepts Credit Cards,https://dynamic-media-cdn.tripadvisor.com/media/photo-o/25/bd/88/19/gordon-ramsay-burger.jpg?w=600&h=400&s=1,https://www.tripadvisor.com/Restaurant_Review-g294197-d24107391-Reviews-Gordon_Ramsay_Burger-Seoul.html
12728511,Maison de Paris,+82 2-6083-1626,"33-4, Supyo-ro 28-gil, Jongno-gu",03133,37.573338,126.99027,"French, Brew Pub, Wine Bar",Sun 11:30~23:00 / Mon 11:30~15:00 / Mon 17:00~23:00 / Tue 11:30~15:00 / Tue 17:00~23:00 / Wed 11:30~15:00 / Wed 17:00~23:00 / Thu 11:30~15:00 / Thu 17:00~23:00 / Fri 11:30~15:00 / Fri 17:00~23:00 / Sat 11:30~23:00,"Maison de paris is located in ikseon-dong, a hidden treasure in the bustling city. Ikseon-dong is gaining attention as a new attraction in seoul. Despite being in one of the oldest neighberhoods in the center of seoul.",https://dynamic-media-cdn.tripadvisor.com/media/photo-o/1a/42/80/a2/20191204-131528-largejpg.jpg?w=900&h=-1&s=1,https://www.tripadvisor.com/Restaurant_Review-g294197-d12728511-Reviews-Maison_de_Paris-Seoul.html
34273883,yugjeubgwanliso dongdaemunjeom,,euljilo43gil 7 1cheung2cheung,,37.567333,127.00714,"Asian, Korean",,"Accepts credit cards: American Express, Mastercard, Visa",https://dynamic-media-cdn.tripadvisor.com/media/photo-o/32/f0/49/d1/caption.jpg?w=600&h=400&s=1,https://www.tripadvisor.com/Restaurant_Review-g294197-d34273883-Reviews-Yugjeubgwanliso_dongdaemunjeom-Seoul.html
3336085,Jinsadaek - Myeongdong,+82 2-774-9605,"30-1, Myeongdong-gil, Jung-gu What3words: ///emblem.haunts.callers",04536,37.563652,126.98393,"Asian, Korean",Sun 11:30~21:00 / Mon 11:30~21:00 / Tue 11:30~21:00 / Wed 11:30~21:00 / Thu 11:30~21:00 / Fri 11:30~21:00 / Sat 11:30~21:00,"For a taste of traditional Korea, you need to look no further than Jinsadaek, conveniently tucked away in a back alley in Seoul's visitor favorite, Myeongdong. Famous for our Hanjeongsik, a traditional, lavish multi-course meal, Jinsadaek offers you more than just a sample of the signature flavors of different regions of the country. The hanok-styled environment lets you immerse yourself fully in the Korean dining atmosphere, and the live gayageum performances in the evenings will entertain you throughout your dinner while offering a glimpse of Korea's traditional arts.",https://dynamic-media-cdn.tripadvisor.com/media/photo-o/12/1d/d0/20/only-restaurant-with.jpg?w=800&h=-1&s=1,https://www.tripadvisor.com/Restaurant_Review-g294197-d3336085-Reviews-Jinsadaek_Myeongdong-Seoul.html
10536992,"Cafe Madang, Maison Hermès Dosan Park",+82 2-3015-3248,"7, Dosan-Daero 45-Gil, Gangnam-Gu B2",06021,37.522846,127.03558,Cafe,Sun 11:00~19:00 / Mon 11:00~19:00 / Tue 11:00~19:00 / Wed 11:00~19:00 / Thu 11:00~19:00 / Fri 11:00~19:00 / Sat 11:00~19:00,Vegetarian friendly,https://dynamic-media-cdn.tripadvisor.com/media/photo-o/15/3f/fa/02/photo1jpg.jpg?w=900&h=500&s=1,https://www.tripadvisor.com/Restaurant_Review-g294197-d10536992-Reviews-Cafe_Madang_Maison_Hermes_Dosan_Park-Seoul.html
9318965,Park Cafe,+82 2-2090-8000,"8, Yeoui-daero, Yeongdeungpo-gu Marriott Executive Apt. Yeouido Park Center",07320,37.52104,126.91847,"American, Bar, Cafe, International, Pub, Healthy",Sun 07:00~22:00 / Mon 07:00~22:00 / Tue 07:00~22:00 / Wed 07:00~22:00 / Thu 07:00~22:00 / Fri 07:00~22:00 / Sat 07:00~22:00,"Savor innovative contemporary fine dining dishes, expertly crafted by our chefs using superbly fresh, sustainable ingredients. Dine in one of six private dining rooms and unwind at the bar, both offering panoramic views of Yeouido Park’s lush greenery.",https://dynamic-media-cdn.tripadvisor.com/media/photo-o/2e/f1/7f/95/park-bar.jpg?w=900&h=500&s=1,https://www.tripadvisor.com/Restaurant_Review-g294197-d9318965-Reviews-Park_Cafe-Seoul.html
5035629,Gobong Samgyetang,+82 2-756-2300,"21, Myeongdong 7-gil, Jung-gu",04534,37.56479,126.98375,"Asian, Korean, Soups",Sun 09:00~22:00 / Mon 09:00~22:00 / Tue 09:00~22:00 / Wed 09:00~22:00 / Thu 09:00~22:00 / Fri 09:00~22:00 / Sat 09:00~22:00,"Lunch, Dinner, Brunch",https://dynamic-media-cdn.tripadvisor.com/media/photo-o/2e/57/ad/8b/caption.jpg?w=900&h=500&s=1,https://www.tripadvisor.com/Restaurant_Review-g294197-d5035629-Reviews-Gobong_Samgyetang-Seoul.html
25306508,Gunja Daehan Gopchang Myeongdong,+82 10-8351-8126,"18-1, Myeongdong 7-gil, Jung-gu",04534,37.564552,126.984406,"Barbecue, Korean, Grill, Diner, Indigenous",Sun 11:00~02:00 / Mon 11:00~02:00 / Tue 11:00~02:00 / Wed 11:00~02:00 / Thu 11:00~02:00 / Fri 11:00~02:00 / Sat 11:00~02:00,"Digital Payments, Accepts credit cards: Visa",https://dynamic-media-cdn.tripadvisor.com/media/photo-o/28/61/cd/18/how-to-eat-gopchang.jpg?w=700&h=400&s=1,https://www.tripadvisor.com/Restaurant_Review-g294197-d25306508-Reviews-Gunja_Daehan_Gopchang_Myeongdong-Seoul.html
8638981,Kervan Turkish Restaurant COEX Mall,+82 2-556-4767,"513, Yeongdong-daero, Gangnam-gu Coex Mall B1",06164,37.511368,127.059265,"Mediterranean, Turkish, Middle Eastern",Sun 11:00~22:00 / Mon 11:00~22:00 / Tue 11:00~22:00 / Wed 11:00~22:00 / Thu 11:00~22:00 / Fri 11:00~22:00 / Sat 11:00~22:00,Traditional Turkish Restaurant & Halal Food in Korea Kervan Turkish Restaurant,https://dynamic-media-cdn.tripadvisor.com/media/photo-o/0d/8d/24/49/kervan-itaewon-interior.jpg?w=900&h=500&s=1,https://www.tripadvisor.com/Restaurant_Review-g294197-d8638981-Reviews-Kervan_Turkish_Restaurant_COEX_Mall-Seoul.html
33673068,Soul Hanwoo,+82 2-702-0101,16 Samgaero,,37.539062,126.94723,"Barbecue, Asian, Korean, Grill",Mon 11:30~15:00 / Mon 17:00~22:30 / Tue 11:30~15:00 / Tue 17:00~22:30 / Wed 11:30~15:00 / Wed 17:00~22:30 / Thu 11:30~15:00 / Thu 17:00~22:30 / Fri 11:30~15:00 / Fri 17:00~22:30 / Sat 11:30~22:00,"Lunch, Dinner",https://dynamic-media-cdn.tripadvisor.com/media/photo-o/31/1e/b5/5a/caption.jpg?w=900&h=500&s=1,https://www.tripadvisor.com/Restaurant_Review-g294197-d33673068-Reviews-Soul_Hanwoo-Seoul.html
27936979,Thai 24,+82 507-1391-3150,"33 Myeongdong 9-gil, Jung-gu 3rd Floor",04534,37.565247,126.98417,Thai,Sun 11:00~21:00 / Mon 11:00~21:00 / Tue 11:00~21:00 / Wed 11:00~21:00 / Thu 11:00~21:00 / Fri 11:00~21:00,"Lunch, Dinner",https://dynamic-media-cdn.tripadvisor.com/media/photo-o/2d/41/a7/2e/caption.jpg?w=900&h=500&s=1,https://www.tripadvisor.com/Restaurant_Review-g294197-d27936979-Reviews-Thai_24-Seoul.html
3462970,Sam Ryan's Sports Bar & Grill,+82 2-749-7933,"50, Itaewon-ro 27ga-gil, Yongsan-gu",04350,37.534973,126.99261,"American, Bar, Pub, Gastropub",Sun 18:00~05:00 / Mon 18:00~05:00 / Tue 18:00~05:00 / Wed 18:00~05:00 / Thu 18:00~05:00 / Fri 18:00~05:00 / Sat 18:00~05:00,Korean Owned and Run Resturant,https://dynamic-media-cdn.tripadvisor.com/media/photo-o/0f/a7/fc/4e/sr.jpg?w=900&h=500&s=1,https://www.tripadvisor.com/Restaurant_Review-g294197-d3462970-Reviews-Sam_Ryan_s_Sports_Bar_Grill-Seoul.html
33409890,스시도쿠 엔 고덕이케아점,,Godeok-dong Gangdong-gu,05203,37.56688,127.157234,"Japanese, Sushi",Sun 23:00~21:00 / Mon 23:00~21:00 / Tue 23:00~21:00 / Wed 23:00~21:00 / Thu 23:00~21:00 / Fri 23:00~21:00 / Sat 23:00~21:00,"Japanese, Sushi",https://dynamic-media-cdn.tripadvisor.com/media/photo-o/30/eb/95/dc/caption.jpg?w=900&h=500&s=1,https://www.tripadvisor.com/Restaurant_Review-g294197-d33409890-Reviews-Seoul.html
3682371,Brick Oven New York Pizzeria,+82 2-508-1325,"2F. 617-4 Yeoksam-dong, Gangnam-gu",,37.5031,127.02783,"Italian, Pizza",Sun 11:30~22:30 / Mon 11:30~22:30 / Tue 11:30~22:30 / Wed 11:30~22:30 / Thu 11:30~22:30 / Fri 11:30~23:00 / Sat 11:30~23:00,Vegetarian friendly,https://dynamic-media-cdn.tripadvisor.com/media/photo-o/03/ef/ca/13/brick-oven-new-york-pizzeria_rotated_90.jpg?w=500&h=300&s=1,https://www.tripadvisor.com/Restaurant_Review-g294197-d3682371-Reviews-Brick_Oven_New_York_Pizzeria-Seoul.html
34273249,laemtulaem,+82 10-8630-1888,gasandijiteol1lo 233 101ho,08501,37.48594,126.87848,"Chinese, Barbecue, Asian, Korean, Grill",Mon 11:00~22:00 / Tue 11:00~22:00 / Wed 11:00~22:00 / Thu 11:00~22:00 / Fri 11:00~22:00 / Sat 15:00~22:00,Accepts Credit Cards,https://dynamic-media-cdn.tripadvisor.com/media/photo-o/32/d5/7d/0a/caption.jpg?w=700&h=400&s=1,https://www.tripadvisor.com/Restaurant_Review-g294197-d34273249-Reviews-Laemtulaem-Seoul.html
1073239,Sushi Hyo,+82 2-545-0023,"21-16 Chundam-dong, Gangnam-gu",,37.522057,127.0417,"Japanese, Sushi, Asian",,"Table Service, Takeout",https://dynamic-media-cdn.tripadvisor.com/media/photo-o/17/b3/3b/d9/photo1jpg.jpg?w=900&h=-1&s=1,https://www.tripadvisor.com/Restaurant_Review-g294197-d1073239-Reviews-Sushi_Hyo-Seoul.html
23793660,Woody Plate,+82 2-3408-5050,"689, Samyang-ro, Gangbuk-gu 2F, Block 114, Paraspara",,37.637028,127.01704,"Chinese, Barbecue, Sushi, Asian, Korean, Fusion",Sun 07:00~21:00 / Mon 07:00~21:00 / Tue 07:00~21:00 / Wed 07:00~21:00 / Thu 07:00~21:00 / Fri 07:00~21:00 / Sat 07:00~21:00,"Breakfast, Lunch, Dinner",https://dynamic-media-cdn.tripadvisor.com/media/photo-o/28/78/59/88/caption.jpg?w=900&h=-1&s=1,https://www.tripadvisor.com/Restaurant_Review-g294197-d23793660-Reviews-Woody_Plate-Seoul.html
9018791,Korea Ginseng Chicken Soup,+82 2-752-9376,"1, Seosomun-ro 11-gil, Jung-gu 3f",04516,37.56296,126.9729,Korean,,"Lunch, Dinner",https://dynamic-media-cdn.tripadvisor.com/media/photo-o/15/7b/9a/58/20181117-183629-largejpg.jpg?w=700&h=400&s=1,https://www.tripadvisor.com/Restaurant_Review-g294197-d9018791-Reviews-Korea_Ginseng_Chicken_Soup-Seoul.html
4074239,Pairing Room,+82 10-3100-8861,"14, Dosan-daero 81-gil, Gangnam-gu",06011,37.525276,127.04764,"Italian, European",Sun 11:00~00:00 / Mon 11:00~00:00 / Tue 11:00~00:00 / Wed 11:00~00:00 / Thu 11:00~00:00 / Fri 11:00~00:00 / Sat 11:00~00:00,Vegetarian friendly,https://dynamic-media-cdn.tripadvisor.com/media/photo-o/17/10/7a/86/pairing-room.jpg?w=900&h=500&s=1,https://www.tripadvisor.com/Restaurant_Review-g294197-d4074239-Reviews-Pairing_Room-Seoul.html
4078634,Mijin,+82 2-730-6198,"24, Jongno1-ga, Jongno-gu Le Meilleur Bldg. 1",,37.570183,126.9798,"Asian, Korean",,"Vegetarian friendly, Vegan options",https://dynamic-media-cdn.tripadvisor.com/media/photo-o/2d/af/a1/a5/caption.jpg?w=900&h=500&s=1,https://www.tripadvisor.com/Restaurant_Review-g294197-d4078634-Reviews-Mijin-Seoul.html
34275110,Yeongchun Galbi,,"161-8 Magokjungang-ro 101, 1st Floor, Building C",,37.56883,126.82745,"Barbecue, Asian, Korean",Sun 17:00~22:00 / Mon 17:00~23:00 / Tue 17:00~23:00 / Wed 17:00~23:00 / Thu 17:00~23:00 / Fri 17:00~23:00 / Sat 17:00~22:00,Dinner,https://dynamic-media-cdn.tripadvisor.com/media/photo-o/33/6d/e9/a7/caption.jpg?w=900&h=500&s=1,https://www.tripadvisor.com/Restaurant_Review-g294197-d34275110-Reviews-Yeongchun_Galbi-Seoul.html
8999812,Haidilao - Myeongdong,+82 2-6361-8260,"78, Namdaemun-ro, Jung-gu",04534,37.564167,126.983055,"Chinese, Asian, Korean, Healthy",,"Chinese, Asian, Korean, Healthy",https://dynamic-media-cdn.tripadvisor.com/media/photo-o/1c/14/c7/88/20200926-190432-largejpg.jpg?w=900&h=500&s=1,https://www.tripadvisor.com/Restaurant_Review-g294197-d8999812-Reviews-Haidilao_Myeongdong-Seoul.html
9198567,Yeongdong Jokbal,+82 2-575-0250,1-8 Yangjae-dong,06738,37.48419,127.03831,"Asian, Korean",Sun 11:30~21:00 / Mon 11:30~23:00 / Tue 11:30~23:00 / Wed 11:30~23:00 / Thu 11:30~23:00 / Fri 11:30~23:00 / Sat 11:30~23:00,"Accepts credit cards: American Express, Discover, Mastercard, Visa",https://dynamic-media-cdn.tripadvisor.com/media/photo-o/31/bb/19/a0/caption.jpg?w=900&h=500&s=1,https://www.tripadvisor.com/Restaurant_Review-g294197-d9198567-Reviews-Yeongdong_Jokbal-Seoul.html
4166623,Bono Bono Samsung,+82 2-3288-8080,"B1F, 942-10, Daechi-dong, Gangnam-Gu",,37.507164,127.05815,"Japanese, Seafood, Sushi, Asian, Korean, Soups",Sun 11:30~15:30 / Sun 16:30~19:00 / Mon 11:30~15:30 / Mon 16:30~19:00 / Tue 11:30~15:30 / Tue 16:30~19:00 / Wed 11:30~15:30 / Wed 16:30~19:00 / Thu 11:30~15:30 / Thu 16:30~19:00 / Fri 11:30~15:30 / Fri 16:30~19:00 / Sat 11:30~15:30 / Sat 16:30~19:00,Vegetarian friendly,https://dynamic-media-cdn.tripadvisor.com/media/photo-o/06/2e/88/f2/bono-bono-samsung.jpg?w=900&h=500&s=1,https://www.tripadvisor.com/Restaurant_Review-g294197-d4166623-Reviews-Bono_Bono_Samsung-Seoul.html
33351227,Misikhoegwan Yongsan Branch,,55 Hangang-daero 23-gil Yongsan District,,37.529568,126.96416,"Chinese, Japanese, Asian, Korean",Sun 11:00~21:00 / Mon 11:00~21:00 / Tue 11:00~21:00 / Wed 11:00~21:00 / Thu 11:00~21:00 / Fri 11:00~21:00 / Sat 11:00~21:00,“Your neighborhood’s ultimate culinary destination – where signature dishes from all over the nation come together in one place!”,https://dynamic-media-cdn.tripadvisor.com/media/photo-o/31/40/be/44/caption.jpg?w=900&h=500&s=1,https://www.tripadvisor.com/Restaurant_Review-g294197-d33351227-Reviews-Misikhoegwan_Yongsan_Branch-Seoul.html
1367398,Samcheonggak Dawon,+82 2-765-3700,"3, Daesagwan-ro, Seongbuk-gu",02822,37.597157,126.98419,"Asian, Korean",,"Lunch, Dinner",https://dynamic-media-cdn.tripadvisor.com/media/photo-o/06/08/f4/e2/samcheonggak-korean-restaurant.jpg?w=900&h=500&s=1,https://www.tripadvisor.com/Restaurant_Review-g294197-d1367398-Reviews-Samcheonggak_Dawon-Seoul.html
9251203,Sum Cafe,+82 2-6002-5838,"11, Digital-ro33-Gil",,37.518044,127.050804,"Cafe, Asian, Korean",Sun 11:00~22:00 / Mon 11:00~22:00 / Tue 11:00~22:00 / Wed 11:00~22:00 / Thu 11:00~22:00 / Fri 11:00~22:00 / Sat 11:00~22:00,Accepts Credit Cards,https://dynamic-media-cdn.tripadvisor.com/media/photo-o/12/e2/90/bb/sum-cafe.jpg?w=600&h=400&s=1,https://www.tripadvisor.com/Restaurant_Review-g294197-d9251203-Reviews-Sum_Cafe-Seoul.html
8055074,Alice Cheongdam,+82 2-511-8420,"47, Dosan-daero 55-gil, Gangnam-gu B1f",06014,37.526646,127.041,"Bar, Asian, Korean",Sun 19:00~03:00 / Mon 19:00~03:00 / Tue 19:00~03:00 / Wed 19:00~03:00 / Thu 19:00~03:00 / Fri 19:00~03:00 / Sat 19:00~03:00,"The one and only place. Alice Cheongdam From the motivation of the fairy tail 'Alice in Wonderland', we planned and made a real 'Alice' in Seoul, Korea. We offer you happiness with cocktails you've never experienced. Take the main role of Alice for us.",https://dynamic-media-cdn.tripadvisor.com/media/photo-o/07/db/96/c5/getlstd-property-photo.jpg?w=900&h=500&s=1,https://www.tripadvisor.com/Restaurant_Review-g294197-d8055074-Reviews-Alice_Cheongdam-Seoul.html
12272097,Myth Jokbal,+82 2-6361-8799,"78, Namdaemun-ro, Jung-gu",04534,37.56441,126.98337,"Asian, Korean",Sun 11:00~03:00 / Mon 11:00~03:00 / Tue 11:00~03:00 / Wed 11:00~03:00 / Thu 11:00~03:00 / Fri 11:00~03:00 / Sat 11:00~03:00,"Korean Food Restaurant in Myeongdong, Seoul, Korea. We preovide fresh, delicious boiled JOKBAL everyday. (Our Best Menu) Original Jokbal / Real Garlic Jobkal / Perilla leag Hot Jokbal",https://dynamic-media-cdn.tripadvisor.com/media/photo-o/0e/c2/3f/9f/getlstd-property-photo.jpg?w=900&h=500&s=1,https://www.tripadvisor.com/Restaurant_Review-g294197-d12272097-Reviews-Myth_Jokbal-Seoul.html
5031065,La Goute,+82 2-2218-5770,"227-342, Jayang-dong, Gwangjin-gu B-3F, The Classic 500",143-854,37.538788,127.07108,"International, Asian, Korean",,Buffet,https://dynamic-media-cdn.tripadvisor.com/media/photo-o/2a/7c/ca/fd/caption.jpg?w=900&h=500&s=1,https://www.tripadvisor.com/Restaurant_Review-g294197-d5031065-Reviews-La_Goute-Seoul.html
9344455,The Original Pancake House,+82 2-511-7481,"41, Gangnam-daero 162-gil, Gangnam-gu",06028,37.534355,126.99104,,Sun 08:00~21:00 / Mon 09:00~21:00 / Tue 09:00~21:00 / Wed 09:00~21:00 / Thu 09:00~21:00 / Fri 09:00~21:00 / Sat 08:00~21:00,"Breakfast, Lunch, Dinner, Brunch",https://dynamic-media-cdn.tripadvisor.com/media/photo-o/29/d4/42/bc/caption.jpg?w=900&h=500&s=1,https://www.tripadvisor.com/Restaurant_Review-g294197-d9344455-Reviews-The_Original_Pancake_House-Seoul.html
2690788,Saffron Restaurant - Seoul,+82 2-6361-8644,"78, Namdaemun-ro, Jung-gu Lotte City Hotel",04534,37.56423,126.98301,"Asian, Middle Eastern, Pakistani, Arabic",Sun 11:00~23:00 / Mon 11:00~23:00 / Tue 11:00~23:00 / Wed 11:00~23:00 / Thu 11:00~23:00 / Fri 11:00~23:00 / Sat 11:00~23:00,"Saffron Restaurant located in Myeongdong, Seoul serves Halal Food, not a specific cuisine but Royal Islamic Cuisine ranging from Chicken, Mutton, Seafood to several Vegetarian options at its best",https://dynamic-media-cdn.tripadvisor.com/media/photo-o/11/b4/6a/1f/saffron-restaurant-terrace.jpg?w=900&h=500&s=1,https://www.tripadvisor.com/Restaurant_Review-g294197-d2690788-Reviews-Saffron_Restaurant_Seoul-Seoul.html
3371655,Paolo De Maria,+82 2-599-9936,"24, Yeonhui-ro 26-gil, Seodaemun-gu",03723,37.572716,126.936874,"Italian, Mediterranean",Sun 11:30~15:00 / Sun 17:30~22:00 / Mon 11:30~15:00 / Mon 17:30~22:00 / Wed 11:30~15:00 / Wed 17:30~22:00 / Thu 11:30~15:00 / Thu 17:30~22:00 / Fri 11:30~15:00 / Fri 17:30~22:00 / Sat 11:30~15:00 / Sat 17:30~22:00,Italian restaurant. Our menu includes tradictional italian food and Chef Paolo is the pioneer of the Italian food philosophy in South Korea,https://dynamic-media-cdn.tripadvisor.com/media/photo-o/12/6f/eb/03/paolodemaria.jpg?w=900&h=500&s=1,https://www.tripadvisor.com/Restaurant_Review-g294197-d3371655-Reviews-Paolo_De_Maria-Seoul.html
13347473,Sambong Dodam - Kalguksu,+82 50-71379-0443,45-5 Ujeongguk-ro 1F,,37.57299,126.9825,"Korean, Fusion",Sun 11:00~15:00 / Sun 17:00~22:00 / Mon 11:00~15:00 / Mon 17:00~22:00 / Tue 11:00~15:00 / Tue 17:00~22:00 / Wed 11:00~15:00 / Wed 17:00~22:00 / Thu 11:00~15:00 / Thu 17:00~22:00 / Fri 11:00~15:00 / Fri 17:00~22:00 / Sat 11:00~15:00 / Sat 17:00~22:00,"Bukchon Dodam will be renamed Sambong Dodam, welcoming guests with a new name and location. We will be relaunching in a two-story building, maintaining the same hospitality and food as before. We apologize for any inconvenience.",https://dynamic-media-cdn.tripadvisor.com/media/photo-o/31/d3/66/f2/1.jpg?w=900&h=500&s=1,https://www.tripadvisor.com/Restaurant_Review-g294197-d13347473-Reviews-Sambong_Dodam_Kalguksu-Seoul.html
3585169,Dugahun,+82 2-3210-2100,"109 Sagan-dong, Chongro-gu",,37.577133,126.97984,European,Tue 12:00~22:00 / Wed 12:00~22:00 / Thu 12:00~22:00 / Fri 12:00~22:00 / Sat 12:00~22:00,"Lunch, Dinner",https://dynamic-media-cdn.tripadvisor.com/media/photo-o/11/5f/74/39/photo0jpg.jpg?w=700&h=400&s=1,https://www.tripadvisor.com/Restaurant_Review-g294197-d3585169-Reviews-Dugahun-Seoul.html
2330074,The Timber House - Park Hyatt Seoul,+82 2-2016-1235,"606, Teheran-ro Park Hyatt Seoul, Gangnam-gu",06174,37.50858,127.06417,"Japanese, Bar, Seafood, International",Sun 17:00~00:00 / Mon 17:00~00:00 / Tue 17:00~00:00 / Wed 17:00~00:00 / Thu 17:00~00:00 / Fri 17:00~00:00 / Sat 17:00~00:00,"A premium vinyl music bar and restaurant offering an array of beverages and Japanese dishes As a sophisticated and modern cultural space, The Timber House offers an interior that is an ideal blend of traditional Korean details. The Timber House provides a selection of premium beverages, whiskeys, sakes, wine and signature cocktails, as well as fine cigars, all served with personalized and professional service. The venue’s culinary offerings include sushi, sashimi and various Japanese izakaya-style dishes such as ramen, donburi and yakimono.",https://dynamic-media-cdn.tripadvisor.com/media/photo-o/14/a1/1e/fe/cocktail-bar.jpg?w=900&h=500&s=1,https://www.tripadvisor.com/Restaurant_Review-g294197-d2330074-Reviews-The_Timber_House_Park_Hyatt_Seoul-Seoul.html
8973566,Ilpyeon Deungsim,+82 2-6212-1092,,,,,,,"Accepts credit cards: American Express, Visa",https://dynamic-media-cdn.tripadvisor.com/media/photo-o/29/f2/82/a3/caption.jpg?w=900&h=500&s=1,https://www.tripadvisor.com/Restaurant_Review-g294197-d8973566-Reviews-Ilpyeon_Deungsim-Seoul.html
12979587,Ashley Queens Jonggak Station Branch,+82 2-720-1031,"51, Jong-ro, Jongno-gu B1 Jongno Tower",03161,37.570366,126.98351,"Chinese, Japanese, American, Asian, Korean",Sun 11:00~21:00 / Mon 11:00~21:00 / Tue 11:00~21:00 / Wed 11:00~21:00 / Thu 11:00~21:00 / Fri 11:00~21:00 / Sat 11:00~21:00,"Want to immerse yourself in the Korean lifestyle? Dine where Koreans really line-up! Ashley Queens is Korea's No. 1 Buffet Brand that serves 20 million customers yearly. 

100 Minutes of Unlimited Food, Come Enjoy our 130 Menus! 
From Korean delicacies to Western favorites, try new flavors while indulging in your favorites.

With over 360 seats, Ashley Queens Jonggak Station Branch accommodates all occasions. Come with your friends, family and loved ones or by yourself!",https://dynamic-media-cdn.tripadvisor.com/media/photo-o/33/71/5a/49/caption.jpg?w=900&h=500&s=1,https://www.tripadvisor.com/Restaurant_Review-g294197-d12979587-Reviews-Ashley_Queens_Jonggak_Station_Branch-Seoul.html
1139517,Byeokje Galbi Sinchon,+82 2-392-8308,"13-20, Changcheon-dong, Seodaemun-gu",,37.55785,126.93781,"Barbecue, Asian, Korean, Grill",Sun 11:30~22:00 / Mon 11:30~22:00 / Tue 11:30~22:00 / Wed 11:30~22:00 / Thu 11:30~22:00 / Fri 11:30~22:00 / Sat 11:30~22:00,"Accepts credit cards: Mastercard, Visa",https://dynamic-media-cdn.tripadvisor.com/media/photo-o/06/aa/be/23/byeokje-galbi.jpg?w=900&h=500&s=1,https://www.tripadvisor.com/Restaurant_Review-g294197-d1139517-Reviews-Byeokje_Galbi_Sinchon-Seoul.html
9250108,SUDAM Korean Traditional Food Restaurant,+82 2-558-4900,"418, Bongeunsa-Ro, Gangnam-gu",,37.51047,127.04597,"Asian, Korean",Sun 12:00~22:00 / Mon 11:30~22:00 / Tue 11:30~22:00 / Wed 11:30~22:00 / Thu 11:30~22:00 / Fri 00:00~22:00 / Sat 12:00~22:00,"- Korean food at its best, Sudam ""Hanjeongsik ( traditional Korean food course) Specialty Restaurant"" By Hanjeongsik specialty restaurant, it means that highly qualified chefs specialized in Korean food prepare traditional Korean food and various specialty dishes right on site and present them in a full-course form. Among numerous Hanjeongsik course specialty restaurants in Gangnam, Sudam is widely loved by Koreans and foreigners alike. The head chef of Sudam has obtained the status of Master Craftsman Cook that is only given to the most qualified and talented cooks in Korea ; he incorporates fresh, local ingredients and regional specialty ingredients in his creation as much as possible, maximizing not only the flavor of the food, but also health benefits within. ""Sudam"" represents the Hanjeongsik specialty restaurant in Korea.",https://dynamic-media-cdn.tripadvisor.com/media/photo-o/13/96/87/76/korean-restaurant-sudam.jpg?w=900&h=500&s=1,https://www.tripadvisor.com/Restaurant_Review-g294197-d9250108-Reviews-SUDAM_Korean_Traditional_Food_Restaurant-Seoul.html
7905830,The Square,+82 2-531-6618,"130, Bongeunsa-ro, Gangnam-gu 2F, Novotel Ambassador Seoul Gangnam",06124,37.50566,127.0287,"Japanese, International, Asian, Korean, Grill, Fusion",Sun 06:30~10:30 / Sun 12:00~15:00 / Sun 17:30~21:30 / Wed 06:00~10:30 / Wed 12:00~15:00 / Wed 18:00~21:30 / Thu 06:00~10:30 / Thu 12:00~15:00 / Thu 18:00~21:30 / Fri 06:00~10:30 / Fri 12:00~15:00 / Fri 18:00~21:30 / Sat 06:30~10:30 / Sat 12:00~15:00 / Sat 17:30~21:30,"Our buffet restaurant The Square was designed by the world-renowned architectural design agency Wilson Associates. The spacious dining area exhibits a modern chic and is equipped with partitioned rooms for special occasions. Diners can watch their food being prepared right before their eyes at the open kitchen grill corner, pasta corner, and sushi corner. The Square offers a diverse range of Korean, Japanese, Chinese, and Western cuisines. Its comfortable and relaxed ambience is perfect for business meetings or family gatherings. The restaurant has three reservation slots a day (breakfast, lunch, and dinner).",https://dynamic-media-cdn.tripadvisor.com/media/photo-o/0f/c9/3f/99/food-outside-the-box.jpg?w=800&h=-1&s=1,https://www.tripadvisor.com/Restaurant_Review-g294197-d7905830-Reviews-The_Square-Seoul.html
26719651,Niroumianguan,+82 70-4213-5678,75-2 Cheonggyecheon-ro Jongno-gu,,37.51502,127.01647,"Chinese, Asian",Sun 11:00~22:00 / Mon 11:00~22:00 / Tue 11:00~22:00 / Wed 11:00~22:00 / Thu 11:00~22:00 / Fri 11:00~22:00 / Sat 11:00~22:00,Accepts Credit Cards,https://dynamic-media-cdn.tripadvisor.com/media/photo-o/2a/83/5d/d3/caption.jpg?w=900&h=500&s=1,https://www.tripadvisor.com/Restaurant_Review-g294197-d26719651-Reviews-Niroumianguan-Seoul.html
33020131,Legendary Ribs Yeouido,+82 2-783-9050,800 Gukhoe-daero Basement 1 B105 KR B106,,37.530968,126.92113,Barbecue,Sun 11:10~21:50 / Mon 11:10~21:50 / Tue 11:10~21:50 / Wed 11:10~21:50 / Thu 11:10~21:50 / Fri 11:10~21:50 / Sat 11:10~21:50,"Accepts credit cards: American Express, Discover, Mastercard, Visa",https://dynamic-media-cdn.tripadvisor.com/media/photo-o/2f/84/db/97/caption.jpg?w=900&h=500&s=1,https://www.tripadvisor.com/Restaurant_Review-g294197-d33020131-Reviews-Legendary_Ribs_Yeouido-Seoul.html
9106251,Saebyukjip Cheongdam,+82 2-546-5739,"6, Dosan-daero 101-gil, Gangnam-gu",06013,37.525505,127.05284,"Barbecue, Asian, Korean",,"Lunch, Dinner, Late Night",https://dynamic-media-cdn.tripadvisor.com/media/photo-o/0b/8c/14/23/caption.jpg?w=900&h=500&s=1,https://www.tripadvisor.com/Restaurant_Review-g294197-d9106251-Reviews-Saebyukjip_Cheongdam-Seoul.html
12912792,Kampungku,+82 2-310-9249,"25, Toegye-ro 20-gil, Jung-gu",04629,37.559086,126.98591,"Asian, Korean, Malaysian",Sun 11:00~22:00 / Mon 11:00~22:00 / Tue 11:00~22:00 / Wed 11:00~22:00 / Thu 11:00~22:00 / Fri 11:00~22:00 / Sat 11:00~22:00,Halal,https://dynamic-media-cdn.tripadvisor.com/media/photo-o/16/03/12/c6/photo0jpg.jpg?w=900&h=500&s=1,https://www.tripadvisor.com/Restaurant_Review-g294197-d12912792-Reviews-Kampungku-Seoul.html
2422441,Sushi Cho,+82 2-317-0373,"The Westin Chosun Seoul Hotel , 87 Sogong-Dong, Jung-gu",,37.564453,126.979706,"Japanese, Sushi, Asian",Sun 12:00~21:00 / Mon 12:00~21:00 / Tue 12:00~21:00 / Wed 12:00~21:00 / Thu 12:00~21:00 / Fri 12:00~21:00 / Sat 12:00~21:00,"Lunch, Dinner",https://dynamic-media-cdn.tripadvisor.com/media/photo-o/1c/a6/1a/e5/sushi-cho.jpg?w=900&h=500&s=1,https://www.tripadvisor.com/Restaurant_Review-g294197-d2422441-Reviews-Sushi_Cho-Seoul.html
4049663,63 Buffet Pavillion,+82 2-789-5731,"50, 63-ro, Yeongdeungpo-gu",07345,37.519466,126.939835,"Asian, Korean, Fusion",,Dinner,https://dynamic-media-cdn.tripadvisor.com/media/photo-o/0e/4b/67/71/photo1jpg.jpg?w=900&h=500&s=1,https://www.tripadvisor.com/Restaurant_Review-g294197-d4049663-Reviews-63_Buffet_Pavillion-Seoul.html
7939830,Goo STK 733,+82 2-794-7339,"101, Itaewon-ro 27-gil, Yongsan-gu 1F Goostk 733",04349,37.53767,126.9949,Steakhouse,Sun 12:00~23:00 / Mon 12:00~23:00 / Tue 12:00~23:00 / Wed 12:00~23:00 / Thu 12:00~23:00 / Fri 12:00~23:00 / Sat 12:00~23:00,"Lunch, Dinner, Late Night, Drinks",https://dynamic-media-cdn.tripadvisor.com/media/photo-o/0f/83/16/1c/goostk733.jpg?w=900&h=500&s=1,https://www.tripadvisor.com/Restaurant_Review-g294197-d7939830-Reviews-Goo_STK_733-Seoul.html
3957673,Pro Soy Crab Samsung,+82 2-544-4126,"53, Teheran-ro 83-gil, Gangnam-gu",06166,37.51091,127.056435,"Seafood, Korean",,"Lunch, Dinner",https://dynamic-media-cdn.tripadvisor.com/media/photo-o/29/c9/62/63/caption.jpg?w=900&h=500&s=1,https://www.tripadvisor.com/Restaurant_Review-g294197-d3957673-Reviews-Pro_Soy_Crab_Samsung-Seoul.html
9429856,Kitchen 485,+82 32-325-0485,"67, Yanghwa-ro6-Gil",,37.548557,126.91783,Italian,,Accepts Credit Cards,https://dynamic-media-cdn.tripadvisor.com/media/photo-o/16/67/7e/a5/caption.jpg?w=900&h=500&s=1,https://www.tripadvisor.com/Restaurant_Review-g294197-d9429856-Reviews-Kitchen_485-Seoul.html
5979642,Noonaholdak Hongdae,+82 2-332-6663,"129, Eoulmadang-ro, Mapo-gu",04050,37.555965,126.92439,"Asian, Korean",,Accepts Credit Cards,https://dynamic-media-cdn.tripadvisor.com/media/photo-o/12/8d/b6/75/caption.jpg?w=900&h=500&s=1,https://www.tripadvisor.com/Restaurant_Review-g294197-d5979642-Reviews-Noonaholdak_Hongdae-Seoul.html
24868140,Solsot Seongsu,+82 507-1339-2007,"24, Yeonmujang 5-ga-gil, Seongdong-gu",04782,37.542908,127.053314,"Asian, Korean",,"Asian, Korean",https://dynamic-media-cdn.tripadvisor.com/media/photo-o/25/37/3b/27/food2.jpg?w=900&h=500&s=1,https://www.tripadvisor.com/Restaurant_Review-g294197-d24868140-Reviews-Solsot_Seongsu-Seoul.html
1758818,Wonjo Ssambabjib Nonhyeon Main,+82 2-548-7589,"165-15 Nonhyeon-dong, Gangnam-gu",,37.506966,127.02416,"Asian, Korean",,Lunch,https://dynamic-media-cdn.tripadvisor.com/media/photo-o/0a/31/87/20/caption.jpg?w=900&h=500&s=1,https://www.tripadvisor.com/Restaurant_Review-g294197-d1758818-Reviews-Wonjo_Ssambabjib_Nonhyeon_Main-Seoul.html
13504891,Poop Cafe,+82 2-722-1088,"44, Insadong-gil, Jongno-gu 4th Floor, Ssamzigil Mall",03146,37.57435,126.98491,"Cafe, Contemporary",Sun 10:30~21:00 / Mon 10:30~21:00 / Tue 10:30~21:00 / Wed 10:30~21:00 / Thu 10:30~21:00 / Fri 10:30~21:00 / Sat 10:30~21:00,Seating,https://dynamic-media-cdn.tripadvisor.com/media/photo-o/1a/1f/92/be/poop-cafe.jpg?w=900&h=500&s=1,https://www.tripadvisor.com/Restaurant_Review-g294197-d13504891-Reviews-Poop_Cafe-Seoul.html
7106351,Hanokjib Kimchijjim Seodaemun Main,+82 2-362-8653,"14, Tongil-ro 9an-gil, Seodaemun-gu",03735,37.566658,126.96497,"Asian, Korean",Sun 10:30~21:30 / Mon 10:30~21:30 / Tue 10:30~21:30 / Wed 10:30~21:30 / Thu 10:30~21:30 / Fri 10:30~21:30 / Sat 10:30~21:30,"Lunch, Dinner",https://dynamic-media-cdn.tripadvisor.com/media/photo-o/0e/86/2e/c6/20160721-202310-largejpg.jpg?w=800&h=400&s=1,https://www.tripadvisor.com/Restaurant_Review-g294197-d7106351-Reviews-Hanokjib_Kimchijjim_Seodaemun_Main-Seoul.html
9355466,On the Border - L otte World Mall,+82 2-3213-4615,"300, Olympic-ro, Songpa-gu 6F",05551,37.51347,127.103714,Mexican,,Mexican,https://dynamic-media-cdn.tripadvisor.com/media/photo-o/0f/5d/e5/9a/otb-wlm.jpg?w=900&h=500&s=1,https://www.tripadvisor.com/Restaurant_Review-g294197-d9355466-Reviews-On_the_Border_L_otte_World_Mall-Seoul.html
17417163,Hanam Pig - Myeongdong 1,+82 2-772-9995,"12, Myeongdong 9ga-gil, Jung-gu",04534,37.56507,126.98386,"Barbecue, Asian, Korean",,Accepts Credit Cards,https://dynamic-media-cdn.tripadvisor.com/media/photo-o/17/ac/de/b0/img-20190526-194813-largejpg.jpg?w=900&h=500&s=1,https://www.tripadvisor.com/Restaurant_Review-g294197-d17417163-Reviews-Hanam_Pig_Myeongdong_1-Seoul.html
7618038,Baeknyeon Tojong Samgyetang,+82 2-747-5535,"41, Bukchon-ro, Jongno-gu",03055,37.58052,126.98484,"Korean, Soups",,"Lunch, Dinner",https://dynamic-media-cdn.tripadvisor.com/media/photo-o/13/5f/b5/bf/baeknyeon-tojong-samgyetang.jpg?w=900&h=500&s=1,https://www.tripadvisor.com/Restaurant_Review-g294197-d7618038-Reviews-Baeknyeon_Tojong_Samgyetang-Seoul.html
32860747,Seowonjuk,+82 2-776-0214,141 Toegye-ro Jung District,04537,37.56142,126.98747,"Asian, Korean",Sun 07:00~13:00 / Mon 07:00~19:30 / Tue 07:00~19:30 / Wed 07:00~19:30 / Thu 07:00~19:30 / Fri 07:00~19:30 / Sat 07:00~19:30,"Breakfast, Lunch, Dinner",https://dynamic-media-cdn.tripadvisor.com/media/photo-o/2e/a1/3a/a8/caption.jpg?w=900&h=500&s=1,https://www.tripadvisor.com/Restaurant_Review-g294197-d32860747-Reviews-Seowonjuk-Seoul.html
17629266,D-lifestyle Kitchen,+82 2-6273-0100,,,,,,,"No more starving, no more rebounding! Experience a healthy, stress-free diet curated by experts and backed by literature. Now available near Gyeongbokgung Palace, D-Lifestyle Kitchen specializes in Phytochemical, Keto-friendly, and Mediterranean dishes designed to nourish your body without the strain.",https://dynamic-media-cdn.tripadvisor.com/media/photo-o/18/01/77/05/calorie-nutrition-hormone.jpg?w=900&h=500&s=1,https://www.tripadvisor.com/Restaurant_Review-g294197-d17629266-Reviews-D_lifestyle_Kitchen-Seoul.html
9089869,Buffet Familia,+82 2-3440-8090,640 Eonju-Ro,06098,37.513985,127.03587,,Sun 12:00~15:00 / Sun 18:00~21:30 / Mon 12:00~15:00 / Mon 18:00~21:30 / Tue 12:00~15:00 / Tue 18:00~21:30 / Wed 12:00~15:00 / Wed 18:00~21:30 / Thu 12:00~15:00 / Thu 18:00~21:30 / Fri 12:00~15:00 / Fri 18:00~21:30 / Sat 12:00~15:00 / Sat 18:00~21:30,"An all-day dining buffet restaurant reminiscent of an urban garden, where you can freely enjoy fresh and diverse dishes. Start your day vibrantly with the Grand Mercure Imperial Palace Gangnam breakfast and a rich buffet selection.",https://dynamic-media-cdn.tripadvisor.com/media/photo-o/16/c3/35/5d/photo0jpg.jpg?w=900&h=500&s=1,https://www.tripadvisor.com/Restaurant_Review-g294197-d9089869-Reviews-Buffet_Familia-Seoul.html
6960509,Jinju Hoegwan,+82 2-753-5388,"26, Sejong-daero 11-gil, Jung-gu",04513,37.56237,126.97462,,,Vegetarian friendly,https://dynamic-media-cdn.tripadvisor.com/media/photo-o/1b/4d/5c/c8/caption.jpg?w=900&h=500&s=1,https://www.tripadvisor.com/Restaurant_Review-g294197-d6960509-Reviews-Jinju_Hoegwan-Seoul.html
6876865,MoMo Cafe,+82 2-2638-3081,"15, Yeongjung-ro, Yeongdeungpo-gu Courtyard by Marriott Seoul Times Square 5F",07305,37.51794,126.903946,"International, Asian",Sun 06:30~21:00 / Mon 06:30~21:00 / Tue 06:30~21:00 / Wed 06:30~21:00 / Thu 06:30~21:00 / Fri 06:30~21:00 / Sat 06:30~21:00,"Located on the 5th floor of Courtyard by Marriott Seoul Times Square, MoMo Café is an all-day dining restaurant offering a wide selection of buffet and à la carte dishes prepared with the freshest seasonal ingredients. With its comfortable yet sophisticated atmosphere, it is the perfect venue for family gatherings, business meetings, or special celebrations. On weekends and during seasonal promotions, guests can enjoy exclusive menus and special offers for an even richer dining experience.",https://dynamic-media-cdn.tripadvisor.com/media/photo-o/0b/88/b6/07/momo-cafe.jpg?w=900&h=500&s=1,https://www.tripadvisor.com/Restaurant_Review-g294197-d6876865-Reviews-MoMo_Cafe-Seoul.html
26500465,Jeju Mihyang Haejang,+82 2-6949-3353,"46, Gyeongdongsijang-ro 10-gil, Dongdaemun-gu",02573,37.581276,127.04323,"Asian, Korean, Healthy",Sun 06:00~18:00 / Mon 00:00~23:59 / Tue 00:00~23:59 / Wed 00:00~23:59 / Thu 00:00~23:59 / Fri 00:00~23:59 / Sat 00:00~23:59,"Digital Payments, Accepts credit cards: American Express, Discover, Visa",https://dynamic-media-cdn.tripadvisor.com/media/photo-o/2a/0b/11/1f/jeju-miyeonghaejang-is.jpg?w=900&h=500&s=1,https://www.tripadvisor.com/Restaurant_Review-g294197-d26500465-Reviews-Jeju_Mihyang_Haejang-Seoul.html
27165931,Sancheong Sutbul-Garden Euljiro,+82 2-2273-8188,"114-6 Eulji-ro, Jung-gu 1/f",,37.56582,126.99062,Barbecue,Sun 11:30~23:00 / Mon 11:30~23:00 / Tue 11:30~23:00 / Wed 11:30~23:00 / Thu 11:30~23:00 / Fri 11:30~23:00 / Sat 11:30~23:00,"Lunch, Dinner",https://dynamic-media-cdn.tripadvisor.com/media/photo-o/30/0f/dd/71/caption.jpg?w=900&h=500&s=1,https://www.tripadvisor.com/Restaurant_Review-g294197-d27165931-Reviews-Sancheong_Sutbul_Garden_Euljiro-Seoul.html
19266062,Gyodae Galbijib - City Hall,+82 2-778-5582,"31, Namdaemun-ro 1-gil, Jung-gu 2F",04526,37.562485,126.977394,Korean,,This is a Korean food restaurant where you can enjoy Korean barbecue. Pork ribs and beef ribs are popular restaurants.,https://dynamic-media-cdn.tripadvisor.com/media/photo-o/1a/72/76/fc/caption.jpg?w=900&h=500&s=1,https://www.tripadvisor.com/Restaurant_Review-g294197-d19266062-Reviews-Gyodae_Galbijib_City_Hall-Seoul.html
32848898,Ssada Gimbap - Myeongdong Station,,26 Myeongdong 8ga-gil Jung District,,37.56171,126.98646,"Asian, Korean",,"Asian, Korean",https://dynamic-media-cdn.tripadvisor.com/media/photo-o/2e/99/f0/95/caption.jpg?w=900&h=500&s=1,https://www.tripadvisor.com/Restaurant_Review-g294197-d32848898-Reviews-Ssada_Gimbap_Myeongdong_Station-Seoul.html
14912272,Viking's Wharf - COEX,+82 1644-4446,"513 Yeongdong-daero 2nd Floor, Convention & Exhibition Center",06164,37.51146,127.06045,"Seafood, Sushi, Asian, Korean, Grill, Fusion",Sun 11:30~13:15 / Sun 13:45~15:30 / Sun 17:00~18:45 / Sun 19:15~21:00 / Mon 12:00~15:00 / Mon 18:00~21:00 / Tue 12:00~15:00 / Tue 18:00~21:00 / Wed 12:00~15:00 / Wed 18:00~21:00 / Thu 12:00~15:00 / Thu 18:00~21:00 / Fri 12:00~15:00 / Fri 18:00~21:00 / Sat 11:30~13:15 / Sat 13:45~15:30 / Sat 17:00~18:45 / Sat 19:15~21:00,"The world’s best lobster buffet VIKING'S WHARF is the first unlimited lobster buffet in Asia, serving lobsters directly imported from the USA and Canada. Please enjoy unlimited quantities and the best quality of seasonal seafood along with premium desserts from a collaboration of Paul Basset Coffee, TWG Tea, and G.FASSI Gelato.",https://dynamic-media-cdn.tripadvisor.com/media/photo-o/14/66/d7/bf/caption.jpg?w=900&h=500&s=1,https://www.tripadvisor.com/Restaurant_Review-g294197-d14912272-Reviews-Viking_s_Wharf_COEX-Seoul.html
34161377,Gobangchae Seoyeouido KBS 3Hojeom,+820507-1356-1171,Yeongdeungpogu Gughoedaelo 62 Gil 25 1 Cheung,07236,37.52624,126.91772,"Asian, Korean",Mon 11:00~15:00 / Mon 17:00~22:30 / Tue 11:00~15:00 / Tue 17:00~22:30 / Wed 11:00~15:00 / Wed 17:00~22:30 / Thu 11:00~15:00 / Thu 17:00~22:30 / Fri 11:00~15:00 / Fri 17:00~22:30 / Sat 11:00~15:00 / Sat 17:00~22:00,"Lunch, Dinner",https://dynamic-media-cdn.tripadvisor.com/media/photo-o/32/d0/6e/4f/caption.jpg?w=900&h=500&s=1,https://www.tripadvisor.com/Restaurant_Review-g294197-d34161377-Reviews-Gobangchae_Seoyeouido_KBS_3Hojeom-Seoul.html
34275254,Turin Las Vegas,,Mareunnaero 13 1st Floor,,37.56491,126.989296,"Japanese, Asian, Korean, Japanese Fusion",Mon 16:00~00:00 / Tue 16:00~00:00 / Wed 16:00~00:00 / Thu 16:00~00:00 / Fri 16:00~01:00 / Sat 16:00~01:00,Dinner,https://dynamic-media-cdn.tripadvisor.com/media/photo-o/32/c4/3e/67/caption.jpg?w=900&h=500&s=1,https://www.tripadvisor.com/Restaurant_Review-g294197-d34275254-Reviews-Turin_Las_Vegas-Seoul.html
8069857,On the Border COEX,+82 2-565-0682,"22, Teheran-ro 87-gil, Gangnam-gu",06164,37.509678,127.0595,Mexican,Mon 10:00~18:00,"Lunch, Dinner",https://dynamic-media-cdn.tripadvisor.com/media/photo-o/2d/fd/19/c9/caption.jpg?w=600&h=400&s=1,https://www.tripadvisor.com/Restaurant_Review-g294197-d8069857-Reviews-On_the_Border_COEX-Seoul.html
7618190,Ciuri Ciuri,+82 2-749-9996,"3-13, Dongmak-ro 15-gil, Mapo-gu",04049,37.54846,126.921394,"Italian, Mediterranean, European",Sun 17:30~22:00 / Tue 18:00~22:00 / Wed 18:00~22:00 / Thu 18:00~22:00 / Fri 18:00~22:00 / Sat 17:30~22:00,"Vegetarian friendly, Vegan options",https://dynamic-media-cdn.tripadvisor.com/media/photo-o/2d/71/0b/5f/happy-birthday-ciuri.jpg?w=900&h=-1&s=1,https://www.tripadvisor.com/Restaurant_Review-g294197-d7618190-Reviews-Ciuri_Ciuri-Seoul.html
12804718,SIGNIEL Seoul The Lounge,+82 2-3213-1212,"300, Olympic-ro, Songpa-gu 79F, Lotte World Tower",05551,37.512768,127.10255,"French, Cafe",,"Equipped with luxuriously designed interior, The Lounge of SIGNIEL Seoul is the ultimate healing space that brings out the luxurious and unique image of Seoul. An all-day dining menu by world class chef Yannick Alleno is available for guests to enjoy a casual meal. • French afternoon tea set, Le Gouter SIGNIEL • Sandwich, Salad, Pasta, Steak, Dessert",https://dynamic-media-cdn.tripadvisor.com/media/photo-o/10/44/4a/09/getlstd-property-photo.jpg?w=700&h=-1&s=1,https://www.tripadvisor.com/Restaurant_Review-g294197-d12804718-Reviews-SIGNIEL_Seoul_The_Lounge-Seoul.html
3438893,Agurang Kkokerang,+82 2-2268-5554,"24-31 Jangchung-dong 2-ga, Jung-gu",,37.560787,127.005226,,,"Lunch, Dinner",https://dynamic-media-cdn.tripadvisor.com/media/photo-o/0f/23/3c/ba/photo2jpg.jpg?w=900&h=500&s=1,https://www.tripadvisor.com/Restaurant_Review-g294197-d3438893-Reviews-Agurang_Kkokerang-Seoul.html
9379051,Myongdongjeong,+82 2-3789-5132,"299, Samil-daero, Jung-gu 1F, Seongchang Bldg.",04537,37.561665,126.9885,"Asian, Korean, Diner",,"We, Myongdongjeong is a traditional dining house to serve set menus of traditional royal food that is located in Myeongdong shopping street. You can enjoy all kinds of korean traditional food at once,so called Korean Table d'hote. We have 12 private rooms,some are western style rooms,others korean traditional ondol.Also Experience with korean costume is provided for your good memory in Korea. Please enjoy korean food and culture at our restaurant.",https://dynamic-media-cdn.tripadvisor.com/media/photo-o/09/d2/dd/45/caption.jpg?w=900&h=500&s=1,https://www.tripadvisor.com/Restaurant_Review-g294197-d9379051-Reviews-Myongdongjeong-Seoul.html
1735162,Andong Jjimdak,+82 2-310-9233,"3, Myeongdong 10-gil, Jung-gu",04537,37.563725,126.985214,"Asian, Korean",,"Lunch, Dinner",https://dynamic-media-cdn.tripadvisor.com/media/photo-o/2f/95/5c/37/caption.jpg?w=900&h=500&s=1,https://www.tripadvisor.com/Restaurant_Review-g294197-d1735162-Reviews-Andong_Jjimdak-Seoul.html
32829207,Ok Doenjang Gongdeok Branch,+82 2-2197-1830,92 B Building 1st Floor 16,,37.542473,126.95237,"Asian, Korean",Sun 11:00~02:30 / Sun 16:30~22:00 / Mon 11:00~14:30 / Mon 16:30~23:00 / Tue 11:00~14:30 / Tue 16:30~23:00 / Wed 11:00~14:30 / Wed 16:30~23:00 / Thu 11:00~14:30 / Thu 16:30~23:00 / Fri 11:00~14:30 / Fri 16:30~23:00 / Sat 11:00~14:30 / Sat 16:30~23:00,"Lunch, Dinner",https://dynamic-media-cdn.tripadvisor.com/media/photo-o/2e/e2/a5/c5/caption.jpg?w=900&h=500&s=1,https://www.tripadvisor.com/Restaurant_Review-g294197-d32829207-Reviews-Ok_Doenjang_Gongdeok_Branch-Seoul.html
10073597,The Original Pancake House Itaewon,+82 2-795-7481,"153, Itaewon-ro, Yongsan-gu",04351,36.951187,127.02991,American,,American Breakfast and lunch menue.,https://dynamic-media-cdn.tripadvisor.com/media/photo-o/13/8b/ad/1d/these-tables-were-not.jpg?w=900&h=500&s=1,https://www.tripadvisor.com/Restaurant_Review-g294197-d10073597-Reviews-The_Original_Pancake_House_Itaewon-Seoul.html
10229475,Beef of Love,+82 2-794-3313,"4 Sajikro 8 Gil, Jongno-gu 1F",03168,37.574383,126.96885,"Steakhouse, Barbecue, Korean, Wine Bar",Mon 17:30~23:00 / Tue 17:30~23:00 / Wed 17:30~23:00 / Thu 17:30~23:00 / Fri 17:30~23:00 / Sat 17:30~23:00,"Beef of Love (Sarang E Gogi) is Korean Premium beef barbeque restaurant, located in ROYAL PALACE ( Gyeongbokgung ) You can enjoy the top-class premium Korean aged beef barbeque which would give you very unique experience. Corkage is Free.",https://dynamic-media-cdn.tripadvisor.com/media/photo-o/11/09/a1/6f/getlstd-property-photo.jpg?w=900&h=500&s=1,https://www.tripadvisor.com/Restaurant_Review-g294197-d10229475-Reviews-Beef_of_Love-Seoul.html
28040257,Kyochon Pilbang,+82 2-6263-1992,"127 Bogwang-ro, Yongsan-gu Yuyoung Building",04391,37.527454,126.99829,,,,https://dynamic-media-cdn.tripadvisor.com/media/photo-o/2d/5b/04/5a/caption.jpg?w=900&h=500&s=1,https://www.tripadvisor.com/Restaurant_Review-g294197-d28040257-Reviews-Kyochon_Pilbang-Seoul.html
12364738,Nekkid Wings,+82 70-4078-7411,"174-11, Noksapyeong-daero, Yongsan-gu",04390,37.53379,126.98939,"American, Bar, Fusion",Sun 11:30~23:00 / Mon 16:30~23:00 / Tue 16:30~23:00 / Wed 16:30~23:00 / Thu 16:30~23:00 / Fri 11:30~23:00 / Sat 11:30~23:00,Nekkid Wings is a restaurant specializing in chicken wings and 13+ house-made sauces and also serves great selection of craft beers.,https://dynamic-media-cdn.tripadvisor.com/media/photo-o/1a/a2/46/4f/double-platter-at-nekkid.jpg?w=900&h=500&s=1,https://www.tripadvisor.com/Restaurant_Review-g294197-d12364738-Reviews-Nekkid_Wings-Seoul.html
4030459,Kyochon Chicken Dongdaemun 1,https://www.tripadvisor.com/Restaurant_Review-g294197-d4030459-Reviews-Kyochon_Chicken_Dongdaemun_1-Seoul.html,420,https://dynamic-media-cdn.tripadvisor.com/media/photo-o/0f/df/15/38/korean-chicken-platter.jpg?w=400&h=400&s=1,"Fast Food, Asian, Korean",$$ - $$$,"2nd floor, 464-6, Changsin-dong",37.571445,127.01066,+82 2-2231-9337,4.5,"* The most famous chicken shop in Korea. * we sell the most fried chicken in Korea and in all the Kyochon chicken brunches we are also top 1. * The most popular fried chicken shop for foreigner tourists. * In our shop you can watching Korean famous ""Dongdeamon"" and enjoy Kyochon chicken with beer at the same time. * We are busy at dinner time, if you would like to save your waiting time please visit us during 9AM to 6PM. * We are very close to Doota and Migliore , convenient for shopping as well."
4032644,Wangbijib Myeongdong 2nd Store,https://www.tripadvisor.com/Restaurant_Review-g294197-d4032644-Reviews-Wangbijib_Myeongdong_2nd_Store-Seoul.html,72,https://dynamic-media-cdn.tripadvisor.com/media/photo-o/09/00/9e/82/2.jpg?w=400&h=400&s=1,Korean,$$ - $$$,"13, Myeongdong 9-gil, Jung-gu 2f",37.56453,126.98495,+82 2-3789-1946,4.2,"Cash Only, Accepts credit cards: Mastercard, Visa"
4032315,Gangnam Myeonok,https://www.tripadvisor.com/Restaurant_Review-g294197-d4032315-Reviews-Gangnam_Myeonok-Seoul.html,64,https://dynamic-media-cdn.tripadvisor.com/media/photo-o/08/61/8c/aa/caption.jpg?w=400&h=400&s=1,"Asian, Korean",$$ - $$$,"34, Nonhyeon-ro 152-gil, Gangnam-gu",37.521595,127.03096,+82 2-3446-5539,4.2,"Lunch, Dinner"
4035194,Aria,https://www.tripadvisor.com/Restaurant_Review-g294197-d4035194-Reviews-Aria-Seoul.html,153,https://dynamic-media-cdn.tripadvisor.com/media/photo-o/25/a6/53/1b/tuesday-breakfast-at.jpg?w=400&h=400&s=1,"Asian, Korean",$$$$,"106, Sogong-ro, Jung-gu 1F, Seoul Westin Chosun Hotel",37.564144,126.97968,+82 2-317-0357,4.3,"Vegetarian friendly, Vegan options"
4032467,The Brasserie - InterContinental Seoul COEX,https://www.tripadvisor.com/Restaurant_Review-g294197-d4032467-Reviews-The_Brasserie_InterContinental_Seoul_COEX-Seoul.html,89,https://dynamic-media-cdn.tripadvisor.com/media/photo-o/16/6f/bf/14/interior-of-brasserie.jpg?w=400&h=400&s=1,International,$$ - $$$,"524, Bongeunsa-ro, Gangnam-gu 1st FL of InterContinental Seoul COEX",37.5132,127.057175,+82 2-3452-8585,4.3,"Buffet restaurant serving a wide range of cuisines from around the world. Be entertained by culinary theatrics in the open kitchen of The Brasserie, an international buffet restaurant based on local, seasonal produce."
4032551,Daedo Sikdang,https://www.tripadvisor.com/Restaurant_Review-g294197-d4032551-Reviews-Daedo_Sikdang-Seoul.html,116,https://dynamic-media-cdn.tripadvisor.com/media/photo-o/18/47/03/12/photo4jpg.jpg?w=400&h=400&s=1,"Barbecue, Asian, Korean",$$ - $$$,"3, Muhak-ro 12-gil, Seongdong-gu",37.56727,127.03062,+82 2-2292-9772,4.3,"Lunch, Dinner"
1140399,Andong Jjimdak,https://www.tripadvisor.com/Restaurant_Review-g294197-d1140399-Reviews-Andong_Jjimdak-Seoul.html,150,https://dynamic-media-cdn.tripadvisor.com/media/photo-o/08/05/cd/54/andong-jjimdak.jpg?w=400&h=400&s=1,"Asian, Korean",$$ - $$$,"Myeong-dong 2ga, 2-2",37.563747,126.98522,+82 2-310-9174,4.2,"Lunch, Dinner"
4030880,Ogawa,https://www.tripadvisor.com/Restaurant_Review-g294197-d4030880-Reviews-Ogawa-Seoul.html,33,https://dynamic-media-cdn.tripadvisor.com/media/photo-o/11/16/40/9a/photo7jpg.jpg?w=400&h=400&s=1,"Japanese, Sushi, Asian",$$ - $$$,"5, Dangju-dong, Jongno-gu",37.57177,126.97444,+82 2-735-1001,4.7,Accepts Credit Cards
4034848,Baeknyeon Tojong Samgyaetang,https://www.tripadvisor.com/Restaurant_Review-g294197-d4034848-Reviews-Baeknyeon_Tojong_Samgyaetang-Seoul.html,53,https://dynamic-media-cdn.tripadvisor.com/media/photo-o/0f/26/b2/88/photo2jpg.jpg?w=400&h=400&s=1,"Asian, Korean, Soups",$$ - $$$,"118, Yanghwa-ro, Mapo-gu",37.554016,126.91985,+82 2-325-3399,4.2,"Breakfast, Lunch, Dinner, Brunch"
4032498,Mapo Mandu,https://www.tripadvisor.com/Restaurant_Review-g294197-d4032498-Reviews-Mapo_Mandu-Seoul.html,72,https://dynamic-media-cdn.tripadvisor.com/media/photo-o/09/a1/07/62/mapo-mandu.jpg?w=400&h=400&s=1,"Asian, Korean",$,"393-1, Seogyo-dong, Mapo-gu",37.55139,126.91518,+82 2-333-9842,4.3,"Lunch, Dinner, Brunch"
4033007,Gangnam Gyoza,https://www.tripadvisor.com/Restaurant_Review-g294197-d4033007-Reviews-Gangnam_Gyoza-Seoul.html,70,https://dynamic-media-cdn.tripadvisor.com/media/photo-o/12/00/98/fc/caption.jpg?w=400&h=400&s=1,Korean,$,"11, Gangnam-daero 69-gil, Seocho-gu",37.50141,127.02432,+82 2-536-4133,4.2,"Following a 30-year stint at Myeongdong Gyoja, a famous kalguksu (handmade knife-cut noodle soup) restaurant in Myeongdong, the chef opened this second branch in Gangnam. Here the kalguksu broth is made from chicken bones. Noodles and rice are unlimited here. The mandu (Korean dumplings) and bibim guksu (noodles mixed in a spicy sauce) are also recommended. Take-out is available."
10833148,Sesangui Modeun Achim,https://www.tripadvisor.com/Restaurant_Review-g294197-d10833148-Reviews-Sesangui_Modeun_Achim-Seoul.html,26,https://dynamic-media-cdn.tripadvisor.com/media/photo-o/1c/4f/6f/0c/photo0jpg.jpg?w=400&h=-1&s=1,"Italian, International, European",$$$$,"24, Yeoui-daero, Yeongdeungpo-gu Federation of Korean Industries Bldg. 50, 51F",37.523758,126.92257,+82 2-2055-4442,4.2,Brunch
12207690,Doma Insadong,https://www.tripadvisor.com/Restaurant_Review-g294197-d12207690-Reviews-Doma_Insadong-Seoul.html,19,https://dynamic-media-cdn.tripadvisor.com/media/photo-o/11/94/58/9a/ta-img-20171224-112107.jpg?w=400&h=400&s=1,"Asian, Korean",$$ - $$$,"6-1 Insadong 8-gil, Jongno-gu",37.573742,126.98588,+82 2-733-9376,4.2,"Accepts credit cards: Mastercard, Visa"
5035631,Tani Next Door,https://www.tripadvisor.com/Restaurant_Review-g294197-d5035631-Reviews-Tani_Next_Door-Seoul.html,23,https://dynamic-media-cdn.tripadvisor.com/media/photo-o/11/38/c4/68/photo3jpg.jpg?w=400&h=400&s=1,"Japanese, Sushi, Asian",$$$$,"73, Namdaemun-ro, Jung-gu 9F, Lotte Department Store Avenue L",37.564266,126.981544,+82 2-2118-6100,4.6,"Lunch, Dinner"
13484717,Daedujokbal,https://www.tripadvisor.com/Restaurant_Review-g294197-d13484717-Reviews-Daedujokbal-Seoul.html,16,https://dynamic-media-cdn.tripadvisor.com/media/photo-o/30/eb/79/37/caption.jpg?w=400&h=400&s=1,"Asian, Korean, Fusion",,"97-6, Digital-ro 32-gil",37.483196,126.900795,+82 2-888-3088,4.9,"We promise. > We clean and replace the frying oil daily > We only use Grade A domestic raw pig's feet boiled every day > No artificial ingredients! Boiled with 12 kinds of herbal medicine and fruits to make the skin chewy and flavorful > Located at the entrance of Goody Kkalkkalgeori, operates an open hall and kitchen ※ Broadcast on 4 TV companies > SBS Morning Wide 25.08.04 > SBS Live Today - Foreigner's Table 3825 25.08.04 > Channel A Observation Camera 24 Episode 197 21.07.14 > SBS Live Today Episode 2767 21.02.24 > MBC Live Tonight Episode 962 18.12.04. > KBS 2TV Live Information Episode 449 17.11.14. ※ You can taste the pig's feet boiled in broth developed over many years only at Goody, not at chain stores. ※ Even if you've never tried it, no one has tried it only once. It's a special kind of pig's feet! Made with soybeans! It's a 3-minute walk from the Guro Digital Complex's Kkalkkalgeori. Parking is conveniently available in the parking lot directly behind the building (for a fee). All simple payments except Apple Pay are accepted!"
25411976,Lit Lounge Itaewon,https://www.tripadvisor.com/Restaurant_Review-g294197-d25411976-Reviews-Lit_Lounge_Itaewon-Seoul.html,25,https://dynamic-media-cdn.tripadvisor.com/media/photo-o/2c/bd/63/7a/afrobeats-hip-hop-r-b.jpg?w=400&h=400&s=1,"Bar, Pizza, Pub",$,"Yongsan-Gu, Itaewon-dong 34-65 1st Floor",37.5339,126.98904,+82 70-4833-1906,5.0,"Lit Lounge Itaewon is Seoul’s leading hookah & shisha lounge, blending hip-hop and Afrobeats with vibrant community energy. Located in the heart of Itaewon, our premium lounge offers smooth hookah flavors, signature cocktails, and live DJs spinning Hip Hop, Afrobeats, R&B and Amapiano. Whether you’re a local or traveler, Lit Lounge Itaewon is the go-to nightlife spot to relax, connect and experience Seoul’s hookah culture. Come for the flavor, stay for the vibe — the hype fades, but the lit moments last forever."
6384291,Troika Russian Restaurant,https://www.tripadvisor.com/Restaurant_Review-g294197-d6384291-Reviews-Troika_Russian_Restaurant-Seoul.html,49,https://dynamic-media-cdn.tripadvisor.com/media/photo-o/19/c4/c5/61/caption.jpg?w=400&h=400&s=1,"Russian, Eastern European",$$ - $$$,5F 72-32 Itaewon-dong Yongsan-gu,37.53407,126.99223,+82 2-797-7724,4.2,"Accepts credit cards: Mastercard, Visa"
1140450,Insadong Sujebi,https://www.tripadvisor.com/Restaurant_Review-g294197-d1140450-Reviews-Insadong_Sujebi-Seoul.html,36,https://dynamic-media-cdn.tripadvisor.com/media/photo-o/2c/6f/59/53/insadong-sujebi-delicious.jpg?w=400&h=400&s=1,"Asian, Korean, Soups",$$ - $$$,"14-1, Insadong 8-gil, Jongno-gu",,,+82 2-735-5481,4.3,Halal
8118170,Wangbijib Jongno,https://www.tripadvisor.com/Restaurant_Review-g294197-d8118170-Reviews-Wangbijib_Jongno-Seoul.html,17,https://dynamic-media-cdn.tripadvisor.com/media/photo-o/07/ff/ac/b8/caption.jpg?w=400&h=400&s=1,"Barbecue, Asian, Korean",$$ - $$$,"24, Samil-daero 15-gil, Jongno-gu",37.56889,126.98617,+82 2-720-3066,4.4,"Lunch, Dinner"
1371510,Everest,https://www.tripadvisor.com/Restaurant_Review-g294197-d1371510-Reviews-Everest-Seoul.html,122,https://dynamic-media-cdn.tripadvisor.com/media/photo-o/03/87/a3/86/everest.jpg?w=400&h=400&s=1,"Indian, Asian, Tibetan, Nepali",$$ - $$$,"148-1 Changsin-dong, Jongno-gu",37.5726,127.01274,+82 2-766-8850,4.1,"Vegetarian friendly, Vegan options"
8762265,Seoga & Cook Time Square,https://www.tripadvisor.com/Restaurant_Review-g294197-d8762265-Reviews-Seoga_Cook_Time_Square-Seoul.html,39,https://dynamic-media-cdn.tripadvisor.com/media/photo-o/0e/56/25/b9/photo0jpg.jpg?w=400&h=400&s=1,,$$ - $$$,"15, Yeongjung-ro, Yeongdeungpo-gu 4F Time Square",37.555065,126.97139,+82 2-2638-2540,4.0,Brunch
33367457,Hanwoo Spot,https://www.tripadvisor.com/Restaurant_Review-g294197-d33367457-Reviews-Hanwoo_Spot-Seoul.html,6,https://dynamic-media-cdn.tripadvisor.com/media/photo-o/30/a9/30/b5/this-is-hanwoo-spot-s.jpg?w=400&h=400&s=1,"Barbecue, Asian, Korean, Grill, Japanese Fusion",$$$$,"6-10 Dosandaero 49-gil Basement 1,Gangnam-gu",37.52355,127.03796,+82 2-2135-1092,5.0,"Reservations can be made on our official website. Hanwoo Spot offers a premium Hanwoo dining experience where every guest enjoys the comfort and privacy of their own room. Alongside our chef’s carefully prepared seasonal accompaniments, the main feature—1++ Hanwoo, Korea’s highest beef grade (comparable to USDA Prime in marbling)—is grilled by our expert staff at a dedicated grilling station with precise temperature control. It is then presented on a preheated cast-iron warmer with a seasonal vegetable garniture and brought directly to your private table. Because all grilling is done outside your room, your room stays entirely smoke- and odor-free, so you can focus on your meal and conversation. Enjoy a private, sophisticated dining experience near Apgujeong Rodeo and Dosan Park."
12381597,Jogaewa Seafood Bar & Restaurant,https://www.tripadvisor.com/Restaurant_Review-g294197-d12381597-Reviews-Jogaewa_Seafood_Bar_Restaurant-Seoul.html,29,https://dynamic-media-cdn.tripadvisor.com/media/photo-o/2b/1d/6a/c4/caption.jpg?w=400&h=400&s=1,"Seafood, Asian, Korean",$$ - $$$,"17, Myeongdong 7-gil, Jung-gu",37.564594,126.98434,83-2-777-0317,4.0,Seating
9205497,Yuk Tongryeong,https://www.tripadvisor.com/Restaurant_Review-g294197-d9205497-Reviews-Yuk_Tongryeong-Seoul.html,32,https://dynamic-media-cdn.tripadvisor.com/media/photo-o/24/68/34/c0/yuk-tongryeong.jpg?w=400&h=400&s=1,"Barbecue, Asian, Korean",$$ - $$$,"37-2, myeongdong8na-Gil",37.56135,126.982735,+82 2-778-8592,4.3,Accepts Credit Cards
20260781,MODOWOO Gwanghwamun,https://www.tripadvisor.com/Restaurant_Review-g294197-d20260781-Reviews-MODOWOO_Gwanghwamun-Seoul.html,14,https://dynamic-media-cdn.tripadvisor.com/media/photo-o/1b/20/ae/f1/caption.jpg?w=400&h=400&s=1,"Seafood, Asian, Korean, Japanese Fusion",,"6, Yulgok-ro, Jongno-gu Twin Tree Tower B Building M Floor",37.57608,126.976814,+82 2-6016-6916,5.0,"Digital Payments, Accepts credit cards: Mastercard, Visa"
8734351,Kkanbu Chicken Jongno District,https://www.tripadvisor.com/Restaurant_Review-g294197-d8734351-Reviews-Kkanbu_Chicken_Jongno_District-Seoul.html,21,https://dynamic-media-cdn.tripadvisor.com/media/photo-o/17/4f/44/95/20190427-220543-largejpg.jpg?w=400&h=400&s=1,"Asian, Korean",$$ - $$$,"81, Sambong-ro, Jongno-gu",,,+82 2-738-8292,4.3,Takeout
28986862,KUT Seoul,https://www.tripadvisor.com/Restaurant_Review-g294197-d28986862-Reviews-KUT_Seoul-Seoul.html,13,https://dynamic-media-cdn.tripadvisor.com/media/photo-o/32/e0/71/10/caption.jpg?w=400&h=400&s=1,"Barbecue, Asian, Korean, Grill, Dining bars",$$ - $$$,"96 Jongno, Jongno-gu 3f Kut",37.5698,126.98816,+82 2-2272-8012,5.0,"KUT is a newly created vocabulary based on the meaning of the word 'Cut', which represents our strong pride and the motivation to Cut and Serve only the finest Korean Beef to our guests. KUT is also an acronym for Korean Urban Treasure. Jongro, the center of Korea, is a treasure trove found in the heart of the Seoul. We endeavor to embody our philosophy of providing ‘the Discovery and Joy of Taste' to the each guest who are visiting our establishment. From the unmasking of flavours and richness of juices only possible after the meticulously managed 4-week aging process of Korea's Finest BMS No. 9 Top-Rated Hanwoo, to balance and harmony of a full course of Hanwoo, we offer our guests the delight of a full course fine dining experience that can only be provided at KUT. KUT promises to provide each and every one of our guests with the finest gastronomic experience at a private space to create cherished memories with our outstanding services and the top quality food. Sincerely, KUT"
2080573,Onedang Gamjatang Myeongdong 2,https://www.tripadvisor.com/Restaurant_Review-g294197-d2080573-Reviews-Onedang_Gamjatang_Myeongdong_2-Seoul.html,87,https://dynamic-media-cdn.tripadvisor.com/media/photo-o/0c/6e/7b/39/caption.jpg?w=400&h=400&s=1,"Asian, Korean",$$ - $$$,"35, Myeongdong 8na-gil, Jung-gu",37.561386,126.982956,+82 2-757-7612,4.1,"Lunch, Dinner"
33020163,Legendary Ribs Jamsil Seokchon Lake,https://www.tripadvisor.com/Restaurant_Review-g294197-d33020163-Reviews-Legendary_Ribs_Jamsil_Seokchon_Lake-Seoul.html,10,https://dynamic-media-cdn.tripadvisor.com/media/photo-o/2f/84/d9/ad/caption.jpg?w=400&h=-1&s=1,Barbecue,$$ - $$$,"Ogeum-ro 105 4th Floor, Deoklim Building",37.51298,127.10802,+82 2-6958-9058,4.9,"Accepts credit cards: American Express, Discover, Mastercard, Visa"
14998705,Nirvana Indian Kitchen,https://www.tripadvisor.com/Restaurant_Review-g294197-d14998705-Reviews-Nirvana_Indian_Kitchen-Seoul.html,29,https://dynamic-media-cdn.tripadvisor.com/media/photo-o/14/bb/c4/fc/our-seating-area.jpg?w=400&h=400&s=1,"Indian, International, Asian, Middle Eastern",$$ - $$$,"58, Insadong-gil, Jongno-gu 2F",,,+82 2-720-1910,4.6,"Nirvana is an Indian Halal Restaurant in Downtown Seoul's famous Insa-dong street. Nirvana is the latest project of two very established figures in Seoul's Indian Food scene, each of whom have opened over 10 restaurants across the city. At Nirvana, we strive to serve both quality interpretations of classic dishes & hidden gems from India's diverse culinary landscape."
34273910,umihag aipakeumol gocheogjeom,https://www.tripadvisor.com/Restaurant_Review-g294197-d34273910-Reviews-Umihag_aipakeumol_gocheogjeom-Seoul.html,13,https://dynamic-media-cdn.tripadvisor.com/media/photo-o/32/c6/af/15/caption.jpg?w=400&h=400&s=1,Steakhouse,,Gyeong-inlo43gil 49 Ddong 2cheung,37.499077,126.85901,+82 2-3017-4671,5.0,"Lunch, Dinner"
25393024,Chick Gimbap Myeongdong,https://www.tripadvisor.com/Restaurant_Review-g294197-d25393024-Reviews-Chick_Gimbap_Myeongdong-Seoul.html,17,https://dynamic-media-cdn.tripadvisor.com/media/photo-o/28/cd/40/2b/caption.jpg?w=400&h=400&s=1,"Korean, Indigenous",$$ - $$$,"19-3, Myeongdong 10-gil, Jung-gu",37.563034,126.9856,+82 10-8351-8126,5.0,Accepts credit cards: Visa
3922841,Ouga,https://www.tripadvisor.com/Restaurant_Review-g294197-d3922841-Reviews-Ouga-Seoul.html,71,https://dynamic-media-cdn.tripadvisor.com/media/photo-o/26/d1/ce/79/inside.jpg?w=400&h=400&s=1,"Barbecue, Asian, Korean",$$ - $$$,12-13 Chungmuro 2-ga Jung-gu,37.561707,126.987274,+82 2-753-7533,4.2,"Lunch, Dinner"
4105607,Ganga Gangnam,https://www.tripadvisor.com/Restaurant_Review-g294197-d4105607-Reviews-Ganga_Gangnam-Seoul.html,81,https://dynamic-media-cdn.tripadvisor.com/media/photo-o/1a/f0/78/a7/photo0jpg.jpg?w=400&h=400&s=1,"Indian, Asian",$$ - $$$,"B1, Samsung Electronics Bldg., 1320-10, Seocho-dong, Secho-gu",37.49661,127.0269,+82 2-2055-3610,3.9,"Vegetarian friendly, Vegan options"
9244976,Byeoryangjip,https://www.tripadvisor.com/Restaurant_Review-g294197-d9244976-Reviews-Byeoryangjip-Seoul.html,12,https://dynamic-media-cdn.tripadvisor.com/media/photo-o/16/66/f7/dc/photo3jpg.jpg?w=400&h=400&s=1,"Barbecue, Asian, Korean, Grill, Indigenous",,17 Teheran-ro 43-gil,,,+82 2-501-2937,4.9,"Digital Payments, Accepts credit cards: American Express, Discover, Mastercard, Visa"
4070870,Kkotji,https://www.tripadvisor.com/Restaurant_Review-g294197-d4070870-Reviews-Kkotji-Seoul.html,36,https://dynamic-media-cdn.tripadvisor.com/media/photo-o/17/63/b2/fb/photo0jpg.jpg?w=400&h=-1&s=1,"Seafood, Asian, Korean",$$ - $$$,"610, Bongeunsa-ro, Gangnam-gu",37.51454,127.06171,+82 2-561-8788,4.3,Accepts Credit Cards
29004603,Hwayeonsanjang,https://www.tripadvisor.com/Restaurant_Review-g294197-d29004603-Reviews-Hwayeonsanjang-Seoul.html,10,https://dynamic-media-cdn.tripadvisor.com/media/photo-o/2d/ff/c4/51/korean-bbq-restaurant.jpg?w=400&h=400&s=1,"Chinese, Japanese, American, Asian, Korean, Grill, Diner, Beer restaurants",$,"12, Seolleung-ro 152-gil Dam Building 1st. Floor",37.524124,127.040596,+82 2-544-9282,5.0,"It is a representative barbecue restaurant in Korea. Located at exit 4 of Apgujeong Rodeo Station, you can feel the juicy taste in your mouth by smoking rice straw and first applying domestic charcoal. Korean beef and pork are both popular in Apgujeong, Gangnam, the center of Seoul, The indoor interior with a mountain cabin feel is a fantastic place. It is a must-visit restaurant on a trip to Korea."
9974966,Sandeulhae Yangjae,https://www.tripadvisor.com/Restaurant_Review-g294197-d9974966-Reviews-Sandeulhae_Yangjae-Seoul.html,29,https://dynamic-media-cdn.tripadvisor.com/media/photo-o/13/f2/22/39/photo0jpg.jpg?w=400&h=-1&s=1,"Seafood, Asian, Korean, Grill, Healthy",$$ - $$$,"213, Gangnam-daero, Seocho-gu B1F, L Tower",37.504578,127.00066,+82 2-579-3457,4.3,"Accepts credit cards: Mastercard, Visa"
29883282,Gobongdang Hyehwa Daehakro Branch,https://www.tripadvisor.com/Restaurant_Review-g294197-d29883282-Reviews-Gobongdang_Hyehwa_Daehakro_Branch-Seoul.html,5,https://dynamic-media-cdn.tripadvisor.com/media/photo-o/2e/21/da/13/caption.jpg?w=400&h=400&s=1,"Asian, Korean",,"Daemyeong 1-gil 8 1st Floor, Gobongdang, Jongno District, Near Exit 4 Of Hyehwa Station",37.58314,127.000786,+82 2-745-7737,5.0,"Lunch, Dinner"
8638851,Misari Milbit Chogyeguksu COEX Mall,https://www.tripadvisor.com/Restaurant_Review-g294197-d8638851-Reviews-Misari_Milbit_Chogyeguksu_COEX_Mall-Seoul.html,27,https://dynamic-media-cdn.tripadvisor.com/media/photo-o/0b/b3/a7/7c/photo0jpg.jpg?w=400&h=400&s=1,Korean,$,"513, Yeongdong-daero, Gangnam-gu COEX Mall",37.512238,127.06031,+82 2-6002-6566,4.4,Korean
776544,Seoulseo Duljjaero Jalhaneunjip,https://www.tripadvisor.com/Restaurant_Review-g294197-d776544-Reviews-Seoulseo_Duljjaero_Jalhaneunjip-Seoul.html,78,https://dynamic-media-cdn.tripadvisor.com/media/photo-o/1c/a6/24/80/seoureseo-duljjaero-jalhaneunj.jpg?w=400&h=400&s=1,"Cafe, Asian, Korean, Healthy, Soups",$$ - $$$,"122-1, Samcheong-ro, Jongno-gu",37.586205,126.98182,+82 2-734-5302,4.2,Vegan options
34158987,soulhan-u yeouidosaesgang-yeogjeom,https://www.tripadvisor.com/Restaurant_Review-g294197-d34158987-Reviews-Soulhan_u_yeouidosaesgang_yeogjeom-Seoul.html,23,https://dynamic-media-cdn.tripadvisor.com/media/photo-o/32/f0/36/ee/caption.jpg?w=400&h=400&s=1,"Barbecue, Asian, Korean",,seoul yeongdeungpogu yeouidaebanglo67gil 9 jiha1cheung,37.492428,126.538765,+820507-1378-6637,5.0,"Lunch, Dinner"
7748449,Sandeulhae - Songpa,https://www.tripadvisor.com/Restaurant_Review-g294197-d7748449-Reviews-Sandeulhae_Songpa-Seoul.html,21,https://dynamic-media-cdn.tripadvisor.com/media/photo-o/19/fa/a1/dc/caption.jpg?w=400&h=400&s=1,,,"6, Wiryeseong-Daero, Songpa-Gu",37.517006,127.11306,+82 2-448-3457,4.3,"Lunch, Dinner"
34298799,seonleung cheong-wadaesogeumgu-i,https://www.tripadvisor.com/Restaurant_Review-g294197-d34298799-Reviews-Seonleung_cheong_wadaesogeumgu_i-Seoul.html,12,https://dynamic-media-cdn.tripadvisor.com/media/photo-o/32/d6/78/86/caption.jpg?w=400&h=400&s=1,,,Seonleunglo 94gil 15 1cheung 105~107ho,37.506207,127.049866,+82 10-7231-8785,5.0,"""【Seoul Certified Restaurant — Cheongwadae Sogeum Gui, Seolleung】 We serve only the top 0.3% of premium Korean pork, YBD (Yorkshire, Berkshire, Duroc), offering a level of quality beyond ordinary pork. Enjoy the true essence of Korean pork — rich juiciness, deep aroma, and savory flavor — perfectly enhanced by pristine Shinan sea salt and premium wasabi. Our carefully selected cuts and well-balanced menu highlight the natural depth and character of each part. With an elegant atmosphere and exceptional service, we provide the perfect setting for business dinners, special occasions, and true food enthusiasts seeking a refined dining experience."""
21311564,Gogijun Cheongdam,https://www.tripadvisor.com/Restaurant_Review-g294197-d21311564-Reviews-Gogijun_Cheongdam-Seoul.html,13,https://dynamic-media-cdn.tripadvisor.com/media/photo-o/1c/34/39/9a/caption.jpg?w=400&h=400&s=1,"Steakhouse, Barbecue, Grill",$$$$,"420 Dosan-daero, Gangnam-gu, Seoul 2f, Building B, Cheongdam Square",37.52536,127.04574,+82 2-6204-5515,5.0,"Gogijun Cheongdam is a premium Korean beef restaurant specializing in carefully selected No.9 Hanwoo. Enjoy charcoal-grilled cuts including tenderloin, sirloin, and special cuts in comfortable private dining rooms in the heart of Cheongdam."
13557163,Bareun Sainggalbi - Jongno Myodong,https://www.tripadvisor.com/Restaurant_Review-g294197-d13557163-Reviews-Bareun_Sainggalbi_Jongno_Myodong-Seoul.html,38,https://dynamic-media-cdn.tripadvisor.com/media/photo-o/12/2e/d6/dd/the-best-meal-of-bbq.jpg?w=400&h=-1&s=1,"Barbecue, Asian, Korean, Grill",$$ - $$$,"53-2, Donhwamun-ro, Jongno-gu",37.573086,126.99116,+82 2-6338-2341,4.8,"English & Chinese speaking (easy communication) Best Korean barbeque restaurant at Jongno3-ga area. Beef & Pork 70m from #6 exit of MTR Jongno3-ga station (line 1,3,5) to Changduk Palace direction."
4033957,Subin,https://www.tripadvisor.com/Restaurant_Review-g294197-d4033957-Reviews-Subin-Seoul.html,18,https://dynamic-media-cdn.tripadvisor.com/media/photo-o/05/fe/ab/2b/subin.jpg?w=400&h=400&s=1,"Asian, Korean",$$ - $$$,"81-13, Yeonhui-dong, Seodaemun-gu",37.571964,126.93422,+82 2-307-9979,4.6,Lunch
26232658,Oreno Ramen Gangnam,https://www.tripadvisor.com/Restaurant_Review-g294197-d26232658-Reviews-Oreno_Ramen_Gangnam-Seoul.html,7,https://dynamic-media-cdn.tripadvisor.com/media/photo-o/29/7c/cc/03/the-boring-tori-paitan.jpg?w=400&h=400&s=1,"Japanese, Asian, Korean",$,"Gangnam-gu, Yeoksam 1-dong Teheran-ro 1-gil, 28 9 2F",37.500404,127.02807,,4.7,"Japanese, Asian, Korean"
10660437,The Place,https://www.tripadvisor.com/Restaurant_Review-g294197-d10660437-Reviews-The_Place-Seoul.html,21,https://dynamic-media-cdn.tripadvisor.com/media/photo-o/2a/6c/b8/ae/caption.jpg?w=400&h=-1&s=1,"Italian, Pizza",,"416, Hangang-daero, Jung-gu Seoul Square 1F",37.55595,126.97333,+82 2-6456-8968,4.1,"Lunch, Dinner"
3922433,Neutinamu Seolleongtang,https://www.tripadvisor.com/Restaurant_Review-g294197-d3922433-Reviews-Neutinamu_Seolleongtang-Seoul.html,90,https://dynamic-media-cdn.tripadvisor.com/media/photo-o/13/b2/fd/24/img-20180713-195042-largejpg.jpg?w=400&h=400&s=1,"Asian, Korean",$$ - $$$,"251-131 Sindang-dong, Jung-gu",37.566704,127.01284,+82 2-2234-9713,4.2,"Breakfast, Lunch, Dinner, Late Night"
3944111,Lotteria Lotte Mall Gimpo Airport Store,https://www.tripadvisor.com/Restaurant_Review-g294197-d3944111-Reviews-Lotteria_Lotte_Mall_Gimpo_Airport_Store-Seoul.html,59,https://dynamic-media-cdn.tripadvisor.com/media/photo-o/09/00/da/f2/lotteria-lotte-mall-gimpo.jpg?w=400&h=400&s=1,,$$ - $$$,"886-8, Banghwa-dong, Gangseo-gu",37.56385,126.80363,+82 2-6116-5420,3.9,Brunch
4083848,La Grillia Gwanghwamun,https://www.tripadvisor.com/Restaurant_Review-g294197-d4083848-Reviews-La_Grillia_Gwanghwamun-Seoul.html,79,https://dynamic-media-cdn.tripadvisor.com/media/photo-o/18/3e/d4/e3/la-grillia-gwanghwamun.jpg?w=400&h=400&s=1,"Italian, Pizza, European, Grill",$$ - $$$,"11, Cheonggyecheon-ro, Jongno-gu",37.569103,126.97897,+82 2-571-5732,3.9,Vegetarian friendly
2072711,Luna Asia Indian Restaurant,https://www.tripadvisor.com/Restaurant_Review-g294197-d2072711-Reviews-Luna_Asia_Indian_Restaurant-Seoul.html,53,https://dynamic-media-cdn.tripadvisor.com/media/photo-o/03/91/30/b8/luna-aisa-indian-restaurant.jpg?w=400&h=400&s=1,"Indian, Asian, Deli, Nepali, Bangladeshi",$$ - $$$,"15, Samseong-ro 100-gil, Gangnam-gu",37.509758,127.056755,+82 2-562-7992,4.2,"Vegetarian friendly, Vegan options, Halal"
9227593,Two Two Chicken,https://www.tripadvisor.com/Restaurant_Review-g294197-d9227593-Reviews-Two_Two_Chicken-Seoul.html,70,https://dynamic-media-cdn.tripadvisor.com/media/photo-o/0b/99/17/54/the-chicken.jpg?w=400&h=400&s=1,"Fast Food, Asian, Korean",$$ - $$$,"20-1, myeongdong7-Gil",37.564766,126.9844,+82 2-318-5136,3.6,Dinner
9238473,Sonyeo Bangatgan,https://www.tripadvisor.com/Restaurant_Review-g294197-d9238473-Reviews-Sonyeo_Bangatgan-Seoul.html,22,https://dynamic-media-cdn.tripadvisor.com/media/photo-o/0c/a3/76/9d/caption.jpg?w=400&h=400&s=1,"Asian, Korean",$$ - $$$,"9-16, Wangsimni-ro 5-gil, Seongdong-gu",37.54656,127.04419,+82 2-6268-0778,4.2,Vegetarian friendly
32873276,Iksunfarm-Myeong-dong,https://www.tripadvisor.com/Restaurant_Review-g294197-d32873276-Reviews-Iksunfarm_Myeong_dong-Seoul.html,21,https://dynamic-media-cdn.tripadvisor.com/media/photo-o/33/2c/94/55/caption.jpg?w=400&h=400&s=1,"Barbecue, Asian, Korean, Grill",,22-2 Chungmuro 1-ga,37.561718,126.98395,+82 2-3789-4443,5.0,"Lunch, Dinner, Brunch, Late Night"
9213113,The Kitchen IL FORNO,https://www.tripadvisor.com/Restaurant_Review-g294197-d9213113-Reviews-The_Kitchen_IL_FORNO-Seoul.html,76,https://dynamic-media-cdn.tripadvisor.com/media/photo-o/2c/6f/98/6d/a-la-carte-menu.jpg?w=400&h=400&s=1,"Italian, Bar, Pizza, Grill, Southern-Italian",$$ - $$$,"7, Yulgok-ro2-Gil, Jongno-gu Somerset Palace Seoul 1F",37.57482,126.98157,+82 2-730-5545,3.6,Accepts Credit Cards
4085151,Gombawi,https://www.tripadvisor.com/Restaurant_Review-g294197-d4085151-Reviews-Gombawi-Seoul.html,34,https://dynamic-media-cdn.tripadvisor.com/media/photo-o/21/f7/b8/ec/caption.jpg?w=400&h=-1&s=1,"Asian, Korean",$$ - $$$,"76-10, Samseong-dong, Gangnam-gu",37.51508,127.05926,+82 2-511-0068,4.5,Dinner
3543818,Mad for Garlic Gangnam Store,https://www.tripadvisor.com/Restaurant_Review-g294197-d3543818-Reviews-Mad_for_Garlic_Gangnam_Store-Seoul.html,75,https://dynamic-media-cdn.tripadvisor.com/media/photo-o/10/cb/02/0c/imag0288-largejpg.jpg?w=400&h=400&s=1,"Italian, Pizza, European",$$ - $$$,"648-19, Yeoksam-Dong, Gangnam-Gu",37.499283,127.03232,+82 2-562-6977,4.0,Vegetarian friendly
3627423,Sunine Bindaetteok,https://www.tripadvisor.com/Restaurant_Review-g294197-d3627423-Reviews-Sunine_Bindaetteok-Seoul.html,146,https://dynamic-media-cdn.tripadvisor.com/media/photo-o/0d/9f/b7/8d/photo1jpg.jpg?w=400&h=400&s=1,"Asian, Korean",$,138-9 Jongno 5-ga,37.57051,127.0008,+82 2-2268-3344,4.0,"Lunch, Dinner, Brunch"
13412735,Just 1 The Chicken,https://www.tripadvisor.com/Restaurant_Review-g294197-d13412735-Reviews-Just_1_The_Chicken-Seoul.html,26,https://dynamic-media-cdn.tripadvisor.com/media/photo-o/11/d4/76/01/getlstd-property-photo.jpg?w=400&h=400&s=1,"Fast Food, Korean, Fusion",$,"12-3, Gangnam-daero 98-gil",37.500576,127.02789,+82 2-565-5335,4.6,"Accepts credit cards: American Express, Discover, Mastercard, Visa"
7808549,The Rose & Crown,https://www.tripadvisor.com/Restaurant_Review-g294197-d7808549-Reviews-The_Rose_Crown-Seoul.html,32,https://dynamic-media-cdn.tripadvisor.com/media/photo-o/2d/07/bb/3d/caption.jpg?w=400&h=400&s=1,"Bar, British, Pub",$$ - $$$,"6, Itaewon-ro 19-gil",37.53474,126.99188,+82 10-7532-5484,4.2,"Accepts credit cards: American Express, Discover, Mastercard, Visa"
9326987,Pizza Hil,https://www.tripadvisor.com/Restaurant_Review-g294197-d9326987-Reviews-Pizza_Hil-Seoul.html,131,https://dynamic-media-cdn.tripadvisor.com/media/photo-o/10/3a/32/2d/inside.jpg?w=400&h=400&s=1,"Italian, Pizza",$$ - $$$,"177, Wokeohil-Ro Sheraton Grand walkerhill Seoul",37.55388,127.109146,+82 2-450-4699,4.1,"Lunch, Dinner"
4414181,Mapo Yangji Seolleongtang,https://www.tripadvisor.com/Restaurant_Review-g294197-d4414181-Reviews-Mapo_Yangji_Seolleongtang-Seoul.html,57,https://dynamic-media-cdn.tripadvisor.com/media/photo-o/19/bc/ea/89/caption.jpg?w=400&h=400&s=1,"Asian, Korean",$$ - $$$,"6, Saechang-ro, Mapo-gu",37.542763,126.950066,+82 2-716-8616,4.2,Lunch
4029280,Bonjuk Insadong,https://www.tripadvisor.com/Restaurant_Review-g294197-d4029280-Reviews-Bonjuk_Insadong-Seoul.html,33,https://dynamic-media-cdn.tripadvisor.com/media/photo-o/2e/7b/d3/e2/caption.jpg?w=400&h=400&s=1,"Asian, Korean",$$ - $$$,"155-9, Gwanhun-dong, Jongno-gu",37.574738,126.98405,+82 2-722-6288,4.2,"Vegetarian friendly, Vegan options"
33220553,Low & Slow Itaewon Main Branch,https://www.tripadvisor.com/Restaurant_Review-g294197-d33220553-Reviews-Low_Slow_Itaewon_Main_Branch-Seoul.html,6,https://dynamic-media-cdn.tripadvisor.com/media/photo-o/31/5e/36/be/caption.jpg?w=400&h=400&s=1,"American, Barbecue, Korean, Grill, Beer restaurants",,126 Bogwang-ro 2nd Floor,37.534237,126.99421,+82 50-71339-2268,4.2,"Low & Slow uses traditional Texas-style smoking with aged oak wood, cooking meat slowly at low temperatures. We use only MBP5+ grade Australian grass-fed Wagyu, seasoned with just salt and pepper, and smoked for over 12 hours by our skilled pit masters."
13476366,BHC Chicken Dongdaemun,https://www.tripadvisor.com/Restaurant_Review-g294197-d13476366-Reviews-BHC_Chicken_Dongdaemun-Seoul.html,27,https://dynamic-media-cdn.tripadvisor.com/media/photo-o/15/30/62/e2/photo2jpg.jpg?w=400&h=-1&s=1,"Brew Pub, Asian, Korean, Pub, South American, Central American",$$ - $$$,"10, Euljiro 44-gil, Jung-gu 2F",37.565697,127.00642,+82 2-2278-0053,4.5,Dinner
951647,Omori Zzigae Jamsil,https://www.tripadvisor.com/Restaurant_Review-g294197-d951647-Reviews-Omori_Zzigae_Jamsil-Seoul.html,64,https://dynamic-media-cdn.tripadvisor.com/media/photo-o/0f/cf/66/4f/the-resto.jpg?w=400&h=400&s=1,"Asian, Korean",$,"183-2 Seokchon-dong, Songpa-gu",37.50813,127.104164,+82 2-423-0067,4.1,"Lunch, Dinner"
8896421,Chaegeundaam,https://www.tripadvisor.com/Restaurant_Review-g294197-d8896421-Reviews-Chaegeundaam-Seoul.html,43,https://dynamic-media-cdn.tripadvisor.com/media/photo-o/07/d9/1b/4b/chaegundaam.jpg?w=400&h=400&s=1,"Asian, Korean",$$ - $$$,"23, Yeoksam-ro 98-gil, Gangnam-gu B1f",37.503643,127.06509,+82 2-555-9173,4.5,"Vegetarian friendly, Vegan options"
14015344,TOKYO SIRLOIN Seolleung,https://www.tripadvisor.com/Restaurant_Review-g294197-d14015344-Reviews-TOKYO_SIRLOIN_Seolleung-Seoul.html,33,https://dynamic-media-cdn.tripadvisor.com/media/photo-o/1b/11/3d/61/caption.jpg?w=400&h=400&s=1,"Steakhouse, Asian, Korean, Fusion",,"16, Teheran-ro 78-gil, Gangnam-gu",37.505203,127.05539,050714300824,4.7,Accepts Credit Cards
2479028,The Pizza Peel,https://www.tripadvisor.com/Restaurant_Review-g294197-d2479028-Reviews-The_Pizza_Peel-Seoul.html,96,https://dynamic-media-cdn.tripadvisor.com/media/photo-o/08/d6/f9/85/the-pizza-peel.jpg?w=400&h=400&s=1,"Italian, Pizza",$$ - $$$,"59 Cheonggyecheon-ro, Jongro-gu 2F",37.533974,126.98908,+82 2-795-3283,4.4,Vegetarian friendly
17637278,Mealbon Seongsu Main Branch,https://www.tripadvisor.com/Restaurant_Review-g294197-d17637278-Reviews-Mealbon_Seongsu_Main_Branch-Seoul.html,2,https://dynamic-media-cdn.tripadvisor.com/media/photo-o/31/a3/41/69/logo.jpg?w=400&h=-1&s=1,"Asian, Korean",$,4 Achasan-ro 7-gil 1st Floor,37.54558,127.0544,+82 2-499-9801,5.0,"A Michelin-Starred Taste of Authentic Korean Comfort Food in Seongsu Mealbon (Seongsu Main Branch), a hidden gem recognized by the Michelin Bib Gourmand Seoul (2018, 2019). We specialize in refined, home-style Korean cuisine that balances deep tradition with modern simplicity. Signature Korean Noodle (Kalguksu) : Our soul-warming noodle soup is famous for its clean, flavorful broth and perfectly chewy handmade style noodles. Signature Fried Pork Rice (Gogi-deopbap) : Featured on the popular TV show 'Master of Living (Ep. 697)', this savory rice bowl is packed with perfectly seasoned meat and is a must-try for meat lovers. The Full Experience : For the perfect meal, try our ""Set Menu,"" which includes our famous main dishes paired with crispy mini mung bean pancakes (Nokdu-jeon) and fried dumplings (Gun-mandu)."
10779217,The Place COEX Mall,https://www.tripadvisor.com/Restaurant_Review-g294197-d10779217-Reviews-The_Place_COEX_Mall-Seoul.html,27,https://dynamic-media-cdn.tripadvisor.com/media/photo-o/0e/71/0e/af/sala-interna.jpg?w=400&h=400&s=1,"Italian, Pizza, Fusion",$$ - $$$,"513, Yeongdong-daero, Gangnam-gu J102, B1, COEX Mall",37.511692,127.060295,+82 2-6002-1150,4.0,"Lunch, Dinner, Brunch"
10747919,Shake Shack Gangnam,https://www.tripadvisor.com/Restaurant_Review-g294197-d10747919-Reviews-Shake_Shack_Gangnam-Seoul.html,110,https://dynamic-media-cdn.tripadvisor.com/media/photo-o/2f/85/4c/b9/caption.jpg?w=400&h=400&s=1,"American, Fast Food",$$ - $$$,"452, Gangnam-daero, Gangnam-gu",37.502666,127.025375,+82 80-731-2027,3.7,"Lunch, Dinner, Brunch"
10202101,Gaon,https://www.tripadvisor.com/Restaurant_Review-g294197-d10202101-Reviews-Gaon-Seoul.html,30,https://dynamic-media-cdn.tripadvisor.com/media/photo-o/1a/8c/57/57/vip-room.jpg?w=400&h=400&s=1,Korean,$$$$,"317 Dosan-daero, Gangnam-gu Horim Art bldg. M FL.",37.522556,127.03653,+82 2-545-9845,4.1,GAON unfolds the nutritious flow of the King contained within the royal table with the ingredients it has seasonally collected from Korean waters and mountains. Discovering the best ingredients and studying their deep flavors is how we deliver the concealed taste and profound aroma of Korean cuisine. Korean cuisine 'Onnal' which has maximized the organic flavors of the ingredient through the selection of the highest quality ingredients and cooking them through equally prudent procedures. Korean cuisine 'Gaon' which has unfolded Korean food as an ultimate piece of culinary art by adding the chef's philosophy and sensibility to the original dignity of traditional Korean cuisine.
4084675,Toh Lim,https://www.tripadvisor.com/Restaurant_Review-g294197-d4084675-Reviews-Toh_Lim-Seoul.html,72,https://dynamic-media-cdn.tripadvisor.com/media/photo-o/0d/e7/93/a2/resized-20161217-173105.jpg?w=400&h=400&s=1,"Chinese, Asian, Szechuan",$$$$,"30, Eulji-ro, Jung-gu 37F, Main Wing, Lotte Hotel Seoul",37.56538,126.98175,+82 2-317-7101,4.7,"Lunch, Dinner"
13944402,Sunny Bread,https://www.tripadvisor.com/Restaurant_Review-g294197-d13944402-Reviews-Sunny_Bread-Seoul.html,11,https://dynamic-media-cdn.tripadvisor.com/media/photo-o/29/9e/f8/bd/door.jpg?w=400&h=400&s=1,$$ - $$$,$$ - $$$,"5, Sowol-ro 2-gil, Yongsan-gu",37.534405,126.997406,+82 10-9264-5282,5.0,"Accepts credit cards: American Express, Visa"
34301707,neomaneul andong-galbi,https://www.tripadvisor.com/Restaurant_Review-g294197-d34301707-Reviews-Neomaneul_andong_galbi-Seoul.html,10,https://dynamic-media-cdn.tripadvisor.com/media/photo-o/33/26/f7/a5/caption.jpg?w=400&h=400&s=1,"Barbecue, Asian, Korean, Grill",,Seonleunglo 94gil 15 1cheung,37.506233,127.04993,+82 10-7231-8785,5.0,"""【Neomaneul Andong Galbi — Seolleung Flagship】 Seoul Metropolitan Government Certified Restaurant, ""Tongkwaehan Hankki"" Gangnam No.1 Welcome to Neomaneul Andong Galbi, a premium Korean hanwoo dining destination at Seolleung. We serve only the finest — 1++ grade, No.9 top-tier Korean hanwoo beef, the highest classification available. Our signature Andong-style galbi, perfected with a special garlic marinade, delivers a flavor experience unlike any other. From melt-in-your-mouth fresh beef ribs to limited-quantity premium hanwoo cuts, every dish is a promise of unforgettable dining. Our spacious, refined interior and fully private dining rooms accommodate everything from intimate gatherings to large-scale events of up to 80 guests."""
33316567,Ratatouille In Séoul,https://www.tripadvisor.com/Restaurant_Review-g294197-d33316567-Reviews-Ratatouille_In_Seoul-Seoul.html,12,https://dynamic-media-cdn.tripadvisor.com/media/photo-o/33/a7/92/ed/caption.jpg?w=400&h=400&s=1,French,,Cheongpa-ro 270-2,37.54376,126.970955,,5.0,French
25547019,Urban Plant Myeongdong,https://www.tripadvisor.com/Restaurant_Review-g294197-d25547019-Reviews-Urban_Plant_Myeongdong-Seoul.html,21,https://dynamic-media-cdn.tripadvisor.com/media/photo-o/28/f0/80/17/urban-plant-myeongdong.jpg?w=400&h=400&s=1,"American, Asian, Healthy, Japanese sweets parlour",$$ - $$$,38 Myeongdong 8na-gil 1F,37.56134,126.98366,+82 50-71480-0154,5.0,"Breakfast, Lunch, Dinner, Brunch, Drinks"
12384635,Delhi India,https://www.tripadvisor.com/Restaurant_Review-g294197-d12384635-Reviews-Delhi_India-Seoul.html,23,https://dynamic-media-cdn.tripadvisor.com/media/photo-o/13/38/84/ed/delhi-india.jpg?w=400&h=400&s=1,"Indian, Asian, Fusion, Nepali",$$ - $$$,"8, Dongmak-ro 9-gil, Mapo-gu 2f",37.548546,126.91972,+82 2-2631-2109,4.7,"This is an Indian restaurent.We provide original Indian food and Fusion Indian food for our Guest. Our main dish is Tandoori chicken.Chicken Tika,Butter Chicken ( Chicken Makhani ), Chicken /Mutton/ Prawn Masala,Chicken /Mutton /Prawn Vindalo, And Vegetable curry, Palak Paneer,Chana Masala. Dal Makhani,Palak Alu.And Nan Item Plain /Butter/Garlic/Sweet Nan.We also Provide Biryani( Veg,Chicken.Mutton ).We have also drinks item sucha as Indian beer, Korean Beer . Indian Whisky and also korean soju."
32761976,Daebojung,https://www.tripadvisor.com/Restaurant_Review-g294197-d32761976-Reviews-Daebojung-Seoul.html,10,https://dynamic-media-cdn.tripadvisor.com/media/photo-o/2e/79/cd/53/caption.jpg?w=400&h=400&s=1,"Steakhouse, Barbecue, Asian, Korean",$$$$,"41, Sejong-daero 9-gil Jung-gu Pacific Tower, B1, Unit 4",37.562202,126.97328,+82 2-310-9554,5.0,"Daebojung City Hall presents the depth and elegance of Korean cuisine with a modern touch. Its refined Korean course meals are prepared with carefully selected ingredients, making it an excellent choice for business meetings, company dinners, family gatherings, and formal occasions. With a stylish atmosphere and private dining spaces, guests can enjoy a comfortable yet sophisticated experience. Conveniently located near City Hall and Seoul Station, Daebojung has become a highly regarded Korean restaurant for both professionals and gourmets."
6643598,Cotela Coreanos Tequila Lounge,https://www.tripadvisor.com/Restaurant_Review-g294197-d6643598-Reviews-Cotela_Coreanos_Tequila_Lounge-Seoul.html,74,https://dynamic-media-cdn.tripadvisor.com/media/photo-o/11/9b/d1/9a/coreanos-kitchen.jpg?w=400&h=400&s=1,"Mexican, Bar, Pub, Dining bars",$$ - $$$,"B1, 25, Seolleung-ro 157-gil, Gangnam-gu",37.526127,127.0377,+82 2-547-4427,4.2,Vegetarian friendly
11832256,C Tavern,https://www.tripadvisor.com/Restaurant_Review-g294197-d11832256-Reviews-C_Tavern-Seoul.html,40,https://dynamic-media-cdn.tripadvisor.com/media/photo-o/0f/9e/0b/86/2nd-floor-group-table.jpg?w=400&h=400&s=1,"Bar, Pub, Gastropub",$$ - $$$,"52, Myeongdong 8ga-gil, Jung-gu Myeongdong Metro exit #10",37.561794,126.98793,+82 2-778-0770,4.7,One of the largest tap houses in Myeong Dong with numerous imported beers along with Korean craft beers. Also serves brunch & dinner.
10628978,Mishmash,https://www.tripadvisor.com/Restaurant_Review-g294197-d10628978-Reviews-Mishmash-Seoul.html,18,https://dynamic-media-cdn.tripadvisor.com/media/photo-o/0c/85/a8/84/mishmash.jpg?w=400&h=400&s=1,"European, Asian, Korean",$$ - $$$,"47-2, Changdeokgung-gil, Jongno-gu",37.57951,126.989,+82 2-6465-2211,4.5,"Mishmash is a modern Korean restaurant. While we respect the traditional Korean cuisine as the base in our kitchen, we try to explore different methods of cooking and flavors with a modern understanding of Korean cuisine."
28152109,Bb.q Chicken Myeongdong Star,https://www.tripadvisor.com/Restaurant_Review-g294197-d28152109-Reviews-Bb_q_Chicken_Myeongdong_Star-Seoul.html,10,https://dynamic-media-cdn.tripadvisor.com/media/photo-o/2e/0e/38/54/caption.jpg?w=400&h=400&s=1,"Asian, Korean, Beer restaurants",,"2 Myeongdong 4-gil, Jung District, Seoul, South Korea",37.56345,126.98347,+82 2-318-8809,3.7,"Lunch, Dinner"
34248433,hauseu obeu dilaipeuseutailkichin,https://www.tripadvisor.com/Restaurant_Review-g294197-d34248433-Reviews-Hauseu_obeu_dilaipeuseutailkichin-Seoul.html,12,https://dynamic-media-cdn.tripadvisor.com/media/photo-o/33/9a/60/bf/caption.jpg?w=400&h=400&s=1,"Italian, Steakhouse, Pizza",,seoulteugbyeolsi gangseogu gonghangdaelo 165 Onegrove Bdong B1cheung,37.56121,126.826035,+82 2-6106-0070,5.0,"Lunch, Dinner"
34272755,Mimi Snack,https://www.tripadvisor.com/Restaurant_Review-g294197-d34272755-Reviews-Mimi_Snack-Seoul.html,13,https://dynamic-media-cdn.tripadvisor.com/media/photo-o/33/84/c3/ce/caption.jpg?w=400&h=400&s=1,"Japanese, Asian, Korean, Pub, Fusion, Beer restaurants",,Nohaelo 81gil 2 Floor,37.655605,127.062775,+82 50-71405-5125,5.0,"Digital Payments, Accepts Credit Cards"
4033287,Sky Lounge,https://www.tripadvisor.com/Restaurant_Review-g294197-d4033287-Reviews-Sky_Lounge-Seoul.html,44,https://dynamic-media-cdn.tripadvisor.com/media/photo-o/16/6f/c2/be/sky-lunch-course-menu.jpg?w=400&h=400&s=1,Italian,$$$$,"524, Bongeunsaro, Gangnam-gu 30F, InterContinental Seoul COEX",37.513683,127.05737,+82 2-3430-8630,4.0,"Located on the top floor, Sky Lounge is the perfect place to enjoy the ever changing view of the city. Certified as OSPITALITA ITALIANA by the Italian govern ment in 2013, enjoy authentic Italian cuisine prepared by Italian chef. Late in the evening, you can enjoy a fine selection of cocktails and wine recommended by our sommelier. Known as a favorite place for making marriage proposals, you can enjoy a spectacular view of the city and a truly romantic ambience in the Pluto Room."
7266651,Batgodong,https://www.tripadvisor.com/Restaurant_Review-g294197-d7266651-Reviews-Batgodong-Seoul.html,42,https://dynamic-media-cdn.tripadvisor.com/media/photo-o/0d/c3/01/2e/photo0jpg.jpg?w=400&h=400&s=1,"Asian, Korean",$$ - $$$,"54, Eonju-ro 172-gil, Gangnam-gu",37.52693,127.0381,+82 2-514-8008,4.3,Lunch
33974073,Gossine Donghae Makguksu Jongno Direct Branch,https://www.tripadvisor.com/Restaurant_Review-g294197-d33974073-Reviews-Gossine_Donghae_Makguksu_Jongno_Direct_Branch-Seoul.html,9,https://dynamic-media-cdn.tripadvisor.com/media/photo-o/32/f5/98/1c/caption.jpg?w=400&h=400&s=1,"Asian, Korean",,3 Insadong 12-gil,37.574524,126.98463,+82 2-737-0575,4.9,"Lunch, Dinner"
33106269,Sunokine Myeongga The Hyundai Seoul Branch,https://www.tripadvisor.com/Restaurant_Review-g294197-d33106269-Reviews-Sunokine_Myeongga_The_Hyundai_Seoul_Branch-Seoul.html,6,https://dynamic-media-cdn.tripadvisor.com/media/photo-o/30/3b/04/cc/caption.jpg?w=400&h=400&s=1,"Asian, Korean",,108 Yeoui-daero,37.52666,126.92724,,4.8,"Lunch, Dinner"
5927676,Tuk Tuk Noodle Thai,https://www.tripadvisor.com/Restaurant_Review-g294197-d5927676-Reviews-Tuk_Tuk_Noodle_Thai-Seoul.html,73,https://dynamic-media-cdn.tripadvisor.com/media/photo-o/1c/a6/1d/2a/tuk-tuk-noodle-thai.jpg?w=400&h=400&s=1,"Asian, Thai",$$ - $$$,"B1, 227-37, Yeonnam-dong, Mapo-gu",37.56516,126.923965,+82 70-4407-5130,4.1,Vegetarian friendly
13954010,Ttukbaegi Jip,https://www.tripadvisor.com/Restaurant_Review-g294197-d13954010-Reviews-Ttukbaegi_Jip-Seoul.html,10,https://dynamic-media-cdn.tripadvisor.com/media/photo-o/1a/31/b7/58/photo2jpg.jpg?w=400&h=400&s=1,"Asian, Korean",$$ - $$$,"12, Jong-ro 16-gil, Jongno-gu",37.569534,126.98847,+82 2-2265-5744,4.4,Seating
7748125,Eunjujeong,https://www.tripadvisor.com/Restaurant_Review-g294197-d7748125-Reviews-Eunjujeong-Seoul.html,50,https://dynamic-media-cdn.tripadvisor.com/media/photo-o/16/eb/51/6b/photo1jpg.jpg?w=400&h=400&s=1,"Asian, Korean",$,"32, Changgyeonggung-ro 8-gil, Jung-gu",37.56861,126.99981,+82 2-2265-4669,4.3,"Asian, Korean"
10169301,Jungang Haejang,https://www.tripadvisor.com/Restaurant_Review-g294197-d10169301-Reviews-Jungang_Haejang-Seoul.html,28,https://dynamic-media-cdn.tripadvisor.com/media/photo-o/2e/73/ca/41/caption.jpg?w=400&h=400&s=1,"Asian, Korean",,"17, Yeongdong-daero 86-gil, Gangnam-gu",37.508194,127.06554,+82 2-558-7905,4.5,"Asian, Korean"
7234215,bills Jamsil,https://www.tripadvisor.com/Restaurant_Review-g294197-d7234215-Reviews-Bills_Jamsil-Seoul.html,80,https://dynamic-media-cdn.tripadvisor.com/media/photo-o/07/0e/99/eb/bills-jamsil.jpg?w=400&h=400&s=1,Australian,$$ - $$$,"300, Olympic-ro, Songpa-gu 1F Lotte World Mall",37.513115,127.10384,+82 2-3213-4185,3.8,"bills Jamsil is our first Seoul restaurant. I love Korea: it's become the punchy, dynamic powerhouse of the world. It's shiny, brash and modern (and famously envied throughout Asia, I recently discovered, for having the 'best-looking celebrities'). We've tapped into that exciting glamour at Jamsil - the restaurant feels like a greenhouse, overlooking the park and lake, with soaring ceilings, marble tables, gold mirrors around the bar, and green tiles inspired by the fresh produce and herbs of the local cooking. The menu includes all the bills classics plus our interpretation of Korea's spicy vegetable dishes."
33089455,Haepo,https://www.tripadvisor.com/Restaurant_Review-g294197-d33089455-Reviews-Haepo-Seoul.html,8,https://dynamic-media-cdn.tripadvisor.com/media/photo-o/33/2b/b2/40/caption.jpg?w=400&h=400&s=1,"Asian, Korean",$$ - $$$,"Eulji-ro 44-gil, 19 7 1st Floor",37.5652,127.00659,+82 10-2780-2289,5.0,"Lunch, Dinner"
4032916,Eulmildae,https://www.tripadvisor.com/Restaurant_Review-g294197-d4032916-Reviews-Eulmildae-Seoul.html,78,https://dynamic-media-cdn.tripadvisor.com/media/photo-o/1c/a5/f5/82/eulmildae.jpg?w=400&h=400&s=1,"Asian, Korean",$$ - $$$,"147-6, Yeomni-dong, Mapo-gu",37.547527,126.94543,+82 2-717-1922,4.3,"Lunch, Dinner"
8677855,Paulie's Gwanghwamun D-Tower,https://www.tripadvisor.com/Restaurant_Review-g294197-d8677855-Reviews-Paulie_s_Gwanghwamun_D_Tower-Seoul.html,34,https://dynamic-media-cdn.tripadvisor.com/media/photo-o/09/44/90/d7/paulie-s-brick-oven-pizzeria.jpg?w=400&h=400&s=1,"Italian, American, Pizza",$$ - $$$,"17, Jong-ro 3-gil, Jongno-gu 2F",37.570965,126.978806,+82 2-2251-8200,4.3,"Lunch, Dinner"
1965082,Bulgogi Brothers Seoul Finance Center Store,https://www.tripadvisor.com/Restaurant_Review-g294197-d1965082-Reviews-Bulgogi_Brothers_Seoul_Finance_Center_Store-Seoul.html,107,https://dynamic-media-cdn.tripadvisor.com/media/photo-o/06/e4/91/30/bb.jpg?w=400&h=400&s=1,"Barbecue, Asian, Korean",$$ - $$$,"B2 Seoul Finance Center 84 Taepyeongno 1-ga, Jung-gu",37.56844,126.97765,+82 2-775-7871,4.1,"Lunch, Dinner"
2230269,Ojangdong Heungnamjip,https://www.tripadvisor.com/Restaurant_Review-g294197-d2230269-Reviews-Ojangdong_Heungnamjip-Seoul.html,57,https://dynamic-media-cdn.tripadvisor.com/media/photo-o/0b/80/a7/f3/nice-cold-noodle-very.jpg?w=400&h=-1&s=1,"Asian, Korean",$,"101-7 Ojang-dong, Jung-gu",37.56438,127.0004,+82 2-2266-0735,4.2,Lunch
12847326,Art Monster,https://www.tripadvisor.com/Restaurant_Review-g294197-d12847326-Reviews-Art_Monster-Seoul.html,21,https://dynamic-media-cdn.tripadvisor.com/media/photo-o/2d/e3/7b/f7/caption.jpg?w=400&h=400&s=1,"Brew Pub, Bar, Pizza, Pub",$$ - $$$,"66, Chungmin-ro, Songpa-gu Hyundae Garden 5 Mall Techo Hall 1",37.57361,126.990486,+82 2-562-6854,4.2,Accepts Credit Cards
7618296,Devil's Door,https://www.tripadvisor.com/Restaurant_Review-g294197-d7618296-Reviews-Devil_s_Door-Seoul.html,110,https://dynamic-media-cdn.tripadvisor.com/media/photo-o/0d/e5/60/bd/photo1jpg.jpg?w=400&h=400&s=1,"American, Bar, Pub",$$ - $$$,"205, Sapyeong-daero, Seocho-gu",37.504818,127.00908,+82 2-6282-4466,3.8,"Lunch, Dinner"
8871049,James Cheese Back Ribs Myeongdong,https://www.tripadvisor.com/Restaurant_Review-g294197-d8871049-Reviews-James_Cheese_Back_Ribs_Myeongdong-Seoul.html,137,https://dynamic-media-cdn.tripadvisor.com/media/photo-o/16/91/e8/78/photo6jpg.jpg?w=400&h=400&s=1,"Barbecue, Asian, Korean",$$ - $$$,"7-6, Myeongdong 10-gil, Jung-gu",37.56339,126.98527,+82 2-318-0192,3.9,"Lunch, Dinner"
8931951,Loco Quan 401 Restaurant,https://www.tripadvisor.com/Restaurant_Review-g294197-d8931951-Reviews-Loco_Quan_401_Restaurant-Seoul.html,73,https://dynamic-media-cdn.tripadvisor.com/media/photo-o/19/9c/a9/57/photo3jpg.jpg?w=400&h=400&s=1,"Barbecue, Asian, Korean",$$ - $$$,"23, Jandari-ro, Mapo-gu",37.56222,126.98542,+82 2-325-0805,3.8,"Lunch, Dinner"
14947966,Changhwadang -  Ikseondong,https://www.tripadvisor.com/Restaurant_Review-g294197-d14947966-Reviews-Changhwadang_Ikseondong-Seoul.html,24,https://dynamic-media-cdn.tripadvisor.com/media/photo-o/13/f4/09/24/combination-mandu-is.jpg?w=400&h=400&s=1,"Asian, Korean",$$ - $$$,"23, Supyo-ro 28-gil, Jongno-gu",37.57298,126.98981,+82 70-8825-0908,4.0,"Lunch, Dinner"
14061427,Wooga,https://www.tripadvisor.com/Restaurant_Review-g294197-d14061427-Reviews-Wooga-Seoul.html,11,https://dynamic-media-cdn.tripadvisor.com/media/photo-o/32/7c/14/44/wooga.jpg?w=400&h=-1&s=1,"Steakhouse, Korean",$$$$,"Gangnam-daero, 652",37.519295,127.0191,+82 2-6272-2223,4.6,"Accepts credit cards: American Express, Discover, Mastercard, Visa"
5287810,Seowon,https://www.tripadvisor.com/Restaurant_Review-g294197-d5287810-Reviews-Seowon-Seoul.html,36,https://dynamic-media-cdn.tripadvisor.com/media/photo-o/15/03/55/63/photo5jpg.jpg?w=400&h=-1&s=1,"Asian, Korean",$$ - $$$,"62-8, Chungmuro 2-ga, Jung-gu",37.56115,126.98758,+82 2-776-0214,4.2,Breakfast
7748326,Menya Sandaime,https://www.tripadvisor.com/Restaurant_Review-g294197-d7748326-Reviews-Menya_Sandaime-Seoul.html,29,https://dynamic-media-cdn.tripadvisor.com/media/photo-o/07/ef/c2/b3/menya-sandaime.jpg?w=400&h=400&s=1,"Japanese, Asian",$$ - $$$,"24, Hongik-Ro 5an-Gil, Mapo-Gu",,,+82 2-332-4129,4.3,"Lunch, Dinner"
8875214,Songchoo Gamagoll in Urban Gwanghwamun,https://www.tripadvisor.com/Restaurant_Review-g294197-d8875214-Reviews-Songchoo_Gamagoll_in_Urban_Gwanghwamun-Seoul.html,26,https://dynamic-media-cdn.tripadvisor.com/media/photo-o/1a/79/a3/ef/songchoo-gamagoll-in.jpg?w=400&h=400&s=1,"Asian, Korean",$$ - $$$,"31, Saemunan-ro 5-gil, Jongno-gu 2F Center Point",37.573006,126.9743,+82 2-6031-6210,4.1,"Lunch, Dinner"
4078598,Korea House,https://www.tripadvisor.com/Restaurant_Review-g294197-d4078598-Reviews-Korea_House-Seoul.html,38,https://dynamic-media-cdn.tripadvisor.com/media/photo-o/2d/d9/35/4e/caption.jpg?w=400&h=400&s=1,"Asian, Korean",$$$$,"10, Toegye-ro 36-gil, Jung-gu",37.56012,126.9944,+82 2-2266-9101,3.8,"Lunch, Dinner"
4033013,Asian Live,https://www.tripadvisor.com/Restaurant_Review-g294197-d4033013-Reviews-Asian_Live-Seoul.html,36,https://dynamic-media-cdn.tripadvisor.com/media/photo-o/17/f7/1a/11/asian-live-presents-tasteful.jpg?w=400&h=400&s=1,"Chinese, Japanese, Indian, Korean, Middle Eastern",$$$$,"159, Samseong-dong, Gangnam-gu InterContinental Coex 2nd floor",37.513474,127.05745,+82 2-3430-8620,4.2,"Asian Live is the only 5-in-1 restaurant in Korea that serves the finest Asian (Korean, Chinese, Japanese, Indian, and Arab) cuisine with modern twist at a reasonable price. 17 private rooms are available for various occasions."
4075640,Din Tai Fung Gangnam Station,https://www.tripadvisor.com/Restaurant_Review-g294197-d4075640-Reviews-Din_Tai_Fung_Gangnam_Station-Seoul.html,57,https://dynamic-media-cdn.tripadvisor.com/media/photo-o/04/47/6f/62/inside.jpg?w=400&h=400&s=1,"Chinese, Asian, Taiwanese",$$ - $$$,"1317-31, Seocho-dong, Seocho-gu 2F, Segye Bldg.",37.498417,127.02552,+82 2-569-2778,3.7,"Lunch, Dinner"
11923762,Woolaeoak,https://www.tripadvisor.com/Restaurant_Review-g294197-d11923762-Reviews-Woolaeoak-Seoul.html,24,https://dynamic-media-cdn.tripadvisor.com/media/photo-o/16/e3/5a/c3/photo0jpg.jpg?w=400&h=400&s=1,"Asian, Korean",$$ - $$$,Uraeok 62-29 Changgyeonggung-ro,37.568096,126.99864,+82 2-265-0151,4.4,Accepts Credit Cards
7834879,Mr. Kebab,https://www.tripadvisor.com/Restaurant_Review-g294197-d7834879-Reviews-Mr_Kebab-Seoul.html,66,https://dynamic-media-cdn.tripadvisor.com/media/photo-o/0f/0c/cd/05/photo0jpg.jpg?w=400&h=400&s=1,"Fast Food, Turkish, Middle Eastern",$,"192, Itaewon-ro, Yongsan-gu",37.53459,126.995476,+82 2-3463-2356,4.0,Halal
17427158,Samjunghanu - Gwanghwamun,https://www.tripadvisor.com/Restaurant_Review-g294197-d17427158-Reviews-Samjunghanu_Gwanghwamun-Seoul.html,5,https://dynamic-media-cdn.tripadvisor.com/media/photo-o/30/e1/2e/88/caption.jpg?w=400&h=400&s=1,"Steakhouse, Barbecue, Asian, Korean",$$$$,"11, Sajik-ro 8-gil, Jongno-gu",37.575027,126.97014,+82 2-722-8500,5.0,"Accepts credit cards: American Express, Discover, Mastercard, Visa"
7161382,Black Pig Samseong Station,https://www.tripadvisor.com/Restaurant_Review-g294197-d7161382-Reviews-Black_Pig_Samseong_Station-Seoul.html,91,https://dynamic-media-cdn.tripadvisor.com/media/photo-o/28/b0/57/49/caption.jpg?w=400&h=400&s=1,"Barbecue, Asian, Korean",$$ - $$$,"14, Bongeunsa-ro 86-gil, Gangnam-gu",37.51281,127.05679,+82 2-2051-0008,3.8,"Lunch, Dinner"
33043749,Choban Dining,https://www.tripadvisor.com/Restaurant_Review-g294197-d33043749-Reviews-Choban_Dining-Seoul.html,50,https://dynamic-media-cdn.tripadvisor.com/media/photo-o/2f/88/d2/c2/caption.jpg?w=400&h=400&s=1,"Barbecue, Asian, Korean",$$ - $$$,"Supyo-ro 6-gil, 8-1 1st Floor",37.562653,126.99087,+82 2-2261-2005,4.9,"Lunch, Dinner"
33405834,Salon de Sangsang,https://www.tripadvisor.com/Restaurant_Review-g294197-d33405834-Reviews-Salon_de_Sangsang-Seoul.html,22,https://dynamic-media-cdn.tripadvisor.com/media/photo-o/31/07/3c/39/elegant-and-charming.jpg?w=400&h=400&s=1,French,$$ - $$$,20 World Cup Buk-ro 15-gil 1st Floor,37.56296,126.912964,+82 2-324-4040,5.0,"Elegant French fine dining located in Seoul, Mapo-gu. At Salon de SangSang you will be able to enjoy your meal surrounded by the refined 18th century French interior decoration. For a quiet and private professional meeting or a romantic date, Salon de SangSang welcomes you. Our very own sommelier and skilled waiters will do their best to make your lunch or dinner memorable."
33084804,Joongang Hajang Onegrove,https://www.tripadvisor.com/Restaurant_Review-g294197-d33084804-Reviews-Joongang_Hajang_Onegrove-Seoul.html,5,https://dynamic-media-cdn.tripadvisor.com/media/photo-o/2f/aa/65/f6/24-a-rich-korean-hot.jpg?w=400&h=400&s=1,"Asian, Korean",$,165 Wongrove Mall East 1st Floor B,37.56129,126.82478,+82 2-6106-0061,5.0,"Jungang Haejang Wondgrove is a large Korean hangover soup restaurant located in the heart of Magok. We offer a spacious hall, comfortable seating, and private rooms ideal for both families and business meetings. Our clean, modern interior and convenient parking make us perfect for any occasion."
14112207,The Lounge - Park Hyatt Seoul,https://www.tripadvisor.com/Restaurant_Review-g294197-d14112207-Reviews-The_Lounge_Park_Hyatt_Seoul-Seoul.html,21,https://dynamic-media-cdn.tripadvisor.com/media/photo-o/15/11/ea/5c/the-lounge-with-daylight.jpg?w=400&h=400&s=1,"Cafe, Asian, Korean, Healthy",$$$$,"606, Teheran-ro 24th Floor, Park Hyatt Seoul, Gangnam-gu",37.508587,127.064156,+82 2-2016-1235,4.5,Accepts Credit Cards
10096415,Nature Kitchen - Gwanghwamun,https://www.tripadvisor.com/Restaurant_Review-g294197-d10096415-Reviews-Nature_Kitchen_Gwanghwamun-Seoul.html,20,https://dynamic-media-cdn.tripadvisor.com/media/photo-o/0b/69/fe/7d/inside-the-restaurant.jpg?w=400&h=400&s=1,"Asian, Korean",$$ - $$$,"17 Jong-ro 3-gil, Jongno-gu D tower 5F",37.570892,126.97895,+82 2-2251-8540,4.5,Nature Kitchen is a Korean Buffet restaurant that you can experience 60 kinds of Korean traditional menu and the Korean culture at one place. It's the Most Popular Korean Cuisine and Salad bar by The E-land Group.(The E-land group has the biggest restaurant chain in Korea. So the quality and the menu is already guaranteed.) Nature Kitchen in Gwanghwamun is specially for foreigners.
7747972,10 Corso Como Cafe,https://www.tripadvisor.com/Restaurant_Review-g294197-d7747972-Reviews-10_Corso_Como_Cafe-Seoul.html,31,https://dynamic-media-cdn.tripadvisor.com/media/photo-o/08/ad/cf/bb/10-corso-como-cafe.jpg?w=400&h=400&s=1,"Italian, Cafe, European",$$ - $$$,"416, Apgujeong-Ro, Gangnam-Gu",37.526855,127.04226,+82 2-547-3010,4.4,Vegetarian friendly
4069200,Baekjae Jeongyukjeom,https://www.tripadvisor.com/Restaurant_Review-g294197-d4069200-Reviews-Baekjae_Jeongyukjeom-Seoul.html,27,https://dynamic-media-cdn.tripadvisor.com/media/photo-o/12/c8/ef/a8/photo0jpg.jpg?w=400&h=-1&s=1,"Asian, Korean",,"155, Hyoje-dong, Jongno-gu",37.57268,127.004074,+82 2-762-7491,4.2,"Asian, Korean"
25152440,Bistro MEXI,https://www.tripadvisor.com/Restaurant_Review-g294197-d25152440-Reviews-Bistro_MEXI-Seoul.html,11,https://dynamic-media-cdn.tripadvisor.com/media/photo-o/29/0c/fa/8e/a-feast-with-mexican.jpg?w=400&h=400&s=1,Mexican,$$ - $$$,191 Itaewon-ro 2f,37.534718,126.99528,+82 2-797-6855,4.9,"bistroMEXI Right in the heart of Itaewon, bistroMEXI brings the vibe of a Cancun beach lounge to the city. With wide street views through floor-to-ceiling windows and an easygoing tropical mood, it’s the perfect escape—without leaving Seoul. Dinner turns into a Beach Party Start your evening with cocktails and bites, then let the night take over. Live DJs set the mood as the space shifts from laid-back lounge to a full-on beach party. Bottomless Tequila – Fri & Sat 10PM–1AM Every Friday and Saturday night, enjoy unlimited tequila for just ₩19,000 from 10PM to 1AM. Play a round of beer pong, shoot hoops, throw darts, or strike a pose at the free photobooth— the party comes with everything you need. Mexican Flavors, Our Way Authentic dishes crafted by a Mexican chef, plus cocktails reimagined in true bistroMEXI style. Familiar flavors with a fresh twist— easy to enjoy, hard to forget."
27799092,Bornyon,https://www.tripadvisor.com/Restaurant_Review-g294197-d27799092-Reviews-Bornyon-Seoul.html,19,https://dynamic-media-cdn.tripadvisor.com/media/photo-o/2c/66/e9/09/caption.jpg?w=400&h=400&s=1,"Korean, Contemporary",$$$$,742 Nonhyeon-ro 7th Floor,37.518253,127.029015,+82 2-3443-0907,5,"Located in Nonhyeon, Gangnam—
Bornyon is a beautiful restaurant where you can enjoy city views and a quiet terrace in the heart of Seoul.

Bornyon connects Korean cuisine, fermentation, and woodfire cooking,
reinterpreting Korea’s culinary identity through a modern dining experience.

Over one of the oldest forms of cooking—open fire—
we bring out the depth of seasonal ingredients and fermentation,
offering a Korean taste that feels both familiar and new.

For international guests,
we are available via WhatsApp for reservations and assistance.

📞 +82 10-6604-0907
💬 https://wa.me/821066040907"
