restaurant_id,rating,country,content
27127922,5,,카페 음료가 정말 마음에 들었습니다. 더운 여름에 마시기 딱 좋을 만큼 시원하고 맛있었어요! 🍹카페 인테리어도 매우 아름답고 아늑해서 기분 좋게 시간을 보낼 수 있었습니다. 이렇게 예쁘고 편안한 공간을 만들어 주셔서 감사합니다 💕🌸
27127922,4,,친구와 예쁜사진찍고 기분전환시 좋을공간이에요
27127922,5,,"이 카페는 꼭 가볼 만한 곳이에요. 정말 깨끗하고 예쁘고, 사진 찍기에도 좋은 곳이에요. 메뉴가 좀 더 다양하고 사진도 있었으면 좋았겠지만, 전반적으로 만족해요. 커피는 부드럽고 맛있고, 모든 음식이 화려하고 우아한 접시에 담겨 나와요. 외국인에게도 친절한 곳이에요."
27127922,5,,"아름다운 장소, 맛있는 디저트, 사진 촬영에 매우 적합합니다. 다음번에는 이곳에 다시 오는 것을 놓치지 않을 것입니다."
27934627,5,,진짜 너무예쁘고 마녀배달부키키 영화에 나온 설정과 비슷한 소품들이 많아서 귀여워요 🩷 디저트도 너무 예쁘고 음악도 지브리 ost들로 가득해서 더 좋아요 잘 보고갑니다 🫶
27934627,5,,분위기가 너무 좋아요 또 오고 싶어요 음료도 진짜진짜 맛있어요 특히 타르트를 꼭 먹어야 해요 왜냐고요? 직접 드셔보세요~
27934627,5,,분위기가 예쁘고 테마가 정말 예뻐요 지브리 좋아하시면 무조건 추천드립니다 입구부터 귀여운 녹색문에 디저트랑 음료도 정말 예뻐요!!♡ 재방문의사 매우있습니당♡
27934627,5,,"분위기도 너무 좋고, 메뉴도 맛있어서 만족스러워요. 다음에 또 가고 싶습니다! 재방문의사 완전 높음!!! 인테리어도 너무 귀여워요."
27934627,5,,지지도 너무 귀엽고 디저트도 맛있어요! 지브리 좋아하시는 분들께 완전 추천이에요:) 녹차팥 케이크 먹었는데 위에 비지 초콜릿 올라가 있어서 너무 귀여워요
27934627,4,,아기자기하게 카페를 잘 꾸며놔서 사진 찍고 데이트 하기에 좋은 것 같아요! 남자친구랑 데이트하기에 좋은 장소인것 같아요~
27934627,5,,키키 좋아해서 종종 옵니다..🤍 분위기도 좋구.. 너무 귀엽구.. 음료도 맛있고.. 디저트도 맛있구.. 제주점도 꼭 가보고 싶어요..
27934627,5,,"인테리어가 너~무 예쁘게 꾸며져팄고 디저트는 마찬가지!! 맛도 딱맞게 달달하고 맛있어요^^
레몬블루베리 번트케이크랑 복숭아아이스티를 시켰는데 둘다 좋았어요💗"
27934627,5,,친구와 귀여운 카페 니코레테 행복합니다.지브리 사랑하고 있는 것이고 절대 또 옵니다!키키 지지 최고~!정말 좋아한다
27934627,5,,사랑하는 마녀의 택배! 친구와 와서 기뻐요! 모두가 일본을 느끼고있는 것도 기쁩니다! 다시 가고 싶다!
27934627,5,,샵에서 굿즈도 구입할 수 있어서 좋아요^^
27934627,5,,직원들도 사랑스러웠고 장식도 아름다웠습니다. 케이크도 맛이 아주 좋았고 커피도 맛있었습니다. 당신이 여기에 오는 것을 추천합니다.
27934627,5,,맛있었습니다. 카페가 예쁘고 좋습니다. 커피는 쓰지만 케이크는 달콤합니다. 나는 카페를 좋아합니다. 코리코 카페를 다시 방문할 것입니다
27934627,5,,너무 귀엽고 좋아서요! 장소는 예쁘고 주문도 쉬워요! 진짜 추천한 카페입니다~ 라테는 관찮고 디저트 좋았어 너무 행복!
27934627,5,,너무너무 편안하고 귀여워요. 행복하고 즐거운 시간이었습니다. 디저트도 너무 맛있고 가격이 합리적이에요. 연남동 살면 맨날 올 듯
17202019,4,,개인적으로는 어니언 분위기를 좋아하는데 여기도
17202019,5,,한국에서 꼭 가봐야 할 카페 중 하나 인 인스 타 그램 카페-서울
17202019,5,,"대형 한옥카페입니다.
전형적인 ㄷ 모양의 한옥구조로 되어있고 오른쪽에서 음료주문과 빵선택이, 중앙쪽에 손님들이 자리잡아 커피와 빵을 즐깁니다.
한옥컨셉이라 그런가 인절미 컨셉의 빵들이 많네요. 
종류가 꽤 많아 고르는 재미가 있습니다. 
스콘이 특히 맛있어요."
17202019,4,,"카페의 사랑스러운 컨셉과 넓은 분위기. 거기에서 신선한 빵집에서 일부 테이크 아웃을 샀습니다. 가격은 꽤 괜찮고 품질과 맛이 좋습니다. 그러나 직원은 테이크 아웃 포장에 대해 더 신중할 수 있습니다. 우리는 신선한 밤 공주 빵을 먹었고, 통풍이없는 가방에 담겨있었습니다. 우리가 그것을 숙소로 가져 왔을 때 그것은 모두 축축했다."
17202019,5,,안국역 근처에 위치한 보시드문 큰 규모의 한옥카페
17202019,4,,"외국인 여자친구가 이곳의 초콜릿스콘을 먹고 싶다고해서 방문했습니다.
스콘이 너무 딱딱해 제공해주는 나이프로 커팅하기 힘들었고 스콘보다는 쿠키에 가까웠던 것 같습니다.
그리고 추운 날씨에 내부 자리가 만석이라 밖에 자리를 잡아 앉았는데 너무 추웠어요ㅠㅠ
다만 자리가 너무 더러워 카운터에가서 말씀드리니 직원분이 바로 오셔서 자리 정리를 해주셨습니다."
17202019,5,,"평소에는 사람들이 너무 많아서, 예쁜 건물을 배경으로 사진을 좀 찍고 나면 빨리 나오고 싶어진다. 다양한 종류의 커피와 빵이 있는데... 아주 뛰어난 맛은 아니다. 

비오는 날 사람 적을 때 방문하면... 도심에서 느끼는 여유를 제대로 느끼기에 좋은, 운치있는 곳이다. 가볼만 한 Hot Place"
17202019,5,,"카페는 한옥에 있으며 다른 카페와는 다른 분위기를 자아냅니다. 우리는 월요일 아침 비가 왔으므로 손님이 많지 않아서 훨씬 더 즐거운 경험이었습니다.

카페는 아주 일찍 (오전 7 시부 터) 문을 엽니 다. 그래서 아침 일찍 일찍 오는 것이 좋은 선택입니다.

매장 디자인의 매력 외에도 음식도 좋았습니다. 우리는 생과자를 즐겼습니다."
17202019,3,,대기열에 놓고 테이블을 기다릴 준비를하십시오! ! 대기열에서 커피를 주문하는 데는 25 분 정도 기다려야했습니다. 커피는 좋았지 만. 메뉴는 제빵 용품이며 글루텐이나 유제품을 섭취하거나 완전 채식을 할 수없는 사람들을위한 옵션이 아닙니다! 합계가 가치가 있고 여전히 커피와 과자를 먹고 싶다면 체크 아웃 할만한 가치가 있습니다!
17202019,5,,방문 할만한 가치가 있지만 대기열에 놓을 준비를하십시오.
17202019,5,,"한옥을 개조해서 만든 예쁜 카페인데요
디자인 빵 커피 어느것 하나 빠지지 않습니다
분위기도 너무 좋고 따뜻한 온돌바닥이며 마루며 다 너무 좋아요
인기가 많아서 자리 잡는게 헬이라는 단점이 있습니다"
8874136,4,,"양질의 빵과 케이크, 그러나 비싼쪽에 더 ..."
8874136,4,,"PB는 프랜차이즈이므로 인기있는 지점에서 찾을 수 있습니다. 다른 곳의 유사한 품목과 비교할 때 가격이 비싸지 만 품질과 맛이 좋습니다. 선택은 좋으므로 취향에 맞는 것을 선택하십시오.

그들은 (커피와 차 선택과 함께) 식사와 테이크 아웃을 제공합니다. 친절한 직원; 그들은 영어를 할 줄 모르지만 도움을 주려고 노력합니다. 그것은 우리와 같은 관광객을 위안합니다.

계속 해봐."
8874136,5,,"그들이 아침 식사를 제공 할 것으로 기대하지는 않았지만, 화려한 빵을 사기 위해 들르고 있었지만 샌드위치와 커피를 주문할 수는 없었습니다. . 놀랍게도 좋습니다."
8874136,4,,"당신이 보는 것을 얻을 때 여기에 실망하지 마십시오. 매일 신선하고 바삭하고 맛있습니다.
한국인이 아닌 혼자 여행하는 경우 편리합니까?"
8874136,5,,한국에서는 파리 바게뜨 (Paris Baguette)가 엄청나게 다양한 아침 식사를 제공하기 때문에 호텔에서 아침 식사를하지 않기로했습니다. 레스토랑에는 작은 좌석 공간이 있으며 샌드위치는 항상 신선합니다. 우리는 정말로 맛이 좋은 비빔밥 바게뜨을 시험해 보았다. 커피도 아주 좋습니다. 내가 가장 유용하다고 생각하는 것은 각 항목에 음식 설명과 칼로리 카운트를 보여주는 적절한 라벨이 있다는 것입니다! 냉간 압착 주스도 우수합니다.
8874136,4,,파리 바게뜨 (Paris Baguette)은 붉은 콩 빵과 같은 음식으로 잊지 못할 빵집 중 하나입니다. 그들의 제품은 신선하고 맛있습니다. 나는 우리 나라에 파리 바게뜨 (Paris Baguette) 장소가 있었으면 좋겠다.
8874136,4,,달콤한 것들을 위해 좋다 - 맛이별로 좋지 않다.
8874136,4,,아마 당신의 쇼핑 후에 피곤할 때 가장 좋은 장소 중 하나 일 것입니다. 빵도 신선하고 훌륭한 커피였습니다. 그들의 타트 (과일이나 계란) 맛있는 것을 잊지 마십시오. 약간 비싸지 만 모든 페니 가치가있을 수 있습니다. 점심 시간에는 혼잡합니다. 오후 3시 이후에있는 것을 선호합니다.
8874136,3,,"아내는 단 한 번의 식사로 한국 음식에서 휴식을 원했기 때문에 호텔 근처에서 여기에서 멈춰 섰습니다. 선택의 여지가 braygling aray, 달고 맛이 좋은.
우리는 각각 치즈와 약간 spicey 양념 (3000의 각각)으로 포함되는 프랑스 장방형으로 깎은 보석에서 효과적으로 핫도그를 먹었다. 좋지만 집에 관해 쓸 일은 없습니다. 더하여 우리는 3000로 빵을 두껍게 감쌌다. 그리고 멋지다.

들어갈 때, 문 옆에서 용지함을 집어 들고 용지 위에 놓고 집게를 들고 쟁반에 물건을 놓습니다. 지불 대기열과 항목이 다시 열립니다.

우리는 서둘 렀고 우리는 컵을 꺼내기 위해 중국에 앉은 채 뜨거운 음료를 마셔야했습니다. . . . . . . . 모두 아무런 문제도 없었다. 도움이됩니다."
8874136,4,,"한국 주변에있는이 좋은 체인의 일반적인 스타일에 따라 샌드위치, 제과점 및 제과류와 관련하여 필요한 것을 정확히 찾을 수 있습니다. 대부분 서부 표준에 있습니다. 비싸지 만 가치가있다. 다시 : 절대적으로 권장 됨"
8874136,4,,"이 곳은 아침 일찍 열립니다. 우리는 오후 8시에 도착했는데 이미. 저는 카운터의 아침 식사 메뉴를 주문했다. 비용 절감 9, 000 커피가 포함됩니다. 남편은 디스플레이 샌드위치를 들고 차 주문했습니다. 비용 절감 10, 000. 비용을 w18 호텔에서 아침, 000 각. 음식이 맛있어서 일주일 머무르는 내내 매일."
8874136,3,,빵 및 패스트리를 여기 훌륭했습니다. 우리는 모두 제공되는 따뜻한 일부 항목을 주문했습니다. 하지만 전자레인지가 10초간 온수. 그래서 차가운 달걀 머핀 입맛을 돋구는! 빵류는 정말 맛있었고 Nex 5나는 스틱 것이다. 가격은 조금 높은 편.
8874136,4,,급하게 어디 가느라 빠리바게트에 들려 에그 샌드위치를 샀다~ 역시 크기도 적당하고 고소하고 맛있다~ 살짝 비싸긴 하지만...
8874136,5,,맛있는 커피와 빵 제품. 딸기 스무디도 이 시간. 음식물 케이크. 적어도 명동 지하철 역 근처 카페에서 좋은 서비스
8874136,5,,"아침 식사는 대부분의 호텔에 왔습니다. 저희는 아주 좋은 크로와상 및 기타 구워진 상품. 가격 대비, 샐러드도 좋았습니다. 우리는 뭔가를 얻을 때는 가벼운 것을 찾기 위해 파리 바게트. 위치는 서울 의 음식들은 거의 모든 위치에서 동일한. 가끔 시설도 좋고 딱 기대할 수 있는."
27697272,5,,"서울에서 물멍하기 좋은 대형폭포뷰카페에요!
홍제천 인공폭포를 바라보며 시간을 보낼 수 있는 곳이에요. 카페, 도서관, 공연 등 다양한 문화를 함께 즐길 수 있어요😊"
27697272,5,,홍제천 인공폭포의 야경 감상하며 커피와 음료
27697272,5,,"홍제천 인공폭포 바로 옆에 위치한 카페로, 창밖 풍경이 정말 특별합니다. 커다란 유리창 너머로 폭포가 시원하게 흘러내리는 모습을 보면서 커피를 즐길 수 있는데, 서울 한복판에서 이렇게 이색적인 경험을 할 수 있다는 게 놀라웠습니다.
카페 내부는 깔끔하고 넓어서 여유롭게 머물기 좋고, 야외 자리도 마련되어 있어 계절마다 다른 풍경을 느낄 수 있습니다. 여름에는 시원한 물줄기를, 겨울에는 얼어붙은 폭포를 보면서 시간을 보내는 매력이 있어요. 음료 맛도 무난한 편이라, 풍경과 함께 휴식하기엔 충분히 만족스러웠습니다.
서울에서 조금 특별한 카페 경험을 원하신다면, 이곳을 추천드립니다. 폭포를 바라보며 즐기는 커피는 여행의 기억을 더 특별하게 만들어줄 거예요. ☕🌊✨"
28654166,5,,"맛있는 경복궁 블렌드 커피와 케이크, 인왕산과 분주히 걸어가는 사람들이 보이는 통창, 크리스마스와 연말느낌이 너무 좋았어요~"
28654166,5,,"포시즌호텔에 외국인 손님이 묶고 있어서 서울투어할곳을 찾다가 모시고 왔는데, 너무 멋있고 즐거운 경험이었다면서 아주 만족하시네요 검색했더니 서촌에 가장 핫플이라서 왔는데 너무 좋아하시느 저도 기분이 좋네요"
28654166,5,,"딸기빙수가 있어서 시켰는데
생각보다 딸기가 엄청 많아서 상큼하고 너무 맛있었어요!
딸기 한입에 우유빙수 한입하니까 친구랑 순식간에 먹어치웠어요
상큼해서 완전 만족! 다음에 와서 또 먹을거같아요!"
28654166,5,,"빵이 정말 맛있어요~좋아하는 빵들로 잘 먹었습니다~~~~
덕수궁꺼피까지 좋아하는 커피라따뜻하게 
커피최고예요~!"
28654166,5,,경복궁 방문하면서 근처 카페 검색해서 가장 평점높고 리뷰수 많은 순으로 검색해서 왔어요 경복궁 바로 옆이라서 구경하고 들러서 쉬기 좋아요 아침8시부터 오픈이라 경복궁 오픈전에 기다리면서 샌드위치에 커피한잔 하기도 좋고 외국인들이 많이 와서 그런지 직원들이 외국어를 다 잘하셔서 외국어 응대 주문도 편리하고 좋았어요
28654166,5,,빌리 아일리쉬도 다녀갔을 정도로 비건베이커리가 유명하다고해서 방문했어요 논비건 뿐만 아니라 비건 베이커리 종류도 다양하고 비건 음료도 다양하게 준비되어 있어서 너무 좋았어요 비건베이커리 맛보러 간거였는데 스페셜티 커피 전문점이라서 그런지 커피맛이 너무 좋았어요 알고보니 블루리본을 9년 연속 받았다고 하네요.. 인테리어가 멋진건 덤!
28654166,5,,서촌 올일이 있어서 왔다가 유리창에 비치는 빵을 보고 홀린듯이 들어갔어요~! 카페 중앙에 큰 산이 있어서 신기해요! 뭔가 이끼가 많아서 숨쉬기 좋은느낌? 친구는 커피먹고 전 청귤에이드 먹었는데 적당히 단맛에 맛있었어요! 크로와상도 맛있네요
28654166,5,,커피와 빵이 진짜 환상궁합이고 멋진 공간!
7939918,5,,명동 설빙 1호점! 우리 둘 다 빙수 먹고 넋 나갔어. 진짜 맛있는데 너무 커서 배 터지는 줄. 팥이랑 떡이랑 아이스크림 조합 미쳤다! 정신없이 먹다 보니 끝났네? 다음에 또 와야지!
7939918,5,,"달달구리 인절미빙수가 순식간에 사라짐 
넖은장소에 좌석도 많아 많은 인원이 함께하기도 좋습니다.
맛은 당연 하구요~~~ 최고"
7939918,5,,"반드시 시도해야합니다! 딸기 치즈 케이크 빙수를 주문했는데, 푹신한 빙수는 우유로 만들었 기 때문에 아주 달콤합니다. 치즈와 시럽은 맛을 크게 보완합니다."
7939918,4,,"겨울에도 팥빙수를 먹을 수 있는 명동 설빙
계단을 올라가면
내부가 굉장히 넓어요
오랜만에 빙수 먹으니 추억의 맛, 맛있었어요"
7939918,5,,"서울에 있다면 빙수에서 빙수를 가질 수있는 기회를 놓치지 마십시오. 여기에는 우리가 가장 좋아하는 디저트 (과일, 치즈 케이크, 아이스크림 및 빙수)가 포함되었지만 이전에는 경험하지 못했던 방식으로 결합되었습니다. 디저트 천국!"
7939918,4,,"우연히이 보석 장소를 발견했습니다. 2 층에 있으며 좌석 공간이 넓고 매우 넓습니다. 우리는 약간의 차 브레이크를 통과했고, 저녁 식사 전에 빈 좌석이 많았습니다. 우리 중 3 명뿐이므로 디저트 2 개 (인절미 쉐이브 아이스 & 인절미 토스트)를 주문했습니다. 우리는 직원과 확인 했으며이 2 가지 품목은 원래 맛과 가장 인기있는 품목입니다.
인절미 토스트는 매우 싱싱하고 토스트 사이에 떡잎이 있습니다. 이것은 맛 새싹에 관심이있는 바삭하지만 질긴 질감을 제공합니다. 단맛을 높이기 위해 연유를 추가 할 수 있습니다. 나는 단맛을 덜 선호하기 때문에 그대로 소비하면 충분합니다.
인절미 빙수는 녹두가 듬뿍 들어간 상쾌하고 풍미가 뛰어납니다. 전반적으로 덜 달콤하고 훌륭한 디저트입니다.
모든 연령대에이 장소를 적극 권장합니다."
7939918,5,,Bingsoo에 대한 Sulbing 여행이 없으면 한국 여행이 완료되지 않습니다. 계절별 스페셜과 함께 다양한 선택. 여기서 아무것도 선택하지 않아도됩니다.
7939918,3,,"웨이팅끝에 먹은 빙수...
추워서 에어컨좀 약하게 해달라고 부탁했는데 5분후에 또 틀고 빙수먹고 입파래져서 결국엔 수다도못떨고 나와버림"
7939918,4,,매장이 하도 많아져서 명동까지 굳이 나가서 먹지 않아도 되지만 1호점이라는 특색이 있어서 가끔 방문하게 되는 곳으로 맛은 여느 지점과 다르지 않음
7939918,5,,그들의 bingsoo는 매우 훌륭합니다. 나는 정말로 성냥 1과 치즈 1을 좋아한다. 토스트도 맛있습니다! 나는 항상 감미로운 것을 갈망하며 여기에 온다.
7939918,5,,"면도 한 얼음은 한국에서 디저트를 먹어야하는 것들 중 하나이며 Sulbing은 아마도 가장 인기있는 곳입니다. 들어올 때 카운터에 가서 사진과 설명을보고 결정을 내리고 주문하고 지불하십시오. 주문이 준비되면 알림을 받게됩니다.

우리는 친구와 함께 두 번째로 돌아와서 다른 맛을 시도해 너무 좋아했습니다. 부분은 관대하며 한 주문은 다른 사람과 공유하기에 충분합니다. 큰 통에서 분배되는 응축 우유를 얻으십시오."
7939918,5,,오전 11시에 아침 일찍 도착했고 레스토랑은 비어있었습니다. 설 빙은 다양한 디저트를 보유하고 있으며 가장 맛있는 것은 원래와 원래의 + 팥입니다. 둘 다 너무 달지 않습니다.
7939918,5,,"명동으로의 여행은 장시간의 쇼핑으로 유명한 빙스코 카페를 방문하지 않고는 완료되지 않았습니다. 그들의 면도 한 얼음은 정말 멋져서 눈송이처럼 보이고 단순히 입안에서 녹습니다. 그들의 재료와 과일은 매우 신선합니다. 시도해야합니다.

등급 :
Apple Mango Cheese 눈송이 : 5 / 5
딸기 녹차 아이스크림 눈송이 : 4. 75 / 5
Mozarella Injeolmi 토스트 : 4. 5/5
미니 만두 (커스터드 크림 / 된장) : 4 / 5"
7939918,4,,"흔히 먹은 팥빙수 외 다양한 빙수를 즐길 수 있습니다.
여름에 가면 더 좋겠지만 가을이나 겨울에 가도 무난한 것 같네요.
기다리는 시간도 별로 안 걸리고 직원들이 친절해 좋습니다."
7939918,5,,"더운 날씨 속에, 차갑고 먹기 좋은 제안. 단지 차가운 경우, 맛있고 훌륭한 맛있어요. 저는 설빙에 갔다 있는 재료의 조화를 잘 최고의 음식 프레젠테이션 보여 줍니다 추천합니다. 과일은 신선하고 싶은 겨울축제가 질감이 부드러운. 그것은 항목을 먹어보세요."
7161373,3,,카페는 아늑하고 꽤 조용합니다. 나는 맛있고 싱싱하지만 부드러운 와플을 기대하지만 내가 주문한 와플은 너무 부드럽고 칙칙한 것일 수 있습니다. 그것을 즐기지 않았고 다시 방문하지 않을 것입니다.
7161373,4,,"명동 어디 카페를가나 사람이 붐벼서 앉아있지를 못하는데, 여긴 그나마 골목쪽에 있어서 사람들이 다른데에비해서 적은편이에요. 아이스크림와플이랑 아이스아메리카노 세트 추천이여"
7161373,4,,워낙 커피 전문점이 다양한 가운데 상대적으로 와플을 전문으로 하는 카페여서인지 와플 맛이 일품이예요. 종류도 다양하고 양도 많아요. 커피랑 같이 먹으면 너무 맛있어서 디저트 먹으러 가기엔 딱입니다.
7161373,4,,요즘 이런 토핑 많이 올라간 와플들을 많이 안파는 것 같습니다. 추억의 맛을 느낄 수 있는 곳입니다. 그리고 공간도 넓어서 친구들과 수다 떨기도 좋아요.
7161373,5,,"나는 세계의 많은 카페를 방문했다. 그러나이 커피 숍은 정말로 충격적이다, 그것은 밖에서 내부까지 매우 놀라워 보인다. 우리 커피 잔은 얼음이 거의 없어 맛이 났고 웨이터와 바리 스타는 매우 친절했습니다. 특히 바리 스타의 기술은 훌륭했습니다. 이것은 차가워지기에 좋은 곳입니다. 그것을 사랑!"
7161373,1,,기다리는 시간은 4 분 이었지만 두 번 상기 시켜도 30 분이 지났지 만 나쁜 서비스보다 더 많이 말하지는 않았습니다. .
7161373,4,,예전에 비해 체인점이 많이 줄어서 찾아보기 힘들지만 와플만큼은 나쁘지 않은 카페예요. 종류도 다양하고 맛도 있구요. 커피도 괜찮은 편이예요. 명동의 다른 카페가 워낙 사람이 많기 때문에 상대적으로 덜 붐빈다는 장점도 있네요.
7161373,5,,나는 망고 와플을 꿈꿔! 그런 창조물이 있다는 것을 결코 알지 못했습니다. 서울에서 아무것도하지 않으면이 곳을 방문해야합니다. 내가 운이 좋으면 다른 곳으로 돌아갈 수 있기를 바랍니다.
7161373,5,,여러분 빈습빈스 마니가주세요 ... 인기 많아져서 매장 늘어야 함 ㅠㅠ 딸기 아슈크림 와플하고 망고 아이스크림 와플 대존맛인데...
7161373,4,,"친구와 나는 놀라운 망고 와플을 나눴다. 분할하기에 완벽한 크기였습니다. 망고 그레이프 후르츠 차는 추웠습니다. 또한, 나는이 장소가 TripAdvisor에 열거 된 것보다 훨씬 일찍 문을 열었다 고 생각한다."
7161373,4,,커피보다는 디저트 종류가 맛있었던 카페입니다. 위치가 위치라 사람은 참 많네요. 더운 날씨에 잘 쉬다가 다시 길로 나왔습니다.
7161373,5,,망고와플이랑 딸기와플이랑 커피랑 먹었어요 ㅎㅎ 평소에 단 거 좋아하는데 시럽이 딱 달달하고 크림도 따로 얘기하면 듬뿍 올려주고 디저트카페로 여기만한데 없는듯
7161373,3,,멋지고 아늑한 아래로 앉아서 지친 다리를 쉬게 는 Bingsu 제한된 다양한 꽤 비싼(13만원) 큰 친구와 공유할 가져다 추천합니다. 그들은 케이크와 와플이 너무. 내 아이스 초콜릿 아이스크림 와플 딱입니다.
7161373,5,,멋진 휴식과 쇼핑을 마치고 좋은 커피! ! ! 훌륭한 디저트! 이 오레오 조각! :)
7161373,5,,명동 중심에 위치한 과자 멋진 곳입니다. 딸기 와플 커피 잘 가세요!
23823165,5,,"제가 지금까지 먹어본 케밥 중에서 단연 최고였습니다. 맛, 양, 퀄리티 모두 완벽했어요. 특히 페자 메뉴부터 알페도 빵 케밥까지 하나하나 정성스럽게 만든 게 느껴졌고, 풍미가 정말 뛰어났습니다. 매장에서 직접 먹었을 때도 너무 만족스러웠지만, 배달로도 그 맛이 잘 유지될지 궁금해서 쿠팡이츠, 요기요, 배달의민족 세 어플로 각각 주문해서 먹어볼 계획입니다. 집에서도 이 맛을 느낄 수 있다면 자주 시켜 먹을 것 같아요. 너무 맛있게 잘 먹었습니다. 꼭 다시 방문하겠습니다. 감사합니다!"
23823165,5,,"카이막 맛있어요~!!
꿀이랑 같이 빵에 발라먹으면 good!!
카이막에 피스타치오 가루도 뿌려져 있어요~
매장도 깔끔한편이고 다양한 터키빵들도 있고 
옆옆 가게에는 알페도 케밥도 판매하네요"
3329965,5,,신분당선 강남역 출구와 가깝고 엄청나게 넓음. 콘센트 있는 경우도 많고 빵 종류도 다양. 케익도 많음. 단지 발렌타인이나 어버이날에는 케익 당일구매는 포기하는 게 좋음.
3329965,4,,갓 구운 과자에 저항 할 수 없습니다. 맛있어. 그러나 대부분의 품목은 약간의 비용이 듭니다. 방금 과자와 음료를 먹었습니다.
3329965,4,,"파리바게트는 프랜차이즈빵집입니다. 강남역 ""파리바게트""는 파리바게트 지점들 중에서 괜찮은 맛을 자랑하는 곳입니다. 먹고 갈 수 있는 테이블이 많은 편입니다. 케이크도 괜찮고, 빵을 구입해서 음료와 함께 먹어도 좋습니다."
3329965,5,,유동인구가 많아서 그랬는지 케이크도 다양하고 당일 나온 케이크여서 더 신선했던거같아요~ 역시 갓나온빵이 최고 맛있습니다 ㅋㅋ
3329965,5,,빵 종류도 많고 공간이 널찍해서 좋습니다. 사람이 항상 많지만 워낙에 넓어서 아주 붐비는 경우는 별로 없는것 같아요. 항상 해피포인트 쿠폰들고 갑니다!
3329965,4,,프랜차이즈 매장이지만 강남역 매장은 빵 종류도 많고 방문객이 많아서 그런지 회전률이 좋아 다른 매장에 비해 맛도 더 좋았다
3329965,4,,참신 상품도 다양! 피카추와 아기 상어가 너무 귀엽다. 신선한 빵과 파이. 커피 만드는 데 꽤 오래 걸립니다. 우리가 주문한 핫 초콜렛과 바닐라 라떼는별로 섹시하지 않았습니다. 따뜻한 초콜렛보다 더 좋아. 바리 스타는 우리 영어를 상당히 잘 수용했다.
3329965,3,,"이 곳은 저렴한 가격에 매우 편리합니다. 거의 모든 종류의 빵, 다양한 맛의 머핀, 스낵, 초콜릿 등을 얻을 수 있습니다."
3329965,5,,"신선함과 직원들의 친절함 굿굿굿
역시 강남역은 파리바게트가 최고인것같아요 포장해서 먹기도좋고 빵냄새에 자동으로 이끌려가요"
3329965,3,,"3층이나 되지만 사람이 많아 앉을 수 없습니다. 하지만 빵 종류가 다른 파리바게트보다 월등히 많아 좋습니다.
포장하는 것을 추천합니다."
3329965,5,,"귀여운 직원들이 아주 좋은 호텔, 정말 좋고 신선한 음식. 서울에서 파리 모든 바게트 좋아했습니다. 제가 가장 좋아하는 블루베리 얼음. 크림 마카롱. 추천합니다."
3329965,4,,대체적으로 맛은 있어요 종류도 많고 이 가게만의 특별한 맛의 빵이나 케익은 없지만 체인점이고 고루고루 손님들 입맛에 맞는것같아요
3329965,5,,"대한민국 최고의 번화가라면 아마 강남역이지 않을까 싶어요
정말 주말이건 평일이건 인산인해로 발 디딜틈이 없습니다. 
정말 강남역 어딜가나 인파가 후덜덜합니다.

그중 파리바게뜨 강남역점 역시나 사람 많습니다요.ㅋㅋㅋ
정말 메인가는 어쩔수가 없습니다.ㅋㅋㅋ 직장인들 뿐만 아니라
데이트하는 사람들, 가족들까지 등등등..

한산할때 가보시는걸 추천해 드립니다."
3329965,5,,"언제 어디서나 어떤 굶어 형식에 대한 놀라운! 아주 친절한 직원, 맛있는 처리합니다. 보통 사람들이, 또한 이 아늑한 카페 안에 편안한 숙박을 좋습니다."
3329965,5,,"직원분들도 친절하시고, 빵들도 대체적으로 맛있어요!
그리고 다양한 통신사 할인을 이용하면 더 저렴한 가격에 이용할 수 있어요~"
2228905,5,,"따사로운 햇살, 따뜻한 차, 안성맞춤인 구조, 직원분의 친절함, 뭐 하나 부족한 게 없던 곳입니다. 공간은 마치 한국이 담겨있는 듯한 느낌을 주는 카페입니다."
2228905,4,,"좌석수가 많지 않은지 잘 모르겠으나 대기시간이 엄청 났고 
느끼기에 종업원들이 대기손님을 대하는 태도가 별로였다.
손님을 잡으려기는 커녕 오히려 그냥 가세요 하는 태도.
그외에 카페는 분위기와 위치 뛰어났다"
2228905,5,,우리는이 사랑스러운 전통 찻집에서 오후의 차를 즐겼습니다. 장식은 아름답고 산과 궁전의 전망은 훌륭합니다. 아래 도시의 사업에서 큰 휴식. 차는 매우 전통적이고 맛있습니다.
2228905,5,,이 멋진 건물은 빛과 도시의 전망으로 가득합니다. 아름다운 인테리어. 책상은 바닥이 낮지 만 남편은 바닥에 앉을 수 없어 앉을 의자가 낮았습니다. 가벼운 다과뿐만 아니라 다양한 종류의 차를 선택할 수 있습니다. 남편은 달콤한 빨간 콩 수프를 주문했는데 그것은 절대적으로 신성했습니다! 우리 차 선택은 큰 우아함과 함께 제공되었습니다. 우리 파티 중 하나가 녹차를 주문했으며 서버는 차를 마시기 전에 준비하고 차를 가파르게 만드는 과정을 시연했습니다. 한국 문화의 이런 측면을 경험할 수있어서 기쁩니다.
2228905,4,,뛰어난 국화 차가 있습니다. 카페는 충격적이며 차는 아름답게 제시되었습니다. 나는 카페의 뒤에 앉게되었고 왜 그렇지 않은지 (무료로 더 나은 좌석이 있었는지) 확실하지 않다면 별 5 개를 주었을 것입니다.
2228905,5,,Bouffard Pauline laurie
2228905,5,,"북촌길을 살짝 걷다보면 나오는 아름다운 한옥찻집.
삼청동에 많은 한옥찻집들이 있지만, 이 곳만큼 한옥 특유의 분위기를 잘 살린 곳은 없다. 메뉴 하나하나 정성들여 만든 것은 맛을 보면 자연스럽게 알 수 있다. 강력추천"
2228905,5,,창넘어 인왕산 노을이 인상적입니다 쌍화차 깊은맛 꽃잎차 달달함 갓 쪄낸 떡 맛과 서비스 인테리어 풍경 모두 최고였어요 힐링찻집 차마시는 뜰
2228905,4,,"궁전에서 마을까지 장거리 산책 후, 우리는이 아름다운 찻집에서 휴식을 취하기로 결정합니다. 차와 디저트에는 약간의 약초와 꽃이 더 해져 있습니다.
확실히 Instagram 가치"
2228905,5,,긴 다리를 걷고 나서 다리를 쉬고 차를 마시는 고요한 장소
2228905,5,,"Avondale Estates, 조지아"
2228905,4,,"분위기를 사랑하고, 진정시키고, 진정시키고, 청결하며, 배경 음악을 연주하는 부드러운 음악과 당신을 둘러싸고있는 고요한 풍경을 즐기며 1 시간 거리 방문을 추천합니다! 우리는 추운 가을 동안 갔다. 그래서 뜨거운 차 한 잔을 마시고 다리를 쉬게하는 것이 정말 좋았다.
그러나 나는 개인적으로 차를 제외하고 음식을별로 좋아하지 않았다. 우리는 호박 케이크를 주문했다, 그것이 아직도 따뜻했을 때 처음 조금 물기에 멋졌다. 그러나 그것이 식는 것은 어림도 없을 수 있었을 정도로 맛이 좋지 않았다. 우리도 전통 단 것을 주문했다 (그것이 무엇인지 불렀던 것을 잊었다). 그러나 그것은 나를 위해 OK를 맛 보았다. 가격 현명하고, 그것은 내 친구와 나는 비쌌다.
한옥 전통 찻집을 체험하고 싶다면 꼭 가보길 권합니다.
3 / 5 등급을 받았을 것입니다.하지만 1 번 길거리에서 한옥 체험을 즐겼기 때문에 4 / 5를주었습니다."
2228905,2,,"좋다는 후기를보고 찾아감 
웨이팅있어 이름적고 기다림 비오고 추운날씨였는데 손님이 나가고 ㅜㅜ충분이 안쪽대기가 가능한데 설겆이등을 이유로 바깥마루에서 기다리게 하는건 아니라고 생각되었음.
겨우들어가서 앉았는데 직원이 많은데도 오지도않고 심지어 뒤에들어온사람부터 주문받아 빡침
대추차 맛이 이상함 친구왔다고 데리고갔는데 추천한 내가 민망해서 다시는 안갈듯"
2228905,4,,"이 찻집은 구타하는 길에서 벗어나 찾기가 힘들지 만 섭씨 36 도의 뜨거운 온도에서도 열심히 노력할 가치가 있습니다.

우리가 전제에 발을 들여 놓은 순간, 공기가 끊임없이 더위에서 벗어나 환영을 받았다. 더 나은 아직, 분위기와 조용하고, 눈에 거슬리지 않고, 편안한 음악 백그라운드에서 연주는 피곤한 정신에 대한 연고였다. 우리는 혼합 된 꽃 차와 눈 아이스 디저트의 냄비에 나누도록 명령했습니다. 혼합 된 차는 상쾌하게 가볍습니다. 눈 얼음 디저트의 얼음은 Sulbing에서보다 세밀하게 면도되었지만, 그것은 사소한 생각입니다.

직원 중의 1 명 (정말로 멋진 녀석)은 우리에게 경복궁에의 정확한 지시를 줬다, 질식시키는 열에서 그렇게 심지어 걷는다. 그래서 우리는 매우 감사했다."
2228905,4,,삼청동의 오래된 찻집이에요. 전통차를 주로 팝니다. 한옥에 자리잡아 고즈넉한 분위기. 가운데 작은 뜰이 가꿔져 있어요. 외국인 손님이 많은 집.
5893100,3,,이런데 이런 분위기의 카페가 있네요. 명동에 있는 앤틱한 느낌의 카페에요. 아이스크림과 빙수 먹는 사람도 꽤 있네요. 많이 안 붐벼서 좋았어요
5893100,4,,"검은콩 빙수가 맛있는 명동 카페 코인
인테리어가 엔틱한 느낌이 나요
빙수가 맛있어서 녹차빙수와 검은콩 빙수 먹으러
방문했는데
양도 많고 맛있어요"
5893100,4,,"우리는 방금 긴 해외 비행기에서 도착하여 호텔 방을 기다려야 산책을 하고이 카페를 발견했습니다. 우리가 정상에 도착하면 우리는 맛있는 커피를 마셨고 나는 일반 와플을 먹었지 만 아이스크림, 바나나, 휘핑 크림 두 개가 들어있었습니다. 매우 맛있다!"
5893100,4,,"우리는 리뷰에 따라이 카페에 왔습니다. 명동에있는 어떤 카페와 마찬가지로, 카페는 2 층에 있습니다. 그것의 장식은 소파, 의자 및 안락 의자의 다른 종류와 더불어 Victorian 작풍이다. 벽에 그림이 그려져있는 카페는 한국인 유명인이 방문했을 것입니다. 메뉴에는 여러 가지 선택 항목이 있습니다. 우리는 커피 만 먹었고 맛있었습니다."
5893100,4,,"15년전 한참 녹차빙수먹으러갔었었는데...추억의 커피숍이다
프랜차이즈 커피숍이 즐비하지만 묵묵히 자리잡고있는 코인카페"
5893100,5,,"멋진 디저트를 제공 할 때 항상 내 차 시간 동안 여기에옵니다. 내가 와플을 너무 많이 발견 할 때 개인적으로 아이스크림으로 토스트를 권할 것인가? 그렇다. 나는 단지 과일 애호가가 아니지만, 과일을 좋아한다면 과일을 먼저 먹는다. Lol. 우리를 응대하고있는 여성은 친절했고 친절했다, 환대에 감사드립니다 :)"
5893100,5,,"관광 허브에서 카페의 멋진 작은 보석. 카페는 작지만 시골입니다. 사랑 스럽다. 그것은 사람들로 가득 차 있지 않으며 모든 것이 단순하게 유지됩니다. 큰 커피 팬으로서 여기의 커피는 훌륭합니다. 아주 좋은 품질의 양조. 초콜릿 케이크도 놀랍지 만 두 사람이 공유 할 수 있습니다.

공정하게 가격을 책정하고 가치가 있습니다."
5893100,5,,붐비고 정신 없는 명동 거리에서 조용한 곳을 원한다면 여기로 가세요 ㅎㅎ 분위기도 조용하고 아늑하고 커피랑 빙수도 맛있었어요. ㅎㅎ 종업원분들도 정말 친절하시구요!
5893100,4,,"복고풍의 카페예요. 가구도 인테리어도 고풍스럽습니다
커피가 5000~6000 원선으로 약간 셉니다. 
뭔가 카페에서 ""녹차빙수"" 를 강하게 미는것 같지만 양이 푸짐할뿐 그닥 인상적인 맛은 아니었습니다. 
아늑한 분위기때문에 즐겨찾습니다"
5893100,5,,녹차빙수가 제일 유명해서 갈때마다 녹차빙수만 먹어서 커피맛은 잘 모릅니다. 여름에 가면 좋을 것 같네요
5893100,4,,"헤매다 우연히 들어간 곳이라
녹차빙수를 시켰는데 맛있어서 놀랐습니다
카페 자체가 너무 시끄럽지 않고 좋았어요~"
5893100,5,,"오랜 단골집이에요. 명동 갈 때면 당연히 이곳을 찾습니다. 직원분들은 친절하고 쇼파는 편하고, 가끔 아이스크림도 서비스로 주세요. 무엇보다 녹차빙수는 비주얼도, 맛도 훌륭해요."
5893100,4,,쉽게 액세스할 수 있는 곳. 좋은 분위기. 좋은 음악. 좋은 음식. 블루 베리 베이글 특히. 이곳에 오면 생활 폐기물의 추천 및 여행하는 당신의 마음과 영혼을 해결 하다. 휴식을 취하기에.
5893100,4,,우리는 와플과 차 의 일부 갔다. 아주 아늑한 집 같은 곳이 다. 여러 층의 많은 시간을 쉴 수 있는 곳. 와플이 맛있는 크고 간에 공유하여 4. 차와 커피가 좋았어요. 정말 이 곳!
5893100,4,,"커피도.녹차빙수도  맛있어요,  좀 달긴하지만 녹차향이 신선해요, 다른 체인 커피숍보다 조용해요~
2층엔 담배냄새가  심하지만 않으면 추천"
4508089,4,,"교양식사에서 저녁을 먹은뒤 디저트 가게로 왔다
예전부터 디저트 가게로 유명한곳.
2층에선 식사도 가능하다. 다양한 케익과 빵을
본다면 닫혔던 지갑을 열수밖에 없을것이다.
재방문 의사 있습니다"
4508089,4,,훌륭한 생과자! 선택할 사막과 아이스크림의 알맞은 배열. 편안한 환경이지만 주중 밤에도 좌석이 제한되어 있습니다.
4508089,5,,1 층 베이커리 환상적인-2 층 음식은별로 없습니다.
4508089,5,,"Passion 5의 스프레드는 놀랍도록 아름답습니다. 베이커리 주변의 섹션에 배치 된 맛있는 음식이 많이 있습니다. 디저트 애호가라면 이곳을 놓치지 마세요! 아름답고 섬세하고 섬세하며 맛도 좋습니다! 그들의 특별 케이크 디스플레이 영역을 확인하고 멋지게 생성 된 특별 행사 케이크를 눈여겨보십시오.
나는 나의 방문을 절대적으로 즐겼다!"
4508089,4,,"맛있는 식사와 음료도 같이!!
패션5 2층에서는"
4508089,4,,"한강역을 갈때면 꼭 들르는 곳입니다.
자주 가기에는 가격이 좀 부담스럽지만 맛스러운 빵과 눈까지 행복하게 해주는 드저트를 보기위해 가끔 찾는곳입니다. 가끔 즐기기에 좋아요."
4508089,4,,"스타벅스에 스타벅스 리저브가 있다면, SPC는 패션5가 있습니다. SPC그룹내 최고급 베이커리 겸 카페입니다. 홍차 한잔에 9,000원, 밀크티 한잔에 10,000원 하는 사악한 가격을 자랑하지만, 맛있어서 또 찾아오게끔 되는 묘한 매력을 가진 곳입니다. 가격만 착했더라면 별 5개 줬을겁니다."
4508089,4,,다양성과 훌륭한 제품이 많이 있지만 시장과 비교하면 매우 비쌉니다.
4508089,3,,옛날 처음에는 괜찮았는데 최근 몇년전부터는 시장통 분위기입니다. 전체적인 인테리어 점검도 필요한거 같아요. 가격도 비쌉니다.
4508089,4,,"전체적으로 다양하고 품질이 좋아요
특히 빵종류가 좋고요. 무화과 깜빠뉴랑 올리브 들어있는 빵 굉장히 추천합니다
음료 시키면 2층에서 먹을 수 있으니 가급적 2층으로 가세요 1층은 자리가 좀 불편"
4508089,5,,"소개팅하기 좋은곳, 근데 아무나 데려가지마라~"
4508089,4,,"눈이 즐거운 디저트!!!!!! 맛있고 가격도 비싸다 하하하. 여기서 새로운 실험적인 메뉴들을 개발하고, 성공적인것들을 좀더 보급형으로 크라상에 보내고, 거기서 또 좀더 보급형으로 개발된것이 빠바로 간다고 하더라! 요샌 처음의 충격이 덜하고 맛있는 빵집도 워낙에 많아서 덜 가지만, 연애도 못해보고 여사친도 없는 공대남 스타일 남자사람친구들 신세계 열어줄 때 데리고 가면 좋습니다.  일층 자리잡긴 좀 힘듭니다. 붐벼서.."
4508089,4,,"가격이 비싼 편이지만 한남동이 원래 비싼편이라..
가격에 따라 퀄리티도 좋습니다.
대신 자리가 별로 없어 이용이 불편했습니다"
4508089,5,,"이태원 passion 5
1F 베이커리에서 빵 구매후 
2F 카페로 갔습니다
빵과 브런치를 함께 즐기면서
느긋한 휴일을 보냈습니다"
4508089,5,,일단 들어가면 빵 케익 여러가지 디저트들이 온 사방에 다 있어요 냄새도 좋고 보기도 좋고 먹기도전에 행복합니다 맛은 물론 좋아요
7376255,1,,"먼저 양이 두 마리뿐입니다! 둘째, 카페는 완전히 별개의 실체처럼 보입니다. 카페는 동물 테마 카페가 아닙니다. 마치 카페인 것 같습니다! !"
7376255,5,,"카페는 두 부분으로 나뉩니다. 하나는 내부이고 다른 하나는 외부입니다. 실내 섹션은 내부를 장식하는 갈색과 녹색으로 매우 칙칙합니다. 실외와 비교할 때 실내 카페는 매우 크고 정중합니다.

양과 어울릴 기회가 생기면 톰과 제리는 절대적으로 달콤하며 옆에 머무는 한 계속 머무를 것입니다. 양은 푹신 푹신하고 촉감이 부드럽고 동물과 상호 작용하는 훌륭한 경험입니다. 주인은 정말 친절하고 공손합니다.

 와플을 좋아할 때 ??, 딸기 스무디로 기분이 좋을까요 ??"
7376255,3,,"재미있는 개념. 동물은 행복하게 보이고, 잘 먹고 모든 사람으로부터 많은 사랑을받습니다. 그들은 귀엽고 통통합니다."
7376255,3,,"방문하고 양들이 카페 주위를 자유롭게 돌아 다니는 것을 생각했지만 싫어. 그것은 2 개의 다른 지역, 실내 카페, 숨겨지는 옥외 양 놀이 펜이다. 가게 밖에서 양 2 마리를 제외하고는 정말 인상적인 것은 없습니다. 서울에서 날씨가 따뜻해지면서, 양들은 그들에게 불고있는 팬을 가지고 있 었는가? 가난한 일을 abit. . . 양은 잘 관리되고 순종하므로 아이들에게 친숙합니다. 그리고 마구간에는 수역 옆의 카운터 테이블에 손 소독제가 있습니다. 그럼에도 불구하고 와플은 좋습니다. 그러나 화장실은 카페에서 아주 멀리 떨어져 있고, 채워진 동물 양과 연결된 열쇠를 그려야합니다. 그것이 ""열쇠 고리""에 관해 abit 총체이고 화장실에는 화장지가 없다고 느꼈다. 다시 갈까? 아니."
7376255,1,,교란 된 동물의 학대 - pls 가지 마라.
7376255,4,,"Kuala Lumpur, Malaysia"
7376255,1,,우리는 오늘 내 딸과 함께 카페를 방문했다. 두 양떼를 볼 때 내 마음이 부러졌습니다. 이 양들은 30C가 아니라 추운 날씨에 산다. 귀하의 비즈니스에 대해서 생각할뿐만 아니라 그들을 위해 뭔가를하십시오. 네 음식은 괜찮 았어. 서비스는 0입니다. 나는 확실히 돌아 오지 않을 것이다.
7376255,5,,나는 음식이 너무 맛있는이 카페를 좋아합니다. 나는 거기에 가기 위해 모두에게 추천했다. . 나는 한국을 방문하여 두 번째 와플과 아이스크림을 먹는 것을 즐겼습니다.
7376255,1,,매우 무례한 나쁜 매너. 내가 주문하고 난 후에 그들은 우리에게 테이블을 바꿀 것을 부탁했다. 그리고 그들은 그들이 우리 테이블에 들어가고 싶어하는지 다른 사람에게 물었다. 그건 완전히 무례한 일입니다. 나는이 장소를 내가 아는 어느 누구에게도 추천하지 않을 것입니다. . . . . 나쁜 경험! ! ! ! !
7376255,5,,"좋은 카페, 좋은 음료, 슈퍼 귀여운 양"
7376255,5,,"Pet 양들이 기회를 실제로 싶다면 주말에 가지 마세요! 우유, bingsu 아주 맛있고 좋은 부분에 제공됩니다. 겨우 2있어 양들의 울음소리에 귀 기울여야 모두 상당히 작지만 아주 귀여운, 정말 부드러웠어요! 카페 위해 줄을 서야 할 수도 있습니다 아주 작습니다."
7376255,4,,고양이 카페처럼 양이 돌아다니지는 않지만...
7376255,5,,"쉽게 찾을 수 있는 계단에서 카페 거리를 해야만. 카페는 아주 아름답게 장식 된 느낌이 다. 직원들은 친절하고 맛있는 음료도. 저희는 카라멜 과 민트 초콜릿 칩 쿠키 프라푸치노 machiato - 두가지 모두 맛. 이는 다른 음식도 맛을 보았다 bingsu. 

매우 조용하고 편안한 두 개의 양 및 sam 에서 펜 입니다. 펜은 상당한 크기인 몇몇 사람들이 이 두 가지에 앉아서 및 애완동물 양. 

우리는 바래다 12: 30에 조용하고 고요함 에도 일요일에 도시 였습니다. 

좋은 곳의 다른 방문."
7376255,5,,"우리는 주로 여기에 가서 아이들이 원하는 양 카페에 체크 아웃하려면 다음과 같이 하십시오. 이 귀여운 양이 절대적으로 잘 되어 있었고, 친절한! 룰루 랄라 아이들과 어른들 이 함께 어울리고 재미 있게 와플! 

그 와플 로 시도! 나는 신선한 과일 및 처리되지 않은 경우에만 든다는 사실! 와플이 맛있는 꽤 잘 만들어진 음료도 좋았습니다."
7376255,5,,제 아내와 저는 신혼여행으로 방문한 커피를 마실 동안 양과 사랑에 빠지지 었다! 이 두 단계의 슈퍼 달콤한 양 밖에 있는 카페. 꼭 한번!
12868430,5,,"즐겨가고,자주가고,항상가는 10G카페!"
12868430,5,,콜드브루가 참 맛있습니다 다른건 메뉴가 좀 빈약합니다 그래도 맛있움
12868430,5,,"10G에서 자주 커피를 마시는데요! 지인소개로 알게 된 이후 자주 방문합니다. 처음에는 커피가 너무 맛있어서 가게 되었고 지금은 항상 친절한 서비스와 신선한 샐러드, 맛있는 커피 모든 부분이 만족스럽습니다. 10G방문 강추!!"
12868430,5,,가족과 함께한 특별한 모닝 커피와 서비스를 경험
12868430,5,,10G 음료 뿐만 아니라 푸드도 짱짱..
12868430,5,,케이크랑 음료 다 맛있어요. 여름 신메뉴로 나온 바 음료들 비주얼도 예쁘고 아이스크림 맛있어요! 복숭아 에이드에 올라간 하트 얼음도 귀여워요
12868430,5,,지난번 방문하고 이번에 또 왔어요!! 직원분 항상 친절하시고 가볍게 커피 마시고 좋아요. 특히 조각 케이크도 맛있어요!!
12868430,5,,커피 맛집이에요 ! 항상 친절하게 응대해주셔서 올때마다 감사해요 ☺︎ 여의도 올때 가볍게 와서 더위 피하면서 쉬기 좋아요
12868430,5,,"너무 귀엽고 아늑한 카페였어요❤️
커피도 맛있고 디저트도 하나하나 정성스럽게 만든 느낌이라 기분까지 좋아졌어요. 자리도 편하고 조용해서 혼자 가도 좋고, 친구랑 수다 떨기에도 딱이에요! 직원분들도 친절해서 기분 좋은 시간 보내고 왔어요🫶 꼭 다시 가고 싶어요!"
12868430,5,,"직원들이 참 친절하고 커피가 맛있습니다!
호텔 내에 있는 카페라 그런지 분위기도 좋아요.
디저트나 빵, 샌드위치 등 메뉴도 다양합니당"
12868430,5,,가볍게 식사겸 커피랑 샌드위치 먹었는데 너무 맛있어용!! 직원들도 너무 친절하시구.. 저두 카페에서 일했었는데 커피 맛있네용ㅎ 근처라 자주 이용할게요🩷
12868430,5,,"무화과 크림치즈 쿠키 넘 맛있어요 ㅜㅜ 
빨리 품절되서 구매못할때가 많아서 쟁여두고싶어여 ㅎㅎ 콜드브루도 깔끔하고 맛있어요!"
12868430,5,,넘 좋아요ㅎㅎ 분위기도 좋고 음료도 맛나요!! 콘래드라 IFC근처에 있어서 접근성도 좋아요! 강추합니다ㅎㅎ 자주 방문할게요~!!!!^^ 조용하고 좋아요
12868430,5,,편안한 분위기에 직원분들 친절하세요. 커피도 맛있고 특히 디저트도 맛있습니다. 밤 케이크랑 아이스 아메리카노랑 같이 먹으면 맛있어요!!
12868430,5,,"베이커리류가 맛있음
특히 소금빵 맛집. 일찍 품절되는 경우가 많아서 서둘러야함 ㅠ 
소금빵 말고도 팔고있는 빵들 전부 맛있는 편. 봄메뉴로 새로나온 음료도 많은데 딸기크림 올라간 커피 맛있었음."
27491337,,,
12871134,5,,카페라떼(저는 커피거품을 너무 좋아하는데 이곳이 거품이 풍부하고 진해요)
12871134,4,,귀엽지 만 더 많은 정보가 있기를 바랍니다.
12871134,5,,메인 스트리트에서 쉽게 놓칠 수있는 작은 골목길에 위치한 특별한 커피 하우스입니다. 외부에서 그것은 집에서 구운 패스트리와 케이크의 멋진 선택과 함께 간단한 복고풍 스타일의 카페처럼 보였다. 우리는 다양한 스타일의 커피를 주문하기 위해 골목길을 가로 질러 가야했습니다. 우리 커피를 마시면서 3 명의 여성 생과자 요리사가 일했던 부엌을 볼 수있었습니다. 그들은 더 많은 선택을 샀다. 그래서 그것은 훌륭했다. 위층의 화장실을 찾을 때 우리는 더 정교하고 꽤 비싸게 설치된 두 개의 다른 방을 발견했습니다. 하나는 물고기가 매우 비싼 큰 흰 물고기를 수영으로 가져갔습니다. 유일한 단점은 꼭대기 층의 화장실이 쪼그리고 앉는 화장실이었습니다.
12871134,5,,매우 좁은 골목 안에는 카페가 있다는 것을 깨닫지 않고 걸어가는 것이 좋습니다. 필터 커피를 사용해 볼 수 있습니다. 최고 중 하나이며 3 가지 유형의 커피 콩 중에서 선택할 수 있습니다. 멋진 커피와 배경 음악으로 바쁜 서울에서 숨길 수있는 최고의 장소.
12871134,4,,"과거 허준이 환자들을 보던 혜민서 위치에 세워진 카페 입니다. 내부는 오래된 공간을 고스란히 활용하여, 굉장히 레트로한 느낌을 줍니다. 드립을 기본으로 한 커피가 맛있습니다."
12871134,4,,"커피한약방과 혜민당 같은곳이나
한약방에서는 커피주문,혜민당에서는.디저트주문.
두곳어느곳에서 먹어도상관없음. 두집사이를 왓다갓다하는게 일반적임. 사람 엄청많고 주말에는 가지말것. 자리하나없음. 디저트와.커피모두 보통의.우리모두가.아는맛ㅋㅋ분위기가좋다"
12871134,5,,을지로 작은 골목 사이에 있는 카페로 개화기 분위기의 앤티크한 카페입니다. 확실히 분위기가 좋아서 그런지 알음알음 찾는 사람들이 많아요. 개인적으로 을지로 카페 중 추천합니다.
12871134,5,,"각층마다 인테리어가 달라 보는 재미가 있는카페다.레트로스타일의 인테리어는 많은 정성을 들여보였다.커피도 훌륭하고 혜민당에서 오미자무스를 구매해서 커피랑 먹으니 환상적.외국인 친구를 델꼬와도 좋을듯하다.
을지로의 또하나더 멋진곳이다"
12871134,4,,"처음 찾아 가는 분들은 찾기 정말 어려운 위치에 있다...
빌딩 사이에 출입구가 있는데 눈에 잘 보인지 않는 그런 크기의 출입구이다...
커피 한약방과 혜민당이 서로 마주보고 있다...
각각 2,3층이나 공간이 아주 크지도 않지만 작지도 않다...
판매하는 음료와 즐기는 사람만 현재의 모습이다..."
12871134,5,,"을지로 숨은 카페의 원조라고 할 수 있습니다.
인테리어는 개화기 분위기
한쪽에서는 바리스타님이 커피를 제조하고 있고 다른 한쪽에서는 다른 바리스타님이 커피를 볶고 있어 눈요기, 분위기, 맛 다 즐길 수 있는 곳입니다. 
주말에는 사진찍으로 오는 사람들로 너무 번잡하므로 평일에 오시는 걸 권해드려요"
12871134,5,,컸던 손 - 딥 커피를 시험해 보았다. 카페는 아름답게 장식되었습니다. 직원은 제한된 영어를 말할 수 있지만 그들은 그들의 콩을 확실히 알고 있습니다. 방문할만한 가치가 있습니다.
12871134,4,,뒷골목 뒤에 숨어있다. . . . 좋은 커피와 케이크. . . 인테리어 디자인은 골동품 스타일입니다. . . 많은 젊은 커플과 그룹의 젊은이들이 이곳을 방문하여 놀고 있습니다. . . 복근 냉기를 풀어 라. . . 다음 번 서울에 다시 방문 할 것입니다.
12871134,4,,분위기는 정말 다른 곳에서 느낄수 없는 동서양의 레트로 분위기가 잘 믹스되어 있습니다. 인테리어 정말 잘해놨어요. 커피랑 진짜 맛있고 케잌은 단편이긴하지만 예쁘고 맛있어요. 토마토주스는 너무 묽어서 별하나 뺐어요. 아쉬운점은 토마토 주스..그래도 또 가고 싶은곳
12871134,5,,1920-30 경성 감성의 인테리어 + 자개 장식으로 인해서 레트로함이 뿜뿜하는 곳이다. 음악도 레코드로 틀고 있어서 그런 느낌이 더 더해진다. 커피도 고소하니 좋다. 기회되면 자주 갈 듯
12871134,4,,"빈티지 느낌으로 인테이러 소품들로 장식되있고 옛날 한약방 같이 약 제조 기기들도 있다.
거피는 본관?에서 주문하고 바로 건녀편에 자리가 더 있다.
그 옆에 혜민당도 같은 주인이라 케익 사서 거기서도 커피랑 같이 먹을수있다."
8737552,5,,"레스토랑 폐업했대요
3년전에
여기 없어졌어요
레스토랑 폐업했대요
3년전에
여기 없어졌어요
레스토랑 폐업했대요
3년전에
여기 없어졌어요"
8737552,5,,"식사용빵부터 디저트용 빵까지 종류도 다양하고
맛은 뭐 두말할 필요 없고요
북촌에서도 번잡한 곳에서 살짝 떨어져있어 조용하게 빵과 커피 조식을 즐기기에 좋습니다. 
버터 라우겡슈탕에와 스콘은 꼭 드세요 :)"
8737552,5,,좋은 위치에 있어서 걷다가 우연히 들어갔어요. 음료는 특별란 임팩트가 없었지만 샐러드가 맛잇었고 인테리어가 괜찮아요! 제가 먹은건 아보카도 새우 샐러드에요
8737552,4,,"빵과 커피는 굿, 서비스와 케이크는 ..."
8737552,5,,그들은 거기에 모든 종류의 장인 빵을합니다. 예술 지구와 궁전에서 가깝습니다. 아침 8시에 개장하므로 한국의 아침 식사에서 휴식을 취하는 것이 좋습니다.
8737552,5,,그들은 심지어 Laugenstange를 가지고 ...
8737552,5,,"긴 하루의 쇼핑과 서울을 발견하고 사막 근처에있는이 작은 가게를 호텔 근처에서 시험해 보았습니다! 우리는 아몬드 패스트리와 당근 케이크 한 조각을 먹으려 고 노력했다. 비록 우리가 그들을 시도하지는 않았지만, 전시 된 다양한 빵도 좋게 보였다. 사람들은 친절했고, 작은 공간은 따뜻하고 환영했습니다. 패스트리와 환경은 우리 시대의 완벽한 결말을 제공했습니다. 방문 할 가치가 있습니다. . ."
8737552,5,,빵 너무 맛있어요. 효모빵도 맛있고 마들렌 까눌레 등 구움과자까지 다 맛있어요. 북촌 가면 일부러 들려서 빵 사올 정도로 너무 좋아합니다.
8737552,3,,한옥으로 된 가게가 분위기는 괜찮으나 비쌀 듯
8737552,4,,단백한 빵을 좋아하는 제 입맛에는 참좋은 빵집입니다. 테이크아웃해서 주로 먹었지만 가끔 앉아서 커피와 함께해도 좋더군요 :)
8737552,5,,직원들이 조금 불친절함 근데 빵은 맛있어요 분위기는 그냥그래요 빵을좋아하는 빵순이로써 빵이맛있습니다 가끔사먹어요
8737552,5,,"Halle an der Saale, 독일"
8737552,4,,"Wood and Brick은 웨스턴 테마의 빵집과 레스토랑으로 꽤 고급스러운 느낌을줍니다. 파스타와 같은 다양한 서양 음식을 제공하는 레스토랑의 가격은 1 인당 약 20,000 ~ 30,000 원 정도입니다.

테이블 서비스는 훌륭하고 영어 메뉴가 포괄적입니다. 파스타는 나쁘지 않고 자신의 국수를 사용하는 것 같습니다. 창덕궁이나 경복궁에서 도보 거리. 한국 음식에서 휴식을 원한다면 방문하기 좋은 곳."
8737552,4,,베이커리로 유명해서 가끔 테이크아웃만 해서 집에서 먹곤했던 곳이였다. 카페로 되있어서 바게트와 커피 그리고 슈크림빵을 먹었다. 분위기도 좋고 거리도 이뻐서 좋았다.
8737552,5,,"빵도 맛있고 커피도 맛있고 샌드위치 등등 전반적으로 음식 맛이 맛있어요.
특히 여기 시럽 안탄 라떼랑 빵이랑 같이 먹으면 정말 맛있습니다."
20324162,5,,한국의 정서를 테이블에서 즐길 수 있는 곳
20324162,5,,에스프레소바는 처음인데 여긴 독특해서 좋았어요!! 야외에 스탠딩 테이블이 있어 좋은 날씨에 가볍게 디저트와 커피를 즐길 수 있는 곳이네요!! 게다가 음료와 디저트도 맛있어서 즐겁게 먹었습니다
20324162,5,,디저트와 커피의 조합이 훌륭한 브류잉바
20324162,5,,"예약제 커피 오마카세인 '펠른 코스'는 펠른의 시그니처 메뉴들로 구성되어 있습니다. 펠른에서만 맛볼수 있는 3가지 음료와 3가지 디쉬로 구성되어 있으며, 코스 이외의 메뉴에서는 주문이 불가한 스페셜 디쉬가 1종 포함됩니다. 약 한 시간 동안 진행되는 코스를 통해 펠른 마스터로부터 각 메뉴에 대한 스토리를 듣고 요리 과정을 함께 할 수 있는 색다른 경험을 제공합니다. 각 메뉴는 웰컴디쉬를 시작으로 음료-디쉬를 페어링 하여 총 3번에 걸쳐 제공되고, 펠른 마스터의 설명과 음용법이 곁들여집니다.
** 코스의 메뉴 및 구성은 시즌별로 변동됩니다."
20324162,5,,연남동에 특색있는 많은 카페를 가봤는데 대부분 아기자기한 멋이 있는 곳과 디저트가 맛있는 곳이 대부분이었습니다. 근데 여기는 공간 자체가 아기자기하기보단 고급진 느낌이었고 무엇보다 카페에서 나는 커피향이 너무 좋아요. 인위적인 향이 아니고 커피 자체 향이다 보니까 진짜 너무너무 좋습니다. 그리고 커피도 너무 좋습니다. 평소에 저는 다크한 커피 시키구 여자친구는 산미가 느껴지는 커피를 시켰는데 평소 제가 산미 있는 커피에 대한 거부감이 있었는데 제 생각을 완전 뒤집어 놨어요. 진짜 놀랬어요 ㄷㄷ.. 디저트는 커피캐비어 아포가토를 먹었는데 ㄹㅇ신기합니다. 아이스크림에 커피를 부어 먹는게 아니라 캐비어처럼 커피를 알약? 처럼 만들어놔서 아이스크림이랑 같이 먹는건데 엄청 맛있었어요. 집 근처라 자주 갈 거 같아요. 신선한 경험을 하게 해줘서 고맙습니다!
20324162,5,,"연남동에 놀러갈 일이 있어서 갔다가 너무 분위기도 좋고 신기해보여서 들어갔는데, 사장님도 너무 친절하시고 커피 디저트 종류도 많고 일단 커피 맛이 너무 좋습니다. 위스키도 있고 가족이나 커플 친구들이랑 오기에 좋은 곳 같아요 !!!"
9565171,4,,"리뷰를 왜 써야 하는거죠...정말 별로였는데
벌레가 들어 있었지만 그냥 먹었습니다.
날파리라서 이해할 수준이었죠.
하지만 기분이 좋지는 않아요."
9565171,4,,올해 초에 방문한 곳이에요 딸기뷔페가 가격대비 괜찮은 곳입니다. 케익류말고 다른 음식들도 나오고요 사람은 많았지만 구석에서 맛있게 잘먹었습니다.
9565171,5,,"더 라운지 분위기가 일단 너무 좋습니다.
자주 방문하고 싶은 그런 곳이에요-
직원들 모두 친절하고 기분 좋은 방문이었습니다."
9565171,4,,바닥에 옛 동대문 유적지 다 그대로 보존해놓고 있어서 신기했어요. 바닥보고 걸어가면 약간 멀미나긴 하지만 ㅎㅎㅎ 음식은 신라 파크뷰보다 괜찮았던거같아요
9565171,4,,"동대문, 아늑한 분위기, 창의적인 빙수의 아주 좋은 전망"
9565171,4,,딸기부페 매력적 but 너무 좁은 로비의 태생적 한계
9565171,5,,동대문을 바라보며 아이와함께 예쁘고 맛난 헬로키티 빙수 먹었습니다... 베리류를 워낙 좋아하는 아이라 아이도 엄마도 만족도 최고입니다ㅎㅎ 맑은 날도 좋았지만 오늘같이 흐린날도 운치가 있어 좋네요
9565171,5,,"키티 빙수 넘 이쁘고 맛있네요
서버분들도 넘친절하고 밖에는 넘 더운데 안에는 추울정도로 시원해서 도심 속 오아시스네요 
앞으로도 자주 방문해야겠어요"
9565171,5,,"매년 돔빙수 먹으러 오는데, 매년 맛있어지네요ㅎㅎ 
올해는 솜사탕이 더 커졌고, 블루베리와 복숭아 토핑을 사용하였습니다. 빙질도 이전 대비 더 고와졌습니다. 
내년에는 또 어떤 토핑을 사용할지 기대됩니다 :)"
9565171,5,,"여름되면 가족과 함께 종종 빙수를 먹으러와요~
기본 과일빙수들도 맛나고, 몽블랑 빙수같은 시즌 빙수들도 맛나서 가족들이 다들 좋아해요~"
9565171,5,,여름에 매번 찾는곳인데 서비스도 좋고 빙수도 맛있어요!! 근처 쉑쉑 버거에서 점심먹고 이곳에와서 빙수 먹길추천합미다!! ㅎㅎ
9565171,5,,"팥빙수가 맛있어서 매년 여름에 먹으러 오는 동대문 메리엇의 더라운지! 
분위기도 괜찮고 조용해서 아기랑 잘 즐기다가 갑니다. 
빙수 먹으러 오는 분들께 강추합니다~"
9565171,5,,"맛도 비쥬얼도 환상적인 헬로키티 빙수! 
호텔 분위기도 좋고~ 귀여운 마카롱까지 마음에 쏙 드네요~
아이스크림 맛이 강하지만 맛있어요^^"
9565171,5,,"키티빙수 비쥬얼 때문에 먹으러 왔는데 맛도 기대이상이네요~
딸기 아이스크림 맛인데 너무 달지도 않고 많이 시지도 않아요"
9565171,5,,"근처왔다가 망고빙수가 먹고싶어 들어왔는데 비쥬얼은 물론이거니와 맛도 정말 고급지네요ㅎ!
호텔빙수중 가격대비 완전 강추해요~~!"
27462903,5,,위치가 명동안쪽에 있고 매장3층까지 있고 예쁘고 자리도 많아요! ~ 프레첼은 맛있고 커피도 너무 맛있어요! 명동 올때마다 방문할것 같아요.
27462903,5,,"매우 맛있었습니다.
인테리어도 귀엽고 다시 가고 싶습니다.
나는 일본인
일본인에게도 추천하고 싶은 가게입니다.."
27462903,5,,"잿물 드실 분들은 이 디저트 카페에 오시면 됩니다
이 잿물 매듭은 맛있고, 창의적이고, 가게 환경도 좋아서 꼭 한번 와볼만해요. (*^o^*)"
8144596,5,,사진에서부터 느껴지는 고즈넉한 분위기가 좋아서 방문했습니다. 전통차 카페답게 차 종류가 많았는데 사장님의 추천을 받아 편안하고 즐거운 시간 보냈습니다.❤️
8144596,5,,"익선동에 위치한 한옥카페로, 분위기 너무 좋고, 차도 정말 맛있습니다. 외국인 친구와 방문하기 좋은 카페에요. 추천합니다."
8144596,5,,"이 찻집은 내부가 매우 아름답고 여기서 일하는 사람들은 매우 친절하고 환영합니다. 이 장소에는 편안한 분위기와 차분한 음악이있어 긴 하루를 보낸 후 휴식을 취할 수 있습니다. 한국 전통 간식도 맛있고 시도해 볼 가치가 있습니다.
나는 그것을 좋아했다."
8144596,5,,"북촌 한옥 마을에는 서울에서 두 번째로 꼽히는 찻집이 있는데, 그 이유는 튜 우란이 서울과 다른 한옥 마을에서 최고라는 것을 의미합니다.

농담이야 좋은 찻집과 많은 고객들이 있습니다. 그렇게 말했다! ! 이곳은 익선동과 같은 미로를 헤매고 다니면서 아름다운 곳이었습니다. 나는 여기에서 너무 평온하다고 느꼈고 서비스도 일치했습니다. 생강차와 단파 죽을 한 잔 마시기 위해 약 14k를 소비했습니다. 돌아올 것입니다-그리고 그들이 적어도 10 년 동안 주변에 있기를 바랍니다!"
8144596,4,,익선동 한옥마을 안쪽에 있는 전통한옥카페입니다. 한옥을 그대로 살린 인테리어가 고즈넉하고 분위기가 좋네요. 건강한 생강차한잔 좋았어요
8144596,4,,바쁜 창덕궁을 돌아 다니는 더운 날을 보낸 후이 찻집은 사랑스러운 휴식이었습니다. 고궁에서 걸어서 약 10 분. 매우 친절한 호스트. 한국식 과자와 계피 펀치를 곁들인 다양한 차 (아이스 제공 또는 따뜻한 제공). 모두 매우 신선한 시음이었습니다. 흥미로운 상점 미로에 있습니다.
8144596,5,,익상동의 세련된 이웃집에 위치한 티 투란 (Tteuran)은 전통적인 전통 차 찻집입니다. 예쁜 장인의 도자기에서 제공되는 다양한 종류의 전통 차와 함께 편안한 시간을 보내십시오. 우리는 특히 아름다운 작은 안뜰 정원의 전망과 함께 조용한 분위기를 즐겼습니다.
8144596,4,,익선동내 조용한 전통찻집을 찾으시면 여기 추천합니다. 제가 갔을떄는 외국인도 많았어요 식물들로 꾸며져있어 분위기 좋은곳입니다. 커피도 있고 빙수도 있어요
8144596,4,,요즘 익선동에 맛집이 많다고 해서 가끔 방문하는곳이에요 골목이 좁아서 사람들이 미어터지네요 저녁에 몸에좋은 차를 마시기위해 방문했습니다. 입구부터 한약냄새가 나고요 분위기가 좋았어요
8144596,4,,아기자기하고 인테리어가 예쁜 전통찻집입니다. 익선동에 사람이 많아지면서 사람도 많은데 어르신분들도 많고 젊은 사람들도 많았어요. 여럿이 앉을 수 있는 테이블도 있습니다. 직원들도 친절하셨어요.
8144596,5,,바쁜 거리에 위치한이 곳에서 차와 떡을 맛볼 수 있습니다. 떡은 뜨거워 져서 맛있어!
8144596,5,,외부의 미친 군중으로부터의 고요한 휴식
8144596,5,,이 알맞은 차 장소는 확실히 과소 평가되었습니다. 평일 오후 4 시경이 곳으로 갔고 아무런 선이 없습니다. 차는 매우 멋졌다. 그리고 단 항목도 정말로 좋았다. 전통적인 차를 편안하게 즐기기에 좋은 곳.
8144596,5,,"한국 최고의 차집 중 하나. 나는이 장소의 분위기를 정말로 좋아한다. 채팅하고, 긴장을 풀고, 사랑하는 사람들과 여기에서 긴장을 풀 수있는 좋은 곳입니다.
찻집은 발견하기 조금 어렵다."
8144596,5,,긴 하루를 보낸 후 차 한잔과 함께 휴식을 취하기에 좋은 장소. 차는 훌륭했다. 그리고 서비스는 매우 친했다.
8489196,5,,이 곳은 서울에서 세탁을하기에 너무 굉장합니다.
8489196,5,,분위기는 훌륭하고 찾기 쉬운 곳입니다. 깨끗하고 기다리는 동안 커피 마시기를 즐기십시오. 세탁기 / 건조기 3 대만 있으므로 일찍 가십시오. 주인은 영어를 할 수 있고 친절하고 도움이되었습니다.
8489196,5,,세탁 및 건조 비용은 각각 5000 원입니다. 모든 것이 완벽하게 작동하고 상점은 매우 편안하며 팀은 매우 친절합니다. 우리는 주변 식당에 대한 추천을 받았습니다. 세탁소와 커피 숍을 결합하는 아이디어는 환상적입니다. 감사합니다!
8489196,5,,케이크와 커피를 마시 며 좋은 가격에 세탁을 할 수있는 좋은 선택입니다. 과자는 훌륭하고 슈퍼 귀여운 주인은 세탁에 매우 도움이됩니다.
8489196,4,,해방촌에 있는 세탁방과 카페가 같이 있는 집이에요. 최근에 티비에 몇번 나와서 나름 유명해진것 같아요. 세탁방답게 인테리어가 하얀색으로 깔끔합니다.
8489196,4,,서울 해봉촌을 산책하다가 망고 접시를보고 카페가 어떤 식당인지 보았습니다. Laundry Project는 최고의 추천 상품 중 하나였습니다. 우리는 그것을 조사했다. 나는 차를 마셨고 나의 친구는 핫 초콜릿을 먹었다. 우리는 빨래방으로 또한 봉사하는이 아늑한 작은 카페에서 우리 음료를 양쪽 다 즐겼다. 몇몇 사람들은 술이나 디저트를 마시 며 빨래를 기다리고있었습니다. 주인은 예절 바르고 그것을 시험해 보는 것은 명확히 흥미있는 장소이었다.
8489196,5,,"아주 좋은, 아늑한, 깨끗한 환경과 잘 실행 설립.
무료 세탁 세제 및 섬유 유연제.
와이파이, 사랑스러운 차, 그리고이 맛있는 케이크로 커피 한잔하면이 곳이 최고입니다."
8489196,5,,"이것은 나의 hubbie와 내가 우리 중간의 여행 세탁 세션을 위해 들르는 완전한 지점이었다. 카페 주인은 멋진 suuuuuper이며, 훌륭한 영어를 구사하며, 빨래를 끝내기를 기다리는 동안 세탁 (세제, 섬유 유연제 등)을하기 위해 필요한 모든 것과 함께 커피 / 스낵을 사용할 수 있습니다!
이것은 정직하게 우리가 비교적 명동에 가깝게 발견 할 수 있었던 유일한 셀프 서비스 세탁이었다. 그리고 우리는 우리 호텔 세탁 서비스로 undie 당 5 달러의 등가물을 지불 할 기쁘지 않았다.

비록 당신이 여행하고 있지 않더라도,이 카페는 지역 주민들 사이에서 가장 좋아하는 장소 인 것처럼 보였다."
8489196,5,,"우리 호텔은 양말 한 켤레 당 2 유로를 부과합니다. 그래서 우리는 깨끗한 옷을 입기 위해 Laundry Project에갔습니다. 직원들은 매우 친절하며, 우수한 영어를 구사하며, 기계는 고품질이며 사용하기 쉽습니다. 세탁에는 5000 원, 건조에는 5000 원이 필요합니다. 한편 무료 Wi-Fi 및 멋진 커피를 즐기실 수 있습니다. 우리는 기계가 무료라는 것을 약간 기다려야했기 때문에 책을 가지고 왔습니다."
8489196,3,,"세탁을하고, 마실 것을 시험해 보는 거의 장소의 사람이 아니라.
위치는 관광 지역이 아니기 때문에 대부분 기계가 바쁘지 않습니다.
그냥 커피를 마시고 차가워 져도 괜찮습니다.
 - 무료 Wi-Fi 서비스를 제공합니다.
 - 커피는 괜찮 았고 싸구려가 아니 었어.
 - 좌석이 편안하지 않습니다.
 - 종종 나는 옥외 테이블에서 사람들이 담배를 피우는 것을 봅니다. 약간 성가시다. 이것은 주거 지역이기 때문에 지나가는 동안 멀리 두는 것이 쉽지 않습니다."
8489196,5,,우리는 명동에 머무르고 있었지만 안타깝게도 세탁을 할 수있는 편리한 장소가별로 없었습니다. 우리는 서울의 세탁 프로젝트에 대해 알아 냈습니다. 그것은 산의 위로 비교적 짧은 버스 타기 다. 그리고 당신은 주거 지역을 통하여 그것을 발견하기 위해 산책한다. 우리 세탁물을 씻고 말리는 데 8000 원. 기다리는 동안 모든 종류의 음료를 살 수 있습니다! 매우 귀여운 장소.
8489196,4,,"현대적이고 편안한 카페, 맛있는 커피, 아주 좋은 서비스. 주인은 영어도 잘 하고 아주 친절하고 도움이 되었습니다. 또한 만약 디자인 및 인테리어 읽을 책이 및 잡지. 3와셔 및 좋은 지침에 3드라이어."
8489196,5,,당신의 세탁을 할 아주 좋은 곳입니다. 워셔 40분 정도 걸립니다. 한편 커피 또는 음료를 먹을 수 있습니다. 아주 친절하고 협조적인 직원들입니다.
8489196,5,,세탁을 하는 유일한 곳이 있다. 매우 편안한 곳. 음료를 기다리는 동안 세탁을 할 수 있습니다.
8489196,5,,"제가 정말 좋아하는 곳이 얼마나 편안한 분위기. 매니저는 아주 친절하게 해 줍니다. 만약 내가 서울에 머무는 이상, 저는 다시 돌아올 걸지 사용자_이름:."
9360216,4,,강남역에서 조용한 카페를 찾으신다면 추천
9360216,5,,"강남 사는 후배가 끌고 간 곳.
차를 시음 해 볼 수 있는것도 좋았고,
주문했던 차도 굉장히 맛있었음.

차 이름들이 굉장히 감성적임.

창가쪽 뷰도 마음에 들었음."
9360216,3,,쿠폰이 있어서 들렀습니다. 새로나온 음료인듯한 흑당버블녹차라떼를 마셨어요. 너무 달지도 않고 버블의 쫀득한 씹는맛도 있어서 좋았어요.  누구나 맛있게 먹을수 있을것 같아요.
9360216,5,,"나는 오슬록에 오랫동안 갔지만, 최근에는 강남에있는 곳으로갔습니다. 이 위치는 내 집과 매우 흡사하므로 잘 적응합니다. 그래서 나는 좋은 녹차 또는 녹차 디저트를 자주 가지기 위해 자주 거기에갑니다. 나는 그것이 얼마나 넓고, 물론 차와 디저트의 품질이 좋아요. 이번 주 마지막 두 번 방문 사진을 포함합니다."
9360216,5,,차가워지는 멋진 카페. 그레이트 모카 아이스크림
9360216,5,,"큰 발코니, 서울의 매우 고관적 인 지역의 놀라운 성냥. 완전히 추천합니다. 케이크는 맛있어 보였다."
9360216,4,,강남역 주변에 있는 많은 프렌차이즈 카페들 중에서 분위기가 가장 조용하고 차분한 곳이 아닐까 합니다. 다양한 차 종류를 맛볼 수 있는 것도 좋습니다.
9360216,4,,일단 녹차 홍차를 좋아하는 사람들에게는 딱이에요 오프레도 인기가 가장많습니다. 여름에 빙수나 다른 메뉴도 다양하고요. 차시음도 가능합니다. 강남역 삼성빌딩 앞에있고요 직장ㅇ니들이 많은편이에요
9360216,5,,오설록 녹차&한라봉 오프레도! 한라봉 오프레도는 상큼하고 식사후 입가심으로 좋은 음료인것 같다. 녹차 프레도는 녹차의 건강한 맛이 잘 어우러진 음료. 개인적으로 여름에 정말 잘 어울리는 음료인 것 같다. 건강한 음료를 찾는다면 오설록으로!
9360216,4,,"녹차와 녹차 관련된 메뉴들을 주 무기로 삼고 여타 다른 카페들과 차별화가 확실히 된 오설록 티 하우스 입니다. 녹차라떼나 녹차 롤 케익, 빙수 모두 상당히 맛이 좋은데다가 녹차 밀크 스프레드, 제주도 관련 찻잎 등 다양한 차 관련 그로서리를 쇼핑할 수 있어서 좋습니다.
최근에는 패키지에도 신경을 많이 써서, 선물하기에도 상당히 적합한 듯 합니다."
9360216,5,,"내가 가장 좋아하는 라떼 한잔의 녹차 라떼 되었다는 것을 발견 한 곳 입니다. 
하지만 고가. 하지만 질 좋은 녹차 가루를 판매. 녹차 라떼 녹차 롤 케이크도 훌륭했습니다. 저는 다음 달에 다시."
9360216,5,,"갈만한 마땅한 곳이 없을 때 항상 믿고 가는 오설록! 강남역점은 층고가 정말 높아요, 그리고 카운터 앞에 긴~ 원목테이블이 너무 예쁘더라고요. 메뉴는  다른 곳이랑 똑같아요, 롤이 맛있고요. 이 지점은 특이하게 1층에서 계산해도 2층에서 음료를 받을 수 있더라고요, 다시 안 내려가도 되니 편했어요.
직원들도 친절하고 언제나 음료도 맛있으니 추천해요."
27514995,5,,"원두를 직접 고를 수 있어서 좋았고, 직원분 인상도 정말 좋았어요 :) 다음엔 저녁 시간대에 한번 더 오고 싶어요!!!!"
27514995,5,,"뷰가 넘 좋아요 넘 편하게 쉬고 있어요
좋은 시간을 보낼 수 있게 만드는 공간이에요!
다음에 또 찾아올게요
날씨 더 좋으면  더 예쁜 경치 구경할 수 있을텐데"
27514995,5,,뷰 맛집~~~~ 커피 한잔 하면서 힐링타임~~ 좋은 시간 보내고 갑니당 ♡♡ 다음에도 서울 놀러올때 꼭 방문할 예정이에용 ♡•♡
7007845,5,,분위기는 아늑하고 현대적이어서 데이트 장소로 딱 적합했어요. 특히 인기 메뉴인 팥빙수는 부드럽고 맛있어서 입안 가득 행복을 선사했죠. 다양한 토핑과 함께하는 빙수는 눈과 입 모두를 즐겁게 했어요. 직원들도 친절하고 서비스가 빠르게 제공되어 더욱 만족스러웠어요. 인사동 거리를 걷다가 잠시 쉬기에도 완벽한 장소였답니다. 다음에 또 방문할 예정이에요!
7007845,4,,"한층을 다 사용하고 길게 창가 자리가 있어 사람구경하며 쉬기 좋아요
인절미 빙수를 주문했는데 종로, 대학로점에 비해 빙수의 양이 훨씬 많네요.
덕분에 연유가 부족했네요. 연유리필은 500 원입니다.
전반적으로 다 좋은데 직원들은 약간 무뚝뚝한편입니다."
7007845,3,,싱가포르에서 온 친구랑 같이 인절미 빙수 먹으러 갔었는데 빙수가 덜 갈려져 나왔네요. 심하게 덜 갈리진 않았지만 제 친구도 그렇고 썩 유쾌한 경험은 아니었습니다.
7007845,5,,인사동 설빙은 낮에 가면 그다지 사람이 많지않고 생각보다 조용한 분위기에서 담소를 나눌 수 있었어요. 인절미 빙수 최고! 외국인들도 꽤 방문하는 듯했습니다.
7007845,4,,"나는 6 월 / 7 월에 한국에 머물러 학교를 자주 먹었습니다. 한국에서 내가 좋아하는 디저트 중 하나! 나는 다른 곳을 시도했지만 Sulbing에서 내가 가지고있는 것들을 선호했다!

내가 가장 좋아하는 것은 망고 치즈 또는 인애 미미 치즈였다. 나는 injeolmi를 좋아할 것이라고 생각하지는 않았지만, 내가 좋아하는 사람 중 한 명으로 끝났다. 나는 매치 나 초콜렛을별로 신경 쓰지 않았다. 초콜렛은 나에게 너무 많은 코코아 가루가 있었어.

그것들은 공유하기에 충분히 크기 때문에 우리는 비용을 분할했습니다. 좌석을 찾는 것이 너무 어려웠지 만 항상 바빴습니다."
7007845,4,,인사동길 초입에 있어요. 많은 설빙매장과 같이 2층에 있고 매장은 넓은 편이에요. 빈자리는 많이 있었고 민트초코빙수 맛있는데 달긴했어요.
7007845,4,,매장도 크고 경관도 예쁜 빙수카페입니다. 설빙매장은 대부분 큼직큼직한거 같아요. 늘 먹는 인절미빙수를 시켜서 추운날 더 시원하게 맛있게 먹었어요.
7007845,3,,"정말 맛있어 보이지만, 나는 디저트를 많이 즐겼다 고 말하지 않을 것입니다. 내부에는 주로 잘게 잘린 얼음 (맛없는 셔벗)과 약간의 비스킷이 있습니다."
7007845,1,,"기다릴 준비를하십시오. 서비스 시간이 오래 걸린다. 45 분 이상. 그들은 부족한 편이며 주문 시스템은 종이 주문을 사용하여 추적하고 준비합니다.

나중에 다른 사람들에게 명령을 내리는 사람들과 혼란스럽게 만들었습니다. 부엌은 받아 들여지는 명령과 새로운 명령이 들어 오기를 힘들게했습니다.

점장은 젊고 변명하지 않습니다. 저기에 더 나은 술자리가 있다고 확신합니다."
7007845,4,,"치즈가 든 거대한 멜론 얼음이 좋습니다! 그들은 마시맬로와 초콜렛과 함께 큰 로스트를 먹습니다. 그러나 당신이 단 것이 아닌 경우에, 아마 당신은 무언가를 더 가벼울 원할 수도 있습니다."
7007845,5,,날씨가 바깥 쪽이 아닌 정도이지만 Sulbing을 먹는 것은 추운 날에 좋은 경험입니다. . . 에스키모에 얼음을 어떻게 파 깁니 까? 그들을 판매하십시오. . . .
7007845,3,,인사동 올때마다 자주 들리는 디져트 가게.....가격은 비싸지만 쉬면서 빙수 먹는 꿀맛......추울때 먹어도 맛있다는...  외국인도 참 많더라구요
7007845,4,,"인사동 자주 오는데 올때마다 자주오는 설빙~~요즘 날씨가 많이 덥잖아요~~시원한 에어컨에
쉬면서 빙수 먹는 꿀맛~~!!  인사동이라 그러지 외국인도 많습니다"
7007845,5,,딸기 청포도 녹차 초코 빙수!!! 여름에 즐기기 좋은 상큼하고 달콤한 빙수!!! 추천합니다. 친구와 연인과가족과 가보세요!
7007845,4,,"메론한통이 그릇으로 들어있는데, 비주얼에 놀라고 양도 많아서... 디저트 후식의 개념보다는 배채우러가도 될만큼 ㅠㅠ 양이 넘 많아요.. 이쁘고 맛있지만.... 양좀 줄였으면..."
6494540,5,,"현대백화점 압구정점, 밀탑 본점의 밀크팥빙수는 만족. 맛이 늘 적당해요. 나이드신 분들은 쌀쌀한 계절에는 팥죽도 많이 드셔요."
6494540,4,,"여전히 많은 사람들이 대기하다가 먹는 밀탑 빙수. 워낙 맛있는 집이 많이 생기긴 했지만, 맛있긴 맛있어요. 팥 러버들에게 무한 리필 팥은 정말이지.. 너무 좋아요. 어차피 달아서 한두 번 더 먹는 수준이지만요 ㅎㅎ"
6494540,4,,우유 얼음이 입에서 샤르륵 녹으면서 진짜 맛있다!가 입밖으로 튀어나온다. 언제가도 맛있는 우유 팥빙수를 맛볼 수 있다. 현대백화점에 가면 꼭 가는 곳.
6494540,5,,혹자는 한물갔다고 하지만 고전을 넘어서기는 쉽지 않아보임. 2000년대 팥빙수의 정석이라 불릴만한 곳. 회전률도 상당히 빨라서 오래 기다려본적이 없음.
6494540,5,,"한마디로 우유 팥빙수의 정석이다.

최근에 유행하는 과도한 토핑으로 치장한 빙수나, 이것 저것 다 섞어논 정체불명의 빙수와는 차원이 다르다.

최소한의 재료, 우유, 얼음, 팥소 그리고 인절미 몇조각으로 이렇게 훌륭한 맛을 내는게 쉬은게 아니다."
6494540,5,,여름시즌 특히 주말에는 항상 줄이 엄청나게 길다. 적당히 단맛의 고급스러운 단팥이 독보적. 가족단위든 친구든 누구와 먹어도 항상 맛있게 먹을 수 있는 맛집.
6494540,4,,가까워서 종종 가는데 평범한거 같지만 역시는 역시입니다. 다른 곳에서 먹으면 금방 질리는데 밀탑은 질리지 않아요 계속 생각납니다. 가끔씩 한스에서 빙수 먹고 밀탑에서 빙수 먹으면 여름 납니다 공간은 비좁아요
6494540,5,,"최근 많은 빙수집들이 생겼지만, 그래도 돌고 돌아 밀탑은 꾸준히 찾아가는 저의 최대 빙수집입니다. 아직까지 맛보지 못했다면 밀탑 빙수 강추!!"
6494540,4,,"아주 오래전부터 매장 한개 있을깨부터 다닌 빙수집이예요. 여러군데로 늘어나면서 매장별로 약간의 기복이 있긴 하지만 그래도 언제나 꾸준한 편입니다. 압구정이랑 천호점이 좋은 편이예요.
음료는 그닥"
6494540,5,,아..정말 날씨가 하루하루가 다르게 더워지고 있습니다. 팥빙수가 간절하게 생각나는 계절입니다. 호텔빙수는 가격이 정말 비상식적이고 제빵업계 빙수는 맛이없고..빙수는 맛도 가격도 밀탑이 최곱니다.
6494540,4,,다른 맛있는 빙수집이 많이 생겼지만 그래도 종종 한번씩 생각나는곳이 밀탑인것같아요 팥빙수의 기본
6494540,4,,여기는 그냥 비교할수가 없습니다! 너무너무 맛있어요 제가 딱 원하는 맛! 여름에 진짜 자주갑니다
6494540,3,,처음 밀탑 빙수의 충격은 잊지 못해요.
6494540,4,,기본빙수도 맛있지만 녹차빙수도 맛있어요~빙수는 1인 1빙수. . . 겨울에도 생각나는 맛입니다.
6494540,4,,일단 얼음이 너무 곱게갈아져나와서 팥과 함께 드시면 시원하고 달달하니 진짜 맛있어요 다른메뉴도있지만 역시나 팥빙수가 최고
10769727,3,,"영업 중 잠깐 쉬어가는 타임 가지려고 일행과 들렀습니다.
관광지에 위치가 좋아서 그런지 가격이 좀 나가네요 커피는 평범했어요."
10769727,4,,"카페는 매우 깨끗하고 흰색입니다. 나는 cozier cafe를 선호하지만이 곳은 패스트 푸드 레이아웃 좌석과 테마 카페 분위기가 혼합되어 있습니다. 진정 냉장하고 긴장을 풀고 머 무르지 않고 고객이 먹고 싶어한다는 것이 분명합니다.

더운 여름에 명동을 걷다가 갈증을 풀고 싶었습니다. 우리는 빙수로 망고 디저트를 착각했지만 순수한 망고와 휘핑 크림입니다. 맛있게 달콤하고 약간의 물린 후에 약간 죄를 느낍니다.

무지개 크레페 케이크는 괜찮 았습니다.

쇼핑하는 동안 짧은 정류장에 좋습니다."
10769727,3,,"내국인 상대로 가격이 아닌거같아요ㅠㅠ
매장은 깔끔하고 인테리어도 잘해놨네용~^^
가격만 좀 조정된다면 좋을꺼같아용!ㅎ"
10769727,4,,"Cafe de Paris는 서울에 여러 곳을 가지고 있습니다. 유럽 스타일의 커피는 여기에서 판매되며, 각각은 풍미 풍부합니다.
나는 쵸콜렛 향과 에스프레소가 깊은 뜨거운 카페 모카를 가지고 있었고 휘핑 크림이 그것을 위에 보냈다.
추천!"
10769727,4,,"친구 나 커플에게 디저트와 킷치 세션을 갖는 것은 매우 사랑스러운 곳입니다. 드물게 망고를 보지만 딸기, 파인애플, 포도와 같은 망고를 주원료로하여 디저트를 제공합니다. 가을에 디저트를 먹었을 때도 포도는 매우 신선하고 상쾌합니다. . . 그들은 케이크와 음료의 종류도 다양합니다. 시도해 볼만한 가치가 있습니다. 멋진 음식 사진을 원한다면 이곳이 있습니다."
10769727,5,,"우리는 아주 더운 날 이곳을 표지판을 보고 홍대에 걷고 있었다. 이미 명동에서 다른 위치에 카페 체인 때문에 본 우리는 마음먹었습니다. 서명을 딸기, 망고 음료, 과일 큰 덩어리로 나눕니다.! 정말 맛있어서, 가치가 있다. 사진을 보는 실제 음료를 진짜 음료 마찬가지로 큽니다. 이 카페 체인 경우, 꼭 드셔 보세요. 유일한 단점은 음료 때때로 오래 걸릴. 나는 명동 및 캐셔/작업자 두 번째 방문 홍대 훨씬 빠르게 망고 음료를 만들어준 갔습니다."
10769727,3,,"심지어 붐비는 것을 좋아하고, 마실 것과 / 디저트 / bons bons가 돈과 맛의 가치가있는 것을 좋아하는 카페! ! ! 특히 망고 뼈와 자몽 음료! ! !"
10769727,5,,"5 분마다 서울에 새로운 카페가 모두 생겨 났음에도 불구하고 카페 드 파리는 여전히 내가 선호하는 곳이 아닙니다. 분위기는 아늑한 분위기이며, 친구와 함께 앉아 휴식을 취할 수 있습니다. 모든 본봉은 내가 마지막으로 방문한 때와 마찬가지로 여전히 좋습니다 (제가 가장 좋아하는 딸기는 딸기입니다)

이번에 놀람은 전에 Ive 결코 주문하지 않은 그들의 치즈 케이크이다. 대단히 좋은

확실히 몇 번이고 다시 돌아갈 것입니다."
10769727,5,,"놀라운 디저트, 딸기 디저트 무지개 케이크가 중독자를 되었다. 서울 전달하는 경우 놓치지 마세요"
10769727,4,,이 지점 꽤 명동. 이 디저트 숍으로 위해 강남 더 가야 합니다! 가격은 꽤 좋은 맛.
10769727,4,,"어떻게 기회가 되서 먹었는데 더블봉봉이 17,000원 입니다.
가격만으로도 내국인을 대상으로 하는 곳은 아닌거 같아요..
입지, 접근성도 좋고 인테리어도 깔끔하고 좋지만 너무 비싼 곳.."
10769727,3,,예쁘고 맛있는 음료를 먹을 수는 있지만 가격이 너무 비싸요. 가격만 조금 더 낮춰주면 좋을 텐데
10769727,4,,인스 타 그램 화면을 터치하지 않고 실제로 맛과 친절한 디저트
10769727,1,,"커피는 넘 맛없고 쓰기만 음료두 영 아님
가격대비 아님.

자몽만 그나마 쫌. **빈의 리얼 자몽이 더 나을듯 싶음

외관 예뻐서 드갔는데 외국인 가득한데 넘 미안했다는 맛 없는데 가격은 또 비싸서ㅜㅡ"
10769727,4,,저는 정말 신선한 딸기 봉 봉 였습니다. 친구들과 공유하는 경우 한 부분 마무리 합니다 :)
4083902,4,,"우리가 간 것은 Pacific Hotel 근처입니다. 우리는 전체 여행 중에 두 번 갔다. 우리는 매우 좋은 티라미수를 먹었고, 단맛은 옳았습니다. 그들의 디저트는 모두 매우 호소력이 있었고 실제로 몇 가지를 시도하고 싶었습니다. 그러나 디저트를 먹을 공간이 많지 않았고 케이크의 각 부분이 상당히 컸습니다. 다음 여행에서 디저트를 더 많이 먹을 것입니다."
4083902,5,,"Twosome Place는 디저트에 좋습니다. 내 생일 저녁 식사 직후 나는이 멋진 커피 / 케이크 / 음료 피난처로 약 2 블록을 걸었습니다. 우리 모두는 우리가 샀던 모든 것을 즐겼습니다. 직원들의 차가움을 완전히 무시하고 원하는 것을 주문했습니다. 나는“용융 무스 초콜릿 케이크”를 먹었고, 한국어로 읽은 내용과 상그리아 에이드라고 생각합니다. 최고의 선택입니다. 나는 가격을 스타 벅스와 비교했지만, 서빙 크기는 확실히 더 크고 맛있는 선택입니다. 잘만되면, 우리는 그들의 운임을 더 샘플링 할 수있는 기회를 얻게 될 것입니다. 투썸 플레이스 멋진 디저트"
4083902,5,,나는 디저트가 정말 마음에 들었습니다. 매우 신선하고 너무 달지 않았습니다. 디저트를위한 건강한 선택.
4083902,4,,저희 호텔에서 도보로 5 분 이내의 거리에 Twosome Place는 놀라운 디저트와 케이크를 제공합니다. 우리는 두 번 갔고 초콜렛 거푸집과 티라미수를 시험해 보았습니다. 두 경이로운. 추천.
4083902,4,,"예전보다 더 쾌적해져서 좋았어요.
여전히 명동 쪽 전망이 잘 보이고 올리브영에서 쇼핑하다 커피와 디저트 접하기에 최적이랍니다."
4083902,4,,여기는 음료도 괜찮지만 케이크 들이 거의 다 맛있어요 특히 전 티라미수 좋아하고 요거트 들어간 케익도 상큼달달 좋아합니다 모양도 예뻐서 생일때 자주 사요!
4083902,3,,"투썸은 특히 케이크가 정말 맛있는것같아요
비싸긴하지만 비싼만큼 재료도 듬뿍들어있고
맛도좋습니다"
4083902,4,,단지 전망대표가 있어야 들어 갈수 있다.
4083902,4,,뭐 어디가나 비슷한 투썸플레이스지만 몇몇 곳은 늦게까지 한다거나 조금 인테리어를 더 멋지게 꾸민 곳들이 있더군요. 여긴 그정도는 아니지만 워낙 정신없이 바쁘게 움직이는 명동에서 잠시 넓은 편인 공간에서 커피 한잔 하면서 쉬기에 적당했네요. 음식들도 뭐 음식전문기업이라 무난하구요. 이제 일부 지점은 맥주도 파는 것 같던데 아늑한 느낌이 남아있을지 조금 의문이 드네요
4083902,5,,디저트로 커피와 함께 부드럽고 약간 달콤한 딸기 케이크. 서울은 카페의 장소로 보인다. 추위와 뜨거운 커피 컬렉션. 그들은 항상 뜨겁거나 차가운 물어 봅니다. 널찍한.
4083902,4,,빗속에서 빠져 나와 꿀꺽 마실 필요가 있다면. 나는이 장소를 추천 할 것이다. 직원은 영어로 말하고 도움을 청할 수 있습니다.
4083902,4,,"따뜻한 따뜻한 초콜렛 머핀은 맛있습니다. 커피를 마시지 않았지만 좋은 요구르트 frapp와 오렌지와 키위 주스를 먹었습니다.
별로 싸지는 않지만 잘 위치하고 아늑한 곳입니다."
4083902,3,,명동의 위치는 매우 혼잡 한 플러스 포인트입니다. 평균 커피 맛은 자정까지입니다.
4083902,5,,지금까지 한국에서 쇼핑하기에 최고의 커피를 먹어 보았는데. 참깨 열기 아늑한 장소 입니다. 레드 벨벳 케이크가 차 로베투스 - - 아주 좋은 품질과 맛. 강력 추천합니다.
4083902,5,,"명동 전망도 잘 보이고, 올리브영과 함께 있어서 쇼핑하고 쉬기도 좋아요.
직원들도 친절하고, 북적이는 명동 속에서 쉴 수 있는 저리가 있어서 맘에 듭니다.
올리브 영 매장에는 관광객들이 아주 많지만 카페에는 그리 많지 않아서 괜찮습니다."
7808179,1,,"친구들이랑 오랜만에 만나서 방문한 스벅 파밀리에점 
무화과 샌드위치를 컷팅하다가 머리카락이 나왔어요 
데스크에 알렸더니.... 본사에서 만드는 과정에서 그럴수있다고 하네요 
하아..... 그럴수있어서 어쩔수 없다는 응대는 좀 당황스러웠습니다"
7808179,3,,좋은 곳이지만 매우 붐비고 경험할 기회가 없습니다.
7808179,3,,솔직히 말해 조용히 즐기기엔 아주 많이 아쉬운 스타벅스예요. 저는 고속터미널 이용시 시간이 남으면 찾아가는 곳이라 테이블보다는 테이크아웃을 하는 편이예요!!
7808179,4,,"독특한 건물로 꾸며진 스타벅스 파미에파크점
신세계백화점에서 찾아가기 쉬워요.
다만 사람들이.. 상당히 많은편이여서.. 주로 테이크아웃만.."
7808179,4,,커피 한잔 가볍게 먹고 싶어도 사람이 너무 많아서 아쉬워요 주로 저는 돌체라떼 먹는데 인테리어도 독특하고 정말 분위기 좋아요
7808179,3,,스벅 파미에스테이션 가운데가 뚫려있고 독특한 인테리어가 돋보이는데 사람이 정말 많아서 자리 잡기가 힘든 곳이에요ㅠ
7808179,5,,"자리 잡기 정말 어려워서 테이크아웃만...
여유있는 경우가 거의 없더라구요

스벅 커피 좋아하니
혹시나 하고 들려보고
앉기는 포기하고 주문만 하고 나옵니다"
7808179,4,,"언제 가도 사람이 많아서 자리 잡기가 힘들어요.
커피 맛이야 비슷비슷 하고-
한국에서 아름다운 스타벅스 중 하나라고 하는데,
돔형식의 천장이라 예쁘긴 합니다."
7808179,4,,언제나 사람 많아서 자리 잡기가 하늘에 별따기
7808179,3,,사람이 정말 많아요. 끊임없이... 파트너분들 존경합니다. 사람이 너무 많아서 딱히 뷰나 감상할 건 없고 그냥 천장이 트여서 넓어 보이는 감은 있어요.
7808179,5,,항상 사람이 붐비는 곳이지만 인테리어가 잘 되어있어서 멋있는 까페입니다. 특히 밤에 조명이 잘 되어 있어서 멋지게 보입니다. 자리는 다소 적어서 자리 잡기는 힘든 곳입니다
7808179,4,,"참 이쁘고 특이한 외형에 늘 사람이 많아요
저 주변은 늘 모든 카페에 사람이 많으니..
리저브매장 특유의 메뉴들과 서비스가 좋아요
다만 자리가 넓고 조용한 분위기를 원하신다면 다른 곳을 추천!"
7808179,3,,"파미에파크 꼭대기에 있는데 올라가는 길이 예쁘고요
내부는 독특하게 둥근 호 모양의 실내로 되어있는데 대부분의 좌석이 카운터랑 마주보고 있는 소파 좌석이예요. 두명 이상이 가기엔 좀 불편하고요 혼자 가면 좋을거같아요"
7808179,3,,멋진 천장 조형물의 인테리어는 눈에 띄지만 엄청나게 시끄럽고 안락함과는 거리가 먼 곳입니다. 터미널가면 sns용 사진 찍는데 인기 좋아요
7808179,4,,"스타벅스의 대장이라고 할 수 있는 인테리어가 화려하고 조화롭게 위치해 있다.
다만 많은 사람들로 항상 북적이며 시끄러운 것은 어쩔 수 없는 듯 하다."
28276348,,,
10423781,4,,원래콘크리트긴 활용된 넓고 감각적인 인테리어를 좋아해서 저는 좋았어요 커피도 잇구 다양한 케익종류가 맘에 들었어요
10423781,4,,높고 넓은 카페가 트여있는것같아서 좋았고 커피나
10423781,4,,"아마도 ""힙 스터 카페""는 한국에서 사용하기에 잘못된 문구 일지 모르지만 생각이 듭니다. 이것은 트렌디 한 예술과 사람들이 셀카를 사방에 가지고 개조 된 창고입니다. 산업 세련된 분위기가 꽤 시원합니다. 커피는 비싸지 않지만 일부 과자는 비싸다."
10423781,3,,"인더스트리얼 컨셉
넓고 쾌적하지만 의자나 테이블은 불편한 편
음료가격은 다소 비싸지만 적당함 용인할 정도
사람은 적당히 있음"
10423781,4,,"노출 콘크리트를 싫어하지 않는다면 감각있고 멋진 공간입니다
메뉴는 아주 다양하긴 한데 맛이 막 엄청 뛰어나진 않아요. 후라이는 좀 뻑뻑했음.."
10423781,5,,편안하게 대화를 나누기 좋은 넉넉한 공간
10423781,5,,미술관과 카페로 변모 한 산업용 마모 집. 성수동은 코란 브루클린이라고도 불리는 엉덩이 근처에 있습니다. 나는 부산에 오랫동안 살고있는 노르웨이 여성에게서이 장소의 그림을보고 한국에 살고있는 국외 거주자로서의 경험으로 많은 사진을 나눴다. Instagram에있는 그녀의 사진에서 시간이 허락한다면 나는이 장소를 찾아야 만한다는 것을 알았다. 브런치를 먹을 수있는 완벽한 장소였습니다. 가는 방법 : 성수역 (서울 지하철 2 호선) 3 번 출구.
10423781,5,,"분위기 좋은 곳이예요~ 장소도 넓고 자리도 많지만 주말엔 사람이 많아요
커피나 음식도 먹을수 있고 맥주도 한잔하기 좋아요"
10423781,5,,"평일엔 조용한데
주말엔 좀 시끌시끌
그래도 기분 좋게 맥주 한 잔 하긴 딱 좋네요~~

시나몬 맥주 맛나요!
가격은 8.000원
케이크도 괜찮더라구요~~~"
10423781,4,,"주말에는 입장료 만원!
1/1은 무료였다. 커피와 당근케익이 맛있었고 카페내 전시물도 멋지다.
한번쯤 들러 전시를 감상해도 좋을곳!"
10423781,5,,저는 평일 오전에 가서 그런지 너무 사람이 많지도 않았어요 음식도 괜찮은편이였고 분위기도 좋아서 데이트하기 좋은곳인거 같아요
10423781,3,,"공장을 개조하여 만든 다양한 예술작품이 전시되어 있으며 음료뿐 아니라 음식도 파는곳. 주말엔 입장료 만원을 받으며 입장료에 와인을 제외한 주문 가능한 음료1개 포함되어 있습니다. 
예전에 비해 주말에도 사람이 많은 편은 아니며 음식의 경우 양은 넉넉한편"
10423781,5,,"역시 와보길 잘했네요.전시된 작품들과 원래 있던 창고와 잘 어우러져 분위기 좋아요. 친구,가족,커플..어느 누구와 가도 좋습니다."
10423781,4,,워낙 예술과 전시로 유명한 카페라 기대를 많이 하고 갔습니다. 역시 기대를 저버리지 않더군요. 신기한 조형물들이 있어서 인스타그램에 올리기도 좋은 카페입니다. 커피맛도 나쁘지 않았습니다. 현재 지알원과 이현준 작가님들의 전시를 하고 있는것 같습니다. 여러모로 신기한게 많은 카페입니다. Hip한걸 좋아하시는 분이나 인스타그램을 좋아하시는 분들은 꼭 가봐야 할 place입니다. 😃
10423781,4,,"식당과 까페, Pub을 겸하는 장소입니다. 예전 창고를 개조해서 천장이 높고 빈티지한 실내에 여러가지 미술품을 전시했습니다. 음료를 마셨는데, 특이한 것들이 많았지만 맛은 평범했습니다.
들어갈 때 기본적으로 갤러리 입장료로 만원을 받고 음료수 한 잔을 마시는 형태라, 까페처럼 이용하기에는 비싼편입니다."
4050362,4,,"저는 빵을 굉장히 좋아하는 편에 속하는 사람이라서 빵집을 자주 방문합니다.
특히 뚜레쥬르는 에스케이티 할인이 가능해서 애용합니다."
4050362,4,,"뚜레쥬르는 빵이 맛도 있고 할인이 돼서 자주 가요.
사람이 꽤 많고 
빵도 많고 ㅎㅎ 괜찮았어요 
바게트가 떨어져서 못샀네요  아쉬움"
4050362,3,,최근 뚜레쥬르는 빵과 함께 커피도 맛있어서 같이 잘 사오곤 합니다.이 매장 커피도 맛나요..직장 근처라 가끔 들르는데 빵도 맛있습니다.
4050362,2,,첫째로 거기에서 들어갈 두 가지 큰 단계가 있으므로 휠체어 접근 가능하지 않습니다. 적어도 서양식의 경우에는 선택의 여지가 없다. 위층에 좌석이 있고 더러운 쟁반이나 컵을 놓을 곳이 없습니다. 그들은 쟁반을위한 장소 인 스타 벅스 (Starbucks)와는 달리 더러운 물건을 아래층으로 다시 가져와야합니다. 서울에서는 많은 비즈니스가 여러 층에 걸쳐 있으므로 이층으로 올라가는 것이 이상하지 못하므로 수용해야합니다. 서울에는 많은 커피 숍 / 빵집이 있으므로 Tous les Jours가 아닌 다른 곳을 선택하십시오.
4050362,5,,TLJ는 결코 실망하지 않습니다. 그들의 빵집 선택은 항상 너무나 근사하다. 그리고 우리는 우리 사흘 동안 내내 프랑스 장방형으로 자란 사냥에 wnt했다. 명동 주변의 몇 개의 빵집에서 프랑스 식 바게뜨를 시험해 보았습니다. TLJ에서 나온 식빵 용 바구니는 가장 훌륭하고 가장 싼 것이 었습니다. 사랑 사랑 사랑!
4050362,4,,"제과점, 빵집, 샌드위치 등 다양한 종류가있는 또 다른 좋은 체인입니다. . . 좋은 커피와 음료. 중요 사항 : 친절한 직원. 서양 표준을 좋아하는 사람은 이곳입니다. 평소처럼, 조금 비싸지 만 가치가있다. 즐거운 장소"
4050362,4,,"본사 직영으로 운영하는 곳인지, 타 지점에 비해 빵의 종류가 아주 풍부합니다. 정말 다양한 종류의 빵이 있어서 고르는 재미가 있습니다. 그리고 새로운 빵 역시 가장 먼저 출시되는 듯 하구요. 어차피 프랜차이즈 빵이 거기서 거기라 생각하지만, 이곳은 회전율도 좋아서인지 확실히 다른 지점에 비해 맛있는 것 같습니다."
4050362,4,,"다른 지점보다 더욱 다양한 빵들이 진열되어 있어 보는 것만으로도 행복한 곳입니다. 
개인적으로 파리바게뜨보다 담백한 느낌이라 뚜레쥬르 빵을 좋아합니다."
4050362,4,,"빠른 아침 식사 나 낮 시간 동안의 간식을 먹을 수있는 좋은 장소입니다. 트레이에서 빵, 롤, 머핀, 크로 와상, 케익 등 다양한 음식을 구경하고 카운터에서 지불 할 수 있습니다. 채식주의 자이기 때문에, 나는 충분한 맛을 지닌 구운 옵션을 찾기 위해 고생했다. 그러나 그럭저럭 시원한 차가운 살사 양념 소스와 함께 마늘 naan를 얻을 수 있었다. 건강하고 신선한 주스를 제공하는 주스 스테이션도 있습니다."
4050362,5,,빵과 케이크의 종류가 다른 지점보다 진짜 많아요 직원들도 친절하고 2층에 먹고 갈 공간이 있어 좋아요 아침에 커피와 빵을 저렴한 가격에 팔아서 한끼 해결하기 좋아요
4050362,4,,"Tous les jours 베이커리 중 하나는 내가 제일 좋아하는 서울. 몇 번이나, 일반적으로 빵 팥바."
4050362,4,,"Kuala Lumpur, Malaysia"
4050362,4,,"Singapore, null, Singapore"
4050362,5,,"빵을 좋아하는 사람으로써 많은 종류의 빵이 너무 좋았습니다. 
그리고 직원분들도 너무 착하시고, 빵이 새로운 것들이 바로바로 나와서 따뜻하게 먹을수 있는 것이 너무 좋았어요❤️"
4050362,5,,"나는 지난 달이 커피숍이 오. 영어는 제한적이지만 직원들이 항상 웃으며 서비스 중지 에서 훌륭한 고객 서비스. 

진정한 서비스와 친절한 미소."
12837607,4,,베이커리 도 맛있지만 커피도 나름 맛있는집입니다.
12837607,4,,"요즘 가장 핫한 카페중 하나입니다.
건물 외관이나 내부 인테리어도 분위기 인고 멋집니다. 
그래서인지 SNS용 사진촬영하러오는 여자분들이 아주 많네요~ 
커피맛도 좋고 스콘 및 케이크등 각종 디저트 종류가 많고 맛보이고 특히 
블루베리 치즈케이크가 정말 맛있었습니다."
12837607,5,,"내 인생에서 가장 귀여운 카페가 아니라면 가장 귀여운 곳 중 하나였습니다. 한옥 마을 근처 카페를 처음 방문했을 때! 나는 처음으로 블루 베리 스콘을 먹었고, 내가 가진 최고의 스콘이었습니다. 우리는 2 일 후에 홍대에 가게에 갔을 때 그것을 좋아했고 정말 귀여웠습니다. 거기에서 우리는 초콜릿 케이크와 빅토리아 케이크를 먹었다. 케이크는 약간 비싸지 만 실제로는 큰 케이크 조각을 얻으므로 약간 보상합니다.
영국 티타임의 분위기를 좋아했습니다. 나는 케이크 애호가를 위해이 10/10을 추천합니다. 사진 촬영을 멈출 수 없으며 모든 케이크를 맛보고 싶을 것입니다. 나는 다시이 장소를 다시 방문 할 것입니다."
12837607,5,,"최고의 스콘과 커피. 우리는 심지어 커피 숍을 찾지 않았지만, 우리가 이것을 발견하게되어 기쁘다. 매우 도움이되는 직원. . . 최고의 스콘과 커피."
12837607,5,,커피와 케이크를위한 최고의 장소 – 최고의 스콘!
12837607,4,,다양한 스콘으로 미각과 시각을 만족시키는곳
12837607,1,,나는 두 살의 13 세 아이들과 함께 14 세 이상 만 받아 들인다는 말을 들었다. 그들은 이전에 어린이와 관련된 사고가 있었음을 밝혔습니다. 나는 케이크와 관련된 어떤 종류의 사고가 너무 심각해서 십대 자녀와 부모를 돌볼 수 없도록 노력하는 것이 어렵다는 것을 알게되었습니다. 서울에있는 한 외교관은 합법적으로 금지 된 나이 차별로 카페를 운영 할 수 있다는 사실에 놀랐습니다. 나는 현지에 산다. 그래서 언젠가는 항의로 카페에서 알을 던질지도 모른다.
12837607,4,,Adventure beyond imagination
12837607,4,,늘대기손님이많은데이른오전에가니까좀한산했어요 빵쌓여잇는것하며유럽분위기가득하구요 빵이나음료전부가격은좀비싼데다맛있었어요
12837607,4,,"정말 맛있게 먹었던 스콘
다른빵도 맛있었지만 전 스콘에 빠져 스콘에만 손이 가더라구요 
15분 정도 기다리고 들어갔는데 테이블이 가까이 붙어있어서 지나가기 좀 불편했어요
그래도 스콘 먹으러 다시 고고 ~"
12837607,1,,"우선 한국은 놀라운 사람들로 가득 찬 놀라운 장소입니다. 그리고 그들은 아이들을 절대적으로 사랑합니다. 즉,이 우스꽝스러운 카페는 제쳐두고. 우리는 하루 지나서 걸었고 다음날 방문을 위해 들러 가기로 결정했습니다. 분명히 그들은 영국의 요리법 스콘을 판매하지만 영국의 매너를 판매하지 않는다고 말하게합니다. 스콘이 직원의 예절과 같은 맛이라면 순수한 쓰라린 스콘이어야합니다. 직원들은 우리에게 아이들이 허락하지 않는다고 말해 달려왔다. 나와 아내는 우리 아기가 단지 6 개월 된 사실을 강조했습니다. 그녀는 그녀의 가슴까지 그녀의 팔을 잡고 X를 형성하고 NO라고 말했습니다. 그들은 실제로 우리 아기와 함께 추위에 다시 우리를 던졌습니다. 다만 FYI - 11도이었다! ! !"
12837607,3,,"오랜만에 방문한 레이어드카페
영국시 카페지만 미국이 그리울 땐 꽤 자주와서 빵도 사가지고 갔었던 곳. 소문듣고 방문하는 사람이 많아서 약간의 불친절함은 유명세라고 생각하지만... 무엇보다 아쉬운 건 예전만하지못한 스콘의 맛, 캐럿케이크의 부드러움, 초콜렛의 진득함...서비스도 그렇고 다들 퍽퍽해져서 아쉽다. 그래도 버터맛이 그리울땐 방문하면 좋은 레이어드"
12837607,4,,"북촌 한옥 마을로가는 길에이 카페에 들러 지하철 3 호선 - 안국역 2 번 출구에서 나간 후 짧은 도보 거리에 있습니다.

커피 만들기, 디저트 등 유럽풍을 느낄 수있는 한국식 카페입니다.

꽤 붐비는. 그러나 잠시 동안 차가워지는 멋진 장소."
12837607,1,,"우리가 계층화 된 리뷰와 그림을 보았을 때 우리는 작은 빵집에 기회를주기를 기대했습니다. 그러나 우리가 우리 아이들과 함께 도착했을 때, 직원 중 한 명이 거의 우리 아이들이 들어 가지 않았는지 확인하기 위해 문 앞까지 전속력을 발휘했습니다. 우리는 그 때 보냈다. 모든 것이 환상적으로 보였지만 서비스는 직원이 매우 무례했습니다. 아이들과 함께 여행하는 경우이 시설을 피하는 것이 좋습니다."
12837607,5,,"너 영화 같아.
거대한 케이크, 파이
나 같은 설탕 애호가를위한 낙원
생과자 같이 음악은 다만 우수하다
진짜 창조적 인 주스와 차
나는이 주소를 좋아한다."
3602318,5,,"놀라운 전망, 프라이버시가 과대 평가되었습니다"
3602318,4,,"이 가게를 좋아했습니다. 좋은 커피와 차, 심지어 더 좋은 케이크. 음식은 매력적 일뿐만 아니라 실제로 맛있습니다."
3602318,5,,인상적이다! ! 우리는 사탕과 맥주의 매력없는 여성과 함께 일몰을 보았다. 그리고 그것은 훌륭했다! 우리는 자동차 케이블로 올라가서 엘리베이터를 가져갔습니다.
3602318,4,,우리는 N 서울 타워의이 카페에 갔다. 조금 더 오랫동안 그 풍경을 즐기고 싶었다. 빠른 음료와 케익을 먹기에 좋은 곳입니다. 주요 전망대 바로 아래에 있으며 모든 테이블이 창문에 맞춰져 있습니다. 카페는 주요 관광 명소에있어 매우 합리적인 가격입니다. 불행히도이 메뉴는 서양 특선 요리만을 제공하므로 한국의 맥주 나 과자는 없습니다. 그러나 그들이 가지고 있었던 것은 멋졌다. 우리는 내리막 길로 돌아 가기 전에 맥주와 케이크를 즐겼다. 어쨌든 타워에 있다면 여기에서 잠시 멈추는 것이 좋습니다.
3602318,4,,"좋은 카페 라테! 빠른 서비스!
한 Twosome Place라는 무료 WIFI 및 비밀번호가 영수증에 사용할 수 있습니다:)"
3602318,2,,"정말 커피를 드시고 싶다면 테이크아웃을 추천합니다.
굳이 여기까지와서 안에서 드시기에는...조금 아깝다는 생각이 듭니다."
3602318,4,,갈때마다 매장에 너무 많은 사람이 있어서 특히 주말엔 자리를 잡을 수도 없을만큼 붐비는 곳입니다. 너무 추운날만 아니면 테이크아웃해서 주변을 거닐거나 쇼핑하거나 남산까지 올라가 주변 풍경을 감상하거나 혹은 서울의 아름다운 야경을 볼 수 있습니다.투썸 플레이스 케익도 맛있어요
3602318,4,,"명동에 갔었는데, 발코니에서 바라본 전망이 좋았습니다. 가격이 저렴한 만큼 맛이 괜찮아요. 다시 방문할 것입니다."
3602318,4,,서울 타워에 커피를 즐겼다. 투썸 카페는 커피와 케이크에 전망이 좋습니다. 수 있고 케이블 카 최대 언산. 잠금을 하고 모든 메시지는 서울 타워 주변
3602318,4,,"분위기는 좋습니다만 사람이 많아요.
사람이 많은 만큼 대기시간이 길어서 좀 답답은 했씁니다.
아메리카노가 좋았습니다. 원두가 괜찮은 것 같앗습니다"
3602318,4,,"다른곳들음 많이 비싼데 이곳은 가격이 저렴한편이라 만족스럽습니다. 주말엔 사람이많아서 앉기 어렵지만, 테이크아웃해서 남산 야경하기에도 좋아요. 투썸 커피는 당연히 맛있습니다."
3602318,4,,여기는 남산 올라가면 어쩔수없이 갈수있는곳이 별로 없어서 가지만 항상 너무 복잡하고 대기도 많아 불편해요 하지만 커피맛은 좋아여
3602318,4,,시원한 산바람 맞으면서 커피한잔 들고 경치르 내려다 보면 참 근사 합니다. 사람들 북적이는 소리도 아름다워요
3602318,5,,오랜만에 남산가서 들린 곳. 처음 가봤는데 야경도 보이고  따뜻한 아메리카노 한잔 하고 왔어요. ^^
3602318,5,,프렌차이즈 커피 전문점은 항상 같은 음료와 양질의 서비스를 받을 수 있다는 점이 좋은 것 같아요 이곳 투썸도 참 좋더라구요
11491966,5,,"힙한 분위기와 훌륭한 맛, 그러나 합리적인 가격!"
11491966,4,,"2021 서울미식주간 100선에 포함된
프릳츠 컴퍼니 도화점 방문했습니다. 
오래된 양옥집을 개조한 코리안 빈티지 카페입니다.
커다란 아파트와 대형건물 사이에 작고 아담한 2층 양옥집이 있어서 신기했습니다.
매장방문시 현관앞에 놓인 빵 나오는 시간표가
있습니다. 아침 8시 30분부터 13시까지 빵이 나온다고 하니 내가 좋아하는 빵 시간맞춰 방문하는것도 추천해드립니다.
입구에 들어서면 아담하지만 야외테라스 넘이쁘고
1층에서 커피와 베이커리 주문이 가능하고
1층과 2층에서 자유롭게 원하는 자리선택 가능합니다.
제빵사가 추천하는 TOP3 베이커리도 적혀있어서
고민하시는 분들에게 도움이 될꺼 같아요.
저는 카페라떼 따뜻한걸 주문하였고 친절한 직원분들이 매장용 컵으로 해드릴지 물어보시고 이쁜 컵에 라떼아트 하트 그려서 제공도 해주셨습니다. 
화장실은 1층 남자 2층 여자 전용이며
2층으로 올가가는 계단 및
벽마다 양옥집에 어울리는 액자나 가구들 배치도
너무 이뻤습니다.
커피도 물론 너무 맛있었고, 다음엔 베이커리도 함께 주문해 재방문할 예정입니다.
1층에 테이스트오브서울100 선 명패 앞에서 사진도 찍고 쌀쌀한 가을날씨에 따뜻한 커피한잔과 이색적인 양옥집 공간에서 힐링하고 갑니다.
#Tasteofseoul #서울미식100선리뷰이벤트 #프릳츠컴퍼니도화점"
11491966,3,,"프릳츠카피컴퍼니, 마포역,양재점,종로구에 3군데매장이있고, 매장별로 약간씩 제품군이 다릅니다. 가격대비괜찮고 맛있어요"
11491966,2,,"집 근처 하도 유명하다고해서 가봤는데 
커피라떼는 너무 텁텁하고 쓴 맛에 
베리스콘은 퍽퍽했어요
다행히 사과파이는 맛있었는데 
5000원씩이나 하더군요 
외관이 단독주택 스타일이라 괜찮아보였는데 
2층 내부 인테리어는 
마치 재활용장에서 가져온 가구들 
대충 둔 것 같고 
그리 깨끗하다고 느낄 수도 없었어요"
11491966,4,,"마포역,공덩역사이에위치하고있는 프릳츠도화점
일단 좌석수가많고 빵 종류도 많이있어요.
플랫화이트커피 괜찮아요 ㅎㅎㅎ"
11491966,4,,커피는 개인적으로 산미가 강해서 안좋아하지만 버터많이 들어간 빵이랑 먹으면 갠찮.  빵은 커스터드 크림 들어간 빵 강추. 크루아상도 추천. 갠적으로 도화점이 젤 좋다고 느낌. 굿즈맛집.
11491966,4,,"빵과 커피를 마실 수 있는 프릳츠커피컴퍼니
주택을 개조해 인테리어가 예쁜 곳
커피는 특별하기 보단 평범하고 빵이 더 맛있는 곳이에요"
11491966,3,,"동료들과 갔을 때는 프릳츠에일과 여러가지 빵과 함께 먹을 때도 달다는 느낌은 있었으나 맛은 있어서, 재방문 때는 단팥빵을 사서 먹어보았어요 달아서 빵자체보다 음료와 같이 먹어야 해요"
11491966,5,,마포에 가면 꼭 들리는 프릳츠. 원두로 유명한 프릳츠이지만 베이커리도 정말 맛있어요. 겉바속촉의 훌륭한 깜빠뉴. 건강빵을 좋아하지 않는 친구도 만족하며 먹었어요. 도화점은 앤틱하게 꾸며져 있고 특유의 편안함 느낌이 있어서 좋아합니다.
11491966,4,,"마포 뒷쪽 골목에 있지만
찾아가기에 어렵진 않아요
주택을 개조해서 인테리어를 한 느낌이예요
1층에서 주문하고 2층으로 올라갔는데요
커피 뿐만 아니라 구움과자도 있어서
디저트를 같이하기에 좋았어요"
11491966,4,,"마포역의 유명한 카페다. 작은 양옥집에 카페를 차려놨고, 매장에 들어서면 빵 냄새가 현혹해서 빵을 안살수가 없다. 빵도 맛있고, 커피도 아주 맛있다. 매장은 2층까지 있지만, 항상 사람이 많아서 약간 시끄러운 편이다."
11491966,4,,커피류는 다 매진이라 주문이 불가해서 차 종류를 주문했어요. 차는 그냥 평이했어요. 이곳은 커피가 유명한 곳인 듯 해요. 실내와 마당에 모두 테이블이 있는데 예쁘고 아기자기한 곳이이에요. 굳이 찾아서 방문할 곳은 아니지만 마포에 갈 일이 있다면 괜찮은 곳이에요.
11491966,3,,"하지만 주문하는데도 줄을 서야하고 사람이 너무 많음
기다려서 먹을 정도의 맛은 아닙니다. 가격도 그냥저냥
가족단위도 제법 보임"
11491966,3,,예쁜 카페로 손꼽히는 만큼 사람들이 많아 붐빈다. 자리 잡기도 불편하고 2층에 자리잡으면 직접 음료나 먹을거리를 들고 옮겨야 한다. 커피나 빵이 특별하다는 생각은 들지 않는다.
11491966,3,,한옥형태라 입구가 예쁨 실내는 그에 비해 평범함 커피 맛은 괜찮은편이고 빵은 크로아상만 먹었는데 괜찮았음 다만 자리랑 의자가 너무 불편했음
8677918,4,,붐비지 않고 w 개를 휴식을 취할 수있는 평화로운 곳. 대부분의 개는 입양 된 & 낡은 것으로 보이므로 활동적이지 않습니다. 그러나 그들은 직원 / 소유자를 많이 좋아하고 그들을 둘러싼 것처럼 보입니다.
8677918,1,,그것은 많은 냄새가났다. 개가 행복하지 않다는 것은 분명합니다. 그들은 개를 걷지 않고 놀아 줄 것이 없습니다.
8677918,5,,"Christchurch, Canterbury, New Zealand"
8677918,5,,"저는 지난 3 년 동안 매년 몇 차례 여기를 방문했습니다. 그리고 나는 한번도 나쁜 경험을하지 못했던이 곳을 절대적으로 사랑합니다. 직원은 훌륭하고 친하고 마실 것은 lovely하다, 나는 모두를 여기에서 가져 간다. 직원들은 항상주의를 기울이며 엉망이 생기면 보통 수초 안에 청소하고 얼마나 많은 개가 있는지를 고려하여 깨끗한 상태를 유지해야합니다. 개들은 잘 행동하며 다른 사람들도 여기 개를 데리고 오는 것을 보았습니다. 나는 한국에 살고 있기 때문에 종종 집에 가족 개를 놓친다. 그래서 나를 위해 좋은 곳이 여기에있다.
나는 100 %"
8677918,1,,"나쁜 경험을했다. 한번에 두 마리의 애완견을 키우려고 할 때 직원 중 한 명이 내 팔을 개에서 밀어 냈습니다. 그는 한 번에 한 마리씩 애완 동물을 키울 수 있다고했지만 경험의 나머지 부분을 어색하게 만들었고 그는 기분이 좋지 않은 것처럼 보였습니다. 우리가 관광객 (Im 한국어 한국어와 한국어에 유창하지 않은)이었던 것을 허락 받았지만, 개 카페에 관해서 아직도 나쁜 맛을 놓고 갔다."
8677918,5,,지금까지 최고의 개 카페 - 서울에서이 시간을 놓치지 마세요.
8677918,5,,"최고의 시간을 보내다! 우리가 도착했을 때 방에 있는 모든 개, 그리고 저희는 테이블로 와서 인사 pups 만날 수. 

매우 좋은 자리에 앉아 음료를 즐길 수 있는 우리의 개 (모두 친절하고, 다른 사람 보다 더 많이 보내는) 우리의 발을 바라 보고 근처에 있는 운색의 애완동물. 우리는 행복하게 의무. 

으로 가기 전, 남자 직원이 오고 여 개의 테이블을 동시에 할 수 있게 하는 사진! 그곳은 정말 멋지고 훌륭한 메모리. 

이 곳을 추천 한다면 우리처럼 애견인!"
8677918,4,,"개를 사랑하는 사람들이 꼭! 동물들을 잘 보살핌, 커피는 깨끗하고 좋은 - 나는 사랑에 빠지지 었다!"
8677918,5,,"정말 좋은 점들을 이 곳, 알이 수 있는 시작할 수 있습니다. 다양한 종류의 다른 개(한), 친절한 직원들은 영어 실력도 좋고, 적당한 가격에 음료 컨텍스트에서 도그 카페 (평균 약 5000w - 그냥 매일 30 분에서 한 시간을 사 지 않는 그래서 마이클!), 깨끗하고, 잘 훈련된 개 아 들 은 냄새가 나지 않은 곳이 다 정말. 모든 큰 개가 있는 카페와 작은 것들도 이 곳을 찾게 해 우리의 일반 이 아니지만 - 이것은 이제 더 이상 놓칠 것이고 나는 서울에서 사는 가장!"
11997026,4,,"간단히 간식 챙기기 좋습니다. 아침~점심때가지는 빵종류가 많은 편이지만, 저녁때는 거의 다 팔리고  잘 채워지진 않더라구요. 카페가 있으나 공간분리가 잘 된 건 아니라 좀 정신없어서 잠깐 앉아 있을 정도"
11997026,3,,기차 시간 기다리기에 좋은 곳. 가격은 조금 있는 편이나 KTX 특실타면 20% 가격을 할인해주니 적극 이용하자. 해피포인트 적립도 나쁘지 않음. 2층에도 있지만 가짓수가 적은 대신 장소가 좀 더 넓다.
11997026,4,,빵은 맛있어요 종류도 다양한 편입니다 가격은 좀 비싸고 테이블은 좁고 다닥다닥 붙어있어서 잠깐 머물기 좋고 오래 앉아서 먹기는 불편해요
11997026,2,,"나는 커피를 마시고 간식을 먹기 위해 이른 아침에 이곳을 사용했다. 그 직원은 청년이었고, 매우 비우호적 인 사람이었습니다. 음식은 괜찮지 만 환영받지 못한다."
11997026,5,,"우리는 파티와 커피를 위해 여기에왔다. 선택은 환상적이며 모두 맛있습니다. 또한 간단한 파스타, 샐러드 및 샌드위치 메뉴로 점심 식사를 제공합니다. 매우 밝고 친근한 곳."
11997026,5,,"나는 서울을 방문하는 동안 여러 개의 파리 바게뜨와 파리 크로와상을 시험해 보았습니다. KTX에서 부산을 기대하기 전에 파리 크루 아상 (Paris Croissant)에 왔습니다. 그들은 생과자 및 중대한 커피 & 차의 걸출한 선택이있다. 처음으로 주위에, 나는 채워진 크로와상을 핫도그에 감쌌다, 양쪽 다 매우 좋았다, 나는 되돌아 가게되었고, 더 많은 밀가루 반죽을 부여 잡았다. 빵 굽는 사람은 끊임없이 선반을 찌르고 있었고, 파이가 항상 바뀌는 것처럼 보인다. 그들은 또한 샌드위치 및 기타 취급합니다. 기차를 타거나 기차역을 경유하는 경우 파리 크루 아상 (Paris Croissant)에 오는 것이 좋습니다."
11997026,3,,빵과 커피 훌륭하나 자리와 가격은 글쎄
11997026,4,,프랜차이즈 빵집이지만 맛은 괜찮고 가격은 다소 비싼 편입니다. 빵 종류도 다양하고 맛도 다 평균 이상들이라서 괜찮습니다. 자주 갈만 해요.
11997026,4,,"목표는 서울에 있는 작은 파리 가지고 있다면, 이 곳은 반드시! 모든 패스트리 IT 망치고 싶지 않은 좋은 수영:) 모든 음식을 매우 맛있고, frshly, 커피는 정말 최고의 품질! 서비스는 빠르고 친절합니다. 머무는 동안 그들의 체인점 여러 멈추고, 품질 어디든. 빠른'n'가지 식사를 하기 좋은."
11997026,3,,"우리가 서울역에 있었을 때 아침 식사로 들렀다. 그들은 골라 낼 수있는 페이스트리와 샌드위치를 ​​엄선했습니다. 우리는 옆에서 약간의 물건을 골랐고, 테이블을 얻기 전에 값을 치렀다. 좌석 지역은 약간 단단하여 수하물로는 어려웠을 것입니다. 커스터드 빵을 먹었는데 괜찮 았어."
11997026,4,,"우리는 서울로의 긴 여행을 위해 일주일에 두 번 여기 왔습니다. 우리가 처음 걸었을 때 생과자가 초대장을 보았다고 생각했습니다. 그들은 정말로 맛 좋게 밝혀졌다! 나는 딸기 타르트를 사랑했고 아들의 치즈 케이크도 정말 잘 먹었습니다.

우리가 서울을 떠나기 전에 다시 아침 식사를하기로 결심 한 것이 너무 좋았습니다.

아래쪽 측면은 좌석 공간이 다소 작고 경련되어 음식이 비싼 편에 있다는 것입니다. 당신이 패스트리 애호가라면 여행 할만한 가치가 있습니다."
11997026,5,,"맛있는 베이커리입니다
샌드위치 케이크 빵 샐러드 등등 모든 메뉴가  맛있습니다
커피도 맛있고 좋아요
더 많은 매장이 있으면 좋겠어요"
11997026,5,,"우리는 커피머신도 있고, 신선한 오렌지 주스와 엄청난 뺑 오 쇼콜라 프랑스에서 훨씬 더!
약간 비싼(3400). 하지만 그럴 가치가 있어요!
작은 하지만 편안한 좌석이!"
11997026,5,,우리는 복잡한 곳에서 몇 번 겪기 입니다. 이 가게는 매우 화려하고 모두 를 위한 진정한 예술가 다. 가격은 합리적인 것들을 시도해 보는 것이 더욱 가
11997026,4,,"같은 계열사인 파리바게트보다는 아주 조금 더 비싸지만, 그만큼 더 신선하고 맛있는 샌드위치를 맛볼 수 있음.
특히 바로 짜 주는 과일주스 추천"
1160302,4,,이것들은 미국의 것들과 비슷합니까? 오리지널 풍미의 종류. 도넛은 매우 비쌌지만 모두가 그것을 먹었다. 딸기 맛이났다. 커피는 너무-너무. 그들은 훌륭한 고객 서비스에 매우 친절했습니다.
1160302,4,,나는 항상 Krispy Kreme을 집에 가지고 돌아가는 것을 놓친다 (그들은 홍콩에 와서 갔다). 뿐만 아니라 훌륭한 도너츠를 가지고 있지만 좋은 귤 스무디도합니다.
1160302,5,,을지로입구역과 롯데백화점 연결통로에 자리잡고 있어서 지나가면서 항상 살까말까 고민합니다. 위치가 엄청 좋아요. 도넛은 항상 맛있구요.
1160302,4,,프랜차이즈 도넛으로는 던킨과 양대산맥인듯. 기본 글레이즈 말고는 잘 몰랐는데 맛있는게 많네요. 너무 달긴 해서 커피나 우유랑 먹으면 좋아요.
1160302,4,,"을지로입구역에서 롯데백화점지하로 연결되는 통로에 있는 도넛츠 가게입니다.
지하입구에 들어서면 보여서 항상 먹고싶게 만듭니다.
기본 글레이즈가 제일 맛있고 수욜에는 1+1행사를 해서 수욜에 사먹습니다.
집에서 살짝 8초쯤 데워먹으면 바로 나온빵처럼 맛있습니다."
1160302,4,,"우리는 서울에 대규모 롯데백화점 들르기로, 미국 남부 친숙한. 크리스피 크림 도넛!

그러나 실제 저장소 찾기 쉽고, 내게 도움을 드리겠습니다. 기호 아래 지하철 안으로 내림차순 계단이 있습니다. 한 수준 걸어서, 롯데월드 입력하고 보면,! ! !

도넛은 훌륭한 품질, 미국에 매우 유사합니다, 직원들은 영어를 할 줄 몰랐어요 어쨌든 우리를 친절하고, 좋은 경험은!"
1160302,4,,"솔직히 정말 달면서도 맛있지만

살이 찌는 소리가 들리는 것 같아서

자주 가지는 않는 곳입니다.

오리지널 글레이즈드부터 시작해서 다 맛있습니다.

하나같이 단맛이 강합니다."
1160302,3,,오리지널글레이즈드 쿠폰 있어서 출근길에 먹으려고 갔더니 10시 이후부터 사용가능이래요 어이없음
1160302,5,,단거 땡길 때에는 크리스피 도넛만한게 없어요ㅠㅠ 오케이캐시백 행사할때 자주 갑니다. 너무 맛있어여ㅠㅠ
1160302,4,,항상 부드럽게 녹아드는 맛이 유지 되는 집입니다.  지하도에서 롯데백화점 본점 지하1층으로 들어가면 왼쪽에 있습니다.  1+1 행사를 자주 하니 이럴 때 많이 사서 인심쓰세요.
1160302,5,,"우리는 크리스피 크림 을 사랑 합니다. 우리는 항상 미국 또는 영국을 방문하는 분점, 제품과 함께 항상 행복해. 

몇 년 전에 큰 팬 들의 dd. 하지만 몇 년 전 나는 정말 해 보아서 도넛 비즈니스. 더 나은 맛도 더 중요한 것이 바로: 신선한 dd 보다. 

이 곳에서 할 수 있는 거대한 롯데 의 부서 / 낮은 수준. (본관) 저장할 수 있습니다. 테이블에 앉아 있는 경우에 좋은 것 같은 느낌. 아주 좋은 선택, 대부분의 사람들처럼 됐죠. 하지만 이 좀 특별한 도넛 을 판매합니다. 저희는 일부 고전: 광택 도넛과 초콜릿 케이크 도넛. 우리는 우리의 맛이 궁금해 어떻게 보관할. 좋은 뉴스: 그냥 변경다른 분기는 만큼 좋은 었다! 신선한, 부드러운 맛! 

너무 나쁜 두 개의 (적어도 제가 아는) 위치 – 서울. 긴 도넛을 본 더 좋을 것이다. 

저와 제 여행에 대해 더 알고 싶어? 내 프로필 확인합니다."
1160302,4,,서울에서의 나의 지난 날에 달리기 전에 약간의 아침 식사를 위해 들렀다. 그들의 눈을 사로 잡은 것은 녹차 도넛이었다. 플로리다의 코럴 게이블 스에서 그 등을 보지 마세요.
1160302,3,,"학부 신입생 때 처음 크리스피 크림 도넛이 한국에 들어오며, 사람들이 줄을 서서 사 가던 기억이 납니다. 그 뒤 상당한 숫자의 매장이 생겼으나, 인기가 사그라들며 철수하는 곳이 많아졌고, 지금은 몇 개 되지 않는 점포가 명맥을 잇고 있습니다.
이 매장 역시 당시 잘 나가던 다른 매장들처럼 크리스피 크림이 만들어 지는 공정을 감상할 수 있습니다. 최근에도 계속해서 신메뉴 개발이나 맛에 대해 퀄리티 컨트롤을 잘 하는 것으로 보입니다."
1160302,4,,"던킨만 먹다가 처음 신세계의도넛맛을 맛본 롯데본점 지하 크리스피.
거의 이 매장은 상징성이 있다고 봄.
기다리면서 하나 무료시식 하게 해준것도 기억남."
1160302,3,,"너무 너무 달콤한 도넛, 하고 잠을 잘 수 있다. 이 보다 더 좋은 핫 dougnets.
건강에 좋은? 
좋은 커피와 친절한 직원들."
9298294,5,,"덕수궁 방문하고 맛있는 디저트가 있는 카페를 찾다가 발견!!!
와플 뿐아니라 망고빙수 , 수박듀스 넘넘 맛있게 먹었어요"
9298294,4,,"현재 이름은 리에제 와플입니다.  
같은 장소이고 언제나 처럼 긴 줄이 있지만 금방 받을 수 있어요. 
다양한 와플종류가 있고  베스트라고 적혀있던 와플벨지움쵸코, 와플메이플로 시켰는데 쵸코로 뒤덥힌 것보다 메이플 시럽만 있는게 맛있네요. 
쵸코때문에 좀 눅눅한 느낌이거든요. 
맛있게 먹었지만 뭐 한번 먹어봤으니 됬다~ 정도의 맛입니다."
9298294,4,,"Seoul, Seoul, South Korea"
9298294,4,,"넘 맛있어요 저는 소스있게먹었지만 시나몬이었는지 꿀이었는지 너무달아서 다는 못먹었지만
플레인도 맛있을것같아요 항상 줄이있지만 금방 없어져서 기다릴만합니다 맛있어요"
9298294,5,,"호크니 전시를 보고 시청역으로 내려오다 들린
가게. 많이들 사서 들고다니며 먹기에 사서 먹어봤습니다.
따뜻하고 안은 쫄깃하고 겉은 바삭한 것이 꽤 맛있어요.
가격도 싼 편이고 들고다니면서 먹기에 나쁘지 않게 포장해서 줘요.
다만 더운 날이면 토핑 종류를 좀 고려하는 편이 좋을 듯 합니다. 우유생크림은 나름 단단했지만 아무래도 날씨 때문에 쉽사리 녹아내립니다.
추가로 플레인을 포장해서 집에 가져와서 먹었는데, 어느 정도 시간이 지났어도 괜찮았습니다."
9298294,5,,"우리 호텔 근처의이 보석에 충돌했고, 주변의 군중을 보았다. 큰 무리 = 위대한 음식 그래서 나와 부인은 그것을 시도했다. 와플은 신선하게 만들어졌고 맛은 정말 좋았고 토핑은 정말 맛을 좋게했습니다. 맛있는!"
9298294,4,,나는 벨기에 출신이다. 나는이 와플을 찬성한다. 일부 약간 특이한 / 과도한 토핑 조합을 제공하지만 와플 자체는 매우 존경합니다. 그냥 주변에 앉아있는 것이 아닌 신선한 것을 얻으려고 노력하십시오.
9298294,4,,"10분 기다려서 먹어봤는데 첨엔 몰랐지만
먹으면 먹을수록 자꾸 땡기는 맛
가격은 좀 많이 비싸지만 다른 것도 또 먹어보고
싶어지는 그런 맛이네요"
9298294,5,,어디서도 맛보지 못한 쫄깃쫄깃한 맛. 항상 올려져 있는걸 먹는데 이번에는 신제품으로 나온 바나나가 함유되어 올려진것을 먹었어요. 바나나 향과 맛이 좋은데 많이 먹다보니 조금 달고 느끼한 면도 있어요 그냥 기본와플만 먹어도 좋을듯해요
9298294,4,,물론 벨기에 현지에서 먹는 와플 맛과 똑같지는 않지만 한국에서 파는 와플들 중에는 림벅와플 맛이 그나마 가장 유사하다. 반죽이 더 찰지고 입에 착 감기는 맛이 더 나면 좋겠지만....벨기에 와플 그리울 때 가끔 먹는 곳. 점심저녁에도 줄이 길어 시간 여유 있지 않으면 도통 시도할 수가 없다.
9298294,5,,회사 근처 늘 오는 맛집입니다!! 플레인 와플 먹으러 왔다가 아이스크림 올려 먹었는데 정말 맛있어요~~!! 강추합니다♡♡ 또 올거에요!!!!
9298294,5,,"블루베리 크림치즈 조합이 매우 좋았습니다.
가격도 저렴한 편입니다.
트립어드바이저에 리뷰 작성시 1+1 이벤트 중입니다.
셋트 구성도 훌륭했습니다."
9298294,5,,한달에20번은 넘게갔어요 ㅋㅋㅋ그럴정도로jmt
9298294,5,,동생이 강추해서 먹어보게되었습니다~ 3대와플이래요 ^^  조금더 자세히 쓰라니 난감하넹ㅎ 허허 무튼 한번 먹어볼만 합니다 ~~^^ㅎㅎ
9298294,5,,Unbelievable fantastic taste!
18415520,2,,"내 약혼자는 해리 포터의 열렬한 팬이며 물론이 카페를 어떻게 그리워 할 수 있습니까? 멋지게 꾸며진 Harry Potter 테마가있는 3-4 층의 높은 카페였습니다. 그러나 큰 실망이었습니다. 고객을위한 좌석을 대기 및 배열하는 구조는 없었습니다. 우리가 카페에 들어서 자마자 모든 사람들은 계산원 구역 앞에서 군중으로 붐 빕니다. 우리에게 메뉴가 주어지지 않았고 좌석도 꽤 제한적이었습니다. 우리는 자리를 찾고 싶었지만 사람들은 제공된 소품으로 사진을 찍고 바빴으며 테이블에 음료 나 음식이 없어도 합법적으로 좌석에 머물 렀습니다.
음료 나 주류에 대한 의견이 없으면 주문하지 않고 10 분 이내에 출발했습니다.
정오에 늦게 방문했기 때문일 수 있습니다. 아침에 문을 연 직후와 적은 군중으로 방문하면 경험이 다를 수 있습니다."
18415520,3,,"나는이 '해리포터 카페'에 대해 들었고 팬이기 때문에 가야만했다. 그리고 내부뿐만 아니라 외부 영역도 멋지게 장식되어 있지만 더 많은 것을 기대합니다. 그들처럼 Harry Potter 테마 곡을 연주하는 것처럼. 술 / 음료 및 음식을 판매하는 좋은 방법 인 것 같습니다. 약 10 분 동안 걸었습니다. 그렇습니다, 한번보세요, 용의 다리를 가지고 즐기십시오 :)! 관광 경찰서 근처에 선물 가게가 조금 더 있습니다."
18415520,5,,"우리는 친구의 방문 후이 장소를 발견했습니다. 특별한 마법의 분위기와 독특한 디자인 때문에 주로. 장소는 Google지도로 찾기 쉽지만 그것이 없으면 주요 보행자 거리에 있지 않기 때문에 어려울 수 있다고 생각합니다. 다른 언어를 포함한 메뉴가 있습니다. 영어, 선택은 매우 독창적입니다. 예를 들어 마법사가 설정되어 있지만 저녁에 거기에 오면 메뉴의 절반을 사용할 수 없습니다. 주문을 기다리는 동안 다른 사진 영역을 사용해 볼 수 있습니다. 그들 중 일부는 Harry Potter의 에피소드와 비슷하지만 대부분의 모든 도둑과 장식은 특별한 마법의 분위기를 만듭니다. 우리는 많은 한국인 커플과 소녀들을 보았습니다. 그것은 장소가 현지인들 사이에서 인기가 있고 좋은 징조라는 것을 의미합니다. 따라서 모든 층을 확인하는 것을 잊지 마십시오. 1 층과 Dementor를 조심하십시오."
18415520,5,,Harry Potter Cafe in Seoul
11960076,1,,예약을 하고 친한 친구와 방문을 했다. 식사를 하고 난 후라 둘이서 카페 라떼와 스파클링 워터를 주문했는데 주문 받은 직원분이 다시 돌아오더니 한개를 아무거나 더 주문해야 한다고 했다. 그런 규정이 있는지 물어보니 얼버무리며 돌아섰다. 직원분은 여러명이 있었으나 고객에게 attention을 별로 안해 옆 테이블에 앉은 중국인 고객들이 몇 번 손을 흔들며 부르는 것을 보았다. 직원들이 도산 에르메스 카페 벤치마킹 가서 어떻게 서비스 하는 지 좀 배워야 할 것 같다.
11960076,1,,불쌍한 서비스 및 초과 가격 사기 !!!
11960076,2,,"물론 Dior라는 이름으로 이곳에 왔으며 의심 할 여지없이 Pierre Herme 사막은 훌륭했습니다. 그러나이 서비스는 House of Dior가 제공해야하는 표준을 확실히 충족하지 못했습니다. 우선, 나는 두 대의 차 세트를 주문했는데, 높은 차 세트는 불안정한 접시 세트와 함께 나왔습니다 (고객에게 가져 오기 전에 나사를 확인해야합니다). 내가 언급했을 때 서버가 나에게 사과했지만 아무것도하지 않았다. 그녀는 세트를 내려 놓고 방금 떠났다. 다시 그녀에게 전화를 했어요. 여기에 내가 가질 사막을 모두 소개해달라고 부탁했습니다. 그녀는 마치 설명이 필요해? 나는 그녀의 반응에 매우 놀랐다. 나는 대부분의 사람들이 Instagram 사진을 위해 여기에 왔지만 120,000 원의 차 세트를 제공 할 때 제공 해야하는 ""기본 서비스""가 아님을 알고 있습니다. ? ! !
모든 과자를 먹은 후에 저와 제 엄마는 더 이상 설탕을 먹을 수 없었습니다. 나는 매들린과 마카롱을 포장하라고 요청했습니다. 서버는“아니요. 포장 할 수는 없습니다. Pierre Herme은 그렇게하지 않습니다. ”나는 왜 또 물었다? 그녀는 방금“아니, 죄송합니다. . ""음식의 신선함과 품질을 유지하기 때문인 것 같습니다. 그러나 그녀는 단지""거부 ""한 이유를 설명 할 수 없었습니다. 고급 식당에서 일할 때 정말 기본적인 고객 서비스입니까?

다시는 다시 오지 않을 것입니다."
11960076,4,,"분위기 깡패의 갑 디올 카페
예약제로 운영되는 곳이라 미리 예약하고 갔습니다.
1층에서도 예약 확인이 되야 카페로 올라 갈 수 있었어요
커피는 물론이고 샤베트 과일주스 가격이
1만원대 후반에서 2만원대예요!!
디올 테이블웨어를 써서 그런지 분위기가 다 했습니다
전체적으로 화이트 톤이라 사진찍기에도 참 좋았네요"
11960076,4,,커피 숍은 디올 하우스에 있습니다. 쇼핑 후 휴식을 취하고 커피와 디저트를 먹기 좋은 곳입니다. 그러나 가격도 조용합니다.
11960076,4,,청담동 카페들이 워낙에 금액대가 높다보니 감안하고 방문하기는 하는데 속직히 말하면 음식이나 음료 퀄리티에 비해 금액이 너무 비쌉니다. 분위기나 플레이팅이 좋아서 여자분들이 많이 찾는 곳이라 모임때문에 방문하게 됩니다.
11960076,5,,이것은 당신이 여자 친구와 여행 할 때 서울에 반드시 가야 할 장소 중 하나입니다. 쇼핑 외에도이 카페는이 지역의 슈퍼 쇼핑 이후 친구들과 앉아서 어울리는 곳입니다. 멋진 커피와 아름다운 디저트! yum yum 너무 :)
11960076,5,,"????? 디올 하우스 ?????? 튤립 ????????????? Pierre Herme의 Cafe Dior, ???????????? ????????????????????"
11960076,4,,이 카페를 두 번 방문했는데 매번 다른 요리를 먹어 보세요. 꽤 장소 및 음식을 프레젠테이션. 조금 비싸긴 하지만 그럴만한 가치가 있습니다.
11960076,3,,"하우스 오브 디올 (House of Dior)의 5 층에 위치하고 있으며 외관은 단순하고 예쁘다. 나는 라떼를 주문했지만 맛이별로 좋지 않았다. 디저트의 경우, Mille Feiulle은 실제로 맛있었습니다. 전반적으로, 내가 카페에서 빼놓을 수없는 것은 서비스에 대한 것입니다. 사람들이 사진에 게시하는 것처럼 우리가 커피를 위해 특정 컵을 요청했듯이 우리 주문에 실수가 있었기 때문에 우리는 그냥 투명 한 것을 얻었습니다. 반면에, 우리는 모든 손님들에게 훌륭한 디올 컵을 제공하는 것을 보았습니다."
11960076,3,,"점심을 청담동에서 맛나게  먹고..커피를 맛나게 마시기위해 찾은곳
디올.카페.
제작년에방문이후 바뻐서 즉흥으로 방문했더니.
1층 메니져가 제지한다.
그시각이 오후 12시50분쯤.
예약제란다.ㅎㅎ
오키.기다리는데  갑자기 가방을 들이민다.
오잉.이건모얌.ㅎㅎ
커피마시러와서 출입구제지하면서 가방 사라는건가요? 이론 불친절한 곳.봤나.ㅎ
그냥 참고있다가 허락받고 5층 카페로 올라감.
한가하고 의자가 비어있다.오잉.ㅋㅋ
메뉴를 받아들고 본 가격.젤 저렴한 커피가격이
1.8  이거 심하다.ㅎ ㅎ
어디선가는 커피 세잔가격 .
그래서 커피두개시키고 물한잔 달랬더니 .유료바틀구입 ? 할래.어쩔래? ㅎㅎ
된장질 하라는곳 이구나 ㅡㅡ
중국인들 에게나 많이 파세요.인테리어도 제작년그대로인데.ㅈ.ㅈ
몬자신감인지 .원."
11960076,4,,이 카페는 디오르 부티크 레벨 5 안에 위치하고 있습니다. 우리는 강남 쇼핑을 그래서 Cafe에서 팝업 있지만 보통 이 카페의 예약을 해야 합니다. 우리는 몇 빈 테이블이 있는 운이 좋았다. 커피와 디저트 훌륭했다. 분위기 또한 좋았습니다.
11960076,5,,이 카페 였다. 여기에 가족들과 함께 매년 오. 서비스는 언제나 놀라운 디저트 로. 건물은 아름다운 장식이 되어 있다. 멋진 장소 - 비싼 가격의 가치가 있다.
11960076,5,,"저는 이곳이 정말 좋은, 아주 좋은 가치가 있는 음식은 채소도 있다. 화장실은 있다 하하하 . 저는 화장실이 있다. 

자세한 내용은 동영상 블로그를 확인하십시오 (채널에): 제목 검색
#6 7 일 서울 여행 블로그 - 마세요 카페 - 커먼 그라운드"
11960076,5,,분위기좋은 곳에서 조용하게 담소나누기 좋고 디올 좋아하는 분들은 특히나 더 좋아하실듯ㅋ 메뉴도 특색있고 괜찮았어요
9287210,5,,디저트의 선택과 품질처럼. 사내 스페셜을 즐겼습니다. 장소는 넓고 우리는 쉽게 테이블을 간다.
9287210,4,,"우리는 대만에서 아이스 몬스터 체험 (Ice Monster Experience)과 동등한 것을 찾고있었습니다. 소녀들이 명동을 돌아 다니는 동안이 식당을 발견했습니다. 그들의 특산물은 면도 아이스 디저트였습니다. 바닥에서 한 층 위로 올라갔습니다.

레스토랑은 바빴지만 우리는 창문으로 테이블을 발견했다. 우리는 특색있는 딸기 스페셜 중 하나를 주문했습니다. 짧은 시간 내에 우리는 그것을 집어 들었다. 그것은 매우 멋지게 제시되었다. 그러나 우리가 지불했던 가격을 위해 작은 쪽의 작은 조각. 딸기의 조각은 아주 감미롭고 응축 된 우유는 평범한 면도 된 얼음에 약간의 풍부함을 더했습니다. 전반적으로 좋은 상쾌한 디저트.

우리가 끝내게되면 우리는 우리 쟁반을 카운터의쪽에 되돌아 가게했다."
9287210,5,,떡과 콩고물 아이스크림이 합쳐져서 색다른 느낌의 아이스크림을 알린건 대단한 발상이었다고 생각함.
9287210,5,,"티라미수 하나 봤어. 10, 900 wn. 커피를 옆에 두는 것이 매우 사려 깊어서 나의 작은 사람도 이미 커피를 마시지 않고 즐길 수 있습니다. 다른 사람들을 시도하기 위해 다시 돌아갈 것입니다. 그런 추운 날씨에 이것을 먹는 아주 좋은 경험! 브르 르!"
9287210,5,,우리는 5 일 동안 한국에서 그들의 면도 한 얼음을 위해 두 번 여기에갔습니다. 망고와 치즈 큐브 옵션을 맛봤지만 선택할 수있는 좋은 메뉴가 있습니다. 이 장소를 치는 것이 좋습니다!
9287210,3,,디저트는 당신이 선택하는 토핑으로 면도 한 얼음입니다. 사진에만 적합합니다. 취향에 대해 특별한 것은 없습니다. 고가.
9287210,5,,이 디저트 전문점은 명동 (Myeongdong) 쇼핑가에서 가장 좋은 곳 중 하나이며 늦은 밤까지 영업합니다. 딸기의 빙수를 시험해 보았습니다. 조합은 훌륭합니다. 면도 한 얼음은 아주 좋으며 응축 된 우유 한잔을 제공합니다. 성냥과 초콜렛 호의도 좋게 보였다. 이 곳은 밤에 혼잡해질 수 있습니다.
9287210,5,,"명동 거리 음식의 저녁 식사 후, 우리는 끝내기 좋은 것을 찾고있었습니다. 나는 한국산 디저트 카페를 쳐다보고 보았고, 빙수 면도 한 얼음이 한국에서 꼭해야한다는 것을 기억했다.

Bingsu는 내가 이제까지 가지고 있었던 아무것도 같지 않다. 그래서 우리는 광대 한 메뉴에서 선택하는 것이 잠시 필요했다. 그러나 우리가 가지고 있었던 것은 맛 좋았고 신선했다. 밖에서 눈이 내리고 있었기 때문에 우리는 정말로 상쾌하게 할 필요가 없었습니다.하지만 눈이 내리는 것을 보면서, 면도 한 얼음을 먹으며 사랑스러워했습니다. 우리는 두 명 사이에 하나의 디저트를 먹었고 (두 사람은 방대함) 두 번에 걸쳐 초콜릿 브라 우니 하나와 딸기 것들을 즐겼습니다.

카페는 좋은 분위기와 무료 Wi-Fi를 제공합니다. 날씨가 얼 었음에도 불구하고, 우리는 4 일간의 방문에 두 번갔습니다."
9287210,5,,"우리는 높은 딸기 시즌에 가서 정말 다행이었다. 그래서 딸기 주문. 우리는 딸기 그리고 녹차 아이스크림을 얼음 주문했다. 외부의 날씨에 10 섭씨, 얼음 있습니다. 녹차 씻는 아래로 맛있는 디저트를 편안한 휴식처 곳에서 친구들과 공유할 수 있습니다."
9287210,4,,인절미 토스트랑 팥인절미설빙 좋아해요. 연유 많이 부어서 먹으면 정말 꿀맛이에요 ㅠㅠ 토스트는 은근히 배차서 간식으로 먹기 좋아요
9287210,4,,"외국인 친구를 데리고 가도 좋습니다. 누구의 입맛에도 잘 맞습니다. 겨울 시즌 메뉴, 여름 시즌메뉴 둘다 맛있습니다."
9287210,5,,"술안주와 잔칫상에 등장하는 인절미 등 떡도 찹쌀로 좋아하는. 항상 이 곳을 방문하는 즐겼습니다. 섬기는 것은 공유에 유용합니다. 좋은 분위기.

와이파이는 무료이고, 화장실이 너무."
9287210,3,,"일반적인 동네에 있는 설빙에 비해서

사람도 많고 복잡해서 개인적으로는

좀 더 한산한 동네에서 가는걸 좋아합니다

물론 먹고 싶으면 가야죠

맛은 그대로니깐요,"
9287210,5,,지난번 한국방문은 겨울이었어서 빙수를 먹으면서도 맛있다...정도 였는데 이번은 더워서 역시나 빙수가 너무너무 맛있었네요.특히 저는 인절미빙수를 좋아합니다.팥도 추가해서 먹었는데 돌아와서도 자꾸 생각납니다.한국 가면 꼭 들르는 집입니다.진짜 맛있어요~~
9287210,4,,"예전 ABC마트 있던 곳 (지금 올리브영) 사거리에서 명동역 방향으로 쭉 올라오다 보면 M플라자 뒷편 쪽에 있습니다. 빙수가게 특성상 여름에는 박터지게 사람 많고, 겨울에는 한적합니다. 가격이 좀 부담되긴 하지만 빙수가 맛있습니다."
9565159,4,,"나는 내가 여기로가는 길을 떠날 줄 몰랐지만, 당신 이이 지역에 머무르면 매우 좋은 패스트리가 있습니다 (아침과 디저트 모두)."
9565159,4,,"그들은 여기에 생과자 및 음료를 제공하지만 비용은 그렇게 나쁘지 않으며 커피는 매우 좋습니다. 생과자는 말할 것도없이 정말 훌륭합니다!
내가 아시아에서 먹은 최고의 과자 중 일부!"
9565159,2,,"케익 정말 맛있어요
이쁘구요 사진도 잘 나오고
근데 왜 웃지 않는걸까요
웃으면서 인사한 제가 민망하게...ㅜㅜ
조각케익 4개 포장하구 멀리가야되서
쇼핑백 하나만 파실 수 있느냐고 물었는데
그게 그렇게 정색하며 거절하실 일이였는지요
좀 많이 당황했어요
저번에 갔을땐 엄청 친절했는데
오늘 갔다가 되게 민망 했어요 
케익 넘 맛있어서 또 갈건데 
다음에 갈때는 좀 긴장 될거 같아요"
9565159,5,,우리는 베이커리를 찾고 서울 베이킹 컴퍼니 (Beijing Baking Company)가 선택 목록에 올라 있습니다. 방문 할만한 가치가있는 곳입니다. JW Marriot의 지하 공간에서 아늑한 공간.
9565159,5,,"전 세계에 걸쳐 패스트리, 하지만 아무도 내가 이 위치에 먹어본 디저트도 좋았습니다. 최고의 당근 케이크와 초콜릿 브라우니에 적이 있습니다. Annie 추천으로 덕분에 소피아. 훌륭한 음식과 정말 훌륭한 서비스. 꼭 다시 노력하고 있습니다."
9565159,4,,지하철역과 호텔 지하에 편리하게 위치해 있습니다.이 귀여운 장소는 그들이 제공하는 디저트에 약간의 따뜻함을 제공합니다. 디저트 준비의 투명 유리보기 - 준비중인 항목을 참조하십시오. 초콜릿 케이크를 시험해보십시오.
9565159,5,,"아침마다 들려서 사들고 출근~ 
커피 샷 추가가 무료입니다~ 커피향 아주 좋아요~~ 
짱~^^ 
여름엔 역시 아이스죠~ 진한향이 그릴울땐... 동리엇"
9565159,4,,나는 항상 내 아몬드 크로와상을 먹는다. JW 메리어트의 아래층에 위치하므로 편리합니다.
9565159,5,,Marriott rewards 회원은 등급에 따라 할인 받을 수 있다고 해요 빵 종류가 많지는 않지만 하나하나 맛있어요
9565159,5,,최근 3년간 먹었던 케잌 중에 단연 베스트!!!  마스카포네치즈 크림과 재료를 아끼지 않은 딸기 듬뿍!  한톨도 남기지 않고 너무너무 맛있게 먹었습니다.
9565159,5,,선물용으로 케익을 구매했네요. 호텔이다보니..가격대가 있는 편이에요~ 그래도 모양이 이뻐서 선물할만한거 같아요
9565159,5,,파리에서의 더 행복한 날은 신선한 구운 크로스 앤드와 커피 한 잔과 관련이 있습니다. 음식을 한 번 먹으면 저를 다시 데려왔습니다. 또한 지하철로가는 길에 큰 우회로 인 샌드위치가 있습니다.
9565159,4,,"우리는 이 식당을 몇 번은 간식 입니다. 신선하고 맛있는 음식이 있었고 분위기 또한 매우 현대적인 오픈 (볼 수 있는 부엌을 본 베이킹). 

서비스는 좀 느리지만 평소처럼 매우 친절했습니다. 그래도 좋은 곳입니다"
9565159,4,,엄청 깔끔하고 고급스런 베이커리. 간결한 매장
9565159,5,,"동대문지나가다가 케이크가 너무 먹고싶어서 검색해보고 오게되었는데요 종류가 많은건 아니지만 진짜 케이크, 빵 하나하나 다 먹어보고 싶을정도로 비쥬얼이 장난아니에요.. 저는 계절과일타르트 사가지고 갔는데 과일도 신선하고 정말 맛있었어요!!!"
3369503,5,,"우리는 몇 번 거기에 있었고, 그것은 매우 인기있는 작은 빵집과 카페입니다. 우리는 브런치에 가서 그들의 독일 빵과 패스트리뿐만 아니라 따뜻한 요리를 즐깁니다. 음식은 매우 맛있고 정통 독일인이며 서울에서 찾을 수있는 가장 정통 음식 일 것입니다. 서울이라는 점을 감안하면 가격도 매우 합리적입니다. 서비스. . . 개선의 여지가 있습니다. . . 그러나 다른 모든 것은 훌륭합니다"
3369503,5,,서울의 중심에서 독일 식 아침 식사와 점심 식사
3369503,4,,"호밀 효모 (70 % 호밀)가 승자입니다. 가슴살과 소금에 절인 양배추 판은 훌륭했습니다. 당신이 그것을 요구한다면 괜찮은 겨자. 짭짤한면에서 약간의 맛이 나면 한국 맛이 나지만 음식에 완벽한 맛을 낼 것입니다.

이 서비스는 사람의 관심을 끌기 위해 목을 비틀는 전형적인 서양식입니다 (물론 관심을 끌려는 시도를 무시하는 전문가가 됨). 이것은 우리가 그러한 넌센스를 용납하지 않아도되는 동아시아에서 주요 결점입니다. 부저를 탁자 위에 놓고이 무의미한 게임을 끝내십시오."
3369503,5,,밀레니엄 힐튼 (Millennium Hilton)에서 아침 식사를하기에 좋은 곳을 찾고 여기로 걸어갔습니다. 메뉴에는 많은 좋은 옵션이 있으며 요리사가 음식을 준비하는 것을 볼 수 있습니다. 구운 음식도 많이 있습니다.
3369503,4,,"오래된 경리단 음식점
독일음식답게 투박함
하지만 수프는 좋음. 저에게는 수프먹으러가는 곳임
배달 시켜봤는데 배달은 별로"
3369503,3,,과거에 여기에 있었을 정도로 우리는이 여행 동안 아침 식사를 먹을 수있어서 흥분했다. 우리는 실망했다. 빵과 조반 샌드위치는 평균적이고 비싸이었다. 커피는 좋았지 만 비쌌습니다. 서비스가 좋지 않았습니다. 우리가 떠날 무렵에 서버는 한 번 테이블에 없었습니다.
3369503,1,,"비트버거 생맥주는 맛있었지만 비좁은 좌석, 불규칙한 간격으로 나오는 식사, 무엇보다도 한국인직원 한 명이 어설픈 영어로 외국인 주방직원들에게 큰 목소리로 욕설을 퍼부어 식사가 너무 불편했다. 토마토수프, 슈니첼과 파니니 모두 맛있지 않았고 베이커리에서 사온 빵도 제빵사가 만들었다고 하기엔 딱딱하고 맛이 없었다."
3369503,4,,"한국사람의 입장에서 이국적인 느낌, 건강한 빵"
3369503,5,,"이 카페 와서 아시아 아침 일상적인 깨뜨려야 했다. 좋은 선택이었어요. 메뉴 옵션 중 많은 케이크 프론트 벤치 중 가장 무료 샘플을 있었다 선택할 수 또한 다양한 빵과.
서비스는 친절하고 빠른. 저는 이 카페 추천합니다!"
3369503,4,,나는 간단하게 무슬리와 남자 아몬드 타르트 갔습니다. 모두 정말 좋았어요. 그것은 건강한 아침 찾기 어렵다. . . 웨이트리스가 무례한 아니지만 아주 같은 내려놓고 bavk. 한국에서 제가 어떻게 매우 다른 스타일. 꼭 다시 올 것이다.
3369503,5,,"여기서는 다른 메뉴 시킬 필요 없고 무조건! 수프다!!! 수프 정말 맛있다.. 매번 다른 음식을 시켜봤지만 크게 만족하지 못했고, 수프를 하나 더 시킬걸 하는 생각을 했다. 푸짐한 식사보다는 간단한 식사, 브런치의 목적으로 가서 수프와 빵을 주문하는 것이 괜찮다. 치아바타가 맛있는데 발사믹에도 찍어 먹고 수프에도 찍어 먹으면 든든하고 좋다. 

가끔 수프를 포장 하기도 하는데 식당에서 먹는 것이 양이 더 많은 것.. 같다. 그리고 주말엔 한국말을 어느 정도 하는 외국인 직원을 두는 것 같으니.. 언어가 걱정되는 분들은 참고하길 바란다."
3369503,5,,토마토수프랑 다른수프 먹으러 갑니다. 샌드위치랑 파니니도 맛있습니다. 사람이 많아서 웨이팅이 있으면 서울역에 가는것도 방법이 있습니다.
3369503,4,,"스프가 맛있었어요 바게트 찍어먹으니까 굿
근데 한국에서 밥먹는데 왜 한국말도 못하는 외국인이 서빙을...?"
3369503,4,,외국인분이 서빙을 맡아주셔서 외국에서 식사하는 기분이었어요. 리뷰를 읽어보니 불친절하다는 평이 많은데 저희가 방문했을 때에는 오히려 친절하다고 느꼈어요. 커틀릿은 바삭바삭하고 맛있었고 식사 분위기도 아늑하면서도 캐주얼한 분위기였습니다.
3369503,5,,"다른 리뷰를 읽어보니 불친절하다고 많이 이야기하는데, 너무 친절을 바라는게 아닌가 싶다. 경리단길,이태원 다른 브런치 식당에 비해 비교적 저렴한 가격대이다. 자주 방문하지만 딱히 친절하다는 생각은 들지 않으나,불쾌한 경험도 없었다. 토마토숲을 강력추천한다. + 각종빵"
9143806,4,,"나는 서울을 방문하기 전에 Coffee Libre를 발견했기 때문에 시도하고 싶었습니다. 명동 성당 바로 아래에있는 쇼핑몰에서는 찾기가 쉽지 않았습니다.
커피 숍에서 나는 하우스 블렌드 에스프레소 (더 어두운 것)의 컵을 먹었다. 그 후 나는 젊은 아가씨 바리 스타에게 에스프레소를 위해 콩 한 봉지를 선택하는 방법을 물었다. 나는 Coffee Libre에 의해 분쇄 된“Dark Libre”콩 한 봉지를 집으로 가져 왔습니다. 몸 전체와 만족스러운 맛, 그것은 내 커피 한잔입니다.
나는 서울에 머무르는 동안 어떤 곳에서 에스프레소 잔을 먹었습니다.이 에스프레소는 아마도 최고입니다."
9143806,4,,"몇 년 전이나 지금이나 여전히 맛있는 커피를 파는 카페 입니다. 명동 성당에 위치하고 있어서 커피 맛이나 인지도에 비해 사람들이 많지 않은 것이 장점입니다만, 인근에 직장인들이 많으므로 12시~13시만 피해 가면 좋습니다."
9143806,4,,"서울의 수많은 카페에서 리브레의 원두를 구입할 만큼 인정받는 커피죠. 

지하로 내려가서 찾느라 고생했는데, 지하로 내려간 뒤에 계단 하나를 올라간 곳에 있었던 것 같아요. 서점과 카페, 빵집이 있는 넓은 지하 말고 그 위층이요! 공간은 많이 좁습니다. 따로 분리된 가게가 아니라 정신이 조금 없기도 하고요."
9143806,5,,"Kuala Lumpur, Malaysia"
9143806,5,,"catedral 근처에있는이 작은 카페는 탁월한 라떼를 가지고 있습니다. 그들은 오늘의 콩을 가지고 있지만, 당신은 여전히 ​​그들이 제공하는 몇 가지 커피 원두에서 선택할 수 있습니다."
9143806,4,,"연남동에서 시작한 커피 리브레의 명동성당점 입니다. 보통의 커피 가격과 상당히 좋은 커피의 맛으로 인해 명동성당을 찾는 사람들은 물론, 인근 직장인들에게도 상당히 인기가 좋습니다. 점심 시간에는 상당한 시간을 기다려야 하는 경우도 있구요.
커피 리브레의 원두를 직접 블렌딩하거나 로스팅하기 때문에 커피 맛은 보장이 되는 곳이라 할 수 있습니다."
9143806,4,,"명동성당에 있는 착한커피집
구석에 있어서 찾기 힘들었지만 적당한 산미와 좋은 밸런스의 아메리카노를 맛 볼 수 있어서 좋았습니다
아쉬운점은 테이블이 몇개 없어서 자리가 앉기 힘들더군요 거의 테이크아웃 전문 매장인 듯 보어요"
9143806,4,,"커피리브레 명동성당점은 아담하지만 차분하고 여유로워지는 분위기의 카페입니다. 명동성당 1층에 있는데 간판이 크게 있지 않아서 눈에 잘 띄지 않을 수 있습니다. 메뉴는 커피, 핫초코, 밀크티 등인데 커피가 4천원 정도로 저렴한 편입니다. 원두 시향 및 구매도 가능합니다. 고소한 맛의 아이스라떼는 맛이 괜찮았고, 명동성당 근처 갈 일이 있으면 들러서 커피 한잔 하면서 조용하게 여유를 갖는 시간을 주는 카페입니다."
9143806,4,,"커피 리브레는 교회 안에있는 작은 카페 다. 나는 많은 것을 기대하지 않는다. 온라인 커피 리뷰는이 카페를 매우 추천한다.
거기에 핸드 드립 커피를 사용할 수 없습니다. 대신, 블랙 커피는 AeroPress에 의해 양조됩니다.
에스프레소는 놀랄만 한 맛을 냈습니다. 에스 프레소와 우유 기반 커피 콩은 게이샤입니다! 가격도 매우 합리적이었다. 커피 애호가들은 그것을 놓쳐서는 안됩니다!"
9143806,4,,"작은 매장이지만 커피가 맛있어요. 성당 깊숙한 곳으로 들어가야 찾을 수 있으니, 처음 오시는 분은 길을 물으며 찾으셔도 좋을 것 같아요."
9143806,5,,"커피 좋아하시는 분들, 특히 우유 - 기반 커피 애호가, 찾기 어려운 진정한 특수 에스프레소 커피가 서울 (또는 동부 아시아 정도). 나는 그 얘기를 에스프레소 - 커피만 기반, 이후 서울은 꽤 좋은 커피를 드립 afaik. 

확인. 카푸치노를 사랑으로. 나는 완벽한 장소를 찾을 수 없습니다. 그러나. 제가 말하는 가장 가까운 커피 리버 해당 제목 중 하나. 이것은 완벽한, 하지만 아주 편리합니다. 지 않을 수도 없습니다. 그 시설도 좋고 가까운 라떼 전문 카페에서 카푸치노 한 웨스턴. 저는 두 개 지점. 홍대에 있는, 한 명동 - 동. 매우 유사한, 하지만 홍대 근처에 꽉꽉 들어차 있는, 귀여운, 숨겨진 보석과 같은 곳 입니다. 샌드위치 곳 옆에 있는 좋은 지점은 홍대, 너무 (거짓말 거짓말 거짓말, 하나의 점이 기 때문에. 

커피를 사랑한다면, 어떤 종류의 커피, 을 생략하지 않는다 이, 특히 이후의 위치도 편리 합니다. Instagram 의 표시 - 저하, 보고 및 로고가 귀여운 컵 이다. 제가 가장 좋아하는 카페 입니다. 것 같아요. 5 개의 별."
9143806,5,,"해당 지점에 가서 저장 위치 - 명동 성당 에 있는 곳에서 동, 정말 멋진 직원들, 저와 함께 해 보는 영어로 의사 소통, 저에게 설명 해 주는 적절한 방법의 맛이 하고, 가장 중요한 신을 수 있는 미소 :) 커피는 의심의 여지 없이 그 집을 사는 것을 다시 생각해보기 에 충분했다."
9143806,4,,"명동에서 커피 마실 곳을 찾다가 명동성당 아래에 있는 커피 리브레를 발견했다.
카페라떼가 정말 맛있다는 소문을 들었기에 주저없이 아이스 카페라떼를 주문했다. 듣던 대로 진한 커피와 우유의 조화가 좋았고, 끝까지 먹는 맛이 좋았다.
맘에 쏙 드는 아이스 카페라떼~~~!"
9143806,4,,명동성당 몰 안쪽에 숨겨진 조용한 까페. 눈에 띄지 않는 위치라 그런지 북적한 명동대로와 대비되게 평화로운 곳이에요. 통유리 너머로 성당 풍경을 바라보고 있으면 마음도 편안해집니다. 명동의 시끌벅적함을 피해 커피 마시기 좋은곳이에요.
26242780,4,,사람이 정말 많아서 대기를 오래 했어요 베이글 맛은 잠봉 베이글은 정말 맛있게 먹었어요 가격이 조금 비싼게 다른베이글도 맛있엇어요
7834887,3,,유명한 카페인데 저는 개인적으로 .. 어수선하고
7834887,3,,좌석이 이용자 친화적이지는 않은듯. 해외 인테리어를 차용한듯 한데 역시 오리지널리티가 없으니 아쉽. 어수선한 느낌이라 코지한 카페 원한다면 비추
7834887,4,,"오래된 신발공장을 매입해서, 인더스트리얼 풍의 인테리어를 그대로 살려 카페로 운영하는 곳 입니다. 워낙 유명한 곳이라 많은 사람들이 찾는 곳이기도 하지요. 이런 류의 인테리어를 한 카페들의 시초들이라 할 수 있습니다. 커피 맛은 그런대로 좋아요."
7834887,4,,"원두를 사러 근처에 간 김에 들렀는데 분위기는 오래 머물기는 제 기준에선 조금 어려울 것 같았어요. 2층은 올라가보지 않아서 어떻다고 말할 수는 없지만 1층은 좀 어둡고 음악소리도 꽤 큰 편이구요.
아마 조용한 카페를 원하시는 분들이라면 만족하지 못하실 수도 있지만 사온 원두도, 그리고 시음커피도 맛있게 내려주셔서 잠시 머무르다 왔지만 좋은 시간이었습니다."
7834887,4,,인더스트리얼 인테리어를 추구하는 곳. 커피 맛도 일반 프랜차이즈 커피전문점보다는 낫다. 음악도 크게 틀어놓은 편이라 조용히 차 마시거나 책 읽을 수 있는 분위기는 아니다.
7834887,3,,이 커피 숍은 신발 제조업체 / 창고였던 건물의 주거 지역에 위치해 있습니다. 특별한 분위기로 절경과 절충주의의 분위기가 있지만 커피는 결코 북미의 전형적인 커피 하우스의 커피를 능가하지는 않습니다.
7834887,5,,"무심한 듯하지만 완벽하고 깔끔하게 인테리어가 꾸며진 카페. 단연 이지역 최고라고 생각이 들며, 커피 맛이야 다들 알다싶이 훌륭"
7834887,5,,"나는 좋은 카페를 찾고있다. 서울에서는, 프랜차이즈가 아닌, 단 하나의 원산지와 정말 좋은 블렌드를 제공하지만, 제공하는 콩의 맛은별로 좋지 않다.
이 카페는 여기서 놀랍습니다.
에스프레소는 완벽했고, 위대한 위대한 부어. 호주 멜버른의 부티크 카페 같지만 한국에 있습니다. 방문할만한 가치가 있습니다. 멋진 분위기와 건물은 마치 ab처럼 보입니다."
7834887,4,,공장을 개조하여 오픈한 커피숍으로 카운터도 컨베이어 벨트를 쓰는 등 특유의 분위기가 느껴지는 곳. 다만 내 기준에는 조금 과한 느낌이었다. 커피의 종류는 다양했고 선택의 폭이 넓었으며 커피를 좋아한다면 만족할 가게
7834887,5,,"오랜만에 방문하였습니다. 
콜롬비아와 과테말라 드립커피를 주문했는데 담백하고 진한맛을 선호하는 저에겐 콜롬비아가 더 잘맞았습니다. 
옥수수 스콘도 맛있어요. :)"
7834887,4,,합정동에 오래동안 변하지않고 같은자리에 있는 큰 카페예요 친구들과 치즈케익과 커피 진저티를 먹었는데 좋았어요 일요일 저녁에 갔는데 자리도 여유있고 좋았어요
7834887,4,,옛 공장을 개조해 만든 카페. 맛나요. 원두도 취향에 맞게 선택할 수 있고 테이크아웃은 조금 더 저렴합니다. 나름 카페 굿즈도 판매하고. 여름에는 2층 테라스에서 햇살을 즐길 수 있어요! 그리고 제주에도 앤트러사이트가 있는데 거기에는 서울 만큼 많은 커피 종류가 있진 않습니다!
7834887,4,,"공장을 리모델링하여 만든 커피전문점으로 각중의 맛있는 퍼키를 맛볼수있습니다.
저는 개인적으로 온두라스 커피 좋아하는데요.신맛이 조금나며 비커에다가줘요~
간단한음식을 싸가서 커피와함꼐 드시는분들도 많이볼수있습니다."
7834887,4,,합정동 상수동 사이 당인리 발전소 길쪽에 있는 느낌있는 카페입니다. 커피도 무난하고 케이크 등 디저트도 있어요
7834887,5,,"저는 이 커피 가게들은 여러 가지지 이유로 인해. 먼저 생각하는 디자인은 훌륭하고 그런 분위기에 커피숍과 같은 곳. 방법이나 모든 것이 친근함이라는 합니다 이곳을 강력 추천합니다. 여기서 놀라운 커피, 여기 있어 보이고 방문 할 수 있습니다"
3264721,4,,"서울역 기차역과 공항철도역 사이에 위치하고 있는 던킨도너츠 매장 입니다. 여느 매장과 맛은 동일하지만, 서울역에 위치한 다른 음식점들의 퀄리티가 좋지 않다는 점을 상기해 본다면, 이곳은 꽤 괜찮은 선택이 될 수 있습니다.
맛있는 도넛과 커피를 사는 것은 좋으나, 매너 있는 시민이라면 공항철도나 전철 내에서 커피를 들고 타는 것은 지양하도록 합시다."
3264721,4,,나는 홍콩에서 아메리칸 스타일의 도넛을 먹는 것을 놓친다. (Krispy Kreme이 와서 갔다.) 그래서 나는 해외에있을 때 항상 도넛을 먹으려 고한다. Dunkin Donuts는 실망하지 않습니다.
3264721,5,,"공항철도 타기 전에 들려서 간단하게 커피와 도너츠를 구입합니다. 
사람은 항상 많지만 직원들 익숙하게 빠르게 서비스해줍니다. 
도너츠에 최적화된 커피 맛있구요
슈가글레이즈는 언제나 베스트죠."
3264721,4,,간단하게 커피나 도닛츠 먹기 좋구 최근 굿즈도 많이 팔아서 좋네요 저는 던킨글레이즈드 먹는데 심플하고 괜잖아요 ㅎㅎㅎ
3264721,4,,우리가 얻은 도넛은 맛있었습니다. 그것은 깨끗했고 서비스는 빠르고 효율적이며 친절했습니다. 정말이 곳을 즐겨라. 노동자들은 정말로 친절하고 친절합니다. 모든 것이 완벽에 가깝습니다.
3264721,4,,"연말에 꼭 ktx탈때마다 식사거리 구입후 후식용으로 이곳에 들러 도너스를 구입합니다. 

매장에서 먹지 않고 테이크아웃을 주로 해서 이용하는데 기차 출발 시간에 미리 마춰 늦지 않게 방문합니다.

다양한 도너츠와 따뜻한 커피를 구입후 떠나는 여행은 늘 기분이 좋습니다."
3264721,4,,"좋은 커피와 단 것이 도너츠 샌드위치는 ok이었고, 신선하게 준비되었다. 내가 예상 한대로 서비스 수준, 빠르고 정확함 :)"
3264721,4,,서울역에서 지하철 1호선과 4호선을 타러 가는 길목에 있어서 위치가 아주 좋습니다. 공교롭게 바로 옆에 파리바게뜨와 붙어 있는게 재밌습니다. 서울역에서 친구를 기다리기에 이보다 더 좋은 장소는 없는 것 같습니다. 생각보다 내부도 넓어서 놀랬습니다.
3264721,4,,많은 다양성과 우리 마음에 드는 사람은 코코넛 도넛과 땅콩 도넛입니다. 가게를 몇 번 방문하여 더 많은 도넛을 먹었습니다.
3264721,3,,가볍게 머핀샌드위치와 커피 등을 사서 출장가는 아침식사 준비하기 편함. 가끔 사람이 많이 몰릴 때는 줄서서 기다려야 하는 경우도 있음. 기차 시간이 남을때는 주문 후 매장안 테이블에서 시간 보내기도 좋음
3264721,5,,"* 첫 번째. 나는 사진을 또 다른 카페들도 몇몇 보이기 때문이죠. 그곳에는 3 - 4 던킨 카페, 이런 사람들도 있어. 이 주소는 표시된 던킨 카페 에요 실링성이 사이에 위치하고 했습니다. 훨씬 더 창동역서부 금육재.

이곳은 제가 가장 좋아하는 카페가 있다. 로비는 제가 했습니다. 저는 보통 아이스 아메리카노 orderd!
작은 공간에서 먹을 수 있는 (-). 하, 할 수 있는 편리함. 하고 잠시 쉴 수 있는 경우, 다른 카페 요."
3264721,3,,지하철역과 서울역 의 통로 중간에 위치
3264721,3,,"테이크아웃해서~ 커피랑도넛 사기 좋아요~ 
할인카드 도 이용할수 있는체인점이라서 좋아요~ 
공간은 협소해서 앉아서 먹기는 불편해요"
3264721,5,,"평소 달달한 것을 좋아하는 식성 때문에, 던킨 도너츠는 주 1회 이상 방문하고는 합니다. 제가 주로 좋아하는 도너츠는 기본 도너츠로, 별도의 데코레이션이 있지 않은 기본 메뉴입니다. 최근에 많은 인기를 얻고 있는, 크림 치즈나 블루베리 치즈가 함유되어 있는 도넛들을 먹어 봤는데, 너무 달지도 않고 딱 먹기 적당한 당도여서 매우 만족스러웠습니다.^^"
3264721,5,,던킨 도너츠 공항철도 서울역점 좋습니다.
9287155,4,,매장이 깔끔하고 즐기기좋은 분위기입니다
9287155,4,,"대로변이 아니라 골목안에 위치해있어 오히려 좀 더 한적하고 좋았습니다. 
창가자리도 넓고 쾌적합니다.
항상 인절미 빙수를 시키다가 망고빙수를 주문했는데 니맛도 내맛도 아닌 심심함..? 
역시 설빙은 인절미가 진리라는 것을 깨닫게 되네요."
9287155,5,,"빙수를 파는이 깔끔한 카페에 부딪쳤다. 그러나 사고. 다양한 빙수가 있으며 영어, 태국어, 일본어 및 중국어 메뉴가 있습니다. 빙수는 맛있다. 그들은 Bingsu의 위에 다른 간식 품목을 판매합니다."
9287155,4,,위치가 조금 찾기 애매했고 매장도 생각보다 넓지 않았지만 종류도 다양하고 저렴한 빙수가 맛있어요. 빙수 가성비 굿이예요
9287155,4,,시즌마다 새롭게 등장하는 온갖 종류의 빙수들은 하나도 빠짐 없이 모두 맛있다. 하지만 설빙에서 추천할만한 메뉴는 끊임없이 변하는 메뉴 중에서도 굳건히 자리를 지키고 있는 인절미설빙이다. 기본 메뉴 같아 시시하다는 생각이 들 수도 있지만 자주 먹다보면 돌고돌아 결국 다시 인절미 설빙만 찾게 된다. 설빙 홍대입구역점은 9번출구에서 가깝다보니 계절 불문 언제나 사람들로 북적여 대기를 해야하는 경우도 있지만 좌석수가 많다보니 조금만 기다리면 자리에 앉을 수 있다.
9287155,4,,"Sulbing Korean Dessert cafe에서 디저트를 맛보는 것이 좋습니다.
우리는 일요일 오후에 홍대 콘센트를 방문했다. 장소는 젊은이와 관광객으로 가득했다. 카페는 크지 만 좌석이 너무 많았습니다.
흥미로운 디저트가 다양했습니다. 우리는 인절미 토스트를 우리 나라 빵 토스트에 가깝게 주문하기로 결정했습니다.
토스트는 좋았고 채우기는 풍부했지만 매우 달콤했습니다.
흥미로운 경험이었습니다."
9287155,5,,"우리는 인절미 토스트를 좋아했는데 정말 좋았습니다. 멜론 빙수는 눈에 띄었다. 우리는 돌아 왔고, 다른 날에 딸기 빙수와 티라미수를 주문했다. 우리가 서울을 탐험 하면서이 카페는 우리에게 좋은 발견이었습니다. 한국으로 돌아 오면 돌아올 것이다!"
9287155,5,,"진짜 마지막 전화, 그런 더운 날씨에 아이스크림에 다시 앉아. 도착한 첫날에 처음으로 진짜 녹차가 부탁되었습니다. 이 시간은 치즈 호의입니다! 이 진짜 디저트를 꼭 맛보아야합니다!"
9287155,1,,"한국에는 수많은 커피 숍이 있습니다. 분명히 한국 사람들은 그들의 커피에서 절반과 절반을 사용하지 않는다. 드립 커피는 라떼와 에스프레소가 더 비쌉니다. 그래서 대부분의 장소는 정기적 인 드립 커피를 제공하지 않습니다. 나는 똑 바른 까만 커피를 좋아하지 않아 많은 커피 전문점들이 뜨거운 아메리카노를 주문할 때 소량의 우유를 추가하도록 제안함으로써 나를 수용 할 수있게되었습니다. 나는 Hongdae에서의 Sulbing이 나의 보통의 뜨거운 Americano를 주문했던이 장소를 찾아 갔다. 카운터에 앉아있는 큰 우유 병이있었습니다. 나는 커피에 우유를 조금 더할 수 있는지 서버에 물었고, ""우유를 넣으려면 왜 라떼 대신 물어 보지 않으셨습니까?""라고 물었다. 그런 다음 ""아니오""라고 대답했습니다. 그는 절대 내게 아무것도주지 않을 것입니다. 나는 내가 사용할 우유에 돈을 조금 주겠지 만 그의 반응은 너무 예기치 않았고 부끄러웠다. 왜냐하면 서버가 너무 무례하기 때문에 나는 절대 말문이 있었다. 이것은 내 한국 여행을 완전히 망 쳤어. 이 위치에 가서 무례한 반응과 끔찍한 고객 서비스를받는 것을 숙지하십시오!"
9287155,5,,"한국에서는 매우 인기있는 디저트 인 Sulbing이 면도 된 얼음, 과일, 농축 우유, 아이스크림 및 치즈의 신선하고 맛있는 칵테일입니다.
한국의 디저트 카페는 다양한 토핑을 선택할 수있는 국내 최고의 요리점 중 하나입니다.
우리는 Apple Mango - 신선한 과일과 모든 종류의 yumminess를 선택했습니다!"
9287155,4,,"가격도 저렴한 편이라 부담이 없고, 메뉴 대부분이 괜찮은 것 같습니다. 꾸준히 신메뉴가 나와서 마음에 드네요. 편안한 장소입니다."
9287155,4,,외국 친구와 홍대에서 만났는데 빙수가 먹고싶다고 해서 들른곳이에요 홍대에 워낙 사람이 많아서 걱정 했는데 매장이 넓직해서 여유롭고 좋았어요 빙수도 맛있었습니다
9287155,4,,"혹시 한국을 방문했다면, 당신은 술에 취해 보셔야합니다! Sulbing은 한국의 유명한 디저트 카페입니다. 대부분의 사람들은 디저트를 먹고 싶을 때 술링을 방문합니다. 오늘 나는 내 친구와 홍대에서 쇼핑을 갔다. 그 후, 우리는 디저트를 먹고 쉬기로 결심했다. 2 층에 위치한 홍대 술링 (Sulbing)은 상점이 크다. 규모는 크지 만 비즈니스가 정말 좋기 때문에 자리가 가득 찬 경우가 있습니다.
우리가 카페에 들어갔을 때, 우리는 거대한 곰이 입구의 벤치에 앉아있는 것을 보았습니다. 그것으로 사진을 찍는 많은 사람들. 눈송이의 계절 메뉴는 복숭아와 망고입니다. 우리는 Apple Mango Cheese Sulbing을 주문했습니다. 술에 약간의 농축 우유가 들어 있습니다. 나는 우유와 함께 먹는 것을 좋아하지만, 너무 달지 않고 먹기를 좋아하지 않는 사람들은 우유를 보충하지 않고 먹을 수 있습니다. 눈송이는 부드럽고 달콤합니다. 바닐라 아이스크림, 치즈 조각 및 망고가 많이 있습니다. 나는 치즈가 좋고, 망고는 약간 딱딱하고 시큼하다. 그러나 그것은 아직도 멋지다. 부분은 꽤 크고, 하나는 2-3 명 정도면 충분합니다.
계절 과일 메뉴는 시즌 중에 만 먹을 수 있기 때문에 추천합니다. 언제나 많은 고객이 있기 때문에 술을 마시는 환경은 항상 시끄 럽습니다. 디저트를 먹을 수는 있지만, 친구와 이야기하고 휴식을 취할 장소를 찾고 싶다면 적당하지 않다고 생각합니다."
9287155,5,,빙수 프랜차이즈 중에 제일 적당하고 무난해요. 맛도 괜찮고 가격도 적당한 편입니다. 주로 망고와 치즈가 들어간 빙수 좋아해요!
9287155,3,,"가게 입장에선 좋을 수 있는데, 매장 안이 너무 정신이 없다. 사람들의 수요에 비해 매장 공간이 턱없이 부족하다. 3번 가면 2번은 자리가 없어 나오게 된다. 설빙 맛이야 프렌차이즈라 거기서 거기인건 확실하다. 이곳은 자리가 없을 확률이 매우 높으니 홍익대학교 정문 근처 놀이터에도 지점이 있으니 그곳을 방문하도록 하자."
4100729,4,,"커플 데이트에 딱 좋은 곳, 마우스 래빗 커피"
4100729,4,,슈퍼주니어 멤버중 한명이 운영한다고도 하고 사람도 많길래 가봤어요 음 그냥 저는 그랬어요 뭐 나쁘지도 좋지도 않은..ㅎㅎ
4100729,4,,사람들이 줄 서 있어서 들어가본곳인데 연예인이
4100729,3,,"슈퍼주니어 가수가 차린 곳이라고 해요..누구라고 하던데..
아기자기한 소품이 인상적이에요.어두컴컴했던 기억이.ㅋㅋ
토끼 그림 로고가 인상적이었던 곳"
4100729,5,,카페 분위기는 따뜻하고 차게하기에 좋습니다. 우리는 americano와 카페 라떼를 반짝 반짝 빛나게했다. 둘 다 완벽합니다. 그들의 치즈 케이크는 매우 맛있습니다. 권장 사항.
4100729,5,,내가 한국에 갔을 때 카페를 들렀다. 그리고 대기는 매우 편안하고 편안하다. 훌륭한 커피와 훌륭한 음식!
4100729,2,,유명한것과 달리 가격은 너무 비싸고 커피맛은 무난할뿐.. 단 한번 이용하고 말았습니다 추천하고싶진않아요
4100729,4,,"하도 사람많아서 뭔가 했는데 슈퍼주니어가 운영하는 카페라고..
아기자기하고 귀엽지만 사람이 너무 많아 시끄럽다."
4100729,5,,당신이 Sj 팬 경우 시간을 보내기에 좋은 곳
4100729,5,,우리 딸이 슈퍼 주니어이고 특별히 Yesung 팬이기 때문에 우리는 여기서 나가기 위해 나섰습니다. 대기는 정말로 멋졌다 - 위층의 더 큰 좌석 지역과 더불어. 우리가 거기에 갔던 비오는 날에 매우 아늑한 것을 느꼈다. 디저트는 좋았습니다 - 특히 면도 한 아이스 디저트.
4100729,3,,"아는 동생이랑 카페 어디 갈지 헤매다가 우연히 들어간 카페입니다
인테리어도 아기자기하고 커피도 맛있어요~"
4100729,5,,"지하부터 2층까지 자리도 넓고
가격도 괜찮고 아기자기하게 구경할게많아요~
민트라떼추천합니다!!"
4100729,3,,"우연히 들어갔는데 아기자기 취향저격이었음.
외국인들이 엄청 많음.
알고보니 슈주 예성인가 하는 카페라고,,"
4100729,3,,"건대에 살고 있어서 우연히 가게된곳인데..갑자기 사람들이 줄을 서길래 했더니 아이돌이 주문을 받는..상황?
커피맛도 괜찮고 사람들은 많았지만 나쁘지 않았던^^"
4100729,4,,"지하에서 2층까지 한 건물 전체가 카페임. 가격이나 맛은 평범 분위기가 좋음. 2층은 아기자기한 느낌이고 1층은 카페의 정석같은 느낌. 지하는 아늑함.
슈퍼주니어 예성의 가족이 운영하는 카페로 알려져 가끔은 사람이 폭발하여 시끄러울때도 있음"
9209436,5,,"주말에도 결혼식장 인근이라 그런지 사람이 많습니다.
아주 많은 것은 아니지만. 
그래도 공간이 넓어서 쾌적하게 이용가능합니다.
밤에는 약간 추워요"
9209436,4,,퇴근시간 피해서 가면 조용히 즐길 수 있음. 테이블 간격이 넓어서 좋다. 베이커리메뉴도 훌륭. 특히 티라미수는 제법 맛이 좋아서 자주 먹게 되는 메뉴. 드립커피도 즐길만 한 곳.
9209436,5,,"나는 보통 커피를 마시지 않지만, 나는 때때로 컵을 신경 쓰지 않습니다. 나는 한국인들이 커피를 얼마나 사랑하는지 들었다. 그래서 나는 그것을 시도해야한다고 생각했다.

나는이 자리를 온라인에서 발견하고 그것을 확인하기로 결정했다. 그것은 커피와 대화에 사로 잡힌 사람들로 가득 찼습니다. . . 아주 좋은 신호.

우유가없는 낙농 옵션을 요청 했으므로 총알을 제외하고 우유 한잔으로 카푸치노를 주문했습니다. 그것은 매끄럽고 크림 같았다 - 완전했다.

Terarosa를 강력 추천합니다!"
9209436,4,,카페로 원래 유명한 곳이지만 여기 광화문점은 브런치로 오히려 더 유명해진... 브런치 맛있는데 조금 비싸요. 브런지 메뉴는 매일 바뀝니다. 그리고 한정이라 늦게가면 못 드실 수 있어요.
9209436,4,,"테라로사 광화문점에 브런치가 11시에 시작한다고 해서 10분전에 가서 정각에 먹었습니다.
세 가지 메뉴 고르고 먹었는데 다들 맛있고 분위기도 좋다는 평이었습니다. 
가격은 살짝 비싸다는 느낌이구요."
9209436,5,,"강릉의 유명한 테라로사의 광화문 분점. 널찍한 분위기가 좋으나 다소 소란스러움. 핸드 드립 전문인 곳. 자체적으로 한 블랜드를 골라서 핸드드립을 할 수 있다. 오늘의 드립 커피로 지정해놓은 것들이 있고, 이번에 마신 건 브라질 파비아노. 일단 핸드 드립 특유의 씻은 맛이 좋다. 신맛이 있지만 약간 신맛이라 신지도 모르겠다. 고소함과 같이 나서 좋다."
9209436,5,,"광화문 인근에는 유명한 카페들이 많지만 잘 알려지지 않은 곳들이 많다. 이 곳은 대중적이면서도 제대로된 핸드드립 커피른 마실 수 있다. 커피값은 당연히 비싼편이며 드립은 아이스로도 가능하다. 
에스프레소 메뉴보다는 바리스타들이 정성을 들여만드는 드립커피가 더 뛰어나다.
베이커리에서 판매 하는 빵과 디저트 메뉴들도 훌륭하며, 브런치 메뉴들도 있다.
위치가 광화문 특히 일본 대사관 부근이라 집회나 시위가 있을 경우 복잡한 것은 감수해야 한다."
9209436,3,,"강릉에 있는 본점을 먼저 가보았는데 
그곳에 사람이 어찌나 많던지 
객관적으로 보았을때 맛이 아주 훌륭한 것은 잘 모르겠ㄱ
입소문이 잘 나서인듯."
9209436,4,,"광화문에서 커피맛 빵 맛있는 테라로사
But, 손님 너무 많아서 넓어도 너무 시끄럽고 정신없어요
그럼에도 커피맛은 정말 좋아요"
9209436,3,,"유명하다고 해서 방문했는데 개인적으로 그렇게 맛있는지 모르겠다. 라떼와 아메리카노, 티를 시켰는데 커피는 정말 모르겠다. 그냥 같이 파는 쿠키 4종류가 있는데 가격대비 퀄리티가 좋아보여서 쿠키가 먹고 싶다는 생각밖에 안들었다."
9209436,4,,다양한 커피맛을 맛볼수 있어서 좋습니다 들어갈때부터 향긋한 커피향이 기분을 좋게해줍니다 추천해요
9209436,4,,공간도 넓어 책을 읽기에도 작업을 하기에도 좋은 공간. 브런치를 즐기기에도 좋고 빵 자체가 맛있어 간간히 들러요
9209436,4,,"Seoul, Seoul, South Korea"
9209436,4,,주말과 휴일 아침 조용히 커피 음미하기 좋은 곳
9209436,5,,양평에서 즐기던 그 맛을 그대로 광화문에서 즐길 수 있음. 평일 낮에는 직장인들로 붐비는 편임.
2434879,5,,"진짜 사람이 많네요
약속 장소로 잡기에 사람들이 찾기가 좀 어렵긴해요
시계탑 기준 오른쪽으로 가라고 꼭 얘기해야할듯

아이스크림 라떼 먹었습니다~~~
커피맛은 보장되는 곳"
2434879,5,,신세계 백화점에서 그래도 커피 한잔 하려면 여기가 낳은데 보통 자리가 없고 있어도 너무나 시끄러움 그래도 폴바셋 커피 맛남
2434879,3,,붐벼서 빈자리가 잘 나지 않는다. 새로 팔기 시작한 포르투갈 나타가 별미. 속에 계란 크림이 단맛이 은은하고 좋다. 겉에 과자컵은 얇고 바삭하다.
2434879,5,,"라떼 하면 폴바셋이니까요
아이스크림라떼 먹으러 종종 갑니다

얼마전 신한탑스클럽 행사해서 넘 좋았어요
카톡 아이스크림 쿠폰 종종 쓰는데
놓칠때도 많아요"
2434879,5,,"나는 너무 늦어서 바리 스타로 만든 손 드립 커피를 얻지 못했지만, 보통의 에스프레소 기반 커피도 맛있었습니다. 가치가있는 돈!"
2434879,5,,"신세계 백화점 옆 파미에 파크에 있는 폴 바셋입니다.
커피가 정말 괜찮습니다.  아이스크림도 좋구요.
식사하고 디저트 하러 가기 정말 좋은 곳입니다. 
직원들도 친절하고 깔끔해서 좋습니다!"
2434879,5,,"지하일층의 맛있고 달콤한 냄새를 지나가다보면 폴바셋 커피냄새가 너무나 유혹적입니다~
커피 마시기 어려운 오후에는 아이스크림 메론맛도 역시 좋아요"
2434879,4,,"커피의 향도 괜찮지만 아이스크림과 섞여 풍미가 2배입니다.

아이스크림이 맛있는건지 커피가 맛있는건지 드셔보세요 

부드러움과 풍부한맛이 같이 있습니다"
2434879,3,,"카페는 크고, 밝고 현대적이었다. 그것은 큰 창문을 가지고있어서 세상을 바깥으로 볼 수 있습니다. 아침 식사를하는 것은 편안한 곳이었습니다. 그것은 카운터 밑에서 음식의 범위를 가지고 커피 전문으로 보였다. 두장의 삶은 달걀을 식사로 판매하는 것이 한국산 일종의 것으로 보이며, 치즈와 같은 일종의 달걀 빵도 꽤 인기가있는 것으로 보인다. 우리는 2 개의 달걀 빵, 카푸치노와 백작 케이크 롤을 가지고 있습니다. 그들은 모두 아주 좋았습니다. 커피와 함께 5500 콤보 달걀 롤은 좋은 가치였다."
2434879,4,,"언제나 붐빕니다. 지하이고 백화점 입구라 유동인구도 많구요. 
커피 행사는 종종 하는 것 같은데 사람이 워낙 많아서.. 백화점 내의 스타벅스가 덜 붐비기도 합니다."
2434879,5,,폴바셋 아이스크림은 계속 먹고싶어서 두개를 먹어도 맛있어요. 또한 항상 친절하셔서 자꾸 가게되는 것 같아요.
2434879,5,,신세계가면 꼭 들리는곳 개인적으로 여기 라떼맛이 정말 맛있어요 밍밍하지않고 진해서 좋아합니다 아이스크림도 꼭 드셔보세요 강추
2434879,4,,"신세계 백화점 지하 매장들이 다 그렇듯이 항상 사람들이 줄 서 있는 매장이에요
특히나 자리가 사람에 비해서 그렇게 많지 않다보니 자리 전쟁이 장난아니에요
속편하게 테이크아웃 할거 아니면 가기가 꺼려지는 곳이에요"
2434879,3,,"폴바셋 홍차 아이스크림 맛납니다. 거기에 시원한 아메리카노
여름엔 좋네요. 친구와 함께 가보세요."
2434879,5,,"체인커피 좋아하지 않지만,
그래도 좋아하는 커피는 폴바셋~
신세계백화점 쇼핑가서 줄서기 귀찮지만 쇼핑 후 폴바세 카페라떼 한잔 마시면 피곤이 날라갑니다"
12231865,4,,"인더스트리얼 빈티지 까페의 원조격
커피맛은 보통. 좋은 뷰 
사람많지만 그래도 좌석들이 다댝다닥 붙어있지않아서 괜찮음"
12231865,5,,"이런 분위기의 까페의 시초
언제나 사람이 많지만 천장도 높고 답답하지 않게 배치되어있어서 괜찮음
윗층에서 바라보는 풍경이 예쁨"
12231865,5,,입구에서 커피향과 커피내리는 모습등~ 분위기 좋아요. 이곳에서는 드립커피를 마셔야할것 같아서 드립커피를 주문했는데 좋았어요. 분위기도 좋고 원두도 구입할수 있어좋아요
12231865,5,,"심플하고 군더더기 없는 인테리어
날것의 인테리어가 다소 차갑게는 느껴지지만 심플해서 좋구요 다만 실내가 그렇게 따뜻하진 않았어요 ㅜ 
커피는 향이좋고 고소했고 원한다면 산미가 있는 원두로도 택할 수 있어요
라즈베리가 콕 박힌 파운드케익과 브라우니도 달지 않고 적당히 달달하고 촉촉해 맛있었네요"
12231865,5,,가장 좋아하는 커피숍이고 스페셜티 브랜드라 커피 맛도 좋아요! 마차 티라미수도 맛있고 파운드도 맛있습니다. 유명해져서 인지 요즘 부쩍 외국인 관광객들도 많아요!!
12231865,5,,훌륭한 인테리어와 익히 알려진 커피 맛으로 방문할 가치가 충분한 곳입니다. 하지만 너무 많은 방문객으로 주말에 이용시에는 분빕니다.
12231865,4,,"1층에 보이는 로스팅실 너머 경관이 너무 좋습니다
메뉴도 전체적으로 맛있고요
자리가 아주 편안하진 않지만 한적하고 방해받지 않는 분위기라 앉아있기 좋아요
좀 춥긴 하네요"
12231865,5,,"나는 이태원 산책 후 남자친구와 함께 갔습니다. . 세련된 화려한 사람들로 가득한 아름다운 곳.

커피는 좀 비싸요 이디야 등 커피 지사 비해. 다른 목적지로) 커피 다양한 종류의 및 맛.
나는 커피, 특히 녹차 피난시에, 너무나 일부 스낵 좋습니다.

대부분의 시간을 어떤 전시가 있어서 휴식을 취하기에 좋은 중지, 채트 또는 Gget 창의적인."
12231865,5,,"커피는 커피에 중점을 둡니다. 건물의 3 층까지 감동적이고 넓고 개방적이며 잔인한 공간을 제공하는 멋지고 상쾌한 인테리어 디자인은 소비에트 연방의 옛 영화를 연상케합니다. 3 층은 또한 매장 빵집 주방에 대한 열린 모습을 제공합니다. 당신이 1 개의 길거리를 향해 내려갈 때, 당신은 또한 성격을 형성하는 다소 모호한 정원으로 부딪 칠 것입니다. 마지막으로, 실제 중 2 층은 서울시를 배경으로하는 원두 커피의 실제 구이를 한눈에 볼 수 있습니다.

개자식이나 이태원 방문객이라면 반드시이 커피 숍을 방문하십시오."
12231865,5,,"이태원은 서울에, 전체 매우 트렌디한 동네.

이 무광 커피 커피와 케이크를 수 있는 매우 멋진 곳, 이곳은 매우 좋았고, 시원한

이곳을 좋아합니다."
12231865,5,,이태원은 너무 귀찮다! 여기 카페를 사랑해.
12231865,3,,"분위기도 좋고 커피 맛도 나쁘진 않습니다.

하지만 꽤 소란스러운 공간이다 보니, 대화하기가 조금 힘들수 있습니다.

제일기획에서 한강진 역 방향으로 내려가다 보면 오른편에 위치해 있습니다."
12231865,4,,"커피 맛도 나쁘지 않고
무엇보다 뷰가 매우 좋아요.
날씨 좋을때 가길 추천합니다.
가게 내부 인테리어도 예뻐요."
12231865,5,,인테리어는 연식이 좀 된 커다란 단독주택을 개조한 느낌입니다. 트렌디한 느낌이 있어 요즘 인스타에서 왜 각광받는지 알겠더라고요. 말차 라떼가 아주 맛있습니다.
12231865,4,,"저는 루프탑에 올라가서 주문을 했어요. 
말차 라떼 별로 기대하지 않고 시켰는데 맛있어서 솔직히 깜짝 놀랐습니다. 
한남동 땅값 비싼데 그 중에서도 제일모직 근처를 루프탑에서 구경할 수 있다는 점은 좋았어요."
20086037,3,,"창가 자리에 앉으면 뷰가 좋고 음식맛은 평범한 편 
셀프로 음식 가지고 날라야되서 좀 번거롭고 그래도 가격이 비싸지 않아서 좋아요~"
15357634,4,,"Seoul, Seoul, South Korea"
15357634,3,,"커피는 맛있는 편이지만 이 근처에 맛있는 커피집이 너무너무 많은데, 그에 비해 가격이 비싼 듯해요. 일부 바닥에 돌이 깔려 있어 걷기도 불편했고, 메뉴에 대해 질문을 했을 때 직원이 제대로 답변을 못했어요. 이제 생긴지 꽤 지났으니 좀 달라졌을까요."
15357634,5,,"따뜻하고 쾌적한 곳입니다.
바리 스타는 부드럽고 친절합니다. 여행하는 동안 아침에 ""맛있고 보장 된 커피""로 하루를 시작하는 것이 좋습니다.

그것은 평평한 흰색과 긴 검은 색을 판매하고 간단한 베이커리를 가지고 있습니다. 서울의 특선을 경험할 수 있습니다.

조계사 (Jogyesa Temple)에서 도보로 5 분 거리이므로 잠깐 쉬어보세요.

???? ???? ?.
?????? ?????. ?? ? ??? '??? ? ?? ??? ?? '? ??? ??? ???? ? ??.

?????? ???? ?? ??? ????? ??. ??? ???? ??? ???? ? ??.

????? ??? ????? ?? ??? ?? ??."
15357634,5,,"??? ?? ?????.

?? ????? ???? ??? ?? ?????? ??? ??????. ???? ??? ???? ?? ???????.

모든 사람들이 평평한 흰색에 대해 이야기하기 때문에 나는 그것을 시도해 보았습니다. 놀랍게도 좋았습니다. 그것은 심지어 벚꽃 우유 차처럼 맛이났다.

그들의 내부 구조도 상당히 흥미 롭습니다.

거기를 방문하십시오. 너는 그 경험을 즐긴다.

커피와 분위기 모두 훌륭했습니다."
15357634,5,,"그들의 커피는 최고의 마을 중 하나입니다. 그리고 또한, 그들의 치즈 케이크는 굉장했습니다.

당신이 커피를 좋아한다면, 후회하지 않을 것입니다."
15357634,5,,"서울에있는 동안 방문해야합니다.
이곳의 멋진 분위기와 직원들은 현장에서 처리하는 모든 커피에 슈퍼 관여합니다.
나는이 장소를 절대적으로 좋아하고, 당신이 여기에 오는 경우에 latte를 추천 할 것이다.

??? ??? ?? ???? ??? ???? ?? ?? ??? ???? ?? ??? ????
??? ???? ????, ??? ?? ?? ?? ???
??? ????? ?????"
15357634,5,,진짜 커피를 하는 - 오피스타운 리프레시 포인트.
15357634,5,,Good Korean Vibe Cafe
9245756,3,,"코엑스 내부에 있는 매장이라 그런지 매장이 굉장히 협소하고, 앉을 수 있는 자리가 많지 않습니다. 
음료는 빨리 나오는 편이지만 주문하기까지가 오래 걸립니다. 
코로나 때문에 별마당 도서관이나 코엑스 내부에서의 취식이 불가능합니다 ."
9245756,4,,"스타벅스 코엑스몰점
코엑스몰안에 여러개 스타벅스가 있어서 찾기는쉬우나 사람들이 많아서 자리잡는게 힘든편입니다."
9245756,4,,내 모카 플랩 있어요! 주에서와 마찬가지로 맛있었습니다!
9245756,4,,"한국에서 커피 문화가 시작되었습니다. 많은 지역 및 국제 브랜드가 있습니다. 여기서 스타 벅스를 만나는 것이 놀랍지 않습니다. 나는 거의 모든 주요 브랜드를 시도했습니다. Hollys, Paik, Pascucci, Beansbins, Angels In Us, 파리 섬 바게트, 에디 야. 기타 지역 카페가 있습니다. 문제 없다."
9245756,4,,봉은사역에서 스타필드코엑스로 들어오는 입구에 있는 스타벅스네요 매장이 깨끗하고 직원들도 아주 친절하고 아이스라떼를 참 맛나게 잘 만드네요
9245756,5,,"코엑스 가면 그냥 지나치질 못하고
꼭 한 잔 주문 해서 마십니다
스벅 매니야이기도 하구요 ㅎㅎㅎㅎ
워낙 믈 사람이 많아서 테이크아웃 할때가 많나요"
9245756,4,,코엑스몰 안에 있는  스타벅스에요. 메가박스에서 가까워요 내부가 크지는 않고 사람이 붐비는 편이에요. 따뜻한 아메리카노는 좋았어요.
9245756,4,,"물론 코엑스라는 장소의 특성상 많이 사람이 몰릴 수 밖에 없긴 합니다만, 주말같은 때에는 여길 목적으로 가시기 보다는 어쩔 수 없을 때에 혹시 자리가 있다면 이용하시는 게 좋을 수도 있습니다."
9245756,4,,"메가박스 가면 꼭 들리는데..언제나 사람으로 북적거려요.
그래도 확실히 주문이나 음료도 빠르게 잘 처리해주는 편이더라구요. 공간이 좀 협소한 느낌이지만..ㅎㅎ"
9245756,4,,앉을 자리를 찾기 어렵습니다. 맛? 세계 다른. 꽤 좋은 장식. 봉은사 일대가 당시 행정구역상 지하철 밀접하게 위치는 참 좋았어요.
9245756,3,,"아침 떨어졌습니다. 코엑스 몰 연 스타벅스, 그리고 빈/조용한. 잘 모르겠습니다. 어디

실제로 Hojicha 라테 떨어지더군요"
9245756,5,,"사람들이 늘 바글바글하지만
꼭 들리게 되네요

친구랑 약속해서 만나기 좋구요
위치 찾기 좋으니까요

커피맛이야 전세계 똑같으니 뭐 굿굿"
9245756,3,,사람많아도 안쪽공간까지 있어서 넓고 편하게 이용가능해요~ 메뉴도 금방금방나오네요^^. . .
9245756,3,,인기 쇼핑몰 코엑스몰에 있는 스타벅스 지점중 하나
9245756,3,,"바로앞에 영화관, 지하철역이 있어서 그런지 사람들로 늘 붐벼요..
 그치만 스타벅스 커피맛때문에 방문하고요.. 테이크아웃하기가 더 좋아요."
25173677,,,
9598544,4,,브런치가 맛있고 아날로그스러운 분위기가 아주 밝고 좋은 레스토랑이에요. 건강에 좋음직한 메뉴들이 많았는데 가든브런치 좋았습니다.
9598544,5,,"음식은 맛있었습니다. 우리는 카르도 나라 치즈와 네 치즈를 먹었어? 피자. 파스타의 버섯은 조금 원시 시식이었다. 그러나 피자는 매우 좋았다. 분위기도 정말 좋았고, 얌전하게 대해 완벽했고, 웨이트리스는 매우 친절하고 친근했습니다."
9598544,5,,우연히 들어갔다 최고의 브런치가게를 발견!
9598544,5,,이 곳은 너무 아늑합니다! 우리는 맛있는 성분으로 가득한 여기의 굉장한 아침 식사를 먹었다! 그들에는 또한 아주 귀여운 개가있다!
9598544,5,,"카페는 브런치에 좋습니다! 메뉴가 광범위하지는 않지만, 제공되는 음식은 정말 맛있고 가격도 괜찮습니다. 카페에는 채식주의자를위한 옵션도 있습니다. 우리가 음식을 너무 즐겼기 때문에 우리는 머무는 동안 두 번 돌아 왔습니다! 카페는 규모가 작아서 혼잡 해지기 때문에 잠시 기다리거나 일찍 갈 준비를하십시오."
9598544,5,,"홍대 근처에있는 기이하고 즐거운 카페 인 Analog Garden은 다양한 종류의 다양한 브런치를 제공하는 아늑한 카페입니다. 우리가 서울에있을 때 방문한 두 경우 모두 음식이 일관되게 좋았지 만 (맛있고 신선함), 작은 카페는 매회 20 명 이하 만 수용 할 수 있습니다. 따라서 더 큰 당사자는 주말과 같은 정점 기간 동안 테이블을 얻는 것이 더 어려울 수 있습니다. 그럼에도 불구하고 Analog Garden은 특히 Hongdae 근처에 있다면 꼭 방문 할 가치가 있습니다."
9598544,5,,나는 많이 여기에왔다 - 큰 상사가 너무 친절하고 그들은 Tofu라고하는 귀여운 개를 가지고있다. 팔라 펠 랩을 추천합니다! 장소는 채식 레스토랑처럼 보이지만 고기 요리를 많이 제공하지는 않습니다.
9598544,4,,홍대에 있는 아날로그가든으로 11시부터 열시까지한다 주말은 좀 달랐음. 분위기는 긴테이블에 같이 합석해서 먹을것같은 분위기였다. 팔라핀랩이랑 에그앤햄 브런치로 주문했다.에그가 햄이랑 아주 맛있었다.
9598544,4,,"좋은 곳 또는 더 나은 전화 멋진 곳입니다. 젊은 사람들로 가득 차 있습니다.
4 몇 테이블 큰 테이블 함께 찾은 앞에 앉아 공유하고 있는 작은 곳입니다. ""혼자 있을 때 심지어 채트 회사 또는 누군가 만약 내 유일한 긍정적인 수 있습니다.
메뉴는 제한되어 있지만 좋은, 브런치(추천하고 정원 브런치(계란, 햄, 아보카도). 좋은 차, 커피, 초콜렛 선택. 그들은 wi-fi. 나는 묻지 않았다 그러나 전 개를 때문에 소유자 환영 저기 한 마리 가지고 있습니다.
말하고 있는 유일한 점은 이곳의 진료를 개선하고 같은 벽에 그리고 조금 큰 도움이 될 것입니다."
9598544,5,,"음식과 커피를 구하는 현지 레스토랑을 찾고 있다면 홍대 지역의이 레스토랑을 추천합니다. 나는 진한 코코넛 샤워 인 그들의 서명 음료를 맛 보았다. 맛은 좋고, 분위기는 좋습니다."
9598544,5,,"보통 나는 좋은 커피와 멋진 분위기 때문에이 카페에 왔습니다. 넓고 매력적이지만 심플하게 꾸며져 있습니다. 주인은 스웨터를 착용하고있는 소파에서 낮잠을 자며 발견되는 작은 사냥개를 가지고 있습니다. 어떤 커피를 주문하든 선택할 수있는 두 가지 블렌드 중 하나를 제공합니다. 내가이 카페 (내가 생각하는 사람)에 올 때마다 주인은 항상 거기에서 일하고있다, 때때로 그를 도와 줄 직원이 한 명있다. 작은 작업이므로 각 주문의 조립 과정에서 섬세한 관리가 이루어지며 실제로 나타납니다. 이전에는 서양 음식 이었기 때문에 메뉴에서 음식을 먹기를 꺼려하고 한국 식당에서 가격 / 크기가 크게 달라졌습니다. 나는 내가 얻은 것 (팔라 펠 랩)에 너무나 대단히 만족했으며, 다른 시간에 다른 음식을 시도 할 유일한 의도로 확실히 돌아갈 것입니다. 재료들은 모두 내가 서울에서 근무하면서 잃어 버렸던 생생하고 신선한 맛을 지니고 있었다. 나는이 조용한 곳을 경험할 누군가와 모두를 추천합니다."
9598544,5,,"메뉴를 받자마자 너무 예뻐서, 킨포크 잡지를 보는 것 같았어요. 비싸지 않은 가격에 건강한 음식을 먹을 수 있는 곳이었고요. 무엇보다도 강아지가 있어서 정겹고 좋았어요."
27951295,5,,"재료가 신선하고 달콤 하고 넘 맛있어요
최고로 맛있고 넘 친절 해요
최고 입니다
우리는 여기 매주 가족들과 와서 맛있게 먹습니다  정말 신선하고 맛있어요"
27951295,5,,"지나가다가 가게가 노란게 예쁘다고 친구땜에 끌려갔다가 푸딩먹었는데 존맛탱탱구리구리였어요
친구는 화채 막었는데 화채도 맜있데요"
27951295,5,,바나나 푸딩에 들어간 크림이 부드럽고 과자랑 초코가 달달하니 바나나랑 잘어울리고 맛있어요 수박주스는 생과일로 만드시는데 달달 시원하고 여기 미숫가루 진짜 대박입니다 맛있어서 이제 다른데거 못마실듯 ㅋㅋ 그리고 화채는 과일 종류가 여러개 들어가있어서 골라먹는재미ㅋㅋ 너무 맛있었어요 !!^^
27951295,5,,"수박주스,바나나푸딩 맛있게먹었어요
늦은 밤까지 해서 좋았습니다
매장이 이뻐서 사진찍기 좋습니다
매장이 귀엽습니다"
8651210,4,,프랜차이즈이지만 커피와 디저트가 생각보다 맛있는 카페입니다. 가격이 좀 비싸긴 하지만 이 정도면 한번쯤 먹을만 한 것 같아요.
8651210,5,,"파리바게뜨보다는 까페 느낌의 파리그라상~ 빵도 먹고 커피도 마시고 , 조용하게 이야기 하기 좋은 것 같아요. 다른 커피숍과 다르게 가족끼리 방문하기 좋은 곳 같아요. 아이와 함께 와서 샌드위치에 과일주스 먹으면 괜찮을 것 같네요"
8651210,3,,여기 커피는 괜찮습니다. 빵과 샌드위치도 괜찮고 좋다. 특별한 아무것도 할 수 있는 매일 아침 식사가 거의 먹었다.
8651210,3,,"다양한 샌드위치, 등이 구워진 상품... 넓고, 무료 와이파이, 당연히 비싸다. 멋진 곳을 찾고 있지만 도시 중심에 있고, 나쁜 것을 할 수 있습니다."
8651210,3,,"이는 인사동에 위치하여, 역을 언급한 것처럼 다른 사람들처럼 않습니다. 제가 가장 좋아하는 곳이 아니다. 테이블이 많다. 모든 사람들이 함께 앉아 있는 것 같다. 사적인 대화도 없고. 하루 늦게 저녁을 먹은 후, 거의 아무것도 선택. 들어가는 말이 많지 않고 걸어 나갔다. 멋진 경험을 하고 싶다면, 인사동 길 끝까지 걸어가서 길 건너 아몬디에 두번째입니다."
8651210,4,,저는 항상 좋아 오는 멋진 카페 이 기 때문에 다양한 제공. 신선한 빵이 있고 큰 머핀. 좌석이 있었으면 더 힘든 사람이기 때문에 이 한 자리에.
8651210,5,,"이 카페는 철도역, 계획을 3명이 가서 1 크로와상을 3. 결국 모두 있습니다. 매우 추천하고, 그들은 서울에 인천 공항 갈 지점 등."
8651210,4,,파리크라상 빵 완전 좋아하는데 하아 가격이 조금 비쌉니다 그래서 한 열개 사먹기에는 부담되는 가격이예요
8651210,3,,"분명 이집 빵은 맛이 괜찮은 편이에요.
빵의 종류도 다양하구요.

하지만 크로아상 가격이 하나에 3,000원에 육박한다는 점, 솔직히 납득하기 어렵습니다.

커피 맛은 그럭 저럭인 편입니다. 참고하세요."
8651210,5,,"파리바게트보다 더 고급지면서 맛있는 빵을 만날 수 있는 곳이죠
파리크라상 지점이 더 확대됐으면 좋겠어요"
8651210,4,,다양한 빵과 함께 커피를 즐길 수 있습니다. 고급스러운 빵들과 함꼐 즐거운 시간 갖을 수 있었습니다.
8651210,4,,남자 친구 생일이라 낙원 악기 상가에서 선물 사주고 지나가는 길에 케익 구매를 위해 방문했습니다 저녁 아홉시가 다 되어 갈때 쯤이었는데 늦은 시간이라 진열되어있는 상품들이 많진 않았어요 빵도 좀 같이 살까하고 갔었는데 케익만 구매했고 밖에서 볼때 기대했던 것 만큼 매장이 크진 않네요 직원분이 한분이라 좀 바빠 보였지만 친절하셨고 케익도 맛있었습니다 다음에 방문해서 다른 메뉴도 먹어보고 싶네요
8651210,5,,"물론 이 곳은 비싸지만 음식, 과자가 맛있는, 최고의 유럽 스타일에, 달콤한 맛도 좋고.
커피도 훌륭하고요. 쉴 수 있는 좋은 장소, 충전 및 이동..."
8983199,5,,낙성대역 근처의 빵집이에요. 단팥빵이 아주 예전부터 유명했고 요새는 맘모스로 더 유명한 거 같아요. 빵들이 아주 큼직큼직하고 실해서 인기있는 듯. 메론빵으로 보이는 빵을 먹는 중인데 안에 메론 시럽약간 들었고 크림치즈가 아주 뭉텅뭉텅 많이도 들었네요. 빵도 엄청 크고 무거움. 맛있어요. 살찌는 맛임
8983199,5,,맘모스빵 초코범벅 아주 맛있게 먹었습니다. 단팥빵은 크고 묵직한게 장점인데 엄청맛있는건 잘 모르겠고 롤케익도 그냥 무난했습니다. 맘모스빵은 줄서서 사야해서 먹어보기 힘들지만 맛있어서 또 줄서서 사고싶어집니다. 초코범벅도 찐하고 꾸덕하고 촉촉해서 아주 맛있습니다.
8983199,4,,"서울대근처 유명 빵집, 단팥빵 대기 필수"
8983199,3,,"팥이 많이 들어있고 빵이 얇아서 엄청 묵직해요. 어른들이 좋아하셔서 박스 포장으로 선물하기 좋아요. 냉동실에 쟁여놓고 하나씩 꺼내먹어요~ 
다만 언제 가도 사람이 많아서 빵 고르기가 힘들긴 해요."
8983199,3,,"무겁다는 느낌의 빵
냉동실 넣어놓고 하나씩 꺼내먹으면
시원해서 좋구요
다 좋은데
불친절해서 갈까말까 할 때가 많아요

여전히 사람은 북적북적"
8983199,5,,"아직 맘모스빵은 못먹어봤지만 항상 단팥빵과 다른 빵들 몇가지 해서 사온다.
케익이랑 롤케익도 사먹어봤는데 맛있다
재료도 아끼지 않고 빵 크기도 다 큼지막하고 먹음직스럽다.
주말에는 사람이 많아서 일찍 방문하던지 주중에 오는게 제일 좋다."
8983199,5,,"내가 자주가는 우리나라의 3대 단팥빵집 중에서 팥이 가장 무거운 곳. 
단팥빵은 계산대에서 주문이 가능. 빵 진열대에 없음. 
단팥빵으로 유명한 곳이지만 다른 빵들도 맛있음. 흑임자 슈크림빵 강추. 
항상 줄이 길어서 전 줄서기 싫으면 케잌을 사갑니다.
케익 계산대는 줄서지 않고 계산이 가능. 
초코렛가루가 묻어있는 체리케잌이 스테디셀러. 
이 집은 재료를 아끼지않고 팍팍 넣어주는 인심이 느껴짐. 
모든 빵 속의 모든 필링이 속에 한가득. 일반 빵들 가격대 2~3,4천원대
자주 가다보니 케이크 코너의 재미있는것을 발견.
가끔 처음 보는 케잌이 나올 때가 있음. 이런 케잌은 가능하다면  무조건 사야함. 
매일 나오는 것이 아님. 아마도 만드시는 분의 시도? 같은듯. ㅋㅋㅋ
여기서파는 수제초코파이도 맛있음. 
아, 샌드위치는 꼭 드셔보라고 권하고 싶다. 구매만 가능하고 따로 먹을 수 있는 곳은 없다. 
이곳이 마을버스 정류장 바로 앞에 있어서 가끔 생각없이 이곳에 주차를 하시고 
빵사러 들어오사는 분이 계셨는데 욕바가지로 먹으니 차갖고 멀리서 오시는 분들은  
어디 다른곳에 차를 세우시고 오시길...
한 번가면 이것,저것 집다보면 아마 돈,1,2만원어치 사가게 됨."
8983199,5,,집에서 멀어서 자주 가지는 못하지만 ㅠㅠ 너무맛있어요!! 가격에 비해 속재료를 아낌없이 채워 주십니다 ㅋㅋ 빵 다섯개만 사도 손이 묵직해져서 무거운 느낌마저 드는 빵집!!^^
8983199,5,,팥을 후하게 넣어주는 단팥빵으로 유명한곳인데 이번에 친구 생일겸 케이크를 사봤습니다. 케이크도 정말 실하고 생크림이 아주 맛나더라구요~!! 빵 뿐 아니라 케이크도 강추합니다~!!
8983199,5,,내 인생은 장블랑제리를 가기 전과 후로 나뉜다.
8983199,5,,"낙성대 역 앞에 있는 이 집은 정말 맛있는 빵집입니다. 

서울대 근처를 가면 꼭 들르는 곳인데, 빵이 정말 묵직합니다. 

그중에서도 단팥이 들어가 있는 모든 빵은 정말이지 밀가루보다 내용물이 훨씬 많은 느낌이 듭니다."
8983199,5,,"중독성이 있네요, 단팥빵 맛있고 가격도 저렴합니다, 초코범벅도 보기보다는 덜 달고 디저트로 좋아요"
8983199,5,,"팥빵과 맘모스가 유명하다해서 갔는데 초코범벅,베이글 등등 모든 빵이 재료가 아낌없이 들어가 엄지 척 하게되는 빵집입니다. 맘모스는 나오는 시간대가 정해져 대기번호를 받아야 구입이 가능합니다. 개인적으로 크림듬뿍 베이글 초코범벅 강추합니다"
8983199,4,,"줄서서 사는 빵집이에요. 동네빵집 느낌이고 가격이 저렴한 편인데 양이 많거나 빵 안에 내용물이 실해서 인기가 많은 것 같아요. 단팥빵, 크림치즈번, 맘모스빵 추천합니다."
8983199,4,,"단팥빵이 유명하고 실제로 지방에서도 올라와서 사는 사람들이 많은데, 사실 그 정도인지는 모르겠습니다.
동네 빵집으로는 상당한 퀄리티를 갖고 있고, 특히 맛집 빈곤지역인 서울대/낙성대 지역에 이런 빵집이 있다는 것만으로 큰 의의가 있음"
13509991,4,,FoodTraveler_theworld
13509991,5,,"그 이후로 명동을 따라 걷는 동안이 카페를 우연히 만났으며, 그 안에 무엇이 들어 있는지 궁금해졌습니다. 우리는 서울에서 마지막 날까지 마지막 날에 그것을 확인하기로 결정했으며 이곳이 권장됩니다. 인스 타 그램을 게시하고 싶은 분들에게도 아늑합니다. 음식과 커피가 좋았습니다. 추천!"
13509991,5,,진정하고 멋진 Instagram 장소를 만드는 멋진 곳
13509991,3,,일찍이 예쁜 공간을 열지 만 매우 비싸다.
13509991,5,,"가정집이라기보다는 유럽 저택의 분위기가 있는 카페입니다.
카페 밀집지역이 아닌 중국대사관 근처라 카페 규모치고는 한산하고 조용한 편이예요
팥빙수 맛있구요.
가격은..셉니다....
가성비따윈 생각하지 않고 가시는 걸 추천합니다."
13509991,5,,"브라 우니 빙 - 스와 같이 평범한 것을 보지 마라. 하지만 맛은 너무 맛있어. 가격은 13,900 원입니다. 그만한 가치가있어.
좋은 ??"
13509991,5,,"좋은 커피와 맛있는 디저트가있는 귀여운 장소. 좌석 공간이 위층에 있으며, 12 세 미만의 어린이는 허용되지 않으므로 매우 조용합니다. 분위기가 아주 훌륭하기 때문에 두 번이나갔습니다."
8920848,5,,싱그러운 인테리어와 맛있는 케익 너무 좋았습니다! 다만 사람이 너무 많아서 아이랑은 안올것 같아요!!  맛있어서 다음엔 포장배달하려고요!
8920848,4,,크리스마스날 방문했는데 10시에 문을 닫네요. 9시 35분에 도착해서 초콜릿 케이크와 치즈케이크 카모마일티를 20분만에 먹고 마셨네요. 장소가 크고 벽에 대형거울이 붙어 있어서 환한 분위기가 참 좋았어요. 초콜릿 케이크맛이 일품이었네요. 강추합니다~
8920848,5,,"그들의 두번째 베스트셀러 인 빨간 벨벳 케이크를 사랑하십시오! 그것은 꽃집 가게 옆에 있습니다. 빨간 벨벳은 촉촉하지만 조밀하지 않으며 치즈 크림은 아주 좋습니다.

그만큼"
8920848,5,,평일 오후에 친구와 함께 빌리 엔젤을 방문하여 너무 바쁘지 않았습니다. 우리는 자몽 케이크와 체리 치즈 케이크를 주문했습니다. 둘 다 놀라워 보였고 인스 타 그램에 대한 사진을 얻었지만 더 중요한 것은 케이크가 정말 맛있었습니다. 우리는 로열티 카드를 받았습니다. 10 조각의 케이크를 주문한 후에는 무료로 하나를 얻을 수 있습니다. 확실히 돌아올 것입니다.
8920848,5,,기대에 부응하는 좋은 케이크가있는 Insta 가치있는 카페
8920848,5,,레드 벨벳 케이크와 블루 베리 치즈 케이크 복숭아 우롱 차를 사용해 보았습니다. 사랑해! 좋은 서비스와 아늑한 환경
8920848,4,,"우리는 COEX 쇼핑몰에있는 Billy Angel Cake Company에갔습니다. 그것은 ""도서관""의 최상위에 있습니다. 유리 진열장에서 모든 케이크 선택을 보는 것은 너무 재미있었습니다. 우리가 주문했던 케이크는 맛 있었다. 그리고 차는 lovely했다. 그것은 매우 붐 and다. 그리고 우리는 테이블을 기다려야했다. 그러나 그것은 그것이 대중적인 케이크 레스토랑이었다라고 나에게 이야기했다. 과자에 대한 선택의 폭이 넓어 코엑스에 있으면서 맛있고 재미있는 것을 원한다면 여기에 오십시오!"
8920848,4,,"우리는 추천되었던 녹차 층 케이크의 한 조각을 가지고 있었다. 그리고 그것은 빛, 크림 같았고, 녹차와 크림의 완벽하게 균형 잡혔다. 그리고 물론, 그것은 위엄이 있었다! ! !

5 성급 빌리 엔젤이 그렇게 가치가없는 유일한 이유는 서비스가 고통스럽게 느려졌 기 때문입니다. 직원들이 이미 진열대에있는 조각 전 케이크를 제공하는 데 20 분 이상이 걸렸습니다.

시간을 절약하고 케이크와 함께 가십시오."
8920848,3,,"내 경험이 너무 그렇게되었습니다. 직원은 실제로 영어를 말하지 않았고, 내가 원하는 것을 정확히 알리려고 멈추기 전까지는 주문하지 않은 것을 입력했습니다. 대부분의 케이크는 다 팔렸다. 그러나 쵸콜릿 크레페 케이크는 ok이었다. 나의 친구는 그녀가 정말로 실망했던 콩 bingsu (특히 그것과 함께 공급되었던 오래되었던 쌀 케이크)를 얻었다. 가장 좋은 것은 장미 모히토였습니다."
8920848,5,,"친구가 맛있다고 데려갔는데 진짜 맛있었어요!
맛도 맛이지만 비주얼이!!
가격은 살짝 비싼거같아요!"
8920848,5,,"케익 가격이 좀 비싸긴한데 맛있어요!
커피는 보통입니다.

맛있을 뿐만 아니라 이뻐서 보는것만으로도 막 힐링돼요."
8920848,5,,"서울에서 쇼핑을하다가 쉬다.
케이크는 멋지게 선물된다.
나는 카라멜 케이크를 시험해 보았다.
커피와 함께 갈 수있는 좋은 선택입니다.
무지개 케이크와 초콜릿 케이크와 같은 다른 케이크도 매우 매력적입니다.

오후에 조금 달콤한 것을 원하면 케이크 숍을 추천합니다."
8920848,4,,이태원 커피 숍에 갔다. 캐러멜 케이크가 훌륭합니다! ! ! 빨간 벨벳은 아주 맛있습니다. 그러나 진짜 초콜렛은 아주 지루했습니다. 캐러멜 케이크는 가격이 아니라면 풀 폿을 얻었을 것입니다.
8920848,2,,"싫어.

내가 IFC 몰을 돌파 할 때 처음으로 빌리 엔젤을 봤고 (인상적으로) 인상을 남겼다.

나는 Itaewon에서 하나를 발견했고, 그것이 꽤 귀여웠을 정도로 비슷하게 잡혔다. 운수 나쁘게. . . 그것은 그것만큼 좋았습니다.

나는 레인보우 크레이프 케익, 캐롯 케이크 및 레드 벨벳을 주문했습니다.

모두 건조하고 건조하며 건조했습니다.

레인보우 케이크는 그 중에서도 최악이었습니다. 크림 없음. 그것 모두는 크레페에 흡수되었습니다. 내 추측으로는 디스플레이 선반에 잠시 앉아있는 것 같습니다. 사실 크레페의 끝 부분은 약간 단단하고 피 각질이났습니다.

빨간 벨벳과 당근은 조금 더 좋았지 만, 그다지 말하는 것은 아닙니다. 매우 건조합니다.

결국 23000 원의 낭비였습니다.

나는이 가게를 방문하는 것을 권장하지 않는다. 적어도 Itaewon에있는 가게."
8920848,4,,"우리는 서울의 빌리 엔젤 (Billy Angel)의 다른 지점을 방문했지만 열거 된 것을 찾을 수 없으므로 여기서 케이크를 리뷰 할 것입니다. 우리가 방문한 곳은 IFC 몰과 여의도 지하철역 사이였습니다. 그 지하에 위치하고 사실 IFC 몰에서 그것을 찾은 후 실수로 우연히 발견되었습니다.

정리하면,이 지점은 상대적으로 작지만 여전히 분주합니다. 우리는 무지개 크레페 케이크와 밀크 크레페 우유 밀크 라떼와 블루 베리 라떼를 가지고 있습니다. 레인보우 크레이프는 다양한 색상으로 인해 맛이 우거지고 독특함을 찾는다면 IG 포스트의 가치가 있습니다. 현명한 맛은 훌륭하지만 특별한 것은 아니지만 진실한 가치가 있습니다. 우리는 단순한 맛으로 우유 크레이프를 선호했고, 레이디 M의 원래 향과 함께 거기에 있습니다.
나는 블루 베리 라떼를 먹었고 이상하게 들렸지만 맛있었습니다. 어떤 사람들은 달콤하다고 느낄 수도 있지만 결코 시도한 적이 없으며 놀랍게도 좋았습니다.

 4/5 그리고 서울에있는 Billy Angel 근처에 있으면 케이크를 먹을 가치가 있습니다."
6702862,4,,"Seoul, Seoul, South Korea"
6702862,3,,"천장이 높고 인더스트리얼 풍 인테리어가 눈에 띕니다. 
가게의 중간에 있는 바에서 전문적인 바리스타분들이 커피를 만들고 계셔서 맛과 품질에 믿음이 가네요. 
다만 공간에 소음이 울리는 경향이 있고, 주차가 어려운 단점이 있어요."
6702862,5,,주차공간이 있어서 좋아요 신선하고 다양한 로스팅 원두의 커피를 즐길수있어서 좋고 케이크류도 있어서 디저트와 커피를 즐기기 좋아요 추천해요
6702862,3,,합정역에서 5분정도 걸리는 거리에 있는 커피숍으로 아메리카노는 적당히 로스팅되어 향도 좋고 은은한게 마실만하였다. 재방문 의사 있음.
6702862,5,,고급스럽고 맛있는 커피를 취향별로 골라먹을수있어서 좋아요 일요일 오후에 갔는데 사람들로 붐볐어요. 합정에서 가장 맛있는 커피를 파는곳같아요 추천해요
6702862,5,,"합정역에서 좀 걸어야하지만 언제가도 사람들이 있는 그런 카페
아르바이트를 안쓰고 전원 직원으로 운영하는 그런 카페
빵 또한 공장에서 따오는 것이 아닌 직접 직원이 만드는 카페입니다.
외국인친구들 데리고 갔는데 다들 만족했습니다.
커피메뉴를 고르고 본인 취향의 원두를 골라서 주문하는 시스템이
개개인의 취향에 맞춰주는 느낌이 좋았습니다."
6702862,5,,분위기가 좋고 조용해서 혼자 공부하기 좋다. 커피의 종류도 다양하고 오늘의 메뉴라고 해서 특별하고 독특한 메뉴도 판매한다. 가격은 약간 있는 편이지만 충분히 그럴만하다고 생각한다. 매장이 넓고 쾌적하다. 약간 빈티지스러우면서도 힙한 느낌?
6702862,4,,"커피 원두를 고를 수 있고, 다양한 커피를 맛볼 수 있어요.
친절하셔서 좋아요. 리필도 되는게 장점!"
6702862,3,,"방문한 카페

무언가 진짜 커피 전문점같은 느낌
 옛날에늨 리필이 됐다고하던데
지금은 안되는듯ㅜㅜ"
6702862,3,,"다양한 커피를 고를 수 있고 , 
전체적으로 분위기는 어둡고 음악이  큰편임 
남성적 분위기라고 해야 하나 ?
바테이블 높이의 탁자들이 있어서 
안락함 보다는 간단하게 커피 한잔 할 수 있는  공간.  
안락함과 대화를 원한다면 비추천 
맛있는 커피 한잔을 원한다면 추천"
6702862,4,,"홍대나 합정,상수에 있는 카페는 대부분 주차공간이없는데, 이곳은 아주 여유롭진않지만 그래도 주차를 할수있어서 좋아요,"
6702862,5,,"분위기 좋고 편안하다. 작업하며 오래앉아있어도 눈치 하나 안주며 맛좋은 커피들과 음료 케잌이 있다. 직원들도 프렌들리하게 친절하게 서비스 해주시며, 항상 깔끔하게 관리된다. 이제는 명소가 되어서 사람들이 많다. 자리잡기 힘들어지고 금방 시끌벅적해지며 아쉬워진 부분이 많아졌지만, 충분히 아직까지 합정의 손에 꼽는 커피숍이라고 할수 있을것같다"
6702862,4,,Serra da Bocaina National Park
6702862,5,,매달 2종류의 블렌딩 커피를 맛볼 수 있는.. 원두 큐레이션 카페랄까. 진짜 맛있다. 서울에 와서 먹은 커피 중 정말 손에꼽을만큼 맛있는 곳. 작업하는 사람들이 많아 분위기도 좋은편.
6702862,5,,"날씨 좋을 때 나쁠 때, 여름에 겨울에 언제 방문해도 나름의 매력이 있는 곳이에요. 원두를 다양하게 고를 수 있고 리필도 가능합니다. 베이커리류도 다 괜찮은데 특히 레몬파운드 케이크는 상큼하고 촉촉해서 자꾸 생각나는 맛이에요. 분위기, 커피 맛, 친절함 다 만족스러운 곳이고 아쉬운 점이라면 좁은 테이블 간격과 어두운 화장실 정도네요."
34023394,,,
12339054,3,,"음식은 가격이 비싸요
굿즈 보고 사진 찍으러 가긴 최고 ㅋ
원피스 매니아면 가보면 너무 좋은 곳이긴 합니다..ㅋ 
실존 서니호 최고 😍"
12339054,4,,"음식 비싼값은 있었지만 다른데는 없는
메뉴가 많다는 점에서 만족
나올때는 반드시 상품 판매하는 곳 통과해야 함
가끔가다 손님들 상대로 뽑기같은 이벤트 함
여름엔 밖에도 자리 있고 사진 찍기 좋음
원피스 팬이라면 꼭 가보기를 추천함"
12339054,3,,"길을 가다가 원피스의 배를 보고 신기해서 들어오게 되는데 내부는 피규어가 많을 뿐이지 별 특색 없고, 비싸지는 않지만 싸구려 쥬스에 맛없는 커피를 팝니다. 밖에서 감탄하면 적당한 곳."
12338956,5,,"쇼핑을 마치고 이곳에 오는 소녀들에게 아주 좋은 장소입니다.

꽃을 많이 얹은 가게입니다.
???????

테이블 putted 신선한 꽃! !
그리고 벽에 가짜 꽃 장식.

주로 꽃은 흰색 / 핑크색이다.

그들은 음료를 위해 장미 차를 제공했습니다! !
그리고 나는 주문 커피와 케이크를 가지고있다.

좋은 환경과 경험이 없습니다.
오후 내내 여기에서 보낼 수 있어요.
친구와 채팅하고 좋은 음식을 즐기십시오! ! !"
12338956,5,,"너무 이뻐서 사진 찍으러 또 가고싶네요
분위기도 좋고 시원한 음료도 과즙미 팡팡!!
직접 서빙해주는 카페라 더 좋네요"
12338956,5,,"홍대 카페중 제일 친절, 깔끔, 맛, 내부 향기 까지 다 제 마음에 든 카페였네요.. 여사친이 꽃과 인생샷 찍기를 좋아해서 여러군데의 플라워 카페를 가봤는데, 그중 단연 베스트. 일단 직원분들이 친절하시고, 사장님은 플로리스트? 셨던거 같은데 꽃이 다들 퀄리티가 있더라구요! 남자끼리는 조금
그럴꺼 같은데 커플끼리, 여사친들과 오는거 추천! 제가 화관 쓴 사진은 창피해서 ㅎㅎ.."
12338956,5,,"사랑스럽고 꿈꾸는, 여자가 원하는 모든 것!"
12338956,5,,"들어갈때부터 너~무 이뻐요!!
꽃도 완전 많고요 이쁜꽃보고 사진도 정말 많이 찍었어요 ㅎㅎㅎ
대박인게 음료도 완전이쁘게나와요 피규어가 같이나오는데 토끼가 너무 귀여웠어요! 
추천 쾅쾅쾅!!!!!!!!"
12338956,5,,인테리어부터 너무 이쁜 카페에요! 여성분들 취향저격 입니다 남자인 제가 봐도 너무 좋아요~ 꼭 가보세요! 사진도 정말 이쁘게 나와요 ^^
12338956,5,,"음료와 함께 나오는 꽃과 피규어가 진짜 이뻐요💚
이뻐서 맛은 기대 안했는데 맛도 있고 이뻐서 좋았어요"
12338956,5,,카페 분위기도 너무 좋고 예쁜 꽃들과 예쁜 음료. 예쁜 직원들까지... 직원들 친절하시고 너무 이쁘고 잘생겼어요🙂 인생샷을 건져서 더 좋다😍 또 올게요🤗
12338956,5,,"첫번째로 꽃이 가득해서 분위기에 압도당하고, 두번째로 음료가 너무 예쁘고 맛있어서 반해요:) 직원분들이 친절해서 인상깊네요>.< 다음에 갈 땐 플라워라떼 먹어보고싶어요 ㅎㅎㅎ"
12338956,5,,여자를 위한 카페! 꽃과 함께 인생샷을 남길수 있는 세심한 배려 하나하나를 다 느낄수 있는 분위기 너무 좋습니다 🖒
28668092,,,
5021752,4,,"베이글이 정말 맛있어요. 커피랑 세트로 먹기에 좋고, 테이크아웃을 해서 바로 가져가 벤치에서 먹어도 됩니다. 교보문고와 가까워요."
5021752,4,,명동에서 시원한 빙수가 땡기는데 아기자기하고 이뻐서 방문했다. 포엠에서 망고코코넛빙수랑 초코퐁듀와플 은 과일듬뿍들어가있어서 신선했고 와플이 바삭하고 따듯한게 맛있었음.
5021752,5,,아늑한 분위기에 단것이 땡길때 갈만한 곳입니다. 양도 많았습니다. 퐁듀 맛있었습니다. 명동에 있다면 갈만한 디저트 장소입니다.
5021752,5,,"제가 스노우 플레이크 에 대한 가장 큰 bingsu // 핑수. 14, 000 원의 가격의 가치가 있다. 기타 주요 체인 약 10 가지만 공유할 수 있습니다하는 편은 매우 작고. 그는 거대한 에 

이 프레젠테이션은 한 번도 볼 수 있는 와플이 모두 두 눈을 거의 모든 음식과 음료를 고객의 사진. 

종가 근처 시간도 환영합니다. 직원들도 매우 친절하고 :)"
5021752,5,,그들의 상쾌한 모히토가 당신을 행복의 오른쪽에 남겨줍니다.
5021752,5,,"Poem Cafe는 내가 서울에 여행 할 때 항상 '꼭 가야 할 곳'레스토랑입니다.
명동에 있습니다.
당신은 편안한 환경에 매료 될 것입니다.

이번에는 딸기 와플 외에 햄버거 스테이크 세트 (점심)를 주문했습니다. 우리는 식사가 오기까지 30 분 정도 기다려야 만합니다. 그것은 정말로 가치가있다.
호일 시트를 열면 냄새가 좋고 파인애플과 아스파라거스가 햄버그 스테이크 아래에 놓여져 소스가 아주 맛있었습니다.
딸기의 계절이기 때문에 딸기 와플은 우리에게 또 하나의 하이라이트였습니다.
더운 날에는 그레이프 프루트 아이스 음료가 너무 좋았습니다.

모든 것이 완벽했습니다."
5021752,4,,"명동에서 가무와 함꼐 분위기 좋은 카페로서, 그리고 맛집 카페로서 손 꼽힌다.
공간이 아기자기한 것이 특징이고, 메뉴 중에서는 빙설이 제법 맛있다."
5021752,4,,아기자기하고 이쁜 공간에서 맛있는 빙수를 먹으면서 더위를 식힐 수 있는 여름이 벌써부터 기대됩니다. 운이 좋아 창가쪽 자리를 앉을 수 있다면 훨씬 더 분위기를 낼 수 있습니다. 초코퐁듀와플과 티라미슈 빙수는 포엠의 최고의 메뉴로 그 달콤함과 부드러움은 타의추종을 불허합니다. 행복해지는공간 포엠 추천해요
17689349,3,,멋지지만 라인에서 기다릴 준비를하십시오.
17689349,3,,독특한 컨셉이지만 대기열 가치가 없습니다
17689349,4,,FoodTraveler_theworld
17689349,4,,"몇 달 전에 Instagram 에서이 장소를 보았으므로 서울에 한 번 가기로 결정했습니다.
도달하기가 쉽지 않습니다. Metro Station으로 내려 오면 약 20 분 정도 걸 으면됩니다.
정말 멋지고 독특한 곳입니다. 만화에 커피를 마시는 것과 같습니다!
음식과 커피는 괜찮지 만 특별한 것은 없습니다."
18178438,5,,친구가 맛있다고 해서 가봤는데 진짜 맛있어요!! 티라미수 좋아하시는 분이라면 강추!! 작은 컵에 담겨있는데 맛도 다양하더라구요~ 궁금해서 이것저것 시켜 먹어봤어요. 티라미수 오리지널이 제일 인기 좋은 것 같던데 전 피스타치오랑 딸기가 정말 맛있었어요. 원래 초콜릿 엄청 좋아하는데 초콜릿 티라미수 맛은 평범했어요. 피스타치오랑 딸기 티라미수 먹으러 또 먹으러 갈 거예요!! 😍
18178438,5,,"티라미수는 정말 맛있었고 저는 보통 디저트 팬이 아닙니다. 나는 친구들과 함께 있었고 우리는 대부분의 맛을 샘플링했습니다. 모두가 원본과 피스타치오를 정말 좋아했지만 딸기와 땅콩 버터를 좋아했습니다. 그들은 또한 찾기 어려운 이탈리아의 커피 브랜드를 사용하지만, 시도했을 때 나에게 완벽한 멋진 산도로 강했습니다. 방문을 적극 권장합니다."
18178438,5,,"사랑으로 만든 진짜 이탈리아 커피.
티라미수도 정말 좋으며 두 가지 크기가 있습니다."
18178438,5,,전통맛 티라미수 맛집이 홍대에입니다. 딸기맛이 제일 맛있어요. 땅콩버터 맛도 맛있어요. 여기 꼭 가시면 됩니다. 진짜 맛있어요.
18178438,4,,"맥주 후 프라이드 치킨 후. . . 거리에서 걸어서 소화했다. . . . . ""2 개의 크기의 카페""(티라미수에서 유명한) 발견
카푸치노 (이탈리아 식)와 오리지널 스몰 컵 티라미수 주문
티라미수는 달콤하다. . . 나에게 너무 달콤 할지도 몰라
피스타치오 티라미수를 시도해 볼 가치가 있습니다. . . 흠"
4076098,4,,대학로에 있는 오설록 매장입니다. 티 구입도 가능하고 카페 이용도 가능합니다. 라떼가 맛있어요. 엄청 달지 않아서 좋았네요.
4076098,3,,분위기는 솔직히 정말 어수선하다. 사람이 너무 많아서 정신이 없다. 티를 마셨는데 맛있었다. 녹차 롤케이크도 먹었는데 롤케이크는 명성에 비해 그저 그랬다. 티가 향긋해서 티를 마시는 것을 추천한다.
4076098,4,,우리는 여기서 오후 간식을 먹었습니다. 집 블랜드와 녹차가 가장 좋습니다. 그들의 케이크 롤은 맛있어! 하나는 모든 블렌드의 자유로운 맛을 가질 수 있습니다.
4076098,4,,"많은 훌륭한 차는 선택을 위해 이용할 수있다, 서비스는 매우 빨랐다. 그러나 그것은 아주 붐 and다. 그리고 앉을 어떤 장소가 아니라도. 그래서 대신에 테이크 아웃을 주문해야합니다.

기념품으로 너무나 유명한 녹차 우유를 샀다!

녹차 아이스크림이 들어간 얼음 녹차 우유 꼭대기는 식사 후 훌륭한 대접이었습니다."
4076098,4,,"지인들에게 차나 홍차 선물하는 것을 좋아하는데, 오설록티하우스는 상자 패키지도 예쁘고 종류도 다양해서 고르기 좋아요. 요즘 인기인 녹차 스프레드도 구매할 수 있고요.
물론 음료와 디저트도 판매하는 카페라 분위기도 깔끔합니다.
대학로 중심에 있어서 방문하기에도 좋은 위치입니다."
4076098,5,,"녹차 디저트 또는 녹차 음료가 마음에 드시면 방문해야 할 곳입니다.

녹차 라떼 더블 샷과 녹차 케이크 롤을 적극 권장합니다."
4076098,5,,"걷는 동안 나는 그 곳에서 잘 알려진 관광지가 던데요. 나는 차는 정말 맛있었다. 나는 내 이름을 기억할 수 없지만 가장 비싼 한이 있나 하고. 가벼운 맛이 있는 것, 하고 아주 좋았습니다. 녹차 케이크가 있어요. 사진 첨부. 저는 꼭 이곳을 방문을 추천합니다."
4076098,4,,강박 관념에 의해 중지 다엽 충족할 수 있습니다.
4076098,4,,"오설록은 녹차로 된건 다 맛있어요
그린티라떼를 특히 좋아합니다. 어느지점을 가든 오설록은 다 기본이상합니다."
4076098,4,,녹차를 이용한 다양한 음료가 있어서 녹차를 좋아한다면 추천합니다. 녹차 가루가 뿌려진 생초콜릿도 좋습니다.
4076098,5,,"해서 우리는 그 밖의 케익과 녹차 라떼, 맛있었어요, 근사하고 조용한 환경. 우리가 구입한 유명한 녹차 우유 확산신호! 미친 사랑을 위해 녹차 라떼! 모든 사람들이 천국에 갈 수도 있습니다 다엽. 꼭 다시 갈 것이다."
4076098,4,,녹차케이크가 맛있어요 많이 달지 않아 더 좋은 것 같고 티랑 먹으면 딱이에요 티백하나에 좀 비싸다 싶은 감이 있지만 매장이 조용하고 혼자 가기도 편해서 종종갑니다
4076098,5,,"오설록 티하우스 가면 꼭 녹차오프레도 먹는데
정말 너무 맛있어요 
그리고 롤케익도 정말 맛있고 다양한 차종류들이 있어서 좋습니다."
4076098,5,,"너무 피곤해서 모든 게 걸을 수 있는 우리가 필요한 시간이었습니다. 우리가 주문한 케익과 차는 오후와 라테. 나는 어두운 차를 좋아하는 라떼 cacao samdayeon. 아이들도 너무 좋았어요. 생각보다 가격이나 덥지는 않았습니다. 
또한 많은 특별한 차를 판매하는 집을 구입한 일부를 혼합 및 친구들."
4076098,4,,디저트가 일반적인 카페에 없는 메뉴가 많아서 고르는 재미가 있습니다. 가격이 비싸긴 하지만요.
7353307,5,,"거대한 공간, 많은 음식 중에서 선택할 수 있습니다. 커피는 훌륭합니다. 거기에 2 번 갔다. 두 번째는 뷔페 아침 식사였습니다"
7353307,4,,"Seoul, Seoul, South Korea"
7353307,2,,"음료에 9000원을 추가하면 빵뷔페를 즐길 수 있습니다. 다만 음료값이 6000원부터 시작이라
총 15000원으로 아침을 즐긴다 생각했을때 비싸다는 느낌입니다. 포지션이 애매해요.

일단 빵종류가 뷔페라고 하기엔 가짓수가 적습니다. 식빵이나 치아바타같은 기본 빵 위주로 배는 금방 찹니다만 계란이나 감자튀김 등이 보온이 안돼 차갑습니다. 생각외로 맛있던건 토마토? ㅎㅎㅎ

유일한 좋은 점은 커피가 무제한 리필이었다는 건데.. 참 아이러니하게 커피가 맛이 없습니다. 향이 날아간 원두라고 해야 할까요? 그리고 커피 리필에 너무 오랜 시간이 걸려요. 리필 카운터가 따로 존재하는게 아니고 계산대에서 동시에 진행하기 때문에 커피 리필 주문을 하려면 한참 기다려야 하고.. 주문후에 진동벨을 받고도 20분정도 소요됐어요...어차피 이렇게 맛없는 커피 라면 뷔페용 커피 머신을 설치하고 가격을 내리는 것도 방법일듯 합니다.

마감인 12시쯤 준비한 식사빵이 떨어지면 케익류나 파이가 준비되지만 금방 사라져서 못 먹었어요. 15000원짜리 식사로 보기에는 많이 아쉽습니다."
7353307,5,,우연히이 보석을 찾았습니다. . 아름다운 장소와 좋은 아침 식사 장소. 간단한 식사와 함께 조식 뷔페를 제공합니다. 훌륭한 서비스 직원.
7353307,5,,"아주 차분하고 조용한 카페예요
연어샐러드를 정말 맛있게 먹었어요. 연어가 아아주 듬뿍 들어있고 양도 푸짐합니다 ㅋ 조식도 한번 가봐야겠어요"
7353307,3,,"나는 아침 식사를 사랑하며 한국에서이 장소를 사랑하기 때문에 이길 수 없다. 그러나 유럽식 조식 뷔페와 비교해 보면 꽤 짧을 것입니다. 그래서 나는 정말로 거기에서 그것을 즐긴다는 점을 제외하고는 당신이 아침 식사를 가진 약간 비싼 술꾼을 사야 만한다는 것을 제외하고는 상당히 찢겨져있다. 그렇지 않으면 먹을 수 없다.

오랫동안 유럽식 아침 식사를 먹지 않았다면 여기로 가십시오. 그러나 여기에 와서 정말로 특별한 것을 기대한다면 실망하게 될 것입니다."
7353307,5,,우리는 Famous Lamb에 관한 절대적으로 훌륭한 아침 식사 경험을 가지고 있었다! 우리는 커피 애호가이며 여기 커피와 에스프레소에 깊은 인상을 받았습니다. 그들은 모든 것을 사내에서 구워냅니다. 커피 한 잔의 비용을 지불하고 호텔 내 제과류로 든든한 조식 뷔페로 9000 원을 더할 수 있습니다! 틀림없이 돌아올거야.
7353307,5,,"나는이 식당에서 아침을 두 번 먹었다. 9000 원의 뷔페 식 아침 식사를 제공하며, 사람들은 자신의 음료를 선택할 수 있습니다. 나는 커피 holic, 당연히 나는 커피를 선택한다, 나는 나의 커피에있는 latte 예술을하기 위하여 그의 의향을 사용하여 상점 조수를 보았다. 빵, 수프, 치즈, 야채에서부터 과일에 이르기까지 다양한 종류의 음식이 제공됩니다. 홈 메이드 빵은 매우 신선합니다. 레스토랑은 고객에게 편안한 환경을 제공하며,이 레스토랑에서는 서둘러없이 적어도 한시간 정도는 머물 수 있습니다."
7353307,4,,"???????? Amanti ???????????????????????????? ???????????????????????????????????????????????

유명한 어린 양 ????? ??? ????????????? ? 롤빵 ?? 덩어리? 밀크 빵 (????)? 감자 빵 (?????) ???????????? 오징어 잉크 롤빵 (???)? 시나몬 롤 (???) ????????? 바나나 케이크 (????)? 크렌베리 버게 트빵 (?????)? 호두 바게트 (????) ???????

?????? 조식 뷔페? 9,000 원) ?????????????????????????????????????????? ???????????? ??? ? ???????????????????????????"
7353307,1,,"두 사람이 30 달러. 그들은 당신이 뷔페와 함께 가기 위해 술을 사게한다. 뷔페는 계란, 콩, 프라이드 토마토, 빵 및 과일로 구성되어 있습니다. 처음에는 계란이 너무 물에 젖었습니다. 그들은 또한 춥고 히터에 두지 않았습니다. 콩과 같아. 그들은 깡통에서 만지작 거렸다. 진짜 버터, 잼 및 기름을 가진 빵의 다른 종류. 복숭아는 열심히 있었고 다른 과일을 시험해 보지 않았습니다. 베이컨이나 소시지가 없습니다. . . 나는 매우 실망했고 돌아 오지 않을 것이다. 나는 호텔에서 값싼 뷔페를 먹고있는 것처럼 느꼈다. 돈의 가치는 없습니다."
7353307,4,,"홍대 떨어져 이 매력적인 넓은 아침 차를 잘 다양한 조식 뷔페를 제공합니다. 꽤 미친 아침 붐비는 이르면 올 수 있습니다. 다른 빵, 커피/핫초코 것을 강력히 권장합니다."
7353307,5,,"당신이 빵 애호가이고 당신이 홍대에 머물러 있다면 나는 여기에서 추천하고 싶습니다. 나는 한국 음식점이 아닌 조반 대중 음식점을 발견하기 어려울 것 같아요. 여기에 다양한 빵을 가져갈 수 있습니다.
아침 식사는 너무 비싸지 않았고 커피는 신선하고 맛있었습니다. 그러나 호텔에 머물면서 아침 식사를 제공한다면 여기를 방문 할 필요가 없습니다."
7353307,3,,음식 종류는 적다. 가벼운 조식 생각하면 된다. 음료수는 반드시 1개를 주문해야 한다. 가성비가 애매하다
7353307,4,,"분위기는 매우 우아하고 따뜻한 때문입니다. 모든 레스토랑은 깨끗하고 신선한.
충분한 빛과 몇 양고기 그림과 주위에 꽃을 공간.
이 서비스는 웨이터들은 종류이기 때문에 영어를 아주 좋습니다. 케이크와 커피/차 맛있다."
7353307,4,,"빵 부페 시간이 있고,
빵이 아주 다양합니다.
커피가 맛있고 리필도 가능합니다. 

친구들과 시간보내기 좋습니다."
30551200,4,,맛은 정말 맛있어요 버터 맛이 좋고 빵도 많이 부드러워요 안국역 바로 앞에 있어서 찾기 어렵지 않아요 다만 가격이 비싸요 기본 빵은 괜찮은데 조금만사도 3-4만원 나와요
30551200,5,,"안국역에 항상 사람들이 많이 줄서 있어서 궁금했는데 알고보니 소금빵 맛집이네요
저도 소금빵을 구매 했는데 소금빵이 정말 맛있어요 플레인 소금빵이 맛있었어요 집에 포장에서 가지고 가서 먹었는데 아이들이 너무 좋아했어요 다만 가격이 조금 비싼듯 합니다"
9245314,5,,인사동 찾기 쉬운 1층에 단정한 한글간판 “스타벅스입니다. 1층 작은 공간만 영업장으로 사용하므로 공간이 넉넉한 편은 아니지만 아늑하고 작은 커피가게 분위기입니다. 스타벅스 어디나처럼 staffs들은 친절하고 잘 숙련되었습니다. 무더운 이 여름에 인사동을 걷다가 휴식처럼 만나게 되는 시원한 공간입니다. 문닫는 시간은 저녁8시로 좀 이른 편입니다.
9245314,4,,"마침 신세계 상품권이 생겼는데 스타벅스에서 사용할 수 있다 하여 방문했습니다
다른 커피등과 주문하니 만원이 조금 넘게 나왔는데 잔돈거스름이 안되니 만원권 2장은 사용할 수 없었고  10000 원권 사용하고 나머지는 카드계산해야했습니다.

양은 타 커피처럼 톨사이즈이므로 개인카페의 플랫화이트 느낌은 들지 않습니다. 
라떼와 다른점은 폼부분이 좀더 캬라멜라이즈되어있다는 점 정도 되겠네요.
바닐라향은 그리 많이 느껴지지 않았고 많이 달지 않아 좋았습니다."
9245314,3,,"인사동 거리 주변에있는 스타벅스인사점.
매장규모는 큰편이아니에요.
맛은 보통이였고 직원들 괜찮았어요. 
사람들이많았어요"
9245314,3,,인사동 스타벅스 처음 와 봤어요~ 밖에서 봤을때는 넓어 보였는데 들어와 보니 단층이고 자리가 별로 없었어요...ㅜㅜ  테이크아웃 컵으로 받으면 매장내에 앉을 수가 없대요. 다행히 구석 한자리를 발견해서 급히 테이크아웃 컵에서 머그컵으로 바꿔달라고 부탁했어요. 화이트 초콜릿 모카를 (5600원) 시켰는데 부드럽고 좋은데 커피맛이 별로 안 나요~
9245314,5,,넓고 조용하다. 점심 시간 직장인들 붐비는 시간을 제외하면 혼자 조용히 책보기 좋은 곳이다. 직원들도 친절하고 화장실이나 매장 관리가 청결하다
9245314,5,,매장이 크지는 않지만 인사동에서 무난하게 커피를 마시기에 좋습니다. 인사동거리라서 한글간판으로 되어있는 것도 무척 마음에 들어요.
9245314,4,,인사동길 들어서는 입구에 있어요. 한글 간판이 신기하고 인사동다워요. 인사동이어도 스타벅스는 사람이 많았어요. 따뜻한 아메리카노 좋았습니다.
9245314,4,,"MD상품같은 경우에는 관광객을 타겟으로 한 것들이 많이 보입니다. 관광객들이 많을 시간엔 붐비긴 합니다만 사이렌오더로 주문하시고 위에서 기다리시는 것도 좋을 듯 합니다.

좌석이 많은 편이기 때문에 계단을 오르시기만 한다면 엄청나게 바쁜 날이 아닌 이상 자리를 잡으실 수 있습니다."
9245314,4,,"스타벅스 본사가 이곳에 들어오기 위해 영어간판을 포기하고 유일하게 한글간판을 달아서
우리나라 스타벅스중 가장 애정이 가는 매장입니다."
9245314,3,,"한국어 간판이 인상적인 인사동 스타벅스. 
다만 관광지에 있다보니 사람이 많고 조금 번잡한 느낌이 있습니다."
9245314,4,,"네가 육체적으로 맞는지 확인해 보라. 왜냐하면 네가 3 층을 뛰어 넘을 것이기 때문이다. 내 친구가 쟁반을 가져 주셔서 감사합니다. 어쨌든 1 층은 항상 꽉 찼고, 어쨌든 많은 좌석이 아니며, 2 차 홍수는 다음 기본 위치입니다. 따라서 3 층이면 충분합니다. 그러면 그것은 어려울 수 있습니다. 늙은 숙녀 coffe 클러치 또는 전화, 테이블, 노트북 등 젊은 20 뭔가의 전체 장소. 스타 벅스 제품 및 서비스 예상대로. 나쁘지는 않지만 지나치게 열정적이지는 않습니다. 다른 사람들과 함께 방문하는 경우, 탁자 나 의자의 범위를 지정하십시오. 따라서 어디를 가려고해도 트레이가 남아 있지 않습니다. 3 층 남자 화장실, 2 층 층 숙녀실. Insadong - Gil에서 오른쪽. 1 층에 앉지 않는 한 휠체어 입장이 불가능합니다."
9245314,4,,"Seoul, Seoul, South Korea"
9245314,3,,Baristas는 정면을 품는다 - 그리고 grunts
9245314,4,,"나는 친구와 가족과 함께 9 월 21 일 거리에 갔다. 소중한 사람들과 앉아서 서로 어울리는 좋은 장소입니다. 내가 머물렀던 곳으로부터의 걷는 거리, Makers 호텔."
9245314,1,,서비스는 엉망 였습니다. 직원들은 무례하고 불친절한 직원. 좋은 사람들을 구경하기. 식기들이 깨끗하지 않았다.
13457676,5,,KL의 Starbucks처럼이 곳의 모든 커피를 볼 수 있습니다. 커피 중독자 인이 곳은 서울에서 최고의 커피를 제공합니다. 디저트도 맛있어 보였지만 나는 시도하지 않았다. 정말로 그들의 커피와 쵸콜릿 마실 것으로 가득 찼다. 서비스는 좋고 평균 속도와 바리 스타가 좋습니다. 커피도 커피이지만 민트 쵸코 / 모카 마시를 시식하는 것이 좋습니다. ??????????
13457676,4,,"이디야에서 직접 운영하는 실험실 컨셉이라 그런지 다양한 원두도 선택 가능하고, 베이커리 제품도 많더라구요.

매장이 완전 넓은데 1층은 좌석이 별로 없고 2층에서 먹으면 되요! 좀 저가 느낌이 강한 이디야인데, 이디야라고 말 안하면 모를 것 같았어요. 오전에 가서 그런지 한적하고 좋았어요.

주차.발렛도 되고, 들어가는데 문도 열어주셔서 대접받는 느낌이었어요😀

가격은 평균적인 이디야 대비 2배 정도 비싼 느낌이었고 명당 8천~1만원 정도 생각하고 가시면 될 것 같습니다!"
13457676,4,,이디야는 이곳을 가져갈 것 같지만 과연
13457676,4,,"이디야에서 자존심 걸고 만든 스페셜티 샵이예요
다양한 메뉴들 시도해보는게 좋고요
WBC 한국 스폰서라 벽에 각국 국가대표들 손도장이 있어요
바도 멋지게 되어있고요. 2층 자리도 편하고 좋아요"
13457676,4,,"커피가 베스트라 했지만 개인적으로 커피보다 베이커리가 맛났습니다.
플레인스콘, 녹차찰떡브레드 두 가지 맛보았습니다.
가격은 결코 저렴하지 아니하고 맛은 기대 이상이었습니다.
커피는 기본을 마셨는데 뒷끝이 깔끔하지 아니하고 쓰기만 했습니다.
진하고 깊은 맛이 아니라 쓰기만 했습니다."
13457676,5,,"나는이 곳을 좋아한다. 분위기와 좌석이 환상적인 장소입니다. 2 층 카페의 좌석 대부분은 거실 스타일입니다. 대형 사이즈의 가죽 의자가 가득 찼을 때에도 여전히 사적인 느낌을줍니다. 또한 워크 스테이션, 아울렛 및 무료 Wi-Fi가 많습니다. 여기 화장실도 환상적입니다.

나는 당신의 표준 Starbucks 또는 커피 콩 위의 좋은 몇 걸음이므로 커피를 즐긴다. 나는 그 쓴 맛이 더 강하기 때문에 혼합 된 페르소나를 좋아하지만, 신맛이 나는 커피를 즐기면 그 위에 다른 부어 오르골과 차를 더할 수 있습니다. 빵집, 케이크, 샌드위치 또는 샐러드도 놓치지 마십시오. 장소는 매우 일찍 열리고 8 : 30-9 시경에 커피를 마시면 무료 크루아상을받을 수 있습니다. 전반적으로 이것은 밤 2시 이후까지 닫히지 않기 때문에 심지어 늦은 밤 일 것입니다.

나는 운전하지 않는다. 그러나 만일 당신이하면 발레 파킹이 가능하다.

따라서 오후 휴식을 취하거나 커피 실험실 회의를위한 장소가 필요한지 여부에 관계없이 귀하를위한 장소가 마련되어 있습니다."
13457676,3,,지난 몇 주 동안 3 명의 다른 Ediyas에서 표준 위생 용품 아래의 욕실. 손을 닦을 화장지 나 종이가 없으며 비누와 쓰레기통이 넘치지 않습니다. 꽤 구역질 난다.
13457676,4,,이디야본점같은 느낌으로 다양한 이디야로 주차장도 넓어서 그게 최고여서 자주 가는곳이다. 브런치와 함께 커피를 즐길수 있는집이다. 매장이커서 번화가인데도 시끄럽지는 않아서 좋음.
13457676,5,,"내가
친구들이 저에게 일 - 왜 그들은 집을 어떻게 서울에 가게 합니다 이해할 수 없습니다. 커피 한 잔 있는데, 저는 완전히 동의합니다. . . . .

인테리어 디자인 많이 와닿지는 않았다. Roastery 개념을. 아니라 많은 현대 미술 조각을 국민의 관심을 다른 각도로 만들 수 있습니다.

커피 세계 각지에서 원두를 좋았습니다. 나 같은 관광, 총 경험을 주문 커피 한 개 더 뛰어납니다.

다음에, 저녁 식사 후에 가고 싶어요. 분위기가 늦은 저녁 더 하더군요."
13457676,5,,"일반 이디야랑 커피머신이며 원두며 다 다르고 실험적인 메뉴와 베이커리가 무척 맛있어요.
이번시즌에 나온 딸기음료 조금 비싸지만 엄청 맛있고 바게트샌드위치도 맛있습니다.
2만원 이상이면 3시간 주차 가능합니다. 기본 2시간인듯..물론 발렛비는 기본으로 내야해요"
13457676,5,,"일반 이디야랑은 완전 달라요.
커다란 로스터기와 장비들로 볼거리도 있는데다가 커피메뉴도 새롭고 맛있어요. 물론 가격도 이디야보다는 비싸요. 그래도 찾아갈만큼 괜찮은 매장이에요.
좌석도 1-2층 아주 넓게 분포하고 인테리어도 호텔 커피숍 못지 않아요. 오픈하고 초반에는 커다란 출입구 문을 열어주는 도어맨도 계셨는데 요즘에는 안보이더라고요.
판매하는 빵도 정말 맛있어요. 추천하는건 데니쉬식빵. 썰지 않고 손으로 찢어서 커피랑 먹으면 한개 금방 먹어요."
10174384,5,,우리는이 장소를 소셜 미디어에서 찾았지만 구타를 조금 벗어 났지만 여전히 접근하기가 쉽습니다. 그들은 1 층에 커피를 직접 굽고 있으며 그다음에는 상층에 많은 좌석이 있습니다. 커피는 의심 할 여지없이 매우 좋고 패스트리는 매우 맛있습니다. 들러서 즐길 가치가 있습니다. . .
10174384,3,,"오래전부터 종종 가는 카페로 커피 맛 좋고, 디저트도 맛있습니다. 하지만 제가 운이 좋지 않은지 갈 때마다 직원들은 불친절하고, 매장은 관리가 안된듯 지저분 할 때가 많아 아쉽습니다.  테이블 간격이 좀 좁아 시끄러울 땐 대화도 좀 어렵습니다."
10174384,4,,15년째 맛있는 커피와 케익을 판매하는 카페
10174384,5,,"티라미수도 맛있고, 번잡한 종로지만 근처에 가면 들리고 싶은 까페.
사람많은 지역이다보니 아주 조용하진 않지만 커피도 디저트도 훌륭합니다."
10174384,5,,우리는 좋은 커피와 앉아있는 지역을 찾아이 지점에서 일어났다. 우리는 매우 즐겁게 놀랐다. 아이스 라떼는 매우 상쾌했고 위층의 좌석 공간은 편안한 좌석과 훌륭한 WeeFee 및 콘센트로 연결되어 충전되었습니다. 사랑스런 재즈 음악이 우리 보금 곳곳에서 연주되었습니다.
10174384,4,,"1층과 2층으로 되어 있고 2층에 앉을 수 있다. 아래에 주문하는 곳 옆에는 원두를 살 수도, 커피 시음도 해볼 수 있는 신기한 공간. 양주 병들에서 바 같다는 느낌도 준다."
10174384,5,,"플랫화이트와 비슷해요
작은 잔에 진한 밀크폼이 얹어져있고 고소합니다
학생들이 많아 다소 시끄럽긴 하지만 커피맛은 종로 최고입니다"
10174384,5,,"우수한 커피!
내가 서울에서 가장 좋았던 것은 :)
그들은 2 층에 정말 멋진 좌석 공간이 있습니다. 방문을 지불하는 것이 좋습니다."
10174384,5,,"카페 내부에 바리스타 대회의 상장과 담당 바리스타들의 사진들을 걸어놓은 것이 인상적입니다. 
케이크도 맛있기 때문에 디저트카페로도 손색이 없습니다"
10174384,4,,"나는 카페 호텔에 들렀다가 호텔 바로 아래에 있었으므로 나는 아침에 서울 관광을 떠나기 전에 커피를 좋아했다.

장소는 분명히 화려하고 고급 스럽습니다 (당신이 선택할 수있는 충성도 카드가 있습니다 - 당신이 원하는 것을 의사 소통 할 수 있고, 메뉴 옵션도 영어로되어 있다면).

다른 사람들이 언급했듯이, 커피는 아마도 다른 카페 (주변의 카페를 포함하여)보다 더 비싼 터치 일 것입니다. 당신은 당신이 지불하는 것을 얻습니다. 그리고 여기의 분위기는 사랑스럽고 모든 계정에 의한 바리 스타는 여러 수상 경력이있는 것 같습니다."
10174384,5,,최고 등급 바리스타 훈련을 받은 사람들을
10174384,4,,"그들의 딸기 라떼를 시험해 보았다. 그리고 그것은 정말로 맛이 좋았다. 이 카페를 처음 방문하는 것은 아니지만 항상 혼잡합니다.

입구 근처에서 샘플링을위한 무료 커피가 있으며 심지어 꺼내는데도 2000 원 할인을받을 수 있습니다 (꽤 좋은 거래).

지하철 1 호선을 타고 종로 3 가역 15 번 출구에서 하차하십시오."
10174384,4,,여기는 티라미수가 살살 녹아요 진짜 맛잇어요 다른 케익도 먹을라 그랫는데 종업원이 계산을 안하고 안줫네요 아쉬워요 담에 가야지
10174384,5,,커피 원두를 어러가지로 고를수 있고 테이스팅도 가능합니다. 프랜차이점보다 신선한 원두를 살수 있고 가격도 저렴해서 자주 찾게 되어요.
10174384,5,,"토요일 점심때라서 그리 많이 붐비지 않아요.
다들 도란도란 브런치 먹어며 시간을 보내어서 잠시 머물며 음료와 디저트를 먹기에 좋아요."
3934085,5,,음식은 특히 치즈 빵이 맛있었고 커피도 꼭 시도해야했습니다. 명동 거리를 보면서 커피를 마시 며 아침을 먹을 수있는 완벽한 장소입니다. 가격도 저렴하고 서비스가 훌륭했습니다.
3934085,4,,커피는 기본으로 맛있구요 저는 편히 쉬기 좋더라구요 분위기도 좋구요! 라떼를 주로 마십니다~
3934085,4,,편안한 분위기 카페베네~ 따뜻한 아메리카노 한 잔에 베이컨 샌드위치~ 간단하게 먹기 괜찮았다~
3934085,4,,위치좋고 맛도좋고 아늑한분위기 사람들 마다 다른데 전  워낙 빙수를 좋아해서 어딜가나 잘먹긴 하지만 카페베네 빙수는 정말 맛있는거 같아요
3934085,5,,여름이라서 집보다는 주로 카페를 이용하는데요. 카페베네는 빙수가 맛있더라구요. ㅠㅠ 명동점 갔는데 사람이 너무 많아서 그런지 준비는 좀 느렸어용
3934085,2,,체인점이 있는 모든 장소를 볼 수 있는 한국 처럼 보인다. 나쁜 커피 이와 같이 만 같은 느낌. 로컬 소유 가 아니라 저장 중 하나를 방문할 겁니다
3934085,4,,뜨거운 녹차 라떼 빵이 있었습니다! 밖은 추운 날씨 로 놀기 좋은 곳. 훌륭한 직원들과 많은 사람들이
3934085,3,,"카페베네 말레이시아에서 시도하는 데, 한국의 공동 했다. 하는, 놀라울 정도로 낮은 비교할 수 있는 말레이시아의 공동. 수 있는 커피, 한국에서 더 나은 경험을 시도해 보았는데. 와플 정말 아무 것도 할 정도. 그냥 또 같은 일반적인 와플."
3934085,3,,"평범한 카페이지만 위치가 매우 훌륭하비낟.명동역이 바로 근처고 충무로,남대문,종로로도 가기 용이합니다"
3934085,3,,보통의 카페베네 입니다. 역에서 가까워서 좋습니다만.. 매장이 좀 작습니다. 참고 하세요.
3934085,4,,명동의 중심부에 위치한 조용한 장소. 그냥 놀아요 주위에 친구들이 기다리고 있는 곳에서 휴식 하거나. 녹차 도 좋아요.
3934085,5,,나는 항상 사랑 카페베네. 제가 가장 좋아하는 와플과 월귤나무 및 크림 치즈. 그 와플 와플이 최고였습니다. 위치도 깨끗하고 넓었습니다.
3934085,4,,"우리가 이 커피 가게는 고속도로. 여기서 제가 생각합니다:

장점:
1. 공정 가격 다엽
2. 인터넷

단점:
1. 영어"
3934085,4,,"아주 멋진 곳! 훌륭한 고객 서비스, 아주 좋은 커피와 놀라운 케이크! 매우 만족! Ps: 그것을 (bang jeoung) 은 우리에게 매우 좋은. 우리에게 사랑의 이름으로 매장 직원과 성모 배득과 manager. 감사합니다!"
3934085,4,,"스타벅스에서 판매하는 커피는 거의 비슷한데, 서울에는 스타벅스가 많지 않아서 이곳에 갔다. 특히 추운 아침에 커피가 괜찮았고 와플은 매우 좋았다! 와플 위 토핑은 선택할 수 있다. 따뜻한 분위기였고 손님을 환영해 주었다."
9245242,4,,"서울 시내에있는 소공동점인 스타벅스
명동근처,시청근처라 일단 유동인구가많아서 사람들이 많아요 자리는 잡기힘든편이에요"
9245242,3,,"스타벅스 소공점, 일단 점심시간에는 피하시는게좋을듯해요.. 테이크아웃이아니라면 다른시간데오세요 사람들이 많아요.."
9245242,5,,"?? ??? ??? ? ?? ???? ??????. ???? ??? ?? ??, ?? ??? ????? ????? ?? ?? ? ? ?????. ??? ??? ???? ?? ??? ???? ???? ????? ??? ??, ??? ?????? ??? ???????.

한옥 스타일의 스타 벅스 (전통 한옥)는 ???? 그리고 ??? (덕수궁, 궁전). 명동을 여행하는 사람들에게 좋은 장소 인 것 같습니다 (??). 화려한 외모는 아니지만 특별한 코란 스타 벅스를 느낄 수 있습니다."
9245242,4,,외관이 한국적으로 꾸며진 스타벅스였어요 내부 인테리어도 한국적인 소품과 사진이 많아서 특별해 보여요 창가의 소파들이 편안하고 좋았어요 서울에서 가본 스타벅스중에 손꼽히게 좋았어요 잡지도 볼수있게 비치되어있어요
9245242,4,,시청에 있는 매장으로 외관이 인상적인 곳. 하지만 사람이 정말 많이 찾는 매장 중 하나기도 합니다. 외국인들도 많이 찾고요. 이 매장의 장점이라면 타지역의 시티머그를 구매할 수 있다는 게... 좋습니다.
9245242,3,,외관은 멋진데..점심에 사람 너무 많아요. 뭐.. 어디든 점심엔 다 사람이 많긴하죠... 맛은 스벅이니까 다 똑같구요.. ㅎㅎ 또 갈거같진 않아요.
9245242,5,,가장 좋아하는 스벅 중 한 곳입니다. 건물 외형도 무척 멋있고 내부도 예뻐요. 생각보다 테이블도 많고 그다지 붐비지 않아 여행온 기분이 듭니다.
9245242,3,,커피 한잔과 스낵은 어떻게 15.00 USD의 비용을 낼 수 있습니까?
9245242,5,,명동 근처에 나왔다가 아이랑 같이 들렀습니다. 크라운호텔에 입점해 있는 스타벅스 매장인데요. 매장 밖에서 보던 것보다 안쪽이 훨씬 넓어요. 스탭들도 정말 친절하구요.
9245242,4,,"오늘 스타벅스에서 제일 맛있다는 카프치노 숏사이즈를 먹으러 갔는데, 커피를 잘 몰라서 그런지 란떼와 비슷했습니다.
그래도  저는 직장인이라 그런지 점심시간에 가면 호텔 안에 있는 지점이라 분위기도 좋고 굉장히 릴렉스한 분위기 입니다.
외국인들도 많고요. 커피 맛보다 분위기 있는 지점으로 더 추천합니다."
9245242,5,,"그것이 다를지도 모른다라고 생각하면서, 아직도 Starbucks"
9245242,4,,시청역 근처의 멋진 한옥건물로 된 스타벅스입니다. 한옥스타일의 스타벅스는 경주에도 있지만 서울에서는 이곳이 유일하지 않나 생각합니다. 독창적인 건물이다 보니 사람이 항상 많네요. 특히 주말에 엄청 많으니 시간대를 잘 알아보고 가시기 바랍니다.
9245242,4,,"웨스틴 호텔 근처를 방문했다가 눈에 띄는 외관이 보여 방문하게 되었습니다. 한국적인 느낌으로 외관 인테리어를 해서 신기하고 멋졌습니다. 그래서 그런지 외국인들도 많이 보였고, 밖에서 볼때는 내부가 작아보였는데 안에들어가보니 아주 넓은 공간이 있었습니다."
9245242,4,,외관에서 한국의 멋이 느껴지는 스타벅스
9245242,5,,소공로에 위치하였고 조선호텔 바로 근처에 있죠. 한옥으로 스타벅스 건물이 있어서 고풍스럽습니다. 그리고 카페 분위기는 대체로 조용합니다.
15097284,3,,"우리는 택시를 카페에 가져 갔다. 그리고 운전자는 주요 도로를 따라 어딘가에 우리를 떨어 뜨렸다. 우리가 카페를 발견하기 전에 우리는 약 10-15 분 동안 걸어야했다.
카페는 꽤 작고 아늑하고 아늑하지만 음료는 꽤 비쌌습니다. 우리는 4 음료에 대해 꽤 많은 금액을 지불했습니다. 서비스는 괜찮 았습니다. 그러나 실망스러운 것은 블로그 게시물에서 보았던 정교한 반 고흐의 별이 빛나는 밤과는 달리 단순한 라떼 아트 디자인의 음료만을 마신다는 것입니다. 우리가 잘못된 날에 갔기 때문에 확실하지 않은지, 그들은 단순한 라떼 아트 디자인 만 제공했습니다."
15097284,5,,"Komsomolsk-on-Amur, 러시아"
15097284,4,,"이태원은 서울의 국제적인 지역과 같은 곳으로 그 지역 주변에는 많은 외국인들이 살고 있으며 많은 서양 음식점과 술집이 있습니다. 이 카페는 이태원에서 조금 더 멀리 떨어져 있고 산에 있습니다. 그럼에도 불구하고 우리가 거기에 도착했을 때 여전히 가득 찼습니다. 아마 매력적인 한국인이 있기 때문에 그는 Instagram - 유명한 바리 스타입니다. 당신은 그의 이름에 익숙하지 않을지도 모르지만, 전에 인터넷에서 그의 cremart 걸작을 보았을지도 모른다.

그들의 메뉴는 한국어로되어 있지만, 사진도 있습니다. 주문하고자하는 것들을 간단하게 지적 할 수 있습니다. Instagram에 대한 연구를하면서 사진과 취향에 대해 정확히 알고 싶습니다.

내 눈을 사로 잡는 음료는이 Scotchno 다, 나는 당신이 홍콩에서 이것을 발견 할 수 있다고 생각하지 않는다. . . . 아직 축하해? 이 음료의 특별한 점은 크림이 넘칠 때까지 크림을 채우고 크림과 코코아 가루가 접시에 떨어지는 것입니다. 그러나 다소 어수선하게 보일 수도 있지만 동시에 예술적으로는 하하입니다. 이 차가운 커피에는 버터 스카치 사탕이 녹아서 버터 바른 카라멜 맛이납니다. 크림 톤이 많기 때문에 커피 맛은 다른 맛으로 약간 희미 해 졌다고 생각합니다.

나는 Cremart를 얻기 위해 나의 친구를 납득하게했다, 근본적으로 그것은 크림으로 꼭대기에 올랐다. 그러나 바리 스타는 크림에 사랑스러운 아기 얼굴을 그려주는 독창성을 갖게되었습니다. 수십 장의 사진을 찍은 후 마침내 한 잔의 음료를 마시고 크림은 표면에 상당히 두껍습니다. 어떻게 그들이 cremart를 안정시킬 수 있을까요? 이 커피는 더 강한 커피 맛을 맛볼 수 있으며, 크림은 커피에 단맛을 더합니다.

음료 이외에, 그들이 여기에서 봉사하는 유일한 음식은 티라미수이고, 우리는 둘 다 매치 애인이기 때문에, 우리는 말라 티라미수를 선택했습니다. 그것은 일반 티라미스처럼 보이지 않습니다. 그것은 케이크처럼 보이지 않는다는 의미입니다. 레이디 손가락 비스킷은 커피로 흠뻑 적셔졌고, 다음은 맛좋은 향이 나는 마스카 포니 신 (mascarpone) 치즈가 얹혀 있습니다. 말라 마스카 포네 치즈는 두껍고 매끄 럽습니다. 나는 진하고 맛좋은 맛을 정말 좋아합니다."
15097284,3,,"주된 길에서 조금 걷는 것이 었습니다. 음료수는 7000 ~ 8000 원이지만 단순한 디자인을위한 것입니다. 회화 작품을 원한다면 대개 3 만원이들 것입니다.
승무원 친절하고 매우 수용 비록."
15097284,5,,"카페는 쉽게 접근 할 수 없지만 주요 도로와 지하철역에서 도보로 10 분 이내의 거리에 있습니다. 좌석을 확보하기 위해 예약을해야합니다. 그렇지 않으면 누군가가 나타나지 않거나 다른 고객이 일찍 떠나면 운이 좋다는 희망을 외부에서 기다려야합니다.

나는 커피를 마셨고 약혼자는 핫 초콜릿을 먹었다."
15674386,4,,"넓고 인테리어가 예쁜 대신 사람이 많습니다.
점심시간 이후 방문할 시, 주문도 음료도 오래 기다려야 합니다. 
휘낭시에 쫀득해서 식감이 좋고 디저트류도 괜찮습니다. 
사람이 없는 평일 늦은 오후시간대라면 충분히 방문할 만 합니다."
15674386,5,,"이 카페는 Posco 사무소 옆의 Posco Steel Gallery 옆에 있습니다. 카페의 디자인은 서점과 같지만 산업적인 느낌과 같이 매우 좋습니다.
핸드 드립 커피는 아름다운 컵과 함께 매우 좋습니다. 꽤 오랫동안 기다려야하지만."
15674386,4,,"커피가 너무 맛있는 곳이에요
핸드드립 커피 마셨는데 너무 맛있어요
다른 케잌이나 샌드위치등도 다 맛있어 보였는데 점심을 너무 많이 먹고 와서 먹어보진 못했습니다
먹어본 친구 말로는 다 맛있다고..!

게다가 여기 지점은 인테리어까지 매우 좋네요.
넓고 탁 트인 느낌. 가운데 넓은 계단 통해 올라가는데 계단에도 앉을 수 있는 약간은 독특한 구조입니다."
15674386,4,,"테라로사 운영하는 학산문화사와 철강을 하는 포스코의 콜라보로 유명한 매장이라 방문했습니다. 그런 콜라보 컨셉을 책과 철재로 실내에 너무 잘 녹여낸 곳인것 같아요. 테라로사 철강버전? 실내 절반이 웅장한 계단으로 되있는데 공간미도 있고요

아쉬운게 있다면 가구까지 철인데 쇠냄새가 너무 심하게 나요. 팔이고 옷이고 쇠냄새 나서 조심스러워서 편하게 오래 앉아있기가 좀 힘듭니다
손에 상처있으면 파상풍이 걱정되는 그런 테이블..
짧게 구경하긴 더없이 좋아요"
3824080,4,,관광객 거리에서 약간 바깥에 있는 곳으로 매장이 넓으며 편하다. 대체로 조용하다보니 마시면서 휴식을 하기에도 좋다는 생각이 드는 곳.
3824080,4,,나는 서울에 있었고 거기에 커피 콩 가게를 가지고 있었다. 그들은 injeolmi (???) 얼음 혼합 음료를 마셨다. 미국에서 이곳을 찾았지만 찾을 수 없었습니다.
3824080,4,,뭔가 스타벅스보다는 그래도 차분한 분위기인 것 같은 느낌의 카페입니다. 커피도 대체로 맛있습니다. 편히 쉬다가 가기에 좋았습니다.
3824080,4,,"시끌벅적한 인사동 종로거리에서 이런 조용하고 편안한곳은 드물것 같습니다.
나무의자들도 편안하고, 아메리카노 커피도 맛이 좋더군요. 와이파이 속도도 엄청 빨라서 굉장히 좋았습니다."
3824080,4,,"매우 크고 인기있는 커피 숍. 샌프란시스코 체인의이 위치는 인사동 길 (Insadong - gil)의 프레이저 스위트 호텔 (Fraser Suites Hotel) (현재는 다른 이름)의 뒤편에 있습니다. 그것은 더 매력적으로 만드는 큰 좌석 공간이 있습니다. 내가 이전에보고했듯이, 와이파이가 없었으며 여전히 와이파이가 없다. 커피 숍에 대한 애처로운 상황. 인사동의 스타 벅스는 무료 Wi-Fi를 제공합니다. 디저트와 따뜻한 것과 차가운 음료가 가득한 메뉴가 있습니다. 영어는 어려움이 있으므로 느리게 진행하여 필요한 경우 알려주십시오. 전반적으로 편안한 야외, 날씨 허용, 설정. 휠체어 접근 가능."
3824080,5,,"우리가 묵었던 동 orakai, 이 곳은 1층에 위치. 아침 식사 옵션을 선택하지 않은 경우 이 매우 편리한 호텔. 음식도 좋고, 커피도 맛있었고, 조금 비싼 편이지만. 숙소 자체는 깨끗하고 좋은, 그리고 와이파이도 무료로 주!"
3824080,4,,"종로에서 식사를 하고 산책을 할겸 거닐다가 인사동 근처에 들려 커피를 한잔 하게 되었습니다. 주말에 여유있는 분위기였고, 일반 커피전문점과는 다르게 남자분들이 많이 찾아보였습니다. 매장도 넓었고 인사동과 연결되어 있어 위치적으로 아주 편리했습니다. 볕이 좋으면 테라스에 앉아 있는 것도 추천합니다."
3824080,5,,야외 전망은 놀라운 특히 비가 오는 경우에 시원한 날씨. 정말 즐길 것.
3824080,3,,"나는 다시 언급하지 않습니다... 와이파이... 사람을 구별하지 못하면, 매우 드문 것은. 회사는 서울에 와서 한 번에 받은 서비스가 제공되지 않습니다 와이파이와 더 이상 표시되지 않습니다. 그 위에있는, 다양한 종류의 음료 및 디저트도 있다. 최고의 기능, 날씨가 좋으면, 야외에 앉을 수 있고. 이전의 리뷰는 방향에 위치해 추가 정보를 참조하십시오."
3824080,4,,"넓고 케라스도 있고~ 커피 전문 매장이라 커피도 괜찮아요~
시원한 바람 불 때 테라스에 앉아서 아이스아메리카노 한잔 하는거 좋아요 ~"
3824080,5,,"대한민국에서 커피는 커피빈이 가장맛있다고 영수증에 적혀있듯
커피가 정말 맛있습니다
뭘 시키던 맛있긴한데
헤이즐넛 아메리카노랑 바닐라라떼가 정말 맛있습니다"
3824080,4,,여러 체인점이 있는 만큼 맛과 가격이 동일하며 다소 규모있는 매장이기에 자리도 넉넉합니다. 친절한 직원이 기분좋았습니다.
3824080,3,,"항상 갈때마다 북적이는 이곳 커피빈 인사점
탁트인 테라스가 있어서 언제나 사람이 더 많아 보인다.
날씨 좋은날 테라스에서 아메리카노 한잔 하세요."
3824080,1,,"품질은 커피. 묵고 와서 프레이저 스위트, 우리는 죽을 아침에 커피를 잡고 밖을 두었다. 일 못해서 정말 맛을 하지 않았다. 가격대비 품질."
3824080,4,,"백만불짜리 커피샵이었어요. 이 곳 만큼 좋았습니다, 커피 음료와 식사 제공 품목 및 간식 편안한 분위기."
8885282,5,,옆 골목에 숨어있는이 매력적인 카페는 훌륭한 bingsu를 제공합니다. 부스러기 자체는 매우 독특합니다. 우리는 망고 빙수를 주문했습니다. 우리가 bingsu의 큰 눈덩이로 진행하면서 더 많은 망고를 추가 할 수 있기 때문에 망고와 시럽이 우리가 좋아하는쪽으로 온다. 서비스는 조금 느리다. 그러나 우리 방문 동안 카페는 가득했다.
8885282,4,,"삼청동 골목에 숨어있는 빙수 맛집입니다. 구석에 있어 자칫 찾기가 쉽지 않을 수 있어요. 한옥에서 맛보는 빙수. 빙수는 정말 맛있습니다. 다만, 공간이 협소하고 사람이 많아 그런 부분은 감안하셔야 할 것 같습니다."
8885282,4,,"오랜만에 삼청동 갈 일이 있어서 8월에 들렀던 빙수집. 빙수중에서도 팥빙수를 좋아하는 나지만, 의외로 이 집에 대해서는 팥빙수의 평가가 그렇게 후하지 않았다.
대신 다른 곳에서 익숙하지 않은 종류의 빙수들에 대한 평가가 좋았는데, 결론적으로 그 말은 맞다.

팥빙수는 다른 유명한 팥빙수 집들에 비해서는 뭔가 아쉬움이 남는 느낌. 
그렇지만, 그 아쉬움을 달래줄 정도의 딸기빙수와 포도빙수와 자몽빙수가 있으니, 이 들을 위해서라도 여기는 들를만한 가치가 있는 곳이다.
평균적이라고 평가받는 딸기빙수에 대해서 나는 꽤나 좋은 평가를 내리고 싶은데, 보통의 맛이라기엔 고급스러운 재료의 딸기 아이스크림 스러운 맛을 상당히 깔끔하게 만들어 낸다.
포도빙수와 자몽빙수 그 자체로 특색이 있으니 직접 먹어보면 될 일.

그리고 요즘은 유기를 사용하는 빙수 집들이 심심찮게 있기는 하지만, 확실히 유기(녹그릇)은 고급진 느낌과 함께 냉기를 오래 보존하는 특징이 빙수와 조화롭다.

한옥집에서 먹는 빙수라는 특색보다는 사실 빙수 자체에 집중해서 보는 게 낫다고 보는 집.

물론 그럼에도 불구하고 비싼 가격은 별 한 개 감점이다. 
호불호가 조금 갈리는 이 곳에 대한 평가는 직접 가서 먹어보고 할 일이다."
8885282,3,,"삼청동에 있다는 이유 말고는 장점이 없습니다
우선 빙수가 맛없습니다
팥은 매우 조금 줍니다. 사진과 달라요
중간부터는 얼음만 먹게됩니다
얼음 뿐입니다
거기다 팥도 통조림 같습니다. 맛이 없어요
음식 재료를 아껴서 품질이 떨어집니다
거기다 매우 비쌉니다
팥빙수가 8500원
커피빙수가 13500원
삼청동에서 멀리가기 싫으면 먹겠지만
찾아갈 필요는 없습니다"
8885282,5,,최저 - 주요 카페에서 떨어진 거리에 자리 잡고 있다. 운이 좋게도 우리의 친구가 우리를 bingsu 가 이곳에. 카페는 아주 귀여운 큰 bingsu 메뉴. 본격적인 맛을 찾는다면 이곳을 추천합니다 bingsu 디저트.
8885282,4,,위치가! 일반 bingsu 좋았습니다. 이는 맛있지만 좀더 생각해 보니 알 수가 있어요. 서비스는 개선이 필요함. 하지만 이 곳이 조금 어색 한 긴 하루 뒤에 앉아서 쉬기 도 좋아.
8885282,4,,서울시 종로구 삼청동에 위치한 빙수 전문점입니다. 한옥에서 색다르게 빙수를 즐길수 있는데 흑임자빙수와 밀크빙수 그리고 녹차빙수를 추천하고 싶습니다. 아메리카노 등 커피와 음료도 판매합니다. 망고빙수와 밀크빙수를 추천합니다.
8885282,5,,"가게도 너무 아담하고 운치있는 한옥이고
그보다 더 어디서도 먹어보지 못한 우유빙수에 깜짝놀랐다 깊은맛이 느껴지는 건강빙수!"
9236024,5,,모든 디저트는 환상적이며 맛있습니다. 잘 균형 잡힌 맛! 방문할만한 가치가 있습니다!
9236024,5,,샴페인 설탕 폭탄은 단순히 맛있었습니다. 가볍고 단맛이 적당했습니다. 우리는 싱가포르에서 Sona Cafe를 먹었 으면 좋겠다. 디저트를 좋아하는 팬이 아니라. 매우 추천하는.
9236024,5,,"디저트 애인을위한 장소가 있어야합니다. . Instagram Sona_seoul에서 자세한 내용을 검색 할 수 있습니다.

디저트 멋진 프레 젠 테이션, 뛰어난 맛.
직원들은 친절하고 친절합니다."
9236024,5,,"다양한 Garosugil 바쁜 부분에서 잘 숨겨진 오빠가. 우리가 처음 유명한 한국 음식을 App, 망고 플레이트 통해 이 카페 발견, 언급한 현지인들에게 인기가 높은 수준이었습니다. 셰프가 선택 스타터, 서버 그녀가 위로 밀면 메인 디저트 선택, 마지막으로 선택할 수 3개의 작은 끝 디저트 구성되어 있습니다 물론 디저트 설정합니다.
내 방문에 모두 설탕을 폭탄 주문했어요. 그 예쁜 핑크색으로 원 설탕 크러스트 덮여 있습니다. U 설탕 크러스트를 내용을 식용 꽃으로 폼 포함된 안으로 먹어야 하는 것입니다. U 딸기잼과 붓고 아이스 크림 치즈 모든 일을 합니다.
설탕 수준은 좋았어요. 너무 달지 않고.
요리사 선택 또한 훌륭합니다. It 준비 항상 싸늘한 선발 신선하고.
전반적으로 확실히 방문할 한 'Whos 디저트 좋아하지 경우 가치가 있습니다.

오늘은 우리가 3시간 및 메뉴 새 항목이 있을 수 있습니다. 모든 디저트도 보완하고 있습니다. 입장객에 여기 보고서 없습니다!"
9236024,5,,"당신이 디저트 사람이라면, 이것을 놓칠 수 없습니다!"
9236024,5,,"우리는 점심, 아름다운 디저트 후에 왔는데! 샴페인 설탕 공을 유명한 그래서 주문한 것으로 보인다. 중 너무 디저트 팬 않지만 놀랐어요! 약간 얇아서 실망스러웠는데 lagy, 과일, 가벼운 크림 및 모든 지점을 ! 꽤, 너무 좋았어요!

슬프게도 우리는 디저트로 있습니다, 그렇지 않으면 우리는 메뉴에서 다른 항목을 너무 보고 싶습니다!"
9236024,5,,"그것은 Sinsadong 내에서 길 자리잡은 이 카페 쉽게 찾을 수 없습니다! 그러나 디저트 검색 가치가 아주 좋았습니다! ""아! 초콜릿! ""핫 초콜릿 소스 ""디저트 컵 ""초콜렛 층 덮개를 흥미있는, 아주 멋진 경험이었습니다! ! 카페는 2층에 있습니다."
9236024,5,,"케이크 매우 아름답고 좋은. 맛은 좋았습니다. . 잡담을 꽤 카페, Girlgang 채팅. ."
9236024,5,,"이곳은 작은 카페에서 Sinsadong Garosugil 뒤에 레인 앉혔다. 서명(아마 가장 유명한 디저트는 샴페인 설탕 글로브-식용 꽃과 샴페인 폼 가득한 얇고 투명한 설탕 공을, 침대 냉동 치즈케이크 비트와 신선한 딸기 위에. 그것은 질감 및 온도 복잡한 계층. 샴페인 폼 딸기 소스를. 물론, 설탕 공을 약속깨기. 드라마 또한 즐거운.

이 vacherine - 라즈베리, 바닐라 아이스크림 케이크를 휘핑 크림을 얹어, 머랭 스트립 장식되어 있습니다 - 극적인 똑같이 인스 타 그램 화면을 터치하지 않고 가치가 있는. 다른 텍스처 온도를 풍경화 흥미롭다.

또한 멀드 애플 사이다 주문했습니다. 얼음장 같은 날 완벽했죠."
9236024,4,,"Castelnuovo del Garda, 이탈리아"
9236024,4,,"우선 시각적으로 너므 예쁜 플레이팅에 신나는 곳...
맛도 좋고.. 차 한잔하며 힐링할 수 있는 그런 곳입니다. 다소 가격은 비싼편임"
9236024,5,,"맛, 플레이팅, 서빙모두 최고.
스테이크가 메인인 레스토랑이나
음료가 메인인 카페나 티하우스와 다른
디저트에 최적화된 셋팅.
코스를 시키면 본연의 맛을 느낄수 있도록
순서대로 서브됨.
심지어 핫아메리카노도 디저트가 나오면 
바로 마실수 있게 아주 뜨겁지않은 딱 좋은 온도로 제공됨.
파티쉐 쉐프도 너무친절하게 디저트 설명해주심.
디저트 좋아하시는 분께는 강추."
4050351,4,,"합리적인 가격대 커피를 즐길 수 있습니다.
커피가 진하고 라떼는 담백합니다.
지하철 3호선 압구정역에서 가깝고 매장이 넓어 좋습니다."
4050351,5,,커피도 맛있지만 탐탐은 프레즐이 진짜 맛있어요! 만드는거 볼수도 있고 바로 나온거 먹을수도 있고!! 따끈하게먹으면 천국
4050351,3,,"Tom n Tom 's Coffee 1 [서울시 마포구 삼계로 15] 및 서울 특별시 마포구 서강로 46 번 2 호 [서울시 마포구 간다리 16] 3면 검토 : 불행히도 서울의 많은 Tom Tom처럼 맛이 없으며 가격이 너무 비싸지 만이 커피 (1 & 3)는 24 시간 무휴로 영업합니다. 기차를 타기 전에 기차를 기다리는 경우 기술적으로 밤새 머물 수 있으며 여기 테이블 위에서 잠을 잘 수 있지만 바깥 쪽보다 따뜻합니다. 기술적으로 말하자면, 내가 정상적으로 발견 한 것을 바로 잡기 위해서 먼저 술을 사야하기 때문입니다. 그러나 무엇보다도 술에 취한 후 많은 한국인들이 술을 마시거나 잠을 못 자고 있다는 것을 알게 될 것입니다. (부산에서 일하게 한 사회에서 일했던 사람을 만났지만 그에게 어떤 편의도주지 않았습니다) 그러나 당신은 Tom Tom (3)과 같은 외국인이기 때문에 당신도 똑같은 권리를 가지지 않는 것을 즐깁니다. 당신은 ""잠자리가있는 곳이 아닙니다""라고 말하는 많은 한국인들에게 둘러싸인 웨이트리스를 테이블에서 자고 있습니다. 한국에서는 확실히 인종 차별 주의적이며 공통적 인 것이지만, 반드시 준비해야합니다. 따로 따로이 레스토랑은 나에게 충분히 따뜻하지 않지만 음악은 (1, 2, 3)에 좋습니다. 그리고 화장실은 특별히 깨끗하지 않습니다 (특히 싫은 Tom Tom (3)에 대한 특별 언급). Tom Tom (2)은 반대쪽에 있었지만 오후 11시에 닫았습니다. 한국에서 오후 11시는 남한에서 오후 10시 30 분에 퇴장해야한다는 것을 의미합니다."
4050351,4,,로데오거리나 도산공원이나 이 곳과 가까워서 압구정 들렀을때 여기저기 구경하다 들어가게 되었습니다. 다른 탐앤탐스랑 다르게 뭔가 좀 고급스러운 느낌이 들기도 했습니다. 여긴 고구마 쁘레첼을 강력 추천합니다.
4050351,5,,강한 커피 좋아하는 사람들에게 좋은 곳이 하루를 시작. 더 인상적인 작품은 그 라떼.
4050351,4,,"인터컨티넨탈 호텔이 좋은 곳을 찾아 비행 한 후 좋은 커피와 함께 아침 식사를 하는 특별한 느낌. 그래서 톰 앤 톰스 에서 찾고 있는 경우에 좋은 곳을 아침 식사를 합니다. 주문하기 전에 거의 11 o '시계 할 수 있습니다 ""아침 식사 거래"" 좋은 커피와 베이글로 잘 채워 6000원 (약 US $6, -), 검색하여 가는 시간이 꽤 있었어요."
4050351,5,,"멋진 브런치 세트에 150 바트. 가득, 훌륭한 맛. 확실히 반복. 멋진 경치와 에어컨"
4050351,2,,"개인적으로 탐앤탐스와 엔젤인어스 커피의 맛이 라이트해서 좋아하지 않았지만, 그나마 탐앤탐스에 흡연실이 있어 가끔 갔었는데... 발리파킹이 가능하니 차 가지고 올 땐 주차편함"
4050351,5,,다양하게 즉석 프레첼을 먹을수 있어서 종종가요. 가격은 착하지는 않고 주문이 들어가고나서 만들기때문에 시간은 좀 걸리지만 양송이 스프랑 같이 주문해서 먹으면 맛있구요. 얼마전에 프로모션으로 나온 양파스프는 정말 맛이 없었어요~ 스테디셀러메뉴를 추천합니다.
4050351,4,,"이곳은 아주 융융된! :) 아주 맛있는 디저트와 음료 수 있을뿐만 아니라, 웨이터/웨이트리스들이 정말 친절하고 좋은 점은 긴 기간 동안 커피샵 오픈. 24시간 영업을 하는 것이라 지루해 하고 없다. 나는 그냥 갈 수 있다 어때, 사랑해요!"
4050351,5,,굵은 소금이 탁탁 뿌려진 오리지날프렛즐을 좋아합니다. 방금 구워낸 프렛즐은 부드럽고 바삭해서 커피와 먹으면 일품이에요. 살짝 출출할때 보이면 들어가는 커피집입니다.
4050351,4,,스타벅스가 되고 싶어 하는 것 같지만 사실 더. 배경 음악도 좋고 커피도 케이팝 보이드와.
4050351,3,,"콘프레즐을 시켰는데 그 자리에서 만들어 주네요. 칼로리가 높아 보이긴하지만, 그래서 더 맛있는 듯. 마요 디핑까지 찍어먹으면 더 좋아요~"
4050351,4,,"여기 또띠아 피자가 맛있어요
그리고 프레즐은 주문즉시 만드는거라 신선하고 따끈하고 맛나요
아메리카노가 신맛안나는 구수한편이라 즐겨마셔요"
4050351,5,,"저는 감동받은 이태원 에 위치한 커피! 일반 카푸치노를 주문했는데, 맛도 좋고. 녹색 사탕 씹 시작하는데 쓴 초콜릿. 여러 층에 위치, 편안한 좌석, 무료 와이파이, & 친절한 직원들. 완벽한 장소를 쉴 수 있는 방이 준비되길 건너기 전에 휴식 & 체크인."
33991623,5,,지인소개로 분위기 좋은곳 알아보다가 왓는데 이태원에 이렇게 고급스럽고 깔끔한곳 있는지 몰랏어요 !! ㅎㅎ 친구나 커플로 분위기 내러 오기 딱 좋을듯해요 ㅎㅎ
33991623,5,,"대형견도 출입이 된대서 검색해서 찾아갔습니다
생각보다 쾌적하고 음식도 맛있었습니다
만족스러웠던 곳이예요 재방문의사 있습니다"
33991623,5,,와인바로 바뀌었다고 해서 가봤는데 음식 메뉴가 다양하고 좋네요. 와인도 적절한 가격이라 가성비 있게 먹다 갑니다..
33991623,5,,고급스럽고해서 여자친구랑 데이트할때 최고네요
33991623,5,,비싸보였는데 막상 들어가서 이용해보니 가성비 좋은 와인들이랑 음식들이였습니다 그렇다고 퀄리티가 낮지도 않고 덕분에 잘 보내다 갑니다
33991623,5,,"후무스 하는곳이 많이 없어서 검색해서 찾아갔는데~~ 특이하게 한식 터치된 느낌의 후무스를 합니다ㅎㅎ
맛있네요!ㅎㅎ
재방문 의사 있습니다ㅎㅎ"
33991623,5,,클램차우더랑 잠봉뵈르 시켰는데 둘다 맛있습니다 업장 내부가 깔끔해서 나중에 또 와보려 합니다!!!!! 추천드려요!
32797452,5,,"연남동에 위치해있고 접근성이 좋음. 딱 들어서면 인테리어가 너무 예뻐서 시선을 사로잡아버림.. 진짜 인생샷 찍겠다 싶은 생각이 들어버리고.. ㅋㅋ디저트도 보면 진짜 너무 예뻐서 먹기 아까울정도인데, 보기도 좋은데 맛도 너무 좋은게 함정이랄까. 친구 추천으로 오게된건데, 진짜 친구한테 너무 고마워했음. 진짜 그냥 너무 이쁘고 맛있고 안올 이유가 하나도 없다."
32797452,5,,"디저트가 풍부하고 다양하게 나와서 좋았습니
다! 또한 디저트 중에서 애플파이 맛도 맛있게
나와서 다른 지인들한테 선물해주기 좋은 것
같습니다!"
32797452,5,,"카페 인테리어가 너무 이뻐서 어디를 찍어도 사진맛집이네.인생샷 여러컷 건질수 있어요ㅋ 들어가서 보이는 케이크와 파이들~ 전부 맛보고 싶었지만....
그 주에서 스트로베리 치즈케이크 파이와 피스타치오 치즈케이크를 골라서 먹었는데 ㅜㅜ 너무 맛이..  맛있었어요♡ 커피랑 진짜 잘 어울렸어요. 지인분들께 선물해줘도 좋아할 듯 싶어 포장해 왔습니다ㅋ"
32797452,5,,"파이,커피 디저트 맛집! 눈이랑 입 호강하고 갑니당"
32797452,5,,친구랑 인생샷 건지려고 갔는데 카페가 너무 이뻐서 어디서 찍어도 진짜 잘나오더라구요 디저트도 맛있고 이뻐서 선물하기도 좋을 것 같아요!
32797452,5,,디저트 종류도  진짜 다양하고  카페도 너무 이뻐서  사진 찍기도  좋은 장소였습니다.  친구랑  수다 떨면서 이쁜 인생사진 마니 건질 수 있어서 좋았습니다 . 테라스로  애완동물 동반도  가능해서 반려인들에게도  인기만점 일듯해요
32797452,5,,"파리 종류가 매우 많은 연남동 디저트 맛집이에요 반려견도 동반가능해요
3월 21일에 출시된 애플파이도 먹었는데 너무 강력 추천
한 종류가 아닌 시나몬 애플파이, 애플 블루베리파이, 애플 바나나 파이, 애플 피넛파이, 피스타치오 파이 총 5가지 종류에 다양한 애플파이를 먹을 수 있어요
추천은 사과콩포트와 각 과일의 조합이 매우 잘 어울려서 추천해요 
디저트가 전부 예뻐서 포장해서 선물용으호고 샀어요"
32797452,5,,연남동 디저트 맛집이네요~~우선 카페가 너무 예뻐요 막찍어도 인스타 인생샷이에용ㅋㅋㅋ 파이 종류가 엄청 많아요 특히 애플파이가 신상으로 나왔다길래 먹어봤는데 참 맛있네요~~반려견도 같이 테라스 이용 가능해서 좋아요 ㅎㅎ 자주 올게요~
32797452,5,,"디저트맛집 있다고해서 따라왔는데 카페가 엄청 커서 카페아닌줄알았네요 ㅎㅎ
여기 반려견도 데리고 와도 되더라구요 몰랐는데 알았으면 데려올걸 그랬어요~~ 테라스에 있으면 되는듯! 다른데서는 못보든 디저트류들도 많고 케이크도 넘 맛나네용"
32797452,5,,"매장이 깔끔하고 분위기가 너무 좋아요
외국인들도 눈에 띄게 보였어요
메뉴가 다양하고 맛있어서 넘 만족!
특히 케이크 넘 내스탈..♡
날 따뜻해지면 테라스로 가보고 싶어요
넓어서 좋았어요^^"
32797452,5,,입구가 시즌때마다 바뀌는 것 같아서 홀려서 들어가게 돼요! 찐 디저트 맛집이라 친구들이랑 놀러갈때마다 항상 찾는 곳이예요! 파이는 물론이고 케이크도 맛있어서 포장도 많이해가요!
32797452,5,,분위기도 좋은데 카페자체가 좋네요 카페내부도 너무 이쁘게 꾸며놓으셨더라구요.💕 디저트와 베이커리가 꽤나 다양하게 있어서 아메리카노랑 빵 즐기기 좋아요ㅋㅋㅋ 분위기 좋은 카페 오시고 싶으면 추천 드려요 ㅎㅎ 디저트 맛집 인정!
32797452,5,,디저트 맛집으로 친구들이 추천해서 다녀왔어요^^ 가보니 외국인도 많더라구요 ㅎㅎ 외국인사이에서도 핫한가 봐요 ! 외부 테라스까지 넓어서 좋았고 케이크 진짜 맛있어요 :-)
32797452,5,,카페가 넓직하니좋네요~ 테라스에 앉고 싶었는데 추워서 날좋은날 가서 앉아보기로..ㅎㅎ 디저트류 너무 좋아라하는데 요기 디저트류 다 맛있어요! 괜히 맛집소문이 난게 아니네용 ㅎㅎ 몇개 포장해서 왔는데 요거 선물용으로 포장해와도 괜찮을꺼같아요!
32797452,5,,반려견이랑 테라스 이용해서 좋아요 디저트 맛집이라 케이크 파이 너무 맛있고 포장도 너무 예뻐요 ~~ 분위기도 너무 좋고 맛도 좋고 굳굳
3864340,3,,"일단 위치상으로는 좋은데요, 사람이 너무 많다는 단점이 있어요ㅠㅠ
그래도 직원들도 친절하고, 플레이 모빌? 그것도 꽤 많아 좋았어요"
3864340,3,,"광화문 광장 근처에 있는 스타벅스라 찾기에는 쉽지만 주문하는 건 정말 어려운 곳이였어요.
줄을 서야하는데 앞으로 1~20명 정도는 갈때마다 있었구요. 사이렌오더를 해도 꽤나 오래걸리는 곳이라 시간의 여유를 갖고 가야하는 곳이지 않나 싶어요"
3864340,3,,"스타벅스 광화문점, 리저브매장이에요
광화문광장 바로얖에있어오..
다만 사람들이 많아요... 피크타임때는 피하는게 좋을듯해요."
3864340,4,,갠적으로 종로 스벅중에서 가장 숙련된 직원들이라고 느낌. 오전에 2층 이용하면 조용하고 안락한 느낌. 퇴근시간 비껴가면 야경맛집. 혼자가기도 좋은 분위기.
3864340,3,,"광화문광장 옆에 위치하고 있는
스타벅스 리저브매장이에요.
언제나 사람들이 많이 있는 곳이에요..
주변에도 스타벅스 많이 있어서 사람을많으면 다른매장 이용하시면되요."
3864340,4,,리저브 매장입니다. 주변의 도회적 분위기가 좋습니다. 리저브 메뉴는 2층에서 서빙되는데 큰 테이블에서 여유있는 분위기를 만끽할 수 있습니다.
3864340,5,,창밖으로 보이는 뷰가 괜찮습니다 도심인데도 불구하고 공부하는 사람도 많아 윗층은 은근 조용해여 커피맛은 다 똑같구요
3864340,4,,"최근에 리모델링해서 매장이 깔끔해진 듯 합니다. 3층까지 있어서 넓어서 괜찮은데, 그만큼 사람들도 많습니다. 건물에 엘리베이터도 있어서 편리합니다."
3864340,2,,"스타 벅스 경험이 부족했습니다. 다른 커피 개최지와 비교하여, 그것은 비 개인적인 서비스와 더불어 확실히 고가를 붙여졌고, 거기에서 보이기 위해 더 많이 쓰려고 노력하고있는 노동 조합 지부에 음식을 조달하는 것처럼 보였다. 외국인 친화적이지 않고 영어를 사용하는 직원이 없으며 기본적으로 비우호적입니다."
3864340,4,,광화문에 출장이 있어 오전에 방문했는데 직장인들이 별로 없는 시간대라 그런지 한가하게 즐길 수 있었습니다. 주변도 깨끗하고 청량한 느낌의 스타벅스라 개인적으로 좋아하는 스타벅스 중에 하나입니다.
3864340,5,,아이스 쉐이큰 패션 탱코 티 레모네이드를 먹었다. 레몬의 상큼함과 패션 탱고의 달콤함이 만나서 조화가 잘 되어서 좋았다. 더운 여름이 다가오는데 여름까지 계속해서 즐기기 좋은 음료인 것 같다. 추천합니다.
3864340,3,,스타벅스 같은 품질 및 서비스를 거의 어디에서나. 이 호텔은 전형적인 표준 내에 있습니다. 아무것도 매우 특별합니다.
3864340,4,,운치있는 동네 안쪽에 있는 아주 넓지는 않지만 보는맛 가는맛 있는 스타벅스입니다. 층층이 자리가 있어 괜찮구요 테이크아웃해서 주변 돌아다니기도 좋아요
3864340,5,,"광화문의 명소 입니다.  
실내 뿐만 아니라 건물 옥상에 있는 야외에서도 커피를 즐길 수 있습니다.
매장이 넓어서 좋고 직원들이 관리를 잘 해주어서 테이블 정리도 빠릅니다 
지하철 5호선 광화문역에서 나오면 바로 있어 접근성도 좋습니다!"
3864340,4,,"넓어서 일단 편안하게 있을 수 있습니다. 
스타벅스도 체인이기에 음료맛은 큰 차이는 없습니다."
26779285,1,,볼풀장도 재밌고 음식와 음료들 다 좋았지만 친구 생일파티로 기쁘게 왔는데 친구가 영어와 한국어 다 잘못하고 처음왔을때도 룰 안알려줘서 룰을 모르고 뮤지엄가고 신발을 안신어서 매니저님이 신발신으라고 하시는데 친구가 못알아들으는데 매니저 같으신분이 점점 목소리 높으시면서 친구한테 소리지르시면서 말씀하셔서 친구 생일 파티 다 망쳤네요. 친구도 마음 안좋고 재밌게 놀려왔는데 실망이네요. 처음 온것도 아니고 음식도 맛있는곳이 왜 그렇는지 모르겠네요. 아이한테 언성높이시는거 보고 친구가 정말 속상했어요 친구가 외국인이라서 답답하신 매니저님도 이해하고 친구 잘못도 인정하지만 언성높이시며 말씀하신건 아니라고 봐요.
26779285,5,,"연인이랑 놀러왔습니다! 계단 내려오자마자 엄청나게 큰 규모에 놀랐어요!
심지어 인테리어도 완전 발리스타일이라 휴양지에 온 기분이었습니다 ㅎㅎ
빵이랑 음료도 너무 맛있게 먹었어요!! 추천드립니다 :)"
26779285,5,,친구를 같이 가고 여기 는 한국에 온전히 다른 새상를 온 것같아요. 음식도 맛있어요. 음료수 도 너무 맛있고 직원도 친천해요. 분위기도 너무 좋아요 100점이다.♡♡♡♡♡♡♡♡♡♡♡
26779285,5,,홍대에서 즐기는 다양한 이색 공간의 카페
19070247,5,,서울에 이런 컨셉의 바는 처음인 것 같아서 너무 흥미롭네요. 분위기도 너무 좋고 바텐더 분들의 센스나 메이킹하는 실력이 굉장히 좋습니다.꼭 방문해보세요!!
19070247,4,,"외국인들도 많아서 해외온줄ㅎㅎ
분위기가 좋아요 :)
여기 녹차빙수 진짜 맛있습니다!!
꼭 드셔보세요!!!!! 추천!
칵테일은 silver needle gimlet -> JMT

다만 안주가 별로 없어서(외부음식 반입가능) 별 하나는 뺐어요!"
19070247,5,,"대중적인 바와 다르게  차와 어울어진 칵테일이 향기롭고 맛있었어요~
바 정면에 물 흐르는소리와 음악소리가 외국에 와있는 기분도 들고 음료도 더 맛있게 느껴지는 기분입니다
낮에는 티도 판매한다는데 한번 마시러 오면 좋을 것 같아요!!"
19070247,5,,"여러 종류의 차를 판매도 하면서 술에 섞어 칵테일을 만드는게 새로웠고, 생각보다 매칭이 잘 됐습니다.  네그로니를 좋아해서 부탁드렸는데 클래식 네그로니부터 다양한 차를 이용한 네그로니를 마실 수 있어 좋았고, 매장이 생각보다 넓어서 쾌적했습니다. 화장실이 깔끔한 것까지 굿굿. 술에 취할 수도, 술을 즐기다 숙취해소 항 수도, 술을 안마실수도 있는 가게."
19070247,5,,혼술하기 좋은 공간이에요 흐르는 물소리와 노래 선곡도 좋아요 ㅎㅎㅎ 바텐더 분께서 친절하시구 칵테일도 맛있게 잘 만들어주세요 강추~~!! Five out of five!!
19070247,5,,"술은 둘째치고 혼자 가더라도 내부 인테리어와 바텐더를 통해 릴렉스할 수 있는 공간이에요.
힐링이 필요한 사람에게 추천👌🏻👌🏻"
19070247,5,,"그들의 서비스와 칵테일은 의심 할 여지없이 최고의 세계적 수준입니다. 그러나 더 좋은 점은 수제 ""차 증류주""로 만든 차에서 영감을 얻은 칵테일 컨셉입니다."
19070247,5,,"차에서 영감을 얻은 매우 흥미로운 바. 술을 마시지 않은 사람을위한 메뉴에서 다양한 비 알코올 칵테일을 볼 수 있습니다. 확실히 누군가에게 추천합니다!
??? ??? ??? ??? ?? ???? ?? ? ???! ???? ???? ?? ?? ??? ???? ???? ? ?? ?? ??? ~"
19070247,5,,"그들은 맛있는 칵테일과 차 목록도 가지고 있으므로 술을 마시거나 마시고 싶지 않은 사람들도 즐길 수 있습니다!
???? ?? ??? ???? ?? ???. ? ?? ???? ??? ??? ?? ???. ????? ?? ???? ??? ?????? ? ?????"
10397159,3,,서울의 카페와 빵집이 너무 많아서 눈에 띄기가 어렵습니다. Gontran Cherrier는 서울에서 프랑스 빵집이 되려하지만 슬프게도 실패합니다. 구운 음식은 맛있지 만 이태원에는 다른 빵집도 많이 있습니다. 이태원은 서울에서 가장 국제적인 식당의 중심이기 때문에 서울의 다른 지역보다 많은 경쟁이 있습니다. Hannam - Daero의 장인 빵집은 디저트 빵에 대해 훨씬 더 잘합니다. 이 제과점은 지나치게 달지는 것은 말할 것도없이 과대 평가되고 고가입니다. 아!
10397159,5,,숙소 옆이라 가봤는데 확실히 페스츄리가 맛있어요. 버터를 아낌없이 써서 실시간으로 살이 찔 것 같은 죄악감이 드는 맛입니다ㅋㅋ 맛있다는 소리. 빵종류도 적당하고 기본에 충실한 듯
10397159,5,,크루아상이 유명한 집으로 가격은 착하지 않지만 그래도 고퀄리티라 밀가루가 땡길때 가는 곳으로 샌드위치도 맛있고 브런치로도 제격인 집이였다.
10397159,4,,"최고의 제과점 나는 이태원 맛이 있습니다. 선택의 폭이 다양한(크루아상, petit 고통, Madelaine, 키쉬 프랑스 패스트리. . . . . 우리는 가족들과 함께 식사. . . 의 sandwishes 제공합니다. 주인과 주방장이 항상 웃는 매우 친절하고 멋진 분입니다. . . 그녀는 할랄 음식을 제공하는 가졌는데, 이후 맛있었고 우리를 위한 맞춤형 Sandwish. 수 있습니다.
아침 식사를 위해 이 곳을 강력 추천한다, 빠른, 테이크아웃. . ."
10397159,4,,"곤트란쉐리에 이태원점은 매장이 넓고 환해서 좋습니다. 야외 테라스도 있어서 날씨 좋은 날은 밖에서 커피 한잔 하는 것도 괜찮습니다. 아침 일찍 열고 밤에도 11시까지 영업을 하니 늦은 시간에 갈 수도 있습니다. 테이크아웃을 할 경우 무료 발렛이 가능합니다. 곤트란쉐리에는 크루와상이 가장 맛있는 것 같은데 버터 풍미가 가득하고 바삭하면서 부드럽습니다. 커피와 잘 어울리고 오전에는 세트 메뉴로 저렴하게 판매합니다. 크루와상 외에도 건강빵, 샌드위치, 달달한 디저트류 등 다양한 빵 종류가 있습니다."
10397159,4,,"이 리뷰는 위치는 코엑스 도심 공항 터미널에서. 

크로아상 과 짠 버터 롤 뿐이다. 아주 훌륭했어요!. 

또한 몇 테이블에서 먹을 수 있는 씨티 에어 터미널 지점. 

카페는 지하 몰에 위치해 있기 를 완전히 현대 백화점."
10397159,4,,"원래 빵을 그다지 좋아하지 않는 편인데, 곤트란 쉐리어 빵은 정말 맛있어서 자꾸 먹게 됩니다. 몇몇 곳에 지점이 있는데 이태원점은 매장 분위기도 좋아서 더 만족스럽습니다."
10397159,3,,"베이커리 전문 카페입니다. 통유리의 넓은 매장에 들어가봤네요. 빵 냄새가 너무 좋았습니다. 빵도 예뻤고요. 주방의 모습도 오픈되어 있어 좋았습니다. 단, 손님도 없고, 직원도 넉넉했는데, 음료가 너무 늦게 나와서 별로더군요."
10397159,5,,"찾는 사람이라면 아주 좋은 파리 - 같은 서울에서 빵집, 할 수 있습니다. 조금 비싼 편인 (사실 은 적어도 두 배나 비싼 그들의 파리 상점) 있지만 정말 맛있는 프랑스 빵, 크루아상, 브리오슈, 바게트 샌드위치. 

그의 뜨거운 초콜릿은 조금 실망, 그 느낌이 아주 좋지 않았다 이다: 너무 많은 설탕, 초콜렛 느낌이 조금 부족한 평범한, 아닙니다 내가 파리에 있는 café 좋았습니다."
26242759,,,
9305375,5,,"인생 크루아상을 만났다.....
그중에서도 단연 초코크루아상이 내 원픽🤩
초코가 고급진 맛이다
빵집 뒤에 베이킹 클래스도 하던데
배우러 가볼까😌?"
9305375,3,,"크루아상이 맛있는 베이커리 전문이라 들었는데, 겹겹의 달콤한 빵은 좋아하지 않아 다른 걸 먹어보았아요. 개인적으로 과일깜빠뉴가 맛났어요.. 설탕을 넣지 않고 과일의 단맛으로 단맛을 재현했다고 표기되어 있는데, 새콤달콤하니 맛나네요. 
가격이 착하지 않고 근처에 산다면 모를까, 일부러 찾을 것 같진 않습니다.
테이블이 입구 바로 앞에 기다랗게 하나 있어 안에서 먹고 가기 불편합니다."
9305375,5,,아몬드 크로와상 초코 크로와상 정말 맛있어요 크기도 크고. 여기는 슈 빼고 다 맛있는 듯. 메이플프렌치토스트인가 새로 나온 빵도 맛있어요. 시식 먹어보고 바로 삼
9305375,4,,말차 다쿠아즈 먹으러 자주 가는 곳이에요. 크루아상도 바삭하니 맛있었어요. 가격은 저렴하지 않아서 자주는 못가지만  소세지페스츄리도 맛있었음
9305375,5,,"아몬드, 초코 크로와상 일단 크기가 정말 크고 맛있어요. 가격도 비싼편 아니라 더 좋네요. 유일하게 입맛에 안맞았던 메뉴는 쿠키슈 ㅎㅎㅎ 너무 달아요. 소보루도 정말 빵 반 소보루 반입니다. 동네면 자주 갈 것 같아요."
9305375,4,,지금은 서초로 이전해서 자주 가지 못하지만 크로와상 덕후라면 반드시 가야할 곳이에요. 특히 초코로 꽉 찬 초코크로와상은 무게감부터 남다른데 한입 물면 끝가지 갑니다.
9305375,5,,"연희동에 있는 베이커리로 크로아상이 유명합니다
간판에 크로아상 모양이 박혀있을 정도로요
주인분 너무 친절하고 빵도 맛있어요"
9305375,4,,빵맛도 좋고 친절합니다. 저희 아이가 계속 초코 머핀을 먹겠다고 하자 다른류의 초코가 들어간 빵의 한조각을 주시면서 달래더군요.
9305375,4,,연희동 주택가 골목길에 있는 조그만 빵집이다. 크로와상이 대표 빵이고 다른 빵도 재료가 좋은지 모두 맛이 좋다. 가격도 비싸지 않다.
15289639,4,,"케익과 커피 먹었는데 그냥 평범했습니다. 포장해 사온 퀸아망은 맛있었어요. 매장이 전반적으로 어둡고 인테리어랄게 없어서 아쉬웠네요.
드립커피는 꽤 괜찮았어요."
15289639,5,,"왠지 가면 퀸 아망을 꼭 먹어야 할듯 하여 클래식으로 주문했고 맛있게 먹었습니다
하지만 친구가 주문한 크로아상과 다른 빵들도 다 맛있었어요.
3층은 루프탑인데 요즘같은 날씨에 시원하고 조용해 특히 좋았습니다."
15289639,5,,"퀸아망!!!
달콤하면서도 패스츄리의 가벼운 식감이 찰떡궁합입니다. 
바나나아몬드크로아상도 꼭 드세요!
따뜻한 토마토 스프도 함께한다면 브런치로도 만족!"
15289639,3,,가로수길답게 사악한 가격을 자랑함. 물론 맛은 있음. 근데 내돈을 주고(가로수길 평균 베이커리 가격보다 더 비쌈) 먹으라면 ㅠㅠ 잘 못가겠음. 사주는것만 좋음. 초코 퀸아망이 맛있음.
15530707,4,,"나는 샌드위치와 같은 그들의 유명한“반미”를 주로 먹기 위해 타르 틴에 갔지만 디저트도 먹었고 빵을 사 샀습니다. 샌드위치는 절인 채소, 페스토, jalape os, 쇠고기 양지머리, 오이로 가득했습니다. 내가 가진 뜨거운 차 한잔과 잘 어울렸다. 내 친구도 샌드위치와 차를 얻었지만 나만큼 만족하지 못했습니다. 우리는 정상에 앉아 있었고 아래층에서 진행되는 행동을 멋지게 보았습니다. 몇 시간 후에 우리는 디저트와 커피도 얻었습니다. 나는 레몬 타르트를 선택했다 – 그것은 매우 신성했다. 내 친구도 코코넛 디저트를 선택했습니다. 커피는 커피 였고 특별한 것은 없었습니다. 따뜻한 카푸치노 한잔. 나는 집에 유럽 스타일의 빵을 샀다. 나는이 카페와 다양한 샌드위치, 디저트 및 빵을 좋아하지만 모두 비용이 많이 듭니다. 두 개의 샌드위치, 두 개의 디저트, 커피, 차 및 빵을 꺼내기 위해 90, 000에 가까운 돈을 지불했는데 다른 카페보다 비쌉니다. 품질과 수량에 대해서는 비용을 지불하지만 여기의 가격은 약간 가파른 것 같습니다. 이곳은 좋은 카페이므로 여기에 오십시오."
15530707,4,,그들의 크루아상은 크고 바삭 바삭합니다. 우리가 그곳에 일찍 도착해서 그곳에있는 유일한 사람들 이었기 때문일 수 있습니다. 일부 현지인들은 테이크 아웃을하려고하는데 이곳은 발렛 파킹을 무료로 제공합니다. 가격은 약간 비싸지 만 좋은 분위기의 이른 아침 아침 식사에 가치가 있다고 생각합니다.
15530707,4,,풍미가 있는 빵들이다. 별 거 아닌 것 처럼 보이는 메뉴도 풍성하고 먹음직스럽게 구워낸다. 버터 듬뿍 들어간 큼직한 크로아상도 좋고 신선한 채소를 아낌없이 쓴 샌드위치종류도 맛있다.
15530707,3,,"이 많은 예고 빵집은 나에게 실망 스러웠다. 그렇습니다. 음식은 좋지만 Artisan Bakery도 한 두 문 아래 있습니다. 유일한 차이점은 내가 Artisan Bakery에 갈 때, 내가 떠나고 나서 주머니가 풀려났다는 느낌이 들지 않습니다. 문제는 일부 구운 제품이 좋다는 것입니다. 나는 그들이 마을에서 최고의 크로와상을 먹은 것 같아. 그러나 메뉴에있는 다른 항목 중 일부는 수수께끼입니다. 17,000 원의 쇠고기 샌드위치가 정말로 있습니다. 그리고 그것은 계속됩니다. 몇 가지 뛰어난 점은 전체 메뉴의 극도로 높은 가격을 지원할 수 없습니다. 그리고 그 위에 발렛 주차 서비스가 곤란합니다. 차로 처음 방문했을 때 나는 내 차를 주차시켜야한다고 들었다. 그러나 남편은 빵 한 덩어리를 집어 들고 만있었습니다. 나는 차에서 기다리고 있었고 우리는 교통을 멈추지 않았다. 우리 앞에서 차가 있었고 똑같은 짓을했고 한국 여자는 달려와 차를 뛰어 다니게했다. 나는 그들이 모든 차를 주차 시켰고 우리가 거리에 앉아있을 수 없다고 들었다. 그러나 그들은 한국 여성이 앞서 나에게 똑같은 일을하도록 허용했다. 허. 그래서 나는 거부했다. 그런 다음 그들은 남편과 이야기 할 것이라고 말했습니다. 나는 그들이 재미 있다고 느꼈다. 그래서 나는 그들이 들어가라고 말했다. 긴 이야기 짧은, 우리는 빵을 얻었고, 공원을 주차시키는 것을하지 않고 떠났다. 약 5 분 안에 들어갔다 밖으로."
15530707,4,,"빵과 디저트는 모두 아주 맛있습니다 (SF의 원본과 비교할 수없는 빵 푸딩 제외) - 빵은 매우 단단하고 맛이 다양합니다. 맛있지 만 치아를칩니다. 결과적으로 샌드위치는 먹기가 힘듭니다.
채소 수프 - 매우 얇고 물기가 있습니다 - 나는 그들이 최고의 재료를 사용한다고 확신하지만 그만한 가치는 없습니다.
나는 스콘 (너무 달콤한 - 드물다!)과 레몬 케이크 & 쿠키 (choc 칩)를 특히 추천한다.

Tartine은 서울에서 가장 높은 가격을 지불하는 데 신경 쓰지 않는다면 라인 파이와 빵의 가장 좋은 장소이지만, 개인적으로 성층권 가격을 부과하는 점심 장소를 싫어하고 균형 잡힌 식기를 찾아 테이블을 찾을 것을 기대합니다. 가득 차있는 쟁반.
 (여기의 선이 너무나 길 때 우리는 Artisee Bakery 2 문을 아래로 간다)."
15530707,4,,"베이커리 종류가 맛있어요. 특히 브레드푸딩 강추하고요
식사빵? 메뉴도 좋은데 특히 햄애그버거였나.. 이건 정말 강추입니다 ㅋ 달걀이 포슬포슬하고 빵도 부드러운, 다 아는 맛인데 엄청 맛있는 맛이예요. 맥모닝 고오오급 버전입니다

반미샌드위치도 맛있어요
음료는 우롱차 추천

가격은 좀 비싸요"
10307717,5,,"한옥 안을 비우고, 통창을 들어 개방감이 드는 장소 입니다.
음료도 예쁘고 앙증맞게 나옵니다.
외국인 친구와 함께 갔는데, 매우 좋아했습니다.
외국인 분들께도 매우 추처드립니다."
10307717,5,,???? ???? ???????? 좋은 음식 훌륭한 직원 훌륭한 직원
10307717,4,,"작은 카페가 있는 맛있는 점심 메뉴 를 제공하는 벽이 되지만 미러링된 웨스턴 스타일의 호텔. 서비스는 친절하고, 가격이 합리적이다. 여성들은 좋은 영화를 볼 수 있는 립스틱 디스플레이 최대 30 빛 레드. 무료로 와이파이를 사용할 수 있다."
10307717,5,,"국립현대 서울관과 아라리오 갤러리의 바로 옆인데 들어가는 입구부터가 몹시 재미있다.
분명히 눈을 크게 부릅뜨고 이 가게의 실제를 규명해보려해도 마구 헤깔린다.이유는 제목처럼 사방이 거울.미러이기때문이다.ㅋ 실내에 들어가면 대략 크기를 눈치챌것이나 아무튼 재미있고 커피.차.아이스크림이 맛있는공간이다"
10307717,3,,날씨가 정말 무더워서 시원해보여 들어간 장소인데 가게가 매우 독특했습니다. 분위기는 한옥인데 안에는 거울로 도배가 된 모습이었습니다. 잘못하면 벽에 부딛힐뻔했습니다. 굉장히 좁은 실내를 넓어보이게 하는 효과는 분명 있었습니다. 모히토를 먹었는데 시원하게 마실 수 있었습니다.
10307717,5,,그래서 내가 본 중에 이상한 거울이 한국에서 좋은 카페. 최고의 디자인은 이름 mirrorroom -. 쵸코 크림 추천할 수 있는 및 냉동 라떼.
23980840,,,
8532472,5,,이것은 우리가 살고있는 도시에 하나도 없기 때문에 여행 할 때마다 대만 차 샵을해야한다는 것 중 하나입니다. 양조 된 차는 매우 높은 품질과 강한 향이 있습니다. 보바 (Boba)와 다른 토핑은 신선하게 익히고 올바른 일관성을 유지할 준비가되어 있습니다.
8532472,3,,"태생적으로 같은 대만 출신의 프랜차이즈라 그런지, 메뉴의 구성이나 주문방식, 맛까지 공차와 비슷한 곳입니다. 다만 공차가 우유를 넣은 버블티에 강하다면, 이곳은 과일맛의 음료에 보다 강하다고 할 수 있습니다. 단맛의 정도나 토핑의 종류를 입맛에 맞게 커스터마이즈 할 수 있다는 점이 가장 큰 장점이라 할 수 있습니다."
8532472,4,,"스카이파크센트럴점 바로 앞에 있는 곳입니다. 
항상 버블티를 마시려고 제일큰사이즈에 버블추가 버블도 쫄깃하고 고구마맛나는타로?였나 타로버블티도 맛있고, 제일 보편적인 밀크티버블티?도 맛있고 제일 좋은건 단맛의 정도를 주문자가 정할 수 있는 아주 좋은 장점이 있어요. 위생을 위해 항상 위생 마스크를 착용하고 계시고 포인트제도가 있어요, 핸드폰번호만 누르면 되니 꼭 이용하세요;;"
8532472,5,,"버블종류와 당도 선택한수있어요.
퍼스널 맞춤 음료전문점!
멤버쉽까지 있어서 이용시 적립도 되어서 편합니다."
8532472,5,,초코버블티 주문했어요. 당도 .버블증류 선택해서 나만의 음료로 주문가능합니다. 초코가 진해요.
8532472,5,,맛있는 음식! 우리는 계속 앞으로 다시
8532472,5,,상해에서 해피레몬을 맛있게 먹은 기억이 있어 명동점을 찾았다. 기본 밀크티를 시켰는데 양도 많고 인테리어도 귀엽고 개인적으로는 공차보다 해피레몬이 더 맛있는 것 같다. 당도를 70%로 했는데 딱 적당했다. 버블도 졸깃하다.
8532472,5,,"방문 사랑이 행복한 레몬 가게! 이 가게는 몇 번 애용 퀼팅머신용! :) 
한국어로 된 영어 메뉴는 정말 알이 굵고, 제가 감사하다는 저와 함께 주문하고 직원들이 환자나 관광.
5 또는 10% 할인 받을 수 있는 여행객들이 스카이 파크 호텔, 이런 방의 열쇠는 카드 추가 할인."
8532472,5,,"명동에서 즐겨 찾는 카페입니다.
골목에 있고 1,2층을 모두 다 쓰는데 밝으면서 조용한 분위기 입니다.
창가자리도 항상 있어 사람들 구경하면서 친구와 담소를 나누기 좋은곳입니다.
버블티는 보통버블티와 로스트버블티가 있는데 두개를 시켜 비교를 하니 확실히 좀 더 비싼 로스트버블티가 더 맛있었습니다."
8532472,3,,"귀여운 레몬 모양의 캐릭터가 특징인 대만 브랜드의 밀크티 하우스.
좀 더 전통적인 느낌의 공차와 달리 현대화 되고 캐쥬얼한 느낌의 밀크티와 차 종류를 판매하고 있음.
특히 밀크티에 푸딩을 추가해서 먹을 수 있는데, 색다른 맛을 느낄 수 있음"
8532472,3,,"블로그에서 정보를 보고 찾아갔습니다. 요구르트가 들어간 음료를 먹었는데 생각보다 맛이 괜찮았네요. 가격도 저렴한 편이었습니다.
다만 매장에 오래 머물기는 불편한 분위기였다는게 아쉽습니다."
14790805,5,,서울속에서 새로운 자연을 만끽할 수 있는 카페
14790805,5,,서울에 이런 전망을 가진곳은 또 없을듯
8766622,4,,"치즈 타르트와 크레페 케이크는 정말로 상쾌하고 너무 달지 않습니다. 실제로 매일 먹을 수 있습니다. 나는 그들이 정말 좋은 재료를 사용하고 치즈 텍스처는 거의 구름과 같다고 말할 수 있습니다.

오리지널 치즈 타르트와 밀 크레페 케이크는 필수입니다. 놀랍게도 그들은 차가운 양조 아이스 티와 잘 어울립니다."
8766622,5,,"치즈 타르트를 좋아한다면 반드시 골든 치즈 타르트를 확인하십시오! 타르트 껍질은 버터 모양이며 완벽하게 조리됩니다. 치즈 필링은 클래식 뉴욕 치즈 케이크처럼 풍부하고 크림 같은 맛입니다.

얼 그레이와 딸기 크레페 케이크도 맛있습니다. 얼 그레이 크레페 케이크에서 차 맛을 맛볼 수 있습니다. 딸기 크레페 케이크는 신선하고 지나치게 달콤하지 않습니다.

골든 치즈 타르트를 추천합니다!"
8766622,5,,"친절한 직원, 빠른 서비스, 즐거운 장식, 그리고 최고의 치즈 타트 주변"
8766622,5,,국내에서 먹어본 치즈타르트 중에 제일 맛있게 먹었습니다. 직접 매장에서 구운 타르트라서 더 맛있어요. 근처 오시면 꼭 들러보세요
8766622,5,,서울에 가야 할 장소들. 아주 아주 좋고 크림 같고 맛있는 치즈 타르트는 커피와 함께 먹을 수 있습니다. 완벽한 조합. . . 100 % 추천! ! ???
8766622,5,,친구들과 함께 갔고 치즈 타르트 즐겼습니다. 제가 먹어본. 누구에게나 추천한다
8766622,4,,"이 곳은 정말 귀여운 생각했습니다. 알림 첫 깨끗하며, 단순하고, 세련된 장식. 이 파란색과 노란색으로 행복의 느낌과 조용한 홍보하십시오. 직원들은 따뜻하고 매우 친절했어요. 치즈 타르트 스스로 풍부하고 섬세한 버터맛 크러스트를 이행. 우리는 또 미묘한 생각이 들었지만 동시에 퇴폐적인 있는 음식을 맛볼 좋아하는 치즈 애호가를 위한 충분한 원래의 밀레밀리아에 크레페 케이크,. 이 합정 위치 좌석이 제한되어 있지만 공용 실외 좌석이 바로 옆에 있습니다. 또한 스스로 자연광이 많이 요구하는 대형 점포. 그래서 커플들이 앉아서 맑은 날에 휴식을 위해 좋은 장소입니다."
8766622,4,,"나는 친구들과 함께 거기에 갔고 우리 모두는 이곳이 서울에서 가장 맛있는 치즈 타트 중 하나를 가지고 있다는 것에 동의했다. 신랄한 생과자는 바삭 바삭했고, 채우는 것은 정말로 치즈 냄새와 크림이었다. 그 곳의 또 다른 볼거리는 고객 서비스였습니다. 그녀는 한국의 생존을 고려하는 데 최선을 다했습니다. 이동하는 장소가 확실하지만 나를 염두에 두어라. 그들은 Americano를 팔 뿐이다. 그래서 당신이 Americano의 큰 팬이 아니라면, 그것을 가지거나 당신 자신의 음료를 가져라."
8766622,5,,나는 가볍고 크림 같고 맛있는 치즈 타트를 먹었다. 나는 또한 내가 그다지 즐거워했던 얼 그레이 케익 한 조각을 가지고 있었다. 나는 고객 서비스가 우수한 합정 (Hapjeong)에 갔다. 그 일꾼은 매우 친절하고 도움이되었고 친절했습니다. 나는 그곳의 음식과 음식에 정말 행복하다.
8766622,5,,"치즈 타트를 위해 거기에 가라! 밀레 - 크레페 케이크는 괜찮지 만 확실히 작은 치즈 싼 치즈 타르트는 가질 수있는 최고의 가치입니다!
고객 서비스가 우수합니다! 우리는 주문하기 위해 looooooong 시간을 보냈습니다. 그리고 우리는 그녀가 괴롭 히거나 서두른다고 느끼지 않았습니다."
8766622,5,,"치즈 타트는 가볍고 flavorful이었고, 그들은 여전히 ​​조금 따뜻했습니다. 고객 서비스도 굉장했습니다!"
8766622,5,,"나는 친구들과 거기에 갔다. 나는 치즈 타트를 좋아했다! ! ! 내가 서울에서 가장 좋은 곳 중 하나. 그것은 알 치즈 타트입니다! ! ! 일단 당신이 가지고 있으면, 당신은 또 다른 것을 먹어야한다! ! 그들의 Cr pe 케이크는 역시 AWSOME입니다! ! !"
8766622,5,,"가벼운 푹신한 치즈 케이크의 스타일에서,이 작은 타트는 내가 사랑했던 버터 바르고 바삭 바삭한 껍질로 만들어집니다. 장소는 깨끗하고 직원은 친절합니다. 그들은 또한 부드러운 쫄깃한 초콜릿 쿠키를 가지고 있으며 그렇지 않으면 찾기가 어렵습니다."
8766622,4,,"합정역 7번출구 앞에 있었는데 몇달전에 푸르지오 상가로 옮겨졌어요, 타르트 선물하기도 좋고 맛있어요"
8766622,4,,출근 길에 항상 맛있는 버터 냄새를 선물해줬던 골든 치즈 타르트. 장소를 옮겼다고 하네요. 그 자리에는 일본식 덮밥집이 들어온다고 합니다
14214272,4,,"[봄에 꼭 가야할 까페!!]
홍대입구 10분거리 연트럴파크를 따라 걷다보면 보이는 곳
대나무와 천을 이용한 인테리어로 잠시 눈을 감으면 동남아로
여행온듯한 기분!!! 음악도 너무 좋은 곳
2층 야외자리에선 공원도 한눈에 보임
꼭 밀크티 보틀로 드셔보세요^^

하지만 화장실 웨이팅은 심각(주차X)
실내 식물들 관리도 조금 필요l"
12533876,4,,서울숲들어가는 한쪽입구에 자리잡은 카페입니다 옆에 빵집과 연결되오있고 옥상 테라스도 있어서 편하게 앉아있다가 갈수 있네요 커피도 맛있지만 플레인 아이스크림이 깔끌하게 맛있네요
12533876,2,,"드립커피 이디오피아 게샤빌리지만 그나마 먹을만 하다. 끝향은 꽃향기가 퍼져서 원두는 좋은거 쓰는구나 싶은데 첫맛이 너무 밍밍해서 처음 마실 때는 이게 뭔가 했다. 
소프트아이스크림은 갈빗집 아이스크림. 진한 우유맛 나는 아이스크림이 아니다.
초콜렛도 실망. 쌉살한 편인데 물 탄 맛."
12533876,5,,화이트 큐브 인테리어 이외에 음료 맛 등 크게 특별한 건 없습니다. 음료도 가격대비 평범합니다. 삼성동에도 생겼는데 책방도 있고 음악도 들을 수 있어서 그나마 거기가 좋습니다.
12533876,3,,너무 평범해서 쓸말이 없네. 야외공간이 있어서 커피도빨고 모기가 내피도 빨수있다. 인테리어는 꽤 예쁜편. 너무 어두울때가면 느낌이 없을 듯함.
12533876,5,,"아이스 드립커피로 게이샤 커피 꼭 드시기 추천해요
날씨만 좋다면 옥상에 자리 잡으면 경치도 너무 좋고요
옆에 제과점은 좀 별로지만
커피만은 정말 추천할만합니다"
12533876,3,,"주택을 개조한 커피숍으로 2층에서 주문을 하고 2,3 층에서 먹을 수 있습니다. 
굉장히 환하고 그럼에도 아늑한 분위기가 있어요.
수박쥬스가 제법 가격이 비싼편이었음에도 상당히 밍밍, 싱거운 맛이었습니다. 
커피는 그럭저럭 괜찮고 직원들도 친절한 편이예요"
12533876,5,,"옆 빵집에서 케익등을 산뒤 센터커피에서 먹을수 있는 시스템이다.카페 내부 전부가 하얀색이라 가슴이 맑아지는 느낌!
서울숲 4출입구 바로앞 위치해 있다"
9155242,3,,"Seoul, Seoul, South Korea"
9155242,4,,"이것만 세스쿱 먹고 싶은 기분이 듭니다. 다른 맛을 먹더라도 이천쌀맛은 디폴트로 먹습니다
어디나 그럴테지만 피스타치오도 맛있구요"
9155242,5,,우리가 서울에서 가지고 있었던 비트 아이스크림. 다양한 종류의 맛과 원뿔에는 아이스크림을 얹기 전에 ​​따뜻한 초콜릿 소스가 압착되었습니다. 원추형으로 두 개를 사면 3 개가됩니다.
9155242,5,,맛있는 젤라또 아이스크림을 먹을 수 있는 곳!
9155242,5,,진실한 코코넛 맛을 낸 것. 죽기 위해서. 잘 했어. 나는 또한 누텔 라 풍미를 좋아한다. 짧은 선. 매우 효율적인 직원.
9155242,4,,이천쌀맛 너무 맛있어요. 늘 먹을 때마다 이천쌀 한 스쿱은 기본 옵션으로 깔고 먹습니다. 파미에스테이션에서 한끼 할 때 에피타이저나 디저트로 하나씩 손에 잡고 종종 먹어요~
9155242,5,,천연 재료를 최대한 이용해서 맛이 깔끔해요. 특히 재철 과일 써서 향이 살아 있는 우유가 없는 젤라또 셔벗을 추천합니다. 저는 보통 딸기랑 레몬 컵을 좋아합니다.
9155242,5,,내가 좋아하는 젤라또 집! 이천쌀 아이스크림은 이천쌀을 이용해서 만든 아이스크림이다. 아이스크림을 먹는데 이천쌀이 씹혀서 더 맛이 있었다. 컵이나 콘 두 가지 맛으로 하면 사천원에 먹을 수 있다. 흑당인절미는 인절미 맛이 나는 건강한 아이스크림 맛이었다. 나머지 두가지 맛은 여름 한정인 자두와 딸기맛을 먹었는데 후식으로 제격이었다. 추천해요!
9155242,4,,"고속터미널에서 신세계백화점에서 파밀리에 스테이션에있는 젤라또 맛집입니다.
아이크링 달지않고 종류가 다양하게 맛있게 즐길수 있는곳이네요 조용히 앉아서 먹을수는 없는점이 아쉬워요"
9155242,4,,"젤라또 아이스크림을 다양하게 맛볼 수 있는 곳이다.
이천쌀 아이스크림이 맛있다.

컵이나 콘 하나당 두 가지 종류의 아이스크림을 고를 수 있게 되어 있어 다양하게 여러가지 맛을 맛볼 수 있다는 점이 좋다.

이천쌀과 피스타치오를 추천한다."
9155242,3,,이탈리아 젤라또를 다양하게 맛볼 수 있는 곳
9155242,4,,"이탈리아 정통이라기 보다는 한국식 이탈리아 아이스크림 정도가 적당한 표현일듯
쫄깃쫄깃하지는 않아도 이천쌀은 먹을만함
피스타치오도 두개 고르게 되어있는 데 이 조합이 좋은듯"
9155242,5,,한국에서 먹을수있는 젤라또중 단연 가장맛있는 곳이다 직접 만들고 정성을 다해 판매한다 이곳이 특별한 이유는 방문해 보면 알 수 있을 것이다
9155242,5,,파미에 스테이션 내 맛잇는 젤라또 가게
14967527,5,,우리는 이정석 카페 89에 신사동을 방문했다. 우리는 커피와 핫 초콜릿과 바나나 초콜릿 케이크를 주문했습니다. 음식 맛은 정말 케이크 특히 좋습니다. 우리는 약 9 ish에 늦게 도착했다. 그래서 카운터 위의 음식의 대부분은 매진되었다. 카페는 매우 아늑합니다! 우리가 다시 서울을 방문하면 다시 올 것이다.
14967527,4,,"이 카페는 유명인 모델 / 배우 이종석이 소유하고 있습니다 (나는 그가 누구인지는 알지 못합니다). 나는 카페에서 친구들을 만날 때까지는 전혀 몰랐다. 대부분의 장소와 달리, 내가 바라는 남성 바리 스타와 서버 만이 모델과 배우를 갈망하고 있습니다.

나는 녹차 라떼와 티라미수를 주문했다. 디저트는 가볍고 푹신하고 완전히 죽을 수있었습니다. 또한 호텔 내에는 식사가 가능한 식당이 있습니다."
14967527,4,,"Kuala Lumpur, Malaysia"
14967527,4,,"이 곳은 길을 약간 벗어났습니다. . . 그러나 좋은 방법으로. 카페 / 레스토랑은 조용하고 고요하지만 정말로 시원한 트렌디 한 분위기를 가지고있었습니다. 이것은 서울에서 발견되는 것은 드문 일이 아니지만이 장소에 대한 어떤 것이 정말 독특합니다. 음식도 훌륭했습니다. 우리는 Chicken Ceasar Salad와 Garlic Shrimp Pizza (메뉴의 새로운 것) 모두를 주문했다. 그것은 훌륭했다.
Ceasar 샐러드는 북미에서 찾을 수있는 것과 약간 다릅니다. 그것은 일반적으로 작은 오이 크기의 딜 피클과 디종 닭고기와 함께 제공되지 않습니다. . . 그러나 맛은 매우 잘 균형이 잡혔다. 그리고 모든 매우 신선했다. 그것은 모든 Ceasar 샐러드가 이처럼 만들어 졌으면 좋겠다고 생각하게했다.
위대한 피자에 대한 비밀은 완벽한 지각이며 89 맨션은 그것을 찍었습니다. 다시 말하지만, 완벽하게 균형 잡힌 맛과 가벼운 바삭한 빵 껍질. 저의 아주 사소한 단점은 새우가 너무 익었습니다. . . 당신이 피자 위에서 베이킹 할 때 쉽게 발생합니다.
서비스도 정말 좋았습니다. 점심 시간이 너무 많아 시간이 얼마나 걸리는지별로 신경 쓰지는 않았지만 과도하게 복용하는 음식은 기억이 안납니다.
나는 서울에있을 때 다음 번에 다시 올 것이다."
14967527,4,,"Bandar Seri Begawan, Brunei Darussalam"
14967527,4,,Every ending is always a new beginning!
9038106,5,,"요즘같이 옛것을 찾아보기 어려운 때에 여전히 자리를 지키고 있는 대학로의 명물, 학림. 창밖을 통해 보는 풍경이 정말 좋았던 곳을 다시 찾아 감개가 무량했네요. 커피맛도 여전히 좋았고 클래식 음악도 좋았고 정말 세월이 또 가도 굳건히 이 자리를 지켜주기를 바랍니다."
9038106,5,,대학로에 50년 넘은 다방입니다. 정말 세월이 그대로 묻어나는 곳이죠. 요즘 이런 오래된 다방이나 카페를 찾기 힘든데 오래오래 갔으면 좋겠습니다. 주말에는 사람이 많아요.
9038106,5,,"아주 오래된 유명한 곳이죠
간만에 맛보는 비엔나커피와 밀크쉐이크,레몬에이드에
친구들과 대학때 추억을 나누며
듣는 바이올린 선율에 취할 수 있는 곳"
9038106,5,,많은 작가들이 지나간 곳으로 유명한 다방
9038106,5,,아주 오래된 커피숍이에요. 학림사건의 배경이었던 역사적인 장소이기도 하죠. 주로 비엔나 커피를 마시는데 외국인들 보면 와인 한잔씩 하더라구요. 분위기 고풍스럽고 주인도 친절하고 커피 맛도 있어서 애정하는 카페입니다.
9038106,5,,분위기가 쩐다. 지붕뚫고 하이킥에서 신세경이 데이트하던 곳. 잔잔한 클래식음악을 틀어주며 커피도 괜찮다
9038106,4,,"Seoul, Seoul, South Korea"
9038106,4,,"한국의 tv 드라마 장면 중 하나가 '내 사랑의 스타'. 역사적인 유산을 하는 café. 우리는 오래된 나무 계단을 올라가 이 층에 위치해 있는 café 1st. 테이블에는 약 10, 웨이트리스 를 방해 하면서 다른 사진을 우리에게 말했다. 내부는 café, 짧은 계단이 있었고 그 위에 있는 좀 더 어퍼 덱 테이블로 가서 하지 않았다. 장식은 스타일이 연상 하는 우리를 데리고 다시 옛날. 조용한 아침에 몇 가지 고객 카페. 조금 긴 수염을 기른 젊은 여자가 함께 있는 드라마 는 테이블 차지하고 있었습니다. 그 옆에 앉아 있는 테이블에 있는 거리 뷰. 커피는 맛있었지만 음식을 제외한 메뉴에서 몇 가지 디저트가 제공됩니다. 할 가치가 있지 않는 팬이 있는 '내 사랑의 스타'."
25064418,5,,"혼자가도좋을꺼같고 간단하게 소모임하기도 좋은 장소인거같아요 !
음식도 맛있고 커피도 넘 맛있고 그냥 다 맛있고 분위기도 너무 좋았습니다 ! 
지인에게 사진보여줬더니 가고싶다그래서 조만간 또 가려구요 ! ㅋㅋ"
25064418,5,,교통편도 좋고 분위기도 좋은 데이트 코스 종각카페
25064418,5,,"매장 인테리어 레트로풍에 아늑해서 커피 한 잔 마시면서 쉬다가기 좋았어요
음료, 디저트 종류 다 다양하고 맛도 괜찮았습니다👍
식사류도 팔던데 다음에는 혼자 와서 음식도 시켜서 먹어보려구요"
25064418,5,,분위기 왤캐 좋은가여.. 좋은 추억 마구마구 남기고 왔어요❤️ 행복해 ㅜㅜ 맛도 좋고 다음에 또 오고 싶어요. 친절함도 말할 것도 없고 무엇보다 동행자가 엄청 마음에 들어해서 최고네요 ㅎㅎ
25064418,5,,"카페 내부 인테리어도 영롱하고 커피랑 디저트도 수준급으로 맛있네요.친구들이랑 커피타임 즐기기 딱 좋아요.
위치도 좋아서 담번에 종로근처 오면 또 방문하고 싶네요.
애프터눈 티세트 유명하대서 담번에 먹어봐야겠어요"
25064418,5,,"맛 분위기 가격 다 좋아요 만족해요 ㅎㅎ
시킨 메뉴 다 맛있고 가격도 비싸지 않고요 조용히 대화 나누기도 좋았어요 자주 갈 것 같아요"
25064418,5,,"분위기 너무 좋아요 인테리어가 너무 이뻐서 좋았고 
음식이랑 음료 다 맛잇네요 즐거운시간 보냇어요 접근성도 좋아서 종종 갈듯해요"
25064418,5,,음식들이 무슨 작품 인줄 알았어요! 벽에 작품이 걸려있는데 음식도 작품이네요 ㅋㅋ 먹기 아까울 정도였고 전시해두고 싶었어요. 겉만 예쁜게 아니라 음식도 맛있음...! 굿
25064418,5,,친구와 분위기 즐기며 차 한잔하려고 방문했는데요. 손수만든 레몬청에이드가 시그니쳐메뉴라고 들어 주문했어요. 너무 달지 않으면서도 레몬과 어우러진 단맛이 느껴져 한모금 한모금 마실 때마다 너무 좋았네요.
25064418,5,,"데이트장소로 딱입니다!
인테리어가 감성적으로 너무 잘되어있고 너무 맛있어요 ㅎㅎ
친구커플에게도 소개시켜주고 재방문의사 백프로입니다"
25064418,5,,사장닌이 친절하시고 분위기가 너무좋아요 ㅎㅎ 완전 데이트코스로딱 좋아요 ㅎㅎ 강추하는 곳입니다굿굿 다음에또다시 방문하고싶네욤
25064418,5,,"분위기 좋은곳에서 맛잇는 디저트,커피마시니 더욱 더 맛잇는 것 같네요 ㅎㅎ 저나 친구들이나 처음 방문한곳인데 음악도좋고 뭐하나 빠짐없는곳이였어요~ 덕분에 힐링 확실히하구가용~"
25064418,5,,살면서 이런 카페는 처음이네요.이 분위기를 머라 표련야할지?한번오면..한번만 오는사람은 없을듯^^다양한 디저트에 식사도 가능하고..저만 알기 아까운장소네요.
25064418,5,,제목 그대로 분위기 좋은 라운지바에요. 음악감상도 할 수 있어 좋네요.종각역이랑 이어져있어서 너무 편리했어요. 다음에도 방문할게요🙂
25064418,5,,주말에 영풍 갔다가 들렸어요~ 책사고 바로 집으로 가기 심심해서 들렸는데 여기 앉아서 책 다 읽고 집에왔네여?? 교통편도 편하고  다음엔 친구랑 여기서 만나야겠어여 ㅋㅋ
9420796,2,,커피프린스에 나오고 관광객/방문객이 많다. 여유롭게 앉아 티타임을 즐기기는 어렵다. 맛에 비해서 커피 가격도 비싼 편이다.
9420796,4,,"커피프린스 이선균 집으로 유명한 산모퉁이카페  주차때문에 계속 방송나오고(차빼라고~) 사람이 많아 복잡 복잡한 카페하지만  비싼값 만큼 커피는 맛있고 뷰도 좋다~
꼭 차는 안가지고 가는걸로 ~운동하기좋은 카페입니다!"
9420796,5,,"이는 정말 숨겨진 보석! 이럴 수가. 아름다운 전망! 그리고 제가 갔던 날, 날씨는 너무 추운, 및 sun. 나는 잠시 밖에 앉아 있다. 그냥 아름다운! 음료 때문에 - 그래서. 티라미수는 좋다고 들었다, 하지만 나는 시도하지 않았다. 하지만 전망이 멋있 다. 

이는 드라마 커피 프린스 카페에서 촬영. 다른 카페는 홍대에서 사용하면 연구 온라인 대한 정보를 가져올 수 있습니다. 하지만, 단 지 두 카페와 제휴. 그들은 그냥 드라마 커피 프린스 카페 사용되는, 필름에. 드라마 커피 프린스 의 사진들이 있다. 

하지만 가장 중요한 것은 전망! 하지만 겨울에 조금은 혼란스러운, 여전히 아름다운 풍경이! 저는 여기에 글을 정당화하지 않은 사진에 대한 내 눈. 그래서 이곳에 와서 직접! 평일보다, 주말 좌석을 찾아 매우 (the view 도 좋은 자리)."
9420796,4,,"멀리 내려다보이는 서울의 뷰가 일품인 까페입니다. 
음료는 평범해요. 가격도 비싸고.. 테이크아웃 플라스틱잔에 줍니다. 
평일낮에는 사람들이 많지 않기 때문에 한적하니 좋습니다.
더운 여름에는 매장안에서 시원하게 있고 날 좀 풀리면 뷰가 있는 외부로 왔다갔다 하면서 돌아다니기도 좋습니다"
9420796,3,,"아주 오랜만에 친구와 방문을 했어요 평일 낮에
그런데도 사람들이 북적북적~ 하드라고요
야외자리에서 벌레가 좀 많았지만 경치보며 커피한잔 하기 좋아요"
9420796,4,,"차 없이는 접근하기 힘들어요...
드라마 촬영지라는 점 때문에 방문했는데 가격이 저렴하지는 않아요.
그래도 여자들이 좋아하는 분위기로 서빙도 예쁘게 되고 무엇보다 바라보이는 졍망이 참 좋아요.
저는 흐린 날 방문했는데, 맑은 날 가시면 더 예쁜 전경을 볼 수 있을 것 같아요."
9420796,3,,"드라마 촬영지인 만큼 관광객이 많이 찾아온다. 건물 자체로도 볼거리이지만 카페 테라스에서 바라보는 부암동 전경이 매우 아름답다. 야경이 특히 멋있다. 차와 디저트의 맛은 보통, 접근성은 떨어진다. 버스로 이동 후 걸어서 올라가도 좋고, 택시나 자가용을 이용하여도 된다."
9420796,5,,"부암 동 산의 위치에 있는 이 매력적인 커피 가게는 투어의 마지막이. 후에 하루 종일 나가 있는 휴식을 취하기에 꽤 이길 준비. 우리의 투어 가이드의 완벽한 장소를 알고 있다고 하기에. 그는 또한 특별한 카페는 k - 드라마. 나중에 알게 되어서 커피 프린스 드핀을 에 위치. 저는 가족과 함께 즐길 수 있는 야외에 앉아 커피 의 역사에 대해 서울 성곽 벽, 우리의 투어 가이드의 하이킹을 하고. 이 멋진 우리의 하루를 마무리. 

가격은 비싼 편 이지만 경치와 분위기는 커피 들이 있습니다. 제가 가장 좋아하는 곳 중에 하나이면 꼭 다시 갈 것."
9420796,4,,"음.. 접근성이 떨어지는 곳에 위치해있지만 찾아갈만한 값어치를 하는 곳입니다. 날씨 좋은날 테라스에 앉아 바라보는 풍경은 정말 좋습니다. 다만, 셀프서비스 임에도 음료가 비싼점은 이해가 되지 않아요. 그정도 가격이면 서빙을 해줘야 하지 않나 싶음."
9420796,3,,"가끔 차 없이 어렵게 부암동에 가서 식사를 하면 그대로 돌아가기가 아쉬워서 산모퉁이카페까지 걸어 올라가곤 해요. 정말.... 많이 걸어 올라가야해요ㅎㅎ 하지만 살 뺀다고 생각하면 좋아요.. 등산을 한다고 세뇌를 하면서;; 
말그대로 등산하는 중 산중턱쯤? 산모퉁이에 있는 카페에요. 야경이 최고에요! 종로가 한눈에 내려다 보이고 카페도 어둑어둑해서 도란도란 친구들끼리 얘기 나누기도 좋아요.
그치만 직원이 일단 불친절하고 디저트 메뉴도 별로 없어서 뭔가 먹으려고 가면 안됩니다.."
17806899,5,,"외관도 멋있고 실내 인테리어도 멋있습니다.
로봇과 사람이 협동해서 커피만드는 모습도 흥미롭습니다ㅎㅎ
한국에 이런 컨셉은 이 곳 밖에 없는 듯 합니다.
서울 오시면 들려보세요."
17806899,5,,"미디어아트와 로봇이 함께 있다는 설명으로는 모자란더 같아요. 

생각보다 공간이 너무 이쁘고
서빙되는 그릇과 빵도 다 너무 이뻤습니다. 
커피도 인텔리젠시아 커피를 사용해서인지 너무 맛있었어요~~

근처에 계시면 꼭 둘러보세요
강력 추천입니다!!"
6942045,3,,"확트인 점이 좋습니다.
야외석을 개인적으로 좋아해요
다만 건물 구조상 겨울에 매우 춥습니다. 
그리고 세상에서 가장 느린 무료 와이파이를 제공합니다."
6942045,4,,"나는 커피 스미스 머그컵 내 커피 좋아합니다. 그들은 좌석 넓은 공간, 여름 및 노트북 사용자를 위한 벽 좌석 동안 열리는 외부 공간이 있습니다. 커피는 좋습니다. 그들은 새벽 2시에. 나는 이태원 라이브, 저의의 커피숍."
6942045,4,,드립커피가 있는데 핫플레이스에 비해 가격이 너무 저렴하고 향이 좋았어요 크레이프 케익도 맛있었네요
6942045,4,,위치 딱 좋고요 조용한 편이예요 너무 소란스럽지 않은 까페에서 커피한잔 하고싶을때 자주 갑니다 친구도 기다리구요
6942045,2,,"위치만 좋은, 넓직한, 말고는 장점이 없는 카페"
6942045,5,,"자리가 넓어서 좋고 안에 흡연실 있어요
직원들도 친절허고 간단한 영어 간단합니다
커피 맛은 전체적으로 무난한데
그냥 앉아서 시간 보내기이 좋아요"
6942045,3,,"알바생이 주문 받을 때 말을 잘 못알아 들었고 좀 불친절했습니다.
인테리어도 좋고, 의자나 탁자도 괜찮은 편입니다.
음료 맛은 다른 커피스미스랑 똑같구요.
위치가 좋아서 가는 카페입니다."
6942045,5,,커피도 맛있고 조용하니 좋습니다. 이태원 거리가 내다보여요. 커피마시며 간단히 대화하기 좋습니다.
6942045,4,,부산 해운대에서..그렇게 인상적이던 커피스미스였는데.이태원점은 발코니뻥뚫린것은 똑같으나 들어가는 계단이 있는 1층부터  사방에 휴지가 날리고 지저분하고 2층에 들어서자 너무 큰 음악소리로 친구의 대화가 들리지않았다. 커피야 맛있었지만 청결과 음악 볼륨을 신경써주었으면 좋겠다. 다른곳에 좌석이 없어 갔지만 딴곳에 좌석이 있었으면 안들어갔을것이다.
6942045,4,,그냥 우리가 아는 그 커피스미스 입니다. 그게 이태원에 있어요. 커피스미스 특유의 뻥 뚫린 인테리어가 좋으시다면...
6942045,5,,"며칠 전에 이곳에서 빙수를 먹었는데 정말 잘 먹었습니다.
맛있어요.
무더운 여름에 잘 어울리는 음식입니다."
6942045,5,,"카페에서 커피는 마찬가지 서울 anyother. 하지만 저는 이 곳, 넓은 실내는 큰 높은 천장과 큰 창이 카페의 벽. 또한 좋은 전망이 있는 발코니 외부 itewan"
6942045,4,,"커피 체인점중에 비싼편인 가격은 단점.
흡연실, 테이블크기, 콘센트 등 만족하지만 와이파이가 다소 불안함. 금,토는 24시간 영업."
6942045,4,,"워낙 유명한 커피스미스 테라스에 앉아 커피 한잔 하기에 좋다.
복잡한 이태원 거리를 벗어나 잠시 휴식을 취할때 좋은 곳이다."
6942045,4,,"맛있는 커피 한잔과 여유를 가질수 있는곳
항상 북적거리는 이태원 길을 보며 잠깐 여유를 가지고 
추울땐 몸을 녹이고 더울땐 땀을 식히며 커피 한잔 할수 있는곳"
10501196,1,,"색이 너무 예뻐서 꼭 가보고 싶었던 곳
외국에서 온 친구와 방문했는데 아이스크림이 짜고 너무 맛없었어요....아이스크림이 어떻게 이렇게 맛없을수가 있는지 알 수 있었던 곳"
10501196,4,,비쥬얼만 보면 진짜 짱이에요 대신 공간이협소하고 단체로 가기적당하지 않습니다. 고구마빙수하고 연유커피 시켜서 잘먹고 왔습니다.
10501196,4,,"Petaling Jaya, Malaysia"
10501196,1,,"그 작은 가게는 차선의 끝에 꿰맨 다.
카운터의 서비스 승무원은 매우 불안해하고 개선해야합니다.
카운터에있는 사람은 간단히 자신의 일을 처리하고 내가 주문할 수 있을지 물어볼 때까지 카운터에 서있는 우리를 무시했다. 그런 다음 그는 머리를 들고 우리를 살펴 보았다.
티라미수와 아이스크림은 훌륭하지만 서비스의 가치는 없습니다.
다시 돌아 가지 않을거야."
10501196,5,,고구마로 만든 디저트는 맛있고 가볍습니다! 그러나 피크 시간이 아닌 곳에서 아늑한 작은 카페로 가거나 아니면 잠시 기다려야 할 수도 있습니다.
10501196,1,,"비주얼에 혹해서 방문했는데
아이스크림이 정말 맛없었어요,,,
고구마 아이스크림인데 짠맛이 나고
외국에서 온 친구 데리고 갔는데 실망만 하고 나왔어요"
10501196,3,,고구마 아이스크림이 유명해서 찾아갔어요
10501196,4,,"고유 메뉴.
매우 작은 카페와 그러므로 그것이 가득하면 밖에서 기다릴 필요가 있을지도 모른다.
카페 바깥에는 의자가 없습니다.
음식은 좋습니다."
10501196,5,,"귀여운 디저트 가게. 메인 요리는 아이스크림, 빙수, 스낵, 음료 등 자주색 고구마 디저트입니다. 맛사지, 감자, 땅콩 등과 같은 맛이 있습니다. 가장 맛있는 요리입니다. 가게는 매우 작기 때문에 앉을 자리가 없을 수도 있습니다. 주문을 받으려면 보통 30 분을 기다려야합니다."
10501196,4,,"이 곳은 - 고구마 팬들에게 방문 합니다. 메뉴에서 모든 것이 고구마. Instagrammers. 아름답게 제작된 고구마 디저트 스냅 샷 기회조차 수 없습니다. 아이스 크림, 꽤 좋은 유일한 했습니다. 가게가 돌 경복궁과 북촌 지역 버리지 약간 더 있습니다. 가게가 꽤 작고 10석, 비 피크 타이밍에서 방문하기 좋을 수 있습니다."
10501196,5,,"작지만 귀여운 디저트 장소. 그들이 메뉴에서 가지고있는 거의 모든 것은 녹차 같은 다른 맛을 제외하고는 자주색입니다. 우리는 메뉴에서 거의 모든 것을 주문했지만 일부 상품은 겨울 시즌에만 사용된다는 사실에 실망했습니다. 여하튼 우리 마음에 드는 사람은 자주색 티라미수이었다, 그것은 당신의 입에서 녹는다. 다른 사람들도 당신이 그것을 위해 노력한다면 가치가 있습니다. 그들의 프리젠 테이션은 멋지다. 걸어 들어가거나 계산원이 화를 내면 문을 닫아야합니다. 하하!"
10501196,5,,사랑을 이곳을. 당신이 고구마 이 곳. 사진 너무 좋습니다.
10501196,3,,"IT는 작은 골목에 있으며, 다른 디저트를 모두 보라색 (고구마)으로 주문했습니다. 그것은 그림을 위해 귀여웠다. 그러나 맛은 ok이었다. 그것은 그렇게 나쁘지 않았다. 그러나 그렇게 위대한 누구나."
10501196,1,,"그렇게 무례한 주인은 날씨가 마이너스 15 인 가게 (10 분 이상)를 기다리라고 우리에게 요청했다. 우리는 그의 봉사에 매우 화가났다.

디저트는 괜찮다고 생각했는데 (다른 곳에서는 더 맛있는 것을 찾을 수 있습니다) 서비스 정신이없는 사람들을 지원하지 않습니다."
10501196,5,,다른 리뷰보고 찾아가서 정말 맛있게 먹었습니다.
9258798,4,,"과거, 아버지와 같이 왔던 곳.

현재, 아들과 같이 오는 곳.

미래, 손자와 같이 올 수 있는 곳.

백 년 가게로 선정된 서울의 태극당은 서울 사람들에게 이런 곳이다."
9258798,3,,"규모도 크고 빵의 종류도 많지만 딱 손이 가는 게 별로 없는..
80-90 년대 풍의 앙꼬, 햄들어간 빵들이 주류를 이룹니다. 
오징어 먹물을 사용한 빵들이 조금 눈에 띄구요. 
빵계산 따로, 음료계산대가 따로 있는것도 조금 귀찮구요
카페자리는 협소하고 많이 어수선 합니다
여기서 빵을 구입하시고 음료는 주변 카페에서 드시는걸 추천드려요"
9258798,4,,"오랜만에 갔더니 매장 리뉴얼!!
저는 예전 생각으로 갔다가 깜짝 놀랐어요. 
예전엔 빵도 진열장에서 직접 꺼내주시고
그랬는데 이제는 여느 빵집 같은 분위기를
내 뿜고 있어서 조금은 아쉬웠던..
그래도 빵맛은 여전해요"
9258798,3,,어릴적 먹던 아이스크림 생각나서 들린 제과점
9258798,5,,"이 빵집은 다른 시대의 카페테리아를 걷는 것과 같습니다. 풍미 가득하고 달콤한 맛있는 선택. 우리는 아침 식사를 위해 왔고, 영어로만 잘했다."
9258798,3,,"정말 유명하고 오래된 집이지만 솔직히 빵 맛은 기대 이하입니다.
특정 제품이 아니라 전체적으로 질은 낮은 수준입니다.
하지만 팥빙수나 모나카 아이스크림은 별미입니다."
9258798,3,,단골들이라면 이전에 방문했던 기억으로 당시의 추억을 떠올릴 수 있다는 점이 있어 방문할 수 있겠지만 빵맛 때문에 다시 방문하지는 않을 것 같다.
9258798,5,,"서울에서 가장 오래된 빵집. 그들은 1946 년부터 운영되어 왔습니다. 이 베이커리는 오랜 역사를 가지고있을뿐만 아니라 빵도 젊은 사람들에게 좋습니다.
나는 그 / 그녀가 가까이있을 때 적어도 한 번 들르는 것이 좋습니다.
 - 그들의 서명 메뉴는 Monaca Ice Cream과 Sarada (샐러드) 빵입니다. 사라다 빵은 싸지 않습니다. 그래도 한번 시도하는 것이 좋다. 다른 많은 빵과 쿠키가 있습니다. 우리는 많은 것을 시도했으며 모두 훌륭했습니다.
 - 내부는 구식입니다. 매우 고상하고 거대합니다. 함께 카페테리아가 있습니다. 그러나 커피는 비쌌다. 그들은 위층에 훌륭한 빈티지 홀이 있습니다. 우리는 아무도 없을 때 거기에 갔다. 창창을 통해 장충 경기장의 경관을 한눈에 볼 수 있습니다.
 -이 빵집이 일본인의 영향을 조금 받았던 것 같았습니다. 사라다 (Sarada)는 영어 단어 '샐러드'의 일종으로, 오늘날 한국의 다른 빵집에서는 볼 수없는 멜론 빵을 굽습니다.
 많은 고객들이 여기에서 지갑을 널리여십시오. 우리는 많은 사람들이 빵을 많이 먹는 것을 볼 수있었습니다. 늦게 만나는 사람들은 인기있는 사람들을 놓칠 수도 있음을 의미합니다."
9258798,2,,"디저트 좋아하고 빵도 좋아함... 태극당  여러번 방문하면서 수십가지 빵을 먹어 보았지만 별로 맛은 없음.... 
빵은 유럽이랑 앰배서더 호텔빵이 최고 맛있음...
여기는 xx바게트처럼 공장빵이라 맛없음.."
9258798,4,,오랜시간 함께여서 느껴지는 친숙함이 있어요.
9258798,5,,"남산쪽에 일이 있어서 갔다가 들렀어요
우리 부모님들 세대에는 추억의 장소죠
전통상품은 전병인데 맛은 평범하고
입구 오른쪽에서 파는 과자들 맛있어요"
9258798,3,,아이스 아메리카노 커피는 스타벅스보다 더 비싼가격을 받는데 맛은 그냥 평범해서 놀랐습니다. 예전 빵 느낌의 종류가 많았는데 너무 달아보여서 먹고 싶지는 않았습니다. 그래도 규모가 커서 그런지 분위기가 시원시원해서 좋았습니다.
9258798,5,,"처음으로 TV에서 나온 제과점을 왔는데, 다른 빵집보다 매장 크기도 크고 빵 종류도 다양해서 놀랐네요. 특히 태극당 모나카가 기대가 됩니다."
9258798,4,,"이곳 빵은 프렌차이점 빵집 가격에 비해 좀더 저렴합니다

그리고 오래전 어렸을때 먹던 빵맛, 생과자, 전병의 맛을 간직하고 있습니다.

다만 고객이 사서 드시는 곳은 넓은 편이나 빵을 진열해 놓은곳의 동선이 불편해 사람들과 많이 부딛힙니다.

계산대 위치도 계선된다면 좋겠습니다"
9258798,5,,"신라호텔에 머물면서 태극당을 이용했는데..너무 맛있었다.
빵들이 담백하고 내공이 있는 맛이였다."
13328648,4,,"CC (17.12.26)
황남 빵은 경주 음식을 대표했다. 나는이 경주 여행에서이 빵이 아주 맛 있었다는 것을 기억한다. 그래서 나는 지나가는 동안이 빵을 사기로 결정했습니다. 빵은 맛있기도했고, 봉사도 좋았습니다."
9141254,5,,"상점가에서 휴식을 취할 수있는 좋은 장소. 아주 좋은 설정, 거리의 좋은 전망. 친절하고 도움이되는 직원."
9141254,4,,커피 & 케익의 맛은 좋고 스태프들은 매우 친절합니다. 환경은 우리를 긴장시키고 덥게 만들었습니다. 아침 식사는 좋다.
9141254,3,,이 카페는 나인 트리 호텔 2 층에 있습니다. 멋진 것은 아니지만 커피를 마시기 좋은 곳입니다.
9141254,4,,쇼핑하다 잠시 쉬어가기 좋습니다. 여유롭고 좌석도 많아서 맘에 들었어요. 2층에 자리해서 창밖으로 밖도 훤히 내다보여서 전망도 좋구요.
9141254,2,,커피도 좋아요. 고객 서비스가 최악이었어요.
9141254,4,,커피가 좀 비싸지만 언제가도 좋은 곳이네요 위치도 좋고 분위기도 좋아요 가격만 좀 아쉽네요
9141254,4,,커피샵에 기분 향상 및 에너지 보다 피곤 할 수 있습니다. 그 쪽에 있어서 주변 볼 수 있습니다.
9141254,3,,명동에서 쇼핑 후 이 걸어갈 수 있는 콘센트 갔다. 명동 거리가 보이는 자리. 커피는 평범한 발이 쉴 수 있는 편안한 곳 이지만.
9141254,4,,이 호텔은 매우 좋은 위치에 위치한 쇼핑 중독자! 방은 작지만 깨끗하다. 직원들은 매우 친절하게 도움이 되었습니다. 전반적으로 좋은 선택
9141254,5,,서울 곳곳에 커피 콩. 카페라떼 는 계절. 소금 카라멜 라떼 맛있었습니다! 은 하나님이 진정한 휴식이 필요한 때 피곤하고 쇼핑 센터: ) 다양한 커피를... 나는 매일 커피를 마셨는데 서울에 있고 이 중 최고였습니다: )
9141254,4,,"좋은 위치의 호텔을 좋아하는 케이크. 붐비는 좌석을 매우 어렵습니다.
좋은 커피는 물론!"
10663218,5,,"내용이 충실한 케이크 먹고싶다면 여기로
케이크 하나로ㅠ모든 칼로리가 용서되는 곳
후배가 추천하길래 갔는데 너무 만족
차나 음료수도 중박은 해요"
10663218,5,,"나는 Instagram에서 케이크의 그림을 너무 많이 보았고, 나는 가서 그들을보아야 만했다. 불행히도, 밤늦게 도착 했으므로 초콜렛과 블루 베리로만 시도 할 수있었습니다. 정말 좋았지 만 커피 나 다른 음료와 함께 먹는 것이 좋습니다. 인테리어는 매우 현대적이며 놀라운 케이크가 많이 있습니다. 이미 두 번 방문했고 다시 방문 할 계획입니다."
10663218,3,,오픈하고서 부터 인스타그램에 막 유명해서 사람없어지길 기다렸다 방문한 집이였다. 러시아디저트로 일반케이크와 달라 특이해서 방문함. 가격은 비싸지만 그래도 케이크가 크고 이쁘지만 너무 달았음
10663218,5,,좁은 길가에 자리 잡은이 카페는 놀랍고도 맛있는 케이크를 먹을 곳입니다. 케이크의 선택은 제한적이며 가격은 꽤 높지만 절대적으로 가치가 있습니다. 케이크는 맛있는 예술 작품처럼 보이고 맛있습니다. 서울에는 케익을 먹을 수있는 곳이 많습니다. 회화는 지금까지 한국에서 가장 맛있는 곳 중 하나입니다.
10663218,5,,최고의 케이크 한국에서 먹어본 중 최고였습니다!
10663218,4,,러시아 케이크로 인스타그램에 유명하다고 해서 한번 먹어봤다. 진짜 사진찍기에는 진짜 이쁜 케익이다. 초코케익은 달달하니 자꾸 떙기는 맛
10663218,3,,"재료가 아낌없이 듬뿍 들어가요.
1조각 당 가격이 비싸지만 그만큼 양도 많아요.
많이 달기때문에 단걸 좋아하는 사람에게만 추천."
10663218,4,,가격이 좀 비싸긴 하지만 케이크가 정말 먹음직스럽고 예뻐요. 모양만 예쁘고 맛은 그저 그렇다는 평도 보고 갔는데 저는 개인적으로 맛도 좋았습니다. 생일케이크로 강추해요.
10663218,5,,"케이크가 탑처럼 쌓여 있어요.
재료를 아끼지 않아서 과일이며 토핑들이 잔득 올려져 있구요
시트가 전부 초코시트인게 특징이네요
생크림에 치즈를 넣은건지 잘 만들어서 그런건지 치즈향이 납니다.
가격인 한조각에 보통 16천원선이에요"
10663218,4,,"케익들 토핑이 엄청 올라가는 편이고 밀도도 큰편라 쫀득쫀득해요~ 나중에 마시멜로나 우피파이도 먹어보고 싶어요 커피도 괜찮습니다
가격이 비싼 걸 제외하면 괜찮은 곳이예요"
10663218,5,,"먹어본 가장 놀라운 케이크. 크레이프 케이크는 정말 훌륭합니다. 진짜 크림, 신선한 과일, 마시 멜로우, 카라멜... 프리 윌리 웡카 같은 케이크 가게의 열이 공기와 빛과 맛있는 케이크! 카페의 전체 높이 솟은 생성의 달콤한 현실도피. 친구들과 함께 휴식을 취하기에 아주 멋진 장소이다."
26825827,,,
12703524,5,,우리 호텔 아침 식사가 좋지 않고 매우 비싸기 때문에 우리는 여기를 방문했습니다. 우리는 첫날 따뜻한 햄 계란과 치즈 포카 치아와 음료를 각각 마셨다. 아주 좋고 호텔 가격의 절반입니다. 매일 갔다!
12703524,5,,더운 여름날 아주 맛있는 망고 Cocnut 얼음 기쁨. 한기를 편안한 환경에서 아주 깨끗합니다.
12703524,5,,Iced Americano와 유명인을 좋아합니다. 너무 사랑 스럽다! 명동을 돌아 다니면서 휴식을 취하기에 좋은 곳. 명동에서 청계천까지 걷다가 다시 명동으로 돌아가서이 아늑한 곳으로 잠깐 들러서 잠깐 쉬어 라.
12703524,5,,"명동L7호텔 아래의 앤제리너스로 사이드의 작은 매장이라 사람들이 잘 모르는 것 같아요.
테이블도 많이 없는 아담한 매장인데, 바리스타들의 실력이 좋은지 다른 매정보다 커피맛이 정말 좋아요. 친절한 것은 물론이구요.
함께 주문한 큐빅 딸기 브레드도 맛있게 만들어주셔서 맛있게 먹을 수 있었습니다.
이후에도 명동에 갈 일이 있으면 종종 들르게 됩니다."
4881051,5,,"하얏트 맞은편의 카페입니다
여기는 안쪽 창가자리가 하드캐리 하는 곳입니다
넓은 창이 있고 남산을 한눈에 볼 수 있습니다.
평일낮에 가면 어렵지 않게 이 자리를 차지할 수 있습니다. 
커피맛도 좋아요"
4881051,3,,"아침 시간에 잠시 산책 나갔다가 들렸습니다. 그랜드 하얏트에서 가까운 곳에 있더군요. 테이크 아웃 커피로 케냐 AA 핸드 드립 시켰는데 괜찮았습니다. 커피 강도가 저에게는 좀 약한 듯 했습니다만, 커피 자체는 괜찮았던 듯 합니다. 같이 시킨 크롸쌍은 별로 였고요. 부근에 아침 10시 무렵에 커피 마실만한 곳은 그랜드 하얏트호텔 제외하면 이곳 말고는 마땅한 곳은 없을 것 같습니다."
4881051,4,,"커피와 스낵을 먹기 위해 들렀다. 우리의 응접은 가장 적은을 말하기 위하여 차갑고 나는 직원에게 행복한 환약을 줄 것을 제안한다.
이것에도 불구하고 커피는 매우 좋았다. - 아마 우리가 2 개월 만에 가지고 있었던 커피와 더불어 거기에서. 불행히도 간식의 측면에서이 장소는 심각하게 제한됩니다. 머핀, 크루아상, 비스킷 중 하나입니다. 맛있는 것은 아닙니다.
그냥 커피라면이 식당이 이상적이지만 너무 기분이 좋지 않은 것을 기억하십시오."
4881051,4,,우연히 들어간곳인데. 커피맛도 아주 좋았고 안쪽 창가자리에서 바라보는 풍경이 정말 근사해요. 한남동 주택뷰일줄알앗는데. 산속에 있는 느낌이 들정도로 자연이 많이보여요. 근데 주차는 하기힘들어서 일부러 찾아가긴 힘들것같아요. 근처 볼일이 있다면 다시 꼭 들르고 싶어요
4881051,5,,밖에서 봤을때는 과연? 이라는 생각이 들었는데 테라스로 나가니 정말 아름다운 경치가 펼쳐진다. 여기저기 전통품들을 보는 재미까지
4881051,5,,"서울 사랑 이지만 내가 좋아하는 커피 샵 중 하나이다. 좋은, 강한, 맛있는 커피 이 보이는 타워에서 조금 떨어져 있는 천국은 있다. 그들은 무료 와이파이가 있고 테이블이 이메일에 있는 케첩 입니다. 걷는 사람들을 위한 완벽한 모임에 가기 전에 남산."
4881051,5,,"아담한 커피숍, 멋진 뷰, 케냐 커피를 맛 볼 수 있는 훌륭한 장소입니다. 남산 입구 근처 하얏트 호텔 바로 앞입니다. 꼭 가보세요."
4881051,5,,"멋진 뷰를 가진 조용하고 볼거리 많은 카페입니다 
이태원 하얏트호텔 바로 앞에 있는 케냐 키암부커피는 커피맛이 진하고 
달달한 라떼도 맛있는 곳이고요  /  남산이 한분에 와닿는 
멋진 뷰를 가진곳이에요 / 커플이나 친구와 함께 조용히 이야기 나누면서 
커피한잔 할수있는 카페입니다 
저는 갈때마다 만족!! 입니다"
4881051,4,,"뷰도 좋고, 커피 종류도 많고, 인테리어도 좋아요. 남산 입구와 가까워서 산에 오르기 전이나 후에 들러서 휴식하기 좋은 곳. 혹은 친구들과 분위기 좋게 만날 수 있는 곳!"
9245504,3,,내부도 깔끔하고 워낙 스타벅스 음료 자체가 맛잇긴 하지만 이 지점도 맛있었다.
9245504,3,,"강남삼성타운점 스타벅스 
강남역 2호선에서 찾기쉬워요, 강남에 스타벅스가믾이있어서, 찾기쉽고 방문하기쉬워오 자리도 널널해요"
9245504,5,,"스타벅스 명성답게 맛있는 커피를 즐길 수 있습니다.
지하철 2호선과 신분당선 환승되는 강남역에서 가깝습니다.
테이블도 넉넉하게 있고 직원들도 친절해 좋습니다!"
9245504,5,,"카운터 앞에 공간이 많아요 강남역 5번 출구엣 마오면 가깝구요 강남역에 있는 스타벅스 중에 제일 좋은 듯
이층이라서 자리도 넉넉하고 화장실도 내부에 있어요 그리고 깨끗해요"
9245504,3,,강남엔 워낙 커피숍들이 많아 강남치고 사람들이 덜 북적한 장소입니다 2층까지있어 조용히 커피마실때 좋아요
9245504,5,,강남역 한복판임에도 비교적 붐비지 않고 여유로운 분위기의 스타벅스입니다. 2층까지 있어 자리도 많은 편입니다.
9245504,4,,삼성서초사옥 옆에 있고요 그래서 직장인이 많은편 입니다. 오고가는 사람들이 많은편이고요 직장인들 스터디하거나 학생들도 많은편이에요
9245504,5,,회사근처에 단독건물로 구성 강남이지만 건물두 주차가 가능하고 2층으로 구성되어 스페이스도 충분함 학생보다는 직장인 소님 중심
9245504,5,,다른 스타벅스보다 조금 더 정감가는 곳
9245504,5,,강남에 있는 스타벅스지만 비교적 사람이 적은 편이라 조용하게 책읽거나 작업하는데 좋은 곳입니다~ 화장실이 옆 건물이라 조금 불편하네요
9245504,4,,"여러 지역에 있는 스타벅스. 이 곳은 넓고, 실내 및 야외 휴식 공간과, 너무 바쁜 수 없습니다. ""로컬 스타일"" 케이크도 판매하고 있는 이 익숙한 스타벅스 커피 맛. 그 후 기념품, 컵에 많은, 잔, 다양한 도구 및 로컬 인쇄를 사용할 수 있습니다. 
기억을 보는 바리 스타의 커피 뜨겁거나 차가운 경우; 그렇지 않으면, 이며, 은 감추지 자동으로 합니다 - 특히 측면에 있어서 아마도. 나는 아무것도 할 수 있는 를 피하기 위해 얼음, 물을 사용하지 않는 알고). 그렇지 않으면, 이 곳은 매우 깨끗하고 깔끔한"
9245504,4,,"강남역에 나올 때면 찾곤하는 스타벅스.
여러지점이 있지만 삼성타운점은 큰 길가가 아녀서 그런지 점심 시간만 피하면 비교적 여유가 있어서 좋다.
비오는 날 2층에서 바라보는 풍경도 좋다."
9245504,3,,"스타벅스 강남에 참 많은데 그나마 여긴 입지 괜찮아요
조용하고 그래도 북적댈땐 장난아니죠
약속장소는 스벅만한게 없죠"
9245504,4,,회사 근처라서 자주 찾는 곳입니다. 다들 아시겠지만 스타벅스 체인이라서 커피도 맛있고 이벤트도 많아서 좋습니다. 라테가 특히 저의 주 메뉴이고 직원들이 친절합니다. 방문을 강추합니다.
9245504,5,,"큰길에서 약간 뒤쪽에 있어 다른 점보다 쾌적한 편입니다. 스타벅스 고유의 맛이 있으니 맛도 당연히 만족스럽고, 장소도 강남역이라 좋습니다."
15632521,4,,"귀엽고 작은 커피 숍과 그 옆에 메이슨 키츠 네 (옷) 상점도 있습니다.
커피는 좋고, 장소는 아늑합니다.
그러나 작은 공간과 혼잡.
실내 및 실외 좌석 이용 가능."
15632521,4,,많이 흥분한 Cafe Kitsune은 양질의 커피를 판매합니다. 그러나 여기에 자리를 잡는 것은 사람들이 모두 사진을 찍고 자리를 가득 채우면서 많은 인내가 필요합니다. 매우 한정된 좌석 (아마 30의 전부와 Maison Kitsune에 인접한). 폭스 쿠키는 꽤 평균적이며 카페인이없는 옵션이 있습니다.
8969817,5,,이디야는 체인점 커피 중에 가장 저렴하면서도 커피맛이 괜찮아요 공간이 엄청 넓은 것은 아니어서 아쉬워요 치즈케이크도 맛있어요
8976885,5,,우리는 우리가 좋아하는 찻집이 아직도 작동하고 있다는 것을 발견하게되어 매우 기뻤습니다! (우리는 약 7 년 만에 거기에 없었습니다.) 인사동의 중심부에있는 작은 오아시스입니다. 개인적으로 가장 좋아하는 것은 소나무 바늘 차와 구운 떡입니다.
8976885,4,,"좀 가격이 비싸긴 하지만 전통차와 분위기가 다 했다. 외국인 손님들도 꽤 많고 사진찍기 좋은 나무로 된 내부 한옥 분위기가 예쁘다. 인사동에서 들어간 입구쪽에는 일반 찻집처럼 되어있는데 안으로 들어가서 마당을 지나면 한옥 방에 좌식으로 룸으로 된 자리들도 있다. 몰라서 못들어감 ㅜㅜ
가래떡 구워나오는 것도 맛잇고 약과도 맛있다. 물론 가격은 비싸다. 

자리도 약간 협소하게 느껴지긴 한다."
8976885,5,,"아래 방황 이 근처의 호텔에 머무르고 있는 데 로 먹을 거리의 음식과 카페인 아침 식사. 우리는 이 식당에 가서 즐겁게, 하고 기대하는 만큼, 이었지만 우리가 행복하지 않았다. 저는 키위 주스 (맛있는, 아이스 티 는 구운 쌀 (맛있는 우리에게 새로운 경험) 공유 및 밀 쿠키. 아들, 차 감정가 차, 및 it 서비스의 품질은 즐거웠습니다. 레스토랑은 나무는 모든 곳에 의자와 테이블이 하기에, 전형적인 한국 인 이다. 직원들은 친절하고 도움이 되고, 우리는 우리의 최고의 선택이기 때문에 음식 알레르기 널처리된. 우리는 이 호텔을 너무 많은 숭배, 정말 돌아갑니다."
8976885,4,,"National Harbor, 메릴랜드"
8976885,4,,한국적인것을 원할때 한번쯤 들르기 좋은곳
33320186,5,,"오픈때부터 자주 가던 카페예요
커피도 칵테일도 다 맛있습니다
아침부터 늦은 시간까지 해서 언제든 가기 좋아요 공간도 편안하고 최고"
33320186,5,,북유럽같은 분위기에 아침에는 커피 저녁에는 칵테일을 즐길수 있어요! 낮에는 하이볼같은 데이칵테일도 즐길수 있어요!
33320186,5,,"처음 한국에 상륙에 푸글렌 서울이라서 기대하고 방문했는데 기대 이상이었습니다 
커피도 칵테일도 정말 맛있고 무엇보다 너무 친절한 직원들 덕분에 기분좋게 방문했어요 
자주 올게요! 사진찍을 곳도 정말 많구 오랜만에 기분좋은 방문이었습니다!!"
8874687,4,,"폴바셋 광화문점 
사람들이 많이있어요, 릉고랑에그타르트 먹었는데 맛이었어요 ㅎㅎㅎ 재방문의사있습니다. ㅎㅎ 굿굿 직원들도친절"
8874687,4,,"매일유업에서 운영하는 프랜차이즈 카페, 폴 바셋 입니다. 바리스타 챔피언의 이름을 딴 카페인데, 사실상 이름만 따서 운영하는 카페라 실제 폴 바셋과는 별 연관성이 없습니다. 다만, 매일유업에서 운영하는 곳 답게 라떼 종류나 아이스크림 등 유제품을 사용한 메뉴들이 확실히 괜찮습니다."
8874687,4,,"이것은 좋은 커피와 함께 매우 큰 카페 다. 그것은 오스트레일리아 스타일의 커피와 스타 벅스의 십자가 같은 종류입니다.

지방 주민은 아이스크림과 함께 커피를 좋아한다. 그리고 그것은 매우 인기가 있었다. 그러나 그것이 겨울 이었기 때문에, 나는 참여하지 않을 것입니다. 그러나, 나는 그것이 여름에 사랑 스럽다라고 확신한다."
8874687,5,,"커피를 마시고 누군가와 채팅하는 가장 좋은 장소. ) 무엇보다도, 그들은 좋은 아이스크림을 제공합니다."
8874687,4,,봄에 가면 훨씬 좋지만 가을에도 좋습니다. 교보문고 들러서 커피한잔 하시면 좋아요. 개인적으론 라떼를 추천합니다. 룽고도 괜찮아요. 좌석이 거의 없는 경우가 많으니 미리 자리를 잡고 이용하세요!!!
8874687,4,,아이스크림이 진짜 맛있다~ 맛이 달콤하고 진하다~ 단거 땡길때  풀바셋 아이스크림 훌륭한 선택입니다~
8874687,4,,폴바셋은 라떼가 맛있기로 유명하다. 특히 아이스로 마셨을때 더 맛있음.  우유를 다양하게 선택할 수 있어서 좋다.  저지방이나 소화잘되는 우유로 바꿀 수 있어서 좋음.
8874687,5,,폴바셋이 지금처럼 많지 않을 때는 라떼마시러 광화문까지 갈 정도로 고소한 폴바셋 라떼를 좋아합니다. 광화문이라 사람이 늘 많은 편이지만 맛있는 음료를 위해 그정도는!
8874687,5,,"폴바셋 외에 다른 프렌차이즈 커피 전문점도 많이 가지만, 아이스라떼나 뜨거운 라떼는 폴바셋만한 곳이 없는 것 같습니다. 마실 때마다 고소하고 풍부한 맛에 너무 맛있다 라는 생각을 늘 하게 되니까요. 룽고도 가끔 마시지만, 특유의 신맛이 있어서 그닥 즐기지는 않고 달달한 것이 생각날 때는 아이스크림을 먹기도 하는데 이것도 참 맛이 좋지요. 오후 7시 이후에는 베이커리류를 세일해서 판매하기 때문에 저렴한 가격에 구매를 할 수 있어서 좋고, 브런치 메뉴도 따로 있어서 점심 식사용도 괜찮습니다. 라떼의 경우는 일반 우유, 저지방, 소화가 잘 되는 우유 등을 선택할 수 있는데 그래도 가장 맛있는 것은 일반 우유 베이스입니다."
8874687,5,,"폴 바셋 에서 새로운 것을 먹고 싶다면, 프라 페 시도해 보십시오. 이곳은 정말 좋은! 
이 곳은 넓고 서비스도 좋았습니다."
8874687,4,,"CY (2016 . 11 . 26) 
나와 내 아내는 이 카페 커피와 다른. 이 카페는 크고 좋은 분위기였습니다. 내가 이 카페의 커피와 아이스크림. 많은 사람들이 많이 붐비지 않고 직원들도 친절 합니다. 마음에 안 드는 프랜차이즈 카페, 카페 인데 이 좋았죠."
8874687,5,,폴바셋은 어느 지점이나 룽고..티..모두 맛이있다.커피맛이 비교적 균일해서 걱정없이 커피를 즐겨도 된다. 매장이 크고 좌석도 많아 쉽게 앉을수있고 옆테이블에 신경쓰지않고 대화가 가능하다.
8874687,4,,점포가 조금 시끄러운편이나 아이스크림과 커피가 매우 맛있습니다. 의자는 많은 편입니다!!!!!
8874687,5,,"다른 어느 프랜차이즈보다 맛있는 카페라떼를 먹을 수 있습니다.
처음부터 끝까지 동일한 맛을 느낄 수 있어요.
케이크도 모두 맛있고, 상하 아이스크림은 두말 할 필요 없습니다."
8874687,5,,카페라떼는 다른 어느 곳도 따라올수 없는 부드러움이 있다. 그리고 디저트류도 가격이 저렴하지는 않지만 후회하지 않을 맛이다. 특히 아이스크림은 오슬로와 양대산맥이라고 생각한다. 여름에 새로 나온 프라페는 위에 아이스크림을 같이 올려줘서 아이스크림을 먹는듯한 느낌이 나는데 단맛을 잘 조절해서 너무 맛있다.
9245181,5,,"스타벅스 명성답게 맛있는 커피를 즐길 수 있습니다.
예술의 전당 올 때 꼭 가야할 곳 같네요.
매장도 청결하게 정리가 잘 되어 있고 직원들도 친절해 좋습니다."
9245181,3,,"예술의전당 앞 스타벅스
카페가 많지 않아서 항상 사람이 많은 편인데
맞은편 스타벅스보다 쾌적하지만 자리가 많지는 않아요"
9245181,3,,"건너편의 서울아트센터점은 좀 더 넓고 자리도 여유 있을 때가 있는데, 예술의전당점은 늘 사람으로 가득합니다.
공연 기다리기 위해 잠깐 있기는 좋지만 오래 있기엔 조금 불편합니다."
9245181,4,,익숙하고 편안한 인테리어이고 커피 맛도 괜찮습니다. 생각보다 가격이 그리 비싸지 않네요. 더울 때 쉬어가기 좋은 것 같습니다.
9245181,3,,여긴 길 하나를 두고 스타벅스가 마주보고 있습니다. 예당에서 인기많은 전시가 있으면 여기서 대기하는 사람들이 많아 자리찾기 힘들어요. 널찍하긴 한데 한가한 시간에 가는걸 추천합니다.
9245181,4,,예술의전당 맞은편에 스벅이 두개 있는데 예술의전당 앞 횡단보도에서 바라봤을 때 오른쪽에 있는 지점이에요. 스벅이야 늘 좋죠~ 갈때마다 사람들로 북적이지만 스벅 커피 좋아해서 예당 갈때마다 꼭 들러요~
9245181,4,,다른 지점들과 별반 차이없는 스타벅스입니다. 메뉴도 괜찮고 장소도 괜찮고 넓고 괜찮습니다.
9245181,5,,"모던하고 깨끗하고 괜찮음
커피자체도 타 브랜드보다 믿음이 있고
다만 사람들이 너무 많음 그래서 쾌적하지가 않음"
9245181,4,,"다른곳보다 훨씬 친절하네요
사람들이 꽤 많아서 대기가 길었는데
기분좋게 커피한잔 할수 있어 좋았습니다"
9245181,5,,"예술의전당 가는길에 들렀습니다.
크리스마스 시즌음료 바닐라 티라떼 시럽 1번만 넣구
주문해서 마셨어요~~ 
1층 내부가 좁은편이긴한데 크기에 비하면 매장내 좌석은 많은편이에요~
콘센트가 없다는게 단점..
주위에 맛집도 많으니 맛난식사하고 커피타임 즐기는것도 좋아요 ㅎㅎ"
9245181,3,,"클래식과, 고풍스런 인테리어, 검은 우드 느낌의 테이블이 멋지게 놓여있는곳. 공간도 넓어 모임하기에 좋을듯"
9245181,3,,보통 스타 벅스고 휴일에는 사람 많음. 주변애 갔다가 들러서 커피 한잔 했음. 커피맛  보통
9245181,5,,예술의 전당에서 공연보고 나와서 그 감동의 여운을 조금 더 연장할 수 있는 곳
9245181,3,,커피맛 비슷합니다. 차대에 올라있는 우유가 호텔에서 마시는 커피 문화를 느끼게 해주는게 참 좋네요.
9245181,4,,스타벅스커피를너무좋아하는사람인지라보이기만하면늘들어가서라떼를사서마십니다그런데가격이다른외국보다는조금비싼거같아서슬퍼요
6732759,4,,"제대로 된 젤라또를 파는 곳 입니다. 막걸리나 이천 쌀, 깻잎과 같은 독특하면서도 한국적인 재료들을 잘 사용하여 특이한 젤라또를 만듭니다. 그런데 맛도 상당히 좋아요. 독창적이면서도 무척이나 맛있는 곳이라 좋습니다."
6732759,5,,그래서 좋은 didnt는 심지어 나의 아이스크림의 사진을 짤깍 소리를 내게된다
6732759,5,,"방문해야합니다 - 선택의 여지가있는 최고의 아이스크림 맛
우리가 올 때마다 맛이 다릅니다.
따뜻한 환영
좋은 장소"
6732759,4,,"한 Amaaazing 아이스크림, Makkeolli 및 젤라또를 좋은 조합을 될 줄이야 했다. 하지만 정말 좋았어요! 몇 년 전에 이 곳을 사이먼, 마르티나 이전 위치에서 떨어졌다 콜 여행 때.

모든 충족함! 꼭 다시 방문할 것입니다.

하지만 문제를 가지고, 외국 카드를 사용할 것 같지는 않습니다. . . 모든 카드를 했습니다. . 어느 누구도 일했습니다. 어쩌면 현금 여행 최고의."
6732759,5,,"그 지역에 있다면 당신은 그만해야합니다. 현지 상점, 주인이 운영하는 독특하고 독특한 풍미가이 아이스크림과 멋진 커피를 만들어줍니다. 이 여행 중에 나는 코냑 향이 있었고 그것은 신이었다. 모두와 모두를위한 장소가 환영 받는다."
6732759,4,,"주인이 nu'est 팬 lmao이기 때문에이 장소를 찾아가는 것? 나는 콘과 함께 쿠키 n 크림 맛을 주문했다, 맛은 매우 유익하고 맛 좋다. 당신에게 적합한 우유 idt처럼 나던 사람들을 위해. 나에 대한 배낭을 위해, 가격에 대해 말하는 것은이 장소는 아주 값 비싸다. 그러나 큰 맛, 서비스와 ambience를 위해 그것의 가치가있다. 추신 : 소유자가 영어를 유창하게 말할 수 있습니까 ??"
6732759,5,,아시아 정말 여기서 좋은 아이스크림 기대하고 있다. 전통적으로 아시아인 정말 우유 먹지 않습니다. 예 떨어졌다+ Cole 세계 최고의 아이스크림을 쉽게 경쟁할 수 있습니다. 게다가 아주 상상의 맛. 우리는 참기름과 들기름도 & 절인 폐기합니다. 자두 언더파 파리의 Berthillon!
6732759,5,,특이한 아이스크림이 많아서 갈때마다 무슨 맛을 고를지 고민에 빠지게 되는 곳이에요. 자리가 협소해서 테이크아웃해서 나올 때가 많아요
6732759,5,,"이 곳은 정말 훌륭한 아이스크림도 채식주의 옵션이 있는 일반적인. 제가 갔을 때에는 채식 옵션 4 선택 의 사람에게 친절하고 행복하게 하는 첫 번째 노력해 본 맛. 그는 또한 영어를 훨씬 쉽게 주문 했는데. 
제 개인적인 맛을 정기적으로 알고 있습니다. 
불행하게도 나는 만 서울에 가지 않을 것이지만 다시 꼭 방문한 곳이 좋은 곳!"
6732759,5,,홍대에 방문하면 항상 가는 아이스크림가게입니다 매번가도 항상 바뀌는 아이스크림이 있어서 질릴일이 없습니다
6732759,5,,"Seoul, Seoul, South Korea"
6732759,4,,"시소맛, 생강맛등 처음맛보는 젤라또가 있는곳.

종류는 그날그날 달라지는 경향이 있어요

매장이 좁아서 그냥 사가지고  홍대거리 걸으면서 드시길 추천드려요

서울시내 몇몇곳에 체인점이 생겨서 좋더라구요

쿠폰에 도장찍는 재미도 있고요~

시소아이스크림 또 먹고싶어지네요"
6732759,4,,젤라또 전문점! 주변 회사원들에게는 꽤 유명한 곳이다. 단점은 가게 내부가 좁다는 점 ㅜ 그냥 테이크 아웃해서 나와서 먹는 것이 편하다.
6732759,4,,"상수역에서 나와서 골목을 좀 들어가야합니다. 
퍼블리크 빵집이 있는 골목 근처입니다. 
약간 반지하 느낌의 매장이구요. 
깔끔하고 맛있는 아이스크림을 판매합니다."
6732759,4,,평소에 생각하지 못한 재료들을 믹스해서 만드는 수제 아이스크림이에요. 플레이버도 진하구요. 차를 가져가는 것은 추천하지 않아요! (점포 앞에 잠깐 주차를 허가해주시긴 했지만.)
27798884,,,
33054000,,,
27730630,5,,"모든 제품이 글루텐프리입니다.
셀리악,크론, 아토피 등 다양한 이유로 인하여 글루텐이 있는 빵, 디저트를 못 드시는 분들께 여기를 추천합니다. 진짜 맛있고 속이 편하고 다양한 글루텐프리 빵과 디저트가 있습니다.
원하면 잠봉추가, 앙버터추가, 베이컨에그추가도 가능합니다."
17288367,5,,밀토스트는 너무 맛있었어요! 저는 친구하고 같이 와고 바이브 너무 좋았어요. 서버는 한국어와 영어도 할 수 있어서 제가 편했어요. 라떼하고 딸기 빵 먹고 너무 너무 맛있고 빨리 받았어요. 다시 가면 좋겠어요! 다시 가면 많은 다른 빵을 먹어 보고 싶어요!
17288367,2,,고작 찜통에 넣어 스프레드와 주는 빵이 15000원 왔다갔다라니.. 그럼 커피나 차라도 저렴하든지요. 디저트를 시켜도 음료는 1인 1주문이니.. 익선동은 이제 안녕입니다ㅠ 원하는 스타일의 차도 없었어요. 다양한 커피와 차는 아님.
31436557,5,,명동 최고의 카페입니다❤️ 매장이 아주 예쁘고 넓은 매장으로 아주 쾌적합니다. 음료와 빵이 맛있어요 직원분들도 친절합니다!
26242790,,,
3972369,5,,서울역 플라자에 위치. 케이크 나 아이스크림 같은데. 그래서 아이스크림 케이크라고합니다. 우리가 서울에서 가지고 있었던 크리스마스 파티에 가져 왔어. 멋지고 맛있는. 아이들은 그것을 좋아합니다. 두 번째 봉사를 돕는 것을 멈출 수 없습니다.
3972369,5,,기차타기 전에 늘 들러서 아이스크림 하나씩 물고 타요~ 기차타는데랑 가까워서 열차시간 걱장 안해도 되고 편하더라구요. 자리는 협소하지만 회전율 빨라서 괜찮아요.
3972369,5,,우리는 우리 여행을 꼭 하고 늦게 부산으로 여행을 떠나기 전 br 아이스크림. 무용지물 이었다고 생각 안 해 라고 말하는 영어를 아주 잘 했지만 다음 내 요리를 정말 빠르게 얻을 수 있습니다. 그녀는 매우 빠르게 작동하는 특히 바쁜 위치입니다. 더 나은 맛의 아이스크림을 제공하는 가장 유능한 사람은 정말 친절하고!
3972369,3,,기차 타기 전에 시간 보내기~ 위치가 좋아요~ 커피보다는 음료가 먹고싶을 때 가는 곳이에요~ 매장이 넓진 않지만 사람들이 유동이 많아서 괜찮아요 ~
3972369,5,,아이스크림을 좋아하는 저는 서울역에서 기차를 탈때면 항상 베스킨라빈스의 아이스크림을 먹고 타요. 위치도 좋고 직원들도 친절해요! 매장이 아주 넓짆않아요
3972369,4,,위치가 좋아요. 기차 타기 전 시간 때울 수 있습니다. 앉아서 먹을 공간이 있어서 기차 타기 전 잠깐 시간 때우기도 좋아요.
3972369,4,,"직원들은 영어를 할 수 있는 일은 잘 되었다. 처음에 케이크를 살 계획이 먼저 오고 가고 싶은 가게에서 쇼핑하기 (크리스마스 이브 & 크리스마스 축하) 였습니다. 제가 원하는 것을 차의 날이었습니다. 예약 가능 여부는 요청 수 있습니다. 그래서, 직원들은 도움을 받을 수 있고 (영어를 할 수) 예약 가능 시간 달라고 컬렉션 (쇼핑하고 전에 폐쇄). 수집한 시간, 연락처 남겨 (한국 핸드폰 번호, 있는 경우. 괜찮 지, 주지 않고 해당 담당자 번호) 및 이름. 이 번호는 만 미리 nethrcutt, 또. 계속 수신 및 표시할 접수 시. 아무 문제 없이 원활하게 수행하는, 및 케이크가 좋은 시트 릭산을"
3972369,4,,일반적인 변색 그냥 한 수준 위로 지하철에서 출구 staton. 직원들이 친절하고 영어를 잘 하는 직원이 저를 봉사 의외로.
12847683,5,,"프릳츠원서점, 일단 다른 프릳츠매장 보다는 규모는 작았어요, 빵 종류도 적은편이나,
빵맛있어요. 직원들도 친절했어요.굿굿"
12847683,5,,프릳츠 중 제일 좋아하는 매장. 선선한 봄과 가을툇마루에서 커피 한 잔하면 세상 행복한 공간. 사람이 늘 많은 공간이지만 빵도 커피도 맛있는 만족스러운 공간입니다. 다만 내가 좋아하는 메뉴가 없어져서 아쉽다..
12847683,5,,"공덕역에도 프릳츠 가게가있다 
늘 항상 손님이많다.. 빵도 맛잇고 커피도 괜찮다. 크로와상,쇼콜라??맛있었다.
특히 스콘!이 개인적으로 맛있다."
12847683,4,,안국역과 창덕궁 사이에 위치한 베이커리 카페^^
12847683,3,,"경복궁에 들렀다가, 유명한 카페라기에 들러봤습니다.
우선 빵들이 많아서 커피랑 같이 먹기 좋았어요.
저는 크로와상을 먹었는데, 꽤 괜찮았습니다.
의자나 테이블이 편하거나 아늑한 느낌은 아니나, 사진을 찍으면 예쁘게 나오는 곳입니다.
사람들이 많긴하나 테이블도 꽤 많아요.
화장실도 깨끗하고 좋습니다."
12847683,4,,"커피좋아하시는분ㄷㄹ이면 프릳츠는 잘 알고 있을텐데, 아라리오뮤지엄 옆에있는 곳입니다. 날씨좋을때 야외에 앉아있기 좋은 곳입니다. 건물도 이쁘고 추천합니다. 조용하니 분위기좋아요"
12847683,4,,공덕에 프릳츠가 엄청 사람이 많아서 맛집인것은 알고 있어서 다른지점에 방문했다. 사람도 별로 없고 매장직원도 매우친절하고 빵도 따뜻했다.
12847683,5,,프릳츠 원서점은 창덕궁 옆에 아라리오뮤지엄에 있습니다. 통유리 한옥 건물 안에서 경치를 감상하며 커피를 즐길수 있지요. 매장에서 신선하게 구워 내주시는 빵도 맛있습니다.
12847683,4,,"아라리오 뮤지엄과 붙어있는 작은 한옥 건물에 아담한 카페가 있습니다.
창덕궁 옆에 위치해 있어서 더 운치있고 고즈넉하게 느껴지고, 실내에 사람이 많아서 마당에서 먹었지만 덥지 않아서 좋았어요.
특이하게 스테인레스 컵에 담긴 아이스라떼가 정말 진하고 맛있었어요."
14200173,4,,"National Medical Center의 Tous des Jour 카페는 우리가 최근에 서울을 방문했을 때 우리가 후원 해 온 두 번째 콘센트입니다. 첫 번째 콘센트는 명동에있었습니다.

이 카페는 병원의 컴파운드 안쪽에서 도로에서 퇴근하여 작은 공원을 마주보고 있습니다.

생과자는 우수했다. 직원들은 친절합니다. 동대문 지역에서 쇼핑하는 경우 발을 쉴 수있는 조용한 장소입니다."
14200173,5,,"동대문에서 가장 넓고 쾌적한 공간입니다. 
매장은 깨끗하게 관리되고 있으며
많은사람이 이용가능합니다. 
다양한 샌드위치가 있으며 빵과 커피가 맛있습니다."
33421866,5,,"탁트인 경치에 맛있는 음료, 디저트까지! 공부하기 너무 좋은 공간이었습니다. 경치가 너무 좋아 야외도 인기가 많았고 특히 밤에는 야경을 보며 공부할 수 있다는 것이 너무 신선하고 인상 깊었습니다."
33421866,5,,한강뷰를 보며 여유를 즐길 수 있는 데이트 코스
33421866,4,,"국회의사당 안에 있는 카페인데 한강뷰를 보며 시간을 보낼 수 있어서 좋았고, 북카페인데 베이커리류도 많아서 많은 사람들이 좋아할만한 공간인 것 같았어요."
9311457,4,,달달한 간식이 땡기면 사먹기 좋은곳이에요예전에 익선동에서도 간거 같은데 2천원부터 삼천원 사이까지 호떡치고는 가격대가 있지만 내용물은 알찹니다.
9311457,5,,"골목 안쪽에 있지만 골목입구에서 사장님인듯 한 분이 열심히 홍보를 하기 때문에 찾기는 쉽습니다. 
하나 사서 삼청동 걸어다니면서 먹으면 딱 좋은 그정도 맛이예요."
9311457,5,,"텔레비전에도 나오고 유명한 호떡집 입니다.
외진 곳에 있지만, 사람들이 줄을 서 있어 찾기는 쉽습니다.
한번 맛보는 것도 좋지만, 저처럼 줄 서는것 힘들어 하는 분들께 굳이 추천 드리진 않습니다."
9311457,3,,"정독도서관 올라가는 메인 입구 길에서 오른쪽 골목에 위치한 호떡집, 주인아저씨가 적극적으로 추천해서 먹어봄. 갓 튀긴 호떡이 맛있기는 하다. 야채와 당면이 듬뿍 들어가 있다."
9311457,4,,"꿀떡호떡, 고기호떡을 먹어보았는데 크기가 조금 작은걸 제외하고 맛있었습니다. 

꿀떡호떡엔 각종 견과류가 들어가서 씨앗호떡의 느낌이었고 고기호떡엔 고기와 채소가 매콤하니 콤보된 맛이라 느끼하지 않아서 좋았습니다.

크기에 비해 가격이 조금 비싼 느낌을 받은 것 이외에 주인 아저씨도 친절하시고 호떡이 뜨겁지 않고 편하게 먹을 수 있는 컵에 포장해 주는등 서비스가 좋았습니다."
9311457,4,,"튀김 호떡이지만, 느끼하지 않고 고소하게 먹을 수 있는 호떡이예요.
과일이 들어간 간장소스를 듬쁙 발라서 먹는 뜨거운 야채호떡은 정말 맛있어요."
9364850,4,,"맛있는 빵과 케이크를 맛 볼 수 있는 패스트리 부티크
가격이 상당한데 다쿠아즈가 맛있고
케이크도 맛있어요
다쿠아즈는 정말 최고!!"
9364850,5,,"지인이 마카다미아쿠키를 구매해서 먹었다는 이야기를 듣고 방문하게 되었습니다. 빵들이 고급스럽게 배치되어 있었고, 몇가지를 먹어봤는데 맛있었습니다."
9364850,5,,그것은 말할 필요도없이 세계의 어떤 디저트로도 대체 될 수 없습니다. 훌륭하고 훌륭한 환상적인 곳.
9364850,5,,"애플 망고 케익은 말할 것도 없고 복숭아나 딸기가 제철과일로 들어갈 때의 생크림 케익은 이루 말 할 수 없는 천상의 맛.
다쿠아즈도 맛있고 에끌레어, 마카롱, 심지어 식빵까지 너무 맛있어요.
단점이라면, 여기 빵 먹고 나면 다른 곳 빵이...영...매력 없어진다는 것. ㅠㅠ"
9364850,4,,"패스트리 부티크 서울 신라호텔에 위치한 우아한 디저트, 차, 쿠키. 우리는 몇 일 4매력적인 보이는 디저트 데 신라호텔에 머무는, 그리고 그 방으로 갔습니다. 미니 케이크 꽤 좋고 아주 예뻐 보였습니다. 내가 일부 가까운 미래에 다시 방문할 겁니다."
9364850,5,,서울에서 제일 맛있는 에끌레어예요. 9500원이지만 충분히 가치있어요. 크로아상도 참 맛있어요
9364850,5,,"세비아 몽블랑 롤케익을 구입하였습니다 하나하나 각자의 색이 있고 정말 너무 맛있습니다 
예술 작품을 먹는 느낌입니다"
9364850,4,,"바게뜨랑 치아바타, 크루아상을 구입했는데 가격이 조금 비싸지만 전반적으로 빵이 신선하고, 재료도 좋아서 맛있었어요."
9364850,5,,"미리 예약해야하는 번거로움이 있지만
그걸 상쇄하고도 남아요 맛있어요
케이크 시트는 부드럽고 촉촉하고 
생크림은 달지않아요 올라간 부재료들도 충분히 좋고요.
선물용 혹은 기념일용으로 좋아요"
9364850,4,,"크리스마스 케잌을 매년 예약해서 먹는데 
정말 나무랄데 없이 맛있어요 
직접 가서 예약해서 좀 번거롭긴 한데 그럴만한 가치가 있어요"
9364850,4,,가격대가 있지만 좋은 재료를 쓴 것이 느껴집니다. 케익에 올라가는 과일도 신선하고 치즈도 맛이 진합니다. 케익모양도 좋고 신경쓴 느낌이 나서 축하용으로 좋습니다.
9364850,5,,"선물용으로 조각케이크를 5가지 종류로 구입했어요. 
모양뿐만아니라 맛도 최고입니다.!!
빵은 막 엄청맛있다. 이거다! 라는건 없었지만 케이크 만큼은 큰 점수를 주고싶네요.
하지만 가격대가 높은건 아쉽네요."
9364850,5,,"패스트리 부티크의 다쿠아즈는 강력 추천 메뉴!!
헤이즐넛을 추천해주시는데 저는 핑크색의 다쿠아즈가 맛있었어요
호텔 베이커리이니 저렴하지는 않지만 다쿠아즈는 꼭 먹어보아야할 음식입니다.
딸기 케이크도 맛있었어요"
9364850,3,,"아침 9시경 방문하였고 샌드위치가 있어 구매하였습니다. 가격대는 13000~16000원 정도였던 것으로 기억하고 저는 15000원 짜리 샌드위치를 구매하였습니다. 
계란등의 내용물은 아주 실하게 들어있었으나 크기가 너무 커서 혼자 먹기에는 부담스러웠습니다. 

가격을 조금 더 낮추고 크기가 작은 샌드위치가 있으면 좋을 것 같습니다."
8903926,3,,Baskin Robbins - 아이스크림 가게
8903926,3,,"맛있는, 큰 부분과 선택의 여지가 많습니다. 이 도시에는 많은 바스킨 라빈이 있습니다. 그러나 가격은 상당히 비쌉니다."
8903926,4,,"우리는 건물에 들어갔다. 더운 저녁이었다. AC가 폭발했고, 와플 냄새가 나를 휩싸였다. 나는 일종의 느꼈다. . . 평온이 나를 이김. 마침내 -이 날,이 길고 어두운 날은 곧 끝나기 시작했습니다. 우리가 가게에 들어서 자 사실 더 갤럽이었고 흥분으로 인해 우리를 점령했습니다. 우리의 흥분은 곧 우리가 들어서면서 두려움에 처했습니다. . 31 가지의 다른 맛. 그것이 내가 깨달은 순간입니다. . . . Baskin Robbins, 신의 축복이 그의 영혼을 평화롭게, 천재였습니다. 왜, 너는 물을지도 모른다? 네가 보니, 분홍색과 흰색으로 빛나는 네온 사인은 너무 미묘하면서도 너무 복잡하여 이름에 ""31""이라는 숫자를 강조 표시했다. 이것은 우리가 우리가 집에 있다는 것을 알았던 순간입니다.
저의 아름다운 친애하는 할머니는 어릴 적 보지 못했습니다. 젊음과 약속으로 얼굴을 붉혔습니다. 젊은 선원이 아랍 바다를 극복하려고했던 것과 같습니다. 아름다운 숙녀분은 우리에게 기쁨의 분홍색 무기를주었습니다. 손잡이에 강한 그립을 가진 완벽하게 비어있는 스푼은 Baskin Robbins의 유산이 제공해야하는 모든 것을 진정으로 맛볼 수 있습니다. 아아, 우리는 그런 사치를 가질 여유가 없었기 때문에 단지 두 가지만 선택해야했습니다! 우리는 마침내 무지개 셔벗과 솜사탕을 컵과 와플 조합에 단지 진정한 예술로 묘사, 그리고 아몬드 미나리 아재비와 뉴욕 치즈 케이크 와플 원뿔에 정착 - 그런 웅대 한 인류에게 알려진 적이있다! 인류애에 대한 Baskin Robbins에게 감사드립니다. 사진을 첨부하지 않았습니다. 그러한 경험은 맛보지 않고 포착하지 않기위한 것입니다.
내가 다섯 개 대신 네 개의 별을주는 유일한 이유는 화장실이 없어서 우리에게 조직을주지 않았기 때문입니다."
8903926,2,,케이크를 건너 뛰고 좋아하는 맛을 내세요.
8903926,5,,"오늘 나는 와플 콘에서 민트 초콜릿 칩을 먹었다. 맛있는. 이태원에서 멈춰라. 매우 인기있는 장소, 좋은 위치?"
8903926,5,,이 식당은 이태원에서 가장 번잡 한 교차점 중 한 곳에 모여 있습니다. . . 해밀턴 호텔 맞은 편에 있습니다. 사람들이 가장 좋아하는 곳에서 아이스크림을 먹을 수있는 좋은 곳입니다! !
8903926,4,,해밀턴 호텔 맞은편에 있어 위치가 좋다. 이태원역하고도 가깝고 이태원의 중간쯤에 있다. 사람은 많은 편이지만 이태원에서 술한잔 하고 가볍게 디저트로 아이스크림 먹고 집에 돌아가기에 매우 좋은 위치라 자주 방문한다.
8903926,5,,"위치 적으로는 이태원역과 제일 가까워요.
삼거리 바로 앞에있구요.
저는 쿠키앤크림을 제일 좋아합니다."
8903926,5,,위치가 좋아서 이태원 일대에서 식사하고 후식먹으러 잘 가는 곳이에요. 내부 공간도 꽤 넓어서 앉아서 먹기 좋아요
8903926,5,,"언제나 맛있는 아이스크림을 즐길 수 잇는 곳
여름에도 겨울에도 언제나 맛있는 아이스크림을 즐길 수 있는 곳
큰 길에 잇어요"
8903926,5,,이태원에 맛집도 많지만 짠단짠단 콤보를 즐기려면 베스킨라빈스는 그냥 지나갈 수 없습니다. 누군가에겐 만남의 장소가 되겠지만 저에겐 콤보를 위해 꼭 필요한 장소입니다.
8903926,4,,"이태원에서 가장 붐비는 4거리에 위치해있어서 찾기 쉽고 만남의 장소로 좋아요.
매장규모가 매우 작기때문에 오랜시간 앉아서 즐기기는 좋지 않습니다."
8903926,4,,"베스킨.. 맛있어요
항상 이달의 맛과 함께 더블쥬니어 즐기는데
해피포인트 앱에서 이벤트 할때 이용함 더 좋아요. 엄마는 외계인, 체리쥬빌레 추천요"
8903926,4,,이태원역 바로 앞에 있어서 사람들 만날 때 앞에 서 있거나 기다리는 곳이에요. 아이스크림 맛이야 누구나 아는 맛이죠! 전 엄마는 외계인이 제일 좋아요.
9439158,5,,"매장 자체는 작은데 빵이 빽빽하게 있어요.
친절하게 베스트 1-5 까지 표시를 해주어 선택을 쉽게 해주고 있습니다
전 1-5 에 포함되지 않은 베이직한 바게트를 구입하였고 (매장에서 커팅해줘요) 집에 와서 갈릭버터를 발라 먹었습니다
바깥쪽은 바삭하고 속은 촉촉해요
에어프라이어에 살짝 돌려 좀 더 바삭하게 만들어 먹어도 맛있습니다"
9439158,4,,"명란바게트, 먹물연유빵, 아기궁둥이빵? 세가지 구매함. 매장안에는 공간협소하여 테이크아웃만 가능한듯. 집에와서 바로 먹었는데 연유빵과 궁둥이빵은 크림이많아 포장비닐에 왕창 묻음...한번에 다먹어야함...크림이 꽤많이들어가서 달고 좀 느끼하나 그맛에 먹는듯. 맛있음. 아이들, 어르신들이 많이좋아할 살찌는맛."
9439158,4,,"명란바게트 이름을 명란카레바게트로 바꿔야 할것 같아요 ㅎㅎ
빵 반죽 자체에 카레향이 엄청 나는데 전 너무 좋았어요 
근데 카레 싫어하면 당황할것 같습니다
베스트 메뉴라는 연유 먹물브레드? 는 너무 단편
프레첼 앙인가 그것도 맛있어요
가격은 조금 비쌈"
9439158,3,,먹물바게트는 생각보다 좀 달고 무난했어요. 애기궁둥이빵과 메론빵은 적당히 달달하고 맛있어요. 그렇지만 쌀식빵은 특이함을 못찾겠어요ㅠㅠ 넛봉은 고소하고 담백해서 이런 맛 좋아하시면 좋을 것 같아요.
9439158,4,,"10년은 족히 된, 상수역 인근의 빵집 입니다. 처음에는 홍대생들과 인근 주민들 사이에서 '맛있는 동네 빵집' 정도의 포지셔닝이었으나, 홍대 상권이 폭발적으로 확장되고, 맛있는 빵집을 찾으러 멀리 가는 수고를 마다하지 않는 문화가 생기면서 20~30대 사이에서 더욱 인기를 끌고 있습니다.
초창기와는 달리 끊임없는 신메뉴 개발을 통해 상당히 많은 메뉴가 생기고, 늘어난 손님으로 인해 빵의 회전율이 매우 높아지면서 하루에서 몇 번씩 빵을 구워내어 채워내기 때문에 빵의 신선도 또한 올라가는 선순환에 접어 들며 더욱 잘 운영되고 있는 빵집이라 할 수 있습니다."
9439158,4,,"다른 빵도 맛있지만 특히 메론빵이 일본에서 먹었던것과 제일 비슷하고, 집에서도 가까워서 자주 가는곳!
케익도 맛있고 가끔 너무 빨리 솔드아웃되는게 아쉬워요."
9439158,4,,"오사카여행 중 먹었던 메론빵이 먹고싶어 들른 곳.
너무 그리웠던 맛이 나서 너무 행복했어요!
이사오기전엔 꼭 들러서 몇개씩 사갔는데 이제 집에서 가까워져서 좋습니다.
메론빵 말고도 맛있는 빵이 많아서 좋아요!
가끔 품절이 빨리되는데 아쉽다능..! (꒦໊ྀʚ꒦໊ི )"
9439158,5,,종류도 많고 다 맛있는 가게에요! 호오 갈리는게 심한 편이라 치아바타같은 고물 없는 빵을 자주 사먹는데 담백하고 며칠 두고 먹어도 맛나요. 제법 늦게까지 영업해서 놀다가 귀가할 때 들르면 좋은 가게에요~
9439158,5,,"명란바게트, 연유바게트, 까망베르, 고로케 유명한 빵들이 정말 많지만, 그중에서 프랑스산 밀가루로 만든 붓세가 베스트."
9439158,4,,깔끔하고 빵이 맛있는것은 인정. 검정고무신. 앙버터 맛있는데 빵가격이 너무 비쌈 ㄷㄷㄷ 가끔 검정고무신빵 먹고싶을때 감
9439158,4,,"매장에서 직접 구운 빵 종류들도 많고 맛있는 베이커리에요
상수역 근처에 위치하며 지나가다 몇번 빵 산적이 있네요~ㅎㅎ"
9439158,5,,"상수역의 많은 빵집중에서도 일본식 빵을 잘하는 곳이다. 명란 바게트, 연유 바게트, 깜장 고무신,넛봉, 하얀슈,블랙죠가 특이한 빵으로 맛있는 대표 메뉴이다.
상수역 1번 출구에서 50m가면 쿄 베이커리가 나온다. 
​그 방향으로 계속가면 2호선 합정역이 나온다.
반대로 얘기하면,2호선 합정역에서 내려서, 상수역쪽으로 쭉 올라오다보면
거의 다 와서​ 쿄 베이커리가 나온다는 소리다.​
쿄 베이커리에는 1만원이상 10번 오면 5천원 상품권을 준다.
그래서, 가급적 1만원에 딱 맞춰서 사고
또 추가로 살때도 1만원에 맞춰 사는게 좋다."
9439158,5,,"크로아상, 연유바게트, 오징어먹물빵,
특히 넛봉!!!
베이컨 에삐도 맛있고, 앙버터, 라이스타이거.

사실은 로얄브레드가 짱!"
9439158,4,,사실 오징어 먹물은 비쥬얼이 구미가 당기지는 않는다. 그러나 워낙 유명해서 처음에는 그냥 눈딱감고 샀는데 정말 고소하고 쫄깃하니 맛있다. 손으로 자르려고 하면 쉽지않을 정도로 탄성이 있는게 그게 입에 들어가면 풍미를 높여준다. 놀랍게 맛있는 것은 아니지만 매일 먹어도 부담 없이 질리지 않게 맛있어서 끼니로 먹는 빵이라는 이름이 붙은 것 같다. 지나갈때 종종 애용하고 싶은 곳이다.
9439158,4,,모양도 맛도 좋은 쿄베이커리. 일본의 베이커리맛을 그대로 옮겨 놓은 듯해서 좋아요. 빵이름들도 특이해서 재미 있답니다.
12199916,5,,단일 원산지 커피 - 탑 한국 바리 스타
12199916,4,,"Seoul, Seoul, South Korea"
10170809,5,,"친구들과 타임스퀘어 안에서 점심식사 후, 후식으로 커피 마실 겸 방문했어요.

* 위치 : 타임스퀘어 옆에 작은 건물이 별도로 있어서, 초행길에는 찾기 조금 힘들었어요. 한 번 찾으면 쉽게 갈 수 있어요.

* 맛 : 여기는 ‘오월의 종’이라는 빵집(?)과 함께 운영되고 있어서, 빵과 커피의 조합이 너무너무 좋아요. 맛있어요 :) 

* 분위기 : 건물과 인테리어가 너무 예뻐요. 다만 시간대가 안맞으면 사람이 너무 많아 다소 시끄러울 수 있어요 ㅠ"
10170809,4,,"은근 위치를 찾기 힘든데, 공간이 넓고 커피도 대체로 맛있었습니다. 베이커리류도 조금 있는데 나쁘지 않았습니다. 추천합니다."
10170809,5,,최고급 커피와 건강에 좋은 빵을 한곳에서 즐길수 있는곳
27186412,,,
9245751,4,,"평창동 주민센터 인근에 위치하고 있는 스타벅스 입니다. 여느 다른 스타벅스와 마찬가지로 동일한 레시피, 동일한 서비스 퀄리티를 유지하고 있는 곳이지요. 넓고 쾌적해서 좋은 곳 입니다."
9245751,4,,평창동 주민센터 근처에 스타벅스예요 최근에 리모델링을했는지 깨끗하고 쾌적해어요 1층단층으로 되어있지만 굉장히 넓어서 좋았어요 추천해요
9245751,4,,평창동 비교적 한적한 곳에 있는 스타벅스입니다. 2층까지 매장이 있어서 테이블이 많이 있어요. 추운 겨울에 따뜻한 아메리카노 좋았습니다.
9245751,4,,"동네에 위치해 있어서 많이 붐비지 않고 깔끔한 분위기에요.
직원들도 친절하고, 주위에 맛집도 있어서 식사하고 오기에 좋아요.
평창동에서는 저렴한 가격의 카페에요."
9245751,4,,"Seoul, Seoul, South Korea"
9245751,4,,"1,2층으로 나눠져 있고, 분위기 대체적으로 좋아요. 근데 창가 근처에 있는 의자 쪽은 테이블과 의자의 위치 때문에 남편이 좀 불편해했어요. 다른 곳들은 괜찮아요."
9245751,4,,처음가보는 곳이었는데 어느 동네나 스타벅스 들어가면 마음이 편해요ㅎ 외국에서도 마찬가지고.. 평창동 스타벅스도 역시나 그랬습니다
9245751,5,,"조용한 동네스벅, 프랜차이즈 느낌보다는 친밀한 동네 카페 느낌"
9245751,4,,"마음이 따뜻해지는 스타벅스~~평창동에 스타벅스가 생겨서 너무좋았습니다
주차공간이 몇대없어서 아쉽지만 그래도 평창동 주민들은 스타벅스의 커피를 맛볼 수있어서 좋겠죠~~"
28656847,,,
27478281,,,
14976195,,,
8737621,5,,"당신이 coffe를 좋아한다면,이 커피를 만나는 것을 잊지 마세요.이 caffe kais sister loh guys,
coffe 너무 좋아."
8737621,5,,저는 이곳을 사랑하기 때문에 사랑 된엑소
9732378,3,,"언제나 매장앞에 긴 줄이 서 있어 지나치기만 했는데 오늘은 마침 줄이 없어 사 왔습니다. 
스콘과 크림치즈 큐브를 사왔는데 스콘은 너무 단단하면서 뒷맛은 살짝 느끼했고
큐브는 그냥 평범하게 맛있는 맛이었습니다. 
테이크아웃 전문점답게 미리 빵들이 하나하나 포장되어 있는 점은 좋았습니다. 
그냥 동네 맛있는 빵집정도?  줄서서 먹을 정도까지는 아니었네요."
9732378,4,,"오픈할때부터 사람이 많았던 곳입니다. 왠만한 빵들 다 맛있긴 하지만 제가 꾸준히 사먹는건 리치식빵입니다. 생크림이 들어가서 그런가? 확실히 맛이 찐하고 고소하니 먹을맛이 납니다. 가격이 쬐금 비싸지만, 의외로 식빵류가 집에서 만들려고하면 시간과 정성이 많이 들어가는 제빵인지라...이 가격을 주고서라도 살만하단 생각 들었어요."
9732378,4,,뚝섬 전철역에서 서울숲으로 거는 건널목에 위치한 조그마한 식빵 전문점 항상 사람들이 많고 줄을서는 매장 기본적인 식빵부터 조구마한 큐브빵까지 메뉴가 여러가지다 오직 포장만 가능하다
9732378,4,,줄을 서야 하는 편. 하지만 포장판매기 때문에 금방금방 차례가 옴. 촉촉하고 맛있는 식빵을 맛볼 수 있음. 저렴한 곳은 아님. 성수동 말고 다른 지역에도 몇 군데 있음.
9732378,5,,"식빵 사러 가는데
월요일 하루 쉬는게 아쉽더라구요

따끈한 빵이 예술이에요

금액은 좀 비싼데
가족들이 찾으니 한번씩 가게 됩니다"
9732378,5,,"식빵의 식감이 가장 훌륭한 베이커리
외국인들도 줄을 서서 사가는 흔한 풍경
저녁 7시만 되도 남는 빵이 거의 없는
촉촉하고 부드러운 식빵
발뮤다 토스터기가 불필요한 베이커리!!"
9732378,4,,"식빵이 맛있는 곳입니다. 가끔 성수동에 올때마다 들려서 사는데
항상 대기줄이 길어요~ 매장이 협소해서 테이크아웃만 가능합니다."
9732378,5,,"아들이 너무 맛있다 해서
리치 식빵 사러 자주 들립니다

뜯어먹는 재미도 좋은데
컷팅해서 가져가니 먹기 편해서 좋더라구요

다른 빵들은 안 먹어봤는데
하나씩 시도해보려구요"
9732378,4,,레몬스콘과 녹차스콘이 맛있었다. 저녁이여도 빵을 살수 있어서 좋았다. 매장은 테이크아웃밖에ㅠ안된다. 우유식빵은 부드럽고 맛있음
9732378,4,,근처에 살아서 자주 가는데 오늘도 역시 대기 줄이 기네요..사람이 많아요..식빵이야 당연히 맛있죠. 아이들 아침에 먹을 식빵 사가지고 갑니다.
9732378,5,,식빵을 냉동시켰다가 필요할 때 꺼내서 먹었는데도 갓 나온 빵처럼 너무 부드럽고 맛있었어요. 일반 브랜드 식빵은 토스트 후에 시간이 좀 지나면 빵이 질겨져서 못 먹었었는데 여기 빵은 시간이 지나 식어도 여전히 부드럽더라구요. 집 근처였다면 자주 애용했을 것 같아요.
9732378,5,,식빵은 잘 모르겠고 여기 스콘이 정말 맛있어요. 일반적으로 우리가 먹는 스콘이 같은 느낌은 아니지만 버터 대신 생크림을 넣어 더 부드러운 맛을 느낄 수 있어요
9732378,4,,"다른 빵보다 식빵을 자주 먹는 편인데 밀도 식빵은 참 맛있습니다. 생크림이 들어간 밀도 리치 식빵은 겉은 바삭하고 안은 부드러워서 커팅하지 않고 먹어야 제맛이고, 큐브 식빵도 종류별로 특색있고 맛있습니다. 커스터드 큐브 식빵은 담백하면서 달달한 빵이 먹고 싶을 때 좋아요. 마롱미니도 종종 먹고, 생크림이 들어가지 않았다는 스콘도 괜찮습니다. 녹차, 블루베리, 홍차밀크 등 잼도 판매합니다. 시식으로 먹어봤는데 홍차밀크잼이 맛있더라구요. 재료가 좋아서 그런지 먹고 나서 속이 불편하거나 부담스럽지 않습니다."
9732378,4,,성수동에서는 워낙 유명한 빵집이 되어서 항상 줄서서 빵을 사야 합니다. 당연히 미니식빵이 맛있습니다. 여러가지 다양하게 즐길 수 있어 좋습니다.
9732378,4,,"밀도는 워낙 유명한 곳이죠. 주말에는 늘 사람들이 줄서있어서, 빵 사기가 힘들어요. 그나마 집에서 가까운 가로수길점은 빵사기가 수월합니다. 지난 달에 성수동에 갔을 때, 친구가 꼭 밀도에서 빵을 사고 싶다고 해서  줄섰는데, 시식빵을 나눠줘서 기다리는 동안 빵을 먹으니 그나마 나았어요. 앞에 횡단보도가 있어서 지나다니는 사람들이 많고, 줄이 금방 줄어들지는 않은 것 같아요. 그래도 빵은 맛있습니다."
7748379,4,,"요즘 워낙 잘하는 베이커리들이 많다보니, 
예전보다 덜 가게 되기는 하지만 빵종류가 엄청 많아서 고르는 재미가 있는 곳. 
케익종류는 가격대가 좀 있지만, 무난한 빵들은 또 적당한 가격대로 느껴져서 큰 부담없고 괜찮습니다. 빵 구매하시고 위에 카페(작은 테이블공간) 있으니 거기서 드셔도 되세요."
7748379,4,,"나폴레옹 본점
넓고 빵 종류도 많아요
요즘엔 지점이 많이 생겼는데
아이스 샌드는 가격대비 별로고
오히려 다른 빵이 맛있었어요"
7748379,4,,오래전부터 가끔 가는 빵집인데 예전엔 좀 비싸다 느꼈는데 요즘 물가가 올라 그런가~ 다른 곳에 비해 비싸단 생각은 안드는 것 같아요.  들은 것 없어 보이는 데 맛있는 것이 진짜 실력??아닐까요~ 오래간만에 맛나게 잘 먹고 왔어요.
7748379,4,,이동네에서 정말 오랫동안 맛있는 빵집이에요. 한성대입구역 사거리에서 보여요. 매장도 크고 빵 종류도 정말 많고 맛있어요.
7748379,5,,길상사 가는 마을버스 타는 곳 맞은편에 있는 나폴레옹   같이 간 친구가 유명한 곳이라면서 집에 가지고 갈 빵을 사서 같이 사게 됐는데 가격은 다른데보다는 조금 비싸지만 맛이 있었다.   빵을 사서 2층에서 커피랑 같이 먹을 수도 있는 장점이 있다.
7748379,5,,"제과명장이 있는 빵집, 서울3대빵집 등의 수식어가 붙는 만큼 조금 비싼가격이 형성되어 있다. 
 수요미식회에 나왔다던 샐러드빵은 이미 매진 되어 없었다. 샐러드빵을 구입하려면 일찍 도착해야 할거 같다. 이미 식사와 디저트까지 먹고 방문해서  너무 배가 불렀으므로 빵 구매욕이 떨어져서 두개만 사왔는데 다음날 먹었는데도 너무 꿀맛이어서  아쉬움이 컸다."
7748379,5,,마스카포네 치즈 타르트랑 햄치즈 바게뜨 완전 맛있어요. 강추! 입에서 녹아요. 기왕이면 둘다사서  바게뜨로 밥 하고 타르트로 후식먹는 거 추천. 치즈 브륄레는 겉이 딱딱하고 설탕코팅이 두꺼워서 제취향은 아녔지만 안에 크림이 진짜 맛있었어요. 레몬향이 들어간 크림이 이렇게 맛있는지 처음알았어요
7748379,4,,유명한 빵집이라 방문했다. 가격은 유명세탓인지 일반 빵집보다 20% 가량 비싼 편이다. 내 입맛에는 20% 이상의 가치가 있는지 잘 모르겠다.
7748379,4,,"서울에서 오래된 빵 집 중 한 곳이다. 건물을 통으로 쓰고 있고, 1층은 빵집, 그외의 층은 카페등으로 쓰이고 있다."
7748379,5,,재료를 좀좋은거 썼는지 크림도 맛있고빵질도 좋아요 다만가격이 비싸요 케잌종류도 ㅇ맛있는데가격이 정 ㅇ인비싸요 ㅠ 넘 아쉬워요
7748379,5,,맛은 좋은편 가격은 비싸고 매장 깔끔 직원 친절 위생적
7748379,4,,깔끔하고 위생적인 매장 맛은 나쁘지 않으나 가격 비싼편
7748379,4,,"유명해서 지나치면 꼭 들리게 되는 곳입니다. 과거에는 부자집의 일하는 분들이 줄서서 빵을 사갔다는 이야기가 있는 곳. 비싸지 않으면서도 맛있고 품질좋은, 다양한 빵들이 있습니다."
7748379,4,,기다려야 먹을 수 있는 다양하고 품질 좋은 빵.
7748379,5,,가격이  비싸다는 단점과 주차하기 어렵다는 것 빼고.... 빵 종류도 많고 아주 맛있습니다.
13823190,3,,"아침에 명동으로 걸어 갔을 때 에어 비앤비 아파트 근처에서이 장소를 건너 왔고, 그 열린 컨셉과 가구가 얼마나 넓은 지에 즉시 끌 렸습니다. 그래서 나는 빨리 물기 위해 뛰어 들기로 결정했다.

이 장소의 작동 방식은 빵과 케이크를 선택할 수 있다는 것입니다 (중간에 놓여 있음). 프레젠테이션은 현명하고 흥미롭고 호소력이 높았으므로 버터와 타로 잼, 헤이즐넛 스폰지 케이크로 프렌치 로프를 가져갔습니다. 그것이 너무 달콤하지 않을까 걱정이되자 설탕이 너무 다루기 어려운 경우를 대비하여 블랙 커피를 마셨다.

전반적으로 빵은 너무 달지 않았지만 맛이 독특했습니다. 스펀지 케이크는 내가 예상했던대로 달콤했습니다. 그러나 솔직히 말해서 그들은 꽤 괜찮은 커피를 가지고 있습니다. 결국 전체적으로 그렇게 나쁘지 않았습니다.

패스트리 개선의 여지가 많이 있지만 여전히 방문 할 가치가 있습니다!"
13823190,4,,"메인에서 살짝 떨어져 있고, 널찍한 공간이라 늘 붐비지 않아 좋아합니다.  커피도 맛있고 빵도 괜찮은데... 별 생각 없었는대 빵을 판 채 내 놓여있는데 그 근처서 기침하는 다른 손님 보고 위생이 조금 걱정되었습니다. 그래도 오후에 조용하게 커피마시며 시간 보내기에는 좋튼 곳입니다."
13823190,4,,"이 카페는 모두 미학에 관한 것입니다. 개조 공사에서부터 제공되는 음식에 이르기까지 모든 것이 잘 보일 수 있도록 설계되었습니다. 빵은 괜찮 았지만,이 세상에서 벗어나지는 못했습니다. 여기에있는 유일한 이유는 서울의 유명한 카페가 아니라는 것 이외에 멋진 빵에 대한 Instagram의 일일 업데이트입니다."
13823190,3,,"우선, 모든 직원은 기본적으로 나를 외국인으로 보았지만 한국인은 다 끝났습니다. 나는 한국에서 많은 시간을 보냈지 만 결코 그것을 발견하지 못했습니다. 이상하게 시작하기.

나는 침입하는 것처럼 나는 장소로 걸어 들어가는 것을 느낀다. 다시 말하지만, 이것은 매우 드문 일이며, 한국에서의 경험에서 볼 때 독특하다고 말할 수 있습니다.

모두가 영어를하는 것처럼 보였습니다. 별로인 날? 알아 내서 돌아가는 것을 귀찮게하지 않을 것입니다.

또한 나는 마실 것을 요구했고 나에게 컵을 가져다 주었다. 거의 Instagram 친절! ?

단지 내가 처음 방문했을 때 나는 한국에 무관심한 사람들을 느꼈다. 부끄러움."
13823190,5,,참 좋아하는 커피숍 입니다. 살짝 메인 로드에서 접근하기 쉬운 곳은 아니지만 그래도 찾아갈만한 커피 집입니다. 추천드립니다. 조용하게 멋진 곳에서 커피를 편하게 드실 수 있으세요!!
13823190,3,,품위있는 음료 / 음식이있는 멋진 카페
13823190,3,,"Hipsterish 최소한의 방으로 많은 카페. 좋은 음료, 평균 파이."
13823190,4,,"사람들로 북적이는 명동에서 여유로운 공간과 한적함을 느끼며
차를 마시고 싶다면 꼭 찾아봐야할 커피점.
길 하나 사이로 갖는 공간의 차이가 잠시 서울이 아닌
다른 공간에 온 느낌을 갖게 한다.
왜 명동의 하아이인지는 그곳에 가서 커피를 마시면 
알게 될 듯..."
13823190,5,,"화이트 컨셉에 넓은 카페예요
대부분의 명동 카페들의 사이즈가 적은편인데 충무로쪽으로 한블럭만 건너오면 환하고 밝은 커피숍이 있지요.
커피맛도 좋고 분위기도 좋습니다."
27487937,5,,커피 테이크아웃 하려고 잠시 들렀는데 커피도 고소해서 좋은거 쓰시는 것 같고 분위기도 여유롭고차분해서 바쁜 현대사회에서 잠시 힐링하러 와도 괜찮을 것 같아요!
27487937,5,,숙박하며 잠시 방문한 라운지에서 너무 잘 쉬다 갑니다. 직원분들도 친절하시고 메뉴도 다양해서 좋은 기억만 가지고 갑니다~ 다음에는 에프터눈 티세트 먹으러 방문하려구요.ᐟ 추천합니다.
27487937,5,,더 라운지 바에 처음 방문하였는데 우아하면서도 무드있는 분위기도 너무 좋고 직원분들도 다 친절하게 응대해주셔서 기분 좋게 있다 갑니다~ 다음에는 빙수 먹으러 방문할 예정이에요!!
27487937,5,,"호텔 라운지에 가면 커피,티를 마시는 데 라운지앤바 메뉴판에는 로네펠트 웰니스라는 특별한 티가 있더라구요. 설명을 읽고 주문할려고 했는데 뭘 선택해야할지 어려웠는데 직원분이 티들 시향도 해주시고 간략하게 설명도 해주셔서 쉽게 선택 할 수 있었습니다!
라이프앤 뷰티라는 티를 마셨는데 레몬 버베너와 열대과일의 달콤함이 잘 느껴지는 티였습니다.
다음에는 다른 티도 마셔봐야겠어요!"
27487937,5,,커피와 티 맛이 다양해서 좋았아요 ㅎㅎ 디저트도 맛있고 직원분들도 친절하셔서 재방문 의사 있습니다~! 특히 망고빙수가 정말 맛있었어요 망고가 엄청 달고 양도 많아서 좋았어요
27487937,5,,"대화하기 좋은 분위기, 친절하신 직원분들 최고"
27487937,5,,신메뉴 체리빙수가 너무 맛있어요 🍒❤️❤️
27487937,5,,"가격대비 만족스러운 애프터눈티였어요!
세이보릿이 좀 비린 게 몇개 있었어서 이 점만 개선되면 너무 좋을 것 같아요!!"
27487937,5,,"여자친구와 함께 다녀 왔어요. 테이블 담당해주신 직원분이 정말 친절하셔서 여자친구가 너무 좋아하더라구요 ㅎㅎ
카이막 빙수는 당연히 맛있고 또 먹고 싶어요 추천드립니다"
27487937,5,,"친절하게 응대해주셔서 행복하게 잘 다녀왔어요. 카이막 빙수 달달하고 고소합니다. 에스프레소, 카이막 크림, 팥으로 빙수를 다양하게 즐길 수 있어서 좋았습니다. 추천해요~^^"
27487937,5,,"빙수가 두개로 나와서 다양하게 커스터마이징해서 먹어볼 수 있어 좋았습니다. 카이막과 나오는 빵도 좋았고, 팥이 맛있네요. 여타 호텔 빙수에 비하면 저렴하고 품질도 좋았습니다. 자리 안내 및 예약 확인 절차 또한 응대가 친절하고 시간변경에 도움주셔서 좋았습니다. 다시 이용할 의향이 있습니다. 감사합니다"
27487937,4,,어디 호텔 갈지 여러군데 비교하면서 리뷰 보고 찾아보다가 여기가 제일 좋아서 방문했어요! 일하고 계신 직원분들도 너무너무 친절하시고 디저트도 너무 맛있어서 남자친구랑 기분 좋게 하루 마무리 했어요 🖤 옆테이블에서 티세트? 드시던데 저도 다음에는 티세트 먹으러 오려구요ㅎㅎ
27487937,5,,눈호강 입호강 했던 딸기빙수 후기 🤤🩷
27487937,5,,커피와 티를 마실려고 방문했는데 종류가 다양해서 직원분한테 물어보니 직원분이 커피원두 종류와 특징을 설명해주시고 티는 시향을 도와줘서 커피와 티를 이용하는데 불편함이 전혀 없었고 기분 좋게 이용 했습니다! 재방문 의사 있습니다!!!
27487937,5,,"카이막빙수 궁금해서 먹으러 갔는데 터키식 솜사탕 위네 벌꿀집이 큼직하게 올라가 있어서 비주얼도 이쁘고 너무 달지않아서 맛있었어요. 
먹기편하게 두 볼로 나뉘어 나와서 좋았어요."
26695390,5,,호텔 조식 대신 훌륭한 아침식사가 가능한 베이커리카페
20099016,,,
9681508,5,,"처음 가봤어요
현대 면세점서 쇼핑하고
잠시 머리 식히러 갔다가 시원한 빙수맛에 깜놀!

가격은 좀 비싼데
자꾸 가고 싶어질거 같아요~~~"
9681508,5,,전통 Bingsu 여행의 확실히 가치가있는
9681508,4,,"압구정 본점보다 오히려 빙수 맛이 꾸준하다고 생각되는 곳이예요. 밀크빙수는 진리입니다 ㅎㅎ
최근엔 팥을 아예 첨부터 추가로 줘서 좋아요

근데 공사하고 나서 자리는 조금 불편해 졌네요
메뉴도 다양해졌는데 재료가 없어서 안된다는게 좀 있어서 그런건 관리가 아쉬운편.."
9681508,5,,언제나 맛난 빙수를 맛볼 수 있는곳 입니다. 백화점에서 쇼핑하고 지하에서 간단하게 식사하고 디저트로 빙수 먹기에 딱입니다.
9681508,3,,백화점 내의 밀탑은 무척 큰 사이즈 홀을 이용하고 있다.빙수를 먹은 후의 달달함을 희석시킬 물을 먹기에도 불편함이 없다.그러나 무료 이용 가능한 카드를 제시했는데 알아보려는 노력없이 안된다고 답하는데 실망스러웠다
9681508,5,,"워낙 유명한 밀탑빙수라서 먹으러 종종 갑니다.
너무 달지도 않고
우유얼음도 맛있어요.
사람이 많아서 가끔 기다릴때도 있지만
그만큼 맛있어서 가게되네요"
9681508,5,,이곳 팥빙수는 아이들이 너무 좋아해서 매달 방문 합니다. 팥과 떡은 1회 무료로 리필이 가능하니까 꼭 리필 챙기세요..^^
9681508,4,,한국의 유명 팟부 샵. 빨간 콩 애호가를위한 장소. 가격은 더 작은 부분을 고려하면 더 비쌉니다. 얼음 결은 덜 거칠지 만 녹기 쉽습니다. 방문 할만한 가치가있는 가게입니다.
9681508,5,,팥빙수의 계절입니다..아이들이 밀탑빙수를 너무 좋아해서 매달 옵니다..이곳은 양이 좀 적지만 팥을 1회 무료리필해줘서 좋습니다.
9681508,5,,팥빙수의 계절이 돌아 왔습니다..팥빙수는 밀탑이죠~~아이들이 너무나도 좋아해서 디저트로 밉탑 밀크빙수를 먹었습니다..이곳의 좋은점은 팥을 한번 리필해줍니다..잊지말고 꼭 리필해서 맛나게 드세요..^^
9681508,5,,역시 밀탑 우유빙수는 이 무더운 더위에는 따악~입니다. 팥과 떡도 한번 리필이 가능해서 끝까지 맛나게 먹을 수 있습니다.
9681508,5,,요즘은 비슷한 팥빙수가 많이 판매하고 있지만 그래도 가장 맛있는 거 같아요. 1인 1빙수 하고 오네요 달달한 단팥죽도 추천해요
9681508,5,,정말 밀탑은 너무나도 유명한 곳이죠~ 현대백화점 압구정지점에도 있고 무역센터점에도 있습니다. 빙수는 정말 너무너무 맛있습니다. 얼음이 정말 너무 부드럽습니다. 떡과 팥은 리필도 가능하니까 맛나게 드세요~
9681508,4,,이집은 정말 오래된것 같다. 15년을 훌쩍 넘겼는데도 그자리 그대로 맛도 그대로! 언제 먹어도 맛있는 팥빙수다. 누구나 너무 좋아해서 그 자리에서 1인 1빙수를 먹을 수 밖에 없는 곳이다.
9681508,5,,"그냥 팥빙수가 제일 좋아요. 그리고 그 위에 올려진 떡! 리필도 되는 거라서 꼭 한번씩 더 리필해 먹어요. 커피도 예상 외로 너무 맛있어서, 자주 갑니다."
27708034,,,
7028423,5,,저는 이 카페의 음식은 모두 볼 수 있습니다. 카페 압입추진공법을 공원 액세스할 수 있습니다. 엘리베이터를 타고 올라가면. 최상위 레벨이 있는 사랑스러운 카페가 오픈 에어 볼 수 있습니다. 식사 후 산책을 한 한강. 카페는 자정까지 문을 연다.
7028423,5,,"이것이 아름다운 카페 카페를 하면서 조사 하기로 하고 우리가 있는 동안 한국 여행 서울 온라인 체크 아웃합니다.

호텔이 있는 역(1번 출구) 에서 도보로 동작구. 금요일 저녁에 가서 저녁 식사를 하는 카페에서 몇 가지 고객 좀 놀랐어요. 카페에서 보는 풍경은 정말 놀라웠습니다. 카페 분위기도 아늑하고 로맨틱한. 서비스 직원들이 영어를 잘합니다. 2의 세트를 주문했는데 음식이 괜찮았습니다. 가격대비 가치는 좀 급준파 있을 것 같습니다.

로맨틱한 저녁 식사를 할 수 있는 강력하게 추천하는 커플들을 위한 한강을 볼 수. 체크 아웃 합니다."
7028423,2,,"우리가 여기에 와서 읽고 추천하는 멋진 카페에서 gureum 블로거 의 반포 무지개 다리 분수. 우리가 들어간 카페. 저는 작은 충격으로 다리가 너무 멀리 떨어져 있다. 가장 비싼 음식은 피자를 주문하고 가는 여행 (19000원) 아이템. 부드러운 맛, 절인 무 와 함께 저장된 경우에만 이 제공됩니다. 밤에 있을 때, 분수 쇼는 시작되었다, 할 수 없는 것은 그 다리를 볼 수 있는 자체가. 매우 실망스러웠다. 을 알 수 없는 분수 쇼, 저는 다리를 가지고 있는 것에 가까운 음식을 할 수 있습니다. 저렴하고 더 나은 것 이 꼭 보기."
12493336,5,,홍대 구번출구 근방에 있는 싱가포르 디저트집이다.  한국 디저트랑 달리 색다른 디저트가 많음. 카야토스트랑 코코넛커피가 시그니처로 맛있다.
12493336,5,,"? ??? ???? ???? ???? ???? ?????. ???? ????, ?? ???? ???? ???? ??? ? ???? ?? ???? ???? ??? ??? ?? (마일로)? ??? ?? ??? ?????. ? ??? ?? ?? ?? ???? ??? ?? ???? ??? ?????.

이 카페는 싱가포르 사람들이 소유하고 운영하는 카페입니다. 싱가포르 인으로서, 나는 디저트의 독창성과 진정성을 증명할 수 있습니다. 카페 이용자는 싱가포르 커피와 초콜릿 음료 (Milo)를 맛보실 것을 강력히 권장합니다. 이 카페는 또한 현지 돼지 고기뿐만 아니라 현지 싱가포르 맥주를 제공합니다."
12493336,4,,좋은 페이스트리 및 장식 및 좋은 선택 음료; 조금만 wifi에 휴식과 conect를 데려 가기에 좋은 장소입니다.
12493336,5,,"나는 항상 Merlion Dessert Cafe에 대한 리뷰를 작성하길 원했습니다. 그래서 여기에 있습니다! 이것은 ""올바른 점성""에있는 정통 싱가포르 스타일의 ""Kopi""(우유와 설탕과 함께 커피)를 얻을 수있는 유일한 곳입니다. 종종 한국의 보통 커피는 너무 좋아서 좋아하지 않습니다. 그러므로 머지 않아 머라이언에게 고향을 돌아 가게 할 것입니다. 그곳에서 마지막으로 여행 한 지 얼마되지 않았습니다! 곧 거기에 있기를 희망합니다!"
12493336,4,,소유자는 싱가포르 사람이며 처음부터 카야 잼을 만듭니다. 메뉴에서 내가 가장 좋아하는 항목은 검은 참깨 밥 공입니다! 그들의 pomelo와 자몽 아이스크림은 또 다른 아이템입니다! 커피 술꾼이 아니므로 나는 집에서 먹는 것과 같은 좋은 우유 차 (SG)를 항상 먹을 것입니다. 머라이언은 한국의 다른 카페와 다른 점을 제공합니다. 그만한 가치가 있습니다! 서비스는 우수하지만 모든 것을 현장에서 만들었 기 때문에. 대기 시간은 보통 카페보다 약간 더 길 수 있습니다.
12493336,5,,"서울을 방문하는 외국인 친구에게 : 홍대 지역에서 화장품과 쇼핑을 즐기며 다리를 쉴 수있는 전략적인 장소입니다.
To Korean friends : 싱가포르의 스낵과 일상 음료를 판매하는 전형적인 싱가포르 코피 티암 (카페)입니다.
서울에 머물고있는 싱가포르에 : 당신의 코피 시다이 / the - peng / roti butter kaya를 갈구해라. 서울에는 다른 곳이 없습니다.
친숙한 Singlish가 당신이 함께 자란 것을 듣고 싶습니까? 주인에게 이야기하십시오."
12493336,5,,"나의 네 번째 방문이 주! 저는 코코넛 kopi, 카야 토스트 빵, 탕원, 망고 익 어 맛있다! 디저트는 매우 독특한 - 한국의 조리법 은 조화 이 하기도 합니다. 나는 싱가포르의 느낌을 집처럼 편안함을 했습니다. 주인에게, 그의 직원들은 ken"
12493336,5,,"멋진 작은 카페 입니다! 카야 토스트를 하는 것이 더 나은 경우 가 다! 정말 친절하고 우호적 였어요! 사람들을 집에 와서 맛이 필요하다! 밀로 공룡, c 등 kopi! 여기서 확인할 수 있습니다!"
12493336,5,,"서울의 경우 도 줄일 수 있습니다. 제가 추천하는 올 수 있습니다. 개별 또는 친구들과 함께 좋은. 저는 다른 음식, 음료, 친절한 직원들과 분위기도 잊지 못할 그곳! 직원들이 나를 즐겁게 했던 안게스 집 처럼 느끼게 해 주기로 다. 저는 제 자신의 레스토랑을 고용하는 것이 필요! =D"
12493336,5,,"항상 좋은 느낌이 만난 싱가포르의 동료, 설정 외국 땅 에 비즈니스. 
이곳에 대한 첫 인상은, "" 와! 주인이 한국인이 정말 사랑 sg 합니다! "" 
알고보니 그 중 한 곳은 싱가포르에서! 
한 아이스 커피 (kopi bing, 강력한 은 부드럽게! 커피가 너무 가벼운 제가 좋아하는 한국. 그 검은 참깨 황패된 볼 은 환상적인 디저트! 
할 경우 좋은 sg 줄일 수 있습니다. 저를 픽업하러. 마셔! 항상 도움을 주려고 아끼지 팀! 
사람들은 훌륭한 일을 유지!"
7372719,4,,"케이크로 유명하지만 아침식사하기도 좋아요
아침식사 세트들도 다양하게 있거 저는 카페라떼와 멕시칸 파니니를 주로 주문하는데 달지않고 점심때까지 배가 든든해요"
7372719,4,,"Kuala Lumpur, Malaysia"
7372719,4,,"케이크와 라떼가 맛있는 투썸플레이스 입니다.
근처 회사원이나 호텔 투숙객들이 많이 오는 곳 같아요.
자리도 편하고 넓어서 자주 애용합니다."
7372719,5,,"티라미스케익이 먹고 싶을때는 꼭 투썸에 방문합니다!ㅋㅋ
시중에 파는 티라미스케익중에 제일 맛있습니다!
위치도 좋고 매장도 넓어서 자주 방문 하게 되네용~!"
7372719,4,,"연말기념 케잌사서 
새해 카운트 기념했습니다 
케잌미리 예약해놓고 
지정된 시간에 정확히 수령했네요 
다른 체인 케잌보다 더 맛있는거 같고
신한레베카드 할인도 받아서 
더맛나게 느껴진듯합니다 
다음 축하도 투써케잌으로 할게요"
7372719,4,,청계천이 있어서 더더욱 좋은 투썸입니다.
7372719,5,,커피가 먹고 싶을 땐 어디에나 있는 투썸플레이스
7372719,5,,편리한 곳에 위치하여 복잡한 을지로 입구를 벗어나 조용히 대화할수 있는 좋은 공간입니다. 근처에 청계천 있음
7372719,3,,"투썸 플레이스 측쇄기 에 들러 하나의 최근 방문하기에 좋은 곳 알고 서울이 아니라 커피와 케이크 중 휴식을.

우리가 방문할 때, 우리는 당근 케이크 한 조각 먹어 보았는데. 질감 도 좋고, 건조 하지도 않고 습한 않습니다. 맛이 정말 기대 안 하는 것과 같은 적절한 당근 케이크 가 지나치게 많은 한국인 달콤한 간식을 달콤한 디저트. 마지막으로, 이 좋은 당근 케이크 한 조각 (평가 - 3.5의 5). 이 곳에서 제공되는 투썸 커피도 꽤 좋은, 하지만 좋은 맛이 진하게 쓴 (3.5의 5). 유사하게, 아주 좋은 가치가 있고 한 것이 오. 

이 곳은 스타벅스 포후투아카와 투썸 에서 유사한 모델. 카운터에서 주문을 하고 자리를 해 내는 카페. (호출) 이 주어집니다. 카운터 로 가서 주문을 한 번 소등 이 됩니다. 서비스는 친절하고 저희가 방문한 지사. 그들은 우리의 주문을 영어 문제는 전혀 없었습니다. 

전반적으로, 저희는 투썸 플레이스 카페 입니다. 이와 같은 친구를 만나는 좋은 곳이나 가족의 이 커피와 케이크. 가족 친구들과 소수의 음식과 음료가 도시의 관광 지역에 있는 지점. 따라서, 투썸 플레이스 서울에 갈 수 있을 때 해보세요."
7372719,4,,"동대문, 을지로에서 돌아다니다가 잠시 쉬어가기 좋은 커피전문점입니다. 프랜차이즈니 일정한 맛과 분위기가 보장되는 곳입니다."
7372719,3,,투썸플레이스만의 맛있는 디저트와 커피를 즐길 수 있는 곳! 티라미슈케익과 커피를 마시며 휴식하기 좋은 곳
7372719,4,,평일 낮에 가서 그런건지는 모르지만 한산하고 자리도 넓직해서 여러명이서 편하게 이용하기 좋았고 다양한 빙수 종류가 있고 양에 비해서는 가격도 적당해서 먹기 좋았다.
7372719,4,,"서울에 있는 도전. 호텔 레스토랑이 매우, 매우 비싼 음식 선택 힘들다, 전부 한식 메뉴는 특히

이 곳의 제한된 메뉴 이지만 좋은 스파 드위치와. 커피도 나쁘지 않다."
15841905,3,,"너무 많은 기대를 가지고 갔던 것일까?
임신한 친구의 와이프와 이곳을 방문했다.
엄청난 웨이팅을 버티고 구입했건만 그냥 그럭저럭한 맛.
바쁜 와중에도 서비스를 잊지 않으려는 직원들의 마인드는 높게 산다."
15841905,5,,한국에 오랫만에 와서 친구의 강력 추천으로 먹어봤는데 신선하고 맛있었네요. 위치가 골목 안쪽이라 찾기가 좀 힘들었지만 힘들게 온 만큼 기대 이상의 맛이었네요.
15841905,5,,"TV에 자주 나온 타브랜드 모찌도 여러개 먹어 보았는데 홍만당은 역시 좀 다르더라구요  미리 예약하고 가면 바로 수령 가능하지만, 현장 구매시 완판되어 구매가 어려운 날도 있다고 하네요 모찌 안에 딸기도 따로 달달하게 따로 절여서 넣은건지 오래 두어도 과즙이 새어나오거나 물이 생기지는 않았어요 맛있습니다"
9143617,5,,로스팅을 직접하는 곳이라서 커피품질이 좋아요. 카페 내부는 아기자기한 스타일은 아니고 모던한 스타일이고 내부 탁 트이고 시원합니다. 테이블도 많아서 독립적이고 대화 나누기도 좋고 노트북 작업하기도 편해요.
9143617,5,,오랜만에 맛있는 커피 먹었어요 분위기 좋은 곳 추천 입니다. 직원들도 너무 친절하고 커피맛도 깔끔해요 놀랬어요 맛있어요
9143617,5,,"분위기도 좋지만 커피맛이 아주 근사합니다. 사무실 근처라 자주 가는데 누굴 데리고 가도 커피맛에 불만이 없어서 만족합니다.

화장실이 깨끗하고 넓은것도 큰 장점!"
9143617,4,,사장님의 친절한 설명과함께 맛있는 커피를 제대로 느낄 수 있는 곳이에요. 분위기도 깔끔하고 좋아요.
9143617,5,,"사장님이 직접 전세계를 다니시며 원두를 사오시고, 로스팅한 제대로된 커피를 즐길 수 있는 곳입니다."
9143617,5,,커피에 대해 해박한 회사 동료가 강추해서 함께 갔었습니다. 지금도 사무실 커피는 거기서 사와서 내려 먹어요. 그만큼 질좋은 커피를 맛볼 수 있어요. 잘모르는 분들에게 친절하게 설명도 해주십니다. 다양한 커피관련 기구들도 함께 판매하고 있습니다.
9286954,4,,부드럽고 맛있는 스무디를 먹으면서 부드럽고 맛있는 아이스크림을 먹는 것처럼 느껴진다.
9286954,5,,"여름에 커피가 먹기싫을 때 자주 방문하는곳이다.
커피와 다르게 다 먹고나면 든든하기까지 하니 자주 방문하게 된다.
맛있다"
9286954,4,,여기선 스트로베리 종류를 먹어줘야해요~! 레몬스트로베리는 10년전부터 여전히 맛있고 다이어트할 때 단백질 넣어서 같이 먹으면 좋아요
9286954,4,,테이블이 5개 정도 있는 것 같아요~ 직원분도 친절하고 음료도 굉장히 빨리 나와요 쇼핑하다 중간에 들려서 먹기 괜찮아요
9286954,4,,이나 cornor basedment 1 samll의
9286954,4,,더운 여름엔 스무디킹이 최고인듯. 양도 넉넉해서 가격대비 비싸지는 않은 것 같아요. 저는 딸기스무디가 가장 좋아요.
9732432,4,,"카푸치노호텔 1층에 있는 카페입니다. 언주역 일
1번출구에서 가깝습니다.  호텔이긴 하지만 들려서 커피 한잔하기 괜찮은 분위기입니다."
9732432,5,,호텔이랑 카페랑 같이 붙어있음 체크인할때 여기가 카페인가 어디지 하고 헷갈림 흠 커피향기는 보통임 ㅎㅎㅎ 호텔은 매우작음
9732432,5,,호텔 1층에 간단하게 커피와 케이크를 맛볼 수 있는 카페가 있습니다. 케이크 가격도 적당하고 커피는 정말 맛있습니다.  강춥니다.
9732432,4,,"나는이 호텔에 과거에 머물렀다. 그러나 이번에는 점심 먹으러 돌아왔다. 나는 꽤 좋았던 감자 샐러드와 말차 녹차를 먹었다. 나는 레스토랑의 분위기를 좋아한다 ~ 그것은 긴장을 풀었다. 그리고 점심을 먹고있는 동안 나는 조용한 독서를하는 것이 나에게 쉽다. 모든 웨이터는 매우 친절하며 영어를 구사합니다. 나는 가벼운 간식, 커피 또는 풍성한 식사를하러 오는 것이 좋습니다. 나는 몇 주 후에 돌아올거야."
9732432,4,,카페는 오전 8시에 열리지 만 오전 9 시까 지 크로와상을 제공하지 않는다는 것은 짜증나게합니다. 이것은 일하는 사람이 누구든지 열어서 크로와상 만 제공 할 때까지 만들지 않기 때문입니다. 바나나 월넛 스무디는 맛있으며 커피는 매우 강합니다.
9732432,5,,"저는 이 호텔에서 3일을 매일 방문 한 커피 샵. 한 라떼, 모카 와 카푸치노 물론. 모두들 맛있는. 약간 비싸지만 수 밖에 앉아 나는 내 개. 나는 실내장식도 좋았습니다."
9732432,3,,"좋은 장소 입니다. 정말 마음에 드는 인테리어의 커피숍,. 하지만 가격은 다른 곳 보다 더 좋은 커피"
9732432,4,,"1층 로비 카페에서의 서비스가 굿. 
음식도 당연 맛있었다. 
좋은 식재료를 쓰는듯 해 다음에는 17층 식당을 이용해볼 생각."
9732432,4,,"아마 좋은 경험을 제공하는 다른 모든 커피, 커피 말고. 이 호텔에서 즐길 수 있기 때문에, 사람들이 많이 오는지 이 곳에는 머물지 않기 때문 (너무 많은) 강남에 있는 커피와 빵을 파는 가게. 좋은 장식, 이곳을 추천 합니다."
9732432,5,,호텔로비에 간단하게 커피 한잔 할 수 있는 장소입니다. 나무재질 사용한 인테리어가 예쁩니다.
26631262,5,,"분위기도 뷰도 음식도 직원분들의 친절함도 좋았던곳!!
힐링맛집!!!
뷰 바라보며 마시는 맥주도 매콤한 떡볶이도 맛있었어요!!!
또 힐링하러 방문하고 싶은 곳!!!"
3894933,4,,"서울시내 안국역점에 위치한 스타벅스
안국역에서 나오면 보이는 스타벅스
건물통째로 스타벅스 자리많은편이고
마을버스타고 한옥마을갈수잇음"
3894933,3,,"스타벅스 안국역점
안국역 근처에 있어서 찾기쉬워요. 
지리도 널널한편이였습니다. 맛도괜찮았고 직원들도 친절했습니다"
3894933,5,,"Seoul, Seoul, South Korea"
3894933,4,,"다른 지점들과 다르게 일단 간판이 한국어여서

눈에 확 들어오는 지점입니다.

음료나 서비스는 다른 지점과 비슷합니다만

그래도 색다른 느낌이 들어서 좋습니다."
3894933,5,,"인사동과 북촌 한옥마을 일대에서 가장 조용하고 덜 붐비는 편에 속하는 매장이라고 생각합니다. 화장실도 안심하고 가실 수 있어요.
조용하게 즐기시다가 북촌 거리 올라가시기 좋은 장소입니다. 추천드려요"
3894933,4,,"출입문관리사무소, 좋아라하는 스타벅스, 진~~~한 핫초코 한 잔~ 언제 먹어도 맛있는 핫초코~~~"
3894933,4,,"Seoul, Seoul, South Korea"
3894933,5,,날씨가 더워서 블렌디드 시켰는데 매우 만족스러웠음. 북촌 올라가는 입구에 있어서 찾기도 쉬움
3894933,5,,"아마도 국내에서 유일한 스타벅스일듯
맛은 동일하지만 한글간판이라는 특이함이 이끌리게 하는 스타벅스"
3894933,3,,"매일 같이 스타벅스 음료도 훌륭하다. 제가 틀리지 하는 것도 큰 다양한 종류의 음식이 한, 맛있는 하지 않았다. 직원이 영어를 할 줄 알 것 같지만, 정말 도움이 되지 않는 경우 한국어와 연락할 수 있습니다. 이들의 태도. 가장 큰 요인이 라고 생각 하지 않는 내가 갈 거 예요."
3894933,4,,아주 아늑한 숙소 가 있어서 추운 겨울에 특히. 좋은 곳은 북촌 한옥 마을 관광 후 잠깐 휴식을 취하러 가기 전에 또는 여행.
3894933,4,,한국정취와 세련미를 동시에 느낄수 있는곳
3894933,5,,"리뷰가 잘못된, 실제로 스타벅스 안국역 2번 출구 앞에서. 북촌 의 멋진 테마 안 하고. 산책하기 좋은 곳을 가기 전 후 지역."
3894933,4,,"위치 덕분인지 외국인들이 자주 찾는 스타벅스점입니다.
영어 대응이 자연스럽게 가능하고요. 피크 시간이 되면 매우 번접합니다.  
스타벅스 영문 간판이 아닌 한글 간판이라 꽤 유명합니다.
외국인 친구들과 인사동에서 한번쯤 들려봐도 좋을 듯 합니다."
14066851,5,,병적 인 결단력으로 고통받는다면 선택할 수있는 풍미가 너무 많기 때문에 이곳에서 실제로 어려움을 겪을 것입니다! 나는 우리가 미국에서 이와 같은 것을 가지고 있기를 바랍니다!
14066851,4,,널찍한 매장에 아이스크림 옵션을 다양하게 구비해놓고 있어서 골라먹는 재미가 있다. 아이스크림 자체가 기존 배스킨과 아예 다른 것은 아니고 선택할 수 있는 맛 종류가 많다는 정도의 차이. 아이스크림 먹다가 단맛에 목이 탈 때 물은 별도구매해서 마셔야 한다.
14066851,5,,"이것은 일반적인 Baskin Robbins가 아니라 고급 버전입니다. 우리는 집에서 결코 가질 수 없었던 것들을 보았고 심지어는 전문 음료를위한 커피 바도 가지고있었습니다.

우리 3 명과 더불어, 우리는 공유하는 아이스크림의 10의 맛이 좋은 비행을 얻는 것을 끝내었고, lovely 한 경험을 가지고 있었다. 우리는 또한 크루아상 퍼프 패스트리로 만든 콘을 보았지만 시도 할 기회가 없었습니다."
14066851,4,,"나는 CGV에서 영화를보고 나서 여기를 방문했다.
맛의 톤이 있었다 (그들은 100의 맛을 말했다. 그러나 세지 못했다)
비행기 아이스크림 이외에 다른 많은 과자가있었습니다. 타르트, 압연 아이스크림, 케이크, 커피, 와플 등
달콤한 디저트를 좋아한다면, 그것은 당신을위한 곳입니다.
또한 1 층의 레스토랑은 굉장했다! !"
14066851,4,,"우리는 아래의 라 Grillia에서 점심을 먹었고, 아래로 그리고 밖으로 향하는 대신에, 우리는이 장소까지 갔다. 그들은 100 종류의 아이스크림을 선택할 수 있습니다.
당신이 안으로 들어올 때 상점 중간에있는 냉동고에서 모든 아이스크림을 볼 수 있습니다. 그들은 또한 디저트 피자와 같은 다른 아이스크림 (또는 아닙니다) 근거한 디저트를 가지고 있습니다. 당신이 달콤한 것을 찾고 있다면 많은 옵션이 있습니다.
주변에 많은 좌석이있다. 그리고 단지 앉아 있고, choco 위기 극지 피자의 한 조각을 즐기는 것은 멋졌다."
13296707,4,,"양갱이가 당도가 낮고, 한두입크기의 미니 사이즈라 간단한 디저트로 좋습니다. 
개당 1200원이라 저렴해서 종류별로 사서 간단한 요기거리로 좋아요.  
세트제품도도 있는데 사실 세트용으로는 포장을 좀 줄일 필요가 있을 것 같습니다. 
낱개로 구입할 때야 어쩔 수 없는데, 좀 과대포장이 심하네요... ㅜ"
13296707,5,,"서울에 역에서 기차를 기다리고, 많이 기대하지 않고 이었습니다. 하지만, 놀랍게도 한국 전통 많은 변형체들이 케이크(어려울! ) 현대식 포장. 나는 Manggae 떡 탔는데 정말 좋았습니다. 이 malcha Milk Tea 크러시 좋았습니다. 서울역에서 기차가 기다릴 수 있다면 꼭 추천합니다."
15603305,5,,스무디와 케이크는 맛있었고 직원들은 매우 친절하고 친절했습니다. Caf 자체는 매우 예쁘다.
15603305,4,,"한국에는 카메라 친화적 인 카페가 많이 있었는데 그 중 하나가 카페였습니다. 핑크색과 흰색의 꽃으로 둘러싸여있었습니다. 그리고 그것들은 진짜 꽃이 아니 었습니다. 그래서 당신이 올 때마다 여전히 사진을위한 꽃이있을 것입니다. 우리가 카페를 방문했을 때 화창한 날 이었기 때문에 내 친구와 나는 야외 지역에서 많은 그림을 찍었다. 비오는 날이라면 걱정할 필요가 없습니다. 꽃 장식이 카페 안에 있기 때문에.

분홍색 주제 장식과 일치하기 위하여는, 그들의 서명 음료는 분홍색과 아이스크림 딸기 스무디이었다. 딸기 스무디에는 크림과 딸기를 얹고 얇게 썬 딸기를 장미 꽃잎처럼 두었습니다. 그것은 몇 가지 신선한 장미와 함께 왔지만, 그것은 장식만을위한 것이므로, 그것을 가져 가면 안됩니다! 그것은 유백색이었고, 딸기 맛의 암시를 실었다, 나는 그 과일의 단 맛을 아주 즐겼다.

우리가 선택한 또 다른 음료는 아이스 플라워 라떼 (Iced Flower Latte)였습니다. 음료의 3 가지 다른 레이어를 명확하게 볼 수있었습니다. 바닥에있는 분홍색 층은 딸기 우유 였고, 중간은 커피이고, 꼭대기는 순수한 우유였으며 마침내 작은 빨간 장미로 장식되었습니다. 사진을 찍고 술을 마신 후에 저어 주실 것을 잊지 마십시오! 나는 그것이 너무 달콤하지 않은 것을 좋아했다. 쓰라린 커피 맛은 강했지만 아직 딸기 맛을 맛볼 수 있었다.

우리가 점심 시간에 갔던 이래로, 우리는 Double Cheese Panini를 주문했다. 구운 빵은 치즈, 버섯, 허브로 가득 차 있었고, 치즈 풀은 그냥 물에 잠겼습니다. 그것은 단지 맛좋은, 미친 듯이 치즈 맛이있는 버섯 조각과 더불어 치즈 냄새이었다.

맛있는 후에, 우리는 단 것도 주문했다, Chocolate Fudge Brownie. 그것은 슈퍼 초콜릿이었고, 표면에 위기가 있었지만 중간은 따뜻하고 부드럽습니다. 풍미와 짜임새는 다만 우수했다, 그러나 얼음 찬 아이스크림의 국자가있는 것을 바란다."
15603305,3,,아름 다운 음료와 함께 아름 다운 카페
17822371,5,,영하의 추운 겨울 서울에서 찾은 따뜻한 베트남 카페
17822371,5,,"베트남에서 살다 오신 사장님의 진한 마음만큼이나 진한 베트남의 맛을 느낄 수 있는 곳. 서울 속 작은 베트남 루온루온에 꼭 들러보세요. 뻔한 커피, 뻔한 분위기의 많은 까페들과는 다른 따뜻한 공간입니다. 물론 커피맛 또한 더할나위 없이 멋집니다."
17822371,5,,마카롱 3가지 먹었는데 각각 특징이 있고 달
17822371,5,,베트남에서 여행하면서 마셨던 코코넛 커피가 생각나서 찾다 발견한 연남동 루온루온 그맛과 같은 맛이여서 정말 좋았습니다 다음에도 방문할께요!
17822371,5,,"원래 가고 싶었던 카페가 문 닫아서 간건데
베트남 느낌 살리려고 사장님이 애 많이 쓰신듯
코코넛 세이크랑 바나나 케이크 먹었어여
여자끼리 가기도 좋고 데이트도 좋궁요
다음에 또 가고싶은 곳이에요"
17822371,5,,베트남커피를 연남동에서 느낄 수 있습니다
16935676,5,,"요기 디저트들 너무 귀여우ㅓ요~!!
과일모양 선인장모양 등 다양한 미니케이크인데
넘 이뻐서 먹기 아까워요 ㅠㅜ 꼭 들려보세요~"
16935676,4,,홍대 디저트 찾아보다가 케이크가 귀여워서 가서 바로 샀어요! 저녁에 늦게가서 포장해서 가져왓지만! 너무 이쁘게 생겨서 먹기 아까웠지만 동생이 맛있다고 좋아했습니다!
16935676,5,,"선인장 케이크, 일본라면 케이크..독특한 디자인의 케이크들이 있는 디저트 카페입니다. 
가격도 9000 원선..비싸죠.
하지만 눈에만 예쁜게 아니라 맛도 있어요.  
음료, 케이크, 분위기 모두 만족스럽습니다."
9245236,4,,삼청동한복판에새로생겼더라구요 매장도엄청크고테이블도많아요 엘리베이터도있더라구요ㄷㄷ 삼청동에서널찍한카페찾는다면무난한것같아요
9245236,5,,건물 전층이 스타벅스 건물. 건물외관도 이쁜데 야외 테라스도 있고 ~ 삼청동에 특색있는 스타벅스닌것 같다.  개인 삼청동카페들도 가격대가 있는데 스타벅스는 정가라 좋다
9245236,5,,"북촌에 들렀을 때 한옥구조의 카페에 가고 싶었으나 자리가 없어 2018 다이어리용 프리퀀시 적립할 겸 방문했습니다. 이곳은 4층까지 있고 엘리베이터도 있어서 층별간 이동이 어렵진 않으실 것이라 생각합니다. 분위기가 여태까지는 느껴볼 수 없었던 새로운 느낌이었습니다. 또, 매장에서 밖을 볼 수 있는 자리의 경우에는 삼청동의 풍경을 느끼실 수도 있습니다. 한번 쯤 가볼 만 하다 생각합니다."
9245236,4,,"작은 건물이지만 층이 많고 층마다 조금씩 분위기가 달라서 골라 앉을 수 있었어요.
삼청동 거리도 보이고, 풍광이 좋습니다.
직원들도 친절하고 삼청동을 걷다가 쉬면서 커피마시기 좋았습니다."
9245236,4,,"1층에서 주문을 하고 2,3,4층으로 올라가 음료를 즐길 수 있는데 계단이 매장 중간을 관통하고 있다. 전체적인 분위기는 쾌적하고 모던하다."
9245236,4,,삼청동 여행의 지친 다리의 피로를 풀어줄 수 있는 편안하면서 고즈넉한 분위기..원산지커피를 고집하지 않는 사람이라면 한번 쉬어가도 괜찮을듯!
9245236,5,,삼청동의 분위기에 잘 녹아든 스타벅스!
9245236,5,,야외테라스에서 삼청동 거리를 내려다보면 커피 한잔 하시는것을 추천합니다. 엘리베이터도 있어 편리합니다. 주문 손님은 항상 많지만 방문할때마다 자리 잡는건 힘들지 않았습니다.
9245236,4,,건물은 현대식이지만 삼청동에 있어서 들려봤습니다. 야외 테라스도 있고 서비스도 훌륭합니다.
9245236,5,,"중에 가장 멋진 서울의 거리를 걷고 있을 때, 북촌 의 궁궐 을 가지고 지역, 산 하이킹 코스도 오고, 아주 편리한 위치이다. 매우 편리한 시간(초)을 열고 있는 청와대 근처. 직원들은 친절하고 항상 도움이 되었습니다. 이곳에 여러 번 실망하지 않습니다"
12993037,4,,다 맛있지만 그중 소금크림빵이 최고. 먹는 순간 그냥 크림이 아니구나ㅡ하는 걸 알게되고요. 녹덕인 저는 녹차크림빵도 두개 먹습니다. 선물하기에도 좋은 크림빵
12993037,4,,보기엔 똑같아 보이지만 먹어보면 깊이와 정성이 다르다는 걸 알게 되요. 특히 소금크림빵은 정말 순삭입니다. 점점 더 유명해지고 있어서 갈때마다 너무 바쁘게 일하고 계신 것 같아요. 반죽이나 크림 제작 공정을 어디선가 읽어보니 이런 맛이 괜히 나오는 게 아니었어요.
12993037,4,,"나는 youtuber 's 비디오를 통하여이 장소에 대해 듣게되었고, 아침 식사를 위해 크림 반을 약간 사러왔다. 그들이 여기에서 파는 주요한 것은 크림 롤빵이고 많은 다른 맛이 팔립니다. 나는 개인적으로 그 중 두 가지를, 달콤한 소금과 녹차 크림 롤빵을 시도하고, 그들은 좋은 soooo했다. 내가 기억하고 있다면 빵은 2 천 500 원 정도였다. 많은 한국인들이 이곳에와 있습니다. 그래서 모든 사람들이 오직 12 명만 살 수있는 한계가 있습니다. 틀림없이 시험에 오셔서, 후회하지 않으실 겁니다! !"
12993037,2,,"그냥 제가 크림빵을 좋아하는데 크림빵만 전문으로 파는 곳이 별로 없어서 가보았는데, 크림이 특별히 많이 들거나, 다른 곳과 다른 맛이지는 않아요."
12993037,5,,"이 장소에 대해 들었고 서울에서의 마지막 날에 빵을 사러 왔습니다. 푸하 하 (Fuhaha)는 크림 만두를 전문으로하며 그 특선은 달콤한 소금 크림 롤빵입니다. 롤빵을 열어두면 공기처럼 가벼운 크림을 많이 채울 것입니다. 맛있고 퇴폐적 인 대우!
그들의 스태프들은 내가 긴 비행기로 집에 돌아 갔다고 말했을 때 매우 친절했고 나의 요청을 만족해했다."
12993037,4,,"다양한 종류의 크림빵들이 입맛을 즐겁게 해주는 곳입니다.

단팥도 덜단맛의 크림빵이 있고, 말차 크림빵의 경우엔
녹차의 쌉쌀한 맛고 크림이 잘 어울어져 느끼한 감을 줄여줍니다.

크림빵 각각의 종류 이름이 적힌 개별 포장으로 되어있어서
먹을때 편리합니다."
13847080,3,,"두바이 국제 공항 터미널 2에서 크리스피 크림을 발견했습니다. 나는 그것이 단지 사막 신기루라고 생각했지만 그것은 진짜였습니다! 오, 다행이다!"
13847080,4,,"친구 마중 나갔다가 식사 대용으로 구입한 도너츠들입니다.
던킨에 비해 가격대비 품질이 좋다고 생각되어 공항에 오면 꼭 사먹는 도너츠입니다.

기본 도너츠에 계절마다 출시되는 신제품들을 맛보는 재미가 쏠쏠합니다."
17325551,1,,"우리에게 참석하는 직원은 매우 무례합니다! ! 주문이 하나만 있고 신호음이 울리기 전에, 우리는 주문을 하나씩 수집했으며, 참석 한 직원은 신호음이 울릴 때까지 수집하지 말라고 매우 무례한 말을합니다. 그리고 우리에게 서빙 쟁반을 가져갈 것을 강요했고, 컵과 접시를 쟁반에 다시 넣어야하는 매우 큰 방법으로 우리에게 지시했습니다.
서비스 라인에서, 그는 외국인이자이 카페를 방문한 고객들에게 더 좋은 말로 설명 할 수 있다고 생각합니다."
17325551,4,,"제 그룹의 몇몇 사람들은 Kpop 팬이며 JYP 건물을 직접보고 싶었습니다. 우리는 건물 안쪽으로 들어갈 수 없으며 입장을 허용하는 유일한 카페는이 카페, 영혼의 컵입니다.

여기에 도착하기 위해, 우리는 올림픽의 공원에 지하철에 갔고, 버스 (3220)에서 jyp (버스 정류장의 영어 학교 또는 Y. E. S)까지 갔다. 그들은 누군가의 블로그 (실제로는 2)를 사용하여 지시를 받았습니다.

몇 명의 아티스트를 보여주는 대형 스크린이있는 무대가 조롱 거리에 있습니다. 높은 천장이므로 필요한 경우 즉석 공연을 할 수 있습니다.

가장 저렴한 아메리칸 커피와 함께 값 비싼 음료수는 4900 원입니다. 그러나 그들의 주장은 유기적입니다. 팬들은 마음을 먹지 않을 것입니다."
28160807,,,
9003609,4,,"나의 일일 복용량이 필요했기 때문에 홀리 스 커피 (Holly 's Coffee)를 먹기로 결심했다.

직원은 영어를 말했고 커피는 뜨거웠습니다. 그리고 몇 분 만에 완벽했습니다. 창문 옆에 앉아서보고있는 사람들을 만나서 기뻤습니다.

꽤 괜찮은 경험이지만, 나는 컵을 가져다 대 마시고 커피를 마시는 것이 더 좋았을 것이다. 아마도 바리 스타는 그것을 빼앗기위한 것이 아니라는 것을 이해하지 못했을 것입니다. 오 잘!"
9003609,4,,"우리는이 레스토랑에서 3 번 아침 식사를 먹었고, 좋은 커피와 스낵, 햄, 치즈 샌드위치 등은 좋아하는 우수한 커피, 가격이 매우 합리적인 곳이었습니다. 홀리 스 커피는 마을 주변에 많은 레스토랑이 있습니다."
9003609,4,,"커피 말고도 다양한 음료가 있어서

커피 못마시는 사람과 가도 무난합니다

분위기도 쾌적하고 좋습니다

날씨가 더워지면 근처에서 시원한 음료 생각날때마다 갈 것 같네요"
9003609,3,,"커피맛이 참좋고 사람들이 많아서 북적이긴하지만
잠시 쉬었다가기 좋습니다
가격은 쏘쏘,,,,"
9003609,4,,"할리스 한 우리의 편안한 지역에 위치하고 있습니다. 이 카페에서 아침 차 있었다. 아침 세트 맛있고 쌉니다. 카페는 조용하고 고객을 위한 wifi, 커피와 케이크 즐길 몇 시간을 보냈습니다. 좋은 분위기"
9003609,4,,걷다가 너무 더워서 들려 아이스 아메리카노 한잔 시켰어요. 여름에 에어컨도 빵빵하고 커피맛도 괜찮았습니다
9003609,5,,"나는 개인적으로 여기 커피가 나머지 것보다보기 좋고 강하다고 느낍니다. 그는 벨기에 초콜릿 모카를 시도해야한다, 그것은 두껍고 맛있는 슈퍼 다!"
9003609,4,,"할리스 커피 의 여러 지점에 한국인 것 같습니다. 저희가 방문한 한 Taepeongno2 ga, 코너만 돌면 바로 플라자 호텔, 여기서 묵었다. 가벼운 점심을 늦게 본 바게트 치즈 퐁듀. 에 의해 서비스 됩니다: 고객 지원 페이지 항목을 선택할 때, 서비스도 신속했습니다. 이러한 콘센트가 없는 술을 제공, 다양한 음료를 한 이 있다. 흡연자들을 위한, 함께 할 수 있는 부스, 화장실 시설이 있고 공유된 콘센트 수 있는 여러 구역, 고 깨끗했습니다. 합리적으로 조용하고 쾌적한 분위기. 저희는 이곳에 다시 온다면 다시 체인인 나라."
10487772,,,
25289739,5,,"직원들 힙하면서 친절하고 빵맛은 생각이상으로 맛있고 자리또한 넓직, 의자가 너무 편하면서도 테이블이 낮아서 살짝 불편한 자리도 있지만 자리마다 장단점이 있기에 그닥 불편하지 않다.
통창문이라 시야적인 부분이 넓게 만들어 멍때리기도 좋네요."
8055334,5,,텁텁하고 밍밍한 젤라또를 파는 다수의 가게들에 실망해왔던지라 별 기대하지 않고 먹었는데 여기는 젤라또 먹고싶을 때 찾아갈만 하다! 쫀득하고 진한 맛이다.
8055334,2,,"현대시티아울렛 일젤라또갔는데
젤라또도 별로 없고 다 품절이더라구요.
치즈케이크인가 그거 먹어봤는데 엄청 달고 텁텁하고..
다른것도 맛보기했는데 별로...
가격에 비해 너무 실망했어요.."
8055334,5,,"어제 여자 친구들과 함께 이 곳을 찾았습니다. 이는 본격적인 이탈리아식 젤라또 매력적 이었다고 생각하기 때문에 우리는 한 테이블에 앉아 있는 작은 흰색 외부 고객이 보았다. 깨끗했고 를즉시 호텔에 도착. 우리가 먹을 수 있었고 미켈레, 이탈리아의 이탈리아어 친구를... 하나님이 우리에게 준 몇 가지 테스트 및 보 오! 최고의 아이스크림 을 먹어 본 년! 하는 것을 제안해 보지 통해 실제 nocciole 티라 와 초콜릿. AHHHMAZING! 

주말에 다시 갈 겁니다. 기다릴 수 없어 다른 맛을 제공할 수 있다."
8055334,5,,"이탈리아를 좋아해서 이탈리아에 매년 가는데
한국에서 찾아보기 힘든 본토 젤라또 맛이네요-!
잠실 롯데월드타워에 잇는 펙과 더불어
한국에서는 거의 유일하게 정통 젤라토의 맛을
느낄 수 있는 곳인 것 같아요.
신사에 이런 곳이 생기다니-!! :)
매주 출근도장 찍어야겠습니다-!"
9245846,5,,"스타벅스 명동입구역 앞 “별다방”점입니다. 스테이트타워 1층에 최근에 오픈했고 스타벅스리저브와 함께 있습니다. 파릇파릇한 몬스테라 
,테이블야자 화분이 곳곳에 배치되어 있고 아담하듯 층고가 높아 개방감있고 한 면이 대로변 통유리창이라 시원시원합니다 테이블마다 무선핸드폰충전기 있고요  분위기 좋은 스타벅스네요"
9245846,4,,"스타벅스 명동입구점.
일단 명동바로근처라 사람들이 많아요...
시간에따라 자리가 많이 있을때가있으므로 피크타임때는 피하는게"
9245846,4,,롯데영플라자 맞은편에 있는 3층으로된 스타벅스예요 1층은 입구만 있어요. 화요일 점심시간 후에 갔는데 좌석도 여유있고 좋았어요 2층은 천고가 낮아서 좀 답답한 느낌이 있어요 3층 좌석 추천해요
9245846,3,,"계단이 많이 가팔라서 오르내리기 불편하고, 점심/저녁시간에는 주문 대기가 10분 이상은 기본이라고 보면 됨.
나머지는 보통의 스타벅스와 비슷한듯."
9245846,4,,항상 자주 이용하는 스타벅스~ 명동쪽이라서 그런지 사람이 아주 많다~ 늘 좋아하는 아메리카노 테이크아웃으로~
9245846,4,,"그나마 명동에서 조용하네요 갈만한 곳입니다 
건물도 깨끗하고 스타벅스 맛잇어요 친절합니다 추천"
9245846,3,,이 어서 항상 붐비고 바쁜 스타벅스는 쉽게 액세스할 수 있습니다. 관광객들을 쇼핑해 보면서 휴식. 일반적으로 참조하지 않는 사람들이 좀 많이 큰 쇼핑백 에 있는 봅니다. 서비스가 좋고 수용하는 것이 모든 사람의 요구에 최선을 다하 사용자_이름:. 저는 추천하지 않는 경우에 조용한 곳에 있기에. 나는 버릇이 있는 스타벅스가 미국에서 커피를 덜 지불하지 않습니다 수 있으면 두 배 가격이 서울에 너무 놀랐습니다. : /
9245846,3,,요즘에 명동에 자주 나갈일이 없지만 명동에 가게되면 이 곳을 방문하게 됩니다. 명동에 수많은 스타벅스가 있지만 항상 사람이 많아 정신이 없습니다. 스타벅스 음료중엔 돌체라떼를 가장 좋아해서 자주 가게 되네요
9245846,4,,"매장이 크고 입구 쪽이라 사람이 항상많아
기다립니다
가끔 자리가 없을때도 있어 테이크아웃을 하기에 좋은곳입니다"
9245846,4,,"우리가 갔을 때는 일주일에 매일 이 스타벅스 명동. 있는 1월 2016. 구운 너트 커피 (맛과 코코넛 우유?) 원숭이 (바나나 크림 및 스폰지 케이크) 및 운이 좋아 - cm 의 허리의 잘록한 추가할 수 있는 권한이 있어야 합니다. 이 따뜻한, 무선 인터넷, 그리고 길 건너편 롯데 볼 수 있습니다. 유쾌한 직원들. 명동 에서만 떨어져 있었습니다. 
추천 hoghly!"
9245846,4,,"스타벅스 그린리라떼를 제일 좋아합니다.
카페라떼도 맛있구요..
늘 중간이상하는 스타벅스입니다.
추천합니다.."
9245846,4,,스타벅스 명동에 매우 펼리한 에 restautant 이비스 호텔에 머물렀던. 서비스는 빠르고 친절한 직원과 이야기 할 수 있는 기본 영어. 부지도 아주 깨끗하고 좋은 커피는 유럽 어느 레스토랑. 음식도 맛있었는데 좋은 휴식 장소인 커피와 스낵.
7812776,4,,"한국에서는 KK 맛이 다른가요? 아니
당신은 어쨌든 가야합니까? 예

음식 4. 5/5
Krispy Kreme은 내 견해로는 최고의 도넛 체인입니다. 그들은 상대적으로 작고, 반죽에 빛을 내고 단맛은 = 맛있습니다. 한국에는 biscoff 쿠키와 같이 북미에서 판매되고 있다고 생각하지 않는 맛이 있습니다. 그것은 무리의 내가 좋아하는했다.

봉사 5 / 5
나는 한국어를 모르는 것을 고려해 볼 때 영어로 주문했는데 서비스가 훌륭하다고 말할 것입니다. 사업이 미소를 짓고 외국인 말하기 손님을 수용 할 때마다 나는 그것이 최고 수준의 서비스라고 생각합니다.

위치 4 / 5
롯데 몰의 저층에는 커다란 KK 사인이있어 거기도 있다는 것을 알려준다.)

값 5 / 5
가격면에서 kk는 명동에서 치료를위한 최상의 옵션 중 하나입니다. 본격적인 과자를 너무 많이 드시고 방문시 향수를 불러 일으키는 곳을 방문해보십시오."
7812776,4,,집에서 커피와 먹기위해 도너츠를 테이크아웃했어요 귀여운 웃음모양이 그려져 있는 초콜렛 도너츠를 구매했는데 정말 달고 아메리카노와 먹기 좋았어요
7812776,3,,"롯데에서 들여와 한 때 큰 인기를 끌었던 크리스피 크림 도넛의 명돔 지점 입니다. 정확하게는 명동예술극장 건물에 위치하고 있는데, 매장이 크지 않아서 편하게 쉰다거나 할 수는 없고, 간단하게 당 보충을 하기에 좋은 곳 입니다."
7812776,4,,명동에 쇼핑하다보면 쉴 공간으로 좋아요. 잠시앉는 것은 괜찮지만 오래 앉아 있지는 못해요. 화장실이 바로 연결된 것도 아니라 조금 불편하긴 합니다. 저는테이크아웃이 나는 것 같습니다.
7812776,4,,명동극장 건물에 자리잡은 매장. 매장이 크진 않지만 위치가 훌륭해 종종 가게된다. 명동극장을 방문할 때 꼭 가게 되는 곳
7812776,3,,당신의 시간을 일이 존재하지 않기 때문에 낭비하지 마세요. 가장 가까운 크리스피 크림 여기에 있는 롯데 쇼핑 몰.
7812776,3,,"공연 보고 나오면 차 종류를 10% 할인해 주는 이벤트를 하길래 갔던 크리스피 크림
시간이 조금 늦어서 정사이즈 글레이즈드 도넛은 다 나가고 미니사이즈만 남아있어서 아쉬웠음.
베리베리차를 마셨는데, 달콤하고 상큼한 차에 각종 베리류가 실제로 가득 들어있어서 향긋하게 먹는 재미까지 있었음"
7812776,4,,테이블이 많아서 커피도 마시면서 도너츠를 먹을 수 있어서 명동으로 나들이 가면 방문하게 되는 곳입니다.
7812776,4,,"매장이 멀리서도 잘 보이는곳에 있어
복잡한 명동에서 찾아가기 쉽습니다
크리스피 글레이즈드와 아메리카노는 궁합이 좋아요"
7812776,4,,명동이라 위치는 금방 찾을수 잇어서 좋고 무엇 보다 도넛이 너무 맛있어서 명동 갈때 마다 가게 되네요~ 사람이 많을 때가 있어서 테이크 아웃 해서 커피랑 들고 다니면서 돌아다니기도 좋아요~
7812776,4,,"저는 달달한 것을 좋아하는데 크리스피 오리지널 글레이즈드 너무 좋아합니다. 
이곳 커피도 꽤 괜찮습니다. 
테이블이 대여섯개 정도라 테이크아웃하는게 편해요"
7812776,4,,위치가 너무 좋고 매장도 꺠끗하고 넓은곳
7812776,4,,"도넛에 커피가 맛있습니다.
개인적으로 너무 달아 많이 먹지는 않지만, 기본 도넛 하나 먹으면 딱 맛있게 먹는거 같습니다.."
7812776,4,,가격대비 커피맛도 좋고 달콤한 도넛향이 늘 풍기는 곳
7812776,4,,정말 좋은 방법으로 하루의 도넛 과 커피는 박스. 아... 냄새... 히트 는 우리 매장을 주었다. 볼이 좀 헷갈리 지원하지만 표지판을 하려면 매장 지하.
17547184,4,,"스타벅스보다 비싼 가격, 2층이라 좋은 뷰, 깨끗한 화장실"
17547184,4,,다른 지점이랑 별차이없지만 커피빈 바닐라라떼도 좋아함 스벅을 더자주가지만 커피빈 바닐라라떼가 더맛있음
17547184,5,,"시청역 7번출구에서 큰길따라 남대문으로 가는 길에 있습니다. 개인적으로 커피빈은 맛은 있으나, 가격이 좀 세다고 생각합니다. 그렇지만 점심시간에는 인근 회사원들이 많으므로, 이른아침이나 늦은저녁에 오실 것을 추천합니다."
9003762,1,,불쌍한 직원과 가난한 음식 .... 다른 곳으로가는 것이 좋습니다.
9003762,5,,나는 3 일 아침을 먹었다. 정말 장소를 즐기십시오. 그들은 좋은 커피와 샌드위치를 가지고 있습니다. 커피와 샌드위치는 모두 훌륭하고 맛있었습니다. 추천!
9003762,4,,좋은 프랜차이즈 커피 하우스는 다른 사람들의 변화이지만 바쁘기 때문에 바닥과 테이블의 청결을 유지할 수 없습니다.
9003762,2,,"주문하고 커피를 받는 시간까지가 너무 느립니다. 경복궁쪽만 그런줄 알았더니 여기도 그러네요.. 할리스는 일찍부터 연한만/진한맛 선택이 가능해서 좋았는데, 프로세스 개선이 좀 필요한것 같습니다."
9003762,4,,시간이 남아서 간 카페. 요즘엔 할리스커피 매장들이 크고 많이 좋아진것 같아요. 날이 추워서 밤에 마시는 따뜻한 커피가 좋았어요
9003762,3,,"우리는 이 스타벅스의 한국 버전. 좋아, 약간 비쌌습니다. 전혀 다릅니다."
9003762,4,,커피는 훌륭합니다. 분위기는 괜찮 았어.
9003762,4,,할리스의 커피음료를 좋아하진 않지만 여기 제주 호지티 라떼는 겨울만 되는 생각나는 맛입니다. 제주도의 한라봉을 넣어서 만든 음료인데 마시면 속도 편안해지고 몸이 따뜻해져서 좋아합니다.
9003762,5,,바닐라딜라이트와 아메리카노가 같이 마시고 싶어 방문했습니다. 할리스의 장점인 아메리카노 리필로 천원만 지불하고 두잔을 마실수 있어 좋았어요
9003762,5,,"커피맛도 맛있고 무엇보다 빵이 너무 맛있어서 많이 먹고 왔어요
잘먹고 갑니다 체인이라 여기저기 많으니 자주 가려구요"
9003762,1,,"비우호적 인 직원, 음식이 제대로 가열되지 않아서 먹을 시간이되었습니다!"
9003762,4,,"직원들도 좋았고, 음식은 그럭저럭 이지만"
9003762,5,,프랜차이즈이니..중간은 하구요~ 위치가 좋습ㄴㅣ다. 대기업프렌차이즈 중에 유일하게 리필을 해주는 곳이죠~ 할리스는 바닐라 라떼 추천해요~ 파우더로 만들어 진한편입니다
9003762,4,,세종대로가 보이는 뷰가 좋아요. 체인점이라 커피 맛은 우리가 아는 그 맛이고 바쁘신데 직원분들은 친절하게 대해주셔서 좋았습니다. 세종문화회관에서 공연 볼 때마다 자주 들러요.
9003762,5,,"매일 아침 레스토랑에서 아침 식사를 할 수 있는 홀리 의. 아침 식사 ""세트"" 로 구성된 계란 과자 와 커피가 5,000원을 기반 이었다. 직원들은 믿을 수 없을만큼."
4075637,5,,크리스마스케익을 고급진 호텔꺼를 구매했다. 크리스마스 시즌이라 노엘케이크 초코크림을 통나무모양으로 만든것으로 맛있었다.
4075637,4,,롯데 호텔 바로 밑에 위치해서 여기서 케이크 사가지고 방에서 와인이나 커피와 함께 하기에 좋습니다.
4075637,5,,"나는 맛있는 빵과 초콜릿을 즐길 수 있었다.
그들의 가격은 좋은 자질을 비교했습니다.
좋은 포장 및 좋은 직원."
4075637,5,,"정말 친근하고 친절한 직원분들 입니다
지난 여름 아이가 어려 여행대신 호텔팩을 선택한 우리가족은 롯데호텔에 숙박하게 되었고, 숙박중 호텔 이곳저곳을 둘러보던중 델리코너를 구경하게 되었습니다.
아이는 신기한듯 빵과 케익을 구경하며 직원분들께 이것저것 질문 공세를 해서  살건 아니라 미안하다고 하니 직원 두분이 환하게 웃으며 아이가 너무 궁금해서 그러는것 같다고 하나하나 친절히 설명해 주시는 모습을 보고 참 따뜻한 곳이구나를 느꼈습니다"
4075637,4,,객실 숙박하면서 들렸던 텔리카한스에는 여러종류의 맛있는 빵들이 있습니다. 치즈케잌과 티라미슈 케잌을 추천합니다.
4075637,4,,델리카한스 케익 맛있어요. 그냥 일반 케익보다 달지도 않고 부드럽고 고급스러워서 좋아요. 기념일이나 특별한 날은 델리카한스 케익을 사요.
4075637,5,,롯데호텔소공동점 1층에 위치하고 있으며 일단 들어가자마자 보이는 케익진열대가 구매를 부르게합니다. 지난번 방문때는 쿠키를 구매했는데 이쁘게 포장되어있어 선물용으로 좋았고 또한 직원들이 일단 너무 친절하셔서 기분이좋았습니다. 케익은 자주 구매하는편인데 그중에서 딸기가 박혀있는 딸기케이크가 제일 맛있었고 이번에 가보니 앵그리버드케익이 신규런칭되었던데 쿠키 구매를 위해 간거라 구입은 안했지만 애들이 좋아할것 같았습니다. 호텔베이커리니 맛은 두말할것 없구요
4075637,5,,"기념일 케이크로 델리카한스 케이크 만한게 없는 것 같음!
날씨가 추워지면 나오는 딸기 쇼트 케이크는 정말 인생케잌!"
4075637,4,,"롯데호텔 직접운영하는 베이커리 답게 고급스럽고 양질의 케익과 베이커리 빵 구비하고 있으나 가격 부담
롯데호텔 멤버쉽적립과 할인가능"
4075637,5,,"케이크류도 맛있고요 팥빵이 맛나요 
귀여운 요리사 곰인형을 파는데 곰인형이 많아서 옷만 구매하고 싶어요 ㅠ.ㅠ 산타 샤워로브 다 있습니다"
4075637,5,,"우연히 지나가다 큰곰돌이가 눈에 띄길래 방문해 보았어요
크리스마스 잭팟박스를 판매하네요
작년에는  보기만하고 지나갔는데 
후기가 장난아니네요 요번에 일찍 품절될거 같다고 하니 서둘러서 구매해야겠네요"
4075637,5,,작은 업장임에도 불구하고 다양한 종류의 와인이 있고 호텔이라는 브랜드에 비해 저렴한 가격이라서 와인을 보다 쉽게 접할 수 있었다. 세일기간이 따로 있는 줄 알았는데 항시판매라고 한다! 기호에 맞춘 와인추천도 친절하게 해주셔서 기분이 좋았다^~^
4075637,5,,"크로와상 최고입니다 
우연히 직원분의 추천으로 알게되었는데
크기와 바삭함에 깜짝놀랐어요
커피와 함께 먹으니 정말 환상입니다"
4075637,5,,"아..정말 여기 팥빵은 최고라 말할 수 있다. 
쫄깃함과 빵이 무겁다고 말할 수 있을 정도로 든든한 팥과 견과류가 있다. 가격도 저렴하다!!! 한끼식사로도 충분해요@@"
4075637,5,,케익 및 무스류가 아주 맛있습니다. 샌드위치류도 괜찮았구요. 롯데호텔 투숙하시는 분들은 잠깐 들러서 간식 사가셔도 좋을거에요.
29010922,5,,신선한 과일이 매일 아침 준비되어 아주 맛이 좋습니다. 일본어 중국어 영어 메뉴판이 준비되어 있으며 청결한 매장과 직원이 친절합니다.
29010922,5,,정말 맛있는 아이스크림! 내마음대로 선택할 수있는 토핑과
11876128,4,,"벙커1을 시사적인 시선으로 찾아가는 분도 많으시겠지만 저는 카페나 간단한 식사를 하기 위해 가끔 갔습니다.
파스타류나 버거류도 있어서 식사하기에 충분하구요~ 테이블 간격이 넓어서 대화하기 좋은 카페이기도 했습니다"
11876128,5,,"CY (17. 12. 06)
저와 제 아내는 커피를 마시 러이 카페를 방문했습니다. 이 카페는 언젠가 유명한 토크쇼와 유명한 남자에 의해 운영 되었기 때문에 유명했습니다. 분위기는 우리에게 우수했고, 가격은 좋았습니다. 테이블 사이의 공간은 넓었고 사람들은 자유로운 분위기 속에서 즐거워했습니다. 음식과 가격이 우수합니다."
11876128,3,,드래프트 비어 여러가지 팔고 있는데 시원하고 맛있어요. 사이드 메뉴/ 안주가 여러가지 있는데 가격대비 양은 적지만 괜찮아요. 위치도 역 바로 앞이라 좋아요/
11876128,5,,"우리는 큰 행사 를 이용합니다. 전체 프로세스를 수행하는 동안, 주인과 직원들은 아주 훌륭했습니다. 우리는 만족할 수 없습니다. 한 단계 및 장비를 추천 합니다. 좋은 맥주, 너무."
11876128,4,,"Seoul, Seoul, South Korea"
11876128,4,,동호회 세미나가 있어서 방문했었다. 인디카 페일 생맥주를 주문했었는데 생각보다 신선한 맛이 인상적이었다. 천정이 매우 높아 공간감이 있어서 시원한 느낌이 좋았다. 커피 종류는 무난하다.
9392504,2,,"유명한 노아베이커리
유명해서 방문했는데 빵 맛이 너무 별로였어요
케이크가 유명한거 같은데 다시 먹고싶은 생각이 안드는 곳이에요"
9392504,2,,"유명해서 방문했는데 먹었던 빵이 다 별로였어요..
선택을 잘 못한건지 모르겠지만
얼그레이 크림이 들어간 빵도 맛있게 느껴지지 않았어요"
9392504,5,,"아이랑 즐겨 찾던  빵집. 건강한 재료와 맛을 겸비한 베이커리이다. 알콩, 달콩은 냉동실에 두었다가 꺼내 다시 먹어도 맛있을 정도다."
9392504,5,,압구정역에서 가까운 곳에 있는 건강하고 맛있는 빵을 맛볼 수 있는 빵집입니다. 좋은 재료로 매일 빵을 만들어서 정말 맛있습니다.
9392504,5,,바이킹스워프에서 방문한 노아베이커리..
9392504,5,,"호밀 빵 사이에 팥, 무염버터 들어간 빵 강추합니다! 그 외 다른 빵들도 건강한 재료로 만든다고 하니 다 맛있씁니다."
9392504,5,,좋은 재료를 사용해서 만든 건강한 빵. 가격도 괜찮고 분위기도 좋아서 직접 방문해서 먹어도 좋습니다. 특히 우리밀 식빵이 정말 맛있습니다. 호밀 식빵도 괜찮습니다.
9392504,3,,"압구정 3대 빵집이라는데, 우리나라 사람들 3대 음식점 붙이기 참 좋아합니다
3대 빵집의 기준이 무언지는 모르겠지만 나쁘지 않은 빵집입니다"
9392504,5,,"다양한 종류의 빵과 쿠키, 케익은 물론 커피, 음료 등을 판매하는 곳으로 테이크아웃은 물론 브런치를 즐기는 사람들도 많은 곳입니다.
천연발효하여 매일 구운 빵을 내놓는다는 이 곳의 빵들은 하나같이 모두 맛있고 건강함은 덤입니다."
11959135,4,,"분위기가 좋았던 카페,
산미가 있는 커피를 좋아하는 사람에게 더 추천하고 싶은 곳이에요.
특히 아메리캬노는 산미가 강해서 호불호가 갈릴 수 있지만 커피맛은 전체적으로 좋았어요."
26998957,5,,"라페샌드위치가 너무 먹고 싶어 조회하다 알게 된곳!! 가성비 짱 겉바속촉 소금빵과 넛브레드에
크리스마스 케잌도 혜자스러워 예약하고 왔지요~"
26998957,5,,"여기 1kg딸기 케이크 강 추요. 일단 딸기가 신선하고 케이크 스폰지가 입에서 사르르 녹아요. 여기 매장도 크고 브런치하기도 좋아보입니다. 주메뉴는 사과빵 한라봉빵같은 과일빵같은데 생긴건 진짜같은데 2개이상은 좀 달고, 선물용으로는 강추요. 특이해서 받는 사람 좋아함. 근데 일단 케이크 열라 맛있음"
9450391,3,,말리커피는 강남역에서밖에 못보긴 했는 데 공간이 넓어서 자리 잡기도 좋고 커피도 무난하게 맛있어요
9450391,4,,"나는이 곳에 대해 진정한 의견을 말하고 싶지 않다. 왜냐하면 나는 단지 커피를 마시 러 가서 머물렀다. . . 이탈리아 인 나는 몇 일 여행 후, 사람을 잃어 버리고 있었다. 그것은 아주 좋았습니다. 강한 맛, 모자에서 너무 많이. 장소는 좋고 Wi-Fi를 제공합니다. 많은 사람들이 꽤 오랫동안 앉아 있었고 분명히 그들은 컴퓨터에서 시간을 보내거나 글을 쓰고있었습니다. 멋진 분위기. 나는 그들이 좋은 케이크를 가지고 있다고 생각하지만, 나는 시도하지 않았다."
9450391,4,,"좋은 곳, 좋은 커피. 계획 및 넓은 좌석 옆에 위치하고 편리한 지하철. 점잖은 사람도 나쁘지 않았다."
9450391,4,,말리 커피 강남점은 강남역10번 출구서 나와서 조금만 걸으면 오른편 2층에 있어요. 커피맛도 상당히 좋고 특히 디카페인 커피가 있어서 카페인에 민감한 분에 특히 좋아요. 노란색의 분위기가 참 좋고 공부하거나 아님 친구와 수다떨기에도 좋은장소라고 생각됩니다.
9450391,5,,"강남역 10번출구, 몇 번씩이나 가게를 갈아치우던 자리에, 일부러 찾아가게 만드는 카페가 생겼다!
넓은 창가, 개성적인 좌석, 톡톡 튀는 인테리어. 무엇보다 좋은 커피와 서울 최고의 자마이카 블루마운틴 타르트.
터무니 없이 가격이 높아지는 디저트들을 생각했을 때 과격하지 않은 가격으로 최고의 맛을 볼 수 있으며, 커피랑 셋트로 시키면 라지 사이즈 커피가 3천원.
특별한 날 동선을 꼬아서라도 찾아가고 싶은 맛."
33397412,,,
9003636,3,,"할리스커피 오랜만에 방문했는데
바닐라딜라이트 주문하여 마셨는데
맛있었습니다. 다시갈의향잇어요 ㅎㅎㅎㅎ
괜찮아요"
9003636,4,,"아침~저녁으로 커피콩 볶는 냄새가 고소하니~
발길을 부른다.장소가 작아서 두세명정도는 
가능하지만 단점은 단체는 못간다는점.
조용한걸 좋아하는 여성분들이나, 카페다임
매니아분들은 커피만 사가시는분들도 많다는점.
커피도맛있지만,라떼종류들도 정성것 주시는
사장님마음이보인다."
9003636,5,,선택할 수있는 다양한 커피. Starbucks 커피를 생각 나게합니다. 거기에 고구마 lattee를 사랑하십시오!
9003636,4,,예술의전당에서 걸어갈만한 거리에 있어요. 스타벅스 붐비면 여기 가도 될듯. 콜드브루 처음 마셔봤는데 아메리카노보다 향이 좋은것 같아요.
9003636,4,,할리스커피는 커피와 와플 케이크 등등을 판매합니다. 저는 라떼와 티라미슈 를 먹었는데 티라미슈도 맛있었고 커피도 괜찮았어요
9003636,4,,"예술의전당에서 전시보고 나와서 어디갈까 하다가 가까워서 갔습니다.
핫초코가 마시고 싶은데 핫초코메뉴도 핫초코/화이트초코/리얼벨지안초코(다크)
로 다양하게 있더군요. 찐한 핫초코를 마시고싶어서 리얼벨지안초코를 마셨는데
초코쿠키까지 나오고 정말 따뜻하게 만족하며 마셨습니다."
9003636,4,,"이 카페는 겨울을 보내기에 좋은 장소이며 외부 온도는 낮습니다. 건물 안쪽에서 날씨를 즐기며 커피와 초콜릿 또는 치즈 케이크 한 잔과 함께 카페에 앉아있을 수 있습니다.
안녕하세요 APM 몰 근처 동대문 지역의 홀리 스 커피를 방문했습니다."
9003636,5,,매우 맛이 좋은 공예 라떼와 좋은 환경
9003636,4,,"바닐라 딜라이트 마시고 싶을 때 방문합니다
아메리카노랑 번갈아가면서 시키네요~
매장 자체가 넓은 편이라 선호합니다!"
9003636,5,,10/20 할리스커피 동국대점 영업종료
9003636,5,,커피맛이 보장된 체인점으로 이름없고 맛없는 식상한 커피 더이상 먹고 싶지 않을 때 맛 보장된 커피를 이용하기 위해 가는 곳입니다. 다른 곳보다는 조용한 편입니다.
9003636,3,,"커피맛도 그냥 .
인테리어도 그냥.
가격도 그냥.
맛이나 멋에 민감한 사람들은 추천하지 않습니다."
9003636,4,,"한국에서 가장 인기 있는 커피샵, 커피는 가격 대비 진짜 좋은 편리한 호텔. 나는 대부분의 시간을 핫 쵸코를 mcghie, 해 보고"
9003636,3,,이 곳에서 우연히 바닐라 딜라이트 먹어본 이후로 다른 커피는 손이 잘 안가요~ 특유의 그 맛이 너무 좋네요. 신기한게 아이스와 핫 둘다 오묘히 다르게 맛있어요! 추천이요
9003636,4,,요즈음 저렴하고 양많은 커피가 많은데 이곳은 맛있는 커피를 원할때 이용하면 좋은 곳이예요~
4050387,5,,2층에 위치해있고 넓은 자리가 여유있습니다. 원두를 선택할수있고 간단한 식사류와 커피를 마실수 있어 종종 이용했습니다. 스터디모임을 자주 하는곳입니다
4050387,4,,홍대입구역에서 가까운 케잌이 맛있는 카페
4050387,4,,"이 카페는 슈퍼 편안하고 식힙니다. 내 할당 비는 시간에 즉흥적으로 이 곳을 선택한 이유는, 이곳은 아주 만족스러웠습니다. 꼭 추천합니다."
4050387,4,,"씨제이원포인트 적립 가능하고 영화볼때 탄산 마시기 싫어서 매번 이용해요 기다리는 사람들 때문에 자리는 하늘의 별따기임
투썸은 체인이라 커피맛 걱정 안 해도 되고 출출할때 케이크도 같이 먹을수있어서 좋음"
4050387,4,,매장이 넓고 좌석이 많지만 저녁에는 항상 북적이는 곳이에요. 홍대입구에서 아주 가까워서 좋습니다.
4050387,5,,"먼저 할 일들을 한국은 가까운 곳으로 와서 투썸 찾습니다. 좋은 커피와 와이파이 (믿지 않는 나쁜 리뷰). 그들은 정말 좋은 스페셜. 나는 아침 식사 중 마담 monsieur 멕시코 스타일 샌드위치 또는 치킨 페스토 점심. 나는 가까이 와서 전혀 변경다른 체인인 것 을. 음식이 신선한 커피, 품질은. 많은 디저트도 이런 걸 좋아한다면. 직원들은 기대만큼 친절한 한국에서 정보."
4050387,5,,"투썸은 음료보다 케이크가 유명하고
특히 이 지점은 케이크랑 빵 종류가 매우 다양해서 지갑을 열게 된다는거ㅋㅋ 다만 사람이 너무 많아서 자리가 없거나 음료가 너무 늦게 나옵니다ㅠ
하지만 커피숍의 목적은 수다니깐요ㅋㅋ 얘기하다보면 진동벨 울려요ㅋㄱ"
4050387,4,,"투썸플레이스 홍대점
맛도무난 커피도 무난합니다.

역이랑 가까워서 용이함
하지만 사람이 엄청나게 많음..

여느 카페처럼 노트북들고 죽치고있는사람들도 꽤보입니다..."
4050387,5,,사람이 너무나 많지만 커피맛이 좋고 베이커리 류가 전부 맛있기 때문에 갑니다. 씨제이 원카드 적립도 하고 일석 이조 굳굳굳
4050387,4,,"커피와 특히 케잌이 맛있습니다
복잡한 홍대거리를 걷다가 적당히
쉬기 좋은 장소입니다 
사람이 많습니다"
4050387,3,,역시 사람이 참 많다. 매잔은 넓지만 그 만큼 북적 댐. 커피 맛은 괜찮은 편. 케익도 나쁘지 않은편.
4050387,4,,평소에 투썸플레이스 커피를 즐겨 마시는 편은 아니지만 홍대점은 위치가 좋고 매장도 넓다는 장점이 있는 곳입니다.
4050387,4,,"행사로 아메리카노, 뉴욕치즈케이크, 카카오젤펜 세트로 9900원에 판매중이더라구요. 케이크는 포장해서 왔는데. 포장상태도 너무 꼼꼼하고, 케이크도 정말 맛있네요ㅎ 소프트한게 살살녹아요~"
4050387,2,,"스타벅스 커피를 먹어본 지는 더 나은 큰 이상이 없을 위치에서 wifi도 없기 때문에 이곳을
 하지만 사람들은 끔찍한 커피는 매우 실망스러웠어요."
4050387,4,,매장 넓고 쾌적한 투썸플레이스입니다!!
17764949,3,,줄이엄청나네요 방역수칙은준수하고있지만매장내부는너무붐비고도넛이종류별로다잇는게아니어서아쉬워요 케익은별로
17764949,4,,"맛있는 디저트가게 노티드
도넛이 유명한데 도넛이"
17764949,3,,8월에 도산공원에있는 노티드 카페를 방문하고 도넛도유명하다고들었으나 몽블랑을 주문하여먹었다. 몽블랑 동굴동굴하니 귀엽게생겼어 맛은 괜찮았다.
17764949,4,,요즘 맛집 탐방을 시작하면서 목록에 넣어두었던 도넛이 맛있다는 베이커리 카페다. 결론적으로 말하면 1시부터 시작되는 도너츠 판매는 기다리는 수고로움을 요구한다.다행히 달지않고 풍미가 있는 필링 크림과 쫄깃한 빵의 맛은 좋았다.다른 고급스런 빵도 많지만 도넛의 인기가 높은 만큼 손님들이 기다리지 않도록 수요와 생산의 비율을 높여주면 좋겠다.
17764949,4,,"스시를 먹고난후 근처 도넛카페를 방문함.도산공원 동쪽 출입문 근처 위치.
일단 카페에 들어서니 테이블 자리 잡기가 어렵고 도넛 주문 대기줄도 제법 길다.
프리미엄 도넛을 추구하므로 도넛가격이 3.0-3.5천원으로 비싼편이다. 맛은 엑설런트!
커피와 도넛은 환상적 조합을 맛보실려면 꼭 방문해야 하는곳!
재방문 의사 있습니다."
15801363,5,,커피 맛집입니다  타르트 당연히  좋아요  바삭하고요 .주변에 음료  잘하는곳  있겠지만 이곳은 원두에도 신경을 많이 쓰는것 같아요 .벙커 컴퍼니  원두를 쓰더군요.직원분하고  이야기를 나누면서 알게된 것이  최상위 원두를쓰고  원두최적  온도를 맟춰  숙성시켜서  순차적으로  사용한다고 하네요 . 그래서 그런지  향도좋고  맛의 발란스도  아주좋아요
15289661,5,,"더티 초콜렛이라는 크로아상이 가장 유명하긴 한데, 사실 기본적인 빵들이 모두 맛있는 곳입니다. 단, 주말에는 너무 북적여서 평일날 방문하는걸 추천합니다"
15289661,4,,"여기에서 초코 크로아상, 빨미까레, 더티초코, 버터 프레첼, 갈릭올리브 등을 먹어봤다. 꽤나 여러번. 버터 프레첼은 사실 다시는 사먹지 않을 것 같고(프레첼을 사면 버터를 안에다 넣어주는데, 그 버터가 무가염 버터라서 그런지 전체적으로 맛이 너무 밋밋했다), 초코 크로아상과 더티초코는 생긴 그대로의 단맛인데 조금 느끼했고(초코때문이 아니라 페스트리때문에 느끼했음), 빨미까레는 생각보다 더 맛있었고, 제일 맛있고 특색 있었던건 갈릭올리브였다. 갈릭올리브는 약간의 올리브 산미+단+짠의 조합이 매우 좋았다. 그리고 전체적으로 가로수길 베이커리중에서 가성비가 나쁘지는 않은 편."
15289661,4,,가격은 알래스카보다 괜찮고 맛은 비슷함. 빨미까레(빼빼로 뭉쳐놓은 것 같이 생긴 초코맛 페스트리)기준임. 그리고 여기는 갈릭 올리브 페스트리가 숨겨진 메인인 것 같음.
28047295,,,
12946031,2,,"우리는 온라인으로 추천서를 찾은 후에 들어갔다. 내부는 멋져 보이지만 우리는 환영받지 못하는 외국인으로 느꼈습니다. 우리는 4 인용 테이블을 요청했고 모든 테이블이 바빴 기 때문에 그 사람은 대기중인 소파 공간처럼 보이는 곳에 앉으라고했습니다. 우리는 약 15 분 동안 테이블을 기다리고 있다고 생각했습니다. 4 테이블이 정리되고 방금 들어온 한국인 가족에게 주어질 때까지 우리는 테이블을 물었습니다. 앉아있는 것은 우리의 테이블입니다. 우리는 주문을하려고했으나 50 분의 대기 시간이 있다고 들었습니다. 왜 테이블이 3 개 밖에 없었고 하나는 이미 음식을 먹었는지 모르겠습니다.
우리가 간접적으로 빠져있는 것처럼 느껴져서 미안해했습니다.
팬케이크가 좋아 보였기 때문에 부끄러운 일이었습니다."
12946031,1,,"우리는 팬케이크가 음식 블로그에서 추천되었을 때 들어온 4 명의 가족이었습니다. 우리는 메뉴를 걷거나 건네거나 주문 방법에 대한 지시를 받았을 때조차 인정받지 못했습니다.

우리는 한 무리의 한국인들이 들어 와서 테이블을 정리할 때까지 20 분 동안 기다렸다.

결국 30 분 후 우리는 대기실이 좌석이며 경내에서 주문하라는 말을 들었습니다.

그들은 단지 5 테이블 이었지만 그들은 1 팬케이크를 만들기 위해 1 시간이 걸릴 것이라고 말했다

시간 낭비, 근처에 많은 상점이 있기 때문에 다른 곳으로 가십시오.

음식이 정말 맛있어 보 였어요"
12946031,3,,직원은 융통성이 없으며 영어로 의사 소통을 할 수 없습니다. 기다릴 필요가 없으므로 겨울에 여기에 오기에 가장 좋은 시간입니다.
12946031,4,,일본스타일 수플레 팬케이크 기대하고 갔는데 그정도는 아니고 좀 비려요.. 모양새는 그럴듯해서 사진찍기에예쁩니다 ㅋㅋ
12946031,5,,Anita Rut Kristjánsdóttir
12946031,4,,"주말에 연남동 나들이 나왔다가 우연히 들어왔어요.

팬케이크가 주요 메뉴이길래 가장 기본 팬케익을 주문해서 먹어보았습니다.
부드럽고 폭신폭신한 식감이 아주 훌륭하고 크림과 시럽도 잘 어우러집니다. 다만 약간의 밀가루 냄새가 나는데, 반죽에 아몬드라든지 다른 가루를 좀 섞어주면 잡히지 않을까 싶네요.

분위기도 괜찮고 맛도 있어서 추천합니다!"
12946031,5,,"이들은 확실히 푹신한 스타일의 팬케이크입니다. 일본 오리발보다 낫다. 그러나 그들은 천천히 조용합니다. 30 분 이상 기다릴 것으로 예상하십시오. 우리는 유일한 고객이었습니다! 그러나 준비가되면 정말 놀랍습니다.

그들은 또한 아주 늦게 아침에 열리는 것처럼 보이기 때문에 열리지 않기 때문에 규칙적인 아침 식사를 위해 거기에 가지 마십시오. 확실히 추천합니다."
12946031,3,,"수플레팬케이크 파는 곳이 많이없는데 여기선 먹을 수 있다는게 장점이예요
가게도 이쁘고 외국분들도 많이오셔서 신기했어요
커피도 맛있었어요
재방문의사는 있습니다. 그런데 음.....웨이팅하면서 먹을정도까지는 아닌거같아요"
12946031,4,,"집중을 잃는 것 같다고 골목에 위치해 있으며, 외관은 매우 숨겨져 있습니다. 그것은 팬케이크 유명한 우리는 부드럽고 촉촉하고 맛있을 서명 팬케이크,. 당신의 팬케이크 30분 정도를 기다려야 해요."
12946031,5,,"우리는 일요일 브런치를 먹으러 집중을 잃는 것 같다고 방문했습니다. 구글 지도를 찾기 조금 어렵고 길 때 메인 도로에 위치하고 있음을 시사한다.
매우 세련된 외모는 편안하고 좋습니다.
그들은 팬케이크, 몇가지 따뜻한 음료. 우리는 서울에서 브런치 카페 같은 아주 멋지고 독특한 이 찾았어요!
우리는 원래 푹신한 팬케이크를 집중을 잃는 것 같다고 팬케이크를 주문했는데 또한 바나나 있는 바나나 함께 동일한 팬케이크 곁들인 팬케이크. 팬케이크는 밝고, 맛이 우유빛 너무 달지 않은. 나는 레몬 꿀을 차 한 잔 마셨다. 내 남편은 플랫 화이트, 모두 아주 잘 꾸며져 먹은.
그들은 중에 제공될 수 있습니다. 좀 바쁜 때문에 45분 정도 기다렸습니다. 그들은 하나는 팬케이크 및 기타 음료 만들기 만들어 2명의.

시간이 있으면 다음 적극 집중을 잃는 것 같다고 방문하는 것이 좋습니다 것입니다!"
3894937,3,,"스타벅스 타임스퀘아점.. 일단 몰안에있어서...
자리잡는게 쉬운편이아니였어요..
사람들이 많이찾는곳... 다른매장가는것도 좋은거같아요"
3894937,3,,"타임스퀘어에서 쇼핑 후, 잠시 쉴겸 방문하였습니다.

타임스퀘어 내에 워낙 커피숍이 많고, 스타벅스도 인근에 2~3개 정도 위치해있긴 한데, 이 곳이 유독 오픈된 공간이라서 그런지 사람이 많은 편입니다. 주말엔 자리 잡기도 힘들더라구요. 맛이나 서비스는 프랜차이즈니까 예상만큼이고, 다만 오픈된 공간이다보니, 다소 소란스러운 느낌은 있습니다."
3894937,3,,"그들의 정규 커피는 유쾌하고 합리적으로 외국 관광객들에게 값을 매긴다.
그들의 아보카도 쉐이크를 시도하기 위해 여기에왔다, 그것은 더 많이 아보카도 요구르트를 맛 보았던 것에 따라 차의 나의 컵이 아니었다. 그러나 그것은 다른 여행자에 의해 즐기게 될지도 모른다."
3894937,4,,"타임스퀘어가 너무 커서 약속장소를 잡기 힘들 때가 있는데 스타벅스가 적당한 곳이라고 생각합니다. 서비스와 음료의 질은 타 스타벅스와 비슷합니다.
다만 주말에는 사람들이 너무 많아 주의할 필요가 있겠습니다."
3894937,4,,네 여기가 거의 제가 가본 중 가장 자리 잡기 힘든 스벅이 아니었나 싶네요 주말에 가면 거의 만석입니다 왠만하면 .. 그래도 꽤 넓은 편인데다가 타임스퀘어 안에 군데군데 여유 좌석하고 테이블이 많아서 거기 앉으시는 분들도 많아요 ㅎㅎ
3894937,3,,"스타벅스의 다른 지점과 맛이 크게 다르지 않았으나
유독 이 지점에서는 탄맛이 가득 담긴 커피가 자주 나왔던걸로 기억한다,"
3894937,4,,사람이 늘 바글바글한듯해요~ 쇼핑하다가 잠깐 쉬기 좋은곳 자리나기가 힘들어서 일어나는 사람없나 계속 둘러봤네요ㅎ
3894937,4,,언제나 사람이 북적북적 많아요!! 앉을 자리가 거의 없었어요 ㅎㅎ 테이크아웃해서 마시면서 쇼핑하기 좋아요
3894937,4,,신랑이 넘 스타벅스 커피가 마시고 싶다고 해서 갔는데 주말이여서인지 사람이 정말 많고 정신이 없었다..10분 이상 기다려서 주문하고 이런거에 익숙하지 않은 나는 조용한 커피숍을 추천하고 싶다.
3894937,4,,"주로 테이크아웃으로 이용할때만 가요! 

다른 사람과 같이 이야기를 나누고 싶을때는
추천드리지 않아요~ 다른 조용한 카페가 많으니까요!"
3894937,4,,"타임스퀘어에 있는 스타벅스.
고층에 위치해 있어서 위에서 내려다보는 경관을 제공해주지만, 가림막이 있기 때문에 그렇게 좋지만은 않다.
이용객이 카페치곤 많은 편인데, 스타벅스라는 이름값이 있고, 고층에서 쉴만한 곳이 여기뿐이라 그러니 혼잡함을 피할 수 없다."
3894937,3,,타임스퀘어 특성상 좀 시끄럽고 정신이 없습니다. 서버들은 친절하고요. 테이블 간격도 좁은 편이라 오래 있기에는 별로에요
3894937,4,,많은 사람들이 스타벅스 타임 스퀘어. 고객 서비스는 괜찮다. 화면에는 사진을 찍을 수 있게 하는 전자 메일 엽서 를 다시 할 수 있는. 스타벅스 의 스타벅스 하다 할 수.
3894937,3,,"넓은 자리에 탐스퀘어 메인이 보입니다.
언제어디서나 같은 맛이 전 좋아요 
그래서 스타벅스를 찾음"
3894937,5,,좌석자체가 스타벅스에서만 이용하는게 아니고 타임스퀘어 이용객 누구나 이용할 수 있다고해서 좀 시끄럽고 정신없어요
8965272,5,,"서촌이라 불리는 지역에는 아름다운 추억을 기억 할 수 있는,

좋은 맛을 제공하는 음식점이 많다.

효자 베이커리도 좋은 맛을 갖고 있는 곳이다.

80, 90년대를 추억하는 빵종류도 많은 편인데, 맛 또한 좋다.

일반적으로 콘브래드가 인기상품이다.

효자 베이커리 건너편에 빵과  음료를 같이 먹을 수 있는 까페도 있다."
8965272,4,,콘브래드(5천원)가 인기 탑 3 중 하나라고 해서 부모님 드리려고 샀는데요. 집에 와서 먹어보니 역시 명불허전이라는 생각이 들었어요. 정말 맛있었고 부모님도 좋아하셨습니다
8965272,4,,"옥수수빵 진짜 맛있어요,,,
유명하긴 해도 얼마나 맛있겠어 생각했는데
정말 맛있더라구요
효자베이커리에서만 맛 볼 수 있는 빵이에요
단점은 웨이팅이 있다는 점.."
8965272,5,,"옥수수빵 시그니처 빵이에요, 한 번 먹으면 중독성 강해서 종종 생각나요. 수시로 따뜻한 빵이 나와서 좋아요. 어니언크림빵도 맛있어요. 다만 줄이 길 때가 많아요"
8965272,4,,서촌에서 꽤 유명한 빵집이더라구요. 때마침 제일 유명한 콘브레드가 남아있어서 따뜻할 때 맛볼 수 있었는데 일반 고로케랑 맛이 비슷한데 고명이 푸짐하게 들어있어서 묵직하니 맛있더라구요. 같이 구매한 어니언크림치즈소보로도 맛있었어요. 여느 빵집에 비해 가격은 비싸지 않으면서 대체로 맛있는 빵을 파는 곳입니다. 유명할만해요.
8965272,5,,서촌가면 꼭 들르는 빵집입니다. 여기 시그니처 메뉴인 옥수수빵과 양파크림빵 강추합니다. 한국형 빵 좋아하는 분들은 꼭 가보시길! 시식도 해볼 수 있으니 맛보고 구매할수 있어서 좋습니다.
8965272,4,,주말이 가면 대기 줄이 너무 기네요 추운데 밖에서 기다려야되서 저는 좀 비추네요 빵은 맛잇어요
8965272,3,,"서촌 산책하다 눈에 띄어서 가봤어요 
오전일찍이라 첨엔 우리만 있었는데..금새 사람들이 몰려 들었어요..
요즘 유행하는 예쁘고 산뜻한 모양과 맛보단 오랜 전통적인 베이커리느낌입니다~"
8965272,3,,다른 빵들은 동네 빵집과 비슷하고 효자베이커히에서만 만날 수 있는 콘브레드는 먹어볼만합니다.
8965272,5,,"우리는 그들의 옥수수와 감자 빵을 좋아합니다! 그것은 매우 맛 있었다! 그들이 너무 겸손하고 어떻게 팔았는지에 대해 기꺼이 나누는 것을 좋아합니다. 그들은 그들의 최고의 빵이 무엇인지 나누었고 모든 빵을 시험해보기 위해 샘플을주었습니다.

우리는 많은 카페가 서양의 딱딱한 빵을 파는 시대의 전통적인 부드러운 빵을 좋아합니다!

그 전통 만두를 굽는 유지하십시오!

우리는 더 많은 것을 사기 위해 다시 돌아갈 기회가 있었으면 좋겠다!

우리 빵을 사 먹은 후, 우리는 그들의 카페에 가서 술을 마 셨습니다. 빵집에서 빵을 사면 음료를 할인받을 수 있습니다. 빵도 거기에서 먹을 수 있습니다. 카페는 멋진 장식을했다!"
8965272,4,,전통적인 한국식 빵집이라고 할수 있는데 가장 유명한 곳이죠. 옥수수 빵은 중독성이 있습니다. 단맛에 좀 촌스러운 빵 종류 싫어하시면 그다지 인상적이지 않을수 있습니다.
8965272,4,,"친구가 맛난 곳이라며 빵을 사 줬는데
정말 맛있네요
콘브레드랑 붓세 먹었는데 다 맛있어요 ^^
둘다 추천합니다!!
빵사서 맞은편 효자 커피에 가면 20%할인도 해 주시고 빵도 먹을 수 있게 준비 돼 있어요"
8965272,5,,요즘 유럽이나 일본 스타일의 베이커리들이 많은데 반해 효자베이커리는 어릴때부터 먹어 온 한국적인 빵이에요. 고급스럽고 건강한 맛보다 대중적이고 중독성있는 맛 좋아한다면 추천합니다.
8965272,3,,"규모는 작지만 다양한 빵들이 판매되고 있습니다. 방문한 날엔 어니언크림치즈패스츄리를 시식하고 구입했는데 크림에 양파다진것이 들어가 있고 맛은 약간 달콤. 아메리카노와 어울리는 맛이었습니디.
매장내에서 먹을 수 있는 공간이 없어 추운 날씨였는데도 구입후 밖에서 먹어야 하는 단점이 있습니다."
8965272,5,,"서울 3대 빵집으로 유명하고 무려 200가지 이상의 빵 종류를 가지고 있는 서울 유명 빵집입니다.
인기순으로 1등~5등 까지를 따로 구분해서 손 쉽게 인기 있고 맛있는 빵을 고를 수 있게 해 놨습니다.
전체적으로 빵 가격은 비싼 편이지만 다른 곳에서 맛 보기 힘든 빵이 많아 찾아 볼 만 합니다.
더욱이 반대편에 효자커피숍을 만들어 놓고 빵 사서 가져갈 경우 커피 할인 및 포크 등을 제공해서 좋습니다."
9209252,4,,테이블 가깝고 사랍 많은데다 의자도 불편하지만 커피는 괜찮아 종종갑니다만 느긋하게 있을 분위기는 아니라 조금 아쉽습니다.
9209252,5,,"이 리뷰는 연남동 테일러 커피점입니다. 테일러 커피는 많은 블로거들에 의해 결론 지어진 한국 최고의 커피로 환영 받고 있습니다. 그래서 연남동에 놀러 갈 때 친구와 함께 해보기로 결심했습니다. 우리는 코코넛 라떼와 카라멜 마끼아또-그들의 맛 아이스 커피를 시도하기로 결정했습니다. 내 친구는 많은 커피를 마신다. 나는 그를 커피 애호가라고 부를 수 있다고 생각한다. 그는 크림과 시럽의 부드러운 달콤한 스카프와 얽힌 콩의 풍부함을 언급 하면서이 두 가지의 맛에 너무 감동했습니다.
Tailor Coffee를 시도하지 않았고 커피 애호가라면 더 이상 보지 말고 시도하십시오. 서울 전역에 몇 군데 있습니다. 나는 돌아가서 다른 커피를 먹기를 기다릴 수 없다."
9209252,4,,근처 마땅한 커피숍이 없으면 이곳에 옵니다.  분위기도 좋고 커피도 맛있어요. 도장도 찍어주는데 쿠폰으로는 테이크아웃만 가능하다고 하네요.
9209252,4,,"아인슈페너도 정말 좋아하지만, 코코프레도는 정말 짱이네요. 부드럽고 달콤한 맛이 너무 좋아서 갈 때마다 마셔요. 말차파이와 펌킨파이도 적당히 꾸덕꾸덕하니 맛있습니다. 가격이 센 게 아쉬우면서도 늘 갈 때마다 만족하게 되네요."
9209252,5,,"홍대 테일러커피
원두: 파플레인
산미가 도는 원두
아메리카노:5,500원
홍대 온페이스 사옥 인근에 위치하고 있어요
재즈와 커피가 잘아울리는곳이예요"
9209252,5,,"크림모카 진짜 달달하고 커피향 진하고여
크림 정말 맛있습니다.
그리고 아인슈페너 고소함 못잊겠네요.
달달한 크림+고소한 커피 조합 최고였어요.
또 갈게요~"
9209252,4,,"그러나 사람이 너무 많아 시끄럽고
공간이 좁은데 사람이 많으니 더 시끄럽게 느껴짐.
커피는 맛있고 좋은데
옛날 그 커피의 느낌은 이제 없다.
테이크아웃 2,000원 할인"
9209252,4,,라떼 고소하니 맛있어요. 코코넛밀크 들어간 커피도 시켰는데 그것도 맛있었어요. 연남동 카페들이 대부분 작은데 매장이 꽤 넓어서 답답하지 않고 좋아요!
9209252,5,,인기가 많아 테이블이 늘 부족하다는 아쉬움이 있음. 하지만 확실히 커피가 맛있음. 커피를 뽑아주는 바리스타들도 잘 생겼음. 맛있는 만큼 가격대가 높은게 아쉽지만 매우 괜찮은 커피숍임!
9209252,5,,"시그니처인 모카와 코코넛 주문했어요.
조용한 분위기는 아니여서 아쉬웠지만 커피맛이 위로해주네요^^ 재방문 의사200% 입니다!"
9209252,4,,"크림 모카 너무 달지만 예쁘고 맛있었고
카페 분위기 좋아요
화장실은 단 한칸이고 개선이 되어야 할듯."
9209252,5,,"지점이 홍대쪽에만 있어서 홍대 방문할 일 있으면 항상 가는 곳이에요.
시간이 안되면 테이크아웃이라도 해가는 곳!
커피가 유명해서 항상 커피만 마시고 왔었는데 케익도 다 맛있습니다.
겨울에는 크림모카 여름에는 코코넛프라페!"
9209252,4,,친구들과 커피 마시러 갔는데 친구가 아인슈페너를 시켰는데 맛있었다. 디저트로 바나나파운드케이크도 먹었는데 맛있었다. 타르트지가 단단하고 안에 바나나도 신선했다. 이 날 유명 연예인을 봤다.
9209252,5,,"겨울이면 테일러커피에서 꼭 크림모카를 마셔요
정말 맛있지만 가격이 사악해요 작은데 6500
그래도 맛있어서 먹어요 아니면 테이크아웃하면 2000원할인 해줘서 적당한것 같아요"
9209252,2,,"테일러커피 홍대 1호점(본점) 방문. 
명성에 비해.. 무엇보다 가격에 비해... 너무 별로 였음... 
테이크아웃 2천원 할인이라 테이크아웃 하길 정말 잘한듯.. 

라떼는 그럭저럭 먹을만한 정도 , 평이한 동네카페에서 이정도면  먹을만하다 하는 정도 ... 그러나 카푸치노는.. 정말 너무 맛없어서 다시가서 환불받고 싶었음.. 원두쩐내라고 해야 하나,,, 그런 맛.. 잘못 내린 커피맛이 였음..."
23716736,,,
4070735,5,,김영모 제과점엔 다양한 빵이 있지만 항상 주말
4070735,4,,"몽블랑이 유명한 곳이라 하여 방문하게 되었습니다.
성당 안에 입구가 있어 잠깐 놀라긴 했지만 위치는 나쁘지 않습니다.
빵종류도 다양하고 생각했던 것보다는 비싸진 않네요.
몽블랑 6천원, 바질크림치즈베이글 4.5천원이었습니다.
베이글만 일단 먹었는데 그냥저냥 괜찮았어요.
담번에는 다른걸 먹어보고 싶네요"
4070735,4,,언제나 방문에 후회가 없다.맛있는 빵을 원한다면 찾아갈만하다~ 개인적으론 갈릭바게뜨가 제일 맛있지만 쿠기류도 맛이 좋고 선물용으로 포장도 잘 돼 있다~
4070735,3,,집앞이라 자주가는데 주말에는 성당 갔다 오는 사람들로 엄청 붐비고여 평소에도 차까지 끌고와서 사가는 사람들로 많이 붐벼요. 빵 종류가 다양하긴 한데 다 맛있진 않고 먹던것만 먹게 되어요. 사람들이 빵앞에서 기침하고 재채기하는게 싫어서 포장되어있는것만 고르게됨.
4070735,5,,집 근처라 자주 들리곤 합니다 바게트 샌드위치나 팥빵 밤빵 등 자주 먹는데 항상 실망 없이 맛있게 먹어요 최근에 초코크림빵 시식을 하고 넘 맛나게 먹어서 요새 자주 사먹어용 진짜 초코필링이 넘 맛있더라구요ㅠㅠㅠ추천추천
4070735,4,,도곡동 타워 팰리스 맛집으로 불릴만큼 유명한 빵집이에요~~ 빵을 너무 좋아해서 도곡동 갈때마다 구입하곤 합니다^^ 몽블랑의 맛은 말로 표현할수 없을정도로 너무너무 맛있구요~ 괜히 인기가 많은게 아니에요~~ 저는 개인적으로 바게트도 좋아한답니다^^ 가격은 일반 베이커리들에 비해서 좀 비싼편이지만 그래도 맛에 비하면 저렴한거라고 생각해요~ 진짜 짱짱 맛집 추천이용
4070735,4,,빵 종류도 다양하고 모양도 예쁘고 시식도 종류별로 해볼 수 있어서 선택하기도 편하다.그러나 값은 많이 비싼 편이다.샌드위치 종류도 다양하고 맛고 좋다.특히 갈릭 바게트가 맛있다.
4070735,5,,설탕이 아닌 글루텐의 단맛을 느낄 수 있는 곳
4070735,4,,"맛은 훌륭한 편인데 가격이 착하지 않아서 자주는 안 가요.
포장이 고급스럽게 되어있어서 선물용 빵 구입할 땐 좋아요~"
4070735,5,,"한국에 있는 빵집 중에서 맛은 최고입니다.
가격은 저렴하지 않지만 진정한 빵의 맛을 보려면 반드시 가봐야 합니다.
여기는 맛있는 빵만을 추구하는 곳이 아니라 건강을 함께 생각합니다.
김영모 선생님이 나폴레옹 출신이라는 말이 있던데 
청출어람이라는 말이 어울립니다. 
제가 보기에 국내 최고입니다."
4070735,5,,"건강하고 맛있는 빵을 팝니다. 또한 항상 손님들이 많아요.
아주 맛있지는 않지만 자극적인 맛이 아니라서 마음에 들어요."
4070735,5,,"타워팰리스 내 유명한 제과점임. 식빵종류부터 마들렌까지 전부 맛있음. 다른 프랜차이즈 제과점에 비해 가격이 다소 비싸지만, 한번쯤 먹을만함. 선물용으로도 좋음"
4070735,5,,"저는 약 7 년간 외국인은 이미 이곳에 방문한 내 식구. 항상 높은 가격은 아니지만 빵은 항상 있다. 고로케 종류는 치킨 커리 를 좋아한다면 추천할 것이다. 유기 견과류 치즈 빵도 너무 좋았습니다. 직원들은 항상 친절했습니다.

많은 한국인 빵집, 일부 항목을 사용할 수 없는 위한것은 매일 또는 하루 중. 아이템들을 팔아 버리다. 마음에 드는 아이템이 있는 경우, 두 개의 변경다른 솔리드 블록 내에 있는 빵집."
4070735,5,,이 곳은 최상의 재료로 하는 수준. 하나는 내가 좋아하는 유기농 baguett 샌드위치와 푸딩. 좋은 케이크도 있다. 조금 비싸지만 그만한 가치가 있는 다른 빵집.
4070735,3,,"같다고는 하지만, 조금 더 멀리 떨어진 본점이 분위기가 낫습니다. 빵맛은 비슷한거 같습니다."
3938777,3,,외부에서는 찾기 힘드니 역사 내로 들어가셔서 찾으세요..매장은 역사 내 입점 업종에 비해 꽤 쾌적합니다.가끔 사먹는데 직원들도 친절해요
3938777,4,,"청량리 롯데마트에 갔다가 들렀습니다.
주변의 다른 매장보다 공간과 의자가 많아서 좋았고 직원도 친절해서 좋았어요.
요즘에는 신메뉴들도 자주 출시되어 맘에 듭니다."
3938777,5,,청량리 역사내에 위치합니다. 옆에 본죽과 테이블을 공유하는듯 합니다. 인터넷에서 도넛 할인할 때 가끔 옵니다. 도넛이 생각외로 금방 빠질수 있으니 참고하세요.
3938777,4,,"청량리 역사 한 쪽에 매장 바깥에서도 팔아요
굳이 매장에 찾아들어가지 않아도 쉽게 구매할 수 있어서
기차시간이 급해도 구매가 가능합니다"
3938777,4,,"기차시간이 바쁘고 배고플때 가는곳입니다  라떼와도너츠가 맛있어요  자주는 아니지만 이번에 가서 먹었어요 아주 맛있게 ...
배가 고파 그런지 커피와 도너츠 만족 했어요 추천합니다"
3938777,3,,체인점이라 특별할 것은 없고 알바생이 친절했어요. 매장 앞에 앉을 수 있는 공간이 있어서 백화점 구경 후 간단하게 요기하기 좋구요.
3938777,3,,"가끔 먹으면 맛있어요.
바바리안은 늘 사서 먹게 되구요.
올리브츄이스티도 맛있구요.
카카오코코넛도 맛있습니다. 
오며가며 포장해서 먹기 좋습니다.
백화점 연결되서 쇼핑후 간식으로 사먹기 좋습니다...
아이들도 좋아합니다.."
3938777,4,,"역사안에 있어서 가기편합니다.
쇼핑하고 도넛먹으며 쉬기 좋아요.
청량리역에서 기차타거나 할 때 사서 먹으면 좋을거 같아요."
3938777,4,,서비스가 친절하고 다양한 종류의 도넛을 먹기에 좋아요. 매장이 오픈되어 있어 어수선하지만 간단히 들르기에는 편해요.
3869160,5,,"서울시내 명동성당옆에있는
스타벅스 명동성당점
일단 매장 규모가 커서 자리는 엄청많은편이고
직원들도 친절합니다.굿"
3869160,4,,"스타벅스 명동성당 바로옆에있는 매장
음 일단 매장은 크고,직원들친절해요.
사람들도 많음편이에요, 창가쪽자리가 좋아요."
3869160,3,,유러피언을 데리고 스타벅스에 갔다. 친구는 리스테리토를 마셨다. 평일이라서 그런지 자리도 여유있고 괜찮았다. 친절하다.
3869160,3,,"겨울에는 한 번씩 방문하게 되는 매장입니다.
명동성당이나 명동 번화가에서 가까워 접근성은 좋지만 매장이 조금 좁습니다.
2층의 창가 자리가 좀 쾌적하고 괜찮았습니다."
3869160,3,,위치상으론 좋으나 일부러 찾아가지는 않을듯
3869160,4,,"위치 좋아서 사람도 많고, 시끄러울 때도 가끔 있음"
3869160,4,,명동성당 가까워서... 명동성당 갔다가 곧잘 가게 되는 스타벅스
3869160,5,,내 동생은 나에게 한국 입니다. 휴식을 취하기에 정말 좋은 곳입니다. 서비스는 너무. 편안한 곳이죠.
3869160,3,,아침 일찍 문 열 작업 peopke. 친절한 직원들. 몇 가지의 영어 실력이 좀. 깨끗하고. 아주 좋은 과자. 핫 초콜릿 은 아주 좋았습니다. 커피는 맛이 제공하지만 - 난 서울. 이 도시에서 좋은 커피 없습니다!
3869160,5,,적당한 수준의 white noise안에서 커피를 마시며 일하기 좋은 환경을 가졌습니다. 창가쪽과 내측 테이블과 의자 모두 편하고 커피 (flat white) 맛도 적당한 roasting 향이 더해서 상급이었습니다.
3869160,5,,"나는 직원들에게 좋은 서비스에 대해 명동 이 마음을 보고 (텀블러정, 찻잔, 음료도 푸딩)"
3869160,3,,"단층으로 되어 있는 데다 면적 자체가 그리 넓지 않아서 테이블 수도 얼마 되지 않습니다.(10개 정도...?) 그런 공간에 테이블을 많이 배치하려다 보니 테이블간 간격도 좁습니다. 화장실 앞, 기둥 옆까지 테이블 배치가 되어 있어 안쪽으로 이동하면 테이블 사이를 지나가기도 힘들 지경..."
3869160,4,,"명동성당 쪽에 있어서 명동 중심가의 상점보다는 손님들이 많이 없어 한적한 편입니다. 명동성당이 지척이라, 명동성당을 구경하시기 전에 혹은 구경하신 후에 들르면 좋을 것 같습니다."
3869160,5,,"2층으로 되어있는 스벅을 더 선호합니다.
게다가 여긴 명동성당근처라 사람들도 명동역에 비해서 더 없어서 좋아요~"
26997589,,,
25085428,,,
12222340,4,,"몇 시간 동안 걷고 쇼핑 한 후, 나는 앉아서 휴식을 취할 수있는 카페를 찾고 싶었습니다. 이 장소를 우연히 발견하고 내가 주문한 아몬드 라떼를 즐겼습니다. 그것은 매우 넓어서 거리에서 쇼핑하는 군중들로부터 좋은 휴식이었습니다."
12222340,4,,커피를 찾아이 카페에 왔습니다. Canele를 구입하여 질감과 맛에 매우 감동했습니다. 확실히 다시 돌아올 것입니다.
12222340,5,,"명동은보고, 할 거리가 많고 쇼핑을 많이한다. 그 모든 바쁘게, 우리는 또 다른 편안한 중지를 위해 넓은 카카오 녹색으로 돌아온다. 우리는 디저트를 즐길 수있는 카누를 가지고있었습니다. 훌륭한 서비스. 음악은 재즈 였고, 계속지도를 삼켜 버렸다. (가까운 곳에있는 소수의 찻집과 비교하면 서둘러 탈출 한 카카오 그린이 우리를 환영합니다. 우리는 한 시간 이상 평화 롭고 평온한 곳에서 머물렀다. 명동으로 다시 들어가기 위해 쉬었다."
12222340,3,,"제 친구가 초콜릿을 먹고 싶지 않았기 때문에 망고가났습니다 - 안전한 선택. 그것은 비쌌다. 그러나 장소는 멋졌다. . . 불행히도, 디저트는 아주 시큼했다."
12222340,5,,"우리는 잠깐 서울을 방문하는 동안 무작위로 여기에 들렀다. 우리는 커피를 마시고 조용한 곳을 찾고있었습니다.

나는 연속적으로 3 개의 저녁을 되 돌리는 것을 끝내었다. 내 리뷰를 따르는 사람에게는 높은 평가를 받는다. 나는 커피, 우롱 차 및 다양한 디저트를 먹었습니다. 모두 환상적이었습니다.

리프트가 열리는대로 갓 구운 커피를 맛볼 수있는 즐거운 아로마가있는 정말로 조용하고 깨끗한 3 층 레스토랑입니다."
12222340,5,,그레이트 커피! 예술적 디저트와 어울려보세요!
12222340,4,,"여긴 매번 빙수를 먹기 위해 간다.
특히 초콜릿이 진하고 맛있어서 초콜릿 빙수를 위해서는 여기!
매장 이전하고 나서 더 커지고 시원해서 좋다"
12222340,5,,"팻시는 좋았고, 케이크는 즐겁고 분위기는 아주 좋았습니다. 조용하고 깨끗하며 넓습니다. 가격도 매우 합리적이었다. 명동에있는 다른 인기있는 펍스 아울렛을 시험해 보았는데 아무도 닫지 않았다."
12222340,5,,"나는 서울에서의 1 개월 체류 기간 동안이 카페를 3 회 방문했다 (2017 년 12 월부터 2018 년 1 월까지). 핫 초콜릿은 풍미가 풍부하고 맛있습니다. 그러나 단맛이 맘에 들지 않는다면 너무 달콤 할 것입니다. 과자 케이크는 나를 위해 조금 쓰다. 그러나 그것은 아이스크림과 잘 어울린다. 카페는 매우 넓고 메뉴에는 음료와 디저트가 아주 좋습니다.
내가이 지역에있을 때 카카오 그린을 다시 방문 할 것입니다.

명동역 6 번출구에서이 카페에 쉽게 갈 수 있습니다. 걸어서 (아래로
명동)에서 LessMore 나 Juno Hair를 찾을 때까지. Cacao Green은 Juno Hair와 같은 건물이지만 3 층에 있습니다."
12222340,5,,"맛있는, 친절한 서비스, 완벽한 위치, 멋진 인테리어!"
8317708,4,,연휴에 가족과 함께 한옥마을 가는길에 들렀어요. 사람이 많았지만 친절하셨고 얼마 안기다리고 테이크아웃을 했습니다. 부드럽고 따뜻한 라떼 좋았어요.
8317708,3,,"커피를 마시며 읽기 매우 조용한 환경, 그러나 그들은 두유를 또는 아몬드 우유 또는 락토 무료 우유 없는 그들의 주요 문제"
8317708,4,,"서울에 있는 카페 더 넓게 느껴졌습니다. 비록 일반 카페. 아침에 일어나 가는 늦은 오후, 저희는 커피와 샌드위치 또는 치즈/치즈 베이컨 머핀. 지사 거래를 좋아했습니다. 그들은 아침 식사도 너무. 커피는 괜찮았다. 준비 시간 기대했던 것보다 패트릭처럼."
8317708,1,,"내가 케익 먹자! ""케이크 먹을 수 없다"""
8317708,3,,"저와 친구 breakky 근처의 호텔에서 묵었는데 없이, 할리스 커피는 우리의 옵션 중 하나를 의 아침 식사 입니다."
8317708,4,,"영업시간이 길어 늦게까지 운영됩니다.
매장도 아주 커서 눈치 안보고 시간 보내기 괜찮은 곳입니다.
역에서도 가까운 편이예요"
8317708,4,,좋은 커피와 케익 은 정말 너무 좋은 선택. 테이블이 있는 풍경이 좋은 사람들이 산책을 즐기는 길.
8317708,4,,"할리스 커피 맛이 있어서 좋아요. 커피도 괜찮지만, 고구마라떼도 맛이 있어서 커피보다 자주 먹는 것 같아요."
8317708,4,,한옥마을 근처에 있어서 한옥마을 갔다가 들르기 좋아요. 외국인관광객들은 한옥마을만 구경하고 바로 가기때문에 관광지 근처임에도 한적한 편입니다 ㅎㅎ 조용하고 좋아요
8317708,4,,깔끔하고 편리한곳이다 매장은 그리 크지 않지만 의자 배치를 잘해서 인지 은근 자리도 많고 회의실도 따로 있어서 비즈니스요으로도 이용하기에 좋다. 할리스는 역시 모카가 진리다. 그리고 여름에는 유자크러쉬도 넘 맛있음
8317708,4,,충무로역에서 나와 주유소 옆에 위치한 이 커피숍은 큰 매장과 1층에 있어 접근이 용이합니다.
3911507,3,,"스타벅스 명동미래점. 
명동 거리 골목에 2층에 있는 스타벅스매장
사람들이 많이 있어요. 외국인들도 많이 방문하는 매장중한곳이에요"
3911507,5,,35도 가량 올라가면 식을 수있는 멋진 스타 브! 사람들이보기에 좋은 작은 자리. 바쁘지만 즉시 주문할 수 있습니다. 빠르고 좋은 고객 서비스.
3911507,3,,"관광객보다는 명동 인근 직장인이 많이 찾는 카페입니다.
넓고 쾌적하지만 생긴지 오래된듯 분위기가 좋은 편은 아닙니다. 
접근성이 좋아 자주 이용합니다."
3911507,3,,"세계 어딜가나 표준화된 레시피로 표준화된 맛과 서비스를 제공하는 스타벅스의 지점 입니다. 명동 인근의 다른 스타벅스 매장들과는 달리, 건물의 2층에 위치한 관계로 사람들에게 그나마 덜 알려져서인지 다른 지점에 비하면 조금 덜 붐비는 느낌 입니다.
특별할 것은 없지만 명동극장을 바라보는 뷰와 덜 붐비는 사람들로 인해 잠시 쉬어가기에 괜찮은 편 입니다."
3911507,5,,이 근방에서 그래도 제일 덜 붐비고 괜찮은 매장
3911507,4,,그나마 사람이 많지 않아서 좋습니다.  좀 골목에 있어서 그렇지만 붐비는 것보다 여유로운 차 한잔 하기 좋습니다.
3911507,4,,"여름엔 카라멜마끼아또 아이스, 겨울엔 뜨거운 카라멜마끼아또 즐겨먹습니다. 
스벅 커피는 체인이라 어디든 같은 맛이죠. 이곳의 카라멜 시럽은 정말 맛있어요. 
하지만 명동이라 항상 사람이 많고 어수선합니다."
3911507,4,,"명동  번화가라  엄청  붐벼요
커피맛은   다  비슷하지만  장소위치가  좋아 사람들이  약속장소로 많이  모여요"
3911507,5,,2nd 층에서 잠깐 휴식을 취할 수 있는 분위기도 정말 좋았거든요. 사진은 스타벅스는 2nd 바닥을 확인했습니다. 업로드할 올바른 붇돋아주었고. 편안한 좌석은. 요금은 일반적인 스타벅스 - 카페라떼 는 우유 (스타벅스).
33990440,5,,다양한 식물들을 저렴한 가격에 살 수 있고 날씨 좋은날 야외에서 커피 마시기도 좋습니다. 카페 내부는 다양한 식물들로 이루어져 있어서 산뜻해요!
33990440,5,,자연 속에 폭 안긴 듯한 분위기가 압권인 카페입니다. 푸릇푸릇한 식물 인테리어와 불암산 뷰를 즐길 수 있는 야외 좌석이 매력적입니다. 훌륭한 커피와 맛있는 디저트 조합으로 편안하고 여유로운 시간을 보내기에 최적인 공간입니다.
7808188,4,,"* 커피 : 국내 원두의 다양성이 라는 말이 ""리브레"" 그자체라고 까지 생각되기 때문에,
            원두를 고르는 느낌에 따라일 수 있다. 하지만, 현장에서 커피를 먹는 것보다는
            그 원두를 사용하는 전문 바리스타 운영집을 이용하는 것을 더 선호핟니다. 
* 분위기 : 경동시장 내에 조그마한 가게 안내 약방과 같은 컨셉
               (약방 서랍 內 커피원두 있음)"
7808188,5,,"대한민국 어디서도 '리브레 출신' 이라면 먹히는 그 리브레. 원두의 퀄리티는 말할 필요없이 좋고, 가게 안의 분위기도 훌륭함. 자리가 적기는 하지만 사람 없는 시간에 가서 쉬어가기 좋음"
7808188,5,,커피 맛 좋기로 소문난 곳이죠. 궁금해서 가봤어요. 연나동 골목길에 위치한 카페라 아담하네요. 커피 맛은 역시 좋습니다. 여기 원두 쓰는 곳 은근 많더라고요.
7808188,5,,진하고 향긋한 커피향이 올라오고 산미도 살려서 준다. 다른 분점들도 많지만 여기서 마셨던 커피가 리브레 커피중에서 가장 맛있다.
7808188,5,,Little Street의 아늑하고 예술적인 커피 숍
7808188,5,,"일단 맛은 뛰어남. 
분위기도 뛰어나지만 무엇보다도 좋은 점은 고민할 거리가 적다는 것이다.
단지 우유를 넣느냐 안 넣느냐만 결정하면 된다.
집에서도 가깝고 연남동에 갈 때마다 테이크 아웃해서 손에 들고 다니면
거기가 천국
카페 실내는 좁아서 시간을 보내 본 적은 없으나 어둡고 따뜻해 보이는 실내는 피로를 푸는데 좋은 공간으로 보인다."
7808188,4,,"대한민국 커피성지 중에 한 곳, 카페리브레"
7808188,3,,커피향이 진하고 산미가 있는 것 같아요.  라떼로 마시면 맛있을것 같고. 그냥 아메리카노는 호불호가 있을 것 같습니다.
7808188,4,,워낙 유명한 곳이라 ㅋㅋ 수요미식회에 나오고 더 유명해졌음 ㅠ 라떼가 맛있어서 종종갑니다!
7808188,5,,연남동에서도 시장쪽이라 찾기 쉽지 않으실 수 있어요. 그치만 찾아갈 가치가 있습니다. 커피 맛 정말 좋아요. 매장이 좁아서  테이크아웃하시길 추천해요
7808188,5,,"좌석이 많지 않아서 
늘 take out 
하지만 연남동에 가게 되면 꼭 들리는 커피 
맛은 정말 좋고 ! 
음 직원분들은  뭔가 딱딱하면서 친절함 
신기한 건 갈 때 마다 다른 직원들이 마주 했으나 다 느낌이  뭔가 오묘함  

에소 .아메 .라떼 만 팔았던 걸로 기억함. 
그 외 커피를 찾는 분이라면  메뉴를 확인하고 
가셔야 .. 
금토일은 바로 동진시장을 구경하면 좋구 
카레를 좋아 한다면  리브레 옆집 히메지를 같이 
추천 !!"
7808188,3,,"연남동 동진시장 안쪽에 있어서 처음가면 좀 헤맬 수 있어요  에스프레소랑 더치커피를 시켰는데 에스프레소는 정말 맛있었습니다 더치커피는 7000원인데 반도 못먹고 버렸어요 에스프레소나 라떼만 드세요 
매주 화요일마다 커핑 수업도 있는것같아요"
7808188,5,,커피가 워낙 맛있다고 하여 원두를 구입하기 위해 방문했는데 커피 한 잔을 무료로 선물받으니 기분까지 좋아졌습니다. 원두 가격도 다른 대형 프랜차이즈보다 저렴해서 만족도가 상당히 높습니다. 상당히 좁은 매장이기 때문에 굳이 테이블에 앉아서 마시기 보다는 테이크아웃하는 것을 추천합니다.
7808188,4,,매장은 정말 작아서 테이블 두개정도에 합석해야 합니다. 테이크아웃하는게 좋고요. 단 원두를 사면 커피를 무료로 한잔 주네요. 커피향이 진해서 정말 좋더군요.
7808188,4,,"아내와 저는 이 곳이 라 정보라는 사람이나 커피, 이렇게 하는 동네에 들르기 로 했다. 좀 찾기 어려웠는데, 우리가 생각하기에 작은 벼룩 시장 골목에 있는, 모두가 알고 있는 듯 했지만 주변에 대해, 정말 찾기 쉽습니다.

먼저 아는 냄새가 났다. 나는 냄새가 나는 커피, 이곳이 disapoint 하지는 않았다. 밖에서 할 수 있는 콩 냄새가 났어요. 이 작은 장소, 룸이 있습니다. 최고의 커피 갈 수 있다고 생각하면, 오히려 그 입니다.

나는 네덜란드어 아이스 커피, 내 아내를 라떼 아이스. 네덜란드 커피 은 정말 딱 좋았어요. 이곳은 쓴 난, 좀 더 맛이 있는 것처럼 초콜릿의. 라테를 합니다, 하지만 대지 우유 이 차이 라떼 정말 이야기 하고 또 할 수가 없었습니다.

저희는 운이 있었고 테이블 의자에 다시 앉아서 4만 2를 즐길 수 있는 커피와 카페가 있다. 

약국 선반을 것을 것 같은 좋은 중국에서 커피까지.

모든. 생각하지 않는 사람은 맛있는 커피에 7월 달러를 지출 하는지 모르지만 나는 매일 같이 마시고, 일반 커피는 아니지만 다시 갈 것은 아니라고 생각하는 네덜란드인."
9141274,3,,"평일 점심엔 직장인들이 많아 엄청 붐빕니다. 
그외 저녁엔 조용하니 커피 마시면서 대화하기 좋아요. 먹자골목 초입에 있어서 일행 기다리기도 좋구요"
9141274,4,,이 곳은 편안히 커피먹기 무난하고 좋은 곳 입니다. 물론 사람은 많은 편이긴 한데요 따듯한 아메리카노 가볍게 즐기기 아주 좋았어요
9141274,4,,너무 쓰지 않고 부드럽게 마시기 좋은 커피맛이었습니다. 쉬어가기 편안한 분위기였습니다. 주말에는 사람이 좀 많았습니다.
9141274,4,,따뜻한 어메리카노에서 아이스로 갈아타서 한 잔~ 커피빈이 얼음 알갱이가 작아서 매우 좋아요~
9141274,4,,"오랜만에 커피빈

오늘같이 더운날은 아이스아메리카노를
마셔야 해요~
그리구 티라미스 케이크~

주말이라 역시나 사람이 많습니다
커피빈은 아이스 아메리카노가 진짜 맛있어요"
9141274,4,,"2층의 큰 건물로, 자리가 여유롭습니다."
27968376,,,
26928941,,,
9228143,4,,"지하철역에서 나오면 바로 있고 이 근방에서 제일 넓은 까페이기 때문에 사람이 항상 많이 있습니다. 
작년말에 리뉴얼을 해서 까페자체도 깔끔해요. 
다만 테이블이 너무 다닥다닥 붙어있어 옆 대화가 그대로 들립니다.
이 근방에 디저트까페가 없기 때문에 식사후 가볍게 디저트 하기 적당한 곳입니다."
9228143,4,,입지가 좋아 사람들이 많이 들르는 곳이다.
9228143,5,,특히나 커피도 맛있습니다. 다른데보다 커피맛이 깔끔하고 시크하다는 느낌? 매장도 감각있어서(카페의 생명은 인테리어~) 늘 가고 싶어요
9245763,3,,"항상 ECC 스타벅스는 붐벼요. 자리 찾기가 쉽지 않아요. 메뉴가 기다리는 쪽에 배치되어 있으면 좋은데 잘 안 보여서 주문할 때 좀 당황했어요. 바로 주문 못 하고 옆에서 메뉴를 보는 대참사를...ㅜㅜ 그러다 블론드 코코아 클라우드 마키아토를 주문했는데 (그랑데 6500원) 커피는 생각보다 달지 않은데 올라가 있는 크람과 초콜릿 시럽, 카라멜 시럽은 달았어요. 전체적으로 어우러져 느끼하게 달지 않았어요. 괜찮았어요."
9245763,4,,지하에 위치하지만 햇빛이 들어오는 스타벅스
9245763,4,,이대 ECC 건물내부에 있어 접근성이 좋아요 반면 그렇기때문에 늘 붐빈다는 것은 작은 단점~ 좌석수가 엄청 많지는 않아요 가끔 손님이 넘많아서 직원들이 불친절할때가 있기도 하구요~
9245763,4,,학교에 있을 때 종종 갔는데 그럭저럭 좋아요~
9245763,4,,이대 ECC 안에 있어 방문하기 편함.공연장 옆에 위치하고 있음. 좌석수는 보통임. 엘리베이터로 이대 안쪽으로 올라갈수 있음. 이대 돌아보고 휴식하기 좋음.
9245763,4,,이화여대 ecc안에 있는 스타벅스입니다.
9245763,4,,"학교 내에 있는 스타벅스 지점이라 그런지 사람이 많습니다~
직원분들은 바쁘심에도 늘 친절하세요"
9245763,2,,"항상 바빠서 그런건지는 모르겠는데 여기만 오면 다른 때보다 맛이 좀 다른 것 같아요.
학생들도 많지만 외부에서도 워낙 많이 와서 늘 사람으로 붐비는 곳."
9245763,3,,"이대 ECC 가장 안쪽에 위치하고 있는 스타벅스. 
삼성홀 옆에 있고 학생들이 많이 이용하는 엘리베이트 옆에 있어서
항상 사람들이 많다
아침 일찍이나 오후 늦게가 아니면 거의 빈자리가 없을 정도

스타벅스 안에서 커피를 마시기 보다는 테이크 아웃해서 건물 외부로 나가는게 
더 나을듯 하다"
9245763,2,,어딜가나 비슷하지만 이대점은 많이 북적거려요ㅠㅠ 알바분들도 너무 바빠보이시고요 가끔 들르는데 넘 복잡하네요
32699941,,,
13201430,4,,한국식 지붕이있는 서양식으로 지어진이 1910 년의 붉은 벽돌 건물은 남대문의 코트 야드 메리어트 바깥에 위치하고 있으며 한때 숭례문과 남대문 사이의 거리를 잇는 유사한 건물 중 하나입니다. 그것은 지금 카페이고 모든보고에서 멋진 하나이다. 그러나 그것은 역사적인 건물을 방문 할 가치가있다.
13201430,5,,"시원한 벽돌 인테리어, 위층 좌석, 깨끗한 욕실, 따뜻한 것과 차가운 음료 (공예 맥주 IPA!)의 좋은 선택과 깔끔하고 깔끔한 지역. 휴식을 취하고 시원하게 휴식을 취하는 것이 좋습니다. 사람들은 침착하게 일이나 뜨개질을하면서 바빴습니다! 혼혈 군중은 대부분 지역 주민 (좋은 징조)."
13201430,3,,건물 외관이 예뻐요. 조용한 분위기가 좋아요.
13201430,5,,지나다가 모양 특이 해서 갔습니다 북창동 입구에 바로 있어서 위치는 좋고 길가가 특이한 박스 같은 건물에 있어서 특이 합니다. 커피맛도 중간 이상 합니다.
13201430,5,,"커피, 스낵, 음료 매우 아늑한 곳입니다. 유리 포도주를: 2잔의 15, 000 와인과 치즈 플레이트. 좋은 분위기, 매우 친절한 서비스."
13201430,5,,"저는 메리어트 서울 Namdamun 의해 안뜰 바로 앞에 위치한 이 독특하고 아름다운 커피 하우스. 나는 커피 한 잔 하고 했다. 훌륭한 말할 수 있습니다. 서비스는 훌륭하고, 인테리어는 아름다웠습니다. 커피를 잡고 위층에 Namdamun 시장 입구 #2 경치를 즐기실 수 있습니다."
13201430,5,,"이것은 유명한 유산 집안의 커피 숍입니다.
 2 층, 슈퍼 멋진 아가씨, 아름다운 내부. 좋은 커피
이 장소가 더 아늑한하게 더 많은 소파와 더 좋은 장식을 가지고 있으면 이것은 놀랄만한 장소 일 텐데.

주변에 있으면 적극 추천하십시오.
 콤보 아메리칸 + 샌드위치 6,000"
19408108,4,,"한옥스타일의 까페입니다
1층에서 주문해서 2층에 올라가서 먹을 수 있어요.
단점은 테이블이 너무 다닥다닥 붙어있어 사람들이 조금만 몰리면 너무 시끄러워집니다. 
많은 분들이 홍시 아이스크림을 주문해 드시지만 제가 주문한 곡물 아이스크림도 꽤 맛있었습니다"
26242822,,,
26561137,,,
9751888,4,,"이것은 SPC 스퀘어의 작은 위치이며, 엘리베이터 주변의 개방 공간 컨셉으로 만 의자를 사용할 수 있습니다. 따라서 나는 편안함 / 불만으로 인해 완벽한 점수를 줄 수는 없습니다. 그렇게 말하면서, 커피는 절대적으로 환상적입니다! 그 시간들 중 하나는 커피를 가지고 꿈의 먼 나라로 나를 실망 시켰습니다. 그것은 심지어 내가 - not - so - comfy 공간을 잊게했다. 내가 돌아갑니다"
9751888,4,,"커피가 무척 진했음에도 부드러워서 좋았어요.
인테리어도 세련되어서 앉아서 대화하기도 좋았고, 직원들도 많아서 응대도 잘 해주었습니다."
9751888,1,,최악의 고객 서비스였다! 직원들이 우리 소리 를 잊고 있는지 그 손가락에 술과 음료 및 찌르고! 지금까지 하지 않을 곳입니다! 중단시킬 하는 방법에 대한 자세한 내용은 고객 만족!
9751888,5,,나는 이 커피가 좋은 저를 생각 하지 않습니다. 하지만 나는 잘못 입니다. 좋은 맛. 이 때 에 나의 선택 입니다. 물론....
9751888,5,,갈 수 있는 커피 특화정보에. 나는 서울에서 비행기를 기다리는 동안 한 인천 국제 공항 (게이트가 있으면 30). 일주일 후 가 좋지 않은 커피 의 하나님 - 전송할 수 있습니다. 나는 절대적으로 완벽한 마끼아또.
9751888,4,,커피 가격도 비싼편아니고 안에 인테리어나 분위기도 괜찮은 것 같아요. 약간 이국적인 느낌? 외국인친구랑 다녀왔는데 외국인 친구도 좋다고 하더라고요. 약간 출출하면 옆에 피자 먹어도 되고 빵먹어도 되고 이것저것 골라서 할 수 있어서 괜찮은것 같네요^^만족해요
9751888,4,,"4층 건물에 위치한 오픈된 공간에 많은 레스토랑과 다른 새 - 모두 좋았습니다. 
건물은 spc 광장이 라고.
또한 latelier, lagrillia, vera 것이다본발명은. 을 얻을 수 있는, 사막, 메인 코스, etc. 
작업의 가장 흥미로운 커피는 질소 의 커피 커피 특화정보에 - 차가운 커피와 질소 액생.
분위기가 꽤 좋은, 무료 와이파이가 있습니다."
24636006,5,,너무 맛있어요! 프랑스에서 먹는 맛 같아요~ 재방문의사 있어요
24636006,5,,직원분 너무 친절하고 치즈케익은 최근 먹은것중 손에 꼽힐정도로 맛있습니다.
24636006,5,,"조용하고 분위기가 좋아요! 
친절한 서비스에 감동입니다👍"
24636006,5,,맛있는 커피와 친절한 서비스로 가족들 좋은 시간 보내고 갑니다
24636006,5,,"어버이날 식사하고 왔는데,
조용하게 담소나누기 
너무 좋았습니다!
직원들도 친절하게
응대 잘해주셔서 
기분이 좋네요 ㅎㅎ"
24636006,4,,"빵 종류가 다양했습니다! 하지만 무난하게 먹기에는 딱히 고를빵이 없었다는 점이 아쉬웠습니다 
나머지 서비스 부분이나 직원분들 응대는 너무 좋아서 기분좋게 이용하고 나왔습니다~~"
24636006,5,,"조용히 머물며 대화하기 좋고
친절한 서비스가 좋았어요 :)
디저트가 맛있으니 취향껏 드시면 좋은 경험이 될 것 같습니다."
24636006,5,,도심 속의 오아시스네요. 조용하고 안락해서 만족합니다. 음료도 서비스도 최고예요. 푸릇푸릇 정원뷰도 너무 좋아요.
24636006,5,,5월 한정메뉴 서울 봄 블러쉬 크루아상 꼭 맛보기
24636006,5,,"분위기와 커피 디저트 맛이 좋네요.
맛있는 점심먹고 동생이랑 6층 올라왔는데
조용하고 분위기 좋아요
에클레어랑 마카롱도 맛있엉ᆢㄷ"
24636006,5,,"친구와 간단하게 커피마시려고 방문했습니다.
주말 낮에는 웨이팅이 엄청나더라고요! 
기다린만큼 커피와 크로와상 맛이 최고였어오!! 
라떼맛집인정이요~"
24636006,4,,합리적인 가격대에 선물하기 좋은 나만알고 있는 패스트리샵 같은 느낌
9245375,1,,"지갑을 잃어버려서 당황하고 있었는데, 한 손님께서 친절하게 찾아주셨습니다. 그런데 카운터에 계신 여성 직원 분이 지갑이 없다고 불친절하게 응대하셨고, 그 손님이 지갑을 맡겼다고 말씀하셨을 때도 ""우리가 알아서 할 거니까 신경 쓰지 마세요""라고 무례하게 말하셔서 많이 당황했습니다. 덕분에 지갑은 찾았지만 응대 방식에서 기분이 많이 상했어요. 이 점 개선되었으면 좋겠습니다. 제가 그 손님께 아주 죄송했습니다.ㅠㅠ
tldr: 아주 비추"
9245375,4,,good location nice view
9245375,3,,주말에 갔습니다. 1층에서 주문을 하고 2층에 테이블이 많이 준비되어있습니다. 노트북등 개인작업을 할수있는 테이블이 있습니다. 하지만 주말이고 서울의 중심지역임탓에 테이블을 잡기가 쉽지않았습니다. 참고하세요
9245375,4,,"1층은 좁고, 2층에 자리가 마련되어 있습니다. 간단한 브런치 먹기에 좋았습니다. 단, 평일 점심에는 직장인들이 많아서 주문하기 어려움이 있습니다. 매장 분위기가 좀 어두워서 아쉽습니다."
25126525,,,
9245540,3,,스타벅스 건대점. 사람들이 늘 항상 많은 곳이에요. 다만 시간대 잘맞쳐가먄 될거같아요. 늘만족합니다. 바닐라라떼 굿굿굿굿
9245540,5,,스타시티 방문할때마다 꼭 방문해서 커피와 디저트 케이크를 같이 즐깁니다. 스타벅스답게 편안한 분위기가 좋습니다.
9245540,4,,"건대 근처엔 스타벅스가 3개가 있다. 그 중 하나로 여기도 상당히 붐빈다. 갔을 때 자리가 없을 확률이 매우 높다. 스타벅스가 좋은 것이라면 방문해도 상관 없지만, 이야기할 자리가 필요한 것이라면 다른 곳을 가는 것이 맞다."
9245540,4,,"스타벅스의 커피맛은 두말 필요 없죠?ㅋㅋㅋ 원두가 정말 맛있는거 같아요, 추천합니다~~~~"
9245540,3,,"Seoul, Seoul, South Korea"
9245540,4,,"건대역 보다 좀 더 여유롭게 커피 즐길수 있는 곳 입니다. 
커피 맛은 분위기도 한 몫 하는데.  
스타벅스 커피는. 브랜드가 한 몫 해요. 
어딜가나 사람들이 찾아가는곳. 
깔끔하니 재방문할 의사 있어요"
9245540,5,,"맛있는 새계적인 첸인점
망설이지 말고 고민하지 말고 선택하여도 좋을거 같습니다
가성비보다 매우 만족도가 좋은거 같습니다
다시 찾고싶은 곳이라고 생각합니다"
9245540,2,,좁은 공간에 비해 북적북적해 불편합니다
9245540,4,,정말 전형적인 스타벅스 그대로에요 매장 인테리어도 커피맛도 전형적이구요 같은 건물 내 롯데시네마가 2 층에 있어요 롯데에는 엔젤리너스 커피가 함께해서 스타벅스 매장 보기가 드물었는데 반갑더라구요
9245540,3,,1층인데 자라가 많지 않아 항상 사람이 많아요. 옆에 다른 커피숍 브랜드도 있지만 스타벅스가 유명해서 많이 몰립니다. 유리창으로 보이는 구조라 장기간 공부나 휴식보다는 쇼핑하고 잠깐 쉴 때 가면 좋습니다~
9245540,4,,건대입구역은 항상 많은 사람들로 붐빈다. 하지만 스타시티쪽은 조금 여유로운 편이다. 큰 길가에 바로보이는 스타벅스매장인데 여기도 사람 많긴하지만 역근처 보다는 낫다는 점에서 점수를 준다.
9245540,5,,스타시티 1층에도 여러 커피 전문점이 있고 지하에도 있는데 여기 스타벅스는 항상 사람이 많은거 같아요~ 테이블 간격도 좁구요 그래도 커피는 맛있습니다
9245540,4,,"커피를 별로 안좋아하지만 스타벅스의 카라멜마끼아또는 정말 맛있습니다. 
베이글샌드위치도 너무 맛있어서 브런치로 종종 먹어요.
스타시티점는 사람이 많아서 조금 시끄러운 분위기지만 그 안에서 모든걸 해결할 수 있어서 편리합니다."
9245540,4,,스타시티는 주로 영화볼 때 가는 곳인데 이곳 스타벅스는 그냥 지나치려고 해도 커피향이 늘 잡아 꼭 들르는 곳입니다. 사람도 많고 공간이 그리 넓은편은 아니지만 직원도 친절하고 맛도 좋아 늘 만족하는 곳입니다.
9245540,4,,건대가면 자주 들르게 되는 곳이에요 ^^
28019590,,,
7748436,5,,"리치몬드 제과점에서 치즈케익 외1개를먹엇다 ㅎㅎ 빵 종류도 많고 케잌종류도많았다.
통신사 티할인도 되어서 좋은거같다."
7748436,4,,"집근처 빵 집중 젤 맛있어요 
가격은 비싸지만 빵은 매우 맛있는 곳
부모님이 너무 좋아하셔서 이용해요

아침뷔페 가성비 괜찮았어요 
커피맛도 괜찮고, 그러나 사람많음 주의 

밤식빵,크로와상 강츄에요! SKT 멤버쉽은 10프로 할인 가능합니다 

발렛가능 굿"
7748436,5,,내 여자 친구와 나는이 훌륭한 빵집에서 서울에서의 4 일간의 아침 식사를 즐겼다. 대단히 좋습니다. 특히 잼과 크림 치즈 크로와상과 카페 라떼.
7748436,5,,홍대앞에 있다가 현재 장소로 옮긴 곳(원래 이름은 나폴레옹 제과점이었음) 마포에서 가장 괜찮은 빵집. 아침에 뷔페 식사도 괜찮음
7748436,4,,전체적으로 가성비를 놓고 보면 나폴레옹제과점이 맛이 더 좋다. 그런데 밤식빵 하나는 기가 막히게 맛있다. 아쉬운 점은 밤식빵이 잘못 걸리면 밤이 무지 조금 들어가 있다는 것. 그리고 밤식빵이 너무 빨리 나가서 헛탕 칠때가 많다. 가격적으로도 너무 비싸서 거품을 좀 뺄 필요가 있다고 생각한다.
7748436,4,,마포구청역 근처의 제과점입니다. 디저트와 케익류로 인기있는 곳으로 다양한 메뉴가 있어 선택의 여지가 충분해 좋습니다.
7748436,4,,"- 밤식빵
- 당근 케이크
- 명란 바게트 (강력 추천)
- 각종 쿠키 종류들
- 커피는 별로"
7748436,4,,건강하고 맛있는 빵이 종류가 아주 다양하게 많은 곳. 슈크림은 크림이 가득 꽉 차있고 꼭 한번 맛보라고  강추할만하다. 오렌지향이 나는 빵도 너무 좋았다. 조각케익으로 맛본 당근케익은 케익보다 일반빵에 가까울만큼 촉촉함은 덜하여 아쉬웠다.
7748436,4,,가격은 다른빵집보다 좀 비싸긴 한데. 맛은 보장됩니다. 밤식빵 슈크림 tv에 나와서 그런지 인기가 많아요. 케익 ㅈㅇ류도 다양하고 빵종류도 다양해서 자주가도 질리지 않아요
7748436,5,,"케익이 적당히 달고 종류가 다양해서 지인생일때 자주 애용해요
여러종류의 다양한 빵이 있고 고르는 재미가 있어요
아침 빵뷔페추천해요~"
7748436,5,,안심하고 먹을 수 있는 맛있는 빵과 제과
7748436,5,,"대한민국 제과명장 권상범 대표가 운영하는 빵집, 슈크림(바닐라), 에끌레르, 독일식 정통 호밀빵(무게단위로 팜), 밤식빵(국내최초) 끄트머리까지 맛있는 빵집이다. 450여가지의 빵이 있고 레시피는 4000가지가 있다고 한다. 서울3대 빵집 중 하나이기도 하다."
7748436,4,,"너무 피곤해서 주변에 쇼핑 honik 대학, 그래서 우리는 빵과 디저트를 즐길 수 있는 곳이고 나머지. 우리가 먹는 빵을 적절한 좋은 빵, 디저트는 조금 복잡 합니다 감사합니다. 하지만 여전히 흥미로운 시도 이 끝 맛은 꽤 좋았다."
7748436,2,,"명장의 표지판을 걸고 있는 제과점
예전에 홍대에 하나, 성미산쪽에 하나가 있었고, 현재 홍대는 철수, 연회동쪽에 하나가 생겼다.
성미산쪽은 샾이 크나 항상 느끼듯이 서비스가 별로고
요번에 연희동쪽을 방문했는데 맛이 별로다...
제일 유명하다는 추천받은 파이는 음-----
프랜차이즈가 아니며 또 나름 역사를 갖고 있는 제과점이기에
잘 됐으면 하는 기대가 있지만....
맛도 좀 따라주었으면 하는"
3869184,4,,아메리카노는 역시 스벅이 맛있다~ 사람이 좀 많아 붐빈다~ 그래도 따뜻한 아메리카노 한 잔으로 여유를~
3869184,5,,"갤러리아팰리스 주상복합 건물에 있어서 항상 동네 사람들이 많은거같아요, 그래도 생긴지 오래된거치고 인테리어나 청결관리는 잘되어 가면 불편하거 없는 좋은 스타벅스 지점 같아요, 잠실에 있는 스벅중에 제일 좋아하는 곳 같아요"
3869184,5,,스타벅스는 그냥 지나칠수 없지만 잠실역점 보다 조금 더 한적하고 조용해서 좋아합니다 그렇다고 엄청 사람이 없거나 하지는 않아요ㅎㅎㅎ잠깐만 앉았다 나오려고 근처에 길에 주차했는데 딱지 ㅠㅠ 조심하시고 꼭 주차장에 주차하세요
3869184,5,,"근처 사는 사람들은 이 스벅을 사랑합니다.
스벅 맛은 어디든 다 똑같겠지만 잠실사는 사람들은 이곳을
많이 애용해요. 지역주민이 더 많은 장소"
3869184,4,,잠실역 보다는 롯데월드 어드벤처와 가깝기 때문에 롯데월드 어드벤처를 이용한 후에 방문하면 좋을 것 같습니다. 리저브 매장이기 때문에 바리스타의 고급 커피도 즐길 수 있습니다.
3869184,4,,잠실역에서 도보로 10분정도는 이동해야합니다.
3869184,5,,"세계적인 카페죠. 스타벅스.
운동하러 가는길에 항상 스타벅스에서 카페라떼를 사서 들고가는데
너무너무 좋아요~
카페라떼 말고도 오늘의 커피도 맛, 가격 모두 좋은 커피에요.
집근처라 자주 들리는 곳입니다."
14156750,5,,인사동에 전통 찻집들이 많이 있는데 조금 안쪽에 예쁘게 있는 47번가 찻집을 추천합니다. 10월 말에 갔는데 온돌바닥에 난방을 해서 따뜻하게 쉬었습니다. 가격은 싸지않습니다.
14156750,5,,"사람많고 활기넘치는 인사동 메인거리에서 조금만 벗어나면
47번가 찻집을 찾을 수 있다.
이름에서부터 알 수 있지만 주소에서 따온 찻집이다.
각자 룸이 프라이빗하게 되어있어 한옥에서 편안하게 다과를 즐길 수 있다."
14156750,4,,"47 번째 거리 차집이 인사동의 한 골목에 숨어 있습니다. 사람이 그들의 디저트를 시험해 보라고 말하는 보행자 거리의 표지판을 들고있는 사람이있었습니다. 그 없이는 우리는이 찻집을 발견하지 못했을 것입니다.

건물은 중앙에 작은 안뜰이있는 광장에 배열 된 옛 한옥과 같습니다. 직원은 우리에게 2 개의 좌석 지역을 보여줬다 : 전통 지역 (마루에 앉는다)과 카페 좌석 (테이블 & 의자).

We 'd는 딸기 & 바나나 bingsu와 떡을 주문했다.

오후에 47 번째 거리 찻집을 방문했을 때 붐비지 않았습니다. 바쁜 인사동 (Insadong) 쇼핑 지역에서 단 몇 걸음 떨어진 곳에 오아시스가 있다고 상상하기 어렵습니다."
14440797,4,,여의도 KBS 입구 바로 앞에 있어요. 근처에 일이 있었는데 시간이 좀 남아서 가볍게 아메리카노 한잔 했어요. 커피는 진하고 시지 않아서 좋았습니다
14440797,5,,"여의도 공원옆 KBS 신관 바로 맞은편에 위치한 깨끗하고 세련된 인테리어에 끌려 우연히 방문했다.단체미팅룸사용가능하고 콘센트도 구비되어있어 스터디 활용도 가능함.
SPC계절이라그런지 모두 다 맛있는 느낌."
15849987,,,
25445438,,,
8858590,5,,"나는 콩 불고기 수프를 먹었고 나는 또한 한국인 프라이드 치킨을 주문했다. 맛은 좋고, 가격은 합리하며, 식당 안에 들어갈 수있는 미니 식료품 점도 있습니다.

음료 가격은 평균입니다. 채식주의 자 프라푸치노도 좋습니다. 아이스크림은 내 취향에 너무 달았다.

전반적으로, 나는 다시 여기에 올 것이다. 나는 벌써 대두 불고기 수프를 놓친다!"
8858590,5,,"매우 맛있는 음식, 환영하는 친절한 직원, 모든 성공 모두, 나는 방문을 적극 추천합니다! ! ! ! ?"
8858590,5,,"나는 가족과 함께 거기에 있었고, 너무 좋아서, 그것이 나의 새로운 아주 좋아하는 식당이되었다! ! ! 모든 것은 맛 좋았다. 그러나 덤 플링은 훌륭했다! ! ! ! : D"
8858590,1,,어 - 비건 채식은 서울에서 열심히하기 때문에 그냥 가지 마라.
8858590,1,,일요일에 휴무 - 여행을 낭비했습니다.
8858590,5,,"깔끔하고 맛있는 채식음식!!! 
카페 메뉴와 가벼운 식사가 준비돼있어 느긋하게 휴식하며 즐기기 제격"
8858590,4,,"채식주의자 로서, 이 곳을 보았습니다 (거의) 본격적인 한국식 요리. 좋은 음식과 분위기는 매우 친절하고 신속한 서비스. 채식주의자들이 정말 마음에 드는 간식거리도 판매 /, 참 좋았습니다."
8858590,3,,"그나마 깨끗하고 깔끔한 카페형태의 러빙헛.
비건 케익이나 디저트류, 아이스크림, 버거등의 메뉴는 먹을만하다.
콩고기 패티는 시판 가공제품을 쓰기 때문에 맛이 너무 뻔해서 특별히 기대하지 않는게 좋음.
그냥 비건이고 내부가 깨끗하다는데 의의를 두면 된다."
17749738,4,,우산 식사 후 커피와 빵을 먹는 회사원들이 많아서 그런지 12시 이후에 사람이 많고 자리가 없는 적이 많습니다.마늘빵이 가장 맛나네요 커피도 맛납니다.
17749738,4,,"점심에 늦게 가면 자리가 없을 수 있고, 엄청 넓고 빵 맛있어요.
가격은 좀 비싸지만 재방문 의사있어요. 
커피도 맛있어서 사람이 붐비는 곳이에요.
마늘빵 강추"
17749738,4,,"지하철 2호선 뚝섬역 6번출구 앞 위치.
우리집과 가까운곳에 있다.
아침 8시에 문을 여니 근처 직장인들에겐 출근길에 빵과 커피를 먹을수 있는곳.
저녁 늦은시간엔 빵이 거의 없을 정도.
시그니처 밤파이가 맛있다.
재방문 자주 하는곳입니다"
33055948,5,,평일 낮에 방문했는데 조용하게 휴식하기 좋았고 커피와 디저트 또한 맛이 좋았습니다. 커피뿐 아니라 다양한 칵테일도 다루고 있고 늦은 시간까지 영업해서 저녁시간대에 찾아와도 좋겠네요.
8909530,3,,서울역 안에 있는 카페매장입니다. 간단히 아메리카노 한잔 테이크아웃 했는데 좌석도 꽤 있네요. 커피 가성비가 괜찮았어요.
8909530,1,,"서울역의 카페에 가서 커피와 남편과의 스무디를 먹었습니다. 우리는 지하철 / 기차역 인 아파트에서 1 마일을 걸었습니다. 모든 벤치는 모든 여행자로 가득했습니다. 장소가 꽉 찬 것 같습니다. 우리가 여기 있는지 또는 가야하는지 물었을 때, 우리는 자리를 찾을 수 있을지 확신 할 수 없었습니다. 종이와 빨 수있는 음료 용기의 가격에는 차이가 없었습니다. 그러나 그들은 당신이 가서 음료를 마시면 안에 앉아서는 안된다고 언급했습니다.
우리는 모든 사람을보고있는 장소 주위에 걸었다. 그러나 하나의 테이블은 음료를 가져 가야했다. 그래서 우리는 그것이 그들이 시행하고있는 것이 아니라고 생각했습니다. 작은 테이블을 찾아 앉았습니다. 2 개의 민트 Ute와 서버가 라미네이트 플래 카드를 우리 테이블에 가져 와서 깨진 영어로 말했다. 우리 컵은 가고 가고 떠나야한다. 나는 그녀에게 손을 흔들어 일회용 컵을 가지고있는 우리 옆과 옆에있는 3 개의 탁자를 가리키며 그녀는 머리가 우리를 가리키고 문을 가리키고 떠났다. 나는 충격 받았다.
차별. 나는 일하고 사는 남편에게 물었다. . . 방금 방문 중입니다. . . . 왜? 우린 왜? 우리가 서양인이기 때문입니까? 그는 응답자“내 세상에 온 걸 환영한다”
다시는 만약 그들이 이것을 읽는다면, 서구인들이 그들의 설립을 빈번하게하지 않고 한국인들이 더 편안하게 느끼게되어 기뻐할 것입니다."
8909530,4,,"우리는 KTX를 기다리는 동안 콩과 딸기에서 멈춰 섰다. 커피는 평균 (OK, 평균)이었다. 커스터드 타르트 (포르투갈 스타일)는 특히 계피와 사과를 곁들인 맛있습니다! 좋은 와이파이"
8909530,1,,"요구르트 아이스크림은 끔찍하고 맛있습니다. 8. 000 원, 500 원짜리 맛이 너무 많아. 친절한 직원, 셀프 서비스 아이스크림, 토핑 선택 등은 대기열에서 대기하면서 기다리는 동안 대기열에서 기다리고, 아이스크림은 녹아 버립니다. 멋진 얼음 쉼터가있는 곳이 아닙니다. Baskin Robins 대신에! !"
8909530,4,,"딱히 대단히 맛있거나 한 곳은 아니지만 위치가 좋아서 방문합니다.
간이매대에서 크림빵 파는데 비싸지만 맛있어요."
8909530,4,,"서울역사 안에 앉아서 먹을만한 마땅한 커피전문점이나 디저트 가게가 없습니다. 그래서 가장 잘보이는 위치에 있는 빈스앤베리즈에서 커피나 아이스크림을 가끔 사먹습니다. 역사안의 혼잡한 분위기때문에 자칫 위생상태나 청소상태가 걱정이 되는데, 이곳은 화이트한 인테리어 덕분인지 깔끔해보이고 맛도 좋았습니다."
8909530,5,,우리는 아이스 라떼와 아메리카노를 먹었고 맛있기도했고 빨리 먹을 수있었습니다. Seoullo를 걷고 잠시 앉아서 긴장을 풀 수있는 좋은 장소입니다.
8909530,5,,셀프로 토핑해먹을수 있는 아이스크림이 좋아요
8909530,3,,서울역 내에 위치하고 있어 기차 이용시 편리하고 서울역 내에 위치한 다른 커피숍에 비해 의자가 많은 편이라 서울역에서 약속이 있을 경우 이용하기에도 괜찮은 거 같아요. 인테리어는 호불호가 좀 갈릴 거 같아요. 저는 괜찮았는데 친구가 마음에 들어 하지 않더라구요.
8909530,4,,가격은 비싸지만 그만큼 값어치를 하는 빵집
8909530,5,,"기차 타기전에 커피한잔 하고싶을때, 빈스엔베리즈에서 테이크아웃해가요. 서울역안에 화장실과도 가깝고 매장도 예쁩니다"
33636684,5,,"자연 속에 들어와 있는 듯한 신비로운 인테리어가 특히 인상적인 공간입니다. 시샤를 좋아해서 서울의 여러 후카바를 다녀봤지만, 이곳만큼 쾌적하게 시샤를 즐길 수 있는 곳은 드문 것 같아요. 시샤 향과 분위기를 온전히 즐기기에 정말 최적의 공간입니다. 낮에는 카페로, 밤에는 바로 자주 이용하고 있고요. 직원분들도 항상 친절하시고, 올 때마다 편안하고 기분 좋게 머물다 갑니다."
23955416,5,,"디저트부터 음료도 맛있는데 각 층마다 분위기도 좋았고 루프탑에서 보는 노을이 넘 멋져요😍
디저트로  크로플 주문했는데 박삭 촉촉하니 맛있엇구 
음료 담아주는 캐리어도 귀여운데 음료도 예쁘고 맛있어요😉"
11915956,5,,나는 그들의 비밀 성분이 무엇인지 잘 모릅니다. . . 그러나 그것은 야옹이다! 이 쿠키는 정말 훌륭합니다. 쿠키는 2 달러 조금 넘지 만 커요. 그럴 가치가있는 소호.
11915956,5,,"이러한 최고의 쿠키를 내 인생에서 먹어본. 서울 내 주 동안. . . 쿠키를 살 상점 매일 걸었습니다. 다른 및 맛있는 산티에고의 알몬드 케잌이 있습니다 맛이 쿠키 모든 종류의.
쿠키 애호가들은 이 곳을 강력 추천한다 비 사랑하는 그들을 위해 꼭 팬 음식은 맛있었으며 다양했습니다 될 경우"
11915956,4,,"생각없이 지나다
냄새에 이끌려 먹어보았다.
늘 딱 하나만 사서 먹는다.
살찌는 맛이지만 맛있다."
11915956,5,,"잠깐 들른 것. 그들은 한 맛. 우리는 약 2, 500 wom 각 항목에 대해"
9245777,3,,맛은 같지만..우선 사람이 너무 많아요
9245777,3,,매장이 넓지도 않은데 옆에 영화관도 있어서 하루 종일 사람 몰리고 자리가 없음
9245777,3,,사람 너무 많아서 주말에 자리잡기 경쟁이 치열한..... 메뉴 주문안하고 그냥 앉아 있는 손님은 직원이 제재를 좀 했으면 좋겠습니다. 메뉴 주문하고도 앉을 자리 없어서 ...기다려야 하네요. 영화관이랑 가까워서 더 사람 많은 듯....
9245777,3,,"4번째 방문해보니 항상 주문을 위한 줄이 10명정도로 길다.휴대전화를 이용한 주문을 하고 기다리는게 편하다~자리 또한 앉기 힘드니 둘이 간다면 한명은 주문하고 한명은 자리를 잡고 앉는걸 추천한다.CGV관을 통과해서 푸드파트쪽으로 들어오면왼쪽으로  KFC 지나서
위치한다.주문한 커피를 들고 영화를 보고싶다면 종이봉투를 요청한 후,안에 넣어서 영화관 안으로 들고 들어갈 수 있다"
9245777,4,,사람이 너무 많고 테이크아웃도 힘들어요..
9245777,3,,항상 사람이 너무 많아 테이크 아웃 하는 매장
9245777,5,,"CGV랑 같은 층에 있어 이용하기 편해요
항상 사람들이 많은것 같지만 내부가 넓어서 앉을 자리가 잘 생기더라구요"
9245777,4,,유동인구가 너무 많은 아이파크몰에 스타벅스가 달랑 하나여서 이 곳이 굉장히 미어터질 정도로 사람이 많았습니다. 지금은 아이파크몰을 리뉴얼하면서 예전보다 두배는 넓어진 느낌이라 좋아졌습니다. 그래도 사람이 많은 건 여전합니다. 그래서 좀 소란스러워서 조용히 노트북을 하거나 혼자 있으실 분은 비추합니다.
9077687,4,,미세먼지 많은 날에는 그레이데이 쿠폰 사용하세요
9077687,4,,"우리는 한국에 머물렀고 도넛을 갈구했으나, 세계에서 가장 큰 도시 중 하나 임에도 불구하고 미국의 고전은 서울에서 찾기가 쉽지 않습니다.

그리고 서울 프라자 맞은 편에있었습니다. 그 친숙한 파스텔 오렌지와 핑크 (또는 보라색) Dunkin 'Donuts 로고! 그것이 미국에있는 것과 같습니까? 정확히. 아니 단풍 나무 젖빛, 아니 바닐라 크림, 아니 krueller. 그 고전적인 풍미는 집에서 멀리 사용할 수 없었습니다.

그러나 DD 장인 정신은 분명했으며 새로운 맛은 맛있었습니다. 나는 딸기 충전물이 든 파란 상어 모양의 도넛 모양과 딸기 모양의 도넛 모양을 모두 맛있게 먹었습니다. 평범한 유약이 집에 가장 가까운 물건 이었기 때문에 제 아내는 그것을 선택했습니다.

유일한 단점은 레스토랑이 우리가 자리에 앉을 수 없을 정도로 평일의 한가운데에 너무 붐비는 것이었다. 더위에 타서 먹는 대신 우리는 서서 먹었습니다. 우리는 거리와 레스토랑이 1시에 포장되어 한국인이 실제로 일할 때 궁금해했습니다. 엠. 월요일에."
9077687,4,,"시청과 덕수궁 바로 옆에 위치하고 있어서 접근성이 상당히 좋습니다. 어느 지점이나 맛이 동일하고 그 맛이 대단히 맛있다거나 하지는 않지만, 시청이 잘 보이는데다가 쾌적하게 넓은 매장 크기로 인해 약속을 기다린다건 하는 용도로 이용하기에도 좋습니다."
9077687,4,,중국어학원 밑에 위치하여 간단히 사먹기좋고 덕수궁 옆에있어 외국인도 많이 들르는 곳 위치좋다
9077687,4,,나는 서울 예술 박물관을 둘러본 뒤 이 던킨 도넛 갔습니다. 나는 굶주리고 샌드위치 하나와 아메리카노를 커피를 시켰어요. 정말 좋았습니다.
9077687,5,,달콤한 맛 과 현대적인 곳이 여러 옵션을 사용할 수 있습니다. 커피는 훌륭한! 점심 식사를 위한 완벽한 r.
9077687,3,,"달콤한 휴식을 원하는 것을 먹을 수 있는 한. 
지점에 위치하고 전망이 좋은 궁전 시티 홀 옆 플라자."
9077687,4,,"시청 쪽에 약속이 있을 때 자리가 많아서 기다리기 좋아요~~
체인점이라 도너츠나 커피 맛은 미슷하지만, 깔끔하고 통유리라 시청 광격이 잘 보인답니다."
9077687,4,,"맛은 그냥 던킨도넛 맛이지만

위치도 좋고 매장이 넓어 누구 기다리면서

먹고 있기 좋아요..

1층에 위치하지만 시청광장도 보이고

경치는 굿입니다~~"
9077687,5,,올리브 도너츠 쫀득쫀득 맛이 있다. 모양도 사자모양처럼 동그라미가 이어져서 붙어 있다. 간식으로 먹기에도 최고이다.
9077687,3,,"덕수궁 구경을 같이 간 일본인 친구와 차 한잔 하기 위해 들린 곳.
프랜차이즈 답게 기본은 되는 커피와 도넛으로 간단하게 요기하기 좋았음."
16882095,5,,"아메리카노 주문시 3개의 원두 중 한가지 선택이 가능합니다. Seoul원두와 hawaii원두를 선택했는데, 서울이 좀 더 신맛이 강했습니다. 팔고있는 빵들이 옆에 디스플레이되어 있는데, 색색으로 시선이 가는 디자인의 빵들이 많았습니다."
12097684,4,,이 곳은 방이 먹자골목 초입인 송파구청 건너편 빌딩 1층어 위치해있는데 원래는 커피그룬나루였는데 바꾸었네요. 제가 너무 이 곳을 안찾았나봐요. 어쨌던 이 지점의 좋은 점은 넓은 공간이어서 한가히 책도보고 즐길 수 잏다는 장점 여전하네요. 단지 주차가 어려워 오실 때 각오 하셔야 할듯
12097684,4,,"언제나 그 분위기의 일정함에 안정감을 느끼게 되는 곳인데요, 송파구청점도 그렇더라구요. 직원분도 친절하시구 분위기좋아요."
12097684,5,,"이 시설에 입장하면 분명히 음료와 음식 커피 숍의 전체 메뉴가 있습니다.
충분한 좌석과 대부분의 구역 외부에서 바라 보는 전망
무료 WIFI 및 WIFI 접촉을위한 학생 또는 해외 사람들을위한 좋은 시설
쉽게 찾을 수있는 장소와 명확한 표지판
뜨거운 음료는 뜨거운 제공됩니다."
12097684,5,,"친구들이랑 저녁먹고 커피 마시러 갔어요~~ 
밖에서 볼 땐 몰랐는데
안으로 자리도 많고, 기댈 수 있는 쇼파석도 있고 좋더라구요"
12097684,4,,"Seoul, Seoul, South Korea"
12097684,4,,내부공간도 좋고 접근성도 좋습니다 송파구청 건너편에 바로 접근 가능합니다 좋은 입지에 사람들이 많이 붐빔니다 콘센트 자리도 많아 업무 및 독서를 즐기는 사람도 있고 담소를 나누는 사람도 많습니다
9142434,5,,이른 오후에 방문했습니다. 라떼 (놀라운)가 있었고 펑키 좌석에 앉았습니다. 슈퍼 바이크 투어의 표준 정류장.
9142434,3,,서촌을 대표하는 카페로 직접 볶기도 해서 항상 커피원두향이 나는 곳이기도 합니다. 주말에는 사람이 많아 자리가 없고 평일에도 피크때는 늘 바글바글해요. 조용하게 즐길 수 있는 분위기는 아니지만 커피는 맛있습니다.
9142434,5,,"내부가 아주 넓지 않음에도 테이블을 다닥하게 붙이지 않아 복잡하다고 느껴지지 않고 조용히 커피를 즐길수 있습니다 
커피가격이 저렴하진 않지만 드립커피도 1000원에 리필을 해주는게 정말 좋습니다"
9142434,2,,"통인동 커피공방 오픈하고 얼마 안되서부터 골목길안쪽에 있을 때부터, 팬이였는데... 지점 조금씩 생기면서... 갈수록 퀄리티가 너무 떨어집니다... 콜드브루 스윗라떼.... 맛이 너무 옅어요... 30초 지나고, 얼음 녹으면서 내가 지금 뭘 먹는건가 싶었네요... 얼음이 이 정도 양이 들어가면 당연히 맛이 처음부터 어느정도는 진해야 하는데... 첫 한입 하는 순간도 옅었어요.제가 커피를 진하게 마시는편이 아닌데도 그렇게 느꼈습니다... 그냥 무난하게 오리지널이나 아메리카노 정도 마셔야지... 솔직히 이곳을 꼭 방문해야 할 이유를 이제는 모르겠네요.. 그래도 통인동지점이 이전을 해서 대로변으로 나왔어도 본점이나 마찬가지인데.. 예전만큼은 아니더라도 조금 신경쓰시면 좋을것 같네요"
9142434,5,,"차가운 커피를 드립 좋아해요. 유일한 단점이 어려울 좌석, 좌석을 두 번이나 온 수 없습니다. 놀라운 커피 아니지만, 그래도 좋아!"
9142434,3,,언제가도 늘 그대로 안정감 있는 카페입니다. 편하게 친구들끼리 수다떨고 쉬었다가가기 참 좋아요
9142434,5,,"CYC (2016 . 12 . 17) 
이 카페의 커피는 정말 좋아, 직원들도 매우 친절했어요. 우리가 주문한 커피와 핫초코, 그 훌륭한. 붐비는 좋은 분위기가 있었습니다. 커피 맛 에 대해 알아야 하지 않은, 하지만 커피는 정말 맛있 었다."
9142434,5,,"여기 커피 진짜 좋아해요. 맛도 부드럽고, 자리도 편안하고 여유로운 분위기? 자주 찾진 못하지만 우울할 때 통인동 거닐다가 차는 꼭 여기서 마시고 가요. ^^"
9142434,3,,복합적인 분위기의 통인동 커피공방. 친절한 서비스와 편안함을 제공. 라떼류를 추천. 신선한 레몬즙 듬뿓 들어간 레몬티도 굿!!
9142434,4,,"올때마다 자리가 없어 튕기다 오늘 입성!
다양한 핸드드립커피를 맛볼수 있는곳.
사이드로 주시는 초콜릿도 맛난곳.친절하신 스텝분 덕분에 기분좋게 차를 마실수 있는곳."
3972288,4,,쇼핑몰에 있어서 방문하기 편했습니다. 맛은 익숙한 그 맛입니다. 다달이 신메뉴가 나와서 좋네요. 접근성이 좋아서 아이스크림 먹고 나가기에 좋았습니다.
3972288,4,,베스킨라빈스에서 10mini먹어보세요. 작은스푼으로 10가지 맛을 먹을수가 있어요. 가격도 저렴합니다
3972288,4,,"용산 이마트 지하식품 매장 옆에 위치해 쇼핑온 손님들과 아이손님이 많습니다.

자리가 없는 곳으로 테이크아웃만 됩니다."
3972288,3,,아이파크몰에 있어서 그런지 항상 사람많고 그래요 서비스도 그냥 그래요 그래도 가까워서 자주 갑니다.
3972288,3,,"아이파크몰점 사람도 넘 많고 정신없지만, 영화보러갔을 때 어쩔수 없이 갔어요 그냥 그랬어요"
3972288,3,,배스킨라빈스는 매장 분위기는 다 틀리지만 기본적인 맛은 배신하는 법이 없는것 같습니다. 다소 쌀쌀한 날씨지만 실내몰에 있으면 덥기 때문에 리프레쉬에 최고의 장소입니다.
3972288,4,,"베스킨라빈스 아이스크림 너무 좋아합니다. 여름에는 역시 베스킨라빈스가 최고죠. 특히 체리쥬빌레를 좋아합니다. 
용산아이파크몰은 장소가 넓지는 않습니다."
3972288,5,,특별히 우리 일행이 이곳에 온 아이스크림 케익. 실망하지 않았다. 우리 일행은 어떻게 만드는 예술적 재능이 완전히 아이스크림.
9245654,4,,"커피 전문점 중에 스타벅스를 제일 많이 가는데, 여느 스타벅스와 다른 점은 없다. 집에 가는 버스를 타는 정류장 앞에 위치해 있어서 한번 이용해 봤다. 날은 추운데 내가 타야 할 버스는 도착이 한참, 스타벅스에서 따뜻한 라떼 한잔 테이크아웃해서 마시며 기다렸더니 버스정류장이 카페가 되었다. ^^"
9245654,5,,"2층은 거의 공부방 수준으로 조용하다.
1층은 접근성이 좋아 테이크아웃하기 좋은듯
주변에 있는 스타벅스 중 가장 편안하게 쉬고 갈 수 있는 곳이기도 하다."
9245654,4,,"스타벅스 간 사람은 스타벅스만 간다고 하지 않습니까
바로 스타벅스 직영만의 독특한 노하우와 회원관리이지 않을까 싶네요

바로 스타벅스 매니아분들은 사이렌오더로 바로바로 주문하시죵.ㅋㅋㅋ
다이어리부터 텀블러까지 수집하시는 분들은
정말 한정판 모으느라 바쁘십니다.ㅋㅋㅋ

럭셔리 커피의 대명사 스타벅스~
전 평범한 카페라떼로 끝~.ㅋㅋㅋ"
9245654,4,,"1층은 좁지만 2층이 넓어서 좋습니다.
주말엔 공부족도 의외로 많아서 가끔 자리잡기 힘들때가 있어요"
9245654,3,,"나는 스타 벅스를 좋아하지만 이것은 상암동의 한복판에 있기 때문에 항상 다른 사람들보다 작습니다. 항상 혼잡합니다.

그렇지 않으면 아무 것도이 제품으로 눈에 띄는 것은 없습니다. 그러나 많은 돈을 벌어야합니다!

스타 벅스의 경우 평균 수준이지만 나쁜 것은 아닙니다."
9245654,4,,"1층에서 주문을 하고 2층에 올라가서 편안하게 차 한잔 하기 좋습니다.
1층에는 창가에 노트북 사용하기도 좋고요
단, 오피스텔 2층에 있어 사람이 늘 많습니다."
9245654,3,,"Seoul, Seoul, South Korea"
9245654,4,,"점심시간간은 직장인들이 엄청 많아서 많이 북적거립니다. 그렇지만 그 외시간에는 잠깐 커피한잔하면서 쉬는데 너무 좋지요. 넓직하고 멋스러운 분위기에 어디든 한결같은 스타벅스 커피맛을 느낄수 있습니다. 2층에 별도의 좌석이 있고, 큰 테이블이 있어 여럿이 함께 모이기도 좋습니다."
9245654,4,,가족이 근처라 가봤는데.. 점심시간에는 꽤 붐벼서 피해서 가시는게 좋아요. 스타벅스 커피는 무난히 괜찮아요.
9245654,5,,"근처에 스타벅스가 하나 더 있는데, 거기는 엠비씨에 있어서 사람이 너무 많은 데 반해서 여기는 그래도 좀 여유롭다. 가게도 더 커서 조용한 분위기를 원한다면 여기가 더 좋다."
9245654,5,,"점심시간 지나면 직장인들이 커피사러 엄청 많이 와서 약간 북적대요
고 시간대만 피하면 앉아있기 나쁘지 않고 직원들도 친절합니다.
스벅이니 맛은 당연히 익히 아는 그맛입니다만 친절함 한방울이 더 들어간 커피라 그런가 뭔가 좀 더 맛있는 느낌적인 느낌이 들어요!"
9245654,3,,MBC몰 옆이라 가끔 연예인도 볼수 있어요 ㅎ
9245654,4,,매장컨디션 좋고 직원분들도 친절해서인지 더 맛있었어요. 아메리카노 제겐 좀 진하게 느껴져서 말씀드렸더니 다시 주셨어요.
9245654,5,,어딜가나 스타벅스는 비슷하지만 가을 억새축제기간에 하늘공원에 갔다가 들렀더니 더 좋았어요. 서비스좋고 맛도 훌륭해요
26703473,5,,"홍대입구역 7번출구 바로 앞
시원하고 너무 맛있는 망고 쥬스를
합리적인 금액에 맛 볼수 있었습니다.
매장은 깨끗하고 사장님은 매우 친절 하네요.
와이프와 오랫만에 홍대 와서 좋은 기억으로 돌아갑니다."
26703473,5,,노란 인테리어의 가게는 망고쥬스가 맛있었어요. 망고빙수도 망고가 많이 토핑이되어있고 망고아이스크림이 올려져있어 보기에도 이뿌고 맛도좋았어요. 테이크아웃도 가능하고 홀에서도 먹을수있는 테이블이있어 좋아요^^ 음료가 이뻐요^^ㅎㅎ
11884871,5,,"아름다운 카페, 조용한 산책 @ 북촌 한옥 마을"
11884871,5,,"카페보다 더 멋진 집처럼 보이기 때문에 처음에는 들어가기가 약간 힘듭니다. 하지만 용감하고 들어와. 아늑한 실내를 확인하십시오.

나는 토스트를 주문했다. 나는 아직도 다른 카페에서 커피를 마시고 있었기 때문에 커피 나 차를 주문할 수 없었다. 나는 귀여운 베란다에 자신을 앉혔다. 그 구석이 아름답습니다. 축배가 와서 보았습니다. . . 그것은 토스트가 아니라 TOAST입니다. 너무 두껍기 때문에 입에 맞지 않았습니다. 좋았어. 서버는 좋았다. 그녀는 심지어 사진 찍는 것을 도왔습니다.

매년 북촌에있을 때마다 (2015 년 이후)이 건물을 외부에서 존경합니다. 나는 마침내이 4 월에 그것을 조사하기로 결정했다. 나는 기뻤다. 내부는 외관만큼이나 매력적입니다."
11884871,5,,그들은 좋은 커피와 차를 마 십니다. 그들은 또한 토스트 (거대한 작품 - 두 사람을 섬기기에 충분)와 일부 케이크를 제공합니다. 매우 분위기를 reposing
11491954,5,,"아이싱마카롱 과 쿠키는 월요일에만!

오후12시 30분에 오픈입니다만 2시 넘어서는 재고가 없을때가 많아요.

잘팔리지만 품질유지도 잘되는 곳! 가격도 개당 2000원으로 일괄 입니다.

늘 애용하고 있습니다.

포장만 가능합니다."
11491954,5,,"이 작은 놀라웠습니다. Ingrid 것이 귀엽고 그녀는 마음을 쿠키를 만듭니다. 12(! ) 마카롱 형식을 모두 맛있고 좋았습니다. 서울에 있다면, 정말 추천 시도하십시오. 제가 가장 좋아하는 사람은 ""라시."
32976849,,,
7899611,5,,"들어가는 커피 숍에서 모든 직원이 도움이되었고, 나는 내 주문서를 명확하게 전달할 수있었습니다."
7899611,3,,"옛날보다 많이 고급화된 커피전문점으로 바꾸고 있는것같습니다.
롯데 엘포인트나 오케이케시백 시럽 앱 등에서 잘 찾으면 할인 쿠폰으로 커피 마시기에 좋은것같습니다.
한참 딸기 음료가 맛있게 나오고 행사도 많이해서 자주 먹었습니다."
7899611,5,,서울에 있는 수많은 커피 장소 중 하나입니다
7899611,4,,"롯데 본점은 항상 붐벼서 어디든 시끄럽습니다. 특히 면세점 쇼핑이나 윗층 식당가에서 식사를 하는 경우가 조용합니다. 탁틔여서 한가운데 있긴하지만, 지나가는 사람들 구경도하고 잠깐 쉬기 좋습니다."
7899611,4,,롯데백화점 소공점 12층 식당사에 자리잡고 있다. 항상 붐비기는 하지만 쇼핑하고 식당가에서 식사하고 커피 한잔 마시기에 부담없다.
7899611,3,,백화점 갈 때 들리는 곳인데 항상 사람이 많아서 붐벼요. 커피원두맛은 적당하고 베이커리 맛도 적당해요.
34175343,5,,길가다가 예쁘게 생긴 베이커리가 있어어서 드리게 되었어요
34175343,5,,인생소금빵이에요 ! 너무 맛있어요 한번 먹으면 멈출수가 없어요 계속 들어가요
3911536,4,,"서울시내 충무로역 5호선 출구에서 나오면 보이는 스타벅스 충무로점.
좌석많고 사람들도 적당히있고 직원들 친절합니당.굿굿"
3911536,4,,충무로에 있는 회사에서 근무하는 친구와 점심을 먹고 커피와 디저트를 먹기위해 방문했어요 1시쯤 점심시간으로 사람들이 많았지만 음료는 빠르게 나왔어요 직원분들도 친절하고 빠른서비스로 만족스러웠어요
3911536,4,,"충무로역 근처에 있어서 유동인구가 많고

사람이 항상 많은 곳입니다

활기넘쳐서 좋다고 볼수도 있겠네요

그래도 한 자리에 오래 앉아서 스터디하는 경우는 보기 힘들고

업무상 간단한 미팅이나 혼자 약속시간 기다리는 분들이 꽤 많습니다

대한극장 자주갈때만해도 꽤 자주 갔었는데 요즘은 자주 못가네요

커피 맛이나 매장 분위기 등은 다른 스타벅스 매장과 비슷합니다"
3911536,4,,"Seoul, Seoul, South Korea"
3911536,5,,"위치상, 사람이 항상 많다. 조용한 분위기를 원한다면 다른 카페에 가는 게 좋다. 위치 이점이 가장 크다."
3911536,4,,스타 벅스가 내 인생이야. 커피를 위해서가 아니라 사탕을 위해. 나는 스타 벅스 푸딩을 모두 좋아합니다. 다른 나라에서는 푸딩이 다르므로 모든 유형을 시도해야합니다! ! !
3911536,3,,"스타벅스 입니다. 이 처럼 스타벅스. 이 작은 것, 하는 수백 개의 스타벅스 같은 커피를 다릅니다. 체크 아웃하고 멋진 센트럴 시티 근처에 있는 스타벅스 의 하나."
3911536,4,,좁은길가에 있어서 쉽게 지나칠수있다 문도 작다. 안은 아주 넓다. 사람들이 늘 북적인다. 다른매장과 달리 학생들이 공부하며 자리채우는일은 별로없다. 솔로들이 와서 앉은자리도 있고 단체가와서 앉을자리도 있다. 쇼파들이 있고 주변과 파티션이 있어 아늑한 느낌과 편안함을준다. 그냥 푸근한 느낌이다. 조용하지는 않지만 시장처럼 시끄럽지도 않다. 이상하긴하다. 커피맛은 다른 스벅과 동일하다. 바리스타의 능력은 중급. 크레마를 기대하기 어려운점은 기술부족일거나. 그럼에도 좋은집이다. 이곳이 전세계 체인점 3000번째라는 명판도 붙어져있다. 중요한건 아니지만. 주변에 커피집이 무지많은데 이곳이 가장 아늑하다. 좋다.
3911536,4,,"밖에서 보는것보다 내부가 훨씬 큽니다. 
그래서 언제나 사람들이 꽤 많습니다. 
스타벅스는 텀블러를 가지고 가면 200 원 할인됩니다.
그래서 전 오늘의 커피 벤티사이즈로 4000 원에 텀블러 가득 담아 하루종일 마십니다.  ^^"
3911536,4,,스타벅스. 안에 충무로라는 특징을 살린 여러 영화 포스터가 있어 구경하는 재미가 있습니다.
3911536,4,,은근 넓은 매장이고 친절한 직원들이 있는곳이다. 커피도 항상 정성스레 내려주고 인테리어가 중간중간 다르고 의자나 소파형태도 달라서 골라서 앉을 수 있다는 장점이 있는곳이다.
3911536,4,,1층에 위치한 이 매장은 적당히 큰 규모입니다. 직장이 근처에 많아 사람이 항시 북적입니다. 커피도 참 맛있습니다.
3911536,3,,접근성이 좋아서 편하게 가게 되는 곳입니다
13236518,4,,메뉴가하나같이예쁘고맛잇어요 후르츠산도크림이정말맛잇었구요 크림올라간커피도맛잇어요 다만테이블이좀불편해요
13236518,4,,"후르츠케잌, 비엔나커피, 순두커피(자체 메뉴인 듯. 바닐라 시럽과 크림이 올려진 아메리카노. 아이스만 가능) 모두 극강 크림맛으로 커버된다.
크림이 기포가 충분히 구석구석 섞여들어가 매우 부드러우면서 적당히 단맛으로 고급스럽다.
인쇄소같은 작은 사무실이 있을 것 같은 공간 2층에 위치해 있어서 찾기 어려울 수 있다."
13236518,4,,totally for instagram
13236518,3,,"하도 인터넷에 사진 이쁘게 나와 기대하고 친구들이랑 방문. 
처음에 찾기가 좀 힘들수도 있는데 어쨋든 올라가면 유리문 넘어 사람들이 오순도순 앉아있는게 보인다.
규모가 작고 테이블 대신 의자겸 블럭 같은걸 나서 자유롭게(?) 앉을수있다. 
대신 편하게 앉거나 오래 앉을수는 없다. (쿠션, 뒷받이 전혀 없음)
후르츠산도랑 여러가지 음료수 시켰다.
후르츠산도는 너무 달지 않고 과일도 여러가지로 한개씩정도 들어있다. 거의 크림이 큰 비중을 차지한다.
커피랑 티 종류도 맛이 나쁘지 않다.
하얀 인테리어에 사진 찍기 좋은 세팅이다.
주위에 있으면 한번 가볼만한데 다시 갈 계획은 없다."
13236518,5,,"정말 특이한 곳에 위치해있고, 심지어 2층
간판도 작아서 몇번을 지나쳤는지..
생각보다 더 작은 규모였고, 매장은 아기자기하고 독특하다.
특히 후르츠산도는 정말 맛있었다!"
33401625,,,
9177411,5,,먹어본 모든 빵이 항상 맛있었어요. 최근에 나온 메뉴로는 명란치즈빵이랑 앙버터가 참 맛있었네요. 팔고 있는 샌드위치도 양질이고 알차서 한끼 점심으로도 추천해요
9177411,4,,맛잇어요 대부분 메뉴가 다 맛잇어요 그렇지만 비싼게 제일 단점이네요 빵 치고도 너무 비싸요 조금만 더 저렴하면 좋겟네요
9177411,4,,매장이 그렇게 크지 않은데 손님많고 직원도 많아요. 빵들이 가격이 좀 있는 편이지만 맛은 좋습니다. 케익도 너무 달지않고 맛있어요.
9177411,3,,"근처 애용하던 제과점의 슈크림빵 품절로 대신해서 방문했던 김영모과자점,
구입하려던 슈크림빵이 다행이 몇개 남아 있어서 구입후 먹어보았습니다.

빵은 부드럽고 좋았는데, 중요한 슈크림이 제 입맛에는 맞지 않았네요.
보통 커스터드 크림의 크리미함에 바닐라향의 맛을 좋아하는데, 이곳은 레몬향이 많이 느껴졌고 크리미한 느낌도 적었습니다."
9177411,4,,마늘바게트랑  몽블랑  그리고  샌드위치  이집의  인기메뉴입니다  유명한만큼  맛있어요 가끔품절도 되요
9177411,4,,매장이 좀 작아요 빵은 맛잇어요 대부분이 다 맛잇네요 몽블랑이 유명해요 가볼만한 집이네요 친절해요
9177411,3,,"개인적인 의견입니다.

체인점 빵들에 익숙해서인지 몰라도 나름 유명호텔 빵들도 많이 먹어봤지만
특별히 맛있다거나 고급스럽다는 느낌을 받지는 못했어요. 
제가 이상한가 싶어 여러번 가봤지만 마찬가지였네요.
오래된 인테리어에 전형적인 소문난 유명빵집 같은 모습인데, 다른 유명빵집들에 비해 매우 협소해서
앉아서 먹을 공간은 없습니다. 

그러나 대체로 인기가 있는 집인거는 확실해 보입니다."
9177411,4,,"집이 근처라 자주 감. 비싼데 맛있음
지금도 갔었는데 무료 시식도 많이 있음.

유명한 만큼 이름 값을 함"
9177411,5,,처음 이곳 빵집을 방문하면 특별한 것이 없다. 하지만 이곳 빵들을 먹다가 다른 프렌차이즈 빵집들의 맛을 보면 확실히 차이가 많다. 빵의 쫄깃함이 높고 다른빵집에 비해 달지도 않고 신선하다. 대신 빵을 구입하고 나서 1~2일동안에는 먹는게 좋다. 쉽게 상할수도 있기 때문이다. 품격이 다른 빵집이다
9177411,4,,"9호선 신반포역 4번출구 나가면 보이는 상가 건물 1층에 있습니다. 
해당 지역에서 상당히 오래된 유명 제과점이고요.. 특히 케잌류가 맛있습니다. 늦게가면 잘 나가는 케잌은 사기 힘듭니다. 다른 빵이나 과자류도 맛이 괜찮습니다."
9245827,3,,"스타벅스 종각점입니다.
종각역 음식점근처에있는 스타벅스입니다 
사람들은 많은편입니다  
잠깐들렸다가 가도 괜찮아요."
9245827,4,,"지하철 1호선 종각옆, 을지로 종로 광화문에서 접근이 용이한 종로타워 1,2층에 위치하고 매장 면적이 넓습니다 실내는 쾌적하고 food종류도 많고 teavana 차종류도 다양합니다"
9245827,3,,"스타박스종각점, 주변에 많은 스타벅스가 있어요.. 여기도 사람들이 많은편이라... 자리가없으먄 주변에 있는 다른매장가는것도 좋아요"
9245827,4,,복잡한 동네에서 잠깐 편하게 방문하기 좋은 카페입니다. 커피종류가 다양하고 가격도 그렇게 비싸진 않은 것 같습니다. 디저트쪽은 조금 약한 것 같네요.
9245827,4,,"종각역에 스타벅스가 여러개 있는데, 이곳이 역에서 가깝고 층이 여러개라서 약속장소로 좋아요. 맛은 여느 스타벅스와 같습니다."
9245827,3,,이 동네에서 스타벅스 찾다가 암걸릴 뻔 4개가 다닥다닥
9245827,5,,"사람이 항상 많긴하지만 직원분들도 친절하고, 좋아요!
그리고 텀블러도 많이 있는거 같아서 좋아요"
9245827,5,,"사람이 좀 붐비긴 하지만 직원분들 하나하나 친절하시고, 또 음료도 빨리 나와서 참 좋은거 같아요 ㅎㅎ
정말 추천합니다 굿굿굿굿 ❛˓◞˂̵✧"
9245827,5,,"아침에 자주 이용하는 스타벅스입니다.
출근길에 커피한잔 하기 좋아요.
그리고 4층? 까지 전부 써서 자리도 많고 공부하기 좋아요."
9245827,4,,"종각역에서 올라오면 바로 보이는 스타벅스로 역세권이다.
맛은 ㄴ일반 스타벅스와 크게 다르진 않다.
나젱는 자리가 없으므로 일찍 가길 추천한다."
9245827,5,,"종로에서 자주 약속이 있어 식사 후 이야기 나누기에 적합한 곳입니다.

너무 카페가 대중화 되어 있어서 특별히 어디가 좋다고 할 순 없지만

제가 좋아하는 그린티 라떼와 함께 이야기 나누기에 적합한 곳입니다."
9245827,4,,"어느 스타벅스 지점이나 맛은 똑같은 것 같아요 ㅎ
갈때마다 직장인들과 학생분들이 너무 많으셔서 자리잡기가 힘든것 빼곤
위치적으로는 괜찮은것 같아요"
9245827,4,,종각 앞이라 항상 붐빕니다.  그래도 직원들이 대부분 친절하고 서비스도 빠릅니다.  대신 매장 자리가 2층에 있어 불편한 점은 있습니다.
9245827,5,,종로와 세종로 쪽에 한국어 간판이 재밌는 스타벅스. 어딜가도 같은 맛이라 늘 편하게 들리지만 특히 스트레스받았을 때는 초코칩모카프라프치노를 시켜서 생크림을 가득올려먹어준다...
9245827,4,,역 바로 앞에 위치해서 유동인구가 많은 편이에요. 오랫동안 앉아있그는 조금 시끄러울수도... 약속시간 전까지 커피 한 잔 하면서 기다리기 좋습니다. 좌석 수는 많아서 사람이 많아보여도 늘 한 자리쯤은 찾을 수 있어요
19801782,5,,"밀크티가 맛있다고 하던데,  커피도 맛있었다."
8587685,5,,"직원분들이 활기넘쳐요, 덕분에 손님도 기운이 돋습니다. 커피도 맛있고 쿠폰도 찍어줘요. ㅎㅎ 가격도 비싸지 않기때문에 점심후 가끔식 들릅니다."
8587685,3,,덕수궁 미술관 가는 길에 있어요. 아무래도 테이크 아웃 위주에요. 가격은 저렴한 편은 아니지만 커피 향이 좋아서 지나갈 때 가끔 들르게 되는 곳.
8587685,5,,"내가 처음 서울에 입력한 커피샵, 정말 좋았습니다. 
주인 (또는 관리자) 이 매우 친절했고 환대해 주었다. 이곳에는 정말 좋은 분위기가 매우 좋은 커피와 신선한 주스. 
이 곳을 추천합니다 서울에서 방문 중 커피 브레이크"
8587685,5,,직원들은 아주 친절하고 사랑스러운! 이 지역에 대부분의 커피샵에서 부드러운 체인 카페가 있는 곳이었어요.
8587685,5,,"Seoul, Seoul, South Korea"
8587685,5,,"시간을 들여 오는 당신을 원한다면 로스터 52. 주인 관리 얻을 수 있도록 최고의 커피 또는 음료. 커피를 마시는 경우 알코올 에 사용할 수 있습니다.
훌륭한 직원들, 멋진 음악, 멋진 분위기!"
4070793,4,,"매장 엄청 넓고, 뷰가 좋습니다~ 따뜻한 라떼에 창가 자리~ 책 읽거나 사색하기 좋은 곳입니다~"
4070793,3,,"수 있기에 좋은 곳입니다. 많은 학생들이 묵고 연구 때문에 좋은 분위기. 화장실이 조금 불편, 꼭대기 층에 있다. 또한 더러운! Understaff 된 것 같습니다. 

그 외에, 커피는 괜찮습니다. 필요한 경우에만 이 곳에서 시간을 보낼 필요 없이 커피 맛에, 이 곳이 확인할 수 있습니다."
4070793,3,,"홍대 부근으로 위치가 좋습니다. 홍대의 젊음의 거리를 느낄 수도 있는 곳입니다. 단, 커피의 맛이 아쉬움이 있습니다. 다양한 디저트가 있는 편이라 선택의 폭은 넓어서 좋습니다."
4070793,4,,"위치도 좋고 라떼 마시러 자주 들러요 
겨울이 되면 더 자주 갈거 같아요
할인받고 커피마시기 좋은거 같아요~"
4070793,4,,할리스 커피는 다른 체인점에 비해서 두루두루 맛있는 것 같아요. 커피도 좋아하고 추운 날씨에는 고구마 라떼도 좋아요. 홍대갈때 가끔씩 들러서 차한잔과 수다하기에 좋습니다.
4070793,4,,"여느 커피체인점에 비해 가격대는 저렴하지 않지만
올레kt할인이 되고 멤버십도 잘 이용하면 도움이 되고
다이어리 등 행사제품도 맘에 들어 종종 이용합니다.
새로나온 크림라떼도 맛있습니다."
4070793,3,,"매우 좋은 환경, 평균 직원, 평균에 못 미치는 커피. 아닌, 자리에 앉아 휴식을 취하기에 좋은 곳이었습니다. 깨끗하고 잘 꾸며져."
27934327,,,
17376167,5,,좋은 커피와 패스트리가있는 분주 한 카페
17376167,5,,화사가 도산공원 근처라 점심시간에 한번씩 다녀오는데 가끔 여기에서 카피를 마십니다. 할인도 많이 되고 직원분들도 친절해서 아주 갈때마다 기분이 좋습니다.
17713653,4,,"핫핑크로 무장한 맘마미아 카페
골목에 이렇게 쨍한 핫핑크로 외관이 꾸며져있고 나무들까지 어우러져있다보니 그냥 지나칠 수가 없는 곳이였어요.
역시나 예쁜만큼 웨이팅도 장난없었습니다.
디저트도 다양하게 준비되어 있고 역시나 맛있습니다.
1층과 2층의 다른 분위기로 카페분위기 만끽할 수 있었습니다."
12542963,5,,아름답지만 아직은 서울의 한가운데에 숨겨진 보석! 길고 바쁜 하루를 보낸 후 친구들과 나는 피곤했습니다. 그래서이 카페는 완벽했습니다! 그것은 또한 숨겨진 테라스 정원을 가지고 있었다. 그것은 절대적으로 화려했다! 또한 한국식 디저트와 차를 제공합니다! 그래서 얌! ? 확실히 다시 돌아온다!
12542963,5,,이것은 궁전 정원이 아니라 카페 다. 정말.
12542963,4,,"여기를 비원으로 착각하고 올린 리뷰가 뒤섰여있네요 -_-
이곳은 인사동길에 위치한 카페이구요, 
건물 2층에 위치해 있음에도 특이하게 오픈된 정원 형태로 꾸며져있습니다.   그래서 비밀정원이예요.
인사동이므로 평일에 가는게 필수
한과와 차도 팔고 커피도 파는데 커피는 절대 드시지 마세요.  완전 맹물입니다.
분위기는 좋으므로 햇살 좋은 낮에 가는것 추천입니다."
12542963,5,,"훌륭한 서비스, 정중하고 영어로 대화 할 수있는 능력. 좋은 디저트의 위에 좋은뿐만 아니라 편안한 장소."
9245616,4,,"코너에 예쁘게 배치된 카페여서 들르기 좋다.
잠시 차를 대고 음식을 받아나올수도 있어서 드라이브 스루 부럽지 않다.

크로크무슈와 오늘의 커피를 마셨는데, 커피는 잚 르겠지만크로크무슈는 맛있게 잘 해주셨다. 겉으로 보이는 휴게공간이 넓지 않아도 카운터 뒤쪽으로 공간이 많으니 쉬러 가기 좋다."
9245616,5,,넓어서 앉을 곳도 많습니다. 뒤쪽으로 앉는 공간이 더 있어 혼자 시간때우기 좋습니다. 분위기도 괜찮습니다.
9245616,4,,"창가에는 긴 바 형태의 테이블과 좌석, 매장 중앙에는 여러명이 한꺼번에 앉을 수 있는 대형테이블등이 있어 혼자와서 커피를 즐기기 좋습니다.
안락한 의자타입은 몇개 없으므로 긴 시간을 즐기는 분들에겐 적합치 않습니다."
9245496,5,,"식사 후 산책하거나 조용히 휴식하고 싶을 때, 도심 속 힐링을 찾는 분께 추천합니다."
9245496,4,,전형적인 스타 벅스는 좋은 크기의 좌석 공간을 가지고 있지만 아트 센터에서 이벤트가있을 때 상당히 바쁩니다. 재미있게 충분히 문자 그대로 서로를 마주하고있는 2 명의 스타 벅스 / 더 작은 하나가 교차를 가로 질러 단지있다.
9245496,4,,"예술의전당점보다는 자리가 많아서 자주 이용합니다.
주문이 많긴 하지만 바리스타들이 빨리 음료를 내어주시는 편이고요.
공연 전이나 후에 들러서 디저트 타임하기 딱 좋은 장소입니다."
9245496,3,,"예술의 전당 건너편에 있어서 오페라하우스 가는 길에 종종 들립니다.
근데 마지막에 갔을 때 불쾌한 경험이 있네요.
해외 신용카드를 쓰는데, 자기 맘대로 달라로 결제하더군요.
달라로 결제하면 내가 DCC 수수료를 물게되는데, 이 건 원래 사인하는 카드 주인이 결정하는 건데, 카운터에서 맘대로 달러 결제를 클릭하고서는 자기가 안 그랬다고 발뺌을 해서..."
9245496,4,,예술의 전당 초입에 위치하고 있어서 접근성이 좋습니다.일단 차로 이동할때는 예술의 전당에 차를 주차시키고 나와야 하지만 한가롭게 대중교통수단을 이용할때면 예술의 전당 들어가기 전에 들려 가곤 합니다.주변 스타벅스에 비해 규모도 크지만 인테리어에도 신경 쓴 흔적이 역력하며 분위기도 많은 사람들이 있지만 소란스럽지 않고 여유있게 차 한잔을 즐길 수 있는 곳입니다.
9245496,4,,예술의 전당 바로 앞에 있어서 찾아가기 쉬웠습니다. 다만 평일임에도 불구하고 자리가 거의 없을 정도로 사람들이 많았습니다.
9245496,5,,"예술의 전당 바로 앞에 있어요
조용하고 장소도 넓고 깨끗해요
쥬말에 오히려 사람이 없더라구요
이 부근에서 일하시는 분들 오는 곳인듯
커피맛도 똑같습니더"
9245496,4,,"스타벅스는 어딜가도 똑같지만.. 역시 자리 잡기가 쉽지 않을 곳이네요.
관광지 근처나 명소 근처 스벅은 늘 사람들로 북적거리는것 같습니다.ㅠ"
9245496,4,,클래식 공연을 듣고 난 후 가끔 방문하는 곳. 항상 사람이 많아 좋은 자리에 앉기는 힘들어요. 자리가 있으면 꼭 가는 곳이에요. 예술의전당이 보여 창밖 풍경이 좋아요.
9245496,5,,예술의전당근처에있어서미술관관람후가기에좋구요자리도넓고창도커서너무좋구요커피역시너무맛있습니다근데가격이조금비싸요
9245496,5,,"예술의 전당 앞에는 스타벅스가 두 개나 있죠.
어디든 예술의 전당 갈 일 있으면 꼭 들르게 되는 것 같아요.
스타벅스야 뭐 전세계적으로 맛도 동일하고
프로모션이나 카드 행사 이용하면 저렴하게 커피를 즐길 수 있잖아요.
그래서 늘 찾게 되는 것 같네요.ㅎㅎ"
9245496,4,,뭐 여느 스타벅스랑 똑같습니다. 장점은 자리가 넓고 시창이 크게 되어있어서 좋습니다. 으자도 푹신 합니다.
6960428,5,,워낙 맛있다는 추천을 많이 받아서 궁금했는데 초콜릿 하나하나마다 부드럽고 특색있는 맛이 있어 무척 만족스러웠습니다 강습도 하는걸로 알고있어요
6960428,5,,"한국에는 아직 초콜릿 전문점이 몇곳 없습니다.
초콜릿을 판매 하기도 하고, 강습도 하는걸로 알고 있습니다.
초콜릿을 좋아하는 분들께는 꼭 방문 해 보시길 추천드립니다."
23883548,,,
17657131,4,,커피 계의 애플이라 불리는 블루보틀커피
17657131,3,,"처음에 너무 놀랄만큼 사람이 많아 깜놀
첫날 갔다가 충격
한 달 지나니 좀 낫고
시간 흐를수록 갈만 하네요
근데 샌프란만큼의 맛이 안나요
뉴올리언스 싱겁고...
원두도 사왔는ㄷ 가격대비... ㅠㅠㅠㅠㅠ"
17657131,4,,"유명한 곳이라 궁금하던 곳이어서, 폐점시간에 임박해 줄서지 않고 맛볼 수 있어 잠니 들러봤어요. 오후 8시까지만이라 입장하면서부터 주문하는 순간 직원은 친절하게도 폐점시간의 압박을 주네요. 덕분에 빠르게 에스프레소 원샷으로 만족했어요. 제 입에는 특별하게 맛이 좋다거나 분위기가 좋은 건지는 잘 모르겠어요. 다른 맛있는 커피샵이 워낙 많아진 탓인가봐요."
17657131,4,,"성수지점 너무 사람많고 기본 1시간대기
실내는 목욕탕처럼 소리 울리고 계속 직원이 번호 부르는 소리에 정신이 하나도 없다.
맛은 그렇게 기다려야 할정도인지 잘 모르겠고  한번은 가볼만하지만 좀 시간지나서 시들해지면 그때 가보는걸 권한다"
17657131,4,,"한국블루보틀처음방문..
일본에서의첫방문보다더설레임.
성수블루보틀은사람이너무많아서펴일이고주말이고트라이어렵던데
여긴그래도기다릴만함.
주변한옥이랑너무잘어울림.
커피는..글세

내입맛엔아메리카노가너무심심하달까?
라떼는soso
뉴올리언스는음뇨색과맛의인지부조화?
단!
테라스석에서보는
삼청동의하늘은
그모든걸이겨버림!"
17657131,4,,"커피는 맛있었어요.

그런데, 빈티지 인테리어 별로 좋아하지는 않는지라...

 넓은 홀에 칸막이도 없어서...
조용히 오래 커피 마시기에는 좋은곳이 아닌거 같아요."
28152070,,,
9245876,4,,"서울시내 망원역점에 위치한 스타벅스
주변에 망원시장도 있고 다양한빵집들이 잇어서 방문하여 겸사겸사 방문하기좋아요"
9245876,3,,1층에 입구가 있고 2층에 테이블이 있는 매장입니다. 요즘 새로 생긴 화려한 스타벅스들이 많아서 그런지 여기는 살짝 옛날 느낌이네요
9245876,3,,1층은 좌석이 없고 2층만 있는 형태. 동네 스타벅스인데 시끄럽지 않았다. 다만 조금 어두운 느낌은 있었다. 무난하게 방문하기 괜찮은 곳
9245876,3,,"입구가 정문이 아닌 옆문으로 들어가는 느낌을 주는 곳에 위치.

1층,2층으로 구성된 매장으로 1층은 그다지 정돈되고 깔끔한 느낌을 주지못한단 느낌을 받았습니다.

직원분은 친절하게 주문한 음료를 전달해 주었습니다."
9245876,3,,"예전 스벅느낌
1층엔 자리가 거의없고 2층에 자리가 많아요
매장분위기와 청결 상태는 적당한 편이에요
망원역1번 출구랑 엄청 가까워요"
9245876,4,,지난주에 아보카도 블렌디드 처음 먹어보고 반해서 또 사먹었어요. 톨사이즈밖에 없는게 아쉬울 정도. 건강하면서 살짝 달달한 맛이 좋아요. 든든하기도 해요.
9245876,3,,"1층은 자리 되게 적고 2층이 넓어서 자리가 없어서 나온 적은 없어요, 망원역 근처에 큰 프랜차이즈 카페는 잘 없어서 여기 자주 갑니다. 음료도 괜찮아요."
9245876,4,,깔끔하고 조용한 매장이다. 망원시장 앞에 있고 옆에는 올리브영이 위치해있다. 점심시간에는 회사원들이 커피사려고 줄지어있었다.
9245876,5,,"스타벅스 망원역점은 6호선 망원역 출구 바로 앞에 위치한 2층짜리 스타벅스입니다. 2층에는 특히 공간이 넓고, 창가에 햇빛도 잘 들어 편히 쉬기 좋습니다. 
여자화장실은 스타벅스 2층 내부에 있는데, 남자화장실은 1층 상가 화장실을 사용해야해서 이것이 유일한 단점입니다."
9245876,5,,공부하는 학생들이 많은 곳. 망원역 1번 출구로 나오면 바로 있어서 만남의 장소로도 좋음. 망원동에 스벅이 있어서 좋네요.
9245876,2,,"2층이 넓으나 테이블 간격이 좁아요.
오래 앉아 공부하는 사람들이 많아 좀 답답하고
친구를 만나 수다 떨어야 할 땐 좀 부담스러움."
9245876,3,,"망원역 출구 근처에 바로 있습니다. 1층은 테이블이 몇 개 없는데..2층은 제법 공간이 넓습니다. 혼자 이용하시는 분들은 1층도 무난합니다.

메뉴나 맛은 뭐 다른 스벅 매장과 다를게 없고요. 유동 인구가 많지 않은 곳이라 붐비지 않고 약간 한가한 느낌이 좋네요."
9245876,4,,"입구랑 주문받는 1층은 매우 협소해서 작은 매장같아 보이는데 2층으로 올라가면 아주 널찍한 공간이 있어요~
건물 바로 옆에 주차장이 있는데 가끔 자리가 비어있을땐 운좋게 주차를 할수 있는 날도 있어요~"
9245876,5,,로스팅 하는 집들처럼 맛있는 커피는 아니지만 무난하게 먹을 수 있는 곳이라 가끔 들러요. 어플을 다운받으면 1년에 한번 생일쿠폰을 받을 수 있어요.
9245876,5,,매장이 넓고 의자들 디자인이 다양해서 다른 스타벅스보다 인테리어가 예쁜 것 같아요. 사람들이 많은 시간에는 자리 잡기 힘들긴 하지만 낮시간에는 괜찮은 편이예요.
9175962,5,,"다른데보다 부드럽더라구요..전통과자는 너무 딱딱해서 먹기가 힘든데
우유 버터같은걸 많이 넣은거같아요.추천해요"
9175962,4,,"제가 알기론 김포쪽에서 굉장히 오래 운영한 전통 과자집 입니다. 1965년부터라고 적혀있네요.. 생과자를 종류별로 나누어서 근 단위로 무게 측정하여 판매합니다. 
한근에 8,000 원 짜리도 있고 10,000원 짜리 이런식으로, 전병이랑 땅콩과자 등...종류가 꽤 많고요 비닐에 담아오면 포장까지 잘 해서 주시네요.  딱딱하기 않고 부드러워 맛있습니다."
7899492,4,,"Seoul, Seoul, South Korea"
7899492,3,,"카페 아래에는 한의원이 있고, 카페의 음료가 모두 한방에 근거해 만들어지는 곳. 이색적인 재미, 예스러우면서도 세련된 인테리어 등이 좋았다. 하지만 차 한잔에 1만원가량이라니 너무 비싼 감이 있다. 아무리 한방차라고 해도. 메뉴판에 한방차 설명이 있어서 자세히 읽어보고 주문했는데 마침 그게 안 된단다. 그런 게 여러 가지여서 친구들과 어이가 없어 했다. 게다가 실내가 너무 추웠다. 주차도 건물 밖 비좁은 골목에 해야 해서 불편했다."
15584937,3,,"메종 북악은 지인 추천으로 다녀왔는데요. 
우선 정말 다양한 종류의 크로와상을 볼 수 있는 곳이예요. 
빵 트레이가 아닌 바구니로 준비되어 있는 점도 이색적이고 좋았어요. 
역시나 크로와상은 보기 좋은 떡이 먹기도 좋다고 맛있었습니다"
15584937,5,,"마당있는 넓은 집을 개조한 곳입니다.
크로아상앙버터와 플랫화이트를 주문했는데 둘 다 너무 맛있었습니다
버터가 전혀 느끼하지 않았고 플랫화이트는 쌉싸름하게 진해 둘이 잘 어울렸습니다.
옥상에도 쉼터가 있고 집안의 자리는 여유있고 가족이 와도 좋게 긴 테이블도 있습니다.
가격은 성북동답게 비싸지만 만족스러웠습니다."
15584937,5,,"성북동 덕수교회 지나서 간장게장집 국화정원 옆에 위치.
일반 가정집을 개조한 카페인데 내부 인테리어가 맘에 들었다.
크로아상과 치아바타등 빵이 훌륭하고 커피도 한 몫을 하는집이다.
발렛 3.000원의 주차도 편리해서 자주 방문하고 싶은 베이커리카페다."
15584937,5,,"크로아쌍이 다양한 편이예요. 가격은 좀 많이 비싸다 싶은데... 맛이 좋아서 용서가 됩니다. 풍성한 맛이 좋아요. 편안하게 조용히 커피도 마시고, 빵도 먹을 수 있으니 좋네요. 브런치하기에는 메뉴가 조금 부족하긴 해요. 샌드위치 종류는 많지 않아요. 크로아쌍과 치아바타가 다양한 편이예요. 대중교통이 조금 불편한 것 외에는 좋습니다."
8909846,5,,"이것은 매우 낭만적 인 데코레이션 커피 숍입니다. 그들은 멋진 커피, 신선한 과일 주스와 사막 아이스크림을 제공합니다. 오랜 시간 동안 쇼핑을 한 후 휴식을 취하는 데 약간의 시간을 할애 할 정도로 추운 곳입니다."
8909846,5,,한국의 Bingsu는 당신이 거기에있을 때 정말로 다르다 - 그것은 그 진위 때문에 아마도 더 맛 좋을 것이다. 딸기는 달콤하고이 거대한 그릇 하나만 사람을 만족시킬 수 있습니다. 매우 맛있다. 나는 서울에 돌아올 때 다른 제물을 먹고 싶다.
8909846,4,,보통 카페에 가면 아메리카노만 마시지만 빈스빈스에서는 꼭 와플을 먹어요. 다양한 토핑이 올라간 와플이 맛있어요. 매장은 좀 붐벼요
8909846,4,,커피 보다는 디저트 종류가 맛있는 카페였습니다. 와플 종류도 좋았던 거 같아요.  더운 날씨에 잘 쉬다가 나올 수 있어 좋았습니다.
8909846,4,,명동@사보이 호텔에서 먹어본 것 중에 BeansBins 와플이 최고입니다
8909846,5,,"망고, 딸기 와플 과 커피 한잔 있으면 흐뭇해 지는곳. 커피 맛도 개인 적으로 좋아하는 곳 입니다."
8909846,4,,"우리가 서울 여행 동안 머문 호텔 바로 옆에는 5일간 무료 아침 식사를 이 곳에서 해결했습니다. 우리는 소시지, 계란, 토마토, 양상추, 버섯 와플과. 와플 완벽했고, 바삭한 밖에서 부드러우면서도 안에. 시럽 너무 좋았어요. 스크램블 에그 푹신하고 맛이 좋았고, 너무 채우기 했습니다!"
8909846,4,,언제나 먹어도 맛있는 와플. 과일와플 정말 맛있어요. 커피와 먹어도 후식으로 하기에 딱입니다. 케이크처럼 막 엄청 달지도 않고 적당히 달고 양도 적당합니다. 과일이랑 와플이랑 이렇게 잘 어울릴줄 몰랐어요. 맛있어서 그런지 빈스빈스에는 과일와플을 주문하려는 여자들이 엄청많아서 북적북적임.
8909846,5,,"화려한 핫 초콜릿, 커피와 와플을 하루 중 언제. 넓은 공간과 테이블. 쉴 수 있는 좋은 장소, 자주 가는 곳을 충전할 수 있는 명동에 쇼핑. 이른 아침에 온 사람들이 가기 전에 10am. 7:30 이른 시간에 열립니다"
8909846,3,,평범한 커피맛을 맛있는 와플로 완화시켜주는 빈스빈스. 가끔 와플이 땡길때 방문하는 정도입니다. 가격 생각하면 자주 먹기는 어려운 감이 있네요
12826311,5,,"금요일 밤에 여기서 놀고있는 것을 정말 좋아했습니다. 코로나 바이러스로 인해 비어 있었지만 공간이 귀엽고 매력적이며 모든 Ryan 인형 동물, 램프 및 큰 인물에게 감사드립니다. 도넛, 마카롱 및 음료와 같은 귀여운 Ryan 디저트가 많이 있습니다. 나는 만다린 라떼를 먹었다. 나는 확실히 돌아와 앞으로 다른 디저트를 시도 할 것입니다. 아, 나는 램프를 너무 좋아해서 그것을 구입할 생각입니다."
12826311,3,,카카오 친구 관련 카페. 마카롱은 귀엽고 좋은 커피와 카페인이없는 음료입니다. 많은 사람들이 사진을 찍고 쇼핑을 중단하기 때문에 좌석을 찾기가 어렵습니다.
12826311,3,,"시간보내기 좋은곳입니다. 친숙한 라이언을 비롯한 캐릭터 상품을 한자리에 볼수있어 
시간가는줄 모릅니다. 까페도 있어서 커피한잔 하는것도 좋을것 같아요. 외국인들이 많구요. 가벼운 기념품 하나 사기에도 좋은것 같습니다."
12826311,4,,Honkik 대학교로 이동. 역. 덜 혼잡합니다!
8809379,4,,GFC 1층에 있는 커피빈이에요. 실내에 있는 테이블과 건물쪽으로 개방되어 있는 자리가 있어요. 흡연부스도 았어서 흡연자분들에게 좋아요
8809379,2,,코엑스 - 서비스가 최대에 미치지 않습니다.
8809379,3,,"(2015.11.12) C1 
커피 콩 중에서 많은 체인점 이다. 분위기 좋은 카페의 정보보다 중요한 것이다. 것 같아요. 이 카페는 분위기, 너무. 많은 사람들이 즐길 수 있는 떨림. 별로, 나쁘지 않아요."
23972830,,,
23181769,,,
7748380,4,,"커피향도 맛도 보통이상이며
당큰케이크도 견과류가 씹히는게 맛있는편
평일 오후 퇴근시간전에 갔음에도 꽉차있다
한옥이 참 구경하는맛이있으며
시간가는줄 모르고 즐길수 있는 카페"
7748380,5,,"커피 좀 마셔봤다는 사람들은 다들 알만한 명소다. 스폐셜티 커피로 유명한데 로스팅은 약한 편이라 향이 살아있다. 커피맛도 원두의 특징을 최대한 살리는 편. 먹어보기 힘든 게이샤 원두도 있다. 
한옥이라 분위기 있는 공간은 기본."
7748380,4,,Tran Quoc Tuan (Daniel)
7748380,4,,"모처럼 찾은 커피숍이 한옥을 개조한 집이라 편안한 분위기에서 좋았습니다. 에스프레소 맛이 독특했고, 한번쯤 더 가고 싶었습니다."
7748380,5,,"경북 궁역 팰리스 근처, 조용한 거리를 유지할 수 있고 여러 사람들이 다. 세 개 또는 네 개의 분리된 남서로 의 공간, 그 중에 야외 마당 같은. 그럼에도 불구하고 가격대비 가치는 조금 높은 커피를 추천 합니다. 내가 있는 동안 두 번 정도 서울에. 다시 가고 싶어요 -"
7748380,3,,"한옥으로 옮겨가기전에 주상복합 1층에 있을 때 자주 갔었는데, 그때보다 커피맛이 좀 많이 변했네요....오랜만에 나무사이로 가자 하고 저녁시간 때 친구랑  방문했는데, 카페 분위기는 훨씬 좋아지고 한옥공간 활용도 너무잘해서 아름다운데... 주말이라 손님이 많아 그러셨는지,.... 카푸치노랑 아이스라떼 주문했는데, 원두탄맛이 나고 텁텁해서 커피향도 맛도 좀 많이 별로 였습니다. ㅜㅜ 솔직히 나무사이로 한가격 하는편인데... 컴플레인 하고 싶었는데 너무 바뻐보이셔서 그러진 않았어요.. ㅜ 예전엔 커피맛 예술이였는데 ㅜㅜ"
7748380,4,,"커피와 차, 그리고 술까지 판매하는 카페이다. 종로에서는 커피맛이 맛있기로 유명한 카페로 인기가 좋다."
7748380,5,,"제 생각에 이 카페 이 가장 아름다운 곳이 차나 커피 한 잔이고,. 첫째. 저는 정말 정말 좋은 그냥 일반 건물, 전통적인 한국 이 - 스타일 건물. 그래서 꽤 아늑한 느낌 였음. 또한, 할 때마다 본 하늘, 별 이 있었습니다! 이제, 음식. 게 케이크와 lassi (요구르트). 이 환상적인 맛! 저는 한 번 방문 한 이 카페, 거 먹어봐야겠단 같습니다. : D"
7748380,5,,커피에 기분을 담을 수 있다면 여기는 당연 최고의 기분ㅇ
7748380,4,,주말에 갔던 나무사이로는 커피 맛도 공간도 너무 좋았지만 사람이 꽉 차서 온갖 잡소리가 거슬렸음. 공간이 넓진 않아 목소리가 큰 몇몇 손님만 있어도 오래 앉아있기 힘들어진다. 나무사이로의 장점을 제대로 느끼고 싶다면 주말보단 한적한 평일을 추천한다!
7748380,4,,"경복궁, 서촌 의 분위기를 그대로 이어 이지역만의 고즈넉한 분위기를 잘 살린 카페입니다. 작은 마당, 독립된 방, 테이블이 여러개인 홀 등 여러자리 중 골라서 앉을 수 있어요. 맛도 평균이상인데 가격도 평균이상... 그래도 자주 들르고 싶은 이쁜 카페입니다."
7748380,5,,너무 좋아하는 옛날 우리집 같은 공간...
7748380,5,,"이 곳은 내가 가장 좋아하는 카페에서 본 서울 최고의 카페들이 있습니다. 아름다운 전통적인 한국 스타일의 건축물과 독특한 분위기 뿐만 아니라 이 카페 특별한, 최고의 커피를 맛도 제공. 
서울에 올 때마다, 나는 여기 발을 최대로 해 결코 잊지 않았다. 서울에 갈 경우, 이 곳이 오 합니다. 여기에 묶인 만족시킬 수 있습니다. :)"
7748380,4,,"한옥을 개조해서 카페로 운영하고 있는데, 나름 운치가 있습니다. 커피가 맛있기로 유명한 곳인데, 원두가 대부분 산미가 있어서 커피의 신맛을 좋아하시는 분들에게 추천하고 싶은 곳입니다."
27743429,5,,"친구랑 성수 둘러보다 우연히 들어오게 된 이니스프리 성수는 팝업의 성지라더니 이니스프리도 팝업 한네요
기존 이니스프리 매장 하곤 다른 색다른 건물에 신기하기도 하고 아기자기하고 귀여운 그림에 이끌려  구경했어요 
카페까지 같이 하는지 몰랐는데 제품하고 카페하고 같이 하는 매장이네요
넓고 쾌적한분위기 숲에서 힐링 하는 느낌입니다
카페가 있는지 모르고 음료를 들고 들와서 미안했지만 ㅎ 민망한 분위기는 아니였어요! 편하게 볼수 있는 분위기~다음엔 귀여운 디저트를 먹어봐야겠네요"
27743429,5,,"지나가다가 우연히 들리게 되었는데 너무 좋네요~
공간도넓고 화장실도 깨끗합니다ㅎㅎ
이니스프리는 화장품만 하는줄알았는데 카페도있어요!
혼자간거라 아메리카노만 먹었지만다음엔 친구들과 방문해서 케익하고 파르페 먹어보려구요!
화장품도 다양하게있어요ㅎㅎ"
15190396,4,,"1층과 2층으로 되어 있는 멜로워
외관부터 독특해서 입구에서 두리번 거리게 되요
베이커리류도 다양하게 되어 있고 음료도 종류가 엄청 났어요 그 중에서도 뉴트로 크림라떼가 정말 맛있어요
분위기도 예쁜 멜로워"
15190396,4,,"식사는 여러 곳을 돌아가면서 하더라도
카페는 꼭 이곳을 오게되는 거 같다.

우선 직원들이 매우 친절하다.
이보다 더 친절한 직원들은 본 적이 없다. 월급을 많이 받을까...?

베이커리카페로 유명한데 빵들도 매우 이쁘고 맛있다.
매일 갈 때마다 새로운 걸 도전해 볼 수 있어서 좋다.

공간은 매우 넓고 2층에도 좌석이 있기 때문에

방문시 자리가 없어서 다른 곳을 찾은 적은 없다."
12694274,5,,당신이 소니 천사 (일본 캐릭터)를 좋아한다면이 카페를 좋아할 것입니다. 찍을 귀여운 그림이 많기 때문에 카메라를 가져 오십시오.
12694274,4,,"얘야 엔젤 테라스, 아주 귀여운 테마 카페. 홍대 근처에 새롭게 문을 연 입니다. 그리고 마지막으로 방문할 기회에 대해! 도착 시 카페, 옆에 있는 분홍 쉽게 인식할 수 있기때문에 반 입구. 귀엽고 사랑스러운 장소는 아주 아주 좋은 사진. 후에 카페가 있고, 수는 포토 스팟 준비되어 있습니다. 제가 촬영 한 사진 이 카페는 롯 hahah. 

가 커피, 음료 디저트, 카페는 아이스크림이. 저는 티라미수 와 커피와 디저트. 티라미수는 맛있었어요! 할 수 있고, 하기도. 엔젤 의 상품도 판매는 얘야, 잔 등, 생수, 열쇠. 전반적으로 좋은 환경의 경험이 오, 이 친구들과 만나서 좋은 곳입니다. 많은 고객이 있을 때, 줄 을 볼 수 있게 하는 주문. 그러나. 생각 할 가치가 있는 것이 다. ^^"
17329409,5,,"디타워에서 식사하고 내려오면 1층 테이크아웃 골목에 있습니다.
매장은 작고 테이크아웃만 가능하지만 종류는 다양해요
꾸덕하면서 쫄깃, 달달한 쿠키입니다. 
한손엔 커피들고 한손엔 쿠키들고 디저트로 딱입니다."
3938982,4,,저녁을 먹고 디저트로 먹기위해 던킨 도너츠를 구매했어요 토끼 그림의 패키지도 귀여워서 먹을때 기분이 좋아요 가격대비 만족스러운 도너츠예요 추천해요
3938982,3,,도넛들이 많아서 조금 늦게 가도 남아 있는 편이에요. 매장도 넓고 직원 분들도 친절합니다.
3938982,3,,유명 체인점 도넛도 맛있고 커피도 요즘 꽤 맛이 훌륭합니다 가볍게 도넛과 커피를 즐기고 싶다면 추천이요
3938982,4,,위치가 좋고 널찍해서 종종들르는 곳 사람이 많아서 친절은 기대하지 않음 위치가좋고 가기편한곳
3938982,4,,빠른 물린 자리는 궁전의 위병 교대식 을 봤을 때
3938982,3,,주말에 외국인 관광객이 너무많아서 자리가 없어요. 안에 자리가 없어서 테이크아웃해서 마셨는데요. 드립커피맛은 맛있음!
3938982,4,,"덕수궁 미술관 투어는 완료 이 조금 춥고 비오는 궁전 바로 옆에 있다. 확인. 던킨 도너츠 목록에 없는 경우에도 개인, 하지만 이 하나 더. 고급 커피, 했습니다, 그리고 빵이 더 우리 없습니다. 저는 일반적으로 선택적인 서양, 한국 사람들이 하는 모든 것이 일요일 아침에 흥미로운 현지를 파악할 수 있습니다. 좋은 음식과 가치가 있다."
3938982,3,,"이 곳은 많은 매우 위험한 정크 푸드 의 선택 지.
이곳은 화려하지 않고, 의도 되도, 이는 좋은 뷰가 시티 홀 창가에 앉아 감상하며 커피와 도너츠.
가격도 합리적인, 너무."
15632632,5,,"극동 아시아에 관심이 있습니까?
죽기 전에 가야합니다
 서울에서 'THE HOUSE 1932'.

역사가있는 집에서
‘THE HOUSE 1932’에서 가벼운 커피, 영양이 풍부한 빵으로 가벼운 아침, 점심 또는 간식을 즐겨보세요.
어린 시절 친구 사진"
15632632,5,,"서울로7017과 서울역과 가까워서 점점 더 많은 사람들에게 사랑받는 카페가 되어가고 있는 곳이다. 프렌차이즈 카페와 달리 역사적 흔적이 가득함 카페 공간 내 다양한 형태의 의자도 있고, 층별로도 분위기가 달라 함께 방문하는 사람들에 따라 경험을 달리 해보는 것도 좋겠다."
15632632,5,,"주택을 개조한 제법 규모가 큰 로스터리 카페입니다
커피는 묵직한맛, 산미가 있는 맛으로 원두를 고를 수 있습니다.
플랫화이트 맛있었구요, 디저트 케이크도 몇가지 있는데 스콘도 맛있게 먹었습니다.
테이블마다 거리가 있어 아늑하게 담소나누기 좋아요."
15632632,5,,"서운역 서부역 나와서 롯데마트 방면 길건너 만리재 좀 걸어가면 나오는 더하우스 1932
적산가옥 분위기 좋은 커피숍입니다.
커피도 맛있고 디저트(당근케잌)도 맛있었어요
서울역 아지트 결정!!"
12290143,5,,로비라운지 분위기도 좋고 케이크 구입했는데 직원이 아주 친절하게 잘대해주셨어요~ 다음에 다시 방문하겠습니다 감사합니다~
12290143,5,,아늑한 로비 라운지에서 노보텔 강남 + 우수한 서비스. 매우 편안한 소파. 모든 메뉴는 만족스러운 품질 좋은 &. 방문할 만하다. 저렴한.
9245382,3,,스타벅스는 좀 비싸다는 생각에 자주 이용하진 않지만 가끔 갑니다. 올림픽공원 북문 횡단보도 바로 건너편에 위치해있습니다
9245382,5,,큰 도로 앞에 주차 공간이 없어서 조금 불편하다. 공원에서 산책 후 나와서 사 드시는 분들이 많다. 체육회 직원들도 많이 이용하는 듯 하다
9245382,4,,좁은 매장에 조금은 빡빡하게 의자를 배치해 두었습니다. 공간이 협소해서 자주 찾지는 않지만 날씨가 좋을때 테라스에 앉으면 좋습니다.
9245382,4,,올림픽공원 앞에 대로변에 규모가 큰 카페들이 많은데 여기는 스타벅스치고는 매장이 그렇게 크진 않았어요. 그래도 평일이라 여유롭고 좋았어요.
9245382,4,,"지구상의 어디를 가던지 스타벅스는 똑같다...
당신이 매일 가던 그곳의 커피맛...
변하지않는 그대로의 커피를 원한다면
......선택하세요...^^☆☆☆"
9245382,4,,인테리어도 좋고 공간 활용도 잘 되어 있으며 맛있는 커피 한 잔 즐기기에 참 좋은 곳이라 생각 됩니다.
9245382,4,,"스타벅스가 여러지역에 골고루 있죠, 규모는 그렇게 크진 않아요, 그렇지만 서비스나 분위기 조명이나 콘센트나 와이파이나 든든하게 있어요. 직원들도 친절하고, 저는 주로 저녁에 많이 갔는데 그렇게 시끄럽거나 하지 않았어요 가끔 무리들이 오면 시끄러울 때도 있지만 괜찮아요 ^^"
9245382,4,,"이 매장은 올림픽공원 바로 근처에 있어서, 올림픽공원을 산책하고 방문하기 좋습니다. 낮에는 사람도 많지 않은 편이고, 혼자 온 분들이 많아 조용합니다."
9245870,4,,이쪽에 스타벅스 매장들이 정말 많아요. 여기도 괜찮습니다. 파트너분들 친절해요. 점심때는 붐벼요.
9245870,5,,"스타 벅스 체인은 서울에서 만나기 쉽습니다.
스타 벅스는 따뜻한 분위기에서 휴식을 취할 수있는 좋은 장소입니다.
걷는 동안 걸음으로 충전하십시오."
9245870,5,,위치가 독특하게 버스 정류장에 앞에 있어서 재미있었습니다. 매장도 굉장히 넓고 건물도 큽니다. 이렇게 큰 스타벅스에 사람이 많이 있다는 것도 신기하고 재밌었습니다.
9245870,4,,스타벅스 음료는 전 세계 어디를 가든 같은 맛을 내니깐 실망하는 법은 없죠. 항상 먹는 음료는 돌체라떼하고 바닐라라떼인데 잘 메뉴판에 안써있는 곳도 많더라구요. 스타벅스는 다 좋은데 디저트의 맛이 살짝 아쉬워요.
9245870,5,,아이스 아메리카노에 헤이즐넛 시럽을 추가한게 먹고 싶어 방문하였습니다. 다른 메뉴도 많지만 늘 이것만 주문하게 되더라구요
9245870,4,,스타벅스 의 좋은 방법. 좋은 점은 스타벅스가 전 세계에서 찾을 수 있다. 서비스는 아주 좋았습니다.
9245870,5,,"스타벅스는 언제나 만족이에요~ 브랜드이미지가 맛도 올려주나요,,? 스벅코는 마케팅을 참 잘합니다.!!"
9245870,5,,훌륭한 작은 커피숍. 로컬 및 모든 것. 같은 집에 있을 때 이다. 큰 베이글.
9245870,3,,"스벅이 이렇게 고즈넉한 분위기를 풍기다니!
 메뉴는 일반 스타벅스와 같지만 이곳의 특징은 1인석이 있다는 점, 그리고 높은 층에는 나름 밖의 분위기를 즐길 수 있다는 점이 있다. 1층서 주문하고 3~4층에 올라가 태평로를 느끼자!"
9245870,4,,"타 스타벅스에 비해 주변의 분위기가 좋다고 생각됩니다.
종로지역 특유의.. 현대와 과거가 어우러진 공간에 있는 스타벅스입니다."
9245528,4,,넓고 좋은데 사람이 너무 많아요ㅠㅠㅠㅠ 그만큼 위치가 좋다는거겠죠 ? 사람만 좀 덜. 많았으면 자주 갔을텐데 ㅠㅠ 그것만 아니면 아주 좋아요
9245528,4,,석촌호수가 정면으로 보이는 스타벅스 매장입니다. 매장이 정말 큰데 평일인데도 사람이 꽤 많아보였어요. 여유롭게 따뜻한 차한잔 좋았습니다.
9245528,5,,석촌호수가면 가끔들르는데 편하게 커피마시기 좋아요 ㅎㅎㅎㅎㅎ 직원분들도 친절해요^^ 앞으로도 종종 갈것 같아요 ㅎㅎ
9245528,5,,석촌호수 옆이라 전망이 좋습니다. 하지만 사람이 항상 많아요. 규모가 엄청나게 크고 적당히 편하게 앉아서 시간을 보내기에 좋은 곳 같습니다.
9245528,5,,"3층짜리 스타벅스는 흔치 않은데 이곳은 3층매장이다.
층수만 높은것이 아니라 좌석수도 어마어마하게 많다.
좌석도 다양하고 사람이 웬만큼 많아도 붐비지 않는다."
9245528,4,,"매장 자체가 빡빡하다고 느낀 적은 없음.
친구들을 종종 이곳에서 보는데
연인, 친구, 공부하는 등등 다양한 사람들이 있고
너무 조용하지도 시끄럽지도 않음.

커피마시고 석촌호수 한바퀴 돌기 딱 좋음."
9245528,4,,"주차도 가능하고, 석촌호수 바로 앞이라 방문하기 좋았습니다. 
항상 사람이 많아서 주문 전에 자리 먼저 확인해야 합니다. 
윗층에 올라가면 전망이 좋아요."
9245528,5,,주말엔 매주 북적이는 호수 전망 스타벅스
9245528,3,,"잠실이 롯데 중심이다보니 특히나 스타벅스 찾기가 힘든데 겨우겨우 네이버에서 위치 검색해서 방문했습니다.
물론 메뉴는 어딜 가나 똑같지만
사람들이 생각보다 많지 않았어요.
밤중에 방문해서 그런지 더욱 많지 않은 사람들 덕분에 조용히 잘 쉬다갔어요
다만 쇼파 의자가 다른 매장보다 많이 부족했어요"
9245528,4,,"지하철역이랑 붙어 있는거 빼면 좀
그냥 테이크아웃분위기
오래있을 분위기는 으니고 
그래서인지동네에 스벅있는지 모르는 사람도 많음"
9245528,3,,스타벅스는 어느 곳이나 지방 무지방우유를 선택할수 있어요 그래서 여기서도 무지방 으로 하고 모카도 초코 두스푼으로 했어요 친구가 청포도 블랙티 메뉴 했는데 처음 보는 메뉴였어요  둘다 맛있어요 . 자리는 석촌호수 근처라 자리에 사람이 많아요 청결하거 빠르게 나와서 좋아요
9245528,5,,"예전에 살던 동네라 자주 갔었는데 오랫만에 갔더니 2층이었던 스타벅스가 3층으로 바뀌었더라구요
여전히 뷰는 석촌호수라 너무 좋고 직원분들도 친절합니다"
9245528,4,,스타벅스야 맛과 가격이 어딜가나 비슷하지만 이 매장은 석촌호수 옆에 위치해 있어 창가 전망이 좋다. 주말이나 저녁시간에는 사람이 좀 많고 바로옆 중국식당때문에 매장앞에 사람이 붐비지만 실내 분위기는 좋은편.
9245528,4,,스타벅스 석촌호수점은 석촌호수의 좋은 전망을 취할수 있어 좋다. 많은 사람이 붐비어도 손님과의 만남에 크게 방해가 안되는 것이 편안한 분위기가 맘에 든다
27462825,,,
10677750,4,,커피를 주문하면 꽃을 주는 카페로 특히했다. 클래식음악이랑 인테리어랑 잘 어울렸다. 다만 오르막길에 있어서 뚜벅이에게는 자주 못갈것같았다.
10677750,5,,꽃 주는 카페로 유명해서 방문하게 되었습니다. 꽃은 덤이고 이카페가 주는 분위기역시 좋습니다. 냉정과열정사이 영화가 계속 나오고 드라이플라워도 걸려있고 ㅎㅎ 카페커피류는 비슷했고 모카사부라는 것도 맛있었습니다.
10677750,5,,"Kyeonglidan - 서울에 있는 유명한 거리 중 하나로 길, 나는 친구와 함께 가기로 했습니다. 나는 내 동생 의 추천을, 그 특별한 커피 의 맛이 정말 때문에 유명한 꽃. 

순간을, 할 수 있는 것이 꽃 가게 :) 및 신선한 꽃 flagrance 사랑 합니다. 

정말 좋은 것이었는데 mosabuka! 이곳은 차가운 커피, 그리고 핫한, 혼합 이 그냥 좋은 에스프레소, 우유 및 다양한 종류의 미묘한: d 추천! 
주인은 매우 친절하고 달콤한! 그 의미는 여성 전용 메시지를 통해 꼭다발과: d hahaha 에 있는 작은 이야기 했습니다. 

저는 카페, 로 따뜻한 환대를 :)"" 정 "" 이 있다고 느껴지는 것 이라서 특히 한국 사람이 겠죠."
10677750,5,,손님들에게 꽃을 주는 카페다. 사장님이 꽃을 직접 야시장에서 구해오셔서 그런지 꽃이 싱싱하고 오래간다. 티라미수와 모사부카가 맛있다. 경리단길 카페답게 분위기가 좋다.
9194866,4,,바나나우유카페가 있는 줄 몰랐다~ 일단 안에 인테리어와 디테일이 너무너무 귀엽다~바나나 라떼 한 잔을 시도했다~달콤하고 괜찮다~
9194866,4,,주위에 살고 있는 어머니들이 이 아이들이 주요 고객인 것으로 여기에 삼풍 아파트. 일반적으로 같다고 한 곳 입니다. 깨끗하고 성실한 음식을 즐길 수 있고.
9194866,5,,"메인 테마 카페가 유명한 바나나 우유가 노란색 입니다! 이 호텔은 동대문에 있는 쇼핑몰. 에 아이스크림, 음료가 바나나 우유 에! 가격이 조금 비싼 편이지만 거대한 팬. 나는 바나나 우유 셰이크 아이스크림이 너무 좋았습니다. 꼭 다시 묵고 싶습니다!"
3911376,4,,"서울시내 종로3가에 위치하고잇는 스타벅스
일단 유동인구가 많은 구역이라 많은사람들이 방문합니다. 좌석은  때에따라 유무"
3911376,4,,"친구와 윗층자리도 넓어서 자주 들려요
사람이 항상 많은 곳이긴한데
스벅이 있으면 먹기도 좋고 
쿠폰쓰기도 좋아서  이곳은 자주 들려요"
3911376,3,,생각보다 자리가 많아요.텀블러와 커피원두도 판매하고 있으며 서비스가 친절합니다.주변에 대중교통도 잘 되어 있어서 접근성이 좋아요
3911376,3,,"선물로 사용할 텀블러 구매위해 들렀습니다.
매장은 작고 사람은 많아 좀 복잡했지만, 텀블러 같은 상품들은 잘 구비되어 있어서 좋았어요.
봄 신상들이 화사해서 맘에 들었답니다."
3911376,5,,"종로3가에 자주 가는데 무난하게 들리기 좋은 스벅입니다.
위층에 자리도 많아서 가기 좋아용!"
3911376,4,,종로3가에 금은방 둘러보다 너무 힘들어서 잠깐 쉬었어요. 근처 커피숍이 많지 않아서 스벅 보니 너무 반가웠어요
3911376,4,,친구랑 종로삼가 선물 고르러 갔다가 들린 스타벅스~ 사람은 좀 많았다~ 향긋한 따뜻 티백 녹차 한 잔~
3911376,4,,"다른 스타벅스와 같은 맛, 그러나 붐비는 곳"
3911376,4,,"2층과 3층에 앉아서 커피와 케익을 즐길수 있는 자리가 마련되어 있음.케익종류가38,000원 37,000원수준으로 레드벨벳크림치즈케익이 38,000원(920g)/리얼바나나케익이 37,000원(950g)/xlfkaltnrk 37,000dnjs(840g)/자허토르테가 39,000원(900g)이며 커프종류는 5,000원 이상으로 다소 비싸지만 업무상 만남을 가질땐 괜찮을듯함
지하철 1,3,5호선에서 가까움
케익은 사전 주문이 가능함"
3911376,4,,종로가는길에  한번씩 가지만  갈때마다 2층은 붐벼요~ 맛은 어느곳이나 비슷하지만 교통이 편리해요
3911376,4,,"종종 가는 스타벅스 매장인데, 직원분들 무척 친절하십니다. 1층은 좌석 없이 주문만 가능합니다. 2층부터 좌석이 있다보니, 크게 북적거린다는 느낌이 없어서 좋습니다."
3911376,3,,"커피하면 스타벅스
시즌마다 바뀌는 머그컵도 살만하고 좋습니다.
종로인지라 사람도 많고 좀 정신없는 분위기 일떄도 있습니다."
3911376,5,,"역시 스타벅스답게 커피가 맛있습니다.
시즌마다 출시하는 음료도 맛있구요.
직원들도 친절하고 카페 분위기도 좋습니다."
3911376,4,,"흥미로운 점은 스타벅스와 커피 숍이 서울에서, 그들은 2 - 3 - 4 및 5 층을 올라가기. 산책을 통해 종로 오락 지역, 스타벅스 등이 올라온 비가 내리기 시작했다. 코너, 카운터 2 테이블 밖에 할 수 있는, 우리는 했지만 너무 더워서 schlepped 최고층 은 다른 층 위로 가 조금 더. 오더, 거의 한국말 하는 이야기로 에스프레소 샷 추가 하라고 했습니다. 확인. 나는 한, 그들은 어떤 종류의 에스프레소를 요청할 때, 고 2부터 나와 보드, 실제로 딩수단 요금, 그냥 말이 없어서, 당신은 여전히 일반 컵. 하지만 친절한 미소를 짓고 있어서 가치가 있는, 그래! 어쨌든, 다른 아무 것도 없습니다. 서울에 있는 일반적인 스타벅스."
3911376,4,,이 스타벅스가 가까운 호텔. 저는 보통 이들 중 들른 파올리다 기념품 찻잔 이나 컵. 커피는 일관성 및 서비스도 훌륭했습니다.
14391465,1,,디저트는 괜찮지 만 화장실은 정말 빨라요! 정말 역겨워! 이 장소를 다시 방문하지 마십시오! 지하철 5 호선에서 내리는 것이 편리합니다. 7 또는 8을 나갑니다. 거기에서 15 초 밖에 걸리지 않습니다. 그러나 너무 더러운
14957276,3,,"프릳츠 커피컴퍼니, 양재점.
양재역이서 도보로 5분 이내로 위치하고 있습니다. 매장은넓은편이나, 스콘류가 금방 쏠드아웃되서 아슀웠습니다"
14957276,5,,"아주 좋은 커피와 그들은 매일 빵을 굽습니다. 좋은 커피, 음식 및 멋진 음악을 즐기면서 첫 데이트, 회의 또는 일하기 또는 책 읽기에 좋은 장소."
14957276,4,,"공덕역의 프릳츠 커피만 가봤었는데 양재점도 색다른느끼미었어요
빵도 너무 맛있고 커피맛은 물론이고 직원분들도 친절하시고 공간도 넓고 양재역 근처라 접근성도 좋아요"
14957276,4,,빈티지느낌의 베이커리카페입니다. 양재역에서 안쪽에 있는데 인테리어도 감각있고 물개캐릭터도 재밌어요. 가성비도 좋아요.
14957276,4,,Tran Quoc Tuan (Daniel)
19266086,4,,카페이지만 상당히 메뉴가 다양하고 가격도 저렴한 편이다. 맛은 무난하다. 다만 불편한 점은 주문을 모니터로 해야 하는데 이게 쉽지 않다는 점이다.
9447681,3,,아이스 카페모카를 마셨는데 괜찮았어요. 대체로 가격이 저렴하고 양이 많은 편이에요. 스몰보단 미디움 사이즈가 적당한 거 같아요. 만족했어요~
9447681,4,,시청근처에 가성비가 좋은곳 중 하나일듯 맛도괜찮고 양이 엄청많음 아이스시키면 배부를 정도임
9447681,5,,아메리카노를 한잔 하기에 좋은 계절이지요. 이 커피집도 향이 좋아서 간간히 들리는데 일반 프랜차이즈 커피집보다 향이 좋습니다.
9447681,4,,"커피향이 너무 좋구요.. 맛도 있습니다. 
테이크아웃도 가능해서 걸어다니면서 마시기 좋아요."
9287292,5,,최고의 bingsu / snowflake 디저트
9287292,5,,최고의 빙 - 술 나는 지금까지 먹어 본
9287292,4,,"팥빙수집으로만 알고 있는 분들이 많지만 에이드, 스무디, 떡볶이 피자등 다양한 디저트 메뉴가  있습니다. 
인절미 빙수가 제일 유명하지만 티라미슈 빙수도 독특하고 맛있습니다"
9287292,5,,"전국에 체인점이 있어서 어딜가나 자주 만날 수 있지만, 최근 관광객들에게 인기가 높음. 눈꽃빙수가 달달하고 부드러움"
3973048,5,,도심에서도 좋은 위치라 방문하기 좋습니다. 매장이 넓은 편이라 좌석도 많고 자리찾기 편해서 좋습니다. 아이스크림이야 늘 맛있죠.
3973048,3,,"카페와 아이스크림이 모두 있어 선택의 폭이 넓은 편인듯 합니다. 커피 못 먹는 친구가 있어 일반 카페보다 괜찬은듯 합니다. 단, 매장이 넓은 편이긴 하나, 의자가 조금 불편하고, 사람이 너무 많을 때 시끄러운점이 있습니다."
3973048,4,,맛도 있고 멋도 있는 곳입니다. 31요거트와 쿠키 맛 아이스크림을 함께 먹으며 야경을 보니 좋네요.
3973048,4,,길에서 눈에 띄어 방문햇습니다. 매장이 넓고 천장이 넓은 것이 좋구요. 아이스크림은 다른 지점과 비슷합니다.
19094650,5,,이 곳은 놀라운 채식 햄버거와 빵집 제품을 제공합니다. 우리가 서울에있는 동안 우리는 두 번 갔고 치즈 버거와 아보카도 버거를 먹었고 둘 다 맛있었습니다. 홍대에서 걸어서 갈 수 있고 역 바로 옆에 있습니다.
23862760,,,
8970275,3,,"C (19.08.06)
약속을 기다리기 위해 커피를 마시 러이 카페를 방문했습니다. 카페는 나쁘지 않았고 가격은 합리적이었습니다. 에디 야 커피는 한국에서 큰 프랜차이즈로 여러 곳에서 운영되고 있습니다. 커피를 주문했는데 나쁘지 않습니다. 그러나 커피와 분위기는 스타 벅스와 같은 다른 에디 야와 동일했습니다. 서비스에는 문제가 없었습니다."
8970275,4,,합리적인 가격의 대형 커피 체인점. 좌석 수는 적당하고 주차는 불가능. 커피류도 괜찮은 편이지만 토피넛라떼 추천. 여러가지 음료와 디저트가 구비되어 있음.
8970275,4,,커피마시면서 얘기하기 좋아요 마땅한 커피숍이 별로 없는데 이디야에서 사람만나기 좋아요 가격이 좀 올랏어요 주차는 안됩니다
8970275,4,,카페 체인은 어딜가나 보통 이상이라는 게 좋은 거 같아요. 주로 테이크 아웃으로 이용하고 플랫치노 시리즈 중에서 먹는 데 맛있어오ㅎ
8970275,5,,"저렴한 커피 빵빵한 와이파이 맛있는 커피 편안한 자리..글쎄요..뭐가 더 필요 할까요.
서울숲 산책하거나 하기전에 간단하게 커피 한잔하기 너무 좋은곳 입니다."
8970275,5,,니트로커피 마시며 쉬기 좋아요. 접근성도 좋고 내부도 청결하니 이용하기 좋았습니다. 추천해요
8970275,5,,서울숲 산책 전후에 가볍게 커피 한잔 하기 좋습니다. 3층짜리 건물 전체가 이디야라서 찾기도 쉽습니다. 와이파이도 잘 터집니다
8970275,4,,"다른 곳 보다 저렴하고 한 층이 아니라서 좋아요.알바생들도 크게 불친절한것도 없고, 잘 이용하고 있습니다."
8970275,5,,"서울숲 인근의 3층짜리 이디야~
생각보다 좁지만 창가쪽에 앉아서 커피 마시는 분위기가 좋은 곳"
8970275,4,,"서울숲 앞에 있는 이 이디야는 3층 높이까지 매장이 있어서 혼자 있기에도 사람들과 함께가기에도 좋습니다
커피맛은 가격대비 괜찮고 저는 딸기요거트를 좋아하는데 그것도 맛있어요
직원들도 친절해서 아주 좋아요
애용하고 있어요"
8970275,5,,다들 아시는 이디아..저렴한 커피죠! 분위기도 좋고 와이파이도 무료고 서울숲 방문 후 친구들과 커피 마시면서 수다떨기 좋은 곳 입니다.
8970275,4,,"서울숲 가는 길 근처에 커피 전문점입니다.
3층까지 있지만 내부가 조금 협소한 편입니다.
그래도 맛있는 이디야 커피를 맛볼 수 있는곳입니다.
허니브레드도 괜찮고 서울숲 오고가면 편하게 들려서 차한잔 하기도 좋은공간입니다."
27525610,5,,"볼거리도 굉장히 많아 눈이 즐겁고, 평소 도넛을 좋아해 이것저것 음료와 함께 많이 먹었는데 감탄이 절로 나왔습니다! 디저트들이 분위기가 너무 잘 어울려요! 추억 쌓기 너무 좋은곳 무조건 추천드려요! 앞으로도 자주 자주 갈 예정입니다ㅎㅎ"
27525610,5,,"도넛 맛있고,  멋진 사진을 찍을 수 있는 곳입니다. 여행에 환상적인 추억을 더해준 것 같습니다.
서울 명동에 간다면 반드시 방문해야 할 곳으로 추천합니다."
16841536,4,,"요즘 가장 핫한 도넛 매장인거 같습니다. 
건물도 근사하고 내부 인테리어도 독특하고 개성있게 잘 꾸며놓았습니다. 
도너츠는 정말 다 먹음직 스러운데 크렘브륄레, 티라미수 추천 드립니다. 
미니 도넛을 제외한 도넛들 속안에 다 크림이 들어있습니다.  
달달한 도넛에 아메리카노는 정말 환상의 조합입니다 ^^
주말에는 웨이팅이 길어서 테이크아웃해서 근처에서 드시거나 가져가서 드시길 추천 드립니다."
16841536,5,,매우 분위기 좋은 카페입니다. 일본 같아요. 뭔가 일본 같은 분위기에 맛있는 커피랑 도넛이 너무 좋으네요. 한강진역에서 가까워서 좋았습니다.
16841536,5,,나는 월요일 오후에 방문했지만 너무 혼잡하지 않았습니다. 직원은 크림 br l e와 땅콩 버터 도넛을 추천했고 그들은 맛있었습니다! 너무 달지 않고 도넛의 질감을 좋아합니다.
16841536,4,,평소 충전 도넛이 아닙니다 .. 시도해야합니다!
3263885,3,,"모든 찾고 커피와 과자 이곳은 괜찮았어요. 집과 같은 맛, 홈 북한 경우 미국. 가끔 해외 여행을 당신이 잠시 매일 있는 것은 일단 필요할 때."
3263885,2,,"간단한 아침 메뉴와 커피로 구성되어 있고, 가격도 합리적인듯 합니다. 종종 애용해요. 2층은 무척 넓습니다."
3263885,4,,"아무래도 사람이 많은 곳이다보니

자주 붐비지만 그래도 매장은 넓고 좋습니다

대학 시험기간에만 피하면 될것 같아요"
3263885,4,,어딜가든 마찬가지이겠지만 다른 지점에 비해 2층으로 되어있어 장소가넓습니다. 청결하게 매장관리도 되어있고 종류도 다양합니다^^
3263885,1,,빈번한 여행자로서 우리는 전세계의 모든 시설을 방문합니다. 오늘 1230 / 오후 1 시쯤에 나는이 Dunking Donuts에 들어갔다. 그리고 무서운 서비스를 받았다. 카운터 뒤에있는 여성은 분노하고 공격적이었고 내가 트레이에 사려고했던 도넛을 던질 때까지 갔다. 이것은 관광객들에게 비통 한 행동입니다. 그녀는 사과에 대한 리뷰를 쓸 것이라고 말하면서 사과를 끝내었다. 불행히도 너무 늦었습니다. 그녀는 끔찍한 행동을했습니다. 나는 점장이이 스태프와 토론을하기를 진심으로 바란다. 나는 결코이 가게를 누구에게나 추천하거나 추천하지 않을 것이다. 놀랍군.
3263885,4,,도넛 맛있어요 부드러고 많이달아서 한두개정도 먹 기좋고 포장해서선물용 으로도 좋아요 커피는드시지 마세요. 넘 맛없음 ㅠ
3263885,4,,"매장 찾기 쉬워요
맛은 어느 던킨이나 똑같구요
언제나 손님 많아요
조용히 먹지느 못해요 거의 포장해가요"
3263885,3,,매장이 많이 좁아서 테이크 아웃을 해야하는 곳이고요. 사람들 이동량이 너무 많고 거리도 많이 복잡해서 들어갈 엄두가 잘 안나는 곳입니다.
3263885,4,,"지하철 출구 바로 앞이라 위치 좋아요 만남의 장소로도 많이 이용해요.
2층은 넓고 화장실도 깨끗하고 직원들도 친절합니다"
3263885,5,,커피는 내게 필요했던. 그들은 내가 유일한 곳은 걸어서 열 수 있습니다. 실제로 우리가 좀 전에 커피를 마시는 모든 것이 준비되길 기다리는 동안 할 수 있습니다. 맛있는 도너츠 했습니다 (당연히).
3263885,5,,"여긴 덕수궁 바로 옆에 있는 던킨도너츠예요. 아름다운 돌과 벽돌로 된 담장을 따라가다 미소뮤지컬에서 길이 갈리는데 던킨도너츠는 바로 모퉁이에 있어요. 가게가 무척 청결하고 도넛, 베이글, 샌드위치 종류가 무척 다양해요. 커피는 서울에서 어느 카페나 가격이 엄청나게 비싸지만 여기는 그래도 적당한 가격이었어요. 제 친구는 크림이 들어간 작은 도넛 4개 팩을 시켰는데 너무 맛있다며 호텔로 싸가기까지 했어요. 깨끗한 쟁반에 담겨서 나오고 작은 유리 뒤로 난 선반에 청결하게 진열돼 있어요. 누구나 직접 보고 고를 수 있어서 좋았어요. 궁궐에 가거나 공연 관람하는 길에 들러서 잠깐 쉬기 좋은 곳이에요."
3263885,4,,"숭실여대에서 700미터 정도 떨어져 있어 그런지 이 지점에는 도넛 종류가 엄청나게 다양했어요.

서비스도 빨랐어요."
9245337,3,,스타벅스 역삼역점. 주변에 다양한 커피브랜드샵이 있어요. 스타벅스도 역삼역에서 금빙위치하고있고 늘 만족합니다.굿굿
9245337,4,,"다른 스타벅스랑 다른게없었던 카페였어요
그리고"
9245337,5,,"스타벅스 명성답게 맛있는 커피를 즐길 수 있습니다.
지하철 2호선 역삼역 4번 출구에서 금방 걸어서 갈 수 있습니다.
매장도 청결하게 정리가 잘 되어 있어 좋습니다.
추천합니다!"
9245337,3,,"Seoul, Seoul, South Korea"
9245337,5,,"리저브 매장이고
지하철역 나오면 바로 있네요
약속 잡기 좋은 곳
일욜 아침 7시 오픈이라 일찍 약속 있을때
이용합니다
맛이야 뭐 어느 스벅이나 같으니까요"
9245337,4,,아보카도 음료가 맛있다고 하여 아보카도 블렌디드를 시켜먹어봤어요. 신기하게 톨사이즈밖에 없네요. 일단 색감이 예쁘고 아보카도와 요거트의 시원한 조화가 맛있었어요.
9245337,4,,"호주, 스타벅스 있도록 커피 여기 좋은 경험이었습니다. 내 파트너가 한국 그녀는 문제가 주문. 가끔 지원 주문 합니다. 일반적으로 직원들은 영어 또는 마르크스주의자에 항상 사진 옵션을 지점을 말합니다."
9245337,4,,"역삼역 바로 앞에 있는 이 스타벅스 매장은, 스타벅스의 프리미엄 브랜드인 스타벅스 리저브 매장을 겸하고 있습니다. 리저브 매장인 만큼 싱글 오리진 원두로 내린 커피를 맛볼 수 있고, 커피에 대한 직원들의 이해도도 일반 매장에 비해 훨씬 높아서 추천을 받거나 하기에 훨씬 적합합니다.
매장 분위기도 좋고, 커피를 즐기기에 주저 없이 추천할 만한 곳 입니다."
9245337,4,,"Seoul, Seoul, South Korea"
9245337,5,,역삼역 4번출구 바로 앞에 있는 스타벅스. 리저브 매장으로 분위기도 차분하고 직원들도 친절합니다.
9245337,5,,"주변 다른 스타벅스 매장보다는 리저브 커피 취급점이라서 테이블 같은 것들이 더 고급 스럽습니다.
호텔 맞은편이라서 외국인들도 자주 보이고, 오피스 근처라서 항상 사람들이 많지만 바리스타 분들이 친절합니다."
9245337,5,,"주변이 오피스 거리라서 거의 항상 사람이 많아요. 
주변에 호텔도 있어서 외국인도 꽤 보입니다.
바리스타들은 친절한 편이고 매장도 최근에 리뉴얼해서 편안하고 넓습니다"
9245337,3,,역삼역 출구에 바로 위치하고 있어서 약속장소로 정하기에 아주 좋은 장소입니다. 리저브 매장이라 인테리어도 고급스러워서 자주 찾게 됩니다. 역삼역 주변에 스타벅스가 굉장히 많이 있는데 이곳을 가장 많이 방문하는 것 같습니다.
9245337,5,,"스타벅스 역삼역점은 공간이 넓고 좌석도 많아서 오랜시간 머물기 좋은 곳입니다. 주중 오후에는 근처 보험, 부동산 등 어르신들이 많아 조금 시끄럽긴 하지만, 저녁시간때나 주말에는 한적하고 좋습니다."
9245337,4,,"역삼역에 일하러 자주 가는데, 일하다가 커피가 생각나면 들리곤하는 스타벅스 역삼역점.
조금 시끄러운게 단점이긴 하지만 편안하고 넓어서 좋은 곳이다."
9245517,4,,"백화점이 열지 않은 시간에도 열려있는 곳이에요.
오전에도 많은 사람이 꽤 있어요..
단독 공간은 아니라서 복잡하게 느껴질 수 있지만 괜찮습니다."
9245517,5,,"여기는 언제나 바빠서 기다려야 하는게 좀 아쉽네요
하지만 직원들도 친절하고 위치가 좋아서 자주갑니다"
9245517,5,,약간 시끌벅적한 분위기이긴 하지만 직원들도 친절하고 cgv앞에 위치한다는 게 무엇보다 편리합니다. 자주 이용하는 편이구요~ 추천!!해요!
9245517,4,,가격이 비싸기는 하지만 그 만큼 커피도 맛있어요. 공부하거나 친구들 만나기에 좋아요. 매장 분위기도 좋아요.
6818454,5,,크래프트 커피의 1세대 스탠딩커피. 경리단 길의 터줏대감으로 리즈너블한 가격과 편안함으로 언제나 한결 같은 맛을 낸다. 커피 외에도 시그니처로 알려진 블루레몬에이드도 일품이다.
6818454,4,,"Seoul, Seoul, South Korea"
6818454,4,,"나는 서울에서 너무나 많은 커피 전문점을 찾을 수있어서 놀라움과 흥분을 느낀다.

흑인과 백인의 스탠딩 커피의 커다란 간판은 다른 여행자를 만날 수있는 가장 쉬운 방법이었습니다. Noksapyeong 역에서 지하도 옆에 그것의 자유로운 WIFI와 매우 좋은 녹색의 latte와 더불어, 나는 아무것도 더 求 할 수 없었다! 2 개의 높은 테이블을 제외하고는 좌석의 측면에서 그다지 많은 부분이 없지만 고객은 대부분 밖으로 나가는 것처럼 보입니다. 분명히 그 지역은 현지인들 사이에서 인기가 있습니다. 나는 커피를 우리의 만남의 장소로 선정했기 때문에 기쁘다."
6818454,3,,"경리단 길 대로변이라 찿기 어렵지 않아요.
다른곳보다 커피가 조금진하고 쓴편입니다.
제입맛에는 별로지만 많은사람들이 즐기는듯 합니다.
주말에는 줄도 길더라구요.
가게는 따로 테이블이 있는곳은 아닙니다."
6818454,2,,이태원에서 경리단길 가는 길을 지나가다 사람들이 줄을 많이 서서 먹길래 무언가하고 봤더니 유명한 스탠딩 커피였습니다. 호기심에 한번 같이 줄서봤는데 크기만 크지 생각보다 맛은 물만 많이 넣어서 그런지 밍밍하고 별로였습니다. 또 사먹고 싶지는 않네요.
6818454,3,,"블루레몬에이드가 맛있는 곳이에요.
여기는 라떼도 유명해요. 라떼도 마셔봤는데 괜찮더라고요.
양도 많답니다.
여기는 테이크아웃을 하셔야해요."
6818454,4,,"유명한 집인 만큼 그냥 딱 메뉴얼 적인 맛을 보이는 집입니다. 나쁘지도 않고, 길 가다 더울때 마시면 너무 좋은 테이크 아웃 전문점입니다."
6818454,5,,"이 곳이 예전과 같이 사용하지 않습니다, 하지만 커피는 좋았습니다. 바리스타 들이 세심하고 해당 그의제조."
6818454,5,,"합리적인 가격, 개성 넘치는 스탠딩 커피"
6818454,3,,하도 유명해서 기대했는데 커피맛은 그냥 보통이더군요... 블루레모네이드가 유명하다고 했는데 계절이 안맞아서 그랬을수도 있어요.
6818454,4,,경리단길에 내리면 스탠딩커피 컵을 꼭 발견할 수 있습니다. 그만큼 많은 사람들이 찾는 곳입니다. 좁기 때문에 거의 테이크아웃해야합니다. 블루 레모네이드가 상큼하고 더울때 마시기 좋았습니다.
6818454,3,,개인적으로 가장 맛있다고 생각하는 블루레몬 에이드가 짱이예요. 말그대로 스탠딩 커피입니다. 자리없음 ㅎㅎ 밀릴때는 기다려야 하는 단점있음.
6818454,5,,"테이크아웃 커피
이태원가면 항상 마시게되요
같이 파는 쿠키도 맛있구요  시원한 아이스아메리카노 추천"
6818454,3,,"엄청 유명한 커피집입니다.
가게가 비좁아서 대부분 테이크아웃하는 손님이구요
유명해져서 이와 비슷한 컨셉의 커피집이 많이 생겼습니다.
좋아요. 추천합니다."
6818454,3,,여름에는 블루레모네이드로 유명한 이곳... 앞에 일부러 레몬껍질을 박스에 다 쌓아놓은건지 모르겠지만 길에 그렇게 내버려두는게 위생상 좋지 않아보였어요. 맛은 보통. 커피도 마셔봤는데 그냥 보통.
9386457,4,,나폴레옹 본점만 몇번 가봤는데 방배동에도 지점이 있어 반가웠네요. 맛있는 빵도 많고 위층에는 테이블 공간도 넓어서 좋았어요.
9386457,5,,나폴레옹 베이커리는 서울에서 몇 개의 지점을 가지고 있으며 나중에 알게되었으므로 도시에서 가장 좋아하는 빵집 중 하나가되었습니다. 단맛에서 맛있는 음식까지 매우 맛있습니다. 싸지는 않지만 돈을 쓸 가치가 있습니다.
9386457,5,,"두세종류 치즈 들은 치즈치아바타(?)를 제일 좋아하고, 구움과자류도 꽤 맛있는 것 같고 초코크림과 슈크림도 빵안에 가득해서 단 거 먹고 싶을 때 가끔 먹어요. 맛있습니다."
9386457,5,,다양한 종류의 빵과 케익을 판매하는 쾌적한 분위기의 빵집입니다. 초코크림빵이 몹시 맛있었습니다.
9386457,5,,고급스러운 분위기 만큼 가격대는 좀 있어요. 하지만 식빵이랑 초코빵이랑 모두 맛있어서 가끔씩 가게 되는 곳이예요.
9386457,4,,사실 다른 빵집에 비해서는 조금 비싸지만 가격대비 맛이 너무 좋아요 가족들 생일때에는 꼭 이곳에서 케잌을 구매합니다 고급지고 맛있어요
9386457,4,,여기 홍대인가 있는데 너무 멀어서 못갔는데 서래마을점을 가까워서 가끔가는데 단팥빵이랑 케이크종류가 괜찮아요 전체적으로 맛은 다 좋습니다.
9386457,4,,가격대는 조금 높은 편이나 오랜시간 사랑받는 만큼 맛은 보장되어 있습니다. 리모델링하고 나서는 테라스가 예뻐졌어요
9386457,5,,"케익들은 하나같이 맛있다. 다른데가 가격이 워낙 비싸져서 이곳 케익은 상대적으로 아주 비싸단 느낌은 없음. 
빵들도 괜찮긴하고 아이스크림샌드도 맛있다. 
2층엔 카페가 있어 바로 먹고갈 수도 있음."
3472833,4,,저녁에 약속시간이 남아서 잠깐 시간보냈어요. 분위기는 여느 스타벅스 매장과 비슷하구요 북적이지는 않았습니다. 아보카도블렌디드 매우 맛있네요.
3472833,4,,오늘은 따뜻한 아메리카노 한 잔 테이크아웃~선물 쿠폰으로 한잔의 여유를~ 그리 오래 기다리지 않고 바로 나와서 좋았다~
3472833,3,,체인점이라 커피맛은 똑같다고 보면됩니다.  다른 지점보다 외관이 눈길을 끌고. . 다른 곳보다 사람들이 많지않아 좋아요
3472833,4,,여기는 아직 사람이 많지 않아서 시끄럽지 않아요. 커피의 맛은 체인점 답게 다른 곳과 비슷비슷 합니다. 근데 쿨라임 피지오 주문했을 때 탄산을 가장 강하게 해달라고했는데도 불구하고 빼먹으셨더라구요. 뭐 .. 다시 만들어주신다고했는데 그냥 받았습니다.
3472833,4,,"시티머스 지역별로 다있는곳이에요
지방안돌아다니고 구입할수있어서 좋은 스타벅스
시청구경하면서 같이가면 좋을것같아요"
3472833,5,,조선호텔 옆에 있는 스타벅스는 다른 곳보다 조용해서 가끔 이용하는 곳이예요 특히 오전에 커피한잔 마시며 담소를 나누기에 좋은 곳입니다.
3472833,4,,건물외관이 한옥으로 되어 있어 굉장히 예쁘고 지나가는 이들의 눈길을 사로잡는다. 전국에서 손에 꼽을 정도로 예쁜 스타벅스 매장이라고 생각한다.
3472833,4,,"외부 모습부터 시선을 사로잡고, 내부 인테리어도 독창적이지만 스타벅스라는 브랜드와 어색하지 않게 해 놓은 것 같습니다. 상당히 편안하고 여유롭습니다. 리저브도 가능하니 메뉴 선택도 더 넓어졌네요."
3472833,3,,한옥 인테리어에서 먹는 스타벅스는 새롭고 맛있어요. 비오는 날 들리면 더욱 운치가 있어요.
3472833,5,,스타벅스이니 커피 맛은 보장되어 있고 다른 스타벅스와는 다르게 한국적인 기와가 돋보여 자꾸 가보고 싶은 스타벅스 입니다
3472833,5,,"걸어 다닐 때 하나의 멋진 거리로 서울, 고려 의 영역에서 북촌 과 궁전. 심지어 내리는 산악 하이킹 트레일, 훌륭한 위치입니다. 개방 시간은 정말 편리한 위치. 직원들은 언제나 친절하고 협조적이었습니다. 이곳에 여러 번 실망하지 마십시오."
28662734,,,
3972209,5,,"다양한 아이스크림을 즐길 수 있습니다.
콘으로 먹어도 컵으로 먹어도 다 좋습니다.
아이스크림에 더해 커피도 있습니다.
디져트로 최고인 것 같네요!"
3972209,3,,"아이가 어릴적부터  다니는 베스킨 라빈스 잠실점
교보문고 바로 옆에 있어서 집에 가기전
항상 드려서 테이크아웃으로 구매합니다
위치는 너무 좋으나 장소가 너~무 협소합니다"
3972209,4,,"어차피 아이스크림 그냥 사서 가는거라서 괜찮아요~ 지하철역에 바로 연결도 되고 편합니다, 퇴근시 가끔 들러요"
3972209,4,,"가끔 아이스크림이 먹고 싶을 때는 베스킨라빈스를 찾습니다.
언제나 옳은 선택! 어렸을적부터 지금까지 후회하지 않은 초이스 ㅋ 
이만한 아이스크림이 없습니다."
3972209,4,,잠실내 아아스 크림집이 많지 않아.. 완전 지하철 옆 롯데캐슬 지하 1층에 있어요. 좌석이 쫍긴한데. 사람들이 많지는 않습니다. 체인점이여서 맛은 따로 설명하지 않아도 아실꺼에요.
3972209,5,,"유명한 배스킨라빈스의 잠실 지점입니다.
잠실역과 매우 가까우며 민트초코칩과 레인보우샤베트를 자주 먹습니다.
맛은 아이스크림 특성상 다른 지점과 거의 동일합니다."
3972209,4,,체인점 아이스크림 매장인 만큼 가격과 맛은 타 매장들과 동일합니다. 잠실역에서 도보 5분정도면 방문 가능합니다.
3972209,4,,가장 유명한 체인 아이스크림 집이지요. 아이가 베리베리랑 레인보우사베트를 가장 좋아해서 다른 선택은 없네요. 가끔 행사할때 귀여운 아이템과 같이 득템하면 좋습니다. 인형이나 레고 같은.
3972209,5,,어딜 가나 배스킨라빈스의 맛은 똑같습니다.
3972209,4,,"뉴욕치즈케이크를 너무 좋아해서 가끔 들려요. 베스킨라빈스 잠실롯데캐슬점 직원분들 늘 친절하게 응대해줘서 좋아요. 그린티랑 뉴욕치즈케이크를 제일 좋아하는데, 늘 맛있네요."
3972209,4,,베스킨라빈스 잠실롯데캐슬점은 다른 지점과 품질이 거의 균일합니다. 아이스크림 특성상 그럴 수 밖에 없는 것 같습니다. .
9245739,4,,"스타벅스 을지로입구점
을지로입구역 바로나오면 매장이 있어요
규모는 작은편이에요, 직원들친절합니다.
자리는 많이 없어요."
9245739,1,,누가 스벅이 맛있다고 그러던가 불친절하고 커피도 싱겁다. 주변에 조금만 둘러보면 다른 스벅이 많으니 그곳을 이용하시길...
9245739,5,,예전에 파스쿠찌였는데 바뀌어서 너무 좋다 지하철역 바로 위라서 위치도 짱이다 늘 사람이 많아 자리잡기 쉽지 않다
9245739,4,,무난한 스타벅스 체인점 입니다. 그 이상도 이하도 아닌. 기대하는것 만큼을 채워주는 서비스.
9245739,4,,주말에 오니 많이 북적거리지도 않고 조용한 편이어서 좋습니다. 매장이 넓은 것도 새삼스레 느끼게 되고 직원분들이 굉장히 친절합니다.
9245739,3,,"오푸스 11 빌딩 1층에 위치하고 있는 스타벅스 입니다. 을지로 입구라는 위치의 특성상, 아침과 점심시간에는 주변 직장인들로 매우 혼잡합니다. 매장의 크기가 크지 않아서 앉을 수 있는 좌석이 상대적으로 많이 부족한 편이라, 테이크아웃을 하길 권장합니다."
9245739,5,,을지로 입구에서   나오면  입구 바로 근처에  있어  찾기가 쉽습니다. 일단 매장이  넓고  깨끗해서 가족들과 방문해도 좋을것  같습니다. 단 주차는 안되니 참고하세요.
9245739,4,,"을지로에 위치해 있어 사람들 만나기도 좋고, 편하게 차와 케이크를 즐길 수 있는 곳입니다."
9245739,4,,"예전에 파스쿠치여서 별로 안 좋아했는데
스타벅스로 바뀌어서 너무 좋다
을지로입구쪽 명동 출구여서 최고의 위치이다"
9245739,3,,을지로입구역 출구 바로 앞에 있는 건물에 위치해있어 접근성이 좋구요. 공간은 그리 크지 않아서 자리가 없을 때가 많은 거 같아요.
9245739,3,,"을지로입구 6번 출구로 나오면 바로 찾을 수 있다. 
공간이 아주 넓지는 않지만 약속장소로 잡기에는 괜찮다. 
늘 사람이 많기 때문에 시끄러운은 참아야 한다."
3864201,3,,"강남역 gt타워 건물 로비 1층에 위치하고 있는 
스타벅스
내부가 좁고 자리가 많지 않아서
테이크아웃이나 잠깐 들리기 좋은 카페에요"
3864201,3,,"회사 건물 로비에 위치한 스타벅스 강남점
조용하고 깔끔한데
내부가 굉장히 좁아서
오래 있기보다 잠깐 있다가기 좋은 스타벅스에요"
3864201,4,,회사 안에 있는거라 사람들이 오래 안앉아있어서 그런지 깔끔하고 적당한 백색소음덕분에 공부하기 좋은 곳이었어요. 근데 겨울엔 문 자꾸 열려서 추워요
3864201,5,,아무래도 밖에 간판을 달 수 없는 건물 구조이기 때문에 내부에 있는 사이렌 마크가 밖에서 잘 안 보이는 경향이 없지 않아 있음. 그래서 사람이 덜함. 꿀
3864201,4,,학원 근처에 있길래 가봄. 9번출구 앞에 다른 스타벅스 매장이 크게 있어서 더울 땐 거기에 손님들 집중되기 때문에 이곳에서 자리를 잡는 편임. 콘센트가 많이 없다고 느낄 수는 있음.
3864201,5,,"GT타워 1층 구석에 위치하고 있어서 의외로 여기 위치하고 있는지 눈에는 잘 띔.
하지만 그래서 강남역의 다른 스타벅스 대비 다소 한적하다는 장점이 있음.
매장은 작아요"
3864201,4,,"GT 타워는 강남역에서 한 블록 떨어져 있으며 Starbucks와 Paul Bassett와 다른 레스토랑들이 있습니다. 내가 정확하게 기억한다면 그들은 더 이상 현금을받지 않으며 다른 지불 만합니다. 좌석 공간은 매우 작아서 매우 인기가있어 좌석을 기다려야 할 수도 있습니다.
커피와 그 밖의 모든 것들은 스타 벅스에게는 평소와 같습니다."
3864201,4,,좌석이 별로 없기 때문에 특히 더운 여름에는 자리잡기 힘드실 수 있어요. 근처에 카페가 많진 않아서 더 그럴수도 있겠습니다.
3864201,5,,같은 건물 지하에 있는 안과를 다니기 때문에 자주 가요. 매장은 진짜 작고 자리도 별로 없지만 직원분이 친절해서 좋아요.
3864201,5,,"강남역 근처에 있는 스타벅스 중에 자리잡기 수월한 곳이 별로 없는 것이 사실입니다만, 여기는 오시는 분들이 다른 곳들처럼 많지는 않았던걸로 기억합니다. 창가쪽에 있는 스탠드 조명도 좋습니다.
다른 점포들보다 영업 마감 시간이 빠른 편이니 늦은 시간대에 가시려면 9번출구 앞에 몬테소리점으로 가시는 게 좋을 것 같습니다"
3864201,5,,요즘 다이어리 이벤트 해서..열심히 먹고있는 스타벅스입니다. 토피넛라떼 고소하니 맛있더라구요.
3864201,5,,스타벅스 요즘 크리스마스 음료 토피넛라떼가 맛있는거 같아요~ 다이어리 이벤트도 하고있어서 좋아요~
3864201,4,,역근처에 있어서 접근성 최고에요. 사람들 만나는 장소로 하기 너무 좋아요. 최근에 이쪽에 맛집들이 많이 생겨서 저녁먹고 커피한잔 하기에 좋은 장소입니다.
3864201,5,,"강남역 앞 GT타워 1층에 있습니다. 로비에 개방된 형태의 매장이라 좌석이 그리 많지 않지만, 강남역 최고 번화가에서 한 블록 정도 떨어져있어 한적한 편이라 좋습니다."
3864201,5,,건물 1층의 오픈된 공간에 있어 스타벅스 중 색다른 느낌입니다. 강남역 인근에 있지만 많이 붐비지 않아서 좋습니다.
13172783,5,,강남에서 가보고 맛있어서 또 찾아갔어요. 당산점은
13172783,3,,"엄청 맛있다고해서 찾아갔지만 생각보다는 별로였네요
얼그레이케이크에서 얼그레이 향이 안나요 맛은 있는데 그냥 커피랑 크림빵 조합이라 맛이 없을 수 없었던.....
단 인테리어랑 분위기는 최고였어요!"
26448982,,,
15234279,,,
9245720,5,,넓은 매장에 유리창이 탁트여서 쾌적해요
9245720,4,,친구와 대화를 나누며 간단한 식사를 하기위해 커피와 브리또 박스등을 주문했어요 곁들여져있는 호박샐러도 맛있고 좋았어요 언제나 만족스런 스타벅스인거같아요 추천해요
9245804,4,,"트윈트리 빌딩도 멋지고 , 매장도 괜찮아요"
9245804,5,,"지하철 3호선 경복궁역에서 가까워 걸어 갈 수 있습니다.
라떼도 좋고 아메리카노도 괜찮습니다.
분위기도 좋고 매장도 정리가 잘 되어 있어 좋습니다.
추천합니다."
9245804,5,,거의 20km를 걷다가 큰 정거장. 커피 프라페가 우리를 식히고 카페인도 좋아했습니다!
9245804,4,,얘기나누는 동안 차가 너무 식어서 뜨거운물을 요청드렸는데 정말 친절하게 주셔서 좋았습니다. 분위기도 많이 시끄럽지않고 괜찮았어요.
9245804,5,,음료로는 한국에서 가본 스타벅스 중의 최고!!
9245804,4,,"스타벅스는 항상 좋아요.
이곳 경복궁 근처 스벅도 깔끔하고 시설도 좋고
다 만족스러운 곳.."
9245804,4,,"Seoul, Seoul, South Korea"
9245804,4,,스타벅스 파트너들은 어느 지점이든 다 친절하지만... 이곳역시 친절도 최상이다. 페트병에 든 물이나 음료 종류를 주문하면 얼음잔을 준다!
9245804,5,,"경복궁에서 5분거리
의외로 조용하고 자리도 넓음
깨끗하고 직원들도 친절하고
경복궁 가기 전후로 쉬었다 가기도 좋아요"
9245804,4,,경복궁 담장을 바라보며 커피를 마실 수 있는 곳
9245804,4,,생각보다 넓어서 자주 가는 편이에요. 조용하고 실제 차마시기 괜찮습니다. 개인적으로 공부하거나 노트북하는 사람도 많고요
9245804,4,,다른 지점과 마찬가지로 분위기 좋은 커피숍입니다. 가격은 한국이 조금 비싼편인듯 하였으나 실내 인테리어가 좋고 조금더 안락한 시간을 보낼수 있습니다.
9245804,4,,경복궁에서 가까운 스타벅스! 관광객이 많아서 살짝이 시끄러움은 있지만 괜찮은 뷰를 볼수 있어요!
9245804,5,,경복궁 주변에서 커피가 땡길때 가기좋은 곳.
9245804,4,,경복궁역 바로 앞이라 앉아서 커피마시면 전망 즐기기에 괜찮음.  근처가 관광객으로 약간 소란스러운데 조용한 분위기 필요하면 들를만한 곳
9143255,5,,"아늑한 작은 카페, 나는이 카페를 매우 좋아한다 !!"
9143255,4,,"지역을 여행하는 동안,이 시간의 장소에서 휘어졌습니다. 그것은 아늑하고 기발한 것이었고 커피도 괜찮았다."
9143255,4,,"우리 고블린 flim 위치 여행 동안 pitche stop @ this 카페를 가지고 있었다. 우리 둘 다 모카를 주문하고 그것을 좋아합니다! ! ! 부드러운 부드럽고 유쾌한. . . . 반드시 카페에 가야만합니다.
내 남편과 같은 커피 속물 들어,이 카페는 자신의 콩을 볶는다. . . 단일 원본 및 혼합; 감기약, 에스프레소 등 모든 형태로 제공됩니다. . . 커피 애호가를위한 다양한 옵션이 여기에 있습니다."
9143255,5,,"내부 인테리어가 상당히 아늑함. 대형 점포의 카페들에서는 볼 수 없는 특이한 분위기가 있음. 가격은 전혀 저렴하지 않지만 자릿세라고 생각하면 이해가 가능할 정도. 혼자서 앉기 위한 자리도 있음. 화장실은 별도의 건물에 있고 괜찮다고 말하긴 힘듦. 
다양한 종류의 음료와 와플종류를 팔고 있으니 2인이상이면 와플 시도하는 것도 좋을 듯."
9143255,5,,이런 귀여운 커피 샵. 숨겨진 메인 거리 만 한 정거장. 독특한 예술 작품이 많이 있기 때문에. 커피도 훌륭한 선택!
9330929,5,,교대역 근처 카페중에 폴바셋이 가장 인기가 많은 것 같아요 스벅이랑 거의 박빙입니다. 아무래도 매장도 별로 없고 시그니처메뉴인 아이스크림라떼 덕분이 아닐까 싶네요. 역시 점심 식사후에 먹는 아이스크림라떼는 천상의 맛입니다 추천이요
9330929,5,,서울에서 나는 Paul Bassett에 갈 때마다 National University of Education 근처의 학교는 항상 바쁘다. 커피는 보통 때처럼 훌륭하고 티라미수도 그렇습니다. 커피 애호가에게는 필수입니다.
9330929,4,,"안쪽에 넓은 공간이 있긴 하지만 매번 붐빔!!
라떼와 아이스크림은 국내 최고 수준임!
반숙 계란도 별미임 인테리어가 좀 아쉬워 별 하나 뺌"
9330929,4,,커피도 타르트도 괜찮습니다. 주말에는 비교적 조용한 것 같습니다. 가게 안이 비교적 넓고 편안합니다. 아이스크림 종류도 괜찮아요.
9330929,4,,교대역이 자주 가는 곳은 아니라 친구를 어디서 만날지 모르겠을때 폴바셋에서 만났던 기억이 납니다.  한참 라떼가 맛있다며 추운날에도 아이스라떼 시켜먹었어요.
9330929,5,,폴바셋이 교대점에도 생겼네요. 매장도 큼직큼직하고 무엇보다 메뉴들이 워낙 맛있어서 좋습니다. 라떼류와 아이스크림류 정말 맛있어요.
9330929,5,,하이마트 문열기를 기다리며 커피를 마셨는데 역시 폴바셋 커피는 옳다.맛있다..가게내부도 청결하고 이른시간이나 직원들도 친절하고 햇살은 따뜻하고 조용하고 한가하고 맛있는 커피타임이 가능한 폴바셋 교대점이였다
9330929,4,,"교대역 사거리 위치해 있어 편하게 이용할 수 있고, 아이스라떼와 아이스크림은 언제나 맛있음."
9330929,3,,맛있는 라떼와 아이스크림을 즐길 수 있어요
9330929,4,,"(2015.12.14) 댐핑저항 
폴 바셋 은 항상 크고 깨끗하고, 좋은 분위기였습니다. 하지만 아직 많은 체인점이. 저와 제 아내는 가장 보다 좋아 다른 체인 카페. 이 카페 에는 큰, 현대적인 분위기였습니다. 커피 의 맛도 훌륭했습니다. 것 같아요. 좋은 검정색."
9245688,3,,비교적 아담한 사이즈의 스타벅스입니다. 의외로 붐비지 않아요.  바테이블에 앉아서 시원한 그란데 아메리카노 마시면서 시간보내기 좋았어요
9245688,4,,"익숙한 메뉴, 익숙한 분위기라 편합니다. 다만 주말에도 식사 시간 외에는 사람이 꽤 많네요. 요즘처럼 더울 때 들르기 좋습니다."
9245688,4,,친절하고 빠른 주문 좋아요 주차는 어렵습니다장소가 좁아서 자석이 부족할 느낍니다 다른 스타벅스가 마찬가지로 좌석이 별로 없어요
9245688,4,,"큰길 가에 위치해 있는 스타벅스로, 많은 회사원들이 휴식 또는 만남을 위해서 이 곳을 방문한다.
1층으로 되어있는데, 그렇게 넓진 않아서 자리가 부족할 것이다."
9245688,4,,늦은 저녁 마감이 얼마 남지 않은 시간에 방문하였는데도 진철하게 주문을 받아주고 아직 마무리할 것이 있다며 마감 시간 조금 넘게 더 있을 수 있게 배려해줘서 인상 깊었던 매장입니다.
9245688,4,,직원분들이 대체로 친절하시고 언제 어디서나 동일한 맛으로 즐길 수 있는 스타벅스 커피를 만날 수 있습니다~ 분위기도 괜찮은 편이라서 자주 찾게되요. 망고바나나 블렌디드를 추천합니다.
9245688,4,,역삼 세무서 근처에 위치한 스타벅스입니다. 역삼에 위치하여 항상 사람이 붐비는 점은 어쩔 수 없지만 품질은 다른 지점과 동일합니다.
9245688,3,,"C1 (2013.3.22)
사람들을 만나거나 커피를 마시기에 좋은 장소에요. 종업원은 매우 친절하고 다른 스타벅스와 마찬가지로 홀도 깨끗해요. 전세계 어느 스타벅스를 가더라도 같은 분위기와 커피를 즐길 수 있다고 생각해요."
26639286,,,
3972364,4,,"위치가 홍대 초입이다보니 항상 사람이 많은곳입니다.
줄서서 주문을 해야할정도며 가끔가다 이벤트날인경우
계산해주시는 직원분이 탈을 쓰고 계산해주는 
특이한 이벤트도 해주셔서 다른곳보다 재밌는곳입니다."
3972364,5,,홍대역에서 찾기쉬운 위치에 있어요. 아이스크림종류가 다른 매장보다 다양해서 평소에 좋아하는데 찾기어렵던 맛이 있어 정말 반가웠습니다!!!
3972364,3,,즐겨 먹는 배스킨라빈스 입니다. 홍대역점은 규모가 조금 큰 편이라 아이스크림 종류도 다양하고 아이스크림 케익도 다양하게 있어 선택의 폭이 넓은 편입니다. 의자도 있어서 여유있게 아이스크림 하나 먹기 좋습니다.
3972364,3,,친구들과의 모임에 아이스크림 케이크를 사러 들렀는데 배스킨하면 맛은 보장되어 있으니 고민없이 구입하였습니다. 직원분들도 친절하였구요.
3972364,4,,"홍대 골목으로 들어가기 전 만나기 좋은 장소...
혹은 아이들과 지나가다 맛있는 아이스크림을 하나씩 손에 들고"
3972364,3,,"아이스크림 맛이 아주 간단한, 하지만 분위기가 아주 귀여운 장식... 눈 보다 입이 더 다."
33288454,,,
15815206,5,,C 중 하나는 내가 여기 서울에 왔을 때 최고의 커피를 마셨다. 매우 친절한 직원과 아늑한 분위기. 위치는 홍대 인근이지만 너무 혼잡하지 않습니다.
12881535,4,,"을지로4가 역에 있어서 동대문 방향으로 걸어갈 때 들르기 좋습니다.
직원분들이 친절해서 기본 좋고요.
낮아서 먹을 수 있는 테이블도 있지만, 대부분 회사원들이 방문하기 때문에 테이크 아웃을 많이 합니다.
카야잼 바른 토스트와 커피가 무척 잘 어울립니다."
33219082,4,,한국인에게 인기는 있지만 관광객으로는 너무 많지 않다.
9287266,5,,설빙은 진리지요 역시 최고로 맛있습니다. 빙수 뿐만 아니라 사이드 메뉴까지 다 맛나요. 점점 설빙 매장이 없어져서 아쉬운데 교대점은 오래오래 있었으면 좋겠습니다
9287266,4,,확실히 더운 날에는 전에는 맛보지 못한 면도 한 얼음 디저트를 즐기기 위해 여기서 멈춰야합니다! 우리는이 오레오-초콜릿 기쁨을 공유했습니다! 이것은 2 층에 있습니다.
9287266,4,,교대역 뒷편에 새마을식당건물 2층이에요. 설빙은 2층에 매장이 많은가보네요. 맨날 인절미빙수만 먹었는데 이날 먹은 밀크팥빙수도 아주 좋았습니다.
9287266,5,,"교대역 근처의 설빙입니다. 대로변에 있는 것은 아니지만 역에서 조금만 들어가면 찾을 수 있습니다. 공간은 꽤 넓지만 여름에는 그래도 조금 붐빌 수 있습니다. 블루베리 치즈 빙수 먹었는데, 블루베리도 얼려있었던 것인지 너무 차가워서 조금 아쉬웠습니다."
9287266,5,,다양한 메뉴가 있지만 딸기빙수가 제일 맛있다! 양도 많다! 꼭 가는 곳이다. 외국인친구를 데리고 가면 그렇게 맛있다고 다 먹는다. 또 가고 싶다.
9287266,5,,딸기빙수나 인절비 빙수 맛있어요! 초코빙수는 좀 제스타일이 아니더라고요ㅠㅠ기호에 따라 치즈케익 들어간것도 있어요~
26242829,,,
12863857,5,,서울로 산책을 하고 한 잔 하며 하루를 마무리하기 좋은 곳이에요. 하우스와인 거지같은 곳 많은데 여긴 기본 하우스 와인도 정말 맛있어요. 안주는 모짜렐라 치즈 구워주는 거 그거 맛있구요.
9440230,4,,"신사동에서 제일 맛있는 커피집
이라고 친구가 그랬다!!"
9440230,4,,"커피도 디저트도 둘 다 맛있어서 자주 가는 곳! 티라미수와 애플팬은 이곳의 시그니쳐 메뉴. 다만 화장실 세면대에서 물이 세고, 하수구 냄새가 지독한 점이 유일한 단점이어서 아쉬운 곳."
9440230,3,,"가로수길에서 예전부터 터를 지키고 있는 레이브릭스
커피도 괜찮고 브라우니도 맛있게 먹었어요
분위기도 독특하고 한번쯤 가볼만해요"
9440230,4,,"점심 식사 후에이 카페를 우연히 발견하고 cuppa cafe mocha를 먹기로 결정했습니다. 멋진 간단한 카페, 그들은 와플, 티라미수 등을 낸다. 그러나 내가 혼자 찾아 가고 있었던 것에 따라 그들을 시험해 보지 않았다. 분위기가 좋다. . 바리 스타는 커피를 준비 할 때 열정적 인 것처럼 보입니다. . 가라 스길을 걷고 나서 진정하기 좋은 곳."
7748072,3,,딱히 커피향이 어떻다 말할정도로 올라오는 것도 아니고 맛도 그냥 그런데 공장짓고 로스팅한 커피를 팔기도 하는구나... 갸우뚱
7748072,5,,"문재인 대통령이 즐겨 마신다는 문블렌드가 있는 카페에요. 진하지도 연하지도 않은 부드러운 커피와 갓 구워져서 나온 마들렌의 조화가 아주 좋습니다. 인왕산 등산 후 커피 한 잔 하기위해 방문했는데, 다음엔 크로와상과 함께 먹어보려고 합니다."
7748072,5,,"저는 여기 커피 정말 좋아해요
특히 부드러운 카페라떼 고소하답니다
크로와상 나오느 시간이면 베이커리 향과 커피향이 콜라보를 이루어요"
7748072,4,,"가게에서 가장 아름다운 지역에 위치하고 있는 다양한 종류의 커피 콩을 서울에 갓 구운 음식들이 있습니다. 또한 일부 의 예제에는 작은 상점에 가서 커피를 살 수 있어요, 커피를 만들고 꿀 액세서리. 저를 생각 나게 미국 커피 샵이 가게의 모습은 흥미로운 당신이 평온한 느낌. 더 만족스러운 가격도, 서비스도 마찬가지 다. 이 확인할 정도로 바쁜 곳이지만."
7748072,5,,부암동 산책은 클럽에스프레소에서 시작하세요
7748072,4,,"자체 블랜딩한 원두와 여러가지 원두도 판매하고, 원두커피를 시음해 볼 수도 있습니다.
정말 여러 가지의 맛있는 커피를 판매하며, 저렴한 가격에 이용가능해서 더 좋습니다."
7748072,4,,부암동에서 백사실계곡쪽으로 가다보면 보이는 유명한 카페라서 가끔 들르게 됨.  커피는 좀 가격이 있는 편이나 괜찮은 편이고 나무로 되어 있어 나름 분위기도 좋은 편.
7748072,4,,유명한? 오래된? 곳이래서 일부러 찾아가 봤습니다. 건물 전체가 커피가게 이고 2층까지가 손님을 위한 공간입니다. 다양한 종류의 원두가 있고 가격도 저렴합니다. 아메리카노는 so so 였지만.. 원두 시음도 가능하고 구입도 가능합니다. 기왕이면 싱글오리진커피를 시켜서 드셔보시길 권합니다.
7748072,3,,"주말 아침 일찍 여는 카페가 없어서 찾아갔는데 이른 시간부터 영업을 해서 좋았구요. 건물밖에 2층까지 연결된 파이프가 신기했어요. 분위기도, 직접 로스팅하는 커피 맛도 좋았습니다."
7748072,4,,부암동 산책길 중 만날 수 있는 괜찮은 카페.  커피값은 좀 있는 편인데 여러가지 커피종류를 고를 수 았고 분위가도 나쁘지 않음
7748072,4,,부암동 북악스카이웨이를 들어가는 길목에 위치한 커피전문점입니다. 이곳은 역사도 오래되었고 무엇보다 세계 여러국가의 원두를 직접 볶는 것으로 유명합니다. 2층으로 올라가시면 장비들을 보실 수 있습니다. 갓 볶은 커피라 향이 아주 좋죠. 한 가지 아쉬운 점은 주차하기 어렵습니다. (주차장이 좁아요)
7748072,5,,"다양한 산지의 원두, 맛 좋은 핸드드립 커피"
33262911,,,
10536327,2,,"빵은 맛이 있어요, 하지만 너무나 비쌉니다. 식빵 하나에 5000원이나 하고요. 조각케이크는 8500원, 일반 케이크는 41000원입니다. 
비싸서 별로인 곳입니다. 자리도 별로 없고요, 그래도 빵은 맛이 있어요."
10536327,4,,공연보기전 간단한 간식과 차 마시기 좋은 카페입니다. 다른 주문과 진동벨이 섞여서 카운터에 여러번 가야했지만 직원이 친절히 사과해서 기분이 나쁘지 않았습니다. 다음에 또 방문하겠습니다.
9245752,4,,안암역에서 자연대쪽으로 가는 큰길에 있는 스타벅스에요. 학교앞이라 그런지 매장은 널찍하지만 사람이 많았어요. 커피는 스타벅스의 딱 그맛이었어요.
9245752,4,,안암오거리에 있습니다. 학교앞 스타벅스라 그런지 스터디하는 학생들 많고요 매장은 2층까지 있어 넓은 편입니다. 커피도 좋았어요.
9245752,5,,여기 스타벅스는 학교 근처여서 그런지 공부하기 좋게 매우 조용합니다. 하지만 친구들과 함께 수다를 떨러 가기엔 약간 부담스럽기도 해요.
9245752,5,,"스타벅스에는 맛있는게 늘 많죠 커피맛은 실패할 일이 없죠 단, 사람이 정말 많습니다. 자리 잡기는 힘듭니다."
9245752,5,,근처에 학교가 있어서 그런지 언제 가도 사람이 많은 평범한 스타벅스입니다. 체인점이라서 과제같은 걸 할 때 가기 좋습니다.
9245752,5,,"고대 근처네 몇군데 잇는데 이 지점을 제일 자주 갑니다 
친절하고 깨긋해서 좋아요 최근 리모델링해서 되게 좋아졋어요 다만 화장실은 외부"
9245752,4,,"대학가에 있는 다른 스타벅스에 비해서는 자리가 좀 있는 편입니다.
여기 매니저님이 친절하셔서 텀블러를 구매할 때도 포장에 신경을 많이 써 주셨답니다.
커피는 체인점이라 동일한 맛이예요~~~^^"
9245752,5,,커피를 마시기에도 좋고 책 읽기도 좋고 가끔 공부하기에도 좋은 곳이에요. 그린티라떼를 즐겨 먹는 데 이곳에서 먹으면 더 맛이 좋은 것 같아요. 여름날 시원하게 책읽으면서 이것저것 하기 정말 좋아요.
9245752,5,,"참살이길에 있는 스타벅스입니다. 체인점이라서 그런지, 이 가게 만의 특별한 점은 없습니다. 다만, 인근에 고려대가 있어서 점심시간 등 사람들이 매우 붐빌때가 많습니다. 한적한 분위기를 원하시면, 오전이나 늦은 저녁을 권합니다."
9245752,4,,고대앞 좁은 골목길에 위치해 있는데 대학생들이 많다. 좁은 길에 자동차는 일방통행이라 주차는 거의 불가능 하다. 내부는 꽤 넓은 편이고 2층으로 향하는 계단이 있다.
9245752,4,,언제가도 만족스러운 학교앞 스타벅스입니다!
9330931,5,,"라떼는 폴바셋이 제일 맛있어요
지점차가 있다고 하는데 전 다 맛있게 느껴집니다. 아이스크림도 추천합니다."
9330931,4,,"도로변이나 번화가 쪽이 아닌 건물안쪽이라 찾기가 조금 어려웠습니다. 그래도 분위기는 여전히 좋고, 베이커리류는 만족스러웠습니다. 라떼가 유명한 곳이라 항상 방문하면 라떼를 먹게 됩니다. 커피가 마시고 싶지 않을 때는 아이스크림도 유명하니 한번 먹어볼 만 합니다."
9330931,4,,"아무래도 모기업이 유제품을 전문적으로 취급하는 회사라 그런지 유제품이 들어간 메뉴가 특히 맛있습니다. 아이스크림이라던지 라떼류가 훌륭합니다.
커피도 일반적인 아메리카노 메뉴가 없는 대신에 룽고를 운영하고 있는 점도 눈여겨 볼 만 합니다."
9330931,4,,여의도에서 주차 가능하고 맛있는 커피와 아이스크림 먹을 곳
9330931,4,,우유회사에서 운영하는 커피숍 답게 라떼류나 밀크 아이스크림이 맛있음. 커피보다는 아이스크림 추천
23820260,,,
3869168,4,,이 근처. 북문점 스타벅스도 있지만 이곳은 주차도 편하고 ㅡ 한적하고 텀블러 양도 월등히 많고 새로운 머그컵이나 신상이 언제나 비치되어 있다 커피맛은 단연코. 약간. 싱거운 듯 하면서도. 맛있다 다시 오라면.  예 예  ㅡ 이곳의. 가죽의자 테이블은. 예쁘다 와서. 직접. 확인해 보시기를 ㅡ ㅎㅎ
3869168,4,,"주변에 탐앤** 커피* 폴바*등 까페가 많습니다.
매장이 크지는 않고 사람도 꽤 많습니다.
그래도 아늑한 분위기가 좋아서 자주 갑니다.
사이렌오더를 추천 합니다."
3869168,4,,"Seoul, Seoul, South Korea"
3869168,4,,가끔 저녁에 산책하며 커피한잔 하러 들리곤 합니다. 날좋은날은 앉을자리 찾기 힘들정도로 인기 많아요 커피맛은 다른 스타벅스와 동일합니다.
3869168,4,,주말 이른아침에는 꽤 한적해서 혼자 종종 가요. 많이 넓은 편은 아니지만 공원에 있어서 그런지 조용하기도 하구요. 직원들도 친절하고 좋습니다~
3869168,4,,"평화의문 근처에 있어요! 스타벅스 맛은 뭐.. 전세계 맛이 같으니까 설명하지 않아도..ㅎ
공원이다보니 가족단위 손님이 많아 다소 시끄러울 수 있어요
조용한 카페 찾는 분들은 비추."
3869168,3,,"공원에있는 스타벅스 ㅎㅎ 다른곳과 비슷해요
주말에는 사람이 많아서 앉을자리가 별로없어요
붐비는 시간은 피해가야할 것 같아요
직원분들이 친절합니다."
3869168,4,,"테이크아웃으로 먹었는데 다른지점보다 특별한 차이점은 없어요 그냥 무난하게 먹을 정도의 맛이고 깔끔하고 친절하고 그래요. 
길에는 사람이 하나도 없는데 스타벅스에는 그래도 길보다는 사람이 많이 있어요."
3869168,5,,올림픽공원에서 맛보는 스타벅스의 커피 맛은 어느나라 스타벅스에서도 느낄수 없는 좋은 경험을 하게 해줍니다
10162305,4,,버터로 이동 - 그들은 제목에 umlots을 가지고 여기에 너무 많은 재미있는 항목이 있습니다. 쇼핑몰은 반짝이는 물건으로 가득 차 있지만 너무 비싸지 않습니다.
10162305,4,,"생과일 전문점 비스켓은 알록달록 벌집 모양의 블럭이 눈에 띄는 곳입니다. 다양한 과일, 야채를 섞어서 입맛에 맞게 쥬스를 마실 수 있어요. 고르는 재미도 있고, 건강에도 좋은 음료입니다. 고른 재료들의 칼로리와 영양소도 알려준답니다. 대신 선택한 재료에 따라 맛이 많이 달라지니까 조합을 잘 해야합니다. 달지않고 마시면 바로 건강한 맛이다...라는 느낌이 들어요. 롯데월드몰에 카페가 많지만 커피 마시기가 지겨울 때 또는 건강을 챙기고 싶을 때 비스켓에서 쥬스 한잔 마시면 좋습니다. 넓지는 않아도 자리도 깔끔하고 잠시 쉬어가기 편합니다."
10162305,3,,3가지의 캡슐을 선택하면 그 맛으로 제조해주는 과일야채음료입니다. 추천조합이 있지만 개인의 선호에 맞게 조제하는 재미도 있습니다. 하지만 재료에 따라 맛이 천차만별입니다.
10162305,5,,"배불러서 힘든데도 매장이 너무 예뻐서 안먹을 수가 없었어요. 귀엽고 알록달록한 블록을 세가지 골라서 계산대에 내고 나니, 그대로 음료를 만들어주는 시스템입니다. 생과일주스는 5900원정도, DIY 스퀴즈는 6400원정도에 구입했어요. 집에 돌아와서 마셔도 여전히 맛있었어요. 병 패키지도 너무너무 사랑스러워요."
10162305,5,,음식은 비즈니스 오랫동안 중 최고로 멋진 아이디어: Diy 주스. 처음 3야채/과일 선택합니다. 그들은 검색합니다. 곧 자신의 설계된 마실 수 있습니다. 같은 훌륭한 디자인 컨셉을 반영하고 있습니다. 재미있는 멋졌다. . . .
10162305,4,,벌집모양 인테리어나 제품의 컨셉이 엄청 독특하다. 여러가지 과일중 3 가지를 골라서 마음대로 믹스할수 있기 때문에 특에 박힌 메뉴가 아니라 본인 취향대로 조합이 가능하다는게 장점.
10162305,4,,인테리어부터 과일종류 선택하는 방법까지 모두 아기자기하고 아이디어가 좋아요. 원하는 과일을 선택해서 믹스할수 있어 나만의 메뉴를 만들어 먹는 재미도 있구요. 통째로 갈은 주스와 착즙주스 중에도 선택가능했어요. 음료와 함께 조합된 과일들의 칼로리와 성분표도 함께 나와서 신기했어요.
13078292,5,,Joe and the juice in DDP
14888086,1,,커피 숍을위한 서비스가 어색하게 느리다!
14888086,5,,"주말의 명동은 너무 복작이는데 여기서 살짝만 빠져나와 을지로2가로 가면 한적한 폴바셋이 있습니다. 아마 회사가 많은 곳이라 주말엔 한적한듯 해요.
내부 인테리어도 독특해서 혼자, 소수인원이 스터디/작업을 할 수 있게 약간 분리된 공간도 있습니다. 
폴바셋은 라떼와 아이스크림이 진리죠."
8307969,5,,"프랑스어 빵집 이 있는 곳에. 빵과 페이스트리, 를 아침 식사? 왜? 질이 좋아요 하는 경우 프랑스 전송됩니다. 이런 보석같은 곳!"
8307969,5,,"약간 위치는 애매하지만 한번 가면 계속 생각나는 곳입니다.
빵들도 굉장히 맛있고(시식도 많이 해볼 수 있어요.) 커피나 차종류도 괜찮고 
2층에 올라가면 보기보다 좌석도 많아서 안락하고 조용하게 계산한 빵들과 차를 흡입할 수 있습니다.
동교동 삼거리쪽에서 빵 드시고 싶으실 때 정말 강추합니다!!!!!"
8307969,4,,"파리바게트 카페 같은 분위기입니다. 물론 빵은 조금 더 낫죠. 1층 카운터 뒤에 조리대가 보입니다.
예전에 인테리어 하기 전에는 마카롱등 디저트랑 크로아상 위주로 나왔는데, 이제는 빵 종류가 다양해졌습니다.
2층에서 동교동 삼거리 보면서 빵 먹고 커피 한 잔 하기 좋습니다."
8307969,4,,퇴근길에 들러 사오는 집입니다. 빵도 맛있고 시식도 있어서 먹어보고 고를 수 있습니다. 종류가 엄청 다양하진 않지만 맛은 괜찮습니다
8307969,5,,"맛있게 신선한, 조용한 곳에서 몇 분 거리에 홍대에 큰."
9253383,3,,선릉역 5번출구에서 가까워요. 가성비 괜찮은 프랜차이즈 카페같아요. 테이크아웃하면 좋을거 같아요. 아메리카노 맛도 좋았어요
9253383,5,,"나는 슈퍼 커피의 딸기 우유처럼 슈퍼. 그것은 시즌에만 가능합니다. 우유와 딸기는 너무 달지 않고 완벽하게 달콤합니다. 1 병 당 7,000 원입니다."
9253383,4,,선릉역 근처에 있습니다. 가게는 크지는 않지만 인테리어는 모던하고 깔끔합니다. 수퍼맨을 컨셉으로 하나보네요. 커피가격이 싸고 맛도 괜찮았어요.
9253383,5,,나는 이것이 내가 지금까지 가져 갔던 최고의 딸기 우유 우유 다라고 말할 수있다! 슬픈 나는 단지 1을 가져왔다 : (
9253383,4,,"Petaling Jaya, Selangor, Malaysia"
9253383,5,,다른 커피집보다 확실히 저렴한데 종류도 다양하다. 와이키키 코코넛이 정말 맛있다. 크림드 티라미수 는 인기 메뉴라서 시켜봤는데 별로였다. 신기한 메뉴가 많다.
9253383,3,,"가격도 저렴하고 바닐라라떼는 무난했습니다. 여기서 오렌지비앙코가 유명하다고 하니, 다음에 도전해보려고 합니다."
9253383,4,,오렌지와 커피와의 절묘한 만남!! 슈퍼커피에서 처음 맛 보았다. 핫음료보다는 아이스로 먹을 때 오렌지 비앙코의 맛을 제대로 느낄 수 있는 것 같다. 여러가지 신메뉴들을 개발하고 있는 중인데...그래도 원조메뉴인 오렌지 비앙코가 맛있는 듯.
27122602,,,
8914810,5,,"배스킨 라빈스 분명히 생활! ! 정말 좋아요! 나는 한국에 있을 때, 나는 거의 매일 있습니다. 배스킨 라빈스 많은 풍미. 나는 솜사탕 맛을 좋습니다."
20324252,5,,"롯데몰 4층에 위치해있고 구역이 구분된 커피숍형태가 아니라 4층에 오픈된 형태이기 때문에 테이블도 서로 넉넉히 떨어져있어 좋았습니다.
아이스크림에 에스프레소를 한잔 넣어주는 메뉴를 주문했는데 아포가토와 비슷할 거라는 예상은 빗나가고..
그냥;;아이스크림이었네요.  
커피맛을 즐기고 싶으신분들은 샷추가 하시기 바랍니다"
8946896,4,,"종로~을지로 방면에 아티제가 여럿 있는데 여기는 센터원점입니다. 
센터원 1층에 카페들이 여럿있는데 여기가 제일 커요.
야외좌석도 길게 늘어져있고 내부도 꽤 큽니다
회사원들이 주 고객층이고 명동과 종로 젊음의 거리 사이의 애매한 위치라  주말 저녁에 가면 한산~해요. 
가끔은 길고양이들이 와서 휴식을 취하는 걸 볼 수 있습니다.
그래도 명색이 베이커리 까페인데 매장 크기에 비해 빵종류가 다양하지 않은게 조금 아쉽습니다."
8946896,4,,"페이코 할인으로 오랫만에 방문해서 저렴하고 맛있게 먹고 왔습니다.
가끔 페이류 행사를 하니 꼭 참고해서 쿠폰사용하면 좋을것같아요.
매장 분위기도 좋고 무엇보다 컵이랑 접시 등등이 체인점 답지 않게 예쁩니다.
오늘 마신 아메리카노가 좀 진하긴 했지만 또 방문의사가 있습니다."
8946896,4,,"얼그레이 쉬폰케이크와 스트로베리 화이트롤, 카페라떼를 먹었습니다.
케이크는 무척 부드러웠고, 커피는 진하면서도 향이 좋았습니다.
휴일인데도 방문객이 많아 중간에 케이크를 계속 채워 넣는 것을 보았어요.
회전율이 좋아서 그런지 신선한 케이크를 먹을 수 있었고, 직원분들도 무척 친절해서 기분좋은 휴일을 보낼 수 있었습니다."
8946896,3,,"아티제는 사실, 망고 빙수 먹으러 여름에 종종 들리는곳이긴 합니다만 체인점 답게 다른 메뉴들의 질이나 퀄러티도 일정부분 보장되는곳이라 편하게 들리기에는 좋은곳인거 같습니다."
8946896,4,,아티제 빵이 호텔의 조식의 빵을 먹는 것처럼 맛있고 커서 좋아합니다. 가격은 일반 베이커리점보다 다소 높습니다. 그래서 자주 먹지는 못하게 되지만 맛있는 빵이 먹고싶을 때는 방문하게 됩니다. 저녁에 늦게 가면 할인된 가격으로 구매할 수 있어 좋습니다.
8946896,4,,아티제 당근 케이크를 좋아해서 청계천에 들렀다가 사먹었습니다. 가격대가 좀 있지만 커피도 맛있고 좋습니다.
8946896,4,,"요즘 페이코 이벤트로 50%해 아티제를 자주방문합니다. 케익, 빵 무난하고 빙수도 맛있고 커피도 괜찮아요."
8946896,4,,녹차프라페와 햄치즈파니니를 먹었다. 파니니를 데워줬는데 맛이 괜찮았다. 가격도 생각보다 그렇게 비싸지 않아서 좋았다.
8946896,5,,가격은 조금 비싸지만 매장이 넓어 분위기도 좋고 빙수도 아주 맛있음. 가게도 넓은 편이라 편하게 이야기 하면서 즐기기 좋음
8946896,4,,비싼 값하는 빵집. 전국 프렌차이즈 중 이정도 가격대를 형성하는 빵집은 아마 파리크라상 정도? (로컬 브랜드들은 제외) 다른 빵집과는 다르게 유니크한 종류들이 많음. 벨벳 케이크와 치즈 케이크 종류를 추천해봄.
28051302,,,
12881561,4,,"요즘 유행하는 뚱마카롱은 아니지만 저렴한 가격에 다양한 맛을 고를 수 있어서 좋아요.
삼청동에 있어서 오가는 길에 들르기도 좋고요.
늦은 시간에 가면 맘에 드는 맛이 없을 수도 있으니 조금 빨리 방문하는 것을 추천합니다."
12881561,4,,북촌 한옥 마을 지역에 가면 한 두 장 구입하는 것이 좋습니다. 다른 가게보다 일반적으로 저렴합니다 (약 900 krw). (내 사진 참조).
9245253,2,,교대역 근처에 스벅이 많은데 이 지점이 제일 작아요. 좁아서 자리도 별로 없고 겨울엔 좌석 사이 이동하기도 불편한 곳이에요
9245253,4,,"거의5년동안 매일간곳
요즘 뜸하게 가지만
그냥 자주가서 편한곳
공간이 좁긴해도 바리스타호불호가 있지만
커피맛이 나름 일정한곳"
9245253,3,,위치 하나는 무척 훌륭한데 인테리어가 좀 오래 되어서 다른 스타벅스와 비교했을 때 살짝 아쉬움이 남는 카페 직원들은 보통 수준
9245253,5,,교대역 7번출구에 나오면 바로 있어서 좋아요 또 스타벅스교대점은 이층으로 되어있는데 1층에서 2층까지 가는 계단이 은근히 많고 사람도 많습니다
9245253,4,,"여태껏 가 본 스타벅스 중에 가장 매장이 작았습니다. 그러다 보니 가능한 한 많은 좌석을 배치하려 했는지, 테이블들 사이가 굉장히 가깝습니다. 겨울에 두꺼운 옷 입으시면 왔다갔다 하시기 불편할 수도 있을 것 같았습니다.
역과 굉장히 가깝기 때문에 테이크아웃이 목적이시라면 추천드리고 싶습니다."
9245253,5,,13번출구로 나오면 바로 있는 스타벅스에서 찾기쉽고 위치가 좋아 자주 방문하는 곳이지만 공간이 협소한 편이라 넓은 분위기를 원하시면 다른 지점이 나으실 거에요.
9245253,5,,"그것은 스타벅스가 있었습니다. 작은 크기 커피숍 5 ~ 7 테이블을 사용할 수 있습니다.
스벅이다 무슨설명이 필요할까. . 크기가 좀 작아서 사람 꽉 차면 자리 없을수 있음."
9245253,4,,교대에서 약속이 있으면 식사를 하고 여기 스타벅스를 이용합니다. 교대역 사거리가 제법 넓어서 일부러 찾아가기가 좀 힘들수도 있습니다. 어느 스타벅스를 방문해도 일정한 맛과 서비스를 즐길 수 있어서 무난한 선택을 하게 됩니다. 여기도 번화가라 그런지 사람이 굉장히 많아서 자리가 없을 때가 많이 있습니다.
9245253,4,,교대역이 엄청 번화가는 아니지만 유동인구가 많아서 스타벅스가 여러개 있을 줄 알았는데 이곳말고 한곳인가 더 있어서 그런지 사람이 많았습니다. 매장도 그리 커보이지 않았구요. 매번 같은 음료만 먹게 되서 질리는 감이 없쟎아 있는데 스타벅스에서 시즌음료를 한번씩 출시해서 잔재미가 있어요.
9245253,3,,"이 근처 스타벅스는 다 가봤는데, 매장은 굉장히 작은 편이에요. 늘 사람도 많아서 점심시간이나 많은 시간에 음료 기다리는 시간도 길고요. 테이블 사이의 간격도 좁아서 이동할 때 불편하기도 하고. 그래도 청결하고 음료는 맛있고 친절해요."
9245253,3,,"교대쪽이라 늘 사람 엄청 많이 붐빔.
그러나 매장 자체도 꽤 넓은 편이라 수용이 되는듯.
사람 많아 시끄러운게 싫으면 좀 힘든...."
9245253,4,,3호선 13번 출구 바로 앞에 있어요. 테이블이 많지는 않아서 자리가 없을때도 좀 있어요~ 커피는 늘 맛있구요~
9245253,4,,"교댁역 13번 출구로 나오면 있습니다. 근처 음식점 갔다가 이곳에 갔는데, 맛은 여느 스타벅스 체인과 동일합니다. 
다만, 이곳 공간이 협소합니다. 자리도 잘 없구요. 우연히 자리가 나오 옆자리가 너무 가까워서 불편했습니다. 
차라리, 7번 출구앞에 있는 2층짜리 스타벅스를 권해드립니다."
9245253,4,,"체인점이라 크게 다를것도 기대할 것도 없는게 사실이지만
이동하는 경로에 있어 자주 이용합니다..
^^"
9245253,5,,여느 스타벅스와 비슷하구요~ 테이블이 꽤 있어서 친구들과 시간 보내기도 좋습니다. 커피도 늘 맛있어요
9245191,4,,"스타벅스 ifc몰점. 예전보다 새로리모델리해서 규모는커쟜고 리저브매장도있어요..다른사람들이 많아요..
에스프레스 맛잇어요."
9245191,4,,몰안에서 저녁을 먹고 커피를 마시러 방문했어요 영화관 근처에 있어서 영화를 보러가기전에 기다리면서 커피마시기 좋아요 직원들도 친절하고 매장도 깔끔했어요 추천해요
9245191,4,,사람 정말 많았고 극장 근처러 자리 잡기도 힘듦
9245191,3,,"언제나 사람들이 많고, 특히 점심시간에는 더욱 붐비는 곳입니다.
의자가 편안하다는 것은 장점이지만
오랜시간 대화를 나눌 공간으로는 적합하지 않을 경우가 있답니다."
9245191,3,,"사람 정말 많고, 자리 찾기 쉽지 않은 곳입니다. 커피 맛이야 뭐 스벅이니까 어딜가든 똑같습니다. IFC 각 층마다 스타벅스가 1개씩 있으니까 그 쪽으로 가시는게 좋아요."
9245191,5,,여기 스타벅스도평일 점심시간에 사람 엄청 많네요..여의도 스타벅스는 다 그런거 같애요. 커피는 맛있습니다.
9245191,5,,"IFC몰에는 스타벅스 매장이 2개 있습니다. 지하 매장은 식당가에 있고, 영화관도 있다보니 자리 잡기가 어렵고 어수선한 분위기입니다.
그에 비해 지상 1층 매장은 좌석수도 좀더 많고, 덜 붐벼서 좋습니다."
9245191,3,,"Seoul, Seoul, South Korea"
9245191,5,,"어딜가나 있는 스타벅스, 표준화된 레시피덕에 어느지점을 가더라도 똑같은 맛을 느낄수 있다는게 장점, 자리는 불편함.."
9245191,4,,"사람이 많아서 앉아서 먹기에는 힘듭니다.
테이크아웃 하기에 좋은 곳 입니다.
스타벅스 자체를 좋아하기때문에 무난하게 이용하는 곳입니다."
9245191,3,,앉아서 마시는 것은 거의 불가능합니다.
9245191,4,,여의도점은 항상 스타벅스에 사람이 많기 때문에 사이렌 오더로 주문하는게 편하고 빨라서 좋아요. 프로모션도 종종 하고 별도 모으는 재미가 있어서 영화볼 때 마다 꼬박꼬박 가는 편 입니다.
9245191,4,,사람이 너무 많기 때문에 줄서서 주문하는 것 보다는 사이렌오더하는 편을 추천합니다. 그래야 더 빨리 받을 수 있어요. 보통 영화보기전에 테이크아웃해서 가는 편 입니다
9245191,3,,"매장 자체는 그리 크지 않음. 하행 에스컬레이터 내려와 뒷편에 위치. 
평일 점심 시간, 휴일엔 사람 북적임."
9245191,4,,IFC몰안에는 많은 커피숍이 있지만 스타벅스를 안들르면 섭섭하지요. 여름에는 아이스카라멜마키아또 한잔이면 더위도 잊을 수 있답니다. 아이스카라멜마키아또 강추
3864277,5,,"쥬얼리시티 1 층에 위치하고 규모는 크지 않습니다
대부분 혼자와서 조용히 차를 마시거나 공부를 하는등 분위기는 조용한편이고 서비스도 빠릅니다"
3864277,4,,"Seoul, Seoul, South Korea"
3864277,3,,주변 인구에 비해 조금은 매장이  좁게 느껴졌음. 방문할적마다 자리잡기가 조금 어려운 느낌. 직원들은 항상친절
3864277,4,,"매장도 넓고 하루중 언제가도 한적한 편입니다. 
아침 8시에 오픈을 하기에 일찍가서 아침용 베이글, 바나나를 주로 사갑니다.
베이글의 맛은 보통이구요;; 하지만 직원들은 참 친절합니다."
3864277,4,,"광장시장에 갔다가 들어간 스타벅스...
더운 날에 들어가서 그런지 시원해서 좋았어요.
주말이었는데도 사람이 없어서 편하게 음료 마시고 쉬다가 올수 있었답니다."
3864277,4,,"호텔 바로 밑에 있어서 너무 좋았고, 쥬얼리시티랑 붙어있어서 보석 구경도 할 수 있었어요. 커피야 스타벅스는 늘 좋은 것 같아요."
3864277,3,,"스타벅스는 유명한 프랜차이즈 까페입니다.
쥬얼리 구경갔다가 방문했는데 여타 다른 매장에 비해서 
깔끔하다고 할 수는 없지만 맛은 좋았습니다.
역시 품질관리가 어딜가도 변함없는게 스타벅스의 강점이 아닌가 생각이 듭니다."
3864277,3,,"스타벅스에 뭘 기대합니다. 좋은 커피, 그리고 깨끗한 화장실을 하루 늦게 합니다."
3864277,3,,"방문했을 때 관광객이 많아서 그런지 굉장히 소란스러웠습니다.
그러나 커피도 빨리 나오고 맛도 있었네요.
종로 구경하다가 들러서 쉬기 좋을 것 같습니다."
9245553,3,,"스타벅스 여의도점...회사가근처라서..사람들이 너무많아서... 테이크아웃하기에는 괜찮아요..
한가할때 가는게좋을거같아요...."
9245553,4,,"평일점심시간은 인근 직장인들이 많아서 자리가없고 테이크아웃하게 됨 
대로변 근처 위치가 좋아서 자주찾게되는곳인데 근무하는 직원들도 바쁜시간에도 친절하게 대해주셔서 좋음ㅎㅎ"
9245553,3,,"업무 미팅 차 방문했습니다. 여의도 스타벅스는 점심시간 저녁시간 할 것 없이 사람이 참 많더라구요. 복작복작. 천천히 커피를 마시기에 적합한 장소는 아닌 것 같아요. 테이크아웃하는 건 괜찮지만, 앉아서 대화를 나누는 것은 어려워보입니다."
9245553,3,,여유롭게 커피를 즐길 공간은 아닌듯. 평일에는 사람너무많고시끄럽습니다. 주말에는 그럭저럭 있을만함. 바빠서구런지 친절도는 그냥저냥 별로임
9245553,5,,"늘 북적댑니다.
그래도 직원들이 친절하고 신속히 주문을 받고 준비해서 괜찮습니다.
테이크 아웃 하는 사람들이 많지만 테이블 잡기가 쉽지는 않습니다.  
아메리카노, 라떼, 디져트로 즐길 수 있는 케이크 모두 다 만족스럽습니다."
9245553,4,,저녁 이후에는 한산하지만 평일 점심시간에는 붐빔
9245553,4,,수천개 스타벅스중 하나 크게 다를 것은 없으나 지리적으로 아주 어린 분들 공부하러 오는 사람들은 별로 없어보였다. 그점이 좋았음
9245553,5,,"땅콩 크림 라떼 사랑! 올 가을 새로운 커피 중 하나입니다. 니스 인테리어, 따뜻하고 아늑한. 분명히 그 라떼를 위해 돌아올 것입니다!"
9245553,3,,"여의도 증권가에 있는 커피집으로 거리 특성상 오래 앉아 있기 보다 takeout이 많은 곳입니다. 그래서 생각보다 가격이 비싸다는 생각이 들지만, 맛에 익숙함으로 들릅니다."
9245553,5,,주변이 온통 사무실이라 평일 점심에는 굉장히 북적입니다. 대신 그 외 시간에는 매우 한적해서 좋습니다. 커피맛과 서비스는 여느 지점과 마찬가지로 만족스럽습니다.
9245553,3,,복작복작대지않아 조용히 커피를 마시고싶을때 방문합니다. 체인점이라 커피맛은 비슷합니다. .
9245553,4,,???? ???? ?? ??? ??????? ??? ??? ??? ?? ???? ??? ???? 당신은 스타 벅스에 감탄하지 않을 것입니다. 그러나 스타 벅스에게 잘못 갈 수는 없습니다.
9245553,4,,"어느 지점을 가도 동일한 맛과 서비스를 받을 수 있어 선택의 어려움이나 고민이 없어 언제나 만족스럽습니다. 저는 스타벅스 아이스 돌체라떼 매니아라서 무조건 이걸로 마십니다. 가끔 지점마다 살짝 연유의 양이 조금 다르긴 한데, 여긴 제 입맛에 딱 맞게 해주셔서 좋습니다."
9245553,4,,주말보다는 평일에 더 많이 이용하는 것 같아요. 점심시간엔 근처 회사들이 많아서 항상 북적이는 것 같아요. 그래서 앉아서 커피 먹기보다는 테이크아웃을 주로 하는편이에요. 근데 쇼핑몰이 있어서 여러모로 접근성은 좋은 것 같아요. 여의도역에서 도보 10분도 안되는 듯하네요. 맛은 체인점이라 비슷한 것 같아요.
9245553,4,,여의도 지역 스타벅스는 저녁엔 꽤 조용해서 가기 좋습니다. 한강 산책 후 커피 한잔 마시면서 친구랑 이야기 나누기 좋은곳
8884222,5,,"1인1 메뉴예요.  
꼭 2명이 빙수 두개를 시켜야하는 건 아니고 우리는 다른 빙수집가서 항상 그러하듯 빙수1, 아메리카노1을 주문했습니다.
옆의 작은 병은 솔트입니다. 
뿌려먹으면 단짠단짠 빙수가 되요. 
물론 소금 없이도 충분히 맛있구요.
참고로 도쿄빙수보다 맛있습니다
꼭 다시 갈거예요."
8884222,3,,"힙한 느낌의 부암동에 위치한 빙수집으로, 카페처럼 1인 1메뉴 주문을 기본으로 요구한다. 전반적으로 달고 맛있는 편이고, 시즌 한정메뉴도 있어 방문이 즐거운집."
8884222,5,,"기본적인 팥빙수 외에도 계절별로 딸기빙수,유자빙수,  단호박빙수 등 다양한 빙수를 선보인다. 
비주얼도 놀랍다. 

그중에서도 팥빙수가 제일 맛있었다. 먹어본 중에 최고."
8884222,4,,"블루레몬빙수와 딸기빙수를 먹었어요.
정말 다른데서 먹은 블루레몬과 달리 레몬맛이 가득 느껴지는 빙수였어요. 
거기다 토핑이 입안에서 팡팡 터져서 먹을 때 보다 더 상큼하게 먹을 수 있어서 좋았어요. 딸기빙수도 상큼하니 맛있었어요.
가격이 조금 비싼 느낌이 있지만 맛이 있으니 사먹을만해요ㅎ"
14997214,5,,8월초더울때가서 한개사먹고 홍대한번돌도 또가서 두번먹음 맛있으면0칼로리는 쿠크봉에 딱임 넘맛나구잊을수없음홍대가면 꼭 가야하는곳
14997214,5,,"Seoul, Seoul, South Korea"
3894907,3,,"신세계백화점과 타임스퀘어 안에 있어, 쇼핑 후 커피 마실 겸 방문했습니다.

* 위치 : 점포명대로 타임스퀘어 지하 2층에 있어요. 방금 리뷰를 작성한 것 같은데, 같은 장소가 두개 등록되어있나봅니다. ;;;

* 맛과 서비스 : 맛과 서비스는 뭐 스타벅스이기 때문에 평균이상은 하는 편"
3894907,4,,타임스퀘어 지하에 있는 스타벅스 매장이에요. 워낙 사람이 많이 다니는 장소라서 많이 붐볐어요. 따로 자리 안잡고 테이크아웃했어요.
3894907,3,,"역시 주말이라 사람이 사람이.... 정말 많습니다.
타임스퀘어 갈때마다 여기 아니면 2층 스타벅스 가는데 둘다 자리가ㅠㅠ 
늘 없어서 유령처럼 돌다가 누군가 일어나면 가방을 던지듯 자리를 맡아야하는 스트레스가 동반됩니다.
어쩔수 없긴한데, 뭐 그냥 그렇다고요.^^;
스타벅스의 장점은 공간 자체인데 확실히 쇼핑몰안에 있는곳들은 그런건 떨어지는듯요.
바리스타 케바케긴하지만 커피는 역시 좋습니당ㅋ"
3894907,4,,"사람이 많아도 너무 많은 타임스퀘어 스타벅스,겨우 돌고 돌아 자리 잡고,따뜻한 아메리카노 한 잔에 맛있는 스콘 한개~ 역시 맛있다~~~"
3894907,5,,타임스퀘어는 항상 사람이 많은데 스타벅스는 더 사람들이 많네요.  커피야 당연히 맛나죠..와이파이도 빠르고..ㅎㅎ
3894907,3,,"역시 사람들 많고 붐빔. 
그러나 타임스퀘어 사람이 없는 곳은 잘 없어요....
하지만 자리 나기 힘드니 테이크 아웃 추천."
3894907,5,,"진짜로 사람 많습니다. 그러나 사람이 많다는거는 원두가 신신하다는거겠죠? 정말로 커피가 맛있습니다. 다른 음료도 좋고요 그리고 여러 브레드도 신선해서 좋았습니다,"
3894907,4,,타임스퀘 어자체가 사람 많 지만 스타 벅스는 언제가 가도 사람이 많네요 사이렌오더추천드려요
3894907,3,,제3의 또 다른 것이기 때문에. 뭔가 특별한 것이 5 할 수 있습니다. 위치는 좋고 한국 스타벅스에 자주 가는 것보다 더 좋은 브랜드 cos를 가장하여 그에 의해 거의 모든 곳에서 하나의 류원에!
3894907,3,,여기도 자리가 넓은 편은 아니라 자리 없어서 테이크아웃해서 커피 먹을때가 많아요. 타임스퀘어안에 스타벅스들은 다 붐벼서 앉아서 먹기가 참 힘드네요.
3894907,4,,"요즘 프리퀸시 적립하고 다이어리 받는거 때문에 자주 갑니다. 매번 느끼는거지만 피넛 들어간 음료들은 별로인거 같은데 왜 항상 프로모션으로 걸리는것인지..ㅠㅠ 타임스퀘어 지하 2층에 있는 매장이고, 테이블 갯수는 많지 않습니다. 타임스퀘어 3층에 큰 매장이 또 있습니다 ^^"
3894907,4,,백화점과 타임스퀘어의 연결부에 위치해서 백화점 쇼핑 중 들르기 좋아요. 매장이 아니라 거의 테이크아웃점에 가까워서 앉아서 즐기기는 조금 힘들더라구요. 타임스퀘어 3층에 있는곳보다는 덜 붐벼서 그쪽에 사람이 너무 많은 경우 이용하면 좋아요.
3894907,5,,"타임스퀘어에 있는 스타벅스중에 제일 안 붐벼서 좋은것 같아요
테이크아웃해서 앞에 있는 의자에서 먹어도 되서 편합니다."
3894907,3,,미국에 가보면 골목마다 찾을 수 있는 스타벅스. 한국도 그정도는 아니지만 점점 자주 볼 수 있네요.. 지점마다 맛의 퀄리티가 유지되어 좋아요
3894907,4,,타임스퀘어에서 비교적 덜 기다리고 마시는 스벅
14167790,4,,"보광동쪽에 위치하고 있어 이태원쪽에서는 좀 걸으셔야합니다
우수한 커피맛과 더불어 항상 따라오는 리뷰가 ""불친절"" 인데..다행해(?) 제가 갔을때는 친절하셨습니다.
단 수다떠는 곳은 아닙니다. 거의 침묵에 가깝게 커피마시는 분들이 대다수
아쉽게 커피가 산미가 있어 제 취향은 아니지만 산미있는 프루티한 커피 좋아하시는 분들은 마음에 드실겁니다."
14167790,4,,"확장하기 전부터 자주가던 곳입니다.
디저트와 커피 맛이 좋습니다.
하지만, 예전보다 맛은 없어졌습니다. 
직원 분들에게 상냥함이나 밝은 에너지를 기대하기 어렵습니다."
14167790,4,,"작은 장소와 대부분 큰 테이블. 그들은 구운 양조가 좋았습니다. 추운 겨울 날 커피를 철저히 즐겼습니다.

그 공간은 어둡고 기이하다. 재충전하고 계속 전진 할 수있는 가장 좋은 방법입니다."
14167790,4,,"수요미식회에 소개되기 전부터 좋아했던 곳으로 커피마다 각각 다른 잔에 나옵니다. 최근에는 두 분 사장님들이 바쁘신지 직원 분들이 주로 커피를 만들어 주시는데 맛이 조금 떨어진 듯한 느낌이 있어요. 특징 중 하나라면 분위기 좋은 카페 가서 수다 떨고 싶은 분들은 힘드실 겁니다. 클래식 음악 애호가셔서 좋은 스피커에 수집하신 음반들을 빵빵하게 틀어놓으셔서 대화는 어렵고, 소리 좀 줄여달라고 하는 손님에겐 안된다고 하십니다 ㅋㅋ"
19187950,5,,집 근처라서 자주 가는 빵집입니다. 플레인 베이글은 먹어본 베이글 중에 제일 맛있어요. 다른 베이글도 맛있지만 개인 취향이라는게 있는거니까 ^^;; 여튼 쫀득쫀득한 느낌의 베이글을 좋아하시면 후회하지 않으실겁니다.
19187950,4,,화덕에 구운 베이글은 진짜 쫀득하고 맛있어요 여러가지 종류의 베이글을 먹었는데 맛은 보통 이상이었어요 추천합니다. 그렇지만 기본 베이글을 추천해요
19187950,5,,은은한 불맛이 나는 화덕에 구운 쫄깃한 베이글
19187950,4,,"몬트리올식 베이글을 판매하는 곳입니다.
예전에 몬트리올에서 베이글을 너무 맛있게 먹은 기억이 있어 일부러 찾아갔네요. 
매장은 자그마합니다.
대부분은 테이크아웃 손님인듯 했어요. 
베이글 종류가 꽤 다양하구요, 여기까진 몬트리올에서 방문한 베이글 전문점과 비슷했습니다. 
버터솔트 베이글을 주문했고 두툼한 버터를 끼워줍니다.
음;;
맛있긴 했지만 제가 몬트리올에서 먹었던 그 쫄깃쫄깃했던 식감은 아니었어요.
카페라떼도 다른 리뷰에서 극찬한것에 비해서는 좀 평범..
그래도 베이글이 맛이 없기는 힘든 빵이기에;; 맛있게 먹었습니다. 
가격대도 적당했구요 (베이글 2500 + 라떼 3500) 
그래도 일부러 멀리 찾아갔는데..기대보다는  좀 못미친게 아쉽네요."
7149804,5,,"이태원에서 쇼핑을 하고, 구경을 하다보면, 목이 말라집니다. 이때, 젤라또를 먹는다면, 정말 시원하고 맛있습니다. 입안에서 사르르 녹고, 생과일의 맛이 나면서 기분 또한 좋아집니다. 이태원 주마스 아티산 젤라또 추천합니다."
7149804,5,,"저는 피자와 이탈리아에 자라지 설치하려는 아이스크림. 나는 말할 수 없이 최고의 아이스크림 맛을 본 나는 여기에 있어요. 나는 이 곳을 방문할 것을 추천. 사무엘 의 친절함, 주인, 아이스크림을 가지고 독특한 곳이 서울에 있고. 멋진 에스프레소도 먹어본 것."
8681756,4,,호두과자가 먹고 싶기도 하고 외국인 친구들에게 선물해주려고 방문했습니다. 여기 호두과자를 외국인들이 정말 좋아하더라구요. 안에 들어있는 팥앙금이 많이 달지 않아서 더더욱 좋은 코코호도. 호두도 많이 들어있고 크게 들어있어서 정말 좋아요. 줄을 서지 않고 바로 구매할 수 있었습니다.
8681756,4,,"코코호도 명동성당점은 몇 번 이용했는데, 예전엔 이 호두과자를 먹으려고 줄서있는 사람이 많았었어요. 요샌 줄은 서지 않지만 여전히 맛있어요."
27922715,,,
16850420,5,,"밀크 버블티가 정말 맛있습니다.
가격도 합리적이고 맛도 좋고 앙도 많습니다.
직원들도 친절하고 매장도 청결하게 정리가 잘 되어 있어 좋습니다.
추천합니다."
16850420,3,,기본을 시켜봤는데 달고 부드러웠어요. 연유를 썼나 싶을 만큼 버블티 색이 우유색이어서 독특하다 싶었어요. 워낙 가성비 좋은 버블티집이 많아서요. 인테리어는 밝고 좋았어요.
16850420,5,,"달달하고 쫄깃하고
배부를 수 있는 음료

살찔까봐 걱정하며 먹기도 하지만
바고플땐 요기가 되더라구요

쫄깃한 그 맛이 진짜 쵝오!!!!!"
16850420,4,,"흑설탕 밀크티(버블티?)가 핫하길래 뭔맛인지 궁금해서 방문해보았습니다. (대만을 안가봐서ㅎㅎ) 일반밀크티에 일반시럽대신 흑설탕이 들어가는건가 했는데 우유에 크림까지 들어가서 좀더 고소한 진함이 느껴져 괜찮았고, 대신 홍차 고유의향은 좀 덜 느껴졌던 것 같습니다. 

인도에서도 일반흰설탕 들어간 짜이보다, 자그리(팜나무에서 나는 흑설탕)들어간 짜이가 훨씬 진하고 고소하고 깊이있는 맛이라 대충 비슷한 느낌일 줄 알았는데 크림이 들어간게 차이가 느껴질 만큼 다르네요. 그래도 홍차향만 좀 더 잘 잡으면 더 고급스러울 것 같습니다. 밀크티에서 아무래도 홍차향과 맛이 생명인듯..."
16850420,4,,요즘 엄청 핫한 흑설탕 버블티를 파는 곳이라 사먹어봤어요. 가격은 5000원 좀 안해서 사악하지만 한 번은 먹을만해요. 다만 웨이팅이 깁니다 ㅠㅠ 맛은 엄청 달지도 않고 버블도 많이 들어 있어요. 요즘 백화점 팝업스토어에도 많이 올라와 있으니 한 번 쯤은 드셔보세요~
16850420,3,,"흑당버블밀크티를 테이크아웃해서 먹었습니다.

주말이라 20분 정도 대기후 함께 주문한 대만 누가크래커와 함께 받아볼 수 있었는데요, 
매장의 메뉴 이미지 사진은 유리잔에 든 밀크티를 찍은 것인데 테이크아웃시에는 플라스틱잔에 거기다 돔형태의 리드가 아닌 비닐로 진공포장(?)을 해 주어서 비쥬얼이 많이 차이가 났습니다. 
시각적 차이때문인지 맛없지는 않았지만 기대에 못미치는 맛이었습니다.

더불어 음료와 함께 먹을 누가 크레커는 매장에서 먹으면 조그만 접시에 담아 주어 문제 없지만 테이크아웃 시 8개 이하로 구입하게 되면 ( 제 경우 4개 주문) 따로 포장이 않되어서 구입하는 사람이 알아서 가져가야 한다는 안내를 주문시 받았습니다.

나중에 주문한 밀크티와 함께 접시에 담긴 4개의 크래커는 다행이도 가지고 있던 조그만 지퍼백이 있어 매장 넵킨에 하나씩 싼후 스스로 포장해서 가져와 먹었습니다"
9008255,5,,아 정말 말이 필요없습니다. 정말 최고의 맛과 최고의 가격과 최고의 품질을 갖춘 홍팥집의 빙수는 단연코 빙수의 갑이라고 말할 수 있습니다.
9008255,5,,사장님이 진짜 장인정신으로 운영하시는 곳입니다. 가격도 엄청 저렴하고 심플한 구성인데 재료들 본연의 맛에 충실한 곳이라 생각합니다. 앙금빵도 정말 맛있어서 갈때마다 한박스씩 사서 나옵니다.
9008255,5,,"친한 동생의 소개를 받아 찾아갔는데 여긴 진짜다.
가마솥에 푹 삶은 팥을 달지 않게 만들어 올려주는데 정말 최고다.
사이즈도 작고 가격도 착해서 1인 1빙수 하기 딱 좋다.
단팥방도 함께 파티 나같은 팥 매니아에게는 멀어도 꼭 가봐야할 집이라 생각한다.

단 매장은 매우 작으니 테이크아웃을 추천한다."
9008255,5,,"주말 저녁에 방문했더니 대기가 많아서 포장해서 먹었어요. 
가마솥 팥빙수는 요즈음 유행하는 밀크빙수는 아니지만 예전부터 먹던 그맛으로 얼을빙수의 시원한맛이 살아있어요. 
특히 팥이 맛있어서 더 좋았네여ㅣ.
단점: 매장이 너무 작아요..."
9008255,5,,"팥빙수 가성비 최고.
팥이 정말 맛있어요. 토핑은 딱 팥만 올려져있지만 기본에 충실하고. 너무 달지도 않은 기분좋은 단 맛이에요. 매장이 좀 작다는게 아쉽네요."
9008255,3,,"유명하다고해서 찾아갔는데 불친절했어요. 좁은곳에 직원은많은데 주문을 한사람만 받아서 앞사람 문제해결할때까지 기다리느라 팥빙수 주문하기까지 시간이 많이걸렸고 주차할곳도없고 질문에도 모두 퉁명스럽더라구요. 단, 오직 팥은 맛있었어요"
9245358,3,,"스타벅스 을지로. 회사가근처라
점심시간에만 피하면 자리는 널널한편이였던거가탕요. 매장도 적당하고 직원들도 친절해요."
9245358,3,,"을지로 오피스가 한 가운데에 위치하고 있어서 언제나 인근 직장인들로 붐비는 곳입니다. 아침 출근 시간대와 점심시간은 말할 것도 없고, 업무 시간일 때도 잠시 쉬는 직장인들이나 이곳에서 미팅을 하는 직장인들로 언제나 북적거립니다.
커피 맛이야 스타벅스는 세계 어디를 가든 동일한 레시피와 프로세스로 음료를 내어주기 때문에 딱 스타벅스의 맛을 기대할 수 있습니다. 단점이라면 역시 맛과 공간이 스타벅스 이상이 될 수 없다는 것이지요."
9245358,4,,스타벅스는 믿도 마시는 브랜드이기 때문에 자주 찾게 됩니다. 이곳은 직장인들이 많기 때문에 평일 점심시간만 좀 피한다면 그렇게 붐비는 곳이 아니어서 좋습니다. 주로 테이크아웃을 많이 하기 때문에 조금 기다린다면 자리는 차지할 수 있습니다.
9245358,4,,체인이라서 뭐 다른지점과 특별하진 않지만 위치는 괜찮고 무난한 커피숍입니다. 가계는 넓은데 사람은 항상많아요 커피외 디저트들도 다양하니 한끼 식사도 괜찮을꺼 같아요
9245358,5,,늘 맛있는 커피를 먹을 수 있는 곳. 사람이 항상 많은데 서버분들이 일을 잘하셔서 빨리빨리 대응해주셔서 좋음
9245358,3,,"오피스가 밀집한 지역이라 점심때는 엄청 밀립니다.
그대신 점심식사를 위한 샌드위치등은 꽤 많이 갖추고 있어서 점심시간때에 갔다고 대부분 품절되거나 그렇지는 않아요. 한시쯤에 가도 모든 종류들이 거의 다 채워져있습니다.
자리는 넉넉한 편은 아니지만 건물바깥쪽에도 옥외테이블이 좀 있어 날씨좋은날에는 먹기 괜찮습니다.
빵종류를 좋아하지 않아 두부로 구성된 점심식사를 하는데 가격대비는 약간 부실한 느낌이예요."
9245358,4,,"스타벅스가 소파가 편하지는 않지요...
평범한 스벅입니다. 편하게 오래 있으시려면 다른 카페 추천합니다."
9078570,4,,"매우 멋진 장소와 그들은 훌륭한 카푸치노와 케이크와 뇌파 블루 인증서가있는 빵을 제공한다!
현대적인 공간이며 직원들은 친절하며 영어를 구사합니다.
이태원에있을 때 나는 추천한다!
초콜릿의 작은 블록도 맛있습니다!"
9078570,4,,유명연예인 가족이 하는 집으로 한번 연예인볼까 방문해봤다. 인테리어를 이쁘게 취향저격하는 곳이였다. 케이크가 꾸덕하니 맛있고 특히 말차가루가 많아서 좋았음
9078570,5,,"내 noona는 작년에 이곳에 데려 갔고 좋았어. 그것은 카페 다. 그러나 나는 기네스를 주문했다.

그 다음 나는 커피를 위해이 4 월에 나 혼자 돌아왔다. 그들은 보통 초콜렛 트뤼플로 커피 또는 맥주를 제공합니다. 좋은 페이스트리, 맥주 및 커피를 선택할 수 있습니다. 나는 그들이 여전히 matcha 티라미수를 제공하기를 바랍니다.

작은 베란다 옆에 앉으십시오."
9078570,4,,이태원 경리단길 맛있고 분위기 좋은 커피숍~ 값은 비싸다는 점^^;
9078570,3,,어느 카페나 사람이 많아서 빈자리 있어서 그냥 들어갔는데 친구는 커피음료 저는 에이드음료 시켰는데 둘다 맛은 괜찮았고요 특히 에이드음료 진하고 맛있었어요 근데 9천원이라니....너무 비싸서 두번 방문하지는 않을것 같아요. 참고로 음료주문하면 기본적으로 생초콜릿을 주긴 합니다.
9078570,4,,"조인성동생이 운영한다고 해서 가본 카페! 
가격은 약간 비싼편~ 항상 북적이는 곳이지요~ㅎㅎ"
9078570,4,,매장이 넓은 편이지만 조인성 동생이 운영하는 까페라 그런지 항상 자리 잡기 힘듭니다. 특히나 예능프로에서 나왔던 야외테라스는 더욱.. 커피는 비싼편이지만 서비스는 좋습니다.
9245666,3,,충무아트센터에 공연을 보러 올 때마다 방문하는 곳입니다 특별히 친절하거나 하지는 않은데 공간이 넓고 위치는 참 좋아요
9245666,4,,매장이 넓어서 자주 갑니다. 노트북 쓰기 괜찮아요. 옆에 충무아트홀도 있어서 손님이 적은 편은 아닙니다.
9245666,4,,충무아트홀 갈때 들리는 곳이죠~ 미리 와서 기다릴때 스벅이 있어서 너무 좋아요~ 나의 스벅 사랑 ㅋㅋ
9245666,5,,"나름 근처 동네 중에 제일 늦게 까지 하는 스타벅스 같습니다.
공연 있는 시간 빼고는 여유롭고 매장 크기도 크며 좌석 수도 널널해서 이용하는데 어려움이 없어요. 단점이라고 하면 주차공간이 협소해서 차를 이용해서 가기에는 무리가 많아요."
9245666,4,,"1층에 카운터가 있는데 생각보다 크고 깁니다.

딱 한번만 가보고 너무 비싸서 잘 안게 되었습니다.

제가 마셨던건 흔한 아메리카노.

통유리 매장이고 유리 옆으로 1인석 좌석이 놓여져 있고 

노트북 놓고 시간 보내기 좋은 매장이었습니다.

밤시간에 방문 했던 기억이 나네요."
9245203,4,,"서울시내에있는 명동역점 스타벅스
명동역에서 나오면 조금만 걸으면 나오는 곳
명동에는 스타벅스가 많이 있어서
매장 혼돈주의"
9245203,3,,"스타벅스 명동역점. 명동 바로옆에잇어서 사람들많아요
.새로 리모델링해서 매장도 깔끔하고 직원들도 친절했어요. 때에따라 붐벼요"
9245203,1,,우리가 여기에서 그들을 존경하지 않는 매우 무례한 직원. 나는 테이크 아웃 컵을 사용하여 3으로 3 텀블러를 구입했습니다. 아이들에게 약을주고 싶어서 한동안 자리에 앉으면 서 처리 컵을 사용하기 때문에 가게에서 나가라고 요구합니다. 스타 벅스 매장에서 처음으로 매우 나쁜 경험. 외국인에게는 스타 벅스 매장을 권장하지 않습니다.
9245203,4,,사람 많고 정신없지만 그래도 스벅 커피 마시러 가게 되는 곳
9245203,5,,스타벅스는 나도 모르게 가게 되는 곳이에요. 여유 롭고 고소한 커피 향 도 좋고요 명동 가면 여기 스타 벅스 가서 한 2시간 정도 있다가 와요.
9245203,4,,"요즘 서울의 스타벅스는 고개만 돌리면 보이는 수준이 되었지만, 그렇게 많이 생겼어도 사람이 많이 들르니 아직도 생겨나고 있다. 
그래서 사람 적은 카페를 선호하는 본인의 입장에서 너무 많은 사람은 부담스러운 게 사실이다.
여기 스타벅스명동역점 주변에도 반경 100m 이내에만 해도 스타벅스만 2~3곳이 더 있다. 
그 중에서 여기보다 한산한 곳은 없으니 조용한 스타벅스를 찾는다면 이 곳은 매우 좋은 선택.
다만, 한 건물을 통째로 사용하고 있으나 건물 면적이 작아 한 층마다 좌석수가 그렇게 많지 않은 건 장점이자 단점. 남자화장실을 찾아 3층까지 가야하는 번거로움이 있지만, 조용한 스타벅스를 찾았으니 그 정도는 참는 것도 좋겠다.
매장 면적이 좁아서 다른 스타벅스매장처럼 텀블러 같은 상품들이 다양하게 없다는 건 아쉬움일 수도 있겠다.
모든 걸 정리하는 한마디. 주변에서 제일 조용한 스타벅스. 이거면 되지 않을까?
별점 4개. (좁은 매장면적과 높은 계단, 3층 남자화장실에서 별 한개 감점)"
9245203,3,,당신의 Issac 토스트를 여기에서 즐기십시오!
9245203,4,,"명동에 위치한 스타벅스 치고는 조용한 편입니다. 전망도 좋고요. 아침에 가서 창가 쪽에 앉아 있으면 출근 하는 사람들, 관광객들이 걷는 거리 모습이 꽤나 좋습니다. 직원 분들도 친절하시고요. 중국국가여유국과 가까워서인지, 근래에 명동을 찾는 중국인이 많아져서 인지 중국 사람들도 많이 찾는 편인데, 조용합니다. 일본 관광객들도 많이 옵니다. 그럼에도 방해 받지 않고 책 읽는데 집중할 수 있을만큼의 분위기입니다. 다만 관광객이 많은 곳에 위치하고 있어서인지, 신상 텀블러가 없습니다ㅠ 아마 빨리 팔려나가는 모양입니다."
9245203,5,,"통유리 너머로 보는 명동을 특별하죠. 수많은 외국인들, 화려한 쇼핑거리...스타벅스는 어디에나 있지만, 명동스타벅스는 한층 특별합니다"
9245203,4,,여기에 있는 쇼핑 센터에서 휴식을 놀아요. 사랑하는 사람들을 구경하는 좋은 차 한 잔을 즐길 수 있다 & 개구수는)
9245203,5,,스타벅스 커피 맛은 어딜가나 비슷해서 큰 차이점은 없어요. 쇼핑하다가 휴식할 때 들리시면 좋아요.
9245203,5,,"스타벅스는 세계 어딜가나 , 서비스도 크게 차이 안나고 음료도 중간이상이고 푸드도 참 맛있어요. 여행갈때마다 텀블러도 머그도 사모으고 따뜻한 차 한잔 하러도 가고 혼자만의 시간보내고 싶을때도 가고 자주 가는 곳입니다.  스터디할때도 많이 갔던 것 같아요. 스타벅스는 사랑입니당!"
11667356,5,,"나는이 카페의 모퉁이를 돌며 자주 방문한다. 나는 결코 실망하지 않았다, 커피는 좋다. 그리고 생과자는 맛 좋다. 직원들은 친절하고 세심합니다. 나는 항상 방문 할 때 나의 친구와 가족을 여기에 데려 간다. 역설적이게도 파리 바게뜨가 한국 회사인데 미국인 방문객들은 한국의 맛을 느낍니다. 하나의 아주 작은 단점은 내가 때로는 와이파이 문제가 있지만 그게 내 컴퓨터 설정 수 있습니다."
11667356,4,,직원들은 미소를 띠고 있습니다. 아이스 아메리카노를 주문했는데 비용이 1500원. 맛이 좋아요! 이 곳은 편안한. 충전 소파가 있습니다. 인테리어 디자인은 휴식을 취하기에 멋진. 위치는 현대백화점 편리하다! 다음에 다시 방문할 것이다!
11667356,4,,"유플렉스 근처의 카페 파리바게트입니다. 2층 매장이 있어서 창밖을 보며 디저트 먹기 좋아요~ 1층에는 테이블이 없고 2층에만 있으니 참고하세요!~ 위치가 좋아서 그런지 사람이 항상 많은편이고요 자리 없을 때도 종종 있어요^^ 아 그리고 케익 종류가 다른 지점보다 많은 편인 것 같아요 아주 다양하고, 예쁜 디자인의 케익이 많아서 고르기 어려울 정도 ㅋㅋ 저는 파리바게트 빵 다 좋아하지만 초코소라빵이랑 단팥크림코팡이 제일 맛있더라구요~ 아메리카노랑 같이 먹으면 궁합 최고~~"
27921948,5,,한남동의 작은빵집 프렌떼 한남! 바게트 맛집으로 바게트와 함께 스프레드해먹는 시그니처 크림이 매우 맛있는집! 오픈시간에 맞춰가면 갓구워낸 맛있는 빵들을 만날수 있으며 가성비가 좋아 식사대용으로도 좋음
9286894,4,,"쌍화스무디라해서 쌍화차 생각이 나서 연상되는 맛이 있었지만 실제로 마셔보니 괜찮았습니다. 생강,계피맛이 연하게 나고, 대추맛은 어느정도 진하게 나면서 대추과육도 작게 씹히는 맛이 있어서 좋았어요. 생각보다 메뉴 괜찮았는데 작명을 좀 다르게 했었으면 더 좋았을 것 같아요.  은근 계속 생각나는 메뉴입니다."
9286894,4,,"디져트로 제격입니다.
여름에 시원하게 스무디를 마시면 더운게 다 사라지는 기분입니다.
건강 생각해서 카페인 들어가지 않은 스무디 즐기면 좋을 것 같습니다."
9286894,3,,"식사후 따뜻한 카페라떼가 생각나는 날, 
날씨는 쌀쌀하고 미세먼지 걱정일때,
다른 매장들 보다 가격이 저렴한 식후 커피에 
딱 어울리는 곳입니다."
9286894,4,,빠른 간식을위한 좋은 녹인 맛있는 적절한 스무디
9286894,5,,케일캐롯 먹으면 건강해지는 느낌^^;;
9286894,5,,오렌지 레볼류션은 언제먹어봐도 정말 맛있습니다. 스무디킹에서 이 메뉴가 없어진다면 방문할일이 없을거 같습니다.
9286894,4,,"원래 있던 자리에서 조금 옆으로 이동을 했더라구요, 통신사 할인까지 받으면 좀 더 저렴하게 먹을 수 있습니다. 가끔 영화관 입장권 이벤트도 해서 할인도 받을 수 있어요. 스몰은 너무 양이 작고, 미디움은 시켜야 합니다. 개인적으로 음료 이외에 푸드류는 비추합니다."
9286894,3,,"가벼운 점심식사, 조용히 홀로 즐기는 점심을 원할때 방문하면 좋은 곳
맛은 여타의 스무디킹 지점과 비슷함"
9286894,4,,"저렴한 가격, 좋은 선택, 영어 메뉴, 아주 좋은 스무디. 딱 내가 원하던 것 이었을 때. 정말 마음에 들어요."
9286894,4,,커피는 마시기 싫고 시원하고 프레시안 음료가 마시고 싶을 때 항상 가는 곳! 원하는대로 추가를 할 수 있는 점이 좋아요
9286894,5,,시원하게 땡길 때 가기 좋네요. 접근성 좋은 편이고 뭐 당연히 품질이야 나쁘지 않구요. 밥 먹고 디저트로 혹은 식사대용으로 떼우기 좋아요 :-)
9286894,5,,"스무디킹은 사랑입니다. 4계절 상관없이 언제먹어도 좋습니다. 본인이 먹고싶은 맛을 선택하고 여기에 단백질 파우더나 다른 영양 성분 등을 추가할 수 있습니다. 다이어트할 때, 기운없을 때, 피부관리 하고 싶을 때 한끼 대용으로 먹어도 좋고요, 저처럼 식사 후 주스처럼 먹어도 좋아요. 배는 부르지만 만족감은 최고. ㅋㅋㅋ"
9286894,4,,CGV 극장 앞에 있다. 영화 보기 전에 기다리거나 쇼핑 후 목이 마를때 시원한 과일 주스를 마시면서 쉰다. 종류가 다양해서 항상 선택에 고민을 만드는 곳.. 매장 분위기도 밝고 깔끔하다. 단 테이블이 많지 않다. 간단한 샌드위치도 있다.
23827068,,,
9003594,4,,"이태원 역 바로 근처에 있는 커피숍입니다. 3층 짜리 전체 건물임에도 접근성이 좋아서 그런지 항상 사람이 많습니다, 그리고 할리스는 디저트가 맛있어서 좋아요.."
9003594,4,,24시간 오픈이라 늦은 밤에 혼자 노트북으로 작업하기 좋습니다. 리모델링 이후 목~토에 B1 라운지에서 놀다가 쉬러 오는 사람들 때문에 예전처럼 한적하진 않아 아쉬워요
9003594,5,,서울에는 커피 숍이 부족하지 않습니다. 각자는 꾸미기와 접근에 그것의 자신의 유일한 테이크를 가지고 있습니다. 그들 중 일부는 정말 당신의 공상을 간질입니다. . . 이것은 하나의 커피 숍이었습니다.
9003594,5,,티라미수 크림라떼 시켜먹었는데 진짜 맛있었어요. 루프탑이 있어서 분위기도 좋아서 다른 커피 체인 가느니 이왕이면 할리스커피가요
9003594,5,,"이태원역 앞 큰 커피숍을 찾으신다면
좋은 선택이 되실 수 있습니다
할리스 커피도 맛있고 자리도 많고 좋아요"
9003594,4,,"이태원역 바로 근처에 있어 편하게 이용할수 있음.
루프탑이있어 새로운을 받고 여유 즐길수 있어서 좋음."
9003594,4,,"이태원은 서울의 복잡한 주말에는 특히 금요일 밤 입니다. 이건 정말 좋은 곳을 찾은 상대적으로 조용하고. 커피 가 아닌, 위스콘신 - 인터넷이 꽤 빠른, 배터리 소켓을 재충전을 할 수 있는. 좋은 곳에서 술을 회수해."
9003594,5,,"출구 바로앞에 있어서 친구기다릴때 자주가요. 1층은 자리가 작지만 위로 올라가면 옥상같은 루프탑도 있고, 특히 봄에는 바로앞에 있는 벚꽃나무 감상하기에도 좋음!!"
9003594,2,,"전 개인적으로 할리스 커피는 별루 라고 생각해서요.
맛은 SOSO하고 주말에 자주가곤하는데 역시나 이태원인지라 사람들이 너무 많네요."
9003594,5,,"이태원역에서 나오면 바로 찾을 수 있어요!
한 건물 전체를 다 사용한 인테리어나 디자인이 특이하더라구요!
내부는 생각보다 좁지만 괜찮았습니다 ㅎㅎ
커피도 역시 맛있네요~"
9003594,5,,"이태원역 바로 나와 헤밀턴 호텔 옆에 위치해있는데요 ㅎ
생각보다 메인거리에 있어 사람들도 많고 하더라고요 ㅎ
여기는 가면 맨위층에 테라스 있는데요 ㅎ 거기가 밤에 야경도보며 흠연장소 도 바로 옆에 있어 좋은거같아요 ㅎ"
9003594,4,,해밀턴 호텔 옆에 위치하고 있구요. 2번 출구앞에 있습니다. 날씨 좋은 날 테라스에서 커피 마시면 참 좋아요~ 규모가 크고 좌석히 넉넉해서 좋습니다.
12567675,5,,여자친구랑 같이 가면 사랑받는 요거트 가게
12567675,5,,예전에 강남역에 토익학원 다닐때 자주 사먹었던 요거트맨!! 회사근처에 새로 생겨서 오랜만에 먹었는데 강남역보다 훨씬 맛있고 매장도 이뻐졌어요!! 메뉴도 많아졌고 특히 요거트 아이스크림 너무 맛있어요!!
9245470,5,,"가끔 갑니다
이젠 나이대가 올라갔다고 해야하나
남녀노소 다 좋아하는 까페가 된 거 같아요
자주 가고 편히 가고
부담 없이 갑니다^^"
9245470,4,,"동네에 위치한 곳이라 주로 테이크 아웃으로 가져오는데 비교적 조용한 편이에요.
주 고객층은 학부모들이에요~~
그래서 점심 전후에 사람이 많아요."
9245470,4,,영동대로 은마아파트 상가건물이에요. 평일 오전이라 사람이 많지않고 2층에 자리 많았어요. 얼그레이티와 크로와상 좋았습니다.
9245470,4,,"학여울점은 대로변에 있지만 들어가면
1층에 3-4 개의 작은 테이블 너머로 
은마아파트 내부의 나무들이 보여
도시에 있지만  교외에 있는듯한
느낌을 줘서 자주 방문하는곳 입니다."
9245470,5,,주변이 아파트 단지라 주로 동네 주민들이 찾아옵니다. 2층까지 자리가 꽤 많고 다른 스타벅스 대비 혼자 온 손님들이 많아 조용한 분위기입니다.
9245470,4,,"제가 좋아하는 스타벅스중 한곳인데요 .
1층은 좌석이 별로 없고 2층에 좌석이 많습니다.
창문으로 은마아파트의 조경, 나무들이 보여
도심이지만 어디 멀리 전원에 온것같은 느낌이
드는곳입니다.
주차는 비용을 지불해야합니다."
9245470,5,,"스타벅스 매장중 일부는 주차장이 없어 불편했었는데,  이곳은  주차장이 있어  편리하게 이용했습니다.

한시간 무료주차이니 참고해서 찾아가세요.."
9245470,5,,"2층짜리 매장으로 상당히 넓고 자리도 많습니다. 번화가가 아님에도 주말에는 자리가 가득 차지만, 단체보다는 개인 손님이 많은 편이어서인지 조용해서 좋습니다. 직원들도 매우 친절합니다."
10859484,5,,"구스토아 : 저렴한 가격에 색다른  고급 아이스크림 맛을 느낄 수 있었어요.~ \0/ = 깔끔하면서 쫀득한 질감.. 명품 아이스크림의 맛.. 
와~ 입안속의 행복한 즐거움을 느낄 수 있었어요!

타이야끼 : 미니붕어 빵( 작은 물고기 모양이 먹기 아까울 정도로 앙증 맞았어요.~ㅎ) 흔한 밀가루 맛이 아닌 쫀쫀한 빵안에 팥. 슈크림.. ㅎㅎ~맛있어서 또먹고 또먹고 식어도 맛있었어요!

저와 같은 행복하고 즐거운 시간 느껴보시라고 글 남겨요.~~"
10859484,5,,"드롭하여 해야 하는 명동, 서울 입니다.
독특하고 새로운 스타일의 아이스크림을 만날 수 있는 컵이나 콘. 쉽게 픽업 &로 이동."
10859484,5,,"대박 대박
뭐 이런 아이스크림이 다 있나~~
임실치즈가 들어있어서인지 아이스크림을 먹은 후의 목마름 없이 오히려 든든하달까~
어설픈 간식보다 백배 낫습니다."
10859484,5,,"자녀들과 함께 명동 거리를 걷다가
작고 아담~한 골목길의  카페 발견
벗과 연인과 가족이 함께 즐길 후식이 있는 곳
강추"
10859484,5,,"명동 ohsnack 에, 서울.
아이스크림 ohsnack 의 인기가 좋습니다.
아이스크림과 커피 ohsnack 의 아주 좋은. 또한, 이 저장소에 있는 아주 깨끗합니다."
33669322,,,
15686352,5,,"워낙 맛과 퀄리티가 보장된 곳이지만 점심 때 중식으로 코스 요리를 먹은 후라 가볍게 먹으려 했다. 하지만 하나를 시켰다가 다른 맛이 궁금해서 또 하나 시키고, 또....
디저트까지 코스로 먹음 ㅎㅎㅎ 맛의 조화가 훌륭하고 만드신 분의 자부심이 느껴진다. 친절한 설명은 덤! 다음에 들러서 다른 맛도 모두 먹어봐야겠다. 최근 먹은 디저트 중 가장 고급스럽고 맛있었음"
15686352,5,,신메뉴 플렁(Flan). 먹어본 케이크중에 가장 고급진 맛... 독보적인 식감과 적절하게 계속 당기는 단맛과 상큼함.. 두블오도 마카롱도 이 곳 디저트들은 신기하게 아무리 많이 먹어도 뒤끝이 깔끔하고 계속 당깁니다. 좋은 재료를 썼다는게 그냥 몸으로 직접 느껴져요. 일단 먹어보면 다른 곳과 차원이 다르다는게 느껴질겁니다. (이제 다른데서 마카롱 못먹음ㅋㅋ) 꼭 드셔보시길!
15686352,5,,더블오는 처음 먹어보는데 과일향이 단 맛과 잘 조화된다. 커피도 예가체프 원두를 원래 좋아해서 맛있게 마신 것 같다. 분위기도 따뜻하고 창가 자리도 넉넉하다
15686352,5,,"지하철역 바로 앞의 멋진 위치와 디저트는 훌륭했습니다. 직원들은 정중하고 친절했습니다. 또한, 장소는 매우 깨끗하고 설계되었습니다. 여자 친구가 너무 좋아해서 우리가 할 수있는 한 많이 방문하고 싶습니다 :)"
15686352,5,,"놀라운 파이, 놀라운 서비스. 경험의 질을 위해 아주 싼. 빠르고 저렴한 간식으로 추천합니다."
26498028,5,,사진찍는거 진짜 조아하는데 청량리에 이렇게 이쁜 카페가 있는지 몰랐습니당😍 진짜 어렸을 때 시골 할머니댁 놀러온 것처럼 너무 고즈넉하고 인테리어도 너무 예뻐서 사진찍느라 정신이 없었어요ㅠㅠ 케이크도 너무 맛있고 커피도 잘 마셨습니당!!
17629249,3,,"이곳의 가장 큰 장점은 깨끗 & 깔끔한 분위기 인듯 합니다.
의자는 아주 불편하구요
라떼와 생크림이 올라간 크림커피를 주문했는데 높은 가격대비 (7000원) 맛은 평범했습니다. 
아마 제가 산미있는 커피를 별로 안좋아해서 그럴지도요
사장님은 아주 친절하세요."
17629249,5,,우리는 오늘이 카페를 발견했습니다. 훌륭한 커피와 바리 스타가 매력적이었습니다. 방문할만한 가치가 있습니다. 관광 지역에 가까운
17629249,5,,맛있는 커피를 마시며 데이트하기 좋은 장소
9245486,4,,"항상 사람이 많으며 3층 건물이다.
자리가 엄청 많은편은 아니지만
주변 직장인들이 대부분 테이크 아웃하기때문에
여유가 있다."
9245486,4,,"각 층이 아주 넓은 편은 아니라 조금 정신 없는 느낌이었어요. 안국역 쪽 스타벅스보다는 그래도 조금 더 한적한 편이고, 여기보다는 삼청로 위쪽 스타벅스를 더 추천합니다."
9245486,4,,위치가 번화가도 아니고 애매하긴 한데 한적하고 조용하고 좋아요. 주말에는 북촌찾는 사람이 많아서 붐비는 매장이기도 합니다.
9245486,4,,위치가 나쁩니다. 사실 안국역에 있던 것이 이전한 것인데 그전보다 규모도 커지고 좀더 쾌적해졌지만 위치가 애매한데 있어서 쉽게 가지진 않죠. 맛은 그냥 기본 스타벅스입니다.
9245486,4,,치킨크랜베리샌드위치에 아메리카노 한잔이면 브런치로 최고네요~ 호밀빵으로 이루어져있어서 그렇게 부담스럽지도 않고 맛도 괜찮았어요~ 먹기는 조금 불편했지만..
9245486,3,,"북촌한옥마을을 갔다가 추워서 들린 스타벅스
간판도 한국말로 되어있어서 나름 신선하고 좋았어요"
9245486,4,,인사동에 있는 스타벅스는 너무 붐벼서 북촌에 오면 항상 들리는 스타벅스입니다. 3층까지 전부 스타벅스이기 때문에 한산하고 분위기도 한옥 느낌이고 좋습니다 !
25192415,5,,"가성비, 분위기 좋은 송파, 석촌 카페"
12406190,4,,쇼핑하고 더운 열기를 식히기에 좋아요 외국인 손님들도 많고 갈때마다 항상 활기찬 분위기입니다 콩가루 너무좋아요 짱맛잇어요
12406190,4,,큰 저녁 식사 후 나는이 장소에왔다. 그러나 메뉴가 단지 너무나 유혹했던 다른 물건을 먹을 수 있었던 가능한 어떤 길도 없었다. 채워진 하프 멜론이 있었는데 맛있었습니다. 서비스는 꽤 빠르다. 그리고 나는 얼음이 꽤 단지 물이다라고 말한다 sooooo 항상이 디저트를위한 공간이있다!
12406190,3,,외국인들도 꽤 오는 것 같고 다양한 빙수를 판매한다. 가게 분위기는 다소 어수선한 것 같다. 한번쯤 더운 날 와도 좋을 것 같은 곳이다.
12406190,5,,"시즌마다 다양한 빙수를 판매하지만 전 언제나 인절미빙수거 제일 멋있는거 같아요
인절미 빙수 한스푼,아메리카노 한모금은 최고의 궁합"
12406190,4,,동대문 설빙 위치 찾기가 조금 어려웠다~ 디디피에서 돌다가 설빙 찾아 들어가 인절미 팥빙수 한사발~ 고소하고 맛있었다~
3938908,5,,"리모델링 전에는 좀 불편했는 데, 리모델링 후 방문 했는 데 정말 좋았다. 빵 진열도 먹음직 스럽게 되어 있고 셀프오더기계가 있다."
3938908,4,,"강남역에서 누구 기다리기에는 최적의 장소
단 강남의 웬만한 카페가 그렇듯
정말 자리 잡기가 힘듭니다
콘센트도 거의 없구요
직원들은 친절하고 외국어도 잘함"
3938908,4,,오후가 되면 인기있는 도넛은 다 나가버립니다.
3938908,4,,할 수 있는 아주 맛있는 도너츠 했으면 더 좋은 다양한 종류의 베이글 이 있지만 의 도넛 은 아주 좋습니다. ☺
3938908,4,,큰 대로변에 위치해있고 가게가 찾기 쉬워서 약속 장소로 활용하기에 정말 좋아요. 커피 맛이나 도넛 맛이야 다른 던킨과 똑같구요. 별로 시끄럽다고 느낀적도 별로 없었떤 것 같네요 강남역을 처음 찾는 분과 약속잡기 좋아요.
3938908,3,,"신분당선 3번출구에서 나오면 바로 가까이에 있는건물이예요.
지하철역과 가까워서 이용하기 편한곳이네요"
24066166,,,
18919612,3,,"입구부터 줄이 쫙~ 서있는 곳이 있다면 바로 꽈배기집이예요. 줄이 길다고 해서 엄청 오래 걸리진 않았어요.
바로 튀겨서 포장까지 해주는데 줄도 금방 줄더라구요.
꽈배기는 두 말 할 것 없이 쫄깃하니 맛있어요"
18919612,5,,"캡틴마블도 다녀간 곳!
비가오나 눈이오나 긴~줄은 각오해야 하는 곳입니다
그래도 빨리 빨리 나오기 때문에 길어야 10분이구요
여기 찹쌀꽈배기는 도나스 같은 퍽퍽한 꽈배기가 아니라 공기반 찹쌀반으로 쫄깃쫄깃해요. 
계피가루를 혼합한게 신의 한수 같습니다
광장시장 오면 꼭 드세요."
9245588,4,,"역에서 접근성이 좋아 가게된 곳.
비교적 조용하게 즐길 수 있어 여유롭게 이용가능합니다.
크루들도 친절하고 내부도 쾌적합니다."
9245588,4,,"역근처에 있어 접근성도 좋다 자주가는 스타벅스중 하나 매장도 넓어서 노트북들고가서 과제하기 좋은곳중 하나 
주말엔 사람이 많다"
9245588,5,,"역에서 가까워서 가끔가요.
직원분들도 친절해서 좋아요
좌석은 보통정도인거같아여.
사람에 비해선 좀 좁은거같기도.."
9245588,4,,접근성이 좋다 사람들이 항상 많은편이지만 처리속도도 빠른편인 것 같다 인테리어도 깔끔하다.
9245588,4,,"Seoul, Seoul, South Korea"
9245588,5,,"스타벅스는 어딜가나 기본은 하는거같아요 
커피는 맛있고 좋은데 혼잡하다는 단점은 있어요 
그래도 매번 여기만 가게되요"
9245588,4,,"규모도 아주 작은편은 아닌데, 사람이 많아 자리가 없을때도 있어요. 맛은 다른 지점과 다를바없고 만족스런곳이예요."
9245588,5,,"언니랑 코스트코 갔다 한샘몰안에 있는 스벅에!
아기 의자로 5개 준비 되어있다는 그곳
언니랑 조카랑 같이 우아하게 커피! 조카는 바나나~
직원도 친절하고 좋았다"
9245588,4,,상봉역 경의중앙선 바로 옆에 위치해있어서 접근성 좋음. 가끔 그라인딩을 부탁하려고 가는데 항상 친절하게 맞이해줘서 고마웠다
9214281,5,,서울의 진짜 그리스 요구르트! 강남 스타일!
9214281,5,,"그릭요거트 좋아해서 여러제품을 먹다가 명성이 자자한 요거트맨에 방문했어요
가장 기본으로 추천해주신 그래놀라요거트랑 베스트메뉴인 오드리햅번을 먹었는데
저는 개인적으로 그래놀라 요거트가 너무 맛있었어요. 그래놀라도 직접 수제로 볶으신다는데.. 앞으로 배송주문해서 먹을 예정입니다. 요거트맨 짱맛 존맛탱"
9214281,4,,"요거트에 원하는  토핑을  얹어서 먹을 수 있는 요거트맨~
간단한 식사대용으로도 좋아요~ 상큼하게 먹는 간식으로 추첨합니다"
9386450,5,,"간단한 브런치 먹을겸 방문.
빵맛이야 소문난 곳이고
커피도 맛있더라구요

가격이 비싼게 흠이지
다른 건 다 좋아요
주차 가능해서 다른 지역에서 온 사람 만나기도 좋음"
9386450,5,,"나폴레옹의 빵은 맛있기로 유명하고, 실제로 다양한 빵을 먹는 재미가 있습니다. 가볍게 이야기나눌 수 있는 카페 공간이 있어서 편안합니다."
9386450,4,,"예전에 본점에서 청와대에 납품을 했다고 할 정도로 유명한 빵집. 시대 흐름도 잘타서 현재는 브런치나 파스타 등의 빵이나 과자가 아닌 요리도 하고 있다.
전설의 사라다빵이나 빵집의 기본이지만 쉽지 않은 소보로, 단팥빵 등이 유명한데 거의 모든 빵이 이른 시간에 매진될 정도로 인기가 좋다."
9386450,4,,"생각많큼 빵의 종류가 다양하진않습니다
하지만 식사대용으로 구입한 크림치즈와 마른토마토를 넣은 샌드위치는 매우 맛있었습니다"
9386450,4,,빵사러 종종 이용하는 나폴레옹이에요 오래됬지만 여전히 사람도 많고 맛난 빵도 많던... 주차는 조금 어렵지만 좋아용
9386450,4,,나폴레옹은 원래 유명해서 자주가곤 하는 빵집인데요~ 빵종류도 다양하고 브런치도 좋아용 너무 인기가 많아서 차가지고 가기엔 주차나 등등 여러가지가 약간 정신없긴함ㅠㅠ
9386450,4,,"강북까지 넘어가서 사지 않아도 되서 좋네요
오랜빵집이라 옛날부터 먹던 빵도 새롭게 나오는 빵도 있고
좋아하는 사라다빵은 적당한 크기에 부드러운 사라다라 항상 만족~~
가까운 곳에 생기니 좋아요~~"
9386450,5,,맛있어요. 크림빵 특히 맛있고 다른 것들도 맛있는데 지점별로 맛 차이는 좀 있는 거 같아요. 3대 빵집이 나폴레옹 김영모 또 뭐더라... 여튼 개인적으론 김영모보단 훨씬 맛있네요.
9386450,4,,여러가지 종류의 빵과 케익이 있어요 안에 자리는 많지 않아서 여러명이 갈때는 자리가 없을 수도 있어요 케익도 너무 예쁜데 가격이 좀 나가요..
9386450,5,,"공간을 확장하여 카페도 넓어졌고
조명도 훨씬 밝아졌다.
브런치메뉴도 있어서 오믈렛이나 토스트세트도 약간 비싼 가격에 먹을 수 있고
카페 메뉴도 빵집치고는 다양한 편이다.
대치동에서 약속 잡기 좋은 장소다.
커피 마시다가 빵나오면 빵 사서 먹으면 되니까 상당히 편리하다."
33954648,,,
25216104,,,
10318512,4,,남대문 시장을 걷다가 앉아서 커피를 마시 러 가서이 곳을 우연히 만났습니다. 아주 전문적으로 보이고 그것이 체인 커피 레스토랑이라고 생각했습니다. 카라멜 프라푸치노는 4800 원에 판매되었습니다. 직원은 매우 정중했고 약간의 영어를 알고 있었다. 틀림없이 돌아갈거야.
10318512,5,,이 곳에서 많이 사고 즐겼다. 정말 좋은 훌륭한 위치에 훌륭한 서비스와 커피.
10318512,5,,"복잡한 남대문시장에 위치해 있으면서 노천 바 스타일로 운영됩니다.
높은 바툴에 앉아서 시장을 바삐오가는 사람들을 구경하며 마시는 재미도 쏠쏠합니다.
남대문시장은 오래된 재래시장이지만 카페의 분위기는 매우 모던하며 직원들도 매우 친절합니다. 영어도 능숙히 구사하구요. 
작은 카페지만 음료도 커피부터 에이드, 트로피컬 음료까지 다양합니다.
스벅의 프라파치노와 비슷한 뭉치치노(?) 를 주문해 마셨는데 아주 맛있었습니다"
3939005,4,,용산역 안에 있어요. 기차 기다리면서 커피한잔하기 딱 좋아요. 따뜻한 커피랑 도넛하나면 아침에 요기하고 가기 안성맞춤입니다.
3939005,4,,기차를 타기전에 간단하게 간식거리를 챙기고 싶을때 가볍게 커피와 도넛을 구입할 수 있어서 좋습니다.
3939005,5,,"프랜차이즈니까 맛은 그냥 알고있던 맛있는 던킨 도넛입니다.
3층 개찰구 바로 앞에 있는 던킨도넛이라 시간에 쫓길 필요없이 간단한 식사할 수 있는 게 장점이죠."
3939005,3,,"KTX를 타기위해 기다리다 시간이 남아 방문했습니다.
대합실 바로 옆에 있고 가격도 적당하므로 열차를 기다리며 방문하기에 좋습니다."
3939005,5,,"아침 일찍 이곳에 들를일이 있었는데, 7시부터 오픈을 하여 이용 할 수 있었습니다. 주변에 역사가 있어서 그런지 사람들이 아침 일찍부터 많았고, 직원들은 친절하였습니다. 테이블 갯수는 6~7개쯤 되어 보였으며, 도너츠의 종류는 많이 않았고, 보통이었습니다."
13172778,5,,만랩커피라는 이름이 다소 촌스러우니 그에 비해 커피는 고퀄이다 여기 밀크티가 밀크티잎 향이랑 깊은 맛이 직접 느껴져서 최고
13172778,4,,아담하지만 저렴하면서 다양한 커피 전문점
13172778,5,,"스페셜티커피를 전문으로 하는 프렌차이즈 커피전문점입니다
플랫화이트가 특히 맛있습니다. 
저렴한 가격에 개인카페의 고급스러운 커피를 즐길수 있어서 좋아요"
32968958,,,
9450120,4,,이제는 제법 오래된 역사를 자랑하는 뷔페레스토랑이다. 요즘들어 뷔페가 뜸해지고 있는데 강남권에서 비교적 괜찮은 뷔페를 선보이고 있는 곳으로 인기가 좋다.
9450120,5,,"나름 같은 위치에서 오래된 해산물 부페입니다.
가격은 상당히 센 편이지만 프로모션 쿠폰을 자주 뿌리는 편입니다.

주말에는 항상 사람들로 바글바글한 수준이며
전체적으로 모든 음식이 질이 괜찮습니다.
해산물은 가짓수가 많지는 않지만 전체적인 퀄리티는 좋습니다."
9450120,3,,미리예약하고방문해서할인받았어요 음식깔끔하긴한데굳이찾아가서먹을정도는아니구요 가지수가다양하지는않아요
9450120,4,,가족 식사하러 두어번 갔었는데 맛도 퀄리티도 괜찮았어요. 평일은 괜찮은데 주말에 가면 사람 정말 많고 테이블 간격도 좁아서 답답하고 음식 담는데도 무슨 결혼식장 뷔페 온 줄 알았어요. 그것 빼고는 가격 대비 좋아요
9450120,3,,맛은 좋습니다. 하지만 저녁/주말/공휴일에 방문하면 가성비가 심각하게 낮을 만큼 가격은 창렬입니다. 나아가 사람들이 너무 많아서 인구밀도가 최악입니다. 평일에 갈 수 있을때만 가세요~
9450120,5,,북적이지 않고 음식 종류도 다양한데 질도 준수합니다.
9450120,4,,"해산물만 잇는건 라니고 다른 음식도 많은 뷔페
굳이해산물로만 한정지을 필요는 없을듯
하나 아쉽다면 생 굴 및 석화는 없늠"
9450120,5,,해산물 뷔페를 좋아한다면 꼭 가보시길 추천합니다. 저녁에 방문하기는 다소 비싼 금액이지만 아깝지는 않습니다. 특별한날 특별한 식사를 원한다면 방문해 주세요.
9450120,5,,"여러 부페를 다녀봤는데 여기가 그 중에서 괜찮습니다.
주말 가격은 정가로는 44900 정도인데 인터넷 할인권 받아서 가면 10-15%정도 할인된 가격에 갈수 있습니다.

주중 점심은 30000원 조금 못미치는데 여기도 할인받아서 22000원대에 입장 가능합니다.

이곳 음식 특징은 간장게장과 생선회가 주 종목입니다.  특히 간장게장때문에 가신다는 분이 의외로 많습니다.
전반적으로 괜찮은 부페로 추천합니다.

주차는 2천원인가 3천원에 발레파킹을 해줍니다.
주말에는 예약자가 많아서 미리 예약하기를 권유합니다.
가족끼리 가서 식사하기에 아주 적당한 곳입니다."
9450120,4,,"마키노차야 역삼점은 전통있는 해산물 부페입니다. 점심에는 3만원이 넘지않아서 직장인들이 이용하기 좋고, 저녁에는 특별한 모임이 있을 때 이용하기 좋습니다. 특히, 계절별로 특선메뉴도 출시하고, 멤버십에 가입하면 여러가지 할인 혜택도 있으니 한번 용해보세요."
9450120,5,,"두 달에 한 번은 거의 가는 뷔페식당.
음식 종류도 아주 다양하고 회도 싱싱함.
런치메뉴와 디너메뉴 / 주말메뉴 차이는 스테이크 유무 차이임. 부채살 부위로 약간 질긴 게 단점."
9450120,3,,"인터넷으로 조금 할인되는 쿠폰을 구매하여 방문하였습니다. 예전에 아주 맛있게 먹었던 기억이 있어 망설이지 않고 방문하였습니다. 호텔과 일반 뷔페사이의 중간정도 포지셔닝을 하는 듯 했으며, 특별히 고급지거나 맛있게 먹어 기억에 남는 음식은 없습니다. 다만, 다양한 종류의 음식이 있어서 남녀노소 다 즐길 수 있는 것 같습니다. 특별히 가격대가 있어서 부담가지도 않습니다."
9450120,4,,"호텔 뷔페 못지 않은 다양한 메뉴가 있음.
회가 아주 신선함.
런치에는 없고 저녁메뉴에만 있는 간장게장과 부채살 스테이크.
간장게장은 여러 번 갔을 때마다 느낀 점인데 속이 조금 마른 느낌이어서 조금은 별로였고, 부채살 스테이크는 조금 질김.
나머지는 가성비 대비 최고."
9450120,5,,상품권 선물받아서 이용했습니다. 적극추천
9450120,4,,"마키노차야역삼점에 리모델링후 처음 가봤자 전보다 깔끔해진 느낌이며, 음식은 크게 달라진게 없었다. 주말이라 사람이 많았으며 사전 예약은 필수! 발렛파킹을 해주니 편리했거 마키노차야 게장은 언제먹어도 진리❤️👍🏻반면 디저트 맛은 아쉬움"
15009471,5,,"몇몇 한국인 친구들은 유명한 수플레 팬케이크를 맛보지 않고는 한국을 방문 할 수 없다고 제안했으며, 이곳에서 몇 가지 샘플링을 즐겼습니다. 내가 동백 양과 점 찻집에서 먹었던 것과 비교할 수있는 것은 아무것도 없다. 생과자 요리사가 창에서 조리법과 기술을 습득 한 것을보고,이 요리의 숙련 된 특성을 이해하는 데 40 분의 사랑스런 보살핌이 필요합니다. 이 숨겨진 보석을 찾기 위해 여행할만한 가치가 있습니다."
15009471,4,,주말이라서 40분정도 대기했고요 수플레 구워지는 시간까지 30분정도 더 기달렸습니다. 수풀레는 가격은 비싼데 맛은있어요 한자리에서 없어짐요
15009471,3,,"이것은 SNS와 티비방송의 마케팅의 힘이다
평일 퇴근전 오후시간임에도 불구,
핫플인 익선동+인스타+슈돌 나은이케익집으로 엄청난 광고효과로인해 굉장한줄이이어졌고 친구의 열화로 인해
한시간 기다려서 입장. 들어가서 또만드는시간 40,50분소요. 두시간 기다려서 십분만에 먹고나옴. 눈치보여서 오래즐기며 먹을수없음
아무리 몸에좋은것을 넣어만들었다고해도
저조그만한것이 3만원이라니 거 너무심한거아니요? 1.5~2만원이면 앤틱한분위기 값쳐서 기다려볼만하나 너무심하다 밥값보다 더비싸고 그만한 대단한 맛이아님 그냥 우리알던 그맛."
15009471,5,,"감미로운 제철 딸기와 함께 풍부한 크림,이 souffl 팬케이크는 제가 지금까지 시도한 최고의 것입니다. 우리는 추운 겨울 날에이 가게를 발견했고, 오렌지 크림 커피를 먹으면서 하루를 따뜻하게했습니다."
15009471,4,,1시간의 기다림 20분 사진타입 2분만에 끝난 수플레
15009471,4,,익선동에 있는 동백양과점입니다. 엄청 핫한 곳인데 트립에는 리뷰가 별로 없네요. 오픈 때 가서 사람이 없었지만 나올 때는 웨이팅이 있었어요. 메뉴가 다양하진 않지만 수플레가 맛있는 곳입니다. 가격이 좀 쎄긴 하지만 퀄리티는 보장합니다.
15009471,3,,익선동의 분의기에 딱 알맞는 곳이예요~ 근데 유명한 곳이라 기본 웨이팅이 30분은  넘어요~ 수플레가 주요 메뉴라 주문했는데 맛도 괜찮고 비주얼도 좋았지만 솔직히 너무 비싸요 ㅠㅠ
6352974,4,,"토스트, 샌드위치, 팬케이크 등 브런치 메뉴와 커피를 파는 아담한 까페에요. 특히 팬케이크가 맛있어요. 과일이나 생크림을 곁들어 먹을수 있고 양도 많은편."
3972307,4,,일반 케익이 아닌 뭔가 특별한 케익을 원할때 베스킨라빈스 케익을 사곤했어요~  여러맛의 아이스크림은 케익이 짱이죠
3972307,1,,"위치도 좋고, 맛도 좋아서 꽤 자주 갔었는데...지난달에 문을 닫았습니다. 근처로 이전한 것도 아니라서....길 건너에 있는 베스킨을 가야할 것 같습니다."
15080011,,,
9325176,5,,"연희동에 위치한 오래된 빵집. 카페도 2층에 겸하고 있다. 아주 투박한 단팥빵 류부터 현재 유행하는 파티시에가 만들법한 그런 디저트도 있다. 아기궁뎅이, 단팥빵 등이 유명하다."
9325176,3,,방송에도 많이 나오고 연희동에만 지점이 2개다 유명한 빵은 아기궁뎅이랑 장발장이 훔쳐간 빵 네이밍 센스오짐 맛은 평범하다 그냥저냥 적당한빵
9325176,5,,"이 근방에서 빵이 맛있는 제과입니다. 저는 아기궁뎅이, 앨리게이터를 주로 사 먹는데 항상 일정 수준 이상의 빵 맛을 유지하고 있어서 믿고 사 먹을 수 있습니다."
9325176,5,,진짜 너무 맛있어요.. 시식도 있어서 좋아요:) 아기궁뎅이?였나 짱짱 맛있고 호밀빵류도 맛있었던 것 같아요. 매장이 넓어서 2층에서 먹고 갈 수도 있어요~
9325176,4,,"장발장이 훔친 빵 사러 방문했어요~동네빵네로 현대백화점에서 판매될때 넘 반갑더라고요,.
건강빵류가 맛있는 것 같아요.. 가격은 좀 비싼듯 합니다."
9325176,4,,"30년 동안 신촌인근 주민들에게 사랑받은 빵집입니다.
3월 즈음에 방문해서
장발장이 훔친빵, 고구마/무화과 빵을 사서 먹었습니다.

대체적으로 일반적인 빵도 유명하지만 특이한 네이밍의 빵이 많고
계속적으로 자체 개발한 빵들은 내놓고 있는 빵집입니다.

장발장이 훔친빵은 각종 곡물이 들어간 빵이었고, 고소한 식감이 일품이었습니다.
고무마/무화과 빵 또한 베이커리 빵에 고무마와 무화과가 들어간 빵인데, 고구마는 고소하고, 무화과는 달고 씨앗이 씹히는 식감이 훌륭했습니다.

1층은 빵집이고, 2층은 테이블이니, 구매해서 친구와 맛보면 좋을 것 같네요"
9325176,5,,"빵이 맛있어서 오래전부터 유명한 곳이예요. 위치도 찾기 쉽고, 유명한 동네 분들도 단골이예요. 가격은 조금 있지만."
9366665,4,,"에스프레소 기반의 메뉴 보다는 드립을 훨씬 잘하고, 또 거기에 강점이 있는 카페 입니다. 원두의 로스팅이나 관리가 잘 되고 있으며, 조용한 가게 분위기가 상당히 마음에 드는 곳 입니다."
9366665,4,,"유명한 바리스타가 한다고 해서 갔어요. 스벅 같은 곳에서 먹는 것보다는 훨씬 맛있고 그만큼 가격도 되죠. 유명 바리스타가 한다니 그가 블랜딩하는 오늘의 커피를 마셔봤어요. 괜찮았어요. 아주 맛있다는 건 모르겠는데, 블랜딩보다는 그냥 원두시키는 것이 좋겠어요."
9366665,5,,드립커피도 맛있고 최근에는 비엔나 마셨는데 괜찮았어요. 조용하게 이야기 하기에도 좋 고 커피 맛도 좋아서 만족스러운 카페에요
9366665,4,,기본적으로 드립커피가 평균 이상이구요. 사실 이 곳도 체인이라 기본적인 맛은 보장하는 편입니다. 수다를 떨고 있기엔 분위기가 좀 정적인 편이고 가볍게 커피 한잔 하기 좋습니다.
9366665,4,,"전망좋은, 분위기 있는, 커피향 좋은 곳"
9366665,4,,"북촌에도 생긴 카페숍이라서 좋음
커피가 맛잇고 테이크아웃도 가능한 집
여러 커피를 알수잇는집임"
9366665,4,,생두를 블렌딩해서 커피를 만드는 걸로 유명한 곳인데 커피를 잘모르지만 굉장히 진한맛과 향을 가지고 있었다. 분위기는 다른카페들과 비슷했지만 커피의 맛은 분명 차이가 있었다~
9366665,4,,한때 드립커피에 빠져서 드립커피 내리는법을 한번 보고싶어 가본곳. 커피 한번 내리는데 정말 정성드려 내리는것을 보니 장인의 멋이 느껴졌다. 그래서인지 맛도 더 있는것 같다.
9366665,5,,맛 좋고 여러가지 커피 원두를 먹어볼 수 있는 전광수 커피점. 여러가지 체임점이 있는데 북촌에 갈 때 종종 갑니다. 손으로 쓴 듯한 메뉴판도 너무 마음에 들고 커피 맛과 향기도 정말 좋습니다.
9245649,4,,서울역 건너편 KDB생명 건물 1층이에요. 역앞이지만 사람이 그렇게 많이 다니는 거리는 아니라 비교적 여유있네요. 시원한 라떼 잘 마셨어요
9245649,5,,매장은 큰데 손님은 별로 없어서 조용합니다. 뭐 그래도 근처에 회사 많으니까 점심 저녁때는 좀 붐빌거 같기도 해요.
9245649,4,,"Seoul, Seoul, South Korea"
9245649,4,,"다른 곳 커피보다 스타벅스 커피가 제일 깊은 맛이 나요.
특히 카라멜마끼아또는 최고에요.
샌드위치나, 빵, 케잌등도 맛있습니다."
9245649,4,,다른 스타벅스 매장과 별차이는 없고 아늑한 공간에서 커피한잔 마시변서 휴식할 수 있는 공간입니다.
9245649,3,,"누구나 다 아는 스타벅스 커피.
특별할 것은 없고, 서울역 입지에 있다보니 접근성이 좋아 사람이 늘 많음"
32883805,,,
9070278,5,,매일 맛있는 빵을 굽는 오래된 로스터리 커피숍입니다
9070278,5,,LOVE LOVE 그들의 COFEEE를 사랑해 !!!
9070278,4,,더블컵커피는 다른 카페보다 가격 대는 조금 높지만 맛은 최고라고 생각한다. 특히 아이스라떼가 제일 맛있는 듯. 카페에서 파는 베이커리 류도 굉장히 만족스럽다.
9070278,5,,프랜차이즈 커피 전문점은 아니나 현대그룹 사옥 근처에 있는 특성으로 직장인들에게 인기가 많은 커피전문점이다. 커피 한잔을 주문하고 두잔으로 만들어 달라고 하면 흔쾌히 해주는 멋진 커피 전문점이다. 직장인들의 주머니 사정을 고려해주는 착한 커피
25569000,,,
32714628,5,,"층 마다 컨셉이 다양해서 보는 재미가 있습니다!
식물부터 LP와 루프탑이 돋보이는 카페였습니다.
홍대 방문하시면 꼭 방문해보시길 추천합니다."
13008555,5,,개인적으로 너무 맛있어요. 자주 가는 집입니다. 스무디 느낌의 음료도 맛있고 샐러드 디쉬도 매우 만족스러운 퀄리티를 보여줍니다.
13008555,5,,"전세계 매장이 동일한 인테리어 음악을 튼다고하니 넘 느낌있음ㅎㅎ
분위기 좋으네
주스에 물 시럽 설탕 안넣고 사과로 당도를 냈다고함 건강 물씬
그린마일 주스 맛남"
13008555,5,,"아보카도 샌드위치 3개와 헬 오브 너브, 아이언맨, 파워쉐이크를 주문해서 먹었다. 
건강해지는 느낌이 들었고 주문이 들어오면 생과일을 갈아서 바로 주스를 만들어 주는데 신선함이 느껴져서 좋았다. 추천해요!"
13008555,3,,"동대문 현대시티아울렛 1층에 위치한 조앤더주스 (Joe & The Juice) 입니다. 매장이 넓고 활기찬 분위기입니다. 생과일쥬스, 커피, 샌드위치 등을 판매하는데 주로 쥬스를 마시는 곳입니다. 아보카도, 브로컬리, 시금치 등 쥬스로 먹기 힘든 재료도 믹스해서 먹을 수 있고 각종 과일들도 있어서 건강하면서 맛있게 마시는 생과일 쥬스입니다. 첨가물 없는 신선한 느낌입니다. 사이즈별로 12, 16 온스가 있고 6~9천원 정도로 가격이 저렴하지는 않습니다."
9245725,3,,"너무 시끄러우니 테이크아웃하세요
이야기하며 놀기에는 스타벅스 대부분이 그러하지만 서래점은 더 그런듯
커피는 맛있습니다"
9245725,4,,평일 낮에도 북적북적. 서래마을 초입 그 건물에 처음 생겼을 때부터 가서 그런지 상당히 정이 많이 가는 곳임. 체인이라 맛은 어디나 다 똑같은 듯 하지만 여긴 여기 위치만의 매력이 있는 듯. 서래마을 평화로운 분위기가 참 좋음.  야외테이블도 있어서 실내 사람 너무 많거나 날히 좋을 때 나가서 마셔도 좋음.
9245725,4,,서래마을 메인도로 바로 초입에 위치하고 있어서 약속 장소로 삼기 좋은곳이에요. 내부는 그리 넓지 않으며 메뉴는 보통의 스타벅스 메뉴입니다.
9245725,4,,"서래마을 약속 있을 때 만남의 장소로 활용하는 카페입니다. 자리가 그렇게 많지는 않은데, 비교적 편안하고 잠깐 쉬어가기에는 무리가 없네요."
9245725,4,,"Seoul, Seoul, South Korea"
9245725,3,,조용한 편. 다소 작은 편. 인테리어 보통.
9245725,4,,"서래마을로 향하는 길 입구에 있어서 찾기 쉬워요.
다만 매장이 좁아서 앉기는 쉽지 않았습니다.
스태프들은 친절하고, 맛은 스타벅스의 일관된 맛이라 믿고 주문하게 됩니다. 
봄메뉴인 체리블라썸 라떼도 주문했는데, 정말 벚꽃향이 느껴지는 특이한 음료였답니다."
9245725,4,,"서래마을 초입 대로변에 있어서 찾기 싶다.
케익류와 다양한 커피와 음료.
어디를 가든 동일한 가격과 맛을 보장하는 스타벅스.매장도 넓은 편."
9245725,5,,thesouthafricanreview
9245815,5,,"회사 근처에 있어서 자주가는데 
바쁜시간에도 직원들 짱 친절하고 스벅 서비스는
언제나 최고 입니다!!
커피 마시고 싶을땐 항상 스벅갑니다~"
9245815,4,,코엑스에 갔다가 압구정쪽으로 이동하기전에 커피를 마시려 들렸어요 매장 전체가 통창으로 되어있어서 분위기가 밝고 좋아요 추천해요
9245815,4,,화장실이 외부에 있고 좌석도 많은 편은 아니에요. 그래도 스벅은 스벅이네요. 연말에는 특히나 사람들이 많은 것 같아요.
9245815,3,,커피향이 좋은 스벅~시즌별로 다양한 시도를 하고있지만 기존 메뉴들이 맛있네요~분위기 굿 좋아요
9245815,4,,"Seoul, Seoul, South Korea"
9245815,4,,월례 행사처럼 카드 혜택으로 방문 주말이라 그런가 조용해서 좋았다 겨울이 다가오니 시즌음료 시켜서 티아임
9245815,4,,"스벅은 사랑~~
커피맛은 솔직히 개인적으로 잘 모르긴 하지만
스타벅스를 찾게되네요...~~"
9245815,5,,"코엑스 근처에 스타벅스가 여러군데 있지만, 코엑스 사거리점을 아는 사람은 지역주민 외에 그리 많지 않은것같다. 상대적으로 조용한 환경에서 커피를 즐기기에 충분하다. 직원들도 친절하다."
9245815,4,,"웬지 카페라떼가 특히 맛있었어요~ 늦은점심이후 갔었기에 한적하니 좋았어요, 카페가 고급스러워  맘에드네요"
9245815,4,,"주차가능한 곳을 찾다보니 들어왔는디 좋으네요.
주차가 1시간 무료라고 하더라구요
생각한적하고 조용하네요.
직원들도 친절하구요."
9245815,2,,누구나 아는 그 스타벅스...프랜차이즈 커피하우스의 대표이고요...특별히 매장의 특징이 남다른 점포는 아닙니다~~
9245815,5,,"매장도  넓고 직원분들도 친절합니다.
스벅은 항상 맘에 들어요.
지나는길에 들렀는데 맘에 듭니다"
9245815,4,,"제 남편과 저는 에서 휴식 하러 들른 스타벅스 시티 머그 요소를 추가하거나 nethrcutt 의 잔, 우리의 실망은 했지만, 그들은 보지 않았다. 그들은 더 이상 그가?"
9245815,4,,"이 곳은 스타벅스 -- 직원들도 매우 친절하고, 좋은 커피 맛 에는 없는 미국, 아주 깔끔! 유일한 단점은 믿을 수 없는 히트! 멋진 야외의, 매우 더웠지만 내부."
9245815,4,,봉은사역 근처에 있는 스타벅스로 생각보다 내부가 한적하고 조용하며 특히 주말에 사람이 적어서 좋다.
34159375,,,
10121929,5,,"홍대근처 골목거리에위치하고있는 젤라또가게.
종종 몇번 방문했었습니다.이천햅쌀특히 맛있었어요. 외국인친구들도 맛있다했어요"
10121929,5,,원 재료의 맛을 한껏 진하게 살려잰 맛있는 젤라또. 과일은 과일대로 초컬릿은 초컬릿대로 그리고 얼그레이같은 차 맛까지 한껏 진하게 끌어올려 쫀쫀한 젤라또 식감과 함께 넣었다.
10121929,4,,GLT의 소유자는 이탈리아 볼로냐에서 gelaterie을 연구했으며 그 사실을 보여줍니다. 실크 젤라토처럼 매끄럽게 만들어 내고 서울의 마술을 창조해냅니다. 오리엔탈 멜론과 헤이즐넛은 뛰어났습니다!
10121929,5,,"연트럴 파크 부근에 있는 젤라또집. 2층에 있고 공간이 작고 아기자기함. 젤라또의 종류는 열댓개 정도 되었던 것 같은데 한 컵에 두 가지 맛을 담을 수 있다. 뻔한 맛도 있고 창작력이 뛰어난 맛도 있는데 무엇하나 맛 없지 않고 맛있다. 딸기는 아는 딸기 소르베 그것처럼의 맛이었고, 레몬은 신맛이 무척 강하지만 그래서 못먹겠다는 느낌이라기보단 특색있는 느낌. 쑥크림치즈와 같이 신박한 듯하지만 맛이 괜찮은 것들이 많았음. 젤라또라는 음식에 한국적인 색을 버무린 듯하여 좋았다. 가격도 괜찮고, 정성스레 담아주는 모습 역시 좋다."
10121929,5,,근처 갈일 있으면 늘 먹습니다. 맛있고 건강한 맛이에요. 추천합니다. 패션 은 꼭 잊지말고 드세요!!
10121929,4,,"독특한 네이밍과 맛들이 매력적인 곳입니다. 
맛도 좋아 연남동에 간다면 꼭 들립니다. 
가게도 아기자기하면서 깔끔해서 마음이
편안해집니다."
10121929,5,,"우리나라에서 먹었던 젤라또중 최고인 것 같다. 
부드럽고 특별한 맛에 젤라또를 먹기 위해 연남동까지 가게 된다. 
이탈리아에서 먹었던 젤라또에 뒤쳐지지 않는 맛이라 생각한다."
10121929,5,,"그냥 고민하지말고 가세요
매장에서 직접 치즈를 만들고 가격이 비싸더라도 생과일로 소르베또를 만들고 있어요. 
또한 다른 매장에서 볼수없는 매력적인 맛들이 많이 있구요"
10121929,5,,매일 사장님이 직접 만드시는 젤라또가 텁텁하지도 않고 너무 맛있습니다. 거의 격일로 가고 있어요. 최고에요.
10121929,5,,전체적으로 맛이 진한 젤라또 아이스크림을 파는 곳. 요새 연남동에서 핫하다. 임금님쌀은 쌀보다는 바닐라맛이 강하다. 장미맛은 향긋하고 달콤
9996851,5,,"성수역 근처에 밝고 인테리어 깔끔한까페입니다
오픈주방이고 켸익종류가 맛있어서 가끔갑니다 또케익 먹고싶네요ㅎㅎ"
9996851,3,,성수역에서 가까움. 아띠호텔 1층. 주변 다른 성수동 유명 카페들에 비해 조용한 편. 호텔 로비와 연결(?)되어 있는 느낌이지만 공간이 넓어서 불편한 점은 없음. 케이크가 훌륭한 편이라 선물용으로 구입해도 좋음.
9996851,4,,"C (19.04.19)
나와 내 친구가 커피를 마시 러이 카페를 방문했다. 이 카페는 Atti Hotel에 있었고 차분한 분위기였습니다. 호텔에 있었지만 가격은 비쌌습니다. 이 지역의 다른 카페와 마찬가지로 카페. 우리는 차와 꿀 Americano를 주문했습니다. 그것은 우리에게 좋습니다. 서비스는 문제가되지 않았습니다."
9996851,4,,"콜드 브루, 아메리카노, 당근 케익먹었는데요 당큰 케익 비쥬얼도 이쁘고 씹히는 견과류에 위에 얹어진 베리 그리고 당근향까지 맛있었어요"
9996851,4,,서울시 성동구 성수동 근처에 위치한 디저트가 훌륭한 카페로 소개할 수 있습니다. 오픈된 주방과 예쁜 디저트로 방문할 때마다 기분 좋아지는 카페로 가격도 프랜차이즈 카페와 크게 차이가 없으며 맛도 훌륭했습니다. 몽블랑케이크와 티라미수 추천합니다.
9996851,4,,요즘에 성수동이 뜨면서 까페가 많이 생기고 있어요. 아띠 호텔 1층에 있는 거라 시끄러울 것 같지만 생각보다 조용하고 분위기 좋아요. 케익도 맛있고요.
9996851,5,,성수동 아띠호텔 1층에 있는 카페 드 리옹입니다.  분위기도 괜찮고 음료 가격도 착합니다. 케이크도 있습니다.
9330933,4,,좌석 여유롭고 편안한 분위기 무엇보다도 커피가 맛있다.  조용하면서도 이야기 나누는 분위기가 좋다.  공간이 커서 좋다. 아아
9330933,4,,"믿고 가는 폴바셋입니다.
페이코 행사할때 정말 많이 가는 곳이구요, 
샵인샵 즉 백화점이나 마트안에 있는 매장들은 할인이 안되서 좀 아쉽습니다.
라떼가 진리이고 여름에는 아이스크림이 진리입니다.
아 에그타르트도 정말 맛있어요!!! 추천합니다."
9330933,4,,"청계천과도 가깝고 을지로와도 가까워서 주중의 점심시간은 늘 사람이 북적이지만, 그 시간을 제외하면 주변의 폴 바셋 중에서는 그래도 여유가 좀 있는 편이다.
페럼타워 1층에 위치해서 층고가 높아 탁 트인 창밖을 볼 수 있는 것도 좋고, 실내로 난 창도 널찍해서 여유롭다.
직사광선이 내리쬐지는 않아도 너무 밝은 대낮의 창가가 단점이라면 단점이지만.
자리 배치도 다양하고 바쁜 시간대라고 해도 대기가 많은 편은 아니다.
폴 바셋의 커피맛도 좋지만, 상하목장 우유로 만든 아이스크림이 신의 한 수.
특별함은 없어도 위에 말한 장점들이 있는 괜찮은 카페."
9330933,4,,오피스 타운이라 주말에 확실히 여유가 있습니다. 다른 카페 대비 라떼가 확실히 맛있어요. 진하면서도 부드럽네요. 가격대가 조금 비싸긴 합니다.
9330933,4,,폴 바셋이 주는 맛있는 커피점이라는 점과 휴일 오후 편안한 휴식과 더불어 차 한잔이라는 컨셉이 어울리는 차집으로 추천합니다.
9330933,4,,"다른 폴바셋보다 사람이 없어서 대화하기 좋아요.
폴바셋의 카페라떼는 마지막 한 방울까지 처음맛 그대로 맛있어서 정말 좋아요.
매일우유를 사용해서 부드럽고 고소한 라떼맛을 완성하는 것 같아 맘에 듭니다.
다만 밤 10시에 매장을 닫아 일찍 나와야 되는 단점이 있네요... ㅠㅠ"
9330933,3,,"이 카페는 기본적으로 '아메리카노' 메뉴가 없습니다.
'룽고'를 기본으로 하는데, 아쉽게도 룽고의 맛을 제대로 내지는 못하고 있습니다.
한국의 고객들이 커피를 진하게 마시지 않는 습성 탓인지, 룽고에 물이 너무 많이 들어간 듯한 느낌이 듭니다.
그와는 별개로 시즈널 아이스크림 메뉴를 운영하고 있는데, 퀄리티가 꽤 괜찮기에 한 번 시도해 보길 권합니다."
9330933,5,,커피도 맛있지만 소프트아이스크림이 정말 맛있다. 다양한 맛이 나왔지만 내 생각에는 기본 소프트아이스크림(우유맛)이 제일 나음
9330933,4,,명동근처의 조용한 장소를 찾는다면 풀바셋으로~☕️
9330933,4,,폴 바셋 바리스타의 이름을 딴 카페. 처음 폴 바셋을 접했던 곳은 뉴욕인데 몇 년 사이에 한국에도 매장이 많이 증가되었음. 커피맛의 특징으로는 다른 카페에 비해 커피의 향이 좀 더 진한 것이 특징.
9330933,4,,"페럼타워에 있는 폴바셋.
폴바셋도 이제 여러지점이 생겨 더 이상 희소생은 없지만,
룽고는 여전히 맛있고 특히 아포가토는 폴바셋만한 곳이 없는듯"
8936331,5,,"메뉴는 고민하지 마시고 무조건 메론빙수 선택하세요. 
메론빙수의 원조입니다.
비쥬얼도 좋구 맛도 좋아요.
가격도 비싸지 않아요. 그어떤 비싼 호텔 빙수보다 100배는 나은듯! 강추합니다."
8936331,4,,"멜론빙수 딸기, 망고빙수 다 맛있어요~ 아무래도 원조라서 독보적인 무언가가 있고, 과일 자체가 정말 맛있는 과일을 써요~"
8936331,3,,"메론 빙수, 망고 빙수, 딸기 빙수 등 빙수가 유명한 I'm C 카페... 청담 사거리 쪽으로 가다가 커피빈 나오면 바로 앞입니다. 카페 내부는 깔끔하고 딱 떨어지는 분위기입니다. 심플하고 따뜻한 느낌~ 메론 한통에 아이스크림이 올라간 빙수를 가장 많이 먹는 것 같았습니다. 빙수의 양이 둘이 먹어도 충분하기는 하지만 가격도 2만원 정도 하니 저렴한 편은 아닙니다. 파니니와 토스트 등 가볍게 먹을 메뉴도 있습니다."
8936331,5,,"17 oat 때, 디저트가 000 얻으실 알 수 있습니다. 이는 과장 였는데 아주 좋았습니다. 커피도 좋지만 비싼 가격. 이 중 3명은 디저트."
8936331,4,,네이처포엠 지하에 커피빈과 마주하고 있는 곳으로 가끔 커피를 먹기는 하지만 여름에 파는 메론빙수가 매력적. 친구들과 방문하여 먹어볼만 한다.
17758757,5,,"테이아웃 전문 베이커리이구요
크로아상을 비롯해 몇가지 빵종류를 판매하는데 매장이 작다보니 선택할 빵 종류는 많지 않습니다
저는 치아바타를 구입했습니다.
쫄깃하면서 맛있습니다. 
유럽식 빵류를 좋아하는 분들께 추천합니다."
3972226,4,,베스킨라빈스 월곡역 홈플러스점 좋아요. 월곡역하고 연결되어있어서 지하철타고가다가 아스크림땡길때 가기 좋아요
3972226,4,,"양을 적게 줌 아이스크림이 녹아있다
알바생 따라 차이가 있는 듯 하다 
아이스크림은 사랑의 빠진 딸기가 가장 맛있다"
3972226,5,,"월곡홈플러스 안에 있는데, 홈플러스가 6호선 월곡역과 연결이 되어있어서 굳이 밖으로 나갈 필요가 없습니다. 매우 편리합니다. 배스킨라빈스가 체인점이라서 이곳만의 특이한 점은 느끼지 못하였습니다. 쇼핑 후 혹은 쇼핑전에 들르면 좋을 것 같습니다."
3972226,3,,마트내에 있기때문에 장보고 나오면서 아이스크림 하나씩 먹기 좋아요. 주말에는 애들이 많아서 조금 시끄러워요.
33446050,,,
25568977,,,
12991696,5,,"5 / 5-이 지역을 돌아 다니면서“아름다운 꽃과 함께 매일 라이브”라는 문구로 표지판을 보았습니다. 우리는 즉시 연결되었습니다.

그것이 무엇에 관한 것인지 알기 위해 걸었다. 그리고 우리는 놀랐다. 단순히 아름다웠다.

꽃과 식히기 좋은 곳. 무엇을 더 요청할 수 있습니다.

추신. 핫 초콜릿은 죽을 것인가 ??"
12991696,4,,꽃도 판매하는 유명한 꾸까 카페에는 베이커리도 있습니다. 오픈 시에는 미니 꽃다발도 주고 뷰도 괜찮고 분위기도 너무 좋습니다.
12991696,4,,광화문 끝자락에 위치한 장소도 매력적이고 그안에 꽃으로 꾸며진 분위기가 너무 좋았습니다. 조금 아쉬운점은 커피맛이 조금 아쉬웠습니다.
12991696,4,,"딸아이의 성화에 아내가 다녀와서 이번엔 전 가족이 동행하게 되었습니다. 플라워카페가 이런 곳이었네요. 꽆향기도 좋고, 차한잔의 여유..삼청동을 걷다가 들르기 아주 좋은 곳!"
23872285,,,
27110572,,,
9245468,4,,위층 좌석 공간이 좋은 표준 스타 벅스
9245468,4,,9호선 언주역 근처에 있는 2층으로 된 스타벅스인데 1층엔 좌석이 없었어요. 역 근처에 있는 지점이지만 한가한편이라 좋았어요 직원분들도 친절하고 커피도 빨리 나왔어요
9245468,4,,"언주역 4번출구에서 가까워요. 매장은 1,2층인데 1층에서는 거의 주문만 가능해요. 2층에 테이블이 다양하게 마련되어있고 많이 붐비지 않아서 좋았어요."
9245468,5,,스타벅스는 어디인들 안좋으리까 차병원 사거리에 있는 스타벅스는 매장이 참 넓어서 참 좋습니다
9245468,5,,매장 자체는 손님들이 많고 북적이지만 친절하고 상냥한 파트너분들 덕에 자주 들리는 매장입니다.
9245468,4,,"집근처라 혼자 자주가는 스타벅스입니다
예전엔 더 조용했는데 요즘은 사람들이 많은 편이에요
그래도 다른 스타벅스보다는 조용히 혼자 커피한잔도 가능해서 좋아하는 곳이에요"
9245468,4,,"한적하고 개방감있어 공간이 좋앗는데, 
요즘은 아주머니들 모임등으로 상당히 시끄럽고, 기본적으로 사람이 전보다는 많음."
9245468,4,,언주역에서 가까운 스타벅스 ~ 1층에 주문하고 2층에 앉을 수 있는 곳이 있는데 상당히 아늑하고 편안한 쇼파가 있다. 케바케지만 다른 스벅지점에 비해 조용한 편
9245468,5,,"오후에 커피 한잔하러 자주 가는 곳이에요. 아늑한 분위기에서 커피 한잔 마시며 잠시 쉬어주면 피곤함이 사라져요, 직원분들도 친절하시구요."
9245468,4,,"조용한 스타벅스 입니다.
맛도 좋구요 ^^ 커피랑 모든 베이커리들이 맛있는 곳입니다.
파트너님들도 친절하시구요~"
19881055,5,,엄청 크고 넓어서 자리도 편하고 카페가 예뻐용ㅎㅎ 케이크랑 커피 진짜 마싯구👍🏼 커피 맛이 너무 그리워용.. 근처에 지나갈일 있으면 무조건 사갈꺼에용.. 카페 분위기도 좋던데 빨리 코로나도 끝나서 취식가능 됐으면 좋겠네용ㅜㅜ
19881055,5,,사진보다 훨씨 예뻐서 깜짝놀랐어요..!
19881055,5,,"멋진 공간과 기가 막힌 커피의 맛!
코로나 상향 되기 전에 갈수 있어서 너무 다행이었어요
세련된 인테리어와 어울리는 커피의 맛 
코로나 끝나면 바로 재방문 예정입니다!"
19881055,5,,"이디야보단 비싸지만 호텔커피보단 싼 카페다
외관부터 내부 인테리어까지 커피를 먹어보기도전에 
맛있을꺼같은 기분이든다. 
근데 커피맛또한 예상이 빗나가지않아 한번 더 놀라게됨"
19881055,5,,"맷카페의 인테리어와 소품, 음악까지 모든게 완벽했습니다.
그리고 카페의 가장 중요한 부분인
커피 맛 또한 최고였습니다.
맷카페만의 시그니처라떼는 어디서도 먹어보지 못한
최고의 라떼였습니다👍"
8903771,5,,"다양한 종류의 아이스크림을 즐길 수 있습니다.
컵도 좋지만 콘이 더 맛있는 것 같습니다.
아이스크림도 좋고 커피도 맛있어 좋습니다.
최고의 디져트 카페 같네요.
추천합니다."
8903771,5,,"베스킨라빈스답고, 겨울에도 사람이 항상 많습니다. 하지만 직원이 능숙하여 커피도 아이스크림도 빨리 나옵니다. 회전율이 좋아서 오래된 아이스크림 있을 걱정은 없습니다."
8903771,5,,IFC몰에 위치한 베스킨 라빈스는 쇼핑이나 저녁식사가 끝난 후 꼭 마지막에 필수로 들려주는 코스 같은 곳입니다. 어느 매장이나베스킨라빈스의 맛은 동일하기때문에 지점을 신경쓰지 않아도 되는 점이 가장 좋습니다. 방문했던 기억중에 최근 할로윈데이에 할로윈 시즌 제품들을 맛볼 수 있었는데 특별한 맛과 이벤트로 아주 즐거웠습니다.
8903771,5,,"어느 매장이나 배스킨라빈스의 맛은 동일하기때문에 의자,쇼파등의 안락함과 친절도가 그 매장의 분위기와 평가를 좌우합니다. 바닐라, 피스타치오아몬드, 망고탱고, 쿠키앤크림 모두 맛 있었고 매장직원들의 친절한 응대가 기억에 남습니다~"
8903771,5,,"공간이 넓지 않아 오랫동안 앉아 수다떨기는 다소 불편할 수 있습니다.
베스킨라빈스의 다양한 맛의 아이스크림은 언제먹어도 맛이 있지요^^"
8903771,5,,항상 고르는 맛만 고르게 되는데 요즘 이벤트 있어서 이달의 맛을 한통 주는 행사 종종 사먹어요..
8903771,4,,주말이라 사람이 좀 많아 주문을 기다렸다 한 것 말고는 만족합니다. 비슷한 맛을 낼 수 있는 체인점이라 좋아요
8903771,5,,"IFC 몰 젤 아래층에 있습니다. 극장 옆으로 기억 합니다. 넗은 편은 아니지만, 사서 먹을수 있는 공간이 있습니다."
8903771,4,,"IFC에서 쇼핑이나 영화를 보고 아이스크림이 생각날 때 방문하기 좋은 곳
매장은 작지만 깨끗하고 맛은 보장되서 좋다."
8903771,4,,"여의도 카페에 가끔 과열현상이 생기는데, 스타벅스/커피빈/투썸 모두 사람이 너무 많고 시장통같을 때 베스킨가면 조용합니다. 아이스크림 맛은 많이 아실테고, 매장관리 깔끔하게 되어있고 직원들도 친절합니다."
8903771,3,,밥을 먹고 디저트로 아이스크림 먹고 싶을때 사먹어요. 어디서나 똑같은 맛이고 매장은 작아서 그냥 테이크아웃으로 먹어요
8903771,4,,31가지 아이스크림을 골라 먹을 수 있는 곳
32985236,,,
16803317,4,,"C (19. 03. 07)
나와 내 친구가 점심 식사 후에이 카페를 방문했다. 이 카페의 분위기는 현대적이었고 테이블 사이의 공간은 넓었습니다. 커피는 맛있었고 서비스는 문제가되지 않았습니다. 스피커가 설치된 벽으로 음악으로 좋은 감정을 느끼게합니다. 현대적인 분위기의 커피를 즐기기에 좋습니다."
8862831,5,,자주갓는데 친절함 늘 사람많고 학생도 많고 주차는 어렵지만 공부도 하기 편하고 좋은 카페 커피맛은 ㅂ중간인듯 학교앞이라 가까움
8862831,5,,3층까지 있어서 꽤나 넓은 공간을 자랑하는 학교 앞 스타벅스 입니다. 와이파이 빵빵하고 새로나온 샹그리아 너무 맛있어요 에어컨 빵빵해서 좋습니다!
8862831,4,,학교 주변이라 시끄러울 것 같지만 3층까지 있어서 조용히 공부할 수 있어요. 직원분들이 센스가  있으셔서  선물용이라고 말도 안했는데 포장도 예쁘게 해주셨어요. 점심시간에는 사람이 많으니 사이렌오더를  이용하세요.
8862831,4,,"분위기도 좋고, 매장 넓고, 층수 많고... 가기 너무 좋은데요. 공부하는 사람들이 많아서 수다 떨기 쬐끔부담스럽네요."
8862831,4,,스타벅스 안암역 근처에 몇개 잇는데 혼자도 가기 좋아요 조용하고 위치도 편하고 친절하네요 나름
8862831,5,,안암역 3번 출구 앞에 위치한 스타벅스. 매장 직원들이 친절하고 항상 인사를 열심히 하신다. 학생들이 많아서인지 아침부터 공부하는 사람이 많고 하루종일 조용한 편이다. 다른 곳은 연세우유를 쓰는 곳이 있는데 여기는 서울우유를 써서 맛있다. 개인적으로 연세우유는 커피를 만들었을 때 이상한 맛이 느껴진다.
8862831,4,,그냥저냥 평범한 스타벅스다. 가끔 공부하거나 수다떨기 좋은 곳이다. 커피는 어느 스타벅스나 그렇지만 맛있는 편이다. 하지만 안암 카페치고 비싼것도 사실.
8862831,5,,안암역 3번출구와 매우 가까움. 매장의 규모가 큰 편이라서 여유있게 커피를 마실 수 있음.
8862831,5,,6호선 안암역 3번출구와 매우 가까운 거리에 위치. 매장의 규모도 큰 편. 건물 3층까지가 매장임.
8862831,4,,사람이 많지 않아서 시끄럽지 않습니다.
8862831,4,,스타벅스 고대역점보단 덜 붐비는 안암역점
9245836,4,,"지하에도 스타벅스 있꼬 위에 5층인가 6층에도 스타벅스 있는데, 윗층이 더 나은거같아요. 여긴 너무 정신없고 시끄러운 편이에요 ㅠㅠ"
9245836,4,,디큐브 현대백화점 두곳 중 지하2층 스벅
9245836,4,,자주 찾는 스타벅스중 한곳입니다. 저녁이나 주말에는 사람이 너무 많아요. 공간도 넓지 않아서 많이 북적입니다. 개인적인 시간을 갖기에는 부적합한곳입니다.
9245836,4,,디큐브 몰 내에 있는 매장이에요. 주말저녁이라 너무 붐비고 딱히 앉을데가 없어서 그냥 테이크아웃했어요. 커피맛은 여느 스타벅스와 똑같아요.
9245836,3,,"디큐브 갈때마다 한번씩 가는데 진짜 늘 사람이 많아서 앉을자리찾기가 힘들어요. 
스타벅스는 어느 지점이든 있으면 가는편이라 종종 들르는데 , 본 중에서 가장 장소는 협소합니다.
규모에 비해 사람이 많으니 늘 북적일수밖에요.
그래도 친절하시고 여기 커피도 좋아해서 앞으로도 갈것같아요."
9245836,4,,"스타벅스는 항상 방문 합니다. 
다른곳이랑 다른점은 없고 똑같은데 자리가 많이 부족해서 항상 테이크 아웃만 이용합니다"
9245836,5,,지하철역과 연결되어 있어서인지 평일에도 사람이 많은 편입니다. 넓지는 않으나 백화점 2층에도 스타벅스가 있기 때문에 분위기에 따라서 선택하면 됩니다. 지하라서 약간 어둡고 조용한 분위기라서 혼자 시간보내기 좋습니다.
9245836,3,,"항상가면 사람이 많아서
앉아서 마시는날은 다섯손가락에 꼽을정도로
거의테이크아웃을하는곳이에요
친절해서좋지만 사람이 너무많아서
앉을자리가 없어서 아쉬워요"
9245836,5,,"커피와 차는 한 길을. 하지만 너무 추운 날씨 때문에, 좋은 곳은 꼭 방문해야 합니다"
9245836,4,,"디큐브 내에 스타벅스가 두개있는데
지하는 좀더 붐비고 복잡한느낌
위층은 환하고 넓직한 느낌
하지만 두군데다 왠만해서 자리 잡기 힘듬."
9245836,4,,"추운 때, 뜨거운 커피 에 손은 따뜻한 환영 합니다. : - ) 서비스 빠르고 세심한 직원은 친절하고. 이 때문에 쉐라톤에 머물러 있을 때 2 수, 가까운 이 곳은 후 엘리베이터."
9245836,3,,"테이크아웃을 자주하는 매장이에요~~파트너님들이 항상 친절하세요~~ 
항상 만원이에요.. 작지만 알찬 매장"
9245836,4,,항상 붐비는 곳입니다. 쇼핑몰의 규모치고 스타벅스가 별로 없었고 이 곳의 규모도 많이 작았네요. 저는 가끔 일요일 오전에 한번씩 방문하는데 그때는 사람이 별로 없어 한가로웠습니다. 지금의 더운 날씨만 아니면 야외테이블이 몇개 있는데 밖에서 마시는것이 기분이 더 괜찮았습니다.
9245836,4,,디큐브시티에 까페들 많은데 스타벅스는 지하2층에 하나 그리고 2층에 하나 두 개가 있습니다. 지하에 비해 2층이 풍경도 좋고 더 쾌적한 느낌입니다. 역시나 인기가 많아 자리가 없는 경우 많습니다
9245836,3,,"스타벅스는 메뉴야 같으니 위치와 풍경인데, 지하철에서 디큐브쪽으로 오면 바로 있는 매장이라 위치는 좋습니다. 그만큼 사람이 많아 자리잡기는 쉽지 않습니다. 지하라 풍경도 그냥그냥. 약속장소로 만나기는 찾기 쉬워 좋습니다."
9245271,4,,가락시장역보다 경찰병원역 1번출구에서 더 가까워요. 1층 매장인데 내부가 생각보다 넓었어요. 부스같은 칸막이 좌석이 있어서 신기했어요.
9245271,4,,"가락시장역점에서 나와서 비비큐 본사 건물 옆에 있어요 
스벅이 뭐 다 비슷하니까 무난한데 아쉬운건 건물 공용화장실이 좀 더렵습니다"
9245271,5,,"체인이라도 바리스타에 따라서 맛이 좀 다른데, 가본곳중에 여기가 제일 맛있었어요. 그리고 직원들도 아주 친절합니다.
공간도 넓어서 편하게 커피 마실수 있구요, 사무실이 많다보니 아침 일찍부터 문을 열어서 좋습니다."
9245271,4,,생긴다는 이야기만 듣고 가봤더니 깨끗하고 넓어요. 샌드위치를 두개 테이크아웃 할려고 했는데 점원이 친절하게 뜨거운 샌드위치를 잘 데펴주었습니다. 스타벅스는 샌드위치에 야채좀 더 넣었으면 좋겠습니다. 야채가 너무 적고 비싼것 같아요.
8969547,5,,이디야 매니아 입니다 ㅋㅋ 여기 이디야는 일단 전망이 엄청 좋아요 비오는 날에 한번 갔었는데 비내리는 소리 풍경들으면서 커피 마시면 완전 굿
8969547,4,,종일 쇼핑 후 술을. 좋은 찬 우유 차. 차 Strong 달콤한. 쉬면서 좋은 길을 따라 걸어갔다.
8969547,5,,동대문 쪽에 유독 이디야가 많네요. 외국인 관광객이 많아서 점점 더 이국적으로 변해가는 동대문의 매력...이디야의 통유리 너머로 보노라면 외국 여행이 부럽지 않습니다
8969547,4,,"주말에 방문했어요 ㅎㅎ
이디야가 가격대비 좋은편이라 자주가는편인데
마침 동대문역에도 ㅎㅎ 그리 가게는 크지않지만~ 아담해서
따뜻해요 ㅎㅎ"
8969547,4,,늘라떼를주문하는데왠지양이적다에스프레소양도족고우유거품도우유가아닌진짜가품뿐이라는느낌이든다그러나가격과프포모션엔메리트가있다
8969547,4,,가성비 좋은 커피. 싼맛 자체의 매력. 그런데 벤티 싸이즈를 주문하면 진해지는 게 아니라 써지네요. 두잔을 뽑는게 아니라 두번 뽑는건지.
8969547,5,,"가서 우리가 머무는 동안 몇 번이고 입니다. 좋은 커피 및 간식. 직원들도 친절하고, 세심한 메뉴들이 있는 작은 선물."
32829161,,,
16781429,,,
18314166,5,,"바쁜 지역의 편안한 카페. 이제는 겨울철이었고 뜨거운 차와 커피로 휴식을 취하기에 좋습니다. 나는 그들의 Mriage Tea를 좋아한다. 여기에 많은 녹색, 작은 상점과 휴식을 취하기에 좋은 장소. 옥상 텐트를 시험해 보았습니다. . . 내 아이들은 그것을 좋아하지만 밖은 조금 시원하지만 좋아합니다. . 긴장을 풀 시간이 생겼어요! Pls는 그들의 치킨 부드러운 시도! 맛있다."
18314166,5,,"오늘 서울에서 좋은 날씨.
거리에서 하늘을봤을 때이 카페를 찾았습니다. . 멋진 옥상을 보았습니다.

카페는 바람과 함께 매우 멋진 환경입니다. 나는 매우 편안한 시간을 얻었다.

아이스 큐브와 바비큐 소시지에 잎이 든 음료를 맛보십시오! 나는 거기에서도 작은 식물을 샀다. . . 하지만 어떻게 @을 집으로 가져올 수 있습니까? @"
8904141,4,,"배스킨라빈스 커피가 생각보다 괜찮네요. 
산미와 바디감이 나쁘지 않아요. 비슷하게 저렴한 가격대에서는 꽤 괜찮은 맛이지 않나 싶네요. 개인적으로는 던킨 커피보다 배스킨라빈스 카페브리즈(아메리카노)가 더 낫다고 생각합니다."
8904141,4,,여긴 좌석은 일단 없습니다. 포장이나 테이크 아웃만 가능합니다. 마땅히 선물살게 없을 때는 베스킨 라빈스 아이스크림이나 세트를 고르면 좋습니다. 서울역 입구쪽에 있어 위치를 햇갈리지 않아야 합니다.
8904141,4,,기차를 타기전에 서울역에 가면 꼭먹는 아이스크림이예요! 가장좋아하는 맛은 민트초코예요. 맛있어요
32831111,,,
8673466,3,,"카페인데 정갈하고, 예뻐서 
사진찍기에도 좋았어요
외국인들도 많이 찾아오면 좋아할것같아요 !"
8673466,4,,"우연히 지나가다가 팥빙수를 한 번 먹은뒤로 여름에는 이 곳에서 빙수를 자주 사 먹습니다.
가격도 저렴하고 양도많지 않아서 가볍게 사 먹기 좋습니다. 팥도 너무 달지 않고 얼음도 곱게 잘 갈려져 놋그릇에 담겨 나오니 제대로 즐기면서 먹을 수 있어서 더좋네요."
8673466,4,,"나는 일요일에 브런치를 먹었어. 여기 처음있는 것은 아니었고 나는 팬케이크를 가지고 돌아왔다. 나는 딸기와 함께 팬케이크를 먹었고 나의 친구는 바나나를 가진 팬케잌이 있었다. 큰 서빙은 맛있고 편안하지만 끝내지 못했습니다. 멋진 분위기. 비엔나 커피는 맛있습니다. 차도 좋습니다.
팬케익은 이태원의 팬케이크 오리지널 하우스보다 훨씬 좋습니다."
8673466,3,,솔직히 파스타만 맛있는 집. 스테이크 세일이라는 전단지를 자주 나눠주는데 전단지 상의 고기 메뉴들은 양도 적고 맛이 그냥 그렇다. 하지만 파스타는 정말 추천! 자리도 넓고 2층까지 있어서 여유롭게 식사하기 좋다.
8673466,5,,"분위기가 좋아서 밥먹고 디저트 먹으러 가기 좋았어요
흡연자에겐 밖에 나가지 않아도 2층에 따로 흡연실이 있어서
좋았음"
8673466,4,,"제가 봤을 때는 계단 옆에 있는 식당에는 저녁 죽. 저는 마음을 바꾸고 카페 kinnor 대신에 갔다. 나는 이 전에 와 본 적이 없고 매우 만족했습니다. 멋지고 조용한 장소. 나는 편안한 느낌. 제가 주문한 아이스 티 원래 스테이크, 감자튀김은 바삭한 감자 요리는 스테이크는 완벽하고 맛있었다. 너무 달지 않은 아주 상쾌한 아이스 티. 가격이 저렴하면서 다른 사람들에게 추천할 곳입니다."
8673466,5,,"면요리는 누구의 손을 거치느냐에 따라 맛이 달라지는데

입안에서 맴도는 적당한 면발의 탄력이 끝내줍니다. 

돈이 아깝지 않네요."
8673466,5,,"보다가 ""원래 bingsu""... 돌파 한 빙수 팥 과 떡 얼얼붙는. 최고였습니다. 

허니 토스트도 먹어 보았는데. 저희는 빵과 버터 같은 질감 이다. 또한 같은 층에 있는 장식 2nd. 직원들은 영어를 말씀드렸고 서비스도 훌륭했어요."
8673466,5,,"맛도좋고 분위기도 너무좋아요
강추강추

한번 가봤지만 다시 꼭 방문하고 싶은곳이예요
1층과 2층으로 나누어져있어서 자리도 넓고
흡연실도 2층에 따로있어서 담배 피기도좋네요

음식맛도 무척좋아요
분위기도 좋구요 강력추천해요"
3894972,4,,합정역에서 메세나폴리스로가는 연결 길목에 있는 스타벅스예요 사람들은 많았지만 주문한 커피도 빠르게 나오고 직원분들고 친절하고 좋았어요 추천해요
3894972,5,,"합정 스타벅스를 찾으신다면 메세나 폴리스에 매장 2개 맞은편 딜라이트 스퀘어에도 1개 있어요~ 
세곳다 너무 친절해서 추천합니다."
3894972,3,,"아직 리뷰남기시는 오정보가 있네요
2016년도 하반기에 폐점했고, 근처 메세나폴리스랑 자이에 스타벅스가 있습니다^^"
3894972,4,,"대부분의 지점이 친절하지만
여긴 스텝분들이 특히 친절한거 같아요
합정역 바로앞이라 자주 가기도 하구요 ^^"
3894972,5,,없어지고 이 자리에 투썸플레이스가 들어왔습니다. 대신 마포한강 푸르지오 시티에 스타벅스 생겼어요
3894972,4,,"집에서 가깝고 일하는 분들도 좋았는데 건물을 재계약을 하지 않았다고 하네요.
폐점한지 한달이 넘었어요.
스타벅스 좋아하시는 분들은 8번 출구 마포푸르지오 건물 1층 스타벅스를 이용하세요."
3894972,4,,"저는 제가 말하는 사람들은 이 장소: 2층 스타벅스 는 넓은 방이 있어서, 희미한 조명이 아늑한 인테리어와 함께 즐거운 음악. 서비스도 좋고 혼잡한 경우, 그러나, 메뉴가 매우 제한 (대부분의 한국 스타벅스). 그들은 약간의 영어만 할 수 있다. 여기에 앉아 있는 것 같은 느낌이었고 다른 나라. 완전 추천해요!"
3894972,4,,항상 사람들이 많아서 조용히 공부하거나 하기엔 별로예요. 자리가 별로 없어서 그냥 지나가는 길에 마시는 정도면 들릴만 한데 앉아서 먹기에는 별로예요.
3894972,4,,깔끔하고 쾌적한 스타벅스 다만 자리가 많지 않아서 사람이 많은 경우 테이크아웃만 가능하다.  그리고 화장실이 별도로 있어서 메세나폴리스 화장실을 이용해야 한다는 단점이 있다.
3894972,4,,"친구들과 만나기 좋은 만남의 장소입니다
하지만 2층이 좀 시끄럽습니다
오랫동안 앉아있기에는 좀 그렇고,
만나기에는 적합합니다"
3894972,5,,"사람들이 좀 많아서 시끄러운편이라 공부를 하기엔 좀 적합하진 않아요.
그래서 친구들 기다리기에 좋은곳같아요. 커피한잔 사들고 대기타기 좋은곳이져 ㅎ"
3894972,4,,1층은 협소하지만 2층엔 안락하고 넓은 좌석이 있어요
3894972,3,,"합정역 바로 옆이라서 홍대 근처에서 놀다가 들리기 좋은 위치.
다만 2층이 무척 넓지만, 그만큼 공부하는 학생들도 많고 테이블숫자도 좁은 공간에 다닥다닥 붙어있는 느낌이라서 조용히 얘기를 하고 여유있게 시간을 보내기엔 그닥 좋지는 않은 듯"
3894972,3,,여기가 처음 생겼을 때 핫플레이스로 되었지만.....어느순간 아주머니들의 수다 공간으로......엄청나게 시끄럽습니다. 특히 2층... ㅜㅜ 공부하거나 하는 스벅으로는 별로요~
3894972,4,,"합정역 환승역 근처에 있는 스타벅스
위치가 편리해서 만남의 장소로 아주 좋아요
저는 스타벅스의 라떼를 참 좋아해요
시즌별로 나오는 스페셜음료를 꼭 챙겨먹어요~"
8889829,4,,조용하긴 한데 인테리어랑 시설이 넘 구려요 ㅠㅠ 그리고 가끔 치덕대는 커플들이 와서 너무... 오래 붙어있는데 그래도 그냥 방치하는 분위기라서 그게 좀 불편하긴합니당
8889829,4,,"곰장어를 먹고 바로 옆에 있는 7그램에 들러 냉커피를 마셨다. 칠그램 체인점이다. 커피는 맛있었고, 무엇보다 2층 한켠에 흡연실이 있어서 좋았다. 요샌 실내에 있는 흡연실조차 눈치를 봐야 하는 현시대가 아쉬운 상황이니 말이다."
10214334,4,,파리바게뜨에서 개인적으로 젤 좋아하는 메뉴는 샌드위치랑 고구마 케익이에요. 가끔 들러서 고구마 케익 한조각
10214334,4,,아침 식사 및 테이크 아웃 스낵을 제공합니다.
10214334,5,,"하는 빵집이. 맛있는 빵과 케이크를 판매 하네요. 나는 집을 많이 샀다. 빵, 모두 맛이 좋고 샌드위치... 맛있는 음식!"
3864354,3,,힘들어서 쉬려고 들어갔는데 생각보다 좁아서 놀랐어요. 그래도 근처에서 쇼핑하다가 지칠때 들어가서 쉴 수 있는 곳. 사람이 많아서 주문하는데 좀 오래 걸렸습니다.
3864354,3,,한국에서는 특히 서울에서는 맛있는 카페가 많이 있습니다. 스타 벅스는 품질이 좋더라도 그 가격으로 비교할 수 없습니다. 나는 다른 한국의 카페를 선호하지만 일단이 카페에 갔다면 나는 전형적인 한국의 카페에 더 많이 갈 것이라는 것을 깨달았습니다.
3864354,4,,친구들과 어울리고 공부를하는 아늑한 스타 벅스. 신촌 (Sinchon) 지하철역과 매우 가깝습니다.
3864354,5,,신촌역에 스타벅스 매장이 여러 곳이 있지만 특히나 접근성이 좋은 곳이 바로 신촌점인듯해요 공간이 엄청 넓지는 않지만요
3864354,4,,"면적이 생각보다 좁은 곳.
자리도 많이 없기 때문에 유동인구가 많은 시간대에 방문한다면 밀리므로 주의할 것.
커피 맛은 평범하다."
3864354,4,,공부하는 사람들이 많아서 정말 조용함. 3층까지 있지만 빈 자리가 많지 않음. 그래도 조용해서 여기를 많이 선호하는 편.
3864354,4,,다른 매장에 비해 이 곳 스타벅스가 상당히 조용해서 종종 방문합니다. 고층으로 올라가면 갈수록 좀 도 안락하고 편한한 자리를 찾을 수 있습니다. ^^
3864354,3,,"층당 면적이 좁은 편이라 자리가 없으면 많이 오르락 내리락 해야하는 게 힘들었네요.
그래도 위치가 좋아서 약속 장소로 잡기 편해 자주 들리게됩니다"
3864354,5,,"신촌에서의 모든 것이 좋습니다. 훌륭한 커피, 스낵, 친구들과 함께 이야기를 하거나 신촌에서의 단순히 짧은 휴식을 원한다면 완벽한 장소입니다."
3864354,3,,신촌의 가장 중심에 위치한 스타벅스 매장
3864354,3,,"관광과 쇼핑의 신촌 중심에 위치한 곳으로 주변 관광 후 커피 한잔 하기에 좋은 곳입니다. 단, 방문객이 많으로 빈자리가 없을 수 있다는게 아쉬움이 있습니다."
3864354,5,,"스타벅스 신촌역에서 가깝고, 개인이 이용하기 좋은 시설."
20374002,3,,"부암동이랑 서촌 2군데 스커프매장이있습니다.
영국식 베이커리? 스콘,레몬케이크샀었는데, 
스콘은 다른스콘이랑달랐어요"
20374002,4,,영국식의 디저트 빵을 파는 BAKEHOUSE
20000605,4,,"3층에 창이 멋지게 뚫려 있어서 뷰가 좋구요.  6좌석정도는 야외석에 앉을 수 있어서 괜찮아요. 1,2층은 스탠딩좌석과 작은 의자가 있긴한데 다른카페처럼 여유있게 앉아서 시간을 즐기는 분위기는 아니고 사진찍고 빨리 마시고 빨리 빠지는 느낌. 그런것 치곤 커피 가격대가 있기에 3층좌석을 추천합니다.  그나마 여유있게 앉아서 수다떨 수 있습니다. 1층에서 주문하고 2층에서 커피를 받는 주문시스템이라 이동공간은 좁은데 인원은 많아서 더 복잡복잡한 것 같습니다. 커피 받고 조심조심 쏟지 않을까 불안해하며 움직여야 합니다. 

커피 가격대는 5천~6500원정도 디저트는 3500~5500정도인데 , 디저트가 아주 맛있긴 한데 사이즈가 정말 미니사이즈 예요 . 여유있는 카페를 즐기길 원하시면  평일 방문하시고, 주말 에는 진짜 비추입니다."
15187469,3,,"티 응용한 메뉴들이 괜찮아요 
근데 티는 음.. 전문샵인데 일하시는 분들께 추천해달라고 하니까 티 잘 모르신다고 얘기 하시는데 그건 좀 에러.. 분위기는 괜찮은편. 가격은 좀 있네요"
17627575,2,,"겨울이라 흑당 버블밀크티를 따뜻하게 주문하였는데
여긴 아이스메뉴로 주문해야 하나봐요. 

홍차맛과 향은 전혀 안느껴지고 달달한 우유맛밖에 안나서 너무 실망. 
버블은 쫄깃하고 다른 카페의 버블보다는 확실히 좋았지만 
달달한 우유맛만 느껴지고 홍차의 향은 전혀 없었습니다. 

4800원에 설탕 탄 따뜻한 우유를 먹었다고 생각하니 ㅜㅜ

* 흑화당 삼청점 방문후기"
17627575,2,,"나는 녹색 우유 거품 차를 주문했지만 설탕과 얼음의 수준을 선택할 수 없으므로 너무 달콤하고 차갑습니다.
어쩌면 내부에 얼음이 너무 많기 때문에 녹차의 맛이 충분히 강하지 않은 것을 발견했습니다.
결론적으로, 차는 괜찮 았지만 술에 취한 최악의 거품 차 중 하나입니다."
17627575,5,,"맛있는 버블티를 즐길 수 있습니다.
주문할 때 기계 입력인데 별로 어럽지 않습니다.
흑당 버블 밀크티가 정말 맛있습니다.
디져트로 제격입니다!
추천합니다."
17627575,5,,"흑당 버블티는 역시!! 흑화당이올시다!!!
흑당 가득 가득 들어간 버블티는 언제나 굿!!
너무 달지 않은 흑당 덕분에 너무 자주 먹어서
문제지만 유행타지 말고 오래 오래 가주기를!!"
17627575,5,,"요즘 흑화당이 대세라길래 한번 사봤습니다
주변까지 흑당의 향기가 장난 아니더라구요
너무 기대해서 살짝은 아쉬웠지만
그래도 다른 곳에서 먹는 것보다는
맛있네요
버블 전문점 다워요"
14960717,4,,문래동에 나름 알려진 루프탑카페입니다. 호텔컨셉이라는데 동남아스러운 고급스러운 느낌이에요. 이색적이고 재미있었습니다.
8904413,4,,"카페 자체는 2층에도 자리있고 그래서 괜찮은데, 주문 줄이 넘길어요! 만남의장소로 딱 좋은 위치에 있고, 직원들 다 친절하셨어요~!"
8904413,4,,"이런 아이스크림 전문점 중에서는 가장 친숙한 곳이라 부담없이 방문하게 되는 것 같습니다. 주요 메뉴를 제외하고는 시즌별로, 매장별로 아이스크림 종류가 조금 다르게 운영되는 부분에 대해 참고가 필요합니다. 여러 스테디셀러들이 다양하게 포진하고 있어서 해당 아이스크림 만으로도 방문할 가치가 충분합니다."
8904413,5,,"이름처럼 달고나 맛입니다 
그렇다고 완전 설탕맛은 아니고 달고나 맛과 캬라멜 맛이 더해졌습니다
적당히 달달하고 맛있어요"
8904413,5,,배스킨 라빈스는 친숙해서 아이스크림 생각나면 찾게 되요. 피스타치오 아몬드와 체리 쥬빌레 항상 맛잇고 테이크 아웃도 신속히 잘해 주시네요
8904413,4,,엄마는 외계인 페이보릿 아이스크림!  베스킨 라빈스에서 골라먹는 재미로 아이스크림 먹어요!! 파인트 사이즈면 둘이 먹기에 약간 부족한듯~
8871100,4,,"우리는 명동 콩 그룻 32 호를 사기 위해 메트로 호텔에서 걸어 갔다. 팥, 감자 등 여러 종류가있다. 각각 2000 원. 명동 대성당에서 2 분."
8871100,4,,"명동 고로케 32G 앞을 지나다가 사람이 많은 것을 보고 궁금해서 먹어보았습니다. 야채, 감자, 크림치즈 등 고로케 종류는 여러가지가 있고 가격은 모두 1,500원입니다. 오전, 오후에 한번씩 고로케가 나오는데 바로 나왔을 때 먹으면 더 맛있을 것 같습니다. 크림치즈 고로케는 크림치즈가 가득 들어있어서 바삭하면서 부드러운 식감을 동시에 느낄 수 있습니다. 감자 고로케는 감자 본연의 맛이 많이 나는 담백한 맛입니다. 크기도 적당하고 간식으로 먹기에 괜찮습니다."
8871100,4,,"사람들 줄서서 먹는 집이라는데...
평일 명동성당 지나가다.. 금방 튀겨낸 감자고로케 맛있게 먹었습니다."
8871100,3,,명동성당 앞쪽에 있는 고로켓 집이다. 늘 사람들이 줄서서 있어서 정말로 맛이 좋은지 궁금했다. 그런데 기대가 커서 인 것은 아니었다. 그렇게 대단한 맛은 아니었다. 고로켓 잘하는 집 아주 많다. 가만 보니까 일부러 사람들이 줄서서 기다리게 하려고 충분히 만들 수 있는데도 시간을 벌고 있었다. 이 집에 특별한 감정 없다. 그냥 그렇게 느꼈을 뿐. 사람마다 맛의 관념은 틀리니까 말이다.
8871100,4,,장사가 잘되는 집이라서 먹을 때마다 바삭하고 고소해요 줄이 길면 굳이 사 먹지는 않지만 요즘에는 줄이 좀 준 것 같아서 좋더라고요
8871100,5,,감자 고로케가 제 입맛에는 가장 맛있는데 그런 취향보다 일단 남아있는 거라면 무조건 사야 합니다. 명동성당에 가거나 근처에 약속이 있어 갈때면 꼭 방문하는데 길게 늘어선 줄과 일찍 품절이 되는 이유로 구매가 쉽지 않습니다. 그만큼 맛집 인증이니 부지런히 움직여야 합니다.
8871100,3,,"워낙 일찍 닫고 줄이 많이 서는 가게라 사 먹기 힘들었는데, 다행히 기회가 되어서 먹어보게 되었음.
기대보단 그닥이었지만, 나쁘진 않음. 단, 길게 줄서서 사 먹고 싶은 생각은 안 들었음."
8871100,5,,종류가 굉장히 다양하고 하나하나 다 맛있어요. 특히 감자고로케 야채고로케 맛있습니다. 가격은 그리 저렴한편은 아니지만 가치가 있어요. 하루에 정해진 양만 파는지 5시 넘어 가면 거의 문 닫아서 퇴근길에 사가지 못하는게 아쉬워요.
8871100,5,,"회사가 근처라 가끔 갔는데
12시 반쯤 가도,, 품절되는 항목들이 꼭 있어요 ㅠ

크림치즈가 진짜 맛있다는데 저는 아직 못먹어 봤습니다.
저는 팥 먹어봤는데 팥도 별로 안달고 맛있어요"
8871100,4,,고로께 나오는 시간에 맞춰 줄서서  사먹었지만 줄서서 먹을 만큼은 아니었다. 맛있긴하지만~~
11697806,,,
9274868,5,,"저는 굉장히 입도 짧고 결정 무능력이 심각해서 특히 음식점은 한 곳이 맘에 들면 거기만 갑니다. 여기 지금 거의 3년째 가고 있습니다. 처음엔 와플님의 존재를 몰랐는데 한 번 먹어보니 진짜 신세계를 맛봤습니다. 강남에 갈 일이 많습니다만, 올 여름은 너무 더웠어서인지 이곳에 자리가 없어 다른 카페에서 와플을 먹어봤는데 돈이 아까웠습니다.

그리고 여긴 분위기도 참 좋아요. 나무나무스러운(?) 느낌이 있어서 저녁에 조명 켜지면 적당히 어둡고 아늑합니다. 진솔한 대화 나누기에도 좋아요."
9274868,5,,분위기 굿! 커피도 맛있고 와플 적극 추천합니다. 인생 와플이에요!! 날씨 좋은 날에는 테라스에 앉으면 분위기 좋습니다.
9274868,4,,"분위기도 괜찮고 테라스도 있어서 좋아요.
커피도 마실만해요. 퐁당오쇼콜라를 같이 먹었는데 초코맛도 진하고 맛있었어요!"
9274868,4,,"복잡합 강남역에서 분위기도 좋고, 커피맛도 좋은 아주 마음에 드는 카페입니다. 손님이 많아도 그다지 시끄럽다 느끼지 못할만큼 테이블간 간격도 나쁘지 않았고, 무엇보다 1000원만 내면 커피 리필이 되서 맛있는 커피를 양껏 마실 수 있었습니다."
3869166,4,,"이태원역4번출구?에서 나오다가 한50미터만걸으면 우측에 스타벅스가있습니다
건물통째로 스타벅스라서 자리도많고 괜찮아요"
3869166,4,,"스타벅스 이태원점, 건물한개가통째로 스타벅스건물이에요. 좌석도 많이있고 
막 붐비거나 하지않아서 좋아요. 늘 만족합니다."
3869166,4,,이태원은 좋은 위치에 있고 스타 벅스는 좋은 커피를 가지고 있지만 가격은 이곳에서 다른 곳을 찾는다.
3869166,4,,대한민국 안의 색다른 공간 이태원에서 쇼핑 및 구경하다가 쉬면서 커피 마시기 좋아요~~~!!
3869166,4,,"Seoul, Seoul, South Korea"
3869166,3,,건물 전체를 사용하는 듯한데 규모가 넓진 않았습니다. 당황스러운 것은 화장실 위치가 조금 햇갈려서 모르고 여자 화장실로 들어갔습니다. 제 잘못인데 좀 햇갈리게 위치하긴 했습니다. 이태원 특성상 외국인들도 많아 좀 독특한 분위기였습니다. 이태원 입구에 있어 만남의 장소로 활용하기 좋습니다.
3869166,4,,너무 붐비지 않고 좋은 이태원 초입에서 만나는 스벅입니다. 항상 깔끔하고 스벅에서 기대하는 모든 것을 충족시켜줍니다.
3869166,3,,"맛은 비슷하나. 항상 붐벼요~ 핫한 위치이니 어쩔수 없지요,,^^ 파트너님들 힘내시 바랍니다~"
3869166,5,,즐길 수 있는 좋은 곳이 프라푸치노. 만나기 전 또는 후에 친구들과 커피 한잔을 즐기는 이태원.
3869166,5,,휴식 으로 좋은 곳이고. 서비스는 친절하고 커피와 치즈 케이크도 훌륭하다. 뛰어난 곳입니다!
3869166,4,,매장이 큰 편이라 자리가 많이 있지만 사람들도 많아서 좌석을 잡기 시간이 걸릴 수도 있어요. 매장은 깔끔하고 좋아요.
3869166,4,,언제나처럼. 나는 커피를 마시는 곳. 좋은 꽤 큰 레스토랑. 나는 여기에 너무 드위치와 같습니다. 좋은 일 하는 사람이 깨끗한 레스토랑!
3869166,5,,"모든 스타벅스에 갈 때 항상 커피를 더 좋다. 여기에 다른 수 없습니다. 직원들은 유쾌한. 그런데 이 이태원의 쇼핑 지역에 위치한 스타벅스도 있어서 ""포장"" 경우가 있을 수 있습니다."
3869166,4,,갈데가 없거나 스타벅스 아메리카노를 먹고 싶으면 늘 가게 되는 곳. 이태원점은 외국인이 많아서 외국에 온 기분도 들고 분위기가 색달라서 좋았다.
3869166,5,,"저는 2층에 테라스에서 마셨는데요
오픈되어 있어서 색다른 커피맛이였어요.
이태원에서 사람구경하면서 커피한잔 하세요."
13492630,4,,아우어베이커리 본점보다 넓어서 쾌적한 공간인 싸이더스점
13492630,4,,빵은다맛있어요 특히유명한더티초코든맛있는데너무먹기힘드네요ㅠㅠ초코발린과자?같은것도맛잇엇어요 사람은늘많네요ㅜㅠ
17450123,4,,"매장 자체는 매우 협소합니다.
왠지 그 실내를 좋아하는 분들이 많은듯 항상 복작거리네요.
안에서 음료를 기다릴 수 없을정도로 작아 밖에서 대기하면 스피커를 통해 번호를 불러줍니다.
위치가 대림상가에 위치하기 때문에 매장 밖에 야외 테이블이 있어 겨울 빼고는 시원하게 즐기기 적당합니다.
호랑이라떼 3500 원으로 가격착하고 맛있습니다.
라떼라기보다는 좀 더 플랫화이트에 가깝게 진합니다
아메리카노보다 오히려 싸요.  맛은 달달합니다
아메리카노는 신맛이 매우 강해 제 타입은 아니었네요."
17450123,4,,세운상가에 위치한 독특한 분위기의 카페
17450123,3,,"세운상가에 위치하고 있는 이 카페는, 아마 이 근방에서 가장 인기있는 카페인 듯 합니다. 점심시간에는 직장인들 인파로 발 디딜틈이 없고, 다른 시간에도 테이블 대부분이 차 있습니다.
이곳의 가장 인기 메뉴는 단연 라떼인데, 라떼에 적합한 원두를 가지고 라떼에 잘 어울리게 로스팅한 점이 돋보입니다. 커피에 대한 이해도가 있어 아메리카노도 역시 맛있습니다.
다만 음료 외에 다른 메뉴는 사진찍기엔 좋을지 몰라도 맛은 그다지 없습니다."
17450123,3,,"호랑이라떼가 시그니처 메뉴. 단맛이 추가된 라떼. 보통 이상. 가격이 3천원이라 이정도면 훌륭하다. 
후르츠산도는 메뉴 주문 전에 어떤건지 봤으면 안시켰을 것 같다. 식빵사이에 크림 바르고 일반 귤 넣은 샌드위치. 귤이 맛이 없다. 생크림과 식빵도 너무나 평범."
8956120,5,,좋아하는 Almond Blossom 그림이 프린트되어있는 카페 벽면이 있어서좋앗고 반고흐레드는 자몽맛과에이드가 섞여서 좋았습니다. 반고흐의 작품책들도 둘러볼 수 있어서 좋았습니다. 추천해요
8956120,5,,분위기 너무 좋은 예술느낌 풍부한 카페^^
8956120,4,,"주말엔 모든 카페가 다 꽉 차서 찾아간 롯데몰 카페 중 하나
그림들 및 배경 데코좋음
카페 크기는 작고...
음료맛은 그냥 평범하다"
8956120,4,,"따뜻한 햇살을 맞을 수 있고 음료가 좋았지만, 좁았던 곳"
8956120,4,,"주말이라 그랬는지 너어무 시끄러웠습니다.
게다가 테이블 간격이 너무 좁아서 양옆테이블 소리도 다들려서 대화나누기에 적합한곳은 아닌듯싶어요~"
8956120,5,,"좋은 커피를 즐길 수 있는 좋은 장소, 편히 쉴 수 있는 아름다운 인테리어"
8956120,3,,반고흐를 좋아하기에 분위기도 좋아보여서 들어갔는데 막상들어가니 너무 좁고 시끌시끌...얼마 못있다가 자리를 옮겨야했다
8956120,4,,롯데몰 1층에 있는 분위기 좋은 카페에요 반고희 작품 서적들이 전시되어있어서 갤러리 느낌이 납니다. 가격이 약간 비싸요 칠팔천원 소품들도 아기자기 하게 잘꾸며놔서 여성분들 취향에 딱인듯요
8956120,4,,반고흐카페는 제2롯데몰 1층에위치해서 친구들과 만나기 편한 곳이다. 반고흐를 좋아한다면 가보고 싶은 카페이다.
8956120,4,,조용한 빵집 카페... 위치는 롯데 월드몰 밖으로 나가야 해요... 그래서 조용해요.... 많이 좁아요...
8956120,4,,네덜란드에 있는 박물관과 제휴했다는 카페지요. 분위기도 좋고 약간 갤러리 같은 느낌의 카페입니다. 가격도 생각보다 아주 비싸지는 않습니다만...맛은 쏘쏘합니다. 연인들 데이트 장소로를 강추합니다.
9153841,2,,"잠실 롯데 월드 방문한 Gerbaud 카페 서울 얼마나 저장소가 같은.
난 정말 실망했다.
총 우리가 주문한 2kehelys(Somlói 및 gerbeaud). 또한 주문한 Eszterházy 케이크와 커피.

나는 헝가리 Am 헝가리, 진짜 케이크 사이에 유사하더라도 거의 알아볼 수 있습니다.
가장 큰 부분은 아이스크림 가득 했습니다. 나는 아이스크림을 좋아한다면 좋은 아이스크림을 다른 곳이 많습니다.
Eszterházy 케이크 아이스크림을 제공됩니다. 다음 kehelys 주로 아이스크림.

간신히 Vanille 아이스크림, 초콜릿 아이스크림 보다 Kehely. Somlói 다른 어떤 것을 느꼈습니다. 어쩌면 휘핑 크림 조금. 그러나 스펀지 케이크 누락된! ! !
이 gerbeaud kehely 복숭아 걸림 때문에 약간 유사한 맛이 났습니다.
이 Eszterházy 케이크 방법으로 맛있는 산티에고의 알몬드 케잌이 있습니다.

나는 다시 갈 것 같지는 않습니다. 나는 자신을 굽습니다.
진짜 헝가리 케이크 있는 사람들이 있지만 즐길 수 있습니다. 하지만 거짓말을 할 것은 헝가리 케이크"" 말이 좀. 때문에 확실히 :)

저는 한 신용 직원들은, 쾌적한 환경 갑니다. 거기서 많은 화려한 것 같았습니다."
9153841,2,,"롯데월드몰 에비뉴엘2층에 입점한 카페 제르보. 부다페스트릉 생각하고 보기엔 너무 협소한 공간에 위치. 에스컬레이터 옆도 문제인데, 가격은 8,000-16,000원대. 
제방문은 하지 않겠음"
9141160,4,,맛있는 커피를 맛볼 수 있으나 다소 시끄러워요
9141160,4,,커피가 부드러워 좋았어요. 디저트 종류는 그렇게 인상적이진 않았습니다. 위치가 위치라 사람이 정말 많기는 했습니다. 뷰가 좋네요.
9141160,4,,"창가 자리에 앉으면 명동성당이 한 눈에 들어오는, 뷰가 좋은 커피빈 입니다. 전세계적으로 표준화 되어 있는 프랜차이즈 답게 커피나 기타 음료의 맛은 동일 합니다. 타 프랜차이즈 카페에 비해서 잘게 쪼갠 얼음을 사용하는 점이 마음에 듭니다."
9141160,5,,"의 커피빈이다.1,2층 좌석도 넓고 직원들이 모두 친절하자.우리 일행이 13명이였는데 모두 행복하고 만족한 시간을 가졌다.명동성당이 아름다운 뷰를 커피마시면서 볼수있다.커피도 맛이있다"
9141160,5,,"여기에 쇼핑의 거리 & 피곤? 잠시 이 곳, 좋은 차 & 커피 에 꼭 눈을 감 있게 1st 생바탕 '!"
9141160,4,,"그래서 저는 제가 좋아하는 장소 중 하나가 커피는 커피 팥바. 음료 및 디저트를 제공할 뿐만 아니라 샌드위치 (같은 케이크, 쿠키... )"
26590006,,,
19408103,5,,"테0이크 아웃 전문 베이커리입니다
주로 프랑스 빵들로 이루어져있는데 그 중에서도 상당히 다양한 종류의 크로아상들이 있습니다
그중 솔트앤캬라멜 크로아상을 구입했고 단짠단짠의 진수를 보여주는 아주 맛있는 빵이었습니다."
19214103,5,,"트윈타워는 을지로 4가에 새로 생긴 대형 빌딩인데 지하철에서 건물 지하로 바로 연결됩니다. 
을지스퀘어라고 1층, 지하는 까페, 식당들로 이루어져있어요.
아티제는 1층 건물 안쪽에 위치해있어요
빵들 다양하고 좀 구석에 있고 아직 안알려져서인지 한가롭고 조용합니다. 
기본 가격은 좀 있지만 자주 페이코랑 행사를 해서 요즘엔 베이커리와 음료는 30% 할인이 되니 가성비도 좋구요
회사직원들이 주 고객층이라 그런지 베이커리류는 6시 이후에는 50% 할인이 됩니다."
9565311,5,,"컵케잌은 너무 달고...그나마 바나나푸딩이 괜찮은데 그것도 뭐 달긴달아요...
사실 유명한 체인이라 한번쯤 방문해보면 좋을 듯 한데...재방문은 모르겠어요~"
9565311,5,,판교에서 줄이 너무길어 방문한 무역센터점 . 이쁜 컵케이크가 흐트러지지않게 케이스에 잘 보관되있다. 매그놀리아 레드벨벳이 제일 맛있었다.
9565311,4,,바나나 푸딩은 푸딩이 더 필요합니다. 그 비율은 NYC와 다릅니다. 그렇지 않으면 커피와 디저트를 쇼핑 할 때 맛있는 곳!
9565311,4,,"귀여운 컵케잌으로 유명한곳 맛은 그냥저냥
시즌 별로 뭔가 특별한게 나오는듯
할로윈 케잌 넘 깜찍
현대 h포인트 어플에 아메리카노1+1
쿠폰을 주길래 또 가볼예정"
9565311,4,,"이 꽤 맛있는 한국 에서 먹고 찾기, 레드 벨벳 컵 케이크 를 이 곳에서 즐길 수 있지만 한 가지! 그러나. 나는 두 가지 맛 에 너무 화려하지 않았다. 많은 옵션 이지만, 이 경우 에 확인해 보세요!"
9565311,5,,매그놀리아 베이커리가 뉴욕의 큰 명예 같은 것은 목련 인다. 이 파이와 푸딩 이다. 모든 설탕 중독자 이 게 얻을 것이다. 절대적으로 맛있는.
9565311,5,,컵케익류 스트로베리랑 레드벨벳 맛있었고.. 바나나 푸딩 유명하길래 먹어보니 정말 맛있었어요..
9565311,5,,뉴욕의 매그놀리아를 한국에서 그것도 집가까운 코엑스에서 만날 수 있다는 것만으로도 굉장히 반가운 일인데요 이곳의 레드벨벳 컵케익과 바나나 푸딩은 꼬옥 드셔보세요 바나나푸딩은 1인당 1개로 구매제한이 있는 것이 너무 아쉽지만 그렇게라도 꼬옥 먹어볼 가치가 있습니다 그리고 레몬 치즈케잌도 드셔보세요 레드벨벳 컵케잌의 아성에 가려져서 빛을 발하지 못하지만 레몬 치즈케잌도 굉장히 진하고 맛있답니다
9565311,4,,한국에 상륙한 이후 가장 핫한 디저트집.
8967346,5,,비가오는날 가보앗다 커피야 뭐 아메리카노 밖에 모르지만 일단 친구따라 고고 분위기는 너무 좋앗다 생각해보니 여기는 와봣단곳 추억이 담긴곳..
8967346,4,,"수많은 커피숍 중 나름 커피맛 좋다는 생각이 드는 곳입니다.
분위기는 아주 특별할 건 없지만 나름 깔끔하고, 다만 좌석 간격이 다소 좁은 편이라는 게 흠이네요"
33996409,,,
10423752,4,,을지로에 새롭고 이색적인 느낌의 카페입니다. 인스타에 많이 나올법한 분위기에요. 매장도 예쁘고 커피도 무난하니 좋았어요.
10423752,4,,우리가 머무르고 있었던 숙소의 옆에 바로. 오전 12시 - 1 시까 지 영업합니다. 3 층으로 구성되어 있습니다. 그들은 과일과 커피를 가지고있다.
10423752,3,,"우래옥 근처라 찿기 쉽습니다.

커피도 괜찮은 편이구요.

이층과 삼층에 테이블이 있고 비교적 조용하고 한적한 카페 입니다.

가볍게 먹을수 있는 빵이나 쿠키등도 있습니다."
10423752,5,,"방산시장골목길에 있는 상수/당인리 분위기의 힙한 카페입니다. 
바로 옆이 유명한 우래옥이라 찾기는 쉬워요.
시장안의 아저씨들 상대의 커피숍이 아니라 다양한 컵과일 , 과일을 이용한 음료등이 있습니다. 
작은 건물 한층을 다 쓰기 때문에 1층에서 주문하고 2층에서 창문으로 거리를 내려다보며 음료를 마실 수 있어요.
커피맛도 좋으면서 다양한 음료구성, 젊은 감각 모두 마음에 드는 곳입니다."
9245417,4,,"스타벅스 신설동역점
신설동역 바로잎에있어서 찾기쉬워요 
점심시간에는 회사가근처여서 사람들이 많아서 자리집는거는 어려워요"
9245417,4,,"언뜻보기엔 매장이 좁아보이지만 안쪽으로 꽤 많은 자리가 있는 지점임.
근처에 사무실이 많아서 언제가도 손님이 많은 곳."
9245417,4,,"오래되지 않은 매장이라 깔끔하고 좋아요.
천장도 높아서 공간이 굉장히 넓어보이고요...
직원분들도 친절하고 음료도 빨리 나옵니다.
주문한 자바칩이 들어가지 않은 것을 먹다가 알아서 말씀드렸더니 자바칩만 주는게 아니라 새로 음료를 만들어 주셨답니다."
18995284,5,,한국의 오래된 건물과 멋진 프랑스 디저트. 분위기가 좋았습니다. 통인 시장과 가깝습니다. 멋진 환대와 디저트 로이 카페를 적극 권장합니다!
10751139,5,,Mammoth 카페는 음료를 소수의 제공하는 한국 브랜드. 나는 그들에 대해 어떤 매 시즌 다를 수 있는 계절 메뉴 좋아요. . . . 적극 추천합니다
9245188,4,,"수서역에 카페가 별로 없어서 방문한 스타벅스
수서역점은 리저브 매장인데
내부가 꽤 넓고 사람도 많았어요
음료 맛은 그냥 그랬는데
매장이 예뻐요"
9245188,4,,매장이 널찍하고 자리가 많다. 저녁시간에는 사람이 적어서 조용하고 편하게 카페를 이용할 수 있다. 수서역과 가까이 있어 다니기에도 편리하다.
9245188,4,,"수서역 사거리에 위치한 리저브스타벅스.
수서역 지하에도 스타벅스가 있지만
넓은 유리창과 탁트인 실내가 시원하고
리저브 커피사이드 나무테이블이
넓고 편안해 커피한잔의 행복을 만끽하는곳."
9245188,3,,수서역과 현대벤처빌 연결통로에 있어요. 지하에 있어서 조금 답답하고 어두운 느낌이 있어요. 좌석은 적지는 않고 점심시간에는 북적거려요
9245188,5,,"수서 사는 사람들이 늘 방문하는 곳이예요~
키 큰 남자직원분이 굉장히 친절하시고.. 다른 여자분들도 서비스가 좋아요! ^^"
9245188,5,,수서역 근처에 가까운 스타벅스가 이곳 하나라 자주 이용합니다. 매장이 좀 넓어지긴 했지만 아직 자리는 많이 부족한 것 같아요 서비스는 괜찮은 편이긴 합니다. 스타벅스 맛이야 보장되어 있으니까요! 수서역과 바로 이어져있어서 접근성이 좋습니다.
9245188,5,,"덜 시끄러운 편이고 공부하기 괜찮아요
근데 지하라서 뭔가 답답하고 화장실도 떨어져있어서 아쉬워요"
9245188,3,,"스타벅스를 매우매우 자주 가는데요,
수서 스타벅스는 우유스팀을 엉망으로 해줘요 대부분..
일명 개거품 같달까 ㅠㅠ 
우유거품이 안 올라가는 아이스 음료는 아주아주 좋아요~
그리고 역 안에 있고, 회사 근처라 그런지 공간이 좁지 않은데도 대부분 항상 사람이 많아요"
9245188,5,,"진리죠~ 스타벅스는 너무 좋아요~
요즘 코드블루 너무 맛나요~ 씁씁한 찐한 커피맛에 중독되는거 같아요.. 
항상 그리티프라푸치노나 슬러시 종류만 먹을줄 알았지 
커피 맛있다고 생각을 못했거든요~
사이즈도 통신사카드로 무료업 가능해서 톨주문해서 오래오래 먹을수있어요~
kt통신사가 한달에 한번 가능한걸로 알고있어요~ 사이즈업 무료로해서 맛나게 드세요~"
9245188,3,,"수서역에 위치한 스타벅스, 지하라 조금 답답함이 있습니다.
좌석이 많지 않아 점심시간 근처에 가면 앉을 자리도 별로 없어 스타벅스를 좋아하는 저에게는 조금 아쉬운 위치입니다."
9245188,4,,휴일에  편한한 복장으로 간단하게 커피와 브런치를  즐기기 좋은곳입니다. 매장도 넓고 자리도 많아 가족단위나  친구들까지  간단한 브런치를 즐기기 좋은 곳입니다. 카페라떼에  샷 추가를 추천드립니다.
9245188,5,,"최근 리모델링으로 매장 내 공간이 넓어져서 많은 사람 수용이 가능함. 그 전에는 항상 공부하는 사람들 때문에 앉을 자리가 없었는데, 추가로 확보된 공간 덕분에 앉아서 커피를 마실 수 있게 되었음. 다만, 추가 공간은 구조적인 특성 상, 소리가 안으로 몰리는 탓에 항상 시끄러운 느낌이라 큰 소리로 이야기를 해야지만 대화가 가능함. 스탭ㅂ들은 항상 친절하고, 사람이 많은 매장이 아니라 다이어리 등이 주변 매장보다 오래 남아있는 편임"
9245477,3,,"CY (19.10.27)
아내와 저는 커피를 사러이 카페를 방문했습니다. Starbucks는 항상 어느 곳에서나 좋은 분위기와 서비스를 제공했지만 균일 성으로 인해 마음에 들지 않았습니다. 하지만 제 아내는 스타 벅스 커피를 좋아해서 그곳을 방문했습니다. 우리는 커피를 꺼내고 가격은 항상 다른 카페보다 높습니다."
9245477,4,,스타 벅스지만 화장실은 아주 좋습니다!
9245477,4,,홍대 메인스트림에서 떨어져 있는 편이어서인지 가장 조용하고 공부하는 사람들이 많음. 문 옆쪽에 빌딩 전체에서 사용하는 흡연구역이 있음.
12118286,5,,"핸드드립 커피와 흔치 않은 맥주 등 정말 괜찮은 바 & 카페 입니다. 
홍대에서 고노로 내리는 제대로 된 핸드드립을 경험할 수 있는 몇 안되는 곳입니다."
12118286,5,,"다음에 꼭 다시 방문하고 싶은 카페였습니다. 친절한 사장님과 훌륭한 커피맛, 그리고 아늑하면서도 분위기 있는 인테리어❤️
무엇을 기대하고 오든 만족할 곳!
다음에는 맥주 마시러 오고 싶어요! :)"
12118286,5,,"여러 나라와 한국 안에서 여러 카페의 커피를 마셔봤지만 브루잉 실력은 단연 최고였습니다.

멋진 인테리어, 친절한 사장님, 보장된 맛, 가게로서 갖추어야할 모든 요소를 정확히 갖춘 지금까지의 제 인생에서는 최고의 카페 였습니다.

매우 추천함."
12118286,5,,"여전히 따뜻하고 편안한 분위기를 풍기는 곳. 
새로운 메뉴가 생겼다는 소식과 함께 방문했습니다. 
민트와 커피의 조합은 신선하며 깔끔했고 다시 찾게끔 하는 메뉴가 될 것 같습니다. :) 
자주 가도 늘 맛있고 좋은 곳."
12118286,5,,"몬스터케이브라는 이름에 걸맞게 동굴같으면서 아늑한 분위기와 사장님이 엄선해서 틀어주시는 뮤직비디오를 감상하며 마시는 드립커피는 최고입니다. 둘째잔부터는 3000원씩 할인도 되니, 바 끄트머리에 앉아 책을 읽기도 좋고 생각정리하며 간단히 다이어리 작성하기에도 너무나 좋아요. 맥주와 위스키도 준비되어있어서 간단히 혼술하기에도 너무나 좋습니다('부쿠'맥주 추천) 심심하면 사장님한테 이것저것 여쭤보면 친절하게 답변도 잘 해주시구요. 원두도 판매하니 얘기 나눠본 후에 구매해 보시는것도 좋을 것 같습니다 ^^"
12118286,5,,"특별한 커피를 마시고 싶다면 이 곳으로. 
다른 곳에서 볼 수 없는 유니크한 커피메뉴가 있어 호기심이 생기고 독특한 인테리어에 한 번 더 눈길이 가는 곳이다."
16882371,,,
3864361,4,,"방배역 근처이고 근방에 백석대가 있어서 학생들이 많이 찾음
그래도 매장이 크게 넓은 편이라서 갑갑하지 않음
통창이 있어서 햇빛이 세게 느껴짐"
3864361,4,,평일 밤이라서 북적이지 않고 좋았어요. 매장도 자리많고 따뜻한 쟈스민차와 함께 친구랑 수다떨었어요. 직원분들도 친절하세요.
3864361,5,,스타벅스 그린티프라푸치노는 언제먹어도 맛있어요. 특히 스타벅스 방배역점은 역과도 가깝고 친절하셔서 자주 가게되요.
3864361,5,,서울고 갔다가 스타벅스 찾아서 여기까지 와서 커피 마셨어요. 자그마한데 조용하고 자리도 많이 남아돌더라구요. 뜨끈한 라떼 마셨는데 우유 많이 커피 맛이 어우러져 맛있었어요.
3864361,5,,"방배역 스타벅스는 출근시간에 많이 붐빕니다. 주변 직장인들이 많아서 그런지 아침 시간에는 많이 기다려야 하니 미리 사이렌 오더로 주문을 넣고 가면 빠르게 받을 수 있습니다.
그리고 매장 앞에 2대 정도 주차가 가능한데, 항상 차있고, 인도 위로 올라와서 주차를 해야하므로 조금은 불편한 점이 있습니다."
3864361,4,,대학가 근처이고 지하철에서 가까워서 늘 붐벼요
3864361,3,,"나름 서비스 응대가 신속하고 빠른편.
가끔 소이 시키면 혼동하고 일반 우유로 잘못 만들어서 재주문하는 경우가 있음"
3864361,4,,집근처라서 자주 갑니다. 주변에 여러개의 스타벅스 있어서 인지 다른 지점보다 사람이 많지 않지만 그래도 위치 때문에 사람 많아요 ㅜ 가서 그냥 아메리카노 자주 테이크아웃합니다.
3864361,3,,"한강운동하러 갔다가 들리는데 언제나 한적해서 좋아요 .
운영시간이 좀 짧은 느낌입니다. 10시까지 였더니거 같아요 .

하지만 사람이 별로 없어서 조용히 친구와 수다떨기 좋습니다. 
저는 그냥 늦은시간 가서 간단한 샌드위치와 아메 먹네요 ."
3864361,3,,"주차가 어려움
따로 주차시설이 없고 차길 옆이나 골목 바로 들어가자마자 주차해야 하는데, 교통체증 야기됨
시간 보내기에는 그만인 곳"
8969300,3,,
8969300,4,,어딜가나 매장도 많고 스탬프적립도 괴는 이디아커피입니다. 토피넛라떼는 고소하면서 달달하니 맛있어요. 스탬프 20개 모아서 먹는 무료커피도 좋아요.
8969300,4,,서울대입구역에서 가까워요. 번화가에 있는 이디야커피 매장은 보통 테이크아웃 중심의 작은 매장인데 여기는 안에 자리도 꽤 많고 좋았어요.
8969300,5,,커피가 저렴하지만 맛있어서 자주 갑니다.
8969300,4,,2호선 서울대입구역 4번출구로 나와서 쭉 직진하면 있습니다. 개인적으로 이디야커피가 한국 커피브랜드 중에서 가격대비 제일 좋은 것 같습니다. 제가 갔을 때는 사람들이 비교적 많아서 커피를 주문하는데 시간이 조금 걸렸습니다.
8969300,5,,최근들어 서울에서 가장 많이 볼수있는 커피브랜드로 서울대입구역 4번출구에서 나오면 있는곳 깨끗하고 직원들아 아주 친절함
15527444,4,,리저브 매장일 뿐만 아니라 다양한 티바나 메뉴가 있어요. 푸드와 베이커리류도 그 어느 스타벅스보다 다양하게 많이 갖추고 있고요. 너무너무 넓어서 빈자리를 찾아 다니는 데에만도 시간이 한참. 그 말인즉슨 그렇게 넓은 데도 빈자리가 없다는 뜻.. ㅎㅎ
15527444,4,,"리저브 메뉴를 먹을 수 있는 매장으로 넓고, 지하철역과 연결되어 방문하기 좋은 곳입니다.
리저브 메뉴가 조금 비싸긴 하지만 훨씬 맛있는 커피, 또한 함께 제공해주는 과자(예전에는 마카롱) 덕분에 만족도가 큽니다."
15527444,5,,"특성화 매장에서만 파는 메뉴들도 많이 팔지만
리저브라는 이름에 걸맞는 서비스와 분위기도 같이 있는 곳이예요
리저브샵 한정판매 원두로 하는 라떼도 먹을만하고
티바나 메뉴들은 바에서만 해주는 서비스가 있으니 꼭 바에서 서비스 받고 자리로 가져가세요"
20813676,4,,"북서울꿈의숲 장위동 방면에 있는 베이커리 까페이다.

첨가제를 사용하지 않고,바게트 치아바타는 천연발효종을 사용해 만든다고 한다.

크루아상, 퀸아망,브리오슈 식빵, 바게트,치아바타등 여러 종류의 빵이 있다.

1층 야외정원과 3층 루프탑은 특별한 공간이다.

주차시설은 따로 없는 것은 불편하다."
26986129,,,
3894966,3,,"사당에 살기때문에 한번씩 들리게 되는데
사람이 늘 많습니다 매우 많아요
자리 있는지 먼저 보고 주문하시길 바래요
조용하지않아요"
3894966,1,,"퀄리티는 잘 모르겠다
전체적으로 가게 관리가 잘 안되는 느낌이다. 
화장실은 방문객에 비해 지나치게 협소하다. 

되게 시끄럽기 때문에 딱 그냥 만남의
장소 정도이다."
3894966,5,,지하철역 바로 앞에있어서 약속장소로 딱이에용 ㅎㅎ 사당역 근처라서 사람 맨날 많으니까 ㅠ ㅠ 자리잡고 주문하떼여
3894966,5,,사람이 워낙 많아서 정신없지만 커피는 맛있어요
3894966,3,,"사람들이 밀집되어있고 약속장소로 유명한 출구앞에 스타벅스가 자리하고 있다
위치는 나무랄데없지만
뭔가 이용할때마다 불편함으로 다가오는 곳
오랜시간 누군가와 이야기를 나누거나
고독을 즐기며 커피 한잔의 여유를 느끼기에
너무 시끄럽고 좌석이 불편하다
공간의 제약으로 인해 불편한 좌석이 생길 수 있지만
조금 더 편안하고 안락한 카페라면 좋겠다라는 생각이 든다
커피 한잔 하면서 책을 읽어볼까 하고 갔지만
불편하고 시끄러움에 포기함
허나 불편함을 누그러트릴 수 있는 것은 잠시 누군가를 짧게 만나기에는 훌륭한 장소라는 것이다
이어폰과 음악을 준비해서 간다면 사람구경하며 커피한잔할만하다"
3894966,4,,"스타벅스 카페라떼의 특징이 우유 함량이 아주 많은 커피 맛이 약한 카페라떼로 알고 있는데, 이곳 스타벅스의 카페라떼는 약간 탄맛도 나고 커피 맛이 상대적으로 강하게 느껴졌습니다. 3층으로 이루어져 있고, 비교적 테이블 간격을 넓게 잡아서 주중에서 한가로이 공부할 수 있는 곳입니다."
3894966,4,,"사당역 10번 출구 근처에 위치, 13번 출구의 스타벅스와는 다른 분위기"
3894966,3,,"대로변에 위치해 있고 주변에 버스정류장, 지하철 등이 있어 접근성이 좋습니다. 매장도 꽤 넓고 위치가 좋아서 그런지 항상 사람들이 많습니다. 맛도 다른 매장들과 동일하고 모임 갖기에 좋은 거 같아요."
3894966,5,,스타벅스는 프로모션때문에 사람이 없을 수가 없겟더라구요 맛있기도 하고요 여러가지 디저트도 추천합니다
3894966,4,,일하시는 분들도 친절하고 사당역과도 아주 가깝습니다. 커피 맛이야 다 비슷하지요. 화장실도 있고 좋습니다. 낮 시간에 방문했는데 사람들이 많습니다.
3894966,4,,"사당역 주변에 3개의 스타벅스가 근처에 있어서 참 좋습니다. 
어딜가나 맛은 비슷하고 3개 스타벅스가 있어서 그런지 ..자리도 많아요 ."
3894966,4,,사당역에서 가까워서 역에서 바로 나와서 접근성이 좋아서 친구들과 약속 잡을 때 참 좋습니다.
3894966,5,,사당역 근처 스타벅스중 가장 좋은 위치..번잡에서 조금 떨어지고..바로 옆에 차를 잠깐 주차할수도 있어 잠깐씩 들르게 되는곳. 2층은 사람기다리기도 좋음.
3894966,4,,사당역 근처에서 쉬기 좋은 카페에요. 약속잡기전에 미리 만날 때 가끔 들러요. 카페라떼와 케익을 함께 즐겨먹어요. 파트너분들도 친절해서 들를때마다 기분이 좋아요.
3894966,4,,사람이 많은데도 친절하구 엠디 종류가 많은 편입니다. 큰 스타벅스이지만 위치가 좋아서인지 자리잡기가 조금 힘들어요.
9245230,4,,한성대입구역 5번출구 앞에 있어요. 큰길 사거리에 있는 여느 스타벅스와 비슷한 분위기입니다. 매장은 적당히 쾌적하고 커피도 좋았어요.
9245230,4,,성북동에 가게되면 화장실 사용이 불편한데요  커피 한잔 하면서  화장실 이용이 가능하니 참고하세영
9245230,5,,역에서 가까워 친구 기다릴겸 방문한 곳이예요! 생각보다 넓어서 쾌적한 느낌이 들었고 파트너분들도 친절해서 좋았어요~ 3월임에도 날이 쌀쌀해 따뜻한 라떼 한잔으로 몸을 녹였는데 좋더라구요!
9245230,5,,"한성대입구역에서 5번출구 바로 앞에 있구요
한성대입구역은 1번출구에도 스타벅스가 있는데
5번출구에 있는 곳이 조금 더 한산하고 좋습니다~"
9245230,5,,자리도 널찍널찍해서 좋구요 ㅎㅎ 위치도 좋은 데 위치해 있고 직원들도 너무너무 친절하고 좋아요 ㅎㅎ 주말에 성북 쪽 자주 가서 자주 들르는 곳 중에 하나에요
9245230,4,,역에서 가까워서 좋고 비교적 사람들이 덜 북적여셔 자주 찾게 되요. 공간도 괜찮구요. 다들 찬절 하시구요 .
9245230,4,,역과 가깝고 일층이라 편안하게 즐길수있는 곳. 직원들이 참 친절합니다. 자리도 넓구요. 이마트 신세계 포인트 적립된다고 알려주신 곳이예요~
9245230,5,,"마찬가지로 한국 스타벅스 라떼 되며 - 좋은 퀄리티. 이 위치가 좋은 대학에 가까운 위치, 그리고 좋은 출발점으로 대중 교통 으로는 된 도시. 크기 좋은 시설과 풍어 를 위로 또는 귀하의 산책을 함께 나누기"
14976110,5,,"DDP ?? ?? ??? ??? ??? ?????.
?? ??? ????? ~~
???? ?? ??? ??? [화학식 1] ??. . ?
?? ? ?????. . .

DDP에 아주 좋은 마카롱.
이 카페는 여기에서 꽤 유명합니다.
이 카페로 돌아올거야. ."
3864314,4,,생애처음으로 기프티콘 아메리카노를 사용해봤네요. 1500원 더 내고 카페모카 그랑데로 변경해서 마실 수 있었어요. 친절하고 좋았어요~~~^^
3864314,5,,국내 최초 스타벅스 1호점이라는 상징적인 곳
3864314,3,,돌체라떼를 그랑데로 시켜서 마셨는데 3샷이었고 다른 곳보다 훨씬 달다는 느낌이 들었어요. 다른 지점에서 마셨을 때는 덜 달고 부드러운 느낌이었는데... 친절한 서비스는 만족했습니다. 카라멜 라떼보다도 단 것 같아서....암튼 아쉬웠습니다. ㅠㅠ
3864314,4,,우리나라 스타벅스 1호점이라죠? 워낙 아기자기하고 운치있는 길에 있어서 느낌도 좋습니다. 2층이나 3층 창가에 앉아서 시간보내기 좋습니다. 커피맛은 다 똑같은듯
3864314,4,,체리블로섬 라떼를 홍보하며 한잔씩 드세요 ㅡ 하신다 ㅡ 일단 맛은 싱거우며 잘 넘어가는 ㅡ. 그냥 그런 ㅡ 생크림이 좀 더. 신선했음 하는 ㅡ. 일본 교토의 녹차라떼나. 생크림이 들어간 음료는 맛의 차이가 왜. 다른건지 ㅡ. 암튼. 이곳은. 자주. 오면서도 사진은 첨. 남겨본다 ㅡ 이대의. 상징적인 그런 의미도 있겠지만 지금은. 약간 퇴색적인. 외국인분들이. 전에 비해. 많이 눈에 띈다. 일층은 약간. 공간협소 ㅡ 2. 층 전망에서 보는 맛보는 풍경이 다채롭다 ㅡ. 다시 오라면. 예 예 ㅡ 가요가 ㅡ.
3864314,5,,스타벅스 국내 1호점으로 알고 있는데 그러니 한번쯤 가보세요! 3층까지 있어서 창가 자리에 앉아서 거리를 구경하면 나름의 재미도 있어요ㅎㅎ
3864314,5,,스타벅스 이대점은 매장이 깔끔하고 와이파이도 제공이 되어 참 좋습니다. 가을에는 단풍 나무 때문에 늘 장관입니다.
3864314,4,,여기저기 먹어봐도 역시 아메리카노는 스타벅스가 최고에요. 이대 정문길에 있어 자주 찾는 곳입니다. 이 근처 최근에는 가로수길같이 정비를 깔끔하게 해놔서 너무 좋아요.
3864314,5,,"스타벅스 1호점이 이대점이랍니다.
그만큼 서비스도 친절하고 음료 제조도 맛있는 편이예요.
이대앞 쇼핑 하시고, 시원하게 잠시 쉬었다 가기 좋아요."
3864314,4,,이대앞 스타벅스 1호점 입니다. 뭔가 상징적인 의미도 있어 더 자주 찾게 되는 것 같습니다.  3층짜리 건물이라 자리도 많습니다. 중국인 관광객들도 많이 오는 것 같습니다.
3864314,5,,스타벅스우리나라1호점으로알고있습니다이제는이대앞의랜드마크또는약속장소쯤으로인식되네요중요한커피맛은단연최고죠
3864314,4,,"일때문에 이대 근처에 가게되면 늘 이용하는 곳입니다
3층건물을 전부 사용하는 곳이라서 책보거나 일처리 하기에 좋은듯 합니다

1층은 중국사람들이 좀 많은 편이구요
2,3층은 공부하는 이화여대생들이 많습니다

다른 스타벅스들 처럼 시끄럽지 않아서 좋습니다"
3864314,5,,"우리나라 최초 스타벅스가 이대점이라는 건 아실라나요 ?!! ㅎㅎ 
중요한 건 아니지만 그래도 이대점이 1호점이라고 하더라구요 ㅎ 
학교 근처라서 개강맞이 머그컵증정 이벤트도 종종하구요.
총 3층 건물을 통쨰로 사용하고 있어서 자리 부족한 일은 왠만해서 없어요.
파트너님들도 친절하구 좋아요 !! ^^"
14975762,5,,"직원들은 항상 도움이되고 친절합니다. 구매할 선물, 컵 및 커피 봉지를 선택하십시오. 뛰어난 차가운 음료 선택. 많은 좌석 공간이있는 편안한 분위기."
14975762,3,,"스타벅스 코리아 음료는 맛이 없지만
스타벅스 소공동 점은 한옥으로 된 외관이
매력적인 곳이에요
여행객들은 한번쯤 들러볼만한거 같아요"
12298976,5,,"신사동 가로수길에 위치한 빈티지한 카페.
외부에서부터 매우 문화적인 카페라는 분위기를 물씬 풍기는 인테리어가 굉장히 인상적이다.
내부로 들어가면 아기자기한 인테리어와 함께 차를 마실 수 있는 분위기 또한 카페를 방문하고 싶게 만드는 요인이라고 생각될 정도로 괜찮은 카페다."
10003588,5,,"푸르 토이 (Pourtoi)는 젊은 대학생들이 다니는 서울의 홍익 대학교 (Hongik University) 지역에 위치하고 있습니다. 지구는 에너지와 열정으로 가득 차 있습니다. 이 멋진 프랑스 식 빵집이있는 가운데 자리 잡았습니다.
재료는 신선하고 다양한 구운 제품이 엄청납니다. 높은 품질 덕분에 날 다시 돌아올 수 있습니다."
9245331,5,,항상 붐벼요. 절대 사이렌으로 주문한 다음에 방문하지 마세요. 자리를 파지하지 못할 확률이 엄청 높아요. 일단 자리부터 잡고 주문하세요
9245331,4,,역삼역 3번출구에 위치해 있는 스타벅스로 넓은 창과 넓은 자리 일반스타벅스와 다르게 여유를 부릴 수 있는곳 단점은 언제나 사람이 많아 주문이 오래걸린다. 현금없는 매장인 스타벅스
9245331,5,,스타벅스를 원래 좋아하기도 하지만 특히 여기 아크플레이스점은 역삼역 바로 앞인 점도 마음에 들지만 특히 매장이 오픈식이고 좌석도 넘 마음에 들어요
9245332,4,,"서울시내 공덕에 위치하고있는 스타벅스
공덕역에서 마포역 사이 수많은 스타벅스가있습니다. 그중한곳 좌석도 많은편입니ㅏ"
9245332,5,,녹차프라프치노를 커스텀 오더로 주문했는데 빠르게 알아듣고 처리해주었고 자리배치도 넓직해서 좋았음. 직원도 친절했음 ㅋ
9245332,4,,"회사 근처라서 일단 사람은 많아요! 좌석이 엄청 많은 편도 아니지만 그래도
테이크아웃하긴 괜찮고 일던 접근성이 최고!! 굿굿"
9245332,3,,가끔 들러서 쉬어가기 좋습니다. 피크 타임에는 사람이 꽤 많은데 사이렌 오더로 주문하면 불편한 건 없습니다. 맛은 익숙한 그 맛이에요.
9245332,1,,"안녕하세요! 여기는 꼭 메뉴이름을 외우고가야해요. 안그러면 angie분께 혼나요.
혹시 방문하게되시면,제가 프라푸치노종류 모르고가서 짜증나게해서 죄송하다고 전해주세요...
제가 프라푸치노종류를 다 외우고 갔어야하는데, 모른다고 그렇게 신경질내면서 다그치실줄은 몰랐어요... 무서워서 다른거 시켰어요. 메뉴종류모르면 죽을죄 지은 사람 취급당하니까 꼭 메뉴외우고 가셔야해요!"
9245332,3,,어느곳에서나 비슷한 퀄리티를 제공하는 커피숖
9245332,1,,"집이랑 가까워서 자주가는데
갈때마다 직원들 불친절
테이블이 더러워서 닦아달라고 좋게 이야기했음에도
떨떠름 짜증나는표정.
같이 간 친구들도 직원들 불친절하다고 얘기.
모 어차피 커피한잔 잠깐씩 사러가는거니 상관은없지만
테이블 더러우면 좀  닦아줄수있는건 아닌가"
9245332,5,,"직장인이 몰려오는 12시 반 - 2시 만 피하면 언제나 편안하고 사람도 적당히 있는 곳이예요. 무엇보다도 매장이 널찍한데 항상 청결을 유지해서 좋습니다. 주말에는 아이 있는
가족 단위로 많이 와서 활발한 분위기고 주중에는 적당히 조용해서 좋아요."
9245332,4,,공덕역 근처 마포대로에 위치한 스타벅스에요
9245332,4,,"근처에 회사들이 꽤 있어서 점심시간에 사람이 많이 붐비는 편이라
테이크아웃용으로만 마시는 곳입니다."
9245332,3,,"주변에 사무실이 밀집해있고...패스트푸드점도 있어 점심시간에는 대기시간이 필요합니다.

커피종류의 제조음료는 역시 스타벅스와 같은 표준화된 맛이 좋은 곳입니다."
9245332,4,,마포대로 일대에서 리저브 커피를 파는곳
9245332,4,,많은 커피를 마시러 다니지만.. 항상 마지막 발걸음은 스타벅스인것같습니다. 가격대가 낮지는않지만 그만한 커피와 장소를 제공합니다.
9245332,4,,커피향을 느끼면서 지나다니기 좋습니다. 점심시간엔 사람이 많고요. 일진빌딩 사람들이 많이 옵니다.
9245332,4,,공덕역 점이지만 공덕역에서는 꽤 먼 스벅
27148599,,,
16131315,4,,"작은 빵집이고 빵 종류는 많지 않은데 빵들의 수준이 상당히 높다. 가격도 저렴하지는 않다. 특히 맛있는 빵으로는 우유식빵, 앙버터빵 등을 추천한다."
9366675,5,,요새는 아인슈페너를 자주 마시는데 라떼도 맛있습니다. 기분전환삼아 정동길걷다가 여기서 커피로 마무리하면 기분이 좋아요!
9366675,4,,"이른 아침 행사차  정말 오랜만에 덕수궁 돌담길, 정동길을 방문했는데요.
생각보다 일찍 도착하는 바람에 커피숍을 찾다가 발견했어요.
정동교회에서 약 십여 미터 떨어져 있고 아담하고  소박한 느낌입니다.
주문은 자리에서 받고요 좀 옛날식이라 새로운 느낌이더라고요~~~
주문이 많아서 그런지 커피도 좀 기다려야했어요"
9366675,4,,정동길에 위치하고 있는 카페 입니다. 인근에서 아마 가장 유명한 카페가 아닐까 싶어요. 잘 로스팅한 원두로 드립해 주는 커피의 맛이 꽤 좋습니다. 2층으로 올라가면 아늑한 다락방 같은 느낌도 나구요.
9366675,4,,"스페셜한 커피를 골라마시는 재미가 있는 곳입니다. 가게 규모는 작지만 향긋한 커피향이 가득한, 정동만의 분위기가 있는 곳이에요."
9366675,5,,"추운 날씨에 가족들과 나들이 하다 몸을 녹이기 위해 방문했습니다.
전광수커피 맛이야 워낙 알려져 있으니까요.
저는 아인슈페너를, 가족들중 일부는 유자차를 주문했었는데,
아인슈페너는 물론 훌륭했구요. 생크림과 커피의 조화가 정말 좋았습니다.
유자차도 너무 달거나 싱겁지 않고 딱 좋은 맛이었습니다.

그리고, 모든 음료들이 너무 예쁜 찻잔에 담겨져 나와서 더 기분좋았어요."
9366675,4,,"커피가 무엇보다 맛잇고 여러 커피를 접할수잇는대라서 좋은집
맛잇게 커피를 드실수잇습니다 추천"
9366675,4,,돌담길을 걷다보면 나오는 카페인데 따뜻한 드립커피를 마시고 싶을 때 이 매장으로 갑니다. 원두 선택이 가능하고 바로 커피를 내려줘서 좋아요.
9366675,5,,커피 전문점이라 커피가 맛있고 종류가 다양해서 좋아요. 주말엔 자리는 가끔 없기도 하지만 북적이는 편은 아닌 것 같아요
9366675,4,,"다양한 핸드드립 커피들이 있지만 커알못이라 이곳에 오면 달달한 맛의 광수커피를 시킵니다.  
연유가 듬뿍 들어있는 커피우유맛이랄까요. 
1, 2층으로 이루어져있지만 워낙 덕수궁 돌담길이 사람들이 많이 다니는 곳이므로 평일 낮에도 꽤 붐빕니다.   그래도 이근처에서 이만한 커피맛을 즐길 수 있는 곳이 흔하진 않지요 :)
직원은 그냥 무뚝뚝한 편입니다"
9366675,5,,광화문에서 딸기주스를 가장 맛있게 만드는 집
9366675,4,,"커피로 워낙 유명한 곳이라, 믿고 가는 곳이에요. 달달한거 좋아하시는 분은 광수커피 드셔보세요. 맛있어요."
9366675,5,,드립 종류의 메뉴가 다양하고 가격이 좀 높은 만큼 양도 많습니다. 주변에 회사들이 많아서 점심 때에는 앉을 자리가 많지는 않아요.
9366675,4,,커피 종류가 커피전문점답게 많아서 좋아요. 개인적으로 달달한 커피인 달광커피 마시러 자주 가는 곳입니다.
13137513,5,,"백미당의 망고 아이스크림은 꿀 맛!!
기본 아이스크림도 맛있지만
망고 아이스크림은 진짜 너무 맛있어요!!!!
소프트한 아이스크림에 더 달달한 망고가
있으니 먹는 순간 기분 업!! 됩니다"
13137513,5,,"좋은 환경, 깨끗하고 조용한 느낌. 많은 상점과 음식의 선택. 특히 싼 것은 아니지만이 곳은 서울 중심이기 때문에 그리 놀라운 일은 아닙니다."
13137513,4,,유기농 우유로 만든 건강한 아이스크림.  너무나 진한 아이스크림..가격만큼 넘 진하고 맛있습니다. 가끔 누리는 호사입니다.
13137513,5,,유기농 우유로 만든 아이스크림..맛이 궁금해서 먹어 봤는데 정말 부드럽고 맛있었습니다. 유기농 우유라서 아이들 먹이기에 좋았습니다.
13137513,5,,아이스크림이 너무 맛이 있는 백미당이다. 군더더기 없이 하얀 우유 아이스크림을 파는데 그 맛이 사르르 녹으면서 달고 약간 짠 맛도 난다. 밥먹고 딱이다!
13137513,5,,공간이 아주 넓은 편은 아니지만 일단 디타워 분위기자체가 젊고 감각적이라 백미당 아이스크림이 더 맛있게 느껴졌어요
13137513,4,,정말 멋진 밀크 크림 아이스크림과 맛있는 커피! 또한 꽤 맛있는 우유 롤빵을 먹었다! 가격도 합리적입니다.)
13137513,4,,"유기농 우유, 두유 아이스크림이 유명한 백미당"
13137513,4,,"아주 좋은 yougurt 아이스크림, 커피, 케이크,"
9245609,4,,"포도몰 1층에 위치 지하철역이랑 이어져 있음
사람 진짜 많음 자리 거진 없다고 봐야 함
여긴 주중 낮에도 빈 자리 있는걸 본적이 없음
그리고 길 건너에도 스타벅스 하나 더 있어요"
9077558,4,,던킨 도넛과 커피는 환상의 조합입니다.
9077558,4,,위치도 좋고 사람도 그렇게 많지않아 좋아함 맛이야 다른데와 같고 편하게 자주가기 좋은곳인듯
9077558,4,,"초등학생...아니면 국민학생때부터 먹던 던킨이죠~
그 시절이나 지금이나 항상 먹는 딸기쨈이 들어간 도너츠ㅎㅎ
이게 참 달면서도 상큼하고 해서 어릴때부터의 입맛을 길들였나봅니다."
9077558,3,,시청역 12번 출구 앞에 있는 지점에 갔다가 공사중이라 이 점포를 찾았습니다. 비교적 작은 매장이었지만 조용히 간단한 식사를 할 수 있었습니다. 손님이 별로 없는 것 치고 서비스가 좀 느린 편이긴 했지만 친절하게 응대해주셨습니다.
9077558,4,,"도넛츠 종류도 다양하고 맛도 있습니다. .
커피도 갓 내려서 그런지 진하고 맛이 있습니다."
9077558,4,,던킨이야 간단한 아침식사 대용으로 아주 좋습니다. 매장도 적당한 위치에 있어서 찾기 쉽구요.
34168638,,,
26321683,,,
15272351,3,,"C (18.10.19)
나와 내 친구는 점심 식사 후에이 카페를 방문했습니다. caf는 크지 않았고 많은 사람이 붐 .다. 우리는 커피를 주문했습니다. 그건 정상입니다. 서비스와 분위기는 다른 Ediya처럼 정상이었습니다. 모두가 우리에게 평범했습니다."
9213947,4,,가격은 점심저녁 주말 평일 동일했다. 매장은 넓고 테이블끼리 간격이 넓어서 좋았다. 음식은 깔끔했고 종류가 다양하게 있었다. 후식도 케익 맛탕이 맛났음
9213947,5,,"변함없는 가격 맛난 음식 다양한 음식..
역시 좋네요..가성비가 좋아서 부담없이 가족모임하기 좋습니다. 아이들이 좋아하는 음식들도 있어서 좋습니다."
9213947,4,,교통 좋은 압구정에 먹을 만한 다양한 메뉴로 구성한 깔끔한 부페 음로수기가 고장난건지 원가 절감 하는건지 공급 안하는게 옥의티
9213947,5,,점심 저녁 가격이 동일합니다. 가성비 좋은 깔끔한 한식 뷔페입니다. 가격도 좋고 음식 종류고 많고 다양하고 맛도 좋습니다. 아이들이 좋아하는 음식이 있어서 가족모임하기에도 좋습니다.
9448051,4,,우연히 여기 단팥빵 한번 사서 어머니 드렸더니 너무 잘 드시네요~~ 자주 사드려야 겠어요~~
9448051,5,,"종로에 근처 사무실 방문 하실때 많이들 사가시는 품목입니다. 선물용으로 좋고, 맛도 있습니다. 하지만 칼로리는 책임 못져요><"
9287229,4,,설빙에서는 제가 제일 좋아하는 빙수들을 팝니다. 커피를 파는 곳들에서 파는 빙수들보다 빙수의 맛이 훨씬 뛰어나다고 생각합니다
9287229,4,,프랜차이즈점이라 메뉴는 똑같지만 가성비가 좋고 매번 계절매뉴가 다양하게 나와서 맛보는 재미가 있었음. 접근성도 좋아서 명동 2차 카페로 괜찮음.
9287229,5,,그 더운 여름 날을 위해 술을 마시는 것.
9287229,3,,"물론, 설빙 좋아하는 사람들도 많지만 극찬할 정도는 아니고요. 다만 메뉴가 다양한건 좋은거 같아요. 적당한 가격에 그리 나쁘지 않은 빙수를 먹고 싶다면 무난한 설빙으로. 하지만 부러 찾고 싶지는 않은곳."
9287229,4,,조금 비싸지 만 절대적으로 맛있고 가치있는 곳. 사랑스럽고 부드러운 면도 한 얼음과 매우 맛있는 아이스크림과는 매우 다릅니다. 우리는 녹차와 초콜릿을 주문했고 그것을 좋아했다. 명동 중간에 좋은 좌석. 지하층이없는 계단을 올라야합니다. 전형적인 한국 디저트지만 좋은 트위스트와 함께 그것을 시도하는 것이 좋습니다 것이
9287229,4,,"기본 인절미 밀크 팥빙수,메론빙수~ 그래도 기본인 인절미 빙수가 젤 맛있는거 같다~메론은 달콤해서 가끔 먹기 좋다~"
9287229,4,,"면도 한 얼음의 한국어 버전을 좋아합니다. 그것은 내 입에서 녹아 내리고 아주 상쾌합니다. 얼음이 너무 좋아서, 응축 우유, 토핑과 치즈 케이크가 정말 달콤하고 맛있는 음식이됩니다."
9287229,4,,"골목에 위치하고 있고 이층이라 사람들눈에 잘 안띄는 편이라 다른 설빙지점보다는 조용한것이 마음에 듭니다. 
인절미 빙수로 유명하지만 전 인절미 토스트를 더 좋아합니다.
토스트안에 녹은 인절미가 들어있어 토스트는 바삭하고 인절미는 말랑쫄깃한 맛이 매우 독특하거든요."
9245374,4,,"스타벅스의 번식력 어마어마합니다. 건너편에도 새로 생겼네요 

일단 어제 술을 너무 많이 마셔서 

아침에 해장겸 커피를 마셨는데 역시...해장엔 아메리카노 

점심에는 서울깍두기에서 해장..."
9245374,4,,지하철역에서 나오자마자 바로 앞에 있어서 방문하기 좋다. 주변에 다른 유명 커피 프랜차이즈 점이 여러개 있는데도 여기가 제일 붐빈다.
9245374,4,,가산디지털단지역에 딱 붙어있어요. 매장이 넓지만 그만큼 사람도 많습니다. 점심시간이라 좀 붐볐어요. 현금없는 매장이라고 배너가 있던데 저도 스벅에서 현금을 안써봐서 잘 모르겠네요.
9245374,4,,평일점심 사람짱많음 주말에는 사람이별로없어서 조용해서좋음맛은 뭐 프랜차이즈니까 우리가 다 아는맛임 시간때잘보고 가세요
9245374,4,,주말 방문은 시간대를 잘 봐야 합니다.
9245374,3,,"집에서 가까워 자주 찾아가는 곳입니다. 직원분들도 항상 친절하고 혼자오신 분들도 많아서 조용하게 있을 수 있어 자주 찾게 되네요. 다만, 한낮에 가면 창가자리는 햇볕이 너무 쎄다라는 단점이 있네요."
9245374,4,,신기하게도 근처 다른 스타벅스보다 더 맛있다
9245374,5,,"프랜차이즈이다보니 이 지점만의 특색점을 찾기는 어렵지만
어디서나 평균이상의 실수 없는 서비스를 받을 수 있어 좋다
맛도 균일하고,,, 매장은 넓지도 좁지도 않은 중간 크기"
9245264,4,,"회사 점심시간, 식사 후 많은 직원들이 스타벅스에 방문합니다. 일반적인 다른 스타벅스랑 크게 다르지 않고, 점심시간 이외에는 한산한 편입니다. 직원분들이 기본적으로 친절하세요."
9245264,5,,역에서 매우 가깝고 동네 자체가 한적해서 그런지 이 스타벅스 분위기도 뭔가 한적한 분위기입니다. 물론 사람은 항상 많지만 매장 내가 그렇게 시끄럽지는 않아서 조용히 바깥 보면서 책읽기 좋아요. 스타벅스 커피 맛은 항상 좋아요.
9245264,4,,"스타벅스는 직영점이라서 서비스나 메뉴가 전 지점이 통일된 곳이라서 항상 만족스럽습니다. 
구파발역에서 그리 멀지 않고, 지하철역에서 오피스텔로 들어가는 교차로에 위치하고 있어 위치나 접근성도 좋습니다. 또한 안쪽으로도 충분히 좌석이 넓어서 편하게 이용할 수 있었습니다."
9245264,4,,"친구네동네라 아주 가끔 갑니다.
개인노트북지참하신 분들도 있지만 엄청 바글바글하진않아요

커피맛은 다른곳이랑 똑같은듯."
9245264,5,,"전세계 어딜가나 있는 곳, 그래서 더 좋은 곳!"
9287227,5,,"주로 2층에 위치한 다른 매장과는 다르게 1층부터 있어 손님이 항상 바글바글합니다.
이와중에 대학가 근처라고 노트북 작업하는 학생들도 있구요
인절미 빙수 자체가 워낙 달달해 굳이 팥들어간 빙수를 주문할 필요는 없습니다 
쌉싸름한 아메리카노의 조합은 언제나 옳습니다."
9287227,3,,"2층으로 되어 있고, 자리도 많지만 여름에는 앉을 자리가 늘 부족한 곳입니다.
대기시간도 길지만 주변에서 맛있는 빙수 먹을 만한 곳을 찾기 힘들어서 복잡함에도 불구하고 방문하게 됩니다.
직원들도 늘 바쁘고요.
하지만 맛있는 딸기설빙을 먹기위해서라면 재방문의사 있습니다."
9287227,4,,"설빙이야워낙유명하니
대학로 매장에가면언제든지사람이많은것같습니다
메론빙수가제일맛있는것같습니다"
9287227,3,,"한국의 전통적인 감기 디저트. 추가 할 수있는 다양한 토핑이 있습니다. 직원은 지저분하지만 그들이 명령을 받았을 때 꽤 능숙하지는 않습니다. (계산원을 펀치하는 방법을 모르기 때문에 지불 할 때 약간의 시간이 걸렸습니다). 그들은 또한 ""고객을위한 서비스 정신""을 가지고 있지 않았습니다. 토핑 우유 (일종의 우유)를 좀 더 얻을 수 있지만, 주문했을 때 알려주지 않았습니다. 내가 물었을 때, 남성 스태프는 내가 처음 주문한 작은 딥 포트를 ""주문""했는데 그렇지 않다면 나는 무료로 추가 제품을 얻을 수 없었다! 그는 분명히 모든 사람에게 의미가있었습니다. 디저트는 맛있어도 괜찮지 만 행동이나 스태프가 나를 즐겁게하지 못하게했습니다."
9287227,3,,사람 많네요.  맛이야 뭐 설빙들 다 똑같고 사람이 많아서인지 친절함 좀 부족하고 더운 날 더위 피해 잠깐 쉬어가기 좋습니다.
9287227,4,,설빙의 매력은 생과일을 잘쓰는건데 특히 딸기빙수는 매년 기대하고 즐겨먹는 메뉴입니다. 대학로 중앙에 위치하고 있어 연극한편 보고 나서 즐기기 아주 좋았습니다.
9287227,5,,"예전에는 설빙에 가면 인절미나 망고 베리등을 많이 먹었는 데, 메론 빙수가 나온 이후로는 거의 메론 빙수만 먹는 것 같아요. 국내산 이라는 싱싱한 메론에 팥과 연유가 적절히 들어 있어서 더운 여름날 정말 시원하게 먹을 수 있어요. 여름날의 메론 빙수는 가장 생각나는 음식이에요."
9287227,5,,"디저트 음식으로는 최고였음. 메뉴도 다양하고, 인절미 빙수가 제일 맛있는 것 같다. 유가도 무한리필~"
24152813,,,
14821291,4,,"친구들과 압구정 채선당에서 저녁을 먹고
근처의 비엔나커피하우스 를 들렀는데
커피가 맛있네요  이곳의 커피의 특징이
알콜 + 커피라는데  모르고 그냥
마셨는데 커피잔도 특이하고 역사도
오래되서 좋은 느낌을 받았습니다 
커피도  맛있다"
12434429,5,,"이 곳은 넓고 좋은 커피, 와플. 100% 아라비카. 우리는 이화여대 지역에 쇼핑 긴 시간 후 커피 찾던 곳입니다. 이 지하철 역 근처에 있습니다. 놓치지 마세요."
12434429,5,,"Beansbins Cafe는 와플로 유명합니다. 저항 할 수없는 여러 가지 맛이 있습니다. . . 이자형. 지. 딸기 와플, 망고 와플, 초콜릿 캐러멜 와플,. . . 기타
이번에 나는 이화 여자 대학교에 들렀다. 2 / F에있는이 빈빈 카페가 대학 입구 바로 근처에 있다는 것을 알았다.

우리는 커스터드와 신선하고 달콤한 딸기의 레이어와 딸기 와플, 질감이 부드럽고 주문했다. '프리미엄'와플이라고 불리는 것도 당연합니다.

카페의 환경은 매우 편안하고 넓습니다. 정말 좋은 곳에서 오후 휴식을 보내십시오. :)"
9245392,3,,신세계 안에도 스타벅스 매장이 세개 이상은 있는거 같음에도 불구하고 어느곳이든 붐비는거 같아요. 항상 북적이고 소란스럽지만 직원들도 친절하고 커피맛이 좋아서 즐겨 찾고 있습니다.
9245392,4,,"커피 사서 차 타러 갈 때, 차 타기 전 시간이 남을 때 괜찮습니다. 완전히 가깝지는 않지만 주문이 밀려도 적당히 시간 맞춰 나옵니다."
9245392,4,,언제가도 붐비는 지점인것 같다 위치가 너무좋아 안갈수없다 사람들이 붐비지만 처리속도도 빠르다
9245392,4,,"센트럴시티 1층에있는 스타벅스
언제가도 손님이 많아요
그래도 진짜 여타 매장보다 주문하면
빠르게 나오는 장점~
버스 이용 승객이 많아서 그런진 몰라도
지금껏 이용했던 매장중에 제일 빠르게 나왔어요
1,2층으로 되어 있어서 좋아요"
12826582,5,,"미식테이스티2021
100선 선정된 담장옆에 국화꽃 인사동점
방문했습니다.

미식테이스티는 벌써 5번째 참여중입니다.😝

안녕인사동은 오래전부터 인사동방문시
자주 들리던곳이기도 해서 제가 좋아하는
장소중 한곳 이기도 합니다.😃

최근에 날씨가 추워져서 따뜻한 단팥죽이
생각나서 방문했습니다.

매장위치는 
안녕인사동 2층에 위치해있습니다.

매장크기도 크고 화이트톤으로 밝아
연인 및 가족단위 방문하시기 좋아요.

저는 고운단팥죽 + 아메리카노 2천원 추가 주문 하였습니다.

매장내 0원 이벤트
아메리카노 + 구운국화떡 이벤트도
진행중이니 주문후 인증참여도 하시고

6대 떡 명장으로 선정되신 오숙경 대표님의
제품들도 맛보시길 추천합니다 😍

시그니처 메뉴 및 다양한 먹을거리
선물들도 판매중이에요.

기회되실때 방문하고
인사동에서 즐거운 시간 보내셨으면
좋을꺼 같습니다.
#TeastofSeoul #서울미식100선리뷰이벤트 #담장옆에국화꽃인사동점
#인사동카페 
#인사동감성카페 
#담장옆에국화꽃
#담장옆에국화꽃
#안녕인사동
@ccot_insa
Hi Anyounginsadong"
12826582,4,,"센트럴시티에 있는 곳인데 창밖에 사람들 다니는게 보이는 넓은 창이 있어요
메뉴는 그냥 무난한데 혼자 앉아서 책보고 할때 좋을거같아요"
12826582,4,,파미에점이라선지 다른 상점도 사람들이 너무 많고 이곳 역시 사람이 북적거리고 테이블 간격이 너무 좁아서 대화 나누기가 힘들었다.분위기가 쾌적하진않지만 다양한 종류의 인절미가 따뜻하게 데워져 나와 색다른 디저트를 맛 본 이색적인 곳이다.여름이라 팥빙수도 주문했는데 팥이 달지않아 맛이 더 깊다.
12826582,4,,"1인 1메뉴를 주문해야해서 친구랑 감귤빙수랑 팥죽을 1개씩 주문해서 먹었어요.
가격은 9000원 정도라 비싸지만 두 메뉴 다 맛은 있어서 좋았어요."
12826582,5,,"파미에 스테이션, 코리안 디저트 카페. 이름부터 너무나 예쁜 카페. 제주 감귤빙수랑 삼색 가래떡 구이! 한국적인 메뉴를 먹으며 한국의 미도 느낄 수 있다. 추천해요!"
15217774,5,,"운동 후 당충전용으로 아이스 원조커피를 마십니다. 
저잘한 얼음조각이 입안으로 들어오는 시원한 느낌에
너무 달거나 느끼한 뒷맛이 없어 가장 좋아하는 메뉴입니다."
15217774,4,,가성비 아주 훌륭한 빽다방이라 자주 방문하게 됩니다. 매우 협소해서 거의 테이크 아웃을 해야합니다. 2500원으로 벤티사이즈의 라떼를 먹을 수 있어 아주 만족스럽습니다. 페이코 결제도 되어 개인적으로도 아주 편리합니다.
24967873,,,
9245705,3,,나름 깔끔하고 좋은데 사람이 많아서 앉기가 힘들어요 ㅜㅜ 와이파이는 잘터지는 편이예요!!!
9245705,3,,"Seoul, Seoul, South Korea"
9245705,4,,"Seoul, Seoul, South Korea"
9245705,3,,"넓은 매장인데도 주말이라 그런지 사람이 무척 많았습니다. 
낮은 소파들이 많아서 오래 앉아 쉴 수 있는 곳이며, 말을 관장하던 사복시 터 답게 말그림이나 옛 문헌들을 인테리어로 사용해서 인상적이었습니다."
9245705,4,,이곳은 전형적인 오피스지대라 주말엔 사람이 없을줄 알았던건 제 착각일까요. 꽉꽉 들어차 있습니다. 맛은 어딜가나 비슷한 스벅이지만 이곳은 간이 체어와 테이블형식 외에도 푹신한 소파가 있어 더욱 인기가 좋은가봐요. 건물안에 있어 밖에선 잘보이지도 않는데 알만한 사람은 다 찾는 스벅인듯합니다~
9245705,3,,이마 빌딩안에 있는 스타벅스인데 넓고 쾌적해서 좋은 편이에요 점심시간에는 사람이 진짜 많아서 오래기다려야하는데 의자도 편하고 여러 종류가 있어서 좋은 편이에요. 주변에 스타벅스가 있긴 한데 그쪽은 너무 작은 편이라 사람이 별로 많지 않은데 여기는 점심시간에만 가서 그런지 항상 왁자지껄 시끄러운것만 봐서 공부하는 사람들은 없고 모두 주변 직장인들입니다..
9245705,5,,이 지역에는 스타벅스가 많습니다. 이 매장은 큰 길에서 한 블럭 떨어져 있어서 그런지 다른 매장보다는 사람이 적습니다. 타 매장이 혼잡한 경우 여기에도 방문해보시는 것을 추천드립니다.
9245705,4,,"늘 일관된 커피맛을 맛볼 수 있는 커피전문점 스타벅스..
평일엔 사람이 많지만. 주말에 가면 그래도 사람이 적은 편이라 좋아요"
9245705,5,,"스타벅스 종로점 좋아요! 어딜가도 늘 스타벅스를 찾게 되는데, 사람이 많이 붐비는것말고는 .. 위치가 좋네요~"
9245705,3,,이마빌딩에 있어서 점심시간에는 붐비지만 규모와 분위가가 괜찮다. 미 대사관에 일보러 올때 함 들려봐도 괜찮을 듯
9245705,5,,"이마 빌딩 내라 사람들이 여기 스타벅스 규모를 잘 모르는데, 일단 들어서면 건물 외관과 달리 상당히 크고 천장이 높은 럭셔리한 스타벅스를 만날 수 있다. 점심시간의 직딩들로 북적이는 타이밍을 피하면 널찍한 공간에서 나만의 시간을 즐기기에 딱 좋은 곳."
9245705,4,,"다른 스타벅스 지점에 비해 조용하고, 편한 소파도 많이 있습니다. 다만, 직장인들이 많아 점심시간에는 줄을 길게 서야합니다."
9245705,4,,"분위기 있고 조용한 스타벅스임.  미대사관 근처이기도 하고 오피스가 많아 점심시간때에는 복잡하나, 규모나 분위기는 근처 스벅이 비해 괜찮음"
9245705,5,,맛있어요. 한결 같은. 왔다갔다 접근성도 좋구. 빠르게 준비되는 음료도 맘에 들고요. 자주 이용할듯 해요.
3894901,3,,자주가는 매장인데 오래된 곳인만큼 아직도 USB충전이 안되는 테이블을 사용합니다. 서촌에 사람들이 많이 찾고 외국인도 많이 찾는 매장이다 보니 가운데 고즈넉한 소파테이블은 빼고 거기를 일반 테이블로 다시 메운게 개인적으로 안타깝기도 하고 무엇보다 여름에 에어컨을 틀어도 그렇게 시원하지가 않아요. 여름에 좀 더 시원했으면 하는 매장입니다. 파트너가 자주 바뀌는 것도 아쉽네요.
3894901,4,,"역에서 대림미술관 가는 길에 들렸습니다.
단층으로 된 스타벅스인데, 매장이 넓은 느낌이 듭니다.
주문받는 쪽의 큰 테이블 조명들도 깔끔하고 멋있습니다.
직원분들도 친절하고 전체적으로 따뜻한 느낌이 들어서 좋았어요."
3894901,5,,바닐라라떼 돌체라떼 다양한케익 샌드위치 너무 맛있어요! 경복궁 구경하고 주변 구경하고 쉬엄쉬엄 와서 커피한잔 하고 갑니다
3894901,5,,스타벅스야 어디든 사람많지만 여기도 만만치 않게 많습니다. 서비스는 굉장히 훌륭하구요. 벽면에 특이하게 경복궁을 상징하는 거대한 그림이 있습니다. 이건 굉장히 멋있어요.
3894901,5,,"경복궁 역 나와서 좀 걸으면 나오는 곳
주변에 맛집을 가거나 통인시장 등
경복궁 갈 때 들르기 좋은 곳이다"
3894901,4,,맛 좋은 커피를 일반적인 수준을 기대할 수 있는 집. 무선 인터넷은 무료입니다. 직원들은 능숙하고 친절하게 합니다.
3894901,5,,대림미술관 갔다가도 들리고요. 근처에 토속촌 삼계탕 먹으러 갔다가 후식으로도 먹으러 가면 좋아요
3894901,3,,안정적인 커피맛과 서비스를 받을 수 있는 곳. 다만 경복궁 근처라 그런지 한글로 된 간판이 인상적이었음
3894901,4,,약간 시장통 느낌임. 화장실이 한칸이고 쾌적하지 않음. 잠깐 들렀다 테이크아웃 하기엔 좋지만. 요즘 스벅 매장들처럼 놋북 작업에 최적화된 곳은 아님
3894901,4,,"서촌지역에 있어서 그런지 간판이 한글로 되어 있다
매장은 꽤 큰 편인데 에어컨이 빵빵하게 시원하진 않았다 안에 화장실은 비밀번호 시스템이었고 휴지가 안에 없었다"
3894901,3,,"제목 그대로입니다. 규모가 좀 큰 스타벅스고, 특별할 것은 없습니다. 카운터 앞에 커다란 테이블이 있는데 그게 좀 특색있는 점이고, 테이블에는 콘센트가 충분히 있어서 컴퓨터를 사용하기에 좋습니다."
3894901,5,,경복궁 옆에 있는 지점이라 그런지 인테리어가 한국적인 요소가 많이 들어가 있어서 좋아요. 테이블은 바와 테이블이 적절히 섞여있어서 좋습니다. 직원들도 친절해요.
3894901,4,,경복궁 옆 3번 출구에서 나가면 금방 나오는 곳이예요. 사람이 많은 편이구요. 음료 맛은 다 똑같지만... 그래도 항상 녹차 프라푸치노 먹는데 맛이 훌륭해요!
3894901,4,,"스타벅스는 어느 곳이든 사람이 많죠 ㅎ
친절했고, 가게도 깨끗했습니다.
스벅 좋고, 늘 옳습니다."
3894901,4,,경복궁 옆에 1층에 위치한 스타벅스에는 외국인들이 많습니다. 프랜차이즈점인 만큼 음료맛은 똑같습니다.
10510605,4,,당신이 안으로 들어올 때 아주 평범한 표정. 모든 한국의 카페 나 레스토랑에서와 마찬가지로 원하는 것을 재료에 말하기가 약간 어렵습니다. 그러나 마침내 꽈배기 또는 꽈배기 스틱과 음료수를 마실 때 (커피 나 레모네이드 등을 마시는 것이 낫습니다). 정말 맛있습니다. 대부분 나는 뜨거운 레모네이드와 고전적인 프레첼 또는 고전적인 프레첼 스틱을 추천합니다.
10510605,4,,미국에서 먹었던 앤티앤즈 프레즐..정말 올만에 먹었는데 역시 맛있었습니다. 맛난 프레즐이 먹고 싶을때는 앤티앤즈로 고고~~
10510605,4,,맛있는 갓 구운 프레첼. 10분 기다렸지만 가치가 있었어요. 비용 2500원. 쇼핑몰 6층에 위치하고 있습니다
10510605,5,,"크림치즈 스틱 프레츨을 자주 구입해요~~ 항상 따뜻하게 제공되구요,,!! 가끔 줄을 서서 먹지만.. 붐비지는 않아서 좋습니다."
10510605,3,,"앤티앤스 프레즐은 냄새부터 벌써 중독성이 있어요. 지나가다 항상 그냥 지나치지 못하고 꼭 사먹게 되네요. 근처에 주로 영화보러갈때 하나씩 사서 들어가곤 합니다. 개인적으로 갈릭프레즐을 제일 좋아하고, 가끔 아메리카노도 사먹는데 다른 커피전문점보다 저렴해서 좋아요"
14928316,5,,"이 장소에 대해 뭐라 할 수 있니?
그것은 현대적이고 열 관리가 가능한 고품질의 신선한 담배 맛이 뛰어나고 오랫동안 지속되는 맛을 지니고 있습니다.
직원들은 놀랍도록 친절합니다.
음악은 완벽하고 너무 크지 않습니다.
작은 방은 아늑하고 따뜻한 분위기를 자아 내며 사람을 만나거나 긴 하루를 보낸 후 편하게 휴식 할 수 있습니다.
평일 저녁에도 장소가 가득 찰 수 있으므로 4 명 이상인 경우 테이블을 예약하거나 일찍 올 수 있습니다."
14928316,5,,서울 최고의 Shisha / Hookah
3911379,4,,뭐 어느 지점이나 친절하고 커피 맛도 좋습니다.사이드로 원두와 보온병 등도 구매 가능합니다.주차하기도 편해 자주 방문합니다.
3911379,4,,"건대점은 좁고 복잡해서 잘 가지않습니다. 거기다가 층수가 2층으로 나눠어져서 계단으로 올라가야하는 불편이 있는데 여기는 그나마 덜 붐비는 편이라 좀 나은편입니다
스타벅스에는 베이커리류 보통 파니니를 많이 먹는데 커피와 곁들여 먹으면 끼니로도 좋습니다. 햄치즈 파니니를 추천합니다"
3911379,4,,건대입구 역 근처에도 스타벅스가 있지만 상당히 많이 붐빈다. 이곳도 붐비긴 하지만 그곳보다 덜 붐비기 때문에 그쪽에 자리가 없으면 이쪽으로 오면 된다. 건대입구역에 있는 지점보다 학생의 비율이 적다.
3911379,3,,"Seoul, Seoul, South Korea"
3911379,3,,해당 점포도 역시 사람이 많고 붐빕니다.건대 상권에 맞게 자리가 없을 정도입니다.젊은 층이 많고 스타벅스만의 네임벨류로 이용고객이 많아 가끔 자리가 없어 못 먹을 때도 있습니다.
3911379,4,,언제나 사람이 많더라구요 테이블수도 많지 않기도 하지만요. 클래식500 뒤쪽편 스타시티 쪽에 있어요 커피는 늘 맛있습니다.
3911379,4,,"건대점은 항상 사람이 많아요. 넓은 편은 아니고, 체인점이어서 다른 곳과 큰 차이는 없습니다."
3911379,4,,건대점은 항상 붐비네요~ 매장이 넓은편이 아니라 그런지 항상 테이크 아웃해서 나옵니다~ 커피전문점중 스타벅스가 그래도 최고예요
3911379,4,,클래식500건물에 있는 스타벅스. 매장이 그리 넓은 편은 아니고 제가 가는 시간에만 그런지는 잘 모르겠지만 갈때마다 테이블이 없거나 늘 붐비는 곳이에요~
3911379,3,,"건대 주변 커피숍이 그렇긴 하지만, 늘 사람이 많고 자리가 없을 정도에요. 스타벅스 자체는 체인점이니 특별한 건 없습니다."
3911379,4,,건대점은 늘 사람이 많아 테이크아웃합니다. 그린티프라푸치노는 다른 곳과 대체불가 음료입니다. 스타벅스의 맛을 따라오지 못하는거 같아요. 여름에 시원하게 한잔하면 너무 맛있어요
13084440,4,,"아리랑힐 호텔 내에 있어서 그런지 다른 매장보다 조용하고 좌석간 거리도 넓습니다.
1층에서 주문하고 2층으로 이동할 때 계단이 아닌 엘리베이터를 이용하기 때문에 기다릴 수 있지만 독립된 공간처럼 느껴져서 좋았어요.
투썸의 진한 커피와 부드러운 티라미수는 늘 맛있습니다."
13084440,4,,"호텔 직원이 좋은 태도를 매우)를 선택하고 원하는 커피 맛이 잘 만든다.

나는 몇 번 갔는데, 한 번도 나는 설탕과 크림을 많이 포함되어 있기 때문에 내 음료를 변경을 요청했습니다. 그들은 변경 및 아무 문제 없이 웃고 다시.

5앉을 곳은 없기 때문에 별 아니다!
어쨌든 아주 좋습니다!"
10251758,4,,"커피, 음료 모두 괜찮은 곳이다. 직원분도 친절하고 가성비도 나쁘지 않은 카페인 것 같다. 주말인데 북적이지 않아 여유로운 시간 보내고 올 수 있었다."
10251758,4,,"금융구역에 많은 일을 하면, 다른 한 지역 음식, 하지만 가끔 간 샌드위치와 커피. 2 금융 센터 가 이 호텔을 발견하는 수 있는 변경다른 레스토랑과 카페 들. 해 및 실제 라테 플랫 화이트 커피, 햄과 치즈 하는 맛있는 샌드위치 (여러 가지지 변경다른) 가 무료 와이파이. 편안한 시간을 즐길 수 있었기 때문에 바로 차의 분주함. 저는 가서 세 시간 줍니다. 이 호텔은 소규모 5 는 일 - 7 표."
10251758,3,,다른 커피 가게는 서울 파이낸스 센터 / 몰
15097409,4,,커피도 맛있었고 디저트 귀여워서 좋았지만 사람이 너무너무 많아서 자리잡기 힘들었어요...ㅠㅠ 주말보단 평일에 가는걸 추천해요~
15097409,4,,이름이 기억안나는데 밀크티에 밀크티 크림 올라간음료 아주 맛있었고 보리맛 아이스크림도 정말 맛있었습니다. 앙버터식빵은 무난했습니다. 카페 분위기도좋아서 익선동가면 방문해보면 좋을것같습니다.
9286979,4,,"여름에 쉬원하면서 건강한 스무디 마시고 싶을 때는 스무디킹. ㅎㅎ
몰랐는데 망고가 여름 과일이긴 하지만, 몸의 열을 높이는 과일이라 날 더울 때 많이 먹는 과일은 아니라고 하드라구요. 여름엔 망고들어간건 피해서 메뉴 고르는 걸 추천합니다 ㅎㅎ 스무디킹 왠만한 메뉴는 다 괜찮은 듯. ㅎ"
9286979,3,,영화보면서 마실려고 방뮨했어요 사이즈 업그레이드 해줘요. 망고퓨레랑 스트로베리가 맛있었어요
9286979,5,,당일영화를 관람하면 할인을 해주는 것이 지금은 있는지 모르지만 제가 갈때 있었으니 영화보러가실때 한번 가보시기를 권장드립니다.
9286979,5,,"스무디도 맛있지만, 커피는 베끼아앤누보 커피를 사용해서 정말 맛이 좋아요~ 그리고 천원에 판매하는 프로모션도 진행하고 있어서 정말 만족스러워요~"
9286979,5,,"개인적으로 스무디킹을 좋아하는데, 아이파크몰이 리뉴얼하고 조금 더 넓어진 느낌입니다. 여기 영화관 관람을 하고 티켓을 보여주면 업그레이드도 해줘서 좋습니다. 솔직히 스몰사이즈는 너무 작은 느낌입니다. 개인적으로 베리 종류를 좋아해서 베리베리나 블루베리가 들어간 음료를 마십니다. 그리고 커피도 의외로 괜찮습니다."
9286979,4,,날씨가 더워져서 가끔 입맛이 없을 때 점심 대신으로 사먹는데 몸에도 좋은 것 같고 입맛도 살아나서 좋네요.
9286979,3,,"가격은 약간 비싼편.

하지만...생과일을 현장에서 얼음과 같이 갈아만드는 모습은 믿을만하고 맛도 좋습니다."
17657025,5,,플렛화이트위에 수제바닐라크림이 올라간 시그니처커피인 빈티지바닐라를 마셨다 많이달지않고 딱좋았다 단쓴단쓴 중독성있다
17657025,5,,북적이는 연남동 사이 𖤐 비밀의 화원 같은 곳. 플랫화이트에 수제크림이 올라간 시그니쳐 커피 + 애플 레몬 에이드에 에그타르트 추천. LP 감성 과 트렌디한 음악이 어우러지는 곳.
33308875,,,
9058492,5,,우리 가족은 여기서 즐거운 시간을 보냈습니다. 직원들은 매우 친절했습니다. 남편과 나는 커피를 마셨고 남학생은 사이다를 먹었다. 그들은 그들이 뽑은 레고 벽돌을 모으는 데 너무나 재미있었습니다! 우리는 단지 레고 건물을위한 1 시간의 옵션을했습니다. 그러나 우리가 서울로 돌아올 때 우리는 확실히 무제한의 옵션을하고 더 많은 시간을 거기에서 보낼 것입니다.
9058492,3,,그 아이디어는 훌륭합니다. 여기 레고 카페가 있습니다. 그러나 난방 시스템은 서울의 겨울에는 적합하지 않습니다. 그것은 주인이 사업을 위해 여기 열었다는 것을 이해하고 매우 분명합니다. 그러나 완성 된 장난감을 해체하는 시간이 지불 시간 계산에 포함되어서는 안된다는 것과 같은 가격 책정이 더 합리적 일 수 있습니다. 화장실은 위생적이며 직원들은 정중하며 지하철로 쉽게 접근 할 수 있습니다.
14774028,1,,"다른 4 명의 친구와 여행하고 있었고, 마실 것을 구입하고, 곧 근처의 BHC로부터의 우리 프라이드 치킨 주문을 기다리는 동안 거기에서 좌석을 가져 가고 싶었다. 그러나 마실 것을 구입 한 후 위층으로 가서 자리에 앉기를 원했습니다. 상점 관리자가 멈추고 뭔가를 구입하지 않으면 친구들이 나와 함께 갈 수 없다고 말했습니다. 이것은 서울의 다른 곳에서 이런 종류의 봉사에 결코 직면하지 못했기 때문에 다소 화가났습니다. 계속해서 계산하면 더 많은 고객이 카페에 올 수있는 행운을 빕니다.
 P. 우리가 주문했던 음료 (뜨거운 녹차 & 자몽 smoothie)는 훌륭하지 않다."
14774028,4,,"Bingsu는 내가 이제까지 먹었던 최고 중의 1 개이었다. 나는 상점에서 면도 된 얼음에 응축 된 우유를 부어주는 싱가포르에서만 bingsus를 먹었습니다. 그러나 면도 된 냉동 우유로 만든 빙수가 가게에 있습니다! ! 모든 물기가 입안에서 우유로 녹는 곳에서는 일관성이 정말 좋습니다.)) 팥은 각 콩을 맛볼 수있는 곳에서도 멋지게 만들어졌으며 부드럽지도 않습니다. 전반적으로, 비록 그것이 비싼 끝에도 불구하고 당신이 확실히 끝낼 수있는 bingsu입니다.

그러나 명동이 관광객으로 가득차있는 곳이기 때문에 메뉴에 대한 번역본이 포함되어 있다면 좋을 것입니다. 그럼에도 불구하고 좋은 경험이었습니다! ! <3"
14774028,4,,명동치고는 꽤 넓은 공간의 카페입니다. 오픈된 유리부스 안에서 직접 빵과 케익을 만드는 모습을 볼 수 있어요. 빵도 커피도 모두 유행에 떨어지지 않는 종류와 맛들로 구성되어 있어서 좋았어요.
14774028,4,,"1층에서 주문을 하고 2층에서 먹을 수 있는데 2층은 매우 조용하고 많은 사람들이 랩탑으로 공부 & 작업을 하고 있었습니다. 
분위기는 많은 사람들 대비 조용한 편이구요.  
눈꽃빙수는 우유맛이 아주 진하고 맛있었습니다."
9245563,4,,2층이 굉장히 넓은 스타벅스예요 평일 화요일에 저녁먹고 7시쯤갔는데 정말 한가했어요 2층이 넓고 한가해서 커피마시며 대화하기 좋아요 추천해요
9245563,4,,스벅 신압구정점입니다. 언주로 안쪽 골목길에 입구가 있는데 매장은 커요. 추운 주말 아침인데도 생각보다 사람이 꽤 있었습니다.
9245563,5,,압구정에서 모임이 있을때 마다 사전 집합장소로 이용하고 있습니다. 음료는 일반적인 스타벅스 커피 수준입니다. 요즘 여기도 사람이 많아졌네요
9245563,5,,"?????? 10 ???????????????????????????????
?????????????????????????

나는 토요일 오전 10시에 여기를 방문했다. 그것은 넓고 혼잡하지 않았습니다.
책을 읽거나 커피 한잔과 함께 편안한 시간을 보내고 싶을 때 좋습니다."
9245563,3,,"무엇보다 파트너분들이 참 친절하시고
음료제조도 정성껏 맛있게 만들어주셔서좋아요
매장도 참 청결합니다"
9245563,4,,"바닐라 더블샷 정말 달달하니 맛있어요 
차가운 음료만 가능한데 단걸 좋아하신다면 강추~~~이음료는 메인 음료가 아니기 때문에 잘 찾아서 드시길~~"
14957164,4,,커피는 맛있지만 조금 비쌉니다. 인테리어도 좋고 분위기도 좋기는 합니다. 시그니쳐 메뉴인 더치 큐브라떼를 먹었는데 그냥 라떼가 더 맛있을것 같았어요
14957164,5,,"10시부터 브런치를 즐길 수 있는 브런치 카페로 에그베네딕트, 콥샐러드, 프렌치 토스트 등의 브런치 메뉴와 디저트 케익 및 커피, 음료 등을 즐길 수 있는 카페로 공간이 여유롭고 풍경을 즐길 수 있는 큰 창이 특징이며, 1시간 무료주차가 가능함."
14957164,5,,Ambiance와 같은 공원이있는 일요일 조식
14957164,4,,"정동 골목의 커피전문점으로 2층이 특히 분위기가 좋습니다.
다들 조용히 책을 읽거나 작업을 하고 있어요.
아이스 카페라테는 약간 탄맛이 납니다.  호불호가 있을 거 같구요.
상하우유로 만든 소프트 아이스크림은 아주 맛있습니다."
9245684,3,,"스타벅스 광화문스페이스점
굉화문 근처에 있는 스타벅스입니다.
자리도 널널한편이였고 사람들도 많았어요 직원들도 친절했어요"
9245684,4,,광화문 근처 스타벅스 중 가장 한산한 곳
9245684,5,,그나마 광화문에 있는 스타벅스중에서..
9245684,5,,"이 안에 있어서 조용하고 많은 아파트 단지 시설들이 다. 이 조용한, 좋은 책을 읽고 있나. 또한 거의 모든 메뉴, 포함하여 fizzio. 바로 주민들이 일반적으로 이동 

. ,."
9245684,4,,"서울지방경찰청 후문에서 사직터널쪽으로 가다보면 1층에 스타벅스가 있어요. 매일 아침 일찍 열려있어서 출근길에 커피 마시기 좋아요. 1층만 카페인데도 공간이 넓고, 혼자 공부하는 학생들도 많이 보이더라고요. 맛은 다른 스타벅스와 크게 다르지 않아요."
9245684,4,,단지내에 있어 조금 차분한 느낌이 나는 스타벅스 매장입니다. 여유있는 커피 한잔하기에 좋습니다.
9245684,3,,"경복궁근처의 스타벅스 커피를 즐기기에 좋습니다. 단, 아쉬운 점은 손님이 늘 많은 편이라 시끌벅적합니다. 자리가 없을 때는 커피 한잔 들고 사직공원에서 산책도 좋은 방법입니다."
9245684,4,,사실 스타벅스의 수많은 매장 중에서 특별할 것이 없는 평범하기 그지없는 매장이라고 할 수 있습니다. 가까이 살때 눈꼽만 살짝 떼고 아침을 스벅커피로 시작하는 재미가 있어 자주 방문했었구요. 주말에는 주변 교회의 교인들로 가득차서 빈자리를 찾기가 어렵습니다. 최근에는 경복궁과 지하 궁의아침에서 단체식사를 하는 외국인 관광객들로 더욱 북적이는 곳이 되었네요. 아파트 내 주민들도 어린아이를 많이 데리고 오기 때문에 절대 조용한 곳은 아닙니다. 중국인 관광객이 스벅에서 수십만원치 쇼핑하는 진풍경을 가끔 보실 수 있습니다.
9245684,5,,조용한 분위기 좋아하는 사람에게 적당한 곳
23833836,4,,가격대비 가성비가 참 좋은 이디야커피에요. 일반 유명한 브랜드 커피숍과 커피맛도 크게 차이 나지 않으면서 저렴하게 마실수 있어서 좋아요
3972273,4,,아이가 체험하고 따로 구매해서 먹을 수 있습니다. 단 체험 줄이 많이 길어서 힘이들더군요. 미리 미리 알아보고 눈치껏 체험줄 참여해야해요
3972273,3,,아이들이 있다면 롯데월드 키자니에에 가면 직업체험을 통해 베스킨라빈스를 즐겨볼수 있습니다. 현재 까지 시행하는지는 키자니아에 전화를 통하여 알아보고 가시면 좋습니다.
3972273,4,,키자니아는 머 다들 유명해서 알겠지만 잠실점은 특히 시설도 좋고 크기도 커서 괞찮습니다 식사 패키지도 괜챃구요...다만...주차가...지옥입니다... 참고하시기 바랍니다.
3972273,4,,베스킨라빈스는 어디를 가도 다 같은 맛이지만 무난하게 맛있다고 할 수 있고 매장도 항상 깔끔하고 좋아요
3972273,3,,아이들 체험 활동 시키면서 시간 보내기 좋다
3972273,3,,"베스킨라빈스의 특색과 크게 다르지도, 같지도 않은 그저 무난한 베라 키자니아점. 한가지 특색이라면 아무래도 영유아가 좋아하는 시설 내에 위치해 있기에 공간이 다소 협소하고 복잡할 수 있음. 그러나 보통 베라에 비해 종류는 많은 편임."
13161957,4,,김포에 있는 체인점 카페를 간 적이 있어서 여의도에 있다고 해서 갔는데 생각보다 분위기도 좋았고 사람이 많아서 아쉬웠어요 근데 밀크티는 맛있네요
13161957,5,,"종종 갑니다
가족들 주려고 포장도 해 오구요
가격은 좀 있지만
맛나서 예쁘고 기분전환되눈 느낌

겨울에도 시원한 밀크티가 땡기더라구요
쓰다보니 또 가고프네요"
13161957,4,,"Seoul, Seoul, South Korea"
13161957,5,,"얼음을 넣어도 밀크티의 진한맛이 유지되어서 좀 놀랐습니다. 맛이 진하고 향이 좋은 고급진 맛입니다. 단 것을 좋아하진 않는데 적당히 단 맛이라 더 좋았습니다. 
빌딩 안에 오픈된 공간으로 마련된 곳이라 오래 앉아있지 못하는 게 아쉬웠습니다."
13161957,4,,"Seoul, Seoul, South Korea"
13161957,3,,널리 알려진 것만큼 개성이 있지는 않은 듯
13161957,3,,가격이 저렴한 것도 아닌데 느끼해서 두명 다 먹고 버렸습니다. 밀크티 깔끔하게 잘하며 가격도 착한 곳 많은데 여긴 가격도 비싸고 맛도 별로 유명한지 잘 모르겠네요
13161957,5,,꼭 같이 드세요. 오리지널과 블랙은 호불호가 거의 없을것 같지만 루이보스밀크티는 저도 친구들도 별로였어요. 향이 좀 별로인데다 깊은 맛이 전혀 아니라 의외였어요.
13161957,5,,여의도에서 밀크티가 제일 맛있는곳이에요.  다만 앉을자리는 여의치가않아요. 테이크아웃해도 그맛 그대로입니다.  테이크아웃시 병으로 주는데 양도많네요!!
13161957,4,,"Seoul, Seoul, South Korea"
9141146,4,,나는 항상 한국에 스타 벅스가 있지만 커피 콩은 없다는 말을 들었다. 나는 안으로 들어갔고 인열미가 커피 음료를 섞은 것을보고 그것을 주었다. 나는 오랫동안 가지고 있었던 최고의 맛을 알고있는 마실 것 중의 1 개이었다. 내가 미국으로 돌아 왔을 때 나는 그것을 찾았지만 여기에 없었습니다. 어쨌든 다음에 나가기를 바랄 때 그들은 여전히 그것을 가질 것입니다.
9141146,4,,인사동에 있어서 더욱 좋았습니다. 커피빈 커피는 약간의 산미가 있어서 더욱 맛있게 마십니다. 편히 쉬다가 가기에 좋았습니다. 다만 사람은 많네요.
9141146,5,,커피맛 만큼은 체인점 중에 손에 꼽을만한 커피빈!
9141146,3,,절대적으로 놀라운 서울의 음식은 커피가 많지 않습니다. 스타벅스는 최고 수준. 커피 콩 은 그 장소.
9141146,4,,늘 어디서나 보장된 맛을 제공하는 커피빈! 여름에는 블랙 포레스트 아이스블렌디드 추천해요!!
9141146,5,,"커피가 참 맛있는 곳이죠
매장이 더 많아졌으면 좋겠어요
커피 외에도 디저트나 차 종류도 맛있어요"
20202919,,,
14982903,3,,연남동의 카페 . 맛집 다녀온 곳이 너무 많아 글쓸께 자꾸 밀리다 보니 번아웃에 걸려버렸다. 어쩐다. 아무 생각없이 술이나 마시면 좋으련만.
14982903,5,,"다소 긴 줄, 그러나 독특한 인테리어와 음료"
14982903,5,,코코넛스무디커피와 코코넛연유커피 먹었는데 둘다 정말 맛있었습니다. 줄이 길어서 한참 기다렸다 들어간게 단점인데 커피가 넘 맛나서 줄서서 또먹고싶은맛입니다.
9174503,5,,크레이프가 달콤하고 맛있었고 초코랑 딸기가 맛있었습니다. 익선동 크레이프 중에서도 제일 맛있는 집입니다. 강력히 추천합니다!
9174503,4,,익선동에 있는 크레이프집이에요 아이스크림 바나나 아이스크림 브라우니 주문했습니다. 접시에 데코에서 나오는데 깔끔 합니다. 아메리카노랑 먹기 딱이에요
9174503,3,,"저는 이 곳이 근처에 있고, 걸어서 갈 수 있게 통과. 저는 하루 ducked. 저에게 좋은 소리들이 있어서 흥미로운 맛 크레페. 제가 주문한 새우와 계란 샐러드 크레페, 제공되는 따뜻한. 이 크림 같은 맛, 에그 스크램블 은 맛있는 곳에! 디저트 크레페 도 흥미로운 보았다, 하지만 그 시도하지 않았다. 나는 이곳에 오지 않을 것이다 가는 길, 한국어를 잘 하지 못하지만, 이것이 한 점은 식사를 즐길 수 있는 크레페 있습니다."
9174503,3,,주문시 직접 만들어서 제공하는 디저트카페입니다. 크레페가 주종목이구요 가격은 5-7천원정도입니다. 맛은 그냥 보통입니다.
9245368,3,,"신메뉴도 좋지만 기존 메뉴를 잘 보완해서 좋은 퀄리티를 유지해주세요 
기계가 뽑아내는 커피지만, 매장마다 직원마다 커피맛이 균일하진 않네요
원두마다 차이가 있을 순 있지만 맛의 차이라기 보다 퀄리티 차이가 좀 들쭉날쭉 합니다. 그래서 요즘은 피지오나 그린티라떼 같은 메뉴가 더 낫더라구요"
9245368,3,,"위치가 진짜 홍대입구에 있어서 외국인관광객들도 많고
주말엔 한국인들도 많아서 정말 붐벼요
여유롭게 커피한잔 할생각은 접는게 좋음 ㅋㅋ"
9245368,3,,홍대역에서 가까운곳에 위치한다는것은 좋은데 사람이 많아요. 매장이 그리 크지는 않습니다. 북적북적 정신이 없기도해요. 나홀로 시간을 보내기에는 여유롭지 않습니다.
9245368,3,,일하는 직원이 불쌍하리만큼 붐비는 지점
9245368,3,,"음료 맛은 다 아는 익숙한 그 맛인데, 위치가 위치라 사람이 너무 많네요. 특히 주말에는 자리 잡기가 매우 힘들고, 자리 잡은 이후에도 조용하게 대화하긴 힘드네요."
9245368,5,,제가 사랑하는 곳이에요 ㅋ 직원분들 매우 친절하고 자주 이용해서 그런지 매번 갈때마다 반갑게 인사해주시고 커피도 제가 먹는 스타일대로 항상 준비해주셔서 너무 좋습니다~
9245368,3,,"Cospicua (Bormla), 몰타"
9245368,5,,"싸이렌오더로 주문후 찾아가게되면
기다리지않아도 되고 아주 좋아요
또한8시이후부터 출근시간때문에
조금 밀리니 필히 미리주문해놓고 가면좋고
직원들은 매우 친절합니다"
9033350,5,,"아이스크림이 정말 맛있습니다.
비싸지만 제 값을 하는 거 같네요.
녹차 아이스크림이 정말 좋습니다. 초코도 부드럽고 좋아요.
추천합니다."
9033350,5,,더워지면서 자주 찾게되는 아이스크림집이네요. 비싸지만 생일 케이크 정말 맛있구요. 커피도 그럭저럭 괜찮습니다. 아이스크림은 벨지안 초코가 진하고 제일 맛있네요
9033350,4,,역에서 가까워서 약속장소로 잡기도 좋아요
9033350,5,,"하겐다즈의 아이스 크림은 모두 맛이 좋습니다.
취향에 따라 고르시면 어떤것도 실패하지 않으십니다.
저처럼 단것 좋아하시는 분들께 솔티드 캬라멘, 둘세 데 레체 추천 드립니다."
9033350,4,,가격대가 아이스크림치고 비싸서 자주 찾지는 않지만 너무 달지 않고 기본에 충실한 맛이 좋습니다. 메뉴이름도 어렵고 너무 달고 자극적인 아이스크림가게보다 나은거 같아요. 특히 바닐라맛을 좋아해요.
9033350,5,,저렴한 가격은 아니지만 이런~~~스타일의 아이스크림이 먹고 싶으면 찾게 되네요 여름에 자주 가게 될 것 같아요
9450872,5,,성수동에 새로 생긴 커피숍입니다. 커피값이 생각보다 저렴하고 맛있습니다.  양도 많아서 좋습니다.
9450872,4,,이름값을 하는 사이즈로 커피가 나옵니다. 작은걸 시켜도 다른 곳의 라지사이즈 크기인데 가격은 그리 비싸지 않아요. 커피맛도 좋구요. 그래서인지 요즘 여기저기 체인점이 많이 생기는거 같아요. 꿀커피같은 특이한 메뉴들도 많아요.
3894898,4,,여대 앞이라 그런지 이 근처에만 스타벅스가 3군데 입니다. 그 중 지하철 숙대 입구점입니다. 그래서 그런지 언제나 사람이 많습니다. 무난한 스타벅스입니다.
3894898,4,,붐비는 매장인데 생각보다 자리가 좀 있었어요. 안먹어본 아보카도블렌디드를 시켜봤어요. 아보카도의 느끼한 맛이 없고 요거트와 함께 시원하고 상큼했어요!
3894898,4,,맛이야 워낙 유명한 커피전문점이라 보장할 수 있고 공부하기도 좋고 꽤나 조용한 커피숍이라 자주 방문합니다.
3894898,5,,학교 앞이라 자리가 많아도 늘 꽉차있지만 그래도 자주가요~ 파트너분들 친절하구 좋습니당~!
3894898,4,,"지하철역 바로 앞이라 좋다.
3층까지 있지만 공간이 크지는 않아 다소 아쉽다. 스텝들은 친절하다."
3894898,3,,늦은 시간까지 하는 곳이라 괜찮습니다.
3894898,5,,"아침에는 다소 사람이 적고, 다들 조용하게 각자의 아침시간을 보내는 분위기여서, 출근전에 책을 읽거나 생각을 하기에 좋습니다! 

남자화장실은 3층 여자화장실은 2층에 있으며 1층은 구매만 할 수 있습니다."
3894898,4,,이른 아침 문 여는 스벅. 셤보러 가는날 스벅에 들려 카라멜 마끼아또 한잔을 먹으면 마음의 여유가 생긴다
3894898,4,,"아메리카노, 샷추가한 라떼를 주로 먹는데 향도 좋고 언제나 맛있습니다. 사람이 많기는 하지만 대기시간도 길지 않고 2층에는 자리가 있는 편입니다. 다만 가격이 좀 더 싸다면 좋겠어요^^"
3894898,4,,사람이 항상 많아요. 주로 점심시간에 가서 그런지 모르겠지만요. 2층도 있어서 차 마시며 쉬기에도 괜찮습니다.
34196920,5,,"Absolutely wonderful experience, all thanks to Anna!"
19502193,,,
19174924,5,,"중국식당 많은 건대거리에 있는 홍콩/대만식 디저트집입니다
대표적인 것은 위위안.  대접에 코코넛밀크등을 붓고 다양한 토핑이 들어가있어요. 
그리고 우유푸딩 (망고토핑추천!) , 우롱티등을 주문해서 먹었습니다.
주인분도 중국계이신거 같구요.  좀 무뚝뚝한 편이십니다.  주문받으면 묵묵히 일하심
배달앱에도 가입되어있는지 배달주문이 밀린듯 주문한 것은 좀 늦게 나왔습니다.
맛있어요!
테이블은 아주 협소해요.
하지만 매장 전면이 오픈되는 스타일의 까페라 너무 추운계절 아니면 사람구경하면서 조용히 먹기 좋은 곳입니다"
9386454,1,,"우선 음악이 너무 시끄럽고 요란하네요
갖가지
댄스곡 까지
80년대 김현정 다돌려놔 노래 듣는중
소찬휘 나올판
맛있는 빵냄새를 맡으며 조용히 분위기있게 있고 싶은데
빵 맛 떨어짐
카푸치노가 너무 연해서
샷추가 해달라니 그런거 안된다고
다시 제돈주고 사먹으라네요

너무 실망
15 년 목동살면서 나름 나폴레옹 단골인데 ㅠㅠ"
9386454,5,,"당신이 그 사랑을 담은 것처럼 느낄 수 있도록 정말 맛있는 것을 위해 ""CRAVING""을 가졌다면, 이것이 당신의 장소입니다. 더 이상 보지 마십시오! ! 나는이 빵집과 사랑에 빠졌다. 디저트는 아름답게 먹습니다. 모든 것은 단순히 모든 물기와 함께 소비되는 예술 작품입니다."
9386454,4,,서울에 지점이 몇 안되는 나름 유명한 빵집이에요. 성북동만 가봤는데 여기에도 있었네요. 빵이 가격은 좀 있지만 종류가 정말 다양하고 먹음직스러워요.
9386454,4,,빵의 종류가 아주 다양한건 아닌데 하나하나 다 맛이 좋습니다. 가격은 좀 비싼 편인데 퀄리티를 생각하면 납득할만한 수준으로 보입니다. 매장은 매우 깔금합니다.
9386454,4,,나폴레옹 빵은 웬만하면 다 맛이 있어요. 그래서 근처 갈 때마다 들러보곤 합니다. 앉아서 음료와 먹을 수도 있어서 브런치할 때도 있고요. 가격이 좀 있다는 것만 빼곤 만족하는 빵집입니다.
9245843,2,,"이 곳은 항상 사람으로 인산인해입니다. 아침에도 점심에도 저녁도 가끔....
스타벅스 커피가 꼭 필요하다 싶고 이 커피숍 근처에 있으며 시간이 많은 분들은 방문하시되 
그것이 아니라면 추천하지는 않겠습니다."
9245843,4,,체인점이라 적당히 무난한 커피입니다. 자리잡고 쉬시고 여유있는 시간을 보내시기엔 좋네요. 약속잡고 커피 한잔하시면서 시간보내시기 무난합니다.
9245843,2,,좁고.... 다른 스벅에 비해 커피맛 싱거움...
9245843,4,,"커피맛에 아주 민감한 분만 아니라면

충분히 훌륭한 커피 체인점 입니다.

커피 안드시는 분들도 드실만한 음료가 많고요

사실 커피점이지만 일종의 문화처럼 자리잡았죠"
9245843,4,,"아주 커피에 심취하신 분들이 아니라면

어디서 가도 무난한 커피 체인점입니다

커피가 별로이신 분들도 마실 음료가 많이 있고요"
9245843,4,,"사람 없을땐 조용 차분한 분위기이지만
기본적으로 매장이 작아서 붐비는 시간엔 비추요.
직원은 친절해요"
9245843,4,,"친절도도 좋고 음료 준비속도도 빠릅니다만
매장 내 좌석이 별로 없어서 붐비는 웬만한 시간엔 자리 찾기 힘들어요. 
혼자 오는 거라면 괜찮지만.."
9245843,4,,매장이 그나마 넓은 편입니다. 개인 좌석도 있어서 혼자 가기에 부담이 덜할 듯. 점심때는 대기자가 많고 빈좌석 찾기 힘듭니다.
9245843,4,,많이 북적이지는 않아요. 그나마 조용히 커피 마실 수 있는 곳이에요 스타벅스는 계절 메뉴 프로모션 메뉴가 자주 나와 좋아요~!
9245843,3,,점심시간에만 가봐서 그런가 주변직장인들이 많이 와서 그런지 항상 줄을 서서 주문을 했어요. 크기는 크지 않고 작으니 참고하세요.
9245843,4,,스타벅스 체인이니 맛은 같고요 친절하고 좋아요. 다만 점심시간에는 사람이 좀 많아요. 강남구청역이랑 가까워서도 좋고요.
9245843,4,,강남구청역에서 가까워  편리하고 내부는  그리 넓지는  않으나 커피가  맛있어 몇번 갔어요~직원들도 친절하네요
9245843,4,,"지하철에서 멀지않아 교통편리하고 분위기도  좋아요~
커피맛도  그런대로 괜찮고 자주 가는곳이라 친근해요"
9245843,4,,"강남 번화가 쪽은 아니어서 사람이 막 복잡한 매장은 아님. 그래서 좀 더 편하게 쉬다 올 수 있는 곳입니다. 

스벅 이벤트가 있거나 하면 다른 곳은 다 끝나도 여긴 조금 더 늦게 끝나거나 합니다. 물론 그래도 강남이라 금방 끝나긴하지만."
9245843,5,,"어느매장이든 친절한 직원들. 그리고 음료도 다양하고, 원하는 레시피대로 바꿀 수 있어서 좋아요."
25007929,,,
20324263,2,,"수요미식회에 나온 그 빵집은 아니고 효성주얼리시티 지하2층 푸드코트에 지점으로 생겼습니다.
푸드코트라서 빵을 매장에서 구입한 후 다른 식당손님들처럼 중앙테이블에서 먹으면 됩니다. 
점심시간 조금 지나서 가보았는데 빵 트레이에 빵은 1/2 정도만 찬 상황이었습니다. 
앙버터를 구입했는데 빵이 오늘 만든것 같지 않게 딱딱하고 오래된 느낌이었습니다. 
빵자체가 식감이 안좋은 것인지 어제 빵을 계속 판것인지는 알수 없지만 가격은 고가이지만 맛은 기대에 많이 부족했습니다."
9245759,4,,"올림픽대로를 넘어 직진하면 가장 쉽게 닿을 수 있는 DT 매장입니다. 주차도 자리가 많지는 않지만 가능하고, 진입로/출구가 그래도 넉넉한 편입니다. 매장 안 분위기도 좋고 테이블도 많은 편이어서 쉬어가도 좋을 곳이에요."
9245759,4,,스타벅스 건물이 크고 자리도 많고 넓어서 좋았어요. 기프티콘 선물받은 조그만 치즈케익이랑 커피 마셨는데 맛있고 여유로워 좋았어요.
9245759,4,,어린이대공원 후문쪽 구의사거리에 있는 드라이브스루매장이에요. 전용건물이라 매장이 크고 주차도 가능해요. 쾌적합니다.
9245759,4,,"Seoul, Seoul, South Korea"
12763300,,,
26550487,,,
8962924,4,,"식사로 할 수 있는 샌드위치류도 있고 빵들도 다양합니다.
일반적인 체인베이커리보다 맛도 좋기 때문에 아침식사를 하러 종종갑니다.
커피는 진하고 맛있지만 자몽쥬스는 좀 많이 달아요."
8962924,4,,빵이 정말 맛있다. 마약 옥수수빵이 맛있고 이 집의 시그니처 메뉴인 파 베이글이 특히 맛있다. 안타깝게도 샌드위치는 그닥... 아무튼 샌드위치를 제외한 나머지 빵은 다 맛있다. 앙버터도 맛있다. 시식코너가 참 혜자스럽다.
8962924,5,,"친절하신 사장님과 맛있는 빵.
너무 맛있게 잘 먹었습니다^^*
약수역이랑 가까워서 좋습니다!"
8962924,4,,우리는 우연히 이 빵집 주변에 걷는 동안. 그냥 들어가면 트레이 및 통. 돌아 다니는 것을 원하는 경우 이 등록 정보를 수집합니다. 큰 다양한 상품 이지만 좋은 선택. 제 아내와 저는 너무 많은 작품들이 있어. 맛있는 빵과 크림 가운데 된연고 솜씨 팥바.
17528255,3,,"주말에 다락원체육공원에서 운동후 가끔 방문하는곳이다.롯데빅마켓 도봉점 옆에 위치.
다양한 식음료가 있으며 우린 팥빙수를 먹기위해 방문했다.
팥을 따로 주는점은 장점.
여러대의 주차도  가능한점은 장점이나 승용차의 경우 후진 주차시 뒷바퀴를 받치는 구조물이 높아 마후라가 닿는점을 매우 유의하셔야 한다.
주차는 90분 무료이다.
재방문 의사 있음."
9245373,4,,"스타벅스는 어느 지점이든 스타벅스만의 맛, 음악, 가구 등 일정한 분위기가 유지되는 것이 좋다. 여기도 보통의 스타벅스! 그래서 만족!"
9245373,4,,압구정 현대백화점 맞은편에 있는 스타벅스예요 수요일 저녁 7시쯤에 갔는데 많은 사람들로 붐볐지만 자리는 여유 있어서 편하게 앉아 대화하며 커피를 즐길수 있었어요 추천해요
9245373,4,,이 동네 오래된 터줏대감 같은 느낌의 카페입니다. 위치가 좋아서 이 동네 약속 있을 경우 만남의 장소 역할을 하고 있어요. 좋네요.
9245373,4,,압구정역에서 나오자 마자 바로 보이는 곳이라 압구정에서 약속장소로 정하기 좋은 곳입니다. 다른 곳과 특별히 다른 점은 없는 평범한 스타벅스입니다. 압구정에도 워낙에 스타벅스가 많아서 선택의 폭이 넓긴 합니다. 겨울에 나오는 시즌음료를 먹기 위해 방문했는데 역시 실망시키지 않네요.
9245373,4,,스타벅스야 뭐 그냥 돌아다니다 커피가 생각날때 스타벅스가 보이면 다른 커피전문점보다 스타벅스를 들어가는 편이에요 커피와 가격이 훌륭하죠
9245373,3,,"위치는 정말 더할나위 없는 곳으로 압구정역에서 바로 나오자마자 위치해있다. 1층과 지하가 있는 듯 하고, 지하는 가보지 않았지만 1층 보다는 넓을 것 같아요. 1층은 뭔가 넓기는 한데 자리 배치나 테이블 구도 때문에 앉을 만한 곳이 딱히 많지 않고 테이크아웃 해야하나 이런 느낌이 드는 정도입니다."
9245373,4,,"직원들이 대체고 친절하고 
압구정역 출구 바로 앞에 있어서 접근성이 매우 좋음
앉아서 마시는 곳은 주로 지하에 있음
테이크아웃은1층에서 가능 ^^"
15082877,,,
9245698,4,,"서울시내 명동거리안쪽이위치하고있는
명동길점 스타벅스.
일단 먕동거리안쪽이있었서 사람이 많아요...
북적북적  잠깐들르는건괜춘"
9245698,4,,"스타벅스 명동길점
명동거리 골목안쪽에있는 스타박스매장
명동에 수많은 스타벅스 매장이 있어서 
찾는데는 수월합니다."
9245698,4,,우리 중의 4 명은 거리 4에 도착했다. 30 pm와 커피와 음식의 변화를 구했다. 2 명의 여성은 2 명의 남자가 우리 주문한 물건과 필요한 물건의 배달을 기다리는 동안 뜨거운 좌석을보고있는 위층에 갔다 - 매우 좋았다. 그러나 하나의 큰 문제는 학교와 유니 학생들이 컴퓨터와 노트북 컴퓨터를위한 책상을 모두 가져가는 것입니다. 1 시간뿐만 아니라 2 시간 더하기 및 1 잔의 음료. 또한 테이블 당 1 인당 2 ~ 4 명이 있습니다. 대부분의 사람들은 자신의 시간 제안 중에 단 한잔의 음료를 마시 며 이익을 얻지 못합니다. 최대 인터넷 시간은 1 시간이고 인터넷 시간은 1 시간입니다. 이것은 미래의 고객이 자리를 차지할 수있는 기회이며 Starbucks는 더 많은 돈과 고객을 더 행복하게 만듭니다.
9245698,4,,평소 스타 벅스의 품질. 훌륭하고 효율적인 서비스. 객실은 건물의 2 층과 3 층에 있으며 밝고 넓으며 편안한 좌석이 많습니다. 아주 좋은 지점!
9245698,4,,대부분의 스타 벅스 매장과 마찬가지로 스타 벅스에서 기대하는 모든 것을 제공하며 기념품도 좋습니다. 한국어는 그 곳의 링고 프랑코입니다. 그래서 나는 아이스 캔디 라떼를 가공 할 때의 탭을 그대로 유지했습니다.
9245698,4,,"명동의 스타 벅스 중 하나.
정통 서울 스타 벅 기념품, 현지 맛을 시험해보십시오.
다른 것은 일반 sbucks 콘센트와 동일합니다."
9245698,5,,2 층 또는 3 층에 위치하므로이 곳을 좋아합니다. 커피를 마시거나 차를 마시 며 창밖으로 걸어 다니는 사람들을 볼 수 있습니다. 나는 지난 밤에 서울에서이 장소에서 보내는 것을 좋아합니다.
9245698,4,,"Starbucks 아침 샌드위치 맛은 모두를 위해 적당하고, 아주 좋습니다, 그리고 사막 치즈 케이크 맛이 너무 맛있습니다."
27093938,,,
25409959,,,
4070637,5,,"강남에 가면 어딜가나 발 디딜틈이 없습니다 특히 프런차이즈는 더운 그런데요  여기 들어갔다가 자리 찾느라 진짜 한참 걸렸습니다ㅎㅎ 자리 맡으려면  한사람은 먼저 주문하고있고   한사람은 눈 레이더 풀가동해서 어디 자리나나 계속 주시해야 겨우 자리 찾습니다

역시 강남은 거리때문에 
이런데 잘 되는듯 합니다 

저는 개인적으로 약간 한산할때 가는걸 추처드려요"
4070637,4,,"커피 맛도 나쁘지 않고 디카페인으로 즐길 수 있는 것도 맘에 드는데, 가격이 너무 비싸요. 그만큼의 맛이 있다고 생각은 들지 않아서.. 다만 어느 지점을 가더라도 매장이 넓고 다른 체인 카페보단 조용한 편이라 가끔 방문하고 있어요."
4070637,4,,아메리카노 한 잔에 4800원입니다. 그러나 저는 개인적으로 커피빈 커피를 아주 좋아해서 그냥 호갱이 되어 사먹습니다.
4070637,5,,강남이다보니 사람이 정말북적입니다. 그래도 자주 방문하는 이유는 바닐라파우더 때문이에요. 커피빈은 바닐라 시럽이 아닌 파우더를 서서 바닐라음료가 참 맛있습니다.
4070637,5,,"평일이든 주말이든 엄청난 인파로 자리잡기가 힘든 매장입니다. 북적북적 시끌시끌 사람들 사는 소리가 들리는 곳이기도 합니다.
강남역의 만남장소로 유명한곳 중에 한곳으로 조용한 대화를 하는것은 불가능하니 참고하시길 
강남역 안에서 가장인기있는 매장으로 손꼽히는 곳입니다. 물론 커피맛은 최고입니다."
4070637,5,,항상 들리는 커피빈입니다. 커피빈 음료 중에 젤 좋아하는 것은 헤이즐넛라떼입니다. 드셔보셔요
4070637,4,,커피빈은 아이스류 시킬 때 얼음이 자잘해서 좋아요. 아메리카노는 커피빈이 가장 맛있어요. 더불어 바닐라라떼도 참 맛있습니다.
4070637,5,,커피빈 강남에스점은 아침에 7시반에 오픈해서 모닝셋트 먹기에 좋습니다. 매장도 넓고 위치도 강남역에서 가까워 지나가는 길에 모닝을 즐기기에 좋은 장소 입니다. 언제나 깨끗하고 커피도 맛나네요.
9245747,4,,평일이고 주말이고 자라 차지하는게 만만치가 않습니다. 주문하는 사람도 많으니까 가능하면 싸이렌오더로 주문하고 자리를 잡으러 다나시길 추천해요
9245747,3,,매장이 안쪽에 위치하여 접근성이 좀 떨어집니다.매장 내부도 좌석수가 이용인원대비 좀 딸어지고요 하지만 커피맛은 통상 스타벅스와 다르지 않습니다.
9245747,4,,"노원역 스타벅스는 두곳인데 롯데백화점 맞은편은 좁고 너무 번잡해서
이쪽 스타벅스를 자주 이용합니다"
9245747,2,,"인근에 다른 스벅이 있지만 그곳보다는 덜함
아르바이트는 친절한 편임
매장이 협소하기 때문에 테이크 아웃을 목적으로 하는것이 좋음
인근에 다른 카페들도 많이 있음"
9245747,4,,"3층까지 있는데도 자리 잡기가 쉽지 않습니다.
공부하는 사람들이 많아서 그런지 아쉽네요ㅠ
파트너분들이 항상 친절하게 안내해주시지만 공부하시는 분들이 너무 오래 앉아 계셔서 테이크아웃으로 주로 이용합니다."
9245747,3,,유동인구가많기도하지만 여러층있어서 공부하는분들도 꽤나 많아서 갈때마다 좌석이 많지않아요 그래도 다른데보다는 조용한편이라 좋아요
9245747,4,,"유동인구가 많은 곳에 위치해 있어 항상 사람이 많고 주문 대기줄도 긴 편입니다.

그래도 사이렌오더를 이용하면 대기 시간을 단축할 수 있어 근처 지날 때 이용하기 편리합니다."
9245747,4,,"3층? 4층 전체가 스타벅스인데
사람이 항상 많아서 여유있지는 않아요.
그래도 동네에서 가볍게 들리기 좋은곳이에요."
9245747,4,,3층까지 있어서 자리는 많은것같은데 주말에는 외곽쪽에있어도 언제나 사람이많아요 그래도 다른 곳보다는 사람이 적은편이라 좋아요
9245747,4,,편하고 좋은데 항상 사람이 많아요 >_<
9245747,3,,항상 사람이 많이 있어서 좌석확보가 어렵습니다 일층에도 좌석이 없을 경우가 많은게 단점입니다
9245747,4,,"노원에서 스타벅스 이용하려면 이곳을 가끔 이용하는데, 롯데백화점 앞에 있는 노원역점보다 한산해서 주문하기가 수월하다. 일층에는 카운터밖에 없는데(자리가 몇개 있긴 하지만) 잠깐 주문하고 테이크아웃하기는 좋은 듯 싶다."
9245747,3,,그나마 스타벅스 중 한적. 약간 외져 있어서 그렇다. 옛날 전화국 건물이다. 다른건 그냥 여느 스타 벅스 이다
9245747,4,,3층으로 이루어져 넓고 주차하기도 편해서 좋네요~ 카운터 쪽에 동선도 복잡하고 조금 혼잡한 것 같아요~그래도 스타벅스니 친절하고 맛은 보장!
9245747,4,,"여기는 다른 스타벅스보다 주문자가 적어서 좋아요. 음료가 금방 나오는 편이고 단층이 아니라 위층에 올라가면 조용하구요. 
분위기는 다른 스타벅스랑 같습니다~^^"
10733476,4,,문정역 2번출구앞 코너에 있는 카페입니다. 주말 아침에 들러서 사람이 정말 없고 평화로운 분위기였어요. 따뜻한 라떼 한잔 테이크아웃했어요.
10733476,5,,커피포스트 정말 최고에요. 특히 아란치아 라떼믄  어디서도 볼수 없는 맛!^^ 다른 커피도 다 맛있어요!
29004574,,,
14141474,5,,"카야토스트도 맛있고 
아메리카노도 맛있었다! 
봉귤주스랑 한라봉에이드도 강추 
카페가 테라스도 예쁘고 사장님의 
손길이 구석구석 닿아있어서 좋다"
14141474,3,,위치가 조금은 엉뚱한 곳에 있지만 조용한 카페를 원한다면 괜찮은 곳이다. 직접 담근 수제청 종류도 많고 아늑한 분위기가 괜찮다. 안쪽 공간엔 열명 정도 단독으로 사용할 수 있는 공간이 있어서 모임하기에도 굿.
15097396,,,
17427198,4,,"C (19.09.13)
나는 디저트, 매들린을 사기 위해이 카페를 방문했습니다. 카페에는 현대적이고 좋은 분위기가 있었고 직원들은 친절했습니다. 카페에는 다양한 마들렌과 빵이있었습니다. 모두 나에게 좋았지 만 가격은 생각보다 조금 높았습니다. 뛰어난 분위기와 맛있는 마들렌."
23944589,,,
33963396,5,,"길을 지나가다가 예쁜 카페가 있어서 들어와봤습니다!
멋진 인테리어와 친절한 직원들 :)
수플레 플래터도 맛있었고 시그니처인 카페 말차,
한국에서만 먹을 수 있는 오미자에이드 까지 같이 먹었습니다 음료들이 다 특색있고 맛있었으며, 행복한 식사가 되었습니다 한국 여행중이라면 추천합니다 😄"
33963396,5,,"피스타치오 티라미수는 처음인데 굉장히 맛있고 플랫화이트는 향이 굉장히 좋네요
여행중 가장 맛있는 커피였어요 다시 또 오고싶어요"
9245731,4,,강남대로에 있는 스타벅스 매장이에요. 규모도 적당하고 분위기도 무난합니다. 점심시간이라 사람은 좀 많았구요 라떼 테이크아웃했어요.
9245731,4,,여느 스타벅스 매장과 다른 차별점은 없지만 커피맛은 늘 괜찮습니다 ^^ 요새 베이커리 류도 맛있게 많이 보강된 것 같네요
16850039,5,,지나가다가 한번 들렸었는데 괜찮더라구요! 추천드려봅니다!
16850039,4,,"성북동 빵공정은 언제가도 빵 종류가 다양해서 좋아요. 
빵 종류도 다양하게 맛있지만 카페라떼가 정말 맛있어서 빵은 포장하고 커피만 마시고 왔네요"
16850039,4,,"성북동 면옥집 짝꿍 빵공장!!
사실 빵공장만 가기 위해 여길 오진 않았고
성북동 면옥집에서 식사를 꼭 하고 들리는
편이예요!!
라떼가 아주 부드럽고 맛있고
빵은 워낙 종류가 다양하지만
저는 식빵이랑 치아바타가 맛있었어요"
16850039,4,,인기메뉴 생크림팡도르는 달콤하고 맛있다. 특이해서 사봤던 '성북동빵공장' 도장이 찍힌 식빵은 그냥 보통 식빵.. 주말에는 너무 붐벼서 앉을 자리가 없어 테이크아웃해야 한다
16850039,5,,"성북동 핫플레이스가 거의 그러하듯 주말에 가니 사람들이 너무 많아 자리잡기 힘들었네요.  테이크 아웃을 하는 사람들도 많았구요

내부는 극장식  계단이 테이블을 대신하고 있고 요즘엔 날씨도 따뜻하니 밖에서 먹기 좋습니다
파라솔 자리는  경쟁이 치열하지만 그래도 금방 자리는 빠지는 편이니 인내심을 가지고 기다리면 됩니다.
빵도 비싸고 음료도 비싸긴 하지만 맛있고 분위기 좋아 만족스럽습니다."
16850039,4,,"삼청동,성북동에서 식사하고 디저트로 차와 빵을 먹기 좋은 곳...
갤러리도 겸하고 있다...
전체적으로 넓은 공간에서의 커피는 마음을 편하게 해준다..."
9245428,5,,충무로역에서 매우 가까운 스타벅스 지점이예요 역 근처에 있는거치고 다른 스타벅스에 비해 북적이지 않아서 좋아요 직원분들도 친절하고 아이스아메리카노를 마셨는데 맛있었어요 추천해요
9245428,5,,매장이 넓고 쇼파도 있어 좋았다. 개인의자도 많아서 공부하는 사람이 많았다 매장이 커서 시끄럽지는 않다. 콘센트도 많아서 좋다
9245428,5,,"스타벅스는 프렌차이즈라 평가를 하는게 무의미하지만,, 이 지점 역시 서비스가 좋았다. 토피넛 라떼가 특히 맛있었다."
9245428,3,,"스타벅스 에서 마시는 경우는 환상적인 한국, 나는 진심으로 바라는 작은 마을에서 방글라데시 및 아닌 변경다른 도시 만 있는 스타벅스. 생각하는 것이기 때문에, 거의 비슷합니다 다!"
9143276,4,,자체 블렌딩 커피를 시즈널로도 판다. 콩은 신선한 것을 쓰는 것 같다. 커피마다 다르긴 하겠지만 마셨던 거는 신맛이 세고 단맛은 거의 없었다.
9143276,4,,"골목 안쪽 조용한 분위기인데 실내는 고급스러운 느낌의 인테리어로 되어있어요
커피도 맛있고요 메뉴도 다양해서 좋아요"
9143276,4,,성내동에 있는 준수한 카페. 깔끔하고 모던한 내부. 주방을 훤히 볼 수 있는 인테리어. 훈훈한 바리스타 분들까지. 눈까지 즐거운 좋은 카페~
9143276,5,,요즘 동네 커피의 퀄리티가 점점 좋아지고 있는데 이 곳은 예전부터 꽤 유명한 곳입니다. 동네에서 좋은 커피를 만날 수 있다는 메리트가 있는 것 같습니다.
9143276,4,,강동구청역 안쪽 골목에 있어요. 지나가다 우연히 들렀는데 내부가 깔끔하고 색채가 예쁘네요. 가격도 무난하고 아이스라떼도 맛있었어요.
9143276,5,,커피 가격이 1000원이 올라 4천원이 됐지만 퀄리티는 늘 좋아요. 원두 가격이 싼 것도 장점입니다. 제가 가장 좋아하는 카페입니다. 다만 양이 좀 적은게 아쉽네요.
9143276,5,,"주로 로스팅을 중심으로 하는 카페입니다. 입소문이 나 점심시간에 가면 줄서는 것은 기본입니다. 한적한 낮시간에 가면 자리를 잡고 커피맛을 즐길수 있습니다. 개인적으로 제 입맛에 가장 맞는 커피이며, 커피마니아들에게도 소문이 자자합니다"
9143276,5,,강동구청 인근에 위치하고 있으며 로스팅을 전문으로 하는 샵이다. 카페라기 보다는 원두판매가 위주이기 때문에 자리를 잡고 마시기 보단는 테이크아웃을 고려해야 한다. 품질좋고 다양한 종류의 싱글오리진과 자체블랜딩 원두를 하나하나 맛보면 좋을듯. 커피 애호가에게 추천.
10195822,5,,"북촌 한옥 마을 한가운데에는 여러 도시의 테라스가 있으며 아래 도시와 산의 전망이 있습니다. 마을 산책 후 좋은 중지. 테라스에서 주문한 다음 드링크와 변화를 픽업하기 위해 계단 아래로가 보는 것은 약간 이상합니다. 글쎄, 경험의 일부, 나는 추측한다."
10195822,4,,"루프탑이 있는 까페입니다.
가격은 좀 비쌉니다.  자리값이죠.
커피와 젤라또 시켰는데 맛있었구요, 
루프탑은 커플전용으로 운영됩니다.  단체손님은 안받는것 같습니다."
10195822,3,,이 곳에 오면 꼭 루프탑으로 가세요. 올라가기 전에 주문하고 음료를 받아서 올라가야 해요. 저는 와인에이드를 선택했는데 맛이 샹그릴라랑 비슷했어요. 저희는 밤에 갔는데 낮에 올라가도 좋을 것 같다는 생각이 들었어요. 커피종류메뉴는 다양했어요. 술은 병맥주와 와인이 있었고 와인 한잔에 레드와인은 만원 화이트와인은 만이천원 했어요.
10195822,4,,"보기는 훌륭하다. 그래서 들르는 것은 맑은 날에 명확히 그것의 가치가있다. 즉, 앉아있는 정책을 얻는 순서는 매우 성가 시며 가격은 싸지 않습니다."
10195822,3,,삼청동에서 뷰포인트를 보기엔 좋지만 가격대 비싼 음료는 사실 맛이 없음. 그냥 자릿값이라고 생각해야 한다.
10195822,4,,"뷰에 대한 별 5개, 서비스는 별 세 개 술. =)

나쁜 지역에 걸어갈 수 있는 때입니다."
9245398,4,,조금 올드한 느낌의 스타벅스 매장이에요. 2층까지 자리있는데 아침시간이라 비교적 여유로운 분위기였어요. 테이크아웃 손님이 꾸준히 많아요.
9245398,4,,"테헤란로 안쪽 이면도로에 있음에도 매장은 1,2층을 사용하고 점심시간에 사람 많아요. 주변에 사무실이 많아서 그런듯. 주문후 조금 기다려서 아이스아메리카노 테이크아웃 했어요."
9245398,4,,"늘사람이많은곳 
특히 점심시간에는 3-4명이상 줄이 서있는경우가 많다
점심시간에 피하는걸 추천한다
직원들은대체로 친절하고 좋다"
9245398,3,,"C 1 (2017 . 03 . 31) 
저와 제 친구가 이 카페에 커피와 떨림. 스타벅스 는 항상 좋은 분위기와 서비스, 좋은 데를 unity 않습니다. 이 테이블은 우리 사이의 좁은, 이 같은 모든 다른 스타벅스. 좋은 카페도 있고, 우리가 적용되지 않습니다."
9245398,4,,"전체적인 직원들의 친절도는 좋으나, 2층 식음료 반납대의 청소가 자주 이뤄지지 않아서 조금 불쾌하다.
다만, 전체적으로 모임을 진행하거나 만남장소, 쉼터로서 좋다."
9245461,4,,마포이마트건물 2층에 있어요. 매장이 아주 크지는 않지만 평일 오후라 사람이 많지 않아서 괜찮았어요. 커피는 아이스아메리카노 시원하게 마셨어요.
9245461,4,,"이마트와 연결되어 있어서 좋긴한데 일단 공간이 좁아서 제가 갈때마다 앉을 자리는 별로 없더라구요
테이크아웃하기 좋은ㄱ 곳"
9245461,4,,새로운 리노베이션으로 더욱 쾌적한환경. 전형적인 스타벅스와 같지만 근처 편의시설이 많아 약속잡거나 식료품 쇼핑하기좋다. 주차는 이마트에 대면 거의 검사하는일 없음.
9245461,3,,"Seoul, Seoul, South Korea"
9245461,4,,이마트 영업시간과 맞물려 개점/폐점을 하므로 영업시간을 확인해서 방문하시는 것이 좋아요. 조용한 편은 아니지만 일관된 커피와 서비스를 원할 때 방문하는 곳.
9245461,5,,아기엄마가 많아서 시끄럽지만 주문은 빨라요
9245461,4,,"매장자체가 그리 크지는 않지만 2층에 위치해있어 1층에 위치한 곳들보다는 자리배치가 너무 다닥다닥하지 않아 좀 더 쾌적합니다.
주로 이마트에서 쇼핑을 한 손님들이 주 고객이고 조용하게 잠시 쉬어가기 좋습니다."
9245461,3,,"스타벅스 커피는 어디든 맛이 일관되어 좋다.
가끔 이마트 가면 커피 테이크아웃해서 마시기 좋은데..
이마트 매장에선 많이 올라가야되서 좀 불편하다"
9245461,4,,이마트에 스타벅스가 있어서 아주 편리합니다. 스타벅스 커피는 기본가격은 비싸지만 할인되는 카드가 있어 자주 간답니다.
9245461,4,,라떼 한잔은 쇼핑의 노곤함을 달래준다. 친절한 직원들과 맛있는 커피는 언제나 기분좋게 한다. 아쉬운 점이라면 주차가 1시간 밖에 제공되지 않아 불편하다.
9245461,4,,"매장이 그리 크지 않아 좌석은 많지 않지만, 2층에 있어서 전망은 나쁘지 않습니다.  같은 건물에 있는 푸드코트, 이마트에서 이용 후 방문하면 좋습니다."
9245461,3,,"마트 2층에 입점해 있어서 장소가 좀 협소하다. 
그거 말고는 커피맛은 늘 같은 곳이어서 괜찮은 편이다."
9245461,4,,"이마트 쇼핑하고 들르기는 좋아요~그런데 갈때마다 사람이 많아서 자리가 없네요~
앉아서 먹은기억이 거의 없는 스타벅스.."
9245461,3,,위치적으로 아무래도 대형 마트와 함께 있다보니 주부들이 많이 찾게 되는 곳 같습니다. 유모차가 많이 드나드는데 사실 비좁은 감이 있습니다. 하지만 쇼핑 전 후에 맛있는 커피를 마실 수 있는 장점이 있습니다.
9245461,3,,"공덕역 이마트 2층에 위치한 곳으로, 이마트에서 장을 보고 잠시 쉬어가면 좋습니다. 커피 한잔하면서 이마트에서 구매한 영수증을 다시 한번 체크하기도 하고요. 단, 주부들이 많아서 조금 시끄럽고, 주부들이 많다보니, 아이들도 많아서 더욱 시끄러운 단점이 있습니다."
25569020,,,
25279778,,,
8871094,4,,이 동네 카페 중에 제일 자리가 편한 곳
8871094,4,,프렌차이즈 커피숍 중에서 커피맛하나는 최고인거같아요 소파도 편안해서 너무 좋아요 커플끼리 붙어있기 좋습니다 일요일 오후에는 교회갔다가 들리는 사람들이 많아요
8871094,4,,프렌차이즈 중 맛있는 커피를 마실 수 있는 곳
8871094,4,,사람이 늘 많아 줄서서 테이크 아웃도 기다 려야 하는 때가 많지만 정말 커피는 맛있음. 소문이 많이 나서 항상 사람이 많은 게 흠이라면 흠~
8871094,5,,"맛있는 아이스라떼가 먹고 싶어 방문했어요! 
다른 카페보다 뭔가 고소한 맛이 더 느껴져서 가게 되는 곳이랍니다~
커피도 맛있지만 주변에 회사가 많다보니 시간 잘못맞춰가면 한참 기다려야해서 그점이 좀 아쉽네요 ㅠㅠ"
9245807,3,,다들 아는 그런 스타벅스지만 2층으로 올라가면 조용한 분위기에서 있을 수 있어서 자주 찾는곳이에요. 1층과 2층은 묘하게 분리된 느낌도 들어서 좋았습니다.
9245807,4,,"Seoul, Seoul, South Korea"
9245221,3,,건대입구 지하철역 앞에 있는 매장이라 항상 사람이 많고 붐비고 정신없습니다. 쾌적한 환경은 아닌거 같지만 무난한 매장입니다.
9245221,3,,위치가 위치인지라 사람이 정말 많고 북적북적합니다. 평일 주말 가리지 않고 자리 찾기가 쉽지 않은 것 같아요. 커피 맛은 그 맛입니다.
9245221,3,,건대사거리 근처 맛집거리 입구에 있어서 늘 붐비는 매장입니다. 2-3층이 매장인데 비교적 넓은 편이에요. 커피맛은 여느 매장과 비슷합니다.
9245221,5,,스타벅스 들를 때마다 항상 시켜먹는 메뉴가 그린티 라테인데 약간 설탕이 과하게 들어간게 아닌가 싶을 정도로 지나치게 달긴 하지만 그래도 평소 좋아하던 것이라 맛있게 먹었습니다.
9245452,4,,"스타벅스 커피는 꽝이 없으니 좋습니다.요샌 마키아토 에스프레소에 꽂혔는데 너무 좋아요! 사람이 많아 자리가 없을때가 많긴합니다,"
9245452,5,,스타벅스 커피는 개인적 으로 좋아해서 자주 찾는데 종로 지점은 항상 사람들이 많은 편이라 테이크 아웃을 하는 편입니다. 빨리 처리해 주시고 친절 하심~
9245452,4,,"스타벅스가 위치한 장소에 따라 카페분위기는 다릅니다. 일반 커피보다 좀 진한 아메리카노가 일반적이니, 진한 커피를 싫어하시는 분들은 카페라테나 카푸치노처럼 우유가 들어간 커피를 추천해요."
9245452,4,,지인과의 약속장소 및 가벼운 대화시간에 제격인 곳!
9245452,3,,"이곳은 젊은이들의 거리, 아주 괜찮은 레스토랑으로 둘러싸여 있다. 이유는 모르겠다 하는 사람들은 훨씬 더 좋은 곳에 스타벅스가 수백."
9245452,4,,커피전문점 중에는 체인별로 가장 맛의 편차가 적은 곳이라고 생각합니다. 기대하는 맛을 만날 수 있는 곳입니다.
3911380,3,,신세계 백화점 갈 때마다 들르는데 항상 사람이 많아요. 조금 과장해서 자리 구하기가 하늘의 별따기. 테이크 아웃하는 게 마음 편해요. 커피 맛은 다른 지점과 다를 바 없습니다.
3911380,4,,위치가 위치인지라 사람 진짜 많음. 수요에 비해서 인력공급이 덜 되는건지 대기 시간이 적잖이 느껴질 수 있음. 테이크아웃 할 생각으로 가는게 좋음.
3911380,5,,"항상 사람들이 많아 바글거리긴 하지만
파트너님들도 친절하시고 음료도 맛있어요 ~
약속장소로도 딱입니다!"
3911380,4,,"엄마랑 쇼핑하다가 들러서 헤이즐넛 아메리카노와 쿨라임 피지오 마셨습니다
사람이 많아서 깜짝 놀랐어요"
3911380,3,,"Seoul, Seoul, South Korea"
3911380,3,,와이프가 별모아서 다이어리 받는다고 종종 갑니다. 아이스 아메리카노 외에 애플쥬스도 맛나요.
3911380,3,,여기는 백화점 식품관 초입에 있었는데 사람이 너무 많아서 자리를 잡아 마시는 것은 포기해야 합니다. 그러나 바쁜 와중에도 일하는 직원들이 친절해서 보기 좋습니다.
3911380,5,,"시즌별 음료가 다양해서 너무 맛있게 먹었어요. 커피를 잘 못먹는데. 예전보다 쥬스나 논카페인 음료가 늘어나서 친구들과 카페갈때 고르는 재미가 쏠쏠해졌어요~~^^
분위기도 좋고, 무료 와이파이도 되고~ 너무 좋아요"
3911380,4,,신세계 백화점 강남점에서 쇼핑하다가 다리가 아플때 힘들때면 앉아서 친구랑 쉬기 좋은곳. 백화점안에서 마실때 자리가 여유가 없긴하지만 종종 앉을때도 있음.
3911380,5,,"앞으로는 강남성모병원 옆으로는 메리어트 뒤로는 신세계가 있는 정말 요지의 스타벅스이다.
가끔 식사후 가지만 갈때마다 그 많은 좌석의 빈자리를 찾기 쉽지않다. 하지만 일단 앉으면 옆사람 신경안쓰고 수다가 편한곳이다. 커피도 맛있는곳이다"
3911380,3,,"7층으로 이전했네요~
너무 협소하고 어수선한것 같아 쇼핑하다 커피한잔하면서 잠깐 쉬는정도인것 같아요
조용히 담소나누는곳은 아닌것네요"
3911380,3,,백화점 쇼핑하다가 중간에 한번씩 들르기 좋습니다. 스타벅스이니 음료도 기본이상은 합니다. 다만 자리잡기가 어렵고.. 주문도 줄서서 할때가 많아요.
3911380,4,,백화점 9층에 위치하고 있어서 백화점 안에서 힘들 때 커피 마시기 좋아요 . 에스컬레이터로 올라가는게 좀 힘들지만 사람이 많지 않아서 아이스아메리카노 한잔 씩 합니다.
3911380,4,,별카드를 소지하지않고 샷을 추가하였더니 추가금액이 계산되었다 별다방을 좋아한다면 꼭 별카드는 구매하여 사용하는게 유리할것 같다
3911380,3,,"백화점에 있는 곳이라 항상 대기 줄이 길다. 하지만 개인적으로는 이 곳을 자주 찾는데, 그것은 백화점 내에 있는 맛있는 케익을 커피와 즐기기에 좋기 때문이다. (스타벅스에서의 케익은 비추천) 항상 사람이 많기 때문에 컴퓨터 들고 죽 때리는 사람이 없는 점도 좋다."
17604113,3,,"단독건물을 사용한 카페로 외부좌석도 있어 날씨좋은날 여유있게 음료를 즐기기 좋아요
멜버른 아이스커피란 독특한 메뉴가 있어 시켜보았는데 사진과 실제 비쥬얼은 좀 차이가 많더군요.
수박쥬스도 너무 싱거웠어요
모두 6천원 넘게 가격도 센편이었는데;;; 그냥 매장 분위기 맛에 가볼만 합니다.  
음료는 실망이었어요"
25094861,,,
10308151,5,,이 장소는 서울에있을 때 꼭 방문할만한 가치가 있지만 실제로는 너무 인기가있어서 기다려야한다는 경고입니다. 서비스는 훌륭했다. 그리고 음식과 커피는 맛 좋았다!
10308151,5,,"베네딕트와 팬케이크 중 가장 좋은 계란. 뉴욕보다. 놀라운 커피 (예 : 에스프레소 폼). 나는이 장소가 단지 3 개의 리뷰를 가지고 놀랐다. 그것은 Foursquare에서 # 3 브런치 장소로 선정되었습니다. 가격은 식품의 품질에있어 합리적입니다. 매우 신선한.

팁:
일찍 오게. 나는 일요일에 오전 11시에 도착했고 15 분을 기다려야했다. 전화를 걸어 예약 할 수 없습니다. 도착시 대기자가 대기합니다.

WiFi 암호는 iloveyou입니다.

강남에 위치하고 있습니다. 이웃은 주말에는 조용하지만 이곳은 매우 인기가 있습니다. 내부는 매우 아늑한 분위기. 크고 아름다운 군중. 방문해야합니다! ! 당신이 들어가기를 바랍니다."
10308151,5,,"아주 좋은 커피, 신선한 주스, 샐러드와 맛있는 케이크 (또한 맛있는 파니니 샌드위치, 하지만 지금까지 제가 보지 않았다). 정말 멋지고 편안한 분위기. 제가 좋아하는 방법인 식물 장식 되어 있다. 테라스 또는 발코니에 앉을 수, 매우 조용한 곳. 전반적으로, 완벽한 경험."
10308151,4,,"역삼동에 요새 핫한데가 많이생기는 듯
카페인데 브런치 메뉴도 팔고
케이크도 잇고 실내가 좀 좁지만 주차도 가능하고 커피도 팔아요"
10308151,5,,"번잡한 신사동안에 위치한 가정집을 개조한 카페입니다.
알바가 아니라 주인분이 운영을 하시는지 단골손님과는 친한듯 화기애애하게 담소를 나누는 분위기도 좋았구요
2층으로 가면 테라스도 있어서 날씨좋은날 밖에서 즐기기 좋습니다.
커피는 시지도 쓰지도 않게 적당하게 부드러운 맛이 좋았구요, 특히 티라미슈가 아주 맛있었습니다. 아메리카노와 환상궁합!"
25047499,,,
10837036,5,,"나는 앞으로 몇 년 동안 이. 전통 한국 차는 정말 멋진 곳을 시도해 봅니다, 뜨거운 물이나 음료수 등. 여러 테이블 뷰가 인사동."
34224127,,,
33422114,5,,"카페 입구부터 레트로한 감성이 가득했는데 안으로 들어가니 더 옛감성을 느낄 수 있었고, 음료와 디저트도 너무 맛있었습니다"
33422114,5,,"여기서 인생짤 건지고 1키로도 찌고 분위기에 취했슨
음료에 크로플이랑 빙수까지 야무지게 먹었는데 크로플 강강추드림 요즘 입맛 저격 누구나 좋아할 맛입니다 바닐라 아이스크림에 씨앗호떡 고명들과 꿀이 발라져있어서 허버허버 먹었어요
세운나다방 오면 꼭해줘야하는 성냥개비탑도 쌓고 너무 즐거웠답니둥 한번쯤 오길 추천~~"
33422114,5,,"서울시가 직접 선정한 서울생활핫플100 중 한 곳인
레트로감성카페 다녀왔는데 

지역 곳곳의 숨은 명소와 매력을 소개하는 프로젝트라
데이트 장소 찾을 때 참고하면 실패 확률이 1도 없어요!

옛 감성을 온 몸으로 느낄 수 있어서 재미있었고,
종로에서 중구까지 이어지는 코스라 이동도 편리했어요"
33422114,5,,레트로의 분위기가 물씬나는 카페를 찾는다면 세운다나방을 방문해보세요!
12338706,3,,"말차 케이크 식감은 엄청 꾸덕꾸덕해요
농축된 느낌인데 식감과 다르게 녹차 맛은 별로 안 나던..! 

같이 갔던, 녹차를 안 좋아하는 친구 말로는 녹차 맛이 나는 건강한 맛이라고 했어요 .. ㅋㅋㅋ

저에겐 조금 실망스러운 말차 케이크였지만, 가볍게 먹기에는 좋을 것 같은 케이크! 

느끼하거나 달달한 음식을 먹은 후에 좋을 것 같아요"
12338706,4,,다쿠아즈 맛있어요 포장해서 먹었는데. 마카롱도 먹어보고 싶었는데 돈 더 주고 다쿠아즈 샀어요
12338706,5,,두 채의 건물로 된 작은 카페입니다. 안쪽 건물은 빈백 의자로 아늑하게 되어 있고 바깥쪽 건물은 카운터랑 테이블 두 개가 있어요. 다른 것도 맛있지만 특히 마카롱이 진짜 쫀득하고 필링도 가득해서 맛있었어요.
12338706,5,,"프랑스식 디저트 까페입니다.
주문하는 곳, 좌식방, 작은 정원등으로 나뉘어져있어요.
마카롱의 종류도 매우 다양하고 제가 좋아하는건 솔트캬라멜타쿠아즈예요. 
단짠의 정석입니다 :) 
저녁때 정원에서 홍차랑 함께 먹으면 아주 운치있게 분위기 좋아요 :)"
12338706,4,,추격을하거나 짧은 휴식을 취할 수있는 좋은 곳입니다!
11778748,4,,"을지로3가 인쇄골목에 간판도 제대로 없이 영업을 하는 카페 겸 바 입니다. 쇠락한 인쇄골목이 주는 독특한 느낌과 을지로3가만의 감성을 고스란히 잘 살린 공간입니다. 덕분에 인기가 많아요. 배를 채울 만한 메뉴는 거의 없다시피하니, 말 그대로 간단하게 술을 마시거나 음료를 마시기에 적합한 곳 입니다."
11778748,3,,분위기가 좋은데 자리가 많이 없어서 웨이팅이 잇는 경우가 많네요 낮에는 카페고 저녁에는 맥주 마실수 잇고 일부 식사 메뉴도 잇어요
11778748,3,,"Seoul, Seoul, South Korea"
11778748,5,,"을지로 인쇄골목안에 있는 카페입니다
간판도 거의 없습니다 아는 사람만 찾는 곳이구요
공방을 겸하고 있어 구경도 하고 구입도 할수있습니다
아늑한 장소를 원하신다면 추천해요"
11778748,4,,"위치가 을지로인데 처음가시면 찿기 힘들수 있습니다.
간판도 작구요.

근처가 대게 회사라 저녁에는 조금 어두워요.

음식을 먹으러 가기보다는 가볍게  한잔 하러 가기 좋은 곳입니다.
디자이너 분들의 작업도 보실수 있구요. 
구매도 가능하답니다.
 
엘리베이터가 없어서 걸어 올라가고 내려와야 하는 단점이 있습니다."
19757897,,,
3939437,3,,JYP 이전하기 전에 팬들 대기소로 사용되던 곳입니다. 항상 사람들로 북적이던 곳인데 JYP 이전 후 한산해졌습니다. 일반적인 체인점입니다.
3939437,4,,아침에 너무 늦게 가면 베이글이 똑 떨어져가지고 먹을 수가 없는 곳이다. 베이글에 크림치즈가 가장 맛있다. 베이글에 크림치즈와 커피를 먹으면 딱 좋은 곳이다. 서비스는 친절하다.
9245441,5,,언제나맛있는커피... 위치가좋아서 언제나사람들이많고북적이네요 한가하게커피마시기엔비추... 창가에 노트북작업하기좋아요
9245441,4,,조용한 곳 좋아하시면 여기는 피하셔야 할 듯
9245441,4,,양재역 근처에 있는 여러 스타벅스 중 하나에요. 가정법원 건너편에 있어요. 오후에 가서 테이크아웃 했는데 빈자리는 별로 없어보였어요. 매장은 예뻐요.
9245441,5,,"친절한 직원들이 있어서 기분좋고
커피도 정성껏 만들어줍니다.
항상 사람이 북적이고요.
친구들과 약속장소로 하기 좋아요."
9245441,5,,"커피 전문점 치고 너무 사람이 번잡하고 많습니다.

여러가지 원두 및 커피를 판매하고 있습니다.

방문 했었던 때가 점심 나절이었는데.

커피를 주문하는 줄이 상당히 길었습니다.

매장 자체는 아주 크지 않고 중간 크기 정도 었구요.

와글 와글 해서 조용히 사색하는 장소로는 적당하지 않은듯 하네요.

하지만 남향이라 햇살이 잘들어 창가쪽 자리입니다.

근처 지나다 잠시 미팅 플레이스로는 삼아도 좋을듯 합니다.

아이스 아메리카노를 마셨는데 커피 맛은 물을 좀 많이 섞은듯.

닝닝하더군요."
9245269,4,,"생각보다 많이 시끄럽지않은.
그리고 의외로자리가 여기저기 많은.
리저브가 하나쯤 있음좋을, 3개나 근처에 스벅이 있는곳이지만 없어서아쉬움"
9245269,4,,외대앞역에서 외대가는길에 딱 있는 스타벅스에요. 사람들이 많이 다니는 길목인거 같은데 매장은 생각보다 작네요. 커피한잔 테이크아웃했어요.
9245269,4,,"지하, 1층, 2층 총 3개 층이라 자리가 많습니다. 점원분들은 친절합니다. 공부하는 분들이 많으셔서 매장은 조용한 편입니다. 매장에 콘센트가 많지 않습니다."
9245269,4,,"스타벅스 외대점을 자주가는데 지하에도 있고 2층도 있고 노트북들고 책읽으러 자주가는곳 
친구와 자주방문하는데 별을 쌓을 수 있어서 좋다"
9245269,5,,날씨도 넘 더워서 아이스아메리카노 먹으려 들렸습니다 요새 같은 무더위 시원한 까페에서 찬 음료가 딱이지요 별샤워 이벤트중이라 더욱 좋구요 친절해서 더 만족입니다
9245269,4,,간단히 시간 때우거나 책보기할 때 좋습니다 확장 후엔 좀 더 쾌적한 느낌이 들구요 암튼 주고객이 학생들이라 책보는 분들도 많은편이에요
9245269,5,,"2층까지 있는 지점인데 그 전에는 뭔가 답답한 느낌이 들었다면
이번에는 1,2층 모두 확장을 하면서 좌석간의 거리도 조금 더 멀어지고 쾌적해진것 같다.
좀 더 편하게 이용할 수 있게되어 좋다."
9245269,3,,대학 앞의 하나밖에 없는 스타벅스라 거의 항상 시끄럽습니다. 매장은 좁은 편입니다. 테이크아웃만 추천합니다.
9245269,4,,학교앞에 있어서 학생들이 주 고객이라서 그런가 자리를 차지하면 노트북키고 공부하는 분위기가 대부분인것 같아요. 자주 찾는 편인데 시끄럽지 않아서 좋습니다. 다만 쇼파자리를 차지할때 발을 좀 내리고 사용했음 하는데 그런 에티켓을 지키는 사람이 별로 없어서 아쉽네요.
10078578,5,,"퀄리티 Caf. 적절한 세부 사항. 
콩 선택, 선택키를 누릅니다. 자주 자기 수용 한 외국인. 리뷰 쓰기 에 좋은 곳은 무시하고 편안한 전화 surrroundings."
10078578,4,,"좋은 커피, 차, 차와 라테. 항상 주위 음악 또한 좋은 카페 르. 이태원 중심에 위치한 (외국인의 지구는 서울), 훌륭한 고객 서비스를 제공하는 바리스타 모두 영어를 잘 해서! 그들은 그 간장, 저지방 우유 및 일반. 디저트가 조금 제한된, 하나는 바나나 빵을 좋아하지만, 이 호텔은 괜찮은. 계란 베이글 샌드위치도 꽤 좋아요. 여기에 갈 수 있는 커피와 약간의 읽기, 하지만. 무료 와이파이!"
17579865,5,,입구에 한자로 가배도라고 적혀있어 잘 찾아가야합니다. 넓은 매장에 자리간격이 넓어 여유롭게 즐길 수 있는 곳입니다. 티라미수는 맛있는데 숟가락이 나무재질인게 단점
9245521,4,,"스타벅스는 많은 지점이 있지만, 반포역점은 지하철과 버스를 타고 가기 편한 곳이다. 지하철역에서 에스컬레이터를 타고 올라오면 바로 코 앞에 매장이 보이며, 버스에서도 작은 길 하나만 건너면 만나볼 수 있다. 강남쪽 사는 친구를 만날 때나 노트북을 들고 가 글을 써야 할 때 주로 이용한다. 항상 사람이 많아 자리가 없을 때도 있는데, 그럴 때는 어쩔 수 없이 테이크 아웃을 해야한다."
9245521,4,,편하게 방문하기 좋은 카페입니다. 커피 종류가 다양하고 가격도 그렇게 비싸진 않은 것 같습니다. 손님은 좀 많은 것 같습니다.
9245521,3,,"Castelnuovo del Garda, 이탈리아"
9245521,3,,역근처이지만 주변에 주거아파트가 많고 마트.상점.식당들이 있는 작은 타운 위치라서 정감있고 좋습니다. 실내는 큰 편이라 시끄럽지는 않습니다.
9245521,1,,스타벅스 직원 같지 않은 불친절한 직원들
9245521,4,,사람도 적고 햇빛 좋은 곳에서 제대로된 커피를 즐길수 있다
9245521,5,,커피 맛있어요 직원들도 친절하고 내부도 완전 깨끗해요~ 주차시설이 좀더 잘 되어 있었으면 좋겟어요
9245521,4,,"항상 사람이 많아요~ 자리가 부족한게 아쉽네요.

맛은 여타 스타벅스와 동일하고요..
특별히 친절한지는 모르겠습니다~~

테이크아웃하기에 적합한 매장.."
9245521,4,,"반포역 출구 바로 옆에 있습니다. 규모는 그리 크지 않은데 항상 사람들이 꽤 많습니다. 아무래도 주변에 스벅 만큼의 퀼리티를 제공하는 커피숍이 없기 때문에...

음식점 및 롯데슈퍼가 있는 뉴타운상가 1층에 있기 때문에 아무래도 위치상 유리한 면이 있네요. 나머지 커피나 메뉴, 매장 분위기 등은 다른 스벅 매장과 다를건 없습니다."
9245521,3,,역 앞 위치라 잠깐 누글 기다리기 좋다. 낮에는 한가 롭지만 저녁에는 꽤나 붐빈다. 나머지는 다른 스타벅스와 동일
9245521,5,,제대로된 커피를 즐길수 있고 좌석도 편하고 많아요
9245521,4,,우선 동네 스타벅스치고 자리들이 많습니다. 직원들도 친절하고 잡지들도 많아 시간 보내기에도 좋고 바 스툴들이 잇어 혼자 가서 시간 보내기에도 좋습니다.
3972176,4,,"내부도 쾌적하고 다양한 맛을 골라먹는 재미가 있는 베스킨라빈스에요. 아몬드봉봉, 피스타치오아몬드, 쿠키앤크림은 늘 맛있네요."
3972176,5,,달콤하고 맛있는 체리쥬빌레 아이스크림을 먹으러 갔어요. 겨울이라 따뜻한 매장에서 차가운 아이스크림을 먹으니 기분이 좋아요.
3972176,4,,"아이스크림도 많이 주시고, 동네에서 꼭 들르는 매장이었는데, 최근에 좀 더 카페처럼 내부 수리를 해서 더 분위기가 좋아졌어요. 요즘은 아메리카노를 거의 모든 (?) 외식업체에서 취급을 하는데, 여기에서도 카페 브리즈라고 해서 커피를 3천원에 팔아요. 가끔 행사로 1500원에 팔기도 하는데, 약간 쓰고 맛은 없었지만 커피 한 잔 앞에 놓고 시간 보내기에는 문제가 없었어요"
3972176,2,,다양한 종류의 아이스크림을 파는 곳. 특별한 아무것도. 서울의 디저트가 많습니다. 이는 서양 저장할 수 있습니다.
3972176,5,,"베스킨라빈스31에 가서 꼭 시키는 메뉴는 아몬드 봉봉! 콜드스톤 아이스크림을 더 좋아하긴 하지만 아몬드봉봉을 먹고싶어서 베스킨라빈스31에 방문하게 되네요 
가끔 31일에 사이즈업 이벤트도 있으니 그때 이용하면 더 좋아요!"
3972176,5,,"방배역에서 가깝습니다.
다양한 맛의 아이스크림을 먹을 수 있어서 식후에 들르면 좋습니다. 가장 맛있는건 요거트아이스크림^^"
9245304,5,,"통창도 좋고 그 너머로 보이는 가로수 큰 나무들 바람에 나부끼는 것도 좋고, 조용한 시간에 가서 창가에 앉아 있으면 머릿속 환기 되는 것 같아요"
9245304,4,,사람이 붐비지 않고 주문이 빨리 나옴~ 역시 따뜻한 아메리카노 한 잔~맛이 진하고 맛있다~서비스도 친절하다~
9245304,5,,"가로수길 입구 건너편에 있어서, 가로수길보다 훨씬 조용한 분위기라 좋습니다. 매장이 2층에 있어서인지 다른 스타벅스와는 색다르다는 느낌입니다. 좌석도 많은 편입니다."
33334062,,,
3943762,4,,"지금은 간식의 종류가 많아 선택할 수 있는 것들이 많이 있습니다.
예전엔 던킨 도너츠가 최고의 간식 중 하나였습니다.
특히나 하얀 설탕 가루가 뿌려진 도너츠들은 정말 매력있습니다.

도너츠 가게 이지만 커피도 추천 드립니다.
던킨 오리지널 커피는 믹스 커피 좋아하시는 분들에게 추천 드립니다.

그리고 아침 메뉴도 참 좋은데, 잉글리시머핀샌드위치나 베이글은 아침식사로 하기에 참 좋습니다."
3943762,3,,신촌역에서 가까워서 지나가다가 베이글이나 도넛이 먹고 싶을때 들르게 되요. 던킨도너츠의 블루베리베이글에 크림치즈 발라서 아메리카노와 함께 먹으면 너무 맛있어요.
3943762,3,,신촌역이랑 가깝고 추운 겨울에 더욱더 생각나는 도너츠입니다. 만남의 장소로도 이용되어 따뜻한 아메리카노 한잔과 달달한 도너츠의 맛은 일품입니다. 다양한 도너츠를 즐길 수 있어 더욱 좋습니다.
3943762,4,,"도넛을 좋아하지 않아 자주 가진 않지만,
아침시간대에 모닝콤보를 먹을 수 있는데,
인터넷에서 저렴하게 구입할 수 있어 여러번 가보았습니다.
커피와 셋트로 있어 이른 아침 간단하게 먹기 좋으며
먼치킨도 맛있습니다."
3943762,3,,"가끔 배고플 때 도넛 먹으러 갑니다.
커피도 저렴해서 먹구요. 가성비 맛 괜찮아요.
다만 좀 시끄럽."
3943762,5,,"구운 케이크 는 폭 / 후라잉된, 누구나 후회 던킨 도너츠 서울 에 가 ㄹ 수 없 다. 필요한 경우 신속하게 달콤하 ㄴ 고정 점 을 단지 머리 던킨, 타로 frap 하 고 맛있 어요; )"
12980552,4,,"강서구 우장산역 근처 빵집입니다. 각종 유기농 재료로 만든 빵으로 유명한 집인데, 오전 10시에 문을 열고, 보통 12시 이전에 빵이 모두 다 팔립니다. 치즈식빵을 먹어 보았는데 식감이 좋았습니다."
9435720,4,,라떼와 편안한 환경을 즐기러 이곳에 왔습니다. 카페는 잘 꾸며져 있고 편안하며 조용합니다. 편안한 분위기의 재즈 음악이 스피커에서 연주되었습니다. 라떼는 크기가 크고 맛있었습니다. 무료 인터넷이 있고 조용한 곳이기 때문에 공부하기에 완벽한 곳입니다.
9435720,5,,짧은 정지 에 완벽한 곳. 분위기가 좋은 커피 입니다. 좋은 인터넷 connecion. 새 트렌디한것을.
9435720,5,,이름 그대로  팩토리 스러운 인테리어라고 할까~~
27141342,5,,성수 카페 타임애프터타임 (공간과 디저트가 좋아요)
33687429,5,,"영화와 감성이 섞인 작은 아지트 같았던 카페입니다.
영화 포스터와 굿즈들이 사방에 깔려 있어 영화광뿐 아니라 감수성 가득한 사람이라면 한 번쯤 둘러보고 싶어지는 곳. 스크린 앞 팝콘 한 봉지만으로도 특별한 시간이 돼요. 특히 혼자 감상에 젖고 싶은 순간에 최고입니다."
33687429,5,,아메리카노 한 잔 가격에 낭만적인 영화 관람이 가능한 곳
33687429,5,,"영화 덕후들의 성지, 홍대 이색 영화관 카페"
25435904,,,
33285880,,,
9245909,5,,스타벅스 커피 맛있어요. 지금 마침 별 추가적립 해주는 기간이라 더 자주가게 되는것같아요.
9245909,4,,스타벅스는 매장이 항상 활기차네요.. 사실 이렇게 비싼 커피를 이렇게 많은 사람이 즐긴다는게  이상하기도 해요..
9245909,4,,사용하는 카드 중에 스타벅스 혜택을 주는 카드가 있어서 자주 이용합니다. 가격은 비싼편이지만 커피맛은 확실히 괜찮은 듯 싶네요~
9245909,5,,"국내든 해외든 자주돌아다니기 때문에... 스타벅스가 고맙게 느껴질 때가 있어요

내가 언제 어디서든 익숙한 메뉴와 프로세스로 주문을 할 수 있기 때문이죠.

직원들도 친절하고, 메뉴를 내옴에 있어서 실수도 없고..

각 도시의 컵이나 텀블러 모으는것도 재미있고..

스타벅스..생각보다 저렴하게 먹는법도 많아요! 추천합니다."
34280300,,,
9245652,4,,구의역 1번출구 나와서 병원많은 건물 1층이에요. 내부는 여느 스타벅스 매장과 비슷합니다. 평일 오전이라 사람이 별로 없어서 좋았어요.
9245652,4,,"느긋하게 아침식사 하기 좋은 곳입니다.
베이글도 맛있고 라떼 와 잘 어울려요.
서비스도 빠르고 개인머그잔 가져가면 음료는 할
인해줍니다"
9245652,4,,"Seoul, Seoul, South Korea"
9245652,5,,"구의역에 가까이 위치해서 교통이 편리하고 좋다
나는 개인적으로 녹차 푸라푸치노를 좋아해서 잘먹고 빵도 맛있고, 내부에 노트북하는 사람들이 많이 보인다"
9245652,3,,"세계적인 커피체인이라 좀 나가는 가격,다양한 종류,편한 소파등이 있는 곳입니다.대학가 근처가 아니라서 고객 회전율은 타점보다 빠른 편입니다."
9245652,3,,다른 스타벅스에 비해 이곳 매장은 매장 바로앞에 주차가 용이하다는 장점이 있다. 출입현관에서와달리 매장이 큰 편이다.
9245652,5,,"구의역 1번출구 바로 앞에 있고, 공간도 넓고, 직원분들도 친절합니다.
커피맛은 여느 스타벅스처럼 다 같습니다.
밖에서 보는것과 달리, ㄷ자 모양으로 안쪽에도 공간이 넓어요."
9245652,3,,스타벅스매장이 주차가 쉬운곳은 그리 많지 않다. 이 매장의 경우 주차여건이 매우 좋다. 매장 크기는 입구에서 보기보다는 큰편이다
26661943,,,
9141834,4,,정말 다락분위기 입니다. 1층은 앉을자리는 주문만 가능합니다. 직접만든에이드 종류가 많으나 단음료를 싫어해 맛보지는 않았고 커피가 진한편은 아닙니다.
9141834,5,,크기가 크지는 않지만.. 아담한 분위기
9141834,5,,"22 1월 9일 방문한, 2018

커피까지 정말, 의심의 여지 없이

나는 이. 아내와 함께 완벽한 시간.

또한 우리에게 완벽한 친절합니다.

저는 서울에 다시 여행 때 이곳에 다시 방문할 겁니다. :)"
3939006,3,,역 바로 앞이라 오다가다 커피한잔씩 사러 들리기 좋은곳이에요. 친구랑 약속있을때도 이곳에서 만나면 편하고요. 메뉴나 매장 분위기는 보통의 던킨 생각하시면 됩니다.
3939006,4,,"다른 곳과 같은 그냥 던킨도너츠네요.
지하철 안국역 바로 앞이라서 간단히 출근길에 아침으로 머핀이나, 커피와 도넛 먹기 편해요."
3939006,3,,구운 치즈가 든 계란 에 치즈 머핀을 쳐 본다. 둘 다 아주 좋습니다. 서비스는 좋았습니다. 카페의 위치는 아주 좋습니다.
3939006,4,,"역 바로 앞이라서 자연스럽게 들어갈 수 있습니다. 베이글이나 핫밀과 함께 커피 한 잔을 마시면 든든해요! 인사동과 북촌, 양쪽으로 가는 초입에 있어서 더욱 자주 들르게 됩니다."
3939006,3,,"던킨 도너츠 안국 역 이 위치 하 ㄴ 지하철 노선, 오렌지 라인 3. 구석 이 Samil - daero 및 Yulgok 로로. 이 목록에 에 이제 동 종로 의. 이 에 고궁 과 인사 동 지역 에 편리 하 ㅂ니다. 그것 은 일반 과 도넛, 패스트 리, 샌드위치, 각종 음료 및 차갑 고 따뜻하 ㄴ 뷔페. 작 은 규모 의 샵 이 지만 필요 하 ㄹ 경우 를 위하 여 간식, 음료 나 과자. 오른쪽 구석 에 편리 하 ㄴ 위치, 인근 메트로 2, 3 번 출구 이용."
13778740,5,,"믿고 찾는 폴바셋입니다 
매장도 넓고 편안합니다."
13778740,4,,정말 사람 많은 카페입니다. 디저트 쪽이 괜찮고 다른 카페 대비 라떼가 확실히 맛있어요. 진하면서도 부드럽네요. 사람만 좀 적었더라면 좋았을 듯.
13778740,3,,"Seoul, Seoul, South Korea"
9715812,5,,"진짜 입에서 녹아요
이게,, 지방 어디서 유명한게 서울에 올라온건데
서울 유일하게 저희동네 딱 한군데에 있어요.

위치가 애매해서 자주는 못가지만 진짜 맛있습니다!"
13287916,4,,이디야 커프숍 중 주변 환경이 좋은 곳 중 한곳으로 추천합니다. 아직은 덜 붐비는 마곡나루 역 지역과 서울식물원이 바로 옆이라 산책과 공원뷰가 좋습니다.
13287916,4,,주변에 카페들이 워낙 많아 점심시간에 가도 붐비지 않고 조용한 편이예요. 커피도 대체로 맛있구요. 멤버십 적립도 하다 보니 가성비 좋은 이디야를 자주 찾게 되네요. 근처 출장왔다가 들르기에도 좋아요~
13287916,4,,"메뉴 나오는 것도 빠르고 매장도 넓어서 좋다
예전에 비해 메뉴 가격은 전반적으로 비싸졌지만 그래도 다른 프렌차이즈보다는 착한 가격이라 좋다"
13287916,5,,"이디야는 프랜차이즈라서 기본 이상입니다
자리도 깔끔하고 역 바로 앞이라서 위치가 찾기에도 간편합니다 저렴한편이에요"
9245289,4,,"커피맛은 누구나 아는 그 맛. 다른 곳의 스타벅스에 비해 작은 편이지만, 대신 조용하고 아늑해요. 극장 밑이지만 소란스럽지 않아 좋아요. 구석에 앉아 커피를 마시며 책을 읽기에도 좋은 곳이에요."
9245289,1,,오더받는도중 한숨을쉬지않나 재대로들리지않아 되물었더니 짜증섞인말투와 인상쓰면서 주문을 처받는게 말이됩니까 ㅋㅋ
9245289,4,,서울극장내에 위치하고 있어서 영화시간 기다리기에 딱 좋습니다. 커피야 당연히 맛있고 케이크 및 여러가지 간단하게 먹을 수 있는 음식이 있어서 좋습니다.
9245289,5,,"아침시간대에 사람이 적어 조용하게 아침식사하기 좋습니다.
오늘의 커피는 맛이 좀 들쑥날쑥하지만 라떼는 부드럽고 진해요."
9245289,4,,"Seoul, Seoul, South Korea"
9245289,5,,"종로3가역 근처 서울극장에 위치한 스타벅스입니다. 다른 지점과 마찬가지로 친절한 스텝과 깔끔한 분위기, 그리고 평타 이상의 스타벅스 커피 맛나게 먹고왔네요^^ 추천드려요!"
9245289,3,,매장이 아주 큰 분위기는 아니지만 조용한 분위기라 추천합니다. 스타벅스 커피맛이야 어디를 가든 비슷하구요. 종로에 생각보다 스타벅스가 많이 없어서 깜짝놀랐습니다. 여기도 조금 길 안쪽에 있어 잘 눈에 띄지는 않네요
9245289,4,,"근처 위치한 호텔에서 숙박하여 방문햇던 곳입니다 ㅎ
위치는 종로3가 15번출구 하고 가깝고요 ㅎ
프랜차이즈 여서 맛은 크게차이는 없지만 그래도 
언제 먹든 커피프라푸치노는 너무 맛잇네요 ㅎ
매장도 깔끔하고 이야기 나누기 좋은 장소 였습니다 ㅎ"
9245750,3,,"시내의 다른 스타벅스와는 달리 덜 붐비는 장점이 있다. 역에서도 가깝고, 하지만 스타벅스이기 때문에 별다른 특징은 없는 것이.."
9245750,3,,"메뉴는 보통의 스타벅스이지만, 간판이 한국어로 되어 있다는게 특이한곳인거 같아요. 그런점에서는 sns 인증샷 함께 찍기 괜찮죠."
9245750,5,,"다른 스타벅스에 비해 탁자 간격이 넓고 한산해요.
2층도 있고, 전체 숍 크기가 넓어서 분위기가 좋은 편이에요. 안국역 바로 앞에 위치해요."
9245750,5,,"안국역 근처에 스타벅스가 많이 생겼네요.
근래에 생긴 곳이라 깨끗하고, 널찍합니다. 
커피 마시며 오래 있어도 눈치 안 보이는 곳입니다."
9245750,4,,북촌 한옥마을/인사동 일대에서 가장 조용한 편
9245750,4,,비즈니스 미팅 후 커피를 마시기에 좋은 곳
9245750,3,,"말 그대로 보통의 스타벅스.
스타벅스 중에는 주차 가능하고 접근 가능한 곳도 많은데,
이곳은 입구에 몇 개의 계단이 있어 휠체어 접근은 어려움"
15187528,5,,나는 blute 수집에서 향수 작업장을했다 그리고 그것은 환상적이었다. 소냐는 매우 전문적입니다. 여기서 자신의 향수를 만들 수 있습니다! 환경은 여기에서 아늑합니다! 너희들이 와서 가입하는 것이 좋습니다. 그녀는 유창한 영어를 말할 수 있습니다!
15187528,5,,당신이 냄새를 맡고 그중에서 좋아하는 향기를 선택하고 자신의 고유 향수를 만들 수있는 최대 24 가지 향기가 있습니다! 소냐는 매우 훌륭하고 전문적이며 향수를 완벽하게 만들기 위해 조언을 제공합니다. 시도해 볼 친구들을 추천하고 싶습니다!
15187528,5,,이 향수 및 카페는 식히기 좋은 곳입니다! 내부 분위기를 좋아하고 서울의 다른 카페와는 매우 다릅니다. 나는 향수 만들기 수업에 참여했고 sonya는 매우 친절하고 영어에 유창했습니다! 여기의 음료도 좋습니다 :) 경험이 예상보다 확실히 좋았습니다!
15187528,5,,"이곳은 카페트와 향수 브랜드로 운영되고 있습니다. 내부 디자인은 환상적이었고, 커피의 맛은 좋았고 직원도 친절했습니다. 또한 나는 향수의 물건을 둘러 보았다. 그리고 모든 냄새는 사치였다. 희망을 즐기고 일부 디퓨저를 선택하십시오. blutecollect urs의 큰 팬!

??? ??? ????????. ???? ???? ?? ???? ???????? ?? ? ?????????? ???????. ????? ???? ????? ???? ??? ???? ???? ??? ?????."
15187528,5,,"남프랑스에 온 듯한 느낌, 고혹적인 분위기와 달콤한 자두라떼는 사랑이에요~💕나만 알고싶은 카페로 할래요~ 사장님도 너무 친절하시고 좋아요❣️"
15187528,5,,"이 카페의 따뜻한 기분이 너무 좋다. 이 장소는 실제 향수로 운영되는 쇼룸 & 카페입니다. 인테리어와 분위기는 매우 고전적이고 골동품입니다. 커피와 공간, 그들에 의해 팔리는 향기도 아름답습니다! 커플이나 랩탑 작업을하고 싶은 사람들에게도 좋습니다. 추천! ! 평온한, 변덕스러운, 낭만적 인! !

??? ???? ?? ? ??. ????? ???? ???? ????? ?????. "","", "" ?? ?? ???? ?? ??? ??????? - ???? ??? ?????? ?? ?? ? ! !"
3938914,4,,"지하철역에서 나오면 바로 있고

꽤 오랫동안 자리를 지키고 있는 곳입니다.

예전에 평창동 쪽에서 일할때

버스타기 전에 자주 들렸던 곳이네요."
3938914,4,,저는 친구와 함께 살 수 있기를 하기로 하고 도넛과 커피. 변경다른 모든 던킨 도너츠 상점 였습니다. 직원들은 좋고 깨끗하고 손님이 없었다. 만약 제가 다시 에 다시 갈 거 예요.
3938914,4,,"아메리카노 무료 쿠폰이 생겨 방문하였습니다. 보통 무료 쿠폰 손님에게는 딱딱하게 대하는 것이 보통인데, 추가 주문을 하지 않고 무료 음료만 받았음에도 불구하고 직원 두 분이 모두 친절하게 대해주셨습니다. 경복궁 역에서 가깝고 유리창 밖으로 거리 전경이 보이는 좌석이 여러 곳 있어서 조용히 차 마시기 좋습니다. 커피 맛도 좋았습니다."
3938914,5,,"3호선 경복궁역 3번출구와 가깝습니다. 도너츠를 좋아하는 저로서는 던킨도너츠를 자주 들르는 편인데, 사실 던킨 도너츠 맛이 거기서 거기입니다만, 그래도 맛있습니다. 주전부리 용으로 좋습니다."
3938914,4,,학교 가는 길에 자주 들리는 곳이예요. 경복궁역 3번출구 바로 앞에 있어서 찾기 쉽구요~ 간편하게 커피와 도넛 먹기 좋아요!
3938914,3,,지하철 역 출구 바로 앞이라 위치는 좋은데 매장이 작고 화장실이 매장 내에 있는게 아니라 매장 밖으로 나가야해서 불편했어요. 그래도 간단하게 커피를 마시거나 간식을 먹기에 불편함은 없을거 같아요.
3938914,4,,경복궁역 3번출구로 나오면 바로 앞에 위치하고 있어 찾기가 쉽습니다. 프랜차이즈이니 맛이 특별할 건 없지만 약속장소로 정하기에는 좋습니다.
9245600,4,,Via 커피를 구매하러 퇴근길에 방문했어요 2층에도 좌석이 있는 넓은 스타벅스예요 시청역에서 소공동쪽으로 가는 방향에 있는데 수요일 오후 3시쯤 갔는데 정말 한가했어요 조용한 스타벅스를 가고싶으시가면 추천해요
9245600,4,,"조선호텔 스타벅스 맞은편에 위치한 곳인데 위치가 애매해서 찾기 어려운 지점이긴합니다.
주로 조선호텔(소공동점)에 자주가지만 이곳도 자주갑니다.
2층으로 되어있어 우선 점심시간에 가도 앉을 곳이 넉넉해서 좋습니다.
점심시간에는 근처 어느 스타벅스를 가든 직장인들이 많은데 이시간만 피해가면 좋을것네요.
커피맛은 여느 스타벅스나 비슷합니다."
9245600,4,,명동시내 중에서는 가장 조용한 스타벅스가 아닐까싶다. 호텔바로 앞이라서 외국인들이 많아서 구경하는 재미가 쏠쏠하다.
9245600,5,,"근처 호텔에 숙박시 이용했었는데, 독특한 외관으로 사진찍기 좋습니다. 외국인이라면 세계적인 프랜차이즈 커피를 찾는데 의심없이 고를수 있을것 같아요."
9245600,4,,"이탈리아에선 못봤네요 ㅎ 
참...서울이 직장이면 좋은것도 있지만 안좋은점은..비싼 점심을 먹고 비싼 커피를 마시고.....많은 사람이 그러니 나만 안그럴수도 없고....그러다 보니 자주 가는 스타벅스인데 저는 주로 에스프레소를 마십니다. 아니면 오늘의 커피나요. 그게 제일 가격이 저렴한 편이라..."
33344894,,,
9245488,4,,"평소 개인적으로 당산역을 자주 가다보니, 일주일에 두 세번씩은 방문하는 곳입니다.

* 위치 : 당산역 1번 또는 13번 출구로 나오면 바로 보이는 곳으로, 찾기 어렵지 않고 접근성도 좋습니다.

* 맛&서비스 : 우리가 기대하는 그 스타벅스 맛과 서비스입니다 :) 1층은 자리가 적어서 2층으로 보통 이동해서 이용합니다."
9245488,4,,당산역 1번출구에서 나오자마자 바로 보여요. 매장내부는 쾌적한데 사람이 많이 다니는 위치라 조금 붐비기는 합니다. 모닝커피 테이크아웃 한잔 좋았어요.
9245488,5,,당산역이랑 무척이나 가깝네요. 쉽게 찾을수 있어서 좋아요. 혼자 시간을 보내기에 참 좋습니다. 커피맛은 늘 그렇듯 좋아요. 친절하고 좋았어요.
9245488,4,,"Seoul, Seoul, South Korea"
9245488,4,,역근처고 위치도 좋고 사람이 많긴해요 집근처가 가끔 가는데 사람이많아요 크기도 크구요ㅋㅋㅋ
9245488,4,,스타벅스가 편안해서 보통 공부하기 좋은데 항상 같은 맛을 유지하고 공부할수 있는 특별한테이블이 여기는 여러개 있어서 좋아요. 매장이 워낙 넓직하고 화장실도 깨끗해서 좋은 편입니다. 2층 매장에도 직원분이 자주 오셔서 치우셔서 매장 자체가 깔금하게 운영되서 너무 좋아요.
9245488,3,,당산역에 자주 갈일이 별로 없는데 우연히 약속이 있어 들렸던 곳입니다. 다행히 스타벅스가 있어서 저녁을 먹고 후식으로 이용할 수 있었습니다. 개인적으로 돌체라떼를 즐겨마시는데 이 곳 역시 맛있는 돌체라떼를 마실 수 있었어요. 2층으로 되어 있어 자리도 많아보이고 좋습니다.
8587679,5,,"이 곳의 최고의 커피를 서울에서
매우 고급스런 곳 high - end 장비와 훌륭한 바리스타
아주 친절한 직원들
딱 좋은 커피를 좋아한다면, 볶은 사내"
8587679,5,,"방금 연 에 마지막 주 입니다. 새 카페에서 커피 로스터 소마 성북 오퍼링 - 동. 아주 멋지게 situationed 주 대사관 근처에 있는 대중 교통이 편리하고, 쉽게 걸어갈 수 있는 경우 또는 전달을 위해. 

내부 인테리어는 매우 독특하고 신선한 분위기. Eccletic, 지원하지만 매우 세련된 장식,. 편안한 좌석. 작은 도서관과 하고 매력적인 분위기, 아름다운 음료를 즐길 수 있고. 또한, 이들을 위한 방이 구이 마쉬 적용 중 였습니다. 아주 멋진. 

가족이 소유하고 운영하고 있었다. 아주, 아주 친절한 사람들. 따뜻한 환영 인사와 친절한 서비스를 제공해 주었다 진심으로. 볶은 콩 에서 저는 좀 특별한 예멘. 할 수 있는 다양한 선택! 아주 특별한. 또한 저희의 라떼 아이스 도 아주 맛있 었다. 작은 가게가 있는 커피 용품 전문 가정 구입할 수 있습니다. 

나는 정말 여기에 들러 커피를 추천합니다! 새로운 비즈니스, 운영 하고 친절한 사람들 - 내 가 지원하는 특별한 경험이 하기에 바랍니다."
4029493,4,,시내 중심에 있는 카페라 사람이 엄청 많아요 그래도 분위기도 괜찮고 친구랑 수다떨기 딱 좋습니다 무난하고 아메리카노 괜찮아요
4029493,5,,세종문화회관 바로 뒤에 있구요. 위치가 좋고 그리고 매우 크고 넓어요. 서버분들도 친절하고 제일 좋아하는 바닐라라떼 자주 마시러 갑니다.
4029493,5,,매장이 넓고 창가 쪽 자리가 많아서 밖을 구경하기에 좋아요ㅎㅎ 분위기도 있고 맛도 있는 카페예요!
4029493,5,,일단 공간이 넓고 좌석이 많아서 정말 좋습니다. 티라떼메뉴를 좋아하고 바닐라파우더가 들어간 메뉴들 맛있어요!
4029493,4,,이번 커피빈에서 콜드브루가 출시되었더라고요. 프로모션으로 음료 구매시 골드브루 하나를 주더군요. 맛 괜찮습니다.
4029493,3,,"시내 중심이라 사람이 정말 많습니다. 식사 시간대만 피하면 여유있게 커피 한잔 하기 좋습니다. 매장도 넓어서 좋더군요. 단, 흡연실이 있어서 담배 냄새가 아쉽습니다."
4029493,5,,"바닐라라떼 먹고싶을 때 마다 가는 곳!이죠잉
스타벅스를 더 자주가긴하지만, 커피빈 바닐라라떼만한 곳은 없다고 개인적으로 생각해요 ㅎㅎ"
4029493,4,,좌석이 여유있으나 커피맛은 평범한...
4029493,3,,단거를 좋아하지만 여긴 과하게 달아서 갈 때마다 늘 덜달게 해달라고 요청을 해도 달아요ㅋㅋㅠ우유거품은 진짜 선수급이신데 그 부분만 아쉽네요.
4029493,4,,"커피빈 베스트 오브 베스트는 헤이즐넛 아메리카노! 아메리카노에 헤이즐넛 파우더를 넣었을 뿐인데 우유맛도 나서 라떼 같구, 달달함이 연한 카라멜마끼야또 같아요~칼로리 낮은 마끼야또? 그래서 만족해요!"
4029493,5,,"독특한 분위기나 맛이 있는건 아니지만 가장 편안한 곳입니다. 위치도 대로변에 있고, 늘 마시던 맛의 커피를 내어주니까요. 다른 곳보다 다양한 간식과 식사대용 빵이 있어서 간단히 한 끼를 하기도 좋습니다."
4029493,4,,공간이 넓어서 아기를 데리고 가기에 눈치가 보이지 않아 좋습니다. 맛이야 다른 커피빈과 다를 바 없습니다.
4029493,4,,커피빈 광화문점은 번화가에 위치해있어서 오다가다 자주 방문해요. 커피빈이라 대체로 커피도 맛있구요
4029493,4,,주변 커피빈 매장중 가장 크지 않을가 싶습니다.  그만큼 자리 여유가 생기기 쉬운 곳이고 눈치 안보고  쉬어가기에도 좋습니다.
4029493,4,,광화문 근처 커피숍이 대부분이 그렇지만 이 곳도 넓어서 편한 곳입니다. 단 점심 시간에는 직장인들로 꽉 차서 많이 소란스러운 것 같습니다.
28913048,,,
9245457,3,,위치가 위치인 만큼 인근 직장인들로 인해 아침 시간이나 점심 시간에는 무척이나 사람들로 붐비는 스타벅스 매장 입니다. 전 세계적으로 동일한 레시피와 서비스를 제공하기 때문에 커피 맛은 동일합니다.
9245457,4,,시청뒷쪽 시청사 무교별관이 있는 빌딩에 위치한 스타벅스입니다 주변에 가까이에도 스타벅스가 많이 있는데 이 지점이 유독 출근시간 점심시간에 사람이 많더군요 주문매대가 2개나 있고 노련한 직원들이 아주 빨리 음료를 만들어 내는데도 피크타임은 좀 기다려야 되더군요 조금 한가한 시간에 가면 매장도 넓고 쉬기 좋은 곳입니다
9245457,4,,"근방에 스타벅스가 많은데, 스타벅스 무교동점도 종종 가는 편이에요. 코오롱빌딩 1층이고요, 외국인 손님들도 종종 보여요. 와이파이 서비스도 되는 것 같았어요. 테라스석이 넓고, 아침에 아주 일찍 매장을 열어서 좋아요."
9245457,3,,위치적으로 시내 번화가에 있어서 접근성이 좋습니다. 번화가라 조금 산만한 면이 있으나 스타벅스만의 맛있는 커피와 가볍운 베이커리를 하기에 좋습니다.
26840502,,,
27095487,,,
9245291,3,,"C (19.12.06)
약속을 기다리기 위해이 스타 벅스를 방문했습니다. 카페는 다른 스타 벅스와 똑 같았습니다. 스타 벅스는 분위기와 서비스가 좋았습니다. 가격은 다른 카페보다 조금 높았고 깨끗한 분위기였습니다. 스타 벅스는 스타 벅스였습니다. 나에게 정상입니다."
9286903,4,,"맛있는 스무디를 즐길 수 있습니다.
딸기 스무디가 정말 맛있습니다.
지하철 2호선 을지로입구역에서 가깝습니다.
가성비도 좋고 양도 푸짐해 좋은 것 같네요."
9286903,4,,스트로베리가 워낙 유명해서 다른 메뉴는 거의 안먹어본 편인데 키위애플케일 스무디 먹어보고 상큼함과 깔끔함이 너무 좋았습니다. 바질치즈 샌드위치도  간단하게 허기채우기에 좋은편이고 가격대도 좋습니다. 그리고 아시아나 회원인거 보여드리면 회원등급에 따라 10~20%할인이 들어가니 참고하세요
9286903,4,,우리는 아침에이 레스토랑을 우연히 발견하고 커피와 덴마크 빵을 먹었습니다. 레스토랑은 매우 넓고 커피 타임을 즐겁게 보내고 있습니다.
9286903,3,,여기서 파워 펀치 플러스를 찾을 수 없지만 스위트 스폿을 치기에 충분할 정도로 다른 음료수가 있습니다.
9286903,4,,스무디킹에서 스무디 보다 아메리카노를 더 마이 마셨다~ 이디야처럼 가성비가 굿인 커피를 마실 수 있는 곳이다~
9286903,3,,입맛에 맞는 스무디를 먹을 수 있는 곳
9286903,3,,"할 수 있습니다; 그들은 그들의 주문을 신선한 - 때문에 가끔 합니다. 나는 꼭 망고 스무디, 그렇, hollys 등에서 망고 에 대한 열정이 아니라"
9286903,5,,"스무디 인기가 많이 떨어져서 그런지 명동에 위치함에도 많이 한산합니다.
매장중앙에는긴 테이블이 있는데 각 좌석마다 전기꽂는부분이 있어서 노트북을 놓고 작업하거나 핸드폰 충전하기 좋습니다. 
앱을 다운받으면 다양한 디스카운트 쿠폰이 있으니 가시기 전에 미리 다운로드 받으세요."
9286903,3,,"신규 음료도 줄었고..

그래도 매번 마시는 스트로베리 바나나 사랑합니다. 

알바가 친절합니다."
9286903,3,,"매장이 2층으로 되어 있어 비교적 규모가 크구요
사람도 그리 많지 않아 쾌적한 편입니다.
특이하게 다이어트 음료도 있고 딸기쥬스가 전 제일 맛있었어요"
33372826,,,
3894923,4,,청량리역 앞에 있는 스타벅스매장이에요. 사람이 많은 곳이라 자리가 여유롭지는 않았어요. 따뜻한 아메리카노 한잔 마시고 왔어요
3894923,3,,3층매장으로 한 층이 좀 협소한 건물에 입점하고 있어 복잡하기도 합니다.뒤 쪽이 재개발 되면서 동네도 쫌 어수선해 진 측면이 있고요..분위기는 나쁘지 않습니다.
3894923,3,,"청량리역에서 약령시장 방면으로 가는 길에 있습니다.
늘 사람이 많고 복잡해서 자주 방문하거나 오래 있지는 않지만, 직원들이 친절합니다.
조금만 더 넓으면 정말정말 좋을 것 같아요."
3894923,4,,청량리역 길건너에 있어요. 요즘 새로 생긴 스타벅스 매장처럼 새거새거하지는 않고 아담한 2층 건물입니다. 그래도 커피는 어딜가던 똑같이 좋았어요.
3894923,4,,"작지만 2층으로 된 스타벅스! 
근처 여러 커피전문점이 있지만 역시 별다방이 좋기는 좋다. 조카와 잠시 방문 해서 음료 한잔 ~ 시원하게"
3894923,4,,청량리점 직원 모두 친절하고 분위기도 좋았다. 조용하고 아담한 분위기를 즐기려면 들려보셔도 좋을듯.
3894923,3,,스타벅스를 모르는 사람이 없을듯. 전세계적으로 있는 체인점이라 개성은 없지만 모든 체인점이 똑같기때문에 비슷한 커피를 즐길수있음.
3894923,5,,"언제가던 항상 직원이 웃는 모습으로 대해주고 너무너무 친절합니다,
다음에 또 가고싶은 매장입니다"
3894923,4,,"약속장소로 좋은 스타벅스 주변에 가면 약속장소로 찾기 좋음
맛이는 아메리카노와 잘터지느 와이파이  쿠키와 커피 맛있네요
주면 약속장소 모르면 무조컨 스타벅스를 추천합니다"
3894923,3,,항상 사람이 많아요. 파트너들은 친절한 편이고 2층 매장인데 넓지는 않습니다. 체인점이라 특별할 것은 없었어요.
3894923,4,,"집가까운 매장이라 자주가게 됩니다.
매장이 좁지만, 그래도 앉을자리는 나더라구요ㅎㅎ 직원들 너무 친절하고 좋아요"
3894923,5,,매장은 작은편이지만 친저하고 커피가 맛있어요. 유흥인구가 많아서 아주 깨끗한 편은 아니고 간단히 테이크아웃하기에 좋아요.
19115743,,,
3933951,3,,"그냥 딱히 할 일 없는데 다른 카페는 자리가 다 찼고, 그렇다고 집에 가고 싶지 않을 때 들어가기 좋습니다."
3933951,2,,이 가게는 예전에 방문한 곳 만큼 그리 좋은 오래 된다. 그들은 레스토랑에서 가구 향상시킬 수 있습니다.
3933951,2,,"위치나 분위기는 모두가 아는 그 분위기입니다.

이태원역에서 조금 떨어져 있기때문에, 비교적 한산한 분위기에서 커피등을 드실 수 있는 곳입니다.

체인점이니 그러려니 합니다만,
전체적으로 커피맛이 안좋네요"
3933951,5,,"복잡한 이태원에서 한가하게 커피한잔 즐기면서 킬링타임 하기에 좋습니다.
프랜차이즈에 장점은 어딜 가든 동일한 맛을 즐길 수 있다는 것이죠"
3933951,2,,이태원에서 굳이 방문할 필요가 있을까 싶은 카페
3933951,3,,이태원점은 사람이너무많아요 ㅠㅠ 사실 카페에 먹으러오는사람들보다 약속시간전에 잠깐 기다리는 사람들이 차지하는 자리가 많은것같다 조금 안타깝습니다
3933951,4,,"이태원에서 한강진쪽 가다보면 대로변에 위치한 카페입니다. 프렌차이즈답게 커피도 무난하고, 인테리어도 흔한 카페베네입니다. 테라스 자리가 몇자리 있었던 점은 좋았습니다."
3933951,3,,가능하면 카페베네는 집근처에서 즐기는것으로.
3933951,4,,"(고구마 라떼) 및 주문 고구마라떼 (치즈 케이크 chocomore) 치즈케이크초코스모어. 친구들과 함께 공유 하... 행복한 음식, 행복한 기분. 맛 좋은 음식은 만족스러웠습니다. 메뉴를 주문 하고 싶었지만 다른 사막 에서 사용할 수 없습니다. 다시 방문할 것..."
3933951,3,,Oreo patbingsue 이 좋았습니다 - 처음 하는 노력. 분위기 좋은 커피숍 / 카페 및 중지하려면 괜찮은 장소
3933951,5,,"카페에 갔는데 대략 9ish, 닫기 10pm, 주방은, 어서 조금 실망스런 외모 의 토스트! 분위기도 아늑하 지원하지만 그 고구마 라떼 추천하지 않음, 그 봉사 를 다른 사람이 좋다."
3933951,3,,"점심 식사 후 들려서 아메리카노를 주문했다. 카페베네 커피는 어느 지점이든 동일하다. 이곳에는 흡연실이 있었고, 직원들은 친절했다. 어느 지점이나 커피 맛이 동일하지만 나는 맛을 평가하지는 않는다(그저 그랬다). 커피를 마시며 이야기를 나누기에 나쁘지 않았다. 한국에 카페베네는 약 700개 지점이 있어서 어디서나 볼 수 있다."
27922551,5,,"좋은 원두를 사용하는 커피 , 제대로 만든 정성어린 디저트 , 여유를 느낄수 있는 통창과 조용히 흐르는 음악까지 잠시간의 힐링에는 최고"
9245828,4,,"스타벅스 곳곳마다 자주 찾게 되죠~
모임 장소 스테디 장소로 좋은 홍대삼거리 스타벅스~ 좋아요"
9245828,4,,"다양한 음료가 있고, 시즌마다 출시하는 음료가 있어서 스타벅스를 자주 찾게 되는 것 같습니다. 여기도 홍대치고는 좀 외곽(?)에 있어서 사람들이 복작거리지 않아서 좋습니다. 홍대에 놀러왔다가 조용히 커피한잔 마시고 가기 좋은 곳입니다."
9245828,4,,공부하는 사람이 많지만 조용하다. 1층에는 주로 대화를 위한 테이블이 놓여져 있음. 로비 공간이 넓어서 기다리는 사람들이 많아도 쾌적하다.
9245828,4,,"Seoul, Seoul, South Korea"
9245828,5,,"커피를 마시고 싶을 때 찾은 오아시스와 같은 곳.
커피 맛이야 말할 필요는 없고, 안이 넓지 않아, 머물면서 마시기에는 제약이 있을 수도 있지만, 음료를 가지고 나온다면 전혀 문제는 없습니다."
9245828,4,,"뭐 스타벅스야 집 앞에도, 어디서도 갈 수 있지만 마침 숙소에만 있다가 저녁 마실 겸 슬슬 걸어 나와 산책 하다 들렸어요.
아이들도 스무디와 케잌을 곁들여 우리와 함께 커피 타임을 가졋네요.
 즐거웠습니다."
9245828,4,,숙소건물바로앞에 위치(식당과 편의점 건물내)
9245828,3,,브랜드커피가 이렇게 맛없기는 처음이었네요
9245828,4,,시내에 있는 스타벅스보다는 좀더 여유로운 분위기에서 잠시 쉬면서 커피한잔 할수있는 장소. 추운겨울에 따뜻한 커피한잔하며 쉬기 좋은곳
9245828,5,,가격이 외부의 스타벅스와 같고 맛도 좋습니다.
9245828,4,,통유리로 되어 개방성이 좋고 스키장 뒤에 있어 이용하기 좋습니다. 스키장과 콘도가 많은만큼 시간만 좀 더 늦게까지 영업하면 좋을듯합니다.
9245828,4,,잠시 커피와 함께 여유를 즐길 수 있는 카페
9245828,4,,"평균적인 스타벅스 커피 맛입니다. 아메리카노를 좋아해서 4,100원짜리 레귤러 사이즈를 시켜먹습니다만, 스키장에서 먹는 스타벅스는 추운 손과 몸을 녹이기에 더할 나위 없이 좋습니다. 콘도 그린동(?) 앞 센터플라자에 위치해 있습니다. 좌석은 그리 많지 않아서 붐빌 때는 자리를 잡기 어려울 수도 있습니다."
9245828,4,,어딜가나 맛이 비슷한 스타벅스!! 커피를 너무 좋아하는지라 놀러가서도 꼭 커피 사먹는데~휘닉스파크에도 스타벅스가 있어서 매일매일 갔네요~
9245828,4,,스타벅스는 어느 지점이던 크게 맛이 달라지지 않는다는 것이 장점인 것 같습니다.  카페인 떨어졌을 때 유용하게 잘 이용했어요.
9155339,4,,아메리카노 너무 맛있고 분위기도 조용하고 좋았어요 티라미슈가 정말 비주얼도 좋고 맛있었오요!
9155339,5,,"대로변에서 보이는 가게는 아니지만 위치적으로도 매봉에서 일하거나 거주하는 분들이ㅡ들리기좋습니다. 커피는 탄향이 조금 강한편인데 개인적으로 마음에 듭니다. 가격은 별다방 등보다 싸지않지만, 맛에서 경쟁력이 있습니다. 커피에 대한 지식과 애정이 많은 분이 운영하는 프랜차이즈라고 생각되고 못하는 카페의 카페모카는 단맛만 나는데 여긴 초코향과 커피의ㅡ탄맛이 조화롭습니다"
9155339,3,,젠틀이어서 그런가..나이드신 남자분들이 많아요..드립커피 맛있네요
9245930,5,,쇼핑하다 어플이용해서. 주문하고 받기 좋습니다 신규음료나 음식 테스팅도 자주 있구요 휘핑크림 추가하면 넘치게 주시네묘 ^^
9245930,3,,유동인구가 많은 지역이라 그런지 항상 사람이 많습니다. 주말에 가면 자리가 없을 정도입니다. 조용하게 쉬어가고 싶다면 이곳은 피하시는것이 좋을 듯 해요. 직원들이 항상 바빠보여 안쓰러울정도입니다.
3911479,4,,강남역 근처는 사람이 너무 많아 인근에서 약속이 있으면 주로 역삼동 근처로 합니다. 역삼동 근처에서 식사를 하다가 스타벅스를 갈 일이 많은데 항상 포스코점이 눈에 띄어서 자주 가게 됩니다. 빌딩내 입점건물이라 규모가 다소 작고 주로 테이크아웃이 이루어지는 점이지만 저녁 8시 이후에 가면 자리도 비교적 있고 괜찮습니다.
3911479,4,,포스코점 스벅은 인기가 많아요 일단 주변 회사가 많아서 그런지 장사는 항상 잘됩니다. 직원도 많은데 고객도 많아서 엄청 바쁘게 돌아가는거 같아요
3911479,5,,"위치가 좋고 친절하고 깨끗한 지점입니다
친절함 직원들과 커피맛이 맛잇고 조용해서 좋아요 요새는 자주못가는데 추천하는 곳"
3911479,4,,"깔끔한 스타벅스, 하지만 약간 시끄러운 편"
3911479,4,,점심시간에는 사람들이 붐빕니다. 이 외에는 전체적으로 추천합니다. 분위기나 맛 친절도 모두 만족스러웠습니다.
3911479,4,,"이 근처에 스타벅스가 많은데도 불구하고 이곳에도 늘 붐벼요ㅎㅎ그래도 1+1, 프리퀀시행사등 회사동료들과 방문하기 좋은 곳입니다."
3911479,4,,"직원들은 영어를 어느 정도 해서 이해하기 나의 습관. 그는 우리에게 좋은 커피 - 동급 가격은 거의 동일할. 무선 작동하지 않아서 좀 실망했어요, 하지만 좋은 커피 경험. 은 고객을, 아니었나 스타벅스가 한국의 청소년 과 젊은이..."
3911479,3,,"C1 ( 2013. 4.3)
스타벅스는 언제나 같은 맛과 분위기를 가지고 있습니다. 이 카페는 다른 스타벅스보다 작았습니다. 직원들은 친절하고 카페 안 분위기는 깨끗하고 깔끔했습니다. 커피 맛은 언제나 똑같습니다. 좋은 것인지 나쁜 것인지 잘 모르겠어요. 어쨌든 스타벅스는 스타벅스입니다."
23872265,,,
17395683,5,,아트선재센터 옆에 숨어 있는 멋진 카페
17395683,3,,"새로 지은 한칸짜리 한옥건물. 벽이어야 할 곳, 창호지가 발려있어야 할 자리에 적절하게 유리를 대어 노출도를 올리면서도 한옥 정취를 지켰다. 음료는 별로. 아이스아메리카노는 향도 없고 쓴데 밍밍한 물맛."
17395683,5,,almost home cafe 한옥카페
34020849,,,
9003559,5,,"가성비가 좋습니다.
가격은 합리적이고 커피 향과 맛은 좋습니다.
아메리카노와 라떼 모두 좋고 고구마 라떼가 특히 더 맛있는 것 같네요."
9003559,5,,이 카페는 방금 내가 머물러있는 Pacific Hotel의 1 개 거리에 위치 했으므로 공정한 가격으로 좋은 품질을 고려할 때 아침 식사 패키지를 제공하고 검색 할 필요가 없습니다.
9003559,4,,"홀리스 커피?, ?????? 홀리스 커피,? 스타 벅스 ??. 녹차 라테 (green tea latte), ????????? ?와이파이, ???, ???????????"
9003559,3,,오전에 일하는 직원이 한명이라 정신없어요. 건물 하나를 통으로 쓰는데 오전에 직원이 한명이라 위생이 조금 의심스러웠습니다. 지금은 개선되었는지 모르겠네요. 무난한 매장입니다.
9003559,3,,특별할 것은 없으나 자주 찾게 되는 곳
9003559,5,,할리스 겨울 프로모션으로 다이어리 행사를 해요. 스타벅스나 커피빈보다 받기도 쉽고 커피도 맛있어서 자주 방문하게 됩니다.
9003559,5,,"좋은 커피, 신속하고 적절한 서비스, 깨끗하고 사랑스러운 분위기 에서 벗어나 열 수 있습니다."
9003559,3,,"커피맛 무난해서 편하게 들리기 쉬운 곳.
근처에 예쁘고 맛있는 까페가 많이 있지만, 할리스가 주는 편안함과 믿음? 때문에 근처에 가게 되면 자주 찾고 있음"
9003559,3,,할리스커피는 종종 프레쩰이나 허니브레드를 먹으러 가게 되는 곳입니다. 무난한 커피샵이에요.
10298443,5,,"커피, 브레드 종류 모두 맛있음, 좌석도 넓고 많은 편. 직원들도 친절함. 드립커피 꼭 마셔보세요~주변에 카페 많지만 커피는 여기가 제일 괜찮음."
10298443,5,,"합정에 사무실이있어 자주 갑니다.

커피가 진짜 맛있어요.
아메리카노 얼음 갈아주는게 참 좋아요.

좌석도 많아요 
티라미슈랑 마카롱파는데 맛있어요."
10298443,3,,넓고 많은 좌석으로 편리하게 이용가능한 까페
10298443,4,,"아메리카노, 드립커피 모두 커피 맛이 좋고 마카롱도 맛있었어요. 지하가 넓고 쾌적해서 답답하지 않아 좋았어요."
10298443,4,,"커피는 기대를 하면 실망하고, 기대를 하지 않으면 맛있다고 생각되는 정도. 
인테리어가 멋져요. 지하의 계단형 좌석이 독특합니다. 
커피외에 무화과 브라우니도 맛있음
약간 울리는 탓에 소곤소곤 대화하기는 힘듦"
10298443,4,,"요즘 합정에서 핫한 카페!
직접 로스팅도 하며 커피도 맛있고 분위기도 좋은 카페에요~
지하에는 높은 천장으로 자유로운 분위기가 좋아요!"
10298443,5,,"1층과 지하로 되어있는 카페인데 1층은 그리 넓지는 않은편입니다.
하지만 지하는 굉장히 넓은 편입니다. 그리고 그 구조가 인상적입니다.
한편에선 마치 극장을 연상케하는 계단이 있고 계단에 앚아 작은 테이블에 음료를 놓고 마시는 구조입니다.
사람들이 꽤 많이 들어감에도 그리 시끄럽지 않은것도 특징입니다. 
한켠에는 로스터링 스쿨을 위한 공간도 있구요 (갈때마다 운영은 안하고 있는거같지만요;)
메뉴에는 티종류가 그리 다양하진 않은데 문의를 하면 메뉴에 없는 티백티들도 선택해 마실 수 있습니다."
33249018,5,,가족들과 식사 후 디져트 먹으러 방문 팥빙수 롤케잌 맛있어요. 한옥 마을과 가까이 있어요. 화장실도 자유롭게 이용가능 해요
27523810,,,
31057949,5,,대체커피라니 너무 신기해서 방문했어요. 마셔보니 일반 커피보다 더 맛있어요! 다음에 방문하면 원액 보틀도 팔던데 구매해보고 싶습니다. 재방문 의사 있습니다 :)
3864382,3,,포이동 근처에 이렇다할 커피전문점이 별로 없어서 항상 불만이었는데 스타벅스가 있어서 자주 이용합니다. 휴일 오전에 양재천 운동좀 하고 사람많지않은 스타벅스에서 아메리카노 한잔 마시면 휴일이 마냥 즐겁게 느껴지네요
14087148,,,
17160938,5,,"커피도 완전 취향저격이었고, 특히나 제과음식들이 좋았습니다. 딸기티라미슈 강추합니다!! 바리스타분들도 너무 친절하시고 카페가 전체적으로 시원시원하게 넓직넓직해서 좋았고, 바로 옆쪽에 있는 그로서리샵도 매우 신선했네요."
17160938,5,,공유주방 WECOOK 투어할 때 인상깊은 1층 카페였음!
17160938,5,,"여기 빵 다 맛있음 
그래서 커피도 맛있게 느껴짐 
아 빵슈니에게 여긴 성지!! 
진짜로제발 여기서 크로아상샌드위치랑 딸기티라미슈랑 먹어보새여제발"
17160938,5,,베이커리가 다 맛있고 커피의 밸런스가 좋다. 고즈넉한 사직동에 분위기와 잘어울리고 주말에 좋은 경치와 쉬기 좋다. 주차도 몇대 가능하다.
19085749,5,,"힙지로 대림상가에 위치하구요
음료도 팔고 도나스도 파는 곳이예요. 
매장 자체는 작아 테이크아웃 전문매장이지만 대림상가 3층엔 여러 까페들이 함께 사용할 수 있는 테이블이 있으므로 그곳에서 앉아 먹을 수도 있어요. 
불가사리 모양의 찹쌀 도나스 하나에 1000 원인데 맛있습니다 !
근처 광장시장의 찹쌀꽈배기랑 비슷한 쫄깃하고 공기 많이 들어간 도나스인데 광장시장표는 계피가루가 들어가있는데 여긴 없는 정도? 
둘 다 맛있어요!"
8974093,5,,의외의 커피 맛!!! 요즘같이 스타벅스의 탄맛나는 커피라던지 혹은 일률적인 커피맛에 식상한 즈음에 일야는 나에게 늘 커피맛에 새롭게 깨어나는 느낌을 준다… 고마운 존재이다. 아버지와 어머니와 아들의 친구가 함께 이끌어가는 커피의 맛이 이채롭기도 하다. 고마운 존재가 된 제대로의 커피 맛… 오늘은 만석이라 묘한 기쁨이 나에게 온다.
8974093,4,,"이곳은 마포 공덕역 뒷쪽에 있는 커피전문점입니다. 주인의 커피에 대한 전문적인 식견과 열정으로 브랜딩한 일야커피가 인기이고, 커피전문점의 풍모를 느끼기에 충분한 인테리어를 갖추고 있습니다."
8974093,5,,분위기 좋고 가구들이나 디스플레이가 넘 신기~ 커피향도 너무 좋고 저는 카페인섭취를 못해서 핫초코를 마셨지만 커피마신 지인들은 다들 좋다고하네요
8974093,5,,"주변의 프렌차이즈 커피숍과 극명한 차이가 나는 에스프레소 전문점입니다.
원두의 종류가 매우 다양합니다.
대로변에 위치해있으면서도 분위기도 조용하고 커피와 담소를 즐 길 수 있는곳입니다.
커피와 함께 주는 쿠키도 맛있고 간단한 디저트류도 판매합니다"
9142070,5,,내가 좋아하는 곳에서 좋은 커피를 마셔!
9142070,5,,아늑한 커피 숍과 콩은 적절한 수준에서 구워졌습니다. 매니저는 매우 친절하며 나는 그가 커피 애호가라고도 말할 수 있습니다.
9142070,4,,"분위기도 괜찮고, 무엇보다 스파게티가 넘 맛있었습니다. 점심을 먹으러 갔는데 요일별로 할인되는 메뉴도 있더군요. 저녁에는 맥주와 와인을 파는것 같은데 한번 이용해볼 생각입니다."
18935520,3,,"C (19.09.10)
친구와 저는 커피와 채팅을 위해이 카페를 방문했습니다. 스타 벅스는 항상 훌륭한 서비스와 분위기였습니다. 그러나 나는 다른 스타 벅스와 다른 점을 발견하지 못했고 한국에서 너무 많은 스타 벅스가 운영되고있었습니다. 가격은 높았고 많은 사람들이 붐 was습니다."
8894159,5,,"우리는 북촌 한옥 마을을 탐험하면서 여기에서 점심 먹으러 멈춰 섰다. 음식은 맛있었고 포도주도 먹을 수있었습니다. 2 주 후에 모로코와 나는 와인이 많지 않다.
서비스는 좋았고, 나의 점심을 정말로 즐겼다. 서울이 추워 지리라 기대했지만, 그렇지 않았습니다! 바깥에 앉아서 경치를 즐길 수있어서 기뻤습니다."
8894159,5,,"넒고 분위기 좋아요. 가격도 이 지역에서 적정가입니다. 누구 만나기 참 좋고, 공부하기도 좋습니다."
8894159,5,,성신여대 근방에 크고작은 카페들이 많은데 분위기 갑!입니다^^ 음료도 다맛있고 디저트종류(케이크)도 여기서 바로 만들어서 더맛있어요!^^ 추천이요^^
8894159,5,,"고급스러운 분위기 좋은 카페. 정류장에 커피, 차, 음료를 마시는 북촌 한옥 마을을 구경한 후 또는."
9245767,4,,작년 6월에 생긴곳이라 깨끗하고 직원들도 친절해요. 3층으로 된 건물을 다 사용해서 자리가 많아 좋아요. 그래도 피크타임엔 꽉차더라구요. 층이 나뉘어 있어 다른 지점보다 조용한것같아요.
33405727,,,
9245741,5,,"다양한 스타일의 의자들이 있지만
개인적으로는 입구쪽이긴하지만
푹신한 쇼파가 맘에 듬
시내처럼 붐비지는 않고
조용함"
9245741,4,,"조용하지만 크지않은 매장탓에
 자리잡기가 좀 힘듭니다
그래도 직원들 친절하고 신속하게 주문처리해 주어서 종종 일주일에 한번이상 방문하고 있습니다
커피맛이야 말이 필요없습니다^^"
9245741,4,,"건대입구에서 뚝섬가는 길 모퉁이에 있습니다.
자양동 아파트 촌에서 가까워서 뚝섬 나들이 온 사람 보다는
동네 주민들이 많이 찾습니다. 공부하는 학생들도 많고,
음료도 괜찮아요~"
9245741,3,,스타벅스 자양점 친구들이랑 자주가요 그린티 프라푸치노에 자바칩 갈아서 먹는게 주요 레시피에요~
26578736,,,
3864375,4,,백화점 내에 있는 스타벅스고요. 갈 때마다 항상 붐비는 매장이에요. 위치가 좋아서 자주 애용하고 있고요. 맛도 괜찮아요
3864375,4,,자리가 좁아서 그냥 테이크아웃으로 해서 나왔다. 다만 맛은 꿀맛. 바로 나오고 바로 먹었더니 그런가.. 암튼 추천
3864375,4,,최근 매장 위치를 옮기면서 공간이 더 협소해졌습니다. 좌석이 별로 없어서 오래 머무르긴 힘들어요. 충전할 공간도 많지 않습니다.
3864375,5,,"천호역 부근에 스타벅스가 여러개인데, 그 중에서 이 지점은 백화점 내부에 있어요. 사람은 항상 많은 편인 것 같구요!  전반적으로 만족하고 있어요."
3864375,5,,자바칩이랑 초콜릿칩 프라푸치노 맛있어요!! 여름엔 항상 먹는 제품!! 가격이 올라서 아쉽지만 그래도 여름이면 가는곳!!
3864375,4,,백화점 지하1층에 요즘 리노베이션해서 재개업했더라구요...예전보다 칸막이도 잘 해놓고 인테리어도 신경쓴듯하지만 여전히 좁고 옆에 푸드코트라서 너무너무 시끄러워요...커피를 코로 마시는 느낌으로 마시고 나왔네요...차라리 12층에 조용한 커피숍이 나을듯요
3864375,4,,"천호 현대백화점 지하 1층에 위치하고 있고, 천호역에서 바로 나와 연결되어 있습니다.
매장 크기는 보통으로 항상 사람이 많아 자리를 못찾는 경우가 많았고, 조금 시끄러웠지만
전반적으로 만족하였습니다.
백화점에서 쇼핑후에 쉬면서 커피를 마실 때 이용하기에 좋습니다."
23968938,,,
3894976,5,,"스타벅스는 정말 어딜가나 사람이 많습니다
정말 번화가에 메인 거리에만 들어서서 그런지 사람들이 언제나 북적북적 해여

일단 스타벅스니까 최소한 본전은 한다는 생각에 다른데 갈바에는 스타벅스 고고 죠ㅋㅋ

특히 별  적립때문에 가는사람은 계속 갈수밖에 없더라고요ㅋㅋ"
3894976,4,,2층이라서 넓고 좌석이 많지만 홍대라는 특성상 사람들이 많당 스벅커피는 맛은 비슷 홍대 들리면 그래도 종종 가게는 홍대 삼거리점
3894976,4,,홍대에도 이런 조용한 스타벅스가 있었네요.
3894976,5,,홍대 큰 거리쪽은 워낙 사람이 많은데 이쪽까지 들어오면 비교적 사람이 덜합니다. 조용한 편이라 부담없이 방문하게 되네요! 공부하는 학생들도 있고 분위기 좋습니다.
3894976,5,,"원래 홍대 근처는 엄청 사람도 많고 북적북적되는 곳인데 저는 홍대에 가서 북적북적되는 홍대의 분위기를 즐기다가 쉬고싶을때에는 항상 이곳 스타벅스를 들립니다. 여기는의
 분위기는 홍대가 아닌 곳처럼 조용하고 차분한 곳이기 때문입니다. 여기 직원분들도 여느 스타벅스 직원분들 처럼 엄청 친절하시고 서비스도 좋고 언제나 청결도 엄청 깔끔히 되어있고 홍대에서 여유를 느끼고 싶으시다면 강추입니다."
3894976,5,,"친절하고, 도움이 되고, 직원들은 영어 실력, 좋은 커피와 좋은 분위기 - 
꼭 다시 방문하겠습니다!"
3894976,4,,위치적으로 사람이 많은 곳이 아니라 그런지 스타벅스 다른 매장에 비해서 상당히 조용한 편입니다. 2층에 있어서 그런지 창가에 앉으면 분위기도 괜찮은 곳입니다.
3894976,5,,"갤러리점보다 훨씬 좋아요
이층에  공부하기 좋은 테이블이 있어서 좋고
무엇보다 사람이 많지 않아서 좋아요"
3894976,5,,"지나가면서 라떼한잔 생각날때마다 들려요
요즘은 돌체라떼에 빠져있는데 약간 밍밍한 그냥 라떼랑은 다른 달달한맛이 일품입니다,."
3894976,3,,"진한 커피의 스타벅스를 젊은의 거리인 홍대 삼거리점에서 마시는 기분이 다릅니다. 홍대 삼거리라 북적북적 시끄러운 점도 있으나, 젋은 기분이 느껴져 덩달이 신나는 점도 있습니다. 스타벅스의 진한 커피를 여유 있게 한잔 하는 것도 좋습니다."
9245821,5,,"서울여자대학교 신축 건물인 기념관에 위치하고 있어 조용하고 한적하게 커피를 즐길 수 있습니다.
대체로 서울여대생들이나 동네 거주민들의 스터디 또는 휴식 장소로 많이 이용됩니다. 흔히 볼 수 있는 도심 속 스타벅스와는 분위기가 다르고, 커피를 테이크아웃해서 서울여자대학교 캠퍼스 산책도 가능하기에 무척 색다릅니다."
9245821,4,,대학 캠퍼스 안에 위치한 카페는 f. 약 50미터 거리에 메인 캠퍼스 입구 왼쪽이 찾을 수 있습니다. 스타벅스가 있는 빌딩이 다른 빵집이 있습니다. 서비스는 빠르고 친절합니다. 저는 아이스 음료와 아름다운 캠퍼스를 걷는 점점 추천 여름 날.
9245240,3,,이수역 자체가 사람이 많은 곳이라 그런지 바로 옆에 다른 매장이 있는데도 붐빔
9245240,4,,평일 아침시간이라 한산한 편이었습니다. 매장 분위기도 괜찮고 앉아서 오늘의 커피 한잔 여유롭게 마시기 좋았어요. 커피맛도 좋았어요.
9245240,4,,이수역 바로 앞이에요. 워낙 붐비는 동네라 매장도 북적여요. 따뜻한 커피한잔이면 아메리카노 말고 오늘의커피도 먹어보니 좋은거 같아요.
9245240,5,,자리가 없다면 주변 스타벅스도 자리가 없는것입니다
9245240,4,,"언제나 사람이 많은 매장입니다.프랜차이즈라서 맛은 별반 차이는 없지만 직원분들이 매우친절해요.
그리고 비싼 커피도 맛볼수 있는 매장입니다"
9245786,3,,이상하게 타 매장에 비해 불편하다는 인상을 받았던 곳입니다. 하지만 혼자서 방문하기에는 스벅만한 카페는 없는 것 같아요
9245786,4,,아침시간에 엄청붐비는곳중하나에여 근처에 스벅이2개나더생겼습니다 그래도사람이많아여 직원들이능숙해서카피는빨리나오는편입니다
9245786,4,,잠실사거리에 있어 매장은 크지만 붐비는 곳입니다. 그럼에도 분위기 좋네요. 저녁때 수다떨러 가서 차한잔 재밌게 맛있게 했어요.
9245786,4,,"Seoul, Seoul, South Korea"
9245786,4,,주변 사무실이 많아서 인기가 많아요. 아침에 가면 빠른듯하면서 많이기다립니다. md종류도 다양하고 커피도 괜찮고 모닝세트도 있어요
9245786,4,,"2층까지 있어 매장이 상당히 넓은 편입니다. 콘센트 갯수가 많지 않고, 벽에 고정된 형태라 이용이 불편한 점이 아쉽습니다. 창가쪽 바형 테이블에 이 부분이 개선되면 좋을 것 같습니다."
9245786,4,,어디에서나 쉽게 볼수 있는 스타벅스입니다. 아주 특이한 점은 없지만 다른 지점에 비해 약가 조용하다고 해야하나요...분위기도 좋고 위치도 좋습니다.
9245786,4,,스타벅스입니다. 말이 필요없는 커피전문점이지요 쿠폰도 많고 행사도 많아 요즘 특히 많이 가네요 쉬폰 케익과 아이스 아메리카노 한잔 하기 아주 좋고 바나나도 가격은 좀 있지만 맛잇습니다.
16656485,5,,한국에서 먹은 티라미수 중 가장 맛있음!!
23919291,,,
9245602,4,,왕십리역에서는 조금 걸어가야 있어요. 오피스건물 1층에 있는 매장입니다. 비교적 평범한 분위기이고요 사람은 좀 있었어요. 커피는 아메라카노 좋았어요.
9245602,5,,"2층 없이 1층만 있는 보통 규모의 매장입니다.
직원들도 친절합니다.
화장실이 매장 밖 건물인데 비밀번호를 입력해야 되서 관리가 깔끔하게 잘 되고 있었습니다."
9245602,4,,"어딜가나 스벅의 아메리카노를 가늠 가는곳은 없어요~~
아메리카노와 함께 친구 기다리는 시간은 지루하지 않았어요"
9245602,5,,1층에 위치한 스타벅스입니다. 겨울 이벤트 음료 마시러 갔었는데 넓은데 자리가 없더라구요. 그냥 나가야 하나 할려는 찰나에 맨 구석 자리가 비어서 노트북 펼치고 편히 마셨습니다. 여긴 사람이 많아서 그런지 약간 소음이 있습니다.
12918357,4,,"인스타그램에서 유명한 카페라서 저도 인스타보고 갔었는데, 그냥 가봤다~ 하기 좋은 카페에요. 굳이 꼭 가야하는 장소는 아닌 듯 해요"
12918357,4,,"서촌은 의외로 차를 마실 곳이 마땅치 않았는데 여유롭게 차 마시기 좋은 곳이 생겼다.
경복궁과 대림미술관, 보안여관을 들렸다 쉬어가기 좋을 듯. 전통주로 만든 칵테일로 인상적이다."
12918357,4,,서촌에 간다고 했을 때 주변에서 보안여관 일상다반사라기에 무슨 말인가 싶었는데 추억과 찻집이 조화롭게 녹아든 곳이었다.
23938940,,,
9245482,4,,학생들이 늘 많네요 공부하기좋은가봐요 좌석도 많고 좋네요 조용하네요 직원들이 친절합니다 가끔 좌석이 없어요 늘 붐벼요
9245482,3,,"과제할 때 탐탐이나 여기로 주로 오는 편이에요! 그냥 스벅 체인점이라 큰 특색은 없고 음,,조금 오래된 느낌의 건물이라는 점이 아쉬워요."
9245482,4,,"한양대 정문에서 바로 길건너에 있어요. 
1층만 있고 그렇게 크지는 않고 좀 오래된 느낌이에요.
커피맛은 여느 매장과 같은데 학생도 많고 붐벼요"
9245482,4,,나름 위치도 좋고 넓어요 학생들이 혼자 공부하기도 좋네요 학생들이 많아요 조용해서 좋아요 친절
9245482,4,,넓고 관리도 잘 되나 자리가 항상 부족하다
9245482,5,,가장 무난하게 커피 마시러 들어갈 수 있는 곳이에요. 직원들도 대부분 친절합니다. 음료가 조금 늦게 나오긴 해요
9245482,4,,한양대학교 바로 정문앞에 있어서 접근성이 좋고요~ 2층 창가에 앉아서 공부나 휴식을 하고 있으면 학교의 전경도 볼 수 있어서 좋은 공간이에요~ 한양대 학생이라면 제일 선호하는 곳이에요
9245482,4,,체인이라서 특별할건없고 무난한 매장입니다. 가끔 찾는 곳 입니다. 대학가라서 학생들이 많아요.
9245482,4,,스타벅스는 체인이라 특별할것없지요. 여기는 이층으로되있어서 좋아요. 가끔 방문하는 매장입니다.
9245482,3,,요즘 행사하더라구요. 1만5천원이상(디저트 포함) 결제시 머그잔 증정. 다만 준비한 게 떨어지면 끝난다고 합니다. 2층에 의자들이 많이 있고 개인적으로 스타벅스 커피 맛있는 건 모르겠어요. 분위기는 조용하고 좋습니다.
9245482,4,,"특징이 있다면 이 지점에서 근무하는 직원이 꽤 친절하다. 그리고 2층에는 큰 테이블이 있다. (대학가에 있는 카페나 식당은 이러한 형태를 띄는 것이 많은거 같다.) 주로 근처 대학생들이 있으며 대화하는 손님들 보다는 책을 펴놓고 공부하는 손님들이 많은 것 같다. 자리에 앉기는 상당히 힘들다. 10회 방문하면 7~8회는 자리가 없어 나갔던 것 같다. 스타벅스 음료가 좋아서 방문하는 것은 좋지만, 대화하거나 공부할 자리가 필요하다면 주변에 다른 카페로 가는 것을 추천한다. 알다시피 스타벅스의 음료는 타 브랜드나 커피숍에 비해 가격이 다소 높다."
9245482,3,,한양대 앞이고 주로 사람들은 2층에서 커피 마심 주로 한양대학교 학생들이 와서 공부하거나 그런 거 같음 직원도 무난함.
9245482,5,,한양대학교 정문 바로 앞에 있습니다. 봄에 가서2층 창가 자리에 앉으면 학교 교정안에 꽃이 피어있는 풍경 볼수 있어서 좋습니다. 커피는 예전에는 좀 탄듯한 원두를 써서 별로 였는데 최근에는 좀 좋아졌더군요. 공간도 넓고. 강추.
9245482,3,,한양대 앞이라 대학생들이 많고 1층과 2층 주로 2층에서 사람들이 커피 마십니다.  그냥 무난합니다.
9245482,4,,평범한 대학가 앞 스벅이지만 파트너들이 친절하고 커피 맛이 좋습니다. 2층도 있는데 항상 조용한 건 아닌 것 같아요.
29616705,,,
25287672,,,
9245580,4,,종로구 수송동에 있고 광화문 종로 인접한 편리한
9245580,3,,"평일에 방문해서 그런지 한적하고 좋았어요.
평일에는 직장인들이 많아 좀 복잡할 것 같습니다.
대화하기 좋았고 직원분들도 친절했어요.
KT 핸드폰 이용자라면 일주일에 한 번 가능한 KT 멤버십 무료 사이즈 업그레이드 이용하면 좋답니다."
9245580,4,,광화문 빌딩숲이 보이는 유리건물이에요. 크기는 좀 좁지만 3층까지 있고 붐비지 않는 시간에는 나름 운치있어요. 커피는 여느 지점과 같이 맛있어요
9245580,4,,"Seoul, Seoul, South Korea"
9245580,4,,점심시간 전후로 사람이 엄청 많이 붐비는 곳이지만 그 시간대만 피해서 간다면 앉아있기 괜찮은 곳이다.
9245580,5,,사람도 많지만 서비스도 좋고. 넓어 편안하다. 점심시간 주변 직장이 많아 그시간만 빼면 편안하게 대화 하고 이야기 하기에는 최적의 장소이다. 주변의 바로 청계천도 있고 시청도 있고 경복궁도 있다. 볼거리 많고 먹을곳도 많다.
12948383,5,,여의도 메리어트 호텔에 위치한 브리오슈 도레에서 크루아상을 맛본 후 홀딱 반했던 제과점. 고맙게도 회사 근처인 상암에도 오픈해서 종종 찾는 곳이다. 다른 종류의 빵들도 맛있지만 단연 최고는 크루아상! 그 중에서도 기본 크루아상이 제일 맛있다.
12948383,4,,"작년에 새로 생긴 매장이라 깔끔하고 매장도 넓습니다.
프랑스 쉐프께서 가끔 매장을 둘러보기 위해 나오시기도 합니다.
아침부터 여러가지 빵들로 가득하고, 샌드위치류도 많습니다.
자리도 많아서 앉아서 간단한 식사하기에도 좋습니다."
9210013,5,,"무ㅏ먹을까 광화문 맛집. 종각역 맛집 찾다가
쭈꾸미? 부대찌개? 샤브샤브? 검색 중 얻어걸린 곳 ㅋㅋ
손님은 거의 없었어요. 그 덕에 빠르게 음식이 나오고 식사도 맛있게 했어요. 차돌쭈꾸미 역시 맛나요..👍 고소하고 매콤달콤. 마지막에 볶음밥까지 만족스러운 마무리!!"
9210013,3,,"런치가 7천원인데 푸짐하게 나옵니다. 
계란후라이를 셀프로 먹을 수 있구요, 
쭈꾸미와 함께 먹을 밥이 나오고 볶음밥은 또 따로 나와요 (두번먹을 필요가..?)
푸짐한 건 좋은데 쭈꾸미 그 자체는 그닥 맛있지 않았습니다.  많이 싱거웠습니다."
9210013,5,,"점심 메뉴 쭈꾸미 비빔밥은 가격대비 맛도 있고 괜찮은 메뉴
매장도 큰 편이고 직원도 친절하다.
매운 음식을 잘 못먹는 사람들한테는 꽤 매울 수 있다."
9210013,5,,"다른 퐁듀에 찍어먹는 메뉴는 조금 비싼데, 점심메뉴로 나오는 쭈꾸미 볶음밥은 정말 환상의 맛입니다 ㅎ 8천원 인가 하는데, 볶음밥안에 차돌하고 날치알도 들어가있고 쭈꾸미랑 볶아 먹으면 그야말로 8천원의 행복 !! 점심때 가기 좋아요~ 저도 자주가요"
9210013,5,,처음에는 쭈꾸미치고는 가격이 좀 비싼감이 있구나 싶었는데 음식이 나오고나서 그런생각이 사라졌어요~~  차돌박이가 밑바닥을 전부 깔려있고 매콤달짝한 쭈꾸미가 그위에~~날치알까지ㅎ 환상의조합입니다!^^
17118177,5,,최애 빵집!! 겉은 바삭 속은 촉촉한 크루아상을
17118177,5,,모처럼 가산에 맛난 빵집이 생겼다. 12시 오픈이라 점심시간에 찾아갔는데 크로아상과 바게트가 맛있었다. 빵이 그때까지도 안나온게 있어서 못먹었던 것도 있었고 양이 많지 않아 금새 솔드아웃되는 종류도 있다. 가게가 작아서 테이블이 두개밖에 없어서 포장을 추천
17118177,5,,"매일마다 새 빵을 만들어서 내놓기 때문에 빵을 신선하게 즐길 수 있는 곳!
특히 다양한 크로와상과 바게트가 제일 베스트에요 !"
17118177,5,,크루아상하고 아몬드크림? 들어간 크루아상 먹었는데 진짜 완전 JMT !! 사장님도 친절하시고 너무 만족스러워서 다음에 또 가서 여러종류의 빵 사오려구요 ㅎㅎㅎ
26823743,1,,최악에 커피숍 직원과 가게 메뉴얼과 이가게 운영하는 사장도 정상아닌 커피숍
3972303,5,,"후식으로 멀 먹을지 모를때에는 베스킨라빈스죠 
맛있습니다. 달달하고 그리고 매장도 깨끗해서 다같이 먹기에도 좋았습니다."
3972303,4,,이마트에서  쇼핑하고 잠깐 휴식하기에  딱 좋았다~ 오전중 갔었는데 많이  붐비진 않았지만  내부가  좀 협소했고  맛은 다른 매장과 별 차이가 없다
3972303,5,,타임스퀘어를 자주 이용하는데 쇼핑하다가 피곤할 때면 앉아서 아이스크림을 먹으며 휴식을 자주 취해요. 매장이 넓은 편은 아니고 그냥 쇼핑하면서 들르기에 좋아요.
3972303,4,,기본은 합니다. 간간히 새로운 메뉴가 개발되고 맛을 볼 수 있다는 점은 베스킨라빈스의 장점이라고 생각합니다.
3972303,5,,"크리스마스 이브에 갔는데 백화점,타임스퀘어 문닫고도 아이스크림케익 판매하고있어서 너무 좋았어요 
11시까지 연장근무해서 이용하기 편했어요"
3972303,3,,"에스컬레이터 바로 옆 매장이라 엄청 복잡하고 사람 많아요. 
앉아서 먹는 것보다는 포장하시는 편이 좋아요.
가끔 베스킨라빈스 땡길때 가긴 하는데, 넘 복잡해서 최대한 빨리 사고 이동합니다."
3972303,4,,"막힌 공간에서 오래 쇼핑하다보면 반듯이 가야할곳. 
시원하고 맛있는 베라와 편안한 휴식이 딸아이와는 필수코스임. 유동인구가 많아 자리가 항상 꽉차있음. 다른사람을 위해 의자를 인원외에 잡고 있지 말길"
3972303,3,,다채로운 맛의 아이스크림을 맛볼수있어요. 엄마는 외계인이 대표메뉴에요. 아이스크림도 색다른 분위기를 낼수있어좋아요
3972303,3,,에스컬레이터 바로 옆에 있는 매장이라 그런지 코너에 있는 매장이라 그런지 좁아요. 좁은데다 사람도 많구요. 시끌시끌 정신없는 매장이네요.. 청소도 잘 안하는거 같아요.
3972303,4,,만약 한국에 간 적이 없는 베스킨 라빈스
3972303,3,,직원들은 친절합니다. 이마트 앞에 위치해 있고 에스컬레이터 바로 옆에 위치하여 항상 사람들로 붐비고 정신 없습니다. 갈때마다 자리가 없어 한참을 서서 기다리다가 먹거나 테이크 아웃을 합니다. 매장이 큰편이 아니라서 오래 앉아 먹기는 힘듭니다.
3972303,5,,"사람이 늘 붐지는데, 서비스는 그에 비해 친절한 편인 것 같습니다. 맛은 늘 같은 맛이지만 담아주시는 것이라든지 이런 것에 따라 평이 갈리는데, 다만 분위기는 시끄러워 오래 앉아있기는 어렵습니다^^"
3972303,4,,저는 한국의 베스킨 라빈스. 어떤 하나의 것. 안전한 정지 및 좋은 편이었습니다. 근처에는 많은 옵션이 있습니다.
9245570,3,,"안녕하세요. 그냥 스타벅스 커피숍 입니다. 
스타벅스는. 그냥 비슷하고 그냥 이름값 하는거 같아요 별 다른곳은 아닙니다 그냥 커피숖"
9245570,4,,까치산역출구에서 바로나오면 스타벅스 까치산역점있어요. 사람들이 많이잇어서 자리잡는거는 어려웠어요. 직원들친절했어요
9245570,4,,까치산역 4번출구 바로앞에 있어요. 천장도 넓고 매장도 넓고 테이블 간격도 넓어서 아주 쾌적했어요. 앉아서 커피한잔 여유로웠어요
9245570,4,,맛은 스타벅스에서 기대하는것과 같은 맛이다. 직원은 친절하다. 여름에는 에어컨을 너무 세게 틀어줘서 추웠지만 다른 계절에는 괜찮다.
9245570,3,,"Seoul, Seoul, South Korea"
9245570,4,,"어차피 메뉴나 가격. 맛은 다 똑같고.
스탭들이 친절해여.
자바칩도 조금 더 주라고 하면 신경써서 더 넣어줘요 ㅎㅎ
그리고 여느 작은 카페랑은 다르게
한잔 시키고 오랫동안 있어도 눈치 안보이는 곳이라
논문작성이나 책 읽을때 가기 좋아서 자주 갑니다.
하지만 스타벅스가격이 그닥 저렴한것은 아니기에 별 4개로.. ㅎㅎ"
9245570,4,,"집앞이라 자주 와요.. 
테이블로 넓게 떨어져 있어서 편하구여..
커피맛은 무난해여.. 

전체적으로 항상조용한 분위기의 스타벅스에요.. 주말빼고요.. 일요일.

휴지통 정리는 잘 안되는 것 같네요..
화장실은 항상 잠겨있어서 깨끗함이 유지되는갓 같아 마음에 들어요."
9245570,4,,파트너들이 친절하고 좌석도 편합니다. 역과 매우 가까이 있어 편리합니다. 1층과 2층에 좌석이 있습니다.
25095121,,,
27329732,,,
9245947,4,,사람이 너무 많지만 항상 똑같은 커피를 맛볼 수 있어요
9245947,4,,"신사동 가로수길에 꽤 큰 스타벅스지만 주말 토요일 오후 3시쯤 갔는데 사람이 정말 많았어요 하지만 주문한 음료들은 빠르게 나왔어요, 가로수길에서 쇼핑을 하다가 시원한 공간에서 시원커피한잔을 하고싶다면 추천해요"
9245947,4,,위치가 워낙 번화가라서 그러려니 했는데 생각만큼 붐비지는 않았어요. 2층에 자리가 좀 있구요 매장은 예뻤습니다. 커피는 늘 그렇듯 맛있었어요.
9245947,5,,스벅은 사람만항도 친절해서 가게됩니다. 파트너들이 음료 제조할때 너무 친절하고 니즈반영해줘서 좋아요
9245947,4,,"Seoul, Seoul, South Korea"
9245947,5,,외국인친구랑 같이 있다보면 정말 많은 외국인관광객들이 찾는 곳이다. 그만큼 분주하고 사람이 많은 곳이지만 가로수길만의 그런 분위기의 카페를 찾고 있다면 가볼 만하다.
9245947,4,,어딜가나 스타벅스는 중간 이상은 합니다. 약속장소로도 최적!
9245947,4,,테이크아웃만 해왔지만 조금 여유있는 느낌
9245947,5,,"가로수길 번잡한 곳 보다는 조금 한적하고 아늑합니다. 
2층 창가에서 사람구경하기도 좋구요..
전망도 좋구요.
친구들 기다리기도 지겹지 않은 아늑한 곳 ㅋㅋ"
9245947,3,,"1층에 테이블이 2개 밖에 없어 작은 스타벅스로 생각할 수 있지만, 2층으로 올라가면 아주 넓은 공간의 다양한 의자와 테이블이 있다. 신사중학교쪽 가로수길 초입에 있어 위치도 좋음"
9245947,4,,"가로수길 메인거리에서 떨어져있어서 스타벅스 치고는 나름 한적합니다.
1층에는 자리가 거의 없지만 2층이 넓어서 커피 마시기 좋습니다. 
커피맛은 노멀한 스타벅스 맛이예요"
9245947,4,,"가로수길 입구에 위치하고 있으며, 넓고 여유로워 정작 가로수길 안에 있는 커피전문점 말고 이 곳을 주로 이용합니다. 스타벅스 커피맛은 어디를 가든 비슷하나, 가로수길 약속이 있을때는 이곳이 더 편합니다. 특히 전망이 좋아서 비가오거나 눈이올때면 시간내어 들려봄직 합니다."
9245947,5,,"압구정쪽에서 오는 초입에 있어 위치가 좋았고
모든 스타벅스처럼 서비스 좋고 분위기 좋습니다"
9245947,3,,가로수길 데이트를 스타벅스와 함께 시작했습니다. 설레이는 마음을 달래고 분위기를 만드는데 훌륭한 장소입니다.
9245947,5,,"가로수를 내려다 보며 이야기하며 즐거운 시간을 보낼 수 있는 위치가 좋은 카페
약속하기 좋은 장소이다."
25199905,,,
9245405,4,,내방역 바로앞에 있는건 아니고 7번출구 나와서 좀 걸어가야 나와요. 매장은 큰 편이고 인테리어는 무난무난합니다. 커피는 좋았습니다.
9245405,4,,다른 번화가에 비해 한적한 편이지만 매방 밖 건물 화장실은 최악
9245405,5,,"이 도로에만 스타벅스가 4개 있습니다.
그래도 항상 사람이 많은 곳입니다.
2층까지 있습니다. 주차가 불편하니 차없이 방문하는 것을 추천합니다."
9245405,4,,"추운 겨울엔 달콤한 스타벅스의 토피넛라떼가 좋아요. 매장 공간이 넓어서 공부하기도 좋고, 편하게 앉아 커피를 즐길 수 있는 곳이예요."
9245405,4,,2층인데 공부하는 학생들이 많아서 다소 부담스럽지만 그래도 사람이 별로 많지 않아서 좋아요 저는 애플망고 퍼스널로 먹었어요 .
9245405,4,,매장이 넓어서 대부분의 경우 자리가 있습니다.
25110716,5,,"복잡한 명동에 이런 감성 충만하고 아늑한 공간이 있네요!!

쇼품 하나하나 유니크하고 눈이가서 즐거운 시간 보냈어요.

초코 티라미수 말차 너무 맛있었는데 다음에 또 방문하려고 합니다."
8943327,5,,가격대는 있지만 맛있어요. 특히 케이크 아주 굿굿. 초콜렛 케이크도 맛있고 생크림도 부드럽고 맛있습니다. 실패한 적이 없네요
8943327,5,,영등포 롯데 안에 있는 안스 보다는 종류 좀 더 많고 괜찮은 거 같아요. 맛은 항상 만족! 여긴 마들렌(박스로 파는) 이랑 본점에서 먹었던 마카롱 빼고는 다 맛있는 곳. 가성비도 나름 좋아요!
8943327,4,,이 빵집이 있는 건 알았는데 가보지는 않았거든요~ 왜 사람들이 항상 있었는지 이해가 가요~ 정말 맛있어요. 가격은 있지만 항상 이용했던 다른 베이커리 체인들과 완전히 비교되었어요. 강추입니다~ 단점은 가격이 있다는 점이에요 ㅜㅜ
8943327,4,,전반적으로 평균 이상은 하는 베이커리에요. 발효빵 종류는 대체로 만족스럽지만 제과류는 조금 많이 단 것 같아요. 생크림 케이크는 절대 실망없는 맛이에요.
8943327,4,,맛은 있으나 가격이 부담스러운 베이커리
8943327,3,,빵종류도 굉장히많아요.위치도좋아서 찾기도쉽구요.근데 명성만큼의맛은아닌거같아요..손님은 언제나 많습니다.
8943327,4,,"맛있는 빵집, 본점과 대비하면 글쎄.."
8943327,3,,김포공항 롯데몰에서 동물성 생크림 100%의 딸기생크림을 구입. 맛은 있었지만 판매 직원은 많은 손님이 감당이 안되는 듯.. 친절이라곤 찾아볼 수 없었다. 비싼 가격에는 서비스 가격도 포함되어 있을텐데....
8943327,4,,"빵 종류가 다양하고 내용물이 충실하게 들어있는 묵직한 빵들을 내어주는 곳이에요.
다른 체인점 빵집보다 가격은 조금씩 비싸지만, 크기나 맛을 생각하면 오히려 더 괜찮은 곳입니다. 
워낙 빵을 좋아해서 이번에 김포에 간 김에 먹어봤는데 김포에 있는 3일동안 매일 다른 빵을 사먹게 만드는 곳이었어요.. 갈때마다 빵을 사는 구매금액도 많아지더군요 ^^ 
만족입니다."
8943327,4,,워낙 빵을 좋아하는데 친구가 맛있고 유명하다해서 찾아갔어요. 우유모닝빵이 베스트라길래 사왔는데 달콤하고 부드러운것이 맛나네요. 재방문의사 있습니다~~~
8943327,5,,지나갈때 마다 풍기는 빵 냄시~~~!!
8943327,5,,다양한 빵을 시도했는데 일반 체인 빵집보다 더 맛있습니다. 식빵도 매일 구워내기 때문에 더 신선하고 맛있구요. 일단 당일 구운 빵을 먹을 수 있어 좋네요.
8943327,5,,"늘 사람이 붐비고, 늦게 가면 인기있는 빵은 없어 아쉬움이 가득한 곳입니다. 베스트 빵은 모두 맛있구요. 다양한 메뉴 시도해보세요~"
8943327,5,,"어떤 빵이든 맛있어서 자주 들르는데, 고급스럽지만 약간 비싼 편이긴 합니다. 그래도 좋은 재료이려니 하고 믿습니다."
8943327,4,,"김포 롯데몰/롯데백화점에 빵을 구입할 곳이 몇 군데 있지만, 단연 최고는 안스베이커리~! 안oo 명장이 운영하는 체인 빵집 중 하나로 제품이 무척 다양하고 동네빵집이나 다른 프랜차이즈 빵집보다 훨씬 업그레이드된 맛이 느껴진다. 시간마다 쉴 새 없이 빵이 새로 구워져 진열되는데 손님도 많아서 그 많은 빵이 금방 동이 나곤 한다. 매장 내에서 빵과 음료, 여름에는 팥빙수 등을 사먹을 수 있긴 한데 공간이 넓진 않아서 늘 정신이 없다. 안스베이커리 빵은 구입해 집에 가서 먹는 게 가장 낫다~"
28405744,5,,독특한 한국식 디저트를 경험해보세요!!
28405744,5,,"친구한테 맛있다는 이야기를 들어 온라인으로 구매 후 만족하여 합정 가는 길에 방문해봤어요. 향긋한 티와 어울리는 연과로 얼그레이 무화과 연과를 추천해주셔서 먹었어요. 티의 향기로움과 어울리는 연과란... 정말.. 얼그레이 무화과 연과를 입안에 넣었을때 톡톡 터지는 무화과와 말랑 쫀득한 식감이 매력적으로 다가와 참 맛있게 먹었습니다. 

매장 무드도 차분하고 좋아서 한참 앉아있다갑니다."
28405744,5,,서울 홍대에서 선물용 간식을 구매하기 좋은 곳
14141757,5,,"저의 인생 빵집, 소금빵, 크루와상, 바게트 다 맛있어요. 커스타드크림 빵은 살짝 비싸지만 먹고나면 후회 안해요!! 빵 종류는 많지만 개수는 많지 않아요. 그러니까 빨리 가는 것을 추천함니다"
14141757,4,,"건강을 생각하는 빵집으로, 동네에서도 번화가급의 빵 맛을 느낄 수 있습니다."
14141757,4,,"슈크림빵 종류 아니 정확히 커스터드 크림이 들어간 빵이나 패스츄리류를 좋아하는 분들에게 적극 추천하는 곳입니다.

많은 유명 제과점의 슈크림빵에서 사라진 바닐라빈. 그리하여 진정한 커스터드크림빵을 찾기가 어려워진 요즘, 이곳은 점점이 노오란 커스터드 크림에 박힌 바닐라빈이 눈과 마음을 즐겁게 해줍니다. 물론 맛도 좋습니다.

크림치즈빵 종류도 맛있는데 크림치즈가 들어간 먹물빵은 자칫 딱딱해 보이지만
입안에 넣고 씹자마자 바삭거리며 고소한 견과류가 부서지며 퍼지는 향과 식감이 무척 인상적인 맛입니다."
9245469,3,,"서울 용산구 이태원동에있는 스타벅스 이태원거리점.
규모도컸고 사람들도많앗어요 직원들도 친절했습니다. 굿굿굿굿굿"
9245469,4,,"스타벅스나 맥도날드나 이름이 가진 신뢰성으로 들어가는 ...

맛은 항상 기대 이상 이하도 아니다 

바닐라 라떼 고정픽

어딜갈지 애매하다 할 때는 그냥 스타벅스 이름믿고 들어가는게 .."
9245469,5,,깔끔하고 혼자 들르기 좋게 꾸며진 매장
9245469,3,,"이태원 나들이 후 커피 한잔과 쉬어 갈 수 있는 곳입니다. 외국인, 직장인, 어머니들이 많은 편이어서 조금 시끄러운 편입니다. 직원들도 바빠서 그런지 서비스는 별로고요. 그래도 잠시 가벼운 대화와 스타벅스 커피 맛을 느낄 수 있는 곳이라 좋습니다."
9245469,4,,이태원의스타벅스는특히조용한분위기에서가끔보이는외국인들로인해꼭외국에있는느낌이들며특히카페라떼가맛있으며주문이빨라맘에들었어요
29014293,,,
9245716,3,,건물도 많고 큰길가에 있어 다소 붐비는 매장입니다. 안쪽 깊숙히까지 테이블은 많이 있네요. 추운날에 따뜻한 라떼한잔 좋았어요
9245716,3,,남친이랑 돌체라떼와 카푸치노를 시켰는데 우유를 잘 소화못할 때가 있는데 딱 그날이었네요. 맛있게 마셨는데 계속 소화가 안 되어서 ㅜㅜ 속에서 부글부글해서 고생했고요. 남친도 같이 설사를 시작해서 다음부터 우유가 아니라 두유로 바꿔야하나 고민이 생겼네요. 다른때는 이렇게 심하게 배가 안 좋은 적이 없었거든요. 우유에 민감하신 분이면 두유로 바꾸시길 추천해요. 근데 돌체라떼는 두유로 바꾸면 맛이 없어서 ㅜㅜ 안습이에요. ㅜㅜ
9245716,3,,평일 점심시간이 지난 오후였는데도 빈 테이블이 별로 없었습니다. 그치만 매장이 커서 비교적 여유로운 분위기였어요. 아메리카노 한잔 좋았습니다.
9245716,4,,사실 그렇게 큰 매장이 아님에도 아침과 점심시간에 많은 수의 바리스타가 있는 것은 다 이유가 있다. 마포역 주변의 유일한 스타벅스라 직장인들이 몰리는 시간에는 상당히 주문량이 많으며 주말에도 사람이 많은 편.
9245716,5,,신메뉴 피지오랑 애플망고요거트가 너무 마음에 들어요^^앞으로도 이런 신메뉴가 많이 나왔으면 좋겠어요
9245716,4,,마포역 2번출구 바로 앞에 위치한 스타벅스. 약속장소로도 많이 이용되고 하다보니 아침 출근시간&점심시간은 언제나 복잡복잡.
9245716,4,,건강보험 공단에 일이 있어 들렀다가 스타벅스 방문함. 도로변에 있어 눈에 잘 띄이고 직원들 친절함. 공덕역 인근에 있어 위치 좋음.
9245716,4,,"스타벅스 치고 매장 내 좌석 간격이 꽤 넓은 편이라 좋다..
화장실이 매장 외부에 있어서 그건 좀 불편핟"
9245716,5,,마포역에서 가깝고 버스정류장에서도 가까워서 자주 이용합니다. 실내도 상당히 넓고 편한 소파자리 파티션이 나눠진 자리 등 선택의 폭이 넓어요. 창가쪽 자리는 거리 전망도 좋구요. 손님이 많은편이지만 다른 지점에 비해 조용한 편이라 독서나 공부하기에도 좋았어요. 다만 화장실이 조금 오래된 느낌입니다.
9245716,4,,"살짝 반지하 같지만 그래서 또 은근한 운치가 있는 매장이다. 
조명도 은은하고 의자도 많고 꽤 넓다.
편하게 쉬기에 좋다. 물론 근처에 아파트가 많아서 애를 데리고 오는 어머님들이 많이 
모일 때는 예외이다."
9245716,3,,완전한 1층이 아니라 약간 반지하 같은 느낌이라 창밖은 좀 답답한 면이 있습니다. 그러나 매장이 좁은 편이 아니라서 자리는 많으니 이용하기에 나쁘지는 않습니다.
9245716,4,,"마포역 인근에서 약속을 잡을 거라면 찾기 쉬운 위치에 있다. 밖에서 보는 것보다 
내부는 상당히 넓다. 의자도 상당히 많은데 빈자리가 거의 없어서 늘 시끌시끌하다."
9245716,4,,마포역 근처에 스벅이 제법 많은데 일진빌딩점은 반층 정도 아래에 있어서 사실 외관으로는 잘 눈에 띄지 않지만 내부는 꽤 넓고 생각보다 밝은 편입니다. 사람 많은 평일보다 주말에 여유있게 즐기기에 좋은 곳입니다.
9245716,3,,넓은 공간으로 여유 있게 커피한잔 하기 좋은 곳
9245716,4,,일진빌딩에 있는 스벅은 일진빌딩 직원들이 참 많이 갑니다. 일진 할인 좀 해주면 좋을텐데요ㅠ
9245766,4,,대로변에 큰 국민은행 건물 1층입니다. 건물에 비해서 매장이 그렇게 크진 않지만 분위기는 여느 스벅 매장과 같이 좋았습니다.
9245766,4,,회사근처라 스페셜오더로 자주 가는 매장이예요 깨끗하고 넓어서 좋아요 매장 외관이 좀 예뻐요 첨에 스벅인줄 몰랐어요 ㅎㅎ
9245766,5,,충정로역 8번 출구에서 나와서 왼쪽으로 꺽자마자 쭉 직진하면 나와요. 도보로 5분정도 입니다. 하지만 충정로역에서 경기대학교 가는 마을버스를 탄다면 만날수 없어요. 근처 사무실이 많아서 항상  기다려야 하는 단점이 있지만 역에서 접근성이 좋아 자주 이용합니다. 아이스아메리카노가 가장 빨리나와요.
9245766,5,,사무실이 꽤 몰려있는 지역이라 어쩔수없이 사람은 많습니다. 그래도 친절하고 라떼가 맛있어요
9245766,5,,"인근에 스타벅스가 여러곳있는데
그중에서 제일 친절한 것 같음.
점심먹고 가면 딱 좋음.
음료 나오는 속도도 빠르고.. 자주 감."
3894879,3,,"Seoul, Seoul, South Korea"
3894879,5,,"강남 뉴코아가 리노베이션이 되어 새로운 맛집,카페들이 입점했는데 예전부터있던 버거킹과 스타벅스는 제자리를 지키고있다.의외로 내부는 넓고 좌석은 많으나 손님도 많아 빈자리를 찾기힘들때도 있다.커피는 맛있으나 좀 시끄러운편이고 직원들도 친절한편이다."
3894879,4,,"갈때마다 복잡하지만 약속장소로는 좋은곳 같아요~
줄서서 주문할정도로 붐비는곳이지만  더 깨끗해져서 쾌적하네요"
3894879,5,,"백화점은 엄청 붐비는 반면에 스벅은 그래도 조용한 편이라서 차마시고 수다떨고 하기에 좋은곳이에요 그래서인지 커피가 특별히 맛있게 느껴지는 곳이에요 
직원들도 친절해요"
3894879,5,,"리모델링후 좌석도 많고 쾌적해졌어요.
항상 사람이 많은데 쇼핑하고 커피한잔 하기 최적의 위치입니다.
카페라테 맛이 최고"
3894879,4,,마트와 같이 있는 스타벅스  항상 사람들로 붑비네요  마트에 장을 보러오면 한번씩 들리는데  요즘 너무 시끄럽네요  마트와 백화점 전부 공사장으로 변했는데 지금은 거의 마무리 단계라 조금만 더 기다리면 조용해 지겠죠  커피와 도넛을 즐기는 스타벅스 좋아요  주변의 약속 장소로도 잘 활용되고  무료와이파이가 잘 터져 오랜시간 보내는 사람도 간혹 많아요  추천합니다
3894879,5,,"직원들이 친절해 좋습니다.
프랜차이즈라 커피맛이 다른 매장과 다를 게 없겠지만 깨끗해서 좋네요.
잠원역에서 걸어서 5~10분, 고속터미널역에서도 그 정도, 반포역에서도 10분 정도 거리라 뉴코아 백화점 이용하거나 동네분들 아니더러도 들리시면 좋을 것 같습니다."
3894879,3,,"킴스클럽과 주차장을 잇는 통로에 위치하고 있어 이용이 편리한 반면, 개방된 공간인 탓에 겨울에는 조금 추운 느낌이 난다. 그래서인지 대형 마트 앞인데도 오히려 다른 스타벅스보다 한산한 경우가 많다. 쇼핑 전 아메리카노를 테이크 아웃으로 가져간다."
3894879,3,,"쇼핑 후 잠깐 쉬기에 좋다. 그리 사람도 많은 편도 아니고, 나머지는 다른 스타벅스와 비슷"
3894879,1,,"영업을하고있어서 공기가 너무 안좋아요
문도 위험해요
공사장안에 간판도없이 영업중이라
가지않으시길 추천합니다
공사중에 영업하는 뉴코아가 잘못이라고생각합니다"
3894879,4,,매장 청결도도 좋고 직원분들이 친절해서 좋았어요. 아이가 먹을 거라서 망고바나나에 얼음 조금만 넣고 갈아달라고했는데 정말 맛있게 만들어 주셨어요.
3894879,4,,다른 스타벅스 보다 덜 붐벼서 좋습니다.  자리들도 넉넉한 편이구요.  와이파이도 잘 터져 오래 있기에 편한 장소입니다.
3894879,5,,뉴코아 1층에 위치해서 위치가 좋아요~
3894879,5,,사람이 많지 많아 이용이 편한 지점이예요
9087832,4,,"아기자기하고 소녀같은 까페들이 아닌 넓고 쾌적한 장소를 찾는다면 이곳.
여러층으로 구성되어있고 다양한 방 형태도 존재
커피는 다른 곳보다 약간 비싼 편"
9087832,4,,"연희동에 있는 카페들 중  꽤 큰 규모를 자랑하는 카페입니다.
연희동 골목 중 큰길가에 있어 찾기 쉽구요
커피맛은 보통인듯니다~"
9087832,4,,"무려 3층까지 넓은 공간을 자랑하는 에스프레소 하우스입니다. 늦은 밤에 들러도 테이블이 꽤 차 있구요, 모임이나, 공부를 하기위해 오시는 분들이 많은 듯합니다. 입구에 도서를 팔기도 해서 가끔 재미로 한두권 사보기 좋습니다."
9087832,3,,연희동 예 단독주택을 브런치 카페로 만든 곳이다. 건축가 김중업씨 작품으로 2층오르는 계단이 재밌다. 브런치는 모든 종류가 다 맛있고 가격도 적당하다.
9087832,4,,"수정이 않돼서 다시 올립니다 김중업인데 핸드폰이라 오타가 났네요
죄송합니다 ^^
커피가  좋아서  올렸습니다"
9087832,4,,이카페는 김중엽이라는 우리나라 대표적인 건축가 오래전에 설계한 카페로 건물로만도 유명합니다 . 커피는 평범하고 멋진 음악과 어울리니 맛에 더해 만족합니다 연희동에 가게 되면  가보게되지요
32862323,,,
12447883,5,,"수제스콘 맛있네요
아이스라떼랑 같이 먹으니 엄청 맛있었어요
로스팅도 직접 하고 스콘도 매장에서 직접 만든다고 하네요"
12447883,5,,"수제크림커피 진짜 맛있어요!!
매장에서 크림을 직접 만드신다던데, 크림도 직접 만드시고 로스팅도 직접 하시고 스콘도 굽고 있더라구요
방문했을 때는 스콘이 다 나가고 추가로 굽고있어서 맛보지 못했는데 다음에는 스콘도 같이 먹어보고싶어요"
12447883,5,,"독립문역 카페를 인스타그램에서 검색하다가 예츠페리카페에 갔어요. 바깥에 '커피'라고 써있는 작은 입간판이 귀여웠어요. 라떼도 맛있고, 아주 친절하셔서 기분도 좋았네요. 단풍구경 하고, 서대문형무소에 갔다가 배부르게 밥먹고, 맛있는 라떼로 마무리하니 하루가 행복했어요."
12447883,4,,버스 정류장 앞이라 잠시 들러서 카페라떼 아이스 테이크아웃 했어요. 가격도 저렴하고 양도 많네요. 무엇보다 신맛이 나지않고 고소한 맛이 제입에 딱 맞았습니다. 지나가는길에 또 들리고 싶어요👍
24145965,,,
23911522,,,
13354764,,,
9245255,4,,를 주문해서 맛있게 마셨는데 들어간 우유가 잘 소화가 안 되는 듯 했어요. 그거 외엔 친절하고 매장도 넓어서 좋았어요. 돌체라떼는 달콤한 커피로 그랑데 사이즈는 6100원이었어요.
9245255,5,,여기에있는 대부분의 커피 장소에는 우유에 대한 유제품 무료 옵션이없는 것 같습니다. 그래서 모든 스타 벅스는 두유를 구입할 수 있으므로 추천합니다.
9245255,2,,"오픈한지가 꽤 되서 가구들도 오래된 티가 나고 낡았어요. 오래 앉아있는 사람들이 많아 자리맡기가 쉽지 않아서, 3층으로 올라가야할 때도 있어요."
9245255,3,,성신여대점에서 카페모카를 주문했는데 맛은 그냥 그랬어요.  하지만 직원분은 꽤 친절했어요. 이번에 보니 플라스틱 빨대를 종이 빨대로 바꾸었더라고요. 근데 카페모카는 추천 안 해요.
9245255,4,,"4-5층 건물 전체가 스타벅스 건물이고, 역에서 걸어서 3분정도? 약간의 오르막이구요. 화장실은 거의 층마다 있었는데 여러개라서 사람 붐벼도 화장실 줄 거의 없고 편해요. 공부하는 사람들 엄청 많아요"
9245255,4,,"많이 좁은 편이지만, 4층까지 있고 길목도 좋아서 테이크아웃하기 좋습니다. 앉을 자리도 많아서 공부하기도 괜찮았어요."
9245255,5,,스타벅스 없어서아쉬웠는데 생겨서좋았어요 박명수 부인꺼라는소문이 ㅎ 자주가요 공부하거나 독서하기도딱 텀블 러나컵도 이쁜거 많아요
12907082,5,,"집과 가까워서 주말에 별일이 없을 때면 여기에서 커피를 마시곤 합니다. 이 근처가 오피스 동네라 주말이면 사람이 정말 없어서 왠만한 곳은 다 문을 닫는데, 여긴 영업을 해서 좋습니다. 다만, 특성상 주말애는 6시면 문을 닫아서 아쉽습니다. 직원분들도 친절하고 음료도 맛있고 다 만족합니다."
9373784,5,,"남산데이트 장소로 유명하고, 남산에 왔다면 꼭 들러봐야할 곳!"
9373784,5,,"터키, 베트남, 비엔나등 다양한 국적의, 드립, 에스프레소, 덧치등 다양한 방식의 커피를 맛볼 수 있습니다. 
두잔의 각각 다른커피가 이렇게 다른 맛을 내는구나!! 감탄을 하게 됩니다
분위기도 아늑하고 복잡하지 않아요. 
바리스타 교육도 하는 바리스타 장인이 만든 커피를 맛볼 수 있습니다"
9245228,4,,"앉아서 비즈니스 하기 좋은 공간이에요 
커피는 물론이고 파트너들도 친절하기 때문에 자주 방문하는곳이에요
최근 신메뉴 뱅쇼도 맛나더라구요"
9245228,5,,스타벅스는 자주 들릅니다. 특히 구로디지털로점은 더 자주 가게되네요. 단골입니다. 스타벅스 별도적립되는게 나름 쏠쏠합니다
9245519,3,,"서울이라 그런가 영등포라 그런가
뭐 분위기는 reserva 에 좋기는 한데
너무 좌석간의 간격이 좁다.
오밀조밀 몰려서 불편하게 앉아야한다.

문도 10시 정도에 닫아서 늦은 시간에는 다른
프랜차이즈 카페를 가는 것을 추천한다.

일단 너무 도떼기 시장 같아서 그게 많이 아쉬웠다.
충전할 공간은 많다."
9245519,4,,"일반적인 스타벅스입니다. 위치상 번화가는 아니라서 단층이지만 좌석이 넓고, 점심시간만 제외하면 전반적으로 여유있는 편입니다."
27953479,,,
9245491,4,,성대입구 사거리 근처에 있는 스타벅스 매장입니다. 큰길가에 있어요. 주말 오전이라 사람 별로 없을것 같았는데 스벅은 어딜가나 사람이 많은 편이네요
9245491,4,,학생들로 항상 붐비는 지점입니다. 2층까지 꽉 차서 자리가 없을 수도 있으니 자리를 먼저 확인할 필요가 있습니다
9245491,5,,"스타벅스 2층으로 구성되어 있지만, 늘 사람들이 많이 있다. 대학로 버스정류장 바로 앞에 있어서 커피한잔 사서 수업들으러 가기 좋다"
9245491,4,,"주말에는 역시 사람이 많지만, 평일에는 한적해서 이용하기 좋습니다.
맛은 스타벅스의 공통된 맛과 동일하고요... ^^"
9245491,4,,"매장이 작지만, 직원들도 친절하고 좋아요.
번잡하지 않아서 지나가다가 들러서 커피 마시기도 좋고요."
9245491,3,,"1층은 주문 공간으로 테이블은 구석에 몇 개 있고요, 2층은 넓고 쾌적합니다.
메뉴나 맛은 전형적인 스타벅스이고요..근처에 다른 체인 커피샵이 많아 선택의 여지가 많네요."
9245491,5,,음.. 알바생이 실수를 조금 하기는 했어도 맛있는 커피를 마셨습니다. 보통 스타벅스와 다를 바는 없습니다.
9245491,3,,이 하나 더 좋거나 나쁜 다르? 대학가 와 쇼핑에 좋은 위치. 다소 작은 점은 좀 비좁은 카운터에서. 2층에는 전망 좋은 사람이라면 혼자 걷고 싶도록 단일 시트에서 작업 아래. 스타벅스 라떼 같은 어디에서든 - 역시 일관되게. 반드시 점이 있다면 다시 찾고 커피.
9210031,5,,"대한민국 5대 차돌박이 맛집입니다.

공항시장역"
9210031,5,,"차돌박이를 숯불에 구워먹을 수 있는 집
김포공항 인근 지하철 9호선 공항시장역에서 갈 수 있으며, 주차는 근처 유료주차장을 이용해야 하는데, 조금 걸어야 합니다.

미국산 차돌박이외에 토시살 등심 갈비살 등이 있습니다.
큼직한 고기를 숯불에 직접 구우니 맛이 아주 좋습니다.
고기 질도 괜찮아요"
9210031,4,,"차돌박이, 등심, 주물럭 등을 즐길 수 있다. 흔히 소주와 맥주랑 즐길 수도 있지만, 와인도 판매하고 있어서, 와인 좋아하는 분들에게 추천"
9210031,4,,차돌박이를 숯불에 구워먹는 스타일임. 저렴한 가격에 맛있는 고기를 먹을수있고 같이나오는 무생채가 시원해서 고기와 잘어울림. 마지막에 된장찌개에 남아있는 고기를 넣고 끓이며 먹으면 밥이 뚝딱. 항상 과식하게 되는집임.
9210031,3,,"가게는 크지 않고 겉으로 보면 상당히 허름해 보이는 집입니다.

대표메뉴는 차돌박이인데 가성비가 괜찮습니다(미국산) 사각형으로 큼직하게 썰어서 나오는데 슟불에 구워서 먹으면 맛있어요.
양푼에 나오는 된장찌개에 고기와 각종 야채를 넣어서 먹어도 좋습니다."
9210031,4,,"미국산 차돌박이가 180g 13,000원이에요
숯불에 구워먹는 차돌박이가 맛있어요 토시살 등심 갈비살도 있는데 대표 차돌박이를 먹었어요 된장찌게에 남은 차돌박이를 넣어 먹음 맛있습니다"
9245598,4,,"CGV 건문 바로 옆에 깔끔한 스타벅스가 있어서 영화보고 방문하기 좋아요.
요즘은 커피보다 허니자몽블랙티가 맛있어서 자주 사먹게 됩니다.
따뜻한 음료보다는 차가운 음료로 마시는 게 더 맛있고요."
9245598,4,,"주위에 카페가 별로 없어서 항상 사람이 많은편이예요
그래도 스타벅스는 어딜가든 음료나 디저트 모두 무난하고 맛있으니 추천합니다"
9245598,3,,미아사거리에 위치한  스타벅스 지하철과 가깝고 롯데백화점 현대백화점과도 가까워 휴식을 취하기 좋은 위치 앞쪽에 위치한 버스정류장을 이용하신다면 더위와 추위를 피해 한잔하고 가시는걸 추천
9245472,4,,아이와 같이 방문하기 좋습니다 한달에 한번 이상 꼭 방문합니다 유모차를 동반해도 움직이기 편해서 좋습니다 쥬스도 설탕없는게 있습니다
9245472,4,,최근에 리모델링을 해서 실내가 좀 더 넓어지고 깔끔해졌다 커피맛이야 여전하고 쾌적해진 실내때문에 더 좋은 맛이 나는것 같다
9245472,4,,장소가 2층까지 있어 공부하는  사람들도 많이 옴. 1층은 그리 넓지 않음. 무료 와이파이 제공 가능. 직원들은 친절하고 일반적인 스타벅스 서비스를 받을 수 있음
9245472,5,,"1,2층으로 나누어져 있어서 2층에서는 공부할수도있고 넓어서 다른매장보다 편해서 가기 좋아요"
9245472,4,,학원가주변에있다보니 카페안에 공부하시는분들이많은편이고요 분위기는 괜찮습니다 1층은 수다떨기좋고 2층은 공부하기좋아요
17546819,5,,"시나몬롤 좋아하시면, 치즈, 초코 추천"
17546819,3,,가족들과 식사 후 산책 할겸 서울숲으로 갔습니다. 시나본 빵과 차 한잔 마시며 휴식을 가졌네요. 다만 커피외에 다른 음료는 가격대비 저렴한 맛을 내서 아쉬웠습니다. 사람이 많아서 자리가 부족한 것도 아쉬웠습니다.
12134634,5,,"찾아가기는 조금 어려웠지만 조용하고 분위기도 좋았어요
카라멜밤 맛있었어요!!
그리고 직원분들이 너무 너무 친절하십니당
화장실은 가게에 따로 없고 시장에 있는 공영 화장실 사용해야해서 조금 불편하지만 깨끗했어요~"
12134634,4,,"정육점을 찾아야함
위치기 진짜 어려움 신흥시장 안인데 이런데 잇어! 할만한 곳에 잇음 ㅜㅜ
그런데 커피는 맛잇어요 가격은 뭐 그닥"
12134634,4,,"신흥시장 골목 안쪽이라 찾기는 어려운데 찾아가면 나름 개성적인 공간을 만날 수 있습니다. 콘크리트를 노출시킨 실내에 노란색 불빛으로, 자리를 잡고 있으면 따듯한 느낌이 듭니다. 음료들이 개성적이고 맛있는데 진저밀크를 추천합니다."
9210012,3,,"매운음식먹고싶어서 검색해서 왓어요 2인셋트에 고구마치즈튀김4,치즈,계란찜,볶음밥1셋트 39,000원에 먹엇어요. 큰 맛집은 아니엿지만 서버분들이 친절했어요"
9210012,4,,워낙 쭈꾸미를 좋아해서 저녁에 맥주하러 들렀습니다.쭈꾸미는 쫄깃하고 맛있었고 차돌도 무난 했어요.
19085897,,,
8938814,4,,산미가 살짝 있는 신선하고 상큼한 커피. 당근케잌도 맛있다. 너무 북적이지 않았고 음악도 조용하게 틀어놓아 아늑한 느낌이다.
8938814,4,,"일단 건물이 너무 멋있고요
커피도 맛있고 디저트도 맛있고 자리도 편해요
근데 가기가 좀 어렵고 주변에서 소똥냄새가 많이 납니다
건물이 무슨 디자인상 받은 곳이라더군요"
8938814,4,,통유리 외관으로 분위기도 좋고 커피맛도 너무 좋아요. 하지만 차가 없으면 가기 힘들어서 그게 좀 아쉽네요.
8938814,4,,"저는 성북동 쪽으로 갔었는데 발렛서비스도 있고, 커피랑 케잌도 맛이 있어서 만족했어요. 테이블 수가 많이 않아서 주말엔 자리잡기가 쉽지 않을거같고, 카페내가 시끄럽지 않고 조용해서 아늑한 느낌이 들었어요."
8938814,5,,"도시에 있는 카페인데도 꼭 넓은 숲 속에 있는 카페처럼 정원이 꾸며져 있더라구요
커피 맛도 좋고 풀 내음도 좋고 유명한 퐁당 오 쇼콜라도 너무 맛있었어요.
같이 가신 엄마랑 이모도 만족한 맛이었답니다. 왜 유명한지 알겠어요."
8938814,4,,"일단 여긴 분위기로 반은 먹고 들어가는 듯 해요.. 인테리어가 완전 제 취향 저격입니다 ㅜㅜ 깔끔하고 예뻐요.
그리고 커피도 맛있어요 제가 엔간하면 커피 맛있는 줄 잘 모르고 마시는데 여기는 딱 마시자마자 알겤ㅅ더라구요 부드러우면서 풍미가 느껴져요 ㅋㅋ 여기 젖소롤 맛있어요 ㅋㅋㅋㅋ 모양이 귀여워서 먹기 좀 아깝긴 하지만....ㅎㅎ
위치는 한강진입니다"
8938814,4,,파주점이 글렘핑  할수있는곳 가까이에 있었다.정원이 꽤 넓은곳의 안쪽에 그린하우스처럼 넓고 개방감있게 있었다.안에는 커피외에도 가드닝 제품들과 코너가 있었다.커피도 맛이 있었다
15209111,5,,"오픈한지 2년이 다되가는데...언제가도 텅텅비어있습니다.  
그래도 크레이프 케이크와 커피는 훌륭한 조합입니다.  
커피 양도 엄청많아요. 
예전엔 사발머그에 줬는데 이번에 가니 큰 머그로 바뀌었네요
밥먹고 2층에 자리잡고 수다떨기 딱 좋아요."
15209111,5,,"오픈한지 얼마 되지 않아 아직은 손님이 적은 편입니다. 
그래서 북적이지 않고 여유롭게 케이크와 커피를 즐기기 좋아요.
밀크 크레이프와 아메리카노는 진리입니다 :)"
9245537,4,,여름에 엄청나게 덥기 때문에 모두가 들어와서 앉으려고 함 + 공부하는 사람들 많아서 거의 자리 안 빠짐. 고로 자리잡기 힘들고 매우 상당히 시끄럽다고 느낄 수 있음.
9245537,4,,저녁을 먹고 디저트로 쥬스를 시켜먹었어요 레몬톡스 쥬스는 상큼하고 괜찮았어요 커피 마시기 싫소 디톡스되는 쥬스 또는 비타민을 섭취하고싶을때 추천해요 직원분들도 친절하고 매장도 깨끗해서 좋았어요
12272257,5,,"분위기도 좋고 커피 맛이 아주 괜찮았습니다. 
디저트도 직접 먹어보진 않았지만 맛있어 보였습니다."
17202016,4,,"백미당은 박화점 매장만 갔었는데 우연히 근처 지나다가 들르게 되었어요
굉장히 깨끗하고 예쁘고요
백화점에 없는 메뉴들도 다양하게 있어요"
9245640,1,,"남자직원이 고압적이고 엄청 불친절하네요
짜증섞인목소리 사람을 얕잡아보는 태도 다시 가고싶지않네요
물론 직원들마다 성향은 좀 다를수 있을겁니다
외국에 가서 말이 잘 통하지 않아도 그런 정도는 아니었는데 쩝"""""
9245640,4,,커피 종종 사가지고 가는 지점입니다. 역 바로앞에 있어서 좋구 다른 매장들에 비해선 한가한 편입이다. 서버들은 그닥 친절치는 않아요.
9245640,4,,어느 지점에 가든 생김새는 조금씩 달라도 서비스가 한결같아 늘 믿고가는 스타벅스입니다. 석촌역 앞에 있구요 아침에 라테한잔 테이크아웃 좋았어요.
9245640,4,,석촌역 6번 출구쪽에 있습니다. 매장은 생긴지 좀 된거 같은데 넓고 쾌적한 편입니다. 날 더운데 시원한 아이스아메리카노 마시니 좋았어요.
9245640,4,,다른 지점보다 사람이 많지 않아 조용한 스타벅스
9245640,3,,"항상 깔끔한 분위기, 친절한 직원분들, 맛있는 커피가 항상 준비하는 곳이라 스타벅스는 언제나 만족스럽습니다. 겨울에는 토피넛라떼가 항상 생각이 나네요. 와이파이도 빠르고 충전코드도 많아 만족스러운 장소입니다."
9245640,5,,"석촌호수점은 늘 사람이 많아서 정신없는데, 한가하게 있고 싶을 때 방문하는 곳입니다. 서버들도 굉장히 친절하셨어요"
9245877,4,,건물도 크고 매장도 큰 편입니다. 인테리어 분위기도 예쁘네요. 아메리카노 한잔이랑 망고맛 들어간 푸딩을 먹었는데 커피는 좋았지만 푸딩은 살짝 느끼하고 달았어요.
9245877,4,,"요즘 정말 크로크무슈에 꽂힌 것 같다.
다른 샌드위치 류 들도 정말 맛있었지만 이번 방문에서 먹은 크로크무슈는 제대로 진중하게 짭쪼름해서 한끼 식사로 아주 든든하게 먹기 좋았다. (물론 왕창 살찌는 맛이다.)

오늘의 커피 블렌딩도 괜찮았던 것 같다.

쉴 공간이 많고 특히 화장실이 정말 깨끗하고 좋다."
9245877,1,,"나는 에스프레소 프라푸치노를 사 먹을 주문했습니다. 여기까지는 좋다.

제가 도착했을 때, 그들은 끊어차기 넣지 마십시오 있는 것을 보았습니다. 대해 물었다. 레이디 채찍을 나는 물었다 겁니다. 그 후 동료의 묻는 기분이 좋지. 분명히 그녀는 나에게 말했다. 채찍은 없습니다 채찍을 주문할. 나는 구입할 수 있습니까? 예, 그는 내 머그컵 보고 있는 작은 휘젓습니다. 농담으로. . . 가난한 서비스!"
9245877,4,,복잡하지 않은 곳에 위치하고 있어서 점심먹고 들르기에 좋아요. 넓직한 자리배치도 앉아있기에 편해요.
9245471,4,,버스 정류장 바로 앞이라서 버스에서 내려서 자주 들리게 됨. 스타벅스가 대체로 그렇지만 사람이 많아서 빈 자리는 많지 않은 편.
9245471,4,,"연신내에 최근에 스타벅스가 많이 생겼는데, 그 중에서 제일 먼저 생긴 스타벅스입니다. 그럼에도 불구하고 항상 사람이 많아서 어쩔 때는 자리가 없어요. 수다떠는 사람들보다는 조용히 공부하시는 분들이 더 많은 곳입니다."
9245471,3,,보통의 스타벅스 이지만 벽같은 곳을 보면 약간 지저분하고 전체적으로 낡은 느낌이 납니다. 자리는 2층까지 있어 여유있습니다.
9245471,4,,"1층은 주문받는 곳이 있어 다소 혼잡하고 시끄럽지만, 2층은 혼자 공부하는 사람들이 많이 조용한 편입니다. 화장실은 2층의 건물 화장실을 이용해야 합니다."
9245471,4,,"2층이 조용해서 좋습니다. 워낙 노트북가져와서 공부하는 손님이 많은 탓에 그런거지만요
너무 조용해서, 수다떨기엔 눈치보이기도 합니다.
혼자가서 커피마시며 책보기에 딱입니다."
9245471,3,,그냥 커피마시러가기 좋다 단지 사람이 많을 경우 앉을 자리가 없을 수 있으니 꼭 자리가 있는지 확인한후 커피를 주문해야 한다
9245471,3,,"책펴놓고 공부하는 사람들이 많아서
자리잡기가 힘듬.
도서관인줄 알았음.
음료맛이야 워낙 평준화 되었으니..
테이크아웃하기 좋은곳임"
9245471,5,,"서울에서 몇군데 자주가는 스벅중에 저는 개인적으로 연신내점이 제일 좋아요~
제일 친절하고 엑스트라 서비스같은거 하나하나 세세하게 잘 설명해줘요~ 
다른데는 프리엑스트라 잘 말앙해주던데.."
9245816,4,,"프리퀀시 모으기 시작해서 요즘 다시 스타벅스 다니고있다. 

토피넛 라떼 5.8 천원

전에는 몰랐는데 안쪽으로 넓은 공간이 있다.

많이 들 책읽고 쉬는 공간으로 사용하는듯"
9245816,4,,9호선 염창역 근처에 있는 스타벅스예요 1층 단층으로 되어있고 매장이 아주 크진않지만 수요일 저녁 7시쯤갔을때 앉을수 있는 좌석도 여유 있고 대화하시 조용한편이고 좋았어요 한라봉쥬스를 마셨는데 상큼하고 만족스러웠어요
9245816,5,,"집앞이라 자주가는데 언제나 친절함.
시식이 자주 있어서 평일낮에 가면 완전 좋음.
시식도 혜자스럽게 줌. 마카롱의 경우 1/2를 주고, 케익은 거의 1/4 정도인거같음.
친절함과 혜자스런 시식이 너무너무 좋음."
9245816,4,,요거트랑 커피랑 먹으러 갔었는데 공간도 넓고 사람도 많이 붐비지 않아 좋아요. 직원분들도 친절하심.
9245816,4,,파트너분들이 항상 상냥하고 센스도 좋으심. 엠디도 다른 매장에 비해 넉넉하게 들어오는 편이라 항상 마음 편하게 들르는 카페.
10169265,,,
9245845,4,,어딜가나 스타벅스는 느낌이 비슷해서 부담없이 가기 좋은것 같아요. 건물이 깨끗해서 매장도 좋네요. 다만 규모는 좀 작은 편이에요
9245845,3,,"다른 스타벅스에 비해 매장 내부가 좁은 편이고, 직장인들이 많이 방문하는 곳이라 그런지 조금 어수선하고 시끄러운 편이었어요. 주로 공부 목적으로 스타벅스를 이용하는 편인데 여기는 공부하기에 좋은 환경은 아닌 것 같네요"
9245845,4,,스타벅스야 어디서든 동일한 친절한 서비스와 맛을 가지기 때문에 특별히 독특하다거나 하는 점은 없습니다. 다만 화장실이 너무 멀고(계단으로 3층) 전기콘센트가 많이 구비가 안되어 있는 것이 좀 불편했습니다
9245845,4,,"매장은 작은편이고 테이블이 많지는 않습니다.
하지만 스타벅스의 모든 서비스는 잘 받을 수 있습니다.
특히 우유를 못마시는 사람을 위해 두유로 라떼를 만들어주는 서비스는 매우 좋습니다."
9245845,4,,"가장 최근에 생긴 스타벅스로 공덕역에서 제일 가까운 곳입니다.

메뉴는 다른 스타벅스와 같고...매장 크기가 큰 편이 아니라서 점심시간에는 자리가 없는경우가 많습니다."
9245845,5,,"워낙 평준화된 곳이라 딱히 장단점이 뚜렷하지 않음
입지조건이 좋아서 미팅하기 적절한 곳이나
스타벅스 특성상 의자가 편한편이 아니라(편한곳도 이미 만석)
미팅장소로도 어울리진 않음"
9245845,4,,"저녁시간에 자주 찾아가서 인지 항상 사람들이 꽤 많았음
적당한 소음에 대화하기 적절한곳임
커피류 음료 맛들은 워낙 평준화 되어있어 별도로 언급할 부분은 없음."
9245845,4,,"여기 스타벅스는 좀 넓직한 느낌입니다. 사실 체인점의 맛을 평가하기는 어렵고요. 분위기가 직장인들이 많이 오고, 보험모집인들이 낮에 수첩들고 혼자 많이 앉아있습니다."
9245845,5,,아침 출근길에 주로 방문하는 커피전문점이에요. 커피 맛있고 직원들 친절해서 좋아요. 벤티사이즈 커피사면 하루종일 먹을수 있어요^^
9245845,4,,좌석이 많은 편입니다. 그래서인지 방문하는 사람도 적은 편은 아니구요.. 책 한권 들고 와서 조용한 분위기에 커피 한잔 하시면 좋습니다.
9245845,4,,마포 가든 호텔 옆 건물에 위치해 있다.
9245845,4,,"생긴지 얼마 되지 않은곳이라서 사람도 많지 않고
조용하니 커피와 노트북인터넷하기에 딱 좋드라구요~^^"
9245845,3,,"가끔 공짜 쿠폰 쓰러 가는 곳.
스타벅스 이용 되도록 안 하지만 서비스 좋고 편한건 인정.
여기 의자는 대부분 쇼파가 아니랍니다! 2 테이블 빼고."
9245845,4,,자리가 넓지 않지만 북적거리지도 않고 직원들은 친절함. 항상 한결같은 커피맛을 보여주고 있는 곳임.
9245845,4,,마포와 공덕역의 가운데 애매한 위치에 있지만 쾌적해서 즐겨찾는곳입니다. 근처에 먹거리가 많아 식사 후 후식으로 주로 찾아요. 건물자체가 지은지 얼마 되지 않아 깨끗하고 천장이 높아 쾌적합니다. 아메리카노는 역시 스타벅스.
9284367,1,,"1성급 리뷰 제목 사실 사항 필요한 만들어진 직원이 화장실 Pur Soap 질문에 없다고 말했습니다. 레스토랑 항상 적어도 요리가 SOAP 일종의, 화장실 적어도 놓아야 합니다. 대체 단순히 비위생적이었습니다. 만약 앉기 전에 비누 화장실 확인합니다. 그렇지 않으면 보이콧."
9284367,4,,이것은 한국의 음식 매운맛만큼이나 초콜릿 크림 아이스크림과 신선한 과일로 가득한 서울의 갓 구운 와플에서의 진정 아름다운 5 일간의 체류에 대한 사랑스러운 끝이었습니다! 우리가 돌아올 것입니다.
9284367,5,,"우리는 디저트는 와플을 파는 명동 곳곳에서는, 이것은 우리가 먼저 우연히 한 실망하지 않았습니다. 우리가 점심시간에 후, 그 곳에서. 조용하고 편안한 음악에 아늑했다. 어린 소녀 당시 거기서 일하는 한 있을 것 같았다. 그녀는 매우 좋았고 설명했다 그들의 우리에게 서로 다른 메뉴 항목을 최고의 영어로. 나는 Choco 와플, 남편이 아이스크림 와플 주문했는데 주문했습니다. 아름다운! 내 신선한 과일 로드됩니다. 몇몇 숨겨진 브라우니를 벌레에, 제 남편이 신선한 꽃들이 떠다닐 아이스크림. 와플 스스로 너무 맛있었다. 우리는 모두 이 곳을 명동에 바로 옆에 시간을 검색하는 것이 좋습니다."
9284367,5,,"가게는 음식에 자부심을 가지고 세부적인 것이고. 
사진을 봤을 때 나는 메뉴. 이 때 제공되지만 실제 음식 대한. 저는 세부 정보 에 멈춰 버리 었다. 신선한 와플 과 아이스 꼭다발과 에 컬러 조합 - 시푸드 바베큐. 작은 장식 꽃병 에 요리. 유형 및 차를 판 - 커피 포트와 컵 사용 중입니다. 
아늑한 인테리어. 아름다운 차 휴식 에 좋은 커플이 오. 
편안 합니다."
23770447,,,
23972831,,,
33308625,,,
9079076,4,,갤러리아 명품관에 있는 매장이에요. 곤트란이랑 비슷한 느낌인데 빵은 비싼편이지만 다 맛있어요. 호두빵이 특히 좋았어요
9079076,5,,플라자호텔점에 비해서 빵 종류가 다양하지는 않지만 그래도 하나하나 맛있습니다. 갤러리아 갈때마다 꼭 들르는곳 입니다.
9079076,5,,빵이 맛있다고 소문듣고 방문 했습니다. 생각했던것보다 빵 종류가 많지는 않지만 빵이 맛있습니다. 특히 바게트가 맛있습니다.
9079076,2,,플라자호텔지점에 비해서 많이 떨어지는 맛ㅠpastry에 바삭함이 플라자점에 비해 많이 딸리고 빵 안에 촉촉함도 플라자호텔지점에 비해서 많이 별로임...개인적인 생각으로는 백화점안에 음식점이 많고 또한 빵집이 오픈형 매장이라 다른 음식들 만들때 나오는 냄새 연기 그리고 습기등  여러가지 요인이 있는듯...
9079076,5,,아 진짜!! 여기 에끌레어 왜이렇게 맛있는지 모르겠음! 그자리에서 2-3개는 그냥 먹음.ㅠㅠ 진짜 맛있음
9079076,5,,빵들이 전반적으로 다 맛있어요. 견과류와 치즈 들어있는 빵을 개인적으로 좋아해서 비싸지만 가끔 사먹어요.
27922082,5,,아파트 단지 안에 있는 작은 빵집 프렌떼! 하드계열의 빵과 소금빵 맛집으로 유명하며 매일매일 구워내는 신선한 빵들과 가성비가 좋은 빵집
27092890,,,
17453837,5,,"여주휴게소에서 몇번 먹어본 카페인데 연희동에 오픈했다해서 근처갔다 들려봤네요..휴게소에선 스어다를 다 만들어 주던데..연희는 소형핀을 통해 직접커피내려 연유와 썪어 직접 만들어 먹으니 새롭기도하고 인근 콩카페 스어다보다 맛있네요.코코넛스무디는 완전 갑...
반미도 파는데 미스터반포라는 프런차이즈와 샵인샵 으로 되어 있는듯..그닥 나쁘지 않습니다.
인테리어는 꽤나 신경쓴듯..특이한건 벽화..ㅎㅎ

카페 전체를 에디슨 전구로 한것도 좋았습니다
추천합니다"
17453837,5,,기분 좋은 베트남 스타일의 훌륭한 커피
34298958,,,
26828086,,,
3939049,3,,"다른 매장에 비해 도넛 종류가 몇 개 없어요
폰데링을 좋아하는데 재고가 없어서 아쉬웠네요.."
3939049,4,,역앞 위치가 좋아 친구들이랑 자주가요 혼자 조용히 커피와 도넛 주문해 책 읽는 사람도 많아요~
28663710,5,,특별한 카페 다양판 케이크 디저트 맛집
28663710,5,,"케이크와 커피, 갖가지 디저트와 멋진 공간"
9245735,4,,출근 중 테이크아웃용으로 방문하였습니다
9245299,4,,"다른 스타벅스에 비해 사람이 매우 많이 붐비는 것 같지 않음. 다만, 실내가 좀 좁다보니, 화장실이 커피숍 내에 있지 않음 . 그게 좀 아쉬움."
9245299,5,,"사람들이 늘 북적이지만 서비스 속도가 빠릅니다
주로 라떼를 시켜먹는데 숏사이즈로 마시면 플랫
화이트처럼 좀 더 고소합니다"
9245299,4,,대학로에서 가장 큰 3층짜리 스타벅스 커피숍 오늘 저녁에 방문했는데 커피맛은 말안해도 최고입니다. 다만 가격이 비쌉니다.
9245299,4,,"Seoul, Seoul, South Korea"
9245299,4,,대학로에 스타벅스가 여러개 있는데 여기가 그중 제일 큽니다. 높은 층으로 올라가면 전망도 나름 괜찮습니다. 개인적으로 스타벅스에서는 아이스 돌체라떼를 가장 추천합니다.
9245299,4,,"연극표를 교환하고 입장 시간까지 기다리기 좋아요.
스타벅스의 장점인 동일한 서비스와 동일한 맛 덕분에 들어갈 때 주저업이 들어가기 좋습니다."
9245299,4,,"다 맛있지만, 오늘의 커피를 추천합니다. 3,4층까지 있어서 매장이 붐비지 않습니다. 그런 부분이 매우 좋네요~"
9077153,4,,오전 일찍 가야 맛있는 빵 살 수 있어요. 늦게가면 빵도 금방 나가요.. 커피 맛있어요. .
9245841,3,,"순천향대 병원 입구에 있어요. 무난한 1,2층 매장입니다. 사람도 생각보다 많이 없어서 자리잡기 어렵지 않았어요. 여유롭게 커피한잔 하기 좋았어요"
9245841,5,,여기 스타벅스 뭔가 여유로움이 묻어나요. 아메리카노랑 스콘 먹으러 갔는데 스콘도 맛있었고 아메리카노도 역시나 그 맛 제대로였어요. 2층에 큰 좌석이 또 있어서 올라가서 드시면 훨씬 조용하게 커피 즐길수 있어요.
9245841,4,,"이것은 내 홈 베이스(스타벅스, 나는 근처에 있는 주셔서 감사합니다. 한국 스타벅스 위치는 매우 다중 수준의 일반적인 것 같은데 나는 한국과 일본 모두 이 것을 알게 되었습니다. 직원들은 열정적이고 좋습니다. 화장실은 바깥의, 비좁은 항상 깨끗하지만 좀 더 있다는 것입니다. 이러한 멀티 레벨 사랑의 해보세요. 2층에는 조용한 보통, 항상 약속, 심부름 간 동안 공원 좋은 곳입니다."
9245841,4,,"1층에 있는, 많은 소파에 편안한 의자! 휴식을 취하기 좋은곳"
31720826,5,,"저렴한데 아주 맛있고, 음료 사이즈도 커요!!
여행하며 들고 다니면서 마시기 좋아요! :)
직원분도 엄청 친절했어요.
다음에도 이용할께요~"
20063443,5,,맛도 좋고 분위기도 좋은 한식 디저트 카페
26851216,,,
27421586,,,
7376238,4,,카페이긴 하지만 다른 메뉴도 먹을 수있어요 브런치로 파스타도 즐길 수 있어요. 아메리카노 커피도 맛있고 분위기도 좋습니다
7376238,4,,이화동 낙산공원 근처에 있는 레스토랑입니다. 분위기가 빈티지스러우면서 아늑해서 와인마시기 좋은 분위기였어요. 음식도 괜찮았습니다
7376238,5,,"같은 이름의 영화처럼 분위기 있는 공간이 조성되어있고, 서빙되는 음식과 술의 질이 좋다. 4인 이내 작은 규모의 모임이나 커플들이 모여 가볍게 한 잔 기울이기 좋은 곳."
7376238,5,,분위기좋고 맛은 더 좋은 이화동 벽화마을 맛집
9141210,4,,"C (20.03.05)
내 친구와 나는 커피를 위해이 카페를 방문했습니다. 카페는 넓고 분위기가 좋았습니다. 큰 프랜차이즈 카페 중 하나가 있었고이 프랜차이즈에서 같은 분위기를 가지고있었습니다. 우리는 커피를 주문하고 채팅을 즐깁니다. 가격은 조금 높았고 서비스는 좋았습니다."
26083822,,,
12179197,4,,"흥미로운 아이디어와 맛있는 결과, 꿀이 든 감자 칩. 메이플이나 초콜릿도 가능. 노력할만한 가치가 있습니다.

 ok lezzetli. 파클? bir fikir, lezzetli sonu. 위건 피날레."
12179197,5,,"칩을 좋아한다면 여기에 가야합니다. 초콜릿, 꿀 또는 단풍 나무로 칩을 먹을 수 있습니다. 나는이 곳을 추천한다.

당신의 목숨을 구하는 데 도움이되는 내용이 있습니까? miejsce. 모? 에즈 얌 zje ?? czipsy z : czekolad?, miodem i syropem klonowym. Bardzo polecam!"
15735707,5,,"저녁 시간인데도 사람이 많았어요
사장님도 너무 친절하시고, 직원분들도 좋았어요
터키 커피 처음 먹어봤는데 정말 맛있었어요
또 가고 싶은 곳이에요"
32761794,,,
15527436,5,,새로운 음료 서비스를 이용할 수 있는 곳
9245238,4,,오픈은 이마트 오픈이랑 동시에 함. 테이블이 안쪽에 있긴 한데 좁고 많지 않음. 테이크아웃에 최적화. 가끔 할인 md가 있음.
18178574,,,
9447467,5,,커피 종류도 다양하고 맛있는데 자리가 별로 없음
9447467,5,,라떼 ㅅ테이크아웃 해서 먹었는데 진짜 맛있었어요!ㅋㅋ 연희동에서 여기 유명하더라구요 ㅎㅎㅎ 자리는 많지는 않습니다 ㅠㅍ
9447467,5,,"뜨겁게 먹어도 차갑게 먹어도 한 모금 딱 마시는 순간 눈이 띠용하고 감탄하게 됨. 가격도 너무 저렴해서 들어가서 한 잔, 나오면서 한 잔 또 마셔야됨. 서울 최고!!"
9447467,5,,"CY (18.02.15)
2 층에 작은 카페가 있었지만 커피는 훌륭했습니다. 카페에서는 큰 커피 머신이 있었고 많은 사람들이 몰려 들었다. 우리는 아메리카노 커피를 주문했습니다. 가격은 다른 카페보다 낮았다. 좁은 있지만, 우리는 만족했다."
9447467,5,,플랫화이트의 유행을 이끈 곳이죠. 정말 맜있고 다른 곳은 이 맛이 안나더라구요. 찾기도 쉽지않고 작은 곳이라 자리잡기 쉽지 않지만 그래도 찾아가게 만드는 곳입니다. 최고에요.
9447467,5,,늘 사람으로 북적이고 인기있는 퀸마마마켓점이 올라와있지않아 이곳에 적어요.플랫화이트는 스팀밀크가 들어가 호주식 카푸치노스타일의 커피인데 정성스런 커피맛과 섬세하게 그려진 문양.정말 3000원으로 훌륭합니다
9447467,5,,매뉴팩트의 플랫화이트를 정말 좋아합니다. 우리나라에서 플랫화이트 맛있는 곳은 (자주가던 한 곳이 문을 닫아...) 이 곳이 유일하다고 자신있게 말할 수 있어요.
9447467,4,,"제목대로. 역시나 연희동 골목에 있어 주차는 불가. 근처도 쉽지는 않아요.
게다가 우와~ 거의 직장 퇴근이네요. 지난번엔 저녁에 갔는데 퇴근하셨네요.
시간 잘 확인하고 가세요."
9447467,5,,정말 맛있는 핸드드립 커피와 플랫화이트!
9447467,5,,"도산공원 근처 매장에 갔었는데 여기 남김.
콜드브루도 전문이지만 플랫화이트가 진짜...
이렇게 고소하고 쌉쌀한 맛이 절묘한 라떼 처음.
최고의 맛. 조금 주고 가격은 단돈 3천원. 최고."
9447467,2,,"라떼가 정말 맛있는 매뉴팩트커피. 
완소 커피집이며 오래오래 장사하셨음 좋겠따
허름한 건물 2층에 있고, 출입구가 그닥 카페 같지 않아 지나치기 쉬운 곳.
단점이라면 엘레베이터가 없고 가파른 계단이라 올라가기 쉽지 않다는 것"
25219045,,,
9245330,3,,"커피야 똑같고 사람이 많아서 여유있게 시간을 즐기기에는 쉽지 않아요
하지만 접근성이 좋아서 간단하게 테이크아웃해 가기에는 좋습니다."
9245330,4,,"스타벅스는 스타벅스죠 ! 직원들의 서비스도 무난, 맛도 무난, 장소의 위치도 무난합니다. 특별한 것을 기대하셨다면 다른 곳을 찾아보세요!!!"
9245330,4,,평범한 스타벅스 매장입니다. 매장은 비교적 다 널찍한 편이고 분위기도 쾌적했습니다. 아침시간에 아메리카노 한잔 좋았어요.
9245330,3,,화곡에 있는 스벅으루방문했는데 엄청 사람많은 매장임. 주말에는 자리가 없음. 커피맛은 스벅어딜가나 다똑같지만 직원들은 바빠서 그런지 불친절한.
9245330,5,,빠르게 사이렌오더 처리해주고 인사를 잊지않는 친절한 직원. 다른 스벅매장보다 시간대에 따라서 좀 더 한적한것 같아서 마음에 듬.
9245330,4,,신월초등학교 입구에 있는 매장입니다. 여느 스타벅스와 비슷한 분위기로 인테리어도 예쁘고 무난합니다. 시원한 아이스아메리카노 좋았어요.
9245330,4,,"아침엔 한산한 편이고 서비스도 빠릅니다
아침식사로 종종 들리는데 라떼는 진하고 고소합니다
머핀은 좀 많이 단 편이구요"
9245330,4,,"어딜가나 똑같은 스타벅스
가격이 착하지는 않지만
일반 조그마한 카페들에비해 더 자유롭고
눈치 안봐도돼서 좋습니다.
학생들에게 정말 좋은 곳"
9245330,4,,"1층에서 주문하고 2층에 자리가 마련되어 있는 구조입니다.
꽤 넓은 공간이나 많이 시끄러운 편이고, 노트북을 펴고 장시간 이용하는 고객이 많아 자리 잡기가 쉽지 않습니다.

같은 건물에 메가박스 영화관이 위치해 있어 이용손님이 많은 편입니다."
9245330,4,,"1, 2층을 쓰고 있고 2층 꽤 넓어서 쾌적합니다. 냉방도 잘 되어 오래있으면 약간 춥고  좌석 구성 잘 되어 있어요.. 메가박스 건물에 있어 식사, 영화 함께 이용하기 편해서 좋아요. 평균의 스타벅스 지점입니다"
9245330,5,,"깔끔하게 운영되고있어서 맘에들었어용
손님은 많았어도 쉬기 좋았습니다. 화장실도 메가박스 건물이라 편했구요."
9245330,3,,메가박스 영화관 건물에 있다보니 아무래도 주말에는 자리잡기가 힘드네요. 항상 손님들로 붐빕니다.
9245330,4,,"한 건물에 영화관부터 다 들어서있어서 영화 보고 나와서 아래층에서 식사하고 2층으로 내려와서 스타벅스 가기 딱 좋아요! 스타벅스야 원체 유명하니 커피 맛이나 분위기는 말할 것도 없고~ 동네다보니 자리도 넉넉하게 남는편이에요~ 대부분 책이나, 노트북들고 혼자 온분들이 많아서 막 너무 시끄럽거나 하진 않아여~ 즐겨찾는 동네의 핫플레이스입니당!"
9245324,4,,공간이 비교적 넓고 개방감이 있어서 좋아요. 1층에 있어서 찾기가 쉽고 약속장소로 활용하기 좋아요. 공부하는 사람이 많아서 자리잡기는 어려워요
9245324,4,,"여기는 다른 곳에 비해 항상 사람이 많은 것 같더라구요 
오후 1~2시 쯤에 가도 인기 있는 테이블 하고 소파자리는 항상 만석이었습니다"
9245324,4,,"롯데백화점 건너편 스타벅스 예전 통신사 A/S 쎈타 1층에 생긴 커피점으로 언제나 손님들이
많습니다."
9245324,4,,항상 사람이 많아 저녁에 방문하면 자리가 없습니다. 조금 시끄러워서 공부를 원하시면 노원KT점이나 중계역점이 더 좋을 것 같아요. 커피 맛은 좋습니다.
9245324,4,,"유동인구많은 롯데백화점과 노원 문화의 거리 반대편임에도  불구하고 스타벅스의 명성때문인지 항상 붐비는 매장
낮뿐아니라 밤에까지도 붐벼서 조용히 대화하기엔 적당치않은 매장
그러나 명성답게 커피는 맛있어요"
9245324,4,,중심쪽에있어서 그런지 공부보다는 수다떨기좋은장소입니다 그리고 원두고르는 리저브도 되는매장이라 원두선택할수있어요!
9245324,4,,"노원역 사거리에 위치하여 항상 사람이 많은 편입니다. 공부하는 사람보다는 대화하는 사람이 많아, 공부하려는 목적으로 방문하는 것은 비추합니다."
3972262,4,,여러가지 아이스크림을 맛볼 수 있고 최근 키프티콘 등이 활성화 되면서 많이 방문 하였습니다.아이스크림 케잌도 생일 축하 할때 좋아요
3972262,3,,위치는 건대 스타시티 지하에 위치하고 있습니다.지하철에서 접근성이 좋으며 영화관 및 대형마트가 입점되어 있어 자주 들를 수 있어서 좋습니다.
3972262,5,,"매장은 작지만.. 영화보기 전에 아이스크림 먹고싶을때 꼭 방문하네요
베스킨라빈스는 맛보고 싶은 아이스크림을 맛볼수 있어서 너무 좋네요"
3972262,4,,"영화보기전 아이스크림을 먹기 좋아요
지하에 있어 층을 이동하긴 하지만
에스컬레이터가 있어 편합니다"
3972262,3,,"여기는 롯데 백화점에서 이마트로 지나가는 ""길목""에 있어서 굉장히 시끌시끌합니다. 앉을 공간도 거의 없고, 앉아있어도 좀 뻘쭘합니다.
굳이 엄청 아이스크림이 땡기지 않는다면 일부러 여기서 앉아서 갈일은 없을듯요~"
3972262,4,,좌석이 조금 있기는 하나 사람들이 지나다니는 통로 옆이라 아무래도 시끄럽고 번잡스러워요~ 테이크아웃은 상관없지만 앉아서 드시기엔 조금 힘들지 않으실까 싶어요~ 물론 맛은 있습니다 ^^
3972262,4,,"건대이마트에 들를 때면 자주 갑니다.
항상 다채로운 아이스크림들이 있어서 좋아합니다. 최고는 요거트아이스크림"
3972262,4,,"배스킨라빈스에서 제일 좋아하는 아이스크림은 체리쥬빌레입니다. 맛있는 체리가 듬뿍 들어있어요. 
건대시티점은 통로쪽에 위치하여 지나다니며 자주 볼 수 있는데 좌석은 별로 없어서 오래 앉아먹을 수 있는 분위기는 아닙니다."
3972262,4,,테이블이 몇개 없어 앉아서 먹는것은 거의 불가능합니다. 그래서 싱글로 먹거나 포장할 때 주로 이용합니다.
3972262,4,,테이블은 몇 개 없었던거 같아요. 지하 1층 사람들이 많이 다니는 길에 있고 따로 문은 없어서 앉아서 먹은 기억이 없네요. 아이스크림은 늘 맛있습니다
3972262,4,,스타시티 지하 1층에 있어요. 테이블은 거의 몇개 없구요~ 케이크 사거나 아이스크림 포장할 때 들르는 곳입니다
17569188,5,,"달다구리 땡길때,늘 찾는 메바아!
매번 맛으로 힐링😍
 마카롱외에 구움과자나 파운드도 맛있어서
매번 뭘 먹을지 내적 갈등이 심함 ㅎㅎㅎ"
17569188,5,,한국 최고의 과일 마카롱. 좋은 디저트. ?? ??? ?? ??? ????. ???? ? ?.
17569188,5,,"다른데서 볼수없는 다양한 마카롱이 있어서 좋음 정성들여 연구해서 만든 느낌(맛,디자인,가격,친절만족ㅎㅎ)
요즘디저트 종류가늘어서 선택의 폭이 더커져서 좋음 돼지바마카롱,우도땅콩휘낭시에,카라멜피칸휘낭시에랑 레몬파운드 같이 사왔는데 또다시 생각나는 맛ㅎㅎ 이맛에 또갈수밖에 없음ㅎㅎ"
17569188,5,,"워낙 마카롱이 유명한집이라
마카롱도 사랑하지만,
요새 나오는 빵도 정말 맛있더라♡
덕분에 기분도 업되고 내몸무게도 업되고ㅋㅋ"
17569188,5,,"샤로수길에 가깝게있어서 방문하기좋다.
샤로수길 원조마카롱가게답게
사람이많다.
기다려먹은보람이 있다.
마카롱이 쫀득하고 달지않아 너무 맛있다
😍😍👍
솔티카라멜, 딸기우유,딸기티라미수
레몬,얼그레이 강추^^"
17569188,5,,"예쁜인테리어, 독특하고 세련된맛의 마카롱"
33220666,,,
10236453,4,,"모던하거나 화려한 인테리어는 아니지만 정겨운 느낌의 카페예요. 아침에 출근할 때 지나칠 때 보면 문이 안열려 있을 때가 많아서, 퇴근하면서 가봤어요. 커피도 괜찮고, 테라스도 있고, 모히또도 있어서 반가웠네요."
10236453,4,,"(2016.06.15) C1 
저와 제 친구가 점심 식사 후에 방문한 커피. 야외 테라스에 있었는데, 좋은 소식이 었습니다. 맛과 분위기도 좋고, 직원들도 친절하고. 모든 것이 좋았죠."
9245833,4,,"친구들과 어제 방문했습니다
요새 콘센트가 좌석에 없는 곳도 많은 데, 여기는 1인석에는 충전할 수 있게 콘센트가 충분히 있네요"
9245833,4,,큰길에 있는 넓고 쾌적한 매장입니다. 아침시간이라 손님도 별로 없어서 여유로운 분위기가 좋았어요. 따뜻한 아메리카노 한잔 좋았습니다.
9245833,5,,여기 스타벅스는 넓고 쾌적해요. 서비스도 친절하고 좋아요. 아기가 있어 유모차 끌고 가도 언덕이 있어 편히 들어갈수 있어요.
9245833,5,,보통 주말에는 스타벅스가 10시에 문닫는 곳들이 많은데 여기는 11시까지 해서 좋습니다. 테이블도 넉넉하고 스탭분들이 다른 곳보다 친절한 느낌이라 좋습니다.
9245833,5,,"최고의 커피 및 치즈케이크 음식을 Tis 당신의 곳이에요. . .

팁: 이곳은 꽤 붐비지는 자리를 잡으며 쉽지 않을 수 있습니다"
9245833,5,,Imperial Palace Hotel 바로 옆에 위치하여 저녁에 호텔로 돌아 오기 전에 아침 식사와 커피를 즐기기에 좋은 곳입니다! 스타 벅스에서 기대하는 모든 것.
9245833,4,,"깨끗하고, 잘 스타벅스. 할 수 있는 것. 
사용 가능한 wifi 가 되는 좋은 연결 및 가족 들었죠. 젊은 사람들이 인기 가 있어."
9245833,4,,"집근처라 언제나 애용하는 매장 입니다
주변에 직장인이 많아서 그런지 점심 시간엔 항상 대기줄을 서야 해요
안붐비는 시간대에 가려고 일부러 점심시간은 피해서 이용 합니다"
4076320,4,,탐앤탐스 보통 매장은 평범한데 여기는 내외부가 너무 멋지네요. 커피마시면서 시간보내기 좋은 장소인거 같습니다. 따뜻한 라떼도 좋았습니다.
4076320,4,,매장이 널찍하고 충전용 콘센트가 많아서 좋습니다. 와이파이도 무료라 편리합니다. 개인적으로는 카페 치고 음악 소리가 다소 큰 점이 아쉬웠습니다.
9245481,4,,테헤란로에 있는 스타벅스입니다. 규모도 적당하고 분위기도 좋았어요. 아침시간이라 빈자리는 많았습니다. 따뜻한 아메리카노 좋았어요.
9245481,4,,"평일 피크 타임에는 사람이 터져나가는 느낌이고, 주말에는 확실히 여유가 있네요. 익숙한 분위기라서 쉬어가기 좋은 거 같습니다."
9245481,5,,"주변에서 숙박할 때 커피한잔 하러 한 방문한 곳입니다!
그리 크지 않지만 제가 방문했을 땐 사람이 많지 않아 조용히 커피 마시기 좋았어요! 파트너분들도 친절하셨구요~
근처에 호텔이 있어서 그런지 외국인분들도 몇 있더라구요!
커스텀메뉴로 바닐라프라푸치노로 아포가토 만들어마셨는데 완전 맛있었어요!! +_+"
9174679,3,,매장이 좀 협소합니다.그런데 이용고객이 많지는 않아서 복잡하지는 않습니다.임차료가 비싸서 도넛가게가 계속 운영이 될지 걱정이네요..크리스피 도넛 맛나서 자주 가는데..
9174679,4,,도너츠중 가장 좋아하는 크리스피도넛 기본형을 자주 먹지만 다른종류도 역시나 맛있다는거..수유역과 가깝고 직원분들도 친절 크리스피는 포장해서 집에서 막 먹는걸 추천
9174679,4,,빨간불이 들어오면 자연스럽게 들어가야할것 같은곳
9174679,4,,"행사를 많이 하는 크리스피 도넛
예전에 신촌에서 빨간불이 켜지면 도너스 하나씩 줬었는데
수유역에서는 안하는듯"
9174679,4,,깨끗하고 화장실 안에 있어서 편리한데 알바생이 조금만 친절했으면 좋겠어요. 번번히 불친절했어요
9174679,3,,가끔이벤트로 1+1 하거나 이럴 때 사먹고 지인들 주면 너무 좋아해요 ㅎㅎ많으면 냉동실에 넣어놓고 하나씩 해동해서 먹어도 좋고요 ㅎㅎ친절해서 직원들도 집가는 길에 하나씩 들고 가면 좋네요
3911437,4,,5층까지 스타벅스 매장이고 엘리베이터가 있습니다. 층이 다양하다 보니 조용한 구역이랑 대화를 나눌 수 있는 좌석이 나뉘어 있어 부담없이 방문하실 수 있으리라 생각합니다.
3911437,4,,"5층까지 있고 분위기가 조용해서 쉬기 좋은 거 같아요~ 신촌은 대부분 정신없는 데 여긴 차분해요!
새로나온 쿠키 블루베리 치즈케익 맛있네요"
3911437,5,,신촌에 다른 지점도 많지만 아무래도 대학가 주변이다 보니 공부하는 사람들이 많습니다. 하지만 여기 지점은 공부하는 테이블 보다 앉아서 대화할 수 있는 분위기라서 신촌에서 친구들 만날 땐 거의 이 지점에서 만납니다.
3911437,4,,연세대 근처에 위치하여 방문하기에 편리합니다. 평일 오후에 손님들이 적어 매장은 전체적으로 조용합니다. 잠시 앉아서 휴식을 취할 수 있는 카페입니다.
3911437,4,,위치가 신촌이다 보니 항상 사람들 많습니다. 테이블 자리 잡기 좀 힘든 곳입니다. 그래도 스벅 커피는 맛있습니다.
3911437,4,,분위기도 좋고 은근 넓고 조용한 편이에요. 학생들이 주로 많은 편입니다. 카페라떼와 카페모카를 주로 마시는데 늘 맛있었어요. 스타벅스는 지점별로 음료차이도 별로 없고 친절해서 좋아요. 명물거리점도 친절한 편입니다.
3911437,3,,신촌에서 놀다가 지칠때 잠시 쉬기 좋다. 매장이 아주 큰편은 아니지만 그래도 기본적으로 스벅이니 아메리카노 한잔 마시기 괜찮다.
3911437,3,,"신촌 중심에 있는 스타벅스로 자주 방문 하는 곳 중에 하나입니다. 매장 자체는 작아 보이나, 2, 3층이 있어서 많은 사람들이 이용하는 편입니다. 서비스나 청결정도는 보통이고, 다만, 대학생들이 많아서 자리를 오래 맡아 있다보니, 자리가 없는 경우도 있습니다. 편하게 커피 한잔 하려면 시간대를 잘 골라 가야합니다."
3911437,5,,"주말 오전에 쇼핑하기 전에 잠시 들러봤어요. 오전 중이라서 사람들도 많지 않았고, 조용했어요. 차한잔의 여유를 즐기기에 좋아요~"
3911437,3,,하도 많이 걸어다녀서 당보충할겸 다리도 좀 쉴겸 해서 믿고 방문하는 스타벅스에 갔다 카페라떼에 시럽 듬북 넣어서 먹으니 힘이 절로 난다
3911437,4,,가끔씩 들르는 카페입니다. 커피도 맛있고 잠시 쉬었다 가기에도 좋습니다. 이층은 조용해서 공부하는 학생들도 많고요...
3911437,3,,친구와 함께 커피 한잔 하기 좋습니다.
3911437,4,,"다른 스타벅스에 비해 공부하는 학생이 많아서 그런지 조용한 편임.
계단이 좀 좁아서 올라가기 힘들긴 함"
3911437,4,,신촌 일대 스벅 매장은 여기가 제일 괜찮은 것 같습니다. 여러층으로 되어 있어 그리 복잡하지 않습니다. 그리고 시끄럽지도 않습니다. ^^
3911437,4,,"만일 신촌 지역 과 도보 거리, 찾으려는 충돌시에 이 스타벅스, 그냥 보고 는 엘리베이터. 예, 엘리베이터. 스타벅스 는 이 자체 엘리베이터 때문 에 다르 ㄴ 층 에 5. 오른쪽에 있는 앞면 도어, 그 는 엘리베이터. 따라서 주문 후 1 층 에 가 면 하나 를 다르 ㄴ 층 엘리베이터. 시원하 ㄴ 생각. 이 가게, 그것 은 일반 스타벅스; 음료, 디저트, 샌드위치, 서울 에 위치 하 ㄴ, 많 은 종류 의 목적. 신촌 에서 지하철 녹색 노선 2 도로변 에 전달 되 어, 내 생각 이."
12358852,4,,"연남동 카페 골목안쪽에 위치해있습니다.
평일 낮에 갔는데 사람이 적어 아주 편안하게 커피와 컵케이크를 즐길 수 있었네요. 
컵케이크, 커피 모두 무난하게 맛있었습니다. 
이름처럼 베란다 야외좌석이 있어 따뜻한 날에는 디저트를 더 편안히 즐길 수 있습니다."
12358852,3,,레드벨벳과 티라미슈를 먹었는데 레드벨벳이 더 좋았습니다. 케잌에  사용된 크림이 특히나 맛있었고 커피는 그냥 무난했습니다
12358852,4,,"이 곳은 아주 촉촉한 컵케이크, 놀라운 찾습니다. 그들은 너무 달고 어느 것이 더 나를 가격대에 커피 등 않았습니다. 이 친구들과 커플에게 시간을 즐길 수 있는 훌륭한 곳이다. 전체적으로 사람들이 함께 휴식을 취하기에 좋은 장소와 좋은 컵케이크 커피를 즐길"
12358852,4,,"크고 작은 컵 케이크를 파는 작고 귀여운 카페. 당신은 그것을 찾기 위해 어디를보아야하는지, 아니면 우리를 무작위로 우연히 발견해야합니다. 컵 케이크에 대한 호기심 맛, 새로운 것을 시도하는 것은 재미 있습니다."
12358852,5,,사랑스러운 스마트. 야외 좌석 도 있고
10677814,5,,"언제나 북적북적 인기 많은 곳입니다.
크레이프 케이크 먹으러 가는 곳이죠. 
아메리카노가 쌉쌀하니 달달한 케이크와 아주 궁합이 잘 맞습니다. 
아메리카노 양이 꽤 많아 언제나 남기게 되어 이제는 텀블러로 받아 마시게 되네요."
10677814,3,,"Starium Cinema 건물의 1 층에있는 혜화 (Hye Hwa) 지하철역 위의 빌리 엔젤 (Billy Angel) 케이크 가게는 토요일 오후에 우리를 불타 오르게했다. 공기 조절에서 돌풍은 여름 열에서 환영받은 기복이었다. 카페는 우리와 같은 사람들, 채팅하거나 훌륭한 무선 랜을 사용하여 포장되었습니다. 빈 테이블을 찾기 위해 관리했지만 우리는 의자를 우리 자신 위에 끌어 야했습니다.

케이크, 마카롱, 쿠키가 적당히 선택되었습니다. 우리는 한정판 Orange Cointreau Cake와 Billy Angel의 베스트셀러 Carrot Cake를 골랐습니다. 셀프 서비스 카페에있는 케이크 카운터 뒤에는 여러 명의 직원이 있었기 때문에 우리는 왜 타이머 / 버저를 받았는지 궁금해했고 케이크를 만들기 위해 10 분을 기다려야했습니다. 당근 케이크는 매우 좋았지 만 우리가 맛 본 최고의 것은 아니었다. 주황색 케이크는 오렌지색의 향긋함이없고 코 인 토우의 맛이 거의없는 큰 실망이었다. 그것은 케이크의 3 개의 층 사이에서 장식하고있는 캐러멜 크림에 혼합되는 cointreau의 거의 드랍스와 더불어, 단지 보통의 오렌지 케이크이었다. 그것을 모르는 사람은 오렌지 코 인 토우 케이크라고 불리 웠으므로 아마도 리큐어가 전혀 없다는 것을 깨달을 것입니다."
9245709,5,,"서서울 호수공원 바로옆에 있는 스타벅스 신월점.언제나 사람을 많고 드라이브스루도있어서 좋습니다.
매장도크고 친절합니다"
17468791,4,,연남동에서 연희동에 살고있는 친구집에 방문하기전에 빵을 구매하려고 방문했어요 매장은 좀 오래되어 보였어요 하지만 다양한 빵을 구매하기에 부족함이 없었어요 추천해요
9256267,4,,"수많은 인디 밴드들의 보금자리답게, 술과 함께 수준 높은 공연을 즐길 수 있었습니다.
제비다방만의 아늑한 분위기와 따뜻한 노란 조명 아래, 음악에 진심인 관객들과 함께 몰입하며 즐길 수 있는 특별한 경험이었습니다. 역시 제비다방입니다.
다만 직원분들의 서비스가 다소 아쉬웠습니다. 조금 더 친절했다면 더욱 완벽한 방문이 되었을 것 같습니다..!"
9256267,5,,마포의 젊음을 느끼고 싶다면 이곳으로!
9256267,5,,상수역 라이브카페 제비다방 ‘취한제비‘ 데이트코스 추천
9256267,5,,"예전부터 꼭 가보고 싶던 제비다방 드디어 다녀왔어요! 제가 방문한 날에는 신승은님의 공연이 있었는데 공연장은 이미 사람들로 가득 차 활기가 넘쳤습니다. 덕분에 공연 분위기가 한층 더 살아난 것 같았어요
무알콜 칵테일을 마셨는데 달달하고 시원해서 공연을 즐기기에 딱 좋았습니다. 멋진 무대와 주변의 약간의 소음이 어우러져 오히려 더 특별한 경험이 되었고 인상 깊은 시간을 보낼 수 있었습니다. 다음에도 꼭 다시 재방문하고 싶어요"
9256267,4,,눈 오는 날에 공연 보러 갔는데 신선한 경험이었습니다. 대학생 때에 소극장하고 클럽에 자주 갔는데 40대가 되니 새로운 기억으로 다가왔습니다. 조용하게 친구 만나고 차도 마시고 마니아들끼리 공연보기 좋았어요.
9256267,4,,"낮에는 커피 밤에는 맥주
밤마다 공연이 열림 
자율기부형식
떡구이 샹그리아 맛있음
가격도 저렴하고 특유의 분위기도 좋음"
9256267,3,,"테이크아웃으로 자주 마셔요 ㅎ
공연도 꼭 보고싶어요.
집에서 가까워서 날 풀리면 야외좌석에서 커피 마셔보려고 기대중입니다!"
9256267,4,,"상수역 인근에 위치한 이곳은 낮엔 카페로 운영되고, 밤엔 술을 마시면서 공연을 볼 수 있는 곳이 됩니다. 커피의 맛이나 보유하고 있는 주류의 종류나 맛이 썩 훌륭하진 않지만, 장소가 주는 독특한 정서와 분위기가 좋아 방문하게 됩니다.
가래떡 구이라던지 베이글과 같이 출출한 배를 달래줄 메뉴 또한 합리적인 가격에 제공하는 여러모로 괜찮은 카페 겸 바 겸 공연장이라 할 수 있겠습니다."
9256267,4,,낮에는 까페 밤에는 술집인 취한제비로 바뀐다 지하에 있는 작은 공연장에서 공연을 하고 위에서도 내려다볼수 있고 스크린으로도 볼수있다 인디밴드들이 매일 바뀌어가며 공연한다 테라스에서 와인한잔 하는것도 분위기 있다
9256267,4,,"서울시 마포구 상수동에 위치한 이 곳은 낮에는 커피와 차 그리고 저녁에는 술을 즐길 수 있는 카페 겸 바 라고 할 수 있습니다. 
공연도 볼 수 있으며 뱅쇼도 판매하고 있습니다."
27176983,,,
14236621,4,,진하고 꾸덕한 단 맛의 아이스크림. 콘 종류가 다양하고 여러가지 옵션을 넣어서 선택할 수 있다. 와플콘은 와플을 구워서 컵안에 밀어넣고 아이스크림을 채워주는데 맛은 있지만 먹기가 약간 불편하다.
14236621,5,,콘은 무조건 후르츠링으로!! 아이스크림은 무슨 맛이든 상관없이 맛있는 것 같습니다 다 달아요!! 그리고 배부를때는 먹기 좀 힘들어요ㅠ 글고 명동점은 가게가 단독으로 있지 않고 다른 가게들과 함께 있어요...
9245873,4,,큰 병원에 꼭 하나씩 있는 프랜차이즈 카페입니다. 로비에 있는데 매장이 작아서 자리는 별로 없어요. 저는 아이스아메리카노 테이크아웃했어요.
9245873,3,,"고대병원 로비 가까이에 있어 환자나 의사, 직원들이 이용하기 좋아요.
다만 매장이 너무 작아서 늘 좌석이 부족합니다.
직원분들도 친절하고 삭막한 병원에서 커피향을 느낄 수 있어서 좋았습니다."
9245873,5,,병원 안에  있어서 조금 시끄러울 거라 생각했는데 굉장히 조용해요. 고대병원 입구로 들어가서 2분정도 걸으면 바로예요. 사이렌오더도 괜찮고 직접 주문해도 시간 많이 안걸려요. 좋습니다.
9245873,3,,"스타벅스 덕분에 병원에 퍼지는 커피향이 좋습니다.
다만 매장이 작아서 어떨 때는 자리가 없을 때도 있답니다.
이번에는 자리가 있어서 앉을 수 있었는데, 다른 때보다 넘 진한 라떼라고 직원에게 말했더니, 스팀밀크를 좀 더 주셔서 맛있게 먹을 수 있었어요."
9245873,4,,"고대병원에서 진료를 받거나 병문안 후에 커피 한 잔 마시기 좋은 곳입니다.
다만 공간이 넓진 않아서 점심시간에는 앉을 자리가 없을 때도 있지만, 조금은 삭막한 병원 안에서 향긋한 커피향을 느낄 수 있어서 좋답니다."
9245873,5,,"요샌 다른 커피숍도 많이 생겨서 잘 안가는데
스벅은 체인점끼리 별 적립도 같이 되고 가격도 비싸지 않고,, 해서 자주 가게 됩니다

스벅은 체인점끼리 맛도 비슷해서 먹기 좋아요
두유라떼 짱맛"
9077043,4,,동대문 홈플러스 건물에 있는 던킨도너츠 매장입니다. 따뜻한 아메리카노 한잔 테이크아웃했습니다. 커피가 진하고 고소해서 좋았어요.
9077043,4,,"아르바이트 분들도 친절하고 커피도 맛있게 내려주는 매장입니다.
맛있는 도넛은 빨리 매진되기 때문에 늦게 방문하면 없는 도넛이 많답니다.
홈플러스 방문할 때 방문하기 좋아요."
9077043,3,,"매장은 완전 크지는 안지만
아주 작지도 안습니다
주차는 대로변엔 CCTV있습니다
저 처럼  지나가다 들리는분들은
구청 주차장 이용하시면 편리합니다
체인점이라 맛과 가격은 동일하며
직원분들은 대체로  친절하십니다
오늘 점심 간식은 아이들과
던킨으로 고고씽했습니다"
26232515,,,
8904115,4,,이 가게는 끊임없이 포장되어 테이블을 얻기가 어려웠 기 때문에 겨울에는 아이스크림이 인기를 잃지 않는 것 같습니다. 좌석 공간은 상당히 작지만 항상 점유되어 있습니다. 아이스크림 선택은 괜찮지 만 초크하지는 않습니다 .BR의 표준 선택 인 것 같습니다. 팀은 빠르고 효율적이며 아이스크림은 맛있습니다.
8904115,4,,"나는 Baskin Robbins를 1 년 넘게 가지고 있지 않았다. . . 그러나 최근에 나는 그들이 녹차 아이스크림을 갈망하고있을 때 들어갔다. 놀랍게도 나는 미니 10 개를 발견했다. 미니 스푼 10 개를 다른 맛으로 시험 해보는 것이 대단히 좋다. 내가 좋아하는 것들은 녹차와 라스베리 셔벗이었다. 나는 와플 콘을 커스터마이징해야하고 정규군 대신에 검은 색을 얻었다. 모든 것이 맛있었고 직원들은 친절했습니다. 나는 더 자주, 특히 여름에 여기서 다시 올 것이다. 옆의 노트로서, 장소는 이용할 수있는 의원의 지위와 함께, 심지어 늦은 저녁에 혼잡했다. 그래서 나는 밖에 식사를했다. 그러나 신경 쓰지 않았다."
8904115,4,,"배스킨라빈스 아이스크림 맛이야 어느 지점이나 똑같으니 설명은 딱히 필요없고...
이 지점은 강남 회사 건물들 많은 곳에 위치해서 점심먹고 디저트로 사먹기 딱 적절해요~"
9434826,4,,"C (19.12.07)
내 친구와 나는 연말 파티를 위해이 술집을 방문했습니다. 술집은 내부가 매우 커서 다양한 음식을 먹었습니다. 식당의 시스템은 일반 식당과 다릅니다. 들어갔을 때, 그들은 작은 전자 기계를 주문했습니다. 내부는 다양한 키친으로이 기계와 함께 주문하고 기다렸습니다. 내부는 혼잡하고 시끄러웠다. 소리를 제외하고는 모두 좋았습니다."
9434826,3,,친구가 김치볶음밥이 유명하다 해서 갔는데 뭐 물론 맛있지만 내가 해먹어도 될 것 같았음. 다른 메뉴들도 유명해 보이긴 했는데 내가 일본에 있어서 그런지 굳이 당기진 않았음.
9434826,4,,"코다차야가 체인점이지만
안주가 맛있어요~
볶응ㅇ밥도 그렇고 종류가 많습니다.
사람도많아서 포차느낌"
9434826,5,,"안주가 종류만코
술집컨셉이 독특해서 신기했습니다.
유명하다는 김치볶음밥 역시 맛있어서 강추에요"
9434826,5,,코너마다 주문해서 시켜먹는 시스템이에여! 그때그때 진동벨?같은거 들고 주문하면 됩니다! 가자마자 김치볶음밥 시키는 센스 ㅎ ㅎ 사람 많아서 주말이나 평일 늦을땐 빨랑가야해여
9434826,4,,"이것저것 내가 먹고싶은 메뉴들 시켜서 다양하게 먹을 수 있는게 가장 큰 장점입니다. 단체석도 많고, 시끌벅적해서 친구들 모임 하기 좋아요."
9434826,4,,굉장히 젊은 분위기의 술집입니다. 직접 돌아다니면서 안주를 고르고 술을 가져온다는 개념이 재미있습니다. 안주 가격도 괜찮고 퀄리티도 좋습니다.
9245465,3,,대한극장 근처에 딱히 갈만하거나 영화대기시간에 기다릴만한 곳이 별로 없는데 스타벅스가 대한극장안에 있어서 정말 편리합니다. 2층에 앉아있으면 충무로 일대를 바라볼수도 있어서 경치가 좋습니다
9245465,4,,전이나 후에 영화... 편안히 쉴 수 있는 곳
9245465,3,,"대한극장 건물에 위치해있고 매장의 크기는 협소합니다. 
테이블도 몇개 없기때문에 대부분은 테이크아웃손님입니다. 
맞은편에 꽤 큰 스타벅스 매장이 있기때문에 앉아서 마실손님들은 그쪽으로 갑니다. 
매장이 작기때문에 구비해놓은 샌드위치/식사류도 종류가 작고 금방 떨어져 점심시간때 원하는걸 찾기 힘들때가 많습니다."
3938652,,,
15187489,5,,"전체적으로 다 맛있어요~ 커피는 좀 별론데요
음료종류들, 패션프룻 든거랑 밀크티 맛있고요
당근케잌 정말 최고 ㅋ 전문점보다 맛있어요"
6352980,4,,서울시 종로구 삼청동에 위치한 이 예쁜 카페는 창문을 바라보면서 커피를 즐기기 좋은 카페입니다. 추천 메뉴로는 더치큐브라떼를 제시합니다.
6352980,4,,"이것은 매우 좋은 여기 커피, 조금 비싸지만 저는 에스프레소 커피를 드립 후 둘 다 매우 높은 퀄리티. 더 돌아갈 수 있는 품종 별 커피."
6352980,4,,"맛있는 커피를 마시고, 점원의 친절한 설명을 듣고 신선한 원두도 구입하였어요.
삼청산책길에 피곤하였다면 이왕이면 맛있는 커피가 있는 ""루소""에서 쉬어가시길!"
33411247,,,
9245286,2,,약수역에 위치한 스타벅스입니다 1층부터 3층까지 연결된 스타벅스 매장인데 이 매장은 청소상태가 너무 엉망이네요. 거미줄이 이렇게 치워지지 않은 매장은 처음보네요
9245286,4,,어딜가나 늘 기본 이상하는 스타벅스에요. 약수역 바로 앞에 있고요 많이 붐비지 않아서 여유로운 분위기에 좋았어요. 커피도 맛있어요.
9245286,4,,약수역에 있는 스타벅스인데 면적이 넓은 편은 아니지만 4층까지 스타벅스 매장이어서 앉을 공간은 넉넉한 편이에요.
9245286,4,,"Seoul, Seoul, South Korea"
9245286,5,,"1층엔 자리가 없고 2, 3, 4층까지 있어요. 조용하고 혼자서 책 읽기 좋은 곳이에요. 전 항상 바닐라 라떼로 ^^"
9245286,4,,"1층은 주문과 픽업만, 2, 3층에서 마실 수 있습니다.
2층은 사람들이 거의 차 있음에도 조용한 분위기입니다. 
소리의 울림이나 시끄러운 음악이 없어 조용히 차를 마시면 얘기하기 좋습니다. 
1층 매장이 작아서 그런지 샌드위치 종류가 골고루 있지 않은점은 아쉽습니다."
9245286,4,,"지하철 3호선, 6호선 약수역 2번출구로 나오면 쉽게 찾을 수 있습니다. 저녁에 가면 분위기도 있고 좋습니다. 사람이 많이 붐비는 편은 아닙니다."
9245286,5,,"테이크 아웃 카운터하고 마실수 있는 공간하고 분리 되어 있습니다.

주로 라떼하고 아메리카노를 사마셨는데..

아메리카노는 물을 붓는 비율이 좀 높아서 실망 했고.

라떼는 우유 보다는 탈지유를 많이 써서 실망 했습니다.

가격 대비 가성비는 떨어집니다."
9141092,5,,"커핀빈 명성답게 정말 좋습니다.
커피 향도 좋고 맛도 부드럽습니다.
공간이 넓어 커피 즐기면서 담소 나누기 좋은 것 같네요.
디져트 장소로 제격입니다.
추천합니다."
9141092,4,,몰에서 친구를 만나기로해서 친구를 기다릴겸 커피빈에 갔어요 커피를 마시면서 각종 인테리어관련 잡지를 볼수있어서 좋았어요 사람은 많지만 자리는 여유있게 있어서 좋았어요 시원한 카페를 찾는다면 추천해요
9141092,4,,여의도에서 미팅할 일이 있어서 정한 장소였는데 여의도역이랑도 연결되고 낮3시쯤 갔는데 사람들도 많지 않아서 대화 나누기 좋았어요 추천해요
9141092,4,,내부 인테리어가 바뀐 이후로 뭔가 더 넓고 쾌적해졌다. 커피는 익숙한 그 맛이다. IFC 내에서 잠시 쉬어가기 좋은 카페입니다. 방문 추천합니다.
9141092,5,,커피빈 커피는 맛있습니다. 요즘 카푸치노랑 라떼가 좋은거 같아요. 여긴 실내라 매장도 넓고.좋아요..근데 늘 붐벼요.^^
9141092,4,,"생각보다 ifc몰 안에 카페가 별로 없더라구요. 지하철에서 내려서 ifc몰로 들어가면 바로 커피빈이 보이는데, 그나마 커피빈이 가장 큰 카페라서 자주 가게됩니다. 주로 블렌디드 많이 마시는데 시원하고 맛있어요."
9141092,3,,프랜차이즈 카페가 대부분 그렇지만 cgv 바로 옆이어서 더더욱 시끄럽습니다. 또 손님이 많기 때문에 오래 앉아서 즐기기 보다는 테이크아웃을 하는 것이 적합합니다.
9141092,4,,워낙에 유동인구가 많은 IFC이다 보니 자리를 찾기 어렵습니다. 그렇지만 위치가 좋고 화장실이 가깝고 소파 자리도 많이 마련되어 있습니다.
9141092,4,,IFC몰을 이용하다가 커피빈을 발견하여 들어갔습니다. 커피빈 커피는 워낙 맛이 좋아 자주 이용하는데 단점인 것은 쇼핑몰내에 위치하다보니 사람들이 많아 조금 시끄러웠습니다. 조용하게 커피한잔을 원하는 분들은 좀 피하시는게 좋을듯 합니다.
9141092,5,,가격은 살짝 비싼감도 있지만 커피빈 만의 커피 맛이 더 좋다고 생각하여 종종방문합니다. 친절하고 깨끗한 매장이예요.
9141092,4,,한층 아래 스타벅스보다 공간이 몇배 넓지만 역시 빈자리는 가뭄에 콩나듯이 나는 커피빈입니다. 그래도 일단 앉을 수만 있다면 좀더 여유롭게 커피타임을 즐길 수 있는 공간이구요. 맛은 비슷비슷한 것 같아요.
9141092,4,,"IFC내에 위치한 여러 커피숖 중에 자리도 넓고 쾌적하다. 
오전에는 모닝세트로 간단히 아침을 해결할 수도 있고 다른 커피숖보다 여유가 있어서 추천한다."
9141092,4,,"커피빈의 라떼류는 모두 우유가 아닌 우유 파우더를 사용합니다. 저는 소화가 잘되는 우유로 선택할 수 있는 폴바셋이 제일 좋은데요, 개인에 따라 파우더 맛이 더 고소하고 달콤해서 좋아하시는 분이 있더라고요. 만약 우유 파우더가 별로라면 라떼 외에 다른 메뉴 추천합니다. 개인적으로 커피빈은 티 종류가 좋았어요."
9141092,4,,"맛있는 커피가 마시고 싶을 때 자주 찾아가는 커피빈입니다

IFC 몰에 2개 매장이 있어요

CGV  옆 큰 매장에는 조조세트가 없는 것이 아쉽네요"
9141092,5,,"ifc몰에서 커피를 마신다면 추천하는곳 
스타벅스보다 훨씬 매장도 크고 커피맛도 더 좋다  
지하 3층과 지하 1층에도 있어 원하는 곳으로 가면 된다"
33115229,,,
34028500,,,
19085795,4,,"양천구청옆에 위치한 투썸플레이스 지점인데 넓고 쾌적하다. 특히 소파가 많아서 푸근하게 쉬기 놓다. 음료수를 주문할 경우 쿠폰 적립 가능하나, 미리 알려주지 않으므로 스스로 부탁해야 한다."
19085795,4,,지하 1층에 위치한 대규모 매장이다. 외부에서는 지하실 냄새가 나는데 막상 매장 안은 쾌적하다. 푹신한 소파도 여럿 있어서 일하기에 좋다.
9245338,4,,"구산역 바로 앞에 있어요. 큰 건물 1,2층 매장이라서 공간도 넓고 쾌적했어요. 통유리 건물이라 밝고 아주 붐비지도 않아서 좋았습니다"
9245338,4,,"공부를 하거나 수다 떠는 사람들이 많아서 회전율이 낮다. 그래도 자리는 늘상 있는 편. 콘센트 있는 자리가 많고, 2층이 꽤 넓다."
3972239,5,,"위치가 아파트 단지 많은곳 근처에 있고

지하철 역과도 가까운 편이라서

집에 가는 길에 자주 들렸던 곳인데

이사하고 나서도 근처가면 들리게 되는 곳이네요"
3972239,5,,아파트단지와 전철중간에 있는 위치좋은 곳
3972239,5,,아이스크림 생각날때 가서 사먹는 곳이구요. 종류도 많고해서 좋아요. 근데 가격이 점점 사악해지는거 같아 이용횟수는 줄어드네요. 직원들은 항상 친절해요~
3972239,5,,"분위기도 좋고 아이스크림도 맛있고 더운여름에 더위식히려고 여러번갔어요
배스킨라빈스에서는 월넛아이스크림이 제일 맛있어요~"
3972239,4,,"31가지 아이스크림을 즐길 수 있는 곳, 주택가에 위치해서 접근성도 좋음. 직원들도 친절함"
9245556,5,,스타벅스가 눈에 확 띄는 건 아니에요. 대신 강남에 있는 것 치고는 사람도 적고 조용해서 좋아요
9245556,3,,익숙하지만 늘 항상 찾게되는 스타벅스입니다.
9245556,5,,"골목에 작은 스타벅스예요, 작은 스타벅스여서 앉는 곳은 부족하고 지나가다가 테이크 아웃하기에 좋아요 서버분들도 친철하고 붐비는 느낌도 적은곳입니다."
9245524,5,,"터미널 앞에 위치해있어서 좋으나, 내부는 좁은 편이예요.
테이크 아웃하기에 좋은 스타벅스입니다."
9245524,3,,"남부터미널 바로 앞에 있고, 생각보다 좌석이 별로 없어서 놀랬습니다. 보통 스타벅스의 규모치고도 작은 규모였고 위치의 특성상 테이크아웃을 많이 하게 되는 듯 합니다. 이 곳에서 화장실을 이용하려면 꽤 많이 건물내를 돌아가야 해서 그것도 약간 불편함이 있었어요"
9245524,4,,항상 스타벅스는 사람들로 붐비는 곳이죠. 서초에 위치한 스타벅스점은 넓은 공간과 아늑한 분위기가 괜찮습니다.
9245524,4,,"버스를 같이 기다려주느라고 들렸는데 스타벅스는 언제나 기대만큼은 하지요~ㅎㅎ

그냥 아메리카노와 쥬스하나 시켜서 편하게 기다리면 되요. 

뭐 맛이나 서비스는 다른 스타벅스와 같고, 이왕이면 다른 커피숍보다는 스타벅스 추천이요."
9245524,3,,이벤트에 당첨되어 기프티콘으로 주문했습니다. 추가로 부족분을 계산하니 더 비싼 메뉴도 시킬 수 있네요.
9245524,4,,겨울에 먹는 바닐라 카푸치노는 정말 맛있어요. 겨울 신메뉴를 먹어보고도 싶었지만 다음으로 미루고 맛있게 먹었습니다.
9245524,4,,"남부터미널역 정문에서 오른쪽에 바로 보입니다.
지방으로 가는 버스 타시는분들, 지루하실때 갈만합니다. 퇴근시간만 아니면 조용합니다. 창가가 둥글게 생겨서 특히합니다.
근데 저기 메인에 사진 올려놓으신분,, 저기 아닌데 이상하네요.. 그냥 스타벅스 사진 올라온거 랜덤으로 올려놓은듯하네요."
9245798,5,,"청계천 야간산책 하다 찬바람이 불어 따뜻한 커피가 마시고 싶어 들어갔어요 이색적인 공간은 아니지만 스타벅스 좋아하시는 분들, 청계천 등불축제 기간에, 등 구경하시고 가셔도 좋을 것 같습니다. 날이 좋아도 저녁이 되면 꽤 쌀쌀해져서요"
9245798,3,,"청계천 앞에 있는 스타벅스
1층으로만 되어 있어서 좌석수가 그리 많지 않고 좌석 간격을 굉장히 좁게 해놨다.
점심시간에는 사람이 많이 붐비는 곳이다."
9245798,3,,"청계천 변에 있는 커피숍이지만, 1층이라 전망은 별로예요.   
테이블 간격도 좁고 의자도 불편하고요. 
그래도 사람이 늘 많습니다. 
점심시간에는 줄이 엄청나게 깁니다.
바쁘고 정신없어서 그런지 직원이 친절하다는 인상을 못받았어요."
9245798,4,,널찍하고 위치도 청계천 옆이라서 좋은 스타벅스. 텀블러 종류도 기분 탓인지 다른 곳보다 더 많은 것 같다.
9245798,5,,"매장은 단층이었고 늦은 오후시간이었는데 평온하고 조용한 느낌이었어요~
바쁘지 않은 느낌에 직원들도 여유롭고 친절했구
커피도 손맛이 있는지 분위기 탓에 맛있었습니다."
9245798,4,,"다른곳보다 한적하고 조용해서 종종 이용하는데요....
맛과 서비스는 다른 스타벅스들과 동일해요...^^"
9245798,5,,"스타벅스 자주 이용하는데 여기가 제일 깔끔하고 친절한듯해요.
생긴지 얼마 안되서 그런건지 모르겠지만...
청소도 깨끗이 잘 되있습니다."
17546706,3,,한국의 많은 Baskin Robbins 중 하나.
12214468,3,,"깔끔한 흰색계통의 내부 디자인과 아담한 규모의 까페다. 
향과 밀크티의 카페인에 밀크티가 좀 많이 심심해서 다음에 또 찾을까 싶다. 
나만의 향수를 만들기 위해 방문을 할 지는 모르지만 밀크티의 향과 맛은 좋았지만 심심함이 실망스러웠다."
12214468,3,,흰 벽에 기와지붕 카페라 들어갔는데 밀크티를 메인으로 판매하고 디퓨저와 향초 등도 판매를 하고 있는 곳이었다. 테이블은 매우 적어서 대부분 테이크아웃을 하는 것으로 보였다. 좁은 익선동 골목 속에 작은 카페라 분위기가 매우 좋았다.
12214468,4,,익선동의 까페면서 향수도 함께 팔고 있습니다. 작은 한옥을 공사해서 아주 모던한 분위기를 만들었습니다. 밀크티와 홍차를 파는데 테이크아웃용 병도 따로 판매합니다. 근처의 고즈넉한 분위기를 즐기다가 들려서 쉴만 합니다.
19881022,5,,"로데오에서 우연히 찾아 들어간 베이커리 카페인데, 일단 커피가 너무 맛있습니다. 매장도 넓고 좋은 산소 공급이 계속 되고 있다고 하고, 층마다 컨셉이 독특한 것 같아요. 다음에 또 방문해보고 싶네요."
27127995,5,,"맛있는 수제초콜릿, 친절한 사장님, 고급스러운 분위기."
3972173,5,,맛이 아주 흥미로운 정말 맛이 좋습니다. 케이크 또한 매우 귀엽다. 최악이었던 것은 내가 내 고향 다시 때문에 슬픈 ^^ 수
3972173,4,,베스킨라빈스중 위치가 너무 편리하여 자주 가게 되는 곳이에요. 아이스크림도 다양하고 신선해요. 아이스크림 종류도 다양하구요. 어째건 위치가 좋아서 개인적으로 좋네요.
14960729,4,,인테리어도 예쁘고 분위기도 너무 좋은 카페
9287214,4,,계단을 올라가야 하지만 접근성 좋은 곳
9287214,4,,놀랍게도 맛있는 & 멀티 레이어 풍미 - ???????????????
3894918,4,,"명동 신세계 백화점 본점에 있는 스타벅스 입니다.
쇼핑하면서 들리면 제격입니다.
사람이 너무 붐비는게 흠입니다.
그래서 좀 오래 걸리는 것 같네요.
그래도 스타벅스 명성답게 최고의 카페인 것 같습니다."
3894918,4,,"면세점 갔다가 가끔 들리는데 평일 점심시간 살짝 지나서 방문하면 사람도 적고 조용하고 괜찮아요. 근데 가끔 외국인 관광객들 여럿오시면 엄청 시끄럽고, 주말에는 자리 잘 안나서 주말엔 안갑니다. 매장 항상 깔끔하고 본점 안에 있는 지점이라 그런지 잘 관리되는 듯 합니다."
3894918,4,,백화점 안에 있어 쇼핑하다 쉬어가기 좋습니다.
3894918,4,,"신세계 면세점 들렸다가, 스벅 한 잔~  자리가 넓지 않아, 아이스아메리카노 한 잔 들고 밖에 테라스가 있는데로 갔다~"
3894918,4,,"Seoul, Seoul, South Korea"
3894918,5,,"본점이 리뉴얼하면서 조금씩 조김씩 달라지고 있는데
6충 분더샵앞으로 스타벅스가 새로 생겼다.  개방감있고, 그통로자체가 많이 붐비지 않아 스타벅스도 다른곳에 비해 많이 붐비지 않아 좋다. 샌드위치류도 많아서 간단 점심해결에도 좋겠다. 단지 푸근한 느낌의 매장이라기 보다 잠시 들렸다 가는 가벼운 쉼터 분위기라 긴 수다에는 적당치않아보인다."
3894918,5,,"쇼핑하다 지칠 때 아메리카노 한잔으로 카페인과 기운을 충전할 수 있는 곳이에요.
백화점 내 입점한 곳 치고는 규모도 커요"
3894918,4,,쾌적한 분위기를 즐길 수 있습니다. 전반적으로 안정된 느낌을 주며 스타벅스 특유의 그윽한 커피맛이 좋습니다.
3894918,4,,"스타벅스라는곳이 뭔가 특이한 곳은 아니니깐. 
여기 역 뭔가 특별한 기대를 갖고 가는곳은 아니고 쇼핑하다가 편하게 들릴만한곳. 
사람 많아서 정신없지만 그것 빼곤 무난한 곳."
3894918,4,,최근 신세계 명동점이 식품관 리뉴얼 후 대체로 가격대가 올라간 느낌이에요. 스타벅스는 그 중에서 가장 편하게 커피 마시면서 쉴 수 있는 공간인 것 같아요 ㅎㅎ
3894918,4,,"스타벅스 단골손님인 저는 이 곳을 자주가요.
백화점 위에 있어서 북적북적하지만 항상 서비스 좋아서 너무 좋아요"
3894918,4,,"식당가에있는 스타벅스는 언제나 손님이 가득!
그래도 식후 커피한잔은 포기하기 어려워서 꼭 테이크아웃해가게되는곳"
9245265,4,,"스타벅스는 제가 제일 좋아하는 카페입니다.
골드 회원이 되면 음료를 열두잔 먹을때 마다 매번 무료쿠폰도 주고 아주 좋습니다"
9245265,4,,good place to have a cup of coffee
9245265,3,,"전세계적으로 맛과 서비스가 완벽하게 표준화 되어 있기에, 어딜가나 실패할 일은 없는 스타벅스 입니다. 특별히 훌륭한 맛을 기대할 수도 없지만, 실패라는 리스크를 줄여주는 것만 하더라도 나쁘지 않은 선택지가 될 수 있습니다.
사람이 많은 명동이지만, 2층에 위치하고 있어서 1층에 있는 다른 스타벅스들 보다는 그나마 조금 덜 붐비는 편입니다."
9245265,4,,골목길에 스타벅스와 오설록 바로 옆에 있어서 선택의 폭이 넓다. 무료 와이파이 이용가능하다.
9245265,3,,"스벅은 접근성도 쉽고 메뉴도 다양하고 맛있어서 정말 자주 가게 되는데, 이곳 명동점은 위치가 위치이다 보니 사람이 항상 많아서 좀 정신이 없는 느낌이에요.
그래서 한 번 간 이후로 이 지점보다는 좀 더 걸어서라도 다른 곳을 가게 되더라구요."
9245265,5,,"스벅에선 불유쾌한 경험을 할 일이 없다. 우선 커피/논커피 다양한 종류가 구비되어있는데다 주문을 디테일하게 할 수 있는 것도 좋고, 다른 커피숍브랜드에 비해 케잌종류도 맛있다. 단점은 샌드위치같은 베이커리류는 맛이 그닥... 브런치는 다른데서 해결하고 와야겠다."
9245265,3,,"점심시간에 종종 방문하는데, 늘 사람이 넘나 많네여 ㅋㅋㅋ 
정신 없지만 직원분들도 친절해서 자주 가게 되네요"
9245265,5,,"명동에 위치하여 접근성은 좋은데 사람이 많이 복잡한 편이에요
그래도 맛있는 커피를 늘 먹을수맀어 자주 방문합니다"
16811642,5,,"가성비가 정말 좋은 버블티 가게 입니다.
맛도 좋고 분위기도 좋습니다.
주문할 때 기계에 해야 하는 게 조금 어려울 수 있지만 직원에게 도와달라고 하면 됩니다.
추천합니다!"
16811642,4,,서강대 근처에서 친구를 기다리려고 커피숍을 찾다가 발견했어요. 버블티를 좋아하는데 펄이 안 들어간 블랙티는 1900원이고 거기에 펄 추가면 2400원이었어요. 싸고 맛있어서 제가 갔을때 기다리는 사람들이 많았어요. 테이블이 몇 개 있고 테이블마다 콘센트도 있어 공부하는 학생들이 좀 있었어요. 강추합니다~
33244484,,,
15593533,3,,"고속버스터미널 파미에스테이션 근처에서 식사 후, 친구랑 방문하였습니다.
* 접근성 : 파미에스테이션 안에 있어서 찾기는 어렵지는 않지만, 파미에스테이션 자체가 조금 복잡해서 처음 오시는 분은 찾기 어려울지도 모릅니다.
* 맛 : 시그니처라는 아이스 버터커피를 시켰고, 한입 마시는 순간 ‘스카치캔디’가 떠올랐습니다. 달달구리 땡길 때는 딱이예요.
*서비스 : 사람이 엄청 많았는데, 그래서인지 주문받고 음료를 내주시는 분이 무척 신경질적으로 줄 잘 서라, 비켜라 하시더라구요 ㅠㅠ 기분이 좋지는 않았어요.

맛은 좋아서 가끔 생각나겠지만, 사람도 많고, 서비스도 별로라 다시 가지는 않으려구요. 세상엔 맛있는게 너무 많아요 :)"
15593533,3,,"엄청나게 특별한 맛은 아니지만, 그 커피 자체는 다른 카페에서 맛보지 못한 맛이기는 했음. 한 번쯤 마셔보는 정도로는 추천하지만 사람들이 몰리고 자리가 몹시 불편하기 때문에 오래 머무를 곳은 아님"
15593533,4,,버터스카치 사탕을 녹여놓은 듯한 버터커피
9245413,4,,"스타벅스 시청점
서울시청 근처에 위치한 스타벅스 시청점
주변에도 스타벅스 매장이많이잇고 찾기쉬워서 좋아요 굿굿굿"
9245413,4,,"점심식사 후 이곳을 찾으면 자리를 잡을 수 없을 정도로 사람이 많다.
오후를 버티기 위한 에너지를 구입하기 위해 직장인들이 길게 늘어서 있다.
점심시간만 피하면 괜찮은 곳."
9245413,4,,"Seoul, Seoul, South Korea"
9245413,5,,"어딕라도 만날 수 있는 글로벌한 커피숍이라서 실패가 적음. 대신에 따로 특색은 없는것같은 느낌.
한국 스타벅스에서 컵사는건 추천함 ^^"
9245413,4,,"한옥의 멋스러움을 살린 인테리어가 있어서 관광객에게 좋은 스타벅스 입니다.
바로 근처가 시청이라서 함께 방문하기도 좋아요."
9245413,3,,나는 여기가 정말 좋아. 직원들은 친절하고 나가는. 직원들이 좋은 시간에. 맛있는 베이글 들 은 다.
9245413,2,,"Seoul, Seoul, South Korea"
9245413,4,,안에도 예쁘게 해놓고 가본 스타벅스 중에 넘 좋았어요 ㅋㅋ 외국인들도 많더라고요 ㅎㅎ 스타벅스 안 가도 가볼만한 곳
17463406,4,,서교동이고 지하철역은 합정이나 홍대가 아닌 망원역에서 가까워요 나무로 정갈하게 이루어진 인테리어가 인상적이예요 커피도 서비스도 만족스러워요 추천해요 주차는 안되요
24881906,,,
14960739,4,,"C (18.07.23)
이 카페는 내 사무실에 위치해있어서 자주 만나기 위해 자주 방문했습니다. 카페는 깨끗한 분위기 였고 직원들은 친절했습니다. 프랜차이즈에는 커피가별로 좋지 않았고 다양한 커피 원두가있었습니다. 나는이 카페를 좋아했다."
27916065,,,
9153779,4,,"CYC + C (2016 . 11 . 12) 
나와 내 아들을 방문한 이 카페는 커피. 밤에 좋은 분위기였고, 직원들도 친절하고. 커피 맛도 좋고, 너무. 이 곳에, 유명한 카페 운영, 이 하는 카페도 그 중의. 것 같아요. 좋은 카페"
9319335,4,,가계도 넓고 사람많나기 좋아요 회사가 근처라 인기도 많은곳이고요 블랜디드 음료가 맛있어서 가끔 방문하는곳입니다. 야외테라스도 있어요
9245268,4,,시청역 대한항공 건물 맞은편에 있는 스타벅스예요 텀블러를 이용하면 300원 할인해줘요  환경을 생각하는 스타벅스 항상 애용하게 되요 수요일 저녁 7시쯤에 갔는데 자리는 넉넉히 있었어요
8685965,4,,보통 스타벅스는 대로변에 있거나 사거리에 많은데 여긴 글래드 호텔 뒷편에 골목에 있어 위치가 재미있었습니다. 출입문이 작았으나 들어가보면 아주 넓은 매장이었습니다. 점심에는 사람들이 아주 많은데 저녁 이후에는 한가해서 좋습니다.
8685965,4,,삼성역 파크하얏트 뒷골목에 위치한 스타벅스입니다. 자리도 넓직하고 커서 근처에서 식사후 편안하게 커피한잔 하기 좋은곳입니다.
8685965,5,,라떼드실때 우유를 소이밀크로 변경해서 시키시면 꿀맛이에요. 여기 분위기도 생각보다 조용하고요!
8685965,3,,"(2016.08.09) C1 
점심 식사 후에 방문한 저와 제 친구가 있습니다. 스타벅스 는 항상 깨끗하고 좋은 분위기였습니다. 그러나 항상 동일한 다른 스타벅스, 차이가 나는 다른 곳을 찾을 수 없습니다. 이는 좋은 카페 수 있는 경우에만 스타벅스, 커피 마시고 싶지 않은 곳이지만."
8685965,4,,비교적 여유롭게 이용할 수 있는 스타벅스
8685965,3,,세계 어느곳에서도 볼 수 있는 스타벅스의 로고가 무척 반가워지는 장소입니다. 따뜻한 커피한잔에 즐거운 시간을 보낼 수 있습니다
8685965,5,,"직장인들이 많기 때문에 점심시간을 제외하면 정말 사람이 없는 스타벅스로, 조용히 무엇을 하기에 너무 좋습니다. 매장 자체도 크고 널찍한 책상들이 많기 때문에 공부를 하기에도 괜찮은 곳이고, 약속 장소로 삼기에도 좋은 곳입니다. 화장실 가는 길이 조금 어두운 것만 빼면 만족스러운 곳이네요."
8685965,5,,"큰 스타벅스 매장 중 하나입니다. 넓은 방, 좋은 좌석 옵션. 조용한 토요일 아침 시간과 즐거운 메이플 피칸 라떼. 파크 하얏트 근처에 지하철과 가깝습니다. 

아주 친절하고 효율적인 서비스"
8685965,4,,"아침과 점심시간과 같은 붐비는 시간대를 제외하고는 한가롭게 이용하기 좋습니다.
매장도 넓고 소음이 울리지 않는 편이라서 편안하게 이용할 수 있습니다.
커피와 디저트의 질은 타 스타벅스에 비해 떨어지지 않는 정도로 괜찮은 편입니다."
8685965,5,,"대로변에 위치해 있지 않아 비교적 한산하고, 매장이 넓어서 붐비지 않아서 이용하기 쾌적한 매장입니다. 점심시간에는 주위 직장인들이 많아서 붐비는 시간대입니다. 그외 시간대는 이용하기 쾌적합니다. 여느 다른 스타벅스 매장과 같이 커피맛은 좋습니다"
33307827,5,,"서울에 있는 친구가 소개해준곳 입니다.
서울에서 가장 유명한 커피바 라고 했습니다.
낮에는 커피를 팔고 저녁에는 위스키,칵테일을 판매하는곳입니다.  커피, 칵테일을 캐주얼 하면서 전문적으로 만드는것처럼 보였고 서비스가 정말 좋아요
머무는동안 계속 친절하게 해주셨어요
언제든 또 오고싶습니다."
9318562,1,,"자주 이용하는 곳인데...
오늘은 주인으로 보이는 분이 너무나도 불친절하고 폭력성을 보여서 깜놀! 평소 종업원들은 친절했었는데... 이제 겁이나서... 앞으론 아는 종업원 있을 때만 방문 해야지?"
9318562,5,,"아주 좋은 콤보, 내 보고서를 마무리 할 때 압력을 완화하는 데 도움이됩니다. 아주 멋진 직원들이 내일 밤 2 라운드를 기대하고 있습니다!"
28057442,,,
9245610,4,,다른 스타벅스 매장과 다를 것은 없다. 코엑스 내의 붐비는 커피숍이 싫을 때 방문하지만 이 곳도 붐비는 것은 마찬가지. 매장도 깔끔하고 이래저래 실망 할 일은 없는 곳.
9245610,4,,언제 어느 매장을 가도 기본은 하니까 좋구요. 적당히 먹을 만한 푸드도 있어서 좋은거 같아요.
9245610,4,,사람이 진짜많은 곳이라 점심식사 시간즈음에는 사람들이 쏟아져나와서 자리가 없지만 대신 점심시간 살짝 지난다음에 가면 회전율이 좋아서 인지 커피향이 더 좋다고 해야하나?미세하게 다른집보다 신선한 커피를 먹는것같은 느낌이 든다.
16660605,4,,"2층이 있는 매장인데 생각보다 좌석이 적고 간격이 좁아서 1층이 더 좋아요
1층은 좌석이 편하진 않지만 넓고 조용해서 좋습니다"
3937457,3,,나는 그 장소에 머무르기 위해 커피를 요청했다. 그러나 테이크 아웃 컵을 받았다. 그래서 성가신. 맛이 좋지 않습니다. 중국에서는 컵을 제공합니다. 한국에서는 그렇지 않습니다. 커피는 ok이었다. 빠른 와이파이. 좋은 직원 좋은 직원. 가격 4600 원
3937457,5,,주차도 서너대가능하고 안쪽으로도 좌석이 꽤있다.직원들은 친절하다.메뉴는 보통카페베네와 같고 커피맛이 있다.상문고 운동장을 산책삼아 돌고 마시는 커피는 정말이지 꿀맛이다
3937457,3,,"까페베네는 이상하게도 지점마다 맛이 다르곤 하던데, 서초동의 이 까페베네는 나름 괜찮은 커피맛이 납니다.
가끔 붐비기도 하지만, 조용할 때가 많아 쉬었다 가기 좋아요."
3937457,4,,"볼일이 있어서 방배동 서울고교근처에 있다가, 추워서 카페베네안에 들어가서 기다림.
카페베네는 어딜가도 주변에 항상 있는듯...?
별 기대 안했는데... 딱 그정도였음.
좋았던건 서비스??? 우리동네는... 주문받는것도 서툴고, 현금내도 현금영수증 물어도 안보는데. 여긴 그나마 친절해서 좋았다. 추웠는데 따듯해서 좋았고!"
3937457,3,,근처에서 식사를 하고 들르기 좋은 주차장이 있는 카페베네이다. 물론 이중주차를 해야할 수 도 있다
3937457,4,,"카페베네에 대한 편견을 꺠개 해준 곳입니다 ... !
많이 가보지 않고, 편견을 가지고 있었는데 시설도 좋고 점원들도 친절해서 오다가다 이용하고 있습니다 ..

카페베네는 직영점도 있겠지만, 가맹점도 있다고 알고있는데
그렇다보니까 조금씩 그 맛이나 서비스 질이 다른 것 같아요

참고하셔서 즐거순 시간 보내셨으면 좋겠습니다"
3937457,4,,디저트 종류가 다른곳보다 많습니다. 골든젤라또브라우니랑 티라미슈라떼를 먹었는데 맛은 괜찮았습니다.
3937457,4,,위츠는서울고등학교사거리에있으며겨울에도 양이많은빙수를맛있게먹을수있어서너무좋았어요직원들도친절하였구요
3937457,5,,"겨울에 먹어도 맛있네요~
쫄깃한 찹쌀떡 견과류가 듬뿍 올라간 팥빙수 
두명이서 먹기엔 많은 양이지만.. 
정말 맛있었어요~~!!"
3937457,3,,"이곳방문은 업무상 미팅때문이었다.
긴테이블의 별도 공간의 미팅장소가 마음에 들었다.
건물앞과 지하의 주차공간도 주차비걱정을 덜어줄 수 있었다."
3937457,5,,"카페베네는 모두다 알다시피 전국체인점이다. 근데 그 중 서울고교 사거리점의 서비스가 좋았던 기억이 있다. 알바생들이 친절하고, 실내가 깔끔하다. 카페베네 빙수를 추천한다."
3937457,2,,"카페 베네는.. 정말 어느 지점을 가나 맛이 없다-_-;;
여기도 마찬가지임. 
만약 어쩔수 없이 카페 베네 가게 되면 항상 병음료 먹는다-_-"
15563097,5,,"길건너 spc 본사에서 특별히 관리하는 매장이라 제품 종류도 많고 질고 정말 좋아요. 샌드위치종류도 정말 좋고 새로 시범적으로 하는 메뉴들도 많고요
왕소세지 페스츄리인가 하는 빵이 정말 맛있어서 자주 아침이나 저녁용으로 삽니다"
25383237,,,
14003989,4,,"생활의달인에 나와서 아주 유명해진 빵집이다. 대기번호를 받고 대기를 타야할 정도고, 빵이 팔리면 그날 영업이 끝나서 빨리 가야 맛있는 빵을 먹을 수 있다. 외관은 가정집형태라 한번에 찾기 힘들수도 있다. 외국 유명한 학교에서 공부하고 온 분이 빵을 만든다고 해서 그런지 한국에서 흔히 볼 수 있는 빵이 아니다. 카스티야, 폴식빵 등이 유명하다. 매장 안에 먹을 수 있는 공간은 없다."
14003989,4,,상수역 골목에 위치한 빵집이다. 카스테라가 메뉴로 빵종류는 많지 않지만 다 고퀄리티고 가격은 비싸지 않디만 그만큼 값어치를 하는 집이다
14003989,5,,신의 경지에 오른 빵입니다. 너무 맛있어요 카스타야는 천상계의 맛이에요 페스트리상도 정말 밋있습니다. 빵이 예술로 느껴집니다.
29014326,,,
9245943,3,,순화동 에이스타워 1층에 있는 스타벅스는 많이 작은 편이예요. 오피스분들이 많이 즐기는 곳이라 점심시간을 피해가면 괜찮아요
9245943,3,,"낮에는 주로 인근 회사원들이 많구요.

밤에는 손님이 많지 않습니다.

다른곳에 비해 여유롭고 한적한 분위기 입니다.
직원분들도 친절하구요."
9245943,3,,"5호선 서대문역 6번 출구로 나와 100미터쯤
직진하면 왼쪽에 에이스타워 빌딩이 있어요. 
건물 1층에 스타벅스가 있답니다. 
매장은 그리 크진 않아요. 
오피스 건물안에 있고
손님도 테이크 아웃 손님이 많아서 그런지
조용히 이야기 하기엔 너무 좋았어요
매장도 깔끔하고 구웃~"
9245943,4,,"매장이 건물1층에 위치해있고 
깔끔하고 직원들이 친절해서 이용하기 좋네요
사이렌 오더도 잘되구요 

주문하기에 편해요~"
14982766,1,,"어떤 이유로 든 가장 먼저 주문할 수 있지만, 외국인이라면 나머지 모든 고객이 음료를 마실 때까지 주문을 볼 수 없습니다. 우리는 25 분 동안 기다렸다.

또한 재사용 가능한 컵에 들어 있지 않으면 음료를 마실 수 없습니다. 그리고 아무도 이것에 대해 사전에 알려주지 않습니다.

바닥이 너무 더러워서 발이 달라 붙지 않습니다. 우리는 그 30 분의 방문이 끝나고 너무 역겨워서 지불 한 음료를 그냥 내버려 두었습니다."
14982766,4,,명동 지점에서 공차를 맛볼 기회가 있었는데 실제로 예상보다 낫습니다. 맛은 매우 좋았고 직원은 매우 친절하고 도움이되었습니다.
17757808,4,,여의도역에서 Ifc몰로 가는 길에 있는 빌리엔젤케이크예요 친구생일 파티를 위해 레드벨벳케이크 1호를 구매했어요 부드럽고 맛있었어요 다음에는 우주케이크를 구매해보고 싶었어요 케익을 구매해야한다면 추천해요
34077460,,,
8903806,4,,꽤 오랜시간 매장이 있었던 베스킨라빈스 매장입니다.대로변에서 안쪽으로 조금 들어가면 나오고 매장에 담쟁이 덩쿨이 있어 찾기 쉬울겁니다.
8903806,4,,"이가떨리는 차가운 계절에도 나는 아이스크림을 좋아한다.
그리고 특히 베스킨라빈스의 민트초코를 좋아한다.
11월 겨울 오랜만에 대학로를 방문했다.
식사를 하고 커피를 마시고... 그런데도 뭔가 달달한게 땡겨 베스킨라빈스에 들렀다.
당연히 민트초코를 시키고 추운 겨울을 입으로 느꼈다."
8903806,5,,매달 새로운 맛이 있는 아이스크림 체인점
8903806,5,,"겨울에 먹어도 맛있는 피스타치오 아몬드가 맛있는 아이스크림 전문점입니다. 체리주블레도 
추천합니다.아주오래동안 한자리에서 장사하는 가게입니다."
8903806,5,,"혜화역 바로 앞에 있고
마로니에 공원과도 가깝습니다.
2층이여서 자리도 넉넉하고 아이스크림 먹기 좋은곳이에요."
8903806,4,,대학로 입구에 있는 곳이어서 매우 찾기 쉽습니다. 하지만 너무 많은 사람들이 와요~ 불친절할 수밖에 없겠죠~
15187345,3,,"라떼랑 에스프레소 시켰어요
에칭을 귀엽게 해주시는게 커피가 조금 오래된 맛이 나더군요
분위기는 참 좋구요
2층도 잘 되있어요"
26729753,,,
3894942,5,,"자리도 편안하고 메뉴도 다양해서
약속장소를 항상 여기로  잡는 편이에요
스타벅스 하면 돌체라떼랑 돌체 콜드브루가 제일 맛있죠"
3894942,5,,"맛은 딱 스타벅스예요.
근데 위치가 참 좋아요!!
친구들과 만나기도 위치가 좋고 스터디하기에도 좋아서 자주 애용해요"
3894942,5,,지나가다가 커피와 간식을 테이크 아웃 해간 곳 입니다. 스타벅스 커피는 개인적 으로 좋아해서 자주 마시게 되네요. 비교적 다른 지점 보다는 덜 붐비는 듯 합니다. 테이크 아웃도 신속히 처리해 주시네요
3894942,4,,"일반 스타벅스 커피를 마실 수 있어요. 많은 커피숍이 있지만, 일반적이라 종로에 오면 이용하는 편이에요."
3894942,3,,"종로 젊음의 거리 인근에 있는 스타벅스 입니다. 세계 어느 스타벅스가 모두 그렇듯 표준화된 맛과 서비스로 커피와 음료를 제공합니다.
이 지점이라고 특별히 더 좋은 부분도, 특별히 떨어지는 부분도 없지만 직장인들이 많은 해당 지역의 특성상 직장인들로 무척이나 붐비는 점심시간을 피해서 방문하길 권합니다."
3894942,4,,종로쪽 갈일 있을때마다 들르는데 2층에 있어서 점심시간 외에는 크게 안붐비는거 같아 좋아하는 지점이에요. 테라스 자리도 있어 날씨 좋을때는 밖에서 마셔도 좋더라구요.
3894942,5,,"저는 추천하고 싶은 서울 지역 카페 중 하나를 수행합니다. 내 경험. 오렌지 주스와 커피 카페 하면 로컬 퍼믹스. 이름이 기억나지 지 않는, 새로운 걸 시도해 보지만 내 두번째입니다. 항상 놀라움이."
3894942,5,,종로에서 일할때 가끔 들리는데 다른 지점들보다 파트너분들이 더 친절하고 2층이라 그런지 조용한 분위기가 좋아요.
3894942,5,,"스타벅스는 항상 옳습니다. 맛있는 커피와 고급스런 분위기. 종로 관철점의 스타벅스도 옳습니다. 커피 맛 자체가 일단 다른 프랜차이즈보다 월등히 맛있고, 조금 시끄럽긴 해도 스타벅스만의 분위기는 독특한 것이지요. 종종 들러서 커피 한 잔의 여유를 가질 만한 곳입니다."
9245790,5,,항상 사람이 많다 주변 직장인들이 좋아하는 스타벅스이다 대학로에 여러 스타벅스가 있지만 대학로점이 단연 일등이라고 할수있다
10487707,5,,"이 frenche 다 물리쳤네요. 나는 한국에 갔었어요, 그 aswsome 케이크 벚꽃 도르. 정말 좋았어요."
10487707,3,,"이는 올 전체 거리의 카페들이 있어 이 곳에 머물기로 했다. 아침 식사 메뉴는 한 - 게다가 모든 패스트리, 크로켓 님 같은 음식도 있었고 에그 베네딕트 를 따뜻하게 하고. 메인 코스도 좋은 샐러드, 식초 한 많은 치즈. 과자도 좋은 선택. 생각은 약한 커피는 실망스러웠습니다."
19595816,,,
29616729,,,
20235194,5,,단팥빵도 괜찮지만 크림치즈 들어간것도 강추
9245787,5,,오피스 대상 영업이라 마감시간이 이르다는 점이 다른 매장들과 달라요. 밀려드는 주문 소화도 빠르고 정확합니다.
9245787,4,,주말에 이근처를 자주 들리는데 여기 스타벅스는 주말에는 정말 한가하고 조용한 곳입니다. 다른 스타벅스와 다르게 분위기도 어두운 느낌이어서 개인적으로 정말 선호하는 스타벅스입니다. 지하철역도 가깝고 버스정류장하고 정말 가까워요. 여의도쪽에 스타벅스가 많지만 여기를 제일 좋아합니다.
9386453,3,,인기 이유는 모르겠어요. 그래도 주말에 다른 카페는 다 꽉 찼는데 여기만 비어 있어서 들어갔어요. 딱히 맛있는 건 잘 모르겠어요. 따뜻한 아메리카노 가격이 4천원 미만이라 저렴하다 생각했는데 양이 아주 적어서 돈 더 주고 리필해 마셨어요. 커피가 약간 느끼해요.
9386453,3,,사실 맛이없는건 아닌데요 가격이 너무 비싸요 샌드위치는 7천원 뭐 어지간한빵들은 다 2500원이 넘습니다. 그나바 롤케익이나 이런게 가성비가좋아요
9386453,4,,빵 종류가 다양하고 대체로 다 평균 이상의 맛을 보여주는 것 같습니다. 가격은 조금 비싼 편입니다. 프랜차이즈 빵집이 식상한 경우 한번 들려볼만한 거 같아요.
9386453,1,,"가격대비 딱히 맛있는 것도 아니고, 유명하다는 사라다빵도 뭐가 맛있다는 건지 모르겠습니다.
이 돈주고 굳이 ??? 라는 생각이 많이 드네요"
9386453,5,,여의도 보다 빵 종류가 많아서 좋았어요. 어딜가나 나폴레옹은 냉장 빵류가 맛있네요. 슈크림 호두크림브레드 맛있어요 :)
9386453,5,,"빵 종류 외 마카롱, 초콜릿, 케익 등 종류가 진짜 다양하게 다 있습니다. 가격대는 좀 있는 편이지만 돈이 아깝지 않아요. 아 특히 러스크 진짜 꿀맛입니다. 좌석도 있어서 먹고갈 수도 있는 게 더 좋아요"
9386453,4,,"사라다빵이 엄청 유명한곳이죠..
빵도 엄청 부드럽고 사라다도 양이 많이 들어 있어가지고 
가볍게 식사용으로 먹기에도 아주 좋습니다,
구매후 직원에게 전자렌즈에 살짝 돌려달라고 해서 먹으면 아주 굿이에요!"
10392708,4,,악마의 쉐이크...오쉐이크 맛있게 먹었었죠..
10392708,5,,맛은 좋은 것이 보인다! 누텔라 흔들지 었다. 한 사람이 너무 크다. 2 명 쉽게 공유할 수 있습니다. 변경다른 유형의 경우 꼭 볼 수 있는 좌우. 찾고 좋은 사람인 경우 도 있고 마카 롱은.
10392708,4,,더블 누텔라쉐이크 더블을 한 번 맛 보니 역시 악마의 쉐이크라 불릴 만큼 끊임없이 땡기게 됩니다.
12855643,4,,"친구가 자주 가는 카페라며 추천해줘서 방문했습니다
분위기도 좋고 가격도 위치에 비하면 그렇게 나쁘지 않았습니다
커피를 그다지 좋아하지 않아 밀크티를 먹었는데, 맛은 그저그랬으나 브레첼이라고 하는 빵이 매우 맛있었어요
친구말로는 커피가 정말 맛있답니다"
12855643,5,,"많은 커피 선택과 과자가있는 멋진 카페.
전 세계의 다른 블렌드. 당신은 좋은 오후를 보내거나 좋은 아침 식사 플러스 하루 전에 커피를 가질 수 있습니다."
12855643,4,,"홍대에 들렀다가 카페 이곳 저곳 찾다가 깊이까지 들어가서 찾은 카페였는데
위치가 좀 안좋고 깊은 곳에 있지만 정말 커피도 같이 시킨 티라미수도 최고였습니다.
티라미수가 진짜 맛있고 정말 맛있고 커피가 달고 고소해서 딱 제 스타일이었어요
또 가고 싶습니다."
12855643,5,,"CYC + CG (17.08.26)
우리 가족은 저녁 식사 후에이 카페를 방문했습니다. 카페는 매우 좋은 분위기와 아름다운 건축물과 인테리어를 가지고있었습니다. 우리는 방 스타일 시트에 앉아 커피와 디저트를 주문했습니다. 음식은 좋은 분위기였습니다. 카페는 내가 생각하는 것보다 더 크고 서비스도 좋았다. 가격은 조금 높았다 고 생각합니다."
33373344,,,
14888389,5,,"다른 곳보다 커피가 맛있고, 카페가 조용해서 할 일을 집중해서 즐길 수 있어요. 그리고 사장님이 한국어 뿐 아니라 중국어, 영어, 프랑스어가 가능하세요."
9245925,3,,참  시끄럽고 사람이 많고 편안한 분위기가 아니다
9245925,4,,회사근처라 자주가는곳중 하나인데요. 근처3군데 스벅중 아침시간에는 좀여유로운 편입니다. 그래서 자주 방문해요. 좌석도 많고 넓은곳입니다.
9245925,4,,"커피 종류가 다양하고, 자리도 비교적 편안합니다. 다만 주말에는 장시간 머무르는 손님이 많아서 자리 잡기가 쉽지 않네요. 그거 빼곤 좋습니다."
25569051,5,,홍대입구역에서 가까운 젤라또 맛집이에요~♡
9287523,4,,애플망고랑 아이스크림이 올려진 빙수 먹었는데 애플망고가 사진처럼 푸짐하지는 않았지만 상큼하고 개운해서 맛있었어요.
9287523,4,,연신내 먹자골목에 파리바게트 건물 2층이에요. 매장은 넓은 편인데 테이블이 다닥다닥 붙어있어서 좀 답답한 느낌이었어요. 빙수는 아주 맛있었어요.
9287523,5,,"다른 나라에는 없는 특별한 디저트가 있다면 바로 '빙수' 일 것 입니다. 설빙은 늘 새롭고 맛있는 메뉴들로 우리의 눈과 입을 사로잡습니다. 그린티, 딸기 등 자연에서 오는 재료들로 흰 눈꽃빙수 위에 얹어서 맛깔스럽게 데코레이션을 한 것이 참 인상적입니다. 떡볶이피자, 가래떡 등 다양한 메뉴가 있어서 브런치나 식사 대용으로도 가능할 것 같습니다. 직원이 그렇게 친절한 것은 아니지만, 쾌적한 실내환경과 테라스자리는 정말 최고입니다. 단체석도 있습니다."
9245447,4,,"사당역 특성상 직장인들 많고 사람도 많아요
너무 많아서 시끌벅적 시끄러워요ㅜㅜ
테이크아웃만 갈래요
자리도없구오ㅜㅜ"
9245447,4,,"나는 친구와 함께이 위치에 갔다. 그리고 그것은 아늑한 작은 장소 다. 우리는 앉아서 귀여운 작은 구석에 무료 Wi-Fi를 사용했습니다. 직원은 친절했고 서비스는 신속했다.

지하철 입구 바로 옆에 있습니다."
9245447,4,,"사당역에서 올라오면 바로 보이는 스타벅스
카페 맛은 그럭저럭하며 가격대는 다른 스타벅스와 같다.
대신 사당역 바로 위에 있기 때문에 유동인구가 많은 편이라 자리가 부족하므로, 방문시에 자리를 먼저 확인할 것을 권장한다."
9245447,5,,자리에서 드실분은 자리 확인 먼저 하세요
9245447,5,,이른 오전이나 밤 10시 이후가 아니면 빈자리 찾기 힘들 정도로 사람이 많다. 혼자 넓은 자리를 차지한 사람이 보이면 자리 좀 내달라고 부탁하는 것도 필요하다. 단 정중하게.
3894950,5,,점심시간에는 주변 직장인들이 다 모여 많이 붐빕니다. 1시 15분 이후에는 많이 한거해집니다.
3894950,5,,"휴식을 취하기 좋은 곳, 인터넷, 특히 시애틀에서 저처럼 수 있습니다. . . 정말 감사했습니다."
3894950,4,,"주변에카페들이많은데유독스타벅스가주변사람들에게인기가있는이유는브랜드자체의명성도있지만, 내부공간이널찍하고자리가많기때문, 의자도다른곳에비해편하고넓은의자가많아서 가격은좀비싸지만조용히시간보내기좋는곳이예요"
3894950,4,,"식사후 이야기도 나누고 핸드폰배터리도 충전할 수 있어 좋아요.
눈치안보고 두시간정도 이야기나눴네요."
3894950,4,,유동인구가 많은 삼성역 사거리에 위치하고 있습니다. 내부 분위기가 아늑하고 다양한 커피메뉴가 있어 좋습니다.
3894950,4,,이곳은 많은 회사들이 위치한 삼성역 사거리에 위치한 커피전문점입니다. 점심을 먹고 커피가 생각난다면 이곳을 방문하여야 하지만 사람이 정말 많습니다. 때문에 조금 서둘러 방문하여야 하며 좌석이용이 어려울 수 있습니다.
3894950,3,,삼성역 출구 나와서는 바로 보이는 위치가 아니라서 초행길 약속장소로는 보통입니다. 그래도 좌석은 좀 있는 곳이고 관리가 잘 되는 매장입니다. 라떼류를 즐겨 마시는데 맛있고 휘핑도 넉넉한 편입니다.
3894950,4,,"체인이라서 커피도 맛있고~
간식류도 다양해서 아침으로 먹기 좋아요 ~ 
항상 스타벅스만의 분위기를 느낄 수 있어서 마음이 차분해지고 좋습니다. 
삼성역 점은 위치도 좋아서~ 맘에들어요 ^^"
3894950,4,,회사 근처라서 자주 찾는 곳입니다. 다들 아시겠지만 스타벅스 체인이라서 커피도 맛있고 이벤트도 많아서 좋습니다. 라테가 특히 저의 주 메뉴이고 직원들이 친절합니다. 방문을 강추합니다.
3894950,4,,"스타벅스 겨울시즌음료 잘마시고 있어요. 특히 따뜻한 토피넛 라떼 맛있어요. 케익류도 맛있고, 스콘이나 베이글도 즐겨먹어요."
3894950,5,,"삼성역 사거리에 있는 스타벅스로, 위치가 좋아서 가끔 방문하는 곳입니다. 커피부터 다양한 베이커리류까지 해결할 수 있어서, 좋은 곳입니다."
3894950,4,,"어제 들렀더니 그 사이에 크리스마스 느낌이 부쩍 나고있더라구요
부드러운 캐롤과 전체적으로 레드와 웜한 톤의 인테리어:) 당연히 겨울이면 떠오르는 토피넛 라떼로 마시고 다이어리 받기위해서 열심히 음료에 버닝이 되어있는 중입니다 겨울느낌 물씬나요^^"
3894950,5,,파크하얏트 스테이하면서 스타벅스 들렀는데 위치도 좋고 직원들도 친절하고 좋았어요. 깔끔하고 괜찮아요
9245784,5,,"뒤가 더좋은 닭이 자기 형 여기서 인턴하고 아버님이 오너시라고 말하던데, 아버님 금전농사는 성공하셨는데 자식농사는 실패하셨네요...;; 아드님 죽도록 패실려거든 부디 주걱으로 해주시길 바랍니다. 기분이 거지 같아요"
9245784,4,,논현역에서 가까워요. 매장은 비교적 넓은 편인데 평일 오전이라 사람이 별로 없어서 좋았어요. 아침에 따뜻한 커피 한잔 테이크아웃 좋았어요.
9245784,4,,위치가 역 근처이지만 번화가쪽은 아니라 그런지 대체로 조용합니다. 근처에 유명한 고깃집 등이 있어서 함께할 수 있습니다. 맞은편 대각선으로 건너가면 먹자골목이구요. 붐비는 도심 번화가이지만 살짝 벗어난 느낌이 좋습니다.
9245784,5,,"커피생각날땐 언제나 가는 스타벅스. 
가는 길에 스벅 어플에서 사이렌오더로 주문하고 매장가서 딱 테이크아웃 해 나오면 끝!!"
9245784,4,,조용하고 의외로 사람이 별로 없습니다.
9245784,4,,강남과는 다르게 많이 붐비지는 않아서 좋았다. 생긴지 얼마 안되보이긴 했는데.. 서비스도 좋고 친절했다.
9245784,5,,"압구정 근처에 가장 조용하면서 즐길 수 있는 스벅이.

커피 드립이야 비슷하고 위치 및 분위기가 좋다."
13083790,5,,"카페아리아브루워스에서 처음 맛보는 뱅쇼와 마샬라짜이! 추운 겨울날 몸 따시워지며 좋았다! 카페 분위기도 좋고 사람들도 좋고~ 굿굿!
따뜻한 차 마시고 눈 오는 날 인력거를 타며 떠나는 북촌 데이트! 빠이가 우리나라 역사도 잔뜩 알려주고 추억 남길 사진도 찍어주고저녁에 북촌 맛집들도 알려주고! 고마워요~"
12610062,5,,"구로시장 내에 영플라쟈 라는 골목이 있고, 그 안에 있는 작은 카페입니다. 메뉴는 많지 않은데 디저트와 차가 모두 맛있습니다. 특히 디저트를 시키면 그 자리에서 바로 만들어 줍니다. 여유있게 시간을 보내고 맛있는 것을 먹기 좋은 곳."
15801312,,,
19983869,5,,The best cheesecake shop in Korea
6570781,5,,"보이는 모양 대로 이뻐요. 컵케잌도 이쁘고 좋고, 사장님도 웃으면서 잘 설명해주셨습니다. 기분좋게 달달한 케잌 들고 나올 수 있는 곳이에요"
6570781,4,,"예쁘고 다양한 컵케이크들이 많이 있습니다
가격대가 그리 싸지는 않지만
보면 힐링되는 느낌입니다"
6570781,5,,"초창기 오픈때 부터 이용해요
컵케익 선물하기 정말 좋고 예쁘고 재료도 좋은것 쓰는 느낌이 들어요"
10593548,,,
33237461,,,
33265695,,,
9245670,3,,"발산역 인근 식당에서 식사 후, 후식으로 커피를 마시기 위해 방문하였습니다.

* 위치 : 발산역에서 멀리 떨어지지 않은 곳에 웨딩홀 건물 안에 위치해있습니다. 외부에서 봤을 때, 크게 위치해 있어서 찾기는 어렵지 않습니다.

* 음식과 분위기 : 스타벅스 신메뉴 맛있더라구요 단호박라떼 :) 체인점이기 때문에 음료의 맛은 일정합니다. 다만 오늘따라 그랬던건지 사람들이 너무 많아서 웅성웅성 시끄러운 편이긴 했습니다. :) 조용한 카페를 원한다면 다른 곳을 추천할께요."
9245670,1,,그린티 프라프치노를 시켰고 커스텀오더로 파우더를 3스푼 더 추가했는데 영수증을 보니 1스푼으로 처리했음. 파우더추가해달라고하니 직원의 표정이 좋지 않았음.
9245670,3,,갈때마다 사람 많고 테이블은 적어서 테이크아웃을 자주 하게 되네요. 그래도 위치가 좋아서 자주 갑니다. 서버분 친절해서 좋아요~
9245670,3,,스타벅스는 고객 충성도가 높은 곳이고 역시 나에게도 마찬가지인데 골드카드를 가지고 있으면 샷이나 시럽을 무료로 추가할수 있어서 그런 점이 좋아요. 매장은 아주 넓은 곳은 아니지만 또 그렇게 작지도 않아서 괜찮은 편이에요. 샐러드가 맛있고 저녁 6시 이후에는 샐러드같은거 시키면 싸게 먹을 수 있어서 좋아요.
9245670,4,,"전세계 공통적인 맛, 그러나 분위기는.."
9142341,5,,체인이 아니어서 아쉬울 정도의 드립커피 종결자
9142341,5,,"선유도 공원 가는 길에 새로운 카페가 많이 생겼지만 터줏대감 같은 곳입니다. 아늑하고, 커피 볶는날은 고소한 냄새에 마냥 눌러 앉아 있고 싶어지는 곳. 라떼를 시키면 취향에 맞게 샷 추가 하라고 1샷을 따로 주는 배려가 좋았고. 매장안에 코난 만화책이 쭈욱~ 있어서 코난 덕후라면 겸사겸사 들러봄직 합니다."
9142341,4,,직접 원두를 볶아 내린 커피라 향이 더욱 진하고 좋아요. 주차공간도 있어 편하구요. 로스팅 커피는 보통 비싼편인데 가격도 3천원대로 저렴합니다. 아이리쉬 큐브라떼도 신기하고 맛있었어요.
3911468,3,,"서초역 인근이라 위치는 좋은데, 매장이 작고 테이블 수가 너무 적어서 자리가 없을때 종종 생김. 창가쪽에서 시간 보내기엔 좋음"
3911468,4,,"서초역점 
자주가는곳
스타벅스 맛은 비슷하니까
시간 여유생길때 와서 
커피한잔에 멍하게 있으면 은근 스트레스 풀려요
오늘도 아이스커피 한잔하러 ㅋㅋㅋ"
3911468,4,,"서초역 2번출구로 나가서 직진하면 50미터내에 있슨비다. 위치는 최고입니다. 평일 저녁에 사람이 별로 없어서 조용히 커피 마시기 좋습니다. 커피맛도 크게 문제는 없구요.
다만 일요일에는 교회 사람들이 많아서 너무 북적북적대서 일요일엔 비추입니다."
12192449,5,,이 근처 직장인이 좋아하는 커피숍입니다 점심시간은 대기를 많이 할 정도로 인기 집입니다 커피도 좋고 생과일음료는 과일함량이 높습니다
12192449,5,,"좀 더 큰 매장으로 이전을 했습니다. 여전히 효제동의 모퉁이 이긴 하지만요
아메리카노는 좀 쓴 사약 타입이고 라떼도 진하고 맛있습니다
여전히 아늑한 분위기가 좋습니다"
12192449,5,,"리코타치즈샐러드, 바질페스토파니니, 치킨파니니를 주문했다. 정말 맛있고 양도 푸짐하다. 음식이 좀 늦게 나오는게 흠이긴 하지만... 카페 분위기도 좋고 깔끔하고 친절하다. 여자들이 좋아할듯"
12192449,5,,"광장시장에서 식사를 하고 길을 건너 이곳으로 커피를 마시러 왔습니다. 
작고 아담한 귀여운 카페입니다. 
브런치와 같은 간단한 식사도 가능합니다. 
커피는 부드럽게 진하고 맛있습니다.
일요일 점심시간대에 와서 그런지 근처 교회를 마치고 오신분들로 인해 조금은 복잡하였지만 그럼에도 그리 소란스럽지 않고 아늑한 느낌이 들었습니다."
10312623,5,,커피 맛도 좋고 분위기도 좋아요 동네에 있는 커피집인데 혼자서도 친구와도 함께 자주 가게 되네요 카페 라떼 맛이 좋습니다
10312623,4,,"요즘에는 워낙 저렴한 테이크아웃커피가 많지만 맛과 가격을 다 만족시키는 곳은 그리 많지 않은데 이곳은 가격도 착하고 맛은 고급 카페 못지 않습니다.
인테리어 역시 신경을 써 너무 저렴한 커피카운터 느낌이 아닌 이름처럼 ""경성""시대의 빈티지 스러운 분위기를 냅니다. 
테이블은 거의 없다 보시면 되고 테이크아웃으로 주문하는데 커피외에도 쥬스메뉴도 다양합니다.
커피는 쌉싸름하니 너무 시지 않으면서 적당하게 진한맛입니다.
근방에서 식사하고 아이스로 테이크아웃해서 마시기 딱 좋은 맛입니다."
10751069,4,,"당근케이크가 유명하다고 하여 방문한 커피식탁,
당근케이크 위에 올려진 크림과 쫀득한 당근케이크 식감이 좋았어요.
아메리카노는 산미가 있다하여 라떼를 주문했는데 라떼는 고소하고 맛있어요.
산미가 있는 커피를 좋아하신다면, 아메리카노도 추천해요."
10751069,5,,조용조용해서 좋았어용 연남동의 느낌이 충만한 커피집! 연남동 감성을 느끼기에 좋은 커피집이어서 추천드려용
10751069,4,,"핫한 연남동의 커피집이에요. 
맛도 무난하고, 분위기도 그렇고 연남동 데이트 장소로 괜찮습니다."
10751069,5,,"연남동 일대에 핫한 커피숍은 많지만 커피 식탁만큼 아늑한 곳도 없는듯!
차분하게 커피한잔 하고싶다면 이곳을 추천합니다."
10751069,3,,"언제가도 편안하고 따뜻한 분위기가 좋은 카페예요. 주말엔 사람들이 많은 편이긴 하지만, 평일에 시간내서 가면 사람도 별로 없고 조용하고 좋더라구요. 커피도 라떼도 다 괜찮았습니다."
10751069,4,,"인테리어는 깔끔하고 테이블은 5-6개 정도 되보였고, 낮은 테이블로 공부하거나 책을 읽기에는 조금 불편할 수있겠다는 생각이 드네요. 아메리카노는 산미가 강한 원두인지 신맛이 많이 느껴졌지만 더운날 상쾌해지는 맛의 커피였어요. 말차쇼콜라는 녹차의 진하고 씁쓸한 맛이 느껴지는 케익이네요. 전반적으로 아늑하고 쾌적한 커피숍이네요"
10751069,5,,"테이블마다 예쁜 꽃이 있는 연남동의 커피식탁은 성수동의 커피식탁과 다른 분위기였어요. 짙은 색의 원목가구와 두꺼운 철문, 넓은 창과 테라스가 다 맘에 들었어요. 당근케이크가 맛있어서 갈 때마다 먹어요."
10751069,5,,"성수동에도 있는 커피식탁의 망원점이에요. 커피 식탁은 예쁜 음료와 케이크를 맛볼 수 있어서 좋은 곳이에요. 성수점도 가끔 가는데, 망원동에 가면 꼭 들르는 곳이에요."
26827988,,,
14386689,,,
9044727,5,,어디로 간걸까요. 브루클린버거 옆에 있어서 항상 버거집들렀다가 후식으로 먹던 아이스크림 이었는데... 사라져버렸네요.
9044727,5,,"작은가게지만 아기자기함이 넘쳐나는 곳입니다. 스레기통에서 냅킨을 담아두는 통까지 어느것하나 식상함이 없어요. 

아이스크림 종류는 굉장히 많진 않지만 날마다 메뉴가 바뀌어서 골라먹는 재미가 있어요. 바삭바삭한 콘과 바닥이 넓은 종이컵으로 주문이 가능합니다.

개인적으로 가장 맛있었던 메뉴는 밤이 들어간 아이스크림인데 제가 방문하는 사이클과 맞지 않은지 없는경우가 많아서 아쉽습니다. ㅎㅎ

아이스크림을 주문하고 나서는 한쪽벽을 장식한 수많은 아이스크림 사진을 구경하는데 점원분이 아이스크림을 담는 동안의 지루함을 덜어 줍니다.

작은가게라 주차가 애매하긴 합니다만 아이스크림을 담는 시간은 그리 길지 않으니까.... 뭐 괜찮지 않을까 조심스레 예측해 봅니다"
9044727,4,,"오픈 때부터 자주 갔는데, 메뉴 구성은 크게 바뀌지 않는 것 같습니다.
가게는 협소한 편입니다.
콘으로 한스쿱 먹어도 양이 꽤 됩니다.
가격은 4천원 정도로 기억합니다."
9044727,5,,"브루클린더버거 옆에 위치한 미국스탈 아이스크림입니다.
매장 내에서 만들어 주는 아이스크림이면서 다양한 맛을 선택할 수 있어요..
작지만 선택의 폭이 넓더라고요.. 
가격은 조금 가볍진않고요, 개인적으로 콘이 좀 더 양이 많아 보였어요^^"
4076323,3,,"Bandar Seri Begawan, Brunei Darussalam"
4076323,5,,위치가 좋아서 부담없이 들릴 수 있는 곳입니다. 사람이 많은 편이지만 다른 체인점에 비해서는 좌석 찾기 편한 곳이죠^^ 시원한 아이스 메뉴를 좋아하고 특히 프레츨이 맛있어요
4076323,4,,"다양한 프레즐을 판매하는 탐앤탐스!
꼭 들리면, 페페로니 프레즐이나 콘프레즐을 먹곤 하는데
단연 최고에용:)"
28913041,,,
9245776,4,,역에서 가까워서 좋은데 사람이 너무 많아요
9245776,5,,여러시간대에 방문해봤는데 늘 사람이 많아서 이용이 편하지 않습니다. 사람이 많더라도 관리가 잘 되는 매장이 있는데 여기는 파트너들이 1층에 상주하고 손님은 2층을 이용하는 구조라서 매장관리가 잘 되는 느낌이 아닙니다. 손님은 많고 관리는 잘 되지 않으니 테이블과 바닥이 깨끗하지 않아 사용하기 불편한 테이블이 많습니다. 당연히 음료 마시지 않고 이용하는 사람들도 많구요.
9245776,2,,"음료 샌드위치는 다른 지점과 같아서 이용하는데는 불편하지 않음.
하지만 쇼파자리는 쇼파가 오래되서 그런지 많이 갈라져 있음. 집에서도 이정도 상태면 다 갖다 버리는데...그것이 아쉬움"
9245776,5,,이벤트도 많이해서 좋음 매년하는 다이어리이벤트같이 매번 이벤트가있어 참여하는재미가있음 가격도괜춘
9245776,5,,집에서 제일 가까워서 자주 가는 곳 커피 맛이랑 서비스 좋고 다른 곳과 같아요. 만족합니다.
13084309,4,,"건물 전체가 연립빵집. 
넓은 공간 
다양한 빵
그리고 커피. 
연유식빵. 앙버터 등 요즘 핫한 빵들이 다양하게 구비되어 있고, 개인적으로 커피는 아메리카노보다는 플랫화이트를 추천!"
13084309,4,,이러한 종류의 카페가 대다수 그렇듯 빵과 커피의 가격이 비싸다. 하지만 분위기나 맛이나 상당히 괜찮은 편. 시그니처 메뉴 팡도르는 좀 먹기 성가시고 앙버터가 맛있다.
15674230,4,,간만에 방문한 브레드앤밀~! 이번에는 크랜베리 앤 호두식빵(5000원)을 사서 먹었는데 정말 맛있었어요. 크랜베리가 많이 들어 있어서 씹는 맛이 너무 좋네요~ 강추합니다
15674230,4,,재료를 모두 좋은 곳으로 쓰는 빵집이에요. 가격은 좀 비쌌지만 (6000원) 토스트기에 구워 먹으니 정말 맛있었어요. 커피까지 곁들이면 완전 안성맞춤이에요~!
3911397,5,,"스타벅스 명성답게 맛있는 커피를 즐길 수 있습니다.
지하철 2호선, 8호선 잠실역에서 가깝습니다.
직원들도 친절하고 매장도 청결하게 정리가 잘 되어 있어 좋습니다."
3911397,2,,"잠실역 근처에 스타벅스가 많은데 이지점만 유독 맛이 맹맹해요
회사가 잠실이라 근처 온갖 스타벅스 다가봤는데 여기만 물에 탄듯한 맹맹한 맛이 나네요"
3911397,4,,"커피나 케이크의 맛은 다똑같고, 이 지점은 유독 외국인이 많았다. 혼자 잠시 공부하기 위해 들렀는데 2층은 조용해서 혼자 머물다 가기 좋았음."
3911397,4,,사람 너무 많고 다 공부하고 있어요 ㅎㅎ 직장인들은 거의 테이크아웃 해가는거 같구요~ 1층보다는 2층이 그래도 덜 정신없어요~
3911397,4,,"다른 스타벅스도 마찬가지지만 여기는 유독 오래 앉아서 공부하는 사람들이 많은 것 같아요.
1층에 자리가 별로 없어, 2층을 이용해야 했어요. 
커피는 뭐 다른 스타벅스와 같고요, 역에서는 조금 먼 편이었어요."
3911397,4,,"늘 사람이 많아서 기다려야 하는 스타벅서
옆에 새로운 스타벅스가 생겨서 조금 줄었지만 그래도 좁은 공간이라 앉기는 힘듬.
계단을 이용해서 이층을 올라가야 앉을 자리가 조금 있음"
3911397,4,,"Seoul, Seoul, South Korea"
3911397,4,,좌석이 그리 많지는 않은데 나름 좋아요 쾌적하네요 잠실에 그나마 가까운 스타벅스에여 추천해요
3911397,4,,유동인구가 엄청많은 잠실인데도 생각보다 스타벅스가 없어서 이 곳을 이용할 수 밖에 없습니다. 롯데월드몰이나 잠실역에서 가장 가까운 스타벅스가 아닐까합니다. 그래도 2층까지 있어서 많은 사람들이 이용할 수 있어서 좋습니다. 잠실 특성상 외국인들도 많습니다.
3911397,4,,출근하면서 가끔 사이렌오더로 주문하는데요 아침세트 주문하면 따듯하게 데워주시고 매장네 md나 이런것도 많은 편이에요.
3911397,4,,"잠실역에서 스타벅스가 가까이에 있다는 점은 장점이지만, 주문할 때도 줄을 많이 서고 사람이 많아서 혼잡합니다. 하지만 친절하고 맛도 좋습니다."
3911397,5,,"잠실역 주변이라 늘 사람이 많지만 서비스는 친절합니다.
2층까지 있지만 좌석은 많지 않은 편입니다.
잠실역 트리지움 아파트 쪽에도 스타벅스가 있지만 걸어서 멀기 때문에 이쪽 지점이 방문하기 더 좋습니다."
3911397,3,,"사무실에서 가까워서 가끔 방문하는데, 생각보다 좌석이 많지 않고 2층에는 약간 도서관 분위기랄까 무척 조용합니다.
친절하고 좋습니다."
3911397,5,,"잠실에서 스타벅스 찾기가 좀 어렵지만, 잠실역 7번 출구로 나오면 한빛프라자 1층에 위치해 있어서 바로 찾을 수 있습니다.
1, 2층으로 이루어져 있고, 늘 붐벼서 자리 찾기가 다소 어렵지만 그 외 서비스는 좋습니다."
23846600,,,
9218485,3,,그냥 일반 탐앤탐스 매장인줄 알고 들어갔는데 가격대가 그냥 탐앤탐스보다 천원이상 높아서 알고보니 프리미엄 매장인듯 했습니다. 그런데 커피맛은 솔직히 잘 모르겠습니다. 그렇다고 인테리어가 뛰어나게 고급지지도 않았구요. 다음엔 별로 가고 싶지 않아요
9218485,3,,"분위기도 좋고 커피향도 좋고 맛도좋습니다
직원분들도 아주 상냥해서 
주문하고 받을때 기분좋아요!"
34359236,,,
9245565,,,
9245263,4,,"이것은 다양한 스타일의 좌석 공간이있는 대형 스타 벅스입니다. 코엑스 몰에있는 가방이 가득차면,이 스타 벅스에 들러야합니다. 금요일 밤 11 시까 지 개장하다."
9245263,4,,연유가 들어가있는 돌체라떼를 스타벅스의 여러 메뉴들 중에서 가장 좋아합니다. 삼성역  근처라 회사랑 가까워서 자주 가는 곳입니다. 직원분들도 친절하고 분위기도 조용하고 만족합니다.
18543598,,,
12909657,5,,"카페와 실내 장식품 상점 인 조용한 동네에 위치하고 있습니다. 편안한 좌석과 전반적인 따뜻한 분위기가 있습니다. 한 잔의 커피를 마시고 달콤한 아이스 라떼에 기뻐했습니다.
아주 좋은 미소!"
15513113,5,,"골목 안에 있어 처음에 찾아가기 쉽지 않습니다. 석촌역에서 멀지 않고 충분히 걸어갈만 합니다. 

빵 맛은 정말 놀라울 정도로 맛있습니다. 
빵자체도 맛있으나 즉석에서 만들어주는 바게트 샌드위치나 호도무화과깜바뉴, 버터 브레첼도 맛있습니다. 

개인적으로 가장 추천하는 빵은 화이트 치아바타입니다. 

다소 골목 안에 있어서 찾기가 좀 어려운 아담한 빵집. 하지만 일부러 찾아가서 빵을 사서 먹는 곳이네요."
13778660,1,,"여기 리모델링 하기 훨씬전 부터 회사 미팅있거나 일있으면 하루에도 몇번씩 가던 이수역로스팅 점이었는데 리모델링 후로 가관이네요 
오늘부로 다시는 안갈듯 하네요 바닐라라떼를 시키고 고객하고 말하면서 반을 마셨는데 계속 달지도 않고 바닐라냄새도 안나서 숟가락으로 섞었는데 그래도 우유랑 아메리카노맛밖에 안나고 마침 약속도 잡혀서 조금만 있다 가려던 참에 일어나서 

사장님 이거 바닐라 라떼 아닌거 같은데요 말하니까 냄새나는데요? 내가 바닐라 넣었는데 ? 이러더라구요 
아니 혀가 없는사람도 아니고 들어간걸 안들어갔다고 하겠나요? 그게 그렇게 실갱이 할일인지도 모르겠고 아니 먹어보라고 하니까

손님이먹던걸 어떻게 먹느냐며 있는인상 없는 인상 다 쓰더라고요 어이가 없어서 아니 그러면 이게 잘못된건지 안된건지 어떻게 아냐고하니까

냄새 안나세요? 바닐라냄새 안나냐고  아니 계속 먹다온사람코에 그걸 갖다 댑니까? 그러다 인상쓰면서 

뭘 원하냐고 하더군요 ㅎㅎㅎ 제가 커피 한잔 더 얻어먹자고 이러겠습니까? 아님 그돈 환불받을라고 그러겠어요? 무슨 그런사람이 카운터에 서있는지 나이도 있으신분 같은데 얼마나 잘되는지 보겠습니다. 방배동30년넘게 살면서 그런사람 처음보네요 뭘 원하냐고요? 나도 장사하는사람이지만 그냥 실수인정하고 사과하면 갑자기약속잡혀 갈참이었는데 한잔다시준데도 안받아 처먹습니다. 

세상사람을 거지로 보면서 사는거 같은데 그 표정 잊혀지지가 않네요 
전국에 커피나무 카페만 봐도 계속 생각날거 같네요 카페골목에도 하나 본거같은데"
13778660,4,,"이수역이랑 가까워서 위치가 좋고, 휠체어 이용자도 사용 가능하다. 문제는 화장실을 이용하려면 계단을 올라가야 한다. ㅠㅠ 창이 넓어서 채광 좋고 좌석 간격도 넓은 편이라 쾌적한 곳이다."
33287044,,,
9003739,3,,요즘 할리스가 넓고 쾌적한 매장이 많은데 분위기가 맘에 들었어요. 따뜻한 아메리카노 한잔과 쿠키랑 잘 어울리네요. 시간보내기 좋아요.
9003739,3,,"이것은 바쁜 쇼핑몰의 전형적인 커피 숍입니다.
커피와 차를 어리둥절하게 선택하는 대신 오히려 음식을 내려 놓으십시오.
내 croque monsieur는 빵과 별개로 모두 좋았습니다. 부드러운, 흰색과 맛.
어쩌면 유럽은 빵을 더 잘하지만 어쨌든 정말 실망 스럽습니다."
9003739,4,,"점심 먹고 가곤 해서 기분 탓인지 모르겠지만 분위기가 상당히 괜찮습니다. 정숙한 분위기는 아니지만. 이만한 조건이면 음료가 좀 아쉬울 수 있지만, 전혀 그렇지 않습니다."
9003739,4,,코엑스몰 안에 있어요. 매장이 넓고 인테리어가 산뜻해요. 빨간색 포인트가 예쁜듯. 커피는 시지 않아서 좋고 식사메뉴도 있어요
9003739,5,,할리스가 투샷이라 진합니다 트레이드 타워 건너편이고 길쭉한 의자등 앉을 곳이 많습니다. 허니바게트 맛있어요
9003739,5,,"현장 회원 가입만 하면, 바로 업그레이드"
9003739,5,,"코엑스 몰에 있는 커피숍 중에 내부가 넓은 편이라 여유있게 커피를 즐기기에 좋습니다. 커피맛은 다른 매장과 동일하니, 여유있게 즐기고 싶은분들 오세요."
9003739,3,,근처 많은 커피집이 있지만 줄이 제일 짧아요.
9003739,3,,"많은 체인을 보유한 무난하게 갈 수 있는 곳입니다.
코엑스에서 많이 걷다가 들어가서 쉬기 좋아요."
9245404,5,,점심시간엔 자리잡기가 어려워요 직장인들이 많아서 ㅠ 화장실도 내부에 있고 깔끔해서 자주 이용합니다.
9245404,4,,회사근처라서 자주가요~ 점심시간엔 늦게가면 자리 없지만 비교적 스텝들이 친절하고 좋아요 :) 아 단점이 있다면 의자가 (쇼파) 낡은게 좀 있어요 ㅠ
9245404,3,,저녁식사 후에 커피를 마시고자 방문했는데 주변에 큰 상권이 없어서 그런지 조용한 분위기여서 좋았습니다. 초창기에 지어진 스타벅스여서 그런지 다소 올드한 분위기였지만 나름 깔끔하고 좋았네요.
15559542,5,,"한약방과 함께 운영되는 곳이예요
카페에서도 간단한 약재 포장해서 팔고 말린 대추 구기자 이런걸 팝니다

일단 메뉴판 말고 자기 체질을 확인해서 거기에 맞는 메뉴 시킬수 있게 자가진단 시트 하나 주는데 재미도 있고 좋아요
빙수랑 인절미로 만든 디저트 종류 있는데 그거 추천해요
티는 다 무난.

몇년전부터 다니는 곳인데 일본인들한테 히트쳐서 한동안 일본인 관광객이 많았는데 요전엔 조용하더군요"
11832252,5,,"디저트 맛있어요~ 쑥으로 만든 케이크를 먹었는데 괜찮더라구요. 홀케이크도 주문2-3일 전에 예약하면 가능한데 1호가 35,000원 2호가 38,000인가 40,000인가 그랬던 거 같아요."
11832252,4,,"처음 방문했을때보다 베이커리가 다양해졌다. 카페 가치와 더불어 녹두거리, 고시촌 동네에서 탑3 안에 드는 카페가 아닐까 생각한다. 커피와 빵을 동시에 잘하는 손꼽히는 카페다."
11832252,4,,"탈고시촌느낌의 카페. 3층으로 되어 있고 고시촌카페답지않게 수다떠는 사람이 많은 분위기. 다양한 베이커리와 케이크, 그리고 음료 준비되어 있어서 괜찮다. 베이커리나 케이크류는 대개 뭘 시켜도 평타는 함. 아메리카노는 내 취향은 아니었다."
11832252,4,,홍대느낌?의 카페구요 조용하고 분위기 좋습니다. 케이크와 홍차가 메인이고 말차케익먹었는데 맛있었어요
11832252,4,,고시촌답지 않은 분위기의 베이커리 카페 발루토
15154568,4,,"카페 분위기도 좋고, 커피와 빵도 맛이 있어서 친구가 오거나 하면 가끔 방문하는 곳이예요. 복숭아 빙수도 맛있다고 해서 곧 또 방문하려구요. 추천합니다."
15154568,5,,"골목길에 뜬금없는 한옥집이 있어서 들어갔는데, 왠걸. 빵도 정말 맛있고 커피도 훌륭했습니다. 
특히 크로크무슈가 푸짐하고 정말 맛있었어요.
한옥을 개조하여 센스 있게 재구성한 인테리어도 개인적으로 참 예뻤고, 직원분들도 아주 친절하셨어요. 여기 땜에라도 양평동에 다시 가보고 싶습니다."
15154568,4,,"양평동 골목길에 위치한 맛있는 빵집
밤이 통째로 들어있는 밤식빵이
참 맛있네요~ 숨은 맛집인듯해요
다음 산책에도 찾아갈거에요~"
33347328,5,,프렌차이즈가 지겨울때 갈만한 감성있는 개인카페
4029029,5,,"아름다운 커피 가게 (할 체인 한국) 에서는 다양성의 괜찮은 커피를 즐길 수 있는 것은 미국에서, 없이 할 수 있는 크기의 태도와 이름. 에서 커피를 드립 가져오기, 여기에 다양한 다양한 볼. 할 수 있는 사람들을 위한 작은 상자같은 담배 흡연 라운지도 하나의 카페인. 많은 음식,그리고 전형적인 미국인 관광객, 걱정 하지 마세요, 2개국어를 구사하는 직원들이라도 하지 않습니다. 서울 중심부에 의해 점적약제 때에는, 및 연료 를 위한 합리적인 가격. 확실한 5성급 호텔인 경험."
4029029,3,,쿠잉 레드벨벳 케이크와 바닐라카페라떼 주문해서 먹었어요. 쿠잉 레드벨벳케이크는 크림치즈맛이 맛있었어요. 바닐라 카페라떼도 달달하니 맛있었어요.
4029029,4,,"커피도 맛있고 분위기도 좋고, 무엇보다도 애들이 스무디를 너무나도 좋아해서 자주 옵니다. 엔제리너스 다른곳도 마찬가지로 넘 넘 좋아요~~"
4029029,4,,어딜 가시든 이 커피숍 보실 수 있을 꺼예요
9341167,4,,"브라우니가 맛있는 집입니다.
전에는 브라우니를 피스로도 팔았는데, 지금은 홀케잌으로만 판매하는 것이 좀 아쉬움.
커피는 원두를 바꾸었다고 하는데 , 전에 맛이 더 좋은 것 같다. 케잌에 문구와 그림을 넣어주는 것은 좋은 것 같다."
9341167,5,,"재미있는 모양의 디저트들이 인기가 많습니다.
특히 브라우니를 시키면 크림을 짤주머니에 주는데, 그걸로 그림도 그리고 글씨도 써 보는 재미가 있습니다."
4029733,4,,"역바로근처에 있어서 닿기가 편하고
지하철에서 버스 갈아탈때 시간보내기도 좋아서 종종갑니다.
매장도 넓직하고 위치도 좋아서 꾸준히 가기 좋아요
그리고 지하철과 가깝지만 시끄럽지않아서 좋고요"
4029733,3,,"개인적으로 이디야 커피 자주 들립니다.
여기는 매장이 이디아 치고 넓고 자리도 넓습니다.
가격도 만족하고요. 다만 더 이상 가격인상은 그만"
4029733,5,,"당산역 10번출구 나오자 마자 바로 있어서, 종종이용합니다. 날 더운데 멀리있지 않아서 지하철을 이용하여 이동할때 자주 이용해요~ 역 바로 앞이라 찾기 쉽기도 하지만, 지하철을 이용하지 않으면 구석진곳이라 찾기 어려울 수도 있어요. 조용한 커피숍을 원하시는 분들에게 강추합니다. 아이스아메리카노랑 아이스까페라떼 맛있어요."
4029733,4,,문래동 GS 본사 근처에 있는 이디야 문래점이다. 근처에 스타벅스를 비롯한 대형 프랜차이즈 커피 전문점이 있으나 가격대비 맛이 괜찮은 이디야에 방문했다. 깔끔한 인테리어와 무료와이파이 제공한다.
4029733,4,,주말에 방문하였는데 지에스샵 본사 근처에 있어 주변 환경이 정비되어 깔끔합니다. 주말엔 조용하여 붐비는 것을 좋아하지 않는 분들에게 좋은 카페입니다.
24894045,,,
34198572,,,
9245359,4,,"하이브랜드몰 근처에는 좋은 식당이나 카페등이 없다.
그런데 군계일학이랄까? 표현이 과하지만 근처에 갈만한 곳이 없어서 그런지 이곳은 사막의 오아시스처럼 반가운 곳이다.
드라이브스루는 아니지만 요즘 T맵을 이용해 선주문해서 테이크아웃하면 그 또한 좋은 이용 방법이라 할 수 있다."
9245359,4,,하이브랜드 건물 1층에 있어요. 생각보다 내부가 그리 크진 않았어요. 저는 아이스아메리카노 테이크아웃 했는데 시원하고 고소하고 좋았어요.
15635072,4,,카페메뉴 12회 도장 획득시 벤시몽 신발을 주는 쿠폰 프로모션
9245657,5,,"장 볼때 한 번씩 갑니다
스벅 매니아로서
너무 좋아요
요즘은 더블샷에 빠져서 ㅎㅎㅎㅎ

기본 아아 도 좋지만
더블샷 제일 좋아요~~~~"
9245657,4,,성수동 이마트 건물 2층에 있어요. 주말이라 사람이 좀 많고 느긋하게 앉아있을 분위기까진 아니었어요. 늘 먹는 커피는 좋았습니다.
9245657,5,,이마트 2층에 있어서 접근성이 좋고 쇼핑하고 커피와 맛난 케이크 먹으면서 수다떨기 좋은 곳 입니다.
9245657,5,,이마트 성수점 2층에 위치하고 있어서 이마트에서 쇼핑하고 커피한잔하기 좋습니다.  커피와 맛난 케이크..특히 티라미슈 넘 넘 맛있습니다.
9245657,4,,"국내에서 뿐만 아니라

다른 나라에서도 안심하고 들리는 커피 체인점입니다

딱 가격만큼의 만족을 하는 곳입니다"
9245657,4,,크로무슈와 라떼가 맛있어서 자주 들려요. 파트너분들도 주문받을 떄 친절하고 요청하는 사항 대부분 잘 반영해 줘서 늘 만족해요. 따끈하게 데운 크로무슈에 라떼 한잔하면서 쉬어가기 좋은 곳입니다.
9245657,4,,"집 가까이에 있어서 더 좋은 스타벅스^^
이번달엔 생일 무료 쿠폰이 들어 있어서 더 좋음. ㅎㅎ
생크림 카스테라와 아메리카 한잔이면 세상 부럽지 않아요.  4.900원에 600칼로리에 육박하지만 생크림 카스텔라를 포기할순 없죠. ㅎㅎ
생일 쿠폰 사용하러 고~고 해야겠어요."
9245657,4,,"역시 이마트안에 있어서 접근성이 좋고 커피외에 다양한 케이크, 빵, 샐러드, 음료가 있어서 간단하게 식사를 해결하기에 좋습니다."
24118692,,,
3927516,,,
13975527,4,,"매장규모가 작아서 편하게 오래 머무를 카페 느낌은 아니고 
간단히 밀크티 한잔 하기 좋습니다. 다른 메뉴도 있는데 아마스빈은 밀크티 메뉴가 가장 괜찮은 것 같습니다. 밀크티 드실 때는 꼭 아이스로 추천합니다. 겨울이라 이전에 따뜻한게 주문했더니 맛을 잘 못내시더라구요... ㅜ"
13975527,4,,음료와 약간의 밀가루 반죽을위한 작은 카페. 도시의 매우 바쁜 비즈니스 지역에 위치하고 있습니다. 따뜻하거나 차가운 음료수를 마시는 것도 가능합니다. 가격은 비슷한 비슷한 장소보다 적습니다. 과일 쉐이크는 맛있습니다. 서비스 직원은 친절합니다.
14396206,3,,"나는 우리가 근처에서 점심을 먹고 난 후에 원래이 작은 차 찻집에 친구와 함께 갔다. 찻집은 그것이 실제적으로 그 이상인 것을 시도한다; 그것은 1 층에서 차를 파는 것이지만, 차를 진지하게 먹고 싶어하는지 또는 그 모양을 보여 주려고하는지는 알 수 없습니다. 그것은 2 층이며 장식은 미니멀 화이트입니다. 2 층은 2 층 중간에서 끝나는 원형 계단으로 접근 할 수 있습니다. 지역 위층에는 다양한 좌석 배치가있어서 잠시 동안 친구와 함께 스스로를 심어 둘 수있는 좋은 장소가되었습니다. 차 자체에 관해서는, 내가 도시를 통하여 다른 커피 / 차 상점에서 발견 할 것 인 것와 더불어 그것은 목표에 꽤 많이 있었다. 나는 멋진 복숭아를 거의 가지고 있지 않은 멋진 복숭아 아이스 티를 마셨다. 대체로, 혼자서 또는 친구와 함께 시간을 보내는 좋은 장소."
14396206,3,,"tea를 메인으로 취급하는 카페인데, tea보다는 커피가 더 맛있습니다. 저는 tea, 커피 둘다 좋아하는 사람이라 커피를 딱히 더 선호하는 편은 아니거든요.  패키지나 매장의 분위기는 참 좋았으나 tea 전문이라고 하기에는 좀 아쉬웠습니다."
10122320,4,,"최근에 식당 자리에 카페가 들어 왔는데, 조용하고, 커피맛도 좋다. 가격도 적당하고, 빵도 직접 만들어서 팔고 있다. 이인근 지역에서는 가장 맛있는 곳인 것 같다."
9245768,4,,따뜻한 라떼를 친구와 마셨던 일반적인 스타벅스 매장입니다. 방이역 사거리에 있어요. 분위기도 쾌적하고 수다떨기 좋았어요.
9245768,4,,방이역에 있는 스타벅스입니다. 매장이 비교적 널찍하고 쾌적한 편이어서 좋았습니다. 커피맛은 어느 스타벅스 매장을 가도 같네요.
9245768,5,,"스타벅스 방이역점이다.
2층매장이고 언제나 사람이 많은편 그럼에도 불구하고 파트너들도 친절하고 매장관리도 잘 되는편이다."
23581471,,,
15815365,4,,"정확히 말하자면 카페가 주는 아닙니다. 
로스팅 하는 매장에서 카페를 겸사겸사? 운영한다고나 할까요?
장소도 카페가 전혀 있을법 하지 않은, 큰길가에서 떨어진 골목 구석에 위치해있어 딱 아는 사람들만 갈 수 있지 오다가다 발견하는 곳은 아니예요.
다양한 국가의 커피를 핸드드립으로 마실 수 있습니다. 
저는 그냥 라떼파라서 라떼를 시켰고 함께 간 바리스타 친구는 핸드드립을 주무했습니다
친구말로는 그 커피원두를 추출하는 핸드드립 방식이 정식은 아니라고하네요.   일반인들 입맛에 맞추기 위해 커피의 양을 늘렸다고..? 
아무튼..전 뭐;;괜찮았습니다.  
로스팅 소음은 있지만 손님들은 거의 없기 때문에 북적이지 않은 분위기에서 여유롭게 커피를 즐기고자 할때 좋은 곳입니다."
9141950,3,,따뜻한 분위기에 가성비도 괜찮은 체인점 카페입니다. 매장은 아담했지만 사람 별로 없어서 앉아있기 좋았습니다. 커피도 좋았어요
9141950,4,,"아주 저렴하게 커피 한잔 할 수 있는 카페 입니다.
작은 홀 안쪽에 또 자리가 있어 보기보다(?)는 자리가 많은 편입니다.
커피 맛도 나름 괜찮습니다."
10241226,5,,"충무로의 카메라 골목에 위치해있고 카페와 갤러리를 겸하고 있습니다. 
옥키라떼는 연유를 사용한 라떼인데 많이 달달합니다. 
사진들이 전시되어있고 아늑한 분위기가 아주 좋습니다.
셀프드립은 3000 원부터 가능하니 가격도 아주 착합니다"
10241226,5,,허니레몬티를 시켰는데 쿠키조각도 함께 주셨다. 갤러리 카페라서 사진이 전시되어 있고 인테리어도 잘 되어있다. 케이크와 포켓몬 마카롱도 판다. 분위기가 정말 좋은 카페다.
10241226,5,,"좁고 허름한 계단을 올라가니
멋진 공간이 나타났음. 
크지는 않지만 편안하게 시간을 보낼 수 있음. 
핸드드립 커피와 수제 케익이 매우 훌륭함."
8904053,5,,"롯데월드몰에 베라가 없어서 아쉽다.
프렌차이즈 인데다가 매장에서 제조하는것도 아니기때문에 맛은 균일
기프티콘 사서 방문하면 좋다"
8904053,4,,"민트초코, 체리쥬빌래, 아몬드봉봉 추천합니다. 체인점이여서.. 뭐 앉을수있는 좌석도 있고, 직원도 친절해 종종 방문합니다."
8904053,5,,생일케익을 구매하러 갔습니다 케익들이 너무 이쁘고 맛있어요
26828039,5,,"너무 맛있어요!
사장님도 너무 친절하고 영어도 잘하셔서 너무 편했어요.
빵은 한국에서 먹어본 휘낭시에 중에서 최고였어요."
9245728,4,,쌍문역 바로앞에 있는 스타벅스 입니다. 평일 오전이어서 별로 붐비지 않아서 좋았습니다. 베이글하나랑 커피한잔 좋았습니다.
9245728,4,,쌍문역 1번출구 앞에 있어요. 위치는 좋은데 매장이 그리 크지는 않아서 사람은 좀 붐비는 편이었어요. 따뜻한 아메리카노 한잔 테이크아웃했어요
9245728,4,,"2층공간이 넓어서

사람 많아도 대부분 자리는 있습니다

주말만 피하면 비교적 한적하게 이용할 수 있습니다

서비스나 맛은 역시 어딜가나 비슷하죠 스타벅스니깐요"
9245728,4,,도봉구에 흔치않은 스벅으로 평일에는 조용해 가기좋다 주말에는 사람이 많은편이다 여느 스벅과 다름없다
9245728,4,,"Seoul, Seoul, South Korea"
9245728,4,,"도봉구 지역에 흔하지 않은 스타벅스로, 주말이 되면 항상 사람이 많은 편입니다. 커피 맛은 다른 스타벅스와 별반 다르지 않은 것 같습니다."
23823919,,,
17439942,4,,간만에 간 팔공티!!! 주문할때 당도를 꼭 말해야 하는데 50%가 딱 적당한 거 같아요~ 2000원으로 가성비가 참 좋아요. 스탬프도 찍어주니 다 모으면 무료티를 주니까 정말 좋네요!!!
17439942,3,,오래간만에 간 팔공티에 보통 당도50을 이야기했는데 오늘 깜박하고 이야기를 안했더니 엄청 달게 주셨어요. 꼭 원하는 당도를 주문할때 이야기하세요. 너무 빨리 나와서 어쩔 수가 없었네요.
17439942,5,,팔공티를 모르고 공차만 갔네요. 이대앞에 있는 팔공티 블랙 밀크티를 마셨는데 가격이 2천원이었어요. 가성비가 정말 갑이에요. 주문하실 때 당도와 얼음은 미리 말해야 해요. 맛도 최고였어요.  이제 팔공티만 가렵니다~
9112010,5,,우리가 갔을 때 전체 oa 일요일 저녁 되지 않았습니다. 서비스는 훌륭했고 음식은 대부분 enjoyablr.
9112010,5,,"우리의 웨이트리스 린 은, 그녀는 아주 친절하고 도움이 많이 되었습니다! 음식은 맛있고 좋은 가격 대비 가치가 좋은 부분의 크기. 다시 꼭 올 거에요."
9112010,5,,"훌륭한 음식, 친절한 직원들. 강력하게 추천합니다. 처음 방문한 나는 실망하지 않았다."
9112010,5,,"벨라 이탈리아를 방문 했고, 오래 된 양조장, 카디프, 대한 의 25th 6월 2016, 했는데 서비스가 인상적이다. 또한 새로 추가된 벨라 이탈리아 췌인. 우리의 웨이트리스, 린, 절대적으로 뛰어난 이었다. 정말 열정적인 그녀, 행복한, 도움이 되었다; 수년 동안 경험한 최고의 서비스였습니다. 맛있는 음식: 라비 생선, 생선 파스타, 디저트 의 선택 및 가격 대비 훌륭했다. 또한 훌륭한 경우 테스코 쿠폰!"
9112010,5,,"이는 최근 노내로 벨라 이탈리아 ""브루어리 쿼터"" 건물 중심에 카디프. 내 딸을 사랑하는 벨라 테이블을 예약했는데 확인해서 토요일 점심 시간. 이 레스토랑은 정말 좋은, 제가 선호하는 모든 현대적인 목재 및 파랑 채널 및 빨강 달금쇠. 서비스는 훌륭했고 우리 8살짜리 딸을 특히나 사랑스러운 서버. 저는 꼭 여기 다시 갈 것입니다. 음식은 훌륭했고, 파스타와 사랑스런 마르코 폴로 frescato. 쉽게 찾을 수 있는 사이, 키가 큰 파란색으로 칠해진 건물의 레스토랑 정보를 포함하는 모양. 즐길 수 있는."
14767964,5,,"매장이 정말 넓고 손님이 많습니다.
그래도 기다리는 시간이 별로 안 길고 괜찮습니다.
소파도 많고 그냥 테이블과 의자도 많아 편하게 커피를 즐길 수 있는 곳입니다!"
15674326,4,,"주택집을 개조한 이곳은 지하가 카페입구다!
큐브아메리카노, 아이스아메리카노, 티라미수케이크 시켰는데 에스프레소 부워먹는 케이크 대바아아악ㅋㅋ 달콤쌉쌀이 요럴때 쓰는구나 싶었다. 늘 와보고싶었는데 2층은 너무 독서실같이 조용한 분위기였고... 분위기는 쏘쏘햇다"
15674326,4,,뚝섬역과 서울숲 근처 아기자기한 카페. 골목 안에 위치해서 찾아가기가 쉽지는 않음. 외관도 예쁘지만 내부도 구경하고 사진찍기에 좋음. 화장실도 깨끗한 편.
15674326,5,,"C (18.12.24)
나와 내 친구가 점심 식사 후에이 카페를 방문했다. 이 카페는 개인 주택에서 재건되었다고 생각합니다. 대기와 내부는 우리에게 훌륭했습니다. 서비스는 문제가되지 않았습니다. 커피는 골동품 분위기로 우리에게 좋았습니다. 우리는이 카페에 만족했다."
9143967,4,,"카페는 강남역 출구 번호와 인접 해 있습니다. 9 번 교차로 강남대로와 서초 대 로역. 그 자리는 매달려 있고 긴장을 풀 때 아주 좋습니다. 강남 스타일 코너가 카페 바로 앞에 있습니다.
객실은 매우 아늑하고 편안하고 위층에 방이 있습니다."
9143967,5,,생각보다 가격대가 좀 있어서 놀랐지만 분위기도 좋고 커피도 생각보다 맛있었습니다. 와이파이도 빨라서 좋았습니다.
9143967,4,,강남역 근처에 있고 사람들이 많이 찾는 카페죠. 커피랑 다양한 메뉴가 있는데 양이 푸짐해서 좋네요.
9143967,4,,"강남역 바로 앞에 있어서 찾기가 쉽고
대신 자리가 없음.
커피 양 많은건 진짜 박수쳐줄 만 한데
다른 곳에 비해서 싼 가격도 아니고
케익이랑 음식이 맛있다고는 못 느꼈다."
9143967,4,,젤라또 아이스크림이 맛있었는데 요거트가 들은걸로 시켰었다. 다만 가격이 6200원이었나.. 가격이 좀 비싸지만 맛있었다
33219175,,,
14149215,4,,아담하지만 전문 바리스타가 훌륭한 커피를 내려주는 곳이다. 시그니처 메뉴는 블랑 M인데 모카맛이 나는 단 커피다. 아인슈페너도 아주 훌륭했다. 저녁엔 맥주를 파는 바로 변신하는 재밌는 카페다.
28654048,,,
24096602,,,
7748078,4,,"Seoul, Seoul, South Korea"
7748078,4,,이 곳에서 커피를 드신다면 다른 체인점식의 커피매장은 안 가게 되실지 모르겠습니다. 커피 한잔에 이렇게 많은 정성을 들이는 곳은 처음이네요. 커피의 맛도 상당합니다~
7748078,4,,"Seoul, Seoul, South Korea"
7748078,5,,"백발의 멋진 바리스타께서 늘 최고의 커피를 손수 내려 주십니다. 어떤 원두든 맛있지만 그 달의 추천 원두가 늘 가장 좋았던 것 같아요.
직접 만드시는 쫀쫀한 생크림을 듬뿍 얹어 주시는 비엔나 커피도 엄청나게 맛있습니다."
7748078,3,,가게 주인이 자부심을 가지고 정성스럽게 커피를 내려줍니다. 비엔나 커피는 서울에서 최고라고 생각해요.
13346965,5,,"길가다 우연히 들렀다가 너무 맛있어서 
정신차리고보니 컨시어지 멤버십 까지 🤗 
10년차 바리스타 사장님의 손맛이 인증합니다.
연희동을 밝히는 커피맛입니다."
13346965,5,,"우연히 방문했는데 끝내주는 맛에 감탄하고 갑니다. 연희동에서 10년넘게 살았는데 커피맛은 이 근방에서 단연 최고입니다. 
생기지 얼마 안되서 아직 유명하지는 않지만 앞으로가 더 기대되는 카페입니다."
9245624,5,,매번 사람이 많아서 보통 테이크아웃 해서 먹지만 직원들 친절하고 수유역이랑 가까이 있어서 접근성이 좋다 대신 주차는 안됨
9245624,4,,"간단히 친구 기다리기 애매할때 가끔가는데
깨끗하고 괜찮은 체인커피숍이 없어서 그런지 스벅은 항상 사람 많아요
조금 옆으로가면 구청사거리에 크게 스벅 또 있어서
커피마시러갈땐 거기가 더 좋아요"
9245624,4,,수유역 2번출구 바로앞이에요. 워낙 사람 많이 다니는 길이라 매장도 붐벼요. 인테리어는 분위기 좋은데 여유롭게 앉아서 차마시기는 좀 그래서 커피 테이크아웃했어요.
9245624,3,,"대부분 스벅이 그렇지만 수유역은 사람이 항상 많아서
자리잡기가 힘들어서 아쉬워요 매장이 좀더 넓었으면 좋겠어요"
9245624,3,,"Seoul, Seoul, South Korea"
9245624,4,,스타벅스 카드로 결제시 샷이나 시럽하나 무료입니다. 스벅 앱깔아서 충전해서 드세요. 엘지나 kt로 사이즈업도!
9245624,3,,"수유역과 가까워서 늘 사람들이 많고 테이블간 거리도 좁아요.
그래도 스타벅스 커피를 마시려면 이 근처에서는 여기 밖에 없답니다.
좁은 매장에 비해서 직원들도 많아 음료는 빨리 나오고요~~~"
9245624,4,,"스타벅스 매장으로 작지만, 진짜 스벅 특유의 아이스아메리카노는 진짜 너무너무 맛있어요. 항상 친절한 서비스는 기분 좋게 만들어서 가장 선호하는 카페입니다"
17395929,5,,"CYC + G (19.04.27)
나는이 카페에서 마카롱을 샀다. 카페는 귀엽고 화려한 분위기를 가지고있었습니다. 직원들은 매우 친절했습니다. 이 카페는 마카롱 전문점이었고 다양한 마카롱을 표시했습니다. 마카롱은 귀엽고 예술과 같았습니다. 맛은 우리에게 좋았습니다. 가격은 합리적이었다."
26296655,5,,비오는 날 크립토소사어티 카페에 방문했어요 분위기 좋은 카페에서 맛있는 라떼 먹어서 기분이 좋았어요 직원분들도 친절하시고 화장실이 내부에 있어서 편리했어요 날이 화창할 때도 다시 방문해보고 싶네요
28149630,,,
23285214,,,
4075861,5,,"일반 테이크 아웃 가게보다는 높은 퀄리티다. 본사차원에서 점원들 교육도 잘 되어있고, 다른 가게들 보다 청결하다. 그리고 여타 카페에 비해 가격도 저렴하다"
4075861,3,,시청근처에서 저렴한 커피를 즐기기에 좋다
4075861,5,,"테이크아웃 하기 좋은 저렴한 이디아커피
가격대비 맛도 좋구 도장도 적립해줘서 좋은거 같아요."
4075861,4,,"개인적으로 가격대비 커피맛이 젤 좋은거 같아요. 이디야 카페라떼는 최고입니다.
라지로 사도 다른전문점 가격이니 아주 만족스럽습니다"
26851160,,,
14167520,4,,외부에서 봤을때 건물이 굉장히 크고 인테리어도 고급스러워보여 들어가게되었어요 커피주문을 하고 자리를 찾으러 윗층으로 올라갔는데 사람이 많이 편한자리가 없었어요 테이블과 의자가 편한편른 아니었어요 소파나 편안한 좌석에서 여유롭게 커피를 즐기고싶다면 추천하지 않아요
14167520,3,,"Seoul, Seoul, South Korea"
5979719,,,
9245633,3,,늘 사람이 많아서 자리 잡기가 쉽지 않습니다. 매장도 생각보다는 안쪽으로 넓지 않고 플러그 이용하는 자리는 거의 항상 만석입니다.
9245633,3,,신촌의 연대앞 스벅이다. 스벅은 늘 사람이 가득차있지만 이곳은 공부하는 젊은이들로 자리잡기가 어려우니 주의하라. 분위기는 조용한편이다.
23983372,,,
15051475,5,,"연남동쪽에 위치해있어요.
매장안은 협소해요, 딱 두명이서만 앉을 수 있는 테이블이 몇개 있는 정도입니다
매장밖에도 자리가 있으니 따뜻한 계절엔 괜찮을 거 같구요.
플랫화이트 4500 원으로 진하고 맛있고, 드립커피도 5000 원으로 저렴한 편이예요.
사장님도 친절하십니다."
23854620,,,
9245914,1,,중장년 손님들이 부부싸움도 하고 사업얘기도 크게합니다. 크게 웃기도하는 사람도 있네요.  시끄러운 노령층이 다른 매장에 비해 상대적으로 많은 것 같습니다. 직원이랑 얘기하는데 작은 소리로는 잘 안들릴 정도입니다. 절대 비추입니다.
9245914,4,,"공덕 쪽이 교통이 편리해서 일단 나와서 카페 있나 찾다가 들어간 곳
스타벅스라면 어느 매장이든 무난하게 비슷한 수준으로 괜찮은 것 같음"
9245914,5,,"일반적인 스타벅스이며, 어느 지역을 가나 깔끔하고 같은 커피 맛을 느낄 수 있어 만족스럽습니다.
위치 또한 편리한 곳에 있습니다."
9245914,4,,이 스타 벅스는 주요 지하철역과 호텔 근처에있어 매우 편리합니다. 쾌적한 직원이있는 전형적인 스타 벅스 음식 / 음료를 제공합니다.
9245914,4,,낮에도 밤에도 항상 사람많아 붐비나 공덕역 근처 대로변이라는 위치때문에 자주 가게 되는 곳
9245914,4,,"근처 비즈니스 손님으로 항상 붐비는 곳.
스타벅스 모바일상품권을 가져가도 편하게 쓸수 있는 지점입니다.
파트너에 따라 다르지만 프라푸치노를 잘 만드는 스타벅스 지점중 하나."
9245914,4,,날씨 좋은 날 걷다가 잠시 들렸네요. 천장이 높아서  매장 분위기도 괜찮습니다. 인테리어가 조금 바뀌어서 좀 더 넓어 보이네요.
9245914,4,,스타벅스야 체인점이니 어딜 가도 메뉴나 맛은 동일해서 규모가 좀 넓거나 교통이 편리한 것을 선호하는데 마포점은 단층이라 공간이 많이 넓은건 아니지만 중앙 버스정류장 바로 앞이라서 좋아요~
9245914,3,,"위치적으로 좋고, 다른 매장보다 한산한 편이어서 여유있게 커피 한잔 할 수 있는 곳입니다. 가끔 브런치 먹으로 애용하기도 하고요."
9245914,5,,"카페도라토가 스타벅스로 바뀐 곳입니다. 위치도 좋고, 무엇보다 매장의 천장이 높고 창도 넒어서 좋았던 곳인데 스타벅스로 바뀌면서 커피맛도 좋아졌습니다. 시간있을 때 종종 책 한권 들고 방문하는 곳입니다."
17546736,5,,"C (19.05.29)
나와 내 친구가이 카페에서 채터 링을하고 커피를 마시 러 갔다. 카페의 인테리어는 독특하고 현대적이며 아름답습니다. 테이블 사이의 공간이 넓어서 말하기가 불편하지 않았고 음악 머신을들을 때마다 테이블마다 위치했습니다. 커피는 우리에게 좋았습니다. 서비스도 좋았습니다."
13222008,4,,"Seoul, Seoul, South Korea"
10501157,4,,"망고빙수가 여름 주력메뉴인듯 하여 셋이서시켜먹었다 다른지점도 해당사항인지 모르겠지만 1인 1메뉴라고 명시되어있는데 망빙은 3인으로 쳐준다
그런데 가성비가너무.... 양은 적은데 17,000원이다...이가게 시그니쳐라할수있는 조각 초코케익 한입만큼 주기는 하는데 이런서운한마음을 달래기에 좋다"
10501157,4,,"Seoul, Seoul, South Korea"
9245944,4,,이마트 내부라 복잡하지만 커피 맛 좋아요
9245944,4,,"이마트 내에 있는 스타벅스입니다. 
내부 테이블과 의자가 몇 안되어서 사람들 몰릴 땐 자리가 없어요. 하지만 쇼핑하다가 편하게 쉬어가기 좋습니다."
9245944,5,,"이마트 매장이라 그런지 항상 사람들로 붐비고 대기시간이 있지만
스타벅스 커피맛이 좋아서
쇼핑후에 한잔씩 마실수 있어요"
9245944,5,,"매장이 조용하고
주말에 한가할때 커피음료 시켜놓고 여유부리기 좋아서 자주 찾는 곳이에요~~~"
9245944,5,,스타벅스 원두 자체가 맛있고 파트너들이 너무 친절해서 자주 방문해요. 별 적립도 좋고 나만의 커스텀을 해 먹을 수 있어요.
4074187,4,,"강남역 1번출구와 가깝습니다. 사람들 만나기엔 가장 좋긴 하지만 위치가 좋은 만큼 수요도 엄청납니다. 매장이 좁은 편도 아니며, 직원도 많음에도 불구하고 사람이 엄청나게 많아 자리잡기 힘듭니다."
4074187,4,,"처음 사용해보는데, 독특한 경험이었습니다. 드립커피를 구경하고 시간을 보내는데 좋았어요. 그리고 사람이 많이 있지 않아 기다리지 않아서 좋았습니다."
4074187,4,,"강남역에 있는 여러 스타벅스 점포 중에 가장 분위기가 좋아요. 인테리어를 잘 해놓았습니다. 
저는 커피종류를 잘 못 마셔서 모릅니다만, 리저브점이기 때문에 커피 즐기시는 분들께는 더없이 좋을 것 같아요. 
공간이 좁은 편은 아닙니다만 워낙에 수요가 넘칠 만한 장소이기 때문에 자리 잡기 쉽지 않았어요. 무엇보다 옆좌석과의 간격은 좁은 편이었고 테이블이 여태껏 갔던 스타벅스 중에서 가장 작았습니다. 벤티사이즈 컵이 쓰러지면 그대로 바닥으로 흘러버릴 것 같은 크기였어요.
화장실은 건물 내에서 공용으로 쓰는 곳입니다. 걱정하지 않으셔도 될 것 같아요 사무실용 큰 빌딩입니다."
4074187,3,,항상 사람들로 꽉꽉 들어차있는 강남역 스타벅스. 그만큼 자리 잡기가 너무 힘들지만 친구들 만나기 좋죠
4074187,5,,스타벅스 강남점 넓고 인테리어가 좋아요
4074187,2,,스타벅스 강남점은 강남역인 만큼 갈떄마다 사람이 정말 많아서 다소 시끄러운 경향이 있습니다. 하지만 커피나 각종 음료는 만족할만큼 맛있네요.
4074187,4,,"직원분들도 다들 친절하시고, 다른카페와 다르게 제 맘대로 선택해서 주문할수있다는점이 스타벅스의 큰 장점인것같아요!
사람들이 항상바글바글해서 앉을 자리가 매번 없다는건 좀 아쉽네요 ㅠㅠ"
4074187,5,,"매장이 크고 그래서 자주 갑니다! 
팁을 드리자면 사람이 많은 매장이니까 사이렌 오더로 주문하면 주문하려고 줄서지 않아도 됩니다!!"
25091381,,,
9141251,4,,"이 가게는 근처에 지하철 역이 있어요. 2층 창가 에서 커피를 즐길 수 있는 전망이 좋습니다.
큽니다 콘포트! 뿐만 아니라 우리의 친구와 저는 아이스 커피 메뉴 특히 (전화 '아이스 커피')"
9245697,4,,"영풍뭄고 건물암에잇는 작은 스타벅스
영문문고안에서 책도보면서 음료도 같이 즐길수잇어서 좋은거같아요 구ㅛ굿굿굿"
14214309,4,,"테라스가 예쁜 카페이다
호박을 주제로 한 다양한 음료와 디저트를 판매하며,
창가의 쇼파자리가 아주 편하고 좋다.
주말에 광합성하러 가기에 안성맞춤인 곳."
14214309,4,,"광화문과 시청중간 뒷골목쪽에 위치합니다. 
위치는 조용한 곳이지만 언제나 사람이 많아요.
콜드브루 아메리카노 맛있고
시그니처인 꿀호박라떼는 맛은 있지만 너무 달고
크레페케이크는 좀 실망이었어요. 그냥 계란빵맛.."
8969038,4,,커피 맛이 아주 좋고 큰. 이곳에 앉아서 저렴하지는 않더라도 이곳에 매우 빠른 와이파이는!
8969038,5,,"저렴한 가격에 맛좋은 커피를 먹을수있어서
자주 이용합니다.
위치도 역에서 가까워 역갈때 이용하기 편해요"
8969038,3,,"역근처라서 접근성이 좋습니다. 
가게도 은근 넓어서 자리가 없어서 다시 나온 기억은 없습니다. 
가성비 좋은 이디야커피 맛좋습니다"
10915573,4,,베이글이 맛있다고 해서 찾아갔는데 베이글과 크림치즈가 정말 맛있었어요. 특히 아몬드 크림치즈는 정말 맛있었어요.커피도 괜찮아요. 위치가 찾아기기 애매하지만 분위기도 너무 좋았어요
10915573,5,,"갓 구운 따뜻한 베이글에 커피 마시기 좋은 카페입니다. 주택가에 있어 조용한편이고, 분위기 좋고, 테라스 자리도 많아 외곽에 나온듯한 느낌이 드는 카페입니다."
10915573,4,,"베이글과 다양한 치즈들이 맛있어 커피와 함께 즐기기 좋고 사람이 많지 않으면 조용한 분위기에서 시간 보내기 좋음.
다만 오후에는 치즈들이 떨어질때가 많아 오전에 가는 걸 추천."
10915573,4,,"치킨이랑 튜나 시켜서 먹어봤는데 분위기도 좋고 맛도 좋고 다음에 또 오고 싶은 집이었어요 ^^ 가격대는 싸진 않다 정도 7,000원"
10915573,5,,"아내와 시간 보낼 집 근처 예쁜 카페를 찾다가 우연히 우면동 삼성 R&D 서울 캠퍼스 근처에 있는 <토다>라는 카페에 갔더랬지요.
수제 베이글과 크림치즈, 커피, 인테리어, 건축, 주변 자연 환경 등등 어느 하나 빠지지 않는 <Todah>

서초, 강남 나들이길에 들러 베이글과 커피 한잔 하기 좋은 곳 같아 추천합니다."
9245290,4,,"학원가 근처에 있어 대부뷴이 공부를 하는 학생들이고 분위기도 조용합니다
1 층은 많이 협소하지만 2 층은 적당한 크기이고 충전을 할수있는 콘센트도 넉넉한 편입니다"
9245290,5,,종로에서 사람들과 약속이 있을때 커피한잔 시켜놓고 기다리기 딱 좋더라구요. 그렇지만 자리는 거이 항상 꽉차있다는점 ..
9245290,5,,"이곳은 근처에 볼일보고 따뜻한 두유라떼가 먹고싶어 
들럿던곳 ㅎㅎ 여느 프랜차이즈와 다를바는 없지만 ㅎ
스타벅스 언제나 좋다 ㅎㅎ  맛있는 두유라떼 한잔하며 여유잇게 커피한잔 ㅎㅎ 이곳 매장 직원들도 매우친절하고 무엇보다 매장도 깔끔하고 좋은거같다 ㅎ"
11846746,5,,인테리어가 예뻐서 들어갔는데~ 친절한직원의 추천으로 주문한 스페인 음료 오르차타와 오렌지케익...너무 맛있어서 깜놀했어요. 어찌 이리 상큼할까~ 오르차타도 고소하고 달달해요. 완전 내스타일~~단골될듯. 담에는 쿠키슈를 먹어봐야지^^
8951007,3,,"추천해주시는 커피들은 매우 훌륭한 맛이지만 다소 비싼편입니다. 
독특한 분위기에서 커피를 마실 수 있는 숨은 커피 명소입니다."
8951007,4,,"이촌역 뒷편에 있는 커피숍으로 바리스타인 주인장이 자신의 이름을 걸고 하는 커피숍입니다. 본인만의 독특한 드립실력으로 맛있는 커피를 추출해내는데 주인장 말로는 3일이상의 커피는 쓰지 않고 남으면 기부한다고 합니다. 

여기 커피 맛있습니다. 커피에 대해 잘 모르면 주인장이 추천을 하기도 합니다. 한데 비쌉니다. 보통 한잔에 1만원 정도 하는것이 일반적입니다. 점심때 가봤는데 그래도 좌석은 여유가 없더군요. 한번쯤은 가볼만한 곳입니다."
8951007,4,,"커피 가격은 다른 커피 체인점보다 비싸다. 하지만 커피 맛은 정말 우와~ 하는 깔끔함을 맛볼 수 있는 커피 맛집.. 지하에 있어 
스쳐지나갈 수 있지만 커피를 진정 즐기고 싶은 사람은 추천"
8951007,5,,"일단 맛있습니다. 커피 종류가 정말 다양합니다. 코나, 르왁 부터 다양한 종류의 핸드드립커피까지. 전문성이 느껴집니다. 분위기도 좋아서 은은하게 분위기 좋은 음악이 흐르고, 신기한 커피 관련 소품들이 인테리어 되어 있습니다."
9245207,5,,타 스타벅스 매장에 비해 규모는 작지만 아늑해서 좋습니다. 다만 사람이 가득차면 꽤 시끄러워집니다. 스타벅스는 어디를 가도 직원들이 친절해서 참 좋습니다.
9245207,4,,현대백화점 바로 맞은편이고 천호역 7번 출구 바로 앞이라서 위치가 정말 좋아요. 사람은 늘 많긴 하지만 매장이 아주 좁진 않아서 나쁘지 않구요. 직원 분도 친절하고 커피도 빨리 나오는 편입니다.
19139050,5,,"종각역 근처의 베이커리 카페입니다.
센트로 폴리스는 1층이 거의 카페로 이루어져있다 해도 과언이 아닐정도로 정말 많은 까페가 있는데 그중 가장 인기가 많은 곳이 여기 포제입니다.
식사용빵부터 디저트용빵까지 종류 다양하구요, 
많은 베이커리 까페들이 빵을 그대로 공기중에 오픈시켜 놓는데 여기는 개별포장이 되어있어 좀 더 위생적인 장점이 있습니다. 
의자도 편하고 (가장 손님이 많은 이유중 하나인듯) 
분위기도 너무 시끄럽지 않고 좋습니다."
9141260,5,,티라떼 먹기엔 커피빈이 제일 좋은 것 같아요.티백빼고로 주문하시면 더 떫지 않은 티라떼 마실 수 있어요.
9141260,3,,아웃백 스테이크 하우스 앞에 매장인 듯한데 매장이 너무 작아 테이크 아웃에 최적화된 매장에 가깝습니다. 음료종류야 뭐 다름 곳과 다르지 않습니다.
9141260,5,,더울때는 시원한 아이스 아메리카노죠~ 커피빈이야 잘 아시듯이 커피 맛 있습니다.  다른 차들도 맛나고 친구들과 쉬면서 커피 마시기에 좋죠~
25429949,,,
17468729,4,,디지털미디어시티역에 DMC빌딩 지하에 있는 핫도그와 커피를 판매하는곳이예요 핫도그와 커피를 세트로 주문해서 먹었는데 저렴하고 맛있었어요 근처에서 핫도그를 먹고싶다면 추천해요
10677859,5,,"카페는 많으나  크림이 쫀득하고 퀄리 좋은 맛있는 비엔나 커피집은 찾기 어렵다. 
실내분위기는 심플했고 ,  커피 맛에 집중하는 느낌을 줬던 곳"
10677859,5,,주인분도 친절하고 비엔나커피가 아주 맛있습니다. 2층에 있어 채광도 좋고 요란하지 않은 인테리어가 포근하고 따뜻한 분위기를 줍니다.
10677859,5,,원래 비엔나커피를 좋아합니다. 겨울에는 라떼보다 따뜻한 비엔나 커피를 주문해서 차가운 크림과 따뜻한 커피를 같이 마시는 것을 좋아합니다. 이 카페의 비엔나 커피는 크림이 아주 쫀쫀하고 독특합니다. 크림만 따로 먹어도 맛있지만 커피와 함께 먹으면 진짜 맛있어요. 테이블이 많이 없어서 그 점은 아쉬워요.
10677859,3,,"연남동 비엔나 커피로 검색하면 주르륵~ 블로그가 나오는곳입니다.
한마디로 대표메뉴인데..저 역시 시켜보았지만...그냥 느낌은..그닥???
요즘 카페에 비엔나 커피 자체가 메뉴에서 드물다보니 더욱 그것으로 유명한듯은 하지만 일부러 찾아와서 먹는다거나 다른 메뉴를 제쳐놓고 여기서는 꼭 이것을 먹어야한다는 느런 감흥은 없었던 곳입니다.
아담하면서 조용히 담소를 나눌 수 있는 아늑한 분위기는 좋습니다."
9429480,4,,잠원동 래미안 아파트상가에 있는 킹콩커피에요. 로컬카페 느낌의 아담한 카페인데 커피맛은 좋았습니다. 시원한 아메리카노 좋았어요.
9429480,4,,지나가다 따뜻한 아메리카노 한잔 테이크아웃했어요. 매장이 아주 크지는 않지만 분위기 좋았어요. 커피는 고소하고 부드러웠어요.
9429480,5,,"싸고 맛있음. 대림상가 1층에 1호점 2층 2호점.
1층과 2층은 포인트 적립이 따로됨.
1층은 매장이 굉장히 작고 2층은 테이블 5-6개는 있었던 것으로 기억.
동네 아주머니들이 많이 찾는 곳"
9429480,4,,"잠원동 대림상가 1층에 있는데, 전형적인 동네 커피숍 입니다. 규모는 크지 않지만 2층에도 테이블이 있어요. 
커피 값은 3,000원 전후이고, 토스트도 사이드 메뉴도 파는데 맛이 괜찮습니다."
9209903,4,,"삼청동에서 한옥카페를 찾는다면 강추. 가정집을 개조한 곳이라 분위기가 좋고 메뉴, 가격도 나쁘지 않음."
9209903,5,,한옥을 개조해서 분위기가 좋습니다. 외국인 친구들 데려가면 다들 좋아하더라구요. 오미자차 추천합니다
33439562,5,,"책 읽기 좋은 조용한 카페 ‘헤비로테이트‘에 다녀왔어요! 
고즈넉하고 조용한 분위기의 카페 … 
햇빛이 낭낭할때 가도 좋지만, 비 올 때 가도 너무 분위기 있고 좋습니다! 
여기는 스콘과 커피 맛집이에요🤍"
9245854,4,,"편안한 환경-표준 메뉴가있는 전형적인 스타 벅스. 다른 커피-따뜻한 것과 차가운. 좋은 간식 / 음식 제공. 조금 비싸지 만 변화에 좋습니다.
훌륭한 서비스와 와이파이. 위층과 아래층에 편안한 좌석. 사람들은 하루 종일 노트북을 충전하고있는 것처럼 보입니다. 필요한 경우 앉아서 일하기에 좋은 곳. 선물로 좋은 상품 선택 (컵 / 커피 / 차 등)."
9245854,5,,잠깐 쉬러 가는 카페로 스타벅스 좋아요^^ 제휴되는 카드도 많아요. 여름 신메뉴인 애플망고음료 추천합니다
9245854,4,,"커피는 비싸지만 훌륭한 품질..
카라멜 마끼아또와 다른 곳보다 훨씬 부드러운 라테에
빵종류도 다양해 주말 아침식사로 최고의 카페예요"
33372786,,,
9245339,4,,"깔끔한 인테리어와 스타벅스분위기가 너무 좋아요 
요즘 새로나온 신메뉴들도 맛있고 프리퀀시 이벤트도 진행중이니까 다들 스벅하세요"
9245339,5,,스타벅스 커피 맛있어요~ 요즘 이벤트하는 토피넛라떼 계졀메뉴는 겨울이면 참 맛있네요. 다이어리 이벤트도 해서 좋아요
3911426,4,,애고개역 1번출구에서 조금만 걸어가면 있어요. 그리 크지도 작지도 않은 매장이에요. 식사시간대가 아니라 많이 붐비지는 않았고 아이스아메리카노 시원하게 잘 마셨어요
3911426,4,,"5호선 애오개역에서 가장 가까운 스타벅스
1번출구에서 약 50m 전망에 있고...규모는 중간정도

평범한 스타벅스 지점입니다."
3911426,4,,직장이 근처라 자주 가는 스타벅스인데 직원들이 친절하여 다시 방문하게 됩니다.  점심 시간에는 직장인들이 많아 될 수 있으면 점심시간은 피하세요..
3911426,3,,"마포역과 공덕역 사이에 위치해 있습니다. 주상복합 건물이라 아이들이 있어서 조금 시끄럽기는 하지만, 시간만 잘 맞춘다면 주변이 시끄럽지 않아 여유 있게 커피 한잔 하기 좋은 곳입니다."
3911426,4,,스타벅스는 분위기가 참좋아요. 트라팰리스는 직장인들이 참 많이 오는 곳이지요. 회사사람들만 안만난다면 참 좋습니다.ㅎ
9144002,5,,좋은 커피를 먹을 곳. 직원들은 친절하고 역동적이며 장식은 훌륭하고 음악은 다양하고 유쾌합니다. 나는 기쁨으로 다시 올 것이다.
9144002,4,,"신촌 (Sinchon) 지하철역에서 뒷골목에있는 멋진 커피 숍.

싸구려는 아니지만 커피는 좋습니다. 긴장을 풀고 낮에는 너무 많은 사람들이 없습니다."
9144002,4,,"커피는 표준 이상에, 분위기와 인테리어도 좋습니다. 오픈 공간이 가장 좋은 것은 여기 사람들은 일반적으로 매우 점입니다. 

한 소박한 빈티지 느낌이 올 때 받을 수 있는 곳 같은 느낌. 

이 길을 건너가 조용한 거리에서 더욱 가치가 있습니다."
8904409,4,,뭐 어딜 가도 있는 베스킨라빈스입니다. 새로 나오는 것 있으면 줄이 좀 길어질 수 있습니다. 위치가 위치인 만큼 감안해야 하는 부분.
8904409,4,,"다양한 아이스크림을 먹을 수 있습니다.
공간이 넓지 않아 자리는 비좁지만 친구들과 다양한 맛의 아이스크림을 쉐어해서 먹을 수 있어 좋습니다."
8904409,4,,"역시 초콜렛 맛이 진하고 맛있다~ 사람이 좀 많아서 자리 찾기가 조금 힘들었지만, 역시 맛은 굿이였다~"
8904409,4,,다른 곳과 같은 아이스크림을 팔아 맛도 다르지 않습니다. 점점 가격이 비싸지고 있지만 먹기 괜찮습니다.
8904409,4,,"아이들이 생일케익으로 아이스크림 케익을 정말 원해서 사줬었는데 아이스크림이 정말 맛있었네요. 특히 슈팅스타, 엄마는 외계인 등 아이들이 추천하는 메뉴입니다."
8904409,3,,"강남대로 중간에 위치하고 있는 랜드마크 성격의 건물입니다.
까페형식으로 되어있어 테이블도 아주 많고 사람들도 많습니다.
통유리로 되어있어 아이스크림 먹으면서 밖에 지나다니는 사람 구경하기도 좋습니다.
엄마는 외계인이 아주 맛있습니다."
32705804,,,
9245430,5,,"주차가 힘들긴 하지만 위치가 좋습니다. 대로변에 위치한 통유리창 매장이라, 자주 이용하는 곳이에요~ 하지만 주차공간이 없어요"
9245430,4,,여기는 항상 좌석이 꽉차있습니다. 특히 여기는 음식을 만들어 주기때문에 사람이 많은것 같습니다.
9245430,4,,"주택가라 한적하고, 통유리로 되어있어 쾌적해요~ 자주 찾는 곳 입니다. 스텝분들은 친절하궁ㅅ"
3911412,4,,좋은 장소 주말에는 혼잡 한 거리에서 차가워지기.
3911412,5,,이태원 스타벅스점에서 카페라떼 한잔 하고 왔던 기억 나네요. 시끌시끌 들리는 말소리가 외국여행 온 것 같은 기분이라 즐거웠습니다.
3911412,5,,쉬기 좋은 곳이 다 사람들 - 볼 수 있는 쇼핑의 날
3911412,4,,"커피 제공하는 일반적인 경우 같은 맛을 다른 스타벅스, 이 곳은 해방 시키는 것 또는 사람의 경우 걸어서 쇼핑 이다."
3911412,4,,"쉬어가기좋은 이태원 스타벅스에요
너무 걸어 지칠때 자주 들어가서 친구랑 수다떨어요
스타벅스 아메리카노는 역시짱이예요"
3911412,4,,"전 세계 변경다른 hollys, 좋은 커피를 제공하고, 새로운 아무 것도 없습니다. 하지만 사람들은 건조한 기후는 열대 지방에서 오나, 밖에 테이블에 커피를 마시고 시원한 바람, 모든 것들이 특별한 것입니다."
9245848,4,,아침에 오니 매장이 한산해서 좋네요. 여유도 있고 직원분들도 친절하십니다. 11월인데 벌써 캐롤나와요. 따뜻한 라떼 부드럽고 좋았어요.
9245848,4,,아침에 시간이 떠서 오늘의 커피 한잔했어요. 매장도 널찍하고 좋네요. 아침시간이라 한적해서 쾌적하고 좋아요. 오늘의 커피도 맛있어요.
9245391,3,,유동인구가  많아서인지 항상 많은 사람으로 붐비는 곳이다. 주문 후 진동벨을 이용하지않아 그 넓은 매장에 울려퍼지도록 큰 소리로 손님을 부르는 소리를 계속 들어야해서 좀 시끄러운 편.
9245391,4,,호수를 끼고 차린 매장인데 천장이 낮고 어두운 편ㅇ라 무겁긴하다 하지만 데이트 하다가 넘어오기 좋고 벚꽃 시즌에 들리기에 너무 좋더
9245391,3,,석촌호수근처에 위치한 스벅 여기도 좋지만 호수근처에 개인카페들 예쁜카페들이 많아 카페거리처럼 되있어서 선택할수있어 좋디
9245391,4,,"Seoul, Seoul, South Korea"
9245391,3,,커피집 춘추전국시대. 한국인이 가장 많이 마시는 음료1위. 다른 여러 업체들의 견제에도 굳건한 스타벅스. 그만큼 커피맛에 대한 표준화가 되어있어서 최소한의 기대치를 충족시키는 곳. 라떼 숏사이즈를 추천한다.
9245789,4,,3층 까지도 사람이 항상 많이 있는 것 같아요. 공부하기에도 적당하니까요. 손님이 많아도 친절하게 응대해주는 것이 스타벅스의 성공 비결인가봅니다.
9177413,5,,유기농밀가루와 최고의 신선한 재료를 이용해서 만들다보니 가격이 무척 비싸다~여러 종류의 빵을 언제나 시식이 가능하기때문에 먹어보고 가장 맛있는 빵을 대표로 한 두개 사오곤 한다.특히 마늘빵이 가장 맛있다
9177413,4,,"좋은 재료를 사용해서 정성껏 만드는 곳
자신의 이름을 걸고 하는 빵집이니만큼 맛도 좋답니다"
9177413,4,,"정말 많은 제과점 중 과자점인 이 김영모과점

카스테라가 대박 맛남!

일본 나가사키보단 덜 달지만 맛있음!!

브라우니도 좋지만,

코코넛과자도 꼭 사게 되니 참고하삼!!"
9245886,4,,점심에 커피를 마셔서 치아씨드 요거트를 사먹었는데 건강한 맛이라 좋았어요 얼음에 부어 먹으니 더 가볍게 먹을수있고 좋았어요 직원분들도 친절하고 매장도 깨끗하고 좋아요 추천해요
9245886,4,,"특별한 것은 1층에 있는 이상의 오픈된 공간이 많지 않습니다.

맛도 서비스도 보통."
33439710,5,,"북한산을 제대로 느끼는 카페입니다.
트래킹 하듯 걸으며 들러 맛있는 빵과 커피 그리고 계곡에 발 담그며 계절을 느낄 수 있어요!

서울핫플100에 나온 명소라 다르긴 다르더라고요!

커피 빵 세트 가성비 넘치니 세트이용해보세요 😁"
33439710,5,,북한산 계곡의 정기를 느끼며 커피를 마시고 싶다면 이곳으로!
9245480,4,,"동네사랑방같은곳 

1층은 주로 take out 이고 2층에가면 
아주넓은 장소가있다 

더운여름에는 가까운 피서하기좋은곳 

단 다른곳처럼 사람이 많으면 소음은 피하기어렵다."
9245480,4,,"삼호가든에서 교대역으로 넘어가는 오르막길에 있어요.
매장은 크지 않고 통유리를 통해 도로가 시원하게 보이는 정도...
기타 커피 메뉴 등은 다른 곳과 대동소이 합니다."
9245480,5,,서초역으로 식사하러 가면 가끔씩 들려서 먹습니다. 스타벅스는 전체적으로 통일된 이미지와 맛을 주는지라 큰 불만은 없네요. 만족스런 스타벅스입니다. 단지 옆에 빽다방이 있어서 가격 때문에 항상 고민이긴 해요.
9077023,4,,가성비 괜찮은 믿고먹는 프랜차이즈입니다. 도넛도 다양하게 많은 종류가 있지만 커피도 저렴하고 고소해서 테이크아웃 종종 해먹어요.
9077023,3,,"약수역 3번출구 바로 앞에 위치해 있고, 가격이 저렴한 편이어서 친구들과 커피랑 도넛 먹기에 적당한 곳이에요. 다양한 도너츠 먹을 수 있는 먼치킨 추천."
9077023,5,,"지하철 6호선, 3호선 약수역 3번출구로 나오면 금방 찾을 수 있습니다. 도너츠를 정말 좋아하는 편인데, 사실 던킨도너츠의 맛이 거기서 거기지만 그래도 맛있습니다. 사람이 많은 편은 아니라, 부담없이 즐길 수 있습니다."
9077023,5,,"미팅 플레이스로 아주 좋습니다.

작지 않고 통유리로 제법 중간 사이즈가 나오는 매장에 있기 때문에

약속장소로 잡고 만나기에는 아주 제격인 곳입니다.

주변 상권때문에 혼자서 사색 즐기기에는 너무 소란 스러운 곳이므로 비추이구요.

적절히 달달한 도넛츠와 아메리카노는 여기서 시간을 보내기에 제격입니다."
13156086,5,,"아주 좋은 커피와 디저트
1 층의 아늑하고 따뜻하며 깨끗한 장소. 서울의 추위에서 휴식을 취하는 것이 정말 좋습니다."
13156086,4,,"간단한 브런치와 벨기에 초콜릿, 각종 음료 등을 즐길 수 있는 카페"
13156086,5,,"조용히 책을 보거나 공부하기 좋은 분위기의 카페예요. 노트북을 사용할 수 있도록 별도의 공간이 마련되어 있어 편리해요. 와플, 샐러드 등 디저트류가 다양하고 음료 종류도 많은 편이에요. 어떤 선택을 해도 만족스러웠어요!"
13156086,4,,"Seoul, Seoul, South Korea"
9245231,5,,매장이 넓고 쾌적해요. 대학로 넓은 대로변에 위치해 있고 지하철 혜화역에서 멀지 않아요.  실내가 쾌적하고 시원시원한 느낌이 들 정도로 개방감 있습니다.  코로나영향으로 좌석간 거리 조정되어 있고 따라서 넓은 공간임에도 좌석이 많지 않아요. staffs분들은 친절하고 음료는 맛있어요.  여름에 대학로 올 때 시원한 공간 찾을때 들를 것 같아요
9245231,5,,"그날 따라 맛있었는지는 모르겠으나, 오늘의 커피가 정말 끝내줬던 기억이 나네요. 3층이고 매장도 넓고 깨끗해서 좋아요."
9245231,4,,"Seoul, Seoul, South Korea"
9245231,4,,"1층에 커다란 테이블이 있어서 다른 매장보다 여유로와 보이는 스타벅스 매장입니다.
매장마다 인테리어가 조금씩 다른데 이 매장은 분위기가 따뜻하고 여유있어 보여서 참 좋아요."
9245231,3,,대학로에 수많은 커피전문점이 있지만 스타벅스가 제일 여유롭게 즐길 수 있어 자주찾는편입니다. 항상 사람은 많아보이지만 건물도 크고 직원분들도 친절하여 자주 찾게됩니다. 날이 더워져서 프라푸치노를 자주 마시게 되네요
7748137,4,,"친구가 쇼핑하는 동안 여기에 전화를 걸었습니다. 와이파 이는 훌륭했고 가격은 OK, 커피는 6000 KWR입니다. 조용하고 예의 바른 자세로 한 시간 정도 거리에서 내려야하는 경우 권장합니다."
7748137,1,,맛은 그저그런데 직원들이 너무 불친절하네요. 뭐 말을 하면 대답을 해야되는데 대답도 안하고 정색만 하고 커피를 마시는지 직원들 눈치를 보는지 다시는 오고싶지 않네요
7748137,4,,"명동의 유명한 카페 가무이다.
데이트 코스로서도 손꼽히는 곳이기도 하지만, 외국인들에겐 잘 알려지진 않은 듯 하다.
2층부터 4층까지의 넓은 카페지만, 엘리베이터가 없어서 휠체어 방문은 불가능에 가깝다.
케잌을 무료로 주는 서비스가 있어서 아직도 많은 손님들이 찾는다고 한다."
7748137,4,,"명동한가운데 조용한 카페입니다. 인테리어는 조금 올드, 클래식한데 조용하고 쇼파도 편안해서 자주 찾는 곳입니다. 음료종류는 무난한데 유명한것은 비엔나커피가 유명합니다. 음료1개에 조각케익1개를 주기때문에 가격대비 괜찮은것 같습니다 추천합니다"
3864360,5,,"넓고 다양한 상품
시식도 많아서 쇼핑하기 재미있는곳^^ 

격주간 일요일 휴무라서 일정 확인필요"
3864360,4,,언제가더라도 참 친절해서 좋아요 너무 좁아서 테이블 잡기는 힘들지만 언제나 한결같은 맛으로 보답해줘서 좋아요 추천합니다
3864360,4,,"전철역에서 나오면 금방 찾을 수 있는 이마트 1층에 위치.
특별히 큰 점포는 아니고 자리가 많지는 않아 보인다."
3864360,5,,집에서도 가깝고 이마트 쇼핑할 때도 종종 들려요. 좁은데 사람은 많은 편이라 아쉽지만 음료는 맛있어요.
3864360,4,,"장소는 좁지만, 분위기는 만족스럽습니다."
3864360,3,,"이마트 옆에 있고 좌석이 너무 좁아서 그런지 갈때마다 자리에 앉아서 먹기 힘드네요~
좌석이 조금 더 넓었으면 하는바램이 있어요! 스타벅스 커피는 좋아해서! 커피는 항상 맛있네요~"
9245259,4,,이태원 근처라 외국인들도 많이 오고 넓직한 테라스가 있어서 반려동물과 함께 올 수 있어서 좋아요~무엇보다도 용산미군기지 앞(현재 공원 조성 중)이라 한적하고 조용해서 좋습니다.
9245259,3,,요즘은 사람들로 북적북적해요 이태원중심이 점점 넓어져서 사람들이 항상 많지만 공간이 넓어서 많이 시끄럽지는 않아요.
9245259,5,,이태원쪽 스타벅스에 비해 위치도 한적하고 좋습니다. 이태원 메인 도로까지는 걸어서 10분가량 걸리지만 시끄러운 것을 싫어하는 분들이라면 방문 추천드려요.
9245259,5,,유동인구 적은곳에 위치하여 조용합니다. 혼자 사색하기 좋은곳입니다. 음료의 맛은 똑같습니다.
9245259,4,,"이태원  주한미군 앞에  위치한 스타벅스. 근처에  주차시설이  되어  있어서, 자동차가  있을경우 편힌하게 커피한잔을  즐길 수 있어 편리했어요.."
9218658,3,,"저녁에 간거라 좋아하는 카페라떼를 안 마시고 향이 강한 카모마일을 마셨다~ 맛은 괜찮은데,와이파이가 잘 안 터져서 좀..."
9218658,4,,"평균 커피, 차가운 음료 및 좋은 선택할 수도 있"
9245306,4,,포스코 건물 1층에 있어요. 안이 훤이 들어다 보여서 접근성이 높아요. 그만큼 사람들이 많은가 매장은 좁다보니 자리잡기가 어려워요
20317689,3,,"상수역에서 가까운 자그마한 규모의 까페입니다.
구움과자, 스콘등의 간단한 디저트를 할 수 있고 수제 두유를 판매하는 것이 특징입니다. 
스콘과 구움과자도 맛은 중간은 갔고, 커피도 나쁘지 않았습니다.
하지만 매장의자가 매우 불편하고 (등받이 없는 나무 박스 스타일) 작은 매장에 비해 테이블도 다닥붙어있어 그리 아늑한 느낌은 없었네요. 
코로나 때문인지 뭔지는 모르겠지만 커피도 메뉴중 아메리카노와 라떼 단 두가지만 주문가능했던것도 별로.."
15632751,4,,"서울우유에서 만든 카페입니다.
밀크티와 베이글에 발라 먹는 크림치즈도 다양해서 정말 좋았어요.
커피를 주문하면 귀여운 머그잔에 담아 줍니다.
베이글과 단호박 크림치즈를 주문했는데, 치즈양도 많고 맛있었습니다.
매장이 작지만 층이 높고, 층별로 다른 컨셉의 인테리어가 되어있어 고르는 재미도 있답니다."
15632751,5,,"서울우유에서 운영하는 디저트 카페입니다. 
건물 전체 다 사용하고 있구요, 
1층에서 주문, 테이크아웃 할 수 있고 윗층으로 올라가 먹을 수도 있습니다.
옛날 서울우유병에 들어간 밀크티도 마실 수 있고 다양한 베이커리류도 있어요.
전 종종 소프트 아이스크림 테이크아웃해서 먹는데 진하고 맛있습니다."
8903995,5,,"청량리역 안에 있습니다.
다양한 종류의 아이스크림을 즐길 수 있습니다.
아이스크림도 먹을 수 있지만 커피도 함께 마실 수 있습니다.
디져트로 좋은 것 같습니다."
8903995,3,,역사 내 위치하고 있어서 대로변에서 찾지 마시고 역사 안에서 찾으세요..쇼핑몰 내 입점되어 있어 쇼핑하다 힘들면 찾아가서 먹을 수 있는 매장입니다.다양한 맛도 좋아여
8903995,5,,롯데시네마 영화보러갔다가 스무디킹 스트로베리 익스트림과 피스타치오 아몬드를 사먹었습니다. 뜨거운 커피 보다는 차가운 음료와 아이스크림을 정말 좋아합니다.
8903995,4,,"청량리역에서 아이들과 기차를 기다릴 때 유용한 장소입니다.

아이스크림 하나씩 먹으면서 열차 대기시간을 보내기에 적당합니다.

공간에 비해 사람은 항상 많은 편입니다."
8903995,4,,"청량리역을 이용하거나 롯데시네마를 이용하는 사람들이 이용하기 좋은 위치입니다.
의자도 몇 개 있어서 앉아서 먹을 수도 있고요. 푸드코트처럼 오픈되어 있지만, 분위기도 깔끔하고 좋습니다.
저는 상큼한 애플 민트가 맛있었답니다."
8903995,4,,31가지의 아이스크림 맛을 제공하는 베스킨으로 엄마는 외계인을 주로 먹습니다. 초코볼이 들어가고 해서 나이를 먹어도 단게 땡길땐 주로 사서 먹습니다.
9245351,4,,"넓고 조용하고 깨끗합니다
카라멜 푸라프치노 맛있게 먹었어요
분위기가 좋아서 또 방문할예정입니다"
9245351,3,,목동에도 스타벅스가 많이 있지만 여기를 자주 가곤하는데 조용해서 좋아합니다. 스타벅스는 항상 어딜가든 같은 맛을 제공하기 때문에 고민않고 찾게됩니다. 겨울이 되니깐 토피넛 라떼를 자주 마시네요
24009213,,,
9245439,4,,최근에 리모델링 진행되서 좌석도 조금 더 많아지고 좋은것 같아요 항상 친절하시고 스타벅스 마포경찰서점보다 길가에 있어서 접근성도 좋아요
9194768,5,,"꼭 두 개 이상의 명 옆에 설탕 과 식사는 제 자신이 있습니다. 하하하 . 그러나, 직원들은 영어를 할 수 있는 5분 을 보고 각 주문 카운터 이해. 하지만 전체적으로. 저는 행복한 함께,"
9194768,3,,눈에 잘 안띄는 작고 아기자기한 카페예요. 음료류 다양하고 디저트류도 많이 팔고 있어요. 커피만 마셨었는데 맛은 보통. 별 특색은 없어요
23756748,,,
9219362,5,,가격이 저렴하진 않은데 빵이 하나하나 다 맛있어서 자주 이용하는 곳이에요~ 예전엔 유리문에 한글을 영어 발음으로 적어놔서 유명하기도 했는데 리모델링 하면서 없어져서 좀 아쉽네요~ 그래도 빵 맛은 변하지 않아서 좋아요!
9219362,4,,토모니 베이커리 빵은 기본적으로 가격이 저렴하고 맛있어요. 여기 파티쉐가 어디에서 엄청 유명한 상을 탔다던데 동네 빵집 중에서 여기가 젤 맛있는 것 같아요. 작고 아기자기한 빵들을 살 수 있느데 너무 작아서 여러개 담다보면 가격이 좀 늘어나지만 예전부터 한곳을 지키고 있는 모습이 좋은 빵집입니다. 화이팅
9219362,4,,"가격은 조금 비싸지만, 
좋은 재료를 쓰는 맛있는 동네 빵집
조리빵들도 너무 달거나 짜지 않고 담백해서 맛있음!"
9219362,5,,"쌀로 만든 빵도 있고 기타 건강빵이나 다양한 종류의 빵이 다 맛나요 !!
케이크나 다양한 쿠키도 맛있는데, 약간 달달한 편이라 단 걸 좋아하는 제 입맛에 딱이더라구요^^
제 인생빵집중 한곳입니다 
숭실대입구 근에서 맛난 빵을 먹고 싶다면 여기 꼭 가보세요~~~ 강추합니다!"
3972927,4,,우리는 서울 대학교 학생들에게 여러 번갔습니다! 어쩌면 핑키 같은 환경에서 좋은 순간이었습니다. Baskin - Robbins는 체인 아이스크림 가게입니다!
3972927,5,,학교 근처라 가는 곳인데 너무나도 좋아요
3972927,4,,서울대입구역에서 관악구청으로 가는길에 있는 매장입니다 다른곳보다 크고 깨끗하고 직원들이 아주 찬절합니다
3972927,4,,관악구청점 베스킨라빈스는 자주 포장해서 가져갑니다. 매장도 넓어서 매장에서 먹어도 좋습니다. 저희는 2인 가구라 파인트나 쿼터 자주 먹는 편인데 행사있을시에는 알바생들이 알려줘서 저렴하게도 먹고요 ~맛있어요!
3972927,5,,베스킨이야 어딜가든 맛있어요. 관악구청점에서는 기억에 남는것이 아이스크림 주문을 하는데 일하시는 분께서 그냥 계산하려니 현장에서 이벤트중인 쿠폰사서 구입하면 30프로 할인이라고 친절하게 알려주셔서 기억에 남습니다. 친절한 매장이라 좋아요.
3972927,4,,관악구청점 베스킨 주로 포장해서 먹어요 자주가서 패밀리사이즈로 포장해와서 가족들이랑 먹어요~~
3972927,3,,"주로 테이크아웃해서 가서 먹었는데, 서비스나 다른 것도 다 괜찮았어요. 자리에 앉아서 먹기도 괜찮았던 거 같아요."
24107390,,,
24167113,,,
19073387,4,,"Seoul, Seoul, South Korea"
3864358,5,,"늘 북적이는 까페이긴 하지만
머그컵도 새로운게 많고
핫 아이템 구매도 쉬워요

커피야 뭐 어디든 스벅은 같은 맛이니까요
넓은 책상에 공부하는 사람들 늘 있ㄱ
저도 종종 애용"
3864358,4,,"Seoul, Seoul, South Korea"
3864358,4,,"넓고 쾌적합니다.
스타벅스 어느 지점가도 맛이야 비슷하지만 이 지점 특징은 대치동 학원가에 인접해 있어서 숙제하러 온듯(?) 보이는 학생 손님도 많고 직장인들도 많이 보입니다~
역에서는 좀 거리가 있고 은마사거리에서도 살짝 걸어가야 하는 위치라 약속 장소로 정하기엔 조금 애매한 위치이긴 합니다."
3864358,4,,"매장 넓이에 비해 좌석을 많이 배치해서인지 테이블 간 간격이 다소 좁은 느낌입니다. 그럼에도 주변이 번화가가 아닌 학원가여서, 붐비지 않는 시간에 방문하면 조용하고 좋습니다."
3864358,4,,예전부터 자주 이용했던 스타벅스입니다. 서비스도 좋고 좌석도 다수 있어 자주 방문하기에 좋아요
26861639,5,,"커피맛이 부드럽고.깊다.
은은한 분위기 고전적인 벽돌뷰가 잘어울리는 느릿느릿 시간이 흐르는 정적인 핸드드립맛집 
풍미가좋다."
9320323,5,,Specialty Coffee tours
25093476,5,,Must visit donut shop at Mangwon
9245302,4,,"노원역과 중계역사이 인구밀도가 밀집된 지역에 위치하다보니 사람이 항상 많습니다. 2층에는 동네 주민분들, 카페과외, 학생들이 장시감 사용해서 자리잡기 어려울 때도 많아요."
9245302,4,,백병원 건너편 맥도날드옆 스타벅스 외국포함 스타벅스를 수백번 가본적이 있는데 한번도 뜨거운 커피를 마셔본적이 없음 오직 아이스 카라멜 마끼야또만 먹음. ^^
9245302,4,,"Seoul, Seoul, South Korea"
9245302,5,,"큰 대로변에 있지만 조용하고 동네분위기가 남.
 2층은 공부하는 분위기지만 자리도 넉넉하고 가볍게 수다떨기도 나쁘지 않음."
9245302,5,,상계백병원 건너편에 있고 2층까지 쓸 수 있습니다. 2층은 조용해서 공부하는 사람도 많고 집중도 잘 됩니다.
9245302,4,,노원역 인근이 있는 스타벅스와 달리 학원 근처에 있는 곳이어서 그런지 조용하게 앉아서 책 보기에 좋은 스타벅스 인 것 같습니다.
12907154,5,,차가워지기위한 카페와 바는 현지의 서울 분위기를 느낍니다.
12907154,5,,"코엑스 길 건너편에 위치해 있으며 오크우드 프리미어 호텔에서 머무는 누구든지 지어졌어요 매우 짧은 거리에 있습니다. 최근에 개장한 듯합니다.

Coe 커피 원두를 사용하여 수제 빵 만든 샌드위치를 제공합니다. 낮에는 꽃 카페. 모든 치즈 애호가를 위한 용융 샌드위치 개인적으로 추천한다.

밤에 조명이 편안한 분위기를 만들고 흐리게 아래로, 바 되고 있습니다. 싱글 몰트, 벨기에를 비롯 Trappist 등의 맥주들이 맥주 Healthy. 와인 작은 컬렉션을 사용할 수 있습니다.

그들은 영어를 유창하게 구사한다. 하지만 다른 언어를 잘 모르겠네요. 작업자. 가격 범위 위치를 고려해 볼 때 적당한 가격이다 강남에. 11am - 1."
12907154,5,,"COEX 근처 카페 & 바?

 '식물원'은 식물원을 의미합니다.

삼성동, 153-14
?? (+ 82) +2-525 - 7234

@ 끼미원 282? 인스 타 그램은 여기!"
9245646,5,,"스벅은 어딜가도 항상 좋은것 같아요~ 
전 커피숍중에 스벅을 제일 많이 갑니다
사람도 많지만 자리도 많은편이라 괜찮아요!!:)
콘센트 있어서 좋아요"
9245646,5,,주차도 한시간 지원되고 매장도 넓어서 마음에 듭니다 친구와 갈때도 많고 혼자서도 자주 가고 있습니다 케잌과 향긋한 커피와 함께 하고 싶으신분들 추천합니다.
27173604,,,
9245719,2,,위치나접근성등등은좋은데 화장실이너무지저분해서깜짝놀랐어요 커피맛이야따로찾을것없지만부대시설관리에깜짝놀랐네요
9245719,2,,"진짜 이렇게 시끄럽고 복잡스러운 스타벅스는 처음이다.
그냥 약속장소로 찾기 쉽겠다 생각해서 이곳에서 만나기로 했는데
사람은 왜이리 많고 시끄러운지...
이곳은 재방문 의사가 없다."
9245719,4,,"돌이켜보면 스타벅스 방안을 검토할 검토하는 애쓰는 것 같아요. . . 물. 당신은 모든 물 맛이 다르게 그 사람들 중! ""얘기하려면 무엇을 기대할 수 있습니다."
9245719,4,,"9호선 신논현역에서 제일 가까운 스타벅스이구요, 참고로 내부에 화장실없고 별로 좋지않은 건물 화장실을 이용해야해요"
4029738,4,,합리적인 가격에 커피와 음료를 즐길 수 있음. 지하철과 버스타러가는 길에 테이크아웃 하기도 좋음
4029738,3,,"환승역과 버스정류장이 근처에 있어 시간 없는 사람들이 짧게 만나기 좋은 카페같다.
장소는 협소하나 기본적인 커피맛과 저렴한 가격이 장점이다."
3869152,4,,"스타벅스 연대점에는 사람들이 정말 정말 많았다
주문하면 음료는 금방 나오는 것을 보니 사람들이 주문을 하고 오래 앉아 있는 듯하다"
3869152,4,,연세대 인근에 스타벅스가 4개 정도 있는데 그 중에 가장 갈만한 곳이라고 생각함. 매장도 3개 층을 쓰기때문에 매우 넓고 특히 그룹 스터디를 위해 적당한 룸 형식의 테이블도 갖추고 있다.
3869152,4,,"연대 정문 바로 앞이고 신촌역과도 가까워서 접근성 쵝오!
3층까지 있어서 자리도 많아요.
다만 사람이 꽉찰땐 정신이 없어여ㅠ"
3869152,4,,"근처에서 친구들과 점심을 먹고 커피를 마시려고 방문한 스타벅스, 층수가 많으나 평일 오후라서 그런지 3층에 여석이 좀 있었습니다. 전반적으로 조용하고 좋네요."
3869152,3,,"신촌에 갈때면 종종 들르는 스타벅스입니다.
2층부터 3,4층까지 있는데 2층은 다른 지점과 비슷한 분위기고 3,4층은 연대 학생들의 도서관같은 느낌으로 조용합니다. 며칠전에 남편과 방문했다가 남편이 화장실을 다녀왔는데 너무 더러워서 그냥 왔다고 합니다. 청소에 좀더 신경을 써야할 듯 합니다."
3869152,4,,연대 앞의 스벅이다. 연세대 앞이어서 공부하는 학생들이 많으며 늘 자리가 없는 편이다. 어딜가나 맛있는 스벅의 아메리카노를 먹어보자.
3869152,4,,"연대앞 거리에서 가장 자주 가는 카페 스타벅스, 전반적으로 좀 어수선한 모습이 있기는 하지만 오후에 앉아 있으면 창 밖에서 넘어오는 햇살이 카페 안을 비춰 평온한 느낌이 들 정도로 아늑했습니다. 진한 아메리카노와 친구들과의 수다가 시간 가는줄 모릅니다."
3869152,3,,넘넘 붐비는 스벅 연대점입니다. 회전율은 빠르지만 알바들도 바빠서그런지 서비스도 별로고요 화장실 상태도 안좋아요ㅠㅠ
9245871,5,,옆 호텔과 연계해서 깔끔하고 좋은 부위기네요. 사람이 항상 많기는 하지만 주문이 밀리지는 않아서 좋았구요. 컴퓨터 꺼내놓고 잠간 일하기도 좋은 공간이에요.
9245871,3,,"호텔 이용객인지, 도심 한복판이라 그런지 서비스는 제하고라도 사람이 너무 많고 테이블 간 간격이 너무 적어요 ㅠㅠ 시장에 온 기분...."
9245871,4,,호텔 1층이라 쾌적하고 관리가 잘되있는 편인데 사람이 항상 많습니다. 저녁에 가면 자리 잡기 힘들 때도 많아요. 스타벅스 카드도 빨리 팔려 없는 편이구요
9245871,3,,"Seoul, Seoul, South Korea"
9245871,4,,호텔안에 스타벅스 있어서 잠깐 친구와서 얘기 나누거나할때 좋아요 생각보다 사람도 많지 않고 조용합니다.
9245871,3,,"동네가 별로라 스타벅스도 없는데, 여기는 그나마 호텔 밑에 있어서 더욱 깨끗한 느낌이 들어요. 테이블 수는 작게작게 많은 편이라 주변 직장인들이 와서 앉아서 커피한잔 하기에 좋고, 학생들에게 공부하러 오는 그런 스타벅스 분위기는 아니에요."
9245871,3,,깨끗한 호텔에 위치해 있고 주변도 깨끗해서 자주 찾게 됩니다. 평일엔 많이 북적거리지만 주말엔 정말 한가해서 더욱 좋습니다.
9245871,4,,걸어서 갈 수 있는 편리한 호텔입니다. 다른 곳에서 맛있는 맛이 있을 수 없는 세계.
9245871,5,,"테이블간격도 넓고 호텔 아래층에 위치해 자주 이용
조용한 스타벅스 찾으신다면 추천 합니다."
9245677,5,,다른 분들이 리뷰에 남겨주신 것처럼 9번과 10번 출구 사이에 있습니다. 위치가 좋아서 그런지 항상 매장이 붐비는 편이라서 자리 잡으시기 수월하진 않을 수 있습니다. 3년정도 그 근처를 돌아다녔는데 적어도 여름엔 그랬습니다. 일반적인 평일 저녁(금요일 제외) 에는 괜찮을 거라 생각합니다.
9245677,4,,강남역 9번과 10번 출구 사이에 있으며 1층 매장. 유동인구가 상당한 지역임에도 평일저녁에 자리 잡기가 어렵진 않았습니다. 직원분들이 상당히 친절하시며 세심하게 배려해 주셔서 나름 감동.
9245677,4,,"약속시간 보다 이르게 도착할 때 종종 가는 곳이다.
밝은 분위기에 커피향이 기분을 좋게 한다
시간이 남으면 책도 읽고 아주 좋다~"
9245677,4,,사람들이 너무 많아서 커피 마시거나 이야기하기는 별로지만 누구나 아는 장소에 있어서 만남의 장소로 좋은 곳 이에요. 의자나 테이블수가 사람이 너무 많기 때문에 많이 부족한 편이긴 합니다.
9245677,2,,대로변에 위치하여 너무 번잡한 스타벅스
9245677,4,,강남역에서 나오면 바로 있는 스타벅스 입니다. 좀 좁은 편이지만 위치가 좋아서 잠깐 들려서 커피 사가기에 좋습니다.
9245677,4,,강남역 스타벅스에서 만날일이 있다면 늘 이곳에서 만난 것 같아요. 그만큼 접근성이 매우 좋습니다. 접근성이 좋은 만큼 드나드는 사람이 많고 조금 번잡스러워요. 확장을 했으면 좋겠어요.
3937360,4,,큰길가 2층에 있어요. 매장은 비교적 큰 편이에요. 주말 낮에 갔는데 붐비지는 않고 적당히 사람들 있어서 분위기 괜찮았어요. 커피맛에 혹평이 많다고 하는데 저는 아메리카노 좋았습니다.
3937360,4,,카페라테 2잔과 더불어 베이글을 같이 주문하여 점심과 저녁사이에 방문하였습니다. 커피도 좋지만 특히 베이글 맛이 좋았던 것으로 기억됩니다.
3937360,5,,커피 맛이 괜찮고 휴식을 취하기 좋음.
3937360,3,,직원과 분위기는 괜찮지만 커피 맛은 동일함.
8914808,4,,"바로 근처에 국대떡볶이와 버거킹이 있어서 그곳에서 점심먹고 나오는 길에 자연스럽게 들려서 아이스크림을 먹게 되더라구요.
매장 자체가 크지는 않지만 오픈 형식으로 되어있어서 답답한 느낌이 들지는 않습니다.
새로운 이벤트나 신제품도 비교적 빠르게 잘 챙겨주는 매장인 것 같아요,"
8914808,5,,떠먹는 아이스크림이 땡길 때 찾아요ㅋㅋ그래도 베라가 가장 접근성이 좋아요. 오랜만에 가니 새로 나온 메뉴가 많은것 같아요
24094784,,,
10085279,1,,아이스라떼하나에 4900원을 받으면서 우유도 반 조금 넘게 낳어줘 4번 홀짝거리니 다마심 아줌마가 사장인지는 모르겠지만 서비스마인드부터 좋지 않아 다신 가지 않을예정
10085279,5,,"삼성역 운전면허장 근처에 위치하고있는 이 까페는 탁트인 통유리로 되어있고 실내도 넓고 시끄럽지않아 혼자만의 여유를 느낄수 있는곳이다. 다양한음료, 서브메뉴가 있으며 가격대는 일반 프랜차이즈점 수준이다. 운전면허시험본사람들에게 할인을 해준다."
10085279,5,,"C 1 (2016. 03. 16) 
저와 제 친구가 한 커피. 이 카페는 내 취향에, 좋은 주제 였습니다. 한국에서, 너무 많은 프랜차이즈 카페 가 없는 별개의 특성. 이와 같은 특성 때문에 많은 카페 를 열어 다양한 맛. 이 카페도 넓은, 친절한 직원들 였습니다. 저에게는 매우 좋은 카페."
9245208,4,,워낙 유동인구가 많은 장소에 마트옆에 있다보니 붐비는 매장이에요. 인테리어와 서비스는 표준화되어 있는 스타벅스 답게 만족스러워요.
9245208,4,,"Seoul, Seoul, South Korea"
9245208,4,,"2층으로 구성된 스타벅스 입니다.
1층보다 2층에 더 공간이 넓어요. 백화점, 마트 근처라 항상 사람이 많은 편입니다. 2층 안쪽 자리는 공부하는 사람이 항상있어서 앉기가 쉽지 않아요. 화장실은 2층에 있습니다."
9245208,4,,"항상 사람이 끊이지않는 장소
가격은 다소비싼감이있지만(요즘 저렴한 체인점대비) 맛은 항상 같아 늘 신선하고 맛있는 커피를 즐길수있어용
친구들과 수다수다 하기 항상 좋은 장소예요"
9245208,5,,백화점 내에 있는 매장보다는 훨씬 덜 붐비고요. 천호에 스타벅스가 꽤 많은데 여기 매장 작고 덜 복작대서 좋아요
8975193,4,,추석연휴에 홍은동 근처에 사는 친구네집에 갔다가 커피마실곳을 찾다가 가게되었어요 저녁먹고 9시쯤 나갔는데 문을 연곳이 있어서 좋았어요 커피도 맛있었어요 추천해요
8975193,4,,"분위기  독특 맛과 양이많고좋음
분위기가  직접한인테리어라 다른카페들과 인테리어가 차이남
가기좋은곳"
27801938,,,
34005091,,,
