restaurant_id,rating,content
27127922,5.0,"The space, the menu, everything was cute and made me happy! I would love to hear about it when I come to Korea again!"
27127922,4.0,It was delicious and the cute bear drink was great!
27127922,5.0,Cool drinks and beautiful interior 💕
27127922,5.0,The staff were very friendly and the atmosphere was calming but fun. The presentation of everything was beautiful! I recommend stopping by for pretty drinks :)
27127922,5.0,The cafe staff is beautiful
27127922,5.0,It was a beautiful shop and the cake and coffee were delicious.
27127922,5.0,The staff and cafe were amazing. I was able to relax in a nice calm space.
27127922,5.0,"It was a wonderful and cute cafe 🩷
Girls and pink were the best ✨"
27127922,5.0,A moment at Cafe SWAROVSKI
27127922,5.0,Cute luxury space unified in pink
27127922,5.0,"It was my first visit to the store! The shop was pink and very cute, and the staff was kind and had a good time♡"
27127922,5.0,The inside was cute and cute and the cake was delicious and awesome!
27127922,5.0,"The cake was delicious and cute in the store!
The clerks are kind, too."
27127922,5.0,Cute princess experience
27127922,5.0,Pink interior and bears and Ariana Grande are too pretty
27127922,5.0,"It was so cute.
Artistic sweets and drinks.
I want to revisit it again!"
27127922,5.0,"Beautiful cafe, great drinks, and amazing photos!"
27127922,5.0,"Even one person could easily get in.
I recommend it because it is pink and cute. It was Saturday, but it wasn't crowded."
27127922,4.0,Beautiful photo shooting with friends and a good place to change feelings.
27127922,5.0,"The chairs, table and tableware were also very nice to have a high-class feel! The bears placed in the store were also cute♡"
17202019,5.0,"Dubai, United Arab Emirates"
17202019,5.0,"Onion, Café Seul, a must!!"
17202019,2.0,"Disappointed, the setting is nice , the pastries were not so good , at least for people used to pastries ..."
17202019,5.0,My family and I visited here on March 30. There is about a five minute wait to pick out our pastries. Now that I know what they taste like I would’ve waited five hours. There wasn’t a single thing (we tried nine different options) that we did not love. We will be making a second trip back before we leave the area. Everything was fresh and had unique flavors. I can’t tell you that one item was better than the other. Just try a variety you won’t be disappointed.
17202019,5.0,"Manchester, United Kingdom"
17202019,2.0,"Rude Staff, Overhyped Experience"
17202019,5.0,A taste not to be missed
17202019,4.0,"Too much fame.
The bad thing about social media is that traditional places end up losing their charm. 
Obviously we saw it for insta, next to a traditional area of hanoks, now shops .. and we decided to go, first you have to queue, a little while, put 15/20 min, two come out, two come in ..
Once you access they show you where you can sit, in our case on the floor, you settle without shoes and you will ask the counter that is outside, there, if you wear shoes, pick it up and take it... an odyssey for the crowd of people there.

Lovely place, very well kept hanoks

The product, without more, correct 
Not very economical price"
17202019,3.0,Dull but popular cafe
17202019,4.0,Peaceful coffee set back from Bukchon village
17202019,3.0,"Edinburgh, United Kingdom"
17202019,4.0,"My expectations were so high for onion as many people online would highly recommend it.

We had to wait in a long line to get in which is expected for a well known place.

We sat out in the courtyard as most spaces indoors were fully booked and we just wanted to have a quick break from our walk, the weather was perfect either way.

Other than the place being a historical house and looking perfect for pictures the pastries felt a bit dry even though they kept on making new batches."
17202019,5.0,"Must see Seoul! 

Beautiful coffee shop with many homemade pastries (very hearty). Possibility to consume on site around small typical tables."
17202019,4.0,"Leicester, United Kingdom"
17202019,4.0,Nice coffee shop in an old building
17202019,3.0,This place has gone viral and we went bc of the hype. Was fun seeing all the pastries. Line was not long at all. But food is average. None of the pastries were so great. One and done. Would not go back.
17202019,4.0,"Located just off the side street from Yulgok, Onion is a bakery cafe that is located in what looks like was a former temple, and it has kept the design and fee of the area.

They are typically very busy, particularly as it gets after 10am and onwards, people will start lining up for the bread, drinks, and also the feel of the place.

First, due to the area seeming like a former temple, there’s a nice middle area that is just kept very simple, almost like a Zen garden feel.

The entry way and a he bakery are of course operationalized and not of the old temple like feel to it. The front door is where the counter is to pay and such, but to the side of the front door you will need to walk left to get to the bread and baked goods. While they don’t have a huge selection, they have a plentiful variety of different breads. Again, won’t be as much as you may have hoped for, but on par with most smaller bakeries.

Price wise, probably a bit more expensive than other spots, even more so than the more mainstream Paris Bageutte and Tous Les Jour, but not by too much all things considered.

The sitting areas here are all interesting, as there are areas that have that old school bamboo mat fee to them, they have seating that’s in a hallway wooden floor setting like the ones you see in movies where someone will clean it with a rag hunched over moving back and forth. And of course for those not as adventurous they have just standard seating and tables. A seat and area to appeal to all.

The breads I got today were both quite tasty. I think the one I liked better was the dark chocolate croissant, which was flaky, perfectly sweet, and just had that nice doughy texture on the inside. Will definitely get this again if I’m back.

I would recommend visiting Onion, if not for the experience alone of this kind of seating setting, but they also offer delicious baked goods on top of that. I’ll maybe try a drink there next time too."
17202019,4.0,To many tasty options!
17202019,5.0,"Los Angeles, California"
17202019,5.0,The bakery items are well worth the wait-if you can be patient.
27934627,5.0,very nice cafe. good and calm music. the food was good :)
27934627,5.0,Perfect Studio Ghibli café in Seoul - must visit for Studio Ghibli and Kiki fans!
27934627,5.0,"Leeds, United Kingdom"
27934627,5.0,"Derby, United Kingdom"
27934627,5.0,"the place is so stinkin cute!! i love the place and the desserts and drinks are so pretty and yummy! i’m a studio ghibli lover at heart and have been since i was a kid so it’s like a dream come true!! the trinkets are amazing as well, got some stuff from my favorite movies that you wouldn’t really find elsewhere!"
27934627,5.0,"It is cute and recommended!
It is cute with Gigi and Kiki here and there. Desserts are likely to sell out, so we recommend going early."
27934627,5.0,A really lovely cafe a must for any studio ghibli fan especially kiki delivery service ones! Food and drinks were great!
27934627,5.0,if youre a ghibli fan its a must - but be warned they do sell out of things after 3pm !! we arrived at 3:30 and a lot of desserts were sold out 😭
27934627,4.0,It was a cute Ghibli official cafe!!
27934627,5.0,"The cake was a lovely and lovely place! There were also many goods that caught my attention. I want to go to Korea again when I come.
I'm also concerned about rice!"
27934627,5.0,"I had high expectations because I like Ghibli, but it was a great experience and I had a great time beyond my expectations!"
27934627,5.0,"It was awesome, the cake was sweet and the drinks were smooth, easy to drink and the cafe location was just like Corico Café, it was delicious."
27934627,5.0,Cutest cafe ever! Must visit for Studio Ghibli fans :) The interior is decorated so thoughtfully that you’ll want to take pictures of everything. You can listen to the Kiki’s Delivery Service soundtrack whilst enjoying the yummy drinks and treats. There’s also a gift shop!
27934627,5.0,Koriko Cafe was so homie and cute! I enjoyed my visit. I ordered the meat pie set with a strawberry cake. It was yummy ❤️❤️❤️
27934627,5.0,The cafe was really cute and the food was good. I had the dutch baby with fresh strawberry. Next time I'll get the meat pie.
27934627,5.0,"Very cute, lots of space, and staff are kind. Great for Ghibli fans! Drinks and pancake was not too sweet, just right. Oat milk available for lactose intolerant people."
27934627,5.0,"It's so pretty, and there's a lot of stuff that's like the setting in the bookkick movie. It's so cute. The dessert is so pretty, and the music is full of Gibraltar osts."
27934627,4.0,the kiki cafe was so cute and the dessert was so yummy and the drinks were so cute and the jiji ice was adorable and the staff are very friendly i reccomend
27934627,5.0,"The coffee is super beautiful very well decorated, and the pastries/drinks are super beautiful AND good! 
I really recommend!!"
27934627,5.0,Ghibli lovers should go><!!!
8874136,4.0,"Interestingly they do not sell baguettes. They have some scones, tartes and other stuff, including plain croissants. Coffee too. It is an ok place, but with this name we expected something different."
8874136,4.0,"Abu Dhabi, United Arab Emirates"
8874136,4.0,Totally ok cafe with a lot of varied
8874136,5.0,"I was in Seoul with a couple friends from the United States.  This cafe was near our rental apartment and we enjoyed it.  They had a very good selection of pastries, sandwiches and coffee.  The staff was friendly, even though we spoke ZERO Korean and their English was limited.  The cafe has a very nice seating area upstairs with good wifi.  I recommend this place."
8874136,5.0,"Buenos Aires, Argentina"
8874136,4.0,"New York City, New York"
8874136,3.0,"I’m not sure if it was this specific Paris Baguette; in fact, I don’t believe so.  I’ll upload a picture that shows it from the outside so that it is identified correctly.  The place offered the usual standard fare of goodies… I tried a couple of their cookies & they were pretty good.  The place has no Wi-Fi due to availability of super weak lptime."
8874136,4.0,"Quality buns and cake, but more on the pricey side..."
8874136,5.0,Famous Pastries & Bread Of Seoul 🥰🥰🥰
8874136,4.0,"Kuala Lumpur, Malaysia"
8874136,5.0,"Didn’t expect they served breakfast, was just dropping by to buy some gorgeous looking bread but we couldn’t help but ordered some sandwiches & coffee.. surprisingly good."
8874136,4.0,"No disappointment here as you get what you see. It’s baked daily so fresh crispy  and tasty. 
Handy if you’re traveling solo and not very Korean 😉"
8874136,4.0,Rogério - 60+ countries visited
8874136,5.0,"Petaling Jaya, Malaysia"
8874136,4.0,A little pricey but good
8874136,4.0,"Paris Baguette can be found all over South Korea. You are 100% guaranteed to bump into this place somewhere on the street as there are over 2,900 locations. They have sandwiches, cakes, buns, drinks, and pastries. While I was in Korea, I probably came here almost every day to get some breakfast or snack. It’s just convenient and sometimes opens 24 hours.  They even have a few locations in North America, specifically in California, New Jersey, New York, and Pennsylvania."
8874136,4.0,Good For A Basic Sweet Breakfast
8874136,3.0,Good for a quick breakfast
8874136,4.0,Paris Baguette is one of those bakeries that you will never forget with their goods like red bean bread. Their products are fresh and delicious. I wish we had a Paris Baguette place in my country.
8874136,4.0,"London, United Kingdom"
27697272,5.0,Thanks For The Memories
27697272,5.0,"Visited on a Monday morning and it was nice and peaceful at that time.
Plenty of opportunities to take pics without the crowds.
Beautiful place,food and coffee was great."
27697272,4.0,Relaxing by nice waterfalls
27697272,5.0,"Coffee, Friends, and Waterfall Dreams"
27697272,5.0,The most comfortable place to see the waterfall
27697272,4.0,"Edinburgh, United Kingdom"
27697272,5.0,"Guatemala City, Guatemala"
27697272,5.0,"Siquijor Island, Philippines"
27697272,5.0,Beautiful little cafe
27697272,5.0,"Stone Mountain, Georgia"
2228905,5.0,One of the most amazing cafes!
2228905,5.0,A Delicate Pause in Bukchon: Lotus Tea & Kindness
2228905,5.0,Definitely worth a visit
2228905,5.0,"Leeds, United Kingdom"
2228905,5.0,Best experience ever in SK
2228905,5.0,Wonderful Korean Tea House Experience
2228905,5.0,"London, United Kingdom"
2228905,5.0,"Washington DC, District of Columbia"
2228905,5.0,"Rio Rancho, New Mexico"
2228905,4.0,"Newcastle upon Tyne, United Kingdom"
2228905,5.0,Bouffard Pauline laurie
2228905,5.0,A very nice experience for traditional Korean tea.
2228905,5.0,"Went to Bukchon Hanok Village on my second day and after seeing the beautiful hanok, I knew that I need to experience being in one. What great way than sipping on hot tea on a cold day? I didnt know much about the Tea houses in Bukchon so I googled and Cha Masineun Tteul was listed as one of the best tea house in Bukchon. Tried their traditional Korean tea and pumpkin steam cake. Perfect for a cold weather day!"
2228905,4.0,"Manchester, United Kingdom"
2228905,4.0,"After a long walk from the palace to the village, we decide to take a rest over at this beautiful tea house. The tea and dessert have a bit of herbs and flowers added to it. 
Definitely Instagram worthly"
2228905,5.0,A tranquil place to rest your legs and have tea after a long walk
2228905,5.0,"Kuala Lumpur, Malaysia"
2228905,5.0,"Avondale Estates, Georgia"
2228905,4.0,It's a little pricey for us..
2228905,5.0,This place is adorable! It had fantastic tiny tea sets and you got to sit on the floor. There were great views from the seating area also. We went to a couple other tea houses and this one was definitely the best!
3329965,1.0,They don't have Apple Pay or Google Pay!
3329965,5.0,bakery in the station..
3329965,4.0,Yummy food options and for quick takaways.
3329965,4.0,"I love the bagels here.
I visited Korea for the first time in five years and I had decided that I had to try a Paris Baguette bagel, so I enjoyed it.
I stopped in before getting my permanent makeup done.
The store was spacious and had lots of cakes and breads."
3329965,4.0,"Zhongshan District, Taipei"
3329965,1.0,"I had no idea a savory pastry could taste like rubber but it can. I’m no foodie but this is not only overpriced it is quite possibly the worst food I’ve ever bought, anywhere…. It also had a weird burnt flavor with a sickly sweet aftertaste that was bizarrely chemical. It may as well have been plastic. 

They are 100 percent capitalizing on someone else’s culture without putting in any of the work, basic cooking effort, or research. Worst food I have ever spent money on. Don’t go."
3329965,4.0,"Kota Kinabalu, Malaysia"
3329965,3.0,Ok for breakfast but quite pricy
3329965,4.0,Cute bakery with fresh bread and pastries
3329965,3.0,"This place is very convenient with affordable pricing. You will get almost all kinda bread, muffin with different flavours, snacks, chocolates  and so on."
3329965,3.0,"Devon, United Kingdom"
3329965,4.0,"Fayetteville, North Carolina"
3329965,5.0,Very cute place with fresh food
3329965,5.0,"Even though some of their products aren't really french, it feels good to have a croissant or some pastries. You can go there when you have too much Korean food and feel like having some French taste"
3329965,5.0,"Paris Baguette is always a great Breakfast choice in Seoul, love for details, super clean, great Coffee and delicious bakery items"
3329965,5.0,"Dubai, United Arab Emirates"
3329965,5.0,Great for brunch and cake
3329965,5.0,"Swindon, United Kingdom"
3329965,5.0,Awesome and authentic Korean coffee shop chain
3329965,4.0,"Had breakfast for 5 days in a row there. We have found different options every day... sandwiches are really good and the rustic bread with cream cheese is delicious. Since our breakfast was usually about ten minutes before eight o'clock, many items weren't available yet and many shelves were empty. But still, great option for a good breakfast."
7161373,5.0,"I came here for famous waffles. The waffles were warm and filling, coffee was fine, and the place felt cozy. It does get pretty busy at peak hours, but overall it’s a nice spot to sit down and relax for a bit"
7161373,5.0,Was looking for a breakfast spot and saw this on the internet. I haven’t had waffles in awhile so this peaked my interest. I ordered the American Breakfast and it had a variety of items on the player. All were great. The drip coffee was hot and had a good taste. Kudos to the guy that’s makes the waffles
7161373,1.0,"The dining experience at this resort was outstanding! Each meal was a culinary delight, with a diverse menu that catered to every palate. From fresh local seafood to delectable desserts, every dish was beautifully presented and bursting with flavor. The ambiance in the restaurants added to the overall experience, making every meal feel special. Highly recommend indulging in the dining options during your stay"
7161373,5.0,"Los Angeles, California"
7161373,5.0,perfect for sitting back and taking a breath
7161373,3.0,"Kuala Lumpur, Malaysia"
7161373,5.0,"Collingham, United Kingdom"
7161373,4.0,Really good though the food wasn't hot
7161373,1.0,"Said 4 min waiting time but was 30 min even after reminding two times, not much more to say than bad service.."
7161373,5.0,"When you going looking for this ""little"" cafe be sure to look up. Many of the cafes in the area are located on the second or third floor of buildings. We almost missed this little gem on our walk through Myeongdong shopping area. There is actually more then one as like many of the stores in the area, both are really good. Please remember that not everyone speaks English so they have a sign you can point to place an order. Each creation is custom made so it takes a few minutes but it is worth the wait. It is a lot of food for one person so you might want to try a half size or split it with someone."
7161373,5.0,I dream about the mango waffle! Never knew there was such a creation. If you do nothing else in Seoul you must visit this place. Only hope I am lucky enough to get back for another one.
7161373,4.0,Review collected in partnership with this restaurant
7161373,3.0,Looks like a nice place. 20 minutes wait till they do cooking. I could not make myself waiting and left.
7161373,3.0,"Nice cafe with nice waffle! And this is also the first time I see and tried a banana latte (tea and none-coffee drink). We were there for breakfast, the staff did not even tell us they have breakfast/savory menu and we end up with a sweet waffle with fruits and ice cream"
7161373,4.0,"This cafe located right in the middle of myeongdong with a little turn from the main street. It is on top of savoy homan hotel. I loved that this cafe had a homy feeling in it, warm and a bit quite. We had fruit waffle and hot cappucino. The waffle itself was vey good, warm and crispy, but overall was a little too sweet for my liking, maybe because they used canned sweetened fruit, in addition of the sweet whipped cream. Cappucino is great though. If you get tired of shopping in myeongdong you should visit this place to have a nice rest while eating desserts, I mean dessert can be eaten anytime right? At least for me :)"
7161373,2.0,Disappointed with a simple drink
7161373,3.0,Nice place to sit and relax
7161373,5.0,"Dubai, United Arab Emirates"
7161373,5.0,"excellent taste, high price"
7161373,3.0,"Sacramento, California"
5893100,5.0,Coin is THE coffee place in Seoul. Don't miss it!
5893100,4.0,An elegant stop for tea and cakes. Nicely laid out with classic furniture.  My friends reckoned the honey and ginger tea was one of the best they'd had and their shaved ice was pretty good too.  The shop doesn't serve coffee
5893100,5.0,This place is so lovely and cozy. The staff is very friendly and the bingsu is great! A cute place to hang out and relax late in the evening.
5893100,4.0,Mat - Runner & Foodie
5893100,5.0,"Someplace out of time. The host is excellent, the staff cared for. It's so good. It's so good. Coffee a delight, besides in Korea coffee is really amazing everywhere, that's great, and tea a killing, me who is rather coffee, at the corner coffee, frankly I almost converted to tea. Everything is delicate and made to feel good, even the toilet is amazing"
5893100,4.0,"Coffees were hot and miss unfortunately.   Tiramisu was excellent as I could still enjoy the sponge fingers as they were not over soaked as is preferred by a grandchild. Flavour was excellent, strong coffee and dark chocolate.  The shaved ice and mango was a different flavour sensation.  Cappuccinos with a touch of cinnamon were not a great hit. The lattes were okay. Atmosphere  great, service excellent"
5893100,5.0,Charming cafe in fuzzy Myeongdong
5893100,5.0,Good place after shopping
5893100,4.0,Lovely cute restaurant.
5893100,4.0,"We came to this Cafe based on the reviews. Just like any Cafe's in Myeong-dong, the Cafe is on the second floor. Its decor is Victorian style, with different kinds of sofa's, chairs and recliners. With pictures on the walls, the Cafe must have been visited by Korean celebrities. The menu has many choices. We only had coffees and they were good."
5893100,5.0,"Always come here for my tea time as they serve wonderful desserts. Would personally recommend Toast with ice cream as I find the waffle too many fruits , yea it's just me not a fruit lover but if u love fruits go ahead ! Lol. Ladies serving us were nice and friendly too, thanks for the hospitality:)"
5893100,5.0,"Manchester, United Kingdom"
5893100,4.0,"George Town, Malaysia"
5893100,4.0,we went in for some waffles and tea. The place is very cozy like a home. there are many floors and many time of spot to relax. The waffles was delicious and big which we shared among 4 of us. Tea and coffee were great as well. we really like the place!
5893100,5.0,"Kuala Lumpur, Malaysia"
5893100,5.0,huge size and great taste
5893100,4.0,"Manila, Manila, Philippines"
5893100,4.0,Saved me from the cold!
5893100,4.0,"Visited it almost everytime i get into Myeong Dong. It's a small and quiet cafe right opposite Royal hotel. The food is average priced but delicious. I highly recommend the strawberry latte, or the sweet potato latte. For food, i would say the cheese bread (or honey bread) and the Pizza gets to me. Two level sitting allows more privacy for conversation and they have balcony seating for level two, for those who need to smoke :) They are open till quite late at night too.  

http://imgur.com/GMYoq2f (cafe view)
http://imgur.com/IJ99ihN (pizza)"
7376255,4.0,"Nice café, nicely decorated and with delicious drinks! In addition, two sheep live there in a petting zoo (which you can only enter after washing your hands)."
7376255,3.0,"My friends and I had come here for a chill trip. We had ordered 3 baked mushroom pasta, 1 chicken rice and 1 satay burger. The chicken rice and the burger came in around 10 minutes. But the pasta took more than 50 minutes. Though the food might be good, the service one of the worst that I have ever experienced. It was a bad experience for me."
7376255,5.0,The sheep were rlly cute. The cafe owner even gave us some hay to feed them. The sheep area was outside the cafe but the cafe owners were attentive to clean up their poops and urine as soon as possible.
7376255,5.0,"We visited with family and friends.
Thoroughly enjoyed the strawberry bingsoo! 
Resident sheep were clean and friendly."
7376255,1.0,Disgusting Owner Attitude
7376255,1.0,Unnatural habitat for the Sheep
7376255,5.0,This Cafe is Perfect for Ewe! Baaahaha
7376255,4.0,"The variety of food was not impressive but the quality of it was great. This cafe is slightly hard to find but it was worth it as petting the sheep is free as long as you buy food. Some staff were able to speak English too. Overall, it is a great experience for families."
7376255,5.0,Cute sheep and delicious food
7376255,4.0,"London, United Kingdom"
7376255,4.0,"Yorkshire, United Kingdom"
7376255,5.0,Enjoy Yummy Coffee & Play with Sheeps
7376255,1.0,Firstly there are only two sheep! Secondly the cafe seems like a completely separate entity. The cafe is not an animal themed cafe. It seems as though it's just a cafe!!
7376255,5.0,My kids LOVED it here!
7376255,5.0,Camilla Elise H. Finnson
7376255,5.0,"One of the better animal cafes - experience, atmosphere and food"
7376255,3.0,"Abu Dhabi, United Arab Emirates"
7376255,1.0,Please don't go! -- Here's why
7376255,3.0,Unusual cafe in the busy area
7376255,5.0,A quirky & surprisingly economical cafe for sheep lovers!
12868430,5.0,"Enjoy, often go, always go 10G Cafe!"
12868430,5.0,"Coldbrows are delicious. The other is that the menu is poor, but delicious."
12868430,5.0,"Great atmosphere, Quality coffee, bread, salads and desserts."
12868430,5.0,Always warm and friendly coffee shop^^
12868430,5.0,Experience special morning coffee and service with family
12868430,5.0,"Not only 10G drinks, but food is great."
12868430,5.0,Cakes and drinks are delicious. The bar drinks from the summer menu are also beautiful and ice cream tasty! Heart ice on Peanut Edge is cute.
12868430,5.0,Last visit and this time again!! Staff are always friendly and drink coffee lightly. Especially the piece cake is delicious!!
12868430,5.0,"Coffee shop! Thank you always for being kind to you. ☺︎ When you come, you come lightly and avoid the heat."
12868430,5.0,Cafe I want to go again!
12868430,5.0,The best in Yeouido Area
12868430,5.0,"The staff is very friendly and the coffee is delicious!
The cafe inside the hotel is also a good atmosphere.
Desserts, bread, sandwiches, etc."
12868430,5.0,Coffee and sandwiches
12868430,5.0,"The muffins and creampie cookies are delicious. 
I want to keep it fast, so I don't want to buy it a lot. Coldbrough is also clean and delicious!"
12868430,5.0,It's great and the drink is delicious!! Conrad is close to IFC and it's also very accessible! I will visit you often. ~!!!!^^ Quiet and nice
12868430,5.0,"Staff are friendly in a comfortable atmosphere. The coffee is delicious, especially dessert. Evening cake and ice American is delicious!!"
12868430,5.0,"Bakery rice is delicious.
Especially salt bread. There are many cases when you get rid of it early, so you have to hurry. 
All the bread sold except salt bread are delicious. There were many new drinks in the spring menu, but the coffee with strawberry cream was delicious."
12868430,5.0,Conrad Seoul 10G Visit
12868430,5.0,10G cafe where you can have a good time
12868430,5.0,Cafe in the city where you can enjoy delicious coffee and drinks
27491337,5.0,"Dubai, United Arab Emirates"
27491337,5.0,"Great place to have a coffee, matcha latte and their soufflé cakes. Little overcrowded in the afternoon but worth the visit"
27491337,5.0,Beautiful setting - a wonderful stop while in Seoul.
27491337,5.0,"I marked this spot for a must visit place in Seoul for a while until we were finally there last December. There was a little accident with my son mis stepped entering the store and got his shoes wet. The store was beautifully designed and interiorly thoughtful. Young, sleek, modern, comfortable and yet had subtle traditional Korean touch. We were happy that we scored their table that had miniature pond in the middle. We ordered the Matcha fromage cake and the Black sesame fromage cake with a couple of lattes. The lattes were good, quite strong but not too overpowering. The cakes were excellent. Definitely a must visit in Seoul"
27491337,4.0,"Leicester, United Kingdom"
27491337,5.0,Beautiful and perfect coffee
27491337,5.0,"Most ""Instagrammable"" Cafe"
27491337,3.0,"It’s a self service cafe.  If you want to dine in, you need to find your table before placing your order.  We tried the original stone dip coffee, Tangerine sparkle and a Black Sesame Fromage Cake.  Coffee is good, but the cake is just so so and expensive.  Not a comfortable place for a coffee break."
27491337,5.0,Great coffee and cakes!
27491337,5.0,Tranquil Cafe with Lush Decor and Decadent Desserts
27491337,5.0,"The coffee not only looks good from the outside, but also from the inside. The staff was super nice and the drink was incredibly tasty. In summer it is well air-conditioned so that you can spend some time there relaxing alone or with friends"
27491337,5.0,Very aesthetic coffee
12871134,5.0,"Caperata (I love coffee furniture too much, but this place is bubble-rich and intense)"
12871134,5.0,Interesting hidden cafe.
12871134,5.0,"London, United Kingdom"
12871134,5.0,"New South Wales, Australia"
12871134,5.0,Still one of the best cafes in Seoul for me
12871134,5.0,I vote best cafe in Seoul
12871134,4.0,Cute but wish I had more information
12871134,5.0,This is a special coffee house
12871134,5.0,"If you are a coffee lover, you will love the coffe here. This is not your average Korean coffee with creamer and sugar. They offer a choice of fruity notes, nutty notes and dark chocolate notes as well as latte and cappuccino. The coffee tastes good black, but sugar and cream available in the drawers by the water dispenser. I especially love the homemade plain yogurt topped with fresh raspberry jam puree. They also serve pastries. Order and seating on 1F. Additional seating on 2F and 3F. 

Yogurt 4,800 KRW
Specialty coffee 4,500 KRW

Whole beans are ground when you order your espresso or coffee. Coffee is made using pour-over method. Whole beans available for purchase.

The ambiance is amazing. Last time we were here, they were playing a Miles Davis record. This time the records on the turntable were Nat King Cole Christmas music and Eric Clapton unplugged. If you are a coffee-phile or audiophile, you will love this place. Great audio playing on Quart speakers. Good place for a date. 

Plenty of instagrammable photo ops. The decor is well thought-out. The seating is comfortable and invites you to linger to enjoy the soundtrack.

Highly recommend. Would come back anytime we are in Seoul. Hard to find but worth the circling around the block. Look for the narrow alleyway painted with a mural of blue sky with trees."
12871134,5.0,"Inside a very narrow alley, I bet you will walk pass it without realizing there is a cafe within. You might want to try their filter coffee. One of the best and you get to choose from 3 types of coffee beans. Best place to hide in the busy Seoul with a nice coffee and background music."
12871134,4.0,Tran Quoc Tuan (Daniel)
12871134,5.0,Decent coffee place with vintage/antique theme in the heart of town and tucked away in the back alley. There is a little bakery (same owner?) in the same alley that sells great madelleine and mousse.
12871134,4.0,"Great coffee, great tarte, sweets, kind staff, lovely decoration, oldies goodies itself! Such a hidden gem in Seoul"
12871134,4.0,"Hidden along an alley -> alley is next to a Korean Ginseng Chicken soup restaurant and the alley is painted in blue with green trees. 

Great little cafe -> interior seems like its from an old chinese film set. friendly faces who were very accomodating to me speaking zero Korean. 
Great cappuccino as well=)
glad i made it here!

dont think they serve much food but they do have some snacks like pastries"
12871134,5.0,Cafe with good coffee and nice decor
12871134,4.0,Gem hidden in backstreet
12871134,4.0,Retro style cafe hidden in alley
11491966,5.0,"Liverpool, United Kingdom"
11491966,5.0,"Arrive at the airport and take the A'REX to Kongde. The weather was nice and I was dragging my suitcase, so I used the terrace seats as soon as I entered. I thought it was a bakery cafe with a good atmosphere amid the rows of hotels and buildings. It was lunchtime and the restaurant was crowded. The bread selection area is small. I bought a cheese cream bread and a Danish like melon bread with a flat white. They cut the bread into four small pieces and had it with a fork. The flat white cup, which has no handle like a Japanese cup of tea, was very nice because it had a small print on the inside with a picture of a fur seal, the shop's mark. They also sold in the store."
11491966,5.0,The best cappuccino of my life.
11491966,4.0,In love with their mascot
11491966,5.0,Love the cute seal logo!
11491966,4.0,The Ham&Cheese Croissant is addictive!
11491966,5.0,One of my best finds in Korea!
11491966,5.0,My favourite place in Seoul
11491966,5.0,"New York City, New York"
11491966,5.0,"Excellent coffee, pastries, & atmosphere"
11491966,4.0,"I had a black coffee here. It was good and has a good setting to zone out and recharge. 

Seating is limited but there is outdoor seating."
11491966,5.0,"This bakery/coffeeshop is outstanding and even if it is not centrally located it is 100% worth all the long way to go there.
The coffee is outstanding and the bakery products are like in the best bakeries in Paris!
Really really fantastic in every way and not more expensive then in other bakeries.
We will be back for sure !!!!!!!!"
11491966,5.0,Great coffee/pastries and ambience
11491966,4.0,"The high rating was the reason to visit the place, it’s a very good place to have a cup of cappuccino, pastries are very good but in my opinion not the best in Seoul, good if they add more choices"
11491966,4.0,Some of the best TASTING coffee in Korea
11491966,4.0,"Smithfield, Australia"
11491966,5.0,Visiting Seoul and on a walk ran into this cool little place.  Ordered a couple americano’s and a few pastries- sat outside.  Very good all the way around.
11491966,5.0,Good place to hang out
11491966,5.0,One of the best specialty coffee shop in Seoul
11491966,4.0,good coffee and bread
8489196,5.0,Flawless service — and they actually listened to our special request
8489196,5.0,Awesome!! Service was fantastic. They picked up laundry at one hotel and returned to another. Laundry was fresh & clean. I love doing laundry in other countries it always turns out so well. Trust this co. they won't disappoint.
8489196,5.0,Easy place to do your laundry. The female staff member was very helpful. Nice seating and a few snack and drink options. I had a ciabatta and apple juice.
8489196,5.0,"Edinburgh, United Kingdom"
8489196,5.0,This place is so awesome for Doing Laundry in Seoul
8489196,5.0,The ambiance is great and the place in easy to find. Clean and you got to enjoy drinking coffee while waiting. Try to go early as there are only 3 washers/dryers. The owner can speak English and was friendly and helpful.
8489196,5.0,Very friendly and practical place
8489196,5.0,"So glad to find this place to do three loads of laundry under $25. Wonderful seating area to wait (in air conditioning). Super helpful staff person who explained cost and how to work machines. Very clean and beer and coffee are pluses! 

Located in residential area. WiFi available and it was 10 minute cab ride from hotel (Hyatt). You can use credit card to exchange for cash for machines."
8489196,5.0,coolest laundry store I've ever been to!
8489196,4.0,"While walking around in Haebongchon, Seoul we looked in mango plate to see what cafes were recommended - Laundry Project came as one of the top recommendations. We checked it out. I had tea and my friend had their hot chocolate. We both enjoyed our drinks in this cozy little cafe that serves also as a laundromat. A few people were waiting to their laundry while having some drinks or desserts. The owner was polite and it definitely was an interesting place to try out."
8489196,5.0,"Very nice, cozy, clean environment and well run establishment. 
Free laundry detergents and fabric softeners. 
WiFi, lovely tea and coffe with some tasty cakes that’s what makes this place unbeatable."
8489196,5.0,"This was the perfect spot for my hubbie and I to stop by for our mid-trip laundry session. The cafe owner is suuuuuper nice, speaks great English, and they have coffee/snacks available along with everything you need to do laundry (detergent, fabric softener, etc) while you wait for the laundry to finish! 
This was honestly the only self-service laundromat we could find relatively close to Myeong-Dong and we were happy to not have to pay equivalent of $5 USD per undie  with our hotel laundry service. 

Even if you’re not traveling, this cafe seemed to be a favorite spot amongst the locals in the area."
8489196,5.0,"Friendly owner, nice cafe, good washers"
8489196,3.0,"One of few places to do the laundry and try drinks around.
Since the location is not in the touristic area, machines are not busy mostly.
Just visiting to drink coffee and chill is all right.
- They also offer free wifi service.
- Coffee was just okay and wasn't cheap.
- Seating is not comfortable.
- I often see people smoking at the outdoor table. It's a bit annoying. Because this is a residential area and sometimes it's uneasy to keep away while passing."
8489196,5.0,Great place to do laundry!
8489196,4.0,Super cozy café / laundromat
8489196,5.0,Cool and relaxed place for laundry and drinks
8489196,5.0,Only place to do laundry that I could find. Very relaxing place. Can get drinks while waiting for laundry.
8489196,5.0,"I loved the atmosphere and how comfortable the place is. The manager was very friendly and welcoming. If I was staying in Seoul longer, I'd go back again."
8489196,5.0,"The good:
- 3 large washing machines (including a XL taking up to 15kg!) + 3 dryers (both take 40 minutes for 1 cycle). 
- Only 4,000 won per cycle (XL = 6,000). 
- Clear English instructions. 
- Includes use of detergent, softener and iron. 
- English speaking staff. 
- Nice atmosphere and funny books. 
- Free WiFi. 
- Nice coffee, tea and even Dutch stroopwafels. 
- Less than 5 minutes walk from the bus station ""Busong Girls' Middle and High school entrance"" (for blue busses 402 and 405). The hills may be steep, but nothing out of the ordinary. 

The bad:
- Nothing. 

The ugly (totally our omission):
- We did not see that on Tuesdays, the shop opens at 1pm, although this is clearly mentioned >_<"" (PS. Every first Tuesday of the month the shop is closed). Luckily for us the Namsang Tower is only a 30 minutes walk from this laundry shop (there is an entrance next to the above-mentioned bus station). 

Thus, highly recommended!"
9360216,5.0,"Must to visit, taste and shop"
9360216,5.0,"This cafe did not fail to amaze us at all.
Everything looked amazing on display and we wanted to try as many things as possible.

The rice cakes and matcha cake that we ended selecting were just so delicious, and we paired it with two different types of tea (moon walk and Tangerine Samdayeon Jeju)

After enjoying our snacks while sitting in the balcony we got to walk around the cafes garden and shop so we could take some of the items back home."
9360216,5.0,"to try the local Korean chai chai.
I get out of the car and I see a green tea field.
It's obvious to see the tender tip of the tea tree cut off.
Presumably to provide fresh tea powder in the store.
Tried a couple of drinks with tea.
Tea latte. Tea tastes a little light.
The milk smells good.
There's a lot of tea powder on top of the tea cake.
The cream smells good too.
Orange-flavored annulus cake.
The ice cream with the milky flavor is delicious.
A little tangerine flavor with milky notes.
The environment is really great.
And the tea made on site is packed.
turned into a decoration like a production line.
The roof is also very design-conscious.
You can go to the back garden.
could reap the surprise of Teddy in the driver's seat.
The food is average.
But experience 💯"
9360216,5.0,Very nice and fragrant place
9360216,4.0,"Quezon City, Philippines"
9360216,5.0,My green tea go-to heaven
9360216,5.0,"My favorite place for green tea. I visit here often and love their double shot green tea, their green tea bingsu, green tea Alfredo, their cakes and the overall atmosphere. Very spacy place with an indoor shop on the bottom floor. I always buy teas for home. Wheelchair accessible as there is an elevator. On the Main Street of Gangnam-daero, just steps away from one of the exits of Gangnam station. Lots of comfy seating, as well as larger table to do work. Free tasting tea offered to try. If you love green tea, come here and check this place."
9360216,4.0,"Drinks & desserts there are always superb! Service in Insadong branch is the best. 
Bokchon Village & Myeongdong beach service is HORRIBLE!!! Servers look like they’re not happy to serve at all. 
Nonetheless their products are really good, so I’ll still go there for an ice cream fix."
9360216,5.0,"I have been going to O'sulloc for years, but only recently to the one in Gangnam. This location suits me well as it is very close to my home, so I often go there for some good green tea or green tea desserts. I like how spacious it, and of course the quality of their tea and desserts. I am including pictures from my last two visits this week."
9360216,5.0,Great cafe to chill. Great mocha ice cream
9360216,5.0,"Great balcony, amazing matcha in a very hip district of Seoul. Totally recommend. The cakes looked delicious."
9360216,5.0,"Went there for a cup of my favorite latte and found out that that was the best green tea latte I had so far..!!
Pricey though.. but they sell high quality powdered green tea. Green tea latte was awesome and also the green tea roll cake. I love it to the moon and back..!!"
20324162,5.0,A very good experience
20324162,5.0,Unique dessert experience
20324162,5.0,Best Dessert Ever!!!!!!
20324162,5.0,Coffee Pairing Course
20324162,5.0,"Such a unique experience if you’re ever in Seoul. The staff were great and really explained each dish. We did the tea pairing  course, fantastic desserts and tea!! Must visit"
20324162,5.0,"Beautiful location, stunning desserts , a hidden gem- would recommend everyone to come try this. The tea and desserts are beautiful and tasty, everything compliments each other. The staff are also super friendly- such a lovely experience"
20324162,5.0,"Wonderful dessert variations in a beautiful atmosphere. In addition, different, equally tasty drinks. Anytime again!"
20324162,5.0,Best modern omakase tea in Hongdae
20324162,5.0,Stunning desserts and coffee
20324162,5.0,Coffe & Desserts for your eyes and taste
20324162,5.0,"Great way to start your trip in Seoul, Korea"
20324162,5.0,Coffee omakase - paired with michelin level desserts. Highly recommendedd! Great value for money. Attention to detail and storytelling is highly skillful.
20324162,4.0,"Beautiful desserts and teas, a really lovely experience. The Jacksal tea was phenomenal and the hanbok-inspired dessert is so beautiful"
20324162,5.0,Very nice dessert omakase experience
20324162,5.0,Such as special and unique experience to wrap up our South Korea trip. Truly amazing and such excellent service
20324162,5.0,A must try for dessert fans in Seoul!
20324162,5.0,Great local inspired desserts!
20324162,5.0,"미국에서 왔어요! 다 디저트와 차가 너무 맛있었어요. 직원도 친절했어요. 완전 추천 👍. 다시 돌아올 게요! I'm from America! The desserts and tea were all so delicious. The staff was kind, too. I completely recommend. I'll be back!"
20324162,5.0,Where to enjoy Korean emotions at the table
20324162,5.0,Excellent coffee/dessert pairing
4050362,5.0,"Best coffee maker in Korea. Everything there is extremely delicious, the coffee, the breads, the cakes all a true work of art."
4050362,2.0,"Poor selections, poor service."
4050362,5.0,TLJ never disappoint. Their bakery selection are always too scrumptious and we wnt on a french baguette hunt throughout our 5 days stay. Tried the french baguettes at a few bakeries around Myeong dong and the one from TLJ turned out to be THE best and THE cheapest of them all. Love love love!
4050362,4.0,"Another good chain with a wide assortment of patisserie, bakery, sandwiches...with good coffee an beverages. Important: friendly staff. If you like western standards, this is the place. As usual, a bit pricey but it worths. A pleasant place"
4050362,4.0,"This is a great place for a quick morning breakfast or anytime snack throughout the day. You can take your tray around a wide assortment of breads, rolls, muffins, croissants, cakes and more and pay at the counter. Being a vegetarian, I struggled to find enough savory baked options,but managed to get the the garlic naan with refreshing cold salsa dip sauce. There's also a juice station inside that serves healthy and fresh juices."
4050362,4.0,One of my favourite bakery
4050362,4.0,"Kuala Lumpur, Malaysia"
4050362,4.0,"Singapore, null, Singapore"
4050362,5.0,Good Cup of Coffee / Service with a Smile
4050362,4.0,"Breakfast pastries, coffee, tea"
4050362,4.0,Yummy bread and Korean mochi
4050362,3.0,Great coffee and breakfast
4050362,4.0,"nice and relaxing place. we had a great breakfast tasting different drinks: iced tea, iced coffee and american one. kind personnel!"
4050362,5.0,This is my favorite bakery in Seoul. Everything there is so good and the prices are very reasonable. I ate there every chance I got :)
4050362,5.0,They sell very good quality bakery items including some France imported candies and etc... I love their environment and their camomile tea cos they are using fresh camomile flowers to brew instead of common teabag...
4050362,3.0,"When you see a fancy French name outside, you would expect to see fancy French stuff inside.  However, I can only say that the items are what one would expect to see in a bakery.  Everything looked fresh and appetizing, but then again so did they at other bakeries I visited.  There is disappointment when you see the items.  There are a number of bakeries, not to mention coffee shops along Jongno,, where you can buy bakery items, sandwiches and breads at same or reasonable prices.  Do not go out of your way to visit Tous."
4050362,4.0,"Exiting Ramada Dongdaemun hotel, we turned left and walked. After a few minutes we were surprised to find this large, French-y bakery. Upon entering, we were transported to baked-goods heaven. Fresh bread, sweet and savory pastries, cakes and good coffee. Can one ask for more?"
7808179,5.0,"Excellent way to start the day, photos match!"
7808179,5.0,800th branch in Korea
7808179,4.0,I am not a fan of Starbucks but this branch is the prettiest branch in South Korea. The design is so beautiful and modern.
7808179,4.0,Large and crowded Starbucks in excellent location
7808179,3.0,"Nice place but super crowded, no chance to experience"
7808179,4.0,"Gloucestershire, United Kingdom"
7808179,4.0,Great place to catch up
7808179,5.0,Beautiful place to relax
7808179,5.0,"Beautiful building, dead in the morning but full of life at night"
7808179,5.0,Starbucks with a view
7808179,4.0,This Starbucks was neat and very different. I would recommend a visit if you are in town! As always good coffee!
7808179,3.0,Starbucks what more can I say
7808179,4.0,basic Starbucks in fascinating architecture
7808179,4.0,"Amsterdam, The Netherlands"
7808179,5.0,"Christchurch, New Zealand"
8737552,4.0,A relaxing cafe halfway between Bukchon and Gyeongbokgung Palace
8737552,4.0,Great variety of pastries and sandwiches and bakeries
8737552,5.0,"Absolutely amazing bakery that blew me away. Their mascarpone cream cheese croissant made me want to dance and scream, it was so stupidly yummy. I loved the vibe and design of the cafe. Awesome place."
8737552,5.0,"London, United Kingdom"
8737552,4.0,"Kaiserslautern, Germany"
8737552,5.0,Laugenstange in Seoul
8737552,5.0,They even have Laugenstange ...
8737552,5.0,"Washington DC, District of Columbia"
8737552,5.0,"Fine Bakery, Cozy Space"
8737552,5.0,Excellent bakery & pizza!
8737552,5.0,"A friend and I stopped here for lunch during our exploration of Bukchon. We were in the mood for Western food and this charming two-story restaurant proved to be an excellent choice. The first floor features a coffee shop and bakery with myriad tempting pastries. Stairs lead to the casual second-floor dining room and outside terrace. At 2 p.m., customers sat at only two tables in the dining room so the space offered a quiet, relaxing atmosphere, away from the hordes of tourists outside.

A greeter showed us to a table by the windows, which face the street, and gave us English menus. Offerings included a 3-course daily special, pasta, pizza, fish, meat, soup and small plates. We opted to share one of the salads and ordered two bruschettas topped with salmon and avocado. The tasty salad came loaded with fresh ingedients and nicely dressed. I considered the  bruschetta to be heavenly and especially enjoyed the black bread with purple crust. Squid ink contributed to its list of ingredients.

Service was European style — professional and impeccable. We needed to signal when ready for the bill. Otherwise, we could have lingered as long as we wanted to do so. 

When we left around 3 p.m., customers almost filled the first floor. It looked like a wonderful place to take a break from visiting nearby palaces and gawking at traditional architecture."
8737552,5.0,"Halle (Saale), Germany"
8737552,4.0,"Wood and Brick is a western themed bakery and restaurant that gives off quite an upscale vibe. The price is closer to mid-range around 20,000 to 30,000 won per person for the restaurant with a wide variety of western food choices like pasta.

Table service here is excellent and their English menu is comprehensive. Pasta is not bad and seems like they use their own noodles. Walkable distance from Changdeokgung or Gyeongbokgung palaces. Good place to visit if you want a break from Korean food."
8737552,4.0,"San Francisco, California"
8737552,5.0,great selection and superb coffee
8144596,5.0,Very nice welcome and very cozy atmosphere.  Traditional and medicinal herbal teas
8144596,4.0,"Cozy atmosphere inside. Friendly staff.

Preferably all people entering should at least order one each.

Home made."
8144596,5.0,Warm and calm place. I loved it !
8144596,5.0,Beautiful cafe with great traditional korean food and very hospitable staff. The vibe was very calm and relaxing. Would recommend people to go here
8144596,5.0,"It was a pleasant atmosphere felt from the photos to visit. There were many kinds of tea in the traditional coffee shop, and with the recommendation of the boss, we had a comfortable and enjoyable time.❤️"
8144596,5.0,I came here to eat something very Korean!
8144596,5.0,Relaxing atmosphere and delicious tea and food. I had the Magnolia tea and red bean porridge and both were very good. Highly recommend if you are looking for a cafe that focuses more on tea than coffee drinks.
8144596,5.0,Loved the atmosphere. Blossom tea was lovely. Persimmon with walnuts refreshing. You can ask to make them sugar-free!
8144596,5.0,The atmosphere is good.
8144596,5.0,Wonderful traditional Korean tea house in the heart of Seoul
8144596,4.0,"It was a lovely interior and I thought it was authentic and smelled like Kampo from the time I entered.
You can choose according to your physical condition at that time,
It's going to work on your body."
8144596,5.0,"Philadelphia, Pennsylvania"
8144596,5.0,Great traditional tea house
8144596,5.0,We visited this place on Christmas Eve. Heavenly  teas and deserts. The owner is a wonderful host. We highly recommend this tea house.
8144596,5.0,Very hospitable service and some of the best green tea that I have ever tasted. The service is top notch. Would recommend!
8144596,5.0,"Traditional Korean tea house! Super charming and cosy. It has minimal value for consumption and the price of the teas are high. between R$20-40,00 a cup."
8144596,5.0,"Rotterdam, The Netherlands"
8144596,5.0,"We had very tasty teas and traditional desserts here!  The menu was quite extensive and the ladies working the shop were super friendly.  We were also shown where the hot water was to brew a second cup of tea with our leaves, so we were able to chat longer and enjoy more delicious tea.  We tried the mulberry ice and the persimmon and walnut traditional snack to go with tea and both were also fantastic.  Highly recommend stopping here!"
8144596,4.0,Traditional Korean snacks & Drink.
8144596,5.0,Traditional tea room with lovely ambiance
9565171,4.0,The worm at the lunch.
9565171,5.0,"New York City, New York"
9565171,1.0,"Afternoon tea... No reservation, no service."
9565171,2.0,"딸기로만든 메뉴가 가득해서 기분도 좋고 기대로가득찼었는데... 첫 케이크에서 머리카락이 나왔습니다... 인형머리카락이라고는 하는데... 그래도 찝찝... 딸기와 초코시럽 사이에 숨어있어서 하마터면 먹을뻔했네요....

It was a barbie themed buffet with various assortment of desserts. I really looked forward to it but found strand of hair in between strawberry and chocolate syrup...
 They said it was barbie's hair... not a pleasant experience."
9565171,4.0,"A very good view of Dongdaemun, cozy atmosphere, and creative bingsu"
9565171,5.0,the best bingsu in town
9565171,5.0,"summer sweets!
very very nice place always! 
location is perfect, delicious food, kind steps!
동대문 위치가 아주 장점이고
시즌별 행사가 아주 다채로운 활기 넘치는 호텔!
이번 시즌 새로운 빙수 키티 빙수!
재미있고 정말 달콤하고 맛있어요❤️"
9565171,5.0,"Metro Manila, Philippines"
27514995,5.0,Beautiful view of the city
27514995,5.0,Joy of the aesthetician)
27514995,5.0,stunning place to have a coffee at
27514995,5.0,Thank you very much ^^
27514995,5.0,Perfect sensory and service!
27514995,5.0,Very nice view and good coffee
27514995,5.0,"The very quiet place perfect to relax, very warm staff. You might even have a gift pack of coffee."
27514995,5.0,"Delicious coffee, feeling good view"
27514995,5.0,One of the best coffee in Seoul
27514995,5.0,"San Francisco, California"
27514995,5.0,"The café is located on the 7th floor, with an accessible rooftop. The view of Seoul and Han River is superb. Clean atmosphere, few drinks to choose from (tea, coffee or beer)"
27514995,5.0,The staff are so friendly and kind. The dessert is fresh and delicious and the coffee is so rich and refreshing. This spot is perfect after work or on a day off when you just want to relax and look at a good view.
27514995,5.0,"Warm cosy feeling, and best coffee!"
27514995,5.0,A must visit when in Seoul!
27514995,5.0,Sunset Cafe With Amazing Food!
27514995,5.0,Must Go-To cafe in Seoul
27514995,5.0,"Amazing spot! Great, friendly staff and excellent location to watch the sunset. Would highly recommend. Coffee is amazing too!!!"
27514995,5.0,"The view is great. I'm relaxing.
A place to make a good time!
I'll come next time.
If the weather was better, we could see more beautiful landscapes."
27514995,5.0,Take a cup of coffee and have a good time in the hillings. ♡♡ ♡ ♡ ♡ ♡ ♡ ♡ ♡ ♡ ♡ ♡ ♡ ♡ ♡ ♡ ♡ ♡ ♡ ♡ ♡ ♡ ♡ ♡ ♡ ♡ ♡ ♡ ♡ ♡ ♡ ♡ ♡ ♡ ♡ ♡
27514995,5.0,Fantastic and highly recommendable!!!
18415520,5.0,Such a fun experience for fans! :)
18415520,5.0,"I couldn't miss going to a themed-cafe while in Seoul. 934 Kings Cross was really well done, a lot like Universal Studios Wizarding World in Florida, USA. I got a latte included in my entrance cover (20,000 won) and a mandrake cake. The mandrake cake was really good. The puzzle they give you took me about an hour total with eating and enjoying the atmosphere. Definitely do it if you like Harry Potter and/or have some time to fill."
18415520,1.0,"I was told there was a 20,000krw entrance fee only after I already paid for my overpriced drink. The butterbeer was undrinkable and was made of  simple caramel syrup and sparkling water."
18415520,5.0,Full of wizarding delights!
18415520,5.0,A must do for every potter fan out there ! The cafe  is spread out over like 5 floors each with a theme ! I’ve tremendously loved it !
18415520,4.0,Fun for HP fans and non-fans alike
18415520,3.0,"All right. As a Harry Potter fan, this is a little disappointing. I probably had a little too high expectations about how ‘witchy’ the place would give, because it unfortunately did not meet my expectations in that area. The coffee was normal. Many cool effects to watch, but drinking coffee there we probably do not again."
18415520,2.0,"Champagne-sur-Seine, France"
18415520,4.0,"Amazing Harry Potter themed cafe in the middle of Seoul! While a little pricey, it’s worth buying an hp themed drink just to go inside and walk around. There are several different floors, all Harry Potter themed."
18415520,5.0,"#Cafe, nice to sit in, #HarryPlotterCafe style as they say, if you come to #Seoul you should stop by... This time, we're going full force. We're the first to come. Others focus on drinks. We packed a lot for lunch... The decorations are very beautiful and chic. The shop is in the #Hongdae area."
18415520,3.0,"I am a massive Potterhead, so how could I not give 943 King's  Cross 5 stars?"
18415520,2.0,"Whitefield, United Kingdom"
18415520,4.0,Harry Potter themed cafe in Seoul
18415520,2.0,Needs to crowd manage better
18415520,3.0,"Arnhem, The Netherlands"
18415520,5.0,Let some magic into your life
4083902,2.0,"Food is okay, service-watch out!"
4083902,4.0,Nice view of Myengdong if you can snag a table by the window!
4083902,1.0,The sandwiches were very soggy lettuce was brown and inedible. We think that they were made the night before.  We won't be back.
4083902,5.0,Excellent Shake and Cake
4083902,4.0,"Abu Dhabi, United Arab Emirates"
4083902,5.0,Best cheese cake ever
4083902,4.0,"Great Cake, Good Coffee but..."
4083902,1.0,"Seremban District, Malaysia"
4083902,4.0,"The one we went is near Pacific Hotel. We went there twice during our whole trip. We had the tiramisu which was very good, sweetness was just right. All their desserts were very appealing and we actually wanted to try a few of them. But we didn’t have much space for dessert and each portion of the cake was quite big. Will definitely try some more dessert in next trip."
4083902,5.0,"Upper Darby, Pennsylvania"
4083902,4.0,"Ruislip, United Kingdom"
4083902,4.0,"Emsworth, United Kingdom"
4083902,5.0,Delicious strawberry cake
4083902,4.0,Recharge in  Myeongdong
4083902,4.0,Awsome chocolate muffins
4083902,3.0,Location at myeongdong is a plus point very crowded. Coffee taste is average and open until midnight.
4083902,5.0,Nice coffee shop in Korea
4083902,5.0,"Nice drink, nice cake, nice environment. The price is reasonable. Many outlet in Seoul. Sure will come back again 😁"
4083902,4.0,Nice deco place for coffee and cakes
4083902,4.0,"I came here during my Seoul trip last April to do some work and I ended up people-watching. The windows facing Myeongdong street can make you do that. I like the Caramel Macchiatto, and the baristas can speak English so it was easy to order. 

The cafe is right beside a mini-grocery/record store. There are lots of people coming in and out but I felt secure enough to leave my things to go to the restroom, which was nearby."
12837607,5.0,Great place for a sweet cafe snack and coffee
12837607,5.0,"Excellent!!! The scones are super good, so are the drinks. The atmosphere is very nice, I will come back during my stay in Seoul!!!"
12837607,4.0,"We started our day with this superb cafe and coffee, it’s close to the Korean tradition village.  Service, food, clean everything in one place.."
12837607,5.0,"Glasgow, United Kingdom"
12837607,5.0,"Edinburgh, United Kingdom"
12837607,5.0,"London, United Kingdom"
12837607,3.0,"It's close to Anguk station, bright and simple decoration inside. Plenty of breads and pastries are displayed. Visited three times, it's always busy, yet doesn't feel noisy or crowded.
Good for brunch."
12837607,5.0,Delicious cake and beautiful cafe
12837607,5.0,"East Haddam, Connecticut"
12837607,5.0,"Effretikon, Switzerland"
12837607,1.0,Luv_ Rachmaninoff_No2
12837607,4.0,Happy Encounter - 開心的相遇
12837607,5.0,Becoming a Sweet Treat Maniac!
12837607,4.0,"Western Australia, Australia"
12837607,1.0,"Apart from the variety of cakes and pastries, they tasted mediocre and not worth the price tag. They cost an average of 5,000 to 6,500won but it did not live up to the hype such as the banana cake. In addition, the dine in policy is one cake/pastry and one drink. Hence, per person spending will exceed 10,000 won. This strict policy will probably turn customers away. Moreover, the customer service is not fantastic too. 

Good points of this cafe would be the aesthetic and vibes. Other than that, I personally feel that it is not worth visiting."
12837607,1.0,Don’t accept teenage children
12837607,4.0,Adventure beyond imagination
12837607,1.0,*** RIDICULOUS ESTABLISHMENT ***
12837607,4.0,"On my way to Bukchon Hanok Village and stop by this cafe, situated short walk after  coming out from Metro Line 3 - Anguk Station exit 2.  

This is the type of Korean cafe with a feel of European style in terms of coffee making, desserts.

Quite crowded but a nice place to chill for a while."
12837607,1.0,"Okinawa Prefecture, Japan"
10423781,4.0,very cool gallery/cafe space
10423781,4.0,"Good atmosphere enjoying coffee, bread."
10423781,4.0,The interior is nice and very vintage
10423781,4.0,"Maybe ""hipster cafe"" is the wrong phrase to use in Korea, but you get the idea, I think.  This is a converted warehouse with really trendy art and people taking selfies all over the place.  The industrial chic vibe is pretty cool.  Coffees are not overpriced, but some of the sweets are."
10423781,5.0,Amazing place to hangout
10423781,5.0,Great place and coffee
10423781,5.0,"An industrial wear house that have turned into a art-gallery and cafe. It is in Seongsu-dong in a hip neighborhood also referred to as the Koran Brooklyn. I had seen pictures of this place from a Norwegian lady living long time in Busan and shared a lot of pictures from her experience as an expat family living in Korea. From her pictures on Instagram I knew I had to find this place if time allowed. It was a perfect place to have brunch. How to get there: Seongsu Station (Seoul Subway Line 2), Exit 3."
10423781,5.0,Art + Food + Coffee = Love
10423781,5.0,coolest cafe in seoul
10423781,5.0,Hipster warehouse cafe!
28276348,4.0,"First use the app position, to the scene soon entered the seat, drank hot soup and peppermint pudding French toast, on top of the toast has peppermint, when I got the sauce below has been a little warm, not very amazing, but you can still come to eat and see"
28276348,5.0,"Daly City, California"
28276348,5.0,Delicious variety of breads fresh out of the oven!
28276348,5.0,SUPER WORTH GOING! BEST FRENCH TOAST!
28276348,5.0,"The bakery has all kinds of baked treats and baguettes, and its corn avocado is delicious and must-try for breakfast"
28276348,5.0,"🍞 Grilled Butter Pudding French Toast

Thick slices of toast are first pan-fried in butter until fragrant, then sprinkled with powdered sugar and torched to a crispy finish. On the griddle, a ring of custard sauce is poured around the toast (with an extra slice of bread underneath to keep the main toast from getting soggy – so thoughtful!). The bread is crispy yet soft, with a rich buttery flavor. This French toast has a more substantial bread texture! Although I usually prefer the smooth, pudding-like texture, this one was absolutely delightful and satisfying (and super indulgent~).

Basking in the 7°C sunshine, enjoying the toast, and watching the baker knead the dough and put it into the oven – so chill, so relaxing, such a perfect holiday vibe!"
28276348,5.0,Extra Thick French Toast in Seoul
11960076,1.0,"Unfriendly, unfriendly."
11960076,2.0,Forget the culinary experience
11960076,5.0,"I had given up hope of being able to actually experience high tea here, as I had asked someone to book on my behalf and they forgot! But we turned up in the morning and they showed us in! I felt so happy! It was sublime and I had an absolute amazing time. The food was excellent and I will treasure the memories I made there."
11960076,1.0,Stay away from this cafe!
11960076,2.0,Disappointing Customer Service
11960076,5.0,Dior Cafe for Mother's Day
11960076,1.0,Poor service and over priced scam!!!
11960076,2.0,Came here of course for the
11960076,4.0,"Dubai, United Arab Emirates"
11960076,5.0,Not to be missed! Ladies must go go!
11960076,5.0,"位於美麗的 the House of Dior 的五樓，身處 Tulip 外型的花冠部分，你可以安坐 Cafe Dior by Pierre Herme, 優雅地品嚐他們的法式甜品、 三文治、雪糕及特色飲品，最適合等朋友血拼時休息"
11960076,5.0,"Abu Dhabi, United Arab Emirates"
11960076,4.0,Best tiramisu you can eat
11960076,3.0,It's all vanity; way too expensive
11960076,4.0,"San Francisco, California"
11960076,4.0,Stylish Luxurious French Dessert Cafe
11960076,5.0,This cafe is amazing. I come here every year with my family. The service is always amazing as are the desserts. The building is beautiful as is all the decor. Such a wonderful place- well worth the high prices.
11960076,4.0,"Beautiful, Elegant and great desserts"
11960076,5.0,"I love this place so much, it is insta worthy and also the food is very nice. The toilet is part of everything as well lol, I love the toilet.

Please check on my vlog for more information (EN CHANNEL): search by title
#7 TRAVEL BLOG DAY 6 SEOUL - DIOR CAFE - COMMON GROUND"
11960076,1.0,Buying a feeling of uncomfort
10769727,5.0,A piece of France in Myeongdong
10769727,4.0,Beautiful and tasty ice-cream
10769727,4.0,A nice cafe to rest your legs in Myeongdong
10769727,4.0,Delicious coffee and cake
10769727,4.0,"Penang Island, Malaysia"
10769727,4.0,"Needed a break from all the shopping. Found this somewhat  ""french"" in decor cafe . Small but cosy. 2 floors up. We had coffees and ""RealGrapefruit Drink"" juices that cost a whopping 13,000 won each, LOL"
10769727,5.0,"Tamuning, Mariana Islands"
10769727,3.0,"favorite cafe for chilling, even crowded and drinks / desserts / bons bons are very worth the money and taste !!! i especially mango bons lol and grapefruit drink!!!"
10769727,5.0,Favorite cafe in Seoul
10769727,5.0,"Dubai, United Arab Emirates"
10769727,4.0,Good taste of desserts in Myeongdong
10769727,4.0,gimmicky and expensive
10769727,4.0,Instagram friendly desserts that actually taste good
10769727,4.0,"Pricey but good. Ordered the desserts (can't say was a drink because it was ice underneath) top with mangoes and lots of mangoes 16000won. For the price, there were abt 3 mangoes and my boys were so satisfied. Will go back again definitely because it was unforgettable."
10769727,4.0,I had a strawberry bon bon and it was really  fresh. You may share with your friends as it was quite a huge portion to finish alone :)
10769727,3.0,Highly recommended to come for drinks.
4100729,4.0,"Perfect place for couple dates, Mouse Ravit Coffee"
4100729,4.0,"Los Angeles, California"
4100729,4.0,"This cafe is a little hard to find at first, at least it was for me.  However, the staff is friendly and the atmosphere was peaceful.  I enjoyed simply sitting and resting there a while and loved the cookies and coffee.  Very tasty indeed."
4100729,5.0,Cafe’s atmosphere is warm and good for chill out. We had sparkling americano and cafe latte. Both are perfect. Their cheesecake is very delicious. Recommended.
4100729,4.0,"If you're a huge fan of SJ or just of cafe hopping in general, you need to visit this place. Apart from the usually crowded weekends, a cup of coffee here will be absolutely refreshing because of the atmosphere. The prices here are not exactly the cheapest but for the quality of food you're getting I think it's amazing. For all you SJ fans out there, if you're lucky, you'll have Yesung's mother/father/brother serve you food!"
4100729,5.0,Visited the cafe when I went to South Korea and the atmosphere is so cosy and comfortable. great coffee and great food as well!
4100729,4.0,"Loggerheads, United Kingdom"
4100729,5.0,Nice place to hang out if you're SJ fans
4100729,5.0,"Walnut Creek, California"
4100729,5.0,Went here for an afternoon coffee and was pleasantly surprised with their cappuccino and Camembert Cheesecake. The interior is very detailed and has a very chill vibe. Would come again!
4100729,5.0,"I can't find a non caffeine / tea hot breverage of my choice so I settled for a mocha plus a tiramisu. 
I came specially to see what this cafe would be like. 
I came on a Friday afternoon which happens to be my birthday too. Was gald and surprised there's not much crowd. 
I am able to spend a good 2 hrs just chilling out. 
I can't say much for the F&B though."
4100729,5.0,"Buenos Aires, Argentina"
4100729,5.0,"Actually,  I never write reviews, but this one is special. 
First of all, i went to that place because of my friend who was a big SJ fan. And now I should admit that ""Mouse and Rabit"" is my favourite coffee place in Seoul. Seriously. The atmosphere is warm and it feels cozy and calm,though it has a lot of people inside. 
I tried 다방라테. It tastes like a simple Latte but a bit different. As for me, this taste is the best one. I don't know how they do it. But it is the best. ^^ 
I think this place is a ""must"" cafe for those,who like coffee and  a warm and cozy atmosphere. 

And thanks for the owner and stuff, who makes it: ) You make it great^^"
4100729,5.0,Comfortable coffeehouse
4100729,5.0,"I visit this cafe when I traveled in Korea at last summer. It is quite a good place to take a rest. There is a weakness of this cafe is the location is a little bit difficult to find. When we get off from Konkuk university station, we turn around and go through some streets and finally found it. Besides the location, overall this place is worth to visit. First, the environment is very good. The sitting place is located on the second floor of the cafe. Even though the place surrounding ""Mobit Cafe"" is residential area, the air is not dirty because there is less car going through the street. Inside the cafe, there is clean and the light color is yellow, it's turn back the clock. Then, the food is delicious. I tried a blueberry cheese cake and green tea latte. The sweetness of cheese cake and the concentration of the cheese is rational."
4100729,4.0,"Laguna Province, Philippines"
4100729,5.0,The place is so beautiful and very relaxing! The coffee is delicious! It's near to the subway station so is very easy to go!
4100729,5.0,"don't come because you want to see yesung ,, but come because you want to enjoy coffee and meals there. if you come just to see yesung it would hurt his feelings ,, so come and just enjoy the coffee and meals there .. yesung will ensure that there is a good meal and that isn't disappoint"
4100729,5.0,Great place whether you're a Super Junior fan or not
4100729,5.0,Nice cafe great enviroment been here many times. They offer goods drinks and decent cakes. The place is overly crowded especially when yesung is there which makes it a little hard and have to wait long in line. If you want to try you can go in between 11 to lunch its usually crowded in the evening.
3602318,3.0,It was okay for a chain
3602318,4.0,"This review was for the Twosome Place in Sokcho, not in Seoul"
3602318,4.0,🍓 🍑 mousse with mixed flavors and bright colors
3602318,3.0,"Very Nice place, but as you have to ordet yourself, it is quit impossible becource you dont read or speak Korean. I had to leave without coffe. Sorry , you Can do better."
3602318,5.0,"Amazing view, privacy is overrated"
3602318,4.0,"Loved this shop. Good cofffee and tea, and even better cakes. Not only does the food look appealing, but they really taste good."
3602318,5.0,Impressive!! We watched the sunset with a bag of candies and a beer and it was amazing! We went up with the car cable and then took the elevator.
3602318,4.0,Good view from N Seoul Tower
3602318,4.0,"Good cafe latte! Quick service as well!
A Twosome provides free WiFi and the password is available on your receipt :)"
3602318,3.0,Soy mocha latte was so-so. The coffee was weak with strong chocolate flavour. Chocolate mouse cake was average too.
3602318,5.0,the best tiramisu ever!
3602318,1.0,"Great concept to specialise in deserts and coffee, and nice decor, BUT truly awful deserts. Tiramisu rock hard and tasteless. Chocolate mousse cake also hard and tasteless. Don't waste your time or money."
3602318,4.0,"Went in Myeongdong, had a nice view from the balcony. The price is affordable for what you get and it tastes alright. Will visit again."
3602318,4.0,Great sights and coffee
3602318,5.0,Amazing coffee & Delicious sandwiches
3602318,5.0,After climbing the many stairs to reach the tower you may find yourself very thirsty!  Twosome Place is a great place to stop for a cool drink and a snack.
3602318,4.0,"Los Angeles, California"
3602318,4.0,"Christchurch, New Zealand"
3602318,4.0,Twosome Place N Seoul Tower Store
3602318,4.0,"We didn't come here to eat because we'd just dined at The Best Burger in Seoul at the bottom of the tower (which, by the way, might actually serve the best burger in Seoul.)  We  came for an after dinner latte.  Perfection.  

Hubby is a latte connoisseur.  It has to be just the right blend of coffee and milk, whipped to perfection, and served hot, hot, hot.  Twosome's latte was all of the above, if a bit pricey at more than $4 US.  Their pastries looked good too, but I'd just purchased caramel corn from the Sweet Bar down the hallway, so further indulging wasn't an option. 

The shop wasn't busy, so we were a bit surprised that it took probably ten minutes for the barista to prepare the drink.  But being that's it one of the best lattes we've ever tasted, we'll definitely buy more while visiting Seoul."
9298294,5.0,Duke's Palace Rize Waffle
9298294,4.0,Liege is not Limburg or in Limburg.
9298294,5.0,Waffles are a must-try when visiting Deoksugung Palace😘
9298294,3.0,"This waffle stall has the perfect location across the palace entrance and there are always people lining up, it must have a good reputation, they are just non-stop busy. I love waffles and also tried the real deal in Belgium. The waffles here are absolutely nothing special, nothing like the original. We tried one with choc and one plain, both nothing to get excited about, rather average taste. They have some weird toppings like goat whipped cream or something, maybe that's why it is so special, but otherwise nothing great."
9298294,2.0,"Nothing special about their waffle, you can find cheaper and better all over Seoul. 
I had their chocolate waffle it was hard and I think it was made the day before."
9298294,5.0,Bumped into this gem near our hotel and saw the crowd around it. Large crowd = great food so me and the Wife gave it a try. The waffles was freshly made and very savoury and the toppings really enhanced the flavour. Yummy!
9298294,4.0,"London, United Kingdom"
9298294,5.0,Incredible Waffle Cafe in the Heart of Seoul
9298294,5.0,Great food. Delicious waffles! Very friendly staff! Stephenie was really friendly to us! The cappuccino was also really good.
9298294,4.0,Really nice and small place. It’s near to the main road. And the waffles have really good taste. I tried waffle with maple syrup and it was delicious. Recomend it for everybody!
9298294,3.0,"If you miss western style sweets, may be worth trying. Other than that nothing extremely special. Prices are reasonable."
9298294,5.0,Decided on the original against the more popular cream cheese with blueberry topping. The waffles were freshly made on the spot. There nothing like a warm waffles in the evening as you walked along Seoul. We’re lucky that it’s a weekday and didn’t have to wait too Long.
9298294,4.0,"Great food, right off the main road."
9298294,5.0,Must Try! Belgian choco waffle
9298294,5.0,Best Waffle Shop in Seoul!
9298294,4.0,"At first I try to check for the direction with googleearth but it was 7-11! However, it was as good as my friend told me that it is the best waffle in town."
9298294,5.0,"We were waiting for the changing of the guards ceremony at the Deoksugung Palace , and decided to grab a quick bite at Limburg. We are so glad we did.
They have various options ( and we tried almost all ) , but my favourite was the ""Tiramisu Waffle"".
A good place to visit if passing by !!"
9298294,4.0,great if you like waffles
27462903,4.0,"San Francisco, California"
27462903,5.0,"The location is for a few people, it's up to the third floor, it's beautiful and there's plenty of seats! ~ Precels are delicious and coffee is so delicious! I think I'll visit him every time he comes."
27462903,5.0,"Very delicious.
The interior is cute and I want to go back.
I'm Japanese.
A shop I would recommend to the Japanese."
27462903,5.0,Breakfast in a delicious pretzel from 9am♡
27462903,4.0,"The shops are located on the first through third floors. Pick a meal on the first floor, pay the bill, and take a seat on the second or third floor. Pretzels without cream cheese are warmed and served with drinks and other orders.
The food is so delicious! There were so many different kinds of pretzels I'd like to try something else 🥨
The restroom was full of flies, so I recommend not using it unless you hurry. In that regard, I gave you a Rating of 4 out of 5."
27462903,5.0,"The restaurant is in a good environment, very clean and tidy, the alkaline knot is not only beautiful in shape, the important thing is that it tastes great, but also has a great selection of dishes and drinks"
27462903,5.0,Delicious alkaline knot.
27462903,5.0,Pretzel beats Germany
27462903,5.0,"Osaka Prefecture, Japan"
27462903,5.0,"I came to Myeongdong point by morning. I ate two kinds of Vesto, and I want to come back and eat both deliciously!"
27462903,5.0,"It's a fashionable cafe. It was just opening on weekdays, but we lined up a little bit. Inside it's big and beautiful. The pretzels and the drinks are delicious! I can't believe we've got such a shop in Myeongdong in a while!!"
27462903,5.0,The cafe offer many kinds of pretzels and we were not disappointed as the pretzels soft and tasty and there are space on 2nd floor that guests can sit and relax.
27462903,5.0,"Breadypost, a must-try cafe in Myeongdong with top-notch quality!"
27462903,5.0,"It is right next to exit 9 in Myeongdong. The restaurant doesn't line up fast enough. There are many seats on the 2nd and 3rd floors for eat-in.
Takeout is also available.

Are straws and fork knives always available?"
27462903,5.0,"The store was too cute. Even in the morning, there was a wide variety and I was not sure which to choose. The goods were so cute that I wanted everything! It was my first time eating pretzels, and they were delicious!"
27462903,4.0,"Dubai, United Arab Emirates"
11997026,2.0,Never again …. Rey unhelpful staff… I ordered a very expensive coffee which woken I picked up the cup I knew was half full… when I asked for a top up they all stared at me blankly… rip off
11997026,5.0,delicious bread and desserts
11997026,2.0,"I used this place in the early morning to drink a coffee and eat a snack. The staff , it was a young man, was very unfriendly. The food is fine, but you do not feel welcome."
11997026,5.0,"We came here for parties and coffee. The selection is fantastic and they all taste good. They also serve lunch with a simple menu of pastas, salads and sandwiches.Very bright and friendly place."
11997026,5.0,"Okinawa Prefecture, Japan"
11997026,4.0,"If the goal was to bring a little Paris into Seoul, this place surely made it! All pastries look soo good that you dont want to ruin it :) All food stuff are delicious, frshly made and the coffee is really top quality! Service is fast and very kind. Stopped in several of their chain stores during my stay, and quality was the same everywhere. Great for a quick grab'n'go meal."
11997026,3.0,"Auckland Central, New Zealand"
11997026,4.0,Very tasty and fresh pastry and bread!
11997026,5.0,"We had cofee ,a fresh orange juice and a tremendous pain au chocolat even better than in France !
A little expensive (3400) but worth it! 
Small store but comfortable seats!"
11997026,5.0,"Fayetteville, Tennessee"
11997026,5.0,A Must If Visiting Seoul Station
9565159,4.0,"New York City, New York"
9565159,4.0,"Kuala Lumpur, Malaysia"
9565159,5.0,We looked for a bakery and Seoul Baking Company is on top of the choice list. It is really worth a visit. Cozy space at the basement of JW Marriot.
9565159,5.0,"I’ve had pastries from all over the world,  however none quite as good as the desserts I’ve tried at this location. They have the best carrot cake and chocolate brownie ever.  Thanks Annie and Sofia for the recommendation.  Great food and really great service.  I’m definitely trying it again."
9565159,4.0,Located conveniently close to the metro station and at the basement of the hotel - this cute little place has some warmth in the desserts they offer. With a transparent glass view of the dessert preparation - its nice to see the items being prepared. Do try the chocolate cake.
9565159,4.0,I always get the almond croissants on my stay. So convenient as it is located downstairs from JW Marriott.
9565159,5.0,"Brings back memories of Paris, with a twist."
9565159,4.0,"Amersham, United Kingdom"
9565159,5.0,"This cafe is located in the bottom level of the JW Marriott.  There's also a separate entrance from the Dongdaemun metro station.  The decor is minimalist/contemporary.  It's a great place for a quick bite to eat.  If you decide to dine in, there's a large window where you can watch the bakers make all the pastries.  Pre-made sandwiches, salads and fruit cups are available.  The pastries look top-quality and different types of coffee are available."
9565159,5.0,The bakery I am reviewing is in the lower level of the JW Marriott hotel.  The pastry looked delicious but at $45.00 per cake I bought a $3.50 scone instead and loved it.
9565159,4.0,"Sandwiches are a bit pricey, but they are quite yummy. I ordered the strawberry latte, since it was in season and it was yummy. Hubby ordered their hazelnut latte and it was good too!"
9565159,5.0,Very tasty but a bit pricey.
9209436,5.0,"Los Angeles, California"
9209436,5.0,"Birmingham, United Kingdom"
9209436,5.0,"This trip to Seoul. Seems like a popular place with people here, judging from the queue. It only they can do something about the acoustic, since it can get very noisy with everyone talking."
9209436,2.0,"Coffee, Food, deco and service are great but lack of signage"
9209436,5.0,Best hand drip coffee in Seoul
9209436,5.0,"Great coffee, pastries and beautiful setting"
9209436,4.0,beautiful specialty coffee cafe
3264721,3.0,"This chain needs no introduction, and this is the COEX Gangnam branch. Besides the usual signature glazed donut, they have many in collaboration with korea’s largest nut brand, HBAF"
3264721,4.0,Convenient spot before your trip
3264721,3.0,Korean runs on Dunkin'
3264721,4.0,I miss US-style donuts
3264721,4.0,"The donuts we got were yummy.  It was clean and the service was fast, efficient, and friendly.  Really enjoy this place. The workers are really friendly and nice.  Everything is near perfect."
3264721,4.0,"Good coffee and sweet donuts the sandwich was ok and freshly prepared. Service level as I expected,fast and correct :)"
3264721,4.0,"London, United Kingdom"
3264721,5.0,"Woking, United Kingdom"
3264721,4.0,Didn’t need my Korean father in law
3264721,4.0,"They have unique variations of donut thats not available back home. Since our hotel is just along Seoul station exit, we buy donuts at late night since it's almost half the price if you buy a dozen ;)"
3264721,3.0,Nothing great to talk about!!
3264721,3.0,Good value and convenient
3264721,5.0,"This is located enroute to the metro, next to Baskin Robbins.  Although it is super crowded, they tend to get through the people quickly and there is ample seating.  The prices are the same as the states, the serving size for the drinks seem small in comparison.  Also, they do not have the ice coffee that I so love!"
3264721,4.0,"Dunkin has outlets almost every where in Seoul, I prefer this one and the outlet at Myeongdong. Doughnuts are mouth watering and keeps you inviting especially chocolate coated and the chicken wrap. Good for a quick bite."
3264721,3.0,"There is a Dunkin Donuts on about every corner in Seoul. Their food and coffee is good, but I'd rather go somewhere else. They have very convenient locations though."
3264721,3.0,"After living in Brazil for 2 years, my son LOVES to find Dunkin Donuts.  Totally worth the stop if you have kids!"
3264721,3.0,"My favourite pink iced heart shaped doughnut (a variety that I have only seen in South Korea) was available which was pleasing.  The price was about a 50 per cent discount on Australian doughnut shop prices.

Service was fairly slow due to coffee orders."
9143806,5.0,"Guam, Mariana Islands"
9143806,5.0,"Good coffee, quiet joint"
9143806,4.0,Very good espresso in Seoul
9143806,5.0,"Kuala Lumpur, Malaysia"
9143806,5.0,Little Cafe with Superb Latte
9143806,4.0,"Coffee Libre is a tiny cafe inside a church.  I don't expect much, though the online coffee reviews highly recommend this cafe.
No hand drip coffee is available there. Instead, black coffee is brewed by AeroPress.
It turns out that the espresso delivered exceptional stunning tastes.  The beans for espresso and milk based coffee are Geisha! The price was very reasonable too. Coffee lovers should not miss it!"
9143806,5.0,"Littlehampton, United Kingdom"
9143806,5.0,"Abu Dhabi, United Arab Emirates"
9143806,5.0,Very good coffee for picky coffee drinkers
9143806,5.0,"I went to their branch store in Myeong-dong where is located on the same spot as Cathedral, their staff was pretty awesome, willing to try communicating in English with me, explaining to me what's the flavors and serving in the proper way, most important was wearing the welcoming smile :) and no doubt their coffee was good enough to let me buy some back to home."
9143806,4.0,Nice coffee and relax time
7834887,4.0,Good and strong espresso with a hipster vibe
7834887,3.0,Decent coffee but not worth the effort
7834887,5.0,"Gold Coast, Australia"
7834887,5.0,Been here loooots of time
7834887,4.0,Unique cafe worth visiting
7834887,5.0,"Abu Dhabi, United Arab Emirates"
7834887,5.0,"San Francisco, California"
7834887,4.0,Great coffee big space!
7834887,5.0,One of the best coffee places in Seoul
7834887,5.0,"what a great spot! carefully curated ambience in a repurposed factory, perfectly pulled espresso beans that were roasted in the back production area, super friendly baristas, a flower counter, beautiful cupping presentation, a flower counter... well, what else could you want in a coffee joint?"
7834887,5.0,Best coffee in Seoul!
7834887,4.0,Cafe for young hipsters
2434879,5.0,Tasty jeju green tea latte
2434879,4.0,"Different drinks, some bagels and cakes"
2434879,5.0,Nice coffee and dessert
2434879,3.0,"Bright, clean and modern"
2434879,4.0,"London, United Kingdom"
2434879,5.0,"Amsterdam, The Netherlands"
2434879,4.0,My favorite icecream!
2434879,4.0,Great place for coffee in the Shinsegae department store
2434879,3.0,"over rated , staff is a liitle rude, however their ice cream is good! their cheese cake is so so, the ambience is nice."
2434879,5.0,"Palo Alto, California"
2434879,4.0,Ihace to say that i liked the korean coffee. The pastry there and the coffee were delicious. My kids liked it very much. If you care alot about coffee dont miss this place
2434879,5.0,I love espresso and the one from Paul Bassett is quite distinct from all the other chains. The taste is great. Bakeries are also nice although selection a bit limited.
2434879,5.0,Best coffe franchise in Korea
2434879,5.0,Excellent Coffee n Affogato
2434879,4.0,"Gainesville, Florida (home of the Gators!)"
9245756,4.0,One of the many Starbucks in Korea in COEX
9245756,1.0,"I was staying at the intercontinental for a few days and at least 4 times i a week have my breakfast at this Starbucks . But today stop and bought a late only Togo, while waiting sat Down and an employee of Starbucks yelled at me saying that I wasn’t suppose to be there because my coffee was to Go, all others customers were looking the situation.
As a businessman of. 43 restaurant feel this was not the right way to approach me. 
Feel insulted being a customer paying for a service!  —- her name is Susie—-"
9245756,4.0,"After the temple at Eunsa, walk in to a cafe, grab drinks and snacks, eat and stay before strolling through the store."
9245756,5.0,Coffee aroma pulls you up to just order for the special Coffee..so relaxing after a great walk of aquarium and library..trending
9245756,5.0,Luv_ Rachmaninoff_No2
9245756,5.0,Best Hot White Chocolate Mocha!
9245756,4.0,"Got my mocha frap here!! It was yummy, just like in the states!"
9245756,4.0,"Kota Kinabalu, Malaysia"
9245756,4.0,"Cambridge, United Kingdom"
9245756,3.0,"This place was pretty busy on a Thursday morning.  Why aren't all these people at work or school?  Were they all out for a coffee before going to the movies like my friends and me?  In any case, it's a nice place to hang out for a morning coffee.  We were passing time until the movie and so it was perfect, both in terms of location and ambience and seating for our group of four."
9245756,4.0,Too crowded on weekends
9245756,3.0,"Dropped by for breakfast . The COEX mall hasn't opened, and starbucks was empty/quiet. Not sure where the office workers are

They actually ran out of hojicha latte"
9245756,3.0,One of the shops in Seoul
9245756,4.0,Home comfort when far from home
9245756,4.0,"Washington DC, District of Columbia"
9245756,4.0,Cool place for meetings
9245756,5.0,Nice Location @ COEX Mall
9245756,4.0,All you favorites lover of coffees and delicious tea come to this Starbucks it is lively Beautiful and it is in the lovely coex mall. I enjoy watching people here they are interesting
9245756,5.0,"Most coffee shops in the mall open after 7:30 AM but this starbucks is open at 7:00.

All you favorites for fellow caffeine junkies!"
12231865,5.0,My favourite coffee spot in the area!
12231865,5.0,Nice place to enjoy good coffee
12231865,5.0,"Coffee thats focused on coffee. Wonderful and refreshing interior design which winds all the way up to the 3rd floor of the building and providing you with a wide, open, brutalist space which almost reminds you of old movies from the Soviet Union. The 3rd floor also provides you with an open look into the in store bakery kitchen. As you walk down towards the 1st floor you will also bump into a somewhat obscure garden of sorts which builds character. Finally, the actual mezzanine will give you a glance of the actual roasting of the coffee beans with a awe inspiring backdrop of Seoul city. 

If youre visiting leeum or itaewon, definitely visit this coffee shop."
12231865,5.0,"Community of Madrid, Spain"
12231865,5.0,Itaewon is so gooood! Love cafe here
12231865,4.0,"I like this cafe. Have a nice view, Location and I like how to do coffee .. it's amazing and look like science including service mind :)"
20086037,5.0,Cafe with beautiful background~
20086037,5.0,Beautiful view and Great Cold Brew!
20086037,5.0,A great place with a pretty view
20086037,2.0,"The full name of this place is 1 in 1 jan ( il-in il-jan / 1인1잔 ) at the Eunpyeong Hanok Village. 

The staff was kind and hard working. The place also has a good view. Other than that, I'd like to give my personal opinion about this place for anyone looking to come here, since I didn't read much into it before coming.

In fact, I had no idea this place is talked about on IG, TT and blogs. Had I known that beforehand, I probably would have avoided it because I usually don't trust social media cafes. It did explain the huge influx of visitors, though.

I've been to a lot of large cafes like this in Korea and this experience was a bit unfortunate due to the design, price and quality.

For starters, I've never been to a 5 story cafe that doesn't have an elevator. You gotta walk up the very, very narrow stairs. This combined with, as I mentioned, due to word online this is apparently a very popular place for tourists visiting the hanok mile. So there were actually times where I had to stand at the stairs and wait for a group of like 6+ people to all walk up the stairs, and then people at the bottom had to wait for me to walk down. The line area for the bathroom is also very narrow, so while I was waiting for someone who had clogged the toilet with toilet paper on accident, I had to allow people walking by to squeeze by and maneuver through. It was really weird and uncomfortable, and pretty poor design planning.

Also, this is important, though it is 5 stories, you're only allowed on the 3rd, 4th and 5th stories if you purchase a certain menu. If you're just there for coffee, you're limited to the first and second stories. The second story has a good view, but I guess people wanna come for a better one up top. Had I known that before coming, I probably would have gone elsewhere. Again, I didn't do much planning.

Third, the ice americano was 6,000 won (around $6) and rather than call it coffee, I'd rather refer to it as ""coffee flavored water."" If I pay that much for coffee I expect it to blow me away but I actually was so disappointed that when I got home I made myself a cup of McDonalds decaf just so I could taste coffee again. I'm not saying that McDonalds decaf is the epitome of coffee, I'm making the point that it is what I had to do to enjoy the flavor of coffee for the day. In addition from what I saw, non-coffee drinks like ades and such were at least 7,5000 won (around $7.50) but luckily we didn't buy that.

Finally, the space is cramped. Remember I mentioned the huge groups of tourists? There's not enough space for everyone to walk around the seats so people are regularly maneuvering to let others through. Not sure what the 3rd-5th stories look like, but when we walked into the place after seeing pics we were like, ""This is it?""

Lastly, parking is essentially non existent for customers. I did already have a concern about this so it is what it is, but I parked for a fee at the museum and I'm pretty sure they ripped us off as we were leaving. 

Anyway, if you like social media cafes and want some decent pics and don't care about flavor, this place might be fine for you. I just wanted some coffee and a chill atmosphere. Though again, the staff was cool. No disrespect."
25173677,3.0,"Written March 16, 2026"
25173677,5.0,"San Fior di Sopra, Italy"
25173677,1.0,"Lucca, Toscana, Italy"
25173677,5.0,"This place is beyond beautiful.

You’re greeted by a huge table that displays all of the different type of desserts that are being served with a description written next to each one.

Each furniture piece is also unique which made the experience even better.

I ordered the tomato 01 and was just impressed by the flavors of each bite I took.

Definitely a must visit if you’re in the area."
25173677,3.0,"The overpriced cafe of Gentle Monster optical chain. The pastries look creative, but taste average. The non coffee drinks are limited, and only 1 hot option which tasted lame"
25173677,4.0,The design of the dessert is impressive.❤️🧁📸
25173677,4.0,"A leisurely stroll through Seongsu's charming neighborhood led me to Nudake, a haven nestled among cozy cafes and pop-ups. With its thematically dark ambiance, Nudake stood out, offering a unique twist on the traditional cafe experience. Indulging in their matcha and croissant, I was pleasantly surprised by the exquisite balance of flavors and textures. Despite the dimly lit surroundings, Nudake's culinary creations shone brightly, leaving a lasting impression on my taste buds."
25173677,3.0,"Check-in cafe, mainly check-in. Overall, the food and drinks are on the expensive side. Food tastes average. Drinks are ok. The store is decorated in a simple style, with the main colors being black, white and gray. The dessert shapes all follow the exaggerated line of art."
25173677,2.0,"Nudake is a cafe at Seoul's prime Apgujeong neighborhood. At the basement of an unremarkable building, it is surprisingly popular among tourists. I guess most come after viewing the photogenic drinks and desserts on Instagram. The cakes, however, are pretty mediocre in taste. Price is also quite high. I doubt if locals will dine here."
25173677,4.0,"What a trip! This is not just a café but a weird and wacky experience. Outside, there’s an upside down MacDonalds sign wishing you to “Have A Sh*tty Day”. You go in and realise quite quickly that most of the people at the tables and lining up at the counter are… mannequins. They are eating plastic fries. Everywhere you look, something odd is going on. 

Downstairs, Nudake has strange cakes. They are expensive and weird, but everyone buys them and they taste pretty good, if you love cream. There’s A LOT of cream. If you are lactose intolerant, maybe this isn’t the best place for you. 

You line up for a table, and somewhere along the line, you get to key in your orders on an iPad. Don’t expect much service. You are left to figure out the system and if you ask a staff they will probably tell you the wrong thing. We asked and were told there’s no queue; just find a table and sit, the guy said. BUT, there clearly was a queue, a long one, and it’s a good thing we decided to join it because we don’t like angry people yelling at us. 

There are plastic versions of the cakes on display, like in an art gallery. There’s several large screens scattered about showing people in repetitive motions. There’s one with a guy waving a plastic arm. There’s another with a creepy old guy eating cream. Maybe it’s installation art. It’s a little unnerving but nevermind… just focus on the cakes. 

The drinks are also good. My coffee had ice that looks like a part of a face. You pour milk over the face and watch it melt. It tasted fine. The matcha latte was pretty and tasty. 

They change their cakes so there’s no point telling you about them; you will probably get something else that’s weird. 

It was fun. We are glad we went."
25173677,5.0,"Nice cafe. Many choices of dessert and drink. The shop upstairs is also nice. I got many stuff from there, especially the beauty brand of gentle monster"
25173677,3.0,"The cafe from the same owner as gentle monster apparently. They either open inside a gentle monster or stand alone

Known for funky desserts and decor, just like the gentle monster store and glasses"
25173677,4.0,Nice place to chill with delicious desserts
15357634,5.0,"The best coffee in Jongno-gu, Seoul"
15357634,5.0,"It's a warm and pleasant place.
Baristas are gentle and kind. It's perfect to start the day with a ""delicious, guaranteed coffee"" in the morning while traveling.

It sells flat-white and long-black and has a simple bakery. You can experience the specialties of Seoul.

It's a five-minute walk from Jogyesa Temple, so you can take a short rest.

따뜻하고 기분좋은 곳.
바리스타들이 친절하다. 여행 중 아침에 ‘실망할 일 없이 맛있는 커피’를 마시고 하루를 시작하기 딱 좋다.

플랫화이트와 롱블랙을 팔고 간단한 베이커리가 있다. 서울의 스페셜티 커피를 경험해볼 수 있다. 

조계사에서 걸어서 오분거리라 잠시 들러서 쉬기 좋다."
15357634,5.0,Great coffee and great vibe
15357634,5.0,Great coffee and good vibe
15357634,5.0,Tasty coffee and cake
15357634,5.0,"Amazing Coffee, Amazing Space"
8677918,5.0,Friendly dog cafe with dog welfare as a priority
8677918,2.0,"The atmosphere was strange. People sat silently on the floor and on the seats, petting the dogs if the dogs agreed to lie on their laps. The staff were unfriendly, and one employee even hit a dog while disciplining it. There were many sick and old dogs. Overall, it was quite a depressing sight."
8677918,5.0,"New York City, New York"
8677918,5.0,"I had a really good time at Sunny's Dog Coffee – it was relaxing and almost felt therapeutic. The dogs are all very peaceful and even come up to you, especially if you sit cross-legged. It was a real highlight for us!

When new guests arrive, the vibe shifts a little, but it's nothing too disruptive. The dogs are calm and friendly.

The prices are fair, and the staff are nice and attentive without being overbearing. The place is clean and well-maintained, which adds to the comfort.

During our visit, other guests were also respectful toward the animals, which made the overall atmosphere very pleasant.

I'd definitely go back anytime!"
8677918,5.0,"So cute. 11000 won entry including a free drink. The staff are really friendly and the place is clean, doesn’t smell at all which I found impressive. The dogs are really cute and come cuddle on your lap. The dogs all seem happy 👍 would definitely recommend"
8677918,4.0,Nice concept with around 20 humans and 20 dogs (all different) interacting in a big room. You have to pay 11000 won and then a free beverage is included. Whenever a new person enters almost all dogs start to bark for a short while.
8677918,1.0,"This place is horrible. Employees are extremely rude and place is dirty. Employees only care for young couples so they can take photos and post on their website to advertise. When kids wants to pet, the employee says do not pet the dog. What’s the point of paying if you can’t pet??? Also, so many pupps are vomiting around the corner."
8677918,3.0,chill dogs with not so friendly staff
8677918,5.0,It was so nice. The dogs were nice. The people were nice. The atmosphere was nice. If i wasnt being so formal i would say its AMAZING. DEF RECOMMEND IT :)))))))))))
8677918,1.0,"Cute dogs, but no control over them"
8677918,4.0,"not crowded and a peaceful place to relax w dogs. most of the dogs seems adopted & old, so not as active. But they seems to like the staff/owner alot and keep surrounding them."
8677918,1.0,It smelled alot of per. It obvious that the dogs are not happy. They dont walk the dogs and they have nothing to play with.
8677918,5.0,"Christchurch, Canterbury, New Zealand"
8677918,5.0,Possibly my favourite place
8677918,1.0,Had a bad experience. One of the employees pushed my arm away from the dog when I was trying to pet two dogs at a time. He said I could only pet one dog at a time but it made the rest of the experience awkward and he seemed in a bad mood. Granted we were tourists (Im Japanese Korean and not fluent in Korean) but still left a bad taste about dog cafes.
8677918,5.0,Best dog cafe ever - do not miss this when in Seoul
8677918,4.0,"This is a must visit for anyone who loves dogs! The animals are well cared for, the place is clean and the coffee is good - I fell in love!"
8677918,5.0,"London, United Kingdom"
15097284,3.0,"We took a cab to the cafe and the driver dropped us somewhere along the main road. We had to walk for about 10-15mins before we found the cafe. 
The cafe is pretty small, nice and cosy, but the drinks were quite expensive. We paid quite a sum for 4 drinks. Service was decent. What was disappointing though was that they only had drinks with simple latte art design, unlike the elaborate Van Gogh's Starry Night that we saw in some blog posts. Not sure if it's because we went on the wrong day and  they only had simple latte art designs to offer."
15097284,5.0,"Komsomolsk-on-Amur, Russia"
15097284,4.0,"Itaewon is like an international area in Seoul, there are lots of foreigners live around that district, as well as lots of western restaurants and bars. This cafe is a bit further away from Itaewon and up in the mountain, nevertheless it is still full when we arrived there. Perhaps is because of the charming Korean owner, he is an Instagram-famous barista. You may not familiar with his name, but you may have seen his cremart masterpieces on internet before.

Their menu is in Korean, however there are pictures as well, you can simply point out the stuffs that you want to order. As I have done my research on Instagram, I know exactly what I want to get for photos and taste.

The drink that catches my eyes is this Scotchno, I don’t think you can find this in Hong Kong.... yet lol? What’s so special about this drink is that they fill the cream till it overflows, the cream and cocoa powder just fall to the plate. It may looks a bit messy however at the same time artistic in some way haha. This cold coffee has infused with butterscotch candies, thus it carries a hint of buttery and caramel flavours. Since there are tons of cream as well, I think the coffee taste has slightly overshadowed by other flavours.

I have convinced my friend to get a Cremart, basically it is a coffee topped with cream. Yet the barista has brought some uniquenesses to it, which he draws a lovely baby face on the cream. After taking dozens of photos, I finally have a sip of the drink, the cream is quite thick on the surface, guess that’s how they can stabilize the cremart? You can taste a stronger coffee flavour in this one and the cream has added a sweetness to the coffee.

Besides than drinks, the only food that they serve here is tiramisu and because we are both matcha lovers, we have chosen Matcha Tiramisu. It doesn’t look like a regular tiramisu, by that I mean it doesn’t look like a cake. The lady finger biscuits have soaked up with coffee, next topped with matcha flavoured mascarpone cheese. The matcha mascarpone cheese is thick and smooth at the same time, I really enjoy its rich bittersweet matcha taste."
15097284,3.0,cute cafe that is a bit hard to find
15097284,5.0,Yummy looking food and drinks!
15097284,5.0,"I saw the works by Mr. Lee Kang-bin, the owner of the cafe, on the news and thought I’d never seen anything of the kind. Being in Seoul I couldn’t miss the chance to see the cream art with my own eyes. 

The cafe is located in one of the calm lanes of Itaewon, more famous for its boisterous streets. It is a cozy and lovely place with trendy interior, unobtrusive lounge music and nice staff.

The menu is mostly coffee and deserts (plenty of them), but one can also find some cocktails. 

C. Through’s trademark is cream art - pictures painted on cold coffee.  Their selection varies from rather simple to the masterpieces. 

Cream art could be ordered only on weekends from midday till 6 p.m. with no special reservation. You may also choose from the permanent set of sketches or try out the cream art of the month.

Frankly speaking, you’ll look at your cup for ages before you dare to drink that beauty.

Bravo to the C. Through Cafe team! Suppose, it’s an experience one should not miss."
13457676,5.0,Cold Coffee was excellent
13457676,1.0,Terrible experience with a franchise owner
13457676,4.0,"Addis Ababa, Ethiopia"
13457676,5.0,Very friendly attendants ! Wonderful coffee ! Great place for coffee lovers. Lot of variety in coffee makers and very enthusiastic attendants!
13457676,5.0,Coffee Addicts Approved
13457676,5.0,"I love this place. The ambiance and seating make this place fantastic. The majority of the seats on the bilevel cafe are living room style. Oversized leather chairs and even when it’s packed full still feels private. There are also plenty of work stations, outlets, and free WiFi. Even the toilets here are fantastic. 

I enjoy the coffee as it is a good few steps above your standard Starbucks or coffee bean. I love the persona blend because of its bitter more strong flavor, but if you enjoy sour coffees they have that plus a huge array of other pour overs and teas. Don’t miss the bakery, cakes, sandwiches or salads as well. The place is open very early and if you’re there around 8:30-9 you’ll even get a free croissant with your coffee. Overall this is the place to be, even late at night because they don’t close until after 2 AM. 

I don’t drive, but if you do there is valet parking available. 

So whether your just enjoying an afternoon respite or need a place for a business meeting the Coffee Lab has a place for you."
13457676,3.0,"In three different Ediyas over the last few weeks bathrooms below standard hygiene.  No toilet paper or paper for wiping hands, no soap, bins overflowing.  Pretty disgusting."
13457676,5.0,"At the beginning, I do not understand why 
all of my friends keep on telling me - I must go to Seoul to see how they run a coffee house. After having a cup of coffee there, I totally agree ..... 

The interior design did impress me a lot. Apart from the roastery concept, they also put many contemporary art pieces and it could create another angle to draw the attention from the public. 

The coffee was good with choice of beans from all over the world. As a tourist like me, I would order more than one coffee as the total experience was outstanding. 

Next time, I would go there after dinner. I was told the atmosphere was even better in the late evening."
10174384,5.0,Great coffee shop with delicious desserts
10174384,5.0,"Great coffee, great sitting area upstairs"
10174384,5.0,Finally great coffee!
10174384,4.0,"Kuala Lumpur, Malaysia"
10174384,5.0,"London, United Kingdom"
10174384,4.0,Nice cafe with nice ambiance
10174384,5.0,"Abu Dhabi, United Arab Emirates"
10174384,5.0,"Seoul is overflowing with coffeeshop chains that will serve up the usual fare. They were uniformly acceptable and predictable in what they offered, but it’s nice to indulge a coffee snob’s palate if that’s one of your vices. I had got a list together of ‘third wave’ establishments in Seoul prior to my trip, but they are a little more spread out than I had anticipated. I eventually made it to this place on my last day in the city and I’m thankful I did. There’s not a lot to say, other than the pour-over black filter was fantastic – a sure sign that they know what they are doing. On my way out I eyed the beans they had for sale, and seeing that a 300g bag was less than £10 (with Won purchased pre-Brexit) I picked up a bag. They even threw in a small sample of some award winning beans they’d roasted that was good for two cups. It was the best coffee I’ve made at home in a long time, far better than most beans I’ve picked up in London over the past few years.

It was a midweek afternoon and there was plenty of seating available in the upstairs area, but I’m not sure what it would be like during a busier period. Decor is modern and inoffensive. They have plenty of awards on display downstairs – no doubt justified. It would make for a perfect ending to a few hours walking from Bukchon Hanok Village through Insadong."
30551200,3.0,"呢間Artist Bakery相信如果大家去韓國旅行前做功課搵過麵包店都一定有聽過。4點幾去到都仲幾多人，同埋可能我見識少，冇諗過bakery外賣都要拎飛😐(雖然都只係等咗5-10min)

入到去麵包選擇都好多，不斷仲有出爐。但夾包嘅位幾逼，求其揀咗4-5款左右返酒店慢慢試。夾完又要排隊俾錢，俾完錢啲包會俾另外一個staff pack，最尾等叫名先有得拎🙂…入店到買完前後都搞到差唔多20min…

🔅Plain (₩3,800)
正正常常冇咩特別嘅鹽麵包，只係一個高級版少少嘅豬仔包😇…都係鍾意食自然島嘅鹽麵包，個底脆脆哋又香口，好食好多

🔅Garlic Butter (₩4,900)
呢款賣相唔錯，冇之前食其他幾間嘅蒜蓉包咁甜

🔅Potato Butter (₩4,800)
覺得個名&樣幾特別所以夾咗，以為係薯仔味，結果係一個實啲(?)嘅包

🔅Double Chocolate (₩5,900)
原本都幾期待呢個包，雖然麵包底幾脆，但係朱古力味好普通，唔係啲好食嘅朱古力，加埋啲鹽喺上面成件事唔太夾

🔅Lemon (₩5,800)
有層檸檬味coating，中間仲有檸檬醬，少少酸，係想像到嘅味道

💬食完冇一個覺得好特別好出色要encore，只係一間平平無奇，適合打卡嘅Bakery🙂‍↔️

🥢Artist Bakery 아티스트 베이커리 @artistbakery
📍167 Anguk-dong, Jongno District, Seoul
☎️N/A
⏰星期一至日 07:30-20:00"
30551200,4.0,"It tastes really good. Butter tastes good, and bread is soft. It's right in front of the station, so it's not hard to find. It's just expensive. Basic bread is fine, but it's just a little, 3-4 cents."
30551200,5.0,"There's always a lot of people at the station. I was wondering, but you know, it's a salt bread bar.
I bought some salty bread, and the salty bread was really delicious. The flat salty bread was delicious. I took it from the package home and ate it, and the kids liked it so much."
30551200,5.0,"I don't understand prior reviews.  We went 3 times during our stay in Seoul.  The baked goods were excellent, great variety.  That's why the long wait because it tastes really good.  Popular place.  People just arrived to Seoul and were there with their luggage.
Staff very helpful and sweet.
Ambience was great, very nice music.
I definitely will go again on our next trip to Seoul."
30551200,4.0,Ridiculous service! And wait time 😱
30551200,4.0,great selection of bread w drinks
30551200,3.0,"Santa Rosa, California"
13509991,2.0,Staffs service not good
13509991,2.0,"The staff was very rude and impatient. I would recommend gogin elsewhere.
Check out the Google reviews, you'll find a lot of negative reviews."
13509991,3.0,Did not appreciate the ridiculous rule
13509991,5.0,"New York City, New York"
13509991,5.0,Great dessert and coffee
13509991,4.0,The cafe is perfect for beautiful Instagram photos. 🕶️🫖☕️
13509991,4.0,Original place and good products
13509991,3.0,More for hipsters rather than families.  Picture perfect
13509991,4.0,FoodTraveler_theworld
13509991,5.0,A cozy cafe in the heart of Myeongdong
13509991,5.0,Real cool place to chill out & totally Instagram-able
13509991,3.0,"Open early and pretty space, but very overpriced."
13509991,5.0,"Don’t see the Brownie Bing-Su like so plain. But the taste is so yummy. Price is W13,900. Well worth it
Nice 👍🏻"
13509991,5.0,"Cute place with good coffee and yummy desserts. Seating area is upstairs, no children under 12 allowed, so it’s really quiet. We went there even twice, because the atmosphere is just amazing."
13509991,5.0,We stopped here for a quick espresso and a milk tea. They were both excellently made and the service was good too. Would recommend if someone is looking for a quick respite from shopping.
6702862,5.0,"interior is nice
 filter coffee was good
 staff is kind

If you come to Seoul, I recommend you to visit"
6702862,5.0,"Bean Brothers coffee is always the best! This time, I tried a new menu item an espresso brewed with flowers, which was truly unique. The aroma was amazing, and the texture was also impressive."
6702862,5.0,"AMAZING LATTES, simply put, must go for coffee lovers"
6702862,5.0,Service was on point! Had the drip coffee (velvet white) with the earl grey cake and was a great combo. Would come again 😊
6702862,5.0,As Italian I was searching a strong coffee in Seoul and this place has definitely one of the best I've ever had in Seoul. You must try it ! Every month they have new coffees . A real pleasure:)
6702862,4.0,"Dubai, United Arab Emirates"
6702862,4.0,Awesome coffee and dessert (unique in Seoul)
6702862,5.0,"I paid around 6 dollars for multiple cups of coffee. I guess this place is like coffee buffet. The baristas seem very professional, the coffee they made me was the best I've tasted in years. I hope I live next door to this place so I can get these awesome coffees whenever I want. Interior design was very industrial, they had this coffee table made out of broken espresso machine. So unique!
Highly recommend!"
6702862,5.0,The coffee is just as good as I imagined. I love the interior of the place too. A must visit in Seoul for all coffee lovers.
6702862,5.0,Best spot to refresh your mind and body
6702862,5.0,"I just love to hang around this place. Coffee is sooooo good, and it is just perfect for goofing around with friends."
6702862,5.0,LOVE the coffee here!!
6702862,5.0,"Awesome place with the Great Coffee and awesome people!! 
It is The Place you must visit if you love the coffee and also if you want to have a great coffee in Korea!!"
6702862,5.0,"Great coffee, soooo kind barista"
6702862,5.0,"Auckland Central, New Zealand"
6702862,5.0,Fantastic customized coffee!
6702862,5.0,some of the finest coffee you'll ever get in Seoul!!
6702862,5.0,"Hip place near Hongdae, 
Modern vintage look, garage style.
Good for coffee or beer at night. 

The place sells any kind of coffee customized for you, and has more than 5 blend/ single origin. 
The velvet white latte is perfect in the afternoons. 
You can get any kind of coffee you like, refilled at the entrance fee of 6,000 won (around 6 USD)."
4076098,5.0,Beautiful Oasis in Seoul's Urban Jungle
4076098,4.0,"San Mateo, Philippines"
4076098,4.0,Great way to grab refreshing drinks
4076098,5.0,Green Tea Lovers must come
4076098,4.0,Green tea and matcha heaven!
4076098,5.0,"Dubai, United Arab Emirates"
4076098,4.0,Fulfill your green tea obsession by stopping by.
4076098,5.0,"Cosy little place, menu is simple and mostly greentea. Love the place, the cakes and green tea latte (which is not too sweet, just nice), perfect place to chill amongst the busy street of myeongdong, will be back for more !"
4076098,5.0,"Absolutely loved the cakes, coffees and their famous green tea spread! Visited the tea house at Insadong as well as other cafe outlets in Seoul and I was never once disappointed. Prices were a little steep though, but worth it for the quality of their products!"
4076098,5.0,"We tried out their cake and green tea latte, it was delicious, with nice and quiet environment. We also bought their famous green tea milk spread ! Mad love for their green tea latte! And this is definitely a heaven for all the green tea lovers out there. Will definitely go back again."
4076098,1.0,Dongdeamoon  place to avoid
4076098,5.0,An excellent way to take a break
4076098,4.0,"Nice place to sit down and chat with friends/loved ones. Great atmosphere on the top (third) floor with dim lighting and low to moderate volume of background chatter. Friendly and catering wait staff who was patient to recommend us some orders (in English too!)

Green tea latte was ok. As is the green tea roll cake. Really liked the green tea cheese tiramisu! 

Would come back and try other dishes on the menu!"
4076098,5.0,"I went to the shop in dongdaemun. Friendly staff, clean environment and nice green tea product especially those green tea cakes."
4076098,4.0,Pricey green-tea latte with a great ambience
4076098,5.0,For lovers of all things Green tea and much more. Had Green tea cake and hot green tea. Was a pleasure for my taste buds and had to buy some to take home as gifts and for myself later in hotel
4076098,5.0,"Palo Alto, California"
9245242,5.0,Luv_ Rachmaninoff_No2
9245242,5.0,A good place to enjoy a coffee!
9245242,3.0,How can a cup of coffee and a snack cost 15.00 USD?
9245242,5.0,"Camarillo, California"
9245242,4.0,"Well, its a Starbucks.  Nothing to different with the fare from others.  Somewhat unique design, and convenient to the hotel...why not."
9245242,5.0,The fifth starbucs I visited in the same street
9245242,3.0,Starbucks in Korean traditional style building..
9245242,4.0,"Washington DC, District of Columbia"
3824080,4.0,"Buenos Aires, Argentina"
3824080,4.0,"Los Angeles, California"
3824080,4.0,Popular meeting spot.
3824080,5.0,"Riverside, California"
3824080,5.0,"Abu Dhabi, United Arab Emirates"
3824080,3.0,"Good location, average product."
3824080,1.0,"Huddersfield, United Kingdom"
3824080,3.0,Better than Starbucks
3824080,4.0,"There are a million coffee shops in Seoul. This one is as good as any, offering good coffee drinks and a nice selection of breakfast items and snacks in a comfortable atmosphere."
3824080,4.0,"Perth, Western Australia"
3824080,4.0,"This is the Coffee Bean in front of the Fraser Suites in Insadong, just so there Is no confusion.  I previously reported (October 2013) that they did not offer wifi and you could not pick up wifi there.  Well I am happy to report that you can pick up Seoul 5G service Now.  This is good, in that this particular location has a huge sitting area outside which is set back from the street.  It is a very comfortable area and is always busy so it might be difficult to find a seat outside, but there are plenty more inside also.  Happy to give this update. See precious review"
3824080,4.0,"I have been a fan of Coffee Bean and Tea Leaf for a while. This bright and cheery store conveniently located in the front part of the COEX Mall on Teheran-ro is a good example of why these stores are great places to sit and have a coffee and a snack. The attractive exterior matches the roomy, sharply-done interior. The place was populated with a good number of tables though there were few empty seats at the time I visited. The counter server was friendly and quite efficient. I had a simple order of the coffee of the day, an Ethiopian brew, and a chocolate muffin. That combination was very satisfying as I relaxed a bit while enjoying my fare. I was a little surprised at the prices as the small-sized coffee was ₩4000. But that is the only complaint as otherwise it was quite a nice 30-minute respite from my busy itinerary. If you are in the area and need a break, I recommend that you consider this shop for a quick coffee and perhaps also a small bite."
3824080,3.0,"In this day and age, not offering wifi is unacceptable.  They not only do not offer free wifi, you can not even buy it.  This location is huge with an enormous seating area outside which gets packed during good weather and on weekends.  I understand locals have there own internet service since everyone is on their smartphones, but others coffee shops offer wifi, why can't Coffee Bean."
3824080,4.0,"This coffee shop is at the bottom floor of the Fraser Suites, so it's nice to shop for a coffee, tea, snack, or to relax on the nice outdoor patio, in the afternoon. Be sure to bring your own Truvia or Sweet n Low to Seoul, and carry it with you; we did not find any in coffee shops or stores."
12339054,1.0,The café is no longer there. There is a mall nearby which sells one piece toys though! “Play one piece”. It’s in the same mall as Hangjik station!
12339054,1.0,"I would not come here again. 
There is nothing really special about this place. Taking a picture infront of the cafe was the most interesting part of the visit.The most disappointing thing where the pancakes! 10000 won for a -barely bigger than a macarron- pancake. 
Nooope thank you"
12339054,3.0,"I love one piece. I love it so much it jeopardizes my chances of ever procreating with a normal human being. So, as a coffee person and a closet otaku this spot has always been on my list. I’m also Korean so it’s basically a trifecta.

Now the actual spot is easy to find. It’s a huge pirate ship. The gift shop is fun and connected to the shop. You buy food and drink on the ground floor then walk around the “ship” and find somewhere to sit. Some rooms have one piece playing and some are outdoors.

The design is alright and the themes are thought out... but the execution isn’t the best because quite franky (see what I did there?) the taste is not “sanji” level. I didn’t throw out food of course. That’s no bueno. But would I go again? No. Maybe to the gift shop."
7353307,4.0,"Escondido, California"
7353307,5.0,"Huge Space, lots of food to choose from. Coffee Is great. Went there 2 times. Second time was for buffet breakfast"
7353307,4.0,"Kota Kinabalu, Malaysia"
7353307,5.0,Nice ambience with good food
7353307,3.0,Great for Korean Standards
7353307,5.0,Fantastic Breakfast & Coffee in Seoul
7353307,5.0,nice place with nice food
7353307,4.0,超人氣烘焙Cafe / 自助早餐 breakfast buffet
7353307,2.0,Needs english explanation for a lavish looking cafes
7353307,1.0,"$30 for two people. They make you buy a drink to go along with the buffet. The buffet consisted of eggs, beans, fried tomato, bread, and some fruit. First the eggs were so watery it was like drinking them. They were also cold and not put on a heater. Same with the beans. They were out of a can and cold to the touch. Different kinds of breads with real butter, jam, and oil. The peaches were hard and didn’t bother trying the other fruit. No bacon or sausage... I was very disappointed and won’t be coming back. I felt like I was at a cheap buffet in a hotel. Not worth the money."
7353307,4.0,"Tucked away from the main part of hongdae, this charming spacious breakfast/tea place offers a well-varied breakfast buffet. Do come early as breakfast crowds can be quite crazy. The different breads and coffee/hot chocolate are strongly recommended."
7353307,5.0,If you’re a bread lover!
7353307,4.0,"The atmosphere is good because the place is very elegant and warm.The whole restaurant is clean and fresh.
Open space with enough light and a few lamb paintings and flowers around.
The service is very good because the waiters are kind and speak English.Cakes and coffee/Tea are delicious."
7353307,4.0,"Today try their breakfast buffet, lots of type of bread freshly bake, together serve with two kind of cheers, ham & salami. The butter and jam taste very good. A small portion of hot dishes also provide, like boil eggs and scramble eggs, soup, tomato and asparagus.  The price for the buffet is 7000won each person, but this price does not include the drinks, the lowest price for the drink is Americano.  It costs you 5000won with free refill.if you choose a tea latte, you can only refill Americano, the service is good and some of them speak English."
7353307,5.0,"The service is very nice!! Can communicate in English very well. Some brunch choices. You can also choose 'all you can eat' set and order one drink--The total price is around 11000-1250. Drinks and bread are very great. I think, u can maybe also get other drinks for free, I asked, but didn't try. When I paid the bill, the lady smiled and asked me whether I wanted drinks to go, for free. When I came out, one guy spoke very nicely, and told us that we could come back and get coffee free until the end of today. So surprising!
服務非常好，服務人員很友善，可以完美英文溝通。人很多，但候位不會很久。餐廳很乾淨、氣氛很好。價格很ok！ 麵包跟飲科都很不賴。"
7353307,5.0,"Cannot wait to return, with family before we return to England. The coffee was outstanding and the cakes were Devine.. Lovely feel to the place too.."
7353307,5.0,"If you love bread like I do, you must come here for breakfast. I stumbled upon this cafe while searching for breakfast, and it's one of the few cafes that opens at 8.30am!  The buffet has a wide spread of cheese, fruits, cold cuts, soup and different types of bread. Me love!"
7353307,4.0,"Seoul, Seoul, South Korea"
9598544,5.0,"Haddonfield, New Jersey"
9598544,5.0,"The food was delicious. We had cardonara and four cheese? pizza. The mushroom in the pasta was a bit raw tasting but the pizza was very good. The ambience was really nice too, perfect for chilling, plus the waitress was very nice and approachable."
9598544,5.0,This place is so cozy! We ate an amazing breakfast here filled with yummy ingredients! They also have a dog that was very cute!
9598544,5.0,Had a cappuccino and a falafel roll for lunch. The cappuccino was perfect and the falafel roll tasted great. The atmosphere was really nice and chill; and the staff was friendly. If you're going for lunch this is a good place to go!
9598544,5.0,"The cafe is great for brunch! Although the menu isn't extensive, the food served is really good and the portions are generous, while the prices are also decent. The cafe also has options for vegetarians which is great. We came back twice during our stay because we enjoyed the food so much! Do note though that the cafe is small and gets crowded, so be prepared to wait for a little or go earlier."
9598544,5.0,"A quaint and pleasant cafe located near Hongdae, Analog Garden is a cosy cafe which serves delicious brunch with a variety of different options. While the food was consistently good (delicious and fresh) on both occasions we visited when we were in Seoul, one should note that the small cafe can only accommodate less than 20 people at each time. Hence, larger parties may find it more challenging to get a table during peak periods such as the weekend. Nonetheless Analog Garden is definitely worth a visit especially if you’re already in the Hongdae neighbourhood."
9598544,5.0,"Eindhoven, The Netherlands"
9598544,4.0,"Good place or better call it a cool place.Full of young people.
Small place with 4 couple tables and one big table to share with who you found sitting in front of you.That from my point of view can only be positive if you search for a company or someone to chat with even when you're alone.
The menu is limited but it's good and it's a brunch point(I recommend Garden brunch (egg,ham & avocado)).Good tea coffee and chocolate selection.They have a Wi-Fi.I didn't ask but I think dogs are welcome because also an owner have a dog over there.
The only thing i feel to say is that they should  improve the care of the place a little bit like painting the walls will be of huge help."
9598544,5.0,"If you are looking for a local restaurant for food and coffee, I do recommend this restaurant in Hongdae area. I taste their signature drink which is Dark Coconut Shower. Taste is good, Atmosphere is good."
9598544,5.0,The freshest tasting food in Seoul so far
3864340,3.0,"The location is good, there is a disadvantage that there are too many people.
Still friendly staff, Playmobil? That's quite a lot. Good."
3864340,2.0,"The Starbucks experience was lacking. Compared to other Coffee venues, it was certainly overpriced, with impersonal service, and seemed to cater to locals willing to spend more to be seen there. Not foreigner-friendly, no English speaking employees, and basically unfriendly."
3864340,3.0,Starbucks Gwanghwamun
3864340,3.0,"This one was a nice Starbucks, the only reason I am leaving a review however is that my gift card doesn't work there which was a little annoying. My app also had an issue reading so my gold card was essentially useless as well."
3864340,4.0,Starbucks Being Starbucks
17689349,3.0,"We were attracted by the novelty of the interior design and decided to have our teatime here. We were not impressed with the desserts. Restaurant is quite small and due to the lack of furnishing, was quite noisy as well."
17689349,5.0,Best coffee ever. Very cute cafe. Great for kids.
17689349,3.0,Real Name is Greem Cafe.
17689349,3.0,"London, United Kingdom"
17689349,3.0,Unique concept but not worth the queue
17689349,4.0,FoodTraveler_theworld
17689349,4.0,"San Mauro Pascoli, Italy"
15674386,5.0,Must visit cafe in Seoul
15674386,5.0,"British Columbia, Canada"
15674386,5.0,Very Nice coffee in the office building
18178438,5.0,"The tiramisu was awesome, good amount of variety, beautiful creamy texture and most importantly it's not overly sweet. Would definitely come back for more!"
18178438,5.0,Insanely good Tiramisu’!
18178438,5.0,One of the best outside of Italy?
18178438,5.0,진짜 맛있어요! 땅콩 버터도 맛있고! 오리지널도 진짜 맛있어요! 사장님도 친절해요!! Really good and real Tiramisú just like the one in Italy!
18178438,5.0,"New York City, New York"
18178438,5.0,"Real Italian coffee, made with love.
The tiramisu is also really good, and comes of course in two sizes."
18178438,4.0,"After Fried chicken with beer... took a walk walk at the street to digest ..... found “two sizes cafe” (Famous in Tiramisu)
Ordered an original small cup Tiramisu with Cappuccino (Italian style)
Tiramisu is sweet sweet ... maybe too sweet for me.
Might worth try pistachio Tiramisu... hmmmm"
4050351,3.0,"Like Starbucks, but Korean"
4050351,3.0,Not magic but pratical
4050351,5.0,"Kuala Lumpur, Malaysia"
4050351,4.0,"After some serious intercontinental flying it's nice to find a place with good coffee and a breakfast with a special touch. So if you're looking for that the Tom N Toms is a good place to get your breakfast needs taken care off. And if you're ordering before 11 o'clock you can have the ""breakfast deal"" consisting of a well filled bagel and nice coffee for 6000 won (about US$6,-), this will get you going for quite some times discovering Seoul."
4050351,5.0,"Had a wonderful brunch set for 150 baht. Was filling, delicious and wonderful. Definitely a repeat. Great view and air conditioning"
4050351,3.0,Good coffee and comfy seating at Tom N Toms Coffee
4050351,4.0,"The place is very cozy! :) the desserts and the beverages are very delicious as well, they waiter/waitress were so friendly and the best part is the coffee shop open for a long duration, i think it's open for 24 hours 😆 so whenever i get bored and have no where to go, i can go there and just chillin around, love it!"
4050351,4.0,Starbucks (K-Pop Version)
4050351,5.0,Great service & coffee!
4050351,4.0,"Spacious cafe with friendly staff , clean toilets good coffee and great internet popular with locals with prices ok they have smoking room as well which is well separated from non smoking"
4050351,3.0,"Tom N Toms are all over Seoul. They are literally on every street, next to the other four huge coffee chains in Seoul. The one I went into was open 24 hours, which is convenient. 

They are basically a Starbucks, with a lot of the same drinks. They even use Grande and Venti for the sizes of their drinks. I ordered a caramel latte, and it was pretty good. It kind of had a different caramel taste, but it was good. I couldn't get Skim milk in it though. I think they said they only had whole milk to offer. They kind of took a while to make the drink. A little bit longer than expected at a coffee shop. The prices were pretty much the same as any other fancy coffee shop. 

The one negative I had with this place was the service. This was the only place in Seoul where I got poor service. It was basically the guy who worked the register, who didn't even say anything when I ordered. Kind of rude. I guess I would expect this in America, but not in Seoul.

Basically I only went to this place once when I was in Seoul, and the rest of the time I went to Starbucks. Starbucks Korea had GREAT service and they of course make consistent, nice tasting espresso drinks.

Check Tom N Tom's out if you want to try something new though."
23980840,5.0,"Dubai, United Arab Emirates"
23980840,5.0,"Nulldam space is known as the café where you can send mail to yourself in the future, and that is of course fun! They also have plenty of seats, very nice staff and Seoul's best coffee! Located steps away from Gyeongbokgung palace."
23980840,5.0,"You get to write a letter which will be delivered on a date of your choosing the following year. The cafe provides different letter templates to choose from. Including the letter, wax, and envelope, domestic delivery costs 4,000won while international costs 5,000 won. 

We also ordered a vanilla and hazelnut latte, which was pretty good, and an earl grey iced tea, which didn’t taste anything like earl grey. 

Think about going to this cafe for the cool letter writing experience instead of going there for a drink."
23980840,5.0,"London, United Kingdom"
23980840,4.0,"Nice view, amazing letters, normal coffee"
28668092,4.0,"San Francisco, California"
28668092,5.0,Wonderful food and coffee. Honestly loved it so much visited again the next day. I only wish they could courier food to Sydney!
28668092,5.0,This is something to write home about!
28668092,3.0,"Leicester, United Kingdom"
28668092,3.0,Mat - Runner & Foodie
28668092,4.0,"Los Angeles, California"
28668092,1.0,Bad service: terribly disappointing
25064418,,
3934085,5.0,"Tagbilaran City, Philippines"
3934085,2.0,It is just a chain store that looks like all the other places you find around Korea. Bad coffee and you feel like one in a million. Rather visit one the locally owned stores that has soul
3934085,4.0,HAd some buns and hot green tea latte ! Nice place to hang out with the nice cold weather outside. GReat staffs and crowd
3934085,5.0,"Dhaka City, Bangladesh"
3934085,5.0,"i personally love caffe bene's desserts. they have wide variations and choices such as waffle, pastry, gelato and more. plus the workers here and friendly. i've tasted angel-in-us just to compare the dessert. but i tell you caffe bene's are the best to my taste!! all cafe's in korea as i know is self service cleaning so to foreigners who doesn't know please follow their policy to make the earth a better place than relying on others."
3934085,3.0,Just another of hundreds of coffee joint
3934085,4.0,Quiet place in the heart of busy myeongdong. A place for a relaxation or just chilling around waiting for friends. green tea is good.
3934085,4.0,Nice coffee and dessert
3934085,5.0,"New York City, New York"
3934085,4.0,"typical coffee shop, nothing special"
3934085,4.0,The waffles were amazing!! And the sweet potato latte? WiFi speed here amazing as well! Good place to rest your tired feet after shopping!
3934085,4.0,"London, United Kingdom"
3934085,5.0,"Having grown up in the city of coffee snobs and hipsters, stopped by Caffe Bene on my Asia trip, and pleasantly surprised by how nice the coffee was, considering it was a major franchise.

Friendly staff, good coffee and yummy desserts. Price was in line with Starbucks but quality of coffee was much better. Will definitely go again in the future when I get the chance."
3934085,4.0,"Good Coffee, Delicious Waffles"
10397159,3.0,Overrated and Overpriced Average French Bakery
10397159,4.0,One of best pastry shop
10397159,3.0,"Oxfordshire, United Kingdom"
10397159,4.0,Great croissants and salty butter rolls
10397159,4.0,"Province of Barcelona, Spain"
10397159,5.0,"Kuala Lumpur, Malaysia"
10397159,4.0,My friends and I were walking around in Itaewon and the different kinds of pastries and breads caught our eyes. It was quite pricey but worth it. Baguette and the sourdough loaves were amazing. Baguette had a crunchy sides. Sourdough loaves were best paired with cheese.
10397159,5.0,Authentical French Bakery
10397159,3.0,Chain Bakery - good or bad?
12338956,5.0,A beautiful floral themed cafe located at a quiet area in Hongdae. The decorations are so pretty that you can take really good photo at almost every corner of the cafe. Drinks are complemented with fresh flowers and taste good too.  A must for flower lovers!
12338956,5.0,"The is the very nice place and recommend girlsss come to here after shopping.

The shop have placed a lot of flower
🌺🌷🌹💐🌸🌼🌻

Table putted fresh flower !! 
And some fake flower decoration on wall.

Mostly flower is white / pink colour 

They have provided rose tea for drink !! 
And i have order coffee and some cake 

Nice environment and not experience 
i can spend whole afternoon here 
chat with friends and enjoy the good food !!!"
12338956,5.0,"Lovely and dreamy, everything a girl wants!"
27708034,5.0,Such a find at base of our hotel
27708034,5.0,"Very nice location.
We skipped the hotel breakfast every morning to be there.
The guy who runs the is a professional barista and playing in the major league.
And of course the service is top notch.

Highly recommended!"
27708034,5.0,Connoisseur Coffee amongst a sea of ordinary
27708034,5.0,Best Specialty Coffee in Seoul.
27708034,5.0,"Outstanding coffee, a must visit"
27708034,5.0,"Kuala Lumpur, Malaysia"
27708034,5.0,"This coffee is super delicious and the coffee beans are of very good quality! The male boss is also very nice. He speaks fluent English and is kind and polite. Although the store is small, with only a few tables and chairs on the second floor, it is clean and comfortable overall. I would like to visit him next time I go to Korea. I will bring some tea bags with me. Bring the coffee bags back to Taiwan and brew them! Ah, I really hope there is an official website where I can order and have it shipped directly across the sea to Taiwan🥹"
27708034,5.0,"Great coffee, and opens early."
9305375,,
9420796,4.0,Nice whimsical place with many instagram photo opportunities.  Visit as part of Buaem-dong day out.
9420796,5.0,"This is really a hidden gem! My goodness... the view is beautiful! And the day I went, the weather is not too cold, and with the sun, I tried sitting outside for awhile. It's just beautiful! The drinks are so-so. Heard that the tiramisu is good, but I didn't try. But the view is just amazing. 

This is one of the cafe that the drama Coffee Prince filmed at. The other cafe is in hongdae and you can just research online to get the information on that. However, please note that both cafes are not affiliated. They are just cafes that Coffee Prince drama used, to film at. There are some photos and of Coffee Prince drama there.

But the most important thing is the view! Though in winter and a little hazy, the view is still beautiful! The photo I post here just didn't justify what I see with my eyes. So come here and experience it for yourself! Weekdays are better, weekend very hard to find seats (and even good seats with the view)."
9420796,3.0,"Penang Island, Malaysia"
9420796,5.0,"Situated on the mountains of Buam-dong this charming coffee shop was the last stop on our tour of Seoul.  After spending an entire day out and about we were pretty beat and ready to relax. Our tour guide said he knew of the perfect place for us to unwind.  He also said the cafe was featured in a k-drama. I later learned that it was a filming location for Coffee Prince.  My family and I sat outside and enjoyed our coffees while learning about the history of the Seoul Fortress Wall, and about our tour guide's hiking experience. It was a fabulous way to end our day. 

Prices for coffee are on the high side but the view and ambiance make up for it. It's definitely one of my favorite places and I will definitely be going back."
6942045,4.0,Nice place to meet friends
6942045,4.0,Perfect spot to have a coffee and work at the same time. The place is quite big and has a lot of tables where people can work with laptops.
6942045,4.0,"I like it when they serve my coffee in the Coffee Smith Mug. They have a large spacious area for seating, an outer area which is opened during Summer and a wall seating for laptop users. The coffee is also great. They close at 2 am. I live in Itaewon and it's one of my go-to coffee shops."
6942045,5.0,"The coffee is just the same in anyother cafe around seoul. but what i love about this place, is the big spacious interior of the cafe with high ceiling and the big wall windows. there is also outside balcony with nice view for itewan street"
6942045,4.0,"This outlet is located towards the end of the street, Itaewon. Next to Agra restaurant. 
Ambience is very cozy. Coffee is just average nothing exceptional but to wild some time it’s a very nice place."
6942045,4.0,Great coffee and amazing vibe
6942045,5.0,Lovley roomy interior
6942045,5.0,"Very open, tons of space, lots of cozy spots to sit in, and the window-view makes you feel at ease. Good hang out spot. I'm not a coffee connoisseur... so I'll say it all tastes good enough for me."
33991623,5.0,"Great spot, great service"
33991623,5.0,"Mushroom butter pasta is really delicious because the rich, creamy butter coats the pasta perfectly, while the mushrooms add a deep, savory flavor that makes every bite comforting and satisfying."
33991623,5.0,"I want to know a place with a good atmosphere, but I don't know if there is such a luxurious and clean place in Ithawan!! It looks good to come in with friends or a couple."
33991623,5.0,"We searched for large oaks to enter.
Pleasant and the food was delicious.
It was a pleasant place. There's a rehab."
33991623,5.0,A Classic Itaewon Bar for Wine and Cocktails
33991623,5.0,"It’s a Korean-style pub & lounge, but the interior feels like I’m in Brooklyn. The food is tasty and the staff is friendly."
33991623,5.0,"Gwangyang, South Korea"
33991623,5.0,Luxurious and great when dating a girlfriend.
33991623,5.0,"It looked expensive, but I just went in and used it, and it was good quality wines and food, so it's not of low quality."
33991623,5.0,To Humus - pretty delicious place!
33991623,5.0,I got clamp chauffeur and snack but both are delicious. The interior is clean and I'd like to see you later!!!!! Recommend!
12533876,5.0,"Even though the cafe is a bit small, it is still worth a visit. The staff there are super friendly and prepare the drinks with love, which makes the drinks taste even better"
9245314,4.0,"Buenos Aires, Argentina"
9245314,1.0,You should open Starbucks in GEUMSAN-EUP
9245314,4.0,Howard Schulz's monster
9245314,3.0,Baristas bear the brunt - and grunts
9245314,4.0,"Kuala Lumpur, Malaysia"
9245314,1.0,Service sucks. Staffs were rude and unfriendly. Good for people watching though. Utensils were not clean.
9245314,2.0,I'm not a big fan of Starbucks and the ones in Asia are no exception. Coffee is just OK and the pastries are awful ...just my opinion.
9245314,4.0,"Busy location, typical Starbucks on 3 floors."
9245314,4.0,"Washington DC, District of Columbia"
9245314,3.0,A Modern twist on the street
9245314,1.0,"I came here to find a quiet breakfast place.
The place is quite large, and has some nice resting area in the 2nd floor, but the music is so loud it is barely possible to focus on anything (reading, chatting, etc).
It is also far from cheap."
9245314,4.0,Was glad to have a Starbucks so close to my hotel. It was nice to have something familiar. It is very consistent with all the flavors in the United States
9245314,4.0,"Santa Clara, California"
9245314,4.0,☺😊☺😊☺😊 yay for tradition. I had a great coffee and I enjoyed the atmosphere inside it's a beautiful Starbucks.
9245314,4.0,Enjoyably typical Starbucks - in Insadong!
9245314,5.0,A truly Korean Starbucks - by name
9245314,4.0,"This is just to reiterate my comments from my previous review.  Visited a number of times on this trip and can say that all my comments remain unchanged.  I did notice that they have increased the quantity of desserts and sandwiches available, and having tried them must say for a chain they  were very good whether they make them or have them made were exceptional.  So a good place for more than coffee.  This trip was able to pick up Seoul 5G wifi, instead of what Starbucks offered.  Still very busy."
9245314,4.0,"Typical Starbucks, good location and free wifi"
19070247,5.0,Seoul should be proud of this
19070247,5.0,Flavors is gooooooood
19070247,5.0,"Interesting tea inspired bar. There are wide selection of unique tea cocktails and whiskies as well. Tea selection for non drinkers are a nice touch as well.

한국에서는 없었던 차를 재료로 만든 칵테일들이 새롭고 맛있었습니다. 차만 마실수도 있으니 술을 못드시는분들과 오실때도 좋을것 같습니다"
19070247,5.0,A 'must-go' bar for all tea and cocktail lovers
19070247,5.0,Cozy and unique space in Seoul
19070247,5.0,"New York City, New York"
19070247,5.0,"Their service and cocktails are without a doubt top notch worldclass. What is even better however is their concept, tea inspired cocktail made with homemade ""tea spirits."" This is the one and only place to find such experience."
19070247,5.0,Fantastic contemporary bar in Seoul
19070247,5.0,"They have delicious cocktails and tea list as well, so people that can’t or don’t want to drink alcohol can enjoy as well!
칵테일도 너무 맛있고 분위기도 너무 좋아요. 물 소리 들으면서 칵테일 먹으니 너무 좋네요. 바텐더들도 너무 재밌어서 다음에 남자친구랑도 또 와야겠어요"
14967527,5.0,We made a special trip to lee jung suk's cafe 89 at sinsadong. We ordered coffee and hot chocolate and banana chocolate cake. Food taste really good especially the cake. We arrived late around 9ish so most the of food over the counter were sold out. Cafe is very cozy! Will come back again when we visit seoul again.
14967527,4.0,"This cafe is owned by celebrity model/actor Lee Jong-suk (not that I know who he is).  I had no idea until I met my friends in the cafe and they related the history of the establishment. Unlike most places, there are only male baristas and servers which I also heard are aspiring models and actors.

I ordered the matcha green tea latte and the tiramisu. The dessert was light and fluffy and totally to die for. There is also a dining room on site for full service meals."
14967527,4.0,"Kuala Lumpur, Malaysia"
14967527,4.0,"Delicious Food, Cool Vibe"
14967527,4.0,"Bandar Seri Begawan, Brunei Darussalam"
14967527,4.0,Every ending is always a new beginning!
8532472,5.0,One of the best Taiwanese tea shops around
8532472,4.0,"Happy Lemon Plus serves good tasting milk teas and other drinks too. If you are thirsty and want a quick drink, this is the place to go."
8532472,5.0,Yummy! We keep coming back
8532472,5.0,"New York City, New York"
8532472,5.0,"Passed this place a few times before. We finally decided to try it since it was a hot day. I ordered the lemon strawberry smoothie (its more like a slushy and a little too sweet for my liking) and my daughter got the mango milk tea with pearls, both were tasty. I want to try the Milk Tea with taro pearls next time."
8532472,5.0,"Love visiting this happy lemon store! Patronised this store several times within a week! :)
I do not know korean so the english menu was really helpful, and i have to thank the staff for being patient with me while ordering since I am tourist.
There is a 5 or 10% discount for SKYPARK hotel travellers, so do show your room key card for the extra discount."
12493336,4.0,"San Francisco, California"
12493336,5.0,"After days of Korean coffee, I started to miss the strong coffees from home. I was so happy to discover this little cafe! Strong nanyang brews and pandan cakes. A little piece of Singapore in the midst of Hongdae"
12493336,5.0,"이 카페는 싱가포르 사람들이 소유하고 운영하는 카페입니다. 싱가포르 인으로서, 나는 디저트의 독창성과 진정성을 증명할 수 있습니다. 카페 이용자는 싱가포르 커피와 초콜릿 음료 (Milo)를 맛보실 것을 강력히 권장합니다. 이 카페는 또한 현지 돼지 고기뿐만 아니라 현지 싱가포르 맥주를 제공합니다.

This is a cafe owned and operated by Singaporeans. As a Singaporean myself, I can attest to the originality and authenticity of the desserts served. Cafe patrons are strongly recommended to try out the Singaporean coffee, as well as the chocolate drink (Milo). This cafe also serves up the local Singaporean beer, as well as pork jerky."
12493336,4.0,nice place to take a break
12493336,5.0,Taste of home in a foreign land
12493336,4.0,An authentic taste of Singapore
12493336,5.0,Little Singapore in Seoul
12493336,5.0,"My fourth visits this week! I had coconut kopi, Kaya toast bread, Tangyuan, Mango Pomelo and they are all yummy! The desserts are very unique - a good blend of Korea and Singapore recipes. I feel very at home as a Singaporean. Many thanks to owner, Ken and his staffs"
12493336,5.0,"This is an awesome little cafe! The kaya toast is better than what we have in Singapore!! Angel was so friendly and welcoming! Anyone who misses home or want a taste for Singapore needs to come here!!! Milo dinosaur, kopi C etc! You will find it here!"
12493336,5.0,No. 1 singaporean cafe in Seoul!!
12493336,5.0,A place that you must visit
12493336,5.0,True to its name . The cafe brings out the true identity of nostalgia food from Singapore . Simply love the black sesame tang yuan in ginger water.  It's simple and full fill the warmth needs when feeling homesick . Thumbs up
12493336,5.0,Best Singaporean kaya toast made by Singaporeans!
12493336,5.0,Merlion - Best Singaporean cafe in Seoul
12493336,5.0,Best Singapore Cafe in South Korea!
12493336,5.0,AUTHENTIC HOMEMADE KAYA JAM by Singapore in Korea
12493336,5.0,Cosy Ambience and Friendly Staff
10307717,5.0,装潢漂亮 食物好吃 员工也非常热心肠 good food good decor great staff
10307717,4.0,"A small cafe with mirrored walls offering a limited but tasty western style lunch menu. The service is friendly, prices are reasonable. A nice touch for the ladies is the lipstick display where you can try on up to 30 or so shades of red. There is free wifi available."
10307717,5.0,"Chichester, United Kingdom"
10307717,5.0,Where the modern and Korea traditional coexist
10307717,5.0,marvellous unique place~!!
10307717,5.0,So weird and so great mirror cafe i've ever seen in korea. Its design is up to the name of mirrorroom~. Cream latte and frozen choco could be recommended.
14214272,5.0,"Edinburgh, United Kingdom"
8969817,,
17806899,5.0,Excellent atmosphere with bot.
15530707,3.0,Good space but could be better
15530707,5.0,To have great coffee and croissant in a good mood
15530707,4.0,Tart specialty bakery with various bread and good mood.
15530707,4.0,I went to Tartine primarily
15530707,4.0,Their croissants are big and crunchy. It could be because we arrived there real early and we were the only people having it there. Some locals do come for takeout and this place offers valet parking for free. Price is a bit pricey but I think it is worth it for the early morning breakfast with good ambience
15530707,3.0,"This much-heralded bakery was a bit of a disappointment to me.  Yes, the food is good, but so is the Artisan Bakery a couple doors down.  The only difference is, when I go to Artisan Bakery, I don't feel like my pockets have been fleeced after I leave.  The problem is that some of the baked goods are good.  I think they have the best croissants in town.  However, some of the other items on the menu are puzzling.  There's a really average beef sandwich for 17,000 KRW.  And it goes on.  A couple standouts cannot support the extremely high prices of the entire menu.  And on top of that, the valet service is troubling.  On my first visit there by car, I was told that I had to valet park my car.  But my husband had only run in to grab a loaf of bread.  I was waiting in the car and we weren't stopping traffic.  There was a car ahead of us that did the same thing and the Korean woman ran in and left her car running.  I was told that they valet parked all the cars and that we couldn't be sitting in the street.  But they had just allowed the Korean woman ahead of me to do the same thing.  Huh.  So I refused.  Then they said they would go in and talk to my husband.  I thought that would be amusing so I told them to go in.  Long story short, we got the bread and left without having to valet park.  In and out in about 5 minutes."
15530707,4.0,Very nice baked goods for Extremely High prices
9038106,5.0,"Los Angeles, California"
9038106,4.0,Quiet and relaxing cafe
14790805,,
9245504,1.0,"Kuala Lumpur, Malaysia"
9245504,4.0,Starbucks is starbucks is starbucks
9245504,3.0,"C1 ( 2013.4.22 ) 
It was a two-storey building alone in Gangnam area. The mood was good, employee was very kind. On the second floor, there was an outdoor terrace. Unfortunely, this place was non-smoking area in this year. In Gangnam area, there was a good coffee shop."
15632521,4.0,"Pekalongan, Indonesia"
15632521,4.0,Small but crowded cafe
9245181,,
9258798,5.0,"Sunny Isles Beach, Florida"
9258798,4.0,Fluffy bread and others at famous bakery
9258798,5.0,"The oldest bakery remaining in Seoul. They have been running since 1946. Not only this bakery has a long history, but their breads are pretty good for young people.
I recommend everyone to stop by at least once when he/she is near.
- Their signature menus are Monaca Ice Cream and Sarada(salad) Bread. Sarada Bread is not cheap. Good to try once, though. There are many other breads and cookies. We tried many and they're all great.
- The inside is old fashioned. Looking very classy and huge. There is a cafeteria together. But, coffees were expensive. They have a fine vintage hall upstairs. We went there when there's no one else. Also, you can get the great view of Jangchung Stadium through the window.
- It seemed this bakery had been affected by Japanese a little bit. Sarada is Japanese variation of English word 'salad' and they bake melon breads which are very rare in other bakeries in Korea nowadays.
- Many customers open their purses widely here. We were able to see many people picking breads A LOT. Which means late comers may miss some popular ones."
9258798,5.0,Oldest bakery with the Freshest bread!
10501196,4.0,"Petaling Jaya, Malaysia"
10501196,1.0,Nice Dessert but poor service
10501196,5.0,Delightful dessert...
10501196,4.0,"Unique menu. 
Very small cafe and hence you may need to wait outside if it is full. 
Note that there are no chairs outside the cafe. 
Food is good."
10501196,5.0,Best place for dessert
10501196,4.0,"This place is a must-visit for sweet potato fans - everything on the menu is made with sweet potatoes. Instagrammers will not be able to pass up the opportunity to snap a shot of the beautifully crafted sweet potato desserts. I only tried the ice cream and that was pretty good. The shop is located just slightly further than a stone’s throw away from Gyeongbokgung Palace and the Bukchon region. The shop is pretty small and has just about 10 seats or so, so it might be better to visit at non-peak timings."
10501196,5.0,"Morrisville, North Carolina"
10501196,5.0,"Penang Island, Malaysia"
10501196,3.0,"Kota Kinabalu, Malaysia"
10501196,1.0,"The owner so rude asked us to wait out side of shop (more than 10 min.) which the weather was minus 15.  We were very upset of his service. 

Even thought the dessert was okay (you can find the better taste in other place) but we don't support the people who have no service mind."
10501196,5.0,"New York City, New York"
10501196,5.0,Surprisingly good dessert!
10501196,5.0,"Cambridge, Massachusetts"
10501196,4.0,"Boston, Massachusetts"
10501196,5.0,"Kuala Lumpur, Malaysia"
10501196,4.0,"Love the ice cream and the sweet potato chips. Its a small shop so if you are in a big group , its better to take away the order."
10501196,4.0,"Dubai, United Arab Emirates"
10501196,4.0,"I think Korean loves sweet potato. Not just this shop but there are also a lot of sweet potato everything down to latte. 
The shopkeeper doesn't really speak english but the menu has English and photos so it wasn't complicated.
We ordered the sweet potato bingsoo and peanut ice cream but he served us in both sweet potato. It has the same price with the peanut flavour and we didn't want a hassle so we just took them. 
The ice for bingsoo was great. I don't really care for the sweet potato paste. But it is good for photos. If I ever come back I will try their green tea shave ice or peanut stuffs. Probabably will pass on their sweet potato next time. Good enough but doesn't really call for a return."
10501196,1.0,"San Francisco, California"
10501196,4.0,Purple Color Ice Cream
9141254,5.0,"Good location for shopaholics to relax. Very nice setup, good view of the street. Friendly and helpful staff."
9141254,4.0,Taste good & Staff so nice
9141254,3.0,Good alternative to Starbucks
9141254,2.0,Coffee is good. Customer service is horrible.
9141254,4.0,Interesting comfortable place
9141254,4.0,Coffee to boost your mood and energy so you can shop there with less tired. Its facing the street so you can see surrounding.
9141254,3.0,A place to chill after shopping
9141254,4.0,"Good hotel , good location"
9141254,5.0,Nice place to chill after shopping
9141254,4.0,"good location within hotel and love the cakes. very crowded and difficult to get seats.
Great coffee of course!"
12703524,3.0,"The location is great because it is right next to my hotel. The decor is adorable with great music. The coffee and food were great too. My one critic would be service. I had been there three times for breakfast and I met this woman who was working in the front. I assume she is a supervisor or lead and I do hope she was not the manager of the location for the sake of the business. Every time I went in, she seemed so unhappy and I felt like she was annoyed for helping me.  I made a mistake by putting the coin on the counter, I was planning to count and view which coin was which since I am not familiar with them. She almost scolds me for not putting it in her hand. It was not my intention to be disrespectful to Korean culture but her tone and facial expression as she told me that in Korea I must put a coin in the receiver's hand. I appreciate that she wanted to educate me but I thought in the service industry, she could have done it with a nicer tone. I donobserved that her demeanor is different among different races, including Korean, other Asian, and caucasian. I gave her three chances and all three times I didn't feel the warm welcome."
12703524,5.0,"We ordered vanilla cafe and mocha latte, and  for sandwich ordered smoked bacon and egg and original bulgogi.  The bread is somewhat sweet and soft, which we prefer."
12703524,5.0,"Waterlooville, United Kingdom"
12703524,5.0,"Rotterdam, The Netherlands"
12703524,5.0,"Kuala Lumpur, Malaysia"
4881051,5.0,Splendid view of Namsan
4881051,5.0,"Great Coffee, nice views and lots of seating."
4881051,4.0,A place u can enjoy a time while u are alone
4881051,4.0,"Stopped by to have coffees and a snack to eat. Our reception was cool to say the least and I suggest the staff be given 'happy pills'.
Notwithstanding this the coffee was very good -- probably up there with coffee we have had in our 2 months away. Unfortunately in terms of a snack this place is severely limited. A choice between a muffin, croissant and a biscuit - nothing of a savoury nature.
If it is just coffee you want this establishment is ideal but remember not to feel too welcome."
4881051,5.0,"Mönchengladbach, Germany"
4881051,5.0,love Kenyan coffee and it was a real treat to drink coffee here well worth the visit........in a great location and as a single woman felt very safe walking to this location
33320186,5.0,Puglen Recent Reviews
33320186,5.0,"Coffee, cocktails and good vibe"
33320186,5.0,"The best drink in the evening near Sangsu Station and Hongik University Station.
Coffee is available in the evening, but I recommend a cocktail that changes from season to season."
33320186,5.0,"In a Nordic atmosphere, coffee in the morning and cocktails in the evening! During the day you can enjoy a cocktail like a hybrid!"
33320186,5.0,"The dopest spot in Seoul. A coffee tonic on the roof was through the roof. 
Looking forward to trying the bar at night, 10/10 place."
33320186,5.0,"A piece of Norway in Seoul❤️ Cozy, great coffee and drinks"
33320186,5.0,"The first time I landed in Korea, Puglen Seoul, and I was looking forward to visiting it. 
Coffee and cocktails were really delicious and most of all very friendly thanks to the staff. 
I'll come often! There are many places to take photos. It was a great visit for a long time!"
33320186,5.0,Must-go place for both internationals and Koreans
12222340,4.0,Spacious Place to Chill
12222340,4.0,Canele is very well done
12222340,5.0,Lovely atmosphere to rest from busy Myeongdong
12222340,3.0,we did not pick a good one
12222340,5.0,"Willesden, United Kingdom"
12222340,5.0,Great coffee! Matching artistic desserts!
12222340,5.0,Nice bingsu and cakes
12222340,5.0,Hot chocolate is a must
12222340,5.0,"Delicious, friendly service, perfect location, nice interior!"
24636006,5.0,It's so delicious! It tastes like eating in France.
24636006,5.0,Friendly cake restaurant
24636006,5.0,"Quiet and good atmosphere! 
Impressed by the friendly service👍"
24636006,5.0,Good coffee and friendly service allow families to have a good time.
24636006,5.0,"I came to eat on Father's Day.
Be quiet. 
It was so good!
Staff are friendly.
Well done. 
It feels good."
24636006,4.0,The most frequently used jandediver
24636006,5.0,Jardin d’Hiver: A Chic French Escape in Seoul
24636006,5.0,Friendly service and experience
24636006,5.0,The lawn garden is great.
24636006,5.0,May Hangzhou Menu Seoul Spring Blues Crown Prize
24636006,5.0,"The atmosphere and coffee dessert taste good.
Delicious lunch, I went upstairs with my brother.
Quiet and good mood.
Eckler and Macaron were delicious."
24636006,5.0,"I visited with a friend to simply have coffee.
Weighting was huge on weekends! 
Coffee and crows were as good as I waited!! 
The Latte House ~"
24636006,4.0,It feels like a fast shop that only I know is good to offer at a reasonable price.
17288367,5.0,"Dubai, United Arab Emirates"
17288367,3.0,A Must-Visit Gone Wrong
17288367,1.0,"Kuala Lumpur, Malaysia"
17288367,5.0,"Was just passing by in one of the alley and noticed a long line up. Decided to check it out and oh the smell of fresh bread being baked got me. Immediately lined up as the line is getting longer. Waited close to an hour probably but imo it's worth the long wait. The food was great, the place is kinda tight but I liked the vibes. Recommend visiting this cafe especially if you love bread."
17288367,5.0,Sweet toast perfection
17288367,5.0,A Hidden Breakfast Gem
17288367,5.0,"The wheat toast was so delicious! I came with a friend and the vibe was great. The server could speak Korean and English, so I felt comfortable. I had a latte and strawberry bread and it was so delicious and I received it quickly. I would love to go again! If I go back I want to try many different breads!"
17288367,3.0,"The queue was endless but we persevered. I wasn't thrilled with the dessert, a dessert that came out of the freezer with egg brioche. The café crème has a thick and hard layer of whipped cream that will make us never see the coffee. I recommend this coffee for those who like something sweet and more for a dessert but not too much for breakfast."
17288367,1.0,Rude and disappointing
17288367,1.0,Good food spoilt by terrible service
17288367,5.0,"London, United Kingdom"
12847683,5.0,One of my favourite cafes in Seoul
12847683,5.0,"Good coffee, great breads/pastries"
20099016,5.0,"Relaxing afternoon in Caruso-Gil, just the cafe I need"
9245236,5.0,One of my favorite stops in Samcheong-dong
14976195,4.0,"Cute , calm, delicious!"
14976195,5.0,Charming cafe with a generous host. Great value huge tasty brunch and really good coffee
14976195,5.0,"Pontault Combault, France"
14976195,2.0,"Too bad, it could of been!"
8976885,4.0,"When we arrived at 10am, we were the first and the café was nice and empty. In general, there is a wide selection of special teas and small snacks. The red bean porridge was very tasty, whereas I was less convinced by the rice and honey cake set."
8976885,5.0,My favorite tea house!
8976885,5.0,"Tysons Corner, Virginia"
8976885,4.0,"National Harbor, Maryland"
8976885,4.0,Tea traditional style
8737621,5.0,"Boston, Massachusetts"
8737621,5.0,BEST WAFFLE AND BINGSU EVER
8737621,5.0,"if you like coffe, dont forget to meet this coffe cause this caffe kais sister loh guys, 
the coffe so good"
8737621,5.0,i love it because i love EXO
8737621,5.0,"Fyi, this is kai's sister cafe named Kamong. The price is reasonable. His sister took the order from us in the counter. We ordered Waffle which was surprisingly big and delicious."
8737621,4.0,"For EXO fans, this place is must"
27186412,5.0,Delicious food here!!!
7808188,5.0,"New York City, New York"
7808188,5.0,"Abu Dhabi, United Arab Emirates"
7808188,4.0,"small, authentic coffee shop"
7808188,5.0,Amazing coffee that will make you come back time after time again!
13823190,5.0,Excellent coffee and exceptional sweet/savoury
13823190,3.0,"Came across this place near my Airbnb apartment, when I was walking over to Myeongdong in the morning and I was immediately attracted by its open concept, and how spacious are the furnishings. So I decided to hop in to get a quick bite. 

So how this place works is that you can select your breads and cakes (they are laid in the middle). Presentation wise, really interesting and appealing, so I took the French Loaf with butter and Taro Jam, as well as a hazelnut sponge cake to give it a shot. As I was worried whether it might be too sweet, I got myself some black coffee just in case the sugar was too much for me to handle.

Overall, the bread was not too sweet but it was pretty unique in taste. Sponge cake was sweet as what I had expected. But to be honest they really have pretty decent coffee. So overall it was not too bad after all.

Definitely a lot more room for improvement for their pastries but it's still worth visiting!"
13823190,4.0,"This cafe is all about the aesthetics. From the renovation to the food served, everything was designed to look good. The bread tasted alright, nothing out of this world but the pricing is steep for what it’s worth. The only reason being here is for the daily Instagram update about fancy bread, other than that this is not a must-see cafe in Seoul."
13823190,3.0,"Truro, United Kingdom"
13823190,3.0,Fancy cafe with decent drinks/food
13823190,3.0,"Hipsterish minimalistic cafe with a lot of room. Good drinks, average pastries."
26631262,5.0,The University's Restaurant!!1-1
26631262,2.0,Service is leeeeento.
8909846,5.0,Very Nice Coffee Desert Shop
8909846,5.0,Bingsu in Korea is really different when you're there--it's more delicious maybe because of its authenticity.  The strawberries are sweet and this one huge bowl can only satisfy one person. Very yummy and I would want to try some other offerings when I get back to Seoul.
8909846,4.0,BeansBins Myeongdong @ Savoy hotel
8909846,4.0,"Had our free breakfast here for 5 days as it is just beside the hotel where we stayed while travelling in Seoul. We had waffles with sausages, eggs, tomatoes, lettuce and mushroom. Waffles were perfect, crunchy outside yet soft inside. Great with the syrup too. Scrambled eggs were fluffy and tasted good,  It was so filling!"
8909846,5.0,"So I ordered strawberry waffle and strawberry latte. The waffle is very good it is quite crunchy outside and soft inside. Strawberry on top is sweet not sour. The strawberry latte is not one of those strawberry syrup drink, but tastes of real strawberries."
8909846,5.0,"An excellent place for hot chocolate, coffee and waffles anytime of the day.  Lots of space and tables. Great place to rest, hangout and recharge after a day of walking and shopping in Myeong Dong. Go early for breakfast before crowds come in at 10am. Opens early at 7.30am"
9681508,5.0,Definitely worth the trip for traditional Bingsu
9681508,4.0,Famous patbingsu shop in Korea. Definitely a place for red bean lovers. Prices are more expensive considering the smaller portions. Ice texture is less coarse but also melts more easily. Worth a visit as it's a famous shop.
9681508,5.0,Famous for its snowlike Bingsoo
8874687,5.0,"Korea is a coffee culture and I made the switch to tea back home. However, due to the lack of great tea places, I had to switch to the dark (brew) side. I am on vacation, but ice cream in my coffee? Yes on the coffee and yes on the ice cream in my coffee. Who needs cream in their coffee when they can have ice cream. I’m not saying that I’m a coffee snob - but when I did drink coffee on the regular it was - Blue Bottle, Philz or Ritual if that provides any perspective."
8874687,5.0,The best coffee in Seoul
8874687,4.0,"This is a very large cafe with good coffee.  It's kind of like a cross of a Starbucks with Australian style coffee.  

The locals love coffee with ice cream, and that was very popular.  However, considering it was winter, I wasn't inclined to partake.  However, I'm sure it's lovely in summer."
8874687,5.0,Good place nearby Gyeongbok Palace
8874687,5.0,"If you want to try something new at Paul Bassett, try the Frappe. It is so good!!!
The place is spacious with great service."
8874687,4.0,Good atmosphere and delicious coffee
8874687,5.0,"Chichester, United Kingdom"
28656847,4.0,"This was the first coffee shop we stepped into when we reached Seoul and it was the best place to start the trip with.

I ordered the birthday party vanilla flavor coffee and it was a perfect blend of sweetness and coffee, wish I bought a box for me to take home.

We also got one of their traditional donuts “oranda donut” and it was addictive."
28656847,5.0,Best Gift Coffee Shop in Korea! Highly Recommend
28656847,5.0,Nice place with new type of coffee
28656847,5.0,Best Korean Souvenirs!!
28656847,5.0,A store with convenient and Korean-style coffee gifts.
28656847,5.0,Great Seongsu souvenir!
28656847,5.0,If you are looking for a unique souvenir in Korea!
9732432,4.0,"I have stayed at this hotel in the past, but this time I came back just for lunch. I had a cob salad which was quite good and a Matcha green tea. I love the ambiance of the restaurant ~ it felt relaxing and it was easy for me to do some quiet reading while having lunch. All the waiters are very friendly and speak English. I would recommend coming by for some light snacks, coffee or a hearty meal. I will be back in a few weeks."
9732432,4.0,"New York City, New York"
9732432,5.0,"i stayed 3 nights in this hotel and visited the coffee shop every day.  Had a latte, mocha and cappuccino of course.  They were all delicious.  A little pricey but I love being able to sit outside with my dog.  I also love the decor."
9732432,3.0,"Nice place, I really like the interior of the coffee shop. The coffee was good although the prices were higher than elsewhere"
9732432,4.0,"Nice indoor, outdoor space as a part of the Hotel"
14200173,4.0,"Lovely cafe, excellent bread & pastry"
33421866,5.0,Landscape Good Study Spot
33421866,5.0,Dating courses where you can enjoy the leisure while looking at Hangzhou View
33421866,4.0,"It was a great place to spend time in the cafe inside the House of Congress, and it was also a lot of bakery, and it seemed like a place that many people liked."
7372719,5.0,Outstanding chocolate cake!
7372719,4.0,"Kuala Lumpur, Malaysia"
7372719,3.0,Neat Korean cafe for coffee and cakes
7372719,4.0,"Gold Coast, Australia"
15841905,5.0,Excellent Mochi with various fruit.
15603305,5.0,Very Nice friendly atmosphere
15603305,4.0,Everlasting Pink Flowers Season
15603305,4.0,A lovely cafe in Hongdae. Nice butter cream cupcake and staff are really polite. Great way to relax after walking around in the afternoon.
15603305,3.0,Beautiful cafe with beautiful drink
15603305,5.0,Good place and good taste
12946031,5.0,"One of the best restaurant I ever have in Korea! Nice food, nice place for couples and friends gathering, definitely will come again soon!"
12946031,2.0,"London, United Kingdom"
12946031,1.0,"We were a family of 4 who came in as their pancakes were recommended on food vlogs. We were not even acknowledged when we walked in or handed a menu, or given instructions on how to order. 

We waited 20 minutes for a table to clear up just for a group of Koreans to walk in and claim it. 

Eventually after half an hour we were told that the waiting area was seats and to order at the till

Ther were only 5 tables and yet they said to it would take 1hr to make 1 pancake

Waste of time, go somewhere else as there are plenty of shops near by

Shame really as the food looked really good"
12946031,3.0,Great pancakes but terrible service
12946031,5.0,Anita Rut Kristjánsdóttir
12946031,5.0,Best fluffy pancakes ever!
12946031,4.0,"Sarr, located in an alley, is quite hidden from outside.  It is famous for pancakes so we have the signature pancakes, which are soft and spongy.  Be prepared to wait for about half an hour for your pancakes."
12946031,5.0,"We visited Sarr for Sunday brunch. It is a little difficult to find as google maps suggests that it's located on the main road when it is on a side road.
It looks very stylish and is nice and cosy.
They only serve their pancakes and some hot drinks. We found this to be quite nice and unique as there aren't enough brunch cafes in Seoul! 
We ordered the Sarr pancakes which is their original fluffy pancake and we also ordered the banana pancakes which is the same pancake accompanied with bananas. The pancakes are light and airy, they taste milky and aren't too sweet. I sipped a mug of lemon and honey tea whilst my husband had a flat white, both were presented very well. 
They do take a while to be served. We waited 45 minutes because it was a little busy. They had two members of staff where one was making the pancakes and the other was making the drinks.

If you've got some time then we'd highly recommended visiting Sarr!"
11959135,,
14066851,3.0,"The largest baskin robbins cafe i’ve seen outside the US is here at COEX Parnas in Gangnam. Not sure if there’s really 100 flavours, but i surmise at least 80. Large space with many seats, and a colourful ambience"
14066851,1.0,"Staff were horrid, so rude. Left without buying anything because of the terrible service, left a bad taste in my mouth. Would not be visiting and will let all my friends know not to go there. Horrid horrid horrid"
14066851,1.0,Really poor service.  My son ordered a pint (3 scoops) of ice cream and the manager refused to provide us with the means of sharing it.  Very petty and officious manager who should not be in the service industry.
14066851,5.0,"Livingston, New Jersey"
14066851,5.0,Wish I had something like this at home.
14066851,4.0,heaven for ice cream & sweet lovers
14066851,4.0,"Auckland Central, New Zealand"
9003636,5.0,A huge variety of coffees to choose from. Kind of reminds me of Starbucks coffee. Love the Sweet potato lattee there!
9003636,4.0,Nice place for winter hang out
9003636,5.0,Very tasty craft Latte and nice setting
9003636,4.0,Available almost everywhere
9003636,3.0,Just your franchise Coffee shop with a rather nice rooftop
3894937,3.0,"Ulaanbaatar, Mongolia"
3894937,3.0,"Their regular coffee is pleasant and reasonably priced for foreign tourists. 
Came here to try their Avocado Shake, It wasn't my cup of tea as it tasted more like avocado yogurt, but it may be enjoyed by other travellers."
3894937,4.0,"London, United Kingdom"
3894937,4.0,Nice to be able to get my fave coffee in Seoul
13296707,5.0,Good rice cakes with various drink
13201430,4.0,"Greater Melbourne, Australia"
13201430,5.0,Cool break from the hustle and bustle of the city
13201430,5.0,"Super cozy place for coffee, snacks or drinks. We had the glass wine set:  2 glasses wine and cheese plate for 15,000. Great ambiance and very friendly service."
13201430,5.0,"Colorado Springs, Colorado"
13201430,5.0,Beautiful coffee ahop
11876128,5.0,Good cafe and pub in an atmosphere of freedom
11876128,5.0,Great place for events
7028423,5.0,Lovely view and great food
7028423,5.0,Romantic restaurant with beautiful view!
7028423,2.0,"Bad food, bad view of Banpo bridge"
7028423,1.0,Was there in October 2015 and the cafe was closed. Not sure if it's temporary as the rainbow fountain was no longer working during that period. Perhaps it will resume in April 2016?
9245846,3.0,This Starbucks location is easy access so it is always crowded and busy. You'll see tourists hanging out here taking a break from shopping. I don't usually see a lot of locals as it can get a bit loud and you'll see shopping bags everywhere. The service is great and they seem to try their best to accommodate everyone's needs. I wouldn't recommend coming here if you need a quiet place to chill. I've been spoiled by paying less for a Starbucks coffee in the States so don't be too surprised if you see the prices doubled in Seoul. :/
9245846,4.0,Not another Lucky Monkey!
9245846,4.0,"Waikanae, New Zealand"
9245846,4.0,"Bandar Seri Begawan, Brunei Darussalam"
9245846,3.0,"Apart from having the Strawberry frappuccino in their listed menu, the starbucks in korea comes out with the most wonderful idea for cake. One of them is the rainbow cake that i recently tried. For non koreans trying to orders, they do understand english, but just slow down a little so that they can catch what you're trying to say. Starbucks does not have free wifi, so if you are in need of wifi, head over to cafe bene or cafe lamp (situated in the middle of myeong dong) The myeong dong starbucks is quite big, good to hangout while waiting for friends, but as there are 3 starbucks in the area, do specify which one you are in if you're there to wait for friends."
16935676,,
9245763,4.0,First Starbucks in Korea which opened on 27 Jul 1999
9245763,4.0,Starbucks is Starbucks
14440797,,
8809379,5.0,Comfortable place to buy in central Seoul
8809379,2.0,COEX - Service is lousy to the max
8809379,3.0,"C1 ( 2015.11.12 ) 
The Coffee Bean was one of many chain store in Korea. This type cafe was of great importance about atmosphere than the taste, I think. This cafe had atmosphere, too. Many people sit and enjoy chattering. Not good, not bad."
9003609,4.0,Nice Coffee & Hot Chocolate
9003609,4.0,"We had breakfast at this restaurant 3 times, good coffee and good like snack, ham and cheese sandwich is my favorite, excellent coffee, price very reasonable, Hollys coffee have many restaurants around town."
9003609,4.0,Convenience Cafe just at the hotel lobby
9003609,5.0,"I personally feel that the coffee here is more decent and stronger than the rest. Should try he Belgium Chocolate Mocha, it is super thick and yummy!"
9003609,4.0,Went to buy their hot Americano every morning and after dinner for 3 days straight. Coffee was strong and fragrant. It was nice pairing it with a slice of chocolate cake or even a gimbap from the convenience store.
9003609,4.0,nice and decent coffee with lots of desserts
9003609,4.0,"Walsall, United Kingdom"
9003609,4.0,Great little cafe right at Pacific Hotel
9141274,4.0,Good cafe with smoking area
28160807,5.0,A taste of home in the heart of Seoul!
28160807,3.0,"Cape Town, South Africa"
28160807,4.0,Fun Canadian Experience in Seoul
33262911,5.0,"Art space BANJUL, Seoul, Korea"
9003762,1.0,"Warrington, United Kingdom"
9003762,5.0,I had breakfast for three mornings.  Really enjoy the place.  They have good varieties of coffee & sandwiches.  Both coffee & sandwiches were great & tasty.  Highly recommended!
9003762,4.0,OK but needs to be cleaner
9003762,3.0,"New York City, New York"
9003762,4.0,"Kuala Lumpur, Malaysia"
9003762,4.0,"Cavite City, Philippines"
9003762,4.0,nice place for my everyday breakfast. Great latte
9003762,5.0,Try their Sweet Potato Latte
9003762,5.0,Tasty and inexpensive
3894933,5.0,"Seoul, Seoul, South Korea"
3894933,3.0,"Like every Starbucks the drinks are great. There wasn't a big variety of food there and even the ones we picked, weren't tasty. The workers even though it seems like they know basic English, aren't really offering you their help and communicate with you in Korean. Their attitude, I think is the biggest factor of my will to not go there again."
3894933,4.0,Very cozy place to go especially on a cold winter days. It is a nice place to take a break after the Bukchon Hanok Village tour or even before going on a tour.
3894933,5.0,"Previous review is incorrect, the Starbucks is actually outside of exit 2 from Anguk station. Inside has a cool bukchon theme going on. Nice place for a break before or after you walk around the area."
3894933,4.0,Convenient location at Anguk metro station.
33397412,5.0,"Once nobility on trial, please"
33397412,5.0,lucifel butler's review
15815206,5.0,"Colorado Springs, Colorado"
15815206,5.0,"One of C has the best coffee that I have been here in Seoul, that made my everyday just great. Very friendly staffs and cozy atmosphere. The location is just near Hongdae but not too crowded."
27487937,5.0,Chilled atmosphere to come back..
27487937,5.0,"Stay and rest too well in the lounge I visited for a while. The staff are also friendly and the menu is also varied, so we only have good memories - the next time I'm going to visit to have an afternoon tea set."
27487937,5.0,"The lounge bar was the first time I visited, and the elegant yet moody atmosphere is very good and the staff are very friendly and they are very friendly to me - I'm going to visit to eat ice cream next time!!"
27487937,5.0,Hotel with special tea!
27487937,5.0,"The coffee and tea taste varied. The dessert is delicious and the staff are friendly, so we have a doctor to return! Especially the mango ice was really delicious. The mango was so sweet and abundant."
27487937,5.0,"Good atmosphere to talk, friendly staff"
27487937,5.0,The new menu cherry blend is so delicious.
27487937,5.0,Beautiful after eyes.
27487937,5.0,"Dongducheon, South Korea"
27487937,5.0,Kindness and sweet dessert
27487937,5.0,It was a satisfying kaymakam.
27487937,4.0,Friendly and atmospheric place
27487937,5.0,"The strawberries, the strawberries,"
27487937,5.0,Lounge visit reviews!
27487937,5.0,Unique and delicious shrimp.
27487937,5.0,Satisfactory Strawberry After Eyes
15801363,,
17325551,5.0,피망머니상-카톡: m6906 / 전화: 010-9331-6906 It is a straight line that adds a simple yet strong feel. It appears to represent Li
17325551,3.0,"Just another popular w Kpop stars event cafe .. because of JYP entertainment company owned.
Just another cafe ...
Staff seems lacked of enthusiasm in their job, no smile & 1 staff was even rude ..
Just have to say gentle.. u don’t need to raise your tone... I can understand simple English 😑"
17325551,5.0,"I was in Korea in September 2019 and it was FIRST place I visited. 
In my opinion the personel is really nice and hard working. It's really good place for kpop fans and JYP stanners, who wants to drink good coffee, eat something good and listen JYP's idols music. I love this cafe and I'm sure, it will be first place I will visit, when I will be in Korea in October 2020. :)"
17325551,1.0,"The staff attending to us is super rude!! When there is only one order and before the beeper sound, we collected our order one by one and the staff attended to us speak in a very rude tone to tell us not to collect until the beeper sounded. And insisted us to take the serving tray and instructed us in a very loud manner that I must put my cups and plates back on the tray when I finished.
In a service line, I think he could have explained in a more nicer tone to customers who are foreigners and travelled all the way to this cafe."
17325551,4.0,"Several in my group are Kpop fans and they wanted to see JYP building in person.  We cant go inside the building and the only one that allows entry is this cafe, soul cup.

To get here, we took the subway to olympic park and then a bus (3220) to jyp (bus stop yoon's english school or Y.E.S) . They got the directions using someone's blog, 2 actually.

There is a mock up of a stage with a big screen that was showing several artists. High ceiling so it can have impromptu performances if needed.

Expensive drinks with the cheapest americano coffee at 4900 won. Claims theirs is organic though. Fans wont mind."
4050387,1.0,We went there with some friends (we are from Germany) and the waitress don’t wanted to talk in english. I can totally understand because we are in Korea so they don’t have to talk in english but as tourists we can’t also talk korean so she could just ask the other employee. But she didn’t she turned around her eyes and just said next without taking my order!! It was unacceptable and I didn’t know what to do in that moment. Even if she doesn’t like foreigner she should be respectful especially when she works in Hongdae where so many foreigner are!
4050387,4.0,"This cafe is super relaxing and chill. I chose this place on a whim to do my assignment, and turns out it was super satisfying. Definitely recommendable."
4050387,5.0,"Ho Chi Minh City, Vietnam"
4050387,2.0,"Not greatest coffee I've had better Starbucks is better and there's no Wi-Fi at this location so no I will not be coming back here
 I was very disappointed people were nice but the coffee was awful."
4050387,4.0,"Sandwiches, salads or toast"
4050387,1.0,"Los Angeles, California"
4050387,4.0,so happy I could die.
4050387,5.0,I will never look at coffee the same way...
9245540,,
13847080,3.0,This doughnut chain needs no introduction. In korea they also collaborate with HPAF for the nut toppings. Nice snacks plus coffee
13847080,5.0,Best breakfast in Incheon T2
13847080,3.0,The donut diety exists
17822371,5.0,Definitely check this place out
8970275,3.0,Big franchise cafe in many place.
33990440,4.0,Nice coffeeshop surrounded by nature
33990440,5.0,Plant Collection Cafe
33990440,5.0,"The atmosphere that appears to be widespread in nature is an oppressive cafe. An outdoor seat with a fruitful plant interior and a non-carbon view is attractive. With a great combination of coffee and delicious dessert, it is the ideal place to spend a comfortable and relaxing time."
26928941,4.0,"Santa Rosa, California"
26928941,5.0,"San Francisco, California"
12199916,5.0,"Eastham, Massachusetts"
28047295,5.0,"Billericay, United Kingdom"
28047295,4.0,Charming Find in Seongsu: Cafe Far Ben
33055948,5.0,Local Korean cafe with good atmosphere
33055948,5.0,It's up until late evening.
8317708,3.0,"Petaling Jaya, Malaysia"
8317708,4.0,"Wide inside, so good to enjoy chatting."
8317708,3.0,"Dubai, United Arab Emirates"
8317708,4.0,"London, United Kingdom"
8317708,1.0,"Let me eat cake! ""U can't have cake"""
8317708,3.0,Close to our hotel for breakfast
8317708,4.0,Great coffee and cake
9450391,4.0,Very good ? why not ...
9450391,4.0,Comfortable coffee place in Gangnam
9450391,4.0,"suprising.
I found bob marley's coffee house here in kangnam, seoul. not in jameica!
unique place and one of must visit place."
12993037,4.0,Unique cream bread specialty bakery.
12993037,4.0,"London, United Kingdom"
12993037,5.0,Sweet salt cream buns!
26997589,5.0,"McLaren Vale, Australia"
26997589,4.0,large franchise cafe at the entrance of Sillim Station
9143617,5.0,Excellent atmosphere and kind service.
13236518,,
19408108,4.0,Ice cream break while strolling around bukchon hanok village
19408108,5.0,"Dubai, United Arab Emirates"
19408108,4.0,Good coffee and ice cream
9245654,3.0,"I love starbucks but this one is smaller than many others also because it is smack in the middle of Sangam-Dong it is always crowded. 

Otherwise nothing really stands out with this one, however it must make quite much money! 

For a starbucks it is just average, nothign bad but not really great either."
9228143,,
25568977,5.0,"Very nice flat white, I came back the next day! And the murals are so beautiful. A true hide away in the urban jungle. A bit difficult to find. When you walk on Supyo-ro in the direction of the canal (Cheonggyecheon Stream) you will pass the sign about 100 meters before you reach the canal. The sign shows you the small alley."
25568977,4.0,Cafe hidden in Jongno-gu alleyways
17657131,5.0,"Tauranga, New Zealand"
3911507,4.0,Starbucks in the Myeongdong area
3911507,5.0,It is.A great coffe great ambience..excellent service..good restrooms..ample seating..great accompaniments gr8 mint tea and crea
3911507,1.0,The worst service & rude staffs
3911507,4.0,"Buenos Aires, Argentina"
3911507,5.0,"London, United Kingdom"
3911507,3.0,Not the friendliest staff but Frappuccino’s are ok
3911507,5.0,2nd floor and really nice atmosphere to take a break from the madness of Myeongdong.   Photo is not correct as the Starbucks is on the 2nd floor.  Will upload correct photos.   Lots of comfy seating.  Typical Starbucks fare - Latte is a latte (from Starbucks).
9142434,5.0,Visited in the early afternoon. Had a latte (amazing) and sat down on funky seating. Standard stop on Super Bike Tour.
9142434,5.0,"Love their cold drip coffee. Only negative is difficult to get a seat, came twice but was unable to get a seat. But given the amazing coffee, take out is still as good!"
9142434,5.0,Good coffee and atmosphere
33636684,5.0,Seoul's highest level pleasant Sisha
33636684,5.0,"I feel like I'm in nature.
They say the cafe will be open at lunchtime.
At night, you can have cocktails, and they sell a variety of desserts and ice cream.
It was a quiet atmosphere that soothed me. I recommend you all come to Korea."
7748380,5.0,Outstanding brown sugar cappuccino
7748380,4.0,Tran Quoc Tuan (Daniel)
7748380,5.0,"Quiet place, nice coffee"
7748380,5.0,beautiful and memorable time at '나무사이로'
7748380,5.0,"This is my favourite cafe in Seoul and one of the best cafes I have ever visited. Not only beautiful traditional korean style architecture and a unique atmosphere make this cafe special, but also they offer the best coffee taste. 
Whenever i come to Seoul, i've never forgot to drop by here and put my feet up. If you visit Seoul, must come this place. Here's bound to satisfy you. :)"
17376167,5.0,Bustling cafe with good coffee and pastries
9245528,,
3869160,1.0,Worst experience at Starbucks ever
3869160,5.0,"Cebu City, Philippines"
3869160,3.0,Everything good but the coffee
3869160,5.0,"I visit Myeongdong and love how the staff give a good service to explain and find what I looking for (tumbler, mug, beverages even pudding)"
3869160,1.0,No Toffee Nut Latte on Christmas Day
32976849,5.0,Must visit coffee shop near Myeong-dong
9245496,5.0,"If you want to take a walk after a meal or relax quietly, it is recommended for those looking for a central Hilling."
9245496,4.0,"The typical Starbucks, this one has a good size seating area however it gets quite busy when they are events at the arts  center. Funny enough there are two Starbucks literally facing each other/ A smaller one is just across the intersection."
8858590,5.0,"Los Angeles, California"
8858590,5.0,"Very delicious food, welcoming and kind staff, all in all a success, I can highly recommend a visit!!!!😁"
8858590,5.0,My new favourite restaurant
8858590,4.0,"If you are in a mood for some vegan “junk” food like pizza and wings, this is a place to go. Tastes fine, just not so healthy."
8858590,1.0,Ugh - Don't Go Just Because Vegan is Hard in Seoul
8858590,1.0,CLOSED ON SUNDAY - wasted a trip over
8858590,4.0,"Good food, beautiful restaurant!"
8858590,1.0,After 30000 in taxi it would be great if they advertised they were closed
8858590,5.0,"100% Vegan spot! Friendly atmosphere, yummy Korean-western fusion food. Udon, Burger, Cutlet, Pasta etc. Waffle, Drinks, Vegan italian ice cream.  :)"
7899611,2.0,Take away cups for dine-in. Dirty tables.
7899611,1.0,"Mountain View, Hawaii"
7899611,5.0,From entering coffee shop all staff helpful and I was able to communicate my order fro drinks clearly.
7899611,5.0,One of the numerous coffee places in Seoul
7899611,3.0,One of the numerous Korean coffee shop franchises
3263885,3.0,"Prince Albert, Canada"
3263885,1.0,"Dubai, United Arab Emirates"
3263885,5.0,Coffee was just what I needed.  They were the only place in my walking distance that was open.  They actually let us in a little before everything was ready and we were able to drink coffee while we waited.  The donuts were delicious (of course).
3263885,1.0,The real thing is completely different from menu picture
3263885,5.0,Reasonably priced drinks and desserts.
3263885,4.0,"Perhaps due to Songshin Womens University being 700 metres away, this branch had an excellent range of doighnuts.

Service was prompt."
15527444,,
9245751,,
3864201,4.0,Small Starbucks in good location
3864201,4.0,Decent and consistent taste option for Coffee snob
3864201,5.0,Great business Starbucks
19266086,,
13172783,,
12826311,5.0,"Really loved hanging out here on Friday night. Even though it was quite empty due to Corona Virus, the space is cute and charming and I appreciate all the Ryan stuffed animals, lamps, and big figures. There are a lot of cute Ryan desserts such as donuts, macarons and drinks. I had a mandarin latte, which was a bit too milky for my preference but ok. I will definitely be back and try some other desserts in the future. Oh, and I loved the lamp so much that I’m considering of buying it."
12826311,5.0,"Ryan Cafe is based off of Kakao Friends and they sell a variety of desserts, such as macaroons, cake, donuts, cupcakes, and many different drinks. The cafe itself is on the third floor of the Kakao Friends store. When I went, around 6pm, it was not busy. There were a lot of seats. The cafe is very instagram worthy and there are a lot of photo opportunities. The price of the food and drinks are relatively around 3000₩-6500₩. Keep in mind it is a themed cafe, so it can get pricey when you order a lot of food and/or drinks. However, with everything being so cute, it’s worth it."
12826311,3.0,"Cute cafe, hard to find seat"
12826311,4.0,Go to Honkik univ. station. It is less crowded!
12097684,5.0,"Upon entering this facility is clearly a full menu of drinks and food coffee shop
Ample seating and view outside from most areas
Free WIFI and good facility for students or overseas people for WIFI contact
Easy place to find and clearly signposted 
Hot beverages are served hot"
12097684,4.0,Very recently opened shop
9077687,4.0,A little taste of America
9077687,4.0,I went to this Dunkin' Donuts after visiting Seoul Art Museum. I was hungry and ordered a sandwich and an americano coffee. It was great.
9077687,5.0,very different than the ones in US
9077687,3.0,"We had a quick break and wanted something sweet to eat.
The branch is located just next to the palace and city hall with a nice view of the plaza."
9077687,4.0,There is no need for words. Dunkin' Donuts .
9077687,4.0,Bespoke is a franchise of Dunkin Donuts and on a lay-over in freezing Seoul we went inside to warm up and try out some donuts. There was not a lot of choice so I picked one with cereals on it and one with chocolate and a cookie bunny and my girlfriend had a bagel with cream cheese. All tasted alright and service was friendly. So after having warmed up we went with a satisfied feeling back again into the cold night of Seoul. It's located next to the Deoksugung Palace.
8587685,5.0,Best coffee in the world!
8587685,5.0,Is this the best coffee in Seoul?
8587685,5.0,A great coffee place in Myeongdong!
8587685,5.0,"Near shopping center 
An amazing coffee 
Nice vibe 
Even the baristas nice
If you want to enjoy with your family or friends I recommend it"
8587685,5.0,Great place with welcoming owners!
8587685,5.0,The staff are super friendly and lovely!  It's a characterful cafe in an area where most coffee shops are bland chains.
8587685,5.0,Best Coffee in Seoul!!!
3911536,4.0,Starbucks is my life. Not for coffee but for sweeties. I love all of starbucks puddings. Different countries have different pudding then i should try all types!!!
3911536,3.0,"Its a Starbucks. Its like most starbucks... Its smaller than, but has the same coffee as the other hundreds of starbucks in Seoul. Looking for a fancy Starbucks best check out the one near Central City."
3911536,3.0,Popular meeting place
9751888,1.0,"Today 12/8/19, early morning , In ICN airport near Gate 119 the staff especially the guy is so rule to customer. He shout at my face just because I ordered take away and He didnt allow me stay in that coffee shop right after I have my drink. They even didnt notice me when I ordered that . He embarrassed me in front of so many people there . His attitude sucks . The company should have some action with your staff , you are losing customers. I look forward to your reply about this situation. 
Thanks ."
9751888,4.0,One of the most satisfying coffees
9751888,1.0,"Camarillo, California"
9751888,4.0,Good coffee and Pastries
9751888,5.0,I dont think this coffee will be good for me. But i am wrong. Good taste. This is my choice when i am here. For sure....
9751888,5.0,"San Francisco, California"
9751888,3.0,Coffee@Works at Incheon Airport is fine
9751888,4.0,Good coffee chain in an upscale food building
28152070,4.0,You won’t be able to resist the cake display.
28152070,4.0,Finally we found some pastries that were close to the taste of us Westerners. Small and different in taste. Really good and honest price.
28152070,4.0,Delicious Tarts and Drink Offerings
10733476,5.0,Remarkable specialty coffee place
27968376,4.0,cost-effective franchise cafe
10487772,5.0,"Super Cool Korean Design, music and Cafe"
9209252,5.0,This coffee was awesome
3869184,1.0,"I don't know if people should be treated the way they deserve, but I have never received such bad service in my life. Disrespect and insolence are at their peak. The person working at the cash register doesn't even know what he's doing, he thinks he's something if you say he's a manager, and he's ranting. Instead of being solution-oriented, they do whatever they want. I think one should have some knowledge of human relations or something, I wonder if I'm wrong."
3869184,2.0,"Los Angeles, United States"
3869184,5.0,The thing I like about Starbucks is that your drink tastes the same whichever location in the world you go.  Only downside to Coffee shops here in Korea is that they don't serve half & half.  Nice to grab the good 'ol Seattle blend or a Vanilla Latte.
27525610,5.0,I found a place that had both taste and atmosphere!
27525610,5.0,Delicious donuts and great photo spots
8909530,3.0,Tea while waiting at Seoul Station
8909530,3.0,The Weak Knee Traveler
8909530,1.0,"Beaver Dams, New York"
8909530,4.0,"London, United Kingdom"
8909530,1.0,"Yogurt ice cream tastes awful and costs 8.000 won, it’s too much as it tastes like a softice of 500 won. Not friendly staffs, self service ice cream and selection of toppings then wait in a long queue for paying, pity ice cream melts while waiting on the queue. Not a place for a nice ice ceam. Go to Baskin Robins instead!!"
8909530,5.0,Good coffee at a reasonable price
8909530,4.0,"San Diego, California"
9245777,,
9245827,3.0,Starbucks was starbucks..
9245827,4.0,Good lively location.
8681756,5.0,God's Beautiful Place
9245876,4.0,"Nice place, spacious, offered free wifi, and  magazines to read. I wish there were more savoury options though."
9245337,4.0,"Port Lincoln, Australia"
9245337,4.0,Went here for breakfast rather than the hotel. Great service and the staff speak good English. Service was quick.
9245337,3.0,It was good. But for a veggie like me there was no options other than muffins to eat. There are 3 Staurbucks in the Yeoksam area itself. This one is right opposite hotel Mercure ambassador. Ambiance is good. Quite spacious. What i noticed in Korea is -Coffee shops are much bigger than the restaurants around.
9245616,,
9245191,,
9078570,1.0,Terrible Service - frosty french toast
9078570,4.0,"Very nice place and they serve a good cappuccino and cakes and breads with cordon blue certificate!
Is a modern space and the staff are kind and they speak English.
I recommend when you are in itaewon!
The little blocks of chocolate are delicious too!"
9078570,5.0,"My noona took me here last year and It was good. It's a cafe but I ordered Guinness. 

Then I came back this April by myself for coffee. They usually serve coffee or beer with a chocolate truffle. Good pastries, beer, and coffee to choose from. I hope they still serve matcha tiramisu. 

Sit by the small veranda to zone out."
15584937,,
9245804,1.0,"Washington DC, District of Columbia"
9245804,5.0,"London, United Kingdom"
9245804,4.0,"starbucks as always, good customer service and good coffee. the barista is extra diligent when i ordered my usual complicated coffee request and its to the exact taste that i wanted. thank you."
3911376,3.0,No English! Horrible service
3911376,4.0,"What kind of espresso, for an extra charge."
3911376,4.0,This Starbucks was the closest to our hotel. I usually stop by one of these places to pick up a souvenir mug or cup. The coffee was consistent and the service was great.
16882095,,
9245836,5.0,"having a coffee and tea break after long walking... but due to weather is too cold, is a must and nice place must visit"
9245836,4.0,Hooked on White Chocolate Mocha
9245836,4.0,"Rochester Hills, Michigan"
9245836,4.0,"Very handy for a quick breakfast and coffee.  If you like bagels, be aware that in Korea they charge 1000Won a piece for the cream cheese."
9245836,3.0,A drink for a fast wifi all day!
9245836,5.0,"Monterey Park, California"
9245836,2.0,"All tables and seats are occupied. Seating turn over seems a problem. The place is too loud to talk. 
Macaron is better than other places."
9245836,4.0,Nice place to chill while the others explored the D cube city. Staff are very helpful and speak quite good english.
9245836,5.0,"bunch of people visit, but, it is good to go. staffs are really kind"
9245836,4.0,"Kuantan, Pahang, Malaysia"
9194866,4.0,Moms living around Sampoong apartment with their kids seem to be the main customers here. They say they like this place in general. It is clean and you can enjoy food and sincere hospitality.
9194866,4.0,Love e Banana Cafe ^^
9194866,5.0,"London, United Kingdom"
11667356,5.0,"I live right around the corner from this cafe so I visit often. I have never been disappointed, the coffee is good and the pastries are delicious. The staff is so friendly and attentive. I always take my friends and family here when the visit. Ironically even though Paris Baguette is a Korean company my American visitors tell me it's a taste of home in Korea. The one very small downside is that I have trouble with the WiFi sometimes but that may be my computer setup."
11667356,4.0,A nice visit in Paris Baguette Cafe Sinchon
9245720,3.0,"C ( 22.02.24 ) 
My friend and I visited this Starbucks after lunch. The Starbucks was always neat atmosphere and kind staff. We ordered Americano, that's same with another Starbucks. The price, coffee taste and atmosphere was same with another Starbucks."
17764949,5.0,Cute cafe with donuts and yummy drinks
17764949,5.0,Oh my gosh. This cream filled donut was SO good. If I had tried it before I got back I would have gotten a dozen! If I find this anywhere else while I am traveling I will be getting more 😂
17764949,2.0,Bad service at Anguk branch
17764949,5.0,Anguk Location - Go in the morning!
9386450,,
17713653,4.0,Good tourist spot but pricey for everyday living
15686352,5.0,Great pastry in the heart of Seoul.
15686352,5.0,Fantastic and Amazing experience
15686352,5.0,The desserts/pastries taste amazing ! The atmosphere of the cafe is so very relaxing. Ms. Je’mappelle was very nice and made sure my friends and I were very comfortable. I would definitely recommend. I’ll be visiting this patisserie often.
15686352,5.0,Great dessert cafe in Hondae
15686352,5.0,"Amazing pastries, amazing service. Very cheap for the quality of the experience. Definitely recommend it as a quick and cheap snack."
8946896,,
3938982,4.0,"Typical Dunkin Donuts shop, but this one is in a great location, across from the Palace entrance and also overlooking City Hall. The offering at the shop is the usual donuts, coffee etc. Good for a quick coffee or sugar intake."
3938982,4.0,"Delray Beach, Florida"
3938982,5.0,Great options that I've never tried in other Dunkin Donuts
3938982,5.0,Combo Tuesday in Dunkin Donuts is the best!
3938982,3.0,Dunkin donuts has its place in coffee shop and cafe crazed Seoul
3938982,4.0,"Los Altos, California"
3938982,3.0,A good place for a quick (and sweet) break.
9245752,,
9245382,,
9245332,,
23883548,5.0,"Breathing Café in Seoul is a true oasis amidst the city's vibrant pulse. From the moment you step inside, you're greeted by an atmosphere of refined minimalism—a perfect blend of Korean aesthetic sensibilities and contemporary design. The coffee is impeccably crafted, with a focus on quality that resonates in every sip, while the pastries are as visually delightful as they are delicious. Service is unobtrusive yet attentive, embodying a quiet luxury. It's a space where creative minds can convene or simply recharge, making it an essential stop for anyone seeking calm in the heart of the city."
23883548,5.0,"London, United Kingdom"
23883548,5.0,A watch brand has created a cafe!
10170809,5.0,"New York City, New York"
25445438,5.0,"Kotton on to a meditative, stylish coffee experience"
25445438,5.0,Such a wonderful coffee shop
25445438,5.0,"Pacific Coast Australia, Australia"
25445438,5.0,Unbelievable espresso.
25445438,5.0,"Adelaide, South Australia"
25445438,5.0,Nice cafe with an interesting architecture
10677750,5.0,"Kyeonglidan-gil is one of the famous streets in Seoul, so I decided to go there with my friend. And I've got a recommendation from my sister, it's really famous because of taste of their special coffee and flowers. 

As soon as you get in, you might believe it's a flower shop :) and will love fresh flower flagrance. 

Mosabuka what I had was really nice! It's not a cold coffee, and also not a hot one, it's just great mixing espresso, kind of milk and subtle sweet :D  must try! 
And the owner is very friendly and sweet! He gives flowers with meaningful messages to ladies only :D hahaha  and we had small talk with him.

I miss the cafe with warm hospitality :) and I felt there is ""Jung"" it means human affection especially Korean has."
14888086,1.0,"London, United Kingdom"
23862760,5.0,Where Elegance Meets Flavor – Seoul’s Premier Coffee Paradise
23862760,5.0,"What a find!!!!!! After exploring Namsangol hanok village in the heat of an unusually hot humid september in Seoul we ventured upon Caffe for our coffee fix and the children a food fix. Very modern roaster and bakery the latte like an Aussie flat white was superb. The selection of cakes, pastries etc also delighted everyone. French style pastries with an Asian flair.  Excellent."
23862760,5.0,Good atmosphere with wide inside.
9245553,5.0,"Loved the peanut cream latte! It's one of their new coffee this fall. Nice interior, warm and cozy. Will def be back for that latte!"
9245553,4.0,"스타벅스 한국에서 가장 성공한 커피체인점이며, 그래서 그런지 어디를 가나 퀄리티가 상당히 균일하다. You will not be super impressed by Starbucks, but you can't go wrong with Starbucks as well."
15234279,5.0,Great selection of pastries and prepared foods. The coffee wasn’t delicious and fresh.  The place is very spacious. Service was very good
15234279,5.0,One of the best cappuccinos
17547184,,
11884871,5.0,"This is a super cute cafe. It is a perfect break after finishing your hanok village visit.  While it looks like a house (because it is, the owner lives there), once your enter in, it is a very pleasant and relaxing environment.  We ordered a few items as you can see in the pics and all the items were excellent in quality. Don't miss this cozy little gem in the area."
11884871,5.0,"I asked for a muffin and ice coffee (about $700)! The traditional Korean building is very beautiful and the decoration inside the store is also nice!!
Perfect for tea time between castle visits such as Changdeokgung Palace!
The staff also spoke in English and Japanese, but they are very kind"
11884871,5.0,"Beautiful cafe, quiet walk @ Bukchon Hanok Village"
11884871,5.0,Charming Cafe in Bukchon
11884871,5.0,"London, United Kingdom"
11884871,5.0,Tea House worth the visit close ti Changdeokgung Palace
14391465,1.0,Desserts are ok but Restroom is really suck! really disgusting ! never visit this place again! location is convenient just getting off the Subway line 5. exit 7 or 8. only takes 15seconds from there. but too dirty
6818454,4.0,"Small, fast, good coffee"
6818454,4.0,"I'm surprised and thrilled to find so many coffee shops in Seoul with each one being so unique and interesting. 

The big signage of Standing Coffee in simple black and white made it the easiest way for me to meet another traveller to the city. Its next to an underpass from the Noksapyeong Station and with free WIFI and a very good green latte, I couldn't ask for anything more! There's nothing much in terms of seating with the exception of two high tables but customers seems to be mostly take out and apparently, the place is popular among locals. I'm glad I picked Standing Coffee to be our meeting point!"
6818454,5.0,"This place isn't as busy as it used to be, but the coffee is just as good. The baristas are meticulous in their preparation."
6818454,4.0,Good baristas make good coffee!
6818454,5.0,"London, United Kingdom"
9245688,3.0,"Good coffee shop, kind emplyee.."
9245739,5.0,"But was perfectly located on a cold Seoul morning.  Small store, but well laid out and nicely located.  And October 31st - they have the Christmas tunes going already.  For that alone - a '5'.  Good latte, very friendly service."
9245739,4.0,"Quezon City, Philippines"
9330929,5.0,Still the best coffee in Seoul
9330929,4.0,"Big and clean, Good cafe.."
26498028,5.0,Cheongnyangni pretty cafe
26498028,5.0,A Timeless Journey into Traditional Korea at Cafe Cheongnyang
26498028,5.0,a cafe with a nice atmosphere
26498028,5.0,Absolutely enchanted by Café Cheongnyang!
7899492,,
12542963,1.0,"Few buildings , almost all closed , anonymous garden : the classic tourist trap , beautiful adjacent buildings before the entrance"
12542963,5.0,Nice place to meandering around with very nice setting.  Good place to go after a long hectic day of sightseeing or shopping.
12542963,5.0,Very picturesque & chill cafe!
12542963,5.0,"Philadelphia, Pennsylvania"
12542963,5.0,Yummy Desserts with soothing environment
15632632,5.0,"New Malden, United Kingdom"
23872285,5.0,The best cold coffee latte and espresso we’ve tasted in a while. Loved the place and the staff were friendly and nice. We went there more than once ☺️
23872285,5.0,A place to fall in love with the cozy interior and the soft coffee taste
14156750,4.0,Dessert in a traditional Hanok in Insadong
3894966,,
4070793,5.0,They have the best sweet potato latte even compare to other big brands who also own the menu. Will always come back to hollys for the goguma latte
4070793,3.0,"Good place, good coffee"
4070793,3.0,"Very Nice environment, average staff, less than average coffee. Its not bad, actually its a good place to sit and rest your feet. The place is clean and well decorated."
12290143,5.0,"Changwon, South Korea"
12290143,5.0,Waterfall in the city
14957276,5.0,"Off the beaten path, a hidden gem, a secret tip. Cafe Fritz is quite unique, an old residential building, very rustic interior. The coffee and pastries are to die for. There are many cafes in Seoul, Cafe Fritz is something different.

To find it not easy, we almost missed it because it so doesn't look like a cafe. Once at the Hilton Garden Inn on Gangnam-daero turn in the small street, and then turn left, the cafe is on the right side of the right turn."
14957276,5.0,"Very good coffee and they bake their ow breads everyday. Good place for a first date, meetings or just to work or read a book while enjoying great coffee, food and  cool music."
14957276,4.0,Tran Quoc Tuan (Daniel)
9287266,4.0,Certainly in a hot day you must stop here to enjoy a shaved ice dessert like you’ve never tasted before!  We shared this Oreo-chocolate delight!  Just note that this is located on the second floor.
9287266,5.0,Yummy Snowflake Sherbet
3472833,5.0,Good coffee and nice place
3472833,1.0,"Worst Starbucks I patronize in Seoul. Ordered 2 hot Tall Latte and a cold Grande Cappuccino, they practically got my order wrong. They don’t even repeat our order."
3472833,5.0,One of my favorite stops
3472833,1.0,"It's Starbucks, Cheap and Burnt Coffee"
3472833,5.0,The creamiest mocha I have ever had!
9245909,,
9447681,,
19801782,,
23972830,4.0,"C ( 22.03.31 )
My friend and I visited this cafe after lunch for coffee. This franchise was operating in many place, and had KIOSK system. We bought some coffee for take out, and the service was no problem. Though there had seat for guest, but the price of inside or outside was different. The service and the atmosphere was no problem."
9245486,,
9245517,,
27462825,5.0,A pleasant surprise between Seoul Alleys.
27462825,5.0,The Perfect Place to Expirence a Korean Tea Ceremony
9143255,5.0,"Cozy small cafe, I like this cafe very much!!"
9143255,4.0,"London, United Kingdom"
9143255,4.0,Having a nice afternoon here ~
9143255,4.0,"We had a pit stop @ this cafe during our Goblin flim location tour. Both of us ordered mocha and love it!!! Silky soft and yummilicious.... definitely a must go to cafe. 
For coffee snobs like my hubby, this cafe roasts their own beans ... single original & blends; with all forms available including drip, cold, espresso, ... etc. so many options here for coffee lovers"
9143255,5.0,"Bayan Lepas, Malaysia"
9143255,5.0,Such a cute coffee shop. Kind of hidden from the main streets but worth the stop. So many unique art pieces. Great selection of coffee as well!
9143255,5.0,This small quaint cafe has been used in alot of filming
3864277,3.0,Starbucks is Starbucks
3894907,1.0,"The frapucino was not sweet , very poor quality. I exapact more from sturbucks, în my country is better"
3894907,3.0,I give it a 3 because its just another. For a 5 you need to be something special. Location was good and Korean Starbucks are often better than most US ones cos in US they've diluted the brand by having one almost everywhere!!
3894907,2.0,Friendly service but poor selection of food items
3894907,4.0,Good - coffee is just like being in the US
3894907,4.0,"Tucked away in a corner of B2 is a small starbucks (there's a bigger one at level 2) it is a good place to chill while the ladies does their shopping. Always have seats when i'm there, so that's a plus."
26561137,5.0,Fabulous Cafe with a nice view!  Food and drink were delicious!!  Staff was very insightful about everything we asked about!
26561137,5.0,MYEONGDONG'S ARTISINAL COFFEE HIDDEN GEM CAFE WITH VIEW
9330931,3.0,Patisserie/ coffee shop
3864361,,
20000605,5.0,A calm and beautifully designed cafe in Samcheong
9253383,5.0,"I super like the strawberry milk of Super Coffee. It's available only in its season. The milk and the strawberry are perfectly sweet, not too much. It costs ₩7,000 per bottle."
9253383,5.0,Yummy Fresh Strawberries Milk
9253383,4.0,"Petaling Jaya, Selangor, Malaysia"
9087832,,
9245188,,
15735707,5.0,"Dubai, United Arab Emirates"
9996851,4.0,Good cafe with calm atmosphere.
9003594,5.0,"Healdsburg, California"
9003594,4.0,"Itaewon is quite a busy part of Seoul especially on Friday night and weekends. It was great to find the place where it was relatively quiet. The coffee was not bad, wi-fi pretty fast, the sockets to recharge the batteries  ample.  Good place for those who withdraw from taking alcohol."
9003594,4.0,Cozy shop outside Itaewon station
9003594,4.0,"Pasir Gudang, Malaysia"
15009471,5.0,World's best souffle pancake
15009471,5.0,Best soufflé pancake I have tried
9245588,,
33963396,5.0,Suffle is delicious atmosphere good cafe
33963396,5.0,"For the first time, Pistachio tiramisu is delicious, and the flat white is delicious.
The best coffee of my trip. I'd like to come again."
33963396,5.0,A café with delicious sweets and drinks
23827068,5.0,"During our holidays, we often had breakfast in this café where pastries are excellent and coffees varied. All the staff is very friendly and helpful (with a few touches, thank you)."
23827068,5.0,Excellent cafe with good mood.
9245428,3.0,"If you are drinking at Starbucks while in magical awesome Korea, I sincerely hope that you are from a small village in Bangladesh and not from any of the other million cities with a Starbucks. Because guess what, it is almost the same!"
3869168,5.0,"State College, Pennsylvania"
17749738,,
12694274,5.0,If you like Sonny Angel(Japan character)you will love this cafe.Bring your camera because there are many cute pictures to take.
12694274,4.0,Cute and nice cafe in Hongdae!
15190396,4.0,A nice place for a little and tasty break
15190396,5.0,"I was on the way to see the wall where a famous Korean soap opera took place. Accidentally bumped into the cafe and surprised by the modern spacious and decent coffee. I had a latte, it was smooth. My friend cannot stop complimenting the Americano. We came back again after lunch and tried the ice. Yummy. If ever I come back to Korea, would definitely drop by for the coffee."
33288454,4.0,"It's a Disney cafeteria... full, surrounded by aquarium, full, entire hallways
Taking advantage of tables to contemplate the fish"
9245253,5.0,"It is a starbucks. small size coffee shop 5~7 tables are available only. 
스벅이다 무슨설명이 필요할까 .. 크기가 좀 작아서 사람 꽉 차면 자리 없을수 있음."
9245253,3.0,"C1 ( 2015.05.14 ) 
This cafe was located beside National Univ. of Educations's main gate, and there was smaller than another Starbucks. Starbucks was always same anywhere, so I couldn't need any explanation. Same atmosphere, same coffee, and same price."
3869166,4.0,"Itaewon is a good location and Starbucks, of course, has good coffee, but prices here keep me looking for other places."
3869166,5.0,It's a nice place to enjoy a frappucino. Meet your friends and have a coffee before or after enjoying Itaewon.
3869166,5.0,It's a nice place to take a break. Service is friendly and the coffee and cheesecake are great. This place is outstanding!
3869166,4.0,typical good coffee here
3869166,5.0,"Williamsburg, Virginia"
3869166,3.0,It's Itaewon - so it is busy everywhere.  And this is not an exception.   Location is good but found it less comfortable to sit for a coffee and break from the hustle and bustle of Itaewon.  Coffee and drinks - same standard as any Starbucks in Seoul
9245271,,
13172778,1.0,"I guess this place is supposed to be somewhere people can relax and enjoy the art. 

But I've been 5-6 times and whenever owner is there with some artist, they are just awful. Makes so much noisy until I can't even hear background music and they will ask customers to leave the table because they want to sit on their fav table.

Not sure why they want to open this café to public at the first place????"
10536327,,
32714628,5.0,"Every floor has a variety of concepts and it's fun to see!
It was a café with LPs and rooftops from plants.
If you visit Hong Kong, we recommend you to visit it."
17450123,,
12881535,,
25216104,4.0,Unique Starbucks worth checking out
25216104,5.0,Starbucks like no other
25216104,5.0,I went to Starbucks located in the traditional market!
8969547,4.0,Having a drink after a long day
8969547,4.0,"Ren'ai Township, Nantou"
8969547,5.0,Honey Toast/Bread is not to be missed!!
9245470,4.0,One of the many Starbucks in Korea
9245666,,
24066166,5.0,Surprised that I am the first reviewer. This place deserves more credits.
17629249,5.0,We came across this cafe today. Excellent coffee and barista was charming. Well worth a visit. Close to tourist area
14774028,5.0,"Bristol, United Kingdom"
14774028,4.0,"C ( 22.11.13 )
I visited this cafe for buying some bread alone. The cafe had good atmosphere and various bread. The staff was kind, and the price was reasonable. There was very good cafe and bakery in this area."
14774028,1.0,Overpriced & kinda calculative
14774028,4.0,Best bingsu I've ever had
14774028,4.0,"You Are Here Cafe (Myeongdong, Seoul) 
Strawberry Cheesecake
Earl Grey Cake
Chocolate cake
Strawberry Cake"
14975762,5.0,A great Starbucks Branch
14975762,5.0,Is coffee as good as coffee there?
9450872,,
20324252,,
27922715,5.0,large cafe with a nice atmosphere and good coffee and bread taste in Seongsu-dong
10318512,4.0,The coffee in this super popular cafe in central Namdaemun Market is great and the service is friendly!  This is a great spot for a rest and to indulge in some people watching!
10318512,4.0,Surprised this place is not more popular
10318512,5.0,"Great value, good food and coffee"
9245417,,
9245358,,
9245468,4.0,Standard Starbucks with nice upstairs seating area
12881561,4.0,"If you are at Bukchon Hanok village area, do consider buying one or two pieces, they are generally cheaper than other stores, only about 900krw each (see my photo)."
6352974,,
8673466,4.0,"I just had brunch there on Sunday. It wasn't my first time here and I came back to have pancakes. I had pancakes with strawberries and my friend had ones with banana. Big servings, couldn't finish, however tasty and comfortable. Nice atmosphere. Vienna coffee is good, and so are the teas.
Pancakes here are much better than at the Original pancake house in Itaewon."
8673466,4.0,Nice dinning experience
8673466,5.0,"Singapore River, Singapore"
28051302,1.0,"We visited first coffee lab 방문자 리뷰 27블로그 리뷰 16 on 30 August 2024 at about 2pm. The person in the shop (lady) was very impolite. We were a group of 6 people. We took a while to get our orders as we struggled to translate Korean to English. She gave us a snigger and showed displeasure. We had ordered only two drinks initially as we were undecided on the rest of our orders. She then told us that we could not have it as we did not hit minimum order. At that time, there were NO other customers. It was not a situation where we were taking up space and inconveniencing other customers. It was a nice place but we were not given an opportunity to try the food so unfortunately this was a missed opportunity for us."
28051302,5.0,cafe that is nice and cozy to talk about
26840502,5.0,big cafe good for a meeting
9245815,4.0,"Stopped here for a bagel and tea.   Everything was very good, as always.   My only complaint with Starbucks is the price. 8200 won for a bagel and tea."
9245815,4.0,"Washington DC, District of Columbia"
13008555,,
23955416,5.0,"Gyeonggi-do, South Korea"
23955416,4.0,Good coffee with a nice view
9245649,,
3864354,4.0,I still like Starbuck
3864354,3.0,For people who like starbucks
3864354,4.0,Cozy starbucks to hang out with friends or do some studying. It's very close to the Sinchon subway station.
3864354,5.0,Good place to chill with your buddies
9245403,,
9450120,,
13492630,,
24039923,5.0,"This is a quite new cafe in Yongsan Haebangchon Village. With its one of the best views in the area. I recommend.
- Level 3 and level 4(rooftop terrace). The stairway to the rooftop is broad and safe.
- Coffee here is very good. A bit higher than average price. But, it's okay with ambience.
- Employees were kind.
- Rooftop view is amazing. You can see breathtaking Namsan Park, N Seoul Tower and the village. And it's very comfortable to stay.
- Really crowded on weekend."
12991696,5.0,Nice place on the way of Palaces
12991696,5.0,"5/5 - Was walking around in the area and saw their sign with the phrasing “Live Everyday with beautiful flowers”. We were instantly hooked.

Walked up to see what is it all about and we were amazed. It was simply beautiful. 

Flowers and a nice place to chill. What more can you ask for. 

Ps. The hot chocolate is to die for ❤️"
9366665,,
9245375,1.0,"I was embarrassed by losing my wallet, and a guest was kind to me. However, the female employee at the counter was unfriendly attended for not having a wallet, and when the guest said that he had taken the wallet, she was very embarrassed to say, ""Don't worry, we'll do it."" Thanks to this, I found my wallet, but I felt very hurt in the way I responded. I wish this was improved. I was very sorry about that guest.
tldr: Very bright."
32883805,,
15849987,,
32968958,4.0,local franchise cafe that's great for a cup of coffee
9330933,,
25192415,5.0,Songpa and Seokchon cafes with great value for money and great atmosphere
3894972,4.0,One of my favourite Starbucks in the city
3894972,5.0,"Bradford, United Kingdom"
3894972,4.0,"Its almost noon and i have to say I really like being here. Looking out over the newly developed area in Hapjeong. This Starbucks is very calm and nice it has two floors. 

Music is great for some reason (this is purely coincidence) 

The atmosphere is really nice and peaceful which you never see in a starbucks, maybe because it's not right next to a busy area? 

I will come back here for sure!"
19881055,5.0,"My first attention got photos of my Atam, and I didn’t expect Burhani to have such a cozy cafe. I really ⁇  the cleanliness and taste, whether it was the interior decoration or the services. Of course I’ll be back ⁇ 🙏 ⁇"
19881055,5.0,Delicious coffee and relaxing atmosphere
10251758,4.0,good place for a coffee and fresh sandwiches
10251758,3.0,"London, United Kingdom"
10859484,5.0,"Oh! snack, ice-cream shop"
10859484,5.0,OhSnack's Ice Cream and Coffee
8862831,5.0,this starbucks cafe is near exit 3 of Anam station and its on the steet. the second floor has good big windows with a view of anam street.
12298976,,
9245563,5.0,"土曜日の午前10時くらいに訪問しました。店内は広く、全く混雑していませんでした。
ゆっくり本を読んだり、休憩したい時にはオススメです。

I visited here on Saturday morning 10:00AM. It was spacious and not crowded.
It is recommended if you want to read a book or spend a relax time with a cup of coffee."
9245331,,
13161957,,
14167790,5.0,"Small cafe, very cozy, hip & grunge style - very sympathetic owner, cool music ... a discovery!

Top Café and Icetea."
14167790,5.0,"London, United Kingdom"
14167790,4.0,"Winchester, United Kingdom"
14167790,4.0,Hot Americano done well
9245230,4.0,"Friendly staff, clean and nice atmosphere. Hansung University,  exit 1 and it's right there. I stop by this location often."
9245230,5.0,"Latte and offering are the same as any Korean Starbucks - good quality.  This location is in a great location close to universities, public transport options and good starting point for hiking the old city wall.  Good sized facilities as well to have a good catch up or get a break along your walk"
4070637,1.0,"coffee bean at Yeoksam station, exit 4: No wifi"
24152813,4.0,"Small cafe, delicious coffee."
9245461,2.0,Won't let you use your Starbucks card
9245477,3.0,Starbucks always Starbucks.
9245477,4.0,It's Starbucks but toilets are quite good!
12940338,,
9070278,5.0,LOVE LOVE LOVE their COFEEE!!!
25569000,5.0,Very chic café in Hyundai Seoul
25569000,3.0,'Italian' inspired cafe
10837036,1.0,"London, United Kingdom"
10837036,5.0,"New York City, New York"
34159375,5.0,Friendly European style
19187950,5.0,"If you like earned bagels, recommend"
19187950,4.0,"The bagel baked on the pebble is really delicious and delicious. I ate several kinds of bagels, but the taste was more than usual. But I recommend basic bagels."
10214334,4.0,"London, United Kingdom"
10214334,5.0,Delicious cakes and pastry
8969300,4.0,"Gangneung, South Korea"
8969300,4.0,Good to enjoy coffee with wide inside.
16781429,3.0,Chicken salad sandwich full of onions
9141210,4.0,Wide inside and good atmosphere.
13137513,5.0,"Nice environment, feels clean and quiet.  Many shops and choice of food. Not particularly cheap but this is central Seoul so this is not surprising."
13137513,4.0,Really great milky creamy ice cream and yummy coffee! Also had the milk bun which was pretty good! Prices are reasonable too :)
13137513,4.0,"Very nice yougurt ice cream, coffee, cakes,"
13084440,4.0,Good coffee nice service
12863857,,
9435720,3.0,"Written February 11, 2021"
9435720,4.0,"West Midlands, United Kingdom"
9435720,5.0,Perfect spot for a short stop. Quite atmosphere and great coffee. Good Internet connecion. New and trendy.
9245264,,
9245373,,
16803317,4.0,Modern atmosphere and good coffee.
9245725,5.0,"Cape Town Central, South Africa"
10308151,1.0,Worst customer service.
10308151,5.0,"This place is definitely worth a visit when you are in Seoul, but just a warning it’s really popular so you will have to wait. The service was amazing and the food and coffee was delicious!"
10308151,5.0,"Fresh, Delicious Brunch at a Great Value"
10308151,5.0,"Written August 19, 2018"
10308151,5.0,"Very good coffee, fresh juice, salad and delicious cakes (they also have paninis and sandwiches, but so far I didn't try them). The atmosphere is really nice and cozy, I like how they decorated the whole place with plants. You can sit on their terrace or balcony, where it's very quiet. Overall, perfect experience."
9141146,4.0,"Los Angeles, California"
9141146,5.0,"Prince George, Canada"
9141146,3.0,"Abu Dhabi, United Arab Emirates"
9141146,3.0,As much as food in Seoul is absolutely amazing coffee not so much. It is Starbucks level at best. Coffee Bean is one of those places.
27523810,5.0,Not to be missed if you come to Garosu-gil!
27523810,3.0,Japanese-style cafe near Apgujeong-dong
15187469,,
7748072,4.0,Good stop on the Seoul City Wall Trail
7748072,4.0,A relaxing place after exploring Buamdong
7748072,4.0,Brick walls and pungent aroma of coffee beans
7748072,4.0,"London, United Kingdom"
9440230,4.0,"Stumbled upon this cafe after lunch and decided to have a cuppa cafe mocha. Nice simple cafe, they serve waffles, tiramisu etc but didn't try them as I was visiting alone. Ambience is nice.. barista looks passionate when preparing your coffee.. nice place to chill after walking garasougil"
9245609,,
9245368,3.0,"Cospicua (Bormla), Malta"
20813676,,
9245843,,
10423752,4.0,Right next to the hostel we were staying. Open until 12-1 am. Has three floors. They have fruits and coffee
17627575,2.0,"Montreux, Switzerland"
3933951,2.0,The place looked dated and rundown.
3933951,5.0,"Glasgow, United Kingdom"
3933951,4.0,"Ordered 고구마라떼 (sweet potato latte) and 치즈케이크초코스모어 (cheesecake chocomore). shared it with friends..happy food, happy mood. It tastes good and we enjoyed the food. wanted to order some other deserts from the their menu but was not available. will visit again.."
3933951,3.0,"Johnson City, Tennessee"
3933951,5.0,"We went to the cafe at approximately 9ish, close to 10pm, their kitchen is closed, so it was a bit disappointing as their toast looks awesome! The ambience is cosy but I will not recommend their sweet potato latte, managed to find someone else that served it better."
3933951,5.0,"Greensburg, Pennsylvania"
3933951,3.0,"C1 ( 2013.3.28 ) 
We visited this cafe after lunch and ordered Americano. Caffe bene's coffee was always same taste in every Caffe bene. This cafe had smoking room, emplyee was kind. Any Caffe bene have same coffee taste, I don't evaluate taste ( so-so ). There was not bad to talking and drink coffe. In Korea, Caffe bene cafe was managed about 700 store, so I can see this cafe everywhere."
15097396,,
13778740,,
18314166,5.0,Lovely rooftop in the heart of hongdae
18314166,5.0,A comfortable cafe in a busy
18314166,5.0,"Such a good weather in Seoul today.  
I Found this cafe when I looked up the sky on the street.. and saw a nice roof top.  

The cafe is of very Nice environment, esp with the wind.  I got a Very relaxing time. 

Try the drink with leaf in the ice cube and the bbq sausage!   I bought a little plants there too... but how can I bring it back home @.@"
3894901,4.0,A nice coffee house that has the usual standard that one would expect.  It also has free wifi.  The staff are efficient and friendly.
15097409,,
23944589,4.0,Good coffee with good atmosphere.
9245747,,
34168638,5.0,Such a World Best Brewing Coffee
34168638,5.0,Restaurant's favorite review
9245705,,
14003989,,
9245374,,
9245203,1.0,Very rude employee that we tourist here not respected by them. I was buy 3 tumbler with 3 using take away cup. We just seat for a while because i’m like to give medicine to my kids and they askes me to get out from the store because using disposal cup. First time very bad experienced in starbucks store. Not recommended starbucks store for foreigner.
9245203,3.0,Enjoy your Issac Toast here!
9245203,4.0,"Los Angeles, California"
12763300,,
10510605,4.0,When you come inside look very average. Like in every Korean cafe or restaurant it’s a little bit hard to tell to the stuff what you want. But when you finally get your pretzel or pretzel sticks and your drink (it’s better to take some coffee or lemonade or other). It’s really delicious. Mostly I recomend hot lemonade and classic pretzel or classic pretzel sticks.
10510605,4.0,Freshly baked pretzel
17395683,,
26321683,5.0,SJ Kunsthalle: Where Art Meets Lifestyle
26321683,5.0,Complex cultural space
9143276,,
9245786,,
32985236,5.0,"Tokyo Prefecture, Japan"
32985236,5.0,THE STYLISH coffee store ever!
9245324,,
15217774,,
32829161,5.0,Amazing place to rest and have a drink !
9245221,,
3864314,1.0,Disappointing service for being the 1st Store in Korea
9366675,,
9245398,3.0,"Good cafe in any place, but.."
33996409,5.0,cafe that serves delicious coffee in a residential area
9245828,,
9274868,,
9245698,4.0,Group visit 4.30pm Thursday
9245698,4.0,"Freiburg im Breisgau, Germany"
9245698,4.0,"Santa Rosa, Philippines"
9245698,4.0,"one of starbucks outlet in myeongdong.
authentic seoul starbuck souvenir, try local taste.
other is just same as common sbucks outlet"
9245698,5.0,Favorite coffee place at night in Myeongdong
9245698,4.0,"Starbucks breakfast sandwich taste quite good, suitable for everyone, and the desert cheesecake taste so delicious."
8956120,5.0,"a great place to enjoy good coffee, relax and enjoy a beautiful interior"
9245392,,
24967873,4.0,Big bakery cafe in Seonsu area.
12826582,,
3894898,,
17604113,,
10195822,5.0,"Fatum is located in Bukchon area.
The place provides an amazing view.
You can have a drink and just relax.
The owner is super friendly.
Definitely a place to go."
10195822,5.0,Stop to relax and enjoy the views
10195822,4.0,"Great view, drinks are ok"
10195822,4.0,"Los Angeles, California"
9434826,4.0,Big pub with good price.
20324263,,
27916065,5.0,afe with a nice atmosphere that cares a lot about customers
9245304,,
12434429,5.0,"Penang Island, Malaysia"
12434429,5.0,"Beansbins Cafe is famous for their waffles, there are several flavors which you cannot resist...e.g. strawberries waffle, mangoes waffle, chocolate caramel waffle, ...etc.
This time I dropped by Ehwa Woman's University, and found this Beanbins Cafe located right near to the university entrance, just looked up, as it's located on 2/F.

We ordered strawberries waffles, the texture is soft, with a layer of custard and the fresh and sweet strawberries.  No wonder it's called 'premium' waffle.

The environment of the cafe is very comfortable and spacious.  Really a nice place to spend an afternoon break there.  :)"
11697806,4.0,"This place is probably only known by the locals in Gangnam or TVXQ's fans. The place was filled with items and decorations related to TVXQ. Any TVXQ fan would love to hangout at this place and I was told by a friend that sometimes, Yunho stopped by and served as a barista. But when I visited the place, Yunho was having a schedule in Japan. I guess it was not my lucky day. Alright, moving on to the coffee itself. I am a big fan of caramel macchiato, so of course I only ordered caramel macchiato anywhere I go. Same goes with this cafe. The froth was very creamy and they went all the way with the caramel which was rather lovely. The coffee was too sweet for my liking, should've gone with less sweet but I don't know how to say it in Korean. It was a very cold night so a hot caramel macchiato with TVXQ decorations surrounding me slightly warmed me up. Will I come again? Definitely!"
14821291,,
9245405,,
10392708,4.0,"Cebu City, Philippines"
10392708,5.0,Yummy.  The shakes looks exactly like shown
10392708,4.0,Best korean dessert. Ice cream with many different topping will satisfied you and your tastebuds. One of must try Korean shake
10392708,4.0,"Escondido, California"
9058492,5.0,My family had a great time here.  The staff was very friendly.  My husband and I got coffees and my boys each had cider.  They had so much fun putting together the lego bricks they picked out!  We just did one hour option for building legos but when we come back to Seoul we will definitely do the unlimited option and spend some more time there.
9058492,3.0,"The idea is good. Here is a lego cafe. However, heating system is not suitable for Seoul winter. It is understood and very clear that owner opened here for business. But, pricing could have been more reasonable, such as dismantling time for the completed toy should not be included in time counting of payment. Restroom is hygienic, staff is polite, easily accessible by metro."
9058492,2.0,"I went there with my parents to see how it looks. First when we entered I thought: Not bad place. Then we go order something. The stuff told us that we pay for 1 hour playing with lego and for two drinks. We said ok. On the box we took for playing was written: 1 hour building. We were building it 1 hour and 20 minutes. Then the stuff told that if it will take more then 1 hour we will pay extra money. Then they say that we must dissmantle it. Really if you want to go there just buy lego and build in your home.

Bu cafeye gitmektense lego alıp evde yapın. Daha ucuz ve daha eylenceli."
33669322,,
10162177,,
9245521,,
9245750,4.0,good place to have coffee after business meeting
9245598,,
9245291,3.0,"C ( 19.12.06 ) 
I visited this Starbucks for waiting my promise. The cafe was just same with another Starbucks. The Starbucks had good atmosphere and service. The price was a little higher than another cafe, and clean atmosphere. The Starbucks was just Starbucks. Just normal to me."
9141260,,
4029493,3.0,"Expensive, expected quality"
4029493,5.0,Comfortable place for relaxing
9141834,5.0,It was awesome!! Great memory in Seoul.
16850039,5.0,I think it'd be okay to go once!
16850039,2.0,"Good and bad. Good bakery, bad service."
16850039,1.0,"This place has been around for a while and it got is fame around the neighborhood.
I visited with my family today and the staff’s attitude there was totally unacceptable and rude. 1. After we order our drinks to pick up the guys who looks like a store manager was demanding with very annoyed tone of voice to not wait around near the pickup area. Which there was no other area to wait unless you awkwardly wait in the other seating area. 
2. We had to move some tables about in order to fit the whole party which we were told to move them back and we said we will and of course the whole staffs was very impolite and kind of talking back in our back. 
3. When we were leaving the manager looking guy were rolling around his eye on us and talking with his staff in bad word. 

I hope you Never Visit this place !!"
16850039,5.0,good atmosphere and good pastry
33344894,4.0,Korea's Affordable Franchise Cafe
3911479,4.0,"Good Coffee, Good Service"
3911479,3.0,Starbucks was always spick and span..
17427198,4.0,Good dessert cafe with madeleine
18995284,5.0,Excellent dessert and good coffee
18995284,5.0,Nice french dessert with Korean old building. Atmosphere was nice. So near with tongin market. I highly recommend this cafe for nice hospitality and nice dessert!
3911379,,
16131315,,
9245716,,
25279778,5.0,"Leeds, United Kingdom"
25279778,5.0,A Hidden Gem in Seoul's Palace Quarter
9245488,,
14141474,,
15563097,,
15080011,,
12918357,,
33422114,5.0,Full of retro sensitivity.
33422114,5.0,"You lost your life here, hit a kilo and got drunk.
I've eaten croupier and ice cream in the drink. Crople Red Rooibos. Nowadays, everyone's gonna like it. Vanilla ice cream with seed bread and honey.
When you come to Seoul, you have to build a tower and it was so fun to come once."
33422114,5.0,If you want to have a different date
33422114,5.0,"If you're looking for a coffee shop with the atmosphere of Retro, then visit Saunadanab!"
9245684,5.0,Starbucks with a calm atmosphere
13287916,,
17160938,,
9245947,,
25047499,4.0,Good atmosphere with delicious coffee.
19214103,,
14957164,5.0,"Lussa Lab is a two story cafe, the ground floor area rather small but upstairs a spacious and light flooded area. The cafe has a very good vibe and the food menu has cake as well as brunch items, the beverage selection has a good variety of coffee beverages. We had cake and an egg dish, both were quite good. Overall a nice cafe to enjoy a relaxing afternoon."
14957164,5.0,A Great Sunday Breakfast with a Park like Ambiance
23770447,5.0,Excellent cafe & bakery with wide inside.
3894923,,
10078578,5.0,"Quality Café with proper attention to detail.
Choose your beans, choose your press... frequented by self absorbed hip expats. Great place to ignore the relaxing surrroundings and write reviews on your phone."
10078578,4.0,"Great coffee, tea, tea lattes. Le Cafe always has great ambient music also. Located in the heart of Itaewon (the foreigner's district in Seoul), the baristas all speak English and provide great customer service! They've got soy, lowfat and regular milk. Desserts are a bit limited, but if one is craving banana bread, it's decent. The egg bagel sandwich is also pretty good. Prefer to go here for coffee and a little bit of reading, though.  Free wifi also!"
9245652,,
8967346,5.0,"Boston, Massachusetts"
15009403,,
9077153,,
3911380,4.0,Probably the most expensively fitout Starbucks in the world!
3911380,4.0,"this branch is the most posh looking Starbucks - what with all the architectural work inside - all for the love of coffee & chilling around! Customers are usually dressed to the nines, mostly  coming out of Shinsegae Dept Store with the branded paper bags and all - simply awesome!"
9245741,,
11778748,,
9245441,,
9245816,,
12118286,1.0,Arrogant Service to Korean spouse
9245766,,
9373784,,
14960717,,
15209111,,
13354764,,
9245330,,
33405727,5.0,This café in Chungmuro and Euljiro is such a hidden gem!
33405727,5.0,"I recently discovered this cozy café near Chungmuro and Euljiro, and it has quickly become one of my favorite spots in Seoul. The Cuban-style sandwiches are amazing—crispy, flavorful, and perfect for lunch or brunch. Their coffee is also top-notch, making it a great place to relax or meet friends. Whether you’re in Seongsu, Myeongdong, or exploring the Chungmuro and Euljiro area, this café is definitely worth a visit for delicious sandwiches and great coffee!"
33405727,5.0,"Sandwich, art, coffee, cafe"
9245580,,
23833836,4.0,Good franchise cafe in S.Korea.
19757897,4.0,A great place to relax and get some work done
9284367,1.0,"New York City, New York"
9284367,4.0,"Clark Freeport Zone, Philippines"
9284367,5.0,"We noticed that there were several places in MyeongDong that sell dessert waffles, but this is the one that we happened upon first, and we were not disappointed. We were there after lunchtime and we had the whole place to ourselves. It was quiet and cozy with comfortable music playing. There seemed to be only one young girl working there at the time and she was very nice and explained their different menu items to us in the best english she could. I ordered the choco waffle and my husband ordered the ice cream waffle. There were beautiful! Mine was loaded with fresh fruit and even some hidden ice cream with brownie bites, and my husbands had fresh flowers on it. The waffles themselves were delicious too. We would both highly recommend you search this place out the next time you're in MyeongDong."
9284367,5.0,"Marina Bay, Singapore"
9245519,,
33687429,5.0,Cinema and cafe at once!
33687429,5.0,Where you can watch a romantic movie for a cup of American
33687429,5.0,"Film The Holy Land of the Ducks, Caffe Cinema"
15187528,5.0,"I did a perfume workshop in blute collect and it was fantastic. Sonya is very professional, you can make your own perfume here! The environment is cozy here! Highly recommend you guys come and join. She can speak fluent english!"
15187528,5.0,A pleasant experience!
15187528,5.0,Great place to chill in!
15187528,5.0,"antique, lovely place!!"
15187528,5.0,"Calm, Moody, Romantic!!"
23872265,5.0,Cost-effective cafe with delicious espresso
3943762,5.0,Contemporary Comfort food
16660605,,
9245845,,
17528255,,
31057949,5.0,The coffee was delicious.
31057949,5.0,"It was such a unique first-time experience! The coffee tastes amazing, even without coffee beans, and the desserts are absolutely perfect. If you're visiting Ikseon-dong, this is a must-visit spot!"
3894950,5.0,"Great place to relax, good internet and all that, especially if you are from Seattle like me...its appreciated."
9079076,,
9245338,,
9245833,5.0,Don't Miss the Cheesecake Here
9245833,5.0,"Street, United Kingdom"
9245833,4.0,Breakfast at Starbucks
3869152,,
16656485,,
25199905,5.0,"Though it’s not an Instagram friendly location, this place has its own charm. I definitely recommend you their butter bread, it’s yummy yet not sickeningly sweet or greasy - ideal with coffee. I bumped into it accidentally on a rainy autumn day and it was cosy. It is located in a close proximity to Insadong street, so you can enjoy a nice cup of coffee and desserts after shopping or cultural workshops"
7376238,5.0,"Good beer, from other places besides Korea (which is very difficult), the music (jazz) is very relaxing, and the food (pizza and pasta) is pretty good. 
Try La Niña Barbuda Beer, from Barcelona."
7376238,5.0,"Philadelphia, Pennsylvania"
9245491,3.0,Nothing wrong with an average Starbucks
9245600,,
8871094,5.0,Like the sandwich set.
12980552,,
26550487,4.0,Good cafe with good atmosphere.
9210031,,
9245457,,
9245482,,
9141160,3.0,"Good location opposite the cathedral. Nice cafe over two floors. Red velvet cake was amazing, green tea matcha ok.  Surprising that this cafe does not offer free Wifi, which is offered almost everywhere even in the cheapest places and massage parlors etc. At least you can charge your phone. Slice of cake and matcha tea around 14.000. Nice view to the cathedral from first floor bit still better choices in Seoul especially if you want to use internet!"
9141160,2.0,Worst meal during the entire trip
9141160,5.0,"Kuala Lumpur, Malaysia"
9141160,4.0,"I like coffee so one of the places i go to is Coffee Bean. They serve not only drinks but also sandwiches and desserts (like cakes, cookies...)"
9245731,,
12948383,,
8974093,5.0,"Extraordinary coffee taste!!! Nowadays, whether it's a delicious Starbucks coffee or a regular coffee, it gives me the feeling that I'm always awakening to the coffee... I'm grateful. Father, mother and son's friends bring together coffee. The proper taste of coffee that has become grateful... Today is a millennium and a strange joy comes to me."
8974093,5.0,Best Coffee Shop in Seoul
3864382,,
8889829,,
9245286,,
27329732,5.0,"Out of all the cafes around, this one really stands out for the barista's hospitality. The coffee and pastries are great, but the tigre is especially delicious!"
27329732,5.0,if you want to drink specialty coffee.
12179197,4.0,"Interesting idea and tasty result, potato chips with honey. Possible also with maple or chocolate. Worth trying.

Çok lezzetli. Farklı bir fikir, lezzetli sonuç. Uygun fiyatlar."
12179197,5.0,"If you like chips you must go here. You can eat chips with chocolate, honey or maple. I recommend this place.

Jeśli lubisz czipsy to musisz odwiedzić to miejsce. Możesz tam zjeść czipsy z : czekoladą, miodem i syropem klonowym. Bardzo polecam!"
33308875,5.0,"great cafe with a good atmosphere, good scent, and quiet atmosphere"
9245807,3.0,Same with another area Starbucks
29014293,1.0,"Nice place but courtesy is really an option. They take orders only from automatic machines. They shout to inform order is ready, music volume is too high, they make a lot of noise at coffe machine, people were using a high voice tone to overlap the background noise. If you are looking for a quiet place this is not the place for you. Beverages are standards,  nothing special. I won’t come back to this place."
8938814,4.0,"Quite trendy . Natural Mood. Good coffee.
If you want to feel somthin trendy in seoul, visit here"
19085795,,
25095121,5.0,Nice cafe with good and bright mood.
26986129,4.0,"The coffee in this central Namdaemun Market spot is good, the service is friendly, the owner/manager speaks English and the bathroom is clean!"
26986129,4.0,"San Francisco, California"
27922551,5.0,"Coffee with good pines , fine prepared desserts , relaxing chopsticks and quietly flowing music."
3894976,5.0,"Friendly, helpful, english speaking staff, great coffee and nice atmosphere~
Will come back for sure!"
27141342,5.0,Seongsu Cafe Time After Time (I like the space and desserts)
17579865,,
34028500,5.0,A Hidden Gem with Amazing Coffee & Cocktails
33307827,5.0,Best Coffee Bar in Seoul
9003559,5.0,recommended simple breakfast
9003559,4.0,"Hollys Coffee水準平均, 在韓國有很多Hollys Coffee, 比starbucks 更多. 行得累了入了去飲green tea latte, 跟香港及韓國的星巴克一樣, 不過不失.有wifi, 貪方便, 價錢不太便宜但地方整潔"
9003559,5.0,"good coffee, quick and pleasant service, clean and lovely atmosphere where you can escape from the heat."
9245709,,
14982903,,
9210012,5.0,Excellent webfoot octopus and  beef brisket combination.
9210012,5.0,Highly Recommend Restaurant !
25110716,,
33285880,5.0,"Boston, Massachusetts"
9245537,,
9245452,3.0,"It is in the youth avenue, surrounded by very nice restaurant. I have no idea why people go to Starbucks while there are hundreds of much nicer places around."
33446050,5.0,"Great place to stop for breakfast! 

We ordered the Fig Brie and Jambon toast which was on actual sourdough - our favorite breakfast so far in Seoul. 

Cute cafe with delicious coffee. Very foreigner friendly."
15187345,5.0,Exceptional Coffee at Mark Lane Coffee
15187345,5.0,"Best cup of coffee in all of Seoul, we had the gesha pour over and it was phenomenal. The owner was very nice and knew his stuff. Must visit location for coffee enthusiasts."
9245657,,
8894159,5.0,"Wellington, New Zealand"
8894159,5.0,"Great cafe with a classy atmosphere.  Stop here for a coffee, tea, or a drink after exploring Bukchon Hanok Village."
16850420,,
9141092,,
33334062,5.0,"It's like a Vietnamese cafe, but not noisy."
9245469,,
12907082,,
9245570,3.0,"Panglao Island, Philippines"
24145965,4.0,Starbucks is Starbucks..
9245268,,
12447883,,
9245289,3.0,We had our breakfast here but the business is a typical Starbuck franchise business. The one thing that I was surprised at in Seoul Korea was that there are SOOOOO many of them! Coffee houses litter the area as you travel around.
9245602,,
12214468,5.0,Loved our experience at Proust making a custom scent with beautiful packaging. Wonderful experience. Would recommend
12214468,5.0,Fantastic birthday adventure! It was so fun and customized to our preferences. The perfume maker was fantastic as making suggestions and helping balance our perfume. Couldn’t ask for a better class!
12214468,5.0,"London, United Kingdom"
18935520,3.0,Starbucks is Starbucks.
9715812,,
9245930,,
10487707,5.0,This is a frenche boulangerie. I went to their branch in Korea and they had those aswsome cakes dor the cherry blossom. Loved it.
10487707,3.0,Breakfast in a French Cafe
16811642,,
10751139,2.0,Service unsatisfactory
10751139,5.0,Local Brand that can compete internationally
10751139,3.0,Normal franchise cafe..
23938940,4.0,Good franchise cafe with good price.
9447467,5.0,Excellent coffee with good price.
9245465,3.0,"Normal Starbucks, but the seat area was good."
9245465,4.0,Before or after movie...a place to relax
33220666,5.0,"Very nice coffee shop that opened by a loving couple who came from Hong Kong.
You can enjoy the tasty coffee and desserts there.

一間令人放鬆的咖啡店，是由一對恩愛的香港夫婦所開辦。
大家可以在咖啡店品嚐到美味的咖啡和甜品。老闆手沖的咖啡十分開醇，而老闆娘的甜品令人食指大動。而且最近餐單上新增了兩種香港特色的美食，是香港的凍檸檬茶和蛋撻。"
28663710,5.0,Special Cafe Variety Cake Dessert
28663710,5.0,"Cake and coffee, dessert and wonderful space"
9155339,,
34280300,5.0,cafe where everything was satisfactory
23972831,5.0,All was excellent except the price.
19085897,,
9245269,,
9245231,,
9245877,1.0,Unfriendly and bad English
19139050,,
28149630,4.0,"snack break after visiting Gwanghwamun Square.
pleasant room, discreet and quiet environment.
friendly and smiling desk service.
good fruit drinks."
23919291,4.0,Good coffee and fast order by KIOSK
9245943,3.0,"There are many Starbucks in Seoul and there are actually many many good small coffee stores, however as we were in the area and needed a break we went to this Starbucks, a decision we regretted afterwards. Not very clean for a Starbucks in Korea an service quite slow. All very unusual, maybe they just had a bad day."
17463406,,
9245873,,
9141741,1.0,Hongdae Coffe Brown. Very bad service
9141741,5.0,A nice Orange Juice indeed !
9141741,4.0,Nice place for a coffee and some people watching
10677814,3.0,"The Billy Angel Cake Shop above Hye Hwa Metro Station, on the ground floor of the Starium Cinema building, beckoned us on a scorching Saturday afternoon. The blast from the aircon was welcome relief from the summer heat. The cafe was packed with people like us, chatting or using the excellent wifi. Managed to find an empty table but we had to drag the chairs over on our own.

There was a modest selection of cakes, macarons and cookies on display. We picked the limited edition Orange Cointreau Cake and Billy Angel's bestseller Carrot Cake. There were several staff behind the cake counter in the self service cafe, so we wondered why we were given a timer/buzzer and we had to wait a good ten minutes for our cakes to be plated. The carrot cake was very good but not the best we had tasted. The orange cake was a big disappointment with no trace of orange zest and hardly any taste of cointreau. It was just an ordinary orange cake, with the few drops of cointreau mixed into the caramel cream icing in between the three layers of cake. Anyone who did not know it was called orange cointreau cake would probably not realize there was any liqueur at all."
9245640,,
17453837,5.0,Excellent Vietnamese style coffee with good mood
9245481,,
29616705,4.0,clothing product Deus' flagship cafe
9245238,,
9318562,5.0,"Very nice combo, it helps me to relief the pressure when I was finishing my report.  Very nice staff there, looking forward to have 2nd round tomorrow night!"
9318562,3.0,A good place for night dessert.
27953479,,
9210013,,
34020849,5.0,"Tea, coffee, and delicious dacquoises."
29616729,5.0,spacious cafe with a nice atmosphere
12134634,,
14149215,,
9245299,,
31720826,5.0,"Cheap but very delicious, and the drink size is big!!
It's good to drink while traveling! :)
The staff was very friendly.
I'll use it next time."
27922082,5.0,Cost-effective bakery Frente Dohwa
9245263,4.0,"This is a large Starbucks with different styles of seating area. in case the one at coex mall are full , you should drop by this starbucks. open til 11pm on friday"
28913048,4.0,cafe with a very good coffee flavor
9245767,,
3894879,,
15272351,3.0,"C ( 18.10.19 )
I and my friend visited this café for coffee after lunch. The café was not big and many people crowded. We ordered some coffee, that's normal. The service and the atmosphere was normal like another Ediya. All was normal to us."
6352980,4.0,"New York City, New York"
6352980,4.0,"Temperature n humidity controlled Coffee bean cellar, separate brewing bar, professional barista! What else you can expect more for a coffee shop? Just perfect place for coffee geek!"
27421586,,
9245472,,
32862323,4.0,On the outskirts of one of the busiest areas around
23968938,5.0,"A historic traveler's cafe Jongno Yeoga'  located in Jongno, Seoul"
10169265,3.0,"C1 ( 2016.04.06 ) 
It was centain that the Starbucks was all good, but I dislike this franchise because all was same in any Starbucks. This cafe was same. The same atmosphere, price, coffee taste and service. There was not bad cafe, but not good to me."
12909657,5.0,gem store/cafe in hidden area!
9245670,,
9245776,,
9245610,,
3911437,4.0,Starbucks with elevator
9245259,,
9245302,,
9319335,3.0,"C1 ( 2016.06.20 ) 
I and my cousin visited there for coffee after lunch. This cafe was big chain cafe in Korea, and same in anywhere. The atmosphere, price and coffee was normal to me. It was certain that there was good cafe with good atmosphere, but it was not to me with same thing."
25219045,1.0,"I am a huge animal lover. I expected this place to operate a bit like an animal shelter, and that the dogs would be provided with all the necessary things. But they weren’t. My boyfriend and I quickly realized that something is wrong. The man who took care of the dogs and I suppose is the owner of this place shouted at those poor animals whenever they did anything “out of line”. There were no toys or even beds for them to lay on. All the dogs were laying on the floor, they looked depressed and most weren’t eager to play or even greet me when I came towards a few of them. 
And the worst thing probably are all the autographs and pictures of Korean celebrities with the said dogs, all smiling and happy. It’s clearly a nothing but a very  sugar-coated, dirty business that uses and exploits living feeling creatures for money. 
If you are an animal lover, please do not go there. I should have known better, but at least now I am aware of the situation and am urging others to not make the same mistake that I did."
25219045,4.0,"Lots of dogs, different breeds & sizes....."
9245255,5.0,"London, United Kingdom"
9245728,,
3894918,,
4076320,,
15154568,5.0,Season Coffee and Bake
10501157,,
26823743,1.0,The worst coffee shop staff and the shop manual and the executive who runs the store.
26823743,4.0,clean-cut franchise cafe
13346965,,
27176983,,
14928316,5.0,"What can I say about this place ?
It has high quality, fresh tobacco flavors with modern heat management for an excellent and long lasting taste.
The staff is amazingly friendly.
The music is perfect and not too loud.
The small room gives a cozy, warm atmosphere, in which it is easy to meet people or just relax after a long day.
Be aware that the place is often full during the evening even in weekdays, so you might want to book a table if you're a group of 4 or more, or simply come early"
14928316,5.0,Best Shisha/Hookah In Seoul
26661943,5.0,Great Cafe with a Vjew of Insadong Street
26661943,5.0,"We were the whole family, we really liked the especially delicious coffee,muffins, brownies!🙂
It was excellent service!"
26661943,4.0,"This pretty cafe on the second floor of a corner building (painted light blue) on Insadong Main Street was an oasis in the midst of the touristy street. The decor was pretty and homely, and the floor to ceiling window was perfect for people watching. We enjoyed green tea, matcha latte and drip coffee, with very good carrot cake and tiramisu. Recommended!"
4076323,3.0,"Bandar Seri Begawan, Brunei Darussalam"
9245556,,
12272257,,
3864375,,
15815365,,
15187489,,
27127995,5.0,"Delicious handmade chocolate, friendly owner, luxurious atmosphere."
12358852,4.0,This place has very moist cupcakes and they look amazing. They were not too sweet which was better for me and the price range was not as high including the coffee. It's a great place to enjoy your time with friends or for couples. Overall it is a great place to chill with people and enjoy great cupcakes and coffee
12358852,4.0,"A small, cute cafe selling great cupcakes. You have to know where to look to find it or stumble upon it randomly like us. Some curious flavours on the cupcakes, it's fun to try something new."
12358852,5.0,Lovely and smart. And also outdoor seating
15674326,5.0,Excellent atmosphere to us.
9245646,,
4050327,,
9245228,1.0,"Panama City Beach, Florida"
9245228,4.0,nice location for a international coffee
14386689,,
23581471,4.0,Delicious and strong coffee.
9245413,3.0,Another Starbucks in Seoul
9245413,3.0,I really liked going here. The staff were friendly and outgoing. The staff were great and on time. The bagels were tasty as well.
9245524,,
14982766,1.0,Worst service in Myeongdong
14982766,4.0,I had the chance to try gong cha in myeong-dong branch and it was actually better than expected. The taste was very good and the staff were very nice and helpful.
10751069,,
20063443,,
20235194,,
19115743,5.0,"Nice place, nice attention and good food"
19115743,5.0,"A cafe with a slightly strange name for an Italian where I ate a delicious bingsou in a unique environment. Music software and atmosphere to spare. I don't think Koreans fully appreciate what they have with this opportunity to eat cheaply in a Zaha Hadid building. After all, even Italians don't like MAXXI very much"
19115743,5.0,What a stunningly designed cafe
9245240,,
9077043,,
9003739,3.0,"Cambridge, United Kingdom"
9245430,,
9245925,,
29014326,4.0,good cafe to have a cup of coffee near Seongsu Station
9245821,4.0,A nice cafe in Seoul women's university
9218485,,
4029733,,
19983869,,
13156086,5.0,Very good coffee and desserts
9287214,4.0,Surprisingly Delicious & Multi-layers Flavor - 驚訝於他的好吃而且口味上很多層次
15527436,5.0,"I booked a 5 course tea tasting experience with ALTDIF and was not sure what to expect.  I was blown away!

Every year they pick a theme and build their tea around that them.  This year it was tarot cards, with a different card for each course.  

Each course was very unique in taste and conception while the presentation was an art form in itself.  The hot green milk tea with peach flavored clotted cream and Matcha was very well outside of my norm and I am glad I had the opportunity to try it.  

For our 'main course' we were allowed to pick any specialty drink on their menu.  I was tired and wanted something comforting so I ordered the Soul Chai.  The tea was the warm hug I imagined.  Others were a little more adventurous and ended up with some really incredible creations.

This was a wonderful contrast to the fast paced street food tour I took later that evening.  Both worth while; both offering very different experiences."
20317689,,
13084309,,
13083790,,
9245790,5.0,A good start to the day to be around here
17637212,,
17395929,5.0,Delicious macaroon with cute atmosphere
34077460,5.0,"Washington DC, District of Columbia"
9245471,,
9141244,4.0,Nice coffee joint by the Park
8951007,,
13778660,,
27801938,4.0,good cafe to share stories in the Desienplex area
9213947,,
23285214,4.0,Big franchise cafe at entrance of Mt. Dobong.
10312623,,
9245565,,
4074187,1.0,"I hold Starbuck's in high esteem and expect them to live up to their brand. This particular store is an embarrassment to Starbuck's reputation. First, the service is usually slow, even when there is no line. Second, there merchandise shelf is an eye sore. Third, when I visited there one time the condiment bar didn't even have straws. What really got to me was when I wanted to buy some gift cards and they were sold out. I had to walk 10 minutes to find another Starbucks that had it in stock. The only good thing about this place is there is usually plenty of seating."
28405744,5.0,Try a unique Korean dessert!!
28405744,5.0,New dessert experience.
28405744,5.0,Great place to buy gift snacks in Seoul Hong Kong
3911468,,
9245791,,
19881022,,
9256267,4.0,"With the help of numerous indie bands, I was able to enjoy high-quality performances with alcohol.
Under the cozy atmosphere and warm yellow lights of the Zevida room, it was a special experience to immerse yourself and enjoy with a genuine audience. It's also Zevida.
However, the service of your employees was rather difficult. If you were a little more friendly, it would have been a more perfect visit!"
9256267,5.0,If you want to feel the youth of Mapo here!
9256267,5.0,"Sustainable Water Station Live Cafe Zevidawan ""Drunk"" Dating Course"
9256267,5.0,First visit to Zevida
11832252,,
9144002,5.0,excellent coffee and perfect atmosphere and ambience
9144002,4.0,Quiet place in busy Sinchon
9144002,3.0,Friendly service but underwhelming latte.  Plenty of seating for large groups or long study sessions.
9144002,4.0,Good quality and usually calm
9245586,,
9245841,4.0,Perfect Example of a Starbucks
9245841,4.0,"On the first floor, there is a large selection of sofas and comfortable chairs ! Good place to relax"
13222008,,
17569188,5.0,Korea's best fruit macaroons. Good dessert. 한국 최고의 과일 마카롱 집입니다. 디저트도 잘 함.
3937360,5.0,"Donostia - San Sebastian, Spain"
3937360,3.0,"Good staff, mood, but same coffee taste."
9142341,,
9245735,,
33347328,5.0,Emotional private cafe when the franchise gets bored
9112010,5.0,"Excellent service at a good price,"
9112010,5.0,"Bridgend, United Kingdom"
9112010,5.0,"Cardiff, United Kingdom"
9112010,5.0,"Superb food, attentive staff. Would  highly recommend a visit. My first visit and i wasn't disappointed."
9112010,5.0,"Swansea, United Kingdom"
9112010,5.0,"Worcestershire, United Kingdom"
9112010,5.0,"This Bella Italia has recently moved into the ""Brewery Quarter"" building in the centre of Cardiff. My daughter loves Bella so we had booked to be sure of a table on a Saturday lunchtime. It restaurant is really nice, all wood and wrought iron which I prefer to the modern blue and red. The service was excellent with our lovely server paying special attention to my 8 year old daughter. I will definitely be going back here. The food was lovely, Pasta Marco Polo and a lovely glass of frescato. Easy to find between the main streets, look for a tall blue painted building containing about a dozen restaurants. Enjoy."
13975527,4.0,Tiny cafe for drinks and some small pastries. Located in a quite busy business area of the city. It is possible to have either warm or cold drinks. Prices are less than surrounding similar places. Fruit shakes are tasty. Service personnel is gentle.
26851216,4.0,a cafe with a very spacious interior and smoking room
9245339,,
15632751,5.0,"I went to the shop after dinner and had ""milk panna cotta with raspberry dressing"" which was really great. The place was quite full with locals but I think I was the only tourist. Perhaps locals don't want to share this good place (just kidding!). You should surely try this."
9245447,4.0,"I have been to this location with a friend and it’s a cozy little place. We sat and used the free wifi in a cute little nook. The staff was friendly and the service was prompt. 

It’s right beside an entrance to the subway."
14082403,,
14960739,4.0,Good cafe with kind staff
14767964,,
17657025,,
33219175,,
9245265,,
9194768,5.0,"Johannesburg, South Africa"
9194768,5.0,Delicious and addicted
17468791,1.0,"Unbelievable, they open at 7am with only and only old products at least from the day before, they must have many preservatives and regularly in the plastic bag that will then have to be disposed of"
12610062,,
23846600,3.0,Normal franchise cafe.
33287044,4.0,easy franchise cafe in front of Hoegi Station
24096602,5.0,"1F was excellent cafe, 2F was excellent pub."
3911426,,
10241226,,
9245439,,
9341167,,
9245391,,
9245697,,
9141950,5.0,"Such a cozy place, with very nice staff, high quality coffee and different coffee-based drinks. Definitely recommend!"
9245784,,
26827988,5.0,very kind staff and good interior also menu!
10236453,4.0,Good coffee and atmosphere
17546819,1.0,They were out of regular sized rolls. So they were only serving mino-rolls. Worse part was only 1 mini-roll per group! 😡
4029029,5.0,"San Francisco, California"
4029029,4.0,You'll see this coffee shop around most places :)
15559542,,
9245789,,
14960729,1.0,On a sweltering afternoon we wandered into this empty cafe. My husband ordered a coffee and I ordered a pastry. We were informed that I could only sit in the cafe if I had a coffee! My husband was welcome to sit and drink his coffee in the cafe but I would stand outside on the sidewalk with my pastry! We were the only customers! I would never go back here! Our Korean friends were horrified when we told them. We went to many cafes during our stay and were not evicted for elation but not drinking! So rude. The coffee was forgettable and the menu is very limited and it’s more expensive than Starbucks (that doesn’t kick you out). So many better options in Seoul.
9245914,4.0,"Pittsburgh, Pennsylvania"
18178574,1.0,No access for foreigners
9320323,,
26861639,5.0,Hidden hand drip coffee
3864347,3.0,"London, Storbritannien"
4030197,4.0,"Nice cafe to visit, sit and relax after a meal or even after a walk nearby. It is located near the apartment which I used to stay in (near sinseoldong station), so as and when I would visit this cafe with my friend after our lunch or dinner. Especially during cold winter, it is really nice to have a hot choco or even cafe latte in a warm cafe. You can also use their free wifi (ask the staff if you are not sure about the password). Compared to other known cafes, this cafe offer drinks at a cheaper price. Taste is good too. Good!"
12192449,5.0,Delicious vegetarian-friendly café
15801312,,
18919571,,
3864360,,
9245854,4.0,Nice place for coffee and wifi
15051475,,
9245208,,
17439942,,
9143967,4.0,Nice spot and location
9245351,,
27173604,5.0,"C ( 24.02.05 )
I visited this cafe to talk with my friend. It is a cafe that I take with me when I have a guest to the office sometimes. The atmosphere is quiet and there is a retro atmosphere, so it is a good cafe to talk about. The service, price, and coffee taste are all good, so it is one of the cafes I often visit."
15593533,,
9245768,,
9245288,,
3864358,,
34298958,,
8587679,5.0,Amazing coffee in Seoul
8587679,5.0,Brand New Cafe - And WONDERFUL!
10593548,5.0,"Seongnam, South Korea"
12499664,5.0,Great place to work away from my office!! I like the cause and Zera’s original coffee. The Christian atmosphere is wonderful!!
12499664,5.0,Wonderful Pie Place in Hongdae
23854620,3.0,"C ( 22.01.21 )
My friend and I visited this cafe for coffee after lunch. The cafe was franchise one, Ediya, and many place was operating. The cafe was same with another Ediya in many place. The service, coffee and service was same always. Normal Ediya, I think."
7748078,,
9245404,,
15221740,,
3911397,,
9228313,,
9245480,,
34005091,5.0,cafe that is not big but pretty and has a good atmosphere
14214309,3.0,Beautiful cafe but very limited menu
9209903,,
3894942,5.0,"I would recommend to try one of the local cafe in seoul. from my experience, i try a local cafe with mix orange juice with coffee. too bad i forgot the name , but my point is to try something new. there are always surprise here."
3894942,4.0,In the middle of Jongno entertainment district
3894942,4.0,"Big Bear Lake, California"
9245571,,
19073387,,
9245306,,
9006426,,
9245207,,
10677859,,
8685965,3.0,Starbucks... Always Starbucks..
8685965,5.0,"One of the bigger Starbucks stores.   Lots of room, nice seating options.  Had a great maple pecan latte and some quiet Saturday morning time.  Close to Park Hyatt and close to the underground.  

And very kind and efficient service"
9245759,4.0,Good Starbucks with drive thru service
9142070,5.0,My favorite place to have a great coffee.!
9142070,5.0,good service and good coffee
24894045,5.0,Excellent brunch cafe with kind service.
3869133,,
14888389,,
9245677,,
9245359,,
14167520,,
24009213,4.0,"Small, but good cafe with delicious coffee."
9245848,,
5979719,,
10122320,,
8975193,,
4029738,,
15593520,,
4075861,,
13236230,,
24167113,4.0,Traditional mood cafe in Namsan Hanok Village
20116538,,
9245380,,
14396206,3.0,Nice Place to Spend Some Time
9245871,4.0,"Towcester, United Kingdom"
11846746,,
3937457,3.0,Served in a takeaway cup. Infuriating
19453202,,
15635072,,
9245787,,
9245798,,
9245886,4.0,"Nothing special wide open space on the first floor not much more to say.

Service as to be expected taste as well."
9330937,5.0,Superb Coffee Can Only Be Found in Korea and Japan
7748137,4.0,"Lots of seating, good wifi"
8969038,4.0,"London, United Kingdom"
8969038,5.0,Cheap and good coffee!
9245280,,
18178517,,
10716790,,
13535050,,
9245718,,
25435904,,
26296655,5.0,The greatest cafe in Hongdae!
26296655,5.0,Hong-dae area cafe cryptosociety
34359236,5.0,There are really good coffee and you can buy some good coffee beans.
9153779,4.0,Delicious coffee with good atmosphere
15197933,5.0,"Saint Paul, Minnesota"
33244484,5.0,"Cong caffe as same brand as Vietnam cong caffe. My friend and I visit before in Vietnam, I remember that as same colour"
34166966,,
9245944,,
9245204,,
18543598,,
9141251,5.0,Lovely place to chill and relax
9141251,4.0,"This shop is near by subway station. I can enjoy coffee at second floor by the window with a good view.
Big and confort!! and so many menu especially our friends and I enjoyed coffee with ice(they called 'Ice coffee')"
14901565,,
33237461,5.0,Good cafe in Itaewon area
23983372,4.0,Delicious coffee with classical atmosphere.
9245719,4.0,In retrospect I think trying to review starbucks is like trying to review... Water. Unless you’re one of those people who says ‘All water tastes differently!’ You’re gonna get what you expect.
9245475,3.0,Starbucks is starbucks.
3911412,4.0,Nice place To chill on crowded streets on weekends
3911412,5.0,Cool place to chill and people-watch after a long shopping day
3911412,4.0,"Coffee served is as usual same taste as you get in any other starBucks, this place is kind of reliever when you tired of walking and shopping."
3911412,4.0,"Like any other starbuck around the world ,they serve great coffee, Nothing new. But for those who come from a tropical or dry climate, having coffee at the table outside with a cool breeze ,it makes everything special."
3911412,4.0,Nice break in Itaewon
25301219,4.0,Big franchise cafe in S.Korea.
8787149,2.0,"[Review for the Tom N Tom Coffee of: 544, Dosan-daero, Gangnam-gu, Seoul]

The toilets are dirty and even after the cleaning staff came, nothing really changed.
The food had no taste (but it's quite typical from all the Tom N Tom Coffees to be frank) and it's too expensive for such a non tasty food.
The employees were not incredibly cheerful and didn't seem to like their job at all. I even had to insist to get the coffee's card to cumulate points and have some discounts later because the girl was so pissed off to have to find back the stamp for the card she apparently lost.
[Please notice that a card made in the district of Mapo in Seoul, doesn't work in the district of Gangnam in Seoul: that is what she said.]
After 3 repeated requests she finally moved to go get the card and the stamp with a face that expressed all the ""I am fed up with this job"" she felt definitely.
She didn't finish my order but she started to speak with another customer like ""you're secondary"". Resume: staff not professionnal so far.
Good points: the music is good, it's comfortable and this coffee is open 24 hours non stop."
8787149,3.0,Big chain cafe in Korea.
4030841,,
26729753,4.0,Good cafe with delicious taste and good mood.
9245290,,
17623802,,
9245624,,
18340890,,
9245855,,
9142423,,
23756748,4.0,Good cafe with good mood
17757808,,
17595938,,
24107390,4.0,Very wide inside with good mood.
17468729,,
3933849,,
9213028,5.0,Good mood and delicious coffee.
9218658,4.0,"Average coffee, good cold beverages and nice selection of sides"
10085279,5.0,Excellent good theme cafe..
33308625,,
8969613,,
14768418,5.0,"Santa Cruz, California"
10915573,5.0,"Cambridge, Massachusetts"
33439710,5.0,North Korea View 200% Enjoy
33439710,5.0,"If you want to feel the temperatures of the Northern Mountain Valley and drink coffee, go here!"
28654048,,
26828086,,
10536504,,
9245682,,
9245433,,
9245248,,
12855643,5.0,"Nice cafe with many coffee selection and also pastry. 
Different blends around the world. You can spend a good afternoon there or have a nice breakfast plus coffee before your day."
12855643,5.0,Good mood with delicious coffee and dessert
9429480,,
9245226,1.0,They fired us because we want to drink caffe with paper glass.We are tourist that was unaccaptable dont shopping from here
9245226,3.0,petit starbucks with english speaking staff
15217910,4.0,Delicious coffee with good mood.
9245916,,
3864365,,
26209504,4.0,"C ( 23.06.08 ) 
My friend and I visited this Starbucks for coffee with chattering. This Starbucks was more modern atmosphere than another one, and had same conditions, price, service and taste. The cafe was wide and good to stay with chattering and studying."
9245346,,
25383237,,
3911400,,
9245868,,
28057442,,
9245429,,
20368997,,
9245410,,
33439562,5.0,Quiet cafe with luxurious atmosphere
3864371,3.0,"C1 ( 2014.02.03 ) 
Starbucks was always clean atmosphere, and was working good staff. Overall, all was good, but always same with another Starbucks. Too many coffee shop chain in Seoul with same."
9245323,,
3911449,5.0,"Good starbucks coffe shop 
Its very convinient and cozy 
But in night its very noisy ...
It is 2nd and 3rd floor
It have many chair and desk maybe 100?"
24118692,5.0,Very good choice for breakfast or coffee
24118692,5.0,"Dreamy little cafe, IG worthy"
24118692,5.0,"Super cute, great location and feb coffee and croffles"
24118692,4.0,A pretty coffee&bakeshop that makes happiness possible.
17546736,5.0,Beautiful atmosphere with delicious coffee
23980731,1.0,Terrible - do not recommend
23980731,1.0,Worst service imaginable
9414425,,
10298443,5.0,"San Diego, California"
12965745,,
9141175,5.0,Relaxing place in busy Itaewon.
8968986,,
17627645,5.0,MUST visit cafe in SEOUL for BTS FANS!!💜
26353916,5.0,Good cafe with coffe and salad.
9245830,,
28157202,5.0,"we go to ediya coffee for several breakfasts during our stay in Seoul.
On balance, the choice turned out to be a happy one.
pleasant, discreet and quiet.
friendly service, drinks - good - prepare fresh."
14121913,,
19923054,1.0,"Came in the morning to get breakfast, the only guy working was very rude and unfriendly, slamming plates of food around. Not the usual korean friendliness you see even at convenience stores!!"
3894904,,
23746930,5.0,Excellent cafe with delicious coffee.
26232515,,
9288344,4.0,"If you love relaxing time for a cup of coffee, you would love this place. 
They offer not only a flavored coffee but also a reasonable price."
9288344,5.0,Cozy and awesome coffee
14213061,,
23849224,5.0,Excellent atmosphere inside main street.
9141213,3.0,Good atmosphere and wide inside
9245473,,
12694269,3.0,"I've passed this coffee/tea/dessert place many times, but it wasn't until we actually had a meal at the restaurant across the street that I decided to try Cafe Bloom.  We went there for an after dinner coffee and dessert.  The location itself is very convenient, in the middle of Hannam-dong, along Daesagwan-ro (almost across the street from the hospital).  The decor is relatively contemporary with a little rustic added in by the wooden furnishings.  We ordered a couple lattes, an americano, and two desserts, including a tiramisu, which is my favourite dessert.  One of the members in our group is vegan, so we asked for blueberries only.  They could not accommodate the request and the only way we got blueberries was to order the blueberry shake with nothing but blueberries.  That small helping of blueberries came out to 8,000 KRW.  But we agreed, since we were asking for something not on the menu and the people behind the counter seemed unsure about improvising.  The drinks and desserts were good--nothing special but nothing to complain about either.  The total bill came to 34,300 KRW.  A little pricey for average, so I'll continue looking for a good coffee/tea/dessert go-to place in Seoul."
9270449,,
25570617,,
9140903,,
9245320,1.0,Discrimination- coloured folks beware
9066793,,
32761794,,
3911529,,
8981492,,
19502193,,
9031422,5.0,Good affordable jeon(Korean fries) restaurant
12907154,5.0,"Cafe and Bar for chill and, feel the local seoul vibe."
12907154,5.0,Great place for a quiet evening
12907154,5.0,삼성동 코엑스(COEX) CAFE &BAR
23841259,4.0,Good cafe with Hanok style atmosphere
9003779,5.0,"Yummy mushroom soup, you must try"
9319649,,
32640301,,
9144164,4.0,"Kuala Lumpur, Malaysia"
13222018,,
8969732,4.0,"Actually this coffee shop should be spelled ""Ediya"" , it is a pretty big chain in Korea. Coffee is quite alright, they often have interesting promotional beverages and the food also pretty decent. Worth to stop by."
10536386,,
9245251,4.0,Medium sized Starbucks in convenient location
27523841,4.0,A cafe with a nice atmosphere near Hongdae
9245539,2.0,Starbucks Coffee !!  Always same taste.
11857519,,
17449925,,
15573438,,
14156172,,
9171110,,
9245778,3.0,Breakfast plans cancelled here - good coffee though
27435723,5.0,"C ( 24.02.26 )
My friend and I went to this bakery cafe to talk over coffee and bread. The cafe has a very modern atmosphere and was well decorated. There were not many types of bread, but it was delicious and satisfactory, and we talked over delicious coffee and bread. It is a cafe where you can spend time in a good atmosphere."
9245282,,
3927516,3.0,Good facility.. Starbucks
3864282,4.0,"Gurgaon District, India"
12936620,4.0,"the shop is pretty small but can house like about 10 ppl? you only can sit in if you buy a drink, take out not included. the staff is nice although he couldn't really speak english, he really tried to help me out. i ordered the no 1 order as advertised, and i think it's some nutella shake with hazelnut icecream on top. it's really delicious and refreshing, a bit too sweet but hey that's what it really is - a nutella shake :)"
9245293,,
9245693,,
33396660,5.0,The sweet and mild taste is perfect for sweetening a body tired of travel. The staff is friendly and English is good. The store was clean.
19055954,,
9245701,,
15674409,,
9245712,,
33064100,4.0,"Coffee shop and bakery in passage of Lotte World mall. Ordered latte, quickly served with no waiting. Few people sitting inside. Coffee drinks, sweets, donuts and cakes. Done in or take away."
27509197,4.0,Cake and banana latte
9141141,4.0,"Kuala Lumpur, Malaysia"
9256457,,
12538881,,
9245377,,
12898870,5.0,The best place to do your laundry!!
27101631,,
25378125,1.0,"여기 여자직원은 손님을 대하는 태도가 무례하다.
고객을 대하는 서비스 태도가 안되어 있기 때문에 교육을 받아야할 정도이다. 
주문하는데도 흘겨보지를 않나, 카드를 던지는 등에 기본 교육이 되어 있지 않다,.
티라미수가 맛있기 때문에 1개를 주지만 다신 어른들 모시고 오지 않을 것임.
커피도 맛있으나 직원의 태도로 인해 다시 오고 싶지 않은 카페이다. 

the lady who works at the counter was really rude I respect her. She has no respect for customers and she really learns her attitude toward customer. I understand that the shop was kinda busy on Friday, but she cannot act like that. Tiramisu is nice but her service mind was really dissapointed."
9245360,,
9245258,,
12881579,,
9245955,,
32968900,5.0,Anti Stress is a midcentury interior café located in Quinnon Road in Ithaca.
9376262,,
9245474,3.0,Typical Starbucks but very tight seating arrangements
12847703,,
4075691,1.0,Terrible attitude from the staff
4075691,4.0,Coffee lovers must try
4075691,4.0,We had some time to spend before checking in a hotel and found this place close by. The toffee hazel nut is a good and delicious drink.
4075691,4.0,"Ediya coffee in Seoul, South Korea"
9143753,,
33399092,5.0,A must-see tea shop for a trip to Korea! Coco Sienna 💖
24009216,4.0,Good franchise coffee with reasonable price.
24009836,4.0,Good takeout coffee cafe with neat atmosphere.
32968976,5.0,cafe with a beautiful interior
9434804,,
9245733,,
3911387,,
7984112,3.0,"Can see Coffee Bean stores through out Seoul and most of them are in shopping areas, I went to Coffee Bean for coffee and WC break.  Just average coffee."
7984112,3.0,"C1 ( 2015.04.17 ) 
This coffee shop was very ordinary, I think. Always chain coffee shop was not good, not bad. No distinct characteristic, this coffee bean was."
20063450,,
9245633,,
8968904,,
9245367,,
24018712,,
14135056,,
23833853,4.0,Good coffee with nice atmosphere.
4795636,3.0,Nice location near the theatres.   Good seating.  Service was ok.   And drink quality was ok.  Had a roast beef sandwich which was not ok.  There are better places in COEX for a good cup of coffee in a better atmosphere.
13222060,,
3911521,,
9245668,,
9141270,,
9142347,,
9245907,,
12503088,3.0,Franchise cafe with clean atmosphere
16698974,,
9245753,,
14386665,4.0,Very cozy place with nice coffee!
14386665,4.0,"Very quiet around noon time, clean and simple decor makes for a relaxing atmosphere. Great for doing some work or reading. Wanted to go for flat white but the service staff said they didn’t have it even though it was on the menu, so I had to go for the latte instead. Their signature strawberry red bean and butter crumble toast was amazing!"
4076278,3.0,Starbucks was always Starbucks
10347360,,
9245196,,
13282692,,
3869176,4.0,Crowded and convenient
3869176,5.0,The same the world over
3869176,3.0,Starbucks in a good location in M Plaza Shopping Mall
9143441,,
9245568,,
9141161,,
32870222,5.0,"Search for the Blue Bottle icon, good coffee!!"
9003687,4.0,Great pitstop to rest your legs
9141100,5.0,Clean and tidy.  I would say the best shop of coffee beans I have ever visited.  In early May while it is not summer hot yet.. the outdoor area of the shop is the best place for a tea break!
15209954,,
15603838,,
15757791,,
3869175,4.0,French Starbucks in Seoul ;)
9397370,,
12267897,5.0,"1) Very cozy place made with love. Highly recommend for a cup of coffee or special tea in one hand and with a good book in the other. Owner is very nice man.
2) There are lot of cafes in Seoul, but only few have hand dripp coffee. This is the right place!
3) Special teas are  great. Try this gentle ginger-honey tea.
4) WiFi.
5) Lot of books and interesting stuff.
6) Great for visiting with children."
33496426,5.0,Quiet and sensory space
27782298,5.0,"nice, friendly Roasters cafe"
24950659,5.0,This little espresso bar is so cute and the staffs are so nice. They have well-balances coffee menu as well as a stunnong branding. I am also quite fond of the cakes. A little escape for a nice coffee break !
24950659,5.0,One of the best coffee in Seoul👍🏼
24950659,5.0,Little cute espresso bar in Gagnam
3864377,5.0,Warm atmosphere & kind service
9245689,,
10308154,5.0,Most delicious chocolate and cakes in Seoul
15035660,,
33411363,5.0,"Gyeonggi-do, South Korea"
10171543,,
10173857,,
9245826,,
12287670,4.0,"Taguig City, Philippines"
12287670,4.0,Lovely cafe with tasty pastry
4075822,5.0,Stopped here for coffee and small breakfast.  Hade the chocolate waffle which was good.  The coffee was good too.  Service was good.  Food was fast as well.  Will eat here again.  More reasonable than Starbucks.
4075822,5.0,"They are everywhere, always full with teenagers, yuppies, and everyone else. Serve good coffee and decent snacks. A great place to rest and recharge after a walking spree around Seoul."
25386692,2.0,Tall male part-time job is the worst
25386692,5.0,Excellent Bakery & Cafe.
8969283,,
