id,name,phone,address,postal_code,lat,lng,category,hours,description,image,link
27127922,Cafe Swarovski,+82 2-3445-0802,30 Eonju-ro 164-gil 3F,(우) 06062,37.52542,127.035965,커피 및 차 전문점,일 11:00~19:30 / 월 11:00~19:30 / 화 11:00~19:30 / 수 11:00~19:30 / 목 11:00~19:30 / 금 11:00~19:30 / 토 11:00~19:30,올해로 130주년을 맞이한 스와로브스키의 풍부한 유산과 고유한 기술(Savoir-fair)이 집약된 새로운 차원의 브랜드 몰입형 공간인 스와로브스키 도산 파크(Swarovski Dosan Park) 3층에 전세계 최초의 스와로브스키 카페가 오픈 되었습니다. 독일의 프리미엄 테이블웨어 로젠탈과 협업한 식기에 스와로브스키만을 위해 개발된 시그니처 커피와 디저트가 제공됩니다.,https://dynamic-media-cdn.tripadvisor.com/media/photo-o/2f/92/f3/a8/k-royal-dessert-tea-set.jpg?w=900&h=500&s=1,https://www.tripadvisor.co.kr/Restaurant_Review-g294197-d27127922-Reviews-Cafe_Swarovski-Seoul.html
27934627,코리코 카페,+82 2-338-8865,마포구 성미산로 165-7 대원미디어 연남점,(우) 03980,37.565006,126.92468,커피 및 차 전문점,일 11:00~20:00 / 월 11:00~20:00 / 화 11:00~20:00 / 수 11:00~20:00 / 목 11:00~20:00 / 금 11:00~20:00 / 토 11:00~20:00,,https://dynamic-media-cdn.tripadvisor.com/media/photo-o/2c/9d/56/7c/caption.jpg?w=900&h=-1&s=1,https://www.tripadvisor.co.kr/Restaurant_Review-g294197-d27934627-Reviews-Koriko_Cafe-Seoul.html
17202019,어니언 안국,+82 70-7543-2123,종로구 계동길 5,(우) 03059,37.5775,126.98665,커피 및 차 전문점,일 09:00~22:00 / 월 07:00~22:00 / 화 07:00~22:00 / 수 07:00~22:00 / 목 07:00~22:00 / 금 07:00~22:00 / 토 09:00~22:00,,https://dynamic-media-cdn.tripadvisor.com/media/photo-o/1a/15/1b/bd/caption.jpg?w=900&h=-1&s=1,https://www.tripadvisor.co.kr/Restaurant_Review-g294197-d17202019-Reviews-Onion_Anguk-Seoul.html
8874136,파리바게뜨 명동광장점,+82 2-3789-0044,중구 명동9길 23,(우) 04534,37.56111,126.98479,커피 및 차 전문점,,,https://dynamic-media-cdn.tripadvisor.com/media/photo-o/2a/51/6d/7a/caption.jpg?w=900&h=500&s=1,https://www.tripadvisor.co.kr/Restaurant_Review-g294197-d8874136-Reviews-Paris_Baguette_Myeongdong_Gwangjang-Seoul.html
27697272,Cafe Pokpo,,262-29 Yeonhui-ro Seodaemun-gu,(우) 03653,37.581264,126.93703,"23,399개의 음식점 중",일 10:00~21:00 / 월 10:00~21:00 / 화 10:00~21:00 / 수 10:00~21:00 / 목 10:00~21:00 / 금 10:00~21:00 / 토 10:00~21:00,,https://dynamic-media-cdn.tripadvisor.com/media/photo-o/2b/ee/1d/47/cafe-overlooking-the.jpg?w=900&h=500&s=1,https://www.tripadvisor.co.kr/Restaurant_Review-g294197-d27697272-Reviews-Cafe_Pokpo-Seoul.html
28654166,이도림,+82 2-2135-9714,자하문로 43 경복궁본점,,37.57996,126.97106,베이커리,일 08:00~21:00 / 월 08:00~21:00 / 화 08:00~21:00 / 수 08:00~21:00 / 목 08:00~21:00 / 금 08:00~21:00 / 토 08:00~21:00,Leedorim Cafe with a unique atmosphere near Gyeongbokgung station. Specialty coffee and Vegan bakery.,https://dynamic-media-cdn.tripadvisor.com/media/photo-o/31/1f/0a/ab/leedorim.jpg?w=900&h=500&s=1,https://www.tripadvisor.co.kr/Restaurant_Review-g294197-d28654166-Reviews-Leedorim-Seoul.html
7939918,설빙 명동1호점,+82 2-752-2232,중구 명동4길 22 남경빌딩 2층,(우) 04536,37.56278,126.985,디저트 명소,일 10:30~22:30 / 월 10:30~22:30 / 화 10:30~22:30 / 수 10:30~22:30 / 목 10:30~22:30 / 금 10:30~22:30 / 토 10:30~22:30,,https://dynamic-media-cdn.tripadvisor.com/media/photo-o/08/21/a6/9a/sulbing-myeongdong-1.jpg?w=900&h=500&s=1,https://www.tripadvisor.co.kr/Restaurant_Review-g294197-d7939918-Reviews-Sulbing_Myeongdong_1st-Seoul.html
7161373,빈스빈스커피 명동점,+82 2-3789-1980,중구 명동8나길 10 사보이호텔 2층,(우) 04536,37.5618,126.98423,커피 및 차 전문점,일 08:00~22:00 / 월 08:00~22:00 / 화 08:00~22:00 / 수 08:00~22:00 / 목 08:00~22:00 / 금 08:00~22:00 / 토 08:00~22:00,,https://dynamic-media-cdn.tripadvisor.com/media/photo-o/15/83/1f/9e/photo5jpg.jpg?w=900&h=500&s=1,https://www.tripadvisor.co.kr/Restaurant_Review-g294197-d7161373-Reviews-Beans_Beans_Coffee_Myeongdong_Branch-Seoul.html
23823165,알페도,+82 2-794-1134,용산구 이태원로 174 1st Floor,(우) 04391,37.534294,126.99346,디저트 명소,일 00:00~23:59 / 월 00:00~23:59 / 화 00:00~23:59 / 수 00:00~23:59 / 목 00:00~23:59 / 금 00:00~23:59 / 토 00:00~23:59,"As a traditional Turkish restaurant, our menu is meticulously crafted to showcase the rich and diverse culinary heritage of T?rkiye. Indulge in mouth-watering Turkish Doner Kebab, savor the succulent flavors of Turkish barbecue with Adana and Shish Kebabs, or transport your taste buds to the streets of Istanbul with delicious oven-baked dishes like Turkish Pide and Lahmacun. Whether you're looking for a quick bite on the go or a leisurely meal with family and friends, Alpedo Kebab in Itaewon is the perfect place. Visit us today to experience the finest Turkish hospitality and cuisine right here in Seoul!",https://dynamic-media-cdn.tripadvisor.com/media/photo-o/2f/7d/a2/f7/alpedo-kebab-is-a-traditional.jpg?w=700&h=400&s=1,https://www.tripadvisor.co.kr/Restaurant_Review-g294197-d23823165-Reviews-Alpedo_Kebab-Seoul.html
3329965,파리바게뜨 강남역점,+82 2-567-8203,강남구 테헤란로1길 28,(우) 06129,37.4995,127.02724,커피 및 차 전문점,,,https://dynamic-media-cdn.tripadvisor.com/media/photo-o/17/5b/37/a7/caption.jpg?w=700&h=400&s=1,https://www.tripadvisor.co.kr/Restaurant_Review-g294197-d3329965-Reviews-Paris_Baguette_Gangnam_Station-Seoul.html
2228905,차마시는뜰,+82 10-9680-0688,종로구 삼청로4길 6 2층,(우) 03052,37.581936,126.98181,커피 및 차 전문점,일 11:00~21:00 / 화 11:00~21:00 / 수 11:00~21:00 / 목 11:00~21:00 / 금 11:00~21:00 / 토 11:00~21:00,,https://dynamic-media-cdn.tripadvisor.com/media/photo-o/17/c2/d4/92/photo1jpg.jpg?w=900&h=500&s=1,https://www.tripadvisor.co.kr/Restaurant_Review-g294197-d2228905-Reviews-Cha_teul-Seoul.html
5893100,카페 코인 1호점,+82 2-753-1667,중구 명동2가 54-20 2~3F,(우) 55222,37.562874,126.9841,커피 및 차 전문점,,,https://dynamic-media-cdn.tripadvisor.com/media/photo-o/2e/50/95/5c/caption.jpg?w=900&h=500&s=1,https://www.tripadvisor.co.kr/Restaurant_Review-g294197-d5893100-Reviews-Cafe_Coin_1-Seoul.html
4508089,패션 5,+82 2-2071-9505,용산구 이태원로 272,(우) 04399,37.538765,127.00188,베이커리,,,https://dynamic-media-cdn.tripadvisor.com/media/photo-o/1b/6c/c1/16/5.jpg?w=900&h=-1&s=1,https://www.tripadvisor.co.kr/Restaurant_Review-g294197-d4508089-Reviews-Passion_5-Seoul.html
7376255,땡스 네이쳐 카페,+82 2-332-7470,마포구 홍익로 10 서교푸르지오상가 B121,(우) 04055,37.55339,126.92376,커피 및 차 전문점,일 12:00~20:00 / 월 11:00~20:00 / 화 11:00~20:00 / 수 11:00~20:00 / 목 11:00~20:00 / 금 11:00~20:00 / 토 11:00~20:00,,https://dynamic-media-cdn.tripadvisor.com/media/photo-o/1b/8f/28/63/inside-that-cafe.jpg?w=900&h=500&s=1,https://www.tripadvisor.co.kr/Restaurant_Review-g294197-d7376255-Reviews-Thanks_Nature_Cafe-Seoul.html
12868430,10G,+82 2-6137-7788,영등포구 국제금융로 10 로비층,(우) 07326,37.524937,126.925285,커피 및 차 전문점,일 06:30~22:00 / 월 06:30~22:00 / 화 06:30~22:00 / 수 06:30~22:00 / 목 06:30~22:00 / 금 06:30~22:00 / 토 06:30~22:00,"Conrad Seoul’s lobby is home to the casual caf? 10G, ideally located at the heart of Seoul’s Yeouido business district. Dine in or take out fresh specialty coffee, drinks, and desserts. Every morning the chef makes fresh sandwiches and healthy salads which are ideal for a light meal on the go.",https://dynamic-media-cdn.tripadvisor.com/media/photo-o/2e/3a/59/93/10g.jpg?w=900&h=-1&s=1,https://www.tripadvisor.co.kr/Restaurant_Review-g294197-d12868430-Reviews-10G-Seoul.html
27491337,Cheongsudang Caf?,,"31-9 Donhwamun-ro 11na-gil, Jongno-gu",,37.53962,127.009674,"23,399개의 음식점 중",일 10:30~20:30 / 월 10:30~20:30 / 화 10:30~20:30 / 수 10:30~20:30 / 목 10:30~20:30 / 금 10:30~20:30 / 토 10:30~20:30,,https://dynamic-media-cdn.tripadvisor.com/media/photo-o/2b/eb/0a/63/caption.jpg?w=900&h=500&s=1,https://www.tripadvisor.co.kr/Restaurant_Review-g294197-d27491337-Reviews-Cheongsudang_Cafe-Seoul.html
12871134,커피한약방,+82 70-4148-4242,중구 삼일대로12길 16-6,(우) 04542,37.566566,126.98862,커피 및 차 전문점,,Coffee Hanyakbang is one of the most famous cafe in Seoul. We are hidden in a very narrow alley. The signature menu here is the filter coffee which hand dripped. we emphasis on manual way for processing. We roast coffee on fire directly and brew coffee by hand drip. there is no Americano. We also have bakery & deserts which we bake everyday. Coffee hanyakbang is located in korean folk village.,https://dynamic-media-cdn.tripadvisor.com/media/photo-o/10/89/df/13/getlstd-property-photo.jpg?w=900&h=500&s=1,https://www.tripadvisor.co.kr/Restaurant_Review-g294197-d12871134-Reviews-Coffee_Hanyakbang-Seoul.html
8737552,우드앤브릭,+82 2-747-1134,종로구 북촌로5길 14 1층,(우) 03055,37.579445,126.9842,커피 및 차 전문점,,,https://dynamic-media-cdn.tripadvisor.com/media/photo-o/14/66/e8/55/wood-and-brick.jpg?w=900&h=500&s=1,https://www.tripadvisor.co.kr/Restaurant_Review-g294197-d8737552-Reviews-Wood_and_Brick-Seoul.html
9565171,더 라운지,+82 2-2276-3336,종로구 청계천로 279 JW 메리어트 동대문 스퀘어 서울 1층,(우) 03198,37.570293,127.00883,커피 및 차 전문점,일 10:00~21:00 / 월 10:00~21:00 / 화 10:00~21:00 / 수 10:00~21:00 / 목 10:00~21:00 / 금 10:00~21:00 / 토 10:00~21:00,"더 라운지는 1층 로비에 위치해 자연과 옛 고궁의 풍경을 함께 담아 낮에는 따스한 햇살과 도심 속의 한가로움을,밤에는 화려한 야경을 감상하실 수 있습니다. 비지니스 접대뿐만 아니라 바쁜 일상을 잠시 내려두고 소중한 분들과 음료 한 잔의 여유를 즐기기에 완벽한 장소입니다",https://dynamic-media-cdn.tripadvisor.com/media/photo-o/28/2c/fd/ff/the-lounge.jpg?w=900&h=-1&s=1,https://www.tripadvisor.co.kr/Restaurant_Review-g294197-d9565171-Reviews-The_Lounge-Seoul.html
27462903,브레디포스트 명동점,+82 507-1388-9430,중구 명동8가길 31 1-3층,,37.56185,126.986824,커피 및 차 전문점,일 09:00~21:00 / 월 09:00~21:00 / 화 09:00~21:00 / 수 09:00~21:00 / 목 09:00~21:00 / 금 09:00~21:00 / 토 09:00~21:00,,https://dynamic-media-cdn.tripadvisor.com/media/photo-o/2c/cf/86/d2/caption.jpg?w=900&h=500&s=1,https://www.tripadvisor.co.kr/Restaurant_Review-g294197-d27462903-Reviews-Breadypost_Myeongdong-Seoul.html
8144596,뜰안,+82 2-745-7420,수표로 28길 17-35,(우) 03133,37.57368,126.989426,커피 및 차 전문점,일 11:00~22:00 / 월 11:00~22:00 / 화 11:00~22:00 / 수 11:00~22:00 / 목 11:00~22:00 / 금 11:00~22:00 / 토 11:00~22:00,"익선동 한옥카페 뜰안(Tteuran, Inner Garden) ? 오래된 한옥 속 조용한 휴식 익선동의 작은 골목을 따라 걷다 보면, 번화한 분위기와는 달리 고요하게 자리한 한옥카페 **뜰안(Tteuran)**을 만날 수 있습니다. 익선동이 지금처럼 알려지기 훨씬 전인 2009년부터 한 자리를 지켜온 전통찻집으로, 한옥 특유의 따뜻한 분위기와 한국의 전통차 문화를 그대로 경험할 수 있는 공간입니다. 뜰안은 경복궁, 창덕궁, 창경궁, 인사동 사이에 위치해 있어 서울의 주요 궁궐 관광을 즐기는 여행자들에게 ‘잠시 쉬어가기 좋은 한옥 공간’으로 많은 사랑을 받고 있습니다. 카페 안으로 들어서면 작은 **안뜰(Inner Garden)**을 중심으로 조용한 한옥이 펼쳐지며, 여행 중 잠시 숨을 고르기 좋은 편안한 분위기를 선사합니다. 주요 메뉴로는 엄선한 재료로 직접 만드는 한방차들과 생강차·유자차·오미자차 100% 국내산 팥을 정성스럽게 끓여 만드는 단팥죽 이 많은 여행자들의 리뷰에서 특히 높은 평가를 받고 있습니다. 여행자들은 뜰안에 대해 “익선동에서 가장 조용한 곳”, “한국 전통차를 제대로 맛볼 수 있는 곳”, “궁궐 관광과 잘 어울리는 한옥 카페” 라고 이야기합니다. 서울의 역사 깊은 중심부에서 조용하고 따뜻한 한국의 전통을 느끼고 싶은 분들께 뜰안(Tteuran)은 더없이 좋은 선택입니다.",https://dynamic-media-cdn.tripadvisor.com/media/photo-o/31/d4/16/aa/caption.jpg?w=900&h=500&s=1,https://www.tripadvisor.co.kr/Restaurant_Review-g294197-d8144596-Reviews-Tteuran_Courtyard-Seoul.html
8489196,론드리프로젝트,+82 2-6405-8488,용산구 신흥로 78 Laundryproject,(우) 04336,37.535812,127.08878,바 및 펍,일 09:00~21:00 / 월 09:00~21:00 / 화 09:00~21:00 / 수 09:00~21:00 / 목 09:00~21:00 / 금 09:00~21:00 / 토 09:00~21:00,"Eat, Play, Laundry in Seoul While doing a laundry, You can enjoy your time with Seoul's best coffee and cakes. Fresh grapefruits_ade and Lemon_ade are also good tasty. Feel with Korean young artist's works, here!",https://dynamic-media-cdn.tripadvisor.com/media/photo-o/30/f6/07/db/we-just-moved-new-place.jpg?w=900&h=-1&s=1,https://www.tripadvisor.co.kr/Restaurant_Review-g294197-d8489196-Reviews-Laundry_Project-Seoul.html
9360216,오설록티하우스,+82 2-3486-6695,강남대로 373,,37.4962,127.02835,커피 및 차 전문점,,,https://dynamic-media-cdn.tripadvisor.com/media/photo-o/1b/77/18/4e/photo2jpg.jpg?w=900&h=500&s=1,https://www.tripadvisor.co.kr/Restaurant_Review-g294197-d9360216-Reviews-O_sulloc_Tea_House-Seoul.html
27514995,Bean Brothers Coffeehouse Seoul,+82 2-332-2005,"2 Tojeong-ro 9-gil, Mapo-gu 6th And 7th Floors",(우) 04075,37.545097,126.924484,커피 및 차 전문점,일 10:00~22:00 / 월 10:00~22:00 / 화 10:00~22:00 / 수 10:00~22:00 / 목 10:00~22:00 / 금 10:00~22:00 / 토 10:00~22:00,"Welcome to BEAN BROTHERS COFFEEHOUSE, where you can enjoy a rich variety of coffee experiences?from a single perfect cup to the fun of tasting multiple brews. Explore coffee in many ways and engage in fascinating conversations with the team. Experience Korea’s specialty coffee culture and step outside your daily routine with us. Enjoy light outdoor activities on the rooftop and complete your journey soaking in the unique vibes of Seoul.",https://dynamic-media-cdn.tripadvisor.com/media/photo-o/2e/e9/11/5d/6th-floor.jpg?w=900&h=500&s=1,https://www.tripadvisor.co.kr/Restaurant_Review-g294197-d27514995-Reviews-Bean_Brothers_Coffeehouse_Seoul-Seoul.html
7007845,설빙 인사점,+82 70-4227-2655,종로구 인사동 39번지,(우) 110-290,37.57213,126.98703,디저트 명소,일 10:00~22:00 / 월 10:00~23:00 / 화 10:00~23:00 / 수 10:00~23:00 / 목 10:00~23:00 / 금 10:00~23:00 / 토 10:00~23:00,디저트 까페 설빙입니다,https://dynamic-media-cdn.tripadvisor.com/media/photo-o/07/3f/3a/d5/third-floor.jpg?w=900&h=500&s=1,https://www.tripadvisor.co.kr/Restaurant_Review-g294197-d7007845-Reviews-Sulbing_Insadong-Seoul.html
6494540,밀탑,+82 2-547-6800,강남구 압구정로 165 현대백화점본점 5층,(우) 06001,37.52734,127.02739,디저트 명소,일 10:30~22:00 / 월 10:30~22:00 / 화 10:30~22:00 / 수 10:30~22:00 / 목 10:30~22:00 / 금 10:30~22:00 / 토 10:30~22:00,,https://dynamic-media-cdn.tripadvisor.com/media/photo-o/0b/3d/79/8c/meal-top.jpg?w=900&h=500&s=1,https://www.tripadvisor.co.kr/Restaurant_Review-g294197-d6494540-Reviews-Meal_top-Seoul.html
10769727,카페 드 파리 명동점,+82 2-755-9646,중구 명동10길 40 2-3층,(우) 04536,37.562157,126.98566,커피 및 차 전문점,일 11:00~00:00 / 월 11:00~00:00 / 화 11:00~00:00 / 수 11:00~00:00 / 목 11:00~00:00 / 금 11:00~00:00 / 토 11:00~00:00,,https://dynamic-media-cdn.tripadvisor.com/media/photo-o/15/2d/0e/31/caption.jpg?w=900&h=500&s=1,https://www.tripadvisor.co.kr/Restaurant_Review-g294197-d10769727-Reviews-Cafe_de_Paris_Myeongdong-Seoul.html
4083902,투썸플레이스 명동올리브영점,+82 2-775-1180,중구 명동길 53,(우) 04538,37.56416,126.98511,커피 및 차 전문점,,,https://dynamic-media-cdn.tripadvisor.com/media/photo-o/0a/53/d1/d0/twosome.jpg?w=600&h=300&s=1,https://www.tripadvisor.co.kr/Restaurant_Review-g294197-d4083902-Reviews-Twosome_Place_Myeongdong_Olive_Young-Seoul.html
7808179,스타벅스 파미에파크점,+82 2-758-8790,서초구 사평대로205 센트럴시티 파미에파크돔,(우) 06545,37.503105,127.00452,커피 및 차 전문점,,Starbucks Las Vegas Corp. is an American subsidiary chain of coffeehouses. Enjoy a cup of your favorite coffee paired with our delicious food. Order & pick up today! | ⓥ? -,https://dynamic-media-cdn.tripadvisor.com/media/photo-o/2e/5c/a2/91/caption.jpg?w=900&h=500&s=1,https://www.tripadvisor.co.kr/Restaurant_Review-g294197-d7808179-Reviews-Starbucks_Famille_Park-Seoul.html
28276348,스탠다드브레드,+82 70-8835-5508,성수이로18길 37 성동구,,37.541683,127.061134,커피 및 차 전문점,일 09:00~21:00 / 월 09:00~21:00 / 화 09:00~21:00 / 수 09:00~21:00 / 목 09:00~21:00 / 금 09:00~21:00 / 토 09:00~21:00,아직 스탠다드브레드에 대한 콘텐츠가 없습니다.,https://dynamic-media-cdn.tripadvisor.com/media/photo-o/2e/4f/67/8b/standard-bread-seongsu.jpg?w=900&h=500&s=1,https://www.tripadvisor.co.kr/Restaurant_Review-g294197-d28276348-Reviews-Standard_Bread-Seoul.html
10423781,대림창고,+82 2-498-7474,성동구 성수이로 78,(우) 04784,37.54176,127.056526,커피 및 차 전문점,,,https://dynamic-media-cdn.tripadvisor.com/media/photo-o/0d/c3/55/6b/caption.jpg?w=800&h=400&s=1,https://www.tripadvisor.co.kr/Restaurant_Review-g294197-d10423781-Reviews-Daerim_Changgo-Seoul.html
4050362,뚜레쥬르 종로점,+82 2-3210-4885,종로구 종로 62,(우) 03189,37.569897,126.984276,커피 및 차 전문점,일 07:00~22:30 / 월 07:00~22:30 / 화 07:00~22:30 / 수 07:00~22:30 / 목 07:00~22:30 / 금 07:00~22:30 / 토 07:00~22:30,,https://dynamic-media-cdn.tripadvisor.com/media/photo-o/14/86/9b/94/photo4jpg.jpg?w=900&h=500&s=1,https://www.tripadvisor.co.kr/Restaurant_Review-g294197-d4050362-Reviews-Tous_Les_Jours_Jongno-Seoul.html
12837607,레이어드,,종로구 북촌로2길 2-3,(우) 03059,37.577713,126.98591,커피 및 차 전문점,일 10:00~22:00 / 월 08:00~22:00 / 화 08:00~22:00 / 수 08:00~22:00 / 목 08:00~22:00 / 금 08:00~22:00 / 토 10:00~22:00,,https://dynamic-media-cdn.tripadvisor.com/media/photo-o/1b/18/25/75/caption.jpg?w=900&h=500&s=1,https://www.tripadvisor.co.kr/Restaurant_Review-g294197-d12837607-Reviews-Layered-Seoul.html
3602318,투썸플레이스 엔타워점,+82 2-3455-9230,용산구 남산공원길 105 YTN서울타워,(우) 04340,37.55095,126.989296,커피 및 차 전문점,일 10:00~23:00 / 월 10:00~23:00 / 화 10:00~23:00 / 수 10:00~23:00 / 목 10:00~23:00 / 금 10:00~23:00 / 토 10:00~00:00,,https://dynamic-media-cdn.tripadvisor.com/media/photo-o/08/21/aa/3e/a-twosome-place-n-seoul.jpg?w=900&h=500&s=1,https://www.tripadvisor.co.kr/Restaurant_Review-g294197-d3602318-Reviews-A_Twosome_Place_N_Tower-Seoul.html
11491966,프릳츠커피컴퍼니,+82 2-3275-2045,마포구 새창로2길 17,(우) 04168,37.541126,126.94911,커피 및 차 전문점,,,https://dynamic-media-cdn.tripadvisor.com/media/photo-o/0f/fb/6b/64/caption.jpg?w=900&h=500&s=1,https://www.tripadvisor.co.kr/Restaurant_Review-g294197-d11491966-Reviews-Fritz_Coffee_Company-Seoul.html
8677918,써니네 애견 카페,+82 2-334-3712,마포구 양화로18안길 16 3F,(우) 04051,37.556656,126.92546,커피 및 차 전문점,,,https://dynamic-media-cdn.tripadvisor.com/media/photo-o/32/e0/0f/4e/caption.jpg?w=200&h=200&s=1,https://www.tripadvisor.co.kr/Restaurant_Review-g294197-d8677918-Reviews-Sunny_s_Dog_Cafe-Seoul.html
11997026,파리크라상 서울역점,+82 2-312-7740,용산구 한강대로 405 서울역,(우) 04320,37.553806,126.9702,커피 및 차 전문점,,,https://dynamic-media-cdn.tripadvisor.com/media/photo-o/12/6f/5c/af/photo1jpg.jpg?w=900&h=500&s=1,https://www.tripadvisor.co.kr/Restaurant_Review-g294197-d11997026-Reviews-Paris_Croissant_Seoul_Station-Seoul.html
1160302,크리스피 크림 도넛 소공점,+82 2-772-3636,중구 을지로 30 롯데백화점 지하,(우) 04533,37.564255,126.98169,베이커리,,,https://dynamic-media-cdn.tripadvisor.com/media/photo-o/13/bc/04/51/the-store.jpg?w=900&h=500&s=1,https://www.tripadvisor.co.kr/Restaurant_Review-g294197-d1160302-Reviews-Krispy_Kreme_Doughnuts_Sogong-Seoul.html
9298294,덕수궁 리에제와플,+82 2-318-5202,중구 덕수궁길 5,(우) 04515,37.564903,126.976585,커피 및 차 전문점,일 09:00~21:00 / 월 08:00~21:00 / 화 08:00~21:00 / 수 08:00~21:00 / 목 08:00~21:00 / 금 08:00~21:30 / 토 09:00~21:30,"생활의 달인_서울 디저트 3대 맛집! -맛있습니다- 맛보신 분이라면 누구나 인정하는 와플 대표 맛집으로 자리 잡았습니다. 서울 와플 맛집 1위로 알려져 3,000일 동안 3,000,000명이 다녀가신 광화문맛집 입니다 와플 맛집 최다 블로그 후기, 실제 구매 고객의 영수증 리뷰 등 고객님의 자발적인 극찬 후기로 그 맛을 인정받았습니다. 와플뿐 아니라 토핑 하나하나, 커피와 음료까지 고가의 최상급 원료를 사용해 주문 즉시 만들어 고급스러운 맛과 풍미를 자랑합니다. 최상급의 고메 등급 바닐라 빈을 사용해 더욱 깊은 풍미와 맛을 즐기실 수 있습니다.",https://dynamic-media-cdn.tripadvisor.com/media/photo-o/27/ba/31/d1/not-only-waffles-but.jpg?w=900&h=500&s=1,https://www.tripadvisor.co.kr/Restaurant_Review-g294197-d9298294-Reviews-Liege_Waffle-Seoul.html
18415520,943 킹스크로스,+82 2-3144-2112,마포구 양화로16길 24,(우) 04039,37.55318,126.92077,커피 및 차 전문점,일 10:00~21:30 / 월 11:30~21:30 / 화 11:30~21:30 / 수 11:30~21:30 / 목 11:30~21:30 / 금 10:00~21:30 / 토 10:00~21:30,"943 킹스크로스는 마법 테마의 복합문화체험공간입니다. 단순한 카페를 넘어 마법사의 미션을 통해 특별한 경험을 선사합니다. 마법이 깃든 음료 한 잔과 마법사 패키지가 제공되어, 당신만의 마법사 여정을 시작할 수 있습니다.",https://dynamic-media-cdn.tripadvisor.com/media/photo-o/32/b4/5a/35/there-are-also-magical.jpg?w=900&h=500&s=1,https://www.tripadvisor.co.kr/Restaurant_Review-g294197-d18415520-Reviews-943_King_s_Cross-Seoul.html
11960076,디올카페,+82 2-513-0390,강남구 압구정로 464,(우) 06015,37.52489,127.04684,커피 및 차 전문점,일 11:00~19:00 / 월 11:00~20:00 / 화 11:00~20:00 / 수 11:00~20:00 / 목 11:00~20:00 / 금 11:00~20:00 / 토 11:00~20:00,Your Dior Cafe at Seoul,https://dynamic-media-cdn.tripadvisor.com/media/photo-o/1c/f7/5c/d5/a-sitting-area-while.jpg?w=900&h=500&s=1,https://www.tripadvisor.co.kr/Restaurant_Review-g294197-d11960076-Reviews-DIOR_Cafe-Seoul.html
9287210,설빙 명동2호점,+82 2-774-7994,중구 명동10길 20,(우) 04536,37.56283,126.985405,디저트 명소,,,https://dynamic-media-cdn.tripadvisor.com/media/photo-o/17/ce/17/6b/photo0jpg.jpg?w=900&h=500&s=1,https://www.tripadvisor.co.kr/Restaurant_Review-g294197-d9287210-Reviews-Sulbing_Myeongdong_2nd-Seoul.html
9565159,서울 베이킹 컴퍼니,+82 2-2276-3340,종로구 청계천로 279 JW 메리어트 동대문 스퀘어 서울 LL 층,(우) 03198,37.57031,127.00893,커피 및 차 전문점,일 08:00~18:00 / 월 08:00~19:00 / 화 08:00~19:00 / 수 08:00~19:00 / 목 08:00~19:00 / 금 08:00~19:00 / 토 08:00~19:00,서울 베이킹 컴퍼니는 JW 메리어트 동대문 스퀘어 서울의 베이커리로써 고객님께 달콤하고 고소한 행복을 선물합니다. 매일 갓 구운 신선한 빵과 알맞게 볶아진 원두로 뽑아낸 그윽한 향의 커피 외에도 특별한 날을 위한 케이크에서부터 초콜릿은 물론 신선한 샌드위치와 샐러드가 매일 새롭게 준비됩니다.,https://dynamic-media-cdn.tripadvisor.com/media/photo-o/09/e5/20/79/caption.jpg?w=900&h=500&s=1,https://www.tripadvisor.co.kr/Restaurant_Review-g294197-d9565159-Reviews-Seoul_Baking_Company-Seoul.html
3369503,더 베이커스 테이블,+82 70-7717-3501,용산구 녹사평대로 244-1,(우) 04343,37.53954,126.98732,베이커리,일 08:00~20:00 / 월 08:00~21:00 / 화 08:00~21:00 / 수 08:00~21:00 / 목 08:00~21:00 / 금 08:00~21:00 / 토 08:00~21:00,"European style brunch/breakfast,german food and breads.Selection of wine and german draft beer,Great coffee.",https://dynamic-media-cdn.tripadvisor.com/media/photo-o/0e/b1/5d/27/photo2jpg.jpg?w=700&h=400&s=1,https://www.tripadvisor.co.kr/Restaurant_Review-g294197-d3369503-Reviews-The_Baker_s_Table-Seoul.html
9143806,커피리브레 명동성당점,+82 2-774-0615,중구 명동길 74 명동성당 1898광장 1층,(우) 04537,37.564068,126.98712,커피 및 차 전문점,일 09:00~18:00 / 월 10:00~19:00 / 화 10:00~19:00 / 수 10:00~19:00 / 목 10:00~19:00 / 금 10:00~19:00 / 토 09:00~18:00,,https://dynamic-media-cdn.tripadvisor.com/media/photo-o/2c/23/ae/f0/in-myung-dong-cathedral.jpg?w=900&h=500&s=1,https://www.tripadvisor.co.kr/Restaurant_Review-g294197-d9143806-Reviews-CoffeeLibre_Myeongdong-Seoul.html
26242780,런던 베이글 뮤지엄 안국점,,종로구 북촌로4길 20,,37.579247,126.98637,베이커리,일 08:00~18:00 / 월 08:00~18:00 / 화 08:00~18:00 / 수 08:00~18:00 / 목 08:00~18:00 / 금 08:00~18:00 / 토 08:00~18:00,,https://dynamic-media-cdn.tripadvisor.com/media/photo-o/29/87/f1/84/caption.jpg?w=900&h=500&s=1,https://www.tripadvisor.co.kr/Restaurant_Review-g294197-d26242780-Reviews-London_Bagel_Museum-Seoul.html
7834887,앤트러사이트 커피 로스터,+82 2-322-0009,마포구 토정로5길 10,(우) 04073,37.545834,126.918495,커피 및 차 전문점,,,https://dynamic-media-cdn.tripadvisor.com/media/photo-o/1a/89/a3/57/mmexport1578199308497.jpg?w=900&h=500&s=1,https://www.tripadvisor.co.kr/Restaurant_Review-g294197-d7834887-Reviews-Anthracite_Coffee_Roasters-Seoul.html
3264721,던킨 도너츠 공항철도 서울역점,+82 2-312-3202,용산구 동자동 서울역사 내 도심공항 터미널 2층,,37.555046,126.97187,커피 및 차 전문점,,,https://dynamic-media-cdn.tripadvisor.com/media/photo-o/06/d4/54/99/interior.jpg?w=900&h=500&s=1,https://www.tripadvisor.co.kr/Restaurant_Review-g294197-d3264721-Reviews-Dunkin_Donuts_Seoul_Railway_Station-Seoul.html
9287155,설빙 - 홍대입구역점,+82 2-323-3287,마포구 홍익로6길 15 2층,(우) 04050,37.55528,126.92286,디저트 명소,,,https://dynamic-media-cdn.tripadvisor.com/media/photo-o/0f/71/57/09/sulbing.jpg?w=900&h=-1&s=1,https://www.tripadvisor.co.kr/Restaurant_Review-g294197-d9287155-Reviews-Sulbing_Hongdae_Ipguyeok-Seoul.html
4100729,마우스 래빗 커피,+82 2-461-4015,광진구 화양동 5-14,,37.542095,127.07089,커피 및 차 전문점,일 10:00~00:00 / 월 10:00~00:00 / 화 10:00~00:00 / 수 10:00~00:00 / 목 10:00~00:00 / 금 10:00~00:00 / 토 10:00~00:00,,https://dynamic-media-cdn.tripadvisor.com/media/photo-o/09/dc/3a/26/photo7jpg.jpg?w=700&h=400&s=1,https://www.tripadvisor.co.kr/Restaurant_Review-g294197-d4100729-Reviews-Mouse_Rabbit_Coffee-Seoul.html
9209436,테라로사 광화문점,+82 33-648-2760,종로구 종로1길 50,(우) 03142,37.51031,127.06084,커피 및 차 전문점,일 08:00~22:00 / 월 07:30~22:00 / 화 07:30~22:00 / 수 07:30~22:00 / 목 07:30~22:00 / 금 07:30~22:00 / 토 08:00~22:00,,https://dynamic-media-cdn.tripadvisor.com/media/photo-o/0f/fc/4a/e4/caption.jpg?w=900&h=500&s=1,https://www.tripadvisor.co.kr/Restaurant_Review-g294197-d9209436-Reviews-Terarosa_Gwanghwamun-Seoul.html
2434879,폴 바셋 신세계백화점 강남점,+82 2-3479-1991,서초구 반포동 19-3 신세계백화점 강남점 지하1층,,37.50454,127.00454,커피 및 차 전문점,일 14:00~22:00 / 월 11:00~23:00 / 화 11:00~23:00 / 수 11:00~23:00 / 목 11:00~23:00 / 금 11:00~23:00 / 토 11:00~23:00,,https://dynamic-media-cdn.tripadvisor.com/media/photo-o/09/1a/59/46/paul-bassett-shinsegae.jpg?w=900&h=500&s=1,https://www.tripadvisor.co.kr/Restaurant_Review-g294197-d2434879-Reviews-Paul_Bassett_Shinsegae_Gangnam_Store-Seoul.html
12231865,앤트러사이트 한남점,+82 2-797-7009,용산구 이태원로 240 1-3층,(우) 04400,37.536118,127.00011,커피 및 차 전문점,,,https://dynamic-media-cdn.tripadvisor.com/media/photo-o/12/f3/fc/3d/photo3jpg.jpg?w=900&h=500&s=1,https://www.tripadvisor.co.kr/Restaurant_Review-g294197-d12231865-Reviews-Anthracite_Hannam-Seoul.html
20086037,1인1잔,+82 2-355-1111,은평구 연서로 534,(우) 03308,37.64093,126.937874,커피 및 차 전문점,일 10:30~21:30 / 화 10:30~21:30 / 수 10:30~21:30 / 목 10:30~21:30 / 금 10:30~21:30 / 토 10:30~21:30,,https://dynamic-media-cdn.tripadvisor.com/media/photo-o/2e/0e/2f/1e/caption.jpg?w=900&h=500&s=1,https://www.tripadvisor.co.kr/Restaurant_Review-g294197-d20086037-Reviews-1in-Seoul.html
15357634,Gyeol By Bean Brothers,+82 2-6370-5840,"26, Ujeongguk-ro, Jongno-gu",(우) 03161,37.572163,126.98361,"23,399개의 음식점 중",일 10:00~21:00 / 월 07:30~20:30 / 화 07:30~20:30 / 수 07:30~20:30 / 목 07:30~20:30 / 금 07:30~20:30 / 토 10:00~21:00,"한국적인 멋을 현대적으로 해석한 공간입니다. 도심 속에서 커피 한 잔으로 휴식을 선물합니다. 하루 일과를 시작하기 전, 소중한 점심 시간에 들러 여유를 즐겨보세요. 매월 새로운 커피를 준비하고 기다리고 있을게요. *결은 빈브라더스가 운영합니다.",https://dynamic-media-cdn.tripadvisor.com/media/photo-o/2b/ba/f5/3d/by.jpg?w=900&h=500&s=1,https://www.tripadvisor.co.kr/Restaurant_Review-g294197-d15357634-Reviews-Gyeol_By_Bean_Brothers-Seoul.html
9245756,스타벅스 코엑스몰점,+82 2-758-8733,강남구 봉은사로 524 코엑스몰 B1 O103,(우) 06164,37.513638,127.05957,커피 및 차 전문점,,,https://dynamic-media-cdn.tripadvisor.com/media/photo-o/2b/27/1e/d4/caption.jpg?w=900&h=500&s=1,https://www.tripadvisor.co.kr/Restaurant_Review-g294197-d9245756-Reviews-Starbucks_COEX_Mall-Seoul.html
25173677,Nudake Haus Dosan,,"50 Apgujeong-ro 46-gil, Gangnam-gu, Seoul, South K",,37.51502,127.01647,커피 및 차 전문점,,,https://dynamic-media-cdn.tripadvisor.com/media/photo-o/2f/86/ed/c1/caption.jpg?w=900&h=500&s=1,https://www.tripadvisor.co.kr/Restaurant_Review-g294197-d25173677-Reviews-Nudake_Haus_Dosan-Seoul.html
9598544,아날로그가든,+82 10-9213-8560,마포구 동교로 145,(우) 04001,37.55543,126.91802,커피 및 차 전문점,일 11:00~20:00 / 월 11:00~20:00 / 수 11:00~20:00 / 목 11:00~20:00 / 금 11:00~20:00 / 토 11:00~20:00,Hey Guys. We are the cafe' ANALOG GARDEN from Seoul. We are serving for awesome brunch and drink. Our cafe' is motived by European cafe from Dublin. If you come to here i will perfectly meet our cozy cafe and food. Drink also. You can come any time with out Tuesday day off. See you here and Enjoy Analog time.,https://dynamic-media-cdn.tripadvisor.com/media/photo-o/09/ed/b8/e2/caption.jpg?w=900&h=500&s=1,https://www.tripadvisor.co.kr/Restaurant_Review-g294197-d9598544-Reviews-CAFE_ANALOG_GARDEN-Seoul.html
27951295,페어베리바나나,,마포구 어울마당로 136 1층 102호,,37.566,126.9784,디저트 명소,일 13:00~23:00 / 월 13:00~23:00 / 화 13:00~23:00 / 수 13:00~23:00 / 목 13:00~23:00 / 금 13:00~23:00 / 토 13:00~23:00,,https://dynamic-media-cdn.tripadvisor.com/media/photo-o/2c/b4/de/82/caption.jpg?w=900&h=500&s=1,https://www.tripadvisor.co.kr/Restaurant_Review-g294197-d27951295-Reviews-Pear_Berry_Banana-Seoul.html
13509991,더스팟패뷸러스 명동,+82 2-779-1981,"중구 명동2길 22 1, 2 층",(우) 04535,37.562325,126.98258,커피 및 차 전문점,일 08:00~23:00 / 월 08:00~23:00 / 화 08:00~23:00 / 수 08:00~23:00 / 목 08:00~23:00 / 금 08:00~23:00 / 토 08:00~23:30,"The Spot Fabulous'is famous in Coffee and Desserts.The building established in early 1950s. Total 2 stories building has its beautiful looking traditions and recently renewaled modern looks combined. It has a stunning views from the second floor ,and warm and modern-style interior through out the building. 2nd Floorserves high quality coffee and drinks 1st floor serves Macaroon and Desserts.",https://dynamic-media-cdn.tripadvisor.com/media/photo-o/17/97/95/2d/2f-tables.jpg?w=900&h=500&s=1,https://www.tripadvisor.co.kr/Restaurant_Review-g294197-d13509991-Reviews-The_Spot_Fabulous-Seoul.html
6702862,빈브라더스 - 합정,+82 2-6012-2001,마포구 토정로 35-1,(우) 04083,37.545666,126.91503,커피 및 차 전문점,일 10:00~22:00 / 월 10:00~22:00 / 화 10:00~22:00 / 수 10:00~22:00 / 목 10:00~22:00 / 금 10:00~22:00 / 토 10:00~22:00,,https://dynamic-media-cdn.tripadvisor.com/media/photo-o/31/43/4c/31/bean-brothers-hapjeong.jpg?w=900&h=500&s=1,https://www.tripadvisor.co.kr/Restaurant_Review-g294197-d6702862-Reviews-Bean_Brothers_Hapjeong-Seoul.html
34023394,Fresh Bread Factory,,"55-12 Myeong-dong 2-ga, jung-gu",,37.566,126.9784,베이커리,일 10:00~23:00 / 월 10:00~23:00 / 화 10:00~23:00 / 수 10:00~23:00 / 목 10:00~23:00 / 금 10:00~23:00 / 토 10:00~23:00,아직 Fresh Bread Factory에 대한 콘텐츠가 없습니다.,https://dynamic-media-cdn.tripadvisor.com/media/photo-o/32/e8/1f/61/caption.jpg?w=900&h=500&s=1,https://www.tripadvisor.co.kr/Restaurant_Review-g294197-d34023394-Reviews-Fresh_Bread_Factory-Seoul.html
12339054,카페 드 원 피스,+82 2-322-2176,마포구 와우산로 101,(우) 04054,37.553234,126.92485,커피 및 차 전문점,월 11:00~22:00 / 화 11:00~22:00 / 수 11:00~22:00 / 목 11:00~22:00 / 금 11:00~22:00 / 토 11:00~22:00,,https://dynamic-media-cdn.tripadvisor.com/media/photo-o/0f/ab/07/fe/photo2jpg.jpg?w=900&h=500&s=1,https://www.tripadvisor.co.kr/Restaurant_Review-g294197-d12339054-Reviews-Cafe_de_ONE_PIECE-Seoul.html
12338956,러빈허 플라워카페,+82 2-322-0122,서울 마포구 신촌로6길 22 1층,(우) 04056,37.556366,126.92982,커피 및 차 전문점,일 10:30~23:00 / 월 10:30~23:00 / 화 10:30~23:00 / 수 10:30~23:00 / 목 10:30~23:00 / 금 10:30~23:00 / 토 10:30~23:00,러빈허는 우아한 영국식 플라워어렌지먼트와 네추럴한 프렌치스타일을 접목한 유러피안 플라워카페입니다. 비치된 화관과 부케로 사진도 찍고 음료와 함께 서빙되는 꽃으로 더욱 분위기 있게 해줍니다. 눈과 입이 즐거운 카페에서 인생사진과 행복을 담아가세요!,https://dynamic-media-cdn.tripadvisor.com/media/photo-o/0f/7e/21/4e/lovinher-flowercafe-photo.jpg?w=900&h=500&s=1,https://www.tripadvisor.co.kr/Restaurant_Review-g294197-d12338956-Reviews-Lovinher_Flowercafe-Seoul.html
28668092,Soha Salt Pond Ikseon-dong,+82 50-71353-8215,21-5 Supyo-ro 28-gil,,37.573074,126.98969,커피 및 차 전문점,일 09:00~21:00 / 월 09:00~21:00 / 화 09:00~21:00 / 수 09:00~21:00 / 목 09:00~21:00 / 금 09:00~21:00 / 토 09:00~21:00,,https://dynamic-media-cdn.tripadvisor.com/media/photo-o/2e/4a/5f/bd/caption.jpg?w=900&h=500&s=1,https://www.tripadvisor.co.kr/Restaurant_Review-g294197-d28668092-Reviews-Soha_Salt_Pond_Ikseon_dong-Seoul.html
5021752,포엠,+82 2-776-5003,중구 명동2가 54-7,,37.56313,126.98366,디저트 명소,,,https://dynamic-media-cdn.tripadvisor.com/media/photo-o/2c/10/1a/30/caption.jpg?w=900&h=500&s=1,https://www.tripadvisor.co.kr/Restaurant_Review-g294197-d5021752-Reviews-Poem-Seoul.html
17689349,까페 연남동 223-14,+82 10-5870-8633,마포구 성미산로 161-10,(우) 03980,37.565277,126.9238,커피 및 차 전문점,,,https://dynamic-media-cdn.tripadvisor.com/media/photo-o/29/cb/cc/85/caption.jpg?w=900&h=500&s=1,https://www.tripadvisor.co.kr/Restaurant_Review-g294197-d17689349-Reviews-Cafe_Yeonnamdong_223_14-Seoul.html
18178438,투사이즈 코리아,+82 70-7543-3581,마포구 어울마당로 94-7 1층,(우) 04040,37.55327,126.922295,커피 및 차 전문점,일 11:00~22:00 / 월 11:00~22:00 / 화 11:00~22:00 / 수 11:00~22:00 / 목 11:00~22:00 / 금 11:00~22:00 / 토 11:00~22:00,안녕하세요. 투사이즈입니다. 이탈리아 로마 최고의 디저트 가게로평가받는 투사이즈(Two Sizes)가 서울 홍대에 첫 해외 프랜차이즈 매장을 공식 오픈했습니다. 저희 홍대 매장에 오셔서 진짜 이탈리아 마스카포네 치즈를 사용하는 정통 이탈리아 티라미수를 드셔보실 수 있도록 초대드리고자 합니다. 매장주소는 서울 마포구 어울마당로 94-7번지로 홍익역 9번 출구 근처입니다.,https://dynamic-media-cdn.tripadvisor.com/media/photo-o/1b/96/57/96/two-sizes-menu.jpg?w=900&h=500&s=1,https://www.tripadvisor.co.kr/Restaurant_Review-g294197-d18178438-Reviews-Two_Sizes_Tiramisu_in_Korea-Seoul.html
4076098,오설록티하우스 대학로점,+82 2-741-5461,종로구 대학로10길 20,(우) 03086,37.581573,127.003235,커피 및 차 전문점,,,https://dynamic-media-cdn.tripadvisor.com/media/photo-o/07/bd/7c/f1/osulloc-tea-house-daehangno.jpg?w=900&h=500&s=1,https://www.tripadvisor.co.kr/Restaurant_Review-g294197-d4076098-Reviews-Osulloc_Tea_House_Daehangno-Seoul.html
7353307,더 페이머스 램,+82 2-334-2352,마포구 월드컵북로4길 29,(우) 121-819,37.556515,126.92,커피 및 차 전문점,,,https://dynamic-media-cdn.tripadvisor.com/media/photo-o/17/70/64/11/the-famous-lamb.jpg?w=900&h=500&s=1,https://www.tripadvisor.co.kr/Restaurant_Review-g294197-d7353307-Reviews-The_Famous_Lamb-Seoul.html
30551200,Artist Bakery,,167 Anguk-dong Jongno District,,37.576286,126.984276,커피 및 차 전문점,일 08:00~20:00 / 월 08:00~20:00 / 화 08:00~20:00 / 수 08:00~20:00 / 목 08:00~20:00 / 금 08:00~20:00 / 토 08:00~20:00,,https://dynamic-media-cdn.tripadvisor.com/media/photo-o/2e/7d/c1/01/artist-bakery.jpg?w=900&h=500&s=1,https://www.tripadvisor.co.kr/Restaurant_Review-g294197-d30551200-Reviews-Artist_Bakery-Seoul.html
9245314,스타벅스 인사점,+82 2-758-8022,종로구 인사동길 14,(우) 03163,37.572147,126.98689,커피 및 차 전문점,,,https://dynamic-media-cdn.tripadvisor.com/media/photo-o/0c/13/04/3d/photo1jpg.jpg?w=900&h=500&s=1,https://www.tripadvisor.co.kr/Restaurant_Review-g294197-d9245314-Reviews-Starbucks_Insa-Seoul.html
13457676,이디야커피랩,-6933,강남구 논현로 636 이디야빌딩,(우) 06107,37.51044,127.032715,커피 및 차 전문점,,,https://dynamic-media-cdn.tripadvisor.com/media/photo-o/12/4c/9a/a7/photo3jpg.jpg?w=900&h=500&s=1,https://www.tripadvisor.co.kr/Restaurant_Review-g294197-d13457676-Reviews-Ediya_Coffee_Lab-Seoul.html
10174384,카페 뎀셀브즈,+82 2-2266-5947,종로구 삼일대로 388 Jongro-Ku,,37.569065,126.987625,커피 및 차 전문점,일 10:00~23:00 / 월 10:00~23:00 / 화 10:00~23:00 / 수 10:00~23:00 / 목 10:00~23:00 / 금 10:00~23:00 / 토 10:00~23:00,,https://dynamic-media-cdn.tripadvisor.com/media/photo-o/0b/bd/7f/34/img-6580-largejpg.jpg?w=900&h=500&s=1,https://www.tripadvisor.co.kr/Restaurant_Review-g294197-d10174384-Reviews-Caffe_Themselves-Seoul.html
3934085,카페베네 명동점,,중구 충무로 2가 65-11,,37.560947,126.98566,커피 및 차 전문점,,,https://dynamic-media-cdn.tripadvisor.com/media/photo-o/17/5e/73/6e/photo0jpg.jpg?w=900&h=500&s=1,https://www.tripadvisor.co.kr/Restaurant_Review-g294197-d3934085-Reviews-Caffe_Bene_Myeongdong_Store-Seoul.html
9245242,스타벅스 소공동점,+82 2-758-8140,중구 소공로 106 서울 웨스틴조선호텔,(우) 04533,37.56444,126.97913,커피 및 차 전문점,,,https://dynamic-media-cdn.tripadvisor.com/media/photo-o/09/3e/71/bb/starbucks-sogong.jpg?w=700&h=400&s=1,https://www.tripadvisor.co.kr/Restaurant_Review-g294197-d9245242-Reviews-Starbucks_Sogongdong-Seoul.html
15097284,씨스루,+82 70-7796-8991,용산구 녹사평대로40나길 37,(우) 04345,37.5361,126.98872,커피 및 차 전문점,,,https://dynamic-media-cdn.tripadvisor.com/media/photo-o/14/a5/c1/f3/cthrough.jpg?w=900&h=500&s=1,https://www.tripadvisor.co.kr/Restaurant_Review-g294197-d15097284-Reviews-C_Through-Seoul.html
15674386,테라로사 - 포스코센터점,,강남구 테헤란로 440 1층,(우) 06194,37.506313,127.056076,커피 및 차 전문점,,,https://dynamic-media-cdn.tripadvisor.com/media/photo-o/19/2c/c2/73/photo4jpg.jpg?w=900&h=500&s=1,https://www.tripadvisor.co.kr/Restaurant_Review-g294197-d15674386-Reviews-Terarosa_POSCO_Center-Seoul.html
3824080,커피빈 인사점,+82 2-6262-8100,"종로구 낙원동 272 프레이저스위츠1층 1F, Fraser Suite",,37.57307,126.98748,커피 및 차 전문점,,,https://dynamic-media-cdn.tripadvisor.com/media/photo-o/23/27/b5/75/caption.jpg?w=800&h=500&s=1,https://www.tripadvisor.co.kr/Restaurant_Review-g294197-d3824080-Reviews-The_Coffee_Bean_Tea_Leaf_Insadong_Store-Seoul.html
8885282,북촌빙수,+82 2-720-8233,종로구 삼청로 71-5,(우) 03054,37.58202,126.98129,디저트 명소,,,https://dynamic-media-cdn.tripadvisor.com/media/photo-o/16/81/fe/d4/dsc-1353-largejpg.jpg?w=900&h=500&s=1,https://www.tripadvisor.co.kr/Restaurant_Review-g294197-d8885282-Reviews-Bukchon_Bingsu-Seoul.html
9236024,소나,+82 2-738-0592,강남대로162길 40,,37.520916,127.02168,디저트 명소,,,https://dynamic-media-cdn.tripadvisor.com/media/photo-o/0f/14/f9/d9/20170425-170901-hdr-largejpg.jpg?w=900&h=-1&s=1,https://www.tripadvisor.co.kr/Restaurant_Review-g294197-d9236024-Reviews-Sona-Seoul.html
4050351,탐앤탐스커피 압구정역점,+82 2-511-1662,강남구 신사동 581-1,,37.52593,127.0279,커피 및 차 전문점,,,https://dynamic-media-cdn.tripadvisor.com/media/photo-o/12/0a/c8/c3/photo0jpg.jpg?w=900&h=500&s=1,https://www.tripadvisor.co.kr/Restaurant_Review-g294197-d4050351-Reviews-Tom_N_Toms_Coffee_Apgujeong_Station-Seoul.html
33991623,제이크 이태원,+82 10-2012-4156,이태원로 164-1,,37.53404,126.99232,"23,399개의 음식점 중",일 11:00~01:00 / 월 17:00~01:00 / 목 17:00~01:00 / 금 17:00~02:00 / 토 11:00~02:00,* Brunch Cafe & Dining Wine Bar * We serve brunch during the day and offer dishes that pair well with wine in the evening.,https://dynamic-media-cdn.tripadvisor.com/media/photo-o/31/d1/3b/0e/cut.jpg?w=900&h=500&s=1,https://www.tripadvisor.co.kr/Restaurant_Review-g294197-d33991623-Reviews-Jake_Itaewon-Seoul.html
32797452,파이인더샵,+82 70-8837-0171,성미산로 27길 26,(우) 03979,37.550262,126.997086,디저트 명소,일 11:30~21:00 / 월 11:30~21:00 / 화 11:30~21:00 / 수 11:30~21:00 / 목 11:30~21:00 / 금 11:30~21:00 / 토 11:30~21:00,"""The handmade pie is a thing now in Yeonnam-dong! Introduce a special space in a quiet residential area in Yeonnam-dong. As a really new space, you will find it when you need physical and mental calm in the busy life of modern people. A majestic entrance with a collage design using PIE IN THE SHOP's unique colors, a planter space where you can feel the fresh air in nature with all five senses, and also a DJ zone where you can enjoy a hip mix set exclusive to PIE IN THE SHOP. Various point zones that can only be found in PIE IN THE SHOP; start your day with a handcrafted butter bar pie baked by expert bakers.""",https://dynamic-media-cdn.tripadvisor.com/media/photo-o/2e/c7/9c/ed/caption.jpg?w=900&h=500&s=1,https://www.tripadvisor.co.kr/Restaurant_Review-g294197-d32797452-Reviews-Pie_In_The_Shop-Seoul.html
3864340,스타벅스 광화문점,+82 2-758-8036,종로구 세종대로 167 현대빌딩,(우) 03183,37.57129,126.97647,커피 및 차 전문점,,,https://dynamic-media-cdn.tripadvisor.com/media/photo-o/0f/0a/59/50/photo3jpg.jpg?w=900&h=500&s=1,https://www.tripadvisor.co.kr/Restaurant_Review-g294197-d3864340-Reviews-Starbucks_Gwanghwamun-Seoul.html
26779285,Coconut Box Bakery Cafe & Gallery,+82 2-3144-6300,마포구 홍익로3길 20,,37.55352,126.92168,베이커리,일 09:00~21:00 / 월 09:00~20:00 / 화 09:00~20:00 / 수 09:00~20:00 / 목 09:00~20:00 / 금 09:00~20:00 / 토 09:00~21:00,홍대 최대 규모(600평) 브런치 베이커리가 맛있는 카페 전문 파티셰와 바리스타가 선보이는 Bread & Beverage 발리 스타일의 감성 인테리어 공간에서의 분위기있는 사진촬영 가능 Fine art & Media art를 소개하는 gallery 2개관 작품감상 특별한 날을 기념하는 Private Party 공간 ▼주소: 서울 마포구 홍익로3길 20 지하 2층,https://dynamic-media-cdn.tripadvisor.com/media/photo-o/2a/bb/e6/b6/menu.jpg?w=900&h=500&s=1,https://www.tripadvisor.co.kr/Restaurant_Review-g294197-d26779285-Reviews-Coconutbox_cafe_gallery-Seoul.html
19070247,바티센트,+82 2-6052-6579,강남구 선릉로162길 16 1st Floor,(우) 06014,37.526703,127.04168,바 및 펍,,"Ambient tea cocktail bar with zen on surface, but innovation at heart. Please enjoy the epicurean delight of rare single origin teas and cocktails that have been enhanced by the help of modernist techniques and heartfelt hospitality.",https://dynamic-media-cdn.tripadvisor.com/media/photo-o/19/61/d4/98/getlstd-property-photo.jpg?w=900&h=500&s=1,https://www.tripadvisor.co.kr/Restaurant_Review-g294197-d19070247-Reviews-Bar_Tea_Scent-Seoul.html
10397159,곤트란쉐리에 이태원점,+82 2-796-9416,용산구 이태원로 211 한남빌딩 1층,(우) 04349,37.534733,126.99638,커피 및 차 전문점,,,https://dynamic-media-cdn.tripadvisor.com/media/photo-o/11/fa/29/2b/20171231-095732-largejpg.jpg?w=900&h=-1&s=1,https://www.tripadvisor.co.kr/Restaurant_Review-g294197-d10397159-Reviews-Gontran_Cherrier_Itaewon-Seoul.html
26242759,카페 하이웨스트 익선점,+82 10-8260-3282,종로구 돈화문로11다길 18 1F,(우) 03133,37.573154,126.99073,디저트 명소,일 09:00~22:00 / 월 09:00~22:00 / 화 09:00~22:00 / 수 09:00~22:00 / 목 09:00~22:00 / 금 09:00~22:00 / 토 09:00~22:00,"카페 하이웨스트 익선은 영화 속에 들어온 듯한 공간과 따뜻한 햇살, 귀여운 빈티지 케이크 및 스콘 전문점으로 아침부터 열려있습니다. 언제든지 방문해주시면 손님들을 반갑게 맞이하겠습니다.",https://dynamic-media-cdn.tripadvisor.com/media/photo-o/29/80/bb/73/caption.jpg?w=900&h=500&s=1,https://www.tripadvisor.co.kr/Restaurant_Review-g294197-d26242759-Reviews-Cafe_Highwaist_Iksun-Seoul.html
9305375,루엘드파리,+82 2-322-0939,서초구 서초중앙로 18 서초쌍용플래티넘 112호,(우) 06720,37.56897,126.93012,커피 및 차 전문점,월 08:00~21:00 / 화 08:00~21:00 / 수 08:00~21:00 / 목 08:00~21:00 / 금 08:00~21:00 / 토 08:00~21:00,"Bakery which makes everyday fresh pastries, cakes, breads and so on. Located near to one of the main bus terminals in Seoul.",https://dynamic-media-cdn.tripadvisor.com/media/photo-o/0a/22/46/8d/inside.jpg?w=900&h=500&s=1,https://www.tripadvisor.co.kr/Restaurant_Review-g294197-d9305375-Reviews-Ruelle_de_Paris-Seoul.html
15289639,비파티세리,+82 2-517-0033,강남구 압구정로14길 3,(우) 06029,37.52207,127.02343,베이커리,,,https://dynamic-media-cdn.tripadvisor.com/media/photo-o/16/76/7f/19/bpatisserie.jpg?w=900&h=500&s=1,https://www.tripadvisor.co.kr/Restaurant_Review-g294197-d15289639-Reviews-B_Patisserie-Seoul.html
15530707,타르틴베이커리서울,+82 2-792-2423,용산구 한남대로18길 22,(우) 04419,37.534473,127.008514,커피 및 차 전문점,,,https://dynamic-media-cdn.tripadvisor.com/media/photo-o/1a/9c/ad/a2/photo2jpg.jpg?w=900&h=500&s=1,https://www.tripadvisor.co.kr/Restaurant_Review-g294197-d15530707-Reviews-Tartine_Bakery_Seoul-Seoul.html
10307717,카페 미러룸,+82 2-6085-3900,종로구 삼청로2길 40,(우) 03053,37.579975,126.98115,커피 및 차 전문점,일 11:00~22:00 / 월 11:00~22:00 / 화 11:00~22:00 / 수 11:00~22:00 / 목 11:00~22:00 / 금 11:00~22:00 / 토 11:00~22:00,,https://dynamic-media-cdn.tripadvisor.com/media/photo-o/0b/5f/e3/9c/caption.jpg?w=900&h=500&s=1,https://www.tripadvisor.co.kr/Restaurant_Review-g294197-d10307717-Reviews-Cafe_Mirror_Room-Seoul.html
23980840,???????????????,,용산구 신흥로15길 18-12 Yongsan Haebangchon Village,(우) 04338,37.544556,126.985405,커피 및 차 전문점,,,https://dynamic-media-cdn.tripadvisor.com/media/photo-o/23/4d/a5/54/rooftop-on-level-3.jpg?w=900&h=500&s=1,https://www.tripadvisor.co.kr/Restaurant_Review-g294197-d23980840-Reviews-Nulldam_Space-Seoul.html
8532472,해피레몬플러스 명동점,+82 70-4114-8103,중구 명동9길 20,(우) 04538,37.5646,126.985054,커피 및 차 전문점,일 09:00~22:30 / 월 09:00~22:30 / 화 09:00~22:30 / 수 09:00~22:30 / 목 09:00~22:30 / 금 09:00~22:30 / 토 09:00~22:30,,https://dynamic-media-cdn.tripadvisor.com/media/photo-o/0a/4a/21/55/caption.jpg?w=900&h=500&s=1,https://www.tripadvisor.co.kr/Restaurant_Review-g294197-d8532472-Reviews-Happy_Lemon_Plus_Myeongdong-Seoul.html
14790805,그라운드62,+82 2-395-8600,종로구 평창길 62,(우) 03008,37.608284,126.963196,커피 및 차 전문점,일 12:00~20:00 / 수 12:00~19:00 / 목 12:00~19:00 / 금 12:00~19:00 / 토 12:00~20:00,,https://dynamic-media-cdn.tripadvisor.com/media/photo-o/13/a9/d1/36/photo1jpg.jpg?w=900&h=500&s=1,https://www.tripadvisor.co.kr/Restaurant_Review-g294197-d14790805-Reviews-GROUND62-Seoul.html
8766622,골든치즈타르트,+82 2-333-8218,마포구 성지길 42,(우) 04083,37.54681,126.91284,베이커리,일 11:00~19:00 / 월 10:00~20:00 / 화 10:00~20:00 / 수 10:00~20:00 / 목 10:00~20:00 / 금 10:00~20:00 / 토 10:00~20:00,"Golden이란 단어에 내포된 뜻처럼 갓 구워져 노릇노릇한 '황금빛 색감'의 프랑스산 치즈로 '황금비율' 블렌딩 되어 개발된 '고품격' 디저트입니다. ? 치즈 본연의 맛과 향을 살려 와인, 커피와? 곁들이기에 궁합이 좋습니다. ? 낱개로는 식후 디저트로, 6개의 타르트가 담겨진 상자세트는 선물용으로 훌륭합니다.",https://dynamic-media-cdn.tripadvisor.com/media/photo-o/0f/4e/86/47/our-shop-in-hapjeong.jpg?w=900&h=500&s=1,https://www.tripadvisor.co.kr/Restaurant_Review-g294197-d8766622-Reviews-Golden_Cheese_Tart-Seoul.html
14214272,벌스가든,+82 70-8716-1888,마포구 동교로41길 10,(우) 03983,37.56285,126.92416,커피 및 차 전문점,,,https://dynamic-media-cdn.tripadvisor.com/media/photo-o/1b/4d/32/3e/photo2jpg.jpg?w=900&h=500&s=1,https://www.tripadvisor.co.kr/Restaurant_Review-g294197-d14214272-Reviews-Ver_s_Garden-Seoul.html
12533876,?????????,+82 70-8868-2008,성동구 서울숲2길 28-11 2층,(우) 04768,37.546597,127.04162,커피 및 차 전문점,일 10:00~21:00 / 화 10:00~21:00 / 수 10:00~21:00 / 목 10:00~21:00 / 금 10:00~21:00 / 토 10:00~21:00,"안녕하세요, 센터커피 입니다. 센터 커피는 정말 멋진 커피를 고객에게 전달하기 위해 시작 되었습니다. 최고 수준의 생두와 로스팅, 추출을 고집하며 지속 가능한 스페셜티커피 문화 확산에 힘쓰고 있습니다. 센터 커피는 영국 바리스타 챔피언인 박상호 로스터 및 커피 전문가들과 함께 시작된 회사입니다. 맛있는 커피가 준비 되어 있으니 언제든지 방문 해주세요.",https://dynamic-media-cdn.tripadvisor.com/media/photo-o/15/32/fa/a6/caption.jpg?w=900&h=500&s=1,https://www.tripadvisor.co.kr/Restaurant_Review-g294197-d12533876-Reviews-Center_Coffee_Seoul_Forest-Seoul.html
14967527,89Mansion,+82 70-4112-5667,"25, Apgujeong-ro 4-gil, Gangnam-gu, Seoul, Republic of Korea",,37.52139,127.02096,커피 및 차 전문점,,,https://dynamic-media-cdn.tripadvisor.com/media/photo-o/15/fd/09/1a/89mansion.jpg?w=900&h=500&s=1,https://www.tripadvisor.co.kr/Restaurant_Review-g294197-d14967527-Reviews-89Mansion-Seoul.html
25064418,더컬쳐앤라운지,+82 507-1364-8677,종로구 청계천로 41 영풍빌딩 지하2층,(우) 03188,37.56963,126.98217,커피 및 차 전문점,,"매달 다른 기획전으로 진행되는 작가 개인전과 더불어 사진전, 카페 이 외에 것들도 함께 할 수 있는 바 공간, 그 공간 끝에 보이는 그랜드 피아노와 더블베이스는 클래식 & 재즈 엔터 분야까지 포함해서 미술 & 음악 & 갤러리 & 책 출판 등 모든 걸 함께하는 공간입니다.",https://dynamic-media-cdn.tripadvisor.com/media/photo-o/27/61/13/30/caption.jpg?w=900&h=500&s=1,https://www.tripadvisor.co.kr/Restaurant_Review-g294197-d25064418-Reviews-The_Culture_and_Lounge-Seoul.html
17806899,카페봇,+82 2-499-9219,성동구 아차산로9길 8,(우) 04797,37.544567,127.058395,커피 및 차 전문점,일 10:00~22:00 / 월 08:00~22:00 / 화 08:00~22:00 / 수 08:00~22:00 / 목 08:00~22:00 / 금 08:00~22:00 / 토 10:00~22:00,"Robot and Human together make new lifestyle and culture. Here you can experience not only delicious specialties and artistic something by interactive art. At Seongsudong, the Brooklyn of Seoul, we provide cutting-edge food and art experience you have never seen before.",https://dynamic-media-cdn.tripadvisor.com/media/photo-o/18/9e/28/90/media-art-wall-and-flamingobot.jpg?w=900&h=500&s=1,https://www.tripadvisor.co.kr/Restaurant_Review-g294197-d17806899-Reviews-Cafe_Bot-Seoul.html
6942045,커피 스미스 이태원점,+82 2-797-6740,용산구 이태원로 153,(우) 04351,37.53457,126.991,커피 및 차 전문점,,,https://dynamic-media-cdn.tripadvisor.com/media/photo-o/11/b0/50/37/caption.jpg?w=900&h=500&s=1,https://www.tripadvisor.co.kr/Restaurant_Review-g294197-d6942045-Reviews-Coffee_Smith_Itaewon-Seoul.html
10501196,카페 보라 삼청본점,+82 70-8613-5537,종로구 율곡로3길 75-3,(우) 03062,37.57904,126.98209,커피 및 차 전문점,,,https://dynamic-media-cdn.tripadvisor.com/media/photo-o/0d/ca/19/6a/photo1jpg.jpg?w=900&h=500&s=1,https://www.tripadvisor.co.kr/Restaurant_Review-g294197-d10501196-Reviews-Cafe_Bora_Samcheong_Main-Seoul.html
9258798,태극당,+82 2-2279-3152,중구 동호로24길 7,(우) 04617,37.559437,127.00549,커피 및 차 전문점,,,https://dynamic-media-cdn.tripadvisor.com/media/photo-o/1c/c5/e1/91/caption.jpg?w=900&h=500&s=1,https://www.tripadvisor.co.kr/Restaurant_Review-g294197-d9258798-Reviews-Taegeukdang-Seoul.html
13328648,황남빵 롯데월드몰점,+82 2-3213-4532,송파구 올림픽로 300 롯데월드몰 5층,(우) 05551,37.52135,127.10261,베이커리,,,https://dynamic-media-cdn.tripadvisor.com/media/photo-o/11/fb/e9/3c/inside.jpg?w=900&h=-1&s=1,https://www.tripadvisor.co.kr/Restaurant_Review-g294197-d13328648-Reviews-Hwangnam_Ppang_Lotte_World_Mall-Seoul.html
9141254,커피빈 명동나인트리호텔점,+82 2-771-9935,중구 명동10길 51,(우) 04537,37.561596,126.98596,커피 및 차 전문점,,,https://dynamic-media-cdn.tripadvisor.com/media/photo-o/10/81/31/5a/seating-area.jpg?w=700&h=400&s=1,https://www.tripadvisor.co.kr/Restaurant_Review-g294197-d9141254-Reviews-Coffee_Bean_Myeongdong_Nine_Tree_Hotel-Seoul.html
10663218,컨버세이션 케이크 바이 니나 굳코바,+82 70-5123-9398,강남구 도산대로17길 36,(우) 06033,37.521027,127.02399,베이커리,일 10:30~22:00 / 월 10:30~22:00 / 화 10:30~22:00 / 수 10:30~22:00 / 목 10:30~22:00 / 금 10:30~22:00 / 토 10:30~22:00,,https://dynamic-media-cdn.tripadvisor.com/media/photo-o/12/cc/87/ad/conversation-cake-by.jpg?w=700&h=400&s=1,https://www.tripadvisor.co.kr/Restaurant_Review-g294197-d10663218-Reviews-CONVERSATION_Cake_by_Nina_Gudkova-Seoul.html
26825827,London Bagel Museum Jamsil,+82 10-1234-5678,"300 Olympic-ro, Songpa-gu, Seoul, Republic of Korea",(우) 05551,37.5133,127.1037,베이커리,일 10:30~22:00 / 월 10:30~22:00 / 화 10:30~22:00 / 수 10:30~22:00 / 목 10:30~22:00 / 금 10:30~22:00 / 토 10:30~22:00,,https://dynamic-media-cdn.tripadvisor.com/media/photo-o/2e/5a/f3/a7/caption.jpg?w=900&h=500&s=1,https://www.tripadvisor.co.kr/Restaurant_Review-g294197-d26825827-Reviews-London_Bagel_Museum_Jamsil-Seoul.html
12703524,엔제리너스 명동L7호텔점,+82 2-6310-1095,중구 퇴계로 137,(우) 04537,37.561504,126.98679,커피 및 차 전문점,,,https://dynamic-media-cdn.tripadvisor.com/media/photo-o/10/47/81/5c/photo0jpg.jpg?w=900&h=500&s=1,https://www.tripadvisor.co.kr/Restaurant_Review-g294197-d12703524-Reviews-Angel_in_us_Myeongdong_L7_Hotel-Seoul.html
4881051,케냐 키암부 커피,+82 2-798-0020,용산구 이태원동 243-36,,37.53971,126.99548,커피 및 차 전문점,,,https://dynamic-media-cdn.tripadvisor.com/media/photo-o/1a/33/ec/08/caption.jpg?w=900&h=500&s=1,https://www.tripadvisor.co.kr/Restaurant_Review-g294197-d4881051-Reviews-Kenya_Kiambu_Coffee-Seoul.html
15632521,카페키츠네,,강남구 도산대로13길 23,(우) 06034,37.519585,127.02289,커피 및 차 전문점,,,https://dynamic-media-cdn.tripadvisor.com/media/photo-o/17/31/57/ca/photo0jpg.jpg?w=900&h=500&s=1,https://www.tripadvisor.co.kr/Restaurant_Review-g294197-d15632521-Reviews-Cafe_Kitsune-Seoul.html
8969817,이디야커피 - 을지로 3가점,+82 2-2266-4149,중구 수표로 45 비즈센터 102호,(우) 04551,37.565323,126.9897,커피 및 차 전문점,일 11:00~18:00 / 월 07:30~00:00 / 화 07:30~00:00 / 수 07:30~00:00 / 목 07:30~00:00 / 금 07:30~00:00 / 토 11:00~23:00,"Ediya is one of the best franchise in korea. We have a fresh coffee(and lots of coffee,flatccino and tea)and bakery, cofortable seats to enjoy coffee. Also,we have staff who has a flunt english skill",https://dynamic-media-cdn.tripadvisor.com/media/photo-o/1c/a2/47/50/photo1jpg.jpg?w=900&h=500&s=1,https://www.tripadvisor.co.kr/Restaurant_Review-g294197-d8969817-Reviews-Ediya_Coffee_Euljiro_3ga-Seoul.html
33320186,푸글렌 서울,0507-1452-5537,와우산로 43,(우) 04049,37.548393,126.92281,커피 및 차 전문점,일 08:00~01:00 / 월 08:00~01:00 / 화 08:00~01:00 / 수 08:00~01:00 / 목 08:00~01:00 / 금 08:00~01:00 / 토 08:00~01:00,"Fuglen is all about quality products and good moments. We have been serving specialty coffee in Oslo since 1963. Come by Fuglen Seoul and enjoy a cup of light roasted coffee (the Nordic way) from 08:00 in the morning, or bring your friends for an afternoon drink. At night Fuglen transforms into a classic cocktail bar with bartenders mixing traditional and innovative cocktails from fresh, local ingredients.",https://dynamic-media-cdn.tripadvisor.com/media/photo-o/30/79/6d/64/fuglen-front.jpg?w=900&h=500&s=1,https://www.tripadvisor.co.kr/Restaurant_Review-g294197-d33320186-Reviews-Fuglen_Seoul-Seoul.html
6732759,Fell + Cole 홍대본점,+82 70-4411-1434,용산구 이태원로55가길 26-5,(우) 04348,37.548122,126.92213,디저트 명소,,,https://dynamic-media-cdn.tripadvisor.com/media/photo-o/06/0e/28/34/fell-cole-hongdae-main.jpg?w=900&h=500&s=1,https://www.tripadvisor.co.kr/Restaurant_Review-g294197-d6732759-Reviews-Fell_Cole_Hongdae_Main-Seoul.html
27798884,B?ckerin,,Jongno-gu Yulgok-ro 62,(우) 03147,37.566,126.9784,베이커리,일 10:30~19:00 / 수 10:30~19:00 / 목 10:30~19:00 / 금 10:30~19:00 / 토 10:30~19:00,,https://dynamic-media-cdn.tripadvisor.com/media/photo-o/2c/62/81/57/caption.jpg?w=700&h=400&s=1,https://www.tripadvisor.co.kr/Restaurant_Review-g294197-d27798884-Reviews-Backerin-Seoul.html
33054000,배오개 베이커리,+82 2-747-2019,낙산성곽서1길 18-26,(우) 03088,37.577988,127.00808,베이커리,일 11:00~21:00 / 월 11:00~21:00 / 화 11:00~21:00 / 수 11:00~21:00 / 목 11:00~21:00 / 금 11:00~21:00 / 토 11:00~21:00,,https://dynamic-media-cdn.tripadvisor.com/media/photo-o/2f/be/d8/35/caption.jpg?w=800&h=400&s=1,https://www.tripadvisor.co.kr/Restaurant_Review-g294197-d33054000-Reviews-Baeogae_Bakery-Seoul.html
27730630,모닐이네하우스,+82 507-1385-9331,마포구 성미산로26길 9 1층 101호,,37.56342,126.92255,베이커리,일 11:00~20:00 / 월 11:00~20:00 / 화 12:00~20:00 / 목 11:00~20:00 / 금 11:00~20:00 / 토 11:00~20:00,,https://dynamic-media-cdn.tripadvisor.com/media/photo-o/32/e2/9a/22/caption.jpg?w=900&h=500&s=1,https://www.tripadvisor.co.kr/Restaurant_Review-g294197-d27730630-Reviews-Monil2_House-Seoul.html
31436557,카페 레빠리지엥,+82 2-3789-6701,"명동역 6번 출구, 6-1 명동6길 Myeongdong Station",(우) 04536,37.550262,126.997086,디저트 명소,일 08:00~22:00 / 월 08:00~22:00 / 화 08:00~22:00 / 수 08:00~22:00 / 목 08:00~22:00 / 금 08:00~22:00 / 토 08:00~22:00,"Experience the best croissant in town, crafted by our French baker and baked fresh every hour for unmatched flavor. Our reviews say it all. Pair it with the finest coffee in the area. Good bread, good coffee.",https://dynamic-media-cdn.tripadvisor.com/media/photo-o/2e/b0/be/49/experience-the-best-croissant.jpg?w=900&h=500&s=1,https://www.tripadvisor.co.kr/Restaurant_Review-g294197-d31436557-Reviews-Cafe_Les_Parisiens-Seoul.html
26242790,런던 베이글 뮤지엄 도산점,,"33, Eonju-ro 168-gil 1f-2f",(우) 06017,37.526054,127.03643,베이커리,일 08:00~18:00 / 월 08:00~18:00 / 화 08:00~18:00 / 수 08:00~18:00 / 목 08:00~18:00 / 금 08:00~18:00 / 토 08:00~18:00,,https://dynamic-media-cdn.tripadvisor.com/media/photo-o/29/87/f2/bd/caption.jpg?w=500&h=300&s=1,https://www.tripadvisor.co.kr/Restaurant_Review-g294197-d26242790-Reviews-London_Bagel_Museum-Seoul.html
12847683,프릳츠 원서점,+82 2-747-8101,종로구 율곡로 83 아라리오 뮤지엄,(우) 03058,37.57753,126.98861,커피 및 차 전문점,,,https://dynamic-media-cdn.tripadvisor.com/media/photo-o/19/eb/05/5d/photo4jpg.jpg?w=900&h=500&s=1,https://www.tripadvisor.co.kr/Restaurant_Review-g294197-d12847683-Reviews-Fritz_Wonseo-Seoul.html
33421866,강변서재,+82 2-6788-3331,의사당대로 1 National Assembly Building,(우) 07233,37.53294,126.916504,커피 및 차 전문점,월 08:30~19:00 / 화 08:30~19:00 / 수 08:30~19:00 / 목 08:30~19:00 / 금 08:30~19:00 / 토 11:00~19:00,,https://dynamic-media-cdn.tripadvisor.com/media/photo-o/31/a3/49/9f/caption.jpg?w=900&h=500&s=1,https://www.tripadvisor.co.kr/Restaurant_Review-g294197-d33421866-Reviews-Gangbyeon_Seojae-Seoul.html
8903926,배스킨라빈스31,+82 2-795-1830,이태원로 176-1,,37.53456,126.993675,디저트 명소,,,https://dynamic-media-cdn.tripadvisor.com/media/photo-o/0f/30/c6/0e/br-itaewon.jpg?w=900&h=500&s=1,https://www.tripadvisor.co.kr/Restaurant_Review-g294197-d8903926-Reviews-Baskin_Robbins_31_Itaewon-Seoul.html
9439158,쿄베이커리,+82 2-794-5090,독막로 65-1,,37.547894,126.920876,베이커리,,아직 쿄베이커리에 대한 콘텐츠가 없습니다.,https://dynamic-media-cdn.tripadvisor.com/media/photo-o/0f/4a/b5/66/photo2jpg.jpg?w=900&h=500&s=1,https://www.tripadvisor.co.kr/Restaurant_Review-g294197-d9439158-Reviews-Kyo_Bakery-Seoul.html
12199916,보헤미안 박이추 커피공장 상암점,+82 2-372-6688,마포구 성암로 255 MBC몰파크 2층 201호,(우) 03925,37.574093,126.90359,커피 및 차 전문점,,,https://dynamic-media-cdn.tripadvisor.com/media/photo-o/10/fd/9f/25/photo1jpg.jpg?w=900&h=500&s=1,https://www.tripadvisor.co.kr/Restaurant_Review-g294197-d12199916-Reviews-Bohemian_Roasters_Sangam-Seoul.html
10170809,커피리브레 타임스퀘어점,+82 2-2635-0615,영등포구 영중로 15 타임스퀘어 112호,(우) 07305,37.51678,126.90428,커피 및 차 전문점,일 10:30~22:00 / 월 10:30~22:00 / 화 10:30~22:00 / 수 10:30~22:00 / 목 10:30~22:00 / 금 10:30~22:00 / 토 10:30~22:00,,https://dynamic-media-cdn.tripadvisor.com/media/photo-o/0a/de/4c/88/getlstd-property-photo.jpg?w=900&h=500&s=1,https://www.tripadvisor.co.kr/Restaurant_Review-g294197-d10170809-Reviews-Coffee_Libre_Times_Square-Seoul.html
27186412,훌리건커피,+82 50-71365-0341,마포구 와우산로29바길 11-5 1층,(우) 04053,37.61371,126.91062,커피 및 차 전문점,,,https://dynamic-media-cdn.tripadvisor.com/media/photo-o/2b/d3/44/cf/avocado-toast.jpg?w=900&h=500&s=1,https://www.tripadvisor.co.kr/Restaurant_Review-g294197-d27186412-Reviews-Hooligan_Coffee-Seoul.html
9245751,스타벅스 종로평창점,+82 2-758-8375,종로구 평창문화로 51,(우) 03008,37.605774,126.96676,커피 및 차 전문점,,,https://dynamic-media-cdn.tripadvisor.com/media/photo-o/17/8e/a7/85/photo1jpg.jpg?w=900&h=500&s=1,https://www.tripadvisor.co.kr/Restaurant_Review-g294197-d9245751-Reviews-Starbucks_Jongno_Pyeongchang-Seoul.html
28656847,newmix Seongsu,,"3, Yeonmujang 3-gil",,37.54397,127.05132,커피 및 차 전문점,일 11:00~20:00 / 월 11:00~20:00 / 화 11:00~20:00 / 수 11:00~20:00 / 목 11:00~20:00 / 금 11:00~20:00 / 토 11:00~20:00,,https://dynamic-media-cdn.tripadvisor.com/media/photo-o/2d/ea/fe/ae/caption.jpg?w=900&h=500&s=1,https://www.tripadvisor.co.kr/Restaurant_Review-g294197-d28656847-Reviews-Newmix_Seongsu-Seoul.html
27478281,치즈인더스트리,+82 507-1363-1722,종로구 수표로28길 33-7,,37.56653,126.97799,디저트 명소,,,https://dynamic-media-cdn.tripadvisor.com/media/photo-o/2c/a1/c7/48/caption.jpg?w=900&h=500&s=1,https://www.tripadvisor.co.kr/Restaurant_Review-g294197-d27478281-Reviews-Cheese_Industry-Seoul.html
14976195,카페더한옥,+82 2-743-7470,종로구 계동길 75,(우) 03056,37.566536,126.97797,커피 및 차 전문점,,,https://dynamic-media-cdn.tripadvisor.com/media/photo-o/14/00/3d/54/the-hanok.jpg?w=900&h=500&s=1,https://www.tripadvisor.co.kr/Restaurant_Review-g294197-d14976195-Reviews-The_Hanok_Cafe-Seoul.html
8737621,카몽,+82 2-522-5949,서초구 서초대로 356,(우) 06631,37.49569,127.02041,커피 및 차 전문점,,,https://dynamic-media-cdn.tripadvisor.com/media/photo-o/0a/98/1b/8f/photo0jpg.jpg?w=800&h=500&s=1,https://www.tripadvisor.co.kr/Restaurant_Review-g294197-d8737621-Reviews-Kamong-Seoul.html
9732378,?????,+82 31-889-3326,성동구 왕십리로 96,(우) 04778,37.546314,127.04464,베이커리,,,https://dynamic-media-cdn.tripadvisor.com/media/photo-o/1a/c7/a2/b8/caption.jpg?w=700&h=400&s=1,https://www.tripadvisor.co.kr/Restaurant_Review-g294197-d9732378-Reviews-Mealdo-Seoul.html
13823190,루프트 - 명동점,+82 2-2267-2233,중구 삼일대로 308 조양빌딩본관,(우) 04553,37.562103,126.98919,커피 및 차 전문점,일 08:30~17:00 / 월 08:00~19:00 / 화 08:00~19:00 / 수 08:00~19:00 / 목 08:00~19:00 / 금 08:00~19:00 / 토 08:30~17:00,,https://dynamic-media-cdn.tripadvisor.com/media/photo-o/24/99/b0/bf/caption.jpg?w=900&h=500&s=1,https://www.tripadvisor.co.kr/Restaurant_Review-g294197-d13823190-Reviews-LUFT_MYEONGDONG-Seoul.html
27487937,더 라운지 앤 바,+82 2-2275-3101,"중구 동호로 287 Lobby, 앰배서더 서울 풀만",(우) 04618,37.56012,127.002594,커피 및 차 전문점,일 09:00~23:00 / 월 09:00~23:00 / 화 09:00~23:00 / 수 09:00~23:00 / 목 09:00~23:00 / 금 09:00~23:00 / 토 09:00~23:00,,https://dynamic-media-cdn.tripadvisor.com/media/photo-o/2e/0e/c5/34/caption.jpg?w=900&h=500&s=1,https://www.tripadvisor.co.kr/Restaurant_Review-g294197-d27487937-Reviews-The_Lounge_and_Bar-Seoul.html
26695390,와글와글베이크샵,,"서울시 중구 을지로 245, NMC 가든 국립중앙의료원 후문",,37.567425,127.00601,베이커리,일 08:00~20:00 / 월 08:00~20:00 / 화 08:00~20:00 / 수 08:00~20:00 / 목 08:00~20:00 / 금 08:00~20:00 / 토 08:00~20:00,,https://dynamic-media-cdn.tripadvisor.com/media/photo-o/2a/7c/fb/1a/caption.jpg?w=900&h=500&s=1,https://www.tripadvisor.co.kr/Restaurant_Review-g294197-d26695390-Reviews-Waglewagle_Bakeshop-Seoul.html
20099016,소진담 - 신사점,+82 2-542-5550,"강남구 논현로161길 51 지하1층 ,1층",(우) 06029,37.522434,127.0242,커피 및 차 전문점,,"""하얀 보배를 담다"" 핸드메이드 케이크&디저트카페 소진담 신사점입니다.",https://dynamic-media-cdn.tripadvisor.com/media/photo-o/1a/dd/f1/8a/getlstd-property-photo.jpg?w=900&h=500&s=1,https://www.tripadvisor.co.kr/Restaurant_Review-g294197-d20099016-Reviews-Sojindam_Sinsa-Seoul.html
7028423,구름카페,+82 2-3481-2111,서초구 동작대로 350 동작대교,(우) 06500,37.505894,126.981064,커피 및 차 전문점,,,https://dynamic-media-cdn.tripadvisor.com/media/photo-o/0d/01/5d/8a/photo2jpg.jpg?w=900&h=500&s=1,https://www.tripadvisor.co.kr/Restaurant_Review-g294197-d7028423-Reviews-Cafe_Goorm-Seoul.html
7372719,투썸플레이스 을지로4가점,+82 2-2278-5400,중구 을지로 158,(우) 04548,37.56589,126.99559,커피 및 차 전문점,,,https://dynamic-media-cdn.tripadvisor.com/media/photo-o/09/95/eb/23/twosome-place-euljiro.jpg?w=900&h=500&s=1,https://www.tripadvisor.co.kr/Restaurant_Review-g294197-d7372719-Reviews-A_Twosome_Place_Euljiro_4_ga-Seoul.html
15841905,딸기모찌 명동홍만당,+82 2-777-4422,중구 명동8길 11-6,(우) 04536,37.563168,126.984924,커피 및 차 전문점,일 11:00~21:00 / 월 11:00~21:00 / 화 11:00~21:00 / 수 11:00~21:00 / 목 11:00~21:00 / 금 11:00~21:00 / 토 11:00~21:00,Iconic dessert that tourists should not miss eating in Myeong-dong.,https://dynamic-media-cdn.tripadvisor.com/media/photo-o/17/b5/61/66/caption.jpg?w=900&h=500&s=1,https://www.tripadvisor.co.kr/Restaurant_Review-g294197-d15841905-Reviews-Hongmandang-Seoul.html
9286954,스무디킹,+82 2-3213-4771,올림픽로 300,,37.513725,127.10392,디저트 명소,,,https://dynamic-media-cdn.tripadvisor.com/media/photo-o/0c/84/e7/fe/smoothie-king-lotte-world.jpg?w=900&h=500&s=1,https://www.tripadvisor.co.kr/Restaurant_Review-g294197-d9286954-Reviews-Smoothie_King-Seoul.html
9732432,???? ????????,+82 2-2038-9616,강남구 봉은사로 155 호텔 카푸치노,(우) 06122,37.50667,127.03161,커피 및 차 전문점,일 08:00~21:00 / 월 08:00~21:00 / 화 08:00~21:00 / 수 08:00~21:00 / 목 08:00~21:00 / 금 08:00~21:00 / 토 08:00~21:00,,https://dynamic-media-cdn.tripadvisor.com/media/photo-o/0a/98/0e/da/cafe-cappuccino.jpg?w=900&h=500&s=1,https://www.tripadvisor.co.kr/Restaurant_Review-g294197-d9732432-Reviews-Caffe_Cappuccino-Seoul.html
26631262,이화동 산1-1,+82 10-8993-2359,종로구 낙산성곽서1길 25 이화동9-814,,37.52695,127.03811,커피 및 차 전문점,일 11:00~22:30 / 월 11:00~23:00 / 화 11:00~23:00 / 수 11:00~23:00 / 목 11:00~23:00 / 금 11:00~23:00 / 토 11:00~23:00,"낙산공원 인근에 위치한 다정한 직원들이 맞이해주는 카페 산 1-1입니다. 우리 카페는 총 3층으로 되어있으며 아직 구옥이 남아있는 이화동의 정취를 그대로 느낄 수 있습니다. 건물 내외부의 자연바위, 통유리 인테리어로 이화동의 멋을 그대로 보존했습니다. 1층에는 자연바위를 살려 인테리어 하여 동굴 느낌을 줍니다. 2층은 모던한 느낌의 공간이며 실내에서 남산 뷰를 보실 수 있습니다. 3층은 야외 테라스로 남산 뷰를 볼 수 있으며 또한, 얼굴 모형이 있는 포토존으로서 인생 사진을 건질 수 있습니다. 정성껏 준비한 다양한 메뉴와 수제 디저트가 있습니다. 산 1-1 방문하여 함께 쉬었다가세요.",https://dynamic-media-cdn.tripadvisor.com/media/photo-o/30/bd/ca/ce/caption.jpg?w=900&h=500&s=1,https://www.tripadvisor.co.kr/Restaurant_Review-g294197-d26631262-Reviews-Cafe_San_1_1-Seoul.html
14066851,배스킨라빈스 브라운 청담점,+82 2-547-1205,강남구 도산대로 327,(우) 06019,37.52287,127.037674,카페,,,https://dynamic-media-cdn.tripadvisor.com/media/photo-o/2d/e0/ef/d3/caption.jpg?w=900&h=500&s=1,https://www.tripadvisor.co.kr/Restaurant_Review-g294197-d14066851-Reviews-Baskin_Robbins_Brown_Cheongdam-Seoul.html
13296707,빚은 - 서울역점,+82 2-365-2356,용산구 한강대로 405,(우) 04320,37.549065,126.97047,커피 및 차 전문점,,,https://dynamic-media-cdn.tripadvisor.com/media/photo-o/12/f3/4e/f2/photo0jpg.jpg?w=900&h=500&s=1,https://www.tripadvisor.co.kr/Restaurant_Review-g294197-d13296707-Reviews-Bizeun_Seoul_Station-Seoul.html
15603305,러빈허 플라워카페,+82 2-322-0122,마포구 신촌로6길 22,(우) 04056,37.55643,126.92989,커피 및 차 전문점,,,https://dynamic-media-cdn.tripadvisor.com/media/photo-o/17/c6/f1/e5/photo0jpg.jpg?w=900&h=500&s=1,https://www.tripadvisor.co.kr/Restaurant_Review-g294197-d15603305-Reviews-Florte_Flower_Cafe-Seoul.html
17822371,루온루온,+82 10-2881-6358,마포구 동교로38길 20 101호,(우) 03982,37.561886,126.92535,커피 및 차 전문점,,"연남동 베트남 커피전문점 루온루온 입니다,
 현지에서 드시던 맛보다 맛있으면 맛있지 맛없을 자신이 없는 가게입니다.
 콩커피로 유명한 코코넛스무디커피를 시작으로 에그커피, 아보카도커피 등등
 저희가 준비한 베트남의 맛과 향을 만끽하시기 바랍니다.
 베트남은 못가보셨어도 루온루온은 가보셔야 합니다 
 감사합니다",https://dynamic-media-cdn.tripadvisor.com/media/photo-o/18/dd/0b/8d/caption.jpg?w=900&h=500&s=1,https://www.tripadvisor.co.kr/Restaurant_Review-g294197-d17822371-Reviews-Luon_Luon-Seoul.html
16935676,디저트연구소,+82 2-335-6081,마포구 와우산로29마길 22,(우) 04053,37.555397,126.92616,커피 및 차 전문점,일 11:00~23:00 / 월 11:00~23:00 / 화 11:00~23:00 / 수 11:00~23:00 / 목 11:00~23:00 / 금 11:00~23:00 / 토 11:00~23:00,,https://dynamic-media-cdn.tripadvisor.com/media/photo-o/16/ff/69/74/photo1jpg.jpg?w=900&h=500&s=1,https://www.tripadvisor.co.kr/Restaurant_Review-g294197-d16935676-Reviews-Dessert_Lab-Seoul.html
9245236,스타벅스 삼청동점,+82 2-758-8771,종로구 삼청로 111-1,(우) 03049,37.585342,126.98204,커피 및 차 전문점,,,https://dynamic-media-cdn.tripadvisor.com/media/photo-o/07/b4/a5/73/across-the-street-view.jpg?w=900&h=500&s=1,https://www.tripadvisor.co.kr/Restaurant_Review-g294197-d9245236-Reviews-Starbucks-Seoul.html
13847080,크리스피크림도넛 - 인천국제공항T2점,+82 32-743-6554,중구 공항로 271,(우) 22382,37.447548,126.45809,커피 및 차 전문점,일 06:00~22:00 / 월 06:00~22:00 / 화 06:00~22:00 / 수 06:00~22:00 / 목 06:00~22:00 / 금 06:00~22:00 / 토 06:00~22:00,아직 크리스피크림도넛 - 인천국제공항T2점에 대한 콘텐츠가 없습니다.,https://dynamic-media-cdn.tripadvisor.com/media/photo-o/2a/a2/39/2c/caption.jpg?w=900&h=500&s=1,https://www.tripadvisor.co.kr/Restaurant_Review-g294197-d13847080-Reviews-Krispy_Kreme_Doughnut_Incheon_International_Airport_T2-Seoul.html
28160807,Tim Hortons,+82 70-7450-1001,"476 Gangnam-daero Urban Hive, Gangnam District",,37.48873,127.03248,커피 및 차 전문점,일 08:00~22:00 / 월 07:00~22:00 / 화 07:00~22:00 / 수 07:00~22:00 / 목 07:00~22:00 / 금 07:00~22:00 / 토 08:00~22:00,,https://dynamic-media-cdn.tripadvisor.com/media/photo-o/2d/5f/c8/34/caption.jpg?w=900&h=500&s=1,https://www.tripadvisor.co.kr/Restaurant_Review-g294197-d28160807-Reviews-Tim_Hortons-Seoul.html
10487772,맨메이드 우영미 카페,+82 2-515-8897,강남구 선릉로153길 35,(우) 06020,37.5245,127.03653,카페,,,https://dynamic-media-cdn.tripadvisor.com/media/photo-o/0b/c8/02/fb/amazing-place.jpg?w=900&h=500&s=1,https://www.tripadvisor.co.kr/Restaurant_Review-g294197-d10487772-Reviews-Manmade_WooYoungMi_Cafe-Seoul.html
25289739,Burnt Seoul,,"155 Cheonggyecheon-ro, Jongno-gu",,37.51502,127.01647,베이커리,일 09:00~17:00 / 월 09:00~17:00 / 화 09:00~17:00 / 수 09:00~17:00 / 목 09:00~17:00 / 금 09:00~17:00 / 토 09:00~17:00,,https://dynamic-media-cdn.tripadvisor.com/media/photo-o/28/10/d1/0b/burnt-seoul.jpg?w=900&h=500&s=1,https://www.tripadvisor.co.kr/Restaurant_Review-g294197-d25289739-Reviews-Burnt_Seoul-Seoul.html
17547184,커피빈 시청역7번출구점,+82 2-754-8852,중구 세종대로 84 2층,(우) 04526,37.56362,126.977165,커피 및 차 전문점,일 10:00~22:00 / 월 07:30~22:00 / 화 07:30~22:00 / 수 07:30~22:00 / 목 07:30~22:00 / 금 07:30~22:00 / 토 10:00~22:00,,https://dynamic-media-cdn.tripadvisor.com/media/photo-o/17/c1/fb/6b/7.jpg?w=900&h=-1&s=1,https://www.tripadvisor.co.kr/Restaurant_Review-g294197-d17547184-Reviews-Coffee_Bean_City_Hall_Station_Exit_7-Seoul.html
29010922,카페요아정 성수카페거리점,+82 507-1312-3379,성동구 뚝섬로9길 3-1 1.5층,(우) 04784,37.53854,127.05684,디저트 명소,일 12:00~22:00 / 월 12:00~22:00 / 화 12:00~22:00 / 수 12:00~22:00 / 목 12:00~22:00 / 금 12:00~22:00 / 토 12:00~22:00,,https://dynamic-media-cdn.tripadvisor.com/media/photo-o/2d/f9/0d/45/caption.jpg?w=900&h=500&s=1,https://www.tripadvisor.co.kr/Restaurant_Review-g294197-d29010922-Reviews-Cafe_Yoajung-Seoul.html
11876128,벙커1,+82 2-762-7607,서대문구 충정로 20,(우) 03742,37.56579,126.96522,커피 및 차 전문점,,,https://dynamic-media-cdn.tripadvisor.com/media/photo-o/11/77/50/b6/counter.jpg?w=900&h=-1&s=1,https://www.tripadvisor.co.kr/Restaurant_Review-g294197-d11876128-Reviews-Bunker1-Seoul.html
11959135,보난자커피,+82 70-4113-3113,용산구 이태원로49길 24,(우) 04348,37.536976,126.99933,커피 및 차 전문점,,,https://dynamic-media-cdn.tripadvisor.com/media/photo-o/0e/2f/8d/00/bonanza-coffee.jpg?w=900&h=500&s=1,https://www.tripadvisor.co.kr/Restaurant_Review-g294197-d11959135-Reviews-Bonanza_Coffee-Seoul.html
26998957,프랑제리,+82 2-336-0812,마포구 서강로 75-16 이랜드 PEER 신촌 로비층,(우) 04065,37.549812,126.93145,베이커리,일 08:00~21:30 / 월 08:00~21:30 / 화 08:00~21:30 / 수 08:00~21:30 / 목 08:00~21:30 / 금 08:00~21:30 / 토 08:00~21:30,,https://dynamic-media-cdn.tripadvisor.com/media/photo-o/2b/0a/a2/e8/caption.jpg?w=900&h=500&s=1,https://www.tripadvisor.co.kr/Restaurant_Review-g294197-d26998957-Reviews-Frangerie-Seoul.html
9450391,말리커피 강남점,+82 2-6959-6668,서초구 강남대로61길 3,(우) 06615,37.49946,127.026794,커피 및 차 전문점,,,https://dynamic-media-cdn.tripadvisor.com/media/photo-o/0d/11/8c/cb/malri-coffee.jpg?w=900&h=-1&s=1,https://www.tripadvisor.co.kr/Restaurant_Review-g294197-d9450391-Reviews-Marley_Coffee_Gangnam-Seoul.html
33397412,Lucifel Butler,,19-15 Wausan-ro 17-gil,,37.549538,126.92166,커피 및 차 전문점,일 14:00~21:30 / 월 14:00~21:30 / 화 14:00~21:30 / 수 14:00~21:30 / 금 14:00~21:30 / 토 14:00~21:30,아직 Lucifel Butler에 대한 콘텐츠가 없습니다.,https://dynamic-media-cdn.tripadvisor.com/media/photo-o/33/2a/28/a6/caption.jpg?w=900&h=500&s=1,https://www.tripadvisor.co.kr/Restaurant_Review-g294197-d33397412-Reviews-Lucifel_Butler-Seoul.html
15289661,아우어 베이커리 - 가로수길점,+82 2-546-3800,강남구 강남대로162길 39,(우) 06028,37.52092,127.02147,베이커리,,,https://dynamic-media-cdn.tripadvisor.com/media/photo-o/15/dd/ba/a4/our-bakery-gr.jpg?w=700&h=400&s=1,https://www.tripadvisor.co.kr/Restaurant_Review-g294197-d15289661-Reviews-Our_Bakery_Cafe_Galosugil-Seoul.html
28047295,파벤,+82 70-8888-4565,성동구 성수이로 65,(우) 04781,37.540955,127.05551,커피 및 차 전문점,일 10:00~08:30 / 월 10:00~08:30 / 화 10:00~08:30 / 수 10:00~08:30 / 목 10:00~08:30 / 금 10:00~08:30 / 토 10:00~08:30,아직 파벤에 대한 콘텐츠가 없습니다.,https://dynamic-media-cdn.tripadvisor.com/media/photo-o/2e/52/af/58/caption.jpg?w=900&h=500&s=1,https://www.tripadvisor.co.kr/Restaurant_Review-g294197-d28047295-Reviews-Cafe_Far_Ben-Seoul.html
12946031,사르르,+82 70-8885-9611,마포구 동교로36길 3,(우) 03982,37.561234,126.92449,커피 및 차 전문점,,,https://dynamic-media-cdn.tripadvisor.com/media/photo-o/15/0d/c4/92/photo0jpg.jpg?w=900&h=500&s=1,https://www.tripadvisor.co.kr/Restaurant_Review-g294197-d12946031-Reviews-Sarr-Seoul.html
3894937,스타벅스 타임스퀘어점,+82 2-758-8303,영등포구 영중로 15 타임스퀘어 2층 228,(우) 07305,37.51771,126.9036,커피 및 차 전문점,,,https://dynamic-media-cdn.tripadvisor.com/media/photo-o/0f/a6/88/7b/photo6jpg.jpg?w=900&h=500&s=1,https://www.tripadvisor.co.kr/Restaurant_Review-g294197-d3894937-Reviews-Starbucks_Times_Square-Seoul.html
9209252,테일러커피 - 서교1호점,+82 2-332-0355,마포구 와우산로33길 46 1층,(우) 04052,37.556034,126.92819,커피 및 차 전문점,일 11:00~23:00 / 월 11:00~23:00 / 화 11:00~23:00 / 수 11:00~23:00 / 목 11:00~23:00 / 금 11:00~23:00 / 토 11:00~23:00,,https://dynamic-media-cdn.tripadvisor.com/media/photo-o/16/44/eb/e2/photo1jpg.jpg?w=900&h=500&s=1,https://www.tripadvisor.co.kr/Restaurant_Review-g294197-d9209252-Reviews-Tailor_Coffee_Seogyo_1ho-Seoul.html
23716736,넬보스코 남촌빵집,+82 2-3484-9581,중구 퇴계로8길 16 1층,(우) 04634,37.558662,126.97968,베이커리,일 09:00~19:00 / 월 07:00~21:00 / 화 07:00~21:00 / 수 07:00~21:00 / 목 07:00~21:00 / 금 07:00~21:00 / 토 09:00~19:00,"Nelbosco means ""in the forest"" in Italian. Nelbosco's warm and comfortable indoor space and a quiet garden in the city provide rest and relaxation from busy daily life and stress. Namchon, which has long been considered a major place in Seoul due to its large number of historical resources. Recently, young people who lead the trend have gathered to become one of the most popular cultural areas. Meet Nelvosco, which provides a healing space in the center of Namchon.",https://dynamic-media-cdn.tripadvisor.com/media/photo-o/21/66/ec/a0/caption.jpg?w=900&h=500&s=1,https://www.tripadvisor.co.kr/Restaurant_Review-g294197-d23716736-Reviews-Nel_Bosco_Bakery_Cafe-Seoul.html
26997589,파스쿠찌 신림역점,+82 2-876-0077,관악구 남부순환로 1608 1층,(우) 08776,37.48392,126.929184,커피 및 차 전문점,,,https://dynamic-media-cdn.tripadvisor.com/media/photo-o/2b/06/24/74/caption.jpg?w=900&h=-1&s=1,https://www.tripadvisor.co.kr/Restaurant_Review-g294197-d26997589-Reviews-Caffe_Pascucci-Seoul.html
25085428,러시아케익,+82 2-6053-4079,중구 을지로42길 7,(우) 04561,37.5658,127.00587,베이커리,,,https://dynamic-media-cdn.tripadvisor.com/media/photo-o/26/b0/2b/e2/inside2.jpg?w=900&h=-1&s=1,https://www.tripadvisor.co.kr/Restaurant_Review-g294197-d25085428-Reviews-Russian_Cake-Seoul.html
12222340,카카오그린,+82 2-3789-3102,중구 명동8길 14,(우) 04536,37.563053,126.984566,커피 및 차 전문점,일 10:00~23:00 / 월 10:00~23:00 / 화 10:00~23:00 / 수 10:00~23:00 / 목 10:00~23:00 / 금 10:00~23:00 / 토 10:00~23:00,,https://dynamic-media-cdn.tripadvisor.com/media/photo-o/12/a8/97/0a/img-20180313-wa0004-largejpg.jpg?w=900&h=-1&s=1,https://www.tripadvisor.co.kr/Restaurant_Review-g294197-d12222340-Reviews-Cacao_Green-Seoul.html
8317708,할리스커피 충무로역점,+82 2-516-0140,중구 퇴계로36길 2,(우) 04626,37.56053,126.993286,커피 및 차 전문점,,,https://dynamic-media-cdn.tripadvisor.com/media/photo-o/22/9f/83/12/inside.jpg?w=900&h=-1&s=1,https://www.tripadvisor.co.kr/Restaurant_Review-g294197-d8317708-Reviews-Hollys_Coffee_Chungmuro_Station-Seoul.html
3911507,스타벅스 명동 미래점,,중구 명동1가 48-2  2F 2f,(우) 100-021,37.564133,126.98436,커피 및 차 전문점,,,https://dynamic-media-cdn.tripadvisor.com/media/photo-o/17/4f/f4/0c/photo1jpg.jpg?w=900&h=500&s=1,https://www.tripadvisor.co.kr/Restaurant_Review-g294197-d3911507-Reviews-Starbucks_Myeongdong_Mirae-Seoul.html
33990440,카페포레스트,,한글비석로 12길 51-49,,37.65568,127.08079,커피 및 차 전문점,일 10:00~18:00 / 화 10:00~18:00 / 수 10:00~18:00 / 목 10:00~18:00 / 금 10:00~18:00 / 토 10:00~18:00,,https://dynamic-media-cdn.tripadvisor.com/media/photo-o/1a/f6/f1/42/default-avatar-2020-20.jpg?w=100&h=-1&s=1,https://www.tripadvisor.co.kr/Restaurant_Review-g294197-d33990440-Reviews-Cafe_Forest-Seoul.html
7808188,커피리브레 연남점,+82 2-334-0615,마포구 성미산로 198,(우) 03982,37.563602,126.92374,커피 및 차 전문점,일 11:00~20:00 / 월 11:00~20:00 / 화 11:00~20:00 / 수 11:00~20:00 / 목 11:00~20:00 / 금 11:00~20:00 / 토 11:00~20:00,"Specialty Coffee Company 11:00 - 20:00 200, Sungmisan-ro, Mapo-gu, Seoul, Korea Instagram ID : Coffeelibre_yn",https://dynamic-media-cdn.tripadvisor.com/media/photo-o/2a/98/fe/37/caption.jpg?w=900&h=500&s=1,https://www.tripadvisor.co.kr/Restaurant_Review-g294197-d7808188-Reviews-Coffee_Libre_Yeonnam-Seoul.html
27968376,메가MGC커피 낙성대역점,+82 2-875-0656,관악구 남부순환로 1913 1층,(우) 08742,37.477707,126.96167,커피 및 차 전문점,,,https://dynamic-media-cdn.tripadvisor.com/media/photo-o/2c/a6/b0/ba/caption.jpg?w=900&h=-1&s=1,https://www.tripadvisor.co.kr/Restaurant_Review-g294197-d27968376-Reviews-Mega_MGC_Coffee-Seoul.html
26928941,Mega Coffee MGC,+82 2-3789-0656,"34 Dadong-gil, Jung-gu",,37.5678,126.98112,커피 및 차 전문점,,,https://dynamic-media-cdn.tripadvisor.com/media/photo-o/31/59/7d/a4/caption.jpg?w=900&h=500&s=1,https://www.tripadvisor.co.kr/Restaurant_Review-g294197-d26928941-Reviews-Mega_Coffee_MGC-Seoul.html
9228143,투썸플레이스 -  종로5가역점,+82 2-763-1644,종로구 종로 201-1,(우) 03130,37.571125,127.000046,커피 및 차 전문점,,아직 투썸플레이스 -  종로5가역점에 대한 콘텐츠가 없습니다.,https://dynamic-media-cdn.tripadvisor.com/media/photo-o/1a/f8/58/0a/caption.jpg?w=900&h=500&s=1,https://www.tripadvisor.co.kr/Restaurant_Review-g294197-d9228143-Reviews-A_Twosome_Place_Jongno_5_ga_Station-Seoul.html
32699941,Wayne's Bagels Hongdae,+82 2-6958-5436,"14, Yanghwa-ro 16-gil",(우) 04039,37.552853,126.92015,베이커리,일 08:30~21:00 / 월 08:30~21:00 / 화 08:30~21:00 / 수 08:30~21:00 / 목 08:30~21:00 / 금 08:30~21:00 / 토 08:30~21:00,아직 Wayne's Bagels Hongdae에 대한 콘텐츠가 없습니다.,https://dynamic-media-cdn.tripadvisor.com/media/photo-o/2f/b3/b8/f5/caption.jpg?w=900&h=500&s=1,https://www.tripadvisor.co.kr/Restaurant_Review-g294197-d32699941-Reviews-Wayne_s_Bagels_Hongdae-Seoul.html
13201430,카페큐브 한옥카페,+82 70-4509-9100,중구 남대문로 11,(우) 04526,37.5607,126.97636,커피 및 차 전문점,일 09:00~22:00 / 월 08:00~23:00 / 화 08:00~23:00 / 수 08:00~23:00 / 목 08:00~23:00 / 금 08:00~23:00 / 토 08:00~23:00,"We are listed on the modern cultural heritage. Our frgure so bautiful and special. When you visit here, you can feel comfortable. We have some special menu like OMIJA, BOKBUNJA, GUGHWACHA ,,,",https://dynamic-media-cdn.tripadvisor.com/media/photo-o/1a/05/d6/50/caption.jpg?w=900&h=500&s=1,https://www.tripadvisor.co.kr/Restaurant_Review-g294197-d13201430-Reviews-Cafe_Cube_Hanok_Cafe-Seoul.html
19408108,백미당 - 삼청점,+82 2-720-8947,종로구 삼청로 48,(우) 03053,37.58009,126.980225,커피 및 차 전문점,,아직 백미당 - 삼청점에 대한 콘텐츠가 없습니다.,https://dynamic-media-cdn.tripadvisor.com/media/photo-o/1a/01/a3/46/photo0jpg.jpg?w=900&h=500&s=1,https://www.tripadvisor.co.kr/Restaurant_Review-g294197-d19408108-Reviews-Baekmidang_Samcheong-Seoul.html
26242822,Cafe Layered Anguk,+82 10-8260-3282,"2-3, Bukchon-ro 2-gil, Jongno-gu 1st Floor",(우) 03059,37.577736,126.98593,디저트 명소,일 10:00~22:00 / 월 08:00~22:00 / 화 08:00~22:00 / 수 08:00~22:00 / 목 08:00~22:00 / 금 08:00~22:00 / 토 10:00~22:00,,https://dynamic-media-cdn.tripadvisor.com/media/photo-o/29/86/1a/e1/caption.jpg?w=900&h=500&s=1,https://www.tripadvisor.co.kr/Restaurant_Review-g294197-d26242822-Reviews-Cafe_Layered_Anguk-Seoul.html
26561137,Cafe Myeongdong Nabi,,8 Street 9 Seoul Daero (Myeongdong),,37.497864,127.03799,커피 및 차 전문점,일 09:00~21:00 / 월 09:00~21:00 / 화 09:00~21:00 / 수 09:00~21:00 / 목 09:00~21:00 / 금 09:00~21:00 / 토 09:00~21:00,,https://dynamic-media-cdn.tripadvisor.com/media/photo-o/2b/a0/8f/6e/caption.jpg?w=900&h=500&s=1,https://www.tripadvisor.co.kr/Restaurant_Review-g294197-d26561137-Reviews-Cafe_Myeongdong_Nabi-Seoul.html
24636006,쟈뎅 디베르,+82 2-2092-6106,서울시 송파구 잠실로 209 6층,(우) 05552,37.51305,127.091545,커피 및 차 전문점,일 08:00~21:00 / 월 08:00~21:00 / 화 08:00~21:00 / 수 08:00~21:00 / 목 08:00~21:00 / 금 08:00~21:00 / 토 08:00~21:00,"6층에 위치한 쟈뎅 디베르는 전통적인 살롱 드 떼(Salon de th?)의 우아한 분위기에서 영감을 얻은 인테리어로 티 타임을 즐기거나 프렌치 쇼콜라 쇼를 마시며 시간을 보내기에 좋습니다. 수제 초콜릿과 프렌치 디저트 비에누아즈리(Viennoiserie), 입맛을 돋구어 주는 니수아즈 샐러드 등 프랑스 소울푸드를 선보여 즐거운 선택의 기회를 제공합니다. 도심 속에 자리한 정원이 전면 유리창으로 보이는 쟈뎅 디베르는 커피와 디저트를 즐기기에 최고의 장소이며 테이크 아웃 메뉴와 다양한 고메 상품도 구입하실 수 있습니다.",https://dynamic-media-cdn.tripadvisor.com/media/photo-o/25/a2/6c/b4/jardin-d-hiver-hall.jpg?w=900&h=500&s=1,https://www.tripadvisor.co.kr/Restaurant_Review-g294197-d24636006-Reviews-Jardin_D_Hiver-Seoul.html
9245375,스타벅스 광화문D타워점,+82 2-758-8954,종로구 종로3길 17 D타워 replace 광화문 1층,(우) 03155,37.57139,126.97883,카페,,,https://dynamic-media-cdn.tripadvisor.com/media/photo-o/1a/e7/ac/b5/photo3jpg.jpg?w=900&h=500&s=1,https://www.tripadvisor.co.kr/Restaurant_Review-g294197-d9245375-Reviews-Starbucks_Gwanghwamun_D_Tower-Seoul.html
25126525,르빵 명동성당점,+82 2-3789-7545,중구 명동길 74 B103호,,37.56325,126.98683,베이커리,,,https://dynamic-media-cdn.tripadvisor.com/media/photo-o/26/cf/cb/8f/bakery.jpg?w=900&h=-1&s=1,https://www.tripadvisor.co.kr/Restaurant_Review-g294197-d25126525-Reviews-Le_Pain_Myeongdong-Seoul.html
28019590,삼청빙수,+82 507-1441-8233,종로구 삼청로 84-1,(우) 03053,37.58295,126.98189,디저트 명소,일 12:00~19:30 / 월 12:00~19:30 / 수 12:00~19:30 / 목 12:00~19:30 / 금 12:00~19:30 / 토 12:00~19:30,,https://dynamic-media-cdn.tripadvisor.com/media/photo-o/2c/d7/95/11/caption.jpg?w=900&h=500&s=1,https://www.tripadvisor.co.kr/Restaurant_Review-g294197-d28019590-Reviews-Samcheong_Bingsu-Seoul.html
3869184,스타벅스 갤러리아 팰리스점,,송파구 잠실동 40 갤러리아 팰리스  Galleria Palace,(우) 138-220,37.511234,127.09803,커피 및 차 전문점,,,https://dynamic-media-cdn.tripadvisor.com/media/photo-o/08/8c/2d/da/en-el-building-galleria.jpg?w=900&h=500&s=1,https://www.tripadvisor.co.kr/Restaurant_Review-g294197-d3869184-Reviews-Starbucks_Galleria_Pallace-Seoul.html
14156750,47번가 찻집,+82 2-737-2563,종로구 인사동길 47-9,(우) 03145,37.574154,126.984024,커피 및 차 전문점,,,https://dynamic-media-cdn.tripadvisor.com/media/photo-o/18/05/7a/a9/photo3jpg.jpg?w=900&h=500&s=1,https://www.tripadvisor.co.kr/Restaurant_Review-g294197-d14156750-Reviews-47th_Street_Tea_House-Seoul.html
14440797,카페 파스쿠찌 - KBS 본관점,+82 2-783-8497,영등포구 국회대로62길 25,(우) 07236,37.526215,126.91766,커피 및 차 전문점,,"커피, 젤라또, 파니니, 그라니따 등 다양한 메뉴와 친절한 점원들이 있습니다. 쾌적하고 시원한 매장 안에서 한 잔의 커피를 즐겨보세요.",https://dynamic-media-cdn.tripadvisor.com/media/photo-o/13/6f/c5/10/getlstd-property-photo.jpg?w=900&h=500&s=1,https://www.tripadvisor.co.kr/Restaurant_Review-g294197-d14440797-Reviews-Caffe_Pascucci_KBS_Bongwan-Seoul.html
15849987,회화나무,+82 2-795-3500,종로구 창덕궁길 35 3층,(우) 03058,37.578964,126.98911,바 > 카페 > 펍,,"Located 3rd floor, right beside of Changduck-gung Palace. Perfect eye level to enjoy palace view. Speciality of Tea and hand drip coffee. Also we have wine and beer. Please come and enjoy Korea's best view.",https://dynamic-media-cdn.tripadvisor.com/media/photo-o/16/54/a2/1d/best-point-of-view-of.jpg?w=900&h=500&s=1,https://www.tripadvisor.co.kr/Restaurant_Review-g294197-d15849987-Reviews-Hoehwa_Namu-Seoul.html
25445438,Kotton Seoul,,"17 Insadong 12-gil, Gwanhun-dong, Jongno-gu",,37.51502,127.01647,커피 및 차 전문점,일 11:00~20:00 / 월 11:00~20:00 / 화 11:00~20:00 / 수 11:00~20:00 / 목 11:00~20:00 / 금 11:00~20:00 / 토 11:00~20:00,,https://dynamic-media-cdn.tripadvisor.com/media/photo-o/28/d3/7b/04/caption.jpg?w=900&h=500&s=1,https://www.tripadvisor.co.kr/Restaurant_Review-g294197-d25445438-Reviews-Kotton_Seoul-Seoul.html
8858590,러빙헛 본점,+82 2-576-2158,강남구 개포로22길 35,(우) 06308,37.47687,127.049416,커피 및 차 전문점,,,https://dynamic-media-cdn.tripadvisor.com/media/photo-o/09/9b/b6/80/caption.jpg?w=600&h=400&s=1,https://www.tripadvisor.co.kr/Restaurant_Review-g294197-d8858590-Reviews-Loving_Hut_Main-Seoul.html
17749738,까페 빵선생 - 뚝섬본점,+82 2-499-6300,성동구 아차산로 168 1층,(우) 04787,37.5424,127.06212,커피 및 차 전문점,일 08:30~22:30 / 월 08:30~22:30 / 화 08:30~22:30 / 수 08:30~22:30 / 목 08:30~22:30 / 금 08:30~22:30 / 토 08:30~22:30,,https://dynamic-media-cdn.tripadvisor.com/media/photo-o/18/97/4c/52/caption.jpg?w=900&h=-1&s=1,https://www.tripadvisor.co.kr/Restaurant_Review-g294197-d17749738-Reviews-Bbang_Saem_Ttugseom_Bonjeom-Seoul.html
33055948,Lazy Youth,+82 2-6407-7770,"Doseon-dong, 330 1st Floor",,37.565044,127.0325,커피 및 차 전문점,일 12:00~00:00 / 월 12:00~00:00 / 화 12:00~00:00 / 수 12:00~00:00 / 목 12:00~00:00 / 금 12:00~00:00 / 토 12:00~00:00,"레이지유스는 아늑하고 조용한 분위기에서 커피와 디저트, 그리고 다양한 칵테일과 위스키를 즐기실 수 있는 공간입니다.치즈 요리와 토스트 요리도 제공되어 가벼운 식사와 함께 여유로운 시간을 보낼 수 있습니다. 서울의 숨은 명소에서 특별한 경험을 해보세요",https://dynamic-media-cdn.tripadvisor.com/media/photo-o/2f/9e/d9/af/caption.jpg?w=900&h=500&s=1,https://www.tripadvisor.co.kr/Restaurant_Review-g294197-d33055948-Reviews-Lazy_Youth-Seoul.html
33636684,Laputa Seoul (Shisha Cafe&Bar),+82 10-9814-4600,언주로170길 36 1층,(우) 06017,37.526405,127.03659,커피 및 차 전문점,일 11:00~01:00 / 월 11:00~01:00 / 화 11:00~01:00 / 수 11:00~01:00 / 목 11:00~01:00 / 금 11:00~02:00 / 토 11:00~02:00,"? Lapyuta Seoul ? Shisha lovers, welcome to your dream spot Enjoy aromatic shisha & sweet desserts by day, and unique shisha cocktails by night?all in a mystical forest-inspired space.",https://dynamic-media-cdn.tripadvisor.com/media/photo-o/31/11/47/1b/caption.jpg?w=900&h=500&s=1,https://www.tripadvisor.co.kr/Restaurant_Review-g294197-d33636684-Reviews-Laputa_Seoul-Seoul.html
23955416,오잇 서울,+82 10-8844-1993,용산구 신흥로 95,(우) 04337,37.54548,126.985054,커피 및 차 전문점,,,https://dynamic-media-cdn.tripadvisor.com/media/photo-o/22/e8/68/13/level-4-rooftop.jpg?w=900&h=500&s=1,https://www.tripadvisor.co.kr/Restaurant_Review-g294197-d23955416-Reviews-Oeat-Seoul.html
11915956,벤스쿠키 이태원점,+82 2-556-3275,용산구 이태원로 203,(우) 04349,37.534767,126.99657,베이커리,일 10:00~21:00 / 월 12:00~22:00 / 화 12:00~22:00 / 수 12:00~22:00 / 목 12:00~22:00 / 금 11:30~22:00 / 토 11:30~22:00,,https://dynamic-media-cdn.tripadvisor.com/media/photo-o/0e/16/50/4d/ben-cookies-exterior.jpg?w=900&h=500&s=1,https://www.tripadvisor.co.kr/Restaurant_Review-g294197-d11915956-Reviews-Ben_s_Cookies_Itaewon-Seoul.html
16882095,루프트 커피 - 광화문점,+82 2-2158-7945,종로구 종로 33 그랑서울 1층,(우) 03159,37.57067,126.98173,커피 및 차 전문점,일 12:00~20:00 / 월 08:30~20:00 / 화 08:30~20:00 / 수 08:30~20:00 / 목 08:30~20:00 / 금 08:30~20:00 / 토 12:30~20:30,Specialty coffee brand 'luft coffee gwanghwamun',https://dynamic-media-cdn.tripadvisor.com/media/photo-o/24/9a/38/9b/caption.jpg?w=900&h=500&s=1,https://www.tripadvisor.co.kr/Restaurant_Review-g294197-d16882095-Reviews-LUFT_GWANGHWAMUN-Seoul.html
12097684,스타벅스 송파구청점,+82 2-2145-0300,송파구 오금로 87,(우) 05542,37.514717,127.107155,커피 및 차 전문점,,,https://dynamic-media-cdn.tripadvisor.com/media/photo-o/0e/48/6c/ec/hall.jpg?w=900&h=500&s=1,https://www.tripadvisor.co.kr/Restaurant_Review-g294197-d12097684-Reviews-Starbucks_Songpa_gu_Office-Seoul.html
9142434,통인동커피공방,+82 2-725-9808,종로구 자하문로 41-1,(우) 03036,37.57978,126.9712,커피 및 차 전문점,,,https://dynamic-media-cdn.tripadvisor.com/media/photo-o/0d/1f/fa/88/20160928-205741-largejpg.jpg?w=900&h=-1&s=1,https://www.tripadvisor.co.kr/Restaurant_Review-g294197-d9142434-Reviews-Tongindong_Coffee_Cave-Seoul.html
26703473,고망고 홍대입구역점,+82 2-323-8808,마포구 와우산로35길71 1층 홍대입구역7번출구,,37.51502,127.01647,디저트 명소,일 10:00~23:00 / 월 10:00~23:00 / 화 10:00~23:00 / 수 10:00~23:00 / 목 10:00~23:00 / 금 10:00~23:00 / 토 10:00~23:00,#홍대카페 #망고쥬스 #홍대맛집 #홍대고망고 #고망고홍대입구역점,https://dynamic-media-cdn.tripadvisor.com/media/photo-o/2a/94/57/f0/gomango.jpg?w=900&h=500&s=1,https://www.tripadvisor.co.kr/Restaurant_Review-g294197-d26703473-Reviews-Go_Mango_Hongik_University_Station_Branch-Seoul.html
11884871,가회한경헌,+82 2-742-7769,종로구 창덕궁길 170,(우) 03051,37.583145,126.986725,커피 및 차 전문점,,아직 가회한경헌에 대한 콘텐츠가 없습니다.,https://dynamic-media-cdn.tripadvisor.com/media/photo-o/0e/f7/01/be/gallery-cafe-gahoe-hankyunghun.jpg?w=900&h=500&s=1,https://www.tripadvisor.co.kr/Restaurant_Review-g294197-d11884871-Reviews-Gallery_Cafe_Gahoe_Hankyunghun-Seoul.html
11491954,헤르만 쿠키,+82 10-2207-0907,광진구 자양로26길 16 1층,(우) 05039,37.541527,127.08501,베이커리,,"A variety of hand made macarons made with only natural flavoring and coloring. Also carrot cake, tiramisu, madeleine. Take out",https://dynamic-media-cdn.tripadvisor.com/media/photo-o/0d/19/00/e5/getlstd-property-photo.jpg?w=900&h=500&s=1,https://www.tripadvisor.co.kr/Restaurant_Review-g294197-d11491954-Reviews-Herman_Cookie-Seoul.html
32976849,루리커피,+82 70-7954-3427,"퇴계로20길, 31 Jung District",(우) 04629,37.558853,126.9862,커피 및 차 전문점,일 11:30~18:30 / 월 11:30~18:30 / 화 11:30~18:30 / 목 11:30~18:30 / 금 11:30~18:30 / 토 11:30~18:30,"The hand drip zone that uses high-quality Panama geisha beans A cafe with a takeout zone where Virtual Maid response. In the central hall, it is an exotic cafe with things to enjoy, such as goods/gacha/Ichibangkuji.",https://dynamic-media-cdn.tripadvisor.com/media/photo-o/30/2b/07/5f/caption.jpg?w=900&h=500&s=1,https://www.tripadvisor.co.kr/Restaurant_Review-g294197-d32976849-Reviews-Ruli_Coffee-Seoul.html
34175343,솔트빵,+82 70-8691-3553,동교로 39길 10 1층,,37.56218,126.92375,베이커리,일 11:00~19:30 / 월 11:00~19:30 / 화 11:00~19:30 / 수 11:00~19:30 / 목 11:00~19:30 / 금 11:00~19:30 / 토 11:00~19:30,"SALT BREAD Yeonnam is a specialty bakery caf? near Hongdae and Yeonnam-dong in Seoul. We bake fresh Korean-style salt bread daily, known for its crispy crust and soft, buttery interior. Enjoy Plain, Olive Cheese, Basil Tomato, Garlic Butter, Everything, and Hotteok Salt Bread. Pair it with our Zero Sugar Milk Tea blended with Earl Grey and Assam. A must-visit bakery caf? in Hongdae.",https://dynamic-media-cdn.tripadvisor.com/media/photo-o/32/6c/42/06/salt-bread-yeonnam-is.jpg?w=900&h=500&s=1,https://www.tripadvisor.co.kr/Restaurant_Review-g294197-d34175343-Reviews-Salt_Bread-Seoul.html
3911536,스타벅스 충무로역점,,중구 필동2가 충무 빌딩 1F Chungmu Building 1F,(우) 100-272,37.5615,126.99387,커피 및 차 전문점,,,https://dynamic-media-cdn.tripadvisor.com/media/photo-o/0d/b4/2b/cf/photo2jpg.jpg?w=900&h=500&s=1,https://www.tripadvisor.co.kr/Restaurant_Review-g294197-d3911536-Reviews-Starbucks_Chungmuro_Station-Seoul.html
13236518,분카샤 - 을지로점,+82 2-2269-6947,중구 을지로14길 20 호성p&p 2층,(우) 04550,37.565327,126.99215,커피 및 차 전문점,,,https://dynamic-media-cdn.tripadvisor.com/media/photo-o/18/fa/90/2f/caption.jpg?w=700&h=400&s=1,https://www.tripadvisor.co.kr/Restaurant_Review-g294197-d13236518-Reviews-Bunkasha_Euljiro-Seoul.html
33401625,신라당 익선 Silladang Ikseon,,"40, Donhwamun-ro 11 da-gil.",,37.566,126.9784,디저트 명소,,,https://dynamic-media-cdn.tripadvisor.com/media/photo-o/30/d8/77/37/caption.jpg?w=900&h=500&s=1,https://www.tripadvisor.co.kr/Restaurant_Review-g294197-d33401625-Reviews-Silladang_Ikseon-Seoul.html
8587685,52 로스터즈 랩,+82 70-7761-5222,중구 서소문로11길 14,(우) 04515,37.563297,126.97302,커피 및 차 전문점,,,https://dynamic-media-cdn.tripadvisor.com/media/photo-o/28/2d/3a/06/caption.jpg?w=900&h=500&s=1,https://www.tripadvisor.co.kr/Restaurant_Review-g294197-d8587685-Reviews-52_Roasters_Lab-Seoul.html
27934327,아모르 나폴리,+82 507-1381-5132,"종로구 계동길 15 1,2층",,37.582123,126.98628,베이커리,일 08:00~19:00 / 월 08:00~19:00 / 화 08:00~19:00 / 수 08:00~19:00 / 목 08:00~19:00 / 금 08:00~19:00 / 토 08:00~19:00,"Welcome to Amor Napoli, the first reproduction of the southern Italian bakery in Korea",https://dynamic-media-cdn.tripadvisor.com/media/photo-o/2c/8a/f9/8a/a-large-resting-area.jpg?w=900&h=500&s=1,https://www.tripadvisor.co.kr/Restaurant_Review-g294197-d27934327-Reviews-Amor_Napoli-Seoul.html
17376167,아티제 - 도산로점,+82 2-546-1790,강남구 도산대로45길 6 호림아트센터 2빌딩 1층,(우) 06021,37.52283,127.03642,커피 및 차 전문점,,,https://dynamic-media-cdn.tripadvisor.com/media/photo-o/0a/d7/54/e7/globetrotterj16.jpg?w=100&h=-1&s=1,https://www.tripadvisor.co.kr/Restaurant_Review-g294197-d17376167-Reviews-Cafe_Artisee_Dosanro-Seoul.html
6960428,삐아프 아티산 쇼콜라티에,+82 2-545-0317,"109, Nonhyeon-ro 175-gil 1F",(우) 135-888,37.522366,127.02057,디저트 명소,월 00:30~19:30 / 화 00:30~19:30 / 수 00:30~19:30 / 목 00:30~19:30 / 금 00:30~19:30 / 토 00:30~19:30,인생엔 초콜릿이 필요한 순간이 있다' 삐아프는 서울 가로수길에 자리한 프랑스식 초콜릿 전문점입니다. 발로나 커버춰만을 사용해 섬세하게 만든 봉봉과 감성적인 시즌 한정 제품으로 깊은 여운을 남깁니다. 초콜릿에 이야기를 담아내는 특별한 경험을 선사합니다.,https://dynamic-media-cdn.tripadvisor.com/media/photo-o/30/49/1c/0a/there-are-moments-in.jpg?w=900&h=500&s=1,https://www.tripadvisor.co.kr/Restaurant_Review-g294197-d6960428-Reviews-Piaf_Artisan_Chocolatier-Seoul.html
23883548,Breitling Cafe,,"1st Floor, Myeongbo Building 2, 13",(우) 04390,37.564693,126.99319,커피 및 차 전문점,일 10:00~21:00 / 월 10:00~21:00 / 화 10:00~21:00 / 수 10:00~21:00 / 목 10:00~21:00 / 금 10:00~21:00 / 토 10:00~21:00,,https://dynamic-media-cdn.tripadvisor.com/media/photo-o/22/09/88/dd/breitling-cafe-interior.jpg?w=900&h=500&s=1,https://www.tripadvisor.co.kr/Restaurant_Review-g294197-d23883548-Reviews-Breitling_Cafe-Seoul.html
17657131,블루보틀커피,+82 2-6212-6998,성동구 아차산로 7,(우) 04789,37.58001,126.98085,커피 및 차 전문점,,,https://dynamic-media-cdn.tripadvisor.com/media/photo-o/18/1c/5f/8d/20190618-152651-largejpg.jpg?w=900&h=-1&s=1,https://www.tripadvisor.co.kr/Restaurant_Review-g294197-d17657131-Reviews-Blue_Bottle_Coffee-Seoul.html
28152070,Cafe Mignon,,"55-15 Myeong-dong 2(i)-ga, Jung District, Seoul, South Korea",,37.566,126.9784,커피 및 차 전문점,일 08:00~23:00 / 월 08:00~23:00 / 화 08:00~23:00 / 수 08:00~23:00 / 목 08:00~23:00 / 금 08:00~23:00 / 토 08:00~23:00,,https://dynamic-media-cdn.tripadvisor.com/media/photo-o/2d/56/b9/2d/tart-selection.jpg?w=900&h=500&s=1,https://www.tripadvisor.co.kr/Restaurant_Review-g294197-d28152070-Reviews-Cafe_Mignon-Seoul.html
15584937,블랑제 메종 북악,+82 2-747-0305,성북구 성북로 156,(우) 02838,37.594723,126.9925,커피 및 차 전문점,,아직 블랑제 메종 북악에 대한 콘텐츠가 없습니다.,https://dynamic-media-cdn.tripadvisor.com/media/photo-o/18/a2/02/da/caption.jpg?w=900&h=-1&s=1,https://www.tripadvisor.co.kr/Restaurant_Review-g294197-d15584937-Reviews-Boulanger_Maison_Bukak-Seoul.html
8909846,빈스빈스,+82 2-717-4936,마포구 백범로 178,(우) 04148,37.543854,126.950066,커피 및 차 전문점,,,https://dynamic-media-cdn.tripadvisor.com/media/photo-o/16/ff/ba/0c/nice-coffee-shop.jpg?w=900&h=500&s=1,https://www.tripadvisor.co.kr/Restaurant_Review-g294197-d8909846-Reviews-Beans_Bins-Seoul.html
12826311,라이언카페,+82 2-6494-1100,서초구 강남대로 429 카카오프렌즈 강남 3층,(우) 06612,37.556606,126.92364,커피 및 차 전문점,,,https://dynamic-media-cdn.tripadvisor.com/media/photo-o/15/24/e7/71/photo4jpg.jpg?w=900&h=500&s=1,https://www.tripadvisor.co.kr/Restaurant_Review-g294197-d12826311-Reviews-Ryan_Cafe-Seoul.html
8809379,커피빈 스타타워점,+82 2-2112-2953,강남구 테헤란로 152 강남파이낸스센터 1층 10-A호,(우) 06236,37.499973,127.03696,커피 및 차 전문점,,,https://dynamic-media-cdn.tripadvisor.com/media/photo-o/18/d2/08/69/caption.jpg?w=700&h=400&s=1,https://www.tripadvisor.co.kr/Restaurant_Review-g294197-d8809379-Reviews-The_Coffee_Bean_Tea_Leaf_Star_Tower-Seoul.html
23972830,컴포즈커피 충무로점,,중구 필동로 3,(우) 04624,37.561237,126.99615,카페,,,https://dynamic-media-cdn.tripadvisor.com/media/photo-o/22/d6/a3/f2/cafe2.jpg?w=900&h=-1&s=1,https://www.tripadvisor.co.kr/Restaurant_Review-g294197-d23972830-Reviews-Keompojeu_Coffee_Chungmuro_Branch-Seoul.html
23181769,카페 레이어드,,마포구 성미산로 161-4,(우) 03980,37.55726,126.91687,디저트 명소,,"A cafe that offers British scones and various desserts with tea in a charming atmosphere. The place sells desserts on the first floor, with the second and third floors as the dining areas.",https://dynamic-media-cdn.tripadvisor.com/media/photo-o/1c/bf/ec/11/cafe-layered.jpg?w=900&h=500&s=1,https://www.tripadvisor.co.kr/Restaurant_Review-g294197-d23181769-Reviews-Cafe_Layered-Seoul.html
7748380,나무사이로,+82 70-7590-0885,종로구 사직로8길 21,(우) 03169,37.574562,126.97082,커피 및 차 전문점,일 10:00~22:00 / 월 10:00~22:00 / 화 10:00~22:00 / 수 10:00~22:00 / 목 10:00~22:00 / 금 10:00~22:00 / 토 10:00~22:00,,https://dynamic-media-cdn.tripadvisor.com/media/photo-o/0e/f1/b0/7a/inside-of-the-cafe.jpg?w=700&h=400&s=1,https://www.tripadvisor.co.kr/Restaurant_Review-g294197-d7748380-Reviews-Namusairo-Seoul.html
27743429,이니스프리 디아일 성수,+82 2-465-9788,성동구 성수이로7가길 11,(우) 04781,37.53848,127.05445,디저트 명소,일 11:00~21:00 / 월 11:00~21:00 / 화 11:00~21:00 / 수 11:00~21:00 / 목 11:00~21:00 / 금 11:00~21:00 / 토 11:00~21:00,,https://dynamic-media-cdn.tripadvisor.com/media/photo-o/2c/30/85/ae/caption.jpg?w=900&h=500&s=1,https://www.tripadvisor.co.kr/Restaurant_Review-g294197-d27743429-Reviews-Innisfree-Seoul.html
15190396,멜로워,+82 2-499-1112,성동구 성수이로7길 39,(우) 04781,37.5425,127.05321,커피 및 차 전문점,,,https://dynamic-media-cdn.tripadvisor.com/media/photo-o/18/50/cf/22/2nd-round.jpg?w=900&h=500&s=1,https://www.tripadvisor.co.kr/Restaurant_Review-g294197-d15190396-Reviews-Mellower-Seoul.html
17329409,벤스쿠키 - 광화문 디타워점,+82 2-2251-8020,종로구 종로3길 17 104호,(우) 03155,37.570965,126.978806,디저트 명소,,아직 벤스쿠키 - 광화문 디타워점에 대한 콘텐츠가 없습니다.,https://dynamic-media-cdn.tripadvisor.com/media/photo-o/2d/e1/5a/00/caption.jpg?w=900&h=500&s=1,https://www.tripadvisor.co.kr/Restaurant_Review-g294197-d17329409-Reviews-Ben_s_Cookies_Gwanghwamun_D_Tower-Seoul.html
3938982,던킨 도너츠 시청역,+82 2-778-3122,중구 태평로2가 360-1  광학빌딩 1층,,37.564636,126.97662,커피 및 차 전문점,일 07:00~23:00 / 월 07:00~23:00 / 화 07:00~23:00 / 수 07:00~23:00 / 목 07:00~23:00 / 금 07:00~23:00 / 토 07:00~23:00,,https://dynamic-media-cdn.tripadvisor.com/media/photo-o/09/91/fd/7a/dunkin-donut-city-hall.jpg?w=900&h=500&s=1,https://www.tripadvisor.co.kr/Restaurant_Review-g294197-d3938982-Reviews-Dunkin_Donut_City_Hall_Station_Store-Seoul.html
15632632,더하우스1932,+82 2-365-1932,중구 만리재로35길 5,(우) 04501,37.55556,126.967514,커피 및 차 전문점,,,https://dynamic-media-cdn.tripadvisor.com/media/photo-o/19/8d/f8/bf/photo7jpg.jpg?w=900&h=500&s=1,https://www.tripadvisor.co.kr/Restaurant_Review-g294197-d15632632-Reviews-The_House1932-Seoul.html
12290143,로비라운지,+82 2-531-6611,강남구 봉은사로 130 노보텔 앰배서더 서울 강남 로비층,(우) 06124,37.50541,127.02884,커피 및 차 전문점,일 10:00~22:00 / 월 10:00~22:00 / 화 10:00~22:00 / 수 10:00~22:00 / 목 10:00~22:00 / 금 10:00~22:00 / 토 10:00~22:00,"로비에 들어서면 눈 앞에 펼쳐지는 로비 라운지의 폭포수가 여름에는 시원함을, 겨울에는 아름다운 설경을 선사해드립니다. 푹신한 소파에서 커피, 칵테일, 차 등 각 종 음료와 함께 다양한 디저트를 골라 드실 수 있으며, 간단한 식사도 제공하고 있습니다. 낮에는 조용한 분위기에서 비즈니스 만남을, 저녁에는 부드러운 조명 밑에서 아늑한 분위기를 만끽하실 수 있습니다.",https://dynamic-media-cdn.tripadvisor.com/media/photo-o/0e/f4/2a/c2/lobby-lounge-day.jpg?w=900&h=500&s=1,https://www.tripadvisor.co.kr/Restaurant_Review-g294197-d12290143-Reviews-Lobby_Lounge-Seoul.html
27462825,차차티클럽 북촌라운지,,종로구 계동길 103-7,,37.58198,126.98635,커피 및 차 전문점,일 10:00~20:00 / 화 10:00~20:00 / 수 10:00~20:00 / 목 10:00~20:00 / 금 10:00~20:00 / 토 10:00~20:00,"Cha Cha Tea Club is the place where you can infuse tea yourself using prepared tea tools. If you are interested in tea or have no experience, you can come comfortably and enjoy tea with kind advice from tea sommelier. Take a cup of tea in a cozy Hanok, and take a break from your busy city routine for a moment.",https://dynamic-media-cdn.tripadvisor.com/media/photo-o/2b/a0/3b/1c/the-way-you-look-when.jpg?w=900&h=500&s=1,https://www.tripadvisor.co.kr/Restaurant_Review-g294197-d27462825-Reviews-Cha_Cha_Tea_Club_Bukchon_Lounge-Seoul.html
10677750,카페 사루,+82 2-792-0999,용산구 회나무로28길 6-3,(우) 04346,37.53941,126.9917,커피 및 차 전문점,,,https://dynamic-media-cdn.tripadvisor.com/media/photo-o/0c/94/c7/bb/caption.jpg?w=800&h=500&s=1,https://www.tripadvisor.co.kr/Restaurant_Review-g294197-d10677750-Reviews-Cafe_Saru-Seoul.html
9194866,노랑카페 서초점,+82 2-2283-2233,서초구 서초대로53길 25 벧엘빌딩,(우) 06604,37.568363,127.00778,커피 및 차 전문점,,,https://dynamic-media-cdn.tripadvisor.com/media/photo-o/0e/3a/14/8f/photo0jpg.jpg?w=900&h=500&s=1,https://www.tripadvisor.co.kr/Restaurant_Review-g294197-d9194866-Reviews-Yellow_Cafe_Seocho-Seoul.html
3911376,스타벅스 종로3가점,,종로구 종로3가 9-3  1-4F 1-4f,(우) 110-123,37.57031,126.990425,커피 및 차 전문점,,,https://dynamic-media-cdn.tripadvisor.com/media/photo-o/0f/21/70/5d/starbucks.jpg?w=900&h=500&s=1,https://www.tripadvisor.co.kr/Restaurant_Review-g294197-d3911376-Reviews-Starbucks_Jongno_3_ga-Seoul.html
14391465,디저트.39 - 거여역점,+82 2-448-4487,송파구 오금로 498 1층 1호,(우) 05772,37.492954,127.143875,미국 요리 > 카페,,,https://dynamic-media-cdn.tripadvisor.com/media/photo-o/17/63/bc/0b/excellents-desserts-et.jpg?w=900&h=500&s=1,https://www.tripadvisor.co.kr/Restaurant_Review-g294197-d14391465-Reviews-Dessert_39_Geoyeo_Station-Seoul.html
14957276,프릳츠 커피 - 양재점,+82 2-521-4148,서초구 강남대로37길 24-11,(우) 06735,37.485332,127.03218,커피 및 차 전문점,,,https://dynamic-media-cdn.tripadvisor.com/media/photo-o/15/b3/25/b5/img-20181212-184744-largejpg.jpg?w=900&h=500&s=1,https://www.tripadvisor.co.kr/Restaurant_Review-g294197-d14957276-Reviews-Fritz_Coffee_Company_Yangjae-Seoul.html
19266086,더치앤빈 - 서울외대점,+82 70-4319-9101,동대문구 휘경로 3-4,(우) 02419,37.59644,127.06086,카페,,,https://dynamic-media-cdn.tripadvisor.com/media/photo-o/1a/f6/f4/5d/default-avatar-2020-32.jpg?w=100&h=-1&s=1,https://www.tripadvisor.co.kr/Restaurant_Review-g294197-d19266086-Reviews-Dutch_Bean_Coffee_Seoul_Oedae-Seoul.html
9287292,설빙 동대문점,+82 2-2276-0992,중구 을지로 254 타임캐슬 오피스텔,(우) 04561,37.5664,127.00654,디저트 명소,,,https://dynamic-media-cdn.tripadvisor.com/media/photo-o/17/92/21/c5/sulbing-dongdaemun.jpg?w=900&h=500&s=1,https://www.tripadvisor.co.kr/Restaurant_Review-g294197-d9287292-Reviews-Sulbing_Dongdaemun-Seoul.html
3973048,배스킨라빈스 CAFE31광화문,+82 2-737-5530,종로구 새문안로9길 29,(우) 03183,37.57145,126.975365,디저트 명소,,아직 배스킨라빈스 CAFE31광화문에 대한 콘텐츠가 없습니다.,https://dynamic-media-cdn.tripadvisor.com/media/photo-o/09/93/cf/67/baskin-robbins-cafe-31.jpg?w=900&h=500&s=1,https://www.tripadvisor.co.kr/Restaurant_Review-g294197-d3973048-Reviews-Baskin_Robbins_Cafe_31_Gwanghwamun_Store-Seoul.html
19094650,야미요밀 - 합정점,+82 2-325-0082,마포구 양화로7길 6-5 1층,(우) 04037,37.551525,126.91522,베이커리,,,https://dynamic-media-cdn.tripadvisor.com/media/photo-o/19/98/e3/cf/caption.jpg?w=900&h=500&s=1,https://www.tripadvisor.co.kr/Restaurant_Review-g294197-d19094650-Reviews-Yummyyomil_Hapjeong-Seoul.html
23862760,온더플랜커피랩,+82 2-2268-7080,중구 퇴계로 202,(우) 04625,37.560917,126.99428,커피 및 차 전문점,,,https://dynamic-media-cdn.tripadvisor.com/media/photo-o/22/00/e8/86/inside.jpg?w=900&h=-1&s=1,https://www.tripadvisor.co.kr/Restaurant_Review-g294197-d23862760-Reviews-Caffee_On_the_Plan-Seoul.html
27525610,말똥카니발,+82 507-1312-3351,중구 명동8길 27 엠플라자 4층,(우) 04536,37.562485,126.98493,커피 및 차 전문점,일 10:00~22:00 / 월 10:00~22:00 / 화 10:00~22:00 / 수 10:00~22:00 / 목 10:00~22:00 / 금 10:00~22:00 / 토 10:00~22:00,,https://dynamic-media-cdn.tripadvisor.com/media/photo-o/2b/d1/00/bf/caption.jpg?w=900&h=500&s=1,https://www.tripadvisor.co.kr/Restaurant_Review-g294197-d27525610-Reviews-Malddong_Carnival-Seoul.html
6818454,스탠딩 커피,+82 2-794-0427,용산구 녹사평대로 224-1,(우) 04345,37.537712,126.98694,커피 및 차 전문점,,,https://dynamic-media-cdn.tripadvisor.com/media/photo-o/08/29/38/6d/standing-coffee.jpg?w=900&h=500&s=1,https://www.tripadvisor.co.kr/Restaurant_Review-g294197-d6818454-Reviews-Standing_Coffee-Seoul.html
3472833,Starbucks,97155289189,Ace Twin Tower Guro,,37.56654,126.977806,커피 및 차 전문점,,,https://dynamic-media-cdn.tripadvisor.com/media/photo-o/1b/4d/59/4d/starbucks.jpg?w=900&h=500&s=1,https://www.tripadvisor.co.kr/Restaurant_Review-g294197-d3472833-Reviews-Starbucks-Seoul.html
28662734,노아베이커리 성수,,Yeonmujang 5-gil 19 1F,,37.54498,127.05311,베이커리,,,https://dynamic-media-cdn.tripadvisor.com/media/photo-o/2d/e0/e3/04/caption.jpg?w=900&h=-1&s=1,https://www.tripadvisor.co.kr/Restaurant_Review-g294197-d28662734-Reviews-Noah_Bakery_Seongsu-Seoul.html
9245739,스타벅스 을지로한국빌딩점,+82 2-758-8385,중구 을지로 50 을지로한국빌딩,(우) 04534,37.565628,126.98328,커피 및 차 전문점,,,https://dynamic-media-cdn.tripadvisor.com/media/photo-o/11/c2/c1/3f/starbucks.jpg?w=600&h=400&s=1,https://www.tripadvisor.co.kr/Restaurant_Review-g294197-d9245739-Reviews-Starbucks_Euljiro_Hanguk_Bldg-Seoul.html
3864201,스타벅스 강남GT타워점,+82 2-758-8477,서초구 서초대로 411,(우) 06615,37.497746,127.02603,커피 및 차 전문점,,,https://dynamic-media-cdn.tripadvisor.com/media/photo-o/07/dc/a8/68/inside-gt-tower.jpg?w=900&h=500&s=1,https://www.tripadvisor.co.kr/Restaurant_Review-g294197-d3864201-Reviews-Starbucks_Gangnam_GT_Tower-Seoul.html
13172783,빌리엔젤 당산역점,+82 2-2632-9555,영등포구 당산로 223,(우) 07213,37.533825,126.90165,커피 및 차 전문점,,,https://dynamic-media-cdn.tripadvisor.com/media/photo-o/1a/ce/03/16/photo1jpg.jpg?w=900&h=500&s=1,https://www.tripadvisor.co.kr/Restaurant_Review-g294197-d13172783-Reviews-Billy_Angel_Dangsan_Station-Seoul.html
26448982,키토빵앗간,,"36, World Cup-ro 19-gil, Mapo-gu 1st Floor",,37.55595,126.90776,베이커리,일 12:00~19:00 / 월 12:00~19:00 / 목 12:00~19:00 / 금 12:00~19:00 / 토 12:00~19:00,"* No wheat, Low sugar, Gluten free, hand-made desserts shop.* Instead of wheat and sugar, we use almond powder and allulose to make desserts. We make chocolate “from scratch” without sugar. Red bean paste, fruit jam as well",https://dynamic-media-cdn.tripadvisor.com/media/photo-o/32/0a/8e/2d/they-are-all-no-wheat.jpg?w=900&h=500&s=1,https://www.tripadvisor.co.kr/Restaurant_Review-g294197-d26448982-Reviews-Ketobbang-Seoul.html
9245804,스타벅스 경복궁사거리점,+82 2-758-8386,종로구 율곡로 6 트윈트리 빌딩 1층,(우) 03142,37.57583,126.98055,커피 및 차 전문점,,,https://dynamic-media-cdn.tripadvisor.com/media/photo-o/10/78/b9/5e/caption.jpg?w=900&h=500&s=1,https://www.tripadvisor.co.kr/Restaurant_Review-g294197-d9245804-Reviews-Starbucks_Gyeongbokgung_Sageori-Seoul.html
26639286,파티세리후르츠,+82 2-6956-1910,성동구 아차산로5길 37-1 1층,,37.54873,127.05427,디저트 명소,,,https://dynamic-media-cdn.tripadvisor.com/media/photo-o/2a/5e/7a/49/caption.jpg?w=900&h=-1&s=1,https://www.tripadvisor.co.kr/Restaurant_Review-g294197-d26639286-Reviews-Patisserie_Fruits-Seoul.html
33288454,Aqua Garden Cafe Lotte World Tower,+82 50-71469-8440,"Olympic-ro, 300 B1, Songpa District",,37.513725,127.104256,커피 및 차 전문점,일 10:30~22:00 / 월 10:30~22:00 / 화 10:30~22:00 / 수 10:30~22:00 / 목 10:30~22:00 / 금 10:30~22:00 / 토 10:30~22:00,,https://dynamic-media-cdn.tripadvisor.com/media/photo-o/30/f1/94/77/pececito.jpg?w=900&h=500&s=1,https://www.tripadvisor.co.kr/Restaurant_Review-g294197-d33288454-Reviews-Aqua_Garden_Cafe_Lotte_World_Tower-Seoul.html
15815206,원오브씨,+82 10-9256-4555,서대문구 신촌로3길 5 S,(우) 03785,37.55833,126.92886,커피 및 차 전문점,월 09:00~22:00 / 화 09:00~22:00 / 수 09:00~22:00 / 목 09:00~22:00 / 금 09:00~22:00 / 토 09:00~22:00,,https://dynamic-media-cdn.tripadvisor.com/media/photo-o/16/3c/59/48/interior.jpg?w=900&h=500&s=1,https://www.tripadvisor.co.kr/Restaurant_Review-g294197-d15815206-Reviews-One_of_C-Seoul.html
12881535,커피니 을지로4가역점,+82 2-2266-1325,중구 을지로 178 을지로4가역 지하1층(7번출구측),(우) 04548,37.56649,126.99653,카페,,,https://dynamic-media-cdn.tripadvisor.com/media/photo-o/12/18/64/ae/caption.jpg?w=900&h=500&s=1,https://www.tripadvisor.co.kr/Restaurant_Review-g294197-d12881535-Reviews-Coffeenie_Euljiro_4_ga_Station-Seoul.html
33219082,합정티라미수,+82 2-332-7358,양화로 3길 55 마포구,(우) 04025,37.551308,126.91088,디저트 명소,일 12:00~23:30 / 월 12:00~23:30 / 화 12:00~23:30 / 수 12:00~23:30 / 목 12:00~23:30 / 금 12:00~23:30 / 토 12:00~23:30,,https://dynamic-media-cdn.tripadvisor.com/media/photo-o/30/4c/41/19/caption.jpg?w=900&h=-1&s=1,https://www.tripadvisor.co.kr/Restaurant_Review-g294197-d33219082-Reviews-Hapjeong_Tiramisu-Seoul.html
9287266,설빙,+82 2-522-8018,서초구 서초대로54길 24,,37.493187,127.01584,커피 및 차 전문점,,,https://dynamic-media-cdn.tripadvisor.com/media/photo-o/1a/2f/2b/78/photo0jpg.jpg?w=900&h=500&s=1,https://www.tripadvisor.co.kr/Restaurant_Review-g294197-d9287266-Reviews-Sulbing-Seoul.html
26242829,Cafe Layered Yeonnam,+82 10-8260-3282,"161-4, Seongmisan-ro, Mapo-gu 1f-2f",(우) 03980,37.564976,126.92418,디저트 명소,일 10:00~22:00 / 월 10:00~22:00 / 화 10:00~22:00 / 수 10:00~22:00 / 목 10:00~22:00 / 금 10:00~22:00 / 토 10:00~22:00,,https://dynamic-media-cdn.tripadvisor.com/media/photo-o/29/87/ec/e9/caption.jpg?w=700&h=400&s=1,https://www.tripadvisor.co.kr/Restaurant_Review-g294197-d26242829-Reviews-Cafe_Layered_Yeonnam-Seoul.html
12863857,오헤어22,+82 10-3817-6217,중구 만리재로 201,(우) 04508,37.55579,126.96795,바 및 펍,,"O'hare22 is a cafe/bar where you can chill and relax. (Yes, we are from Chicago)",https://dynamic-media-cdn.tripadvisor.com/media/photo-o/14/fc/94/7b/photo0jpg.jpg?w=900&h=500&s=1,https://www.tripadvisor.co.kr/Restaurant_Review-g294197-d12863857-Reviews-O_HARE_22-Seoul.html
7748072,클럽에스프레소,+82 2-764-8719,종로구 창의문로 132,(우) 03020,37.592644,126.96597,커피 및 차 전문점,,,https://dynamic-media-cdn.tripadvisor.com/media/photo-o/0b/13/cd/ec/upper-level-relaxed-seating.jpg?w=900&h=500&s=1,https://www.tripadvisor.co.kr/Restaurant_Review-g294197-d7748072-Reviews-Club_Espresso-Seoul.html
33262911,"Banjul, Seoul",+82 2-733-1800," 23, Samil-daero 17-gil, Jongno-gu, Seoul, Republic of Korea",(우) 03190,37.568913,126.98665,커피 및 차 전문점,일 11:00~21:30 / 월 11:00~22:30 / 화 11:00~22:30 / 수 11:00~22:30 / 목 11:00~22:30 / 금 11:00~22:30 / 토 11:00~22:30,"반쥴 ? 서울 한복판, 50년을 지켜온 카페이자 아티스트의 놀이터 종로의 조용한 골목 안에 자리한 반쥴은 단순한 카페를 넘어, 서울의 문화와 예술이 살아 숨 쉬는 공간입니다. 1974년 문을 연 이래 수많은 예술가와 작가, 여행자들이 이곳을 거쳐 갔습니다. 세계 각국에서 수집한 커피 그라인더와 은 스푼 컬렉션, 그리고 빈티지한 인테리어는 작은 박물관을 연상케 하며, 반쥴만의 깊은 멋을 더합니다. 복잡한 도심 속에서 반쥴은 일상의 분주함을 잠시 잊게 해주는 오아시스 같은 쉼터가 되어줍니다. 뉴욕 serendipitea의 유기농 차와 커피를 마시며 오래된 가구 사이에 앉아 쉬거나, 5층 루프탑 아카이브룸에 올라 반쥴의 50년 역사를 눈으로 담아보세요. 운이 좋다면 세계 각지의 실력 있는 뮤지션들이 펼치는 공연을 가까이에서 즐길 수 있습니다. 공연 일정은 인스타그램 @banjul_stage에서 확인하실 수 있습니다. 반쥴은 영감을 찾는 이에게도, 조용히 머물고 싶은 이에게도 ‘시간의 아름다움’을 선물하는 특별한 공간입니다.",https://dynamic-media-cdn.tripadvisor.com/media/photo-o/30/35/cb/86/coffee-grinder-collection.jpg?w=900&h=500&s=1,https://www.tripadvisor.co.kr/Restaurant_Review-g294197-d33262911-Reviews-Banjul_Seoul-Seoul.html
10536327,파리크라상키친 - 올림픽공원 키친점,+82 2-424-0316,송파구 올림픽로 424,(우) 05540,37.521786,127.11652,카페,,,https://dynamic-media-cdn.tripadvisor.com/media/photo-o/1a/f6/ec/a2/default-avatar-2020-3.jpg?w=100&h=-1&s=1,https://www.tripadvisor.co.kr/Restaurant_Review-g294197-d10536327-Reviews-Paris_Croissant_Kitchen_Olympic_Park_Kitchen-Seoul.html
9330931,폴바셋 여의도점,+82 2-3775-0098,영등포구 여의대로 66 KTB투자증권빌딩 B동 1층,(우) 07325,37.5245,126.92371,커피 및 차 전문점,,,https://dynamic-media-cdn.tripadvisor.com/media/photo-o/10/87/86/4e/caption.jpg?w=900&h=500&s=1,https://www.tripadvisor.co.kr/Restaurant_Review-g294197-d9330931-Reviews-Paul_Bassett_Yeouido-Seoul.html
23820260,Zenzero,+82 2-543-1261,"1f, 14 Seolleung-ro 126-gil, Gangnam-gu Yewoo Building",(우) 06092,37.51523,127.04321,디저트 명소,일 12:00~22:00 / 월 12:00~22:00 / 화 12:00~22:00 / 수 12:00~22:00 / 목 12:00~22:00 / 금 12:00~22:00 / 토 12:00~22:00,,https://dynamic-media-cdn.tripadvisor.com/media/photo-o/21/c1/a1/44/zenzero-s-gelato-storage.jpg?w=900&h=500&s=1,https://www.tripadvisor.co.kr/Restaurant_Review-g294197-d23820260-Reviews-Zenzero-Seoul.html
10162305,비스켓 롯데월드몰점,+82 2-3213-4247,송파구 올림픽로 300 롯데월드몰 2F,(우) 05551,37.51292,127.10251,디저트 명소,일 10:00~10:00 / 월 10:00~10:00 / 화 10:00~10:00 / 수 10:00~10:00 / 목 10:00~10:00 / 금 10:00~10:00 / 토 10:00~10:00,"내가 선택한 과일과 야채로 나만의 신선한 주스를 만든다! 백만가지 맛, 백만가지 스토리 D.I.Y 생과일 주스 전문점 '비스켓'",https://dynamic-media-cdn.tripadvisor.com/media/photo-o/0b/69/97/af/beeket-dongdaemun-design.jpg?w=900&h=-1&s=1,https://www.tripadvisor.co.kr/Restaurant_Review-g294197-d10162305-Reviews-Beesket_Lotte_World_Mall-Seoul.html
13078292,조앤더주스 - 현대백화점유플렉스목동점,+82 2-2163-2091,양천구 목동동로 257,(우) 07998,37.526825,126.87498,디저트 명소,,,https://dynamic-media-cdn.tripadvisor.com/media/photo-o/12/dc/ec/2d/20180504-112003-largejpg.jpg?w=800&h=500&s=1,https://www.tripadvisor.co.kr/Restaurant_Review-g294197-d13078292-Reviews-Joe_The_Juice_Hyundai_Department_Store_U_Plex_Mokdong-Seoul.html
14888086,폴바셋 - 을지로파인에비뉴점,+82 2-6031-5110,중구 을지로 100,(우) 04551,37.565697,126.98849,커피 및 차 전문점,,,https://dynamic-media-cdn.tripadvisor.com/media/photo-o/16/3c/1d/bd/photo0jpg.jpg?w=900&h=500&s=1,https://www.tripadvisor.co.kr/Restaurant_Review-g294197-d14888086-Reviews-Paul_Bassett_Euljiro_Pine_Avenue-Seoul.html
27122602,???????? ?????,,중구 퇴계로10길 34,,37.558117,126.98107,베이커리,월 08:00~20:00 / 화 08:00~20:00 / 수 08:00~20:00 / 목 08:00~20:00 / 금 00:00~23:59 / 토 10:00~18:00,비건 도넛 전문점,https://dynamic-media-cdn.tripadvisor.com/media/photo-o/2d/7e/7c/a5/caption.jpg?w=900&h=500&s=1,https://www.tripadvisor.co.kr/Restaurant_Review-g294197-d27122602-Reviews-O_verte-Seoul.html
20324252,엔제리너스 - 롯데몰 은평 4층점,+82 2-6975-5408,은평구 통일로 1050 롯데몰은평 4층,(우) 03306,37.637516,126.91779,커피 및 차 전문점,,아직 엔제리너스 - 롯데몰 은평 4층점에 대한 콘텐츠가 없습니다.,https://dynamic-media-cdn.tripadvisor.com/media/photo-o/1b/38/53/1d/caption.jpg?w=700&h=400&s=1,https://www.tripadvisor.co.kr/Restaurant_Review-g294197-d20324252-Reviews-Angelinus_Lotte_Mall_Eunpyeong_4F-Seoul.html
8946896,아티제,+82 2-6030-8930,을지로5길 26,,37.567062,126.985916,커피 및 차 전문점,,,https://dynamic-media-cdn.tripadvisor.com/media/photo-o/19/bf/d9/27/photo1jpg.jpg?w=900&h=500&s=1,https://www.tripadvisor.co.kr/Restaurant_Review-g294197-d8946896-Reviews-Ati_Je-Seoul.html
28051302,퍼스트커피랩 홍대점,+82 70-7867-8367,마포구 신촌로4길 9,(우) 04056,37.557507,126.92898,카페,,,https://dynamic-media-cdn.tripadvisor.com/media/photo-o/2d/04/80/d2/caption.jpg?w=900&h=-1&s=1,https://www.tripadvisor.co.kr/Restaurant_Review-g294197-d28051302-Reviews-First_Coffee_Lab-Seoul.html
8884222,부빙,+82 2-394-8288,종로구 창의문로 136,(우) 03020,37.592697,126.96535,디저트 명소,,,https://dynamic-media-cdn.tripadvisor.com/media/photo-o/17/71/e1/58/bubing.jpg?w=900&h=500&s=1,https://www.tripadvisor.co.kr/Restaurant_Review-g294197-d8884222-Reviews-Bubing-Seoul.html
14997214,쿠크봉 - 홍대 본점,+82 2-6449-1533,마포구 홍익로 10 148호,(우) 04055,37.554012,126.92324,디저트 명소,일 11:00~22:00 / 월 11:00~22:00 / 화 11:00~22:00 / 수 11:00~22:00 / 목 11:00~22:00 / 금 11:00~23:00 / 토 11:00~23:00,Couquebon is the most famous ice cream cafe on Hongdae street. We serve the 100% organic milk ice cream with apremium langue de chat cones. You can try very pure and sweet things you've never tried before.,https://dynamic-media-cdn.tripadvisor.com/media/photo-o/14/25/52/6b/couquebon-store-view.jpg?w=800&h=400&s=1,https://www.tripadvisor.co.kr/Restaurant_Review-g294197-d14997214-Reviews-Couquebon_Hongdae_Head_Office-Seoul.html
3894907,스타벅스 타임스퀘어점 지하2층,,영등포동4가 442  Artrium B2 Artrium B2,(우) 150-798,37.51906,126.90366,커피 및 차 전문점,,,https://dynamic-media-cdn.tripadvisor.com/media/photo-o/0b/d7/95/ce/starbucks-time-square.jpg?w=900&h=-1&s=1,https://www.tripadvisor.co.kr/Restaurant_Review-g294197-d3894907-Reviews-Starbucks_Time_Square_B2-Seoul.html
14167790,헬카페,+82 70-7604-3456,용산구 보광로 76,(우) 04414,37.530277,126.996994,커피 및 차 전문점,,,https://dynamic-media-cdn.tripadvisor.com/media/photo-o/19/f0/e6/68/hell-cafe-roastery-shop.jpg?w=900&h=500&s=1,https://www.tripadvisor.co.kr/Restaurant_Review-g294197-d14167790-Reviews-Hell_Cafe_Roastery_Shop-Seoul.html
7149804,주카스 아티산 젤라또,+82 70-7012-0615,용산구 이태원로26길 12,(우) 04391,37.533756,126.99316,디저트 명소,,"Authentic Italian artisan gelato shop and cafe' .you can enjoy this guilt-free pleasure made with real, fresh ingredients. All the gelato made fresh at the location by the Italian owner.",https://dynamic-media-cdn.tripadvisor.com/media/photo-o/0f/27/c5/a0/zucca-s-artisan-gelato.jpg?w=900&h=500&s=1,https://www.tripadvisor.co.kr/Restaurant_Review-g294197-d7149804-Reviews-Zucca_s_Artisan_Gelato-Seoul.html
8681756,코코호도 명동성당점,+82 2-778-5533,중구 명동길 79,(우) 04538,37.56439,126.98654,커피 및 차 전문점,,,https://dynamic-media-cdn.tripadvisor.com/media/photo-o/13/51/03/2f/photo2jpg.jpg?w=900&h=500&s=1,https://www.tripadvisor.co.kr/Restaurant_Review-g294197-d8681756-Reviews-Cocohodo_Myeongdong_Cathedral-Seoul.html
27922715,오우드 성수2호점,+82 70-8840-2436,성동구 성수이로24길 36 2nd floor,(우) 04798,37.54455,127.06106,커피 및 차 전문점,,,https://dynamic-media-cdn.tripadvisor.com/media/photo-o/2c/79/e4/a7/caption.jpg?w=900&h=-1&s=1,https://www.tripadvisor.co.kr/Restaurant_Review-g294197-d27922715-Reviews-Oude-Seoul.html
16850420,흑화당 - 서울 홍대 본점,+82 2-6407-7888,마포구 와우산로21길 24 1층,(우) 04040,37.552414,126.922714,커피 및 차 전문점,,,https://dynamic-media-cdn.tripadvisor.com/media/photo-o/1a/0c/c8/a7/caption.jpg?w=900&h=500&s=1,https://www.tripadvisor.co.kr/Restaurant_Review-g294197-d16850420-Reviews-Heukhwadang_Seoul_Hongdae_Bonjeom-Seoul.html
9008255,홍팥집,+82 2-430-6577,성내천로 77,,37.50153,127.13809,베이커리,,,https://dynamic-media-cdn.tripadvisor.com/media/photo-o/17/77/ac/64/photo0jpg.jpg?w=900&h=500&s=1,https://www.tripadvisor.co.kr/Restaurant_Review-g294197-d9008255-Reviews-Hong_Red_Bean_House-Seoul.html
11667356,파리바게뜨 카페신촌점,+82 2-364-8202,서대문구 연세로4길 1,(우) 03777,37.55703,126.937126,커피 및 차 전문점,,,https://dynamic-media-cdn.tripadvisor.com/media/photo-o/13/85/ca/63/cafe-2.jpg?w=900&h=500&s=1,https://www.tripadvisor.co.kr/Restaurant_Review-g294197-d11667356-Reviews-Paris_Baguette_Cafe_Sinchon-Seoul.html
27921948,프렌떼 한남,+82 2-795-5255,용산구 한남동684-17,(우) 04400,37.535587,127.001,베이커리,일 12:00~08:00 / 화 12:00~08:00 / 수 12:00~08:00 / 목 12:00~08:00 / 금 12:00~08:00 / 토 12:00~08:00,,https://dynamic-media-cdn.tripadvisor.com/media/photo-o/2c/87/a3/c2/caption.jpg?w=900&h=500&s=1,https://www.tripadvisor.co.kr/Restaurant_Review-g294197-d27921948-Reviews-Frente-Seoul.html
23827068,로덴드론 동교점,+82 507-1474-3380,마포구 신촌로4길 11 세광빌딩 1층,(우) 04056,37.557228,126.92853,커피 및 차 전문점,,,https://dynamic-media-cdn.tripadvisor.com/media/photo-o/21/cd/d7/93/inside3.jpg?w=900&h=-1&s=1,https://www.tripadvisor.co.kr/Restaurant_Review-g294197-d23827068-Reviews-Rodendron_Donggyo-Seoul.html
12567675,요거트맨 종로서적점,+82 2-725-8338,종로구 계동길 51 종로타워 지하 2층,(우) 03056,37.570538,126.98364,디저트 명소,,"더 건강한 삶을 위하여, 요거트맨 요거트를 드셔보세요. 제주도산 우유를 이용해 만든 맛있는 요거트 배고프지 않게 다이어트 하는 똑똑한 방법!!",https://dynamic-media-cdn.tripadvisor.com/media/photo-o/0f/9f/e1/ad/getlstd-property-photo.jpg?w=900&h=500&s=1,https://www.tripadvisor.co.kr/Restaurant_Review-g294197-d12567675-Reviews-Yogurt_Man_Jongno_Seojeok-Seoul.html
10859484,오스낵,+82 10-5345-5561,중구 명동8나길 21,(우) 04536,37.56111,126.98396,커피 및 차 전문점,월 11:00~21:00 / 화 11:00~21:00 / 수 11:00~21:00 / 목 11:00~21:00 / 금 11:00~21:00 / 토 11:00~21:00,"Hello, Everyone. We are Ohsnack at Myeongdong, Seoul Korea. We sell Ice Cream, Coffee, Beverage and TaiyakiTaiyaki. Many tourists visit our store and like our foods. Our Ice Cream, one cup make one Ice Cream. So, it is very clean and delicious. We always welcome to all visitors.",https://dynamic-media-cdn.tripadvisor.com/media/photo-o/1a/d7/d9/d4/oh-snack.jpg?w=900&h=500&s=1,https://www.tripadvisor.co.kr/Restaurant_Review-g294197-d10859484-Reviews-OhSnack-Seoul.html
33669322,레인리포트 레인보우,+82 2-763-8215,수표로28길 33-7,(우) 03133,37.57346,126.99007,카페 > 한국,일 10:30~20:30 / 월 10:30~20:30 / 화 10:30~20:30 / 수 10:30~20:30 / 목 10:30~20:30 / 금 10:30~20:30 / 토 10:30~20:30,,https://dynamic-media-cdn.tripadvisor.com/media/photo-o/31/1c/6a/53/caption.jpg?w=900&h=500&s=1,https://www.tripadvisor.co.kr/Restaurant_Review-g294197-d33669322-Reviews-Rain_Report_Rainbow-Seoul.html
15686352,쥬마뺄,+82 2-332-9011,서울특별시 마포구 와우산로37길 42 2층,(우) 04056,37.5567,126.928635,커피 및 차 전문점,일 00:00~21:00 / 수 00:00~21:00 / 목 00:00~21:00 / 금 00:00~21:00 / 토 00:00~21:00,"쥬마뺄은 프랑스 스타일의 프리미엄 수제디저트 전문점입니다. 대표메뉴 두블오(Double-O)는 쥬마뺄에서만 맛볼수있는 아주 특별한 디저트입니다. 두블오는 바삭하고 살짝 쫄깃한 파이에 많이 달지 않은 크림과 그에 어울리는 과일 그리고 안에들어가는 퓨레의 조합입니다. 7가지 스타일의 두블오는 각각의 개성이 다릅니다. 1 바닐라두블오 / 부드러운 (파이+바닐라크림+딸기+산딸기퓨레) 2 얼그레이 / 부드러운,베르가못꽃향기가 은은한 /판매1순위 (파이+얼그레이크림+자몽+파인애플퓨레) 3 꺄페두블오 /고급스러운 (커피계피향이 은은한파이+커피크림+오렌지+블러드오렌지퓨레) 4 딸기두블오 / 달콤달콤 새콤한 (파이+딸기크림+딸기+라임퓨레) 5 피스타치두블오 / 고소고소한 (파이+피스타치크림크림+크럼블과견과류+딸기퓨레) 6 레몬두블오 / 새콤새콤 달콤한 (파이+레몬크림+레몬+ 골드키위 + 리치퓨레) 7 마차두블오 /쌉싸름한 (파이+마차크림+딸기+팥+딸기퓨레) 쥬마뺄 쉐프 레브 한은 ‘Le Cordon Bleu Paris’에서 디플롬을 받았고, 많은 프랑스디저트들을 경험하고, 영감을 얻어 쥬마뺄의 ‘두블오’를 개발하였습니다. 쥬마뺄의 모든 디저트는 엄선된 프랑스 원료를 사용하기때문에 아이부터 노인까지 남녀노소 누구나 건강하고, 맛있게 즐길 수 있습니다. 특별한디저트, 맛있는디저트, 잊지못할 디저트를 경험하고 싶다면 쥬마뺄을 찾아주세요.",https://dynamic-media-cdn.tripadvisor.com/media/photo-o/18/e5/43/b0/double-o-fridge.jpg?w=900&h=500&s=1,https://www.tripadvisor.co.kr/Restaurant_Review-g294197-d15686352-Reviews-Je_M_appelle-Seoul.html
26498028,카페청량,+82 70-8796-9151,동대문구 홍릉로3길 18,(우) 02573,37.581837,127.04358,커피 및 차 전문점,일 10:00~19:00 / 월 10:00~19:00 / 화 10:00~19:00 / 수 10:00~19:00 / 목 10:00~19:00 / 금 10:00~19:00 / 토 10:00~19:00,"? Caf? Cheongryang: A Hidden Gem in Seoul's Dongdaemun District ? Tucked away in the vibrant streets of Dongdaemun, Seoul, you'll find Caf? Cheongryang, a local coffee haven that promises a uniquely soothing experience. This charming caf? is perfect for travelers looking to escape the city's bustling energy and immerse themselves in a genuine Korean coffee culture. Ambiance & Aesthetics Caf? Cheongryangri's ambiance is nothing short of magical. The d?cor combines traditional Korean touches with modern aesthetics, creating a cozy and inviting atmosphere. Whether you're a digital nomad in search of a quiet workspace or a weary traveler looking for a relaxing break, this caf? provides the perfect backdrop. Menu & Offerings ? The menu here showcases a delightful blend of local flavors and international favorites. From the robust aroma of hand-dripped coffee to the delicate sweetness of traditional Korean desserts, every item is crafted with care and passion. Don't miss t",https://dynamic-media-cdn.tripadvisor.com/media/photo-o/2a/0b/b2/f6/this-image-captures-the.jpg?w=900&h=500&s=1,https://www.tripadvisor.co.kr/Restaurant_Review-g294197-d26498028-Reviews-Cafe_Cheongryang-Seoul.html
17629249,권농동 커피플레이스,+82 10-3306-6575,종로구 율곡로 112,(우) 03134,37.57743,126.991516,커피 및 차 전문점,,KWON NONG DONG Coffee Place is located on the opposite side of ChangDeok Palace (not far away from GwangHwaMun). You may enjoy specialty coffees and delicious desserts. The owner holds SCA(Specialty Coffee Association) Q-Grade qualifications and she selects and roasts quality coffee everyday. Do not miss a chance to meet the best coffee in Korea :),https://dynamic-media-cdn.tripadvisor.com/media/photo-o/18/15/76/81/q-grader.jpg?w=900&h=500&s=1,https://www.tripadvisor.co.kr/Restaurant_Review-g294197-d17629249-Reviews-Kwonnongdong-Seoul.html
25192415,빽다방 송파사거리점,+82 2-422-4772,송파구 가락로 113 금도빌딩,(우) 05687,37.501606,127.10862,커피 및 차 전문점,일 09:00~21:00 / 월 08:00~22:00 / 화 08:00~22:00 / 수 08:00~22:00 / 목 08:00~22:00 / 금 08:00~22:00 / 토 09:00~21:00,아직 빽다방 송파사거리점에 대한 콘텐츠가 없습니다.,https://dynamic-media-cdn.tripadvisor.com/media/photo-o/27/4d/c1/c5/caption.jpg?w=900&h=500&s=1,https://www.tripadvisor.co.kr/Restaurant_Review-g294197-d25192415-Reviews-Paik_s_Coffee_Songpa_Intersection-Seoul.html
24066166,카멜 커피 도산점,+82 10-7774-1484,강남구 도산대로45길 16-8,(우) 06021,37.52341,127.03597,커피 및 차 전문점,,,https://dynamic-media-cdn.tripadvisor.com/media/photo-o/2e/e8/e0/61/i-visited-camel-coffee.jpg?w=900&h=500&s=1,https://www.tripadvisor.co.kr/Restaurant_Review-g294197-d24066166-Reviews-Camel_Coffee_Dosan_Branch-Seoul.html
9214281,요거트맨,+82 2-553-5760,강남구 도산대로89길 35,(우) 06012,37.526627,127.05183,디저트 명소,일 09:00~21:00 / 월 09:00~21:00 / 화 09:00~21:00 / 수 09:00~21:00 / 목 09:00~21:00 / 금 09:00~21:00 / 토 09:00~21:00,"청정지역 제주도산 우유로 만든 프리미엄 그릭요거트를 제공하고 있습니다. 전세계 어디에서도 맛볼 수 없는 요거트맨 만의 프리미엄 요거트를 맛보세요. 다양한 생과일과 직접 볶은 그래놀라 등을 섞어 요거트에 넣어 먹으면 한 끼 식사로 완성. 마시는 요구르트 타입과 떠먹는 요플레 타입, 그릭요거트 타입이 모두 있습니다. 또한 청담 본점에는 퀄리티 있는 과테말라 원두로 내린 커피도 제공합니다.",https://dynamic-media-cdn.tripadvisor.com/media/photo-o/0b/38/d2/97/caption.jpg?w=900&h=500&s=1,https://www.tripadvisor.co.kr/Restaurant_Review-g294197-d9214281-Reviews-Yogurtman-Seoul.html
33954648,Scoff,,Namdaemun-ro 81 Lotte Department Store Main Store,(우) 04533,37.56482,126.98109,베이커리,일 10:30~20:00 / 월 10:30~20:00 / 화 10:30~20:00 / 수 10:30~20:00 / 목 10:30~20:00 / 금 10:30~20:00,,https://dynamic-media-cdn.tripadvisor.com/media/photo-o/31/6f/e5/fc/caption.jpg?w=900&h=500&s=1,https://www.tripadvisor.co.kr/Restaurant_Review-g294197-d33954648-Reviews-Scoff-Seoul.html
25216104,Starbucks Gyungdong 1960,,"3, Gosanja-ro 36-gil, Dongdaemun-gu, Seoul",(우) 02571,37.51502,127.01647,커피 및 차 전문점,일 09:00~20:00 / 월 09:00~20:00 / 화 09:00~20:00 / 수 09:00~20:00 / 목 09:00~20:00 / 금 09:00~20:00 / 토 09:00~20:00,,https://dynamic-media-cdn.tripadvisor.com/media/photo-o/27/93/5d/58/starbucks-gyungdong-1960.jpg?w=900&h=500&s=1,https://www.tripadvisor.co.kr/Restaurant_Review-g294197-d25216104-Reviews-Starbucks_Gyungdong_1960-Seoul.html
3939005,던킨 도너츠 용산아이파크몰,+82 2-2012-2332,용산구 한강로3가 40-999  용산민자역사 3층 307,,37.528854,126.96404,베이커리,,,https://dynamic-media-cdn.tripadvisor.com/media/photo-o/16/0c/97/c4/avatar.jpg?w=100&h=-1&s=1,https://www.tripadvisor.co.kr/Restaurant_Review-g294197-d3939005-Reviews-Dunkin_Donut_Yongsan_I_Park_Mall_Store-Seoul.html
32968958,커피 베이,+82 2-2294-1123,고산자로 8길 18 비1,,37.55846,127.03552,커피 및 차 전문점,일 08:00~23:00 / 월 08:00~23:00 / 화 08:00~23:00 / 수 08:00~23:00 / 목 08:00~23:00 / 금 08:00~23:00 / 토 08:00~23:00,,https://dynamic-media-cdn.tripadvisor.com/media/photo-o/2e/e5/21/4f/caption.jpg?w=900&h=-1&s=1,https://www.tripadvisor.co.kr/Restaurant_Review-g294197-d32968958-Reviews-Coffee_Bay-Seoul.html
15009471,동백양과점,+82 2-744-1224,종로구 수표로28길 17-24,(우) 03133,37.573364,126.98958,커피 및 차 전문점,,,https://dynamic-media-cdn.tripadvisor.com/media/photo-o/16/b3/1c/68/photo3jpg.jpg?w=900&h=500&s=1,https://www.tripadvisor.co.kr/Restaurant_Review-g294197-d15009471-Reviews-Dongbaek_Yanggwajeom-Seoul.html
6352974,라심,+82 2-312-5390,서대문구 이화여대 2가길 24,(우) 120-808,37.55844,126.94624,미국 요리 > 카페,,"서울 신촌 이대 브런치,팬케이크,과일쥬스,커피",https://dynamic-media-cdn.tripadvisor.com/media/photo-o/07/af/fa/21/lasim.jpg?w=700&h=400&s=1,https://www.tripadvisor.co.kr/Restaurant_Review-g294197-d6352974-Reviews-Lasim-Seoul.html
15080011,민트하임,+82 2-324-1359,마포구 잔다리로6길 28,(우) 04042,37.55225,126.920715,커피 및 차 전문점,,아직 민트하임에 대한 콘텐츠가 없습니다.,https://dynamic-media-cdn.tripadvisor.com/media/photo-o/15/d7/55/13/caption.jpg?w=600&h=400&s=1,https://www.tripadvisor.co.kr/Restaurant_Review-g294197-d15080011-Reviews-Mint_Heim-Seoul.html
9245649,스타벅스 서울역동자동점,+82 2-758-8734,용산구 한강대로 372,(우) 04323,37.55166,126.97278,커피 및 차 전문점,,,https://dynamic-media-cdn.tripadvisor.com/media/photo-o/16/1f/fe/fa/avatar.jpg?w=100&h=-1&s=1,https://www.tripadvisor.co.kr/Restaurant_Review-g294197-d9245649-Reviews-Starbucks_Seoul_Station_Dongjadong-Seoul.html
32883805,메르세르비스카페 연남점,+82 2-322-3230,"150, Seongmisan-ro 1st Floor",,37.550262,126.997086,커피 및 차 전문점,일 12:00~21:30 / 월 12:00~21:30 / 화 12:00~21:30 / 수 12:00~21:30 / 목 12:00~21:30 / 금 12:00~21:30 / 토 12:00~21:30,"Mercerbis Dessert Cafe in Yeonnam-dong, a great place for a date with a nice atmosphere! Experience the taste of Tokyo in Yeonnam-dong. Mercerbis, a beloved Japanese dessert brand, has opened its doors, offering their signature chiffon cakes known for their soft and chewy texture. Enjoy a truly special dessert experience in the heart of trendy Yeonnam-dong.",https://dynamic-media-cdn.tripadvisor.com/media/photo-o/2e/ef/51/e4/mercerbis-dessert-cafe.jpg?w=900&h=500&s=1,https://www.tripadvisor.co.kr/Restaurant_Review-g294197-d32883805-Reviews-Mercerbis_Cafe_Yeonnam-Seoul.html
25569000,Frolla,+82 50-71354-9616,"272-35, Seongsu-dong 2-ga, Seongdong-gu",(우) 04787,37.54127,127.06094,커피 및 차 전문점,일 11:00~19:00 / 화 11:00~19:00 / 수 11:00~19:00 / 목 11:00~19:00 / 금 11:00~19:00 / 토 11:00~19:00,"이탈리안 카페, 프롤라(Frolla)

매일 아침, 직접 굽는 크로스타타.  
정성스럽게 만드는 이탈리안 티라미수.  
그리고 바리스타가 제대로 내리는 진한 에스프레소.

프롤라는 예쁘기만 한 카페가 아닙니다.  
시끌벅적한 음악과 웃음 속에서,  
맛과 정성이 자연스럽게 스며드는 곳이에요.

여태껏 경험하지 못했던 설레고 즐거운 카페! 
성수에 숨어 있습니다.",https://dynamic-media-cdn.tripadvisor.com/media/photo-o/2f/dd/70/13/in-italy-espresso-isn.jpg?w=900&h=500&s=1,https://www.tripadvisor.co.kr/Restaurant_Review-g294197-d25569000-Reviews-Frolla-Seoul.html
32714628,홍대카페,+82 10-8877-5497,마포구 어울마당로 68,(우) 04041,37.55478,126.92325,커피 및 차 전문점,일 11:00~21:00 / 월 11:00~21:00 / 화 11:00~21:00 / 수 11:00~21:00 / 목 11:00~21:00 / 금 11:00~21:00 / 토 11:00~21:00,,https://dynamic-media-cdn.tripadvisor.com/media/photo-o/2e/57/29/54/caption.jpg?w=900&h=500&s=1,https://www.tripadvisor.co.kr/Restaurant_Review-g294197-d32714628-Reviews-Hongdae_Cafe-Seoul.html
13008555,조앤 더주스 - 현대 시티아울렛동대문점,+82 2-2283-2130,중구 장충단로13길 20,(우) 04563,37.5687,127.00767,커피 및 차 전문점,,,https://dynamic-media-cdn.tripadvisor.com/media/photo-o/14/30/88/a6/photo1jpg.jpg?w=900&h=500&s=1,https://www.tripadvisor.co.kr/Restaurant_Review-g294197-d13008555-Reviews-Joe_The_Juice_Hyundai_City_Outlet_Dongdaemun-Seoul.html
9245815,스타벅스 코엑스사거리점,+82 2-758-8478,강남구 영동대로 616,(우) 06081,37.515106,127.05984,커피 및 차 전문점,,,https://dynamic-media-cdn.tripadvisor.com/media/photo-o/11/f7/6b/70/photo0jpg.jpg?w=900&h=500&s=1,https://www.tripadvisor.co.kr/Restaurant_Review-g294197-d9245815-Reviews-Starbucks_COEX_Sageori-Seoul.html
34159375,Leesar Coffee Myeongdong,+82 70-8845-5538,중구 명동8가길 58,(우) 04537,37.561974,126.98817,커피 및 차 전문점,일 08:00~20:00 / 월 07:00~20:00 / 화 07:00~20:00 / 수 07:00~20:00 / 목 07:00~20:00 / 금 07:00~20:00 / 토 08:00~20:00,,https://dynamic-media-cdn.tripadvisor.com/media/photo-o/33/0a/f0/b1/with-11-locations-in.jpg?w=900&h=500&s=1,https://www.tripadvisor.co.kr/Restaurant_Review-g294197-d34159375-Reviews-Leesar_Coffee_Myeongdong-Seoul.html
10121929,GLT젤라또,+82 2-322-5628,마포구 양화로23길 10-8,(우) 03985,37.559467,126.92534,디저트 명소,,G.L.T gelato is the original italian style ice cream. 100% Handmade artisan gelato.,https://dynamic-media-cdn.tripadvisor.com/media/photo-o/0c/aa/ac/08/photo2jpg.jpg?w=800&h=500&s=1,https://www.tripadvisor.co.kr/Restaurant_Review-g294197-d10121929-Reviews-GLT_Gelato-Seoul.html
9996851,카페 에이크,+82 2-499-2300,성동구 성수이로 96 호텔 아띠 성수 1층,(우) 04783,37.543434,127.057,커피 및 차 전문점,,,https://dynamic-media-cdn.tripadvisor.com/media/photo-o/17/3e/6a/67/inside3.jpg?w=900&h=500&s=1,https://www.tripadvisor.co.kr/Restaurant_Review-g294197-d9996851-Reviews-Cafe_Ake-Seoul.html
9330933,폴바셋 페럼타워점,+82 2-6353-8991,중구 을지로5길 19,(우) 04539,37.56692,126.98396,커피 및 차 전문점,,,https://dynamic-media-cdn.tripadvisor.com/media/photo-o/19/de/18/a5/photo0jpg.jpg?w=900&h=500&s=1,https://www.tripadvisor.co.kr/Restaurant_Review-g294197-d9330933-Reviews-Paul_Bassett_Ferrum_Tower-Seoul.html
8936331,아이엠씨,+82 2-511-5512,강남구 압구정로 461,(우) 06011,37.525013,127.047226,디저트 명소,,,https://dynamic-media-cdn.tripadvisor.com/media/photo-o/10/16/17/ce/dsc-2094-largejpg.jpg?w=900&h=500&s=1,https://www.tripadvisor.co.kr/Restaurant_Review-g294197-d8936331-Reviews-I_m_C-Seoul.html
33446050,The Buttons,,Sogong-ro 36-5,(우) 04631,37.55893,126.983284,미국 요리 > 컨템퍼러리,,,https://dynamic-media-cdn.tripadvisor.com/media/photo-o/31/91/d8/2e/caption.jpg?w=900&h=500&s=1,https://www.tripadvisor.co.kr/Restaurant_Review-g294197-d33446050-Reviews-The_Buttons-Seoul.html
25568977,Corcovado Cafe,+82 2-2272-0111,"86-1 Supyo-ro, Jongno-gu",,37.568794,126.98995,커피 및 차 전문점,,,https://dynamic-media-cdn.tripadvisor.com/media/photo-o/29/0b/4e/6a/caption.jpg?w=900&h=500&s=1,https://www.tripadvisor.co.kr/Restaurant_Review-g294197-d25568977-Reviews-Corcovado_Cafe-Seoul.html
12991696,꾸까 광화문점,+82 70-4466-3897,종로구 율곡로 1 2층,(우) 03062,37.57574,126.97985,커피 및 차 전문점,,,https://dynamic-media-cdn.tripadvisor.com/media/photo-o/19/f1/b4/cf/photo2jpg.jpg?w=900&h=500&s=1,https://www.tripadvisor.co.kr/Restaurant_Review-g294197-d12991696-Reviews-Kukka_Gwanghwamun-Seoul.html
23872285,Koffee Sniffer,,"27, Sejong-daero 16-gil, Jung-gu",(우) 04526,37.56334,126.978424,커피 및 차 전문점,일 10:00~20:00 / 월 08:00~20:00 / 화 08:00~20:00 / 수 08:00~20:00 / 목 08:00~20:00 / 금 08:00~20:00 / 토 10:00~20:00,,https://dynamic-media-cdn.tripadvisor.com/media/photo-o/21/ff/96/b2/coffee-sniffer-exterior.jpg?w=900&h=500&s=1,https://www.tripadvisor.co.kr/Restaurant_Review-g294197-d23872285-Reviews-Koffee_Sniffer-Seoul.html
27110572,베베도넛,+82 507-1443-5802,용산구 한강대로62나길 20 1층 101호,(우) 04382,37.53426,126.974846,베이커리,월 08:00~21:00 / 화 08:00~21:00 / 수 08:00~21:00 / 목 08:00~21:00 / 금 08:00~21:00 / 토 08:00~21:00,,https://dynamic-media-cdn.tripadvisor.com/media/photo-o/31/99/0e/c0/caption.jpg?w=1200&h=-1&s=1&cx=1920&cy=1080&chk=v1_a4bbf4de8d67ec28d4fb,https://www.tripadvisor.co.kr/Restaurant_Review-g294197-d27110572-Reviews-Bebe_Donut_Shop-Seoul.html
8903771,배스킨라빈스31,,국제금융로 10,,37.566536,127.00536,디저트 명소,,,https://dynamic-media-cdn.tripadvisor.com/media/photo-o/1a/29/8f/5f/baskin-robbins.jpg?w=800&h=400&s=1,https://www.tripadvisor.co.kr/Restaurant_Review-g294197-d8903771-Reviews-Baskin_Robbins_31-Seoul.html
32985236,newmix Bukchon,,"40, Changdeokgung 1-gil",,37.566,126.9784,커피 및 차 전문점,일 11:00~18:00 / 월 11:00~18:00 / 화 11:00~18:00 / 수 11:00~18:00 / 목 11:00~18:00 / 금 11:00~18:00 / 토 11:00~18:00,아직 newmix Bukchon에 대한 콘텐츠가 없습니다.,https://dynamic-media-cdn.tripadvisor.com/media/photo-o/2f/8c/c7/ab/caption.jpg?w=900&h=500&s=1,https://www.tripadvisor.co.kr/Restaurant_Review-g294197-d32985236-Reviews-Newmix_Bukchon-Seoul.html
16803317,카페 포제,+82 70-8830-5994,성동구 연무장9길 7,(우) 04782,37.544548,127.05123,카페,,,https://dynamic-media-cdn.tripadvisor.com/media/photo-o/16/cb/7c/ca/speaker.jpg?w=900&h=500&s=1,https://www.tripadvisor.co.kr/Restaurant_Review-g294197-d16803317-Reviews-Cafe_Poze-Seoul.html
8862831,스타벅스 안암역점,+82 1522-3232,성북구 고려대로 102-2,(우) 02856,37.589115,127.01821,커피 및 차 전문점,,,https://dynamic-media-cdn.tripadvisor.com/media/photo-o/1a/f6/f2/eb/default-avatar-2020-27.jpg?w=100&h=-1&s=1,https://www.tripadvisor.co.kr/Restaurant_Review-g294197-d8862831-Reviews-Starbucks_Anam_Station-Seoul.html
32829161,차 전문점,+82 2-742-3415,31-122 Gahoe-dong Jongno District,(우) 03052,37.550262,126.997086,커피 및 차 전문점,일 10:00~17:00 / 수 10:00~17:00 / 목 10:00~17:00 / 금 10:00~17:00 / 토 10:00~17:00,"Located within the Bukchon Hanok Village, just a 10-minute walk from Anguk Station, 'Bukchon Bingwan by Rakkojae' is a Hanok-style hotel. The 1st-floor community lounge features a comfortable and modern atmosphere, designed in collaboration with the renowned furniture brand 'Casamia.' At the same time, large floor-to-ceiling windows offer a view of the traditional Hanok scenery, while antique items create an intriguing space where the old and new coexist harmoniously. Opened in March 2022, the spacious and pleasant area is equipped with a projector, sound system, and microphone, making it an ideal venue for various corporate events such as workshops, seminars, pop-up stores, and photo shoots.",https://dynamic-media-cdn.tripadvisor.com/media/photo-o/2e/88/cb/af/caption.jpg?w=900&h=500&s=1,https://www.tripadvisor.co.kr/Restaurant_Review-g294197-d32829161-Reviews-The_Living_Room_at_Bukchon_Binkwan-Seoul.html
16781429,투썸플레이스 - 마포연남점,+82 2-334-3639,마포구 성미산로 143,(우) 03979,37.563885,126.92232,카페,일 09:00~22:00 / 월 09:00~22:00 / 화 09:00~22:00 / 수 09:00~22:00 / 목 09:00~22:00 / 금 09:00~23:00 / 토 09:00~23:00,"Korea No.1 dessert cafe in yeonnam-dong coffee,tea,juice,cake,sandwich,pannini etc Rooftop , Terrace 60 indoor seats + 30 outdoor seats",https://dynamic-media-cdn.tripadvisor.com/media/photo-o/16/bf/b5/cf/2-f.jpg?w=900&h=500&s=1,https://www.tripadvisor.co.kr/Restaurant_Review-g294197-d16781429-Reviews-A_Twosome_Place_Mapo_Yeonnam-Seoul.html
18314166,발코니가든,+82 2-332-1371,마포구 어울마당로 155-1 4층,(우) 04051,37.556927,126.927124,커피 및 차 전문점,일 12:00~23:00 / 월 13:00~23:00 / 화 13:00~23:00 / 수 13:00~23:00 / 목 13:00~23:00 / 금 00:00~01:00 / 금 13:00~01:00 / 토 12:00~00:00,Green Lifestyle Gardening Cafe&rooftop lounge bar “we Support better your green life”,https://dynamic-media-cdn.tripadvisor.com/media/photo-o/19/51/40/d5/outside-daytime.jpg?w=900&h=500&s=1,https://www.tripadvisor.co.kr/Restaurant_Review-g294197-d18314166-Reviews-Balcony_Garden-Seoul.html
32831111,끄네들로,810648,"95, Ogeum-ro",,37.51377,127.1077,베이커리,일 00:00~22:30 / 월 00:00~22:00 / 화 00:00~22:00 / 수 00:00~22:00 / 목 00:00~22:00 / 금 00:00~22:00 / 토 00:00~23:00,,https://dynamic-media-cdn.tripadvisor.com/media/photo-o/33/99/79/78/caption.jpg?w=900&h=500&s=1,https://www.tripadvisor.co.kr/Restaurant_Review-g294197-d32831111-Reviews-Knedlo-Seoul.html
8673466,카페 키노르,+82 2-319-2122,중구 명동길 56-1 1~2층,(우) 04537,37.563957,126.98532,커피 및 차 전문점,일 08:00~23:00 / 월 08:00~23:00 / 화 08:00~23:00 / 수 08:00~23:00 / 목 08:00~23:00 / 금 08:00~23:00 / 토 08:00~23:00,"Kinnor is the Hebrew name for an ancient Israelite lyre (harp), there is a record that David has cured the depression and the internal malaise symptom of Saul(the first king of Israel) by playing Kinnor. It is known as the first humankind instrument that has been used as music therapy. Cafe Kinnor wish to provide you with a place for a breath of mind from your busy life through our coffee, special cuisine, and the cultural space to enjoy various performances.",https://dynamic-media-cdn.tripadvisor.com/media/photo-o/09/42/ed/8a/caption.jpg?w=900&h=500&s=1,https://www.tripadvisor.co.kr/Restaurant_Review-g294197-d8673466-Reviews-Cafe_Kinnor-Seoul.html
8889829,카페7그램 - 종각점,+82 2-735-0349,종로구 우정국로 29,(우) 03158,37.571888,126.98292,커피 및 차 전문점,일 09:00~21:00 / 월 07:30~22:00 / 화 07:30~22:00 / 수 07:30~22:00 / 목 07:30~22:00 / 금 07:30~22:00 / 토 09:00~22:00,"Cafe, Takeout, WIFI, AC outlet, Smoking room",https://dynamic-media-cdn.tripadvisor.com/media/photo-o/17/5e/25/db/getlstd-property-photo.jpg?w=600&h=400&s=1,https://www.tripadvisor.co.kr/Restaurant_Review-g294197-d8889829-Reviews-Cafe7gram_Jonggak-Seoul.html
3864354,스타벅스 신촌점,,"서대문구 창천동 18-55 즐거운 빌딩 1,2,3F Jeulgeoun Building 1,2,3F",(우) 120-180,37.556454,126.93692,커피 및 차 전문점,,,https://dynamic-media-cdn.tripadvisor.com/media/photo-o/0f/53/64/37/sb.jpg?w=900&h=500&s=1,https://www.tripadvisor.co.kr/Restaurant_Review-g294197-d3864354-Reviews-Starbucks_Sinchon-Seoul.html
20000605,블루보틀 커피 - 삼청,+82 2-737-6998,종로구 북촌로5길 76,(우) 03053,37.580116,126.98085,커피 및 차 전문점,,아직 블루보틀 커피 - 삼청에 대한 콘텐츠가 없습니다.,https://dynamic-media-cdn.tripadvisor.com/media/photo-o/32/fe/74/eb/caption.jpg?w=900&h=500&s=1,https://www.tripadvisor.co.kr/Restaurant_Review-g294197-d20000605-Reviews-Blue_Bottle_Coffee_Samcheong-Seoul.html
15187469,로네펠트 티하우스 - 코엑스점,+82 2-551-1823,강남구 봉은사로 524,(우) 06164,37.510193,127.058586,카페,,,https://dynamic-media-cdn.tripadvisor.com/media/photo-o/14/eb/07/b2/photo0jpg.jpg?w=900&h=500&s=1,https://www.tripadvisor.co.kr/Restaurant_Review-g294197-d15187469-Reviews-Ronnefeldt_Teehaus_Coex-Seoul.html
17627575,흑화당 - 명동점,+82 2-789-9649,중구 명동10길 40,(우) 04536,37.56201,126.985596,커피 및 차 전문점,,,https://dynamic-media-cdn.tripadvisor.com/media/photo-o/17/ff/b9/cc/caption.jpg?w=900&h=-1&s=1,https://www.tripadvisor.co.kr/Restaurant_Review-g294197-d17627575-Reviews-Heuk_Hwa_Dang_Myeongdong-Seoul.html
14960717,호텔 707,+82 2-2636-8694,영등포구 도림로139길 2-2,(우) 07290,37.514645,126.89336,바 및 펍,,,https://dynamic-media-cdn.tripadvisor.com/media/photo-o/16/0c/97/c4/avatar.jpg?w=100&h=-1&s=1,https://www.tripadvisor.co.kr/Restaurant_Review-g294197-d14960717-Reviews-Hotel_707-Seoul.html
17450123,호랑이카페,+82 2-2269-5880,중구 을지로 157,(우) 04545,37.567677,126.995865,커피 및 차 전문점,,아직 호랑이카페에 대한 콘텐츠가 없습니다.,https://dynamic-media-cdn.tripadvisor.com/media/photo-o/1b/47/48/eb/caption.jpg?w=700&h=400&s=1,https://www.tripadvisor.co.kr/Restaurant_Review-g294197-d17450123-Reviews-Horangii_Coffee-Seoul.html
9141160,커피빈,+82 2-752-5538,명동8나길 20,,37.561527,126.98389,커피 및 차 전문점,,,https://dynamic-media-cdn.tripadvisor.com/media/photo-o/09/ba/ce/24/coffee-bean.jpg?w=900&h=500&s=1,https://www.tripadvisor.co.kr/Restaurant_Review-g294197-d9141160-Reviews-Coffee_Bean-Seoul.html
26590006,컴포즈커피 녹번점,,은평구 은평로 229,,37.601265,126.93325,디저트 명소,,,https://dynamic-media-cdn.tripadvisor.com/media/photo-o/2a/37/5d/7b/caption.jpg?w=900&h=-1&s=1,https://www.tripadvisor.co.kr/Restaurant_Review-g294197-d26590006-Reviews-Compose_Coddee-Seoul.html
19214103,아티제 - 을지 트윈타워점,+82 2-3706-7255,"중구 을지로 170 을지트윈타워 1층 113호, 114호",(우) 04548,37.566345,126.99677,커피 및 차 전문점,,아직 아티제 - 을지 트윈타워점에 대한 콘텐츠가 없습니다.,https://dynamic-media-cdn.tripadvisor.com/media/photo-o/19/ab/33/02/photo0jpg.jpg?w=900&h=500&s=1,https://www.tripadvisor.co.kr/Restaurant_Review-g294197-d19214103-Reviews-Artisee_Eulji_Twin_Tower-Seoul.html
8967346,이코복스커피,+82 2-545-2010,압구정로10길 37,,37.52643,127.0279,커피 및 차 전문점,,,https://dynamic-media-cdn.tripadvisor.com/media/photo-o/0e/06/00/1b/ikovok-apkujung.jpg?w=900&h=500&s=1,https://www.tripadvisor.co.kr/Restaurant_Review-g294197-d8967346-Reviews-Ikovox_Coffee-Seoul.html
33996409,쿠지 커피 로스터스 방배점,,방배로15길 22,,37.48385,126.994514,커피 및 차 전문점,월 09:00~18:00 / 화 09:00~18:00 / 수 09:00~18:00 / 목 09:00~18:00 / 금 09:00~18:00 / 토 09:00~18:00,,https://dynamic-media-cdn.tripadvisor.com/media/photo-o/31/a6/ff/a4/caption.jpg?w=900&h=-1&s=1,https://www.tripadvisor.co.kr/Restaurant_Review-g294197-d33996409-Reviews-Coogee_Coffee_Roasters_Bangbae-Seoul.html
10423752,에이디디 커피,+82 70-4209-7272,중구 을지로27길 29,(우) 04546,37.56794,126.999054,커피 및 차 전문점,,,https://dynamic-media-cdn.tripadvisor.com/media/photo-o/0c/52/ba/67/caption.jpg?w=900&h=500&s=1,https://www.tripadvisor.co.kr/Restaurant_Review-g294197-d10423752-Reviews-ADD_Coffee-Seoul.html
12118286,몬스터케이브,+82 10-2170-7227,마포구 신촌로4길 22-8,(우) 04056,37.55704,126.92797,커피 및 차 전문점,일 11:00~02:00 / 월 11:00~00:00 / 화 11:00~00:00 / 수 11:00~00:00 / 목 11:00~00:00 / 금 11:00~02:00 / 토 11:00~02:00,,https://dynamic-media-cdn.tripadvisor.com/media/photo-o/11/ec/34/2c/photo2jpg.jpg?w=900&h=500&s=1,https://www.tripadvisor.co.kr/Restaurant_Review-g294197-d12118286-Reviews-Monster_Cave-Seoul.html
16882371,로이즈 - 롯데월드몰점,+82 2-3213-4614,송파구 올림픽로 300 롯데월드몰 6층,(우) 05551,37.52135,127.10261,디저트 명소,,,https://dynamic-media-cdn.tripadvisor.com/media/photo-o/16/f3/a2/3d/photo2jpg.jpg?w=900&h=500&s=1,https://www.tripadvisor.co.kr/Restaurant_Review-g294197-d16882371-Reviews-Roys_Lotte_World_Mall-Seoul.html
15527444,스타벅스 - 더종로R점,+82 1522-3232,종로구 종로 51,(우) 03161,37.57071,126.983574,커피 및 차 전문점,,,https://dynamic-media-cdn.tripadvisor.com/media/photo-o/15/8a/8b/51/photo1jpg.jpg?w=900&h=500&s=1,https://www.tripadvisor.co.kr/Restaurant_Review-g294197-d15527444-Reviews-Starbucks_The_Jongno_R-Seoul.html
20813676,뮈에,+82 10-2026-0854,성북구 돌곶이로 205,(우) 02754,37.61803,127.04694,,,,https://dynamic-media-cdn.tripadvisor.com/media/photo-o/1b/56/88/ce/caption.jpg?w=900&h=500&s=1,https://www.tripadvisor.co.kr/Restaurant_Review-g294197-d20813676-Reviews-Muet-Seoul.html
26986129,본커피,+82 2-318-8818,남대문시장2가길 2 1층,(우) 04528,37.55938,126.97674,커피 및 차 전문점,,,https://dynamic-media-cdn.tripadvisor.com/media/photo-o/2e/51/cd/bc/cafe-latte.jpg?w=900&h=500&s=1,https://www.tripadvisor.co.kr/Restaurant_Review-g294197-d26986129-Reviews-Von_Coffee-Seoul.html
14976110,베이커리텐,+82 70-7743-3330,중구 다산로33길 57 오픈시간은 수시ㄹ,(우) 04613,37.563404,127.01184,디저트 명소,,안녕하세요. 매일매일 다른 라인업의 수제 마카롱을 준비하고 있는 베이커리텐입니다. 마카롱 포장을 원하시는 고객님께서는 매장방문 30분전에 인스타그램을 통해 라인업을 확인하신 뒤 포장주문을 전화로 요청해주시면 미리 준비해드리고 있습니다. 수제마카롱은 조기 품절될 수 있으니 방문시에 연락주시고 와주세요!,https://dynamic-media-cdn.tripadvisor.com/media/photo-o/17/b0/b5/04/macaron-of-bakeryten.jpg?w=900&h=500&s=1,https://www.tripadvisor.co.kr/Restaurant_Review-g294197-d14976110-Reviews-Bakery_Ten-Seoul.html
14975762,스타벅스 커피 - 소공동,+82 2-758-8140,중구 소공로 112,(우) 04533,37.564407,126.9797,커피 및 차 전문점,,,https://dynamic-media-cdn.tripadvisor.com/media/photo-o/17/18/11/ab/the-goodie-bar.jpg?w=900&h=500&s=1,https://www.tripadvisor.co.kr/Restaurant_Review-g294197-d14975762-Reviews-Starbucks-Seoul.html
12298976,아트씨,+82 2-511-2304,강남구 압구정로12길 34-5 2층,(우) 06028,37.521423,127.02231,카페,,"It is a vintage cafe of Shinsadong. It is now famous, but many couple visit here to date.",https://dynamic-media-cdn.tripadvisor.com/media/photo-o/0e/e4/c2/27/getlstd-property-photo.jpg?w=900&h=-1&s=1,https://www.tripadvisor.co.kr/Restaurant_Review-g294197-d12298976-Reviews-ARTC-Seoul.html
27148599,위트앤척클,+82 507-1327-0040,마포구 성미산로 172 1층,,37.56408,126.92479,디저트 명소,일 12:00~21:00 / 월 12:00~21:00 / 화 12:00~21:00 / 수 12:00~21:00 / 목 12:00~21:00 / 금 12:00~21:00 / 토 12:00~21:00,Enjoy delightful moments together at our ice cream and bake shop We offer carefully crafted bakery desserts and ice cream with a variety of toppings to choose from according to taste. Come and savor the unique taste and space that Wit and Chuckle can offer!,https://dynamic-media-cdn.tripadvisor.com/media/photo-o/2b/60/07/2e/caption.jpg?w=900&h=500&s=1,https://www.tripadvisor.co.kr/Restaurant_Review-g294197-d27148599-Reviews-Wit_Chuckle-Seoul.html
16131315,콰이옹스라팡,+82 2-2646-4536,양천구 목동동로 339,(우) 07988,37.532146,126.87673,델리,,,https://dynamic-media-cdn.tripadvisor.com/media/photo-o/16/5e/35/18/caption.jpg?w=900&h=500&s=1,https://www.tripadvisor.co.kr/Restaurant_Review-g294197-d16131315-Reviews-Croyance_Lapin-Seoul.html
13137513,백미당 - 광화문점,+82 2-722-5825,종로구 종로3길 17 디타워 replace 광화문 3층,(우) 03155,37.570896,126.9789,커피 및 차 전문점,,,https://dynamic-media-cdn.tripadvisor.com/media/photo-o/12/31/ca/2c/photo1jpg.jpg?w=900&h=500&s=1,https://www.tripadvisor.co.kr/Restaurant_Review-g294197-d13137513-Reviews-Baekmidang_Gwanghwamun-Seoul.html
34168638,내면의 발견,+82 2-6394-4668,월드컵북로5길 53,,37.55613,126.91605,커피 및 차 전문점,일 12:00~20:00 / 월 11:30~18:30 / 화 11:30~18:30 / 수 11:30~18:30 / 목 11:30~18:30 / 금 11:30~18:30 / 토 12:00~20:00,서울카페/홍대대형카페/여행자를 위한 힐링카페/스페셜커피/한국 디저트/영어서비스/사진명소/단체석/홍대역에서 10분거리/합정역에서 10분거리/한국 여백의 미학/독창적 인테리어/스토리텔링/,https://dynamic-media-cdn.tripadvisor.com/media/photo-o/32/6a/84/ea/caption.jpg?w=900&h=500&s=1,https://www.tripadvisor.co.kr/Restaurant_Review-g294197-d34168638-Reviews-Naemyeon_Uibalgyeon-Seoul.html
26321683,SJ Kunsthalle,+82 50-71402-9722,"97-22 Nonhyun-dong, Gangnam-gu",,37.51502,127.01647,커피 및 차 전문점,,,https://dynamic-media-cdn.tripadvisor.com/media/photo-o/29/aa/cc/79/caption.jpg?w=900&h=500&s=1,https://www.tripadvisor.co.kr/Restaurant_Review-g294197-d26321683-Reviews-SJ_Kunsthalle-Seoul.html
15272351,이디야커피 -  자양사거리점,+82 2-2201-8288,광진구 자양로 92,(우) 05051,37.53596,127.084076,카페,,,https://dynamic-media-cdn.tripadvisor.com/media/photo-o/15/2f/ef/48/ediya-coffee-jayang-sageoli.jpg?w=900&h=500&s=1,https://www.tripadvisor.co.kr/Restaurant_Review-g294197-d15272351-Reviews-Ediya_Coffee_Jayang_Sageoli-Seoul.html
9287229,설빙 명동3호점,+82 2-3789-2513,중구 명동9길 21,(우) 04534,37.564888,126.9846,디저트 명소,일 10:30~23:30 / 월 10:30~23:30 / 화 10:30~23:30 / 수 10:30~23:30 / 목 10:30~23:30 / 금 10:30~23:30 / 토 10:30~23:30,,https://dynamic-media-cdn.tripadvisor.com/media/photo-o/0f/20/df/0f/img-20170425-110315-largejpg_rotated_90.jpg?w=900&h=500&s=1,https://www.tripadvisor.co.kr/Restaurant_Review-g294197-d9287229-Reviews-Sulbing_Myeongdong_3_ho-Seoul.html
9245264,스타벅스 - 구파발역점,+82 2-758-8934,은평구 진관2로 12,(우) 03311,37.6358,126.91928,커피 및 차 전문점,,,https://dynamic-media-cdn.tripadvisor.com/media/photo-o/15/7e/06/8c/caption.jpg?w=100&h=-1&s=1,https://www.tripadvisor.co.kr/Restaurant_Review-g294197-d9245264-Reviews-Starbucks_Gupabal_Station-Seoul.html
9287227,설빙 대학로점,+82 70-7721-5047,종로구 대학로12길 21,(우) 03086,37.58256,127.00344,디저트 명소,,,https://dynamic-media-cdn.tripadvisor.com/media/photo-o/10/2f/6b/bf/entrance-and-cashier.jpg?w=900&h=500&s=1,https://www.tripadvisor.co.kr/Restaurant_Review-g294197-d9287227-Reviews-Sulbing_Daehakro-Seoul.html
24152813,커피사피엔스 성수현대테라스점,+82 507-1428-0800,성동구 연무장5가길 7 108호,(우) 04782,37.56334,127.0371,카페,,,https://dynamic-media-cdn.tripadvisor.com/media/photo-o/24/7b/0a/8d/cafe.jpg?w=900&h=500&s=1,https://www.tripadvisor.co.kr/Restaurant_Review-g294197-d24152813-Reviews-Coffee_Sapiens_Seongsu_Hyundai_Terrace-Seoul.html
14821291,비엔나커피하우스 - 압구정 극동타워,+82 2-548-1683,강남구 압구정로 152 1층,(우) 06030,37.525517,127.02603,커피 및 차 전문점,,,https://dynamic-media-cdn.tripadvisor.com/media/photo-o/13/ba/92/d3/caption.jpg?w=900&h=500&s=1,https://www.tripadvisor.co.kr/Restaurant_Review-g294197-d14821291-Reviews-Vienna_Coffee_House_Apgujeong_Kukdong_Towor-Seoul.html
12434429,빈스빈스 이대점,+82 2-364-0924,서대문구 이화여대길 43,(우) 03766,37.559013,126.94523,커피 및 차 전문점,,,https://dynamic-media-cdn.tripadvisor.com/media/photo-o/0f/73/c0/1c/lots-of-varieties.jpg?w=900&h=500&s=1,https://www.tripadvisor.co.kr/Restaurant_Review-g294197-d12434429-Reviews-Beansbins_Ehwa_University-Seoul.html
15217774,빽다방 - 신용산역,+82 2-6449-0421,용산구 새창로 213 1층,(우) 04376,37.530422,126.967255,커피 및 차 전문점,,,https://dynamic-media-cdn.tripadvisor.com/media/photo-o/19/8d/bf/89/photo0jpg.jpg?w=900&h=500&s=1,https://www.tripadvisor.co.kr/Restaurant_Review-g294197-d15217774-Reviews-Paikdabang_Sinyongsan_Station-Seoul.html
24967873,오로라베이커리 성수점,+82 507-1478-1273,성동구 아차산로 126 1층 101호~103호,(우) 04783,37.543636,127.057846,카페,,,https://dynamic-media-cdn.tripadvisor.com/media/photo-o/25/f5/f4/08/bread.jpg?w=900&h=500&s=1,https://www.tripadvisor.co.kr/Restaurant_Review-g294197-d24967873-Reviews-Aurora_Bakery_Seongsu-Seoul.html
3894901,스타벅스 경복궁역점,,종로구 통의동 35-41  1F 1f,(우) 110-040,37.577267,126.972435,커피 및 차 전문점,,,https://dynamic-media-cdn.tripadvisor.com/media/photo-o/15/d9/99/c1/roah-ca.jpg?w=100&h=-1&s=1,https://www.tripadvisor.co.kr/Restaurant_Review-g294197-d3894901-Reviews-Starbucks_Gyeongbokgung_Station_3_Line-Seoul.html
14928316,한숨,+82 10-9533-2587,서대문구 연세로12길 32 지하1층,(우) 03776,37.558907,126.93873,바 및 펍,일 15:00~00:00 / 월 15:00~00:00 / 화 15:00~00:00 / 수 15:00~00:00 / 목 15:00~00:00 / 금 15:00~05:00 / 토 15:00~05:00,,https://dynamic-media-cdn.tripadvisor.com/media/photo-o/1a/f6/ec/a2/default-avatar-2020-3.jpg?w=100&h=-1&s=1,https://www.tripadvisor.co.kr/Restaurant_Review-g294197-d14928316-Reviews-Hansum_Teasha-Seoul.html
3911379,스타벅스 건국 클래식점,,광진구 자양동 227-7 Gwangjin-gu,(우) 143-884,37.537815,127.07254,커피 및 차 전문점,,,https://dynamic-media-cdn.tripadvisor.com/media/photo-o/10/3d/53/53/starbucks-kunkuk-classic.jpg?w=900&h=500&s=1,https://www.tripadvisor.co.kr/Restaurant_Review-g294197-d3911379-Reviews-Starbucks_Kunkuk_Classic-Seoul.html
13084440,투썸플레이스 - 아리랑 힐 호텔점,+82 2-925-6303,성북구 아리랑로 8,(우) 02829,37.593555,127.01656,미국 요리,,,https://dynamic-media-cdn.tripadvisor.com/media/photo-o/11/26/a1/ee/photo4jpg.jpg?w=900&h=500&s=1,https://www.tripadvisor.co.kr/Restaurant_Review-g294197-d13084440-Reviews-A_Twosome_Place_Arirang_Hill_Hotel-Seoul.html
10251758,에이 투 제트 카페,+82 2-318-5129,중구 세종대로 136 파이넨스 빌딩 지하 2층,(우) 04520,37.568375,126.97827,커피 및 차 전문점,,,https://dynamic-media-cdn.tripadvisor.com/media/photo-o/16/4f/85/f9/a-to-z-cafe.jpg?w=900&h=500&s=1,https://www.tripadvisor.co.kr/Restaurant_Review-g294197-d10251758-Reviews-A_to_Z_Cafe-Seoul.html
15097409,서울커피 - 익선점,+82 2-6085-4890,종로구 수표로28길 33-3,(우) 03133,37.573254,126.990074,커피 및 차 전문점,,,https://dynamic-media-cdn.tripadvisor.com/media/photo-o/1a/a5/74/1a/caption.jpg?w=900&h=500&s=1,https://www.tripadvisor.co.kr/Restaurant_Review-g294197-d15097409-Reviews-Seoul_Coffee_Ikseon-Seoul.html
17657025,지오디티커피,+82 10-7231-2134,마포구 동교로50길 7 1층,(우) 03981,37.563858,126.92648,커피 및 차 전문점,,"Secret place in Seoul,Korea Well made COFFEE & TEA Signature = vintage vanilla ; GODT’s secret recipe cream + flat white English / Japanese speaking staff",https://dynamic-media-cdn.tripadvisor.com/media/photo-o/18/1e/9d/74/positive-energy-all-around.jpg?w=900&h=500&s=1,https://www.tripadvisor.co.kr/Restaurant_Review-g294197-d17657025-Reviews-GODT_Coffee-Seoul.html
33308875,에필로그 카페 & 스페이스,,성수일로 12길 35 1층,,37.548145,127.05379,커피 및 차 전문점,일 09:00~21:00 / 월 09:00~21:00 / 화 09:00~21:00 / 수 09:00~21:00 / 목 09:00~21:00 / 금 09:00~21:00 / 토 09:00~21:00,,https://dynamic-media-cdn.tripadvisor.com/media/photo-o/30/6a/0f/ae/caption.jpg?w=900&h=-1&s=1,https://www.tripadvisor.co.kr/Restaurant_Review-g294197-d33308875-Reviews-Epilogue_Cafe_Space-Seoul.html
14774028,유아히어카페 - 명동본점,+82 2-771-2288,중구 명동9길 23,(우) 04534,37.56486,126.9845,커피 및 차 전문점,,아직 유아히어카페 - 명동본점에 대한 콘텐츠가 없습니다.,https://dynamic-media-cdn.tripadvisor.com/media/photo-o/26/df/39/c3/cafe.jpg?w=900&h=-1&s=1,https://www.tripadvisor.co.kr/Restaurant_Review-g294197-d14774028-Reviews-You_Are_Here_Cafe_Myeongdong_Bonjeom-Seoul.html
9245563,스타벅스 신압구정점,+82 2-758-8398,강남구 언주로174길 29,(우) 06017,37.527905,127.03669,커피 및 차 전문점,,,https://dynamic-media-cdn.tripadvisor.com/media/photo-o/12/c5/c8/24/photo0jpg.jpg?w=900&h=500&s=1,https://www.tripadvisor.co.kr/Restaurant_Review-g294197-d9245563-Reviews-Starbucks_Sinapgujeong-Seoul.html
14957164,루소랩,+82 2-772-9935,28-16 Jeong-dong Jung-gu,(우) 04518,37.56718,126.97052,커피 및 차 전문점,,,https://dynamic-media-cdn.tripadvisor.com/media/photo-o/13/f1/48/1f/photo0jpg.jpg?w=900&h=500&s=1,https://www.tripadvisor.co.kr/Restaurant_Review-g294197-d14957164-Reviews-Lusso_Lab-Seoul.html
23833836,이디야커피 - 낙성대역점,+82 2-2611-2656,관악구 남부순환로 1915,,37.477863,126.96219,커피 및 차 전문점,,,https://dynamic-media-cdn.tripadvisor.com/media/photo-o/22/65/8b/95/inside2.jpg?w=900&h=-1&s=1,https://www.tripadvisor.co.kr/Restaurant_Review-g294197-d23833836-Reviews-Ediya_Coffee_Nakseongdae_Station-Seoul.html
3894898,스타벅스 숙대입구역점,,용산구 갈월동 69-5  1-3F 1-3f,(우) 140-806,37.544117,126.97189,커피 및 차 전문점,,,https://dynamic-media-cdn.tripadvisor.com/media/photo-o/18/5a/5c/83/photo4jpg.jpg?w=900&h=500&s=1,https://www.tripadvisor.co.kr/Restaurant_Review-g294197-d3894898-Reviews-Starbucks_Sookdaeipgu_Station_4_Line-Seoul.html
34196920,Artisan Bakery Mapo Eight,+82 2-6410-1144,8 Mapodaero,(우) 04176,37.537556,126.94431,,일 07:30~21:00 / 월 07:30~21:00 / 화 07:30~21:00 / 수 07:30~21:00 / 목 07:30~21:00 / 금 07:30~21:00 / 토 07:30~21:00,웰니스 라이프스타일 '아티잔 베이커리 마포 에이트'는 숙련된 장인이 출처가 확실한 엄선된 재료로 만든 빵과 디저트를 선보입니다. 자연과 조화를 이루는 라이프스타일을 제안해 드리고 있습니다.,https://dynamic-media-cdn.tripadvisor.com/media/photo-o/1a/f6/eb/6d/default-avatar-2020-19.jpg?w=100&h=-1&s=1,https://www.tripadvisor.co.kr/Restaurant_Review-g294197-d34196920-Reviews-Artisan_Bakery_Mapo_Eight-Seoul.html
19502193,이팡 - 홍대점,+82 2-336-2879,마포구 와우산로35길 71 Hongdae staion gate 7 ,(우) 04052,37.556404,126.9268,카페 > 아시아 요리 > 타이완,일 11:00~23:00 / 월 11:00~23:00 / 화 11:00~23:00 / 수 11:00~23:00 / 목 11:00~23:00 / 금 11:00~23:00 / 토 11:00~23:00,YiFang Fruit Tea. It is located closed to HONGDAE GATE 7 Which is First Store in KOREA. We only offer fresh drinks and you can feel the taste and aroma of Taiwanese tea in HONGDAE.,https://dynamic-media-cdn.tripadvisor.com/media/photo-o/1a/32/1b/e1/yifang-store-outside.jpg?w=900&h=500&s=1,https://www.tripadvisor.co.kr/Restaurant_Review-g294197-d19502193-Reviews-YiFang_Fruit_Tea_Hongdae-Seoul.html
19174924,해피니스 디저트,+82 10-4295-2600,광진구 뚝섬로27길 60,(우) 05075,37.53834,127.066765,디저트 명소,일 00:00~12:00 / 월 00:00~12:00 / 화 00:00~12:00 / 수 00:00~12:00 / 목 00:00~12:00 / 금 00:00~12:00 / 토 00:00~12:00,,https://dynamic-media-cdn.tripadvisor.com/media/photo-o/19/a6/5c/96/photo0jpg.jpg?w=900&h=500&s=1,https://www.tripadvisor.co.kr/Restaurant_Review-g294197-d19174924-Reviews-Happiness_Dessert-Seoul.html
25007929,배스킨라빈스 성수역점,+82 2-464-8555,성동구 아차산로7길 4,(우) 04794,37.548073,127.045616,디저트 명소,,,https://dynamic-media-cdn.tripadvisor.com/media/photo-o/26/2f/ca/27/baskin-robbins.jpg?w=900&h=-1&s=1,https://www.tripadvisor.co.kr/Restaurant_Review-g294197-d25007929-Reviews-Baskin_Robbins_Seongsu_Station-Seoul.html
20324263,홍미당 - 종로 효성 주얼리시티점,+82 2-6744-4055,종로구 종로 183 효성주얼리시티 지하2층 푸드코트내 2002호,(우) 03130,37.571392,126.998665,,,아직 홍미당 - 종로 효성 주얼리시티점에 대한 콘텐츠가 없습니다.,https://dynamic-media-cdn.tripadvisor.com/media/photo-o/1b/2f/e9/de/caption.jpg?w=700&h=400&s=1,https://www.tripadvisor.co.kr/Restaurant_Review-g294197-d20324263-Reviews-Hongmidang_Jongno_Hyosung_Jewelry_City-Seoul.html
12763300,더베이크 을지로입구역점,+82 2-3789-4689,중구 을지로 지하 42 을지로입구역 상가 1층,(우) 04533,37.565792,126.98265,커피 및 차 전문점,,,https://dynamic-media-cdn.tripadvisor.com/media/photo-o/10/43/95/a8/photo2jpg.jpg?w=900&h=500&s=1,https://www.tripadvisor.co.kr/Restaurant_Review-g294197-d12763300-Reviews-The_Bake_Euljiro_1_ga_Station-Seoul.html
26550487,비아트 성수,+82 507-1482-5596,성동구 아차산로5길 24-45 2층,,37.5471,127.05425,카페,,,https://dynamic-media-cdn.tripadvisor.com/media/photo-o/2a/1f/2a/12/caption.jpg?w=900&h=-1&s=1,https://www.tripadvisor.co.kr/Restaurant_Review-g294197-d26550487-Reviews-Beatat_Holy_Water-Seoul.html
17528255,와겐커피 - 방학점,+82 2-2277-3001,도봉구 도봉로150마길 15,(우) 01332,37.667686,127.044914,카페 > 아시아 요리 > 한국,일 09:00~01:00 / 월 09:00~01:00 / 화 09:00~01:00 / 수 09:00~01:00 / 목 09:00~01:00 / 금 09:00~01:00 / 토 09:00~01:00,,https://dynamic-media-cdn.tripadvisor.com/media/photo-o/17/cc/f5/b3/caption.jpg?w=900&h=-1&s=1,https://www.tripadvisor.co.kr/Restaurant_Review-g294197-d17528255-Reviews-Wagen_Coffee_Banghak-Seoul.html
27093938,한과미의식,+82 2-6952-8832,종로구 인사동길 49 1층 15호(관훈동),(우) 03145,37.573784,126.98589,건강식,일 10:30~20:30 / 월 10:30~20:30 / 화 10:30~20:30 / 수 10:30~20:30 / 목 10:30~20:30 / 금 10:30~21:00 / 토 10:30~21:00,"14년 전통의 노하우로 전 세계인들의 입맛을 사로잡는 한식 비건 디저트샵 입니다. A Korean Vegan Dessert place that encapsulated people from all around the world with 14 years of experience. ""개성약과 : 찹쌀, 참기름, 꿀, 생강 등이 들어간 비건 디저크 버무리 (강정) : 여섯가지 종류의 다양한 식재료 (곶감, 무화과, 복숭아, 땅콩, 깨)를 이용하여 만들어낸 에너지바 형식의 비건 디저트. 피칸정과 / 호두정과 : 과일청으로 만든 바삭하고 고소한 비건 간식 견과류정과."" ""1. Gaesong Yakgwa: A traditional vegan dessert made with honey, glutinous rice, sesame oil, flour, ginger, and cinnamon. 2. Gangjeong: A traditional vegan energy bar-like snack made with six different ingredients such as dried persimmon, fig, peach, peanuts, and sesame, along with nuts (without honey). 3. Pecan Jeonggwa / Walnut Jeonggwa: Traditional vegan snacks made by simmering and frying pecans and walnuts in fruit syrup (without honey). 4. Other Vegan Products: Nut Gangjeong, Sesame Gangjeong, etc.""",https://dynamic-media-cdn.tripadvisor.com/media/photo-o/2b/21/5c/ec/caption.jpg?w=900&h=500&s=1,https://www.tripadvisor.co.kr/Restaurant_Review-g294197-d27093938-Reviews-Hangwa_Miuisik-Seoul.html
25409959,폴앤폴리나,+82 2-333-0185,서대문구 연희로11길 56,,37.568844,126.929054,베이커리,,,https://dynamic-media-cdn.tripadvisor.com/media/photo-o/28/ae/8e/8e/caption.jpg?w=900&h=-1&s=1,https://www.tripadvisor.co.kr/Restaurant_Review-g294197-d25409959-Reviews-Paul_Paulina_Yeonhui-Seoul.html
10733476,커피포스트,+82 2-400-0822,송파대로 180,,37.4863,127.12279,커피 및 차 전문점,,Specialty coffee,https://dynamic-media-cdn.tripadvisor.com/media/photo-o/0c/c5/06/09/photo0jpg.jpg?w=900&h=500&s=1,https://www.tripadvisor.co.kr/Restaurant_Review-g294197-d10733476-Reviews-Coffee_Post-Seoul.html
29004574,까사로사,+82 2-396-3060,홍제내길 128 서대문구,(우) 서대문구,37.58802,126.936714,디저트 명소,일 09:30~20:30 / 월 09:00~21:00 / 화 09:00~21:00 / 수 09:00~21:00 / 목 09:00~21:00 / 금 09:00~21:00 / 토 09:30~20:30,Brunch Cafe. coffee shop,https://dynamic-media-cdn.tripadvisor.com/media/photo-o/2d/f2/e3/5c/brunch-cafe.jpg?w=600&h=-1&s=1,https://www.tripadvisor.co.kr/Restaurant_Review-g294197-d29004574-Reviews-Casa_Rosa-Seoul.html
14141474,청파로 미쁘다,+82 2-711-1183,용산구 청파로 290,(우) 04301,37.545532,126.9708,카페,,,https://dynamic-media-cdn.tripadvisor.com/media/photo-o/15/0f/36/32/photo0jpg.jpg?w=900&h=500&s=1,https://www.tripadvisor.co.kr/Restaurant_Review-g294197-d14141474-Reviews-Cheongparo_Mibbeuda-Seoul.html
17427198,르솔레이,+82 10-8930-6371,서대문구 연희맛로 7-29,(우) 03707,37.56633,126.92797,카페,,,https://dynamic-media-cdn.tripadvisor.com/media/photo-o/19/4d/1e/76/cafe.jpg?w=900&h=500&s=1,https://www.tripadvisor.co.kr/Restaurant_Review-g294197-d17427198-Reviews-Le_Soleil-Seoul.html
23944589,토프레소 성수역점,+82 2-463-8993,성동구 연무장7길 16,(우) 04782,37.54391,127.055084,카페,,,https://dynamic-media-cdn.tripadvisor.com/media/photo-o/22/8a/1a/47/inside2.jpg?w=900&h=-1&s=1,https://www.tripadvisor.co.kr/Restaurant_Review-g294197-d23944589-Reviews-Toppresso_Seongsu_Station-Seoul.html
33963396,Wallpaper seogyo,+82 70-4099-5880,잔다리로 75 마포구,(우) 04043,37.554165,126.91614,커피 및 차 전문점,일 10:00~20:00 / 월 08:00~22:00 / 화 08:00~22:00 / 수 08:00~22:00 / 목 08:00~22:00 / 금 08:00~22:00 / 토 10:00~20:00,"Welcome to Wallpaper Seogyo, located on Jandari-ro, Seogyo-dong. We open from 8 AM. Enjoy a special morning with our carefully baked souffl? pancakes. Savor the aroma of our coffee and a variety of desserts as well. Experience a relaxing time in a place that captures different charms at the start and end of your day.",https://dynamic-media-cdn.tripadvisor.com/media/photo-o/31/76/d7/59/souffle-pancakes-with.jpg?w=900&h=500&s=1,https://www.tripadvisor.co.kr/Restaurant_Review-g294197-d33963396-Reviews-Wallpaper_seogyo-Seoul.html
9245428,스타벅스 충무로역점,+82 2-758-8395,중구 퇴계로 197,(우) 04557,37.56124,126.993866,커피 및 차 전문점,,,https://dynamic-media-cdn.tripadvisor.com/media/photo-o/16/97/b3/49/photo1jpg.jpg?w=900&h=500&s=1,https://www.tripadvisor.co.kr/Restaurant_Review-g294197-d9245428-Reviews-Starbucks_Chungmuro_Station-Seoul.html
9143276,커피몽타주,+82 70-8262-1303,올림픽로48길 23-12,,37.529552,127.12171,커피 및 차 전문점,,,https://dynamic-media-cdn.tripadvisor.com/media/photo-o/16/3f/45/79/caption.jpg?w=900&h=500&s=1,https://www.tripadvisor.co.kr/Restaurant_Review-g294197-d9143276-Reviews-Coffee_Mongtaju-Seoul.html
10195822,파툼,+82 2-739-9888,종로구 삼청로 86-5,,37.58322,126.98221,커피 및 차 전문점,,아직 파툼에 대한 콘텐츠가 없습니다.,https://dynamic-media-cdn.tripadvisor.com/media/photo-o/15/1c/9b/9f/photo1jpg.jpg?w=900&h=500&s=1,https://www.tripadvisor.co.kr/Restaurant_Review-g294197-d10195822-Reviews-Fatum-Seoul.html
25569020,Hyemindang,+82 70-8833-4242,"16-9 Samil-daero 12-gil, Jung-gu",,37.56648,126.98862,디저트 명소,,,https://dynamic-media-cdn.tripadvisor.com/media/photo-o/29/44/a5/52/gorgeous-baked-goods.jpg?w=900&h=500&s=1,https://www.tripadvisor.co.kr/Restaurant_Review-g294197-d25569020-Reviews-Hyemindang-Seoul.html
25279778,Tonti Coffee,+82 70-8872-1316,"6-8 Bukchon-ro Gahoe-dong, Jongno-gu",,37.577602,126.98629,커피 및 차 전문점,일 11:00~20:00 / 월 11:00~20:00 / 화 11:00~20:00 / 수 11:00~20:00 / 목 11:00~20:00 / 금 11:00~20:00 / 토 11:00~20:00,,https://dynamic-media-cdn.tripadvisor.com/media/photo-o/2e/76/55/29/caption.jpg?w=900&h=500&s=1,https://www.tripadvisor.co.kr/Restaurant_Review-g294197-d25279778-Reviews-Tonti_Coffee-Seoul.html
17604113,커피폴리,+82 10-4555-4782,마포구 양화로11길 14,(우) 04034,37.551994,126.9158,카페,,,https://dynamic-media-cdn.tripadvisor.com/media/photo-o/17/ed/5a/62/photo2jpg.jpg?w=900&h=500&s=1,https://www.tripadvisor.co.kr/Restaurant_Review-g294197-d17604113-Reviews-Coffee_Pauly-Seoul.html
25094861,60년전통떡집,+82 10-6807-1926,종로구 창경궁로 88,,37.57004,126.9996,디저트 명소,,,https://dynamic-media-cdn.tripadvisor.com/media/photo-o/26/b6/42/cf/rice-cake2.jpg?w=900&h=-1&s=1,https://www.tripadvisor.co.kr/Restaurant_Review-g294197-d25094861-Reviews-60_Year_Old_Rice_Cake_Shop-Seoul.html
25047499,도렐 성수점,+82 2-516-3675,성동구 연무장7길 11 1층,(우) 04782,37.567455,127.03082,카페,,,https://dynamic-media-cdn.tripadvisor.com/media/photo-o/26/72/b9/de/inside.jpg?w=900&h=-1&s=1,https://www.tripadvisor.co.kr/Restaurant_Review-g294197-d25047499-Reviews-Dorell_Coffee_Seongsu-Seoul.html
10837036,인사동전통찻집,+82 2-723-4909,종로구 인사동길 33-1,(우) 03149,37.573467,126.98538,카페 > 아시아 요리 > 한국,,,https://dynamic-media-cdn.tripadvisor.com/media/photo-o/0c/f8/a3/d8/photo0jpg.jpg?w=900&h=500&s=1,https://www.tripadvisor.co.kr/Restaurant_Review-g294197-d10837036-Reviews-Insadong_Tea_House-Seoul.html
34224127,문화제빵,+82 70-5147-6888,돈화문로 65,,37.56893,126.99137,베이커리,일 11:00~19:00 / 월 11:00~19:00 / 화 11:00~19:00 / 수 11:00~19:00 / 목 11:00~19:00 / 금 11:00~19:00 / 토 11:00~19:00,아직 문화제빵에 대한 콘텐츠가 없습니다.,https://dynamic-media-cdn.tripadvisor.com/media/photo-o/32/80/17/a6/caption.jpg?w=900&h=-1&s=1,https://www.tripadvisor.co.kr/Restaurant_Review-g294197-d34224127-Reviews-Cultural_Bakery-Seoul.html
33422114,세운나다방,+82 2-2265-2681,을지로 157 Daelim Plaza,(우) 04544,37.56696,126.99543,커피 및 차 전문점,월 00:00~19:00 / 화 10:00~19:00 / 수 10:00~19:00 / 목 10:00~19:00 / 금 10:00~19:00 / 토 11:00~18:00,,https://dynamic-media-cdn.tripadvisor.com/media/photo-o/31/8e/71/47/caption.jpg?w=900&h=500&s=1,https://www.tripadvisor.co.kr/Restaurant_Review-g294197-d33422114-Reviews-Sewoonna_Dabang-Seoul.html
12338706,프앙디,+82 2-741-5982,종로구 수표로28길 21-3,(우) 03133,37.572968,126.98965,베이커리,,,https://dynamic-media-cdn.tripadvisor.com/media/photo-o/0f/07/41/07/what-we-saw-from-where.jpg?w=900&h=500&s=1,https://www.tripadvisor.co.kr/Restaurant_Review-g294197-d12338706-Reviews-France_Ange_Dessert-Seoul.html
11778748,호텔수선화,+82 70-8950-2649,중구 충무로7길 17,(우) 04550,37.565655,126.991646,커피 및 차 전문점,,"* Hotel Soosunhwa * Three young designers transformed the upper floor space into a cafe cum workshop cum showroom,a ""co-working place"" where artists can share ideas, work enjoy a beer and coffee, food etc.. They also host exhibits, film screenings and other art-related events.",https://dynamic-media-cdn.tripadvisor.com/media/photo-o/12/5b/9a/a4/photo0jpg.jpg?w=900&h=500&s=1,https://www.tripadvisor.co.kr/Restaurant_Review-g294197-d11778748-Reviews-Hotel_Soosunhwa-Seoul.html
19757897,폴바셋 - 올림픽공원 북2문점,+82 2-488-8654,강동구 강동대로 199,(우) 05402,37.52418,127.12868,,일 09:00~22:00 / 월 08:00~23:00 / 화 08:00~23:00 / 수 08:00~23:00 / 목 08:00~23:00 / 금 08:00~23:00 / 토 09:00~22:00,아직 폴바셋 - 올림픽공원 북2문점에 대한 콘텐츠가 없습니다.,https://dynamic-media-cdn.tripadvisor.com/media/photo-o/1b/3b/ef/59/2020-04-01-02-largejpg.jpg?w=800&h=500&s=1,https://www.tripadvisor.co.kr/Restaurant_Review-g294197-d19757897-Reviews-Paul_Bassett_Olympic_Park_North_2-Seoul.html
3939437,던킨 도너츠 청담,+82 2-544-4080,강남구 청담동  124-15,,37.525265,127.05051,베이커리,,아직 던킨 도너츠 청담에 대한 콘텐츠가 없습니다.,https://dynamic-media-cdn.tripadvisor.com/media/photo-o/0b/91/f0/7b/dunkin-donut-cheongdam.jpg?w=800&h=500&s=1,https://www.tripadvisor.co.kr/Restaurant_Review-g294197-d3939437-Reviews-Dunkin_Donut_Cheongdam_Store-Seoul.html
17579865,가배도-신논현점,+82 2-554-4542,"강남구 강남대로110길 13 2,3층",(우) 06123,37.503994,127.02591,커피 및 차 전문점,일 09:00~21:00 / 월 09:00~21:00 / 화 09:00~21:00 / 수 09:00~21:00 / 목 09:00~21:00 / 금 09:00~21:00 / 토 09:00~21:00,,https://dynamic-media-cdn.tripadvisor.com/media/photo-o/28/92/b5/a6/gabaedo-sinnonhyeon.jpg?w=900&h=500&s=1,https://www.tripadvisor.co.kr/Restaurant_Review-g294197-d17579865-Reviews-Gabaedo_Sinnonhyeon-Seoul.html
33334062,콩카페 강남구청역점,+82 50-71468-0716,선릉로131길 11 1 층 102호,(우) 06060,37.517426,127.03984,커피 및 차 전문점,일 09:00~22:00 / 월 08:00~22:00 / 화 08:00~22:00 / 수 08:00~22:00 / 목 08:00~22:00 / 금 08:00~22:00 / 토 09:00~22:00,,https://dynamic-media-cdn.tripadvisor.com/media/photo-o/30/eb/6a/f1/3-3-cong-2007-60-25-1980.jpg?w=900&h=500&s=1,https://www.tripadvisor.co.kr/Restaurant_Review-g294197-d33334062-Reviews-Gangnam_Cafe_Cong_Cafe-Seoul.html
9435720,맥널티 커피 팩토리,+82 2-332-3226,"서대문구 연희로 152 맥널티빌딩 5, 6층",(우) 03723,37.570663,126.93427,커피 및 차 전문점,일 19:00~10:00 / 월 19:00~10:00 / 화 19:00~10:00 / 수 19:00~10:00 / 목 19:00~10:00 / 금 19:00~10:00 / 토 19:00~10:00,,https://dynamic-media-cdn.tripadvisor.com/media/photo-o/0e/ff/16/5a/mcnulty-coffee-factory.jpg?w=900&h=500&s=1,https://www.tripadvisor.co.kr/Restaurant_Review-g294197-d9435720-Reviews-Mcnulty_Coffee_Factory-Seoul.html
27141342,타임애프터타임,+82 70-8891-9629,"성동구 연무장길 28-16, 1층 성수역",,37.542973,127.05228,커피 및 차 전문점,일 12:00~21:00 / 월 12:00~21:00 / 화 12:00~21:00 / 수 12:00~21:00 / 목 12:00~21:00 / 금 12:00~21:00 / 토 12:00~21:00,,https://dynamic-media-cdn.tripadvisor.com/media/photo-o/2b/48/c1/cb/caption.jpg?w=900&h=500&s=1,https://www.tripadvisor.co.kr/Restaurant_Review-g294197-d27141342-Reviews-Time_After_Time-Seoul.html
33687429,씨네마포,+82 10-6649-1911,서교동 401-14 1층,(우) 04048,37.5486,126.91932,커피 및 차 전문점,일 13:00~19:00 / 수 13:00~19:00 / 목 13:00~19:00 / 금 13:00~19:00 / 토 13:00~19:00,,https://dynamic-media-cdn.tripadvisor.com/media/photo-o/31/27/25/27/caption.jpg?w=900&h=500&s=1,https://www.tripadvisor.co.kr/Restaurant_Review-g294197-d33687429-Reviews-Cinema_4-Seoul.html
25435904,ZERO CAFE HONGDAE,+82 70-4580-7422,"17, Wausan-ro 27-gil",(우) 04054,37.554073,126.927284,카페 > 인터내셔널 > 아시아 요리 > 한국 > 펍 > 건강식,일 09:00~23:00 / 월 09:00~23:00 / 화 09:00~23:00 / 수 09:00~23:00 / 목 09:00~23:00 / 금 09:00~23:00 / 토 09:00~23:00,No added sugar But we are sweet! We use only natural alternative sugar. All of our menus do not add sugar!,https://dynamic-media-cdn.tripadvisor.com/media/photo-o/31/99/0e/c0/caption.jpg?w=1200&h=-1&s=1&cx=1920&cy=1080&chk=v1_a4bbf4de8d67ec28d4fb,https://www.tripadvisor.co.kr/Restaurant_Review-g294197-d25435904-Reviews-ZERO_CAFE_HONGDAE-Seoul.html
33285880,Mori Coffee Urban,,"119-19 Yongdu-dong, Dongdaemun District,",,37.577007,127.030594,커피 및 차 전문점,,,https://dynamic-media-cdn.tripadvisor.com/media/photo-o/30/57/ad/f0/caption.jpg?w=900&h=500&s=1,https://www.tripadvisor.co.kr/Restaurant_Review-g294197-d33285880-Reviews-Mori_Coffee_Urban-Seoul.html
34280300,레트로팔코 커피 로스터,+82 2-2269-0967,퇴계로32길 14,,37.560394,126.992485,카페,월 10:00~19:00 / 화 10:00~19:00 / 수 10:00~19:00 / 목 10:00~19:00 / 금 10:00~19:00 / 토 10:00~19:00,,https://dynamic-media-cdn.tripadvisor.com/media/photo-o/32/c0/f8/54/caption.jpg?w=900&h=-1&s=1,https://www.tripadvisor.co.kr/Restaurant_Review-g294197-d34280300-Reviews-Retrofalco_Coffee_Roaster-Seoul.html
26661943,Cafe Leah,+82 2-735-9407,Insadong-gil Insadong,(우) 03145,37.574608,126.98395,커피 및 차 전문점,월 10:00~20:00 / 화 10:00~20:00 / 수 10:00~20:00 / 목 10:00~20:00 / 금 10:00~20:00 / 토 10:00~20:00,Since 2003 Traditional cafe next to building anyounginsadong,https://dynamic-media-cdn.tripadvisor.com/media/photo-o/2f/21/36/66/caption.jpg?w=900&h=500&s=1,https://www.tripadvisor.co.kr/Restaurant_Review-g294197-d26661943-Reviews-Cafe_Leah-Seoul.html
3939006,던킨 도너츠 안국역,+82 2-3675-1577,종로구 재동 95-2,,37.576965,126.98615,베이커리,,,https://dynamic-media-cdn.tripadvisor.com/media/photo-f/01/2e/70/89/avatar010.jpg?w=100&h=-1&s=1,https://www.tripadvisor.co.kr/Restaurant_Review-g294197-d3939006-Reviews-Dunkin_Donut_Anguk_Station_Store-Seoul.html
13778740,폴바셋 디타워점,+82 2-2251-8134,종로구 종로3길 17 디타워 replace 광화문 1층,(우) 03155,37.570965,126.978806,커피 및 차 전문점,,,https://dynamic-media-cdn.tripadvisor.com/media/photo-o/1c/58/28/6e/photo1jpg.jpg?w=900&h=500&s=1,https://www.tripadvisor.co.kr/Restaurant_Review-g294197-d13778740-Reviews-Paul_Bassett_D_Tower-Seoul.html
9715812,커피 명가 안암점,+82 2-928-0892,성북구 안암로5길 40,(우) 02858,37.58101,127.02346,커피 및 차 전문점,,Special coffee and dessert cake,https://dynamic-media-cdn.tripadvisor.com/media/photo-o/09/f4/d8/aa/getlstd-property-photo.jpg?w=700&h=-1&s=1,https://www.tripadvisor.co.kr/Restaurant_Review-g294197-d9715812-Reviews-Coffee_Myungga_Anam-Seoul.html
13287916,이디야 - 마곡나루역점,+82 2-2063-3555,강서구 마곡중앙5로 6 마곡나루역 보타닉푸르지오시티 103호,(우) 07788,37.56709,126.82922,커피 및 차 전문점,,,https://dynamic-media-cdn.tripadvisor.com/media/photo-o/1a/f6/de/e7/default-avatar-2020-37.jpg?w=100&h=-1&s=1,https://www.tripadvisor.co.kr/Restaurant_Review-g294197-d13287916-Reviews-Ediya_Magongnaru_Station-Seoul.html
9245750,스타벅스 안국점,+82 2-758-8779,종로구 북촌로 5-1,(우) 03060,37.577312,126.9857,커피 및 차 전문점,,,https://dynamic-media-cdn.tripadvisor.com/media/photo-o/0a/b2/75/73/caption.jpg?w=100&h=-1&s=1,https://www.tripadvisor.co.kr/Restaurant_Review-g294197-d9245750-Reviews-Starbucks_Anguk-Seoul.html
33344894,Mega Coffee,+82 2-555-5869,28 Yeongdong-daero 85-gil Gangnam District,(우) 06283,37.506874,127.06125,커피 및 차 전문점,,,https://dynamic-media-cdn.tripadvisor.com/media/photo-o/30/94/4e/42/caption.jpg?w=900&h=-1&s=1,https://www.tripadvisor.co.kr/Restaurant_Review-g294197-d33344894-Reviews-Mega_Coffee-Seoul.html
28913048,신산커피하우스 성수점,+82 70-8691-3242,성동구 광나루로 307 1층,,37.54812,127.06522,커피 및 차 전문점,,,https://dynamic-media-cdn.tripadvisor.com/media/photo-o/2e/0c/01/63/caption.jpg?w=900&h=-1&s=1,https://www.tripadvisor.co.kr/Restaurant_Review-g294197-d28913048-Reviews-Shinsan_Coffee_House_Seongsu-Seoul.html
26840502,라크라센타,+82 2-866-6202,구로구 가마산로 242 1층 희망재단,(우) 08306,37.494354,126.88766,커피 및 차 전문점,,,https://dynamic-media-cdn.tripadvisor.com/media/photo-o/2a/d4/74/08/caption.jpg?w=900&h=-1&s=1,https://www.tripadvisor.co.kr/Restaurant_Review-g294197-d26840502-Reviews-La_Crescenta-Seoul.html
27095487,421소호,,종로구 자하문로11길 6,(우) 03036,37.579674,126.97089,베이커리,일 11:00~20:00 / 화 11:00~20:00 / 수 11:00~20:00 / 목 11:00~20:00 / 금 11:00~20:00 / 토 11:00~20:00,"The 421 team renovated the old hanok mansion located in the birthplace of King Sejong in Seochon as their very first flagship store (A.K.A. 1F) and reinterpreted the entrance of the 421 Broome Street building in the most Korean way. In this space, where Korean classical beauty and New York's modernity are properly harmonized, unique POP & ROLL menus and drinks that can only be tasted in 421 greet visitors every day and night. Inspired by the iconic 421 Broome Street building in New York, Team 421 features diverse cultural content inspired by the homes of tenants of different cultures living on each floor of the building with red brick walls and black steel columns. On the red bricks, black steel pillars, and wooden floors, which symbolize the Soho area, the team placed the unique warm colors of the hanok and stylish furniture made solely for this tiny flagship store. In addition, the bold use of stainless steel and glass added a spoon of unfamiliarity.",https://dynamic-media-cdn.tripadvisor.com/media/photo-o/2b/1b/51/81/caption.jpg?w=900&h=500&s=1,https://www.tripadvisor.co.kr/Restaurant_Review-g294197-d27095487-Reviews-421soho-Seoul.html
33372826,Alloro Gelato,+82 2-737-1123,"Yulgok-ro 1-gil, 74-13 Jongno District",(우) 03045,37.578716,126.981834,디저트 명소,일 11:00~22:00 / 월 11:00~22:00 / 화 11:00~22:00 / 수 11:00~22:00 / 목 11:00~22:00 / 금 11:00~22:00 / 토 11:00~22:00,"북촌에서 느끼는 이탈리아 감성 고즈넉한 한옥길에 위치한 수제 젤라또 가게입니다. 전통과 현대가 공존하는 이곳처럼, 한국적인 감성으로 재해석한 이탈리아 정통 젤라또를 만나보세요, 신선하고 특별한 맛 저희 젤라또는 프렌치 미슐랭 출신 쉐프가 매일 신선한 재료로 소량 생산합니다. 인공 첨가물 없이 계절의 맛과 향을 그대로 담았죠. 매월 바뀌는 제철 원료를 활용한 시즈널 메뉴는 물론, 클래식한 맛까지 다양하게 즐길 수 있습니다. 함께 즐기는 여유 젤라또의 맛을 더욱 풍성하게 해줄 글라스 주류도 준비되어 있습니다. 캐쥬얼 와인부터 깊은 풍미의 위스키, 꼬냑까지- 달콤함 뒤에 오는 여운을 느껴보세요. 오감을 만족시키는 공간 저희는 젤라또가 단순한 디저트가 아닌, 특별한 기억으로 남길 바랍니다. 햇살 가득한 창가, 감미로운 음악, 좋은 사람들- 작은 공간에서 오감을 만족시키는 경험을 선사합니다. 젤라또와 함께하는 소격동 산책길 젤라또 한 스쿱을 들고 북촌 골목을 산책해보세요. 아마 오늘 하루가 조금 더 특별하게 기억될 거에요!",https://dynamic-media-cdn.tripadvisor.com/media/photo-o/30/b0/ae/87/caption.jpg?w=900&h=500&s=1,https://www.tripadvisor.co.kr/Restaurant_Review-g294197-d33372826-Reviews-Alloro_Gelato-Seoul.html
3894923,스타벅스 청량리역점,,동대문구 전농동 620-2  ,(우) 130-020,37.5799,127.04503,커피 및 차 전문점,,,https://dynamic-media-cdn.tripadvisor.com/media/photo-o/16/1f/fe/fa/avatar.jpg?w=100&h=-1&s=1,https://www.tripadvisor.co.kr/Restaurant_Review-g294197-d3894923-Reviews-Starbucks_Cheongnyangni_yeok-Seoul.html
3933951,카페베네 이태원점,,용산구 한남동 737-4,,37.5356,126.99884,커피 및 차 전문점,,,https://dynamic-media-cdn.tripadvisor.com/media/photo-o/03/ab/12/d8/caffe-bene-itaewon-store.jpg?w=900&h=500&s=1,https://www.tripadvisor.co.kr/Restaurant_Review-g294197-d3933951-Reviews-Caffe_Bene_Itaewon_Store-Seoul.html
27922551,킷사텐 서울역센트럴자이점,+82 10-2116-9054,중구 만리재로 175 제401동 제지1층 제401-5호,(우) 04500,37.55376,126.96505,커피 및 차 전문점,일 10:30~01:00 / 월 10:30~01:00 / 화 10:30~01:00 / 수 10:30~01:00 / 목 10:30~01:00 / 금 10:30~01:00 / 토 10:30~01:00,,https://dynamic-media-cdn.tripadvisor.com/media/photo-o/2c/ec/4b/94/caption.jpg?w=900&h=500&s=1,https://www.tripadvisor.co.kr/Restaurant_Review-g294197-d27922551-Reviews-Kissaten-Seoul.html
9155339,젠틀커피,+82 1566-4413,강남구 논현로30길 41 1층,(우) 06296,37.48478,127.0449,커피 및 차 전문점,일 12:00~22:00 / 월 09:00~23:00 / 화 09:00~23:00 / 수 09:00~23:00 / 목 09:00~23:00 / 금 09:00~23:00 / 토 12:00~22:00,"Gentle Coffee is located in Dogok-dong (Maebong Station/yellow line(line 3)), Gangnam-gu, Seoul. We serve specialty coffee(Decaf OK!) and regular drinks(Tea & non-coffee). Also sell coffee beans, Dessert, cup, tumbler, men's goods and fedora, etc. -Free Wi-Fi -Laptop Ok -Seating & Takeout",https://dynamic-media-cdn.tripadvisor.com/media/photo-o/1a/87/30/1f/caption.jpg?w=900&h=500&s=1,https://www.tripadvisor.co.kr/Restaurant_Review-g294197-d9155339-Reviews-Gentle_Coffee-Seoul.html
3911479,스타벅스 포스코점,,강남구 대치동 942-5 1F,(우) 135-280,37.50833,127.05783,커피 및 차 전문점,,,https://dynamic-media-cdn.tripadvisor.com/media/photo-o/03/b1/9d/ce/starbucks-posco.jpg?w=900&h=500&s=1,https://www.tripadvisor.co.kr/Restaurant_Review-g294197-d3911479-Reviews-Starbucks_Posco-Seoul.html
23872265,Gute Leute,,"16, Seolleung-ro 131-gil, Gangnam-gu",(우) 06059,37.517612,127.039635,커피 및 차 전문점,일 08:00~21:00 / 월 08:00~21:00 / 화 08:00~21:00 / 수 08:00~21:00 / 목 08:00~21:00 / 금 08:00~21:00 / 토 08:00~21:00,,https://dynamic-media-cdn.tripadvisor.com/media/photo-o/21/ff/97/b5/gute-leute-exterior.jpg?w=900&h=500&s=1,https://www.tripadvisor.co.kr/Restaurant_Review-g294197-d23872265-Reviews-Gute_Leute-Seoul.html
17395683,올모스트홈카페 - 아트선재점,+82 2-734-2626,종로구 율곡로3길 87,(우) 03062,37.579433,126.98183,커피 및 차 전문점,,,https://dynamic-media-cdn.tripadvisor.com/media/photo-o/1a/f6/f4/20/default-avatar-2020-31.jpg?w=100&h=-1&s=1,https://www.tripadvisor.co.kr/Restaurant_Review-g294197-d17395683-Reviews-Almosthome_Cafe_Art_Seonjae-Seoul.html
34020849,Milders,,"1-6 Nangye-ro 23-gil, Jung-gu",,37.570415,127.02281,커피 및 차 전문점,일 10:00~21:00 / 월 12:00~21:00 / 화 12:00~21:00 / 수 12:00~21:00 / 목 12:00~21:00 / 금 12:00~21:00 / 토 10:00~21:00,,https://dynamic-media-cdn.tripadvisor.com/media/photo-o/31/c3/ee/57/assortment-of-dacquoises.jpg?w=900&h=500&s=1,https://www.tripadvisor.co.kr/Restaurant_Review-g294197-d34020849-Reviews-Milders-Seoul.html
33249018,지브릭커피,+82 2-725-1458,연서로48길 12 서울 은평구,,37.63733,126.9353,디저트 명소,일 09:30~21:00 / 월 09:00~21:00 / 화 09:00~21:00 / 수 09:00~21:00 / 목 09:00~21:00 / 금 09:00~21:00 / 토 09:30~21:00,,https://dynamic-media-cdn.tripadvisor.com/media/photo-o/30/1e/e6/86/caption.jpg?w=900&h=500&s=1,https://www.tripadvisor.co.kr/Restaurant_Review-g294197-d33249018-Reviews-Jibeuligkeopi-Seoul.html
27523810,당옥,+82 2-3443-1227,강남구 강남대로162길 22 1층,(우) 06028,37.519733,127.01945,커피 및 차 전문점,,,https://dynamic-media-cdn.tripadvisor.com/media/photo-o/2b/d5/03/dc/caption.jpg?w=900&h=500&s=1,https://www.tripadvisor.co.kr/Restaurant_Review-g294197-d27523810-Reviews-Dang_Ok-Seoul.html
31057949,Sans Ikseon,+82 70-7779-1806,"30, Supyo-ro 28-gil, Jongno-gu",,37.572945,126.99024,커피 및 차 전문점,일 10:00~19:00 / 월 10:00~19:00 / 화 10:00~19:00 / 수 10:00~19:00 / 목 10:00~19:00 / 금 10:00~19:00 / 토 10:00~19:00,,https://dynamic-media-cdn.tripadvisor.com/media/photo-o/2e/34/dc/ee/blueberry-tiramisu-zero.jpg?w=900&h=500&s=1,https://www.tripadvisor.co.kr/Restaurant_Review-g294197-d31057949-Reviews-Sans_Ikseon-Seoul.html
3864382,스타벅스 포이점,+82 2-3015-1922,강남구 포이동 229-1,(우) 135-964,37.55712,126.97737,카페,,,https://dynamic-media-cdn.tripadvisor.com/media/photo-o/0b/3d/31/96/caption.jpg?w=600&h=-1&s=1,https://www.tripadvisor.co.kr/Restaurant_Review-g294197-d3864382-Reviews-Starbucks_Poi-Seoul.html
14087148,미어캣파크,+82 2-762-7201,종로구 대학로10길 12,(우) 03086,37.566536,126.97797,카페,,,https://dynamic-media-cdn.tripadvisor.com/media/photo-o/31/99/0e/c0/caption.jpg?w=1200&h=-1&s=1&cx=1920&cy=1080&chk=v1_a4bbf4de8d67ec28d4fb,https://www.tripadvisor.co.kr/Restaurant_Review-g294197-d14087148-Reviews-Meerkat_Park-Seoul.html
19085749,빠우도나스,+82 2-2268-9285,중구 을지로 157 대림상가 3층 라열 361호,(우) 04545,37.567085,126.99543,베이커리,,아직 빠우도나스에 대한 콘텐츠가 없습니다.,https://dynamic-media-cdn.tripadvisor.com/media/photo-o/19/a0/64/4c/photo1jpg.jpg?w=900&h=500&s=1,https://www.tripadvisor.co.kr/Restaurant_Review-g294197-d19085749-Reviews-Bbawoo_Donass-Seoul.html
18935520,스타벅스 - 잠실 시그마타워점,+82 1522-3232,송파구 올림픽로 289,(우) 05510,37.51457,127.10249,,,아직 스타벅스 - 잠실 시그마타워점에 대한 콘텐츠가 없습니다.,https://dynamic-media-cdn.tripadvisor.com/media/photo-o/19/4d/1b/7a/inside.jpg?w=900&h=500&s=1,https://www.tripadvisor.co.kr/Restaurant_Review-g294197-d18935520-Reviews-Starbucks_Jamsil_Sigma_Tower-Seoul.html
33405727,라쿠바나,+82 10-7100-1621,"퇴계로 27길 40 1층,  중구",,37.56296,126.9914,커피 및 차 전문점,일 09:00~21:00 / 월 09:00~21:00 / 화 09:00~21:00 / 수 09:00~21:00 / 목 09:00~21:00 / 금 09:00~21:00 / 토 09:00~21:00,,https://dynamic-media-cdn.tripadvisor.com/media/photo-o/30/ee/61/d4/caption.jpg?w=900&h=500&s=1,https://www.tripadvisor.co.kr/Restaurant_Review-g294197-d33405727-Reviews-La_Cubana-Seoul.html
26578736,Maison Gaudin,+82 2-535-0725,"Bangbaero 34gil 4 Seoul, Korea",,37.492306,126.99127,베이커리,일 10:00~19:00 / 월 08:00~19:00 / 화 08:00~19:00 / 수 08:00~19:00 / 목 08:00~19:00 / 금 08:00~19:00 / 토 08:00~19:00,"Authentic French Bakery by owner chef Cyril Gaudin. Baguette and croissant are signature. Of course you can enjoy simple meals such as chix panini, ham and cheese baguette sandwich in cozy atmosphere.",https://dynamic-media-cdn.tripadvisor.com/media/photo-o/2b/91/47/12/caption.jpg?w=900&h=500&s=1,https://www.tripadvisor.co.kr/Restaurant_Review-g294197-d26578736-Reviews-Maison_Gaudin-Seoul.html
23968938,종로여가,+82 70-7780-7100,종로구 창신길 55,(우) 03097,37.574116,127.01044,커피 및 차 전문점,월 10:00~21:00 / 화 10:00~21:00 / 수 10:00~21:00 / 목 10:00~21:00 / 금 10:00~21:00 / 토 11:00~18:00,종로여가는 동대문과 낙산공원 옆동네인 창신동 봉제골목에 있습니다. 동대문역에서 창신길로 들어서면 다소 이국적인 모습을 경험하실 수 있습니다. 다소 번잡하고 오래된 골목길에서 걷다보면 만나실 수 있는 만나실 수 있는 카페입니다.,https://dynamic-media-cdn.tripadvisor.com/media/photo-o/24/1a/3d/13/coffee-dessert.jpg?w=900&h=500&s=1,https://www.tripadvisor.co.kr/Restaurant_Review-g294197-d23968938-Reviews-Jongno_Yeoga-Seoul.html
16656485,망원동 티라미수,+82 2-922-7877,성북구 동소문로24길 9,(우) 02845,37.59324,127.01863,커피 및 차 전문점,월 11:00~21:00 / 화 11:00~21:00 / 수 11:00~21:00 / 목 11:00~21:00 / 금 11:00~21:00 / 토 11:00~21:00,,https://dynamic-media-cdn.tripadvisor.com/media/photo-o/1a/12/7f/9b/caption.jpg?w=900&h=500&s=1,https://www.tripadvisor.co.kr/Restaurant_Review-g294197-d16656485-Reviews-Mangwon_dong_Tiramisu-Seoul.html
23919291,매머드익스프레스 충무로역점,+82 10-7581-2803,중구 퇴계로 192 #103,(우) 04627,37.560726,126.99312,카페,,,https://dynamic-media-cdn.tripadvisor.com/media/photo-o/22/58/60/b7/cafe.jpg?w=900&h=-1&s=1,https://www.tripadvisor.co.kr/Restaurant_Review-g294197-d23919291-Reviews-Mammoth_Express_Chungmuro_Station-Seoul.html
12918357,일상다반사,+82 70-4215-3030,종로구 효자로 33 Boan1942 1층,(우) 03044,37.578983,126.97368,커피 및 차 전문점,,"Ilsangdabansa, the Korean food and culture space offers creative beverages and light refreshments using local ingredients and modern techniques.",https://dynamic-media-cdn.tripadvisor.com/media/photo-o/11/fc/3c/1c/exterior.jpg?w=900&h=500&s=1,https://www.tripadvisor.co.kr/Restaurant_Review-g294197-d12918357-Reviews-Ilsangdabansa-Seoul.html
23938940,이디야커피 길동사거리점,+82 2-470-2427,강동구 천호대로 1132,(우) 05373,37.53402,127.13697,카페,,,https://dynamic-media-cdn.tripadvisor.com/media/photo-o/22/77/84/4e/inside2.jpg?w=900&h=-1&s=1,https://www.tripadvisor.co.kr/Restaurant_Review-g294197-d23938940-Reviews-Ediya_Coffee_Gildong_Sageori_Branch-Seoul.html
29616705,데우스 카페 서울,+82 2-468-0889,성동구 연무장3길 21 1층 102호,,37.54602,127.05181,커피 및 차 전문점,일 12:00~20:00 / 월 12:00~20:00 / 화 12:00~20:00 / 수 12:00~20:00 / 목 12:00~20:00 / 금 12:00~20:00 / 토 12:00~20:00,,https://dynamic-media-cdn.tripadvisor.com/media/photo-o/2e/16/02/90/caption.jpg?w=900&h=-1&s=1,https://www.tripadvisor.co.kr/Restaurant_Review-g294197-d29616705-Reviews-Deus_Cafe_Seoul-Seoul.html
25287672,사베 종각,+82 2-6271-4970,종로구 우정국로 26,(우) 03161,37.571617,126.98335,베이커리,월 07:30~20:00 / 화 07:30~20:00 / 수 07:30~20:00 / 목 07:30~20:00 / 금 07:30~20:00,"사베는 고메 샌드위치 전문 브랜드로 직접 만들어 신선한 빵에 고기, 야채들을 더하여 만드는 다양한 샌드위치들이 있습니다. 샌드위치 뿐만 아니라 디저트, 커피들도 사베만의 스타일로 재해석하여 만듭니다. 사베 종각에서는 매일 셰프들이 오픈키친에서 만드는 샌드위치, 데일리 스프, 샐러드 그리고 디저트까지 만나볼 수 있습니다.",https://dynamic-media-cdn.tripadvisor.com/media/photo-o/28/d2/96/d3/sabe-jonggak.jpg?w=900&h=500&s=1,https://www.tripadvisor.co.kr/Restaurant_Review-g294197-d25287672-Reviews-Sabe_Jonggak-Seoul.html
17118177,우뺑,+82 2-851-7301,금천구 벚꽃로56길 182 램킨푸르지오시티 104호,(우) 08512,37.479588,126.888054,베이커리,수 12:00~17:00 / 목 12:00~17:00 / 금 12:00~17:00 / 토 13:00~17:00,,https://dynamic-media-cdn.tripadvisor.com/media/photo-o/19/a8/a5/bd/photo0jpg.jpg?w=900&h=500&s=1,https://www.tripadvisor.co.kr/Restaurant_Review-g294197-d17118177-Reviews-Woo_Pain-Seoul.html
26823743,아이에떼커피,+82 507-1408-4016,성동구 아차산로7길 3 1층,(우) 04793,37.54572,127.05391,카페,,,https://dynamic-media-cdn.tripadvisor.com/media/photo-o/2a/c5/1b/56/caption.jpg?w=900&h=-1&s=1,https://www.tripadvisor.co.kr/Restaurant_Review-g294197-d26823743-Reviews-Aiete_Coffee-Seoul.html
9245570,스타벅스 까치산역점,+82 2-758-8538,강서구 강서로13길 3,(우) 07774,37.532288,126.84607,커피 및 차 전문점,,,https://dynamic-media-cdn.tripadvisor.com/media/photo-o/1a/f6/e9/ef/default-avatar-2020-66.jpg?w=100&h=-1&s=1,https://www.tripadvisor.co.kr/Restaurant_Review-g294197-d9245570-Reviews-Starbucks_Kkachisan_Station-Seoul.html
25095121,루프,,성동구 연무장5길 9-13,(우) 04782,37.544262,127.052055,커피 및 차 전문점,,,https://dynamic-media-cdn.tripadvisor.com/media/photo-o/26/b6/27/cb/inside.jpg?w=900&h=-1&s=1,https://www.tripadvisor.co.kr/Restaurant_Review-g294197-d25095121-Reviews-Looop-Seoul.html
27329732,Bean Brotehrs Farmier Station,3080,"205 Sapyeong-daero, Seocho-gu Room Fp203, 2nd floor, Central City Famille Station",(우) 06545,37.50327,127.00402,커피 및 차 전문점,일 10:00~22:00 / 월 10:00~22:00 / 화 10:00~22:00 / 수 10:00~22:00 / 목 10:00~22:00 / 금 10:00~22:00 / 토 10:00~22:00,"일상 속 휴식이 필요할 때 파미에스테이션점에 들러주세요. 빈브라더스를 대표하는 블랙수트 블렌드를 비롯해 매월 새로운 커피를 만날 수 있습니다. 커피와 향긋한 티부터 케이크, 까눌레, 휘낭시에까지. 다양한 모습의 빈브라더스를 즐겨보세요.",https://dynamic-media-cdn.tripadvisor.com/media/photo-o/2b/ba/cc/51/caption.jpg?w=900&h=500&s=1,https://www.tripadvisor.co.kr/Restaurant_Review-g294197-d27329732-Reviews-Bean_Brotehrs_Farmier_Station-Seoul.html
9245947,스타벅스 가로수길점,+82 2-758-8661,강남구 논현로175길 94,(우) 06028,37.52309,127.021805,커피 및 차 전문점,,,https://dynamic-media-cdn.tripadvisor.com/media/photo-o/1a/f6/f6/0d/default-avatar-2020-34.jpg?w=100&h=-1&s=1,https://www.tripadvisor.co.kr/Restaurant_Review-g294197-d9245947-Reviews-Starbucks_Garosugil-Seoul.html
25199905,프롬하츠커피,+82 2-2236-7265,"396, Samil-daero, Jongno-gu",(우) 03191,37.56982,126.98801,커피 및 차 전문점,일 08:00~22:00 / 월 08:00~23:00 / 화 08:00~23:00 / 수 08:00~23:00 / 목 08:00~23:00 / 금 08:00~23:00 / 토 08:00~23:00,소중한 사람에게 마음을 전하는 프롬하츠커피,https://dynamic-media-cdn.tripadvisor.com/media/photo-o/2e/94/1e/24/caption.jpg?w=900&h=500&s=1,https://www.tripadvisor.co.kr/Restaurant_Review-g294197-d25199905-Reviews-Fromhearts_Coffee-Seoul.html
25110716,가배도-명동,+82 2-3789-4542,중구 퇴계로18길 10 1층,(우) 04631,37.560383,126.985016,커피 및 차 전문점,일 11:00~21:00 / 월 11:00~21:00 / 화 11:00~21:00 / 수 11:00~21:00 / 목 11:00~21:00 / 금 11:00~21:00 / 토 11:00~21:00,"Gabaedo is a combination of two words: ""Gabae"" and ""Do"" which respectively mean, ""coffee"" and ""island."" The name represents a certain tranquil sentiment of a coffee island among the bustling city site. In September 2017, Gabaedo opened its first store near the quiet and serene Seokchon lake, Now there are 6 locations in Seoul: Songpa, Sinnonhyeon, Samcheong, Myeongdong, Starfield COEX. and Gangnam Station, There is also 1 location inside Anseong Starfield.",https://dynamic-media-cdn.tripadvisor.com/media/photo-o/26/d1/ed/e4/caption.jpg?w=900&h=500&s=1,https://www.tripadvisor.co.kr/Restaurant_Review-g294197-d25110716-Reviews-Gabaedo_Myeongdong-Seoul.html
28405744,연과점 하루,,동교로 16길 12 마포구,(우) 04029,37.550262,126.997086,커피 및 차 전문점,화 11:00~18:00 / 수 11:00~18:00 / 목 11:00~18:00 / 금 11:00~18:00 / 토 11:00~18:00,"We are the only place in South Korea that specializes in crafting traditional Korean caramel, 'Yeongwa,' by hand. Enjoy our sweet treats paired with a variety of blended teas and coffee, and take home the perfect gift for someone special.",https://dynamic-media-cdn.tripadvisor.com/media/photo-o/2e/87/2a/ed/caption.jpg?w=900&h=500&s=1,https://www.tripadvisor.co.kr/Restaurant_Review-g294197-d28405744-Reviews-A_Day_Of_Fruit-Seoul.html
14141757,블루밀,+82 2-2061-4567,양천구 목동중앙본로 106 1층,(우) 07973,37.544956,126.8711,베이커리,월 08:00~22:00 / 화 08:00~22:00 / 수 08:00~22:00 / 목 08:00~22:00 / 금 08:00~22:00 / 토 08:00~22:00,,https://dynamic-media-cdn.tripadvisor.com/media/photo-o/16/d6/ad/04/caption.jpg?w=900&h=-1&s=1,https://www.tripadvisor.co.kr/Restaurant_Review-g294197-d14141757-Reviews-Blue_Meel-Seoul.html
29014293,Coffee Nine Jongno,+82 50-71358-6635,71-5 종로2(i)-ga 종로 86-1,,37.57012,126.9871,이탈리아 요리 > 미국 요리 > 카페 > 아시아 요리 > 한국,일 08:00~22:00 / 월 07:00~22:00 / 화 07:00~22:00 / 수 07:00~22:00 / 목 07:00~22:00 / 금 07:00~22:00 / 토 08:00~22:00,,https://dynamic-media-cdn.tripadvisor.com/media/photo-o/2d/f2/c9/22/coffee-nine-jongno-branch.jpg?w=900&h=500&s=1,https://www.tripadvisor.co.kr/Restaurant_Review-g294197-d29014293-Reviews-Coffee_Nine_Jongno-Seoul.html
32862323,Paik's Coffee,,Jong-ro 10-gil 21,(우) 03189,37.569084,126.98321,커피 및 차 전문점,,,https://dynamic-media-cdn.tripadvisor.com/media/photo-o/2e/9b/cd/ef/caption.jpg?w=900&h=500&s=1,https://www.tripadvisor.co.kr/Restaurant_Review-g294197-d32862323-Reviews-Paik_s_Coffee-Seoul.html
12447883,예츠페리카페,+82 70-7523-1252,종로구 통일로 262,(우) 03030,37.57551,126.95677,커피 및 차 전문점,월 07:30~21:00 / 화 07:30~21:00 / 수 07:30~21:00 / 목 07:30~21:00 / 금 07:30~21:00 / 토 09:00~20:30,"종로구 무악동에 위치한 로스팅 카페 입니다. 독립문공원과 서대문형무소 바로 건너편에 있고, 3호선 독립문역 1번출구에서 30초 거리입니다.",https://dynamic-media-cdn.tripadvisor.com/media/photo-o/0f/65/79/e7/outside-of-cafeteria.jpg?w=500&h=300&s=1,https://www.tripadvisor.co.kr/Restaurant_Review-g294197-d12447883-Reviews-Yetsperi_Cafe-Seoul.html
24145965,스타벅스 종로플레이스점,+82 1522-3232,종로구 창경궁로 120,(우) 03130,37.572945,126.99831,카페,,,https://dynamic-media-cdn.tripadvisor.com/media/photo-o/24/7a/df/ec/inside.jpg?w=900&h=-1&s=1,https://www.tripadvisor.co.kr/Restaurant_Review-g294197-d24145965-Reviews-Starbucks_Jongno_Place-Seoul.html
23911522,파리바게뜨 충무로역점,+82 2-2269-6121,중구 퇴계로 188,(우) 04627,37.560795,126.99254,베이커리,,,https://dynamic-media-cdn.tripadvisor.com/media/photo-o/22/43/ce/aa/inside2.jpg?w=900&h=-1&s=1,https://www.tripadvisor.co.kr/Restaurant_Review-g294197-d23911522-Reviews-Paris_Baguette_Chungmuro_Station-Seoul.html
13354764,파리바게뜨 - 을지로3가점,+82 2-2277-0306,중구 을지로 지하 131,(우) 04543,37.566414,126.99419,카페,,,https://dynamic-media-cdn.tripadvisor.com/media/photo-o/11/c2/8c/a5/caption.jpg?w=900&h=500&s=1,https://www.tripadvisor.co.kr/Restaurant_Review-g294197-d13354764-Reviews-Paris_Baguette_Euljiro_3ga-Seoul.html
12907082,투썸플레이스 가산대륭18차점,+82 2-2629-4579,금천구 가산디지털1로 19 대륭테크노타운18차 104호,(우) 08594,37.477024,126.88268,카페,,,https://dynamic-media-cdn.tripadvisor.com/media/photo-o/03/41/24/95/caption.jpg?w=100&h=-1&s=1,https://www.tripadvisor.co.kr/Restaurant_Review-g294197-d12907082-Reviews-A_Twosome_Place_Gasan_Daerung_18th-Seoul.html
27953479,데이블러,812816,용산구 한강대로 290-1 1층,(우) 04352,37.529427,126.96434,카페,일 11:00~21:00 / 월 11:00~22:00 / 화 11:00~22:00 / 수 11:00~22:00 / 목 11:00~22:00 / 금 11:00~22:00 / 토 11:00~22:00,,https://dynamic-media-cdn.tripadvisor.com/media/photo-o/31/99/0e/c0/caption.jpg?w=1200&h=-1&s=1&cx=1920&cy=1080&chk=v1_a4bbf4de8d67ec28d4fb,https://www.tripadvisor.co.kr/Restaurant_Review-g294197-d27953479-Reviews-Deibeulleo-Seoul.html
9210031,차돌집,+82 2-2664-5534,방화대로21길 85,,37.56472,126.811386,커피 및 차 전문점,,아직 차돌집에 대한 콘텐츠가 없습니다.,https://dynamic-media-cdn.tripadvisor.com/media/photo-o/1b/77/2a/8e/photo4jpg.jpg?w=900&h=500&s=1,https://www.tripadvisor.co.kr/Restaurant_Review-g294197-d9210031-Reviews-Tea_Stone_House-Seoul.html
17546819,시나본 서울숲점,+82 70-7582-0073,성동구 서울숲2길 32-14,(우) 04769,37.54313,127.04456,카페,,,https://dynamic-media-cdn.tripadvisor.com/media/photo-o/17/c5/ab/9a/photo0jpg.jpg?w=800&h=500&s=1,https://www.tripadvisor.co.kr/Restaurant_Review-g294197-d17546819-Reviews-Cinnabon_Seoul_Forest-Seoul.html
19085897,20 스페이스,+82 2-548-7720,성동구 아차산로 83,(우) 04793,37.54564,127.05346,커피 및 차 전문점,,,https://dynamic-media-cdn.tripadvisor.com/media/photo-o/19/76/7e/c6/photo2jpg.jpg?w=900&h=500&s=1,https://www.tripadvisor.co.kr/Restaurant_Review-g294197-d19085897-Reviews-20_Space_The_Mint_Universe-Seoul.html
15209111,빌리엔젤 - 종로관철점,+82 2-720-2004,종로구 삼일대로15길 1,(우) 03190,37.568726,126.98735,커피 및 차 전문점,,,https://dynamic-media-cdn.tripadvisor.com/media/photo-o/1b/77/12/b3/2.jpg?w=900&h=500&s=1,https://www.tripadvisor.co.kr/Restaurant_Review-g294197-d15209111-Reviews-Billy_Angel_Jongno_Gwancheol-Seoul.html
12272257,브릭하우스,+82 2-6401-0418,용산구 녹사평대로32길 3,(우) 04390,37.53284,126.99049,커피 및 차 전문점,일 00:00~21:30 / 월 00:00~20:00 / 화 11:00~22:00 / 수 11:00~22:00 / 목 11:00~22:00 / 금 11:00~22:00 / 토 11:00~22:00,,https://dynamic-media-cdn.tripadvisor.com/media/photo-o/10/0b/dd/9c/een-heerlijke-ice-cappuccino.jpg?w=900&h=500&s=1,https://www.tripadvisor.co.kr/Restaurant_Review-g294197-d12272257-Reviews-Brick_House-Seoul.html
17202016,백미당 - 강남358타워점,+82 2-512-5825,강남구 강남대로 358 1층,(우) 06241,37.49502,127.029785,디저트 명소,,,https://dynamic-media-cdn.tripadvisor.com/media/photo-o/17/0f/c6/26/photo0jpg.jpg?w=900&h=500&s=1,https://www.tripadvisor.co.kr/Restaurant_Review-g294197-d17202016-Reviews-Baekmidang_Gangnam_358_Tower-Seoul.html
9245816,스타벅스 염창역점,+82 2-758-8694,강서구 공항대로 627,(우) 07558,37.54708,126.874725,커피 및 차 전문점,,,https://dynamic-media-cdn.tripadvisor.com/media/photo-o/1a/13/45/28/caption.jpg?w=900&h=-1&s=1,https://www.tripadvisor.co.kr/Restaurant_Review-g294197-d9245816-Reviews-Starbucks-Seoul.html
10169265,스타벅스 강남에비뉴점,+82 1522-3232,서초구 서초대로77길 62 강남역 아이파크 1층,(우) 06611,37.50062,127.02537,카페,,,https://dynamic-media-cdn.tripadvisor.com/media/photo-o/0b/01/3f/11/caption.jpg?w=900&h=-1&s=1,https://www.tripadvisor.co.kr/Restaurant_Review-g294197-d10169265-Reviews-Starbucks_Gangnam_Avenue-Seoul.html
9284367,시실리,+82 2-779-1343,중구 명동4길 15-1,(우) 04536,37.566536,126.97797,커피 및 차 전문점,,,https://dynamic-media-cdn.tripadvisor.com/media/photo-o/0d/ef/6a/24/the-flowers-are-real.jpg?w=900&h=500&s=1,https://www.tripadvisor.co.kr/Restaurant_Review-g294197-d9284367-Reviews-Sicily-Seoul.html
23770447,곤트란쉐리에 - 서초반포점,+82 2-537-1391,서초구 서초중앙로31길 6-9,,37.500435,127.01119,커피 및 차 전문점,,,https://dynamic-media-cdn.tripadvisor.com/media/photo-o/21/7a/76/94/inside.jpg?w=900&h=500&s=1,https://www.tripadvisor.co.kr/Restaurant_Review-g294197-d23770447-Reviews-Gontran_Cherrier_Seocho_Banpo_Branch-Seoul.html
23972831,마호가니 광화문 케이스퀘어시티,+82 2-6466-7177,중구 청계천로 24,(우) 04521,37.568512,126.980156,커피 및 차 전문점,,,https://dynamic-media-cdn.tripadvisor.com/media/photo-o/22/d1/e1/d6/inside2.jpg?w=900&h=-1&s=1,https://www.tripadvisor.co.kr/Restaurant_Review-g294197-d23972831-Reviews-Mahogany_Gwanghwamun_K_Square_City-Seoul.html
33308625,Figments,+82 70-7833-9870,을지로 51 내외빌딩 1층,,37.56651,126.98355,카페 > 한국 > 건강식,일 08:00~19:00 / 월 07:30~21:00 / 화 07:30~21:00 / 수 07:30~21:00 / 목 07:30~21:00 / 금 07:30~21:00 / 토 08:00~21:00,"A cozy bakery caf? known for its sourdough breads and freshly baked pastries. Everything is made daily in-house, so we recommend checking our baking times before visiting for the best experience. Enjoy a range of coffee options such as single origin, flat white, latte, and batch brew, along with matcha latte and hojicha latte for tea lovers.",https://dynamic-media-cdn.tripadvisor.com/media/photo-o/32/ed/d7/e1/caption.jpg?w=900&h=-1&s=1,https://www.tripadvisor.co.kr/Restaurant_Review-g294197-d33308625-Reviews-Figments-Seoul.html
27922082,프렌떼 도화,+82 507-1493-1250,마포구 새창로 52 현대아파트상가 1층,,37.538677,126.959595,커피 및 차 전문점,월 11:30~07:30 / 화 11:30~07:30 / 수 11:30~07:30 / 목 11:30~07:30 / 금 11:30~07:30 / 토 11:30~07:30,,https://dynamic-media-cdn.tripadvisor.com/media/photo-o/2c/87/9f/26/caption.jpg?w=900&h=500&s=1,https://www.tripadvisor.co.kr/Restaurant_Review-g294197-d27922082-Reviews-Frente-Seoul.html
27092890,애쉬빌,+82 50-71397-0029,북촌로5길 5-5 유니온빌딩 지하 1층,,37.579018,126.98464,베이커리,일 10:00~18:00 / 월 10:00~18:00 / 화 10:00~18:00 / 수 10:00~18:00 / 목 10:00~18:00 / 금 10:00~18:00 / 토 10:00~18:00,"매일 매일 신선한 화덕으로 만든 빵과 디저트, 케이크를 보유한 비건 베이커리 카페저희 모든 제품은 동물성 재료가 들어가지 않습니다.",https://dynamic-media-cdn.tripadvisor.com/media/photo-o/2c/2e/7e/62/caption.jpg?w=900&h=500&s=1,https://www.tripadvisor.co.kr/Restaurant_Review-g294197-d27092890-Reviews-Ashville-Seoul.html
17453837,브이카페 - 연희점,+82 2-332-7271,서대문구 연희맛로 2-3,(우) 03708,37.5656,126.92854,커피 및 차 전문점,,,https://dynamic-media-cdn.tripadvisor.com/media/photo-o/17/d7/88/54/caption.jpg?w=900&h=500&s=1,https://www.tripadvisor.co.kr/Restaurant_Review-g294197-d17453837-Reviews-V_Caphe_Yeonhee-Seoul.html
34298958,을지다방,+82 2-2272-1886,을지로 124-1,,37.494648,126.54696,,일 09:00~20:00 / 월 06:00~21:00 / 화 06:00~21:00 / 수 06:00~21:00 / 목 06:00~21:00 / 금 06:00~21:00 / 토 06:00~21:00,,https://dynamic-media-cdn.tripadvisor.com/media/photo-o/31/99/0e/c0/caption.jpg?w=1200&h=-1&s=1&cx=1920&cy=1080&chk=v1_a4bbf4de8d67ec28d4fb,https://www.tripadvisor.co.kr/Restaurant_Review-g294197-d34298958-Reviews-Euljidabang-Seoul.html
26828086,Cafe Layered,+82 10-2810-2494,"108, Yeoui-daero, Yeongdeungpo-gu, Seoul, Republic of Korea 108, Yeoui-daero, Yeongdeungpo-gu, Seoul, Republic of Korea",(우) 07335,37.52605,126.9283,아시아 요리 > 한국 > 영국 요리,일 10:30~20:30 / 월 10:30~20:00 / 화 10:30~20:00 / 수 10:30~20:00 / 목 10:30~20:00 / 금 10:30~20:30 / 토 10:30~20:30,,https://dynamic-media-cdn.tripadvisor.com/media/photo-o/31/99/0e/c0/caption.jpg?w=1200&h=-1&s=1&cx=1920&cy=1080&chk=v1_a4bbf4de8d67ec28d4fb,https://www.tripadvisor.co.kr/Restaurant_Review-g294197-d26828086-Reviews-Cafe_Layered-Seoul.html
3939049,던킨 도너츠 서울대입구역,+82 2-6276-8234,관악구 봉천동 862-1  1층 56호,,37.480907,126.9521,베이커리,,아직 던킨 도너츠 서울대입구역에 대한 콘텐츠가 없습니다.,https://dynamic-media-cdn.tripadvisor.com/media/photo-o/1a/f6/f2/59/default-avatar-2020-24.jpg?w=100&h=-1&s=1,https://www.tripadvisor.co.kr/Restaurant_Review-g294197-d3939049-Reviews-Dunkin_Donut_Seoul_National_University_Station_Store-Seoul.html
28663710,George Seoul,,"6, Eulji-ro 12-gil, Jung-gu, Seoul Room302",(우) 04550,37.565998,126.99125,커피 및 차 전문점,일 12:00~21:45 / 월 12:00~21:45 / 화 12:00~21:45 / 수 12:00~21:45 / 목 12:00~21:45 / 금 12:00~21:45 / 토 12:00~21:45,,https://dynamic-media-cdn.tripadvisor.com/media/photo-o/2d/ca/b6/e0/caption.jpg?w=900&h=500&s=1,https://www.tripadvisor.co.kr/Restaurant_Review-g294197-d28663710-Reviews-George_Seoul-Seoul.html
31720826,카페게이트 회현역점,,남대문시장8길 28 중구,,37.550262,126.997086,커피 및 차 전문점,월 07:00~17:00 / 화 07:00~17:00 / 수 07:00~17:00 / 목 07:00~17:00 / 금 07:00~17:00 / 토 08:00~17:00,,https://dynamic-media-cdn.tripadvisor.com/media/photo-o/2e/46/f1/2e/caption.jpg?w=900&h=500&s=1,https://www.tripadvisor.co.kr/Restaurant_Review-g294197-d31720826-Reviews-Cafe_Gate_Hoehyeon_Station_Branch-Seoul.html
20063443,김씨부인,+82 2-532-5327,서초구 사평대로26길 26-6 2층,(우) 06577,37.49905,126.99874,커피 및 차 전문점,월 11:30~22:00 / 화 11:30~22:00 / 수 11:30~22:00 / 목 11:30~22:00 / 금 11:30~22:00 / 토 11:30~22:00,아직 김씨부인에 대한 콘텐츠가 없습니다.,https://dynamic-media-cdn.tripadvisor.com/media/photo-o/1c/a6/23/02/kimssi-booin.jpg?w=900&h=500&s=1,https://www.tripadvisor.co.kr/Restaurant_Review-g294197-d20063443-Reviews-Kimssi_Booin-Seoul.html
26851216,이디야커피 건대로데오점,+82 2-466-4886,광진구 아차산로30길 8,(우) 05072,37.540417,127.06761,카페,,,https://dynamic-media-cdn.tripadvisor.com/media/photo-o/2a/de/95/d5/caption.jpg?w=900&h=-1&s=1,https://www.tripadvisor.co.kr/Restaurant_Review-g294197-d26851216-Reviews-Ediya_Coffee-Seoul.html
27421586,뽀르누 서울,+82 10-8536-5021,용산구 서빙고로91나길 46 1층 1층,(우) 04395,37.523552,126.99787,이탈리아 요리 > 델리,화 11:30~17:00 / 수 11:30~17:00 / 목 11:30~17:00 / 금 11:30~17:00 / 토 10:30~18:00,,https://dynamic-media-cdn.tripadvisor.com/media/photo-o/2d/45/65/43/brunch-and-coffee.jpg?w=900&h=500&s=1,https://www.tripadvisor.co.kr/Restaurant_Review-g294197-d27421586-Reviews-Forno_Seoul-Seoul.html
7376238,???? ???????????,+82 10-7222-1899,종로구 이화장1길 24,(우) 110-500,37.57756,127.0058,커피 및 차 전문점,,,https://dynamic-media-cdn.tripadvisor.com/media/photo-o/07/3d/d2/44/caption.jpg?w=600&h=400&s=1,https://www.tripadvisor.co.kr/Restaurant_Review-g294197-d7376238-Reviews-Cafe_Dreamers-Seoul.html
9141210,커피빈 - 목동 트라팰리스점,+82 2-2643-7725,양천구 오목로 299,(우) 08001,37.525776,126.87033,,,아직 커피빈 - 목동 트라팰리스점에 대한 콘텐츠가 없습니다.,https://dynamic-media-cdn.tripadvisor.com/media/photo-o/1b/2b/d9/70/inside.jpg?w=900&h=500&s=1,https://www.tripadvisor.co.kr/Restaurant_Review-g294197-d9141210-Reviews-The_Coffee_Bean_Mokdong_Trapalace-Seoul.html
26083822,Ginger Bear,,43-7 Baekjegobun-ro 41-gil,(우) 05624,37.50909,127.105415,베이커리,일 12:00~21:00 / 월 12:00~21:00 / 화 12:00~21:00 / 수 12:00~21:00 / 목 12:00~21:00 / 금 12:00~21:00 / 토 12:00~21:00,,https://dynamic-media-cdn.tripadvisor.com/media/photo-o/31/99/0e/c0/caption.jpg?w=1200&h=-1&s=1&cx=1920&cy=1080&chk=v1_a4bbf4de8d67ec28d4fb,https://www.tripadvisor.co.kr/Restaurant_Review-g294197-d26083822-Reviews-Ginger_Bear-Seoul.html
12179197,해태로,+82 2-322-0215,"마포구 어울마당로 70 Seogyo-dong, Mapo-gu",(우) 04041,37.551342,126.92156,커피 및 차 전문점,,,https://dynamic-media-cdn.tripadvisor.com/media/photo-o/11/20/37/ab/photo0jpg.jpg?w=900&h=500&s=1,https://www.tripadvisor.co.kr/Restaurant_Review-g294197-d12179197-Reviews-Haitairo-Seoul.html
32761794,바샤커피,+82 2-511-1910,압구정로 432 1-2F,,37.526592,127.044075,카페,일 10:30~20:00 / 월 10:30~20:00 / 화 10:30~20:00 / 수 10:30~20:00 / 목 10:30~20:00 / 금 10:30~20:00 / 토 10:30~20:00,"The story of Bacha Coffee begins in Marrakech. Established in 1910, the first Bacha Coffee is housed in the spectacular Dar el Bacha palace, which means “house of the Pasha”. It reunited the greatest cultural and political minds of the century over glittering pots of “coffee of Arabia” or Arabica, as it is known today. Bacha Coffee has reopened after 60 years in the same spirit, with both a coffee room & boutique offering a meticulously sourced collection of 100% Arabica coffee beans from 33 of the most consistent and well reputed producing countries around the world. The collection includes over 200 single origin coffees, as well as fine flavoured, blended coffees, and naturally decaffeinated coffees. The Bacha coffee room serves a traditional cuisine, sweets and baked goods, with a collection of signature croissants that include a tantalizing array of fillings to perfectly accompany the range of coffees that are served all day long.",https://dynamic-media-cdn.tripadvisor.com/media/photo-o/2e/68/7e/4f/bacha-coffee-cheongdam.jpg?w=900&h=-1&s=1,https://www.tripadvisor.co.kr/Restaurant_Review-g294197-d32761794-Reviews-Bacha_Coffee-Seoul.html
25219045,Cloud With Sky Dog Cafe,,21 Wausan-ro 27-gil,,37.55412,126.92707,카페,일 11:00~22:00 / 월 11:00~22:00 / 화 11:00~22:00 / 수 11:00~22:00 / 목 11:00~22:00 / 금 11:00~22:00 / 토 11:00~22:00,,https://dynamic-media-cdn.tripadvisor.com/media/photo-o/27/83/ca/fd/caption.jpg?w=900&h=500&s=1,https://www.tripadvisor.co.kr/Restaurant_Review-g294197-d25219045-Reviews-Cloud_With_Sky_Dog_Cafe-Seoul.html
33220666,Remind Coffee,+82 10-9531-2628,"1/F, 174-14 Donggyo-dong, Mapo-gu, Seoul",(우) 04056,37.56291,127.01793,커피 및 차 전문점,일 08:00~22:00 / 월 08:00~22:00 / 화 08:00~22:00 / 수 08:00~22:00 / 목 08:00~22:00 / 금 08:00~22:00 / 토 08:00~22:00,,https://dynamic-media-cdn.tripadvisor.com/media/photo-o/30/10/07/80/caption.jpg?w=900&h=500&s=1,https://www.tripadvisor.co.kr/Restaurant_Review-g294197-d33220666-Reviews-Remind_Coffee-Seoul.html
10236453,커피아람빈스,+82 2-372-1414,마포구 월드컵북로48길 57,(우) 03927,37.577984,126.89648,카페,월 10:30~23:00 / 화 10:30~23:00 / 수 10:30~23:00 / 목 10:30~23:00 / 금 10:30~23:00,,https://dynamic-media-cdn.tripadvisor.com/media/photo-o/16/8f/b0/2a/caption.jpg?w=900&h=500&s=1,https://www.tripadvisor.co.kr/Restaurant_Review-g294197-d10236453-Reviews-Coffee_Aram_Beans-Seoul.html
4076320,탐앤탐스커피 로데오본점,+82 2-542-5517,"강남구 신사동 665-1  한양타운 1층 1F, Hanyang Town",,37.525517,127.03938,카페,,,https://dynamic-media-cdn.tripadvisor.com/media/photo-o/0f/43/d0/de/tt.jpg?w=900&h=500&s=1,https://www.tripadvisor.co.kr/Restaurant_Review-g294197-d4076320-Reviews-Tom_Tom_s_Coffee_Rodeo_Main-Seoul.html
10677814,빌리엔젤 대학로점,+82 70-5051-8136,종로구 대학로10길 24,(우) 03086,37.58168,127.003555,커피 및 차 전문점,,,https://dynamic-media-cdn.tripadvisor.com/media/photo-o/16/7b/d7/af/billy-angel-daehak-ro.jpg?w=900&h=500&s=1,https://www.tripadvisor.co.kr/Restaurant_Review-g294197-d10677814-Reviews-Billy_Angel_Daehak_ro-Seoul.html
17468791,파리바게뜨  - 연희대우점,+82 70-4200-1717,서대문구 연희로 44,(우) 03781,37.562496,126.927956,카페 > 아시아 요리 > 한국,,,https://dynamic-media-cdn.tripadvisor.com/media/photo-o/17/98/5d/5b/photo1jpg.jpg?w=900&h=500&s=1,https://www.tripadvisor.co.kr/Restaurant_Review-g294197-d17468791-Reviews-Paris_Baguette_Yeonhee_Daewoo-Seoul.html
27176983,빈마마파파,+82 10-8432-6987,종로구 39길11 효제동175-1,,37.571644,127.006035,커피 및 차 전문점,월 10:00~03:00 / 화 10:00~03:00 / 수 10:00~03:00 / 목 10:00~03:00 / 금 10:00~03:00 / 토 11:45~00:00,,https://dynamic-media-cdn.tripadvisor.com/media/photo-o/2b/63/29/8a/caption.jpg?w=900&h=500&s=1,https://www.tripadvisor.co.kr/Restaurant_Review-g294197-d27176983-Reviews-Bin_mama_papa-Seoul.html
14236621,에맥앤볼리오스 - 명동점,+82 2-756-3456,중구 명동8가길 22,(우) 04537,37.561554,126.98619,디저트 명소,,"정통 미국 프리미엄 아이스크림 에맥앤볼리오스 보스턴 아이스크림 since 1975년~ 마시멜로우 콘 등 여러가지 토핑으로 맛을 다양화 한 독특한 컨셉의 프리미엄 와플콘 개발 전 세계 미국, 뉴욕, 플로리다, 일리노이주 외 홍콩, 중국, 태국, 대만 , 두바이, 마닐라, 말레이시아 오픈!! 최상의 원유와 천연 재료를 사용하며 인공향과 인공색소 및 화학 첨가물을 넣지 않은 아이스크림 코셔 인증 생산방식으로 만들어진 프리미엄 아이스크림 40여가지의 아이스크림과 10여가지의 프리미엄 와플콘의 조합으로 다양한 맛과 식감을 제공 프리미엄 와플콘은 시선을 사로잡는 비주얼로 보는 즐거움을 더해 줍니다.",https://dynamic-media-cdn.tripadvisor.com/media/photo-o/13/50/7a/94/getlstd-property-photo.jpg?w=800&h=500&s=1,https://www.tripadvisor.co.kr/Restaurant_Review-g294197-d14236621-Reviews-Emackandbolios_Myeongdong-Seoul.html
26232515,헤이!,+82 2-595-6640,용산구 올림픽대로 2085-96 더리버 1층,(우) 04428,37.50697,126.98469,카페,일 10:30~20:00 / 화 10:30~18:30 / 수 10:30~18:30 / 목 10:30~18:30 / 금 10:30~18:30 / 토 10:30~20:00,,https://dynamic-media-cdn.tripadvisor.com/media/photo-o/29/fe/a1/b7/caption.jpg?w=900&h=500&s=1,https://www.tripadvisor.co.kr/Restaurant_Review-g294197-d26232515-Reviews-Hey-Seoul.html
15187489,커피에스페란토,+82 2-575-9429,강남구 남부순환로355길 17,(우) 06267,37.48595,127.035576,카페,,,https://dynamic-media-cdn.tripadvisor.com/media/photo-o/14/eb/06/63/photo0jpg.jpg?w=900&h=500&s=1,https://www.tripadvisor.co.kr/Restaurant_Review-g294197-d15187489-Reviews-Coffee_Esperanto-Seoul.html
6352980,루소 바리스타랩 삼청점,+82 2-725-9935,종로구 삼청로 63-1번지,(우) 110-220,37.58142,126.98076,커피 및 차 전문점,,"루소랩 삼청점은 핸드드립 전문 매장으로서 전세계 각지의 커피를 엄격하게 선별하여 다양한 방법으로 커피 본연의 최고의 향미를 여러분들께 선보여 드립니다. 다양한 더치메뉴와 묵직하고 달콤한 이탈리안 스타일 에스프레소 등의 루소만의 시그니처 메뉴를 제공합니다. 1층 Espression Bar, 2층 Slow Coffee Bar의 컨셉추얼하게 구성된 커피전문공간이 있으며 3층 Cozy Terrace에서는 고즈넉한 삼청동의 경치를 감상하실 수 있습니다.",https://dynamic-media-cdn.tripadvisor.com/media/photo-o/05/72/3b/10/bean-cellar.jpg?w=900&h=500&s=1,https://www.tripadvisor.co.kr/Restaurant_Review-g294197-d6352980-Reviews-Lusso_Barista_Lab_Samcheong-Seoul.html
33411247,Susanna's apron,+82 2-2272-8007,퇴계로49길 24,,37.56329,126.99958,카페,일 07:00~22:00 / 월 07:00~22:00 / 화 07:00~22:00 / 수 07:00~22:00 / 목 07:00~22:00 / 금 07:00~22:00 / 토 07:00~22:00,언제나 맛있는 베이커리와 음료 그리고 전시를 볼수있는 힐링공간 수잔나의앞치마입니다.^^ 수잔나의 앞치마 Susanna‘s apron 베이커리카페 그리고 스페이스 도 SPACE DO 복합문화공간 무료주차 1시간 everyday 07:00 - 22:00,https://dynamic-media-cdn.tripadvisor.com/media/photo-o/30/e1/1a/8e/caption.jpg?w=900&h=500&s=1,https://www.tripadvisor.co.kr/Restaurant_Review-g294197-d33411247-Reviews-Susanna_s_apron-Seoul.html
9245286,스타벅스 약수역점,+82 2-758-8862,중구 다산로 129,(우) 04607,37.555103,127.0109,커피 및 차 전문점,,,https://dynamic-media-cdn.tripadvisor.com/media/photo-o/0d/af/27/61/2.jpg?w=900&h=500&s=1,https://www.tripadvisor.co.kr/Restaurant_Review-g294197-d9245286-Reviews-Starbucks-Seoul.html
33115229,Jaiso Mochi,,Garak-ro 31-1,(우) 05628,37.51302,127.119965,베이커리,,아직 Jaiso Mochi에 대한 콘텐츠가 없습니다.,https://dynamic-media-cdn.tripadvisor.com/media/photo-o/31/99/0e/c0/caption.jpg?w=1200&h=-1&s=1&cx=1920&cy=1080&chk=v1_a4bbf4de8d67ec28d4fb,https://www.tripadvisor.co.kr/Restaurant_Review-g294197-d33115229-Reviews-Jaiso_Mochi-Seoul.html
34028500,Nocturne,+82 10-3717-6810,32 Yanghwa-ro 11-gil,,37.55248,126.91507,커피 및 차 전문점,일 10:00~00:00 / 월 10:00~00:00 / 화 10:00~00:00 / 수 10:00~00:00 / 목 10:00~00:00 / 금 10:00~00:00 / 토 10:00~00:00,,https://dynamic-media-cdn.tripadvisor.com/media/photo-o/32/62/4a/70/a-plate-of-snacks.jpg?w=900&h=500&s=1,https://www.tripadvisor.co.kr/Restaurant_Review-g294197-d34028500-Reviews-Nocturne-Seoul.html
19085795,투썸플레이스 - 양천구청점,+82 2-2650-8900,양천구 목동서로 349 센트럴프라자 지하1층,(우) 08095,37.517372,126.86531,커피 및 차 전문점,,아직 투썸플레이스 - 양천구청점에 대한 콘텐츠가 없습니다.,https://dynamic-media-cdn.tripadvisor.com/media/photo-o/1a/f6/f4/5d/default-avatar-2020-32.jpg?w=100&h=-1&s=1,https://www.tripadvisor.co.kr/Restaurant_Review-g294197-d19085795-Reviews-A_Twosome_Place_Yangcheon_Gucheong-Seoul.html
17546706,베스킨라빈스 - 서울숲점,+82 2-497-6211,성동구 왕십리로 114,(우) 04778,37.547653,127.04475,디저트 명소,,,https://dynamic-media-cdn.tripadvisor.com/media/photo-o/17/d3/88/65/baskin-robbins.jpg?w=900&h=500&s=1,https://www.tripadvisor.co.kr/Restaurant_Review-g294197-d17546706-Reviews-Baskin_Robbins_Seoul_Forest-Seoul.html
27127995,한촉,,마포구 연남로3길 10 101호,(우) 03988,37.56142,126.92188,커피 및 차 전문점,일 11:00~20:00 / 화 11:00~20:00 / 수 11:00~20:00 / 목 11:00~20:00 / 금 11:00~20:00 / 토 11:00~20:00,"""We make chocolate with Korean ingredients.” For those of you looking for Korean-style souvenirs or gifts, yet trendy, Hanchoc chocolate could be a good choice for you. Yuja , mugwort , and red beans grown on Korean soil meet chocolate to create a unique and delightful savor. You can always try our chocolate before making a purchase, so stop by Hanchoc when you are looking for a special experience near Yeonnam or Hongdae.",https://dynamic-media-cdn.tripadvisor.com/media/photo-o/2b/df/a4/78/caption.jpg?w=900&h=500&s=1,https://www.tripadvisor.co.kr/Restaurant_Review-g294197-d27127995-Reviews-Hanchoc-Seoul.html
14960729,카페스콘,+82 2-323-7076,마포구 성미산로 172,(우) 03983,37.564056,126.92473,,일 10:00~22:00 / 월 10:00~22:00 / 수 10:00~22:00 / 목 10:00~22:00 / 금 10:00~22:00 / 토 10:00~22:00,아직 카페스콘에 대한 콘텐츠가 없습니다.,https://dynamic-media-cdn.tripadvisor.com/media/photo-o/1a/f6/f6/0d/default-avatar-2020-34.jpg?w=100&h=-1&s=1,https://www.tripadvisor.co.kr/Restaurant_Review-g294197-d14960729-Reviews-Cafe_Skon-Seoul.html
33244484,Gangnam Cafe Cong Cafe,+82 50-71468-0716,"선릉로 131길 11 1 층 102호, 강남구",,37.517426,127.03984,커피 및 차 전문점,일 09:00~22:00 / 월 08:00~22:00 / 화 08:00~22:00 / 수 08:00~22:00 / 목 08:00~22:00 / 금 08:00~22:00 / 토 09:00~22:00,,https://dynamic-media-cdn.tripadvisor.com/media/photo-o/31/99/0e/c0/caption.jpg?w=1200&h=-1&s=1&cx=1920&cy=1080&chk=v1_a4bbf4de8d67ec28d4fb,https://www.tripadvisor.co.kr/Restaurant_Review-g294197-d33244484-Reviews-Gangnam_Cafe_Cong_Cafe-Seoul.html
17463406,앤트러사이트 - 서교점,+82 2-322-7009,마포구 월드컵로12길 11,(우) 04004,37.55541,126.91166,카페,,,https://dynamic-media-cdn.tripadvisor.com/media/photo-o/17/8d/ee/6e/photo1jpg.jpg?w=900&h=500&s=1,https://www.tripadvisor.co.kr/Restaurant_Review-g294197-d17463406-Reviews-Anthracite_Seogyo-Seoul.html
24881906,Su Bakery,+82 2-822-6785,127 Deungyong-ro Dongjak-gu,,37.51502,127.01647,베이커리,,,https://dynamic-media-cdn.tripadvisor.com/media/photo-o/25/33/7f/70/caption.jpg?w=900&h=500&s=1,https://www.tripadvisor.co.kr/Restaurant_Review-g294197-d24881906-Reviews-Su_Bakery-Seoul.html
27916065,애프터눈커피,+82 2-335-3119,마포구 신촌로4길 22-1,,37.557327,126.92834,커피 및 차 전문점,,,https://dynamic-media-cdn.tripadvisor.com/media/photo-o/2c/79/dc/03/caption.jpg?w=900&h=-1&s=1,https://www.tripadvisor.co.kr/Restaurant_Review-g294197-d27916065-Reviews-Afternoon_Coffee-Seoul.html
9319335,파스쿠찌 선릉이노센스점,+82 2-555-8497,강남구 테헤란로63길 11,(우) 06162,37.505993,127.05016,카페,,,https://dynamic-media-cdn.tripadvisor.com/media/photo-o/0c/8f/1c/a7/cafe.jpg?w=900&h=-1&s=1,https://www.tripadvisor.co.kr/Restaurant_Review-g294197-d9319335-Reviews-Pascucci_Seolleung_Innocence-Seoul.html
9245268,스타벅스 서소문로점,+82 2-758-8832,중구 서소문로 120,(우) 04514,37.562904,126.97463,카페,,,https://dynamic-media-cdn.tripadvisor.com/media/photo-o/17/6d/b0/c9/photo0jpg.jpg?w=900&h=500&s=1,https://www.tripadvisor.co.kr/Restaurant_Review-g294197-d9245268-Reviews-Starbucks_Seosomunro-Seoul.html
33307827,칠 커피 바,+82 50-71389-1538,의사당대로 1길 11 영등포구,,37.519222,126.92858,커피 및 차 전문점,일 09:00~21:00 / 월 07:00~02:00 / 화 07:00~02:00 / 수 07:00~02:00 / 목 07:00~02:00 / 금 07:00~02:00 / 토 09:00~21:00,,https://dynamic-media-cdn.tripadvisor.com/media/photo-o/30/ab/d5/e2/caption.jpg?w=900&h=500&s=1,https://www.tripadvisor.co.kr/Restaurant_Review-g294197-d33307827-Reviews-Chill_Coffee_Bar-Seoul.html
9318562,파리바게뜨 카페강남중앙점,+82 2-525-5291,서초구 강남대로 363,(우) 06621,37.495064,127.02877,아시아 요리 > 한국,,,https://dynamic-media-cdn.tripadvisor.com/media/photo-o/0e/32/88/fd/caption.jpg?w=900&h=-1&s=1,https://www.tripadvisor.co.kr/Restaurant_Review-g294197-d9318562-Reviews-Paris_Baguette_Cafe_Gangnam_Jungang-Seoul.html
28057442,미눔,+82 507-1462-4462,중구 을지로 80-1 1층,(우) 04538,37.565964,126.98675,바 > 피자 > 펍 > 맥주 음식점,월 07:00~22:30 / 화 07:00~22:30 / 수 07:00~22:30 / 목 07:00~22:30 / 금 07:00~22:30,,https://dynamic-media-cdn.tripadvisor.com/media/photo-o/31/99/0e/c0/caption.jpg?w=1200&h=-1&s=1&cx=1920&cy=1080&chk=v1_a4bbf4de8d67ec28d4fb,https://www.tripadvisor.co.kr/Restaurant_Review-g294197-d28057442-Reviews-Minum-Seoul.html
16660605,스타벅스 - 양재강남빌딩R점,+82 1522-3232,강남구 남부순환로 2621,(우) 06267,37.485264,127.036705,카페,,,https://dynamic-media-cdn.tripadvisor.com/media/photo-o/16/76/1b/88/photo0jpg.jpg?w=900&h=500&s=1,https://www.tripadvisor.co.kr/Restaurant_Review-g294197-d16660605-Reviews-Starbucks_Yangjae_Gangnam_Building_R-Seoul.html
15563097,파리바게뜨 양재본점,+82 2-529-8262,강남구 남부순환로 2627 1층,(우) 06268,37.485245,127.03721,카페 > 아시아 요리 > 한국 > 델리,,,https://dynamic-media-cdn.tripadvisor.com/media/photo-o/14/b8/9f/d3/trip807790.jpg?w=100&h=-1&s=1,https://www.tripadvisor.co.kr/Restaurant_Review-g294197-d15563097-Reviews-Paris_Baguette_Yangjae-Seoul.html
25383237,가배도-코엑스점,+82 2-6002-3542,"513 Yeongdong-daero, Gangnam-gu",(우) 06164,37.511684,127.05915,,일 09:00~22:00 / 월 09:00~22:00 / 화 09:00~22:00 / 수 09:00~22:00 / 목 09:00~22:00 / 금 09:00~22:00 / 토 09:00~22:00,아직 가배도-코엑스점에 대한 콘텐츠가 없습니다. 첫 번째 리뷰를 작성해 주세요,https://dynamic-media-cdn.tripadvisor.com/media/photo-o/28/86/7c/d1/gabaedo-is-a-combination.jpg?w=900&h=500&s=1,https://www.tripadvisor.co.kr/Restaurant_Review-g294197-d25383237-Reviews-Gabaedo_Coex-Seoul.html
14003989,폴 310,+82 2-324-0310,마포구 와우산로 39-21,(우) 04049,37.54813,126.92215,커피 및 차 전문점,,아직 폴 310에 대한 콘텐츠가 없습니다.,https://dynamic-media-cdn.tripadvisor.com/media/photo-o/14/83/c3/f6/photo0jpg.jpg?w=900&h=500&s=1,https://www.tripadvisor.co.kr/Restaurant_Review-g294197-d14003989-Reviews-Paul_310-Seoul.html
29014326,이디야커피,+82 2-466-1418,"Room 103, Seongdong-gu, Seongsu-dong 2(I)-ga, 315-74",,37.544422,127.05523,커피 및 차 전문점,일 10:00~22:00 / 월 10:00~22:00 / 화 10:00~22:00 / 수 10:00~22:00 / 목 10:00~22:00 / 금 10:00~22:00 / 토 10:00~22:00,,https://dynamic-media-cdn.tripadvisor.com/media/photo-o/2e/0c/0c/37/caption.jpg?w=900&h=-1&s=1,https://www.tripadvisor.co.kr/Restaurant_Review-g294197-d29014326-Reviews-Ediya_Coffee-Seoul.html
34077460,Pungsimdang Cafe,,Insadong-gil 42-8,(우) 03163,37.57286,126.98681,커피 및 차 전문점,일 10:30~19:30 / 월 10:30~19:30 / 화 10:30~19:30 / 수 10:30~19:30 / 목 10:30~19:30 / 금 10:30~19:30 / 토 10:30~19:30,,https://dynamic-media-cdn.tripadvisor.com/media/photo-o/32/03/ce/74/the-quaint-outside-drew.jpg?w=900&h=500&s=1,https://www.tripadvisor.co.kr/Restaurant_Review-g294197-d34077460-Reviews-Pungsimdang_Cafe-Seoul.html
26729753,커피나인 성수,+82 2-463-9999,성동구 아차산로7나길 18 1층5호 대선에이팩센터 105호,,37.547718,127.05743,카페,,,https://dynamic-media-cdn.tripadvisor.com/media/photo-o/2a/94/c0/54/caption.jpg?w=900&h=-1&s=1,https://www.tripadvisor.co.kr/Restaurant_Review-g294197-d26729753-Reviews-Coffee_Nine_Seongsu-Seoul.html
9245790,스타벅스 대학로점,+82 2-758-8558,종로구 대학로 57 홍익대학교 대학로 캠퍼스 1층,(우) 03082,37.57653,127.00137,커피 및 차 전문점,,,https://dynamic-media-cdn.tripadvisor.com/media/photo-o/1a/f6/df/99/default-avatar-2020-40.jpg?w=100&h=-1&s=1,https://www.tripadvisor.co.kr/Restaurant_Review-g294197-d9245790-Reviews-Starbucks_Daehangno-Seoul.html
19595816,제이엘 디저트바,+82 2-543-6140,용산구 이태원로55가길 38 2층,(우) 04348,37.536846,126.99952,바 > 카페 > 아시아 요리 > 한국 > 일본식 디저트 전문점 > 다이닝 바,일 13:00~22:00 / 월 13:00~22:00 / 화 13:00~22:00 / 수 13:00~22:00 / 목 13:00~22:00 / 금 13:00~23:00 / 토 13:00~23:00,"JL Dessert Bar is using finest VALRHONA chocolates, SOSA ingredients which are owner chef Justin Lee Ambassador representative Asia-Pacific region and seasonal local ingredients. the concept of JL incorporates refined plated desserts, macarons, petit gateaux, with array of drinks.",https://dynamic-media-cdn.tripadvisor.com/media/photo-o/1a/3f/79/be/jl-dessert-bar-is-using.jpg?w=900&h=500&s=1,https://www.tripadvisor.co.kr/Restaurant_Review-g294197-d19595816-Reviews-JL_Dessert_Bar-Seoul.html
29616729,쎈느,,성동구 연무장5길 20,(우) 04782,37.54548,127.05329,커피 및 차 전문점,일 10:00~22:00 / 월 10:00~22:00 / 화 10:00~22:00 / 수 10:00~22:00 / 목 10:00~22:00 / 금 10:00~22:00 / 토 10:00~22:00,,https://dynamic-media-cdn.tripadvisor.com/media/photo-o/2e/15/fd/d4/caption.jpg?w=900&h=-1&s=1,https://www.tripadvisor.co.kr/Restaurant_Review-g294197-d29616729-Reviews-Scene-Seoul.html
20235194,대구 근대골목 도나스 & 단팥빵 - 용산역점,+82 1666-1883,용산구 한강대로23길 55 용산역 3층 대합실 내,(우) 04377,37.528854,126.96404,커피 및 차 전문점,,아직 대구 근대골목 도나스 & 단팥빵 - 용산역점에 대한 콘텐츠가 없습니다.,https://dynamic-media-cdn.tripadvisor.com/media/photo-o/06/e2/38/5c/ahnahnwt.jpg?w=100&h=-1&s=1,https://www.tripadvisor.co.kr/Restaurant_Review-g294197-d20235194-Reviews-Daegu_Geundae_Golmok_Donas_Danpatppang_Yongsan_Station-Seoul.html
9386453,나폴레옹제과점,,올림픽로35가길 9,,37.517467,127.103195,베이커리,,,https://dynamic-media-cdn.tripadvisor.com/media/photo-o/1a/f6/e2/4a/default-avatar-2020-42.jpg?w=100&h=-1&s=1,https://www.tripadvisor.co.kr/Restaurant_Review-g294197-d9386453-Reviews-Napolre_Ong_Bakery-Seoul.html
10392708,오쉐이크 명동점,+82 2-3789-0125,중구 명동8가길 21,(우) 04537,37.561646,126.98614,커피 및 차 전문점,,,https://dynamic-media-cdn.tripadvisor.com/media/photo-o/0b/86/a8/2b/caption.jpg?w=800&h=400&s=1,https://www.tripadvisor.co.kr/Restaurant_Review-g294197-d10392708-Reviews-O_Shake_Myeongdong-Seoul.html
33373344,퀸스 베이커리 & 카페 삼청점,+82 2-723-8582,북촌로 5길 56,(우) 03053,37.579895,126.98193,,일 10:00~21:00 / 월 10:00~21:00 / 화 10:00~21:00 / 수 10:00~21:00 / 목 10:00~21:00 / 금 10:00~21:00 / 토 10:00~21:00,아직 퀸스 베이커리 & 카페 삼청점에 대한 콘텐츠가 없습니다.,https://dynamic-media-cdn.tripadvisor.com/media/photo-o/31/99/0e/c0/caption.jpg?w=1200&h=-1&s=1&cx=1920&cy=1080&chk=v1_a4bbf4de8d67ec28d4fb,https://www.tripadvisor.co.kr/Restaurant_Review-g294197-d33373344-Reviews-Queen_s_Bakery_Cafe_Samchung-Seoul.html
14888389,커피브론즈 - 충무로점,+82 2-2266-5522,중구 퇴계로 235,(우) 04558,37.56247,126.997795,카페 > 아시아 요리 > 한국,,,https://dynamic-media-cdn.tripadvisor.com/media/photo-o/13/bd/ea/9f/caption.jpg?w=900&h=500&s=1,https://www.tripadvisor.co.kr/Restaurant_Review-g294197-d14888389-Reviews-Coffee_Bronzz-Seoul.html
9245925,스타벅스 잠실푸르지오월드점,+82 2-758-8652,송파구 올림픽로35가길 9,(우) 05510,37.517452,127.103195,카페,,,https://dynamic-media-cdn.tripadvisor.com/media/photo-o/1a/f6/f1/42/default-avatar-2020-20.jpg?w=100&h=-1&s=1,https://www.tripadvisor.co.kr/Restaurant_Review-g294197-d9245925-Reviews-Starbucks_Jamsil_Prugio_World-Seoul.html
25569051,Gelateria eta,+82 2-6053-4222,"44, Worldcupbuk-ro 4gil, Mapo-gu Gelateria eta, 1st floor",,37.55803,126.9218,디저트 명소,화 12:00~21:00 / 수 12:00~21:00 / 목 12:00~21:00 / 금 12:00~21:00 / 토 12:00~21:00,,https://dynamic-media-cdn.tripadvisor.com/media/photo-o/29/13/1d/29/caption.jpg?w=900&h=500&s=1,https://www.tripadvisor.co.kr/Restaurant_Review-g294197-d25569051-Reviews-Gelateria_eta-Seoul.html
9287523,설빙 연신내역점,+82 70-4259-8277,은평구 통일로 855-8 2층,(우) 03330,37.61786,126.91956,디저트 명소,,,https://dynamic-media-cdn.tripadvisor.com/media/photo-o/0f/1f/28/a8/caption.jpg?w=900&h=500&s=1,https://www.tripadvisor.co.kr/Restaurant_Review-g294197-d9287523-Reviews-Sulbing_Yeonsinnae_Station-Seoul.html
13083790,카페아리아브루워스,+82 2-1666-1693,종로구 북촌로5길 43 지하1층,(우) 03061,37.57936,126.98257,퓨전,,"카페아리아브루어스는 북촌 감고당길 골목 사이에 아띠인력거와 함께 운영되는 공간입니다. 커피와 간단한 음식 그리고 수제맥주까지 최고의 품질로 제공하기 위해 노력하고 있습니다. 아리아의 뜻은 영어 ‘area’를 모티브로 만들어졌습니다. 인력거를 타고 내리는 장소이며, 오가는 사람들이 머무는 장소, 인력거 라이더들이 모여서 이야기를 나누는 곳입니다. 그래서 우리는 이곳을 일상과 비일상이 공존하는 ‘쉼공간’이라고 말합니다. 이곳에 오셔서 맛있는 커피와 음식 그리고 수제 맥주를 맛보시고, 다채로운 식물들을 구경 하시며 편히 쉬다 가세요.",https://dynamic-media-cdn.tripadvisor.com/media/photo-o/11/92/ea/8b/20171220161241-img-8894.jpg?w=900&h=500&s=1,https://www.tripadvisor.co.kr/Restaurant_Review-g294197-d13083790-Reviews-Cafe_Area_Brewers-Seoul.html
12610062,삼봉빠,+82 10-5155-2521,은평구 녹번로 33,(우) 03380,37.477543,127.00857,카페,화 12:00~20:00 / 수 12:00~20:00 / 목 12:00~20:00 / 금 12:00~20:00 / 토 12:00~20:00,,https://dynamic-media-cdn.tripadvisor.com/media/photo-o/10/4c/10/c8/caption.jpg?w=700&h=400&s=1,https://www.tripadvisor.co.kr/Restaurant_Review-g294197-d12610062-Reviews-Sambong_Bar-Seoul.html
15801312,나따오비까 - 신사점,+82 2-518-8618,강남구 압구정로2길 37 1층,(우) 06034,37.51935,127.02067,유럽 요리 > 아시아 요리 > 한국 > 포르투갈,,나따오비까는 한국에서 포르투칼 전통방식으로 유명한 에그타르트 전문 브랜드 입니다. 나따오비까가 한국을 넘어 아시아에서 주목받는 이유는 바삭한 페스트리와 촉촉한 나따크림을 꼽을 수 있습니다. 에스프레소/커피와 환상적인 조화를 이루는 에그타르트를 즐겨보세요.,https://dynamic-media-cdn.tripadvisor.com/media/photo-o/31/99/0e/c0/caption.jpg?w=1200&h=-1&s=1&cx=1920&cy=1080&chk=v1_a4bbf4de8d67ec28d4fb,https://www.tripadvisor.co.kr/Restaurant_Review-g294197-d15801312-Reviews-Nata_O_Bica_Sinsa-Seoul.html
19983869,헷지허그 딜레마,+82 10-8191-4571,마포구 연남로1길 47,(우) 03991,37.18936,127.04122,커피 및 차 전문점,,,https://dynamic-media-cdn.tripadvisor.com/media/photo-o/1a/da/23/f4/hedgehug-dilemma.jpg?w=900&h=500&s=1,https://www.tripadvisor.co.kr/Restaurant_Review-g294197-d19983869-Reviews-Hedgehug_Dilemma-Seoul.html
6570781,이샘 컵케이크 서래마을점,+82 2-595-2908,서초구 서래로10길 23,,37.499405,126.99977,디저트 명소,월 11:00~22:00 / 화 11:00~22:00 / 수 11:00~22:00 / 목 11:00~22:00 / 금 11:00~22:00 / 토 11:00~22:00,아직 이샘 컵케이크 서래마을점에 대한 콘텐츠가 없습니다.,https://dynamic-media-cdn.tripadvisor.com/media/photo-o/1a/f6/de/e7/default-avatar-2020-37.jpg?w=100&h=-1&s=1,https://www.tripadvisor.co.kr/Restaurant_Review-g294197-d6570781-Reviews-Lee_Saem_Cupcake_Seoraemaeul-Seoul.html
33237461,Lit Caf?,,34-65 Itaewon-dong Yongsan District,(우) 04390,37.53387,126.988884,커피 및 차 전문점,일 14:00~20:00 / 화 14:00~20:00 / 수 14:00~20:00 / 목 14:00~20:00 / 금 14:00~20:00 / 토 14:00~20:00,"릿카페는 이태원의 세련된 커피숍으로, 다양한 커피, 차, 스무디, 핑거푸드, 스낵 및 기타 여러 음료를 제공하여 지역 사회에 특별한 공간을 제공합니다. 낮 동안 외출하셨다면, 친구들과 함께 들러 즐거운 시간을 보내시거나 혼자만의 여유로운 시간을 가져보시기 바랍니다. 릿카페는 편안하고 아늑한 분위기 속에서 하루를 활기차게 마무리할 수 있도록 에너지를 충전해 드리는 공간입니다. 오늘 릿카페에 방문해 보세요!",https://dynamic-media-cdn.tripadvisor.com/media/photo-o/30/24/e3/6b/even-superheroes-need.jpg?w=900&h=500&s=1,https://www.tripadvisor.co.kr/Restaurant_Review-g294197-d33237461-Reviews-Lit_Cafe-Seoul.html
33265695,Miel Gwa Bang,8.25071E+12,Namdaemun-ro 29-2 1st Floor,,37.56146,126.97896,디저트 명소,월 11:30~18:00 / 화 11:30~18:00 / 수 11:30~18:00 / 목 11:30~18:00 / 금 11:30~18:00 / 토 11:30~18:00,아직 Miel Gwa Bang에 대한 콘텐츠가 없습니다.,https://dynamic-media-cdn.tripadvisor.com/media/photo-o/31/af/ed/f3/caption.jpg?w=900&h=500&s=1,https://www.tripadvisor.co.kr/Restaurant_Review-g294197-d33265695-Reviews-Miel_Gwa_Bang-Seoul.html
3911468,스타벅스 - 서초역점,+82 2-758-8289,서초구 반포대로 118,(우) 06647,37.490623,127.0086,카페,,,https://dynamic-media-cdn.tripadvisor.com/media/photo-o/1a/f6/e8/5b/default-avatar-2020-61.jpg?w=100&h=-1&s=1,https://www.tripadvisor.co.kr/Restaurant_Review-g294197-d3911468-Reviews-Starbucks_Seocho_Station-Seoul.html
10312623,경성커피,+82 2-716-7007,마포구 삼개로 7-1,(우) 04172,37.539825,126.94743,커피 및 차 전문점,월 08:00~19:00 / 화 08:00~19:00 / 수 08:00~19:00 / 목 08:00~19:00 / 금 08:00~19:00 / 토 08:00~19:00,아직 경성커피에 대한 콘텐츠가 없습니다.,https://dynamic-media-cdn.tripadvisor.com/media/photo-o/0f/9f/e3/d3/caption.jpg?w=900&h=500&s=1,https://www.tripadvisor.co.kr/Restaurant_Review-g294197-d10312623-Reviews-Kyungsung_Coffee-Seoul.html
10751069,커피식탁,+82 2-325-0152,마포구 연남로 88,(우) 03976,37.477543,127.00857,커피 및 차 전문점,일 11:00~10:00 / 월 11:00~10:00 / 화 11:00~10:00 / 수 11:00~10:00 / 목 11:00~10:00 / 금 11:00~10:00 / 토 11:00~10:00,아직 커피식탁에 대한 콘텐츠가 없습니다.,https://dynamic-media-cdn.tripadvisor.com/media/photo-o/0c/98/54/0c/caption.jpg?w=900&h=500&s=1,https://www.tripadvisor.co.kr/Restaurant_Review-g294197-d10751069-Reviews-Coffee_Table-Seoul.html
26827988,풀림카페,+82 10-7526-0639,강남구 도산대로 25길 29 1층,(우) 06033,37.521484,127.02646,커피 및 차 전문점,월 10:00~21:00 / 화 10:00~21:00 / 수 10:00~21:00 / 목 10:00~21:00 / 금 10:00~21:00 / 토 11:00~20:00,,https://dynamic-media-cdn.tripadvisor.com/media/photo-o/2b/96/96/3c/caption.jpg?w=900&h=500&s=1,https://www.tripadvisor.co.kr/Restaurant_Review-g294197-d26827988-Reviews-Cafe_Pullim-Seoul.html
14386689,클라르테 커피,+82 2-323-0729,마포구 연희로1길 59 연남동 383-103,(우) 03982,37.561424,126.92642,커피 및 차 전문점,일 12:00~23:00 / 월 12:00~23:00 / 화 12:00~23:00 / 수 12:00~23:00 / 목 12:00~23:00 / 금 12:00~23:00 / 토 12:00~23:00,"Welcome Treavlers! We will provide you with the best drinks and desserts. I hope we can join you on the best day of trip in Seoul. Thank you, see you soon!",https://dynamic-media-cdn.tripadvisor.com/media/photo-o/15/0e/cd/28/caption.jpg?w=900&h=500&s=1,https://www.tripadvisor.co.kr/Restaurant_Review-g294197-d14386689-Reviews-Clarte_Coffee-Seoul.html
4076323,탐앤탐스커피 센트럴점,+82 2-6282-4435,"서초구 반포동 19-3  센트럴시티1층 102 #102, 1F, Central City",,37.50438,127.00358,커피 및 차 전문점,,,https://dynamic-media-cdn.tripadvisor.com/media/photo-o/0d/43/2e/d3/wifi.jpg?w=900&h=500&s=1,https://www.tripadvisor.co.kr/Restaurant_Review-g294197-d4076323-Reviews-Tom_Tom_s_Coffee_Central-Seoul.html
28913041,달다곰이 행당역점,+82 2-2281-2736,성동구 행당로 84,,37.55777,127.03045,디저트 명소,,,https://dynamic-media-cdn.tripadvisor.com/media/photo-o/2e/0c/00/c7/caption.jpg?w=900&h=-1&s=1,https://www.tripadvisor.co.kr/Restaurant_Review-g294197-d28913041-Reviews-Daldagomi_Haengdang_Station-Seoul.html
23846600,이디야커피 도산사거리점,+82 2-518-0372,강남구 언주로148길 14,(우) 06057,37.520294,127.03595,카페,,,https://dynamic-media-cdn.tripadvisor.com/media/photo-o/21/e6/8b/f7/inside.jpg?w=900&h=-1&s=1,https://www.tripadvisor.co.kr/Restaurant_Review-g294197-d23846600-Reviews-Ediya_Coffee_Dosan_Intersection-Seoul.html
34359236,Coffee Libre PARAN,+82 2-332-7140,"17-8, Seongmisan-ro 29-gil Mapo-gu",,37.564705,126.92195,커피 및 차 전문점,일 09:30~18:00 / 월 09:30~18:00 / 화 09:30~18:00 / 수 09:30~18:00 / 목 09:30~18:00 / 금 09:30~18:00 / 토 09:30~18:00,"We are Coffee Libre PARAN branch!! Thank you for coming. At Coffee Libre PARAN, you can enjoy a variety of coffee beverages along with bakery items such as jambon sandwiches and tiramisu. We also have coffee cocktails and signature drinks available exclusively at our store. We offer a spacious setting with Wi-Fi and comfortable seats with power outlets.",https://dynamic-media-cdn.tripadvisor.com/media/photo-o/33/1e/39/57/coffee-libre-paran-branch.jpg?w=900&h=500&s=1,https://www.tripadvisor.co.kr/Restaurant_Review-g294197-d34359236-Reviews-Coffee_Libre_PARAN-Seoul.html
12909657,앤믹스 카페,+82 2-582-7577,서초구 명달로17길 14-2,(우) 06660,37.485546,127.00337,카페,일 10:00~18:00 / 월 10:00~20:00 / 화 10:00~20:00 / 수 10:00~20:00 / 목 10:00~20:00 / 금 10:00~20:00,"Located in a community area, &Mix Cafe has an overall pleasant and welcoming atmosphere with comfortable seating. You can find quality service, great coffee, and all-day sandwich menu. On display, &Mix has unique interior decoration items and daily products for sale. Come and visit!",https://dynamic-media-cdn.tripadvisor.com/media/photo-o/10/c8/4f/cf/white-brick-store-cafe.jpg?w=900&h=500&s=1,https://www.tripadvisor.co.kr/Restaurant_Review-g294197-d12909657-Reviews-Mix_Cafe-Seoul.html
15513113,쥬뗑뷔뜨,+82 2-6403-0098,송파구 백제고분로40길 14,(우) 05689,37.503384,127.10637,베이커리,,,https://dynamic-media-cdn.tripadvisor.com/media/photo-o/1a/f6/e2/e6/default-avatar-2020-45.jpg?w=100&h=-1&s=1,https://www.tripadvisor.co.kr/Restaurant_Review-g294197-d15513113-Reviews-Je_T_invite-Seoul.html
13778660,커피나무 - 이수로스팅점,+82 2-592-1391,서초구 서초대로 31,(우) 06569,37.48605,126.985794,카페,,,https://dynamic-media-cdn.tripadvisor.com/media/photo-o/1a/f6/e8/5b/default-avatar-2020-61.jpg?w=100&h=-1&s=1,https://www.tripadvisor.co.kr/Restaurant_Review-g294197-d13778660-Reviews-Coffee_Namu_Isu_Roasting-Seoul.html
33287044,이디야커피 회기역중앙점,,회기로 193 Dongdaemun District,(우) 02445,37.590218,127.057465,커피 및 차 전문점,,,https://dynamic-media-cdn.tripadvisor.com/media/photo-o/30/65/00/12/caption.jpg?w=900&h=-1&s=1,https://www.tripadvisor.co.kr/Restaurant_Review-g294197-d33287044-Reviews-Ediya_Coffee_Hoegi_Station_Central_Branch-Seoul.html
15559542,티테라피 - 압구정 본점,+82 2-518-7506,강남구 언주로173길 16,(우) 06023,37.528152,127.03216,카페,,,https://dynamic-media-cdn.tripadvisor.com/media/photo-o/15/94/76/0d/photo0jpg.jpg?w=900&h=500&s=1,https://www.tripadvisor.co.kr/Restaurant_Review-g294197-d15559542-Reviews-Tea_Therapy_Apgujeong_Bonjeom-Seoul.html
33347328,Nuun Coffee,+82 2-3478-5503,서래로5길 34 B1,(우) 06575,37.49802,126.996315,커피 및 차 전문점,일 08:00~18:00 / 월 08:00~20:00 / 화 08:00~20:00 / 수 08:00~20:00 / 목 08:00~20:00 / 금 08:00~20:00 / 토 08:00~18:00,아직 Nuun Coffee에 대한 콘텐츠가 없습니다.,https://dynamic-media-cdn.tripadvisor.com/media/photo-o/30/96/fb/ab/caption.jpg?w=900&h=500&s=1,https://www.tripadvisor.co.kr/Restaurant_Review-g294197-d33347328-Reviews-Nuun_Coffee-Seoul.html
9341167,랩오,+82 2-544-8373,강남구 도산대로 310,(우) 06054,37.521515,127.03545,커피 및 차 전문점,일 11:00~22:00 / 월 11:00~22:00 / 화 11:00~22:00 / 수 11:00~22:00 / 목 11:00~22:00 / 금 11:00~22:00 / 토 11:00~22:00,아직 랩오에 대한 콘텐츠가 없습니다.,https://dynamic-media-cdn.tripadvisor.com/media/photo-o/15/4b/8b/34/caption.jpg?w=900&h=500&s=1,https://www.tripadvisor.co.kr/Restaurant_Review-g294197-d9341167-Reviews-Lab_O-Seoul.html
4029733,이디야 당산점,+82 2-2630-2211,영등포구 문래동3가 33-1,,37.534946,126.89931,커피 및 차 전문점,,,https://dynamic-media-cdn.tripadvisor.com/media/photo-o/0f/9d/2c/e4/caption.jpg?w=600&h=400&s=1,https://www.tripadvisor.co.kr/Restaurant_Review-g294197-d4029733-Reviews-Ediya_Dangsan-Seoul.html
24894045,사이드바이사이드,+82 507-1384-3737,중구 퇴계로27길 33,(우) 04554,37.562588,126.991234,커피 및 차 전문점,,,https://dynamic-media-cdn.tripadvisor.com/media/photo-o/25/6c/dd/a6/cafe2.jpg?w=900&h=500&s=1,https://www.tripadvisor.co.kr/Restaurant_Review-g294197-d24894045-Reviews-Side_by_Side_Coffee-Seoul.html
34198572,로이터_브레드가드,+82 2-2272-1912,필동로 16 정구,(우) 04626,37.560104,126.99587,베이커리,일 10:30~20:00 / 월 10:30~20:00 / 화 10:30~20:00 / 수 10:30~20:00 / 목 10:30~20:00 / 금 10:30~20:00 / 토 10:30~20:00,,https://dynamic-media-cdn.tripadvisor.com/media/photo-o/32/6f/e1/7a/caption.jpg?w=900&h=-1&s=1,https://www.tripadvisor.co.kr/Restaurant_Review-g294197-d34198572-Reviews-Loiter_Breadgarde-Seoul.html
24118692,79 Foundyard,+82 2-523-3396,"Seochojungangro 101, Seocho-gu",(우) 06650,37.490715,127.013885,커피 및 차 전문점,,아직 79 Foundyard에 대한 콘텐츠가 없습니다.,https://dynamic-media-cdn.tripadvisor.com/media/photo-o/2a/db/52/2a/caption.jpg?w=900&h=500&s=1,https://www.tripadvisor.co.kr/Restaurant_Review-g294197-d24118692-Reviews-79_Foundyard-Seoul.html
3927516,스타벅스 르네상스사거리점,+82 2-758-8321,강남구 테헤란로 306,(우) 06210,37.50256,127.04409,카페,,,https://dynamic-media-cdn.tripadvisor.com/media/photo-o/0e/63/cb/37/inside2.jpg?w=900&h=-1&s=1,https://www.tripadvisor.co.kr/Restaurant_Review-g294197-d3927516-Reviews-Starbucks_Renaissance_Sageoli-Seoul.html
13975527,아마스빈 종로점,+82 2-730-0101,종로구 종로 19 1층 109-1호,(우) 03157,37.570805,126.97985,커피 및 차 전문점,,,https://dynamic-media-cdn.tripadvisor.com/media/photo-o/06/e2/38/5c/ahnahnwt.jpg?w=100&h=-1&s=1,https://www.tripadvisor.co.kr/Restaurant_Review-g294197-d13975527-Reviews-Amasvin_Jongno-Seoul.html
14396206,블랑드 티,+82 2-3144-0709,마포구 양화로 61,(우) 04037,37.550762,126.91503,아시아 요리 > 한국,,,https://dynamic-media-cdn.tripadvisor.com/media/photo-o/13/83/91/8c/caption.jpg?w=900&h=500&s=1,https://www.tripadvisor.co.kr/Restaurant_Review-g294197-d14396206-Reviews-Blanc_De_Tea-Seoul.html
23581471,챔프커피 제2작업실,,용산구 녹사평대로26가길 24,(우) 04391,37.532455,126.9928,카페,,,https://dynamic-media-cdn.tripadvisor.com/media/photo-o/1d/9c/c1/87/cafe.jpg?w=900&h=500&s=1,https://www.tripadvisor.co.kr/Restaurant_Review-g294197-d23581471-Reviews-Champ_Coffee_Studio_2-Seoul.html
15815365,월드베스트커피,+82 80-252-1004,종로구 창경궁로16가길 7,(우) 03128,37.574272,126.99939,카페,,,https://dynamic-media-cdn.tripadvisor.com/media/photo-o/16/78/7d/ef/photo0jpg.jpg?w=900&h=500&s=1,https://www.tripadvisor.co.kr/Restaurant_Review-g294197-d15815365-Reviews-World_Best_Coffee-Seoul.html
26828039,Woogie Bakery,+82 10-3799-8721,"Saimdangro 8 Gil, 13 1st Floor",(우) 06640,37.487915,127.01559,디저트 명소,월 11:00~02:00 / 화 11:00~02:00 / 수 11:00~02:00 / 목 11:00~02:00 / 금 11:00~02:00 / 토 11:00~02:00,Fresh baked goods including 101 types of financier made with premium ingredients,https://dynamic-media-cdn.tripadvisor.com/media/photo-o/2f/63/79/9a/caption.jpg?w=900&h=500&s=1,https://www.tripadvisor.co.kr/Restaurant_Review-g294197-d26828039-Reviews-Woogie_Bakery-Seoul.html
23823919,Before It Melts,,"127-24, Baekbeom-ro, Mapo-gu",(우) 04138,37.546635,126.94556,디저트 명소,일 12:00~20:00 / 월 12:00~22:00 / 수 12:00~22:00 / 목 12:00~22:00 / 금 12:00~22:00 / 토 12:00~22:00,,https://dynamic-media-cdn.tripadvisor.com/media/photo-o/21/d3/61/87/indoor-atmosphere.jpg?w=900&h=500&s=1,https://www.tripadvisor.co.kr/Restaurant_Review-g294197-d23823919-Reviews-Before_It_Melts-Seoul.html
17439942,팔공티 - 이화여대점,+82 10-6276-5389,서대문구 이화여대길 48,(우) 03764,37.55902,126.94587,아시아 요리 > 타이완,,,https://dynamic-media-cdn.tripadvisor.com/media/photo-o/15/d1/ad/a6/avatar.jpg?w=100&h=-1&s=1,https://www.tripadvisor.co.kr/Restaurant_Review-g294197-d17439942-Reviews-Palgong_Tea_Ewha_Womans_University-Seoul.html
14767964,스타벅스 - 스타필드 코엑스R,+82 2-6002-3467,강남구 영동대로 513,(우) 06164,37.510193,127.058586,커피 및 차 전문점,,,https://dynamic-media-cdn.tripadvisor.com/media/photo-o/1a/f6/f4/20/default-avatar-2020-31.jpg?w=100&h=-1&s=1,https://www.tripadvisor.co.kr/Restaurant_Review-g294197-d14767964-Reviews-Starbucks_Starfield_COEX_Mall_R-Seoul.html
33219175,오브 카페,+82 70-8861-6462,서울시 중구 퇴계로 49길 6 8층,(우) 04559,37.56307,127.000656,바 > 카페 > 펍 > 와인 바,일 11:00~02:00 / 월 11:00~02:00 / 화 11:00~02:00 / 수 11:00~02:00 / 목 11:00~02:00 / 금 11:00~02:00 / 토 11:00~02:00,"충무로에 위치한 오브카페는 핸드드립 커피와 독창적인 시즌 메뉴, 그리고 와인·위스키·칵테일을 함께 즐길 수 있는 감성적인 카페입니다. 오사카 치즈케이크에서 영감을 받은 '오사카 치즈 라떼'를 비롯해, 진한 핸드드립 커피 위에 부드러운 젤리를 얹은 '젤리브루' 등 특별한 메뉴들이 준비되어 있습니다. 조용하고 아늑한 분위기에서 낮에는 커피, 저녁에는 주류를 즐길 수 있는 복합적인 매력을 경험해보세요.",https://dynamic-media-cdn.tripadvisor.com/media/photo-o/30/04/1c/f9/caption.jpg?w=900&h=500&s=1,https://www.tripadvisor.co.kr/Restaurant_Review-g294197-d33219175-Reviews-Aube_Cafe-Seoul.html
14149215,퍼센테이지 커피,+82 10-8955-6501,마포구 독막로14길 24,(우) 04074,37.54732,126.92218,,,아직 퍼센테이지 커피에 대한 콘텐츠가 없습니다.,https://dynamic-media-cdn.tripadvisor.com/media/photo-o/1c/64/89/1a/wechat-8613713814226.jpg?w=900&h=500&s=1,https://www.tripadvisor.co.kr/Restaurant_Review-g294197-d14149215-Reviews-Percentage_Coffee-Seoul.html
28654048,커피나인,+82 2-6396-9992,"전농로3길 12, 1층",(우) 02600,37.550262,126.997086,이탈리아 요리 > 미국 요리 > 카페 > 아시아 요리 > 한국,일 08:30~22:00 / 월 08:30~22:00 / 화 08:30~22:00 / 수 08:30~22:00 / 목 08:30~22:00 / 금 08:30~22:00 / 토 08:30~22:00,"Hello, we are COFFEE NINE. We roast every day, operate a cafe at the same time, and make drinks with the heart of giving love to our family. Thank you to everyone who visits during a difficult time. We have all always gotten through it, and we'll get through it together again. COFFEE NINE supports each and everyone from the bottom of our heart. - 2012 SCAE World Coffee ibrik Champion of KOREA, KIM JIN KOO -",https://dynamic-media-cdn.tripadvisor.com/media/photo-o/2d/d8/e3/52/2012-scae-world-coffee.jpg?w=800&h=500&s=1,https://www.tripadvisor.co.kr/Restaurant_Review-g294197-d28654048-Reviews-Coffee_Nine-Seoul.html
24096602,성원아뜰리에,+82 2-1811-1811,중구 퇴계로 211-3,(우) 04557,37.561733,126.995094,커피 및 차 전문점,,,https://dynamic-media-cdn.tripadvisor.com/media/photo-o/23/c5/8c/3f/inside.jpg?w=900&h=-1&s=1,https://www.tripadvisor.co.kr/Restaurant_Review-g294197-d24096602-Reviews-Sungwon_Atelier-Seoul.html
13346965,컨시어지 커피,+82 2-332-5335,서대문구 증가로 1,(우) 03708,37.568497,126.93208,커피 및 차 전문점,일 10:00~21:00 / 화 08:00~21:00 / 수 08:00~21:00 / 목 08:00~21:00 / 금 08:00~21:00 / 토 10:00~21:00,"Cafe, coffee",https://dynamic-media-cdn.tripadvisor.com/media/photo-o/14/46/48/fa/caption.jpg?w=900&h=500&s=1,https://www.tripadvisor.co.kr/Restaurant_Review-g294197-d13346965-Reviews-Concierge_Coffee_G-Seoul.html
17395929,카페 발카롱,+82 10-9991-2194,서대문구 연희맛로 29,(우) 03703,37.56771,126.93025,커피 및 차 전문점,,,https://dynamic-media-cdn.tripadvisor.com/media/photo-o/17/6c/e4/35/cafe.jpg?w=900&h=500&s=1,https://www.tripadvisor.co.kr/Restaurant_Review-g294197-d17395929-Reviews-Miaowcaron-Seoul.html
26296655,Cryptosociety,+82 70-8866-0818,"14, Sinchon-ro 4-gil 1F cryptosociety",(우) 04056,37.557377,126.92832,커피 및 차 전문점,일 10:00~22:00 / 월 10:00~22:00 / 화 10:00~22:00 / 수 10:00~22:00 / 목 10:00~22:00 / 금 10:00~22:00 / 토 10:00~22:00,the new scene of the cafe era,https://dynamic-media-cdn.tripadvisor.com/media/photo-o/29/bc/69/22/caption.jpg?w=900&h=500&s=1,https://www.tripadvisor.co.kr/Restaurant_Review-g294197-d26296655-Reviews-Cryptosociety-Seoul.html
28149630,Cafe Deli Artisee,,"Sejong-daero, 175,",,37.57201,126.97631,커피 및 차 전문점,,,https://dynamic-media-cdn.tripadvisor.com/media/photo-o/2d/5a/3f/6b/caption.jpg?w=900&h=500&s=1,https://www.tripadvisor.co.kr/Restaurant_Review-g294197-d28149630-Reviews-Cafe_Deli_Artisee-Seoul.html
23285214,이디야커피 도봉산점,,도봉동 282-344,,37.68763,127.0427,카페,,,https://dynamic-media-cdn.tripadvisor.com/media/photo-o/1c/d1/fa/fc/inside.jpg?w=900&h=500&s=1,https://www.tripadvisor.co.kr/Restaurant_Review-g294197-d23285214-Reviews-Ediya_Coffee_Dobongsan-Seoul.html
26851160,빵드합정,+82 2-322-8710,마포구 월드컵로1길 14 딜라이트 스퀘어 1차 1층 지상층 105호,,37.549995,126.91219,베이커리,,,https://dynamic-media-cdn.tripadvisor.com/media/photo-o/2a/de/92/c5/caption.jpg?w=900&h=-1&s=1,https://www.tripadvisor.co.kr/Restaurant_Review-g294197-d26851160-Reviews-Pain_de_Hapjeong-Seoul.html
14167520,포비 베이직,+82 2-566-3861,마포구 양화로3길 66,(우) 04023,37.551914,126.911026,,,아직 포비 베이직에 대한 콘텐츠가 없습니다.,https://dynamic-media-cdn.tripadvisor.com/media/photo-o/15/d9/71/87/four-b-bagels.jpg?w=800&h=500&s=1,https://www.tripadvisor.co.kr/Restaurant_Review-g294197-d14167520-Reviews-Four_B_Basic-Seoul.html
5979719,마이카페,+82 2-571-1919,남부순환로350길 54 서초구,(우) 137-888,37.48261,127.03693,카페,일 12:00~22:00 / 월 11:00~23:00 / 화 11:00~23:00 / 수 11:00~23:00 / 목 11:00~23:00 / 금 11:00~23:00 / 토 12:00~22:00,직접담그는 과일차 천연발효종 빵 직접 삶은 팥으로 만드는 팥빙수 최고 품질의 원두커피,https://dynamic-media-cdn.tripadvisor.com/media/photo-o/07/e3/53/b8/caption.jpg?w=700&h=400&s=1,https://www.tripadvisor.co.kr/Restaurant_Review-g294197-d5979719-Reviews-Mai_Cafe-Seoul.html
23983372,몬떼비서울 충무로점,+82 507-1345-3412,중구 수표로2길 15 1층,(우) 04554,37.562183,126.99132,카페,,,https://dynamic-media-cdn.tripadvisor.com/media/photo-o/22/f2/d5/f3/inside3.jpg?w=900&h=-1&s=1,https://www.tripadvisor.co.kr/Restaurant_Review-g294197-d23983372-Reviews-Montebi_Seoul_Chungmuro-Seoul.html
15051475,산옥커피로스터스,+82 2-322-7843,마포구 월드컵북로4길 26,(우) 03992,37.55737,126.92115,카페,,"옥커피로스터스에서는 직접 로스팅한 원두로 커피를 준비해드립니다. 커피를 메인으로 한 다양한 메뉴가 준비되어있으며, 직접 우린 밀크티와 과일음료도 있습니다. 편하게 들려주세요",https://dynamic-media-cdn.tripadvisor.com/media/photo-o/15/cd/01/53/photo0jpg.jpg?w=900&h=500&s=1,https://www.tripadvisor.co.kr/Restaurant_Review-g294197-d15051475-Reviews-Sanok_Coffee_Roasters-Seoul.html
23854620,이디야커피 충무로점,+82 2-2264-1213,중구 퇴계로 188,(우) 04627,37.560795,126.99254,카페,,,https://dynamic-media-cdn.tripadvisor.com/media/photo-o/21/f0/4e/61/menu.jpg?w=900&h=-1&s=1,https://www.tripadvisor.co.kr/Restaurant_Review-g294197-d23854620-Reviews-Ediya_Coffee_Chungmuro-Seoul.html
17546736,무드랩,+82 70-8829-5833,성동구 서울숲4길 9,(우) 04768,37.547558,127.042175,커피 및 차 전문점,,,https://dynamic-media-cdn.tripadvisor.com/media/photo-o/17/d3/92/7f/inside.jpg?w=900&h=500&s=1,https://www.tripadvisor.co.kr/Restaurant_Review-g294197-d17546736-Reviews-Mood_Lab-Seoul.html
13222008,커피빈 - 여의도 교보증권카페점,+82 2-785-8845,영등포구 의사당대로 97 교보증권빌딩,(우) 07327,37.522476,126.924576,카페,,,https://dynamic-media-cdn.tripadvisor.com/media/photo-o/1a/f6/e7/99/default-avatar-2020-57.jpg?w=100&h=-1&s=1,https://www.tripadvisor.co.kr/Restaurant_Review-g294197-d13222008-Reviews-The_Coffee_Bean_Yeouido_Kyobo_Securities_Cafe-Seoul.html
10501157,지유가오카 핫초메 - 그랑서울점,+82 2-2158-7909,종로구 종로 33 B108호,(우) 03159,37.571697,127.00132,카페,,,https://dynamic-media-cdn.tripadvisor.com/media/photo-o/10/a1/ef/d1/jiyugaoka-8-chome-geurang.jpg?w=900&h=500&s=1,https://www.tripadvisor.co.kr/Restaurant_Review-g294197-d10501157-Reviews-Jiyugaoka_Geurang_Seoul-Seoul.html
25091381,진저브라운,+82 507-1336-3267,서대문구 신촌역로 22-5 2층 37호,,37.55903,126.943085,디저트 명소,일 11:00~18:00 / 수 11:00~18:00 / 목 11:00~18:00 / 금 11:00~18:00 / 토 11:00~18:00,,https://dynamic-media-cdn.tripadvisor.com/media/photo-o/27/aa/7a/b5/korean-dessert-cafe-cake.jpg?w=900&h=500&s=1,https://www.tripadvisor.co.kr/Restaurant_Review-g294197-d25091381-Reviews-Ginger_Brown-Seoul.html
9141251,커피빈,+82 2-722-3356,율곡로 47,,37.576145,126.98474,커피 및 차 전문점,,,https://dynamic-media-cdn.tripadvisor.com/media/photo-o/0b/ad/18/9d/huge-hall.jpg?w=600&h=300&s=1,https://www.tripadvisor.co.kr/Restaurant_Review-g294197-d9141251-Reviews-Coffee_Bean-Seoul.html
14214309,카페펌킨,,중구 세종대로21길 40,(우) 04519,37.56823,126.97583,,,아직 카페펌킨에 대한 콘텐츠가 없습니다.,https://dynamic-media-cdn.tripadvisor.com/media/photo-f/01/2e/70/9c/avatar067.jpg?w=100&h=-1&s=1,https://www.tripadvisor.co.kr/Restaurant_Review-g294197-d14214309-Reviews-Cafe_Pumpkin-Seoul.html
8951007,배재란의커피클래스,+82 2-790-3369,이촌로65가길 78,,37.52087,126.97513,커피 및 차 전문점,,아직 배재란의커피클래스에 대한 콘텐츠가 없습니다.,https://dynamic-media-cdn.tripadvisor.com/media/photo-o/0d/2e/dd/41/photo0jpg.jpg?w=900&h=500&s=1,https://www.tripadvisor.co.kr/Restaurant_Review-g294197-d8951007-Reviews-Baejae_Ranui_Coffee_Keulraeseu-Seoul.html
25429949,피카브로드,+82 50-71380-4507,마포구 망원 375-3,,37.55599,126.90853,유럽 요리 > 포르투갈,,"Coffee shop in mangwon, Seoul. The most cozy and warm place I Love Egg tart and Lime pie! speaks eng and kor",https://dynamic-media-cdn.tripadvisor.com/media/photo-o/29/05/29/98/portuguese-egg-tart.jpg?w=900&h=500&s=1,https://www.tripadvisor.co.kr/Restaurant_Review-g294197-d25429949-Reviews-Fikabrod-Seoul.html
33439562,헤비로테이트,,도신로19길 22,(우) 07374,37.508194,126.899666,커피 및 차 전문점,일 12:30~21:00 / 월 12:30~18:00 / 화 12:30~18:00 / 수 12:30~21:00 / 목 12:30~21:00 / 금 12:30~21:00 / 토 12:30~21:00,,https://dynamic-media-cdn.tripadvisor.com/media/photo-o/31/93/4b/a5/caption.jpg?w=900&h=500&s=1,https://www.tripadvisor.co.kr/Restaurant_Review-g294197-d33439562-Reviews-Heavy_Rotate-Seoul.html
33372786,휩데이박스 합정점,+82 70-4647-3226,양화로 6길 57-24 마포구,,37.54947,126.91815,디저트 명소,일 11:30~20:00 / 월 11:30~20:00 / 화 11:30~20:00 / 수 11:30~20:00 / 목 11:30~20:00 / 금 11:30~21:00 / 토 11:30~21:00,,https://dynamic-media-cdn.tripadvisor.com/media/photo-o/30/bd/35/a1/caption.jpg?w=900&h=500&s=1,https://www.tripadvisor.co.kr/Restaurant_Review-g294197-d33372786-Reviews-Whip_Day_Box_Hapjeong_Branch-Seoul.html
3911426,스타벅스 마포 트라팰리스점,,마포구 아현동 738 마포 트라팰리스 2  Mapo Trapalace II,(우) 121-010,37.55197,126.955956,커피 및 차 전문점,,,https://dynamic-media-cdn.tripadvisor.com/media/photo-o/16/0c/97/c4/avatar.jpg?w=100&h=-1&s=1,https://www.tripadvisor.co.kr/Restaurant_Review-g294197-d3911426-Reviews-Starbucks_Mapo_Trapalace-Seoul.html
32705804,포컬포인트,+82 2-6953-0338,청파로 387 용산구,(우) 04300,37.550262,126.997086,디저트 명소,일 07:30~22:00 / 월 07:30~22:00 / 화 07:30~22:00 / 수 07:30~22:00 / 목 07:30~22:00 / 금 07:30~22:00 / 토 07:30~22:00,,https://dynamic-media-cdn.tripadvisor.com/media/photo-o/2e/78/5c/69/30.jpg?w=900&h=500&s=1,https://www.tripadvisor.co.kr/Restaurant_Review-g294197-d32705804-Reviews-Focal_Point-Seoul.html
9177413,김영모과자점,,도곡로22길 5,,37.491474,127.03968,디저트 명소,,아직 김영모과자점에 대한 콘텐츠가 없습니다.,https://dynamic-media-cdn.tripadvisor.com/media/photo-o/09/e5/93/1f/caption.jpg?w=900&h=500&s=1,https://www.tripadvisor.co.kr/Restaurant_Review-g294197-d9177413-Reviews-Kim_Yeongmo_Cookies-Seoul.html
33439710,백란,+82 2-993-7745,삼양로181길 201-20,(우) 01000,37.6717,127.0054,커피 및 차 전문점,일 10:30~21:00 / 월 10:30~21:00 / 화 10:30~21:00 / 수 10:30~21:00 / 목 10:30~21:00 / 금 10:30~21:00 / 토 10:30~21:00,아직 백란에 대한 콘텐츠가 없습니다.,https://dynamic-media-cdn.tripadvisor.com/media/photo-o/31/2f/d5/69/caption.jpg?w=900&h=500&s=1,https://www.tripadvisor.co.kr/Restaurant_Review-g294197-d33439710-Reviews-Baekran-Seoul.html
3864360,스타벅스 가양 이마트점,,강서구 가양동 449-19 가양 이마트 1F Gayang E-Mart 1F,(우) 157-203,37.55765,126.86201,커피 및 차 전문점,,,https://dynamic-media-cdn.tripadvisor.com/media/photo-o/1a/f6/f2/eb/default-avatar-2020-27.jpg?w=100&h=-1&s=1,https://www.tripadvisor.co.kr/Restaurant_Review-g294197-d3864360-Reviews-Starbucks_Gayang_E_Mart-Seoul.html
20317689,콩앗간,+82 2-323-9911,마포구 독막로 67-6,(우) 04049,37.54812,126.92102,,,아직 콩앗간에 대한 콘텐츠가 없습니다.,https://dynamic-media-cdn.tripadvisor.com/media/photo-o/1b/38/e7/19/caption.jpg?w=700&h=400&s=1,https://www.tripadvisor.co.kr/Restaurant_Review-g294197-d20317689-Reviews-Kongmill-Seoul.html
24009213,공들인,+81 10-2367-0421,구로구 가마산로 265,(우) 08301,37.496105,126.88966,카페,,,https://dynamic-media-cdn.tripadvisor.com/media/photo-o/23/31/26/26/cafe.jpg?w=900&h=-1&s=1,https://www.tripadvisor.co.kr/Restaurant_Review-g294197-d24009213-Reviews-Gongdeul_in-Seoul.html
23756748,커피베이 - 성수세종타워점,+82 507 1374 4455,성동구 성수일로10길 26,,37.546555,127.05263,카페,,,https://dynamic-media-cdn.tripadvisor.com/media/photo-o/21/6e/70/05/inside.jpg?w=900&h=500&s=1,https://www.tripadvisor.co.kr/Restaurant_Review-g294197-d23756748-Reviews-Coffee_Bay_Seongsu_Sejong_Tower_Branch-Seoul.html
24107390,커피빈 연대동문회관점,+82 2-362-8301,서대문구 성산로 515,,37.56305,126.94326,카페,,,https://dynamic-media-cdn.tripadvisor.com/media/photo-o/23/fb/ca/96/inside2.jpg?w=900&h=-1&s=1,https://www.tripadvisor.co.kr/Restaurant_Review-g294197-d24107390-Reviews-Coffee_Bean_Yantai_Alumni_Center-Seoul.html
24167113,카페윤슬,+82 70-4905-5100,중구 퇴계로34길 28,(우) 04626,37.558838,126.99407,카페,,,https://dynamic-media-cdn.tripadvisor.com/media/photo-o/24/8a/5d/99/inside.jpg?w=900&h=-1&s=1,https://www.tripadvisor.co.kr/Restaurant_Review-g294197-d24167113-Reviews-Cafe_Yunseul-Seoul.html
19073387,브로트아트,+82 2-785-0466,국제금융로7길 3 영등포구,(우) 07339,37.565212,126.97735,독일 요리,일 09:00~21:00 / 월 08:00~21:00 / 화 08:00~21:00 / 수 08:00~21:00 / 목 08:00~21:00 / 금 08:00~21:00 / 토 09:00~21:00,,https://dynamic-media-cdn.tripadvisor.com/media/photo-o/1a/f6/e7/99/default-avatar-2020-57.jpg?w=100&h=-1&s=1,https://www.tripadvisor.co.kr/Restaurant_Review-g294197-d19073387-Reviews-Brot_Art-Seoul.html
3864358,스타벅스 대치점,+82 2-758-8063,강남구 대치2동 988-17,(우) 135-283,37.55712,126.97737,커피 및 차 전문점,,,https://dynamic-media-cdn.tripadvisor.com/media/photo-o/16/0a/67/6b/caption.jpg?w=100&h=-1&s=1,https://www.tripadvisor.co.kr/Restaurant_Review-g294197-d3864358-Reviews-Starbucks_Daechi-Seoul.html
26861639,Susu coffee brewing,,"97, Seosulla-gil, Jongno-gu, Seoul, Republic of Korea",,37.574444,126.991875,커피 및 차 전문점,,,https://dynamic-media-cdn.tripadvisor.com/media/photo-o/2b/0f/20/cf/caption.jpg?w=900&h=500&s=1,https://www.tripadvisor.co.kr/Restaurant_Review-g294197-d26861639-Reviews-Susu_coffee_brewing-Seoul.html
9320323,퍼넬스페셜티커피하우스,+82 2-703-9558,마포구 숭문길 58 1층 102호,(우) 04139,37.549152,126.94572,카페,,,https://dynamic-media-cdn.tripadvisor.com/media/photo-o/16/60/da/85/funnel-specialty-coffee.jpg?w=900&h=500&s=1,https://www.tripadvisor.co.kr/Restaurant_Review-g294197-d9320323-Reviews-Funnel_Specialty_Coffee_House-Seoul.html
25093476,Ken's Donut,+82 10-2559-6922,Mangwonro 55,,37.556953,126.90291,디저트 명소,일 13:00~20:00 / 수 14:00~21:00 / 목 14:00~21:00 / 금 14:00~21:00 / 토 13:00~20:00,,https://dynamic-media-cdn.tripadvisor.com/media/photo-o/26/c4/99/83/warm-donuts.jpg?w=900&h=500&s=1,https://www.tripadvisor.co.kr/Restaurant_Review-g294197-d25093476-Reviews-Ken_s_Donut-Seoul.html
27173604,카페 내셔널,+82 50-71328-8371,성동구 광나루로4가길 14,(우) 04792,37.54919,127.05447,커피 및 차 전문점,,,https://dynamic-media-cdn.tripadvisor.com/media/photo-o/2b/61/61/76/caption.jpg?w=900&h=-1&s=1,https://www.tripadvisor.co.kr/Restaurant_Review-g294197-d27173604-Reviews-Cafe_National-Seoul.html
4029738,이디야 영등포구청점,+82 2-2677-6799,영등포구 당산동3가,,37.525806,126.89689,카페,,,https://dynamic-media-cdn.tripadvisor.com/media/photo-o/1a/f6/de/e7/default-avatar-2020-37.jpg?w=100&h=-1&s=1,https://www.tripadvisor.co.kr/Restaurant_Review-g294197-d4029738-Reviews-Ediya_Yeongdeungpo_Gucheong-Seoul.html
3869152,스타벅스 연대점,,서대문구 창천동 33-9  ,(우) 120-834,37.558704,126.93673,커피 및 차 전문점,,,https://dynamic-media-cdn.tripadvisor.com/media/photo-o/0f/53/6f/5c/sb.jpg?w=900&h=500&s=1,https://www.tripadvisor.co.kr/Restaurant_Review-g294197-d3869152-Reviews-Starbucks_Yeondae-Seoul.html
3937360,카페베네 남부블루핀점,+82 2-522-6235,서초구 서초중앙로 42,(우) 06643,37.48573,127.0161,커피 및 차 전문점,,,https://dynamic-media-cdn.tripadvisor.com/media/photo-o/03/9e/28/67/caffe-bene-nambu-bluepin.jpg?w=900&h=500&s=1,https://www.tripadvisor.co.kr/Restaurant_Review-g294197-d3937360-Reviews-Caffe_Bene_Nambu_Bluepin-Seoul.html
24094784,젤라띠젤라띠 이태원점,+82 2-790-3281,용산구 이태원로19길 8,(우) 04350,37.534794,126.99197,디저트 명소,일 12:00~22:00 / 월 14:00~22:00 / 화 14:00~22:00 / 수 14:00~22:00 / 목 14:00~22:00 / 금 14:00~00:00 / 토 12:00~00:00,아직 젤라띠젤라띠 이태원점에 대한 콘텐츠가 없습니다.,https://dynamic-media-cdn.tripadvisor.com/media/photo-o/29/23/64/c3/caption.jpg?w=600&h=400&s=1,https://www.tripadvisor.co.kr/Restaurant_Review-g294197-d24094784-Reviews-Gelati_Gelati_Itaewon-Seoul.html
27801938,카페 오르모어,+82 2-6237-6000,중랑구 신내역로3길 40-36 RB 108호,(우) 02055,37.616894,127.10501,커피 및 차 전문점,,,https://dynamic-media-cdn.tripadvisor.com/media/photo-o/2c/66/aa/9e/caption.jpg?w=900&h=-1&s=1,https://www.tripadvisor.co.kr/Restaurant_Review-g294197-d27801938-Reviews-Cafe_Ormore-Seoul.html
34005091,카페 파사데나,+82 2-877-0112,신림로 59길 14 원빌딩 1층,,37.48326,126.92876,커피 및 차 전문점,일 10:00~22:00 / 월 10:00~22:00 / 화 10:00~22:00 / 수 10:00~22:00 / 목 10:00~22:00 / 금 10:00~22:00 / 토 10:00~22:00,,https://dynamic-media-cdn.tripadvisor.com/media/photo-o/31/99/0e/c0/caption.jpg?w=1200&h=-1&s=1&cx=1920&cy=1080&chk=v1_a4bbf4de8d67ec28d4fb,https://www.tripadvisor.co.kr/Restaurant_Review-g294197-d34005091-Reviews-Cafe_Pasadena-Seoul.html
