id,restaurant_id,menu_order,menu_name,price_text,price_value,is_main
1,9163742,1,400 소양념갈비,"59,000원",59000,true
2,9163742,2,1++ 9번 한우등심,"72,000원",72000,true
3,9163742,3,400통갈비,"67,000원",67000,true
4,9163742,4,도드람 한돈 삼겹살,"20,000원",20000,true
5,9163742,5,1++ 한우 차돌박이,"37,000원",37000,true
6,9163742,6,한돈 돼지양념구이,"23,000원",23000,true
7,9163742,7,1++ 한우육회 와 구운감태,"35,000원",35000,true
8,9163742,8,서울식 소불고기 전골,"19,000원",19000,true
9,9163742,9,왕갈비탕,"17,000원",17000,true
10,9163742,10,차돌된장찌개,"10,000원",10000,true
11,9163742,11,소고기 국밥,"12,000원",12000,true
12,9163742,12,물냉면/비빔냉면,"9,000원",9000,true
13,9163742,13,한우 우설구이,"38,000원",38000,true
14,33118839,1,(점심특선)윤슬 새싹 육회비빔밥,"15,000원",15000,true
15,33118839,2,(점심특선)윤슬 미나리 육회비빔밥,"15,000원",15000,true
16,33118839,3,윤슬 숙성삼겹살(Sunshine Aged Pork Belly)(150g),"18,000원",18000,true
17,33118839,4,윤슬 숙성목살(Sunshine Aged Pork Neck)(150g),"18,000원",18000,true
18,33118839,5,윤슬 숙성가브리살(Sunshine Aged Pork Collar Butt)(150g),"21,000원",21000,true
19,33118839,6,윤슬 숙성항정살(Sunshine Aged Pork Jowl)(150g),"24,000원",24000,true
20,33118839,7,차돌박이(Beef Brisket)(180g),"34,000원",34000,true
21,33118839,8,소갈비살(Boneless Short Rib)(180g),"36,000원",36000,true
22,33118839,9,LA갈비(LA Galbi)(240g),"42,000원",42000,true
23,33118839,10,소양념갈비(Marinated Short Rib)(250g),"44,000원",44000,true
24,33118839,11,한우부채살(Hanwoo Flap Meat)(130g),"55,000원",55000,true
25,33118839,12,미나리육회(Minari Beef Tartare),"36,000원",36000,true
26,33118839,13,콩스테이크(Soy Steak),"30,000원",30000,true
27,33118839,14,굴전(Korean Oyster Pancake),"30,000원",30000,true
28,33118839,15,물냉면(Cold Noodles Broth),"10,000원",10000,true
29,33118839,16,비빔냉면(Cold noodles spicy),"10,000원",10000,true
30,33118839,17,김치찌개(Kimchi Stew),"10,000원",10000,true
31,33118839,18,된장찌개(Soybean Paste Stew),"10,000원",10000,true
32,33118839,19,계란찜(Steamed Egg),"12,000원",12000,true
33,33118839,20,치즈계란찜(Cheese Steamed Egg),"13,000원",13000,true
34,26822594,1,다올삼겹살 점심특선(기본 : 물냉면 or 비빔냉면),"15,000원",15000,true
35,26822594,2,돼지양념갈비 점심특선(기본 : 물냉면 or 비빔냉면),"18,000원",18000,true
36,26822594,3,돼지양념갈비(250g),"20,000원",20000,true
37,26822594,4,이베리코(150g),"24,000원",24000,true
38,26822594,5,이베리코 점심특선(기본 : 물냉면 or 비빔냉면),"22,000원",22000,true
39,26822594,6,소갈비살 점심특선(기본 : 물냉면 or 비빔냉면),"28,000원",28000,true
40,26822594,7,다올 삼겹살(150g),"18,000원",18000,true
41,26822594,8,차돌박이(150g),"30,000원",30000,true
42,26822594,9,LA갈비(220g),"38,000원",38000,true
43,26822594,10,소양념갈비(250g),"40,000원",40000,true
44,26822594,11,한우육회(130g),"30,000원",30000,true
45,26822594,12,다올 잡채,"25,000원",25000,true
46,26822594,13,김치전,"20,000원",20000,true
47,26822594,14,버섯구이,"15,000원",15000,true
48,26822594,15,계란찜,"12,000원",12000,true
49,25453046,1,유자 유린기,"24,000원",24000,true
50,25453046,2,마라 유린기,"25,000원",25000,true
51,25453046,3,마늘깐풍기,"26,000원",26000,true
52,25453046,4,부추 소금 순살 닭구이,"23,000원",23000,true
53,25453046,5,정통 깐풍기,"25,000원",25000,true
54,25453046,6,닭다리살 야끼우동,"19,000원",19000,true
55,25453046,7,양고기 볶음탄탄면,"20,000원",20000,true
56,25453046,8,푸주 마라 순살 닭구이,"23,000원",23000,true
57,25453046,9,고추장 직화 순살 닭구이,"22,000원",22000,true
58,25453046,10,링귀니 쉬림프 팟타이,"22,000원",22000,true
59,25453046,11,계란새우볶음밥,"13,000원",13000,true
60,14803418,1,안심(200g),"28,900원",28900,true
61,14803418,2,채끝등심(250g),"33,400원",33400,true
62,14803418,3,꽃등심(250g),"31,900원",31900,true
63,10388017,1,치즈닭갈비,"15,000원",15000,true
64,10388017,2,로제닭갈비,"15,000원",15000,true
65,10388017,3,닭갈비,"13,000원",13000,true
66,10388017,4,닭한마리,"15,000원",15000,true
67,4343686,1,가격변동,변동가격,,true
68,4343686,2,Risotto ai funghi con crema di mascarpone,"40,000원",40000,true
69,4343686,3,Lasagne agli spinaci,"42,000원",42000,true
70,4343686,4,Mezze maniche alla norcina,"39,000원",39000,true
71,4343686,5,Fettuccine con bisque al limone,"42,000원",42000,true
72,4343686,6,Don salvo by risto pizza (R),"40,000원",40000,true
73,14090441,1,삼겹살 (150g),"18,000원",18000,true
74,14090441,2,항정살 (150g),"22,000원",22000,true
75,14090441,3,목살 (150g),"18,000원",18000,true
76,14090441,4,가브리살 (150g),"21,000원",21000,true
77,14090441,5,853 고기전,"14,000원",14000,true
78,1174982,1,산삼배양근오골계삼계탕,"31,000원",31000,true
79,1174982,2,산삼배양근삼계탕,"26,000원",26000,true
80,1174982,3,오골계삼계탕,"25,000원",25000,true
81,1174982,4,삼계탕,"20,000원",20000,true
82,1174982,5,닭백숙,"30,000원",30000,true
83,1174982,6,옻계탕,"20,000원",20000,true
84,1174982,7,닭도리탕,"30,000원",30000,true
85,1174982,8,전기구이통닭,"19,000원",19000,true
86,26779314,1,[한정판매]한우마늘곱창(220g),"26,000원",26000,true
87,26779314,2,모듬곱창구이(220g),"28,000원",28000,true
88,26779314,3,[한정판매]한우대파대창(300g),"26,000원",26000,true
89,26779314,4,화덕한우곱창(220g),"26,000원",26000,true
90,26779314,5,막창구이(220g),"23,000원",23000,true
91,26779314,6,염통구이(180g),"18,000원",18000,true
92,26779314,7,곱창전골,"52,000원",52000,true
93,26779314,8,[추천] 불닭볶음면,"5,000원",5000,true
94,14803417,1,모둠 전체(5종),"55,000원",55000,true
95,14803417,2,모둠 스시(10ps),"150,000원",150000,true
96,14803417,3,타마유라 특선 솥밥(2인),"120,000원",120000,true
97,14803417,4,해산물 모둠 나베,"100,000원",100000,true
98,14803417,5,모둠 텐푸라,"70,000원",70000,true
99,9018255,1,수제마늘곱창 (한정판매),"28,000원",28000,true
100,9018255,2,막창구이,"25,000원",25000,true
101,9018255,3,모듬구이,"25,000원",25000,true
102,9018255,4,염통구이,"18,000원",18000,true
103,9018255,5,한우 곱창,"26,000원",26000,true
104,9018255,6,한우 대창,"26,000원",26000,true
105,9018255,7,특양구이,"27,000원",27000,true
106,9018255,8,뚝배기 곱창전골,"16,000원",16000,true
107,9018255,9,불닭볶음면,"5,000원",5000,true
108,9018255,10,양밥,"12,000원",12000,true
109,9018255,11,쫄면,"7,000원",7000,true
110,9018255,12,김치말이국수,"6,000원",6000,true
111,9018255,13,날치알주먹밥,"5,000원",5000,true
112,9018255,14,얼큰이라면,"4,000원",4000,true
113,9018255,15,철판볶음밥,"4,000원",4000,true
114,9018255,16,떡 or 감자사리,"2,000원",2000,false
115,9018255,17,공깃밥,"1,000원",1000,true
116,9018255,18,오이소주,"4,000원",4000,false
117,9018255,19,소주,"5,000원",5000,false
118,9018255,20,맥주,"6,000원",6000,false
119,9018255,21,무알콜맥주,"6,000원",6000,false
120,9018255,22,대선/한라산,"6,000원",6000,true
121,9018255,23,매화수/청하,"6,000원",6000,true
122,9018255,24,복분자,"15,000원",15000,true
123,9018255,25,일품진로 오크 25,"30,000원",30000,true
124,9018255,26,화요 25,"30,000원",30000,true
125,9018255,27,음료수,"2,000원",2000,false
126,9018255,28,토닉워터,"2,000원",2000,true
127,9018255,29,레몬웨지,"2,000원",2000,true
128,1371740,1,북어해장국,"11,000원",11000,true
129,2327459,1,Tod Man Goong(2pc),"9,900원",9900,true
130,2327459,2,Som Tam,"11,000원",11000,true
131,2327459,3,Pad Kaprow Gai,"24,200원",24200,true
132,2327459,4,Massaman Curry Gai,"24,200원",24200,true
133,2327459,5,Pad Pak Bung Faidang (Morning Glory),"16,500원",16500,true
134,2327459,6,Pad Kaprow Muu,"24,200원",24200,true
135,2327459,7,Kana Muu Tod,"26,400원",26400,true
136,2327459,8,Pad Pong Garee,"29,700원",29700,true
137,2327459,9,Pla Nuang Manow,"38,500원",38500,true
138,2327459,10,Pla Tod Yam,"38,500원",38500,true
139,9105334,1,단풍 불고기 세트,"15,900원",15900,true
140,9105334,2,소 불고기 전골,"13,900원",13900,true
141,9105334,3,소 불고기 세트,"13,900원",13900,true
142,9105334,4,오삼 불고기,"14,900원",14900,true
143,9105334,5,왕 갈비탕,"14,900원",14900,true
144,6497852,1,뷔페,변동가격,,true
145,25353516,1,보광정 세트 (4인 세트),"93,000원",93000,true
146,25353516,2,순창비빔칼국수,"8,000원",8000,true
147,25353516,3,이태원 세트 (2인 세트),"55,000원",55000,true
148,25353516,4,좋은 삼겹살 (160g),"19,000원",19000,true
149,25353516,5,특급 목살 (160g),"18,000원",18000,true
150,25353516,6,숯불철판볶음밥(2~3인분),"11,000원",11000,true
151,25353516,7,갓김치말이국수,"8,000원",8000,true
152,25353516,8,보광정 찌개,"8,000원",8000,true
153,25353516,9,들기름 계란찜,"8,000원",8000,true
154,25353516,10,보광정 하이볼,"8,000원",8000,true
155,25353516,11,음료수,"2,000원",2000,false
156,25353516,12,대접밥,"1,000원",1000,true
157,25353516,13,한우 차돌박이 (130g),"38,000원",38000,true
158,25353516,14,산야초 숙성 돼지목심본갈비 (250g),"26,000원",26000,true
159,33106296,1,시금치 크림 치즈 퀘사디아,"23,000원",23000,true
160,33106296,2,난자완스 어향가지 튀김,"27,000원",27000,true
161,33106296,3,알파스톨 치킨타코,"13,000원",13000,true
162,33106296,4,마늘 가리비찜,"19,000원",19000,true
163,33106296,5,오이무침,"8,000원",8000,true
164,33106296,6,평일런치1인세트,"29,000원",29000,true
165,33106296,7,주말런치2인세트,"69,000원",69000,true
166,33106296,8,하루종일2인세트,"75,000원",75000,true
167,33106296,9,시그니처패밀리4인세트,"165,000원",165000,true
168,7788204,1,양푼비빔밥,"9,000원",9000,true
169,7788204,2,돌솥비빔밥,"10,000원",10000,true
170,7788204,3,뚝배기불고기,"20,000원",20000,true
171,7788204,4,해장라면,"8,000원",8000,true
172,7788204,5,된장찌개,"9,000원",9000,true
173,1978666,1,더블 세트 (1인),"20,500원",20500,true
174,1978666,2,부리또 세트 (1인),"24,500원",24500,true
175,1978666,3,케사디아 세트 (1인),"22,500원",22500,true
176,1978666,4,버거 세트 (1인),"25,500원",25500,true
177,1978666,5,채식 세트 (1인),"22,500원",22500,true
178,1978666,6,나초 세트 (1인),"24,500원",24500,true
179,17423735,1,계절과일 와 치즈 플래터,"28,000원",28000,true
180,17423735,2,동파육과 갓 김치,"25,000원",25000,true
181,17423735,3,각종 보양식,"25,000원",25000,true
182,17423735,4,트러플 프렌치 프라이 와 칩스,"15,000원",15000,true
183,7132369,1,치즈퐁듀 야채닭갈비(1인분),"16,000원",16000,true
184,7132369,2,야채닭갈비(1인분),"14,000원",14000,true
185,4171321,1,브루클린 웍스,"12,500원",12500,true
186,4171321,2,치즈 스커트,"12,800원",12800,true
187,4171321,3,판타스틱 4,"15,600원",15600,true
188,4171321,4,프렌치프라이즈,"8,800원",8800,true
189,4171321,5,칠리치즈프라이즈,"14,700원",14700,true
190,4171321,6,치즈프라이즈,"10,500원",10500,true
191,4171321,7,코울슬로와콘샐러드,"7,800원",7800,true
192,4171321,8,바닐라클래식,"7,800원",7800,true
193,4171321,9,코울슬로,"7,500원",7500,true
194,4171321,10,더 치즈버거,"9,800원",9800,true
195,4171321,11,크.림.,"12,200원",12200,true
196,4171321,12,죠지크럼,"12,200원",12200,true
197,4171321,13,뉴 멕시코,"12,000원",12000,true
198,4171321,14,리얼 맥코이,"12,000원",12000,true
199,4171321,15,냅킨 플리즈,"13,200원",13200,true
200,4171321,16,버르게리타,"13,700원",13700,true
201,4171321,17,램버거,"14,300원",14300,true
202,4171321,18,필리 치즈스테이크,"14,200원",14200,true
203,4171321,19,캔음료,"3,500원",3500,false
204,8988285,1,약선 꽃게 간장게장 정식,"37,000원",37000,true
205,8988285,2,장어구이 정식,"37,000원",37000,true
206,8988285,3,약선 보리굴비 정식,"25,000원",25000,true
207,8988285,4,약선 불고기 정식,"25,000원",25000,true
208,8988285,5,꼬막무침+들기름막국수,"23,000원",23000,true
209,8988285,6,한가람 연잎밥 정식,"22,000원",22000,true
210,8988285,7,한가람 2024 No.1,"50,000원",50000,true
211,8988285,8,한가람 2024 No.2-1,"35,000원",35000,true
212,8988285,9,한가람 2024 No.3,"25,000원",25000,true
213,8988285,10,"약선 전복,사태장 정식","34,000원",34000,true
214,8988285,11,JEJU 옥동구이 정식,"25,000원",25000,true
215,8988285,12,LA 갈비구이 정식,"35,000원",35000,true
216,8988285,13,도미뱃살구이 정식,"22,000원",22000,true
217,10257443,1,소갈비수삼구이,"110,000원",110000,true
218,10257443,2,소갈비찜,"110,000원",110000,true
219,10257443,3,너비아니구이,"100,000원",100000,true
220,10257443,4,전복찜,"110,000원",110000,true
221,10257443,5,은대구된장구이,"100,000원",100000,true
222,10257443,6,대하잣즙냉채,"60,000원",60000,true
223,10257443,7,해물신선로,"120,000원",120000,true
224,10257443,8,궁중신선로,"110,000원",110000,true
225,10257443,9,비건코스 (1인),"160,000원",160000,true
226,10257443,10,식이제한코스 (1인),"170,000원",170000,true
227,10257443,11,구절판,"70,000원",70000,true
228,10257443,12,별미산적,"50,000원",50000,true
229,10257443,13,별미만두,"40,000원",40000,true
230,10257443,14,전유화,"40,000원",40000,true
231,10257443,15,잡채,"40,000원",40000,true
232,10257443,16,계절죽과 침채,"40,000원",40000,true
233,10257443,17,홍시죽순채,"40,000원",40000,true
234,24637953,1,아메리카노,"15,000원",15000,true
235,24637953,2,카페라떼,"16,000원",16000,true
236,24637953,3,에스프레소,"15,000원",15000,true
237,24637953,4,에스프레소 티라미수,"16,000원",16000,true
238,24637953,5,에피큐어 아인슈페너,"19,000원",19000,true
239,24637953,6,에피큐어 크림 라떼,"19,000원",19000,true
240,24637953,7,초콜릿라떼,"16,000원",16000,true
241,24637953,8,젤라또 아포가토,"19,000원",19000,true
242,24637953,9,임페리얼 밀크티,"19,000원",19000,true
243,24637953,10,얼그레이,"16,000원",16000,true
244,24637953,11,실론,"16,000원",16000,true
245,24637953,12,프렌치 어니언 수프,"22,000원",22000,true
246,24637953,13,"미니 로메인 치킨 샐러드, 수비드 치킨","28,000원",28000,true
247,24637953,14,멜론 부라타 치즈 샐러드,"32,000원",32000,true
248,24637953,15,프로마주 치즈케이크와 베리 콤포트,"23,000원",23000,true
249,24637953,16,계절 과일 플래터,"25,000원",25000,true
250,24637953,17,"주꾸미 스파게티 파스타, 조개 소스","32,000원",32000,true
251,24637953,18,프렌치 토스트,"26,000원",26000,true
252,24637953,19,"전복리소토, 허브크러스트","40,000원",40000,true
253,24637953,20,"팬에 구운 관자, 샤프란 리소토","38,000원",38000,true
254,1933588,1,한돈 양념구이 (230g),"24,000원",24000,true
255,1933588,2,한우 갈비살 (140g),"43,000원",43000,true
256,1933588,3,숯불삼겹살 (150g),"19,000원",19000,true
257,1933588,4,한우 등심 (140g),"45,000원",45000,true
258,1933588,5,한우 안심 (140g),"56,000원",56000,true
259,1933588,6,한우 육회 (150g),"32,000원",32000,true
260,1933588,7,양념 소왕갈비 (250g),"44,000원",44000,true
261,1933588,8,눈꽃 살치살 (140g),"62,000원",62000,true
262,1933588,9,한우한마리 (140g),"49,000원",49000,true
263,1933588,10,한우한마리 (280g),"96,000원",96000,true
264,1933588,11,돼지한마리,"43,000원",43000,true
265,1933588,12,한우 치마살 (140g),"52,000원",52000,true
266,1933588,13,우설 (120g),"34,000원",34000,true
267,1933588,14,양념 LA 갈비 (250g),"33,000원",33000,true
268,1933588,15,한우꽃등심 (140g),"47,000원",47000,true
269,1933588,16,한우양념갈비살 (160g),"43,000원",43000,true
270,7033774,1,"사모사 （Samosa, 2pcs）","6,000원",6000,true
271,7033774,2,탄두리 치킨 （Tandoori Chicken）,"12,000원",12000,true
272,7033774,3,치킨 마카니 （Chicken Makhani／Butter Chicken）,"14,000원",14000,true
273,7033774,4,갈릭 난 （Garlic Naan）,"3,900원",3900,true
274,7033774,5,Set A （1인분）,"21,000원",21000,true
275,7033774,6,Set B （2인분）,"32,000원",32000,true
276,7033774,7,Set C （3인분）,"44,000원",44000,true
277,7033774,8,Set D （4인분）,"58,000원",58000,true
278,7033774,9,베지터블 파코라 （Vegetable Pakaura）,"8,000원",8000,true
279,7033774,10,프로운 파코라 （Prawn Pakaura）,"9,000원",9000,true
280,7033774,11,치킨 칠리 （Chicken Chilly） （매운맛★★）,"15,500원",15500,true
281,7033774,12,마살라 파파드 （Masala Papad）,"6,000원",6000,true
282,7033774,13,파파덤 （Papadum）,"2,400원",2400,true
283,7033774,14,프라운 칠리 （Prawn Chilly） （매운맛★★）,"15,500원",15500,true
284,7033774,15,그린 샐러드 （Green Salad）,"12,000원",12000,true
285,7033774,16,파니르 치즈 샐러드 （Paneer Cheese Salad）,"12,500원",12500,true
286,7033774,17,탄두리치킨 샐러드 （Tandoori Chicken Salad）,"12,500원",12500,true
287,7033774,18,병아리 콩 샐러드 （Chick Peas Salad）,"12,000원",12000,true
288,7033774,19,머슈룸 스프 （Mushroom Soup）,"5,000원",5000,true
289,7033774,20,토마토 스프 （Tomato Soup）,"5,000원",5000,true
290,7033774,21,치킨 머쉬룸 스프 （Chicken Mushroom Soup）,"5,500원",5500,true
291,7033774,22,콩 스프 （Dal Soup）,"5,000원",5000,true
292,7033774,23,콘 크림 스프 （Corn Cream Soup）,"5,000원",5000,true
293,7033774,24,하프 &하프 치킨 티카 （Half & Half Chicken Tikka）,"13,000원",13000,true
294,7033774,25,치킨 티카 （Chicken Tikka）,"12,000원",12000,true
295,7033774,26,치킨 말라이 티카 （Chicken Malai Tikka）,"13,000원",13000,true
296,7033774,27,램 시크 케밥 （Lamb Seek Kebab）,"18,000원",18000,true
297,7033774,28,탄두리 믹스 그릴 （Tandoori Mix Grill）,"42,000원",42000,true
298,7033774,29,킹 프라운 탄두리 （King Prawn Tandoori）,"28,000원",28000,true
299,7033774,30,달 마크니 （Dal Makhani）,"15,000원",15000,true
300,26848644,1,한우 짝갈비 모둠,"45,000원",45000,true
301,26848644,2,한우 티본,"35,000원",35000,true
302,26848644,3,한우 토시살,"51,000원",51000,true
303,26848644,4,한우안창살,"45,000원",45000,true
304,26848644,5,한우생갈비,"45,000원",45000,true
305,26848644,6,한우양념생갈비,"46,000원",46000,true
306,26848644,7,연탄양념소갈비,"35,000원",35000,true
307,26848644,8,한우 우설,"38,000원",38000,true
308,26848644,9,한우 육회,"28,000원",28000,true
309,26848644,10,스지 냉채 무침,"20,000원",20000,true
310,26848644,11,더덕 연탄 구이,"15,000원",15000,true
311,8953695,1,성인1인,변동가격,,true
312,8953695,2,아동1인(36개월-만12세),변동가격,,true
313,14969098,1,모둠구이(250g),"25,000원",25000,true
314,14969098,2,[한정판매] 수제마늘곱창(200g),"28,000원",28000,true
315,14969098,3,특양구이(150g),"27,000원",27000,true
316,14969098,4,한우곱창(250g),"26,000원",26000,true
317,14969098,5,한우대창(300g),"26,000원",26000,true
318,14969098,6,염통구이(150g),"18,000원",18000,true
319,14969098,7,막창구이(250g),"25,000원",25000,true
320,14969098,8,등골(100g),"19,000원",19000,true
321,10751158,1,마늘보쌈 (소),"32,000원",32000,true
322,10751158,2,낙지볶음 (소),"32,000원",32000,true
323,10751158,3,부추전,"15,000원",15000,true
324,10751158,4,마늘보쌈 (중),"46,000원",46000,true
325,10751158,5,뚝배기 김치찜(두부포함),"24,000원",24000,true
326,10751158,6,항아리밤막걸리(1.2L),"10,000원",10000,true
327,10751158,7,열무비빔국수,"8,000원",8000,true
328,10751158,8,평일보쌈정식(11시~14시),"13,000원",13000,true
329,10751158,9,2인 한상,"51,000원",51000,true
330,10751158,10,3인 한상,"78,000원",78000,true
331,10751158,11,4인 한상,"99,000원",99000,true
332,10751158,12,너무한상,"134,000원",134000,true
333,10751158,13,명란소스추가,"13,000원",13000,false
334,10751158,14,낙지볶음(중),"45,000원",45000,true
335,10751158,15,백골뱅이무침,"28,000원",28000,true
336,10751158,16,해장라면(후식),"6,000원",6000,true
337,10751158,17,계란탕,"8,000원",8000,true
338,10751158,18,명태회무침,"22,000원",22000,true
339,10751158,19,데친두부한모,"5,000원",5000,true
340,788278,1,아침,"80,000원",80000,true
341,788278,2,성인 저녁 (주중 & 주말),"190,000원",190000,true
342,788278,3,성인 점심 (주말),"190,000원",190000,true
343,788278,4,성인 점심 (주중),"165,000원",165000,true
344,10161356,1,성인 조식,"50,000원",50000,true
345,10161356,2,어린이 조식,"30,000원",30000,true
346,10161356,3,성인 평일 점심,"80,000원",80000,true
347,10161356,4,어린이 평일 점심,"45,000원",45000,true
348,10161356,5,성인 평일 저녁,"110,000원",110000,true
349,10161356,6,어린이 평일 저녁,"60,000원",60000,true
350,10161356,7,성인 주말 및 공휴일,"110,000원",110000,true
351,10161356,8,어린이 주말 및 공휴일,"60,000원",60000,true
352,1745654,1,만디,"25,000원",25000,true
353,1745654,2,페트라 스페셜 치킨,"25,000원",25000,true
354,1745654,3,파투셰,"12,000원",12000,true
355,1745654,4,홈무스,"11,000원",11000,true
356,1745654,5,올리브샐러드,"11,000원",11000,true
357,1745654,6,타볼리샐러드,"12,000원",12000,true
358,1745654,7,타히니샐러드,"14,000원",14000,true
359,1745654,8,피타,"2,000원",2000,true
360,1745654,9,만사프,"25,000원",25000,true
361,1745654,10,시스 케밥,"20,000원",20000,true
362,1745654,11,그린샐러드,"10,000원",10000,true
363,1745654,12,술탄(치킨),"23,000원",23000,true
364,1745654,13,비리아니(비건),"20,000원",20000,true
365,1745654,14,캅사(치킨),"22,000원",22000,true
366,1745654,15,위드쿠스쿠스(치킨),"22,000원",22000,true
367,1745654,16,야채와쿠스쿠스,"20,000원",20000,true
368,1745654,17,코프타,"23,000원",23000,true
369,1745654,18,임사칸치킨,"25,000원",25000,true
370,1745654,19,치킨케밥,"19,000원",19000,true
371,1745654,20,양갈비케밥,"40,000원",40000,true
372,6732749,1,미국산 블랙 앵거스 LA갈비구이 (300g),"30,000원",30000,true
373,6732749,2,수란&베이컨을 올린 묵은지 볶음밥,"13,000원",13000,true
374,6732749,3,잡채,,,true
375,6732749,4,동치미,,,true
376,6732749,5,해파리냉채,,,true
377,6732749,6,우렁강된장,,,true
378,6732749,7,비빔밥,,,true
379,6732749,8,수란톡!묵은지비빔면,,,true
380,6732749,9,7나물반상,,,true
381,6732749,10,고등어쌈장 쌈밥 정식,,,true
382,6732749,11,새우브로콜리볶음,,,true
383,6732749,12,국내산암퇘지제육볶음 (기본),,,true
384,6732749,13,국내산암퇘지제육볶음 (쌈추가),,,false
385,6732749,14,호주산LA갈비 (300g),,,true
386,6732749,15,탕수두부 (보통),"14,000원",14000,true
387,6732749,16,탕수두부 (작은거),"11,000원",11000,true
388,6732749,17,횡성산골더덕&새송이구이,"15,000원",15000,true
389,6732749,18,통영굴매콤무침,"13,000원",13000,true
390,6732749,19,통영굴미나리해장국,"13,000원",13000,true
391,6732749,20,국내산 등갈비제철배추찜,"25,000원",25000,true
392,14969059,1,먹거리X파일 착한 삼겹살,"19,000원",19000,true
393,14969059,2,무항생제 목살,"19,000원",19000,true
394,14969059,3,맛보기 육회,"18,000원",18000,true
395,14969059,4,듀록 오겹살[160g],"23,000원",23000,true
396,14969059,5,무항생제 항정살,"23,000원",23000,true
397,14969059,6,숙성특허 쫀득살,"17,000원",17000,true
398,14969059,7,1++한우 부채살,"26,000원",26000,true
399,14969059,8,1++ 한우 갈비살,"26,000원",26000,true
400,14969059,9,1++ 한우 살치살,"36,000원",36000,true
401,14969059,10,월화 모둠,"51,000원",51000,true
402,14969059,11,한우 육회,"23,000원",23000,true
403,14969059,12,가브리살,"19,000원",19000,true
404,14969059,13,월화 숙성 모둠,"55,000원",55000,true
405,14969059,14,껍데기[200g],"12,000원",12000,true
406,14969059,15,듀록 목살[160g],"23,000원",23000,true
407,14969059,16,프리미엄 듀록 모둠[740g],"96,000원",96000,true
408,7105808,1,양갈비(250g),"29,000원",29000,true
409,7105808,2,양국,"8,000원",8000,true
410,7105808,3,양갈비살,"27,000원",27000,true
411,7105808,4,양꼬치(10pcs),"18,000원",18000,true
412,7105808,5,양고기탕수육(300g),"28,000원",28000,true
413,27161879,1,우대갈비 리조또,"39,000원",39000,true
414,27161879,2,차돌 고사리 파스타,"23,500원",23500,false
415,27161879,3,고추오일 명란크림 파스타,"22,500원",22500,true
416,27161879,4,바질드레싱 모짜렐라 샐러드,"18,000원",18000,true
417,27161879,5,들기름 마요 알배추 샐러드,"18,000원",18000,true
418,27161879,6,매콤 양곱창 파스타,"24,500원",24500,true
419,27161879,7,숯불 닭 목살 곤드레 리조또,"22,000원",22000,true
420,27161879,8,송고버섯 리조또,"23,000원",23000,true
421,27161879,9,살치살 스테이크,"59,000원",59000,true
422,27161879,10,BBQ 폭립 (whole),"48,000원",48000,true
423,27161879,11,레드커리 닭다리살 스테이크,"28,500원",28500,true
424,27161879,12,크리스피 고구마튀김,"11,000원",11000,true
425,27161879,13,크리스피 감자튀김,"9,500원",9500,true
426,14969080,1,모둠구이,"25,000원",25000,true
427,14969080,2,[한정판매] 수제마늘곱창,"28,000원",28000,true
428,14969080,3,한우 곱창,"26,000원",26000,true
429,14969080,4,염통구이,"18,000원",18000,true
430,14969080,5,한우 대창,"26,000원",26000,true
431,14969080,6,특양구이,"27,000원",27000,true
432,14969080,7,막창구이,"25,000원",25000,true
433,24181518,1,양고기 어깨살,"43,000원",43000,true
434,24181518,2,한우 안심 스테이크,"80,000원",80000,true
435,24181518,3,오리 가슴살 구이,"50,000원",50000,true
436,24181518,4,와규 볼살 부르기뇽,"43,000원",43000,true
437,24181518,5,화덕 광어 구이,"42,000원",42000,true
438,12944747,1,팟 팍 루암,"16,500원",16500,true
439,12944747,2,갱 끼 완 까이,"26,400원",26400,true
440,12944747,3,마사만 커리 누아,"26,400원",26400,true
441,12944747,4,까이 팟 맷 마 멍,"26,400원",26400,true
442,12944747,5,똠 얌 꿍,"19,800원",19800,true
443,12944747,6,tod man goong(2pcs),"9,900원",9900,true
444,12944747,7,som tam(s),"11,000원",11000,true
445,12944747,8,yam woonsen tale,"26,400원",26400,true
446,12944747,9,pad pak bung faidang,"16,500원",16500,true
447,12944747,10,laab gai,"24,200원",24200,true
448,12944747,11,Pad Kaprow Gai,"24,200원",24200,true
449,12944747,12,Pad Kaprow Muu,"24,200원",24200,true
450,12944747,13,Kana Muu Tod,"26,400원",26400,true
451,12944747,14,Goong Pad Pong Garee,"29,700원",29700,true
452,12944747,15,Goong Pad Prik Tai Dam,"36,300원",36300,true
453,12944747,16,Pad Thai Goong,"18,700원",18700,true
454,12944747,17,Ko Muu Yaang,"28,600원",28600,true
455,12944747,18,Pla Muk Neung Manao,"19,800원",19800,true
456,4078612,1,만족오향족발(중),"39,000원",39000,true
457,4078612,2,반반족발(중),"42,000원",42000,true
458,4078612,3,불족발,"41,000원",41000,true
459,4078612,4,족보세트(중),"44,000원",44000,true
460,4078612,5,불족+보쌈(중),"42,000원",42000,true
461,4078612,6,쟁반국수,,,true
462,4078612,7,냉채족발,,,true
463,4078612,8,만세트(중),"47,000원",47000,true
464,4078612,9,만세트(대),"57,000원",57000,true
465,4078612,10,족세트(중),"50,000원",50000,true
466,4078612,11,족세트(대),"63,000원",63000,true
467,4078612,12,오세트(중),"50,000원",50000,true
468,4078612,13,오세트(대),"60,000원",60000,true
469,4078612,14,만족오향족발(대),"44,000원",44000,true
470,4078612,15,만족오향족발(특대),"60,000원",60000,true
471,4078612,16,반반족발(대),"50,000원",50000,true
472,4078612,17,보쌈(중),"38,000원",38000,true
473,4078612,18,보쌈(대),"43,000원",43000,true
474,4078612,19,족보세트(대),"52,000원",52000,true
475,4078612,20,불족+보쌈(대),"47,000원",47000,true
476,28191952,1,한우육개장,"12,000원",12000,true
477,28191952,2,한우국밥,"13,000원",13000,true
478,28191952,3,한우육개장쫄면,"13,000원",13000,true
479,28191952,4,백송영양갈비탕,"17,000원",17000,true
480,28191952,5,백송갈비대육개장,"18,000원",18000,true
481,28191952,6,백송갈비대육개장쫄면,"19,000원",19000,true
482,28191952,7,한우투뿔육회비빔밥,"15,000원",15000,true
483,28191952,8,오이소박이국수&1인육전,"16,000원",16000,true
484,28191952,9,육전(소),"10,000원",10000,true
485,28191952,10,육전(대),"15,000원",15000,true
486,2228966,1,모듬버섯강정,"20,000원",20000,true
487,2228966,2,더덕구이,"22,000원",22000,true
488,26805070,1,마늘폭탄 직화구이,"18,000원",18000,true
489,26805070,2,돼지 직화구이,"16,000원",16000,true
490,26805070,3,한우 육회,"15,000원",15000,true
491,26805070,4,핫 육회 비빔쫄면,"10,000원",10000,true
492,26805070,5,직화 차돌 라면,"8,000원",8000,true
493,26805070,6,깍두기 볶음밥,"6,000원",6000,true
494,26805070,7,껍데기,"8,000원",8000,true
495,26805070,8,시그니쳐 세트(2~3인),"65,000원",65000,true
496,26805070,9,프리미엄 세트(3~4인),"85,000원",85000,true
497,26805070,10,회식 세트,"110,000원",110000,true
498,26805070,11,물/비빔냉면,"7,000원",7000,true
499,9171053,1,새우 물만두 (12개),"12,000원",12000,true
500,9171053,2,군만두 (10개),"12,000원",12000,true
501,9171053,3,홍합 만두국,"11,000원",11000,true
502,9171053,4,계란부추 물만두 (10개),"12,000원",12000,true
503,9171053,5,계란부추 군만두 (10개),"12,000원",12000,true
504,9171053,6,송이물만두(8개),"12,000원",12000,true
505,9171053,7,송이군만두(8개),"12,000원",12000,true
506,9171053,8,마파두부덮밥,"11,000원",11000,true
507,2230268,1,닭한마리,"33,000원",33000,true
508,4075980,1,아침: 성인,"79,000원",79000,true
509,4075980,2,아침: 어린이,"40,000원",40000,true
510,4075980,3,[월-금] 점심: 성인,"178,000원",178000,true
511,4075980,4,[월-금] 점심: 어린이,"88,000원",88000,true
512,4075980,5,[토/일/공휴일] 점심: 성인,"203,000원",203000,true
513,4075980,6,[토/일/공휴일] 점심: 어린이,"99,000원",99000,true
514,4075980,7,저녁: 성인,"203,000원",203000,true
515,4075980,8,저녁: 어린이,"99,000원",99000,true
516,2170347,1,탄두리 치킨 Tandoori Chicken Half,"10,500원",10500,true
517,2170347,2,치킨 티카 케밥 Chicken Tikka Kebab,"14,000원",14000,true
518,2170347,3,달술바 Dal Shorba,"6,500원",6500,true
519,2170347,4,토마토스프 Cream of tomato soup,"5,500원",5500,true
520,2170347,5,배지터블스프 Cream of vegetable soup,"5,500원",5500,true
521,2170347,6,치킨스프 Cream of chicken Soup,"7,500원",7500,true
522,2170347,7,사모사 Samosa 2 pcs,"5,500원",5500,true
523,2170347,8,사모사 챠트 Samosa chat,"8,000원",8000,true
524,2170347,9,차나챠트 Chana chaat,"7,000원",7000,true
525,2170347,10,마살라빠빠드 （Masala Pappad）,"6,000원",6000,true
526,2170347,11,베지터블 파코라 Vegetable Pakora,"8,000원",8000,true
527,2170347,12,스피니치 파코라 Spinach Pakora,"8,500원",8500,true
528,2170347,13,어니언칠리파코라 Onion chilly Pakora,"7,500원",7500,true
529,2170347,14,스팀모모 （Steamed Momo）,"10,000원",10000,true
530,2170347,15,프라이드치킨모모 （Kothay chicken Momo）,"10,500원",10500,true
531,2170347,16,모모칠리 （Momo Chilli ）,"12,000원",12000,true
532,2170347,17,치킨롤리팝 （Chicken wings lollipop）,"9,500원",9500,true
533,2170347,18,칠리칩스 （Chilli chips）,"8,500원",8500,true
534,2170347,19,핑거칩스 （Finger Chips）,"7,000원",7000,true
535,2170347,20,바다프라이드 （Vada fried）,"7,000원",7000,true
536,2170347,21,다하 바다 （Dahi Vada）,"8,000원",8000,true
537,2170347,22,야채가띠롤 （Vegetable kathi rolls）,"7,000원",7000,true
538,2170347,23,치킨가띠롤 （Chiken kathi rolls）,"8,500원",8500,true
539,2170347,24,빠니푸리 （Pani puri）,"7,000원",7000,true
540,2170347,25,mustang aloo,"9,000원",9000,true
541,2170347,26,dahi puri,"8,500원",8500,true
542,2170347,27,차나 마살라 Chana masala,"11,000원",11000,true
543,2170347,28,달 마카니 Dal makhani,"12,000원",12000,true
544,2170347,29,달 타르카 Dal tadka,"10,000원",10000,true
545,2170347,30,달 팔락 Dal palak,"11,000원",11000,true
546,3616586,1,조식 성인,"90,000원",90000,true
547,3616586,2,조식 어린이,"45,000원",45000,true
548,3616586,3,브런치 주중 성인,"178,000원",178000,true
549,3616586,4,브런치 주중 어린이,"90,000원",90000,true
550,3616586,5,브런치 주말 성인,"204,000원",204000,true
551,3616586,6,브런치 주말 어린이,"100,000원",100000,true
552,3616586,7,디너 성인(월~목),"198,000원",198000,true
553,3616586,8,디너 어린이(월~목),"99,000원",99000,true
554,3616586,9,"디너 성인(금~일,공휴일)","208,000원",208000,true
555,3616586,10,"디너 어린이(금~일,공휴일)","100,000원",100000,true
556,10079161,1,콰삭톡 한마리,"23,000원",23000,true
557,10079161,2,콰삭톡 윙,"25,000원",25000,true
558,10079161,3,콰삭톡 스틱,"25,000원",25000,true
559,10079161,4,콰삭톡 콤보,"25,000원",25000,true
560,10079161,5,콰삭톡 순살,"25,000원",25000,true
561,10079161,6,콰삭킹 한마리,"21,000원",21000,true
562,10079161,7,콰삭킹 콤보,"23,000원",23000,true
563,10079161,8,콰삭킹 윙,"23,000원",23000,true
564,10079161,9,콰삭킹 스틱,"23,000원",23000,true
565,10079161,10,콰삭킹 순살,"23,000원",23000,true
566,10079161,11,핫후라이드 한마리,"21,000원",21000,true
567,10079161,12,핫후라이드 콤보,"23,000원",23000,true
568,10079161,13,핫후라이드 윙,"23,000원",23000,true
569,10079161,14,핫후라이드 스틱,"23,000원",23000,true
570,10079161,15,더블팝 순살 후라이드,"23,000원",23000,true
571,10079161,16,해바라기 후라이드 한마리,"20,000원",20000,true
572,10079161,17,해바라기 후라이드 콤보,"23,000원",23000,true
573,10079161,18,해바라기 후라이드 윙,"23,000원",23000,true
574,10079161,19,해바라기 후라이드 스틱,"23,000원",23000,true
575,10079161,20,반반치킨,"21,000원",21000,true
576,10079161,21,바삭클 한마리,"18,000원",18000,true
577,10079161,22,바삭클 순살,"22,000원",22000,true
578,10079161,23,후라이드(반) +맛초킹라이스 +콜라 500ml,"18,000원",18000,false
579,10079161,24,후라이드(반) +뿌링치즈볼 +콜라 245ml,"18,000원",18000,false
580,10079161,25,후라이드(반) +뿌링클라이스 +콜라 500ml,"18,000원",18000,false
581,10079161,26,양념치킨 한마리,"21,000원",21000,true
582,10079161,27,양념치킨 콤보,"24,000원",24000,true
583,10079161,28,양념치킨 스틱,"24,000원",24000,true
584,10079161,29,양념치킨 윙,"24,000원",24000,true
585,10079161,30,쏘마치 한마리,"21,000원",21000,true
586,10079161,31,쏘마치 순살,"23,000원",23000,true
587,10079161,32,쏘마치 콤보,"23,000원",23000,true
588,10079161,33,쏘마치 스틱,"23,000원",23000,true
589,10079161,34,쏘마치 윙,"23,000원",23000,true
590,10079161,35,더블팝 순살 양념,"23,500원",23500,true
591,10079161,36,레드킹 한마리,"21,000원",21000,true
592,10079161,37,레드킹 순살,"23,000원",23000,true
593,10079161,38,레드킹 콤보,"23,000원",23000,true
594,10079161,39,레드킹 스틱,"23,000원",23000,true
595,10079161,40,레드킹 윙,"23,000원",23000,true
596,10079161,41,스윗칠리킹 한마리,"21,900원",21900,true
597,10079161,42,스윗칠리킹 콤보,"24,900원",24900,true
598,10079161,43,스윗칠리킹 윙,"24,900원",24900,true
599,10079161,44,스윗칠리킹 스틱,"24,900원",24900,true
600,10079161,45,스윗칠리킹 순살,"24,900원",24900,true
601,10079161,46,스윗칠리킹 반반,"22,900원",22900,true
602,10079161,47,뿌링클 한마리,"21,000원",21000,true
603,10079161,48,뿌링클 콤보,"23,000원",23000,true
604,10079161,49,뿌링클 윙,"23,000원",23000,true
605,10079161,50,뿌링클 순살,"23,000원",23000,true
606,10079161,51,뿌링클 스틱,"23,000원",23000,true
607,10079161,52,핫뿌링클 한마리,"22,000원",22000,true
608,10079161,53,핫뿌링클 순살,"23,000원",23000,true
609,10079161,54,뿌링클(반) +맛초킹라이스 +콜라 500ml,"19,000원",19000,false
610,10079161,55,뿌링클(반) +뿌링클라이스 +콜라 500ml,"19,000원",19000,false
611,10079161,56,뿌링클(반) +치즈볼 +콜라 245ml,"19,000원",19000,false
612,10079161,57,맛초킹 한마리,"21,000원",21000,true
613,10079161,58,맛초킹 콤보,"23,000원",23000,true
614,10079161,59,맛초킹 윙,"23,000원",23000,true
615,10079161,60,맛초킹 스틱,"23,000원",23000,true
616,10079161,61,맛초킹 순살,"23,000원",23000,true
617,10079161,62,골드킹 한마리,"20,000원",20000,true
618,10079161,63,골드킹 콤보,"23,000원",23000,true
619,10079161,64,골드킹 윙,"23,000원",23000,true
620,10079161,65,골드킹 스틱,"23,000원",23000,true
621,10079161,66,골드킹 순살,"23,000원",23000,true
622,10079161,67,핫골드킹 한마리,"21,000원",21000,true
623,10079161,68,핫골드킹 콤보,"24,000원",24000,true
624,10079161,69,핫골드킹 윙,"24,000원",24000,true
625,10079161,70,핫골드킹 스틱,"24,000원",24000,true
626,10079161,71,골드킹(반) +맛초킹라이스 +콜라 500ml,"18,000원",18000,false
627,10079161,72,골드킹(반) +뿌링클라이스 +콜라 500ml,"18,000원",18000,false
628,10079161,73,골드킹(반) +치즈볼 +콜라 245ml,"18,000원",18000,false
629,10079161,74,맛초킹(반) +맛초킹라이스 +콜라 500ml,"18,000원",18000,false
630,10079161,75,맛초킹(반) +뿌링클라이스 +콜라 500ml,"18,000원",18000,false
631,10079161,76,맛초킹(반) +치즈볼 +콜라 245ml,"18,000원",18000,false
632,10079161,77,콜팝치킨,"4,000원",4000,true
633,10079161,78,뿌링콜팝,"5,000원",5000,true
634,10079161,79,왕콜팝,"5,500원",5500,true
635,10079161,80,뿌링왕콜팝,"7,000원",7000,true
636,10079161,81,미니콜팝,"4,000원",4000,true
637,10079161,82,뿌링미니콜팝,"5,000원",5000,true
638,10079161,83,빅콜팝,"12,500원",12500,true
639,10079161,84,뿌링빅콜팝,"15,000원",15000,true
640,10079161,85,치킨스낵,"11,000원",11000,true
641,10079161,86,콰삭슈림프,"9,000원",9000,true
642,10079161,87,카이막 치즈볼,"6,000원",6000,true
643,10079161,88,뿌링 카이막 치즈볼,"7,000원",7000,true
644,10079161,89,뿌링클라이스,"4,000원",4000,true
645,10079161,90,맛초킹라이스,"4,000원",4000,true
646,10079161,91,빨간소떡,"3,500원",3500,true
647,10079161,92,뿌링소떡,"4,000원",4000,true
648,10079161,93,달콤바삭치즈볼,"5,500원",5500,true
649,10079161,94,뿌링치즈볼,"6,500원",6500,true
650,10079161,95,케이준프라이,"4,000원",4000,true
651,10079161,96,뿌링치즈스틱,"5,000원",5000,true
652,10079161,97,뿌링핫도그,"6,000원",6000,true
653,10079161,98,분모자 로제 떡볶이,"6,000원",6000,true
654,10079161,99,웨지감자,"6,000원",6000,true
655,10079161,100,치로스,"6,000원",6000,true
656,10079161,101,맛초타코야끼,"5,000원",5000,true
657,10079161,102,뿌링클나초,"2,000원",2000,true
658,10079161,103,뿌링감자,"5,000원",5000,true
659,10079161,104,뿌링진미채튀김,"6,000원",6000,true
660,31330814,1,로얄 명란 김퓨레 비빔밥,"28,200원",28200,true
661,31330814,2,감자퓨레 등심스테이크,"59,800원",59800,true
662,31330814,3,트러플 리코타 치즈샐러드,"26,700원",26700,true
663,31330814,4,통명란 크림 파스타,"27,100원",27100,true
664,31330814,5,저탄수 해산물 빠에야,"29,800원",29800,true
665,31330814,6,영덕 붉은대게장 알리오 올리오,"24,000원",24000,true
666,31330814,7,관자 감자퓨레,"35,100원",35100,true
667,31330814,8,트러플 양송이스프,"11,800원",11800,true
668,31330814,9,토마토 파스튜,"29,800원",29800,true
669,31330814,10,치킨스테이크 로제파스타,"28,900원",28900,true
670,31330814,11,5가지 치즈 맛 떠먹는 피자,"29,800원",29800,true
671,31330814,12,뉴욕 치즈케이크,"12,600원",12600,true
672,31330814,13,베네치안 티라미수,"12,800원",12800,true
673,31330814,14,새우살스테이크,"73,300원",73300,true
674,31330814,15,크림스피니치 안심스테이크,"64,900원",64900,true
675,31330814,16,저탄수 송고버섯 스테이크 리조또,"39,900원",39900,true
676,31330814,17,새우크럼블 파스타,"29,200원",29200,true
677,31330814,18,마팔디네 파르보나라,"26,300원",26300,true
678,31330814,19,알배추구이&베이컨,"18,500원",18500,true
679,31330814,20,수박 페타 프로슈토 샐러드,"23,900원",23900,true
680,31330814,21,시그니처 BBQ플래터,"112,000원",112000,true
681,3600756,1,반반윙박스20pcs[간장+레드],"27,000원",27000,true
682,3600756,2,허니갈릭윙박스20pcs,"26,000원",26000,true
683,3600756,3,허니한마리,"21,000원",21000,true
684,3600756,4,레드한마리,"22,000원",22000,true
685,3600756,5,간장한마리,"21,000원",21000,true
686,3600756,6,반반한마리[간장+레드],"22,000원",22000,true
687,3600756,7,반반윙박스20pcs[마라레드+허니갈릭],"27,000원",27000,true
688,3600756,8,반반윙박스20pcs[레드+허니갈릭],"27,000원",27000,true
689,3600756,9,반반윙박스20pcs[간장+허니갈릭],"27,000원",27000,true
690,3600756,10,반반윙박스20pcs[간장+마라레드],"27,000원",27000,true
691,3600756,11,반반윙박스20pcs[레드+마라레드],"27,000원",27000,true
692,3600756,12,반반윙박스20pcs[후라이드+양념],"27,000원",27000,true
693,3600756,13,마라레드윙박스20pcs,"26,000원",26000,true
694,3600756,14,간장윙박스20pcs,"26,000원",26000,true
695,3600756,15,레드윙박스20pcs,"26,000원",26000,true
696,3600756,16,허니윙박스20pcs,"26,000원",26000,true
697,3600756,17,후라이드윙박스20pcs,"26,000원",26000,true
698,3600756,18,양념치킨윙박스20pcs,"27,000원",27000,true
699,3600756,19,바삭근위튀김(똥집튀김),"8,000원",8000,true
700,3600756,20,은하수 푸른밤 6도 막걸리 650ml,"8,000원",8000,true
701,3600756,21,은하수 깊은밤 8도 막걸리 650ml,"9,000원",9000,true
702,3600756,22,은하수 별헤는밤 12도 막걸리 500ml,"20,000원",20000,true
703,3600756,23,소주（처음처럼）,"5,000원",5000,false
704,3600756,24,소주（참이슬후레쉬）,"5,000원",5000,false
705,3600756,25,소주（진로이즈백）,"5,000원",5000,false
706,3600756,26,생맥주（1000cc）,"8,000원",8000,false
707,3600756,27,병맥주（테라）,"5,000원",5000,false
708,3600756,28,병맥주（카스）,"5,000원",5000,false
709,3600756,29,"1991라거생맥주（1,000cc）","13,000원",13000,false
710,3600756,30,자몽에이슬 360ml,"5,000원",5000,true
711,26778142,1,무항생제 목살,"19,000원",19000,true
712,26778142,2,먹거리X파일 착한 삼겹살,"19,000원",19000,true
713,26778142,3,무항생제 가브리살,"19,000원",19000,true
714,26778142,4,숙성특허 쫀득살,"17,000원",17000,true
715,26778142,5,트러플 손차돌 육회,"20,000원",20000,true
716,26778142,6,(예약판매) 밀랍 숙성 삼겹살,"100,000원",100000,true
717,26778142,7,1++ 한우 살치살,"55,000원",55000,true
718,26778142,8,1++ 한우 갈비살,"27,000원",27000,true
719,26778142,9,1++ 한우 넙적차돌,"27,000원",27000,true
720,26778142,10,껍데기,"10,000원",10000,true
721,26778142,11,1++ 한우 알등심,"48,000원",48000,true
722,26778142,12,숙성특허 반근세트[400g],"51,000원",51000,true
723,26778142,13,1+ 한근세트,"77,000원",77000,true
724,7372732,1,마늘족발 (M),"45,000원",45000,true
725,7372732,2,오리지널족발 (M),"43,000원",43000,true
726,7372732,3,오리지널족발 (L),"48,000원",48000,true
727,7372732,4,가브리보쌈 (M),"43,000원",43000,true
728,7372732,5,마늘족발 (L),"50,000원",50000,true
729,7372732,6,가브리보쌈 (L),"48,000원",48000,true
730,7372732,7,골뱅이무침,"18,000원",18000,true
731,7372732,8,미쓰떡볶이,"9,000원",9000,true
732,7372732,9,메밀쟁반국수,"10,000원",10000,true
733,7372732,10,수제어묵탕,"17,000원",17000,true
734,7372732,11,칼칼한술국,"17,000원",17000,true
735,7372732,12,매콤고기순대,"9,000원",9000,true
736,7372732,13,족보,"50,000원",50000,true
737,7372732,14,반반족발,"48,000원",48000,true
738,7372732,15,깻잎불족발,"46,000원",46000,true
739,7372732,16,족뱅이,"46,000원",46000,true
740,7372732,17,냉채족발,"50,000원",50000,true
741,27433088,1,런치 A코스,"39,000원",39000,true
742,27433088,2,옥돔구이,"29,000원",29000,true
743,27433088,3,런치 B코스(80g),"59,000원",59000,true
744,27433088,4,런치 B코스(110g),"69,000원",69000,true
745,27433088,5,런치 B코스(140g),"79,000원",79000,true
746,27433088,6,런치 C코스(80g),"79,000원",79000,true
747,27433088,7,런치 C코스(110g),"89,000원",89000,true
748,27433088,8,런치 C코스(140g),"99,000원",99000,true
749,27433088,9,런치 스페셜 코스(120g),"99,000원",99000,true
750,27433088,10,런치 스페셜 코스(200g),"109,000원",109000,true
751,27433088,11,시그니처 코스(140g),"189,000원",189000,true
752,27433088,12,A코스(90g),"109,000원",109000,true
753,27433088,13,A코스(120g),"119,000원",119000,true
754,27433088,14,A코스(150g),"129,000원",129000,true
755,27433088,15,B코스(90g),"129,000원",129000,true
756,27433088,16,B코스(120g),"139,000원",139000,true
757,27433088,17,B코스(150g),"149,000원",149000,true
758,27433088,18,C코스(130g),"159,000원",159000,true
759,27433088,19,C코스(160g),"169,000원",169000,true
760,27433088,20,1++비장탄 숙성 한우 등심(130g),"69,000원",69000,true
761,27433088,21,1++비장탄 숙성 한우 안심(130g),"69,000원",69000,true
762,27433088,22,1++비장탄 숙성 한우 새우살(120g),"79,000원",79000,true
763,27433088,23,고우가 생트러플 한우육회(170g),"45,000원",45000,true
764,27433088,24,"도미,성게알(8pcs)","25,000원",25000,true
765,27433088,25,한우 크로와상(2pcs),"15,000원",15000,true
766,27433088,26,한우 크로와상(4pcs),"30,000원",30000,true
767,27433088,27,한우 미역국(2인기준),"18,000원",18000,true
768,27433088,28,한우 김치볶음솥밥(2인기준),"25,000원",25000,true
769,6463321,1,티본 스테이크 (750g),"285,000원",285000,true
770,6463321,2,포터 하우스 (750g),"390,000원",390000,true
771,7118098,1,빠니푸리,"6,000원",6000,true
772,7118098,2,점심메뉴 세트A,"10,500원",10500,true
773,7118098,3,점심메뉴 세트B,"15,000원",15000,true
774,7118098,4,스피넥파코라,"8,000원",8000,true
775,7118098,5,오니온칠리파코라,"7,000원",7000,true
776,7118098,6,마살라빠빠드,"5,500원",5500,true
777,7118098,7,칠리칩스,"7,000원",7000,true
778,7118098,8,베지터블브리야니,"11,000원",11000,true
779,7118098,9,램커리,"13,000원",13000,true
780,7118098,10,팔락램,"13,000원",13000,true
781,7118098,11,새우커리,"12,000원",12000,true
782,7118098,12,새우빈달루,"12,000원",12000,true
783,7118098,13,카다이램,"14,000원",14000,true
784,7118098,14,램콜마,"14,000원",14000,true
785,28669446,1,수원왕갈비,,,true
786,28669446,2,토장찌개,,,true
787,28669446,3,서울왕갈비,,,true
788,28669446,4,트러플육회,,,true
789,28669446,5,생갈비,,,true
790,28669446,6,LA양념갈비,,,true
791,28669446,7,돼지갈비,,,true
792,28669446,8,갈비탕,,,true
793,28669446,9,양곰탕,,,true
794,28669446,10,육회비빔밥,,,true
795,28669446,11,LA순두부찌개,,,true
796,28669446,12,소고기미역국,,,true
797,4608689,1,버터 마살라 Butter Masala,변동가격,,true
798,4608689,2,티카 마살라 Tikka Masala,변동가격,,true
799,4608689,3,옷살 스페셜 Otsal Special,변동가격,,true
800,4608689,4,마카니 Makhani,변동가격,,true
801,4608689,5,빈달루 Vindaloo,변동가격,,true
802,4608689,6,시금치 Spinach,변동가격,,true
803,3923509,1,곤드레비빔밥,"12,000원",12000,true
804,3923509,2,순두부와 강된장비빔밥,"12,000원",12000,true
805,3923509,3,매운순두부찌개,"12,000원",12000,true
806,3923509,4,순한순두부찌개,"11,000원",11000,true
807,3923509,5,불구이뚝배기,"13,000원",13000,true
808,3923509,6,비건순대,"8,000원",8000,true
809,3923509,7,마라탕면,"15,000원",15000,true
810,3923509,8,유바말이,"6,000원",6000,true
811,3923509,9,비건 버섯편채,"7,000원",7000,true
812,34063756,1,알배추 항정 수육 카펠리니,"29,800원",29800,true
813,34063756,2,갈비찜 리조또,"33,600원",33600,true
814,34063756,3,케이퍼 봉골레 칼국수,"19,000원",19000,true
815,34063756,4,고추장 BBQ폭립 & 포케,"42,000원",42000,true
816,34063756,5,모르타델라 감자전,"16,800원",16800,true
817,34063756,6,광어 묵은지 세비체 초밥,"22,000원",22000,true
818,34063756,7,토장 마제 칼 비빔면,"18,600원",18600,true
819,34063756,8,트러플 버섯 페이스트 수제비 뇨끼,"21,000원",21000,true
820,34063756,9,식혜,"8,000원",8000,true
821,34063756,10,수정과,"8,000원",8000,true
822,34063756,11,2인 한 상(A table for two),"56,400원",56400,true
823,34063756,12,시그니처 2인 한 상(Signature Table for Two),"70,200원",70200,true
824,34063756,13,3인 한 상(A Table for Three),"103,600원",103600,true
825,34063756,14,4인 한 상(A Table for four),"123,600원",123600,true
826,34063756,15,갈비솥밥(Galbi Pot Rice),"24,900원",24900,true
827,34063756,16,떡갈비(Tteokgalbi),"13,900원",13900,true
828,34063756,17,치킨스테이크 로제파스타(Chicken Steak Rosé Pasta),"26,800원",26800,true
829,34063756,18,익선 여름 물회 카펠리니,"25,200원",25200,true
830,34063756,19,망고빙수(Mango Bingsu),"24,900원",24900,true
831,2476809,1,FRESH GUACAMOLE AND CHIPS,"11,900원",11900,true
832,2476809,2,KIMCHI CARNITAS FRIES,"14,900원",14900,true
833,2476809,3,CARNE ASADA (3tacos),"15,900원",15900,true
834,2476809,4,EL GRINGO CHICKEN,"13,900원",13900,true
835,2476809,5,CHILI LIME SHRIMP (3tacos),"15,900원",15900,true
836,2476809,6,PINEAPPLE AL PASTOR,"13,900원",13900,true
837,2476809,7,FAMOUS FRESH CHICKEN WINGS,"9,900원",9900,true
838,2476809,8,CALI STEAK AND GUACAMOLE BURRITOS,"16,900원",16900,true
839,2476809,9,FRESH CHICKEN VATOS BOWLS,"14,900원",14900,true
840,2476809,10,CLASSIC CHEESE SLIDER WITH FRIES,"12,900원",12900,true
841,2476809,11,NUTELLA NACHOS & ICE CREAM,"7,900원",7900,true
842,21127142,1,애프터눈 티 세트,"98,000원",98000,true
843,21127142,2,시그니처 칵테일,"25,000원",25000,true
844,21127142,3,델리 케이크,변동가격,,true
845,9205326,1,통목살 (150g),"19,000원",19000,true
846,9205326,2,통삼겹살 (150g),"19,000원",19000,true
847,9205326,3,비빔냉면,"10,000원",10000,true
848,9205326,4,항정살 (150g),"21,000원",21000,true
849,9205326,5,오겹살 (170g),"20,000원",20000,true
850,9205326,6,육전생갈비 (200g),"22,000원",22000,true
851,9205326,7,양념껍데기 (180g),"14,000원",14000,true
852,9205326,8,갓지짐들기름막국수,"12,000원",12000,true
853,9205326,9,들기름간장생면,"11,000원",11000,true
854,9205326,10,도토리냉칼국수,"12,000원",12000,true
855,9205326,11,동치미 물냉면,"10,000원",10000,true
856,9205326,12,돈육전,"12,000원",12000,true
857,9205326,13,더덕무침,"10,000원",10000,true
858,9205326,14,수제편육,"7,000원",7000,true
859,3922956,1,육탕이,"38,000원",38000,true
860,3922956,2,들기름 묵은지 육회비빔밥,"13,000원",13000,true
861,3922956,3,간천엽,"17,000원",17000,true
862,3922956,4,산낙지,"17,000원",17000,true
863,3922956,5,육사시미,"39,000원",39000,true
864,3922956,6,육회,"23,000원",23000,true
865,3922956,7,육전,"26,000원",26000,true
866,3922956,8,육골뱅이,"36,000원",36000,true
867,3922956,9,육회비빔밥,"11,000원",11000,true
868,3922956,10,간천엽 (1/2),"9,000원",9000,true
869,3922956,11,육회비빔밥 (대),"16,000원",16000,true
870,3922956,12,육전 (1/2),"14,000원",14000,true
871,3922605,1,메로구이,"80,000원",80000,true
872,3922605,2,장어구이,"75,000원",75000,true
873,3922605,3,홍어삼합,"80,000원",80000,true
874,3922605,4,돼지보쌈,"68,000원",68000,true
875,3922605,5,인삼갈비찜,"78,000원",78000,true
876,3922605,6,떡갈비만두,"28,000원",28000,true
877,12368526,1,에스프레소(Espresso),"5,000원",5000,true
878,12368526,2,아메리카노(Americano),"5,500원",5500,true
879,12368526,3,카페라떼(Cafe latte),"6,000원",6000,true
880,12368526,4,카푸치노(Cappuccino),"6,000원",6000,true
881,12368526,5,플랫화이트(Flatwhite),"6,000원",6000,true
882,12368526,6,바닐라라떼(Vanilla latte),"7,000원",7000,true
883,12368526,7,그린라이트 (상추 스무디),"8,500원",8500,true
884,12368526,8,이 초콜릿 라떼는 최고라고 자부한다.,"7,000원",7000,true
885,12368526,9,히비스커스 앤 로지스 티,"7,000원",7000,true
886,12368526,10,네 종류의 베리가 들어간 소다,"8,000원",8000,true
887,12368526,11,시그니처 밀크 티,"8,000원",8000,true
888,12368526,12,유자 허니 블랙 티,"7,000원",7000,true
889,10677791,1,본삼겹 (150g),"19,000원",19000,true
890,10677791,2,눈꽃목살 (150g),"19,000원",19000,true
891,10677791,3,등목살 (150g),"23,000원",23000,true
892,10677791,4,한우 안창살 (120g),"65,000원",65000,true
893,7033805,1,오리지널 플래터,"45,900원",45900,true
894,7033805,2,스페어립 플래터,"74,900원",74900,true
895,7033805,3,오크라튀김,"7,900원",7900,true
896,7033805,4,베지 밤 샌드위치,"14,900원",14900,true
897,7033805,5,밤 샌드위치,"18,900원",18900,true
898,7033805,6,브리스킷 샌드위치,"16,900원",16900,true
899,7033805,7,풀드 포크 샌드위치,"9,900원",9900,true
900,7033805,8,소세지스페어립플래터,"104,900원",104900,true
901,7033805,9,스페어립,"35,900원",35900,true
902,7033805,10,어니언링,"9,500원",9500,true
903,7033805,11,텍사스핫것소세지,"9,900원",9900,true
904,7033805,12,프라이카트,"10,900원",10900,true
905,7033805,13,맥앤치즈 regular/spicy,"8,500원",8500,true
906,7033805,14,맥볼,"9,900원",9900,true
907,7033805,15,모듬튀김샘플러,"17,900원",17900,true
908,7033805,16,크랙티,"9,900원",9900,true
909,7033805,17,블루레모네이드,"9,900원",9900,true
910,7033805,18,코카콜라,"3,900원",3900,false
911,7033805,19,제로콜라,"3,900원",3900,false
912,7033805,20,칠성 사이다,"3,900원",3900,false
913,7033805,21,진저에일,"3,900원",3900,true
914,7033805,22,트레비,"3,900원",3900,true
915,7033805,23,더블크랙티,"15,900원",15900,true
916,7033805,24,풀랙 베이비백립 플래터,"135,000원",135000,true
917,7033805,25,메가 플래터,"129,000원",129000,true
918,7033805,26,풀랙 베이비백립 싱글,"79,000원",79000,true
919,7033805,27,하프랙 베이비백립 싱글,"45,900원",45900,true
920,7033805,28,스모크치킨 (반마리),"10,900원",10900,true
921,7033805,29,스모크치킨 (한마리),"20,900원",20900,true
922,7033805,30,튀김카트,"19,900원",19900,true
923,15513085,1,Build your own brunch,"14,000원",14000,true
924,15513085,2,Oatmeal Pancake [GF],"16,000원",16000,true
925,15513085,3,Chocolate Oatmeal Pancake,"17,000원",17000,true
926,15513085,4,Avocado Opensandwich,"18,500원",18500,true
927,15513085,5,Smoked salmon Opensandwich,"19,500원",19500,true
928,15513085,6,Roasted Beef Opensandwich,"19,500원",19500,true
929,15513085,7,Mushrooms Opensandwich,"18,500원",18500,true
930,15513085,8,Fries  [GF],"9,500원",9500,true
931,15513085,9,Weekly Juice,"7,500원",7500,true
932,15513085,10,Weekly Smoothie,"9,500원",9500,true
933,15513085,11,Homemade Orange Juice,"6,500원",6500,true
934,12261567,1,치킨티카&커리 (점심),"10,900원",10900,true
935,12261567,2,달마카니커리 (점심),"9,900원",9900,true
936,12261567,3,믹스야채커리 (점심),"9,900원",9900,true
937,12261567,4,빨락빠니르커리 (점심),"9,900원",9900,true
938,12261567,5,따와마살라커리 (점심),"9,900원",9900,true
939,12261567,6,머튼커리 (점심),"9,900원",9900,true
940,12261567,7,치킨커리 (점심),"9,900원",9900,true
941,12261567,8,따와마살라 커리,"15,000원",15000,true
942,12261567,9,머튼 커리,"16,000원",16000,true
943,12261567,10,말라이 코프타 커리,"15,000원",15000,true
944,12261567,11,믹스 야채 커리,"14,000원",14000,true
945,12261567,12,치킨 커리,"15,000원",15000,true
946,12261567,13,치킨 티카 마카니 커리,"15,000원",15000,true
947,12261567,14,빈달루 커리 (치킨),"14,000원",14000,true
948,12261567,15,코르마 커리 (야채),"14,000원",14000,true
949,12261567,16,머쉬룸 커리,"15,000원",15000,true
950,12261567,17,빨락 빠니르 커리,"15,000원",15000,true
951,12261567,18,사히 빠니르 커리,"17,000원",17000,true
952,12261567,19,프라운 커리,"18,000원",18000,true
953,12261567,20,빠니르 버터 마살라 커리,"16,000원",16000,true
954,12261567,21,달 마카니 커리 커리,"15,000원",15000,true
955,12261567,22,달 프라이,"15,000원",15000,true
956,4414170,1,AI깐부,"23,000원",23000,true
957,4414170,2,빠삭커리네치킨,"23,000원",23000,true
958,4414170,3,빠삭커리네순살치킨,"23,000원",23000,true
959,4414170,4,빠삭커리네윙봉,"23,000원",23000,true
960,4414170,5,크리스피윙봉,"21,000원",21000,true
961,4414170,6,깐부통닭,"19,000원",19000,true
962,4414170,7,숯불 핫 바베큐구이,"21,000원",21000,true
963,4414170,8,마늘간장크런치윙봉,"22,000원",22000,true
964,4414170,9,마늘간장 순살치킨,"23,000원",23000,true
965,4414170,10,핫 바비큐 로스트윙봉,"22,000원",22000,true
966,4414170,11,크런치 윙봉,"20,000원",20000,true
967,4414170,12,로스트 윙봉,"19,000원",19000,true
968,4414170,13,크리스피 순살치킨,"22,000원",22000,true
969,4414170,14,크리스피치킨,"22,000원",22000,true
970,4414170,15,마늘전기구이,"20,000원",20000,true
971,4414170,16,마늘간장치킨,"22,000원",22000,true
972,4414170,17,핫 바베큐 순살치킨,"23,000원",23000,true
973,4414170,18,스윗 순살치킨,"23,000원",23000,true
974,4414170,19,후라이드치킨,"20,000원",20000,true
975,4414170,20,바삭한식스팩,"23,000원",23000,true
976,4414170,21,고추간장 순살치킨,"23,000원",23000,true
977,4414170,22,파닭 순살치킨,"23,000원",23000,true
978,4414170,23,전기구이,"18,000원",18000,true
979,4414170,24,어니언링,"15,000원",15000,true
980,4414170,25,치즈스틱,"13,000원",13000,true
981,4414170,26,고구마치즈볼,"14,000원",14000,true
982,4414170,27,메가크런치 포테이토,"14,000원",14000,true
983,4414170,28,케이준 포테이토,"14,000원",14000,true
984,4414170,29,깐부 해물짬뽕탕,"18,000원",18000,true
985,4414170,30,크런치 찰 핫도그,"7,000원",7000,true
986,4414170,31,불닭발,"19,000원",19000,true
987,4414170,32,치즈볼,"14,000원",14000,true
988,4414170,33,어묵탕,"18,000원",18000,true
989,4414170,34,골뱅이 쫄면,"24,000원",24000,true
990,4414170,35,국물떡볶이,"13,000원",13000,true
991,4414170,36,케이준 치킨샐러드,"15,000원",15000,true
992,4414170,37,먹태,"18,000원",18000,true
993,14901544,1,아스파라거스튀김,"18,000원",18000,true
994,14901544,2,파마산프렌치프라이,"23,000원",23000,true
995,14901544,3,모보스페셜,"70,000원",70000,true
996,14901544,4,야채라자냐,"32,000원",32000,true
997,14901544,5,허브샐러드,"30,000원",30000,true
998,14901544,6,치킨윙,"36,000원",36000,true
999,14901544,7,샌드위치,"40,000원",40000,true
1000,14901544,8,바이트버거,"38,000원",38000,true
1001,14901544,9,관자튀김,"50,000원",50000,true
1002,14901544,10,찹스테이크,"80,000원",80000,true
1003,802826,1,산촌정식(점심),"29,000원",29000,true
1004,802826,2,산촌정식(저녁),"33,000원",33000,true
1005,802826,3,생강차,"7,000원",7000,true
1006,802826,4,씽화차,"6,000원",6000,true
1007,26262526,1,크랩52_성인,변동가격,,true
1008,26262526,2,크랩52_어린이,변동가격,,true
1009,26262526,3,샤브52,변동가격,,true
1010,4886861,1,제주 흑 오겹살 (150g),"23,900원",23900,true
1011,4886861,2,단풍 불고기 (250g),"33,900원",33900,true
1012,4886861,3,국내산 목살 (180g),"21,900원",21900,true
1013,4886861,4,투뿔 한우숙성등심 (150g),"62,500원",62500,true
1014,4886861,5,양념갈비 (350g),"64,500원",64500,true
1015,4070952,1,런치코스,"120,000원",120000,true
1016,4070952,2,디너코스,"180,000원",180000,true
1017,4070952,3,커플 코스(2인 기준),"440,000원",440000,true
1018,28650345,1,인생순두부,"11,000원",11000,true
1019,28650345,2,들깨순두부,"11,000원",11000,true
1020,28650345,3,김치돼지순두부,"11,000원",11000,true
1021,28650345,4,비지순두부,"11,000원",11000,true
1022,28650345,5,버섯순두부,"11,000원",11000,true
1023,28650345,6,마라순두부,"11,000원",11000,true
1024,28650345,7,청국장순두부,"11,000원",11000,true
1025,28650345,8,해물순두부,"12,000원",12000,true
1026,28650345,9,햄치즈순두부,"12,000원",12000,true
1027,28650345,10,차돌박이순두부,"12,000원",12000,true
1028,28650345,11,소곱창순두부,"12,000원",12000,true
1029,28650345,12,굴순두부,"12,000원",12000,true
1030,28650345,13,소고기순두부,"12,000원",12000,true
1031,28650345,14,토종순대순두부,"12,000원",12000,true
1032,33393803,1,반상,"39,000원",39000,true
1033,33393803,2,우아한,"79,000원",79000,true
1034,33393803,3,우아라 런치 스페셜,"99,000원",99000,true
1035,33393803,4,우아라 런치 코스,"39,000원",39000,true
1036,33393803,5,우아라 시그니처 코스,"189,000원",189000,true
1037,33393803,6,우아라 디너 코스,"99,000원",99000,true
1038,3957610,1,치즈퐁~닭,,,true
1039,3957610,2,콘치즈닭갈비,"13,500원",13500,true
1040,3957610,3,물쫄면,,,true
1041,3957610,4,비빔쫄면,,,true
1042,3957610,5,가쓰오우동,,,true
1043,3957610,6,닭갈비철판볶음밥,"8,500원",8500,true
1044,3957610,7,치즈철판볶음밥,,,true
1045,3957610,8,가쓰오철판볶음밥,,,true
1046,3957610,9,닭갈비전골,,,true
1047,3957610,10,직화통닭갈비,,,true
1048,3957610,11,미소허니닭갈비,,,true
1049,3957610,12,로제닭갈비,,,true
1050,3957610,13,순살찜닭,,,true
1051,3957610,14,가쓰오닭갈비,,,true
1052,3957610,15,순살닭볶음탕,,,true
1053,3957610,16,유가네 닭갈비,"12,000원",12000,true
1054,3957610,17,반반닭갈비(2인),"28,500원",28500,true
1055,3957610,18,낙지닭갈비,"13,000원",13000,true
1056,3957610,19,쭈닭갈비,"13,000원",13000,true
1057,3957610,20,닭야채철판볶음밥,"8,000원",8000,true
1058,3957610,21,반반닭갈비(3인),"39,500원",39500,true
1059,3957610,22,반반닭갈비(4인),"49,500원",49500,true
1060,3957610,23,미소허니철판볶음밥,"8,000원",8000,true
1061,3957610,24,해물철판볶음밥,"9,000원",9000,true
1062,3957610,25,물막국수,"8,000원",8000,true
1063,3957610,26,물비빔막국수,"8,000원",8000,true
1064,3957610,27,계란찜,"4,000원",4000,true
1065,27799148,1,서령 설화 불고기 (150g),"39,000원",39000,true
1066,27799148,2,서령 순면,"17,000원",17000,true
1067,27799148,3,접시만두 반 접시(3개),"6,000원",6000,true
1068,27799148,4,비빔 순면,"17,000원",17000,true
1069,27799148,5,들기름 순면,"17,000원",17000,true
1070,27799148,6,순면 사리 추가,"10,000원",10000,false
1071,27799148,7,냉수반,"14,000원",14000,true
1072,27799148,8,만두국,"16,000원",16000,true
1073,27799148,9,접시만두 한 접시(6개),"12,000원",12000,true
1074,27799148,10,십리향밥,"2,000원",2000,true
1075,27799148,11,항정살 제육(돼지고기) 반 접시(100g),"19,000원",19000,true
1076,27799148,12,항정살 제육(돼지고기) 한 접시(200g),"37,000원",37000,true
1077,27799148,13,짜배기,"2,000원",2000,true
1078,27799148,14,서령 육수,"8,000원",8000,true
1079,33039774,1,메뉴판 (런치),"99,000원",99000,true
1080,33039774,2,프리미엄 시그니처,"249,000원",249000,true
1081,33039774,3,메뉴판 (런치),"189,000원",189000,true
1082,33039774,4,5 Glass Pairing,"120,000원",120000,true
1083,7353876,1,새우튀김,"20,000원",20000,true
1084,7353876,2,조개전골,"22,000원",22000,true
1085,7353876,3,조개전골 [비조리],"31,000원",31000,true
1086,7353876,4,해물전골,"70,000원",70000,true
1087,7353876,5,알탕,"13,000원",13000,true
1088,7353876,6,연포탕,"35,000원",35000,true
1089,7353876,7,백합모시조개탕,"30,000원",30000,true
1090,7353876,8,해물뚝배기,"35,000원",35000,true
1091,7353876,9,조가비물회(여름메뉴),"40,000원",40000,true
1092,7353876,10,해산물모듬,"50,000원",50000,true
1093,7353876,11,묵은지광어회,"37,000원",37000,true
1094,7353876,12,산낙지,"25,000원",25000,true
1095,7353876,13,생문어숙회,"35,000원",35000,true
1096,7353876,14,소라숙회,"35,000원",35000,true
1097,7353876,15,오징어데침,"19,000원",19000,true
1098,7353876,16,봉골레파스타,"35,000원",35000,true
1099,7353876,17,해물파전,"22,000원",22000,true
1100,7353876,18,낙지볶음,"30,000원",30000,true
1101,7353876,19,반반튀김(오징어+새우),"25,000원",25000,true
1102,7353876,20,모둠숙회,"40,000원",40000,true
1103,7353876,21,쫄뱅이,"25,000원",25000,true
1104,7353876,22,물총칼국수,"10,000원",10000,true
1105,7353876,23,바지락칼국수,"10,000원",10000,true
1106,7353876,24,물회국수(여름메뉴),"14,000원",14000,true
1107,7353876,25,회덮밥,"12,000원",12000,true
1108,7353876,26,우렁강된장,"10,000원",10000,true
1109,7353876,27,오징어덮밥,"10,000원",10000,true
1110,7353876,28,물만두,"5,000원",5000,true
1111,7353876,29,코카콜라 캔음료355mL,"3,000원",3000,false
1112,7353876,30,제로콜라 캔음료355mL,"3,000원",3000,false
1113,7748342,1,닭가슴살 수란 간장 비빔밥,"14,000원",14000,true
1114,7748342,2,치즈 김치전,"15,000원",15000,true
1115,7748342,3,투뿔한우 육회비빔밥,"15,500원",15500,true
1116,7748342,4,곤드레 간장비빔밥,"11,000원",11000,true
1117,7748342,5,산방육개장,"12,000원",12000,true
1118,7748342,6,산방 비빔밥,"10,000원",10000,true
1119,7748342,7,불고기 비빔밥,"13,500원",13500,true
1120,7748342,8,도토리묵 야채무침,"13,000원",13000,true
1121,7748342,9,해산물 부추전,"14,000원",14000,true
1122,7748342,10,두부 된장비빔밥,"13,000원",13000,true
1123,7748342,11,닭가슴살 야채무침,"13,500원",13500,true
1124,7748342,12,검은깨두부와 보쌈 삼합,"15,500원",15500,true
1125,7748342,13,목멱산막걸리 한 잔,"4,000원",4000,true
1126,25302376,1,페퍼로니 피자,"24,000원",24000,true
1127,25302376,2,피자 꽈배기,"13,000원",13000,true
1128,25302376,3,웻 스트롬볼리,"23,000원",23000,true
1129,25302376,4,햄 트러플 피자,"24,000원",24000,true
1130,25302376,5,마르게리타 피자,"20,000원",20000,true
1131,25302376,6,치킨 시저 샐러드 피자,"25,000원",25000,true
1132,25302376,7,시금치 아티초크 피자,"24,000원",24000,true
1133,25302376,8,치킨 시저 샐러드,"12,000원",12000,true
1134,25302376,9,햄 트러플 감자튀김,"13,000원",13000,true
1135,25302376,10,나무꾼 피자,"25,000원",25000,true
1136,25302376,11,스파이시 소시지 피자,"25,000원",25000,true
1137,25302376,12,스트롬볼리,"21,000원",21000,true
1138,25302376,13,치킨 윙,"18,000원",18000,true
1139,25302376,14,트러플 감자튀김,"10,000원",10000,true
1140,25302376,15,치즈 플레이트,"30,000원",30000,true
1141,25302376,16,야채 스트롬볼리,"23,000원",23000,true
1142,33020173,1,전설우대갈비 (370g) (1대),"42,000원",42000,true
1143,33020173,2,"소갈비살160g+된장찌개,공기밥 (평일런치정식)","28,000원",28000,false
1144,33020173,3,전설 소갈비살(200g),"26,000원",26000,true
1145,33020173,4,전설 소막창(200g),"29,000원",29000,true
1146,33020173,5,전설 삼겹살(200g),"22,000원",22000,true
1147,33020173,6,물냉면,"12,000원",12000,true
1148,33020173,7,비빔냉면,"12,000원",12000,true
1149,33020173,8,"된장찌개(순한,매운맛)","4,000원",4000,true
1150,33020173,9,공기밥,"1,500원",1500,false
1151,33020173,10,소갈비살(160g)+물냉면 (평일런치정식),"28,000원",28000,true
1152,14969071,1,무항생제 목살,"19,000원",19000,true
1153,14969071,2,월화 모둠,"51,000원",51000,true
1154,14969071,3,먹거리x파일 착한 삼겹살,"19,000원",19000,true
1155,14969071,4,무항생제 뼈목심,"19,000원",19000,true
1156,14969071,5,숙성특허 항정살,"23,000원",23000,true
1157,14969071,6,숙성특허 갈매기살,"19,000원",19000,true
1158,14969071,7,1++한우 등심,"40,000원",40000,true
1159,14969071,8,1++한우 살치살,"55,000원",55000,true
1160,14969071,9,1++한우 갈비살,"40,000원",40000,true
1161,14969071,10,1++한우 부채살,"40,000원",40000,true
1162,14969071,11,1++한우 넙적차돌,"25,000원",25000,true
1163,14969071,12,밀랍 숙성 삼겹살 (예약 한정 메뉴),"100,000원",100000,true
1164,14969071,13,넙적 차돌 삼합 세트,"59,000원",59000,true
1165,14969071,14,가브리살,"19,000원",19000,true
1166,14969071,15,듀록 모둠[740g],"96,000원",96000,true
1167,7062406,1,잘빠진 술상 (2인),"28,000원",28000,true
1168,7062406,2,잘빠진밥상(1인기준)(물 / 비빔 / 들기름),"14,000원",14000,true
1169,7062406,3,순메밀 100% 트러플들기름막국수,"15,000원",15000,true
1170,7062406,4,런치스페셜 (물/비빔) (한정메뉴),"18,000원",18000,true
1171,7062406,5,순메밀 100% 물막국수,"12,000원",12000,true
1172,7062406,6,순메밀 100% 비빔막국수,"12,000원",12000,true
1173,7062406,7,순메밀 100% 들기름막국수,"13,000원",13000,true
1174,7062406,8,잘빠진 술상 (3~4인),"43,000원",43000,true
1175,7062406,9,잘빠진세트 (물/비빔) (1인),"15,000원",15000,true
1176,7062406,10,잘빠진 육회,"19,000원",19000,true
1177,7062406,11,메밀꽃만두전골 (1인)(동절기)(2인이상),"14,000원",14000,true
1178,7062406,12,만두전골한상세트 (1인)(동절기)(2인이상),"17,000원",17000,true
1179,7062406,13,메밀칼국수전골 (1인),"12,000원",12000,true
1180,7062406,14,고추장 육회,"23,000원",23000,true
1181,7062406,15,런치스페셜 (들기름),"19,000원",19000,true
1182,7062406,16,런치스페셜 (트러플들기름),"21,000원",21000,true
1183,7062406,17,잘빠진 세트 (들기름),"16,000원",16000,true
1184,7062406,18,잘빠진 세트 (트러플들기름),"18,000원",18000,true
1185,28276341,1,오마카세 숙성회(2인) 2ps x 12종류,"55,000원",55000,true
1186,28276341,2,오늘의 저당적초 초밥（10ps）,"16,500원",16500,true
1187,28276341,3,특선 저당적초 초밥（12ps）,"19,500원",19500,true
1188,28276341,4,스페셜 저당적초 초밥（12ps）,"23,000원",23000,true
1189,28276341,5,싱싱회덮밥(밥 따로),"13,000원",13000,true
1190,28276341,6,장국 소스(판매용X),"999,999원",999999,true
1191,28276341,7,1인모밀세트,"16,000원",16000,true
1192,28276341,8,안키모소금김밥16pcs,"8,000원",8000,true
1193,28276341,9,연어모듬초밥 10ps,"25,000원",25000,true
1194,28276341,10,갓성비 푸짐 저당적초 초밥 (20pcs),"29,000원",29000,true
1195,28276341,11,오마카세 저당적초 스시 11ps （시그니처 메뉴）,"28,000원",28000,true
1196,28276341,12,VIP 오마카세 저당적초 스시 15ps,"35,000원",35000,true
1197,28276341,13,저당적초 초밥8pcs+새우튀김1pcs+장국,"16,000원",16000,true
1198,28276341,14,1인우동세트,"16,000원",16000,true
1199,28276341,15,1인회덮밥세트(밥 따로),"16,000원",16000,true
1200,28276341,16,1인돈까스세트,"18,000원",18000,true
1201,28276341,17,푸짐세트 2인,"55,000원",55000,true
1202,28276341,18,혼술세트 1인,"28,000원",28000,true
1203,28276341,19,뚱유 4종 세트,"13,000원",13000,true
1204,28276341,20,오마카세 숙성회(1인) 2ps x 7종류,"39,000원",39000,true
1205,28276341,21,참이슬 후레쉬,"5,000원",5000,true
1206,28276341,22,참이슬 오리지널,"5,000원",5000,true
1207,28276341,23,처음처럼,"5,000원",5000,true
1208,28276341,24,진로이즈백,"5,000원",5000,true
1209,28276341,25,새로,"5,000원",5000,true
1210,28276341,26,청하,"6,000원",6000,true
1211,28276341,27,일품진로,"30,000원",30000,true
1212,28276341,28,화요 25,"30,000원",30000,true
1213,28276341,29,카스,"5,000원",5000,true
1214,28276341,30,테라,"5,000원",5000,true
1215,4784252,1,닭고기 케밥 Sauced Lavash Chicken,"14,900원",14900,true
1216,4784252,2,치즈 그릴 닭고기 Cheese Grill Chicken,"18,000원",18000,true
1217,4784252,3,닭고기 쉬시 케밥 Shish Kebab Chicken,"20,000원",20000,true
1218,4784252,4,닭고기 스테이크케밥Steak Yogurt Chicken,"21,000원",21000,true
1219,4784252,5,닭고기 코프테 Kofte Chicken,"19,000원",19000,true
1220,4784252,6,이스켄데르 닭고기 Iskender Chicken,"24,000원",24000,true
1221,4784252,7,필라프 닭고기 Pilaf Chicken,"18,000원",18000,true
1222,4784252,8,버팔로윙 플레이트 Buffalo Wing Plate,"20,000원",20000,true
1223,4784252,9,커리 라이스 케밥 Curry Rice Chicken,"18,000원",18000,true
1224,4784252,10,닭고기 샐러드 Salad Chicken,"17,000원",17000,true
1225,4784252,11,양고기 케밥 Sauced Lavash Lamb,"15,900원",15900,true
1226,4784252,12,치즈 그릴 양고기 Cheese Grill Lamb,"19,000원",19000,true
1227,4784252,13,양고기 쉬시 케밥 Shish Kebab Lamb,"24,500원",24500,true
1228,4784252,14,양갈비 스테이크 Steak Pirzola Lamb,"27,000원",27000,true
1229,4784252,15,이스켄데르 양고기 Iskender Lamb,"25,000원",25000,true
1230,4784252,16,필라프 양고기 Pilaf Lamb,"19,000원",19000,true
1231,4784252,17,커리 라이스 양고기 Curry Rice Lamb,"19,000원",19000,true
1232,4784252,18,소고기 케밥 Sauced Lavash Beef,"16,900원",16900,true
1233,4784252,19,치즈 그릴 소고기 Cheese Grill Beef,"20,000원",20000,true
1234,4784252,20,아다나 랩 Adana wrap,"18,900원",18900,true
1235,4784252,21,아다나 스테이크 Adana Steak,"21,000원",21000,true
1236,4784252,22,코프테 소고기 Kofte Beef,"20,000원",20000,true
1237,4784252,23,이스켄데르 소고기 Iskender Beef,"26,000원",26000,true
1238,4784252,24,필라프 소고기 Pilaf Beef,"20,000원",20000,true
1239,4784252,25,커리 라이스 소고기 Curry Rice Beef,"20,000원",20000,true
1240,4784252,26,팔라펠 플레이트 Falafal Plate,"16,900원",16900,true
1241,4784252,27,팔라소피 후무스 팔라펠 Humus falafel,"17,800원",17800,true
1242,4784252,28,치즈 피데 Cheese Pide,"19,000원",19000,true
1243,4784252,29,올리브 치즈 피데 Olive Cheese Pide,"20,000원",20000,true
1244,4784252,30,카이막 플레인 피데 Kaymak Plain Pide,"19,900원",19900,true
1245,7939841,1,마르게리따부팔라,"20,900원",20900,true
1246,7939841,2,스텔라,"29,900원",29900,true
1247,7939841,3,라구파스타,"29,900원",29900,true
1248,7939841,4,랍스타 핏자,"55,900원",55900,true
1249,7939841,5,연어 핏자[R] 세계 1위 핏자,"28,900원",28900,true
1250,7939841,6,오'핏자,"22,900원",22900,true
1251,7939841,7,콰트로 풍기,"19,900원",19900,true
1252,7939841,8,콰트로 포르마지,"19,900원",19900,true
1253,7939841,9,빠따떼,"17,900원",17900,true
1254,7939841,10,마르게리따,"16,900원",16900,true
1255,7939841,11,나폴리 오'핏자,"24,900원",24900,true
1256,7939841,12,감베리 로제 크레마,"23,900원",23900,true
1257,7939841,13,까르보나라,"23,900원",23900,true
1258,7939841,14,알리오올리오,"19,900원",19900,true
1259,7939841,15,리코타 샐러드,"17,900원",17900,true
1260,7939841,16,해산물파스타,"24,900원",24900,true
1261,2330577,1,Meat Platter,"43,000원",43000,true
1262,2330577,2,Lamb and Sweet Potato,"30,000원",30000,true
1263,2330577,3,Surf and Turf,"41,000원",41000,true
1264,2330577,4,Spare Ribs,"28,000원",28000,true
1265,2330577,5,Banger Platter,"21,000원",21000,true
1266,2330577,6,Bunny Chow,"26,000원",26000,true
1267,2330577,7,Meat Pie,"14,500원",14500,true
1268,2330577,8,Malva Pudding,"7,000원",7000,true
1269,15634522,1,트리플 머쉬룸 솥밥 (런치메뉴),"20,000원",20000,true
1270,15634522,2,드라이에이징 스테이크,변동가격,,true
1271,15634522,3,버터 장조림 솥밥 (런치메뉴),"22,000원",22000,true
1272,15634522,4,휴135 솥밥 (런치메뉴),"17,000원",17000,true
1273,15634522,5,반건조 생선 솥밥 (런치메뉴),"23,000원",23000,true
1274,15634522,6,해산물 솥밥 (런치메뉴),"25,000원",25000,true
1275,8135346,1,클래식 라자냐,"19,800원",19800,true
1276,8135346,2,라비올리(이탈리안 만두),"21,900원",21900,true
1277,8135346,3,보스카올라,"19,800원",19800,true
1278,8135346,4,버섯 크림파스타(풍기 파스타),"19,800원",19800,true
1279,8135346,5,라디치오&고르곤졸라 파스타,"23,100원",23100,true
1280,8135346,6,타르투포(트러플 크림파스타),"24,100원",24100,true
1281,8135346,7,까르보나라(이탈리아식 오리지날 스타일),"28,500원",28500,true
1282,8135346,8,포르치니 풍기리조또(버섯),"22,900원",22900,true
1283,8135346,9,쉬림프 리조또(단호박&새우),"22,900원",22900,true
1284,8135346,10,만죠 스테이크,"40,000원",40000,true
1285,8135346,11,스칼로피네,"22,000원",22000,true
1286,27433089,1,런치 스페셜 코스(120g),"99,000원",99000,true
1287,27433089,2,런치 A코스 (2인이상주문),"39,000원",39000,true
1288,27433089,3,옥돔구이,"29,000원",29000,true
1289,27433089,4,런치 스페셜 코스(200g),"109,000원",109000,true
1290,27433089,5,런치 B코스(80g),"59,000원",59000,true
1291,27433089,6,런치 C코스(80g),"79,000원",79000,true
1292,27433089,7,런치 B코스(110g),"69,000원",69000,true
1293,27433089,8,런치 B코스(140g),"79,000원",79000,true
1294,27433089,9,런치 C코스(110g),"89,000원",89000,true
1295,27433089,10,런치 C코스(140g),"99,000원",99000,true
1296,27433089,11,시그니처 코스(140g),"189,000원",189000,true
1297,27433089,12,A코스(90g),"109,000원",109000,true
1298,27433089,13,A코스(120g),"119,000원",119000,true
1299,27433089,14,A코스(150g),"129,000원",129000,true
1300,27433089,15,B코스(90g),"129,000원",129000,true
1301,27433089,16,B코스(120g),"139,000원",139000,true
1302,27433089,17,B코스(150g),"149,000원",149000,true
1303,27433089,18,C코스(130g),"159,000원",159000,true
1304,27433089,19,C코스(160g),"169,000원",169000,true
1305,27433089,20,1++비장탄 숙성 한우 등심(130g),"69,000원",69000,true
1306,27433089,21,1++비장탄 숙성 한우 안심(130g),"69,000원",69000,true
1307,27433089,22,1++비장탄 숙성 한우 새우살(120g),"79,000원",79000,true
1308,27433089,23,고우가 생트러플 한우육회(170g),"45,000원",45000,true
1309,27433089,24,"도미,성게알(8pcs)","25,000원",25000,true
1310,27433089,25,한우 크로와상(2pcs),"15,000원",15000,true
1311,27433089,26,한우 크로와상(4pcs),"30,000원",30000,true
1312,27433089,27,한우 미역국(2인기준),"18,000원",18000,true
1313,27433089,28,한우 김치볶음솥밥(2인기준),"25,000원",25000,true
1314,1800094,1,고기왕만두(4개),"5,500원",5500,true
1315,1800094,2,김치왕만두(4개),"5,500원",5500,true
1316,1800094,3,손칼국수,"7,000원",7000,true
1317,1800094,4,물냉면(계절메뉴),"9,000원",9000,true
1318,4105590,1,취학아동,"105,000원",105000,true
1319,4105590,2,미취학아동,"35,000원",35000,true
1320,4105590,3,평일런치,"60,000원",60000,true
1321,4105590,4,평일디너,"105,000원",105000,true
1322,4105590,5,주말/공휴일,"105,000원",105000,true
1323,13875612,1,회냉면,"13,000원",13000,true
1324,13875612,2,갈비찜 (대),"82,000원",82000,true
1325,13875612,3,비빔냉면,"12,000원",12000,true
1326,13875612,4,갈비탕,"16,000원",16000,true
1327,13875612,5,만두국,"11,000원",11000,true
1328,13875612,6,찐만두,"10,000원",10000,true
1329,13875612,7,갈비찜 (중),"67,000원",67000,true
1330,13875612,8,갈비찜 (소),"52,000원",52000,true
1331,13875612,9,수육,"40,000원",40000,true
1332,13875612,10,수육 (반접시),"25,000원",25000,true
1333,13875612,11,물냉면,"12,000원",12000,true
1334,13875612,12,갈비탕 (특),"19,000원",19000,true
1335,13875612,13,찐만두 (반접시),"6,000원",6000,true
1336,13875612,14,홍어회,"40,000원",40000,true
1337,13875612,15,홍어회 (반접시),"25,000원",25000,true
1338,2248137,1,닭한마리,"33,000원",33000,true
1339,2248137,2,세트A(2인),"37,000원",37000,true
1340,2248137,3,세트B(3인),"55,000원",55000,true
1341,2248137,4,세트C(4인),"69,000원",69000,true
1342,1174970,1,꽃게탕(소),"90,000원",90000,true
1343,1174970,2,꽃게찜,"85,000원",85000,true
1344,1174970,3,꽃게범벅,"93,000원",93000,true
1345,1174970,4,꽃게탕 (대),"110,000원",110000,true
1346,1648952,1,[NEW] 열무칼비빔면,"12,500원",12500,true
1347,1648952,2,[NEW] 열무돈불백비빔밥,"13,500원",13500,true
1348,1648952,3,[시그니처] 본죽장조림버터비빔밥,"13,500원",13500,true
1349,1648952,4,불고기낙지비빔밥 (불낙),"15,000원",15000,true
1350,1648952,5,쇠고기듬뿍야채죽(소고기1.5배),"15,500원",15500,true
1351,1648952,6,전복죽 （보양）,"14,500원",14500,true
1352,1648952,7,낙지김치비빔밥,"14,000원",14000,true
1353,1648952,8,신짬뽕비빔밥,"14,000원",14000,true
1354,1648952,9,전복내장해물비빔밥,"17,000원",17000,true
1355,1648952,10,참치야채비빔밥,"13,000원",13000,true
1356,1648952,11,소불고기나물비빔밥,"14,500원",14500,true
1357,1648952,12,6가지나물비빔밥,"12,000원",12000,true
1358,1648952,13,제육볶음나물비빔밥,"13,000원",13000,true
1359,1648952,14,해물된장뚝배기,"13,000원",13000,true
1360,1648952,15,뚝배기제육볶음,"13,000원",13000,true
1361,1648952,16,콩비지뚝배기,"13,000원",13000,true
1362,1648952,17,소불고기버섯뚝배기,"13,500원",13500,true
1363,1648952,18,쇠고기야채죽,"13,500원",13500,true
1364,1648952,19,쇠고기듬뿍버섯죽(소고기1.5배),"14,500원",14500,true
1365,1648952,20,쇠고기버섯죽,"12,500원",12500,true
1366,1648952,21,새우죽,"12,000원",12000,true
1367,1648952,22,특새우죽 （새우 2배）,"15,000원",15000,true
1368,1648952,23,해물죽,"13,500원",13500,true
1369,1648952,24,특해물죽 （해물 2배）,"16,500원",16500,true
1370,1648952,25,통영굴버섯죽,"12,000원",12000,true
1371,1648952,26,특통영굴버섯죽 （굴 2배）,"15,000원",15000,true
1372,1648952,27,7가지야채죽,"11,500원",11500,true
1373,1648952,28,참치야채죽,"12,500원",12500,true
1374,1648952,29,흰죽,"7,500원",7500,true
1375,1648952,30,진전복죽 （전복 2배）,"18,500원",18500,true
1376,9598657,1,양파스프,"13,000원",13000,true
1377,9598657,2,드라이 햄으로 구성된 샤퀴테리 보드,"48,000원",48000,true
1378,9598657,3,에스카르고 샐러드,"18,000원",18000,true
1379,9598657,4,"Andouillette, frites","28,000원",28000,true
1380,9598657,5,"Saucisses au parmesan, pates maison","28,000원",28000,true
1381,9598657,6,꼬꼬뱅,"29,000원",29000,true
1382,9598657,7,건자두 삼겹살과 감자퓨레,"28,000원",28000,true
1383,33405187,1,모듬꼬치,"34,000원",34000,true
1384,33405187,2,모듬숙성회 2인,"48,000원",48000,true
1385,33405187,3,차돌떡볶이,"29,000원",29000,true
1386,33405187,4,스끼야끼,"33,000원",33000,true
1387,33405187,5,나가사끼 짬뽕탕,"29,000원",29000,true
1388,33405187,6,통골벵이탕,"36,000원",36000,true
1389,33405187,7,부산어묵탕,"29,000원",29000,true
1390,33405187,8,곱창전골,"33,000원",33000,true
1391,33405187,9,조개탕,"28,000원",28000,true
1392,33405187,10,치명적인감자전,"25,000원",25000,true
1393,33405187,11,명란계란말이,"18,000원",18000,true
1394,33405187,12,메로구이,"28,000원",28000,true
1395,33405187,13,아보카도명란구이,"26,000원",26000,true
1396,33405187,14,모듬초밥(8ps),"19,000원",19000,true
1397,33405187,15,차돌숙주볶음,"29,000원",29000,true
1398,33405187,16,우니단새우,"35,000원",35000,true
1399,10133954,1,스테이크 무한리필,"39,900원",39900,true
1400,10133954,2,스테이크세트 (무제한) (점심),"39,900원",39900,true
1401,3922438,1,돌솥비빔밥,"14,000원",14000,true
1402,3922438,2,한우광양불고기,"32,000원",32000,true
1403,3922438,3,매콤제육볶음,"16,000원",16000,true
1404,3922438,4,한우육회비빔밥,"22,000원",22000,true
1405,3922438,5,전주비빔밥,"14,000원",14000,true
1406,3922438,6,뚝배기김치찌개,"15,000원",15000,true
1407,3922438,7,차돌된장찌개,"15,000원",15000,true
1408,3922438,8,"물냉면, 비빔냉면","13,000원",13000,true
1409,3922438,9,회냉면,"18,000원",18000,true
1410,2693506,1,무궁화의 봄(점심메뉴),"200,000원",200000,true
1411,2693506,2,금강(점심메뉴),"190,000원",190000,true
1412,2693506,3,태백(점심메뉴),"210,000원",210000,true
1413,2693506,4,백록(점심메뉴),"260,000원",260000,true
1414,2693506,5,무궁화(저녁메뉴),"350,000원",350000,true
1415,2693506,6,채식코스(채식메뉴),"210,000원",210000,true
1416,2693506,7,금강(저녁메뉴),"190,000원",190000,true
1417,2693506,8,태백(저녁메뉴),"210,000원",210000,true
1418,2693506,9,백록(저녁메뉴),"260,000원",260000,true
1419,8936196,1,꽃게간장게장(1인분),"23,000원",23000,true
1420,8936196,2,참게간장게장(1인분),"12,000원",12000,true
1421,8936196,3,굴매생이국(1인분),"9,000원",9000,true
1422,8936196,4,김치찌개(1인분),"6,000원",6000,true
1423,8936196,5,순두부찌개(1인분),"5,000원",5000,true
1424,12250577,1,육회낙지탕탕이,"38,000원",38000,true
1425,12250577,2,육회비빔밥(보통),"11,000원",11000,true
1426,12250577,3,육회,"23,000원",23000,true
1427,12250577,4,육회물회,"40,000원",40000,true
1428,12250577,5,산낙지탕탕이,"16,000원",16000,true
1429,12250577,6,육사시미,"40,000원",40000,true
1430,12250577,7,육회비빔밥(특),"16,000원",16000,true
1431,12250577,8,"간,천엽","12,000원",12000,true
1432,6787551,1,파리지앵,"30,500원",30500,true
1433,6787551,2,마르게리따 부팔라,변동가격,,true
1434,6787551,3,마르게리따,"26,000원",26000,true
1435,6787551,4,바실리코 부라타,"30,500원",30500,true
1436,6787551,5,꼬또에 치폴라,"29,000원",29000,true
1437,6787551,6,풍기비앙코,"28,000원",28000,true
1438,6787551,7,루꼴라,"28,000원",28000,true
1439,6787551,8,루꼴라 에 프로슈토,"30,500원",30500,true
1440,6787551,9,디아볼라,"28,000원",28000,true
1441,6787551,10,프로슈토 크루도,"29,000원",29000,true
1442,6787551,11,고르곤졸라,"28,000원",28000,true
1443,6787551,12,풍기크레마,"20,000원",20000,true
1444,6787551,13,아마트리치아나,"20,000원",20000,true
1445,6787551,14,바실페스토 크레마,"20,000원",20000,true
1446,6787551,15,부라타 카프레제,"20,000원",20000,true
1447,6787551,16,엔초비 버터,"21,000원",21000,true
1448,6787551,17,블랙 트러플 딸리아텔레,"26,000원",26000,true
1449,6787551,18,엔초비 오일,"20,000원",20000,true
1450,6787551,19,Pizza Carbonara,"29,000원",29000,true
1451,23793660,1,조식(성인),"64,000원",64000,true
1452,23793660,2,조식(소인),"41,000원",41000,true
1453,23793660,3,런치(월-금)(성인),"109,000원",109000,true
1454,23793660,4,런치(월-금)(소인),"55,000원",55000,true
1455,23793660,5,런치(토-일/공휴일)(성인),"159,000원",159000,true
1456,23793660,6,런치(토-일/공휴일)(소인),"78,000원",78000,true
1457,23793660,7,디너(월-금)(성인),"145,000원",145000,true
1458,23793660,8,디너(월-금)(소인),"73,000원",73000,true
1459,23793660,9,디너(토-일/공휴일)(성인),"159,000원",159000,true
1460,23793660,10,디너(토-일/공휴일)(소인),"78,000원",78000,true
1461,12357290,1,치킨 버터 마살라,"13,000원",13000,true
1462,12357290,2,A 런치세트,"13,000원",13000,true
1463,12357290,3,팔락 파니르,"14,000원",14000,true
1464,12357290,4,사모사,"6,000원",6000,true
1465,12357290,5,에베레스트커리월드 4인세트,"86,000원",86000,true
1466,12357290,6,인디안탈리세트,"20,000원",20000,true
1467,12357290,7,탄두리 치킨 FULL,"22,000원",22000,true
1468,12357290,8,굴랍자문,"5,000원",5000,true
1469,12357290,9,네팔리 탈리세트,"14,000원",14000,true
1470,12357290,10,플래인 라씨,"4,000원",4000,true
1471,12357290,11,치킨짜우면,"10,000원",10000,true
1472,12357290,12,머턴 브리야니,"12,000원",12000,true
1473,12357290,13,베지프라이 라이스,"10,000원",10000,true
1474,12357290,14,베지터블 브리야니,"12,000원",12000,true
1475,12357290,15,치킨 브리야니,"12,000원",12000,true
1476,12357290,16,가자세트,"20,000원",20000,true
1477,12357290,17,머턴 그레비,"18,000원",18000,true
1478,12357290,18,치킨 그레비,"15,000원",15000,true
1479,12357290,19,치킨 프라이드,"12,000원",12000,true
1480,12357290,20,수쿠티,"12,000원",12000,true
1481,12357290,21,알루 스쿠티,"12,000원",12000,true
1482,12357290,22,부토와,"12,000원",12000,true
1483,12357290,23,팡그라 후라이드,"12,000원",12000,true
1484,12357290,24,치킨 칠리,"13,000원",13000,true
1485,12357290,25,차나 마살라,"13,000원",13000,true
1486,12357290,26,카다히 파니르,"13,000원",13000,true
1487,12357290,27,파니르 머터,"13,000원",13000,true
1488,12357290,28,믹스 베지,"12,000원",12000,true
1489,12357290,29,달 마카니,"12,000원",12000,true
1490,12357290,30,달 프라이,"12,000원",12000,true
1491,12357290,31,알루 머터,"12,000원",12000,true
1492,12357290,32,치킨 마카니,"13,000원",13000,true
1493,12357290,33,카다히 치킨,"13,000원",13000,true
1494,12357290,34,치킨 사그와라,"14,000원",14000,true
1495,12357290,35,로컬치킨커리,"14,000원",14000,true
1496,12357290,36,머턴 마카니,"13,000원",13000,true
1497,12357290,37,머턴 마살라,"13,000원",13000,true
1498,12357290,38,머턴 도 피아자,"13,000원",13000,true
1499,12357290,39,머턴 사그와라,"14,000원",14000,true
1500,12357290,40,머턴 빈달루,"15,000원",15000,true
1501,26286777,1,2025 겨울 런치코스,"65,000원",65000,true
1502,26286777,2,2025 겨울 디너 코스,"98,000원",98000,true
1503,7748357,1,왕만두,"9,000원",9000,true
1504,7748357,2,만두전골 (2인이상),"10,000원",10000,true
1505,7748357,3,명동칼국수,"9,000원",9000,true
1506,7748357,4,추어탕,"10,000원",10000,true
1507,7748357,5,만두국,"9,000원",9000,true
1508,7748357,6,떡국,"9,000원",9000,true
1509,7748357,7,떡만두국,"9,000원",9000,true
1510,6352912,1,서래 달팽이,"25,000원",25000,true
1511,6352912,2,SOIGNE Lunch,"240,000원",240000,true
1512,6352912,3,SOINGE Dinner,"380,000원",380000,true
1513,13906644,1,(점심)김치찜,"10,000원",10000,true
1514,13906644,2,개성보쌈(소),"29,000원",29000,true
1515,13906644,3,부추전,"13,000원",13000,true
1516,13906644,4,낙지볶음(소)(소면별도),"29,000원",29000,true
1517,13906644,5,불고기떡볶음,"24,000원",24000,true
1518,13906644,6,(점심)소고기순두부국,"10,000원",10000,true
1519,13906644,7,백골뱅이무침 (소면별도),"23,000원",23000,true
1520,13906644,8,퇴근한상,"39,000원",39000,true
1521,13906644,9,2인한상,"46,000원",46000,true
1522,13906644,10,3인한상,"71,000원",71000,true
1523,13906644,11,4인한상,"87,000원",87000,true
1524,13906644,12,너무한상,"108,000원",108000,true
1525,13906644,13,명란구이,"20,000원",20000,true
1526,13906644,14,순두부술국,"11,000원",11000,true
1527,13906644,15,재첩국,"12,000원",12000,true
1528,13906644,16,비빔밥그릇,"3,000원",3000,true
1529,8986931,1,생삼겹살,"17,000원",17000,true
1530,8986931,2,특목살,"17,000원",17000,true
1531,8986931,3,오겹살,"17,000원",17000,true
1532,8986931,4,생갈비,"17,000원",17000,true
1533,8986931,5,갈매기살,"17,000원",17000,true
1534,8986931,6,가브리살,"17,000원",17000,true
1535,8986931,7,항정살,"18,000원",18000,true
1536,8986931,8,모둠한판(600g),"49,000원",49000,true
1537,8986931,9,특별한판(600g),"68,000원",68000,true
1538,8986931,10,1.5人세트,"34,000원",34000,true
1539,8986931,11,2人세트,"46,000원",46000,true
1540,8986931,12,고기세트,"25,000원",25000,true
1541,8986931,13,한돈김치찌개,"7,000원",7000,true
1542,8986931,14,한돈고추장찌개,"7,000원",7000,true
1543,8986931,15,우삼겹된장찌개,"7,000원",7000,true
1544,8986931,16,도시락 김치볶음밥,"5,000원",5000,true
1545,8986931,17,공기밥,"1,000원",1000,false
1546,8986931,18,물냉면,"6,000원",6000,true
1547,8986931,19,코다리회냉면,"7,000원",7000,true
1548,8986931,20,콜라,"2,000원",2000,false
1549,8986931,21,사이다,"2,000원",2000,false
1550,8986931,22,환타(오렌지),"2,000원",2000,true
1551,8986931,23,환타(파인),"2,000원",2000,true
1552,8986931,24,제로사이다,"2,000원",2000,false
1553,8986931,25,펩시제로,"2,000원",2000,true
1554,15618168,1,평일점심식사김치찜,"11,000원",11000,true
1555,15618168,2,돼지갈비찜(소),"32,000원",32000,true
1556,15618168,3,대파전,"16,000원",16000,true
1557,15618168,4,김치찜(중),"36,000원",36000,true
1558,15618168,5,김치찜 (소),"24,000원",24000,true
1559,15618168,6,낙지볶음(소),"32,000원",32000,true
1560,15618168,7,뚝배기계란탕,"8,000원",8000,true
1561,15618168,8,김치찜2인한상,"45,000원",45000,true
1562,15618168,9,돼지갈비2인한상,"53,000원",53000,true
1563,15618168,10,3인한상,"76,000원",76000,true
1564,15618168,11,귀빈한상(5인~7인),"134,000원",134000,true
1565,15618168,12,4인한상,"102,000원",102000,true
1566,15618168,13,돼지갈비찜(중),"46,000원",46000,true
1567,15618168,14,낙지볶음 (중),"45,000원",45000,true
1568,15618168,15,계란말이,"13,000원",13000,true
1569,15618168,16,순대야채볶음,"16,000원",16000,true
1570,15618168,17,순대튀김,"15,000원",15000,true
1571,15618168,18,비빔밥그릇,"2,000원",2000,true
1572,15618168,19,데친두부한모,"6,000원",6000,true
1573,2635690,1,닭한마리(2인분),"33,000원",33000,true
1574,2635690,2,닭한마리(3인분),"50,000원",50000,true
1575,2635690,3,닭한마리(4인분),"66,000원",66000,true
1576,8489196,1,치아바타샌드위치,"10,500원",10500,true
1577,8489196,2,샌프란시스코라떼,"6,800원",6800,true
1578,8489196,3,모카라떼,"6,000원",6000,true
1579,8489196,4,벨지안핫초코,"6,000원",6000,true
1580,8489196,5,블루크림소다,"6,500원",6500,true
1581,8489196,6,리얼자몽에이드,"6,800원",6800,true
1582,8489196,7,하이볼,변동가격,,true
1583,8489196,8,론드리하우스 크로플,"11,000원",11000,true
1584,4075310,1,후토마키,"90,000원",90000,true
1585,4075310,2,5종전체,"40,000원",40000,true
1586,4075310,3,무즙소스를 곁들인 두부튀김,"43,000원",43000,true
1587,4075310,4,"전복,토마토샐러드","50,000원",50000,true
1588,4075310,5,제철모둠생선회7종,"150,000원",150000,true
1589,4075310,6,도로생선회,"320,000원",320000,true
1590,13484717,1,튀김족발(앞다리),"49,000원",49000,true
1591,13484717,2,튀김족발(뒷다리),"43,000원",43000,true
1592,13484717,3,대두족발(대),"42,000원",42000,true
1593,13484717,4,대두족발(중),"38,000원",38000,true
1594,13484717,5,반반족발(대),"45,000원",45000,true
1595,13484717,6,반반족발(중),"41,000원",41000,true
1596,13484717,7,마늘족발(대),"45,000원",45000,true
1597,13484717,8,마늘족발(중),"41,000원",41000,true
1598,13484717,9,매운족발(대),"45,000원",45000,true
1599,13484717,10,매운족발(중),"41,000원",41000,true
1600,13484717,11,담백한 튀김족발(대),"45,000원",45000,true
1601,13484717,12,담백한 튀김족발(중),"41,000원",41000,true
1602,13484717,13,담백한 튀김+매운맛 반반(대),"45,000원",45000,true
1603,13484717,14,담백한 튀김+매운맛 반반(중),"41,000원",41000,true
1604,13484717,15,보쌈(대),"42,000원",42000,true
1605,13484717,16,보쌈(중),"38,000원",38000,true
1606,13484717,17,불향보쌈(대),"45,000원",45000,true
1607,13484717,18,불향보쌈(중),"41,000원",41000,true
1608,13484717,19,족발+보쌈 반반(대),"59,000원",59000,true
1609,13484717,20,족발+보쌈 반반(중),"49,000원",49000,true
1610,8024262,1,샤오롱바오(10),"15,000원",15000,true
1611,4139307,1,함흥냉면,"15,000원",15000,true
1612,4139307,2,갈비탕,"16,000원",16000,true
1613,4139307,3,차돌된장찌개,"17,000원",17000,true
1614,4139307,4,돌솥비빔밥,"17,000원",17000,true
1615,4139307,5,육개장,"17,000원",17000,true
1616,4139307,6,광양식 한우 구이 (130g),"55,000원",55000,true
1617,4139307,7,한우 생등심 (130g),"70,000원",70000,true
1618,4139307,8,한우 꽃등심 (130g),"75,000원",75000,true
1619,4139307,9,한우 꽃살 (130g),"80,000원",80000,true
1620,4139307,10,한우 안심 (130g),"80,000원",80000,true
1621,4139307,11,한우 안심 샤토브리앙 (130g),"90,000원",90000,true
1622,4139307,12,생갈비 (170g),"53,000원",53000,true
1623,4139307,13,양념갈비 (200g),"53,000원",53000,true
1624,4139307,14,한우생불고기 (주말세트),"35,000원",35000,true
1625,4139307,15,한우1++국수전골,"36,000원",36000,true
1626,4139307,16,양념갈비 정식 (점심특선),"57,000원",57000,true
1627,4139307,17,생갈비 정식 (점심특선),"57,000원",57000,true
1628,4139307,18,한우생불고기 정식 (점심특선),"33,000원",33000,true
1629,4139307,19,영양갈비찜 한정식 (점심특선),"40,000원",40000,true
1630,4139307,20,경복궁 한정식 (점심특선),"49,000원",49000,true
1631,24116806,1,용왕님 스페셜 (2인 이상 주문),"280,000원",280000,true
1632,24116806,2,만세하는 랍스타 코스(2인 이상 주문),"148,000원",148000,true
1633,24116806,3,해천탕 스페셜(3 ~ 4인),"320,000원",320000,true
1634,24116806,4,랍스터 해물 갈비찜 (2인이상 주문가능),"138,000원",138000,true
1635,24116806,5,별주부전 이야기(2인이상 주문가능),"118,000원",118000,true
1636,24116806,6,생문어 해천탕 (2인 이상 주문),"82,000원",82000,true
1637,24116806,7,트러플 랍스터 버터그릴(2인분),"138,000원",138000,true
1638,24116806,8,해갈탕(2인 이상 주문),"68,000원",68000,true
1639,24116806,9,한우 육회 탕탕이,"52,000원",52000,true
1640,24116806,10,성게알 전복문어 물회,"80,000원",80000,true
1641,8677934,1,평일 점심 (성인),"58,000원",58000,true
1642,8677934,2,평일 저녁/주말/공휴일 (성인),"78,000원",78000,true
1643,9222294,1,소보로빵,,,true
1644,9222294,2,호두 연유 바게트,,,true
1645,9222294,3,후레쉬 크림빵,,,true
1646,9222294,4,사르르 우유크림빵,,,true
1647,9222294,5,뚜레1번가 햄치즈 토스트,,,true
1648,9222294,6,데일리 치아바타,,,true
1649,9222294,7,씨앗가득 고소함이 찰떡,,,true
1650,9222294,8,남해마늘로 만든 마늘 치킨 고로케,,,true
1651,9222294,9,까망쿠키 속 리얼말차 크림빵,,,true
1652,9222294,10,겹겹이 말차 퐁당,,,true
1653,9222294,11,라구 소시지 피자빵,,,true
1654,9222294,12,데일리 블루베리 베이글,,,true
1655,9222294,13,데일리 월넛 베이글,,,true
1656,9222294,14,뚜쥬맘 계란 토스트,,,true
1657,9222294,15,바삭 몬테크리스토,,,true
1658,9222294,16,바삭 연유 콘치즈,,,true
1659,9222294,17,아침엔 보리쌀롤,,,true
1660,9222294,18,착한빵식 통밀식빵,,,true
1661,9222294,19,참치콘마요 브레드,,,true
1662,9222294,20,촉촉 쫄깃 탕종식빵,,,true
1663,3616557,1,국화정식,"160,000원",160000,true
1664,3616557,2,매화정식,"220,000원",220000,true
1665,3616557,3,수라정식,"280,000원",280000,true
1666,3616557,4,미정식,"66,000원",66000,true
1667,3616557,5,죽정식,"120,000원",120000,true
1668,1892430,1,회냉면,"14,000원",14000,true
1669,1892430,2,비빔냉면,"13,000원",13000,true
1670,1892430,3,물냉면,"13,000원",13000,true
1671,1892430,4,손만두,"11,000원",11000,true
1672,1892430,5,손만두2알,"3,800원",3800,true
1673,1892430,6,떡만두국,"12,000원",12000,true
1674,1892430,7,홍어회,"30,000원",30000,true
1675,12804774,1,해산물 플래터,,,true
1676,12804774,2,"샤퀴테리 플래터,리예트와 빠떼",,,true
1677,12804774,3,블랙트러플을 곁들인 모던 크로크무슈,,,true
1678,12804774,4,구운 까망베르,,,true
1679,12804774,5,"절인 햄 이베리코 데 베요타 ,토마토 빵",,,true
1680,12804774,6,과일타르트,,,true
1681,12804774,7,라즈베리 에끌레어,,,true
1682,12804774,8,올드패션드,,,true
1683,12804774,9,패션후르츠,,,true
1684,12804774,10,계절과일,,,true
1685,12804774,11,튀김,,,true
1686,12804774,12,트러플감자튀김,,,true
1687,12804774,13,치즈플래터,,,true
1688,4077783,1,매생이생굴전,"25,000원",25000,true
1689,4077783,2,자연식순두부,"14,000원",14000,true
1690,4077783,3,뚝배기순두부,"14,000원",14000,true
1691,4077783,4,두부제육,"45,000원",45000,true
1692,4077783,5,백년 생두부/부침 (대),"15,000원",15000,true
1693,4077783,6,백년 생두부/부침(소),"11,000원",11000,true
1694,4077783,7,순 녹두전,"22,000원",22000,true
1695,4077783,8,순 도토리묵,"22,000원",22000,true
1696,4077783,9,야채두부비빔밥,"13,000원",13000,true
1697,4077783,10,해물파전,"25,000원",25000,true
1698,4077783,11,황호박전,"20,000원",20000,true
1699,4077783,12,팥칼국수,"14,000원",14000,true
1700,4077783,13,동지팥죽,"14,000원",14000,true
1701,4077783,14,백년 검정두부/부침 (대),"16,000원",16000,true
1702,4077783,15,백년 검정두부/부침 (소),"12,000원",12000,true
1703,4077783,16,두부전골(소),"35,000원",35000,true
1704,4077783,17,양파오리훈제(소),"38,000원",38000,true
1705,4077783,18,콩비지찌개,"14,000원",14000,true
1706,4077783,19,들깨순두부,"14,000원",14000,true
1707,4077783,20,냉콩국수(여름메뉴),"15,000원",15000,true
1708,4077783,21,이북식시레기되비지,"14,000원",14000,true
1709,4077783,22,두부전골(대),"45,000원",45000,true
1710,4077783,23,양파오리훈제(대),"50,000원",50000,true
1711,4077783,24,고등어구이,"17,000원",17000,true
1712,16656314,1,김치찜(소),"24,000원",24000,true
1713,16656314,2,종로보쌈(소),"30,000원",30000,true
1714,16656314,3,부추전,"15,000원",15000,true
1715,16656314,4,평일점심김치찜정식(2인이상),"12,000원",12000,true
1716,16656314,5,맛보기 보쌈,"13,000원",13000,true
1717,16656314,6,미니흑임자고기튀김(점심메뉴),"8,000원",8000,true
1718,16656314,7,낙지볶음(소),"29,000원",29000,true
1719,16656314,8,명란구이,"25,000원",25000,true
1720,16656314,9,흑임자고기튀김,"22,000원",22000,true
1721,16656314,10,술국,"15,000원",15000,true
1722,16656314,11,백골뱅이무침,"28,000원",28000,true
1723,16656314,12,메밀전병튀김,"15,000원",15000,true
1724,16656314,13,새우백합술찜,"25,000원",25000,true
1725,16656314,14,2인한상,"49,000원",49000,true
1726,16656314,15,3인한상,"72,000원",72000,true
1727,16656314,16,4인한상,"108,000원",108000,true
1728,16656314,17,퇴근한상,"44,000원",44000,true
1729,16656314,18,귀빈한상(3인~5인),"115,000원",115000,true
1730,16656314,19,심각한상(5인~7인),"154,000원",154000,true
1731,16656314,20,종로보쌈(중),"39,000원",39000,true
1732,16656314,21,김치찜(중),"32,000원",32000,true
1733,16656314,22,낙지볶음(중),"38,000원",38000,true
1734,27118065,1,캘리포니아롤+튀김 (비건채식),"13,000원",13000,true
1735,27118065,2,누룽지버섯탕수 (비건채식),"24,000원",24000,true
1736,27118065,3,후라이드 콩치킨 (비건채식),"13,000원",13000,true
1737,27118065,4,비빔밥 (비건채식),"11,000원",11000,true
1738,27118065,5,떡만두국 (비건채식),"10,000원",10000,true
1739,27118065,6,메밀비빔국수 (비건채식),"9,000원",9000,true
1740,27118065,7,김치퀘사디아 (비건채식),"11,000원",11000,true
1741,27118065,8,칠리새우 (비건채식),"22,000원",22000,true
1742,27118065,9,새우탕수 (비건채식),"22,000원",22000,true
1743,27118065,10,튀김만두 (비건채식),"12,000원",12000,true
1744,27118065,11,카레후라이드 콩치킨 (비건채식),"13,000원",13000,true
1745,27118065,12,양념 콩치킨 (비건채식),"14,000원",14000,true
1746,27118065,13,불고기 덮밥 (비건채식),"11,000원",11000,true
1747,27118065,14,떡볶이 (비건채식),"9,000원",9000,true
1748,27118065,15,비건참치김치볶음밥 (비건채식),"12,000원",12000,true
1749,27118065,16,메밀물국수 (봄여름메뉴) (비건채식),"10,000원",10000,true
1750,27118065,17,잡채 정식,"15,000원",15000,true
1751,27118065,18,콩불 건강 쌈정식,"15,000원",15000,true
1752,27118065,19,공기밥,"1,000원",1000,false
1753,27118065,20,비건계란,"2,000원",2000,true
1754,34275110,1,흑돼지 숯불 양념구이 한접시(500g),"49,500원",49500,true
1755,34275110,2,영춘 모둠 숯불구이(700g),"83,000원",83000,true
1756,34275110,3,함평 들기름 국수,"7,900원",7900,true
1757,34275110,4,흑돼지 듬뿍 치즈 볶음밥(2인 분량),"11,000원",11000,true
1758,34275110,5,통항정 숯불구이(150g),"19,900원",19900,true
1759,34275110,6,숯불 깍둑 한우육회(100g),"19,000원",19000,true
1760,34275110,7,매콤동치미 국수,"6,900원",6900,true
1761,34275110,8,흑돼지 매운 라면,"6,900원",6900,true
1762,34275110,9,흑돼지 숯불 떡갈비 정식(400g 2인),"30,000원",30000,true
1763,1485848,1,수제비,"10,000원",10000,true
1764,1485848,2,감자전,"12,000원",12000,true
1765,1485848,3,찹쌀새알옹심이,"14,000원",14000,true
1766,1485848,4,파전,"17,000원",17000,true
1767,1485848,5,녹두전,"17,000원",17000,true
1768,1485848,6,쭈꾸미,"23,000원",23000,true
1769,27936979,1,뿌팟퐁커리,"30,000원",30000,true
1770,27936979,2,팟카파오 무끄럽,"25,000원",25000,true
1771,27936979,3,꿍팟퐁커리,"28,000원",28000,true
1772,27936979,4,똠얌꿍,"27,000원",27000,true
1773,27936979,5,똠얌 탈레,"30,000원",30000,true
1774,27936979,6,깽끼오완,"20,000원",20000,true
1775,27936979,7,똠카카이,"20,000원",20000,true
1776,27936979,8,똠쯧,"25,000원",25000,true
1777,27936979,9,꾸어이띠여우 똠얌탈레,"15,500원",15500,true
1778,27936979,10,꾸어이띠여우 똠얌탈레(평일점심),"13,500원",13500,true
1779,27936979,11,꾸어이띠여우 느아,"13,500원",13500,true
1780,27936979,12,꾸어이띠여우 느아(평일점심),"12,000원",12000,true
1781,27936979,13,꾸어이띠여우 무,"15,000원",15000,true
1782,27936979,14,꾸어이띠여우 무(평일점심),"12,500원",12500,true
1783,27936979,15,꾸어이띠여우 카무,"15,500원",15500,true
1784,27936979,16,꾸어이띠여우 카무(평일점심),"13,500원",13500,true
1785,27936979,17,팟타이,"16,000원",16000,true
1786,27936979,18,랏나,"17,000원",17000,true
1787,27936979,19,팟씨유,"16,000원",16000,true
1788,27936979,20,팟팍루엄,"17,000원",17000,true
1789,27936979,21,까이팟 맷 마무엉,"20,000원",20000,true
1790,27936979,22,팟팍붕(모닝글로리),"17,000원",17000,true
1791,27936979,23,팟카나 무끄럽,"25,000원",25000,true
1792,27936979,24,돼지고기조림,"23,000원",23000,true
1793,27936979,25,카오카무,"18,000원",18000,true
1794,27936979,26,팟카파오 무쌉,"16,000원",16000,true
1795,27936979,27,팟카파오 무끄럽(Rice),"18,000원",18000,true
1796,27936979,28,팟카나 무끄럽(Rice),"18,000원",18000,true
1797,27936979,29,카오팟 까이,"14,000원",14000,true
1798,27936979,30,카오팟 까이(평일점심),"12,000원",12000,true
1799,27936979,31,카오팟 사파롯,"16,000원",16000,true
1800,27936979,32,카오팟 사파롯(평일점심),"14,000원",14000,true
1801,27936979,33,카오팟 꿍,"15,000원",15000,true
1802,27936979,34,카오팟 탈레,"17,000원",17000,true
1803,27936979,35,얌운센,"16,500원",16500,true
1804,27936979,36,얌루암밋,"18,000원",18000,true
1805,27936979,37,남똑무,"20,000원",20000,true
1806,7748536,1,누룽지 빼쉐 파스타,"33,500원",33500,true
1807,7748536,2,부라타 깔조네 피자,"29,900원",29900,true
1808,7748536,3,관자알리오올리오,"25,000원",25000,true
1809,7748536,4,[평일런치] 파스타 1인,"25,000원",25000,true
1810,7748536,5,[평일런치] 2인~4인세트,변동가격,,true
1811,7748536,6,어반가든 전메뉴 홈페이지 확인가능,변동가격,,true
1812,7748536,7,어반가든파스타,"23,900원",23900,true
1813,7748536,8,쉬림프 명란 로제파스타,"25,000원",25000,true
1814,7748536,9,"해산물 파스타(오일,크림,토마토)","26,500원",26500,true
1815,7748536,10,트러플 풍기 파스타,"25,000원",25000,true
1816,7748536,11,치킨 할라피뇨 리조또,"25,000원",25000,true
1817,7748536,12,비프함박스테이크,"42,000원",42000,true
1818,7748536,13,훈연 꽃등심 스테이크(350g),"69,000원",69000,true
1819,7748536,14,어반가든 피자,"28,500원",28500,true
1820,7748536,15,가든 크림치즈 피자,"28,000원",28000,true
1821,7748536,16,샥슈카 살라미 피자,"27,000원",27000,true
1822,7748536,17,어반가든 샐러드,"16,000원",16000,true
1823,7748536,18,알배추 시저 샐러드,"24,500원",24500,true
1824,7748536,19,커플 세트 (2인),변동가격,,true
1825,7748536,20,패밀리세트(3인/4인/5인),변동가격,,true
1826,27799389,1,잡채,"8,000원",8000,true
1827,27799389,2,곤드레나물밥,"10,000원",10000,true
1828,27799389,3,불고기덮밥,"10,000원",10000,true
1829,27799389,4,돈가스,"11,000원",11000,true
1830,27799389,5,매운돈가스,"12,000원",12000,true
1831,27799389,6,카레돈가스,"12,000원",12000,true
1832,27799389,7,후라이드치킨,"17,000원",17000,true
1833,27799389,8,양념치킨,"18,000원",18000,true
1834,27799389,9,갈릭치킨,"18,000원",18000,true
1835,27799389,10,탕수육,"20,000원",20000,true
1836,27799389,11,철판순두부덮밥,"8,000원",8000,true
1837,27799389,12,철판된장순두부덮밥,"8,000원",8000,true
1838,27799389,13,무지개비빔밥,"10,000원",10000,true
1839,27799389,14,아삭아삭궁채비빔밥,"10,000원",10000,true
1840,27799389,15,카레덮밥,"9,000원",9000,true
1841,27799389,16,떡볶이,"7,000원",7000,true
1842,27799389,17,고기만두,"7,000원",7000,true
1843,27799389,18,아보카도poke,"10,000원",10000,true
1844,13128200,1,몽그라스샤도네이,,,true
1845,13128200,2,엘토키소비뇽블랑,,,true
1846,13128200,3,시에로비아마레,,,true
1847,13128200,4,몽그라스까베르네소비뇽,,,true
1848,13128200,5,엘토키메를로,,,true
1849,34273910,1,우미학 아이파크몰 고척점,"89,000원",89000,true
1850,27789471,1,북경오리,"160,000원",160000,true
1851,27789471,2,유린기(S),"58,000원",58000,true
1852,27789471,3,황궁연(1인),"400,000원",400000,true
1853,27789471,4,불도장연(1인),"250,000원",250000,true
1854,27789471,5,제비집연(1인),"180,000원",180000,true
1855,27789471,6,건해삼연(1인),"220,000원",220000,true
1856,27789471,7,보해연(1인),"150,000원",150000,true
1857,27789471,8,점심 궁(1인),"150,000원",150000,true
1858,27789471,9,점심 호(1인),"120,000원",120000,true
1859,27789471,10,점심 빈(1인),"100,000원",100000,true
1860,27789471,11,양장피전채(S),"78,000원",78000,true
1861,27789471,12,호빈통전복찜,"75,000원",75000,true
1862,27789471,13,전가래복(S),"130,000원",130000,true
1863,27789471,14,유산슬덮밥,"58,000원",58000,true
1864,27789471,15,잡탕덮밥,"58,000원",58000,true
1865,27789471,16,파인애플볶음밥,"45,000원",45000,true
1866,27789471,17,XO해산물볶음밥,"39,000원",39000,true
1867,27789471,18,킹크랩새우볶음밥,"31,000원",31000,true
1868,27789471,19,양주볶음밥,"31,000원",31000,true
1869,27789471,20,닭고기볶음밥,"31,000원",31000,true
1870,27789471,21,공희발재(1인),"180,000원",180000,true
1871,27789471,22,후사부 추천,"280,000원",280000,true
1872,27789471,23,춘향,"200,000원",200000,true
1873,8973566,1,추천 SET,"172,000원",172000,true
1874,8973566,2,일편등심 (1인분),"41,600원",41600,true
1875,8973566,3,일편 SET,"152,000원",152000,true
1876,8973566,4,명품 SET,"212,000원",212000,true
1877,8973566,5,새우살 (1인분),"44,300원",44300,true
1878,8973566,6,살치살 (1인분),"44,300원",44300,true
1879,8973566,7,안심 (1인분),"41,600원",41600,true
1880,8973566,8,갈비살 (1인분),"38,800원",38800,true
1881,8973566,9,부채살,"37,800원",37800,true
1882,8973566,10,업진살,"37,500원",37500,true
1883,8973566,11,한우육회,"27,000원",27000,true
1884,8973566,12,육회냉면,"8,000원",8000,true
1885,8973566,13,한우된장찌개,"9,000원",9000,true
1886,8973566,14,한우된장밥,"15,000원",15000,true
1887,8973566,15,육회비빔밥,"10,000원",10000,true
1888,9318965,1,그뤼에르와 고다치즈를 곁들인 양파 수프,"29,000원",29000,true
1889,9318965,2,펜넬향의 해산물 토마토 수프,"29,000원",29000,true
1890,9318965,3,구운 베이컨을 곁들인 양배추 수프,"25,000원",25000,true
1891,9318965,4,피칸 드레싱을 곁들인 구운 관자 샐러드,"35,000원",35000,true
1892,9318965,5,오렌지 비네그렛의 새우 샐러드,"33,000원",33000,true
1893,9318965,6,바질 드레싱을 곁들인 부라타 치즈와 프로슈토,"35,000원",35000,true
1894,9318965,7,랜치 드레싱을 곁들인 가든 샐러드,"29,000원",29000,true
1895,9318965,8,할라피뇨 체다 치즈 스테이크 샌드위치와 감자튀김,"37,000원",37000,true
1896,9318965,9,메리어트 치즈 버거와 감자튀김,"37,000원",37000,true
1897,9318965,10,"부라타 치즈, 프로슈토 오픈 샌드위치와 감자튀김","33,000원",33000,true
1898,9318965,11,전복을 곁들인 버섯 리조또,"42,000원",42000,true
1899,9318965,12,해산물 토마토 스파게티,"39,000원",39000,true
1900,9318965,13,트러플 향의 버섯 크림 스파게티,"35,000원",35000,true
1901,9318965,14,바질 페스토의 수제 감자 뇨끼,"33,000원",33000,true
1902,9318965,15,볼로네제 스파게티,"33,000원",33000,true
1903,9318965,16,구운 채소와 블랙 올리브를 곁들인 토마토 소스 스파게티,"33,000원",33000,true
1904,9318965,17,한우 안심 구이,"120,000원",120000,true
1905,9318965,18,한우 등심 구이,"109,000원",109000,true
1906,9318965,19,소 안심 구이,"80,000원",80000,true
1907,9318965,20,소 채끝 등심 구이,"65,000원",65000,true
1908,9318965,21,양갈비 구이,"70,000원",70000,true
1909,9318965,22,파마산 치즈를 곁들인 대구 구이,"55,000원",55000,true
1910,9318965,23,샤프란 아이올리를 곁들인 바라문디,"550,000원",550000,true
1911,10085211,1,갈레뜨 Galettes,"13,000원",13000,true
1912,10085211,2,크레페 Crepes,"13,000원",13000,true
1913,10085211,3,와인(병),"30,000원",30000,true
1914,3572888,1,시저 샐러드,"15,700원",15700,true
1915,3572888,2,부자 클라시카,"19,600원",19600,true
1916,3572888,3,부자 샐러드,"14,900원",14900,true
1917,3572888,4,부자 비츠,"8,200원",8200,true
1918,3572888,5,부자 크로케테,"8,500원",8500,true
1919,3572888,6,주빠 디 주까,"8,000원",8000,true
1920,3572888,7,마리나라,"8,500원",8500,true
1921,3572888,8,부자깔조네,"22,000원",22000,true
1922,3572888,9,제노베제,"23,200원",23200,true
1923,3572888,10,파르미지아나 디 멜란자네,"22,000원",22000,true
1924,12631150,1,순메밀 물막국수 (250g),"11,000원",11000,true
1925,12631150,2,순메밀 비빔막국수 (250g),"11,000원",11000,true
1926,12631150,3,순메밀 들기름 막국수 (250g),"11,000원",11000,true
1927,12631150,4,잘빠진 술상2인,"27,000원",27000,true
1928,12631150,5,순메밀 수육정식(,"11,000원",11000,true
1929,12631150,6,잘빠진 밥상 (1인),"14,000원",14000,true
1930,12631150,7,메밀전병,"7,000원",7000,true
1931,12631150,8,유자의빠진수육(반접시/한접시),"13,000원",13000,true
1932,12631150,9,메밀왕만두(4pc),"6,000원",6000,true
1933,12631150,10,메밀새싹감자전,"15,000원",15000,true
1934,12631150,11,잘빠진 모둠전,"19,000원",19000,true
1935,12631150,12,잘빠진 양념육회,"13,000원",13000,true
1936,34273249,1,프리미엄 양삼겹살구이 육즙 폭발,"15,000원",15000,true
1937,34273249,2,(숄더랙) 정성의 명작 램투램의 시그니처 램갈비,"26,000원",26000,true
1938,34273249,3,알찬커플세트,"66,900원",66900,true
1939,34273249,4,"프리미엄 양마호크 양진갈비, 등심, 부채살을 한번에,","13,000원",13000,true
1940,34273249,5,육즙폭발 수제양꼬치,"15,000원",15000,true
1941,34273249,6,양등심 소량만 나오는 부위,"29,000원",29000,true
1942,34273249,7,가성비램파티3인세트,"88,900원",88900,true
1943,34273249,8,패밀리4인세트,"126,900원",126900,true
1944,34273249,9,(불향)매콤오징어튀김요리,"22,000원",22000,true
1945,34273249,10,바삭 꿔보로우,"18,000원",18000,true
1946,34273249,11,고소한 콘치즈구이,"7,900원",7900,true
1947,34273249,12,추억의 계란말이,"7,900원",7900,true
1948,34273249,13,세트메뉴판,"1,000원",1000,true
1949,34273249,14,양구이메뉴판,"1,004원",1004,true
1950,34273249,15,진특곰탕,"10,800원",10800,true
1951,34273249,16,진특해장곰탕,"10,800원",10800,true
1952,34273249,17,진특도가니탕,"14,800원",14800,true
1953,34273249,18,진특곰국시,"8,800원",8800,true
1954,34273249,19,떡만두곰탕,"8,800원",8800,true
1955,34273249,20,비빔국수,"8,800원",8800,true
1956,4078432,1,홍콩 꽃빵,,,true
1957,4078432,2,멘보샤,,,true
1958,4078432,3,고기짬뽕,,,true
1959,4078432,4,고추짜장,,,true
1960,4078432,5,고추짬뽕,,,true
1961,4078432,6,군만두,,,true
1962,4078432,7,쟁반짜장,,,true
1963,4078432,8,짜장면,,,true
1964,4078432,9,짬뽕,,,true
1965,4078432,10,탕수육,,,true
1966,4078432,11,짜장밥,,,true
1967,12728511,1,비프브루기뇽&마늘바게트,"19,000원",19000,true
1968,12728511,2,봉골레알리오올리오오일파스타,"17,000원",17000,true
1969,12728511,3,프랑스식 홍합요리(450g)+사이드선택(바게트/프렌치프라이/샐러드),"19,000원",19000,true
1970,12728511,4,살치살 스테이크(220g)+감자그라탕,"32,500원",32500,true
1971,12728511,5,니수아즈 연어 스테이크,"18,000원",18000,true
1972,12728511,6,양파수프 (S),"7,000원",7000,true
1973,12728511,7,에스카르고,"14,000원",14000,true
1974,12728511,8,페리고르오리샐러드,"14,000원",14000,true
1975,12728511,9,클래식프렌치개구리다리 (한정판매),"19,000원",19000,true
1976,12728511,10,빠리가옥치즈보드,"22,000원",22000,true
1977,12728511,11,사퀴테리&테린보드,"24,000원",24000,true
1978,12728511,12,바질페스토스파게티,"18,000원",18000,true
1979,12728511,13,까르보나라스파게티,"19,000원",19000,true
1980,12728511,14,한우타르타르&프렌치프라이,"26,000원",26000,true
1981,12728511,15,오리다리콩피,"28,000원",28000,true
1982,12728511,16,제주흑돈폭찹구이,"29,000원",29000,true
1983,12728511,17,프로방살피자,"19,000원",19000,true
1984,12728511,18,알자스식플램퀴슈피자,"19,000원",19000,true
1985,7930515,1,포터하우스 스테이크 (1000g),"340,000원",340000,true
1986,7930515,2,W코스 (1인),"230,000원",230000,true
1987,7930515,3,청담 런치 코스 (1인),"120,000원",120000,true
1988,7930515,4,단품 메뉴,변동가격,,true
1989,2372525,1,치킨 띠까 마살라,"24,000원",24000,true
1990,2372525,2,빨락 빠니르,"24,000원",24000,true
1991,2372525,3,프로운 빈달루,"29,000원",29000,true
1992,2372525,4,알루 고비,"22,000원",22000,true
1993,6208070,1,파이브치즈 피자,"23,000원",23000,true
1994,6208070,2,명동 파스타,"19,500원",19500,true
1995,6208070,3,버섯 크림 파스타,"18,500원",18500,true
1996,6208070,4,페퍼로니 피자,"18,500원",18500,true
1997,6208070,5,고르곤졸라 피자,"18,500원",18500,true
1998,6208070,6,버섯 피자,"20,500원",20500,true
1999,6208070,7,마르게리따 피자,"20,500원",20500,true
2000,6208070,8,페스토 마르게리따 피자,"20,500원",20500,true
2001,6208070,9,하와이안 쉬림프 피자,"22,000원",22000,true
2002,6208070,10,스파이시 비프 피자,"23,000원",23000,true
2003,6208070,11,[프리미엄]감페 피자,"24,000원",24000,true
2004,6208070,12,[프리미엄]치폴레전드 피자,"24,000원",24000,true
2005,6208070,13,런치스페셜,"14,900원",14900,true
2006,6208070,14,리얼 까르보나라,"16,500원",16500,true
2007,6208070,15,베이컨 토마토 파스타,"16,500원",16500,true
2008,6208070,16,게딱지 밥,"16,500원",16500,true
2009,6208070,17,우삼겹 알리오 올리오,"18,500원",18500,true
2010,6208070,18,명란 오일 파스타,"18,500원",18500,true
2011,6208070,19,바질 페스토 파스타,"19,500원",19500,true
2012,6208070,20,투움바 로제 파스타,"19,500원",19500,true
2013,6208070,21,해산물 토마토 파스타,"22,500원",22500,true
2014,6208070,22,스테이크 파스타,"22,500원",22500,true
2015,6208070,23,시저 샐러드,"17,500원",17500,true
2016,6208070,24,치킨텐더 샐러드,"18,500원",18500,true
2017,6208070,25,버섯 샐러드,"18,500원",18500,true
2018,6208070,26,부라타 샐러드,"18,500원",18500,true
2019,6208070,27,결정장애세트(2인),"39,900원",39900,true
2020,6208070,28,플레엑스세트(2인),"55,900원",55900,true
2021,6208070,29,킹갓성비세트(3인),"65,900원",65900,true
2022,6208070,30,다다익선세트(4인),"85,900원",85900,true
2023,7905830,1,조식 성인,"55,000원",55000,true
2024,7905830,2,조식 어린이,"35,000원",35000,true
2025,7905830,3,평일 점심 성인,"99,000원",99000,true
2026,7905830,4,평일 점심 어린이,"55,000원",55000,true
2027,7905830,5,평일 저녁 성인,"120,000원",120000,true
2028,7905830,6,평일 저녁 어린이,"62,000원",62000,true
2029,7905830,7,주말 점심 저녁 성인,"120,000원",120000,true
2030,7905830,8,주말 점심 저녁 어린이,"62,000원",62000,true
2031,25306508,1,모듬곱창(210g),"18,900원",18900,true
2032,25306508,2,대한모듬곱창(250g),"20,900원",20900,true
2033,25306508,3,차돌곱창(240g),"19,900원",19900,true
2034,25306508,4,한우소곱창(120g),"22,900원",22900,true
2035,25306508,5,특양(150g),"19,900원",19900,true
2036,25306508,6,곱창뚝배기전골,"8,900원",8900,true
2037,25306508,7,한우곱창전골,"14,900원",14900,true
2038,25306508,8,소곱창(130g),"17,900원",17900,true
2039,25306508,9,소대창(180g),"17,900원",17900,true
2040,25306508,10,소막창(180g),"17,900원",17900,true
2041,25306508,11,대한볶음밥,"4,000원",4000,true
2042,25306508,12,김치말이 국수,"5,900원",5900,true
2043,25306508,13,김치비빔 국수,"5,900원",5900,true
2044,8786818,1,녹색접시,"1,500원",1500,true
2045,8786818,2,빨강접시,"2,900원",2900,true
2046,8786818,3,보라접시,"3,700원",3700,true
2047,8786818,4,곤색접시,"4,700원",4700,true
2048,8786818,5,은색접시,"5,700원",5700,true
2049,8786818,6,금색접시,"6,900원",6900,true
2050,8786818,7,체크접시,"8,000원",8000,true
2051,8786818,8,소우동,"3,800원",3800,true
2052,8786818,9,엑스라지계란말이,"8,600원",8600,true
2053,8786818,10,닭튀김,"5,300원",5300,true
2054,8786818,11,오징어다리튀김,"5,000원",5000,true
2055,8786818,12,모둠튀김,"12,600원",12600,true
2056,8786818,13,아귀가라아게,"7,200원",7200,true
2057,9429856,1,화덕에구운야채,"20,800원",20800,true
2058,9429856,2,카프레제샐러드,"22,800원",22800,true
2059,9429856,3,시저샐러드,"22,800원",22800,true
2060,9429856,4,아보카도새우샐러드,"22,800원",22800,true
2061,17629266,1,관자 감자퓨레,"35,100원",35100,true
2062,17629266,2,저탄수 해산물 빠에야,"29,800원",29800,true
2063,17629266,3,트러플 양송이스프,"11,800원",11800,true
2064,17629266,4,치킨스테이크 로제파스타,"28,900원",28900,true
2065,17629266,5,저탄수 송고버섯 스테이크 리조또,"39,900원",39900,true
2066,17629266,6,트러플 리코타 치즈 샐러드,"26,700원",26700,true
2067,17629266,7,스테이크 콥 샐러드,"26,200원",26200,true
2068,17629266,8,매콤한 치즈스튜,"19,900원",19900,true
2069,17629266,9,새우 크럼블 파스타,"29,200원",29200,true
2070,17629266,10,통명란 크림 파스타,"27,100원",27100,true
2071,17629266,11,영덕 붉은 대게장과 알리오 올리오,"24,000원",24000,true
2072,17629266,12,5가지 치즈 맛 떠먹는 피자,"29,800원",29800,true
2073,17629266,13,감자퓨레 등심스테이크,"59,800원",59800,true
2074,17629266,14,크림스피나치 안심 스테이크,"64,900원",64900,true
2075,17629266,15,새우살 스테이크,"73,300원",73300,true
2076,17629266,16,로얄 명란 김퓨레 비빔밥,"28,200원",28200,true
2077,17629266,17,토마토 파스튜,"29,800원",29800,true
2078,17629266,18,영덕 붉은대게장 알리오 올리오,"24,000원",24000,true
2079,17629266,19,마팔디네 까르보나라,"26,300원",26300,true
2080,17629266,20,라구 크리스피 라자냐,"27,300원",27300,true
2081,17629266,21,알배추구이&베이컨,"18,500원",18500,true
2082,17629266,22,수박 페타 프로슈토 샐러드,"23,900원",23900,true
2083,17629266,23,시그니처 BBQ플래터,"112,000원",112000,true
2084,12213153,1,오마카세,"330,000원",330000,true
2085,33673068,1,한우 맞춤 그릴링,,,true
2086,33673068,2,요일별 할인 혜택,변동가격,,true
2087,33673068,3,살얼음 한우육회,"38,000원",38000,true
2088,33673068,4,숯불구이 점심 특선,변동가격,,true
2089,33673068,5,점심특선 라인업,변동가격,,true
2090,33673068,6,파주장단콩 수제두부,변동가격,,true
2091,33673068,7,와인·위스키 콜키지,,,true
2092,33673068,8,504시간 숙성 특 등심 150g,"57,000원",57000,true
2093,33673068,9,504시간 숙성 특 안심 150g,"63,000원",63000,true
2094,33673068,10,504시간 숙성 특 낙엽살 150g,"57,000원",57000,true
2095,33673068,11,504시간 숙성 특 업진살 150g,"57,000원",57000,true
2096,33673068,12,숯불즉석양념구이 150g,"57,000원",57000,true
2097,33673068,13,육즙 폭발 소한마리 400g,"129,000원",129000,true
2098,33673068,14,SOUL 명품 모듬,"149,000원",149000,true
2099,33673068,15,등안새 한우세트,"139,000원",139000,true
2100,33673068,16,산해진미 한우세트,"339,000원",339000,true
2101,33673068,17,바이킹 생갈비살,"340,000원",340000,true
2102,33673068,18,삼대진미 프리미엄세트,"698,000원",698000,true
2103,33673068,19,[점심] 한우 양념구이 한 상,"30,000원",30000,true
2104,33673068,20,[점심] 1++ 한우 구이 정식,"40,000원",40000,true
2105,33673068,21,[점심] 민물장어솥밥,"26,000원",26000,true
2106,33673068,22,[점심] 불고기 가지 솥밥,"20,000원",20000,true
2107,33673068,23,[점심] 소불고기 버섯야채 전골,"18,000원",18000,true
2108,33673068,24,[점심] 직화 제육볶음 (2인이상),"13,000원",13000,true
2109,33673068,25,[점심] 파주장단콩 순두부 백반,"13,000원",13000,true
2110,33673068,26,[점심] 파주장단콩 짬뽕 순두부,"15,000원",15000,true
2111,33673068,27,[점심] 산채나물 비빔밥,"11,000원",11000,true
2112,33673068,28,[점심] 산채나물 불고기 비빔밥,"13,000원",13000,true
2113,33673068,29,[점심] 산채나물 육회비빔밥,"14,000원",14000,true
2114,33673068,30,[점심] 산채나물 전복비빔밥,"15,000원",15000,true
2115,33673068,31,[점심]갓김치 고등어 김치찜 (2인),"13,000원",13000,true
2116,33673068,32,[점심] 해남 묵은지 김치찌개(2인),"13,000원",13000,true
2117,33673068,33,대왕전복버터구이(1미),"25,000원",25000,true
2118,33673068,34,대왕전복회(2미),"48,000원",48000,true
2119,33673068,35,산낙지볶음,"45,000원",45000,true
2120,33673068,36,산낙지숙회,"38,000원",38000,true
2121,33673068,37,풍부한 육즙의 한우육전,"35,000원",35000,true
2122,33673068,38,떡볶이,"15,000원",15000,true
2123,33673068,39,향긋한 더덕구이,"12,000원",12000,true
2124,33673068,40,라이브 랍스터 라면,"48,000원",48000,true
2125,33673068,41,참송이 해장라면,"12,000원",12000,true
2126,33673068,42,해남 묵은지 김치찌개,"15,000원",15000,true
2127,33673068,43,참송이 들기름,"22,000원",22000,true
2128,33673068,44,명인 보리된장찌개,"12,000원",12000,true
2129,33673068,45,차돌된장술밥,"10,000원",10000,true
2130,33673068,46,누룽지 + 명인 보리된장찌개,"8,000원",8000,true
2131,33673068,47,영양솥밥 + 명인 보리된장찌개,"8,000원",8000,true
2132,33673068,48,부드러운 치즈계란찜,"7,000원",7000,true
2133,33673068,49,누룽지,"3,000원",3000,true
2134,33673068,50,영양솥밥,"3,000원",3000,true
2135,33673068,51,간장게장 들기름 막국수 + 솥밥,"32,000원",32000,true
2136,33673068,52,냉면(물/비빔),"9,000원",9000,true
2137,33673068,53,후식냉면(물/비빔),"6,000원",6000,true
2138,33673068,54,사르르 녹는 갈비살 150g,"75,000원",75000,true
2139,33673068,55,504시간 숙성 새우살 150g,"75,000원",75000,true
2140,33673068,56,"극소량 한정, 한우 안창살 150g","75,000원",75000,true
2141,33673068,57,담백한 토시살 150g,"75,000원",75000,true
2142,14078142,1,소갈비 (1대),"18,000원",18000,true
2143,33020126,1,전설우대갈비(1대) 370g,"42,000원",42000,true
2144,33020126,2,[평일런치정식](소갈비살160g+된장찌개+공기밥),"28,000원",28000,false
2145,33020126,3,[평일런치정식](소갈비살160g+물냉면),"28,000원",28000,true
2146,33020126,4,[평일런치정식](소갈비살160g+비빔냉면),"28,000원",28000,true
2147,33020126,5,전설 소갈비살(160g),"26,000원",26000,true
2148,33020126,6,전설 소막창(200g),"29,000원",29000,true
2149,33020126,7,전설 삼겹살 1인분 (200g),"22,000원",22000,true
2150,33020126,8,물냉면,"12,000원",12000,true
2151,33020126,9,비빔냉면,"12,000원",12000,true
2152,33020126,10,"된장찌개(순한,매운)","4,000원",4000,true
2153,33020126,11,공기밥,"1,500원",1500,false
2154,1367398,1,매,"55,000원",55000,true
2155,1367398,2,난,"66,000원",66000,true
2156,1367398,3,국,"77,000원",77000,true
2157,1367398,4,수청,"97,000원",97000,true
2158,1367398,5,산청,"130,000원",130000,true
2159,1367398,6,인청,"170,000원",170000,true
2160,1367398,7,수라,"230,000원",230000,true
2161,27661093,1,투뿔 NO.9 장수꽃등심,"59,000원",59000,true
2162,27661093,2,장수한우편백찜,"29,900원",29900,true
2163,27661093,3,장수한우불고기전골,"25,900원",25900,true
2164,27661093,4,투뿔 NO.9 장수채끝,"57,000원",57000,true
2165,27661093,5,장수한우 육회,"29,000원",29000,true
2166,27661093,6,투뿔 NO.9 장수살치,"65,000원",65000,true
2167,27661093,7,장수한우샤브,"21,900원",21900,true
2168,27661093,8,투뿔 NO.9 장수등심,"45,900원",45900,true
2169,27661093,9,장수한우차돌샤브,"27,900원",27900,true
2170,27661093,10,장수한우철판불고기,"23,900원",23900,true
2171,27661093,11,장수한우육회비빔밥,"15,000원",15000,true
2172,24868140,1,도미관자솥밥,"17,000원",17000,true
2173,24868140,2,와규솥밥,"17,000원",17000,true
2174,24868140,3,전복솥밥,"17,000원",17000,true
2175,24868140,4,장어솥밥,"25,000원",25000,true
2176,24868140,5,스테이크솥밥,"17,000원",17000,true
2177,24868140,6,꼬막솥밥,"14,000원",14000,true
2178,24868140,7,직접 만든 새우튀김,"7,900원",7900,true
2179,24868140,8,대파를 썰어넣은 치즈돈까스,"9,900원",9900,true
2180,24868140,9,유린기,"8,500원",8500,true
2181,24868140,10,연어솥밥,"17,000원",17000,true
2182,8055074,1,Signature Cocktails,"25,000원",25000,true
2183,8055074,2,Reflection,,,true
2184,8055074,3,Stone Pot,,,true
2185,8055074,4,Don Spectre,,,true
2186,8055074,5,Cheshire’s Tail,,,true
2187,8055074,6,Lara Martini,,,true
2188,8055074,7,Belleza,,,true
2189,8055074,8,Teddy Picker,,,true
2190,8055074,9,Terry’s Boutique,,,true
2191,8055074,10,Hippity-Hoppity,,,true
2192,8055074,11,The Birds and Bees,,,true
2193,8055074,12,Rabbit Hole,,,true
2194,8055074,13,Hwasa-Reviver,,,true
2195,8055074,14,Modern Classic Cockt,"25,000원",25000,true
2196,8055074,15,Whisky,,,true
2197,8055074,16,Champagne,,,true
2198,3336085,1,재정식,"59,000원",59000,true
2199,3336085,2,몽정식 (점심),"39,000원",39000,true
2200,3336085,3,인정식,"49,000원",49000,true
2201,3336085,4,특정식,"69,000원",69000,true
2202,3336085,5,몽인재정식,"79,000원",79000,true
2203,5035629,1,상황삼계탕,"19,000원",19000,true
2204,5035629,2,한방삼계탕,"21,000원",21000,true
2205,5035629,3,전기구이,"19,000원",19000,true
2206,3371655,1,홈메이드 살라미와 뇨끼 튀김,"36,000원",36000,true
2207,3371655,2,파올로셰프의 시그니처 갑오징어 탈리아텔레와 부라따 치즈,"28,000원",28000,true
2208,3371655,3,파올로셰프의 시그니처 카포나타와 바삭한 새우,"28,000원",28000,true
2209,3371655,4,바삭한 해산물과 블랙올리브 파우더를 곁들인 감자수프,"26,000원",26000,true
2210,3371655,5,홈메이드 쿠르통을 곁들인 브로콜리 수프,"16,000원",16000,true
2211,3371655,6,야채칩을 곁들인 매콤한 토마토 수프,"16,000원",16000,true
2212,3371655,7,레몬크림새우의 가레띠파스타,"28,000원",28000,true
2213,3371655,8,홈메이드 살시챠 라구소스의 리가토니 파스타,"26,000원",26000,true
2214,3371655,9,볼로냐스타일의 볼레네제 탈리아텔레 파스타,"26,000원",26000,true
2215,3371655,10,백합과 완두콩의 카바텔리 파스타,"26,000원",26000,true
2216,3371655,11,후레쉬 랍스터와 비스크소스의 카세레치 파스타,"42,000원",42000,true
2217,3371655,12,갑오징어와 오징어 먹물의 블랙리조또,"26,000원",26000,true
2218,3371655,13,후레쉬 블랙트러플을 곁들인 파마지아노 치즈 리조또,"42,000원",42000,true
2219,3371655,14,비첸자스타일의 생대구 바칼리와 파프리카요리,"38,000원",38000,true
2220,3371655,15,다양한 해산물과 생선수프,"36,000원",36000,true
2221,3371655,16,피렌체스타일의 티본 스테이크와 감자오븐구이,"138,000원",138000,true
2222,3371655,17,끼안티 와인소스를 곁들인 소고기등심요리와 베지터블 카포나타,"40,000원",40000,true
2223,3371655,18,밀라노스타일의 오소부코와 사프란 리조또,"44,000원",44000,true
2224,3371655,19,크리미안 파프리카소스를 곁들인 돼지안심 꼬치요리,"36,000원",36000,true
2225,3371655,20,바삭한 마늘빵과 타란티나 스타일의 홍합찜,"29,000원",29000,true
2226,4074239,1,막걸리 꾸덕 감자뇨끼,"29,000원",29000,true
2227,4074239,2,항정살 페퍼 메주파스타,"32,000원",32000,true
2228,4074239,3,청키 피스타치오 크림파스타,"27,000원",27000,true
2229,4074239,4,허니 엔초비 아라비아따,"28,000원",28000,true
2230,4074239,5,새우 스깜피 알리오올리오,"29,000원",29000,true
2231,4074239,6,트러플 파케리 파스타,"30,000원",30000,true
2232,4074239,7,딱새우 비스크 링귀니,"31,000원",31000,true
2233,4074239,8,전복 솥밥 리조또,"32,000원",32000,true
2234,4074239,9,갑오징어 블랙 리조또+비스크소스,"32,000원",32000,true
2235,4074239,10,프라임 살치살 스테이크(100g) (180g이상),"34,000원",34000,true
2236,26500465,1,선지해장국 + 편육 (소),"17,900원",17900,true
2237,26500465,2,얼큰 돔베해장국 + 편육 (소),"17,900원",17900,true
2238,26500465,3,얼큰 우삼겹해장국 + 편육(소),"17,900원",17900,true
2239,26500465,4,(특) 들깨 양선지 해장국 + 편육(소),"21,900원",21900,true
2240,26500465,5,고(高)품격 소고기 선지해장국,"12,900원",12900,true
2241,26500465,6,속풀이 소고기 (牛) 우거지해장국,"13,900원",13900,true
2242,26500465,7,眞 얼큰 우삼겹 해장국,"12,900원",12900,true
2243,26500465,8,수비드 돔베수육국밥,"12,900원",12900,true
2244,26500465,9,(특) 들깨 양선지 해장국,"16,900원",16900,true
2245,26500465,10,장인 편육(소) + 오징어젓갈,"8,000원",8000,true
2246,26500465,11,장인 편육(중) + 오징어젓갈,"16,000원",16000,true
2247,26500465,12,일품一品사태 초무침 (소),"16,000원",16000,true
2248,26500465,13,일품一品 사태무침 (중),"26,000원",26000,true
2249,26500465,14,아롱사태 밀푀유 전골 中(비조리),"41,000원",41000,true
2250,26500465,15,아롱사태 밀푀유 전골 大(비조리),"51,000원",51000,true
2251,26500465,16,[비조리2.5人]속풀이 소고기 (牛) 우거지해장국,"32,800원",32800,true
2252,26500465,17,[비조리 2.5人] 소고기 선지해장국,"28,800원",28800,true
2253,26500465,18,[비조리2.5人] 얼큰 돔베수육국밥,"28,800원",28800,true
2254,26500465,19,[비조리2.5人] (특) 들깨 양선지 해장국,"36,800원",36800,true
2255,26500465,20,[한정판매] 성산포소주 360mL,"15,000원",15000,false
2256,26500465,21,처음처럼,"5,000원",5000,true
2257,26500465,22,참이슬 후레쉬,"5,000원",5000,true
2258,26500465,23,진로이즈백,"5,000원",5000,true
2259,26500465,24,참이슬 오리지널,"5,000원",5000,true
2260,26500465,25,한라산 17,"5,000원",5000,true
2261,26500465,26,새로,"5,000원",5000,true
2262,26500465,27,한라산 21,"5,000원",5000,true
2263,26500465,28,카스,"5,000원",5000,true
2264,26500465,29,테라,"5,000원",5000,true
2265,26500465,30,장수막걸리,"4,000원",4000,true
2266,9250108,1,진연상,"62,000원",62000,true
2267,9250108,2,수라상,"82,000원",82000,true
2268,9250108,3,선비상,"40,000원",40000,true
2269,9250108,4,대감상,"50,000원",50000,true
2270,9250108,5,용왕상,"120,000원",120000,true
2271,9250108,6,담정식(평일점심특선),"29,000원",29000,true
2272,9250108,7,보리굴비정식 (점심),"30,000원",30000,true
2273,9250108,8,보리굴비정식 (저녁),"40,000원",40000,true
2274,3438893,1,갈치조림(점심메뉴),"12,000원",12000,true
2275,3438893,2,매생이굴국밥(점심메뉴),"10,000원",10000,true
2276,3438893,3,매생이굴떡국(점심메뉴),"10,000원",10000,true
2277,3438893,4,돌솥비빔밥(점심메뉴),"11,000원",11000,true
2278,3438893,5,해물순두부(점심메뉴),"10,000원",10000,true
2279,3438893,6,알밥(점심메뉴),"10,000원",10000,true
2280,9198567,1,왕족발(대),"45,000원",45000,true
2281,9198567,2,쟁반막국수,"18,000원",18000,true
2282,9198567,3,해물파전,"16,000원",16000,true
2283,9198567,4,순두부찌개,"9,000원",9000,true
2284,9198567,5,막국수,"9,000원",9000,true
2285,6620072,1,브루클린웍스,"12,500원",12500,true
2286,6620072,2,크.림.,"12,200원",12200,true
2287,6620072,3,치즈스커트,"12,800원",12800,true
2288,6620072,4,판타스틱4,"15,600원",15600,true
2289,6620072,5,빅피쉬,"11,200원",11200,true
2290,6620072,6,램버거,"14,300원",14300,true
2291,6620072,7,더치즈버거,"9,800원",9800,true
2292,6620072,8,죠지크럼,"12,200원",12200,true
2293,6620072,9,뉴멕시코,"12,000원",12000,true
2294,6620072,10,리얼맥코이,"12,000원",12000,true
2295,6620072,11,냅킨플리즈,"13,200원",13200,true
2296,6620072,12,버르게리타,"13,700원",13700,true
2297,6620072,13,프렌치프라이즈,"8,800원",8800,true
2298,6620072,14,치즈프라이즈,"10,500원",10500,true
2299,6620072,15,칠리치즈프라이즈,"14,700원",14700,true
2300,6620072,16,코울슬로,"7,500원",7500,true
2301,6620072,17,코울슬로와 콘샐러드,"7,800원",7800,true
2302,6620072,18,바닐라클래식,"7,800원",7800,true
2303,6620072,19,오레오,"8,500원",8500,true
2304,6620072,20,코카콜라,"3,500원",3500,false
2305,6620072,21,스프라이트,"3,500원",3500,true
2306,7266524,1,레몬에이드,"10,000원",10000,true
2307,7266524,2,자몽에이드,"10,000원",10000,true
2308,7266524,3,오렌지주스,"10,000원",10000,true
2309,7266524,4,청포도주스,"10,000원",10000,true
2310,9106251,1,육회비빔밥,"16,000원",16000,true
2311,9106251,2,꽃등심 (150g),"85,000원",85000,true
2312,9106251,3,양념갈비 (260g),"85,000원",85000,true
2313,9106251,4,생고기(150g),"85,000원",85000,true
2314,9106251,5,불고기(200g),"42,000원",42000,true
2315,9106251,6,샤브샤브(160g),"42,000원",42000,true
2316,9106251,7,육회(200g),"42,000원",42000,true
2317,9106251,8,국수전골,"32,000원",32000,true
2318,9106251,9,간장게장,"28,000원",28000,true
2319,9106251,10,한우 갈비탕,"28,000원",28000,true
2320,9106251,11,따로국밥,"11,000원",11000,true
2321,9106251,12,콩나물 국밥,"11,000원",11000,true
2322,9106251,13,멸치 김치찌개,"11,000원",11000,true
2323,9106251,14,돼지 김치찌개,"11,000원",11000,true
2324,9106251,15,조랭이 만두국,"11,000원",11000,true
2325,26232658,1,토리빠이탄,"13,000원",13000,true
2326,26232658,2,카라빠이탄,"13,000원",13000,true
2327,32829207,1,모둠 수육전골 (대),"52,000원",52000,true
2328,32829207,2,소갈비수육전골 (중 880g),"55,000원",55000,true
2329,32829207,3,모둠 수육무침 (250g),"35,000원",35000,true
2330,32829207,4,소고기삼겹된장전골 (점심특선),"11,000원",11000,true
2331,32829207,5,매운소꼬리전골 (중),"58,000원",58000,true
2332,32829207,6,우렁미나리전,"15,000원",15000,true
2333,32829207,7,매운소고기두부전골,"18,000원",18000,true
2334,32829207,8,소꼬리전골 (중),"55,000원",55000,true
2335,32829207,9,바지락된장전골 (점심특선 2인),"22,000원",22000,true
2336,32829207,10,표과버섯 된장전골(점심특선),"11,000원",11000,true
2337,32829207,11,꽃게된장전골(점심특선),"12,000원",12000,true
2338,32829207,12,꽃게오징어 바지락볶음 (대),"35,000원",35000,true
2339,32829207,13,소고기 오징어볶음 (중),"25,000원",25000,true
2340,32829207,14,칼칼한 바지락탕,"15,000원",15000,true
2341,32829207,15,매운 소고기 두부전골,"18,000원",18000,true
2342,32829207,16,소고기삼겹 두부김치,"15,000원",15000,true
2343,32829207,17,우렁칼국수무침,"19,000원",19000,true
2344,8999812,1,새우완자,,,true
2345,8999812,2,두부피,,,true
2346,8999812,3,차돌박이,,,true
2347,8999812,4,우삼겹,,,true
2348,8999812,5,버섯모듬,,,true
2349,8999812,6,유부,,,true
2350,8728506,1,차돌박이 쌀국수,,,true
2351,8728506,2,양지 쌀국수,,,true
2352,8728506,3,차돌양지 쌀국수,,,true
2353,8728506,4,차돌양지힘줄 쌀국수,,,true
2354,8728506,5,해산물 쌀국수,,,true
2355,8728506,6,힘줄 쌀국수,,,true
2356,9205497,1,왕도끼뼈오겹(500g),"49,000원",49000,true
2357,9205497,2,광개토흑돼지 원조오겹살(150g),"17,000원",17000,true
2358,9205497,3,광개토수제돼지갈비(250g),"18,000원",18000,true
2359,9205497,4,광개토흑돼지 목살(150g),"17,000원",17000,true
2360,9205497,5,광개토흑돼지 명품육겹살(150g),"20,000원",20000,true
2361,9205497,6,광개토돼지 한돈삼겹살(150g),"16,000원",16000,true
2362,9205497,7,장수한우꽃등심1++NO9(150g),"49,000원",49000,true
2363,9205497,8,장수한우육사시미(150g),"38,000원",38000,true
2364,9205497,9,장수한우육회(150g),"35,000원",35000,true
2365,9205497,10,숙성김치찌개,"8,000원",8000,true
2366,9205497,11,토장찌개,"8,000원",8000,true
2367,9205497,12,참기름육회비빔밥,"15,000원",15000,true
2368,34275254,1,야키토리 (7종),"24,000원",24000,true
2369,34275254,2,미즈타키,"15,000원",15000,true
2370,34275254,3,토리노세트,"49,000원",49000,true
2371,34275254,4,라스베가스 세트,"69,000원",69000,true
2372,34275254,5,네기마,"3,700원",3700,true
2373,34275254,6,쿠시카츠(5종),"14,000원",14000,true
2374,3585169,1,한옥,"118,000원",118000,true
2375,3585169,2,두가헌,"138,000원",138000,true
2376,9344455,1,아메리카노,"6,500원",6500,true
2377,9344455,2,에스프레소,"6,000원",6000,true
2378,9344455,3,카페라테,"7,000원",7000,true
2379,9344455,4,잉글리쉬 블랙퍼스트,"6,500원",6500,true
2380,9344455,5,얼그레이,"6,500원",6500,true
2381,9344455,6,캐모마일,"6,500원",6500,true
2382,7106351,1,한옥집김치찌개,"11,500원",11500,true
2383,7106351,2,한옥집치즈계란말이,"11,500원",11500,true
2384,7106351,3,한옥집수육무침(소),"21,000원",21000,true
2385,7106351,4,한옥집떡갈비,"10,500원",10500,true
2386,7106351,5,한옥집김치찜,"11,500원",11500,true
2387,7106351,6,한옥집도시락,"15,000원",15000,true
2388,7106351,7,한옥집김치등뼈전골(소),"39,000원",39000,true
2389,7106351,8,한옥집 김치 (5kg),"49,000원",49000,true
2390,7106351,9,한옥집김치등뼈전골(대),"49,000원",49000,true
2391,7106351,10,한옥집수육무침(대),"29,000원",29000,true
2392,4166623,1,평일런치성인,"85,000원",85000,true
2393,4166623,2,평일디너성인,"109,000원",109000,true
2394,4166623,3,주말공휴일성인,"119,000원",119000,true
2395,4166623,4,초등생,"39,000원",39000,true
2396,4166623,5,미취학(48개월이상),"29,000원",29000,true
2397,5031065,1,조식뷔페 (성인),"40,000원",40000,true
2398,5031065,2,조식뷔페 (소인),"20,000원",20000,true
2399,5031065,3,평일 점심 (성인),"75,000원",75000,true
2400,5031065,4,평일 점심 (소인),"38,000원",38000,true
2401,5031065,5,평일 저녁 (성인),"92,000원",92000,true
2402,5031065,6,평일 저녁 (소인),"46,000원",46000,true
2403,5031065,7,주말 점심 (성인),"97,000원",97000,true
2404,5031065,8,주말 점심 (소인),"48,000원",48000,true
2405,5031065,9,주말 저녁 (성인),"97,000원",97000,true
2406,5031065,10,주말 저녁 (소인),"48,000원",48000,true
2407,951647,1,오모리찌개,"9,500원",9500,true
2408,951647,2,옛날수타짜장(보),"8,000원",8000,true
2409,951647,3,오모리찌개+라면사리,"10,500원",10500,false
2410,951647,4,오모리찌개+순두부사리,"11,500원",11500,false
2411,951647,5,옛날수타짜장(곱),"9,000원",9000,true
2412,951647,6,바지락칼국수,"12,000원",12000,true
2413,951647,7,콩국수(계절메뉴),"12,000원",12000,true
2414,951647,8,오모리김치찌개칼국수,"12,000원",12000,true
2415,951647,9,계란말이,"8,000원",8000,true
2416,951647,10,물만두,"8,000원",8000,true
2417,25393024,1,훈제오리월남쌈,"2,000원",2000,true
2418,25393024,2,참치마요 유부초밥,"1,600원",1600,true
2419,25393024,3,병아리 만원팩,"10,000원",10000,true
2420,25393024,4,병아리김밥,"1,200원",1200,true
2421,25393024,5,치즈 김밥,"1,500원",1500,true
2422,25393024,6,볶은김치 김밥,"1,700원",1700,true
2423,25393024,7,명란마요 유부초밥,"1,800원",1800,true
2424,25393024,8,학교앞 떡볶이,"4,500원",4500,true
2425,25393024,9,순살 닭강정(중),"8,000원",8000,true
2426,25393024,10,연탄불고기 김밥,"2,000원",2000,true
2427,25393024,11,불향유브롤 김밥,"2,100원",2100,true
2428,25393024,12,스팸에그롤 김밥,"2,100원",2100,true
2429,25393024,13,(키토박스)참치 키토김밥,"6,500원",6500,true
2430,25393024,14,(키토박스)새우튀김 키토김밥,"7,500원",7500,true
2431,25393024,15,병아리 도시락 1번,"4,000원",4000,true
2432,25393024,16,계란 라면,"4,500원",4500,true
2433,25393024,17,치킨 마요덮밥,"7,500원",7500,true
2434,25393024,18,라뽁이,"5,500원",5500,true
2435,25393024,19,모듬튀김 4종,"4,500원",4500,true
2436,25393024,20,병아리 세트 2번,"27,900원",27900,true
2437,17417163,1,모둠한판,,,true
2438,17417163,2,특별한판,,,true
2439,17417163,3,가브리살,,,true
2440,17417163,4,갈매기살,,,true
2441,17417163,5,김치말이국수,,,true
2442,17417163,6,날치알 계란찜,,,true
2443,17417163,7,도시락 김치볶음밥,,,true
2444,17417163,8,막창구이,,,true
2445,17417163,9,물냉면,,,true
2446,17417163,10,생갈비,,,true
2447,17417163,11,생삼겹살,,,true
2448,17417163,12,우삼겹 된장찌개,,,true
2449,17417163,13,잔치국수,,,true
2450,17417163,14,코다리 회냉면,,,true
2451,17417163,15,특목살,,,true
2452,17417163,16,한돈 고추장찌개,,,true
2453,17417163,17,한돈 김치찌개,,,true
2454,17417163,18,한돈숙성 오겹살,,,true
2455,17417163,19,항정살,,,true
2456,10073597,1,버터밀크 팬케이크(Half),"10,000원",10000,true
2457,10073597,2,에그베네딕트,"23,000원",23000,true
2458,10073597,3,더치베이비 오리지널,"20,000원",20000,true
2459,10073597,4,블루베리 팬케이크(Half),"11,500원",11500,true
2460,10073597,5,바나나 팬케이크(Half),"11,000원",11000,true
2461,10073597,6,초콜릿칩 팬케이크(Half),"12,000원",12000,true
2462,10073597,7,피칸 팬케이크(Half),"12,000원",12000,true
2463,10073597,8,플레인와플,"11,000원",11000,true
2464,10073597,9,블루베리와플,"14,000원",14000,true
2465,10073597,10,치킨텐더&와플,"24,000원",24000,true
2466,10073597,11,프렌치토스트,"16,000원",16000,true
2467,10073597,12,몬테크리스토 프렌치토스트,"25,000원",25000,true
2468,10073597,13,바나나 카라멜 크레페(Half),"12,000원",12000,true
2469,10073597,14,콥샐러드,"25,000원",25000,true
2470,10073597,15,타코샐러드,"25,000원",25000,true
2471,10073597,16,코코넛 팬케이크(Half),"11,500원",11500,true
2472,10073597,17,베이컨 팬케이크(Half),"12,000원",12000,true
2473,10073597,18,하브&하프 팬케이크(Full),"18,000원",18000,true
2474,10073597,19,스위트 칙스 팬케이크(Full),"25,000원",25000,true
2475,10073597,20,생과일 팬케이크(Full),"25,000원",25000,true
2476,10073597,21,바나나 피칸 팬케이크(Full),"19,000원",19000,true
2477,10073597,22,바나나초콜릿 칩 팬케이크(Full),"19,000원",19000,true
2478,10073597,23,고다치즈 팬케이크(Full),"15,000원",15000,true
2479,10073597,24,담요 속 돼지 세마리(Full),"16,000원",16000,true
2480,10073597,25,올마이티 베이컨 체다 프렌치토스트,"26,000원",26000,true
2481,10073597,26,생과일 프렌치토스트,"25,000원",25000,true
2482,10073597,27,블루베리&베이컨 프렌치토스트,"25,000원",25000,true
2483,10073597,28,바나나 피칸프렌치토스트,"19,000원",19000,true
2484,10073597,29,생과일와플,"25,000원",25000,true
2485,10073597,30,플레인 크레페(Half),"10,000원",10000,true
2486,10073597,31,프렌치 크레페(Half),"12,000원",12000,true
2487,10073597,32,생과일 크레페(Full),"25,000원",25000,true
2488,10073597,33,이탈리안 오믈렛,"24,000원",24000,true
2489,10073597,34,할라피뇨&베이컨 오믈렛,"23,000원",23000,true
2490,10073597,35,플로렌틴 오믈렛,"23,000원",23000,true
2491,10073597,36,베이컨&치즈 오믈렛,"23,000원",23000,true
2492,10073597,37,베지테이런 오믈렛,"24,000원",24000,true
2493,10073597,38,머쉬룸 오믈렛,"25,000원",25000,true
2494,10073597,39,산타페 오믈렛,"25,000원",25000,true
2495,10073597,40,카우보이 오믈렛,"25,000원",25000,true
2496,10073597,41,미트러버스 오믈렛,"26,000원",26000,true
2497,10073597,42,에버파퓰러조,"20,000원",20000,true
2498,10073597,43,뽀빠이 스크램블러,"21,000원",21000,true
2499,10073597,44,캘리포니안 스크램블러,"24,000원",24000,true
2500,10073597,45,지중해식 스크램블러,"23,000원",23000,true
2501,10073597,46,컨트리 베네딕트,"23,000원",23000,true
2502,10073597,47,에그 블랙스톤,"25,000원",25000,true
2503,10073597,48,케이준 쉬림프 베네딕트,"27,000원",27000,true
2504,10073597,49,에그 베네딕트 고다 치즈 팬케이크,"23,000원",23000,true
2505,10073597,50,할라피뇨&베이컨 감자 해쉬,"22,000원",22000,true
2506,10073597,51,이탈리안 감자 해쉬,"22,000원",22000,true
2507,10073597,52,스파이스 칠리 치즈 해쉬브라운,"24,000원",24000,true
2508,10073597,53,사우스웨스턴 해시브라운,"23,000원",23000,true
2509,10073597,54,수프림 해쉬브라운,"24,000원",24000,true
2510,10073597,55,스테이크 해쉬&수란,"27,000원",27000,true
2511,10073597,56,"베이컨,소시지,체다 치즈 멜트 해쉬브라운","25,000원",25000,true
2512,10073597,57,베이컨&에그,"19,000원",19000,true
2513,10073597,58,링크소시지&에그,"17,000원",17000,true
2514,10073597,59,햄&에그,"18,000원",18000,true
2515,10073597,60,미트러버스 미트&에그,"26,000원",26000,true
2516,10073597,61,스테이크&에그,"47,000원",47000,true
2517,10073597,62,더치베이비 프레쉬프루트,"27,000원",27000,true
2518,10073597,63,더치베이비 프레쉬프루트&아이스크림,"29,500원",29500,true
2519,10073597,64,애플팬케이크,"25,000원",25000,true
2520,10073597,65,치킨텐더샐러드,"24,000원",24000,true
2521,10073597,66,그릴드 치킨 시저 샐러드,"22,000원",22000,true
2522,10073597,67,이탈리안 찹 샐러드,"24,000원",24000,true
2523,33020131,1,전설우대갈비 (1대) (370g),"42,000원",42000,true
2524,33020131,2,전설소갈비살(160g),"26,000원",26000,true
2525,33020131,3,전설삼겹살(200g),"22,000원",22000,true
2526,33020131,4,전설소막창(200g),"29,000원",29000,true
2527,33020131,5,"[런치]소갈비살(160g)+된장찌개,공기밥","28,000원",28000,false
2528,33020131,6,[런치]소갈비살(160g)+물냉면,"28,000원",28000,true
2529,33020131,7,[런치]소갈비살(160g)+비빔냉면,"28,000원",28000,true
2530,33020131,8,물냉면,"12,000원",12000,true
2531,33020131,9,비빔냉면,"12,000원",12000,true
2532,33020131,10,공기밥,"1,500원",1500,false
2533,5979642,1,바사칸닭,,,true
2534,5979642,2,쏘핫레드홀릭,,,true
2535,5979642,3,마라크런킹,,,true
2536,5979642,4,크런킹,,,true
2537,5979642,5,양념에 반한닭,,,true
2538,5979642,6,간장에 반한닭,,,true
2539,5979642,7,양념간장에 반한닭,,,true
2540,5979642,8,간장레드에 반한닭,,,true
2541,5979642,9,촉촉칸닭,,,true
2542,5979642,10,쏘핫레드그릴,,,true
2543,5979642,11,촉촉칸파닭,,,true
2544,5979642,12,갈릭로스트,,,true
2545,5979642,13,불고기그릴,,,true
2546,5979642,14,갈릭레드그릴,,,true
2547,5979642,15,불고기레드그릴,,,true
2548,5979642,16,후레쉬쌈닭,,,true
2549,5979642,17,바베큐쌈닭,,,true
2550,5979642,18,쌈닭화히타,,,true
2551,5979642,19,쌈닭파이팅,,,true
2552,5979642,20,마르게리타 피자,,,true
2553,5979642,21,페퍼로니 피자,,,true
2554,5979642,22,고르곤졸라 피자,,,true
2555,5979642,23,시실리안 치킨퀘사디아,,,true
2556,5979642,24,불고기 치킨퀘사디아,,,true
2557,5979642,25,쫄뱅이,,,true
2558,5979642,26,치쫄면,,,true
2559,5979642,27,해물누룽지탕,,,true
2560,5979642,28,해물짬뽕탕,,,true
2561,5979642,29,백합조개탕,,,true
2562,5979642,30,듬뿍어묵탕,,,true
2563,5979642,31,무뼈불닭발,,,true
2564,5979642,32,오도독 오돌뼈,,,true
2565,5979642,33,로제떡볶이,,,true
2566,5979642,34,국물떡볶이,,,true
2567,5979642,35,국물쫄볶이,,,true
2568,5979642,36,바삭쥐포튀김,,,true
2569,5979642,37,모짜치즈볼,,,true
2570,5979642,38,야시장 새우깡,,,true
2571,5979642,39,오다리튀김,,,true
2572,5979642,40,똥집강정,,,true
2573,5979642,41,매운 똥집강정,,,true
2574,5979642,42,치빵치킨샐러드,,,true
2575,5979642,43,멕시칸치즈나쵸,,,true
2576,5979642,44,미안한포테이토,,,true
2577,5979642,45,샤인머스캣 샤베트,,,true
2578,5979642,46,애플망고 샤베트,,,true
2579,5979642,47,촉촉오징어,,,true
2580,5979642,48,촉촉노가리,,,true
2581,5979642,49,쥐포구이,,,true
2582,5979642,50,요구르트 샤베트,,,true
2583,5979642,51,바삭이먹태,,,true
2584,27165931,1,재래식 소금구이 (500g),"59,000원",59000,true
2585,27165931,2,고추장 양념구이 (160g),"19,000원",19000,true
2586,27165931,3,가브리살 (160g/한정판매),"20,000원",20000,true
2587,27165931,4,항정살 (160g/한정판매),"22,000원",22000,true
2588,27165931,5,검은콩 한우된장,"9,000원",9000,true
2589,27165931,6,흑돼지 김치찌개,"9,000원",9000,true
2590,27165931,7,김치 온국수,"7,000원",7000,true
2591,27165931,8,지리산 칡냉면 (물/비빔),"7,000원",7000,true
2592,27165931,9,산청볶음밥,"11,000원",11000,true
2593,27165931,10,한우 생등심 1++ (120g),"42,000원",42000,true
2594,27165931,11,통갈매기살 (160g/한정판매),"20,000원",20000,true
2595,27165931,12,재첩된장술밥,"10,000원",10000,true
2596,2330074,1,블랙트러플돈카츠산도,"22,000원",22000,true
2597,2330074,2,더 팀버 하우스 떡볶이,"22,000원",22000,true
2598,2330074,3,치킨가라아게,"20,000원",20000,true
2599,2330074,4,해산물오꼬노미야끼,"20,000원",20000,true
2600,2330074,5,일본식마파두부,"18,000원",18000,true
2601,2330074,6,피스타치오 모나카,"9,000원",9000,true
2602,1140450,1,얼큰수제비,"10,000원",10000,true
2603,1140450,2,들깨수제비,"10,000원",10000,true
2604,1140450,3,해물파전,"15,000원",15000,true
2605,1140450,4,일반수제비,"9,000원",9000,true
2606,1140450,5,골뱅이무침,"19,000원",19000,true
2607,1140450,6,냉콩국수,"11,000원",11000,true
2608,20260781,1,디너) 모도우시그니처한우수라코스 (90g),"159,000원",159000,true
2609,20260781,2,시그니처한우구이미식코스 (90g)(런치),"89,000원",89000,true
2610,20260781,3,한우샤브샤브코스 (120g),"49,000원",49000,true
2611,20260781,4,한우샤브샤브스페셜코스 (90g),"49,000원",49000,true
2612,20260781,5,한우구이코스 (90g),"69,000원",69000,true
2613,20260781,6,모도우한우스탠다드코스 (90g),"129,000원",129000,true
2614,20260781,7,1++워터에이징한우채끝등심 (100g),"45,000원",45000,true
2615,20260781,8,1++워터에이징한우안심 (100g),"49,000원",49000,true
2616,20260781,9,1++워터에이징한우꽃새우살,"55,000원",55000,true
2617,20260781,10,농어구이와 보리리조또,"32,000원",32000,true
2618,20260781,11,시그니처한우구이미식코스 (120g)(런치),"99,000원",99000,true
2619,20260781,12,시그니처한우구이미식코스 (150g)(런치),"109,000원",109000,true
2620,20260781,13,한우샤브샤브코스 (90g),"39,000원",39000,true
2621,20260781,14,한우샤브샤브코스 (150g),"59,000원",59000,true
2622,20260781,15,한우샤브샤브스페셜코스 (120g),"59,000원",59000,true
2623,20260781,16,한우샤브샤브스페셜코스 (150g),"69,000원",69000,true
2624,20260781,17,한우구이코스 (120g),"79,000원",79000,true
2625,20260781,18,한우구이코스 (150g),"89,000원",89000,true
2626,20260781,19,1++한우등심프리미엄샤브샤브 (1인),"49,000원",49000,true
2627,20260781,20,1++한우육회와김부각,"39,000원",39000,true
2628,20260781,21,한우육포솥밥,"35,000원",35000,true
2629,20260781,22,제철숙성회,"25,000원",25000,true
2630,20260781,23,계절국수,"18,000원",18000,true
2631,20260781,24,한우미역국,"15,000원",15000,true
2632,20260781,25,부드러운계란찜,"5,000원",5000,true
2633,20260781,26,모도우한우스탠다드코스 (120g),"139,000원",139000,true
2634,20260781,27,모도우한우스탠다드코스 (150g),"149,000원",149000,true
2635,12207690,1,이베리코 돼지목살 숯불구이 정식,"24,000원",24000,true
2636,12207690,2,갈비 솥밥 정식,"25,000원",25000,true
2637,12207690,3,육회비빔밥정식,"19,000원",19000,true
2638,12207690,4,정선 곤드레 연근 양양 솥밥 정식,"21,000원",21000,true
2639,12207690,5,소고기 제주 무우 솥밥 정식,"17,000원",17000,true
2640,12207690,6,고등어 숯불구이 정식(점심한정),"16,000원",16000,true
2641,12207690,7,숯불 삼계 영양 솥밥 정식,"22,000원",22000,true
2642,12207690,8,닭다리살 숯불구이 정식,"19,000원",19000,true
2643,12207690,9,"고깃상-갈비본살,돼지목살,닭다리살","56,000원",56000,true
2644,12207690,10,한우육사시미,"25,000원",25000,true
2645,12207690,11,바삭 해물 부추전,"17,000원",17000,true
2646,12207690,12,마약된장찌개(추가시 가능),"8,000원",8000,false
2647,12207690,13,흑돼지 샤브샤브(지리산 버크셔K),"24,000원",24000,true
2648,8762265,1,1KG 스테이크,,,true
2649,8762265,2,목살 스테이크 샐러드,,,true
2650,8762265,3,함박 스테이크,,,true
2651,8762265,4,돈LA 갈비 스테이크,,,true
2652,8762265,5,목살 파히타,,,true
2653,8762265,6,파히타,,,true
2654,8762265,7,빠네 크림 파스타,,,true
2655,8762265,8,빠네 로제 파스타,,,true
2656,8762265,9,베이컨 까르보나라,,,true
2657,8762265,10,베이컨 로제 파스타,,,true
2658,8762265,11,청양 마늘 올리오 파스타,,,true
2659,8762265,12,미트 토마토 파스타,,,true
2660,8762265,13,해산물 올리브 파스타,,,true
2661,8762265,14,트러플 화이트 라구 파스타,,,true
2662,8762265,15,해산물 토마토 파스타,,,true
2663,8762265,16,해산물 크림 파스타,,,true
2664,8762265,17,게살오이스터파스타,,,true
2665,8762265,18,베이컨 버섯 필라프,,,true
2666,8762265,19,새우 필라프,,,true
2667,8762265,20,목살 김치 필라프,,,true
2668,8762265,21,목살 필라프,,,true
2669,8762265,22,치킨 커리 필라프,,,true
2670,8762265,23,트러플 화이트 라구 리조또,,,true
2671,8762265,24,베이컨 크림 리조또,,,true
2672,8762265,25,해산물 토마토 리조또,,,true
2673,8762265,26,게살 오이스터 리조또,,,true
2674,8762265,27,스윗-콘 피자,,,true
2675,8762265,28,치즈 치즈 피자,,,true
2676,8762265,29,고르곤졸라 피자,,,true
2677,8762265,30,페퍼로니 피자,,,true
2678,8762265,31,불고기 샐러드 피자,,,true
2679,8762265,32,하와이안 피자,,,true
2680,8762265,33,콘베이컨 피자,,,true
2681,8762265,34,청귤 에이드,,,true
2682,8762265,35,패션 후르츠 에이드,,,true
2683,8762265,36,딸기 에이드,,,true
2684,8762265,37,라임 민트 에이드,,,true
2685,8762265,38,자몽 에이드,,,true
2686,8762265,39,청포도 에이드,,,true
2687,8762265,40,레모네이드,,,true
2688,8762265,41,제주 한라봉 에이드,,,true
2689,8118170,1,1++ 한우 꽃등심,"48,000원",48000,true
2690,8118170,2,1++ 한우 눈꽃 살치살,"62,000원",62000,true
2691,34161377,1,간장게장 들기름 막국수 단품,"59,000원",59000,true
2692,34161377,2,[점심] 고방수라상 (3인이상가능),"59,000원",59000,true
2693,34161377,3,72시간 숙성 LA갈비 배추스테이크,"45,000원",45000,true
2694,34161377,4,특 대왕 민물장어 양념구이 정식,"55,000원",55000,true
2695,34161377,5,영광 법성포 보리굴비 선물세트 출시,변동가격,,true
2696,34161377,6,점심 맛집 고방채의 점심 특선,변동가격,,true
2697,34161377,7,직장인 점심 혜택 요일별 할인 이벤트,변동가격,,false
2698,34161377,8,점심 가마솥 전복죽 정식 (2인이상),"30,000원",30000,true
2699,34161377,9,저녁 가마솥 전복죽 정식 (한정수량),"30,000원",30000,true
2700,34161377,10,고방채 대표 몸보신 한우 불낙 전골,"45,000원",45000,true
2701,34161377,11,동해꽃발문어숙회 한식 술집 안주,"45,000원",45000,true
2702,34161377,12,담백한 장어 솥밥 정식,"28,000원",28000,true
2703,34161377,13,슬로우쿡 갈비찜솥밥 정식,"28,000원",28000,true
2704,34161377,14,우니 해물 솥밥 정식,"28,000원",28000,true
2705,34161377,15,영광 보리굴비 반상,"32,000원",32000,true
2706,34161377,16,[점심] 간장게장 들기름 막국수 정식,"32,000원",32000,true
2707,34161377,17,LA갈비구이 정식,"36,000원",36000,true
2708,34161377,18,[저녁] 고방수라상 (3인이상가능),"69,000원",69000,true
2709,34161377,19,고방채 진미상,"119,000원",119000,true
2710,34161377,20,고방채 보양상,"142,000원",142000,true
2711,34161377,21,고방채 대감상,"153,000원",153000,true
2712,34161377,22,부드러운 한식 시그니처 모둠수육 전골,"68,000원",68000,true
2713,34161377,23,여의도 한식 시그니처 한상 육해보쌈,"78,000원",78000,true
2714,34161377,24,모둠 숙회-동해산 문어 왕소라 한접,"50,000원",50000,true
2715,34161377,25,바다향 시그니처 동해 왕소라 숙회,"45,000원",45000,true
2716,34161377,26,한정 수량 메뉴 안내,변동가격,,true
2717,34161377,27,고방채 서여의도점의 베스트 메뉴,변동가격,,true
2718,34161377,28,MENU FOR FOREIGNER,변동가격,,true
2719,34161377,29,고방채 주안상,"160,000원",160000,true
2720,34161377,30,파주 장단콩 불고기 두부 야채전골,"68,000원",68000,true
2721,34161377,31,아롱사태 스지조림,"38,000원",38000,true
2722,34161377,32,장단콩 두부 김치수육,"38,000원",38000,true
2723,34161377,33,모둠숙회,"50,000원",50000,true
2724,34161377,34,동래 해물파전,"28,000원",28000,true
2725,34161377,35,참송이와 들기름 소금,"22,000원",22000,true
2726,34161377,36,황금배추쌈 가리비젓,"20,000원",20000,true
2727,34161377,37,오이무침,"12,000원",12000,true
2728,34161377,38,명란오이무침,"15,000원",15000,true
2729,19266062,1,낙지볶음밥(2인 분량),"12,000원",12000,true
2730,19266062,2,수제 돼지갈비(260g),"19,000원",19000,true
2731,19266062,3,오돌 양념갈비,"17,000원",17000,true
2732,19266062,4,수제소갈비(220g),"32,000원",32000,true
2733,19266062,5,우렁된장찌개,"7,000원",7000,true
2734,19266062,6,누룽지,"5,000원",5000,true
2735,19266062,7,꽃게탕 추가,"10,000원",10000,false
2736,19266062,8,한우채끝등심(150g),"39,000원",39000,true
2737,19266062,9,함흥냉면(후식),"7,000원",7000,true
2738,19266062,10,돼지생갈비(190g),"18,000원",18000,true
2739,19266062,11,돼지갈비정식,"17,000원",17000,true
2740,19266062,12,돼지갈비냉면정식,"20,000원",20000,true
2741,26188436,1,떡볶이,"25,000원",25000,true
2742,26188436,2,하몽 플레이트,"25,000원",25000,true
2743,26188436,3,사쿠라웨일,"21,000원",21000,true
2744,26188436,4,수제 젤라토,"14,000원",14000,true
2745,29883282,1,치즈돌판양념등갈비구이,"19,000원",19000,true
2746,29883282,2,떡구이,"13,000원",13000,true
2747,29883282,3,돌판김치등갈비찜,"16,000원",16000,true
2748,29883282,4,돌판직화쭈꾸미볶음,"14,000원",14000,true
2749,29883282,5,부쭈전,"16,000원",16000,true
2750,29883282,6,매콤크림우동,"12,000원",12000,true
2751,29883282,7,양지칼국수,"11,000원",11000,true
2752,29883282,8,들깨크림우동,"12,000원",12000,true
2753,29883282,9,코코넛새우튀김,"9,000원",9000,true
2754,29883282,10,돌판양념등갈비구이,"17,000원",17000,true
2755,29883282,11,치즈볶음밥,"5,000원",5000,true
2756,29883282,12,백합탕,"12,000원",12000,true
2757,29883282,13,바나나막걸리(1L),"10,000원",10000,true
2758,12381597,1,랍스터조개와 스페셜 찜,"115,000원",115000,true
2759,12381597,2,조개와 스페셜 찜,"69,000원",69000,true
2760,12381597,3,랍스터조개와 스페셜 구이,"125,000원",125000,true
2761,12381597,4,조개와 스페셜 구이,"79,000원",79000,true
2762,12381597,5,랍스터조개와 스페셜 전골,"119,000원",119000,true
2763,12381597,6,조개와 스페셜 전골,"74,000원",74000,true
2764,12381597,7,꽃게탕,"59,000원",59000,true
2765,12381597,8,통볼락 매운탕,"38,000원",38000,true
2766,12381597,9,연포탕,"49,000원",49000,true
2767,12381597,10,킹크랩 (중),"450,000원",450000,true
2768,12381597,11,대게 (중),"180,000원",180000,true
2769,12381597,12,키조개/전복구이,"49,000원",49000,true
2770,12381597,13,해물삼겹삼합,"69,000원",69000,true
2771,12381597,14,랍스터회와 해산물,"160,000원",160000,true
2772,12381597,15,스페셜모듬회,"120,000원",120000,true
2773,12381597,16,도미/농어/숭어,"45,000원",45000,true
2774,12381597,17,광어/우럭,"40,000원",40000,true
2775,12381597,18,연어회,"40,000원",40000,true
2776,12381597,19,키조개관자와 전복회,"45,000원",45000,true
2777,12381597,20,전복회,"30,000원",30000,true
2778,12381597,21,산낙지,"30,000원",30000,true
2779,12381597,22,멍게/해삼,"30,000원",30000,true
2780,12381597,23,딱새우회,"30,000원",30000,true
2781,12381597,24,생문어숙회,"45,000원",45000,true
2782,12381597,25,간장게장,"65,000원",65000,true
2783,12381597,26,간장새우,"33,000원",33000,true
2784,12381597,27,전복/연어장,"39,000원",39000,true
2785,12381597,28,포항물회,"43,000원",43000,true
2786,12381597,29,중화생선튀김,"45,000원",45000,true
2787,12381597,30,연어구이,"40,000원",40000,true
2788,12381597,31,문어버터구이,"44,000원",44000,true
2789,12381597,32,키조개관자버터구이,"39,000원",39000,true
2790,12381597,33,전복버터구이,"44,000원",44000,true
2791,12381597,34,새우소금구이,"25,000원",25000,true
2792,12381597,35,시사모구이,"25,000원",25000,true
2793,12381597,36,오징어볶음,"20,000원",20000,true
2794,12381597,37,쭈꾸미떡볶이,"28,000원",28000,true
2795,12381597,38,골뱅이무침,"20,000원",20000,true
2796,12381597,39,해물파전,"19,000원",19000,true
2797,12381597,40,해물오뎅탕,"25,000원",25000,true
2798,12381597,41,알듬뿍탕,"28,000원",28000,true
2799,12381597,42,새우덴뿌라,"20,000원",20000,true
2800,12381597,43,오징어데침,"15,000원",15000,true
2801,12381597,44,해물라면,"8,000원",8000,true
2802,12381597,45,바지락칼국수,"8,000원",8000,true
2803,12381597,46,복지리탕,"69,000원",69000,true
2804,12381597,47,킹크랩 (대),"580,000원",580000,true
2805,12381597,48,대게 (대),"230,000원",230000,true
2806,12381597,49,가리비찜,"74,000원",74000,true
2807,12381597,50,치즈가리비구이,"79,000원",79000,true
2808,12381597,51,랍스터스페셜낙곱새,"195,000원",195000,true
2809,12381597,52,랍스터스페셜해신탕,"195,000원",195000,true
2810,12381597,53,랍스터스페셜부대전골,"195,000원",195000,true
2811,12381597,54,랍스터스페셜부대전골 (노랍스터),"149,000원",149000,true
2812,12381597,55,통갈치구이,"79,000원",79000,true
2813,12381597,56,불고기버섯전골,"49,000원",49000,true
2814,12381597,57,낙곱새,"49,000원",49000,true
2815,12381597,58,부대전골,"32,000원",32000,true
2816,12381597,59,소고기잡채,"20,000원",20000,true
2817,12381597,60,생목살김치전골,"28,000원",28000,true
2818,12381597,61,해물된장전골,"28,000원",28000,true
2819,12381597,62,김치전,"15,000원",15000,true
2820,12381597,63,삼계탕,"16,000원",16000,true
2821,12381597,64,해물순두부전골,"28,000원",28000,true
2822,12381597,65,전복죽,"15,000원",15000,true
2823,12381597,66,새우죽,"12,000원",12000,true
2824,12381597,67,양념게장,"45,000원",45000,true
2825,12381597,68,한우육회,"30,000원",30000,true
2826,12381597,69,생삼겹살 (180g),"18,000원",18000,true
2827,12381597,70,목살 (180g),"18,000원",18000,true
2828,12381597,71,양념돼지갈비 (250g),"18,000원",18000,true
2829,12381597,72,고등어초회(시메사바),,,true
2830,12381597,73,랍스터 통갈치 해산물조림,,,true
2831,12381597,74,꽃등심,,,true
2832,12381597,75,꽃갈비살,,,true
2833,12381597,76,양념소갈비,,,true
2834,12381597,77,생간,,,true
2835,12381597,78,생삼겹살,,,true
2836,12381597,79,목살,,,true
2837,12381597,80,양념돼지갈비,,,true
2838,6384291,1,삼사（3pcs）,"14,000원",14000,true
2839,6384291,2,블린치키 스 먀솜（3pcs）,"13,000원",13000,true
2840,6384291,3,체부례키（2pcs）,"13,000원",13000,true
2841,6384291,4,블린치키 스 카푸스토이（3pcs）,"11,000원",11000,true
2842,6384291,5,라쓰테가이 르브느이（1pcs）,"7,000원",7000,true
2843,6384291,6,쿠르닉,"13,000원",13000,true
2844,6384291,7,올리비에,"15,000원",15000,true
2845,6384291,8,쏘테,"15,000원",15000,true
2846,6384291,9,시저（치킨 or 새우）,"18,000원",18000,true
2847,6384291,10,샐료드카 폳 슈보이,"16,000원",16000,true
2848,6384291,11,그레체스키,"16,000원",16000,true
2849,6384291,12,피칸트느의,"16,000원",16000,true
2850,6384291,13,올리브예（연어）,"17,000원",17000,true
2851,6384291,14,녜프툰,"19,000원",19000,true
2852,6384291,15,카르멘,"17,000원",17000,true
2853,6384291,16,솔랸카,"16,000원",16000,true
2854,6384291,17,오크러쉬카,"14,000원",14000,true
2855,6384291,18,보르쉬,"15,000원",15000,true
2856,6384291,19,펠메니 스 불료놈,"13,000원",13000,true
2857,6384291,20,쿠리느이 숲 스 랍셔이,"14,000원",14000,true
2858,6384291,21,우하,"14,000원",14000,true
2859,6384291,22,카르토펠 스 그리바미,"13,000원",13000,true
2860,6384291,23,호밀빵,"4,000원",4000,true
2861,6384291,24,그레치카,"6,000원",6000,true
2862,6384291,25,카르토펠 프리,"6,000원",6000,true
2863,6384291,26,카르토펠노에 퓨레,"8,000원",8000,true
2864,6384291,27,리스,"3,000원",3000,true
2865,6384291,28,카르토펠 아이다하,"7,000원",7000,true
2866,6384291,29,오보쉬 그릴,"11,000원",11000,true
2867,6384291,30,샤실륵（닭고기）,"19,000원",19000,true
2868,3922841,1,고추장불고기 정식,"14,000원",14000,true
2869,3922841,2,돼지갈비찜정식,"15,000원",15000,true
2870,3922841,3,순두부백반,"10,000원",10000,true
2871,3922841,4,쌈정식,"10,000원",10000,true
2872,3922841,5,불고기전골(1인),"14,000원",14000,true
2873,3922841,6,떡갈비정식,"16,000원",16000,true
2874,3922841,7,삼겹살정식,"16,000원",16000,true
2875,3922841,8,반반정식,"18,000원",18000,true
2876,3922841,9,갈비살정식,"19,000원",19000,true
2877,3922841,10,곱창전골(1인),"16,000원",16000,true
2878,1139517,1,한우갈비탕,"32,000원",32000,true
2879,1139517,2,한우갈비양곰탕,"32,000원",32000,true
2880,1139517,3,평양냉면,"16,000원",16000,true
2881,1139517,4,한우불고기정식,"32,000원",32000,true
2882,1139517,5,한우불고기냉면정식,"35,000원",35000,true
2883,1139517,6,순메밀냉면,"20,000원",20000,true
2884,10229475,1,평양냉면,"13,000원",13000,true
2885,10229475,2,한우 불고기 정식(120g),"35,000원",35000,true
2886,10229475,3,양념 갈비 정식(200g),"43,000원",43000,true
2887,10229475,4,간장 게장 정식(500g),"41,000원",41000,true
2888,10229475,5,계절 솥밥 정식,"22,000원",22000,true
2889,10229475,6,토속 된장 비빔밥,"12,000원",12000,true
2890,10229475,7,차돌 된장찌개,"13,000원",13000,true
2891,10229475,8,해장 뚝배기 북엇국,"13,000원",13000,true
2892,10229475,9,평양비빔냉면,"13,000원",13000,true
2893,10229475,10,평양들기름냉면,"14,000원",14000,true
2894,10229475,11,알새우계란찜,"12,000원",12000,true
2895,10229475,12,궁중 녹두전,"11,000원",11000,true
2896,10229475,13,무항생제 한우 불고기(150g),"35,000원",35000,true
2897,10229475,14,숯불 양념 갈비(260g),"39,000원",39000,true
2898,13412735,1,빠네치킨,"29,900원",29900,true
2899,13412735,2,피코치킨,"27,900원",27900,true
2900,13412735,3,갈릭치즈후라이,"18,900원",18900,true
2901,13412735,4,미트 칠리소스 치즈 후라이,"19,900원",19900,true
2902,13412735,5,모듬포테이토,"16,900원",16900,true
2903,13412735,6,레귤러포테이토,"13,900원",13900,true
2904,13412735,7,펍스포테이토,"14,900원",14900,true
2905,13412735,8,케이준포테이토,"15,900원",15900,true
2906,13412735,9,허니갈릭치킨,"19,900원",19900,true
2907,13412735,10,크리스피치킨,"18,900원",18900,true
2908,13412735,11,유린치킨,"24,900원",24900,true
2909,13412735,12,불고기샐러드피자,"24,900원",24900,true
2910,13412735,13,시저샐러드,"18,900원",18900,true
2911,4029280,1,[NEW] 열무칼비빔면,"12,500원",12500,true
2912,4029280,2,[NEW] 열무돈불백비빔밥,"13,500원",13500,true
2913,4029280,3,[시그니처] 본죽장조림버터비빔밥,"13,500원",13500,true
2914,4029280,4,불고기낙지비빔밥 (불낙),"15,000원",15000,true
2915,4029280,5,쇠고기듬뿍야채죽(소고기1.5배),"15,500원",15500,true
2916,4029280,6,전복죽 （보양）,"14,500원",14500,true
2917,4029280,7,낙지김치비빔밥,"14,000원",14000,true
2918,4029280,8,신짬뽕비빔밥,"14,000원",14000,true
2919,4029280,9,전복내장해물비빔밥,"17,000원",17000,true
2920,4029280,10,참치야채비빔밥,"13,000원",13000,true
2921,4029280,11,소불고기나물비빔밥,"14,500원",14500,true
2922,4029280,12,6가지나물비빔밥,"12,000원",12000,true
2923,4029280,13,제육볶음나물비빔밥,"13,000원",13000,true
2924,4029280,14,해물된장뚝배기,"13,000원",13000,true
2925,4029280,15,뚝배기제육볶음,"13,000원",13000,true
2926,4029280,16,소불고기버섯뚝배기,"13,500원",13500,true
2927,4029280,17,쇠고기야채죽,"13,500원",13500,true
2928,4029280,18,쇠고기듬뿍버섯죽(소고기1.5배),"14,500원",14500,true
2929,4029280,19,쇠고기버섯죽,"12,500원",12500,true
2930,4029280,20,새우죽,"12,000원",12000,true
2931,4029280,21,특새우죽 （새우 2배）,"15,000원",15000,true
2932,4029280,22,해물죽,"13,500원",13500,true
2933,4029280,23,특해물죽 （해물 2배）,"16,500원",16500,true
2934,4029280,24,통영굴버섯죽,"12,000원",12000,true
2935,4029280,25,특통영굴버섯죽 （굴 2배）,"15,000원",15000,true
2936,4029280,26,7가지야채죽,"11,500원",11500,true
2937,4029280,27,참치야채죽,"12,500원",12500,true
2938,4029280,28,흰죽,"7,500원",7500,true
2939,4029280,29,진전복죽 （전복 2배）,"18,500원",18500,true
2940,4029280,30,특전복죽 （전복 3배）,"22,500원",22500,true
2941,6960509,1,콩국수,"17,000원",17000,true
2942,6960509,2,섞어찌개,"12,000원",12000,true
2943,6960509,3,김치볶음밥,"12,000원",12000,true
2944,6960509,4,김치찌개,"12,000원",12000,true
2945,6960509,5,삼겹살(170g),"20,000원",20000,true
2946,6960509,6,항정살(150g),"21,000원",21000,true
2947,6960509,7,차돌백이(200g),"23,000원",23000,true
2948,6960509,8,생불고기(200g),"19,000원",19000,true
2949,9974966,1,한정식(2인이상) (1인분),"24,000원",24000,true
2950,9974966,2,한돈돼지불고기,"22,000원",22000,true
2951,9974966,3,한돈돼지갈비,"22,000원",22000,true
2952,9974966,4,낙지볶음,"20,000원",20000,true
2953,9974966,5,보리굴비,"21,000원",21000,true
2954,9974966,6,한우소불고기,"29,000원",29000,true
2955,9974966,7,황태구이,"18,000원",18000,true
2956,9974966,8,홍어회무침,"15,000원",15000,true
2957,9974966,9,해물파전,"20,000원",20000,true
2958,12804718,1,에스프레소,"19,000원",19000,true
2959,12804718,2,에스프레소마키아토(HOT),"20,000원",20000,true
2960,12804718,3,아메리카노(HOT),"19,000원",19000,true
2961,12804718,4,카페라떼(HOT),"21,000원",21000,true
2962,12804718,5,카푸치노(HOT),"21,000원",21000,true
2963,12804718,6,카페모카(HOT),"21,000원",21000,true
2964,12804718,7,밀크초콜릿(HOT),"21,000원",21000,true
2965,12804718,8,아포가토,"23,000원",23000,true
2966,12804718,9,에스프레소마키아토(ICE),"21,000원",21000,true
2967,12804718,10,아메리카노(ICE),"20,000원",20000,true
2968,12804718,11,카페라떼(ICE),"22,000원",22000,true
2969,12804718,12,카푸치노(ICE),"22,000원",22000,true
2970,12804718,13,카페모카(ICE),"22,000원",22000,true
2971,12804718,14,밀크초콜릿(ICE),"22,000원",22000,true
2972,4085151,1,특양구이,"49,000원",49000,true
2973,4085151,2,대창구이,"45,000원",45000,true
2974,4085151,3,한우주물럭,"67,000원",67000,true
2975,4085151,4,한우제비추리,"59,000원",59000,true
2976,4085151,5,우대갈비,"54,000원",54000,true
2977,4085151,6,한우육회,"45,000원",45000,true
2978,4085151,7,한우설화등심 (살치),"88,000원",88000,true
2979,4085151,8,한우안창살,"95,000원",95000,true
2980,4085151,9,한우 토시살,"99,000원",99000,true
2981,4085151,10,한우안심,"88,000원",88000,true
2982,4085151,11,한우명품생갈비,"145,000원",145000,true
2983,4085151,12,갈비탕,"25,000원",25000,true
2984,4085151,13,설렁탕,"13,000원",13000,true
2985,4085151,14,한우육회비밤밥,"19,000원",19000,true
2986,4085151,15,한우꽃등심,"74,000원",74000,true
2987,4085151,16,막창구이,"43,000원",43000,true
2988,4085151,17,한우양념갈비,"77,000원",77000,true
2989,8069857,1,타코샐러드 비프,"28,000원",28000,true
2990,8069857,2,더블스텍클럽 퀘사디아,"36,000원",36000,true
2991,8069857,3,클래식 퀘사디아 치킨,"32,000원",32000,true
2992,8069857,4,칠리 프라이즈,"14,500원",14500,true
2993,7618038,1,백년삼계탕 (1인),"30,000원",30000,true
2994,7618038,2,토종삼계탕 (1인),"19,000원",19000,true
2995,7618038,3,들깨삼계탕 (1인),"21,000원",21000,true
2996,7618038,4,흑마늘삼계탕 (1인),"21,000원",21000,true
2997,7618038,5,전복삼계탕 (1인),"23,000원",23000,true
2998,1371510,1,CHICKEN MAKHANI - 치킨 머커니,"13,000원",13000,true
2999,1371510,2,CHICKEN CURRY - 치킨 커리,"12,000원",12000,true
3000,1371510,3,CHICKEN MASALA - 치킨 머설라,"12,000원",12000,true
3001,1371510,4,CHICKEN DO PIAZA - 치킨 도 피야자,"13,000원",13000,true
3002,1371510,5,CHICKEN TIKA MASALA - 치킨 티카 머설라,"13,000원",13000,true
3003,1371510,6,KADAL CHICKEN - 커다이 치킨,"13,000원",13000,true
3004,1371510,7,MALAI KOFTA - 머라이 코프타,"13,000원",13000,true
3005,1371510,8,PALAK PANIR - 팔럭 퍼니르,"13,000원",13000,true
3006,1371510,9,CHANA MASALA - 쩌나 머설라,"12,000원",12000,true
3007,1371510,10,MUTTON CURRY - 머턴 커리,"13,000원",13000,true
3008,1371510,11,MUTTON VINDALU - 머턴 빈다루,"15,000원",15000,true
3009,1371510,12,PRAWN CURRY - 프라운 커리,"13,000원",13000,true
3010,1371510,13,TANDOORI CHICKEN - 탄두리 치킨 (한마리),"22,000원",22000,true
3011,1371510,14,CHICKEN TANGRI KABAB - 치킨 탕리 케밥,"13,000원",13000,true
3012,9227593,1,간장치킨,,,true
3013,9227593,2,마늘치킨,,,true
3014,9227593,3,매운간장치킨,,,true
3015,9227593,4,매운양념치킨,,,true
3016,9227593,5,순살매운양념치킨,,,true
3017,9227593,6,순살양념치킨,,,true
3018,9227593,7,순살후라이드치킨,,,true
3019,9227593,8,양념치킨,,,true
3020,9227593,9,파닭치킨,,,true
3021,9227593,10,반반치킨,,,true
3022,9227593,11,후라이드치킨,,,true
3023,28152109,1,황금올리브치킨™,"23,000원",23000,true
3024,28152109,2,바사칸 윙,"23,000원",23000,true
3025,28152109,3,[황.양.반] 황올 반+양념 반,"24,000원",24000,true
3026,28152109,4,땡쇼크,"25,000원",25000,true
3027,28152109,5,맵소디,"24,500원",24500,true
3028,28152109,6,황금올리브치킨™양념,"24,500원",24500,true
3029,28152109,7,필크런치,"27,000원",27000,true
3030,28152109,8,필크런치 소스 세트,"29,000원",29000,true
3031,28152109,9,필크런치 소떡 세트,"32,000원",32000,true
3032,28152109,10,필크런치 치즈볼 세트,"32,000원",32000,true
3033,28152109,11,필크런치 떡볶이 세트,"34,000원",34000,true
3034,28152109,12,필크런치 더블 PICK 세트,"46,000원",46000,true
3035,28152109,13,필크런치 트리플 PICK 세트,"52,000원",52000,true
3036,28152109,14,황금올리브치킨™ + 코카-콜라1.25L,"26,000원",26000,false
3037,28152109,15,황금올리브치킨™ + 코카-콜라제로1.25L,"26,000원",26000,false
3038,28152109,16,황금올리브치킨™핫크리스피 + 코카-콜라1.25L,"27,000원",27000,false
3039,28152109,17,황올 반+양념 반 + 코카-콜라제로1.25L,"27,000원",27000,false
3040,28152109,18,자메이카 통다리구이 + 코카-콜라제로1.25L,"27,000원",27000,false
3041,28152109,19,황금올리브치킨™핫윙(VAP),"23,000원",23000,true
3042,28152109,20,황금올리브치킨™핫크리스피,"24,000원",24000,true
3043,28152109,21,크런치 순살크래커,"20,000원",20000,true
3044,28152109,22,크런치 순살크래커 반반,"21,000원",21000,true
3045,28152109,23,황금올리브치킨™블랙페퍼,"24,000원",24000,true
3046,28152109,24,크런치버터치킨,"24,000원",24000,true
3047,28152109,25,뿜치킹,"25,000원",25000,true
3048,28152109,26,자메이카 소떡만나치킨,"24,000원",24000,true
3049,28152109,27,극한왕갈비치킨,"23,000원",23000,true
3050,28152109,28,핫베이크 윙,"24,000원",24000,true
3051,28152109,29,소주,"4,000원",4000,false
3052,28152109,30,병맥주,"4,000원",4000,false
3053,12668025,1,마사탓스,"16,000원",16000,true
3054,12668025,2,타키토스,"10,000원",10000,true
3055,12668025,3,치킨 케사디아,"13,000원",13000,true
3056,12668025,4,새우 소프트 타코,"9,500원",9500,true
3057,12668025,5,더웍스 브렉퍼스트 부리또,"16,000원",16000,true
3058,12668025,6,팅가치킨 부리또,"13,000원",13000,true
3059,12668025,7,마사 프라이,"16,000원",16000,true
3060,12668025,8,스테이크 치즈 프라이즈,"16,000원",16000,true
3061,12668025,9,칼네치즈나쵸스,"15,000원",15000,true
3062,12668025,10,과카몰리,"12,000원",12000,true
3063,12668025,11,비프 케사디아,"15,000원",15000,true
3064,12668025,12,포크 케사디아,"13,000원",13000,true
3065,12668025,13,초리초 케사디아,"13,000원",13000,true
3066,12668025,14,NEW 스테이크 케사디아,"15,000원",15000,true
3067,12668025,15,치포트레 비프 소프트 타코,"10,000원",10000,true
3068,12668025,16,스테이크 소프트 타코,"10,000원",10000,true
3069,12668025,17,초리초 소프트 타코,"8,500원",8500,true
3070,12668025,18,치포트레 비프 크런치 프레스카 타코,"5,000원",5000,true
3071,12668025,19,토마티오 포크 크런치 프레스카 타코,"4,500원",4500,true
3072,12668025,20,팅가치킨 크런치 프레스카 타코,"4,500원",4500,true
3073,12668025,21,치포트레 비프 더블랩 프레스카 타코,"6,000원",6000,true
3074,12668025,22,토마티오 포크 더블랩 프레스카 타코,"5,500원",5500,true
3075,12668025,23,팅가치킨 더블랩 프레스카 타코,"5,500원",5500,true
3076,12668025,24,베이컨 브렉퍼스트 부리또,"13,500원",13500,true
3077,12668025,25,초리조 브렉퍼스트 부리또,"13,500원",13500,true
3078,12668025,26,스테이크 부리또,"15,500원",15500,true
3079,12668025,27,새우 부리또,"15,500원",15500,true
3080,12668025,28,블루문 330mL,"9,500원",9500,true
3081,12668025,29,코로나 335mL,"7,500원",7500,true
3082,12668025,30,스텔라 아르투아 335mL,"7,500원",7500,true
3083,28040257,1,시그니처 플래터,"43,000원",43000,true
3084,28040257,2,꾸븐떡볶이,"14,000원",14000,true
3085,28040257,3,필방 스페셜 치킨,"28,000원",28000,true
3086,28040257,4,필방 시그니처 플래터 미니(런치),"18,000원",18000,true
3087,28040257,5,필방 반반 튀김,"16,000원",16000,true
3088,28040257,6,필방 고추튀김,"11,000원",11000,true
3089,28040257,7,필방 똥집 튀김,"11,000원",11000,true
3090,28040257,8,소이살살 샐러드,"13,000원",13000,true
3091,28040257,9,필방샐러드,"11,000원",11000,true
3092,28040257,10,포테이토&칩스,"11,000원",11000,true
3093,28040257,11,필방 치킨버거,"11,000원",11000,true
3094,28040257,12,필방 치킨버거 세트(런치),"14,000원",14000,true
3095,28040257,13,마라레드,"20,000원",20000,true
3096,28040257,14,닭가슴살 트러플 볶음밥,"12,000원",12000,true
3097,28040257,15,찜닭(간장),"28,000원",28000,true
3098,28040257,16,찜닭(토마토),"28,000원",28000,true
3099,28040257,17,닭목살육전,"18,000원",18000,true
3100,28040257,18,치킨 스테이크,"16,000원",16000,true
3101,28040257,19,필방 한식세트,"53,000원",53000,true
3102,4826338,1,슈프림 피자 (반판),"10,000원",10000,true
3103,4826338,2,블루 치즈 피자 (반판),"12,000원",12000,true
3104,4826338,3,페스토 피자 (반판),"12,000원",12000,true
3105,4826338,4,프라이드 치킨 (반 마리),"10,000원",10000,true
3106,4826338,5,양념 치킨 (반 마리),"12,000원",12000,true
3107,25411976,1,데킬라 샷 Tequila Shot,"6,000원",6000,true
3108,25411976,2,럼/진/볻카 원믹스 Rum/Gin/Vodka One Mix,"8,000원",8000,true
3109,4049663,1,평일점심 (일반),"155,000원",155000,true
3110,4049663,2,평일 저녁/주말/공휴일 (일반),"175,000원",175000,true
3111,4049663,3,평일점심 (초등학생),"75,000원",75000,true
3112,4049663,4,평일 저녁/주말/공휴일 (초등학생),"85,000원",85000,true
3113,4049663,5,평일점심 (미취학 아동),"40,000원",40000,true
3114,4049663,6,평일 저녁/주말/공휴일 (미취학 아동),"45,000원",45000,true
3115,28986862,1,Signature Course,,,true
3116,28986862,2,Posh Course,,,true
3117,28986862,3,Bar Course,,,true
3118,28986862,4,Kids Course,,,true
3119,13476366,1,콰삭킹,"23,000원",23000,true
3120,13476366,2,뿌링클,"23,000원",23000,true
3121,13476366,3,후라이드/양념 반반치킨,"23,000원",23000,true
3122,13476366,4,HOT후라이드,"23,000원",23000,true
3123,13476366,5,뿌링클 콤보,"25,000원",25000,true
3124,13476366,6,뿌링클（반）＋치즈볼＋콜라245ml,"21,000원",21000,false
3125,13476366,7,맛초킹（반）＋치즈볼＋콜라245ml,"20,000원",20000,false
3126,13476366,8,[NEW] 쏘이갈릭킹(허니),"23,900원",23900,true
3127,13476366,9,[NEW] 쏘이갈릭킹(허니) 콤보,"26,900원",26900,true
3128,13476366,10,[NEW] 쏘이갈릭킹(허니) 순살,"26,900원",26900,true
3129,13476366,11,[NEW] 쏘이갈릭킹(허니) 윙,"26,900원",26900,true
3130,13476366,12,[NEW] 쏘이갈릭킹(허니) 스틱,"26,900원",26900,true
3131,13476366,13,[NEW] 쏘이갈릭킹(오리지널),"23,900원",23900,true
3132,13476366,14,[NEW] 쏘이갈릭킹(오리지널) 콤보,"26,900원",26900,true
3133,13476366,15,[NEW] 쏘이갈릭킹(오리지널) 순살,"26,900원",26900,true
3134,13476366,16,[NEW] 쏘이갈릭킹(오리지널) 윙,"26,900원",26900,true
3135,13476366,17,[NEW] 쏘이갈릭킹(오리지널) 스틱,"26,900원",26900,true
3136,13476366,18,[NEW] 스윗 갈릭 소스,"1,500원",1500,true
3137,13476366,19,콰삭킹 순살 로제세트,"31,500원",31500,true
3138,13476366,20,쏘이갈릭킹(오리지널) 순살 로제세트,"35,400원",35400,true
3139,13476366,21,쏘이갈릭킹(허니) 순살 로제세트,"35,400원",35400,true
3140,13476366,22,치즈 꿀조합 세트,"20,500원",20500,true
3141,13476366,23,찍먹 꿀조합 세트,"23,000원",23000,true
3142,13476366,24,스윗칠리킹,"23,900원",23900,true
3143,13476366,25,스윗칠리킹 콤보,"26,900원",26900,true
3144,13476366,26,스윗칠리킹 순살,"26,900원",26900,true
3145,13476366,27,스윗칠리킹 윙,"26,900원",26900,true
3146,13476366,28,스윗칠리킹 스틱,"25,900원",25900,true
3147,13476366,29,소주..,"6,000원",6000,false
3148,13476366,30,카스（병）.,"6,000원",6000,true
3149,3922433,1,설렁탕 (보),"11,000원",11000,true
3150,3922433,2,도가니수육,"50,000원",50000,true
3151,3922433,3,전골수육,"22,000원",22000,true
3152,3922433,4,차돌탕,"16,000원",16000,true
3153,3922433,5,빈대떡,"9,000원",9000,true
3154,12979587,1,평일 런치,"19,900원",19900,true
3155,12979587,2,평일 디너,"25,900원",25900,true
3156,12979587,3,주말 및 공휴일,"27,900원",27900,true
3157,12979587,4,평일 디너 초등학생,"15,900원",15900,true
3158,12979587,5,미취학 아동,"7,900원",7900,true
3159,12979587,6,평일런치 초등학생,"12,900원",12900,true
3160,12979587,7,주말 및 공휴일 초등학생,"15,900원",15900,true
3161,8807219,1,샐러드,"10,000원",10000,true
3162,8807219,2,오리고기 스테이크,"25,000원",25000,true
3163,8807219,3,오리고기 파르망티예,"25,000원",25000,true
3164,8807219,4,소고기 타르타르 (2명),"10,000원",10000,true
3165,8807219,5,오리고기 리예뜨,"10,000원",10000,true
3166,8807219,6,훈제 연어,"10,000원",10000,true
3167,8807219,7,석화,"10,000원",10000,true
3168,8807219,8,Mixed plate (charcuterie/cheese),"25,000원",25000,true
3169,8807219,9,소고기 부르기뇽,"25,000원",25000,true
3170,8807219,10,등심 스테이크,"25,000원",25000,true
3171,8807219,11,오늘의 생선,"25,000원",25000,true
3172,8807219,12,감자 그라탕,"10,000원",10000,true
3173,8807219,13,카넬로니,"10,000원",10000,true
3174,8807219,14,감자 튀김,"10,000원",10000,true
3175,8807219,15,크림 뷔릴레,"7,500원",7500,true
3176,8807219,16,초콜릿 무스,"7,500원",7500,true
3177,8807219,17,과일과 머링,"7,500원",7500,true
3178,34272755,1,전복이퐁당~해물듬뿍물회,"27,900원",27900,true
3179,34272755,2,제철모둠사시미,"31,900원",31900,true
3180,34272755,3,제철모둠해산물,"28,900원",28900,true
3181,34272755,4,불맛야끼우동,"9,900원",9900,true
3182,34272755,5,(산지직송)통영뿔소라한상,"21,900원",21900,true
3183,34272755,6,미미육회한상,"18,900원",18900,true
3184,34272755,7,(노원유일)비빔막회,"23,900원",23900,true
3185,34272755,8,유쾌한낙지(비빔),"23,900원",23900,true
3186,34272755,9,힘좋은산낙지,"13,900원",13900,true
3187,34272755,10,탱글산낙지탕탕이,"14,900원",14900,true
3188,34272755,11,1인 생연어사시미,"10,900원",10900,true
3189,34272755,12,1인 대광어사시미,"11,900원",11900,true
3190,34272755,13,참치타다끼,"14,900원",14900,true
3191,34272755,14,매운오징어볶음+칼국수,"23,900원",23900,true
3192,34272755,15,한정판매스키야키(매일20개),"23,900원",23900,true
3193,34272755,16,흑백요리사동파육(일본식),"9,900원",9900,true
3194,34272755,17,본토식오꼬노미야끼,"9,900원",9900,true
3195,34272755,18,수제오렌지크림새우,"8,900원",8900,true
3196,34272755,19,힘이나는스지어묵탕,"18,900원",18900,true
3197,34272755,20,얼큰차돌순두부,"12,900원",12900,true
3198,34272755,21,추울땐? 낙곱새,"23,900원",23900,true
3199,34272755,22,해장산낙지연포탕,"32,900원",32900,true
3200,34272755,23,오사카식철판계란말이,"12,900원",12900,true
3201,34272755,24,명동불닭오믈렛,"12,900원",12900,true
3202,34272755,25,숯불매콤닭꼬치,"4,000원",4000,true
3203,34272755,26,숯불데리야끼닭꼬치,"4,000원",4000,true
3204,34272755,27,숯불소금닭꼬치,"4,000원",4000,true
3205,34272755,28,염통소금구이(5개),"6,900원",6900,true
3206,34272755,29,반건조버터오징어,"14,900원",14900,true
3207,34272755,30,(쫀득달콤)간장메로구이,"22,900원",22900,true
3208,34272755,31,뽈락구이(소금맛),"15,900원",15900,true
3209,34272755,32,매콤뽈락양념튀김,"15,900원",15900,true
3210,34272755,33,수제일본식치킨가라아게,"8,900원",8900,true
3211,34272755,34,수제삿포로식유린기,"9,900원",9900,true
3212,34272755,35,수제로스가츠(등심),"9,900원",9900,true
3213,34272755,36,수제에비후라이,"7,900원",7900,true
3214,34272755,37,수제오징어튀김,"7,900원",7900,true
3215,34272755,38,수제깐쇼새우,"9,900원",9900,true
3216,34272755,39,슈프림 치킨닭강정,"8,900원",8900,true
3217,34272755,40,치즈빠다갈릭감자,"7,900원",7900,true
3218,34272755,41,육회초밥롤,"17,900원",17900,true
3219,34272755,42,매콤오돌뼈와주먹밥,"13,900원",13900,true
3220,34272755,43,명란크림우동,"8,900원",8900,true
3221,34272755,44,타코와사비,"8,900원",8900,true
3222,776544,1,단팥죽,"8,000원",8000,true
3223,776544,2,쌍화자(십전대보차),"8,000원",8000,true
3224,776544,3,수정과,"8,000원",8000,true
3225,776544,4,생강대추차,"7,000원",7000,true
3226,776544,5,식혜,"7,000원",7000,true
3227,12364738,1,싱글플래터,"19,500원",19500,true
3228,12364738,2,더블플래터,"37,900원",37900,true
3229,12364738,3,파티플래터,"71,900원",71900,true
3230,12364738,4,버팔로윙 15개,"21,900원",21900,true
3231,12364738,5,버팔로윙 20개,"28,500원",28500,true
3232,12364738,6,버팔로윙 10개,"14,900원",14900,true
3233,12364738,7,순살 14개,"14,900원",14900,true
3234,12364738,8,순살 21개,"21,900원",21900,true
3235,12364738,9,순살 28개,"28,500원",28500,true
3236,12364738,10,코울슬로,"4,500원",4500,true
3237,12364738,11,슈스트링 감자튀김,"5,500원",5500,true
3238,12364738,12,크링클컷 감자튀김,"5,500원",5500,true
3239,12364738,13,대왕 양파링 크로켓,"6,500원",6500,true
3240,12364738,14,시저 샐러드,"5,900원",5900,true
3241,12364738,15,비프칠리,"6,900원",6900,true
3242,7234215,1,리코타 핫케이크,"25,000원",25000,true
3243,7234215,2,빌즈 찹 샐러드,"25,000원",25000,true
3244,7234215,3,빌즈 플레이트,"31,000원",31000,true
3245,7234215,4,크리스피 화이트 페퍼 치킨,"13,000원",13000,true
3246,7234215,5,에그 브리오슈 롤,"24,000원",24000,true
3247,7234215,6,한우 채끝 스테이크,"54,000원",54000,true
3248,7234215,7,오레키에테,"27,000원",27000,true
3249,7234215,8,풀 오지,"31,000원",31000,true
3250,7234215,9,흑임자 라떼,"8,000원",8000,true
3251,7234215,10,아이스 라떼,"8,000원",8000,true
3252,7234215,11,자스민 피치 소다,"8,500원",8500,true
3253,7234215,12,"콜드브루 차 (겐마이차, 우롱차, 호지차)","8,000원",8000,true
3254,7234215,13,빌즈 사케 칵테일,"17,000원",17000,true
3255,7234215,14,그린 올리브,"7,800원",7800,true
3256,7234215,15,마르코나 아몬드,"7,800원",7800,true
3257,7234215,16,농어 크루도,"17,000원",17000,true
3258,7234215,17,명란 딥&크루디테,"13,000원",13000,true
3259,7234215,18,쥬키니칩,"11,000원",11000,true
3260,7234215,19,그릴에 구운 가지,"14,000원",14000,true
3261,7234215,20,제철 토마토 샐러드,"25,000원",25000,true
3262,7234215,21,구운 새우 샐러드,"25,000원",25000,true
3263,7234215,22,새우 링귀니 파스타,"28,000원",28000,true
3264,7234215,23,비프 버거,"28,000원",28000,true
3265,7234215,24,치킨 슈니첼,"26,000원",26000,true
3266,7234215,25,구운 농어,"51,000원",51000,true
3267,7234215,26,포크 찹,"48,000원",48000,true
3268,7234215,27,솔티드 피넛 브리틀,"9,000원",9000,true
3269,7234215,28,초콜릿 캐슈넛 무스,"12,000원",12000,true
3270,7234215,29,파블로바,"16,000원",16000,true
3271,7234215,30,콩가루 마들렌,"16,000원",16000,true
3272,16766231,1,트리플치즈버거세트,"13,500원",13500,true
3273,16766231,2,더블치즈세트,"10,900원",10900,true
3274,16766231,3,더블치즈버거,"7,900원",7900,true
3275,16766231,4,치즈버거세트,"8,900원",8900,true
3276,16766231,5,트리플치즈버거,"10,500원",10500,true
3277,16766231,6,치즈버거,"5,500원",5500,true
3278,16766231,7,감자튀김,"2,500원",2500,true
3279,16766231,8,치즈감자튀김,"4,500원",4500,true
3280,16766231,9,밀크쉐이크,"5,000원",5000,true
3281,16766231,10,음료수,"2,500원",2500,false
3282,16766231,11,크라이 치킨접시 (6조각),"16,900원",16900,true
3283,16766231,12,크라이 치킨접시 (4조각),"12,900원",12900,true
3284,16766231,13,크라이 치킨접시 (3조각),"9,900원",9900,true
3285,16766231,14,크라이 불치킨접시 (6조각),"17,900원",17900,true
3286,16766231,15,크라이 불치킨접시 (4조각),"13,900원",13900,true
3287,16766231,16,크라이 불치킨접시 (3조각),"10,900원",10900,true
3288,16766231,17,크라이 치킨버거 세트,"11,900원",11900,true
3289,16766231,18,크라이 불치킨버거 세트,"12,900원",12900,true
3290,16766231,19,크라이 치킨버거,"7,900원",7900,true
3291,16766231,20,크라이 불치킨 버거,"8,900원",8900,true
3292,9213113,1,평일 런치 뷔페(성인),"32,000원",32000,true
3293,9213113,2,평일 런치 뷔페(키즈),"15,000원",15000,true
3294,9213113,3,주말 런치 뷔페(성인),"39,000원",39000,true
3295,9213113,4,주말 런치 뷔페(키즈),"15,000원",15000,true
3296,9213113,5,평일/주말 디너 뷔페(성인),"49,000원",49000,true
3297,9213113,6,평일/주말 디너 뷔페(키즈),"20,000원",20000,true
3298,34158987,1,산해진미 한우세트,"339,000원",339000,true
3299,34158987,2,여의도샛강역 한우그릴링서비스,,,false
3300,34158987,3,여의도샛강역 주주총회술이벤트,,,false
3301,34158987,4,여의도샛강역 요일별점심할인전,변동가격,,true
3302,34158987,5,여의도샛강역 정성간식배달이벤트,,,false
3303,34158987,6,★프리미엄 한우 선물세트★,변동가격,,true
3304,34158987,7,504시간 숙성 특 등심 150g,"57,000원",57000,true
3305,34158987,8,504시간 숙성 특 안심 150g,"63,000원",63000,true
3306,34158987,9,504시간 숙성 특 낙엽살 150g,"57,000원",57000,true
3307,34158987,10,504시간 숙성 특 업진살 150g,"57,000원",57000,true
3308,34158987,11,504시간 숙성 새우살 150g,"75,000원",75000,true
3309,34158987,12,담백한 토시살 150g,"75,000원",75000,true
3310,34158987,13,숯불즉석양념구이 150g,"57,000원",57000,true
3311,34158987,14,"극소량 한정, 한우 안창살 150g","75,000원",75000,true
3312,34158987,15,육즙 폭발 소한마리 400g,"129,000원",129000,true
3313,34158987,16,"등안새 300g (등심,안심,새우살)","139,000원",139000,true
3314,34158987,17,바이킹 생갈비살 1kg,"340,000원",340000,true
3315,34158987,18,삼대진미 프리미엄코스,"698,000원",698000,true
3316,34158987,19,한우 숯불양념 정식,"45,000원",45000,true
3317,34158987,20,원기회복 장어솥밥,"29,000원",29000,true
3318,34158987,21,갈비찜 솥밥정식,"29,000원",29000,true
3319,34158987,22,전복해물우니 솥밥,"28,000원",28000,true
3320,34158987,23,게장 들기름막국수,"32,000원",32000,true
3321,34158987,24,신선한 한우육회,"38,000원",38000,true
3322,34158987,25,사르르 녹는 갈비살 150g,"75,000원",75000,true
3323,34158987,26,라이브 랍스터 라면,"48,000원",48000,true
3324,34158987,27,대왕전복 버터구이,"25,000원",25000,true
3325,34158987,28,와인 치즈플래터,"45,000원",45000,true
3326,34158987,29,전통 한우육전,"35,000원",35000,true
3327,34158987,30,해남 묵은지 김치찌개,"15,000원",15000,true
3328,34158987,31,부드러운 치즈계란찜,"7,000원",7000,true
3329,34158987,32,향긋한 더덕구이,"12,000원",12000,true
3330,34158987,33,Soul 명품 모둠,"149,000원",149000,true
3331,34158987,34,대왕전복회(2미),"48,000원",48000,true
3332,34158987,35,키조개 관자 버터구이,"15,000원",15000,true
3333,34158987,36,산낙지볶음,"45,000원",45000,true
3334,34158987,37,산낙지숙회,"38,000원",38000,true
3335,34158987,38,골뱅이소면,"38,000원",38000,true
3336,34158987,39,떡볶이,"15,000원",15000,true
3337,34158987,40,참송이 해장라면,"12,000원",12000,true
3338,34158987,41,참송이 들기름,"22,000원",22000,true
3339,34158987,42,명인 보리된장찌개,"12,000원",12000,true
3340,34158987,43,차돌된장술밥,"10,000원",10000,true
3341,34158987,44,누룽지 + 명인보리된장찌개,"8,000원",8000,true
3342,34158987,45,영양솥밥 + 명인 보리된장찌개,"8,000원",8000,true
3343,34158987,46,누룽지,"3,000원",3000,true
3344,34158987,47,영양솥밥,"3,000원",3000,true
3345,34158987,48,간장게장 들기름 막국수 + 솥밥,"32,000원",32000,true
3346,34158987,49,냉면(물/비빔),"9,000원",9000,true
3347,34158987,50,후식냉면(물/비빔),"6,000원",6000,true
3348,4070870,1,간장게장 (중),"42,000원",42000,true
3349,4070870,2,꽃게범벅,"65,000원",65000,true
3350,4070870,3,양념게장 (소),"53,000원",53000,true
3351,4070870,4,게살 비빔밥,"25,000원",25000,true
3352,4070870,5,뚝배기 꽃게탕,"15,000원",15000,true
3353,4070870,6,꽃게탕 (소),"65,000원",65000,true
3354,4070870,7,대하구이,"40,000원",40000,true
3355,4070870,8,낙지볶음,"40,000원",40000,true
3356,4070870,9,간장게장 (특대),"50,000원",50000,true
3357,4070870,10,간장게장 (대),"46,000원",46000,true
3358,4070870,11,양념게장 (대),"70,000원",70000,true
3359,4070870,12,꽃게탕 (대),"85,000원",85000,true
3360,4070870,13,꽃게탕 (미니),"50,000원",50000,true
3361,4070870,14,게살비빔밥(런치 특선),"15,000원",15000,true
3362,4070870,15,양념 게살 비빔밥(런치 특선),"15,000원",15000,true
3363,7748449,1,한정식 (2인이상),"24,000원",24000,true
3364,7748449,2,한돈돼지불고기,"22,000원",22000,true
3365,7748449,3,한우소불고기,"29,000원",29000,true
3366,7748449,4,한돈돼지갈비,"22,000원",22000,true
3367,7748449,5,낙지볶음,"20,000원",20000,true
3368,7748449,6,홍어회무침,"15,000원",15000,true
3369,7748449,7,황태구이,"18,000원",18000,true
3370,7748449,8,보리굴비,"21,000원",21000,true
3371,7748449,9,해물파전,"20,000원",20000,true
3372,16740764,1,기본 1시간 (10분당 600원),"3,600원",3600,true
3373,16740764,2,1시간 + 음료,"6,500원",6500,false
3374,16740764,3,2시간 + 음료,"9,500원",9500,false
3375,16740764,4,3시간 + 음료,"12,000원",12000,false
3376,16740764,5,5시간 + 음료,"17,000원",17000,false
3377,16740764,6,"심야 요금제 (12시간, 19시부터)","18,000원",18000,true
3378,34298799,1,청와대 귀빈 세트(600g),"66,000원",66000,true
3379,34298799,2,한돈 목살(200g),"26,000원",26000,true
3380,34298799,3,한돈 삼겹살(200g),"26,000원",26000,true
3381,34298799,4,한돈 항정살(130g),"28,000원",28000,true
3382,34298799,5,한우 된장찌개,"10,000원",10000,true
3383,34298799,6,돼지 김치찌개,"10,000원",10000,true
3384,34298799,7,누룽지,"7,000원",7000,true
3385,34298799,8,계란찜,"7,000원",7000,true
3386,34298799,9,한돈 가브리살(150g),"26,000원",26000,true
3387,34298799,10,비빔냉면,"8,000원",8000,true
3388,34298799,11,물냉면,"8,000원",8000,true
3389,34298799,12,청와대 심야 세트 (400g / 21시 이후),"44,000원",44000,true
3390,34298799,13,1++ 한우 뭉티기(150g),"45,000원",45000,true
3391,34298799,14,1++ 한우 우니 육회(150g),"48,000원",48000,true
3392,34298799,15,1++ 한우 육회(150g),"33,000원",33000,true
3393,34298799,16,한돈 덜미살(150g),"23,000원",23000,true
3394,34298799,17,유동 골뱅이 소면,"30,000원",30000,true
3395,34298799,18,육회 비빔바,"18,000원",18000,true
3396,7747972,1,신선한 블루베리 밀푀유,"17,000원",17000,true
3397,7747972,2,10꼬르소 꼬모 카페 시그니쳐 크리미 티라미수,"18,000원",18000,true
3398,7747972,3,팥과무화과를 곁들인 '스노우 아이스' 밀크빙수,"16,000원",16000,true
3399,7747972,4,녹차가루와 녹차젤라또를 곁들인 '스노우 아이스'밀크빙수,"16,000원",16000,true
3400,7747972,5,후레쉬 과일을 곁들인 그리스산 요거트 젤라또,"18,000원",18000,true
3401,7747972,6,카라멜 입힌 호두와 히말라야 핑크 소금이 들어간 카라멜 젤라또,"15,000원",15000,true
3402,7747972,7,로얄밀크티와 바닐라 젤라또를 곁들인 '스노우 아이스' 밀크빙수,"18,000원",18000,true
3403,7747972,8,밤 라비올라와 마스카포네 사바용,"18,000원",18000,true
3404,7747972,9,바닐라 젤라또를 올린 10꼬르소 꼬모 카페 시그니쳐 다크 초코렛 타르트,"18,000원",18000,true
3405,7747972,10,벌꿀을 곁들인 10꼬르소 꼬모 카페 시그니쳐 세미 프레도,"19,000원",19000,true
3406,7747972,11,브두러운 솜사탕을 얹은 10 꼬르소 꼬모 카페 시그니쳐 바닐라 아포가토,"16,000원",16000,true
3407,7747972,12,배 (Fresh juice),"17,000원",17000,true
3408,7747972,13,배&생강 (Fresh juice),"17,000원",17000,true
3409,7747972,14,오렌지 (Fresh juice),"17,000원",17000,true
3410,7747972,15,자몽 (Fresh juice),"17,000원",17000,true
3411,7747972,16,오렌지&자몽 (Fresh juice),"17,000원",17000,true
3412,7747972,17,사과&펜넬 (Fresh juice),"17,000원",17000,true
3413,7747972,18,사과&비트 (Fresh juice),"17,000원",17000,true
3414,7747972,19,당근 (Fresh juice),"17,000원",17000,true
3415,7747972,20,사과 (Fresh juice),"17,000원",17000,true
3416,10169301,1,한우양선지 해장국,"14,000원",14000,true
3417,10169301,2,곱창전골 (중),"67,000원",67000,true
3418,10169301,3,한우내장탕,"16,000원",16000,true
3419,10169301,4,한우1++양지곰탕,"16,000원",16000,true
3420,10169301,5,한우우족탕,"23,000원",23000,true
3421,10169301,6,한우1++양지수육 (중),"47,000원",47000,true
3422,29004603,1,산장 솥밥,"4,000원",4000,true
3423,29004603,2,살얼음 동치미 국수,"9,000원",9000,true
3424,29004603,3,산나물 비빔면,"9,000원",9000,true
3425,29004603,4,깻잎순 된장찌개,"8,000원",8000,true
3426,29004603,5,산장 돼지 김치찌개,"9,000원",9000,true
3427,29004603,6,콩나물 짬뽕라면,"7,000원",7000,true
3428,29004603,7,삼겹살 한 판,"38,000원",38000,true
3429,29004603,8,목살 한 판,"36,000원",36000,true
3430,29004603,9,항정살,"21,000원",21000,true
3431,29004603,10,가브리살,"21,000원",21000,true
3432,7234239,1,꽃항정살(1인),"22,000원",22000,true
3433,7234239,2,제부 특목살(1인),"22,000원",22000,true
3434,7234239,3,제부 특오겹살(1인),"22,000원",22000,true
3435,7234239,4,제부 특양념구이(1인),"20,000원",20000,true
3436,7234239,5,소 양념갈비(1인),"38,000원",38000,true
3437,7234239,6,살치살(1인),"38,000원",38000,true
3438,7234239,7,한우육회(1인),"25,000원",25000,true
3439,7234239,8,옛날 불고기전골(1인),"25,000원",25000,true
3440,17637278,1,고기덮밥세트,"13,900원",13900,true
3441,17637278,2,칼국수수육한상차림,"13,900원",13900,true
3442,17637278,3,칼국수세트,"13,900원",13900,true
3443,17637278,4,미역국세트,"13,900원",13900,true
3444,17637278,5,육전비빔칼국수 세트,"15,900원",15900,true
3445,7748326,1,돈코츠라멘,"10,000원",10000,true
3446,7748326,2,마제소바,"12,000원",12000,true
3447,7748326,3,카라구치라멘,"11,000원",11000,true
3448,7748326,4,쿠로라멘,"11,000원",11000,true
3449,7748326,5,츠케맨,"12,000원",12000,true
3450,7748326,6,교자,"4,000원",4000,true
3451,7748326,7,챠슈메시,"4,000원",4000,true
3452,7808549,1,Fish & Chips,"21,900원",21900,true
3453,7808549,2,Bangers & Mash,"15,900원",15900,true
3454,7808549,3,Cottage Pie,"14,900원",14900,true
3455,7808549,4,미트파이&매쉬,"11,900원",11900,true
3456,7808549,5,스카치에그,"12,900원",12900,true
3457,7808549,6,미트볼 파스타,"14,900원",14900,true
3458,7808549,7,새우 올리브오일 파스타,"14,900원",14900,true
3459,7808549,8,봉골레 파스타,"14,900원",14900,true
3460,7808549,9,맥앤치즈,"9,900원",9900,true
3461,7808549,10,페퍼로니 피자,"11,900원",11900,true
3462,7808549,11,베이컨 포테이토 피자,"11,900원",11900,true
3463,7808549,12,치킨 윙&봉,"12,900원",12900,true
3464,7808549,13,애플크럼블과 바닐라 아이스크림,"4,900원",4900,true
3465,7808549,14,런던프라이드(Draft),"10,900원",10900,true
3466,7808549,15,기네스(Draft),"11,900원",11900,true
3467,7808549,16,코젤 다크(Draft),"8,900원",8900,true
3468,7808549,17,스텔라 아르투아(Draft),"9,900원",9900,true
3469,7808549,18,버드와이저(Draft),"6,900원",6900,true
3470,7808549,19,레드락(Draft),"4,900원",4900,true
3471,4414181,1,내장탕,"14,000원",14000,true
3472,4414181,2,설렁탕,"14,000원",14000,true
3473,4414181,3,꼬리탕,"25,000원",25000,true
3474,4414181,4,내장탕 (특),"18,000원",18000,true
3475,4414181,5,도가니탕,"25,000원",25000,true
3476,4414181,6,설렁탕 (특),"18,000원",18000,true
3477,4414181,7,우족탕,"27,000원",27000,true
3478,4414181,8,수육 (소),"35,000원",35000,true
3479,4414181,9,내장수육 (소),"35,000원",35000,true
3480,4414181,10,꼬리찜,"65,000원",65000,true
3481,4414181,11,도가니수육,"65,000원",65000,true
3482,4414181,12,우족수육,"65,000원",65000,true
3483,4414181,13,수육 (대),"45,000원",45000,true
3484,4414181,14,내장수육 (대),"45,000원",45000,true
3485,3627423,1,녹두빈대떡,"6,000원",6000,true
3486,3627423,2,육회모듬,"29,000원",29000,true
3487,3627423,3,육회,"21,000원",21000,true
3488,3627423,4,육회탕탕이,"35,000원",35000,true
3489,3627423,5,낙지탕탕이,"17,000원",17000,true
3490,3627423,6,육회비빔밥,"10,000원",10000,true
3491,3627423,7,육회비빔밥 (특),"13,000원",13000,true
3492,3627423,8,모듬,"16,000원",16000,true
3493,3627423,9,고기완자(1장),"4,000원",4000,true
3494,3627423,10,새우빈대떡,"12,000원",12000,true
3495,3627423,11,고기빈대떡,"12,000원",12000,true
3496,3627423,12,골뱅이무침,"15,000원",15000,true
3497,3627423,13,홍어무침,"15,000원",15000,true
3498,3627423,14,꼬마김밥,"5,000원",5000,true
3499,3627423,15,물만두,"5,000원",5000,true
3500,3627423,16,떡볶이,"5,000원",5000,true
3501,3627423,17,무침오뎅 (3개),"2,000원",2000,true
3502,15209986,1,국물떡볶이,"10,000원",10000,true
3503,15209986,2,교남교리김밥,"6,000원",6000,true
3504,15209986,3,교남김밥,"4,700원",4700,true
3505,15209986,4,오징어채김밥,"6,300원",6300,true
3506,15209986,5,양념더덕김밥,"7,500원",7500,true
3507,15209986,6,볶음김치참치김밥,"5,900원",5900,true
3508,15209986,7,치즈김밥,"5,300원",5300,true
3509,15209986,8,참치김밥,"5,700원",5700,true
3510,15209986,9,멸치견과김밥,"5,900원",5900,true
3511,15209986,10,볶음시래기우엉김밥,"5,800원",5800,true
3512,15209986,11,궁중닭갈비김밥,"5,900원",5900,true
3513,15209986,12,양념더덕비빔밥,"13,000원",13000,true
3514,15209986,13,간장버섯떡볶이,"12,000원",12000,true
3515,15209986,14,교남오징어볶음(2~3인),"25,000원",25000,true
3516,15209986,15,속초오징어순대,"15,000원",15000,true
3517,15209986,16,시골된장찌개,"9,000원",9000,true
3518,15209986,17,해물순두부,"10,000원",10000,true
3519,15209986,18,단호박치킨카레덮밥,"10,000원",10000,true
3520,15209986,19,속초코다리회비빔국수,"10,000원",10000,true
3521,15209986,20,그릴떡갈비김밥,"5,700원",5700,true
3522,15209986,21,묵은지참치김밥,"5,900원",5900,true
3523,15209986,22,고추장닭갈비김밥,"5,900원",5900,true
3524,15209986,23,어린이떡갈비교리김밥,"5,200원",5200,true
3525,15209986,24,시금치우엉교리김밥,"5,500원",5500,true
3526,15209986,25,어린이교리시금치김밥,"5,000원",5000,true
3527,9379051,1,귀빈상,"65,000원",65000,true
3528,9379051,2,명동정식,"43,000원",43000,true
3529,9379051,3,영란상,"29,000원",29000,true
3530,9379051,4,해신상,"85,000원",85000,true
3531,9379051,5,수라상,"110,000원",110000,true
3532,34248433,1,통명란 크림파스타,"27,100원",27100,true
3533,34248433,2,바질&페스토크림 치킨 캐서롤,"27,900원",27900,true
3534,34248433,3,해산물 빠에야,"27,600원",27600,true
3535,34248433,4,마르게리따 피자&루꼴라,"27,300원",27300,true
3536,34248433,5,트러플 리코타치즈 샐러드,"26,700원",26700,true
3537,34248433,6,스테이크 콥 샐러드,"26,200원",26200,true
3538,34248433,7,트러플 양송이 스프,"11,800원",11800,true
3539,34248433,8,영덕붉은대게장 알리오올리오,"24,000원",24000,true
3540,34248433,9,토마토 파스튜,"29,800원",29800,true
3541,34248433,10,마팔디네 파르보나라,"26,300원",26300,true
3542,34248433,11,라구 크리스피 라자냐,"27,300원",27300,true
3543,34248433,12,저탄수 해산물 빠에야,"29,800원",29800,true
3544,34248433,13,관자를 곁들인 모시 봉골레,"26,100원",26100,true
3545,34248433,14,깔라마리튀김을 곁들인 먹물 리조또,"29,200원",29200,true
3546,34248433,15,감자퓨레 등심스테이크,"59,800원",59800,true
3547,34248433,16,새우살스테이크,"73,300원",73300,true
3548,34248433,17,콰트로 포르마지 피자,"26,800원",26800,true
3549,34248433,18,스페셜 시그니처 지중해피자,"36,600원",36600,true
3550,34248433,19,트러플 버터를 곁들인 버섯피자,"29,800원",29800,true
3551,34248433,20,치킨스테이크 로제파스타,"28,900원",28900,true
3552,34248433,21,수박 페타 프로슈토 샐러드,"23,900원",23900,true
3553,34248433,22,알배추구이&베이컨,"18,500원",18500,true
3554,34248433,23,시그니처 BBQ플래터,"112,000원",112000,true
3555,2072711,1,버터치킨,"18,000원",18000,true
3556,2072711,2,델리세트 (2인),"55,000원",55000,true
3557,2072711,3,탄두리치킨 1마리,"26,000원",26000,true
3558,2072711,4,팔락파니르,"17,000원",17000,true
3559,2072711,5,발티갈릭프라운,"22,000원",22000,true
3560,2072711,6,카다이고스트,"23,000원",23000,true
3561,2072711,7,난,"3,000원",3000,true
3562,2072711,8,갈릭난,"4,000원",4000,true
3563,2072711,9,마살라라이스,"6,000원",6000,true
3564,2072711,10,양고기브리야니,"22,000원",22000,true
3565,2072711,11,라씨,"6,000원",6000,true
3566,7266651,1,오징어튀김,"15,000원",15000,true
3567,7266651,2,오징어불고기(1인분),"16,500원",16500,true
3568,7266651,3,산낙지전골(1인분),"30,000원",30000,true
3569,7266651,4,산낙지불고기(1인분),"30,000원",30000,true
3570,7266651,5,오징어전골(1인분),"16,500원",16500,true
3571,7266651,6,조개탕,"28,000원",28000,true
3572,7266651,7,낙지전골(1인분),"17,500원",17500,true
3573,7266651,8,산낙지,"32,000원",32000,true
3574,7266651,9,낙지빈대떡,"10,000원",10000,true
3575,7266651,10,오징어데침,"15,000원",15000,true
3576,7266651,11,신낙지연포탕,"32,000원",32000,true
3577,7266651,12,산낙지데침,"32,000원",32000,true
3578,7266651,13,낙지불고기(1인분),"17,500원",17500,true
3579,7266651,14,해물파전,"15,000원",15000,true
3580,7266651,15,낙지불고기백반 (점심메뉴),"9,500원",9500,true
3581,7266651,16,오징어불고기백반 (점심메뉴),"9,000원",9000,true
3582,7266651,17,낙지전골백반 (점심메뉴),"9,500원",9500,true
3583,7266651,18,오징어전골백반 (점심메뉴),"9,000원",9000,true
3584,12204921,1,간장게장과 솥밥,"50,000원",50000,true
3585,12204921,2,우럭포찜,"75,000원",75000,true
3586,8783662,1,닭한마리,"29,000원",29000,true
3587,34275091,1,"""스테디셀러"" 뭉티기 육회세트","65,000원",65000,true
3588,34275091,2,"""경상도식"" 한우 얼큰곰탕","13,000원",13000,true
3589,34275091,3,"""고소함 폭발"" 뭉티기 차돌박이 세트","67,000원",67000,true
3590,34275091,4,"""하루 10그릇 한정"" 소꼬리찜","48,000원",48000,true
3591,34275091,5,"""서울식"" 한우 맑은곰탕","13,000원",13000,true
3592,34275091,6,한우 육회비빔밥,"14,000원",14000,true
3593,34275091,7,"""단골 베스트"" 뭉티기 육사시미 세트","60,000원",60000,true
3594,34275091,8,"""3가지 부위"" 모듬 수육","42,000원",42000,true
3595,34275091,9,"""진한 보양식"" 한우 스지도가니탕","19,000원",19000,true
3596,34275091,10,"""당일도축"" 뭉티기","48,000원",48000,true
3597,34275091,11,"""부드러운 부위"" 한우 육사시미","32,000원",32000,true
3598,34275091,12,"""신선 그 자체"" 한우 육회","28,000원",28000,true
3599,34275091,13,"""NEW"" 차돌박이 육사시미 한판","42,000원",42000,true
3600,34275091,14,"""대구별미"" 차돌 오드레기 볶음","32,000원",32000,true
3601,34275091,15,"""매콤새콤시원"" 한우 물회","28,000원",28000,true
3602,34275091,16,"""광주 정통 방식"" 한우 육전","28,000원",28000,true
3603,34275091,17,"""쫄깃쫄깃"" 매운스지찜","32,000원",32000,true
3604,34275091,18,"""빨간 국물"" 한우 버섯 전골","28,000원",28000,true
3605,34275091,19,"""남녀노소불문"" 옛맛떡갈비","22,000원",22000,true
3606,34275091,20,"""방앗간에서 갓 짠"" 육회들기름막국수","18,000원",18000,true
3607,9254782,1,기특함 가득찬 특품스시(12pc),"25,900원",25900,true
3608,9254782,2,양심을 지키는 양품스시(8pc),"15,900원",15900,true
3609,9254782,3,근본이 살아있는 본품스시(10pc),"19,900원",19900,true
3610,9254782,4,한점 한점 예술인 작품스시(13pc),"36,900원",36900,true
3611,9254782,5,한점 한점 예술인 작품스시 1.5배 세트(13pc),"24,800원",24800,true
3612,9254782,6,1.5배 명작스시,"30,800원",30800,true
3613,9254782,7,양품스시(8pc)와 특제우동정식,"18,800원",18800,true
3614,9254782,8,특품스시(12pc)와 특제우동정식,"28,800원",28800,true
3615,9254782,9,양품스시와 3품요리 정식,"21,800원",21800,true
3616,9254782,10,특품스시와 3품요리 정식,"31,800원",31800,true
3617,9254782,11,양품스시와 13품 술상,"31,800원",31800,true
3618,9254782,12,특품스시와 13품 술상,"39,800원",39800,true
3619,8961549,1,소곱창전골,"45,000원",45000,true
3620,8961549,2,한우 소곱창,"27,000원",27000,true
3621,8961549,3,소대창 구이,"26,000원",26000,true
3622,8961549,4,소막창 구이,"25,000원",25000,true
3623,8961549,5,육회+육사시미,"48,000원",48000,true
3624,8961549,6,황곱 모듬구이,"26,000원",26000,true
3625,8961549,7,1+한우육사시미,"30,000원",30000,true
3626,8961549,8,1+한우육회,"20,000원",20000,true
3627,8961549,9,차돌육회쌈(중),"53,000원",53000,true
3628,28604421,1,구룡 치즈마라전골,"27,900원",27900,true
3629,28604421,2,구룡 중국샤브,"20,900원",20900,true
3630,28604421,3,구룡 토마토짬뽕전골,"27,900원",27900,true
3631,28604421,4,블랙 새우 딤섬 4pcs,"11,900원",11900,true
3632,28604421,5,고추 솔솔 유린기,"21,900원",21900,true
3633,28604421,6,시리얼 깐풍기,"21,900원",21900,true
3634,28604421,7,요구르트 크림 중새우,"21,900원",21900,true
3635,28604421,8,칠리 중새우,"21,900원",21900,true
3636,28604421,9,흑마늘 스태미나 탕수육,"24,900원",24900,true
3637,28604421,10,홍게살 계란탕,"19,900원",19900,true
3638,28604421,11,중화 샤오롱바오 딤섬 5pcs,"13,900원",13900,true
3639,28604421,12,마라크림 통새우 딤섬 4pcs,"11,900원",11900,true
3640,28604421,13,샤오롱바오 딤섬 4pcs,"11,900원",11900,true
3641,28604421,14,트러플 궁중 짜장볶음밥,"12,900원",12900,true
3642,28604421,15,산더미 중화 새우볶음밥,"11,900원",11900,true
3643,28604421,16,엑스트라버진 올리브오일 젤라또,"6,900원",6900,true
3644,2230269,1,비빔냉면,"15,000원",15000,true
3645,2230269,2,회냉면,"15,000원",15000,true
3646,2230269,3,물냉면,"15,000원",15000,true
3647,2230269,4,온면,"15,000원",15000,true
3648,2230269,5,수육(180g),"35,000원",35000,true
3649,2230269,6,회무침(중),"20,000원",20000,true
3650,2230269,7,회무침(대),"35,000원",35000,true
3651,2230269,8,만두,"12,000원",12000,true
3652,8428578,1,로코스 바베큐 샘플러,"59,800원",59800,true
3653,8428578,2,로코스 베이비 백립,"21,900원",21900,true
3654,8428578,3,양송이튀김,"11,900원",11900,true
3655,8428578,4,로코스 하바나콘,"6,900원",6900,true
3656,8428578,5,로코스 3인 샘플러,"78,800원",78800,true
3657,8428578,6,폭립 하프&하프 플래터,"53,900원",53900,true
3658,8428578,7,비프 숏립 플래터,"79,900원",79900,true
3659,10660437,1,젤라또(초코/피스타치오/레몬소르베),"5,000원",5000,true
3660,10660437,2,감베리 크레마 비스크 파스타,"28,000원",28000,true
3661,10660437,3,가리비 관자 올리오 파스타,"26,000원",26000,true
3662,10660437,4,비스테카 토마호크,"150,000원",150000,true
3663,10660437,5,딸리아따 디 만조,"68,000원",68000,true
3664,10660437,6,피렌체 본인 비스테카,"98,000원",98000,true
3665,10660437,7,피에몬테 프렌치랙 비스테카,"68,000원",68000,true
3666,10660437,8,프레시 마르게리타 피자,"19,500원",19500,true
3667,10660437,9,허니콤 모르타델라 토토 피자,"26,000원",26000,true
3668,10660437,10,라구 멜란자네 디아볼라 피자,"24,000원",24000,true
3669,10660437,11,루꼴라 프로슈토 피자,"25,000원",25000,true
3670,10660437,12,친퀘 포르마지오 피자,"22,000원",22000,true
3671,10660437,13,클래식 라자냐,"26,000원",26000,true
3672,10660437,14,트러플 머쉬룸 파스타,"24,000원",24000,true
3673,10660437,15,하프 앤 하프 피자,"24,000원",24000,true
3674,10660437,16,화이트 라구 파스타,"26,000원",26000,true
3675,10660437,17,뽈리뽀 알리오 올리오,"24,000원",24000,true
3676,10660437,18,까르보나라,"22,000원",22000,true
3677,10660437,19,리코타 프루타 샐러드,"16,000원",16000,true
3678,10660437,20,밤 티라미수,"9,000원",9000,true
3679,4826339,1,노르웨이 생 고등어 오븐구이,"12,000원",12000,true
3680,4826339,2,삼치구이 정식,"12,000원",12000,true
3681,4826339,3,묵은지 고등어,"11,000원",11000,true
3682,4826339,4,자반 정식,"11,000원",11000,true
3683,4826339,5,임연수 정식,"13,000원",13000,true
3684,4826339,6,조기 정식,"10,000원",10000,true
3685,4826339,7,제육볶음,"11,000원",11000,true
3686,4826339,8,오징어볶음,"11,000원",11000,true
3687,4826339,9,돼지고기 김치찌개,"10,000원",10000,true
3688,4826339,10,해물 순두부 찌개,"10,000원",10000,true
3689,33020163,1,전설 우대갈비(1대 370g),"42,000원",42000,true
3690,33020163,2,소갈비살 정식 [Lunch],"28,000원",28000,true
3691,33020163,3,전설소갈비살 1인분 160g,"26,000원",26000,true
3692,33020163,4,전설 삼겹살 1인분 200g,"22,000원",22000,true
3693,33020163,5,전설 소막창 1인분 200g,"29,000원",29000,true
3694,9238473,1,산나물밥,"9,800원",9800,true
3695,9238473,2,산나물밥과 고춧가루제육볶음,"13,800원",13800,true
3696,9238473,3,산나물밥과 우렁된장찌개,"13,800원",13800,true
3697,9238473,4,산나물밥과 꽃핀수육,"17,800원",17800,true
3698,9238473,5,발효청(오미자꽃청/사과청),"4,000원",4000,true
3699,9238473,6,발효청스파클링(오미자꽃청/사과청),"5,000원",5000,true
3700,9238473,7,참명란비빔밥,"12,800원",12800,true
3701,9238473,8,장아찌불고기밥,"12,800원",12800,true
3702,9238473,9,꽃핀수육(단품),"13,800원",13800,true
3703,9238473,10,채소영양밥,"10,800원",10800,true
3704,9238473,11,산나물밥과 찹쌀고추장찌개,"13,800원",13800,true
3705,9238473,12,제로사이다,"2,000원",2000,false
3706,32761976,1,"""대""세트","199,000원",199000,true
3707,32761976,2,"""보""세트","149,000원",149000,true
3708,32761976,3,"""정""세트","109,000원",109000,true
3709,32761976,4,한우 샤브샤브세트,"49,000원",49000,true
3710,32761976,5,한우 불고기세트,"39,000원",39000,true
3711,32761976,6,도미솥밥세트,"39,000원",39000,true
3712,32761976,7,대보정 런치시그니처,"79,000원",79000,true
3713,32761976,8,대보정 한우구이세트,"59,000원",59000,true
3714,8935862,1,성인(평일런치),"19,900원",19900,true
3715,8935862,2,성인(평일디너),"25,900원",25900,true
3716,8935862,3,성인(주말/공휴일),"27,900원",27900,true
3717,8935862,4,초등학생(평일런치),"12,900원",12900,true
3718,8935862,5,"초등학생(평일디너,주말/공휴일)","15,900원",15900,true
3719,8935862,6,미취학아동,"7,900원",7900,true
3720,33974073,1,물막국수,"10,000원",10000,true
3721,33974073,2,들기름막국수,"12,000원",12000,true
3722,33974073,3,비빔막국수,"13,000원",13000,true
3723,33974073,4,잣순두부 막국수,"14,000원",14000,true
3724,33974073,5,수육 1인세트,"22,000원",22000,true
3725,33974073,6,수육 2인세트,"37,000원",37000,true
3726,33974073,7,한우육회 비빔막국수,"16,000원",16000,true
3727,33974073,8,아보카도 돌솥비빔밥,"14,000원",14000,true
3728,33974073,9,제육 돌솥비빔밥,"14,000원",14000,true
3729,33974073,10,소불고기 돌솥비빔밥,"16,000원",16000,true
3730,33974073,11,맑은초당순두부,"10,000원",10000,true
3731,33974073,12,얼큰초당순두부,"12,000원",12000,true
3732,33974073,13,한우육회 비빔밥,"16,000원",16000,true
3733,33974073,14,갈비탕,"18,000원",18000,true
3734,33974073,15,샐러드 메밀김밥,"6,500원",6500,true
3735,33974073,16,날치알 메밀김밥,"7,000원",7000,true
3736,33974073,17,크림치즈 메밀김밥,"7,500원",7500,true
3737,33974073,18,아보카도 메밀김밥,"9,000원",9000,true
3738,33974073,19,간장제육 메밀김밥,"9,000원",9000,true
3739,33974073,20,매콤제육 메밀김밥,"9,000원",9000,true
3740,33974073,21,대게맛살 메밀김밥,"9,000원",9000,true
3741,33974073,22,연어,"15,000원",15000,true
3742,33974073,23,까막장수육 (중),"29,000원",29000,true
3743,33974073,24,까막장수육 (대),"39,000원",39000,true
3744,33974073,25,한우육회,"29,000원",29000,true
3745,33974073,26,소불고기버섯전골,"43,000원",43000,true
3746,33974073,27,김치 메밀전병,"9,000원",9000,true
3747,33974073,28,곤드레 메밀전병,"9,000원",9000,true
3748,33974073,29,메밀전병 반반,"9,000원",9000,true
3749,2479028,1,Margerita Regular,"16,000원",16000,true
3750,2479028,2,Pepperoni Regular,"16,000원",16000,true
3751,2479028,3,Supreme Regular,"19,000원",19000,true
3752,12891682,1,레몬 치킨 타진,"14,000원",14000,true
3753,12891682,2,양고기 타진,"14,000원",14000,true
3754,12891682,3,당근 샐러드,"7,000원",7000,true
3755,8638851,1,초계국수,"12,000원",12000,true
3756,8638851,2,초계 비빔국수,"12,000원",12000,true
3757,8638851,3,온계진 칼국수,"13,000원",13000,true
3758,8638851,4,버섯닭개장,"13,000원",13000,true
3759,8638851,5,들깨닭칼국수,"13,000원",13000,true
3760,8638851,6,초계닭곰탕,"13,000원",13000,true
3761,8638851,7,병천순대국,"13,000원",13000,true
3762,9751907,1,타코샐러드 비프,"28,000원",28000,true
3763,9751907,2,더블스텍클럽 퀘사디아,"36,000원",36000,true
3764,9751907,3,클래식 퀘사디아 치킨,"32,000원",32000,true
3765,10747919,1,쉑버거,"9,200원",9200,true
3766,34301707,1,1++ 한우 안동갈비(130g),"38,000원",38000,true
3767,34301707,2,1++ 한우 안창살,변동가격,,true
3768,34301707,3,1++ 한우 꽃등심,변동가격,,true
3769,34301707,4,1++ 한우 새우살,변동가격,,true
3770,34301707,5,1++ 한우 살치살,변동가격,,true
3771,34301707,6,한우 된장찌개,"10,000원",10000,true
3772,34301707,7,돼지 김치찌개,"10,000원",10000,true
3773,34301707,8,비빔냉면,"8,000원",8000,true
3774,34301707,9,물냉면,"8,000원",8000,true
3775,34301707,10,누룽지,"7,000원",7000,true
3776,34301707,11,오이 타다끼,"7,000원",7000,true
3777,34301707,12,계란찜,"7,000원",7000,true
3778,34301707,13,(미국산) 마늘양념 소갈비(130g),"21,000원",21000,true
3779,34301707,14,1++ 한우 뭉티기(150g),"45,000원",45000,true
3780,34301707,15,1++ 한우 우니 육회(150g),"48,000원",48000,true
3781,34301707,16,1++ 한우 육회(150g),"33,000원",33000,true
3782,34301707,17,육회 비빔밥,"18,000원",18000,true
3783,12384635,1,탄두리치킨(하프),"10,000원",10000,true
3784,12384635,2,버터난,"3,000원",3000,true
3785,12384635,3,델리인디아 세트A(1인),"27,000원",27000,true
3786,12384635,4,델리인디아 세트B(1인),"17,000원",17000,true
3787,12384635,5,배지터블 커리 파스타,"10,500원",10500,true
3788,12384635,6,치킨 커리 파스타,"11,500원",11500,true
3789,12384635,7,베지터블 짜오면,"10,900원",10900,true
3790,12384635,8,버터치킨(치킨마카니),"12,900원",12900,true
3791,12384635,9,프라운 마살라,"14,900원",14900,true
3792,12384635,10,사모사,"5,000원",5000,true
3793,12384635,11,베지파고다,"8,000원",8000,true
3794,12384635,12,알루덤,"7,000원",7000,true
3795,12384635,13,파파드,"3,000원",3000,true
3796,12384635,14,마살라파파드,"5,000원",5000,true
3797,12384635,15,그린샐러드,"6,000원",6000,true
3798,12384635,16,탄두리샐러드,"10,000원",10000,true
3799,12384635,17,토마토스프,"5,000원",5000,true
3800,12384635,18,치킨머쉬룸,"5,000원",5000,true
3801,12384635,19,탄두리치킨(풀),"19,000원",19000,true
3802,12384635,20,치킨티카,"13,000원",13000,true
3803,12384635,21,치킨칠리,"15,000원",15000,true
3804,12384635,22,프라운칠리,"18,000원",18000,true
3805,12384635,23,탄두리킹프라운,"22,000원",22000,true
3806,12384635,24,치킨머라이티카,"15,000원",15000,true
3807,12384635,25,머턴티카,"17,000원",17000,true
3808,12384635,26,치킨코르마,"12,900원",12900,true
3809,12384635,27,치킨마살라,"12,900원",12900,true
3810,12384635,28,커다이치킨,"12,900원",12900,true
3811,12384635,29,치킨빨락,"12,900원",12900,true
3812,12384635,30,치킨빈달루,"129,000원",129000,true
3813,12384635,31,치킨티카마살라,"12,900원",12900,true
3814,12384635,32,머턴마살라,"13,900원",13900,true
3815,12384635,33,머턴커다이,"13,900원",13900,true
3816,12384635,34,머턴빨락,"13,900원",13900,true
3817,12384635,35,머턴코르마,"13,900원",13900,true
3818,12384635,36,머턴빈달루,"13,900원",13900,true
3819,12384635,37,빠니르마카니,"11,900원",11900,true
3820,12384635,38,빨락빠니르,"11,900원",11900,true
3821,12384635,39,믹스베지터블,"11,900원",11900,true
3822,12384635,40,머터파닐마살라,"11,900원",11900,true
3823,12384635,41,차나마살라,"11,900원",11900,true
3824,12384635,42,달머커니,"11,900원",11900,true
3825,12384635,43,빨락알루,"11,900원",11900,true
3826,12384635,44,알루고비,"11,900원",11900,true
3827,12384635,45,칠리프라운 커리,"14,900원",14900,true
3828,12384635,46,프라운빈달루,"14,900원",14900,true
3829,12384635,47,프라운마카니,"14,900원",14900,true
3830,12384635,48,난,"2,500원",2500,true
3831,12384635,49,갈릭난,"3,500원",3500,true
3832,12384635,50,스위트난,"3,500원",3500,true
3833,7161382,1,흑돼지 생오겹살,"42,000원",42000,true
3834,7161382,2,항정살,"42,000원",42000,true
3835,7161382,3,양념갈비구이,"40,000원",40000,true
3836,7161382,4,숙성김치찌개 2인,"18,000원",18000,true
3837,7161382,5,차돌된장찌개 2인,"18,000원",18000,true
3838,7161382,6,벌집 껍데기,"9,000원",9000,true
3839,7161382,7,갈비탕,"17,000원",17000,true
3840,7161382,8,한우육회비빔밥,"12,000원",12000,true
3841,7161382,9,흑돼지제육볶음,"18,000원",18000,true
3842,7161382,10,된장찌개＋공기밥,"7,000원",7000,false
3843,7161382,11,멜젓,"4,000원",4000,true
3844,7161382,12,야채추가,"3,000원",3000,false
3845,7161382,13,공기밥,"1,000원",1000,false
3846,7161382,14,콜라355mL,"2,000원",2000,false
3847,7161382,15,사이다355mL,"2,000원",2000,false
3848,9449697,1,한우갈비탕,"13,000원",13000,true
3849,9449697,2,물냉면,"8,000원",8000,true
3850,9449697,3,비빔냉면,"8,000원",8000,true
3851,9449697,4,한우뚝배기불고기,"7,000원",7000,true
3852,9449697,5,한우우거지국밥,"6,000원",6000,true
3853,9449697,6,차돌된장찌개,"7,000원",7000,true
3854,9449697,7,버섯불고기,"12,000원",12000,true
3855,9449697,8,김치찌개,"7,000원",7000,true
3856,9449697,9,한우육회,"25,000원",25000,true
3857,9449697,10,맛보기물냉면,"4,000원",4000,true
3858,9449697,11,맛보기비빔냉면,"4,000원",4000,true
3859,9449697,12,된장찌개,"3,000원",3000,true
3860,9449697,13,"간,천엽 (대)","10,000원",10000,true
3861,9449697,14,"간,천엽 (소)","5,000원",5000,true
3862,26560704,1,갈매기살(180g),"19,000원",19000,true
3863,26560704,2,생 삼겹살(180g),"19,000원",19000,true
3864,26560704,3,목살(180g),"19,000원",19000,true
3865,26560704,4,가브리살(180g),"19,000원",19000,true
3866,26560704,5,한우 생등심(150g),"43,000원",43000,true
3867,26560704,6,한우 살치살(130g),"59,000원",59000,true
3868,26560704,7,소 갈비살(180g),"28,000원",28000,true
3869,26560704,8,소 생갈비(200g),"35,000원",35000,true
3870,26560704,9,한우육회(130g),"28,000원",28000,true
3871,26560704,10,소양념갈비(230g),"31,000원",31000,true
3872,10472526,1,바닷가재 찜+버터오븐구이 (1kg),"130,000원",130000,true
3873,10472526,2,바닷가재 찜 (1kg),"130,000원",130000,true
3874,10472526,3,바닷가재 버터오븐구이 (1kg),"130,000원",130000,true
3875,10472526,4,바닷가재 회+찜 (1kg),"140,000원",140000,true
3876,10472526,5,바닷가재 회+버터오븐구이 (1kg),"140,000원",140000,true
3877,10472526,6,소살리토 스페셜 (회+찜+구이)(1kg),"150,000원",150000,true
3878,7748125,1,고기듬뿍~ 쌈싸먹는 김치찌개 세트,"48,000원",48000,true
3879,7748125,2,고기듬뿍 김치찌개,"41,000원",41000,true
3880,7748125,3,쌈싸먹는 김치찌개,"38,000원",38000,true
3881,7748125,4,(냉동)은주정 김치찜 700g 1팩,"13,000원",13000,true
3882,7748125,5,골뱅이쫄면 밀키트,"12,900원",12900,true
3883,7748125,6,(바로 끓여먹는)한돈김치찌개,"31,000원",31000,true
3884,7748125,7,새콤달콤 비빔쫄면 밀키트,"9,500원",9500,true
3885,7748125,8,고추박이(오이고추),"9,000원",9000,true
3886,7748125,9,씨앗쌈장,"5,000원",5000,true
3887,7748125,10,고추장 진미채,"5,000원",5000,true
3888,7748125,11,호두멸치볶음,"4,800원",4800,true
3889,7748125,12,맛된장,"7,000원",7000,true
3890,7748125,13,멜젓,"7,500원",7500,true
3891,7748125,14,제로코카콜라 500mL,"2,500원",2500,false
3892,7748125,15,코카콜라 355mL,"2,000원",2000,false
3893,7748125,16,갈아만든배 355mL,"2,000원",2000,true
3894,7748125,17,환타파인 500mL,"2,500원",2500,true
3895,7748125,18,칠성사이다 500mL,"2,500원",2500,false
3896,7748125,19,참이슬 후레쉬,"4,000원",4000,true
3897,7748125,20,처음처럼,"4,000원",4000,true
3898,7748125,21,진로이즈백,"4,000원",4000,true
3899,7748125,22,카스,"4,000원",4000,true
3900,7748125,23,테라,"4,000원",4000,true
3901,7149443,1,상견례한정식,,,true
3902,7149443,2,일품한정식,,,true
3903,7149443,3,프리미엄한정식,,,true
3904,7149443,4,광양식 한우 구이 (단품/130g),,,true
3905,7149443,5,한우 생등심 (단품/130g),,,true
3906,7149443,6,한우 꽃등심 (단품/130g),,,true
3907,7149443,7,한우 꽃살 (단품/130g),,,true
3908,7149443,8,한우 안심 (단품/130g),,,true
3909,7149443,9,한우 안심 샤토브리앙 (단품/130g),,,true
3910,7149443,10,생갈비 (단품/170g),,,true
3911,7149443,11,양념갈비 (단품/200g),,,true
3912,7149443,12,양념갈비정식(1인분),,,true
3913,7149443,13,생갈비정식(1인분),,,true
3914,7149443,14,한우생불고기정식(1인분),,,true
3915,7149443,15,숯불갈비살한정식(1인분),"34,000원",34000,true
3916,7149443,16,보리굴비정식(1인분),"38,000원",38000,true
3917,7149443,17,영양갈비찜한정식,"40,000원",40000,true
3918,7149443,18,경복궁한정식(1인분),"49,000원",49000,true
3919,7149443,19,한우1++국수전골,"36,000원",36000,true
3920,7149443,20,한우생불고기코스(1인분),"46,000원",46000,true
3921,7149443,21,한우생불고기(주말세트),"35,000원",35000,true
3922,26773616,1,매콤둥지밥,"6,000원",6000,true
3923,26773616,2,양가 양꼬치,"17,000원",17000,true
3924,26773616,3,상하이 마라 양꼬치,"18,000원",18000,true
3925,26773616,4,양갈비살 꼬치,"22,000원",22000,true
3926,26773616,5,양등심꼬치,"25,000원",25000,true
3927,26773616,6,양갈비 구이(프렌치랙),"40,000원",40000,true
3928,26773616,7,꿔바로우(소),"17,000원",17000,true
3929,26773616,8,마늘가지구이(2pcs),"16,000원",16000,true
3930,26773616,9,쯔란 양고기 볶음,"16,000원",16000,true
3931,26773616,10,향라 닭날개 튀김,"15,000원",15000,true
3932,26773616,11,마파두부,"15,000원",15000,true
3933,26773616,12,오이고수무침,"9,000원",9000,true
3934,26773616,13,토마토 달걀볶음,"10,000원",10000,true
3935,26773616,14,마라순두부쫄면,"8,000원",8000,true
3936,26773616,15,옥수수온면,"8,000원",8000,true
3937,26773616,16,옥수수냉면,"8,000원",8000,true
3938,26773616,17,또띠아쌈,"2,000원",2000,true
3939,33084804,1,한우 양선지 해장국,"14,000원",14000,true
3940,33084804,2,곱창전골(중),"67,000원",67000,true
3941,33084804,3,한우내장탕,"16,000원",16000,true
3942,33084804,4,한우 1++ 양지곰탕,"16,000원",16000,true
3943,33084804,5,한우 우족탕,"23,000원",23000,true
3944,33084804,6,한우 1++ 양지수육,"47,000원",47000,true
3945,33084804,7,곱창전골(대),"98,000원",98000,true
3946,33084804,8,해장군만두,"8,000원",8000,true
3947,33084804,9,전골볶음밥,"3,000원",3000,true
3948,33084804,10,한우 해내탕,"15,000원",15000,true
3949,33084804,11,한우 뚝배기불고기,"14,000원",14000,true
3950,34191807,1,1등 무항생제 친환경 목살,"15,900원",15900,true
3951,34191807,2,동물복지 삼겹살,"16,900원",16900,true
3952,34191807,3,양념갈비,"16,900원",16900,true
3953,34191807,4,등심덧살,"19,900원",19900,true
3954,34191807,5,1등급 한우 차돌박이,"35,000원",35000,true
3955,34191807,6,프리미엄 듀록 흑돼지 오겹살,"16,900원",16900,true
3956,34158996,1,가마솥 전복죽 정식,"30,000원",30000,true
3957,34158996,2,간장게장 들기름 막국수 단품,"59,000원",59000,true
3958,34158996,3,72시간 숙성 LA갈비 배추스테이크,"45,000원",45000,true
3959,34158996,4,법성포 보리굴비 선물세트,변동가격,,true
3960,34158996,5,여의도 모던 한식 다이닝,변동가격,,true
3961,34158996,6,요일별 런치 프로모션,변동가격,,true
3962,34158996,7,MENU FOR FOREIGNER,변동가격,,true
3963,34158996,8,고방채 동여의도 본점의 베스트 메뉴,변동가격,,true
3964,34158996,9,한정 수량 메뉴 안내,변동가격,,true
3965,34158996,10,[점심] 고방수라상 (3인이상가능),"59,000원",59000,true
3966,34158996,11,[저녁] 고방수라상 (3인이상가능),"69,000원",69000,true
3967,34158996,12,특 대왕 민물장어 양념구이 정식,"55,000원",55000,true
3968,34158996,13,고방채 대표 몸보신 한우 불낙 전골,"45,000원",45000,true
3969,34158996,14,담백한 장어 솥밥 정식,"28,000원",28000,true
3970,34158996,15,영양 갈비찜 솥밥정식,"28,000원",28000,true
3971,34158996,16,우니 해물 솥밥 정식,"28,000원",28000,true
3972,34158996,17,영광 보리굴비 반상,"32,000원",32000,true
3973,34158996,18,[점심] 간장게장 들기름 막국수 정식,"32,000원",32000,true
3974,34158996,19,LA갈비구이 정식,"36,000원",36000,true
3975,34158996,20,고방채 진미상,"119,000원",119000,true
3976,34158996,21,고방채 보양상,"142,000원",142000,true
3977,34158996,22,고방채 대감상,"153,000원",153000,true
3978,34158996,23,고방채 주안상,"160,000원",160000,true
3979,34158996,24,부드러운 한식 시그니처 모둠수육 전골,"68,000원",68000,true
3980,34158996,25,파주 장단콩 불고기 두부 야채전골,"68,000원",68000,true
3981,34158996,26,특 대왕 민물 장어구이,"55,000원",55000,true
3982,34158996,27,아롱사태 스지조림,"38,000원",38000,true
3983,34158996,28,장단콩 두부 김치수육,"38,000원",38000,true
3984,34158996,29,육해보쌈 한상,"78,000원",78000,true
3985,34158996,30,모둠숙회,"50,000원",50000,true
3986,34158996,31,동해꽃발문어숙회 한식 술집 안주,"45,000원",45000,true
3987,34158996,32,동해 왕소라 숙회,"45,000원",45000,true
3988,34158996,33,동래 해물파전,"28,000원",28000,true
3989,34158996,34,참송이와 들기름 소금,"22,000원",22000,true
3990,34158996,35,황금배추쌈 가리비젓,"20,000원",20000,true
3991,34158996,36,오이무침,"12,000원",12000,true
3992,34158996,37,명란오이무침,"15,000원",15000,true
3993,34158996,38,명태회무침,"18,000원",18000,true
3994,34158996,39,마른 안주,"25,000원",25000,true
3995,34158996,40,먹태구이,"18,000원",18000,true
3996,34158996,41,파인 샤베트,"12,000원",12000,true
3997,34158996,42,인절미 아이스크림,"15,000원",15000,true
3998,9203939,1,닭한마리 (2인분),"27,000원",27000,true
3999,9203939,2,미사리초계국수,"11,000원",11000,false
4000,9203939,3,닭칼국수,"10,000원",10000,true
4001,9203939,4,얼큰닭한마리(2인분),"28,000원",28000,true
4002,9203939,5,미사리초계비빔국수,"11,000원",11000,false
4003,9203939,6,춘천닭갈비치즈덮밥,"11,000원",11000,true
4004,9203939,7,춘천닭갈비덮밥,"10,000원",10000,true
4005,10747760,1,물막국수,"10,000원",10000,true
4006,10747760,2,비빔막국수,"10,000원",10000,true
4007,10747760,3,회막국수,"12,000원",12000,true
4008,10747760,4,냉/묵사발,"10,000원",10000,true
4009,10747760,5,냉/묵밥,"10,000원",10000,true
4010,10747760,6,판모밀소바,"11,000원",11000,true
4011,10747760,7,냉모밀소바,"11,000원",11000,true
4012,10747760,8,한방수육 (소),"16,000원",16000,true
4013,10747760,9,회무침,"20,000원",20000,true
4014,10747760,10,얼큰해물칼국수,"10,000원",10000,true
4015,10747760,11,옹심이들깨칼국수,"10,000원",10000,true
4016,10747760,12,들깨칼국수,"9,000원",9000,true
4017,10747760,13,옹심이메밀칼국수,"10,000원",10000,true
4018,10747760,14,메밀칼국수,"9,000원",9000,true
4019,10747760,15,꿩만두국,"10,000원",10000,true
4020,10747760,16,왕만두국,"10,000원",10000,true
4021,10747760,17,메밀만두국,"9,000원",9000,true
4022,10747760,18,감자만두국,"9,000원",9000,true
4023,10747760,19,김치만두국,"9,000원",9000,true
4024,10747760,20,메밀해물파전,"20,000원",20000,true
4025,33231250,1,닭한마리,"34,000원",34000,true
4026,33231250,2,한우대창닭볶음탕,"43,000원",43000,true
4027,33231250,3,닭칼국수,"10,000원",10000,true
4028,33231250,4,야마야 명란 해물파전,"15,000원",15000,true
4029,33231250,5,전기구이통닭,"20,000원",20000,true
4030,8322311,1,2 MEAT PLATTER,"47,900원",47900,true
4031,8322311,2,3 MEAT PLATTER,"58,900원",58900,true
4032,8322311,3,MANIMAL PLATTER,"139,900원",139900,true
4033,8322311,4,PIT MASTER PLATTER,"169,000원",169000,true
4034,8322311,5,GOAT Platter,"199,000원",199000,true
4035,9321624,1,창스 치킨 레터스 랩,"21,900원",21900,true
4036,9321624,2,몽골리안비프,"31,900원",31900,true
4037,9321624,3,핸드 메이드 덤플링 (PORK 4pc),"8,000원",8000,true
4038,9321624,4,핸드 메이드 덤플링 (PORK 6pc),"10,000원",10000,true
4039,9321624,5,핸드 메이드 덤플링 (SHRMP 4pc),"9,000원",9000,true
4040,9321624,6,핸드 메이드 덤플링 (SHRMP 6pc),"12,000원",12000,true
4041,9321624,7,핸드 폴디드 크랩 완탕 (4pc),"9,000원",9000,true
4042,9321624,8,핸드 폴디드 크랩 완탕 (6pc),"12,000원",12000,true
4043,9321624,9,다이너마이트 쉬림프,"16,900원",16900,true
4044,9321624,10,비프브로콜리,"30,900원",30900,true
4045,9321624,11,시추안비프,"31,900원",31900,true
4046,9321624,12,페퍼스테이크,"29,900원",29900,true
4047,9321624,13,로 메인,"23,900원",23900,true
4048,9321624,14,팟 타이,"22,900원",22900,true
4049,9321624,15,칠리 버터 쉬림프 누들,"28,900원",28900,true
4050,9321624,16,탄탄면,"19,900원",19900,true
4051,9321624,17,완탕 수프,"6,000원",6000,true
4052,9321624,18,에그 드랍 수프,"5,000원",5000,true
4053,9321624,19,창스 스파이시 치킨,"19,900원",19900,true
4054,9321624,20,쿵파오 치킨,"21,900원",21900,true
4055,9321624,21,크리스피 허니 쉬림프,"31,900원",31900,true
4056,9321624,22,링 오브 파이어 쉬림프,"31,900원",31900,true
4057,9321624,23,블랙 페퍼 램,"79,000원",79000,true
4058,9321624,24,바베큐 메가 폭립(6pcs),"49,000원",49000,true
4059,9321624,25,스위트 크리스피 포크,"22,900원",22900,true
4060,9321624,26,골든 쉬림프 바오,"23,900원",23900,true
4061,9321624,27,미소 연어 스테이크,"39,000원",39000,true
4062,9321624,28,솔트&페퍼 프론,"32,900원",32900,true
4063,9321624,29,라임 크림 페퍼 프론,"34,900원",34900,true
4064,9321624,30,토마토 갈릭 프론,"32,900원",32900,true
4065,9321624,31,화이트 쉬림프,"31,900원",31900,true
4066,9321624,32,깔라마리,"18,900원",18900,true
4067,17427158,1,샤토브리앙(150g),"60,000원",60000,true
4068,17427158,2,꽃등심(300g),"120,000원",120000,true
4069,17427158,3,채끝,"54,000원",54000,true
4070,17427158,4,양곱탕,"10,000원",10000,true
4071,33367457,1,한우육회,,,true
4072,33367457,2,살치살,,,true
4073,33367457,3,새우살,,,true
4074,33367457,4,안창살,,,true
4075,33367457,5,차돌박이,,,true
4076,33367457,6,치즈플래터,,,true
4077,33367457,7,꽃등심,,,true
4078,33367457,8,특안심,,,true
4079,33367457,9,관자,,,true
4080,33367457,10,냉면,,,true
4081,33367457,11,야채구이,,,true
4082,33367457,12,튀김,,,true
4083,33367457,13,한우,,,true
4084,33367457,14,등심,,,true
4085,27799092,1,Aprill Seasonal Roots,"170,000원",170000,true
4086,27799092,2,Aprill Bornyon Roots,"230,000원",230000,true
4087,14058203,1,채끝등심구이와 제철 겉절이,"42,000원",42000,true
4088,14058203,2,봄 나물과 쑥트러플 타코,"25,000원",25000,true
4089,14058203,3,완도 전복 미역냉국수,"36,000원",36000,true
4090,14058203,4,낙지탕탕이 숙회,"34,000원",34000,true
4091,14058203,5,동치미 세비체,"38,000원",38000,true
4092,14058203,6,보타닉 송화고 강정,"29,000원",29000,true
4093,14058203,7,가지새우강정,"27,000원",27000,true
4094,14058203,8,한재 미나리 새우전,"22,000원",22000,true
4095,14058203,9,통들깨 삼겹보쌈과 들기름국수,"36,000원",36000,true
4096,14058203,10,달래 한우 수육,"39,000원",39000,true
4097,14058203,11,목살 고추장찌개(S),"25,000원",25000,true
4098,14058203,12,목살 고추장찌개(L),"34,000원",34000,true
4099,14058203,13,도미 맑은탕,"45,000원",45000,true
4100,14058203,14,고수 겉절이,"13,000원",13000,true
4101,14058203,15,금태 가리비 솥밥(봄메뉴) (2인),"32,000원",32000,true
4102,14058203,16,금태 가리비 솥밥(봄메뉴) (4인),"59,000원",59000,true
4103,14058203,17,제주 구좌 당근 정원,"16,000원",16000,true
4104,14058203,18,공기칩스,"8,000원",8000,true
4105,7887233,1,깻순이들깨갈비탕,"32,000원",32000,true
4106,7887233,2,여름나물과차돌박이밀쌈,"38,000원",38000,true
4107,7887233,3,창고43 스페셜,"54,000원",54000,true
4108,7887233,4,한우명작모듬,"199,000원",199000,true
4109,7887233,5,창고43 설화등심,"68,000원",68000,true
4110,7887233,6,창고43 특안심,"65,000원",65000,true
4111,7887233,7,창고43 새우살,"72,000원",72000,true
4112,7887233,8,육회,"35,000원",35000,true
4113,7887233,9,육사시미,"39,000원",39000,true
4114,7887233,10,창고진한 왕갈비탕,"25,000원",25000,true
4115,7887233,11,매운갈비찜,"25,000원",25000,true
4116,7887233,12,한우궁중미역국,"12,000원",12000,true
4117,7887233,13,한우 명품 수제육포 1호 (50g),"130,000원",130000,true
4118,7887233,14,창고43 양념소갈비 세트(3.4kg),"250,000원",250000,true
4119,7887233,15,깍두기볶음밥,"8,000원",8000,true
4120,7887233,16,반달육전,"24,000원",24000,true
4121,7887233,17,설화살치,"75,000원",75000,true
4122,7887233,18,500 채끝등심,"75,000원",75000,true
4123,7887233,19,치마살,"70,000원",70000,true
4124,7887233,20,한우 트러플 짜파게티,"25,000원",25000,true
4125,7887233,21,우니 육회,"49,000원",49000,true
4126,7887233,22,우니 육사시미,"59,000원",59000,true
4127,7618296,1,프라이드치킨,"28,000원",28000,true
4128,7618296,2,클래식피자,"19,500원",19500,true
4129,7618296,3,잠발라야파스타,"21,000원",21000,true
4130,7618296,4,트리오파히타플래터,"49,000원",49000,true
4131,7618296,5,텍사스바베큐폭립,"36,000원",36000,true
4132,7618296,6,스파이스레드치킨,"29,000원",29000,true
4133,7618296,7,스피니치&에그피자,"19,500원",19500,true
4134,7618296,8,5치즈피자,"19,500원",19500,true
4135,7618296,9,데블스도어오리지널버거,"18,500원",18500,true
4136,7618296,10,얼티메이트데블스버거,"18,500원",18500,true
4137,7618296,11,피넛버터버거,"19,500원",19500,true
4138,7618296,12,볼로네제파스타,"18,000원",18000,true
4139,10779217,1,젤라또(초코/피스타치오/레몬소르베),"5,000원",5000,true
4140,10779217,2,감베리 크레마 비스크 파스타,"28,000원",28000,true
4141,10779217,3,가리비 관자 올리오 파스타,"26,000원",26000,true
4142,10779217,4,비스테카 토마호크,"150,000원",150000,true
4143,10779217,5,딸리아따 디 만조,"68,000원",68000,true
4144,10779217,6,피렌체 본인 비스테카,"98,000원",98000,true
4145,10779217,7,피에몬테 프렌치랙 비스테카,"68,000원",68000,true
4146,10779217,8,프레시 마르게리타 피자,"19,500원",19500,true
4147,10779217,9,허니콤 모르타델라 토토 피자,"26,000원",26000,true
4148,10779217,10,라구 멜란자네 디아볼라 피자,"24,000원",24000,true
4149,10779217,11,루꼴라 프로슈토 피자,"25,000원",25000,true
4150,10779217,12,친퀘 포르마지오 피자,"22,000원",22000,true
4151,10779217,13,클래식 라자냐,"26,000원",26000,true
4152,10779217,14,트러플 머쉬룸 파스타,"24,000원",24000,true
4153,10779217,15,하프 앤 하프 피자,"24,000원",24000,true
4154,10779217,16,화이트 라구 파스타,"26,000원",26000,true
4155,10779217,17,뽈리뽀 알리오 올리오,"24,000원",24000,true
4156,10779217,18,까르보나라,"22,000원",22000,true
4157,10779217,19,리코타 프루타 샐러드,"16,000원",16000,true
4158,10779217,20,밤 티라미수,"9,000원",9000,true
4159,8677855,1,뉴욕슈프림 (L),"33,000원",33000,true
4160,8677855,2,갓파더 (L),"31,000원",31000,true
4161,8677855,3,포테이토베이컨 (XL),"43,000원",43000,true
4162,8677855,4,갈릭치즈프라이즈,"9,900원",9900,true
4163,8677855,5,폴리스미트볼스,"15,900원",15900,true
4164,8677855,6,허니데킬라윙 (8pcs),"13,900원",13900,true
4165,8677855,7,버팔로핫윙 (8pcs),"13,900원",13900,true
4166,8677855,8,폴리스비비큐윙스 (8pcs),"13,900원",13900,true
4167,8677855,9,하우스샐러드(랜치/발사믹),"12,900원",12900,true
4168,8677855,10,치킨시저샐러드,"15,900원",15900,true
4169,8677855,11,뉴욕치즈피자 (L),"23,000원",23000,true
4170,8677855,12,페페로니 (L),"28,000원",28000,true
4171,8677855,13,페페로니&머쉬룸 (L),"29,000원",29000,true
4172,8677855,14,화이트파이 (L),"29,000원",29000,true
4173,8677855,15,마르게리타 (L),"30,000원",30000,true
4174,8677855,16,미트러버스 (L),"32,000원",32000,true
4175,8677855,17,뉴욕치즈피자 (XL),"37,000원",37000,true
4176,8677855,18,페페로니 (XL),"42,000원",42000,true
4177,8677855,19,페페로니&머쉬룸 (XL),"43,000원",43000,true
4178,8677855,20,화이트파이 (XL),"43,000원",43000,true
4179,8677855,21,마르게리타 (XL),"44,000원",44000,true
4180,8677855,22,뉴욕슈프림 (XL),"47,000원",47000,true
4181,8677855,23,미트러버스 (XL),"46,000원",46000,true
4182,8677855,24,포테이토베이컨 (L),"29,000원",29000,true
4183,8677855,25,하와이안피자 (L),"29,000원",29000,true
4184,8677855,26,비비큐치킨 (L),"29,000원",29000,true
4185,8677855,27,비프머쉬룸&어니언 (L),"29,000원",29000,true
4186,8677855,28,미트볼&리코타치즈 (L),"31,000원",31000,true
4187,8677855,29,데블스딜라이트 (L),"31,000원",31000,true
4188,8677855,30,하와이안피자 (XL),"43,000원",43000,true
4189,8677855,31,비비큐치킨피자 (XL),"43,000원",43000,true
4190,8677855,32,비프머쉬룸&어니언 (XL),"43,000원",43000,true
4191,8677855,33,미트볼&리코타치즈 (XL),"45,000원",45000,true
4192,8677855,34,데블스딜라이트 (XL),"45,000원",45000,true
4193,8677855,35,갓파더 (XL),"45,000원",45000,true
4194,8677855,36,페페로니+하와이안피자 (L),"29,000원",29000,true
4195,8677855,37,마르게리타+뉴욕치즈피자 (L),"29,000원",29000,true
4196,8677855,38,뉴욕슈프림+페페로니&머쉬룸 (L),"33,000원",33000,true
4197,8677855,39,포테이토베이컨+고르곤졸라 (L),"29,000원",29000,true
4198,8677855,40,페페로니+하와이안피자 (XL),"43,000원",43000,true
4199,8677855,41,마르게리타+뉴욕치즈피자 (XL),"43,000원",43000,true
4200,8677855,42,뉴욕슈프림+페페로니&머쉬룸 (XL),"47,000원",47000,true
4201,8677855,43,포테이토베이컨+고르곤졸라 (XL),"43,000원",43000,true
4202,8677855,44,토마토소스미트볼파스타,"19,900원",19900,true
4203,8677855,45,쉬림프로제파스타,"21,900원",21900,true
4204,8677855,46,치킨까르보나라,"21,900원",21900,true
4205,8677855,47,리가토니아라비아타,"18,900원",18900,true
4206,8677855,48,볼로네제알라디아볼로,"19,900원",19900,true
4207,8677855,49,베이크드지티,"19,900원",19900,true
4208,8677855,50,베이크드스피니치치킨,"21,500원",21500,true
4209,8677855,51,폴리스리가토니라자냐,"23,500원",23500,true
4210,4084675,1,세작(점심메뉴),"340,000원",340000,true
4211,4084675,2,봄 특선(점심메뉴),"250,000원",250000,true
4212,4084675,3,희(점심메뉴),"230,000원",230000,true
4213,4084675,4,수(점심메뉴),"190,000원",190000,true
4214,4084675,5,복(점심메뉴),"160,000원",160000,true
4215,4084675,6,자선찬(점심메뉴),"160,000원",160000,true
4216,4084675,7,도림(저녁메뉴),"550,000원",550000,true
4217,4084675,8,세작(저녁메뉴),"340,000원",340000,true
4218,4084675,9,봄 특선(저녁메뉴),"280,000원",280000,true
4219,4084675,10,은호(저녁메뉴),"250,000원",250000,true
4220,4084675,11,오룡(저녁메뉴),"200,000원",200000,true
4221,4084675,12,자선찬(저녁메뉴),"160,000원",160000,true
4222,4084675,13,채식(채식메뉴),"190,000원",190000,true
4223,4084675,14,해(주말메뉴),"230,000원",230000,true
4224,4084675,15,산(주말메뉴),"190,000원",190000,true
4225,9255297,1,스시 (점심특선),"69,000원",69000,true
4226,9255297,2,우동나베 (점심특선),"55,000원",55000,true
4227,9255297,3,사시미 (점심특선),"78,000원",78000,true
4228,9255297,4,도미조림 (점심특선),"65,000원",65000,true
4229,9255297,5,장어덮밥 (점심특선),"65,000원",65000,true
4230,9255297,6,모둠튀김,"35,000원",35000,true
4231,9255297,7,후또마끼(3p),"18,000원",18000,true
4232,9255297,8,장어구이,"3,000원",3000,true
4233,9255297,9,계절구이,"30,000원",30000,true
4234,9255297,10,카이센동,"35,000원",35000,true
4235,9255297,11,전복죽,"50,000원",50000,true
4236,9255297,12,스시,"70,000원",70000,true
4237,9255297,13,사시미,"120,000원",120000,true
4238,9255297,14,후또마끼,"65,000원",65000,true
4239,9255297,15,장어덮밥,"65,000원",65000,true
4240,9255297,16,우메보시,"50,000원",50000,true
4241,9255297,17,모듬튀김+우동,"32,000원",32000,true
4242,9255297,18,생선구이+우동,"38,000원",38000,true
4243,7105873,1,야채 사모사 Vegetable Samosa,"5,000원",5000,true
4244,7105873,2,탄두리 치킨 Tandoori Chicken,"12,000원",12000,true
4245,7105873,3,램 마살라 Lamb Masala,"16,500원",16500,true
4246,7105873,4,버터 치킨 Butter Chicken,"15,500원",15500,true
4247,7105873,5,알루 고비 Aloo Gobi,"15,000원",15000,true
4248,7105873,6,양고기 스페샬 탈리 Lamb Currys Thali,"23,400원",23400,true
4249,7105873,7,치킨 스페샬 탈리 Chicken Currys Thali,"22,500원",22500,true
4250,7105873,8,왕새우 스페샬 탈리 Prawn Currys Thali,"23,400원",23400,true
4251,7105873,9,치즈 스페샬 탈리 Paneer Currys Thali,"21,400원",21400,true
4252,7105873,10,야채 스페샬 탈리 Veg Currys Thali,"21,400원",21400,true
4253,7105873,11,달（렌틸） 스페샬 탈리 Dal Currys Thali,"20,400원",20400,true
4254,7105873,12,치킨 티카 Chicken Tikka,"21,900원",21900,true
4255,7105873,13,말라이 치킨 티카 Malai Chicken Tikka,"21,900원",21900,true
4256,7105873,14,말라이&치킨 티카 Malai & Chicken Tikka,"21,900원",21900,true
4257,7105873,15,라수니 티카 Lasooni Tikka,"21,900원",21900,true
4258,7105873,16,칼리 미르치 티카 Kali Mirch Tikka,"21,900원",21900,true
4259,7105873,17,샤프란 티카 Saffron Murg Tikka,"21,900원",21900,true
4260,7105873,18,양고기 티카 보티 Lamb Tikka Boti,"26,000원",26000,true
4261,7105873,19,무굴 고슈트 코르마 Mughlai Gosht Korma,"16,500원",16500,true
4262,7105873,20,램 빈달루 Lamb Vindaloo,"16,500원",16500,true
4263,7105873,21,로간 죠쉬 Rogan josh,"16,500원",16500,true
4264,7105873,22,사그 고슈트 Saag Gosht,"16,500원",16500,true
4265,7105873,23,램 마크니 Lamb Makhni,"16,500원",16500,true
4266,7105873,24,카다이 고슈트 Kadhai Gosht,"16,500원",16500,true
4267,7105873,25,고슈트 페퍼 프라이 Gosht Peper Fry,"16,500원",16500,true
4268,7105873,26,램 코프타 Lamb Kofta,"17,000원",17000,true
4269,7105873,27,치킨 티카 마살라 Chicken Tikka Masala,"15,500원",15500,true
4270,7105873,28,치킨 빈달루 Chicken Vindaloo,"15,500원",15500,true
4271,7105873,29,치킨 도 피아자 Chicken Do Pyaza,"15,500원",15500,true
4272,7105873,30,사그 치킨 Saag Chicken,"15,500원",15500,true
4273,11923762,1,전통평양냉면,"18,000원",18000,true
4274,11923762,2,김치말이냉면,"18,000원",18000,true
4275,11923762,3,한우육개장,"20,000원",20000,true
4276,11923762,4,불고기 (1인분),"46,000원",46000,true
4277,11923762,5,한우장국밥,"20,000원",20000,true
4278,11923762,6,한우갈비탕,"25,000원",25000,true
4279,11923762,7,등심 소금구이 (1인분),"78,000원",78000,true
4280,11923762,8,갈비 (1인분),"70,000원",70000,true
4281,11923762,9,육회 (1인분),"65,000원",65000,true
4282,11923762,10,전통평양비빔냉면,"18,000원",18000,true
4283,11923762,11,안창살 (1인분),"85,000원",85000,true
4284,11923762,12,온면,"18,000원",18000,true
4285,11923762,13,대간갈비 (1인분),"75,000원",75000,true
4286,11923762,14,혀밀구이/혀밀소금구이 (1인분),"55,000원",55000,true
4287,5021758,1,조식 뷔페,"27,500원",27500,true
4288,5021758,2,런치 뷔페,"47,300원",47300,true
4289,5021758,3,런치 단품,변동가격,,true
4290,1777647,1,삼계탕,"20,000원",20000,true
4291,1777647,2,산삼배양근삼계탕,"25,000원",25000,true
4292,1777647,3,오골계탕,"26,000원",26000,true
4293,1777647,4,전복죽,"18,000원",18000,true
4294,1777647,5,닭발편육,"15,000원",15000,true
4295,1777647,6,통닭,"20,000원",20000,true
4296,1777647,7,닭똥집,"15,000원",15000,true
4297,1777647,8,파전,"15,000원",15000,true
4298,1777647,9,닭도리탕,"40,000원",40000,true
4299,1777647,10,산삼배양근오골계탕,"31,000원",31000,true
4300,1777647,11,영계백숙,"30,000원",30000,true
4301,9398938,1,갈매기살,"17,000원",17000,true
4302,9398938,2,통갈매기살,"17,000원",17000,true
4303,9398938,3,한돈 소금구이,"17,000원",17000,true
4304,9398938,4,삼겹살,"17,000원",17000,true
4305,9398938,5,돼지갈비,"17,000원",17000,true
4306,9398938,6,항정살,"20,000원",20000,true
4307,9398938,7,껍데기,"10,000원",10000,true
4308,9398938,8,국수,"7,000원",7000,true
4309,9398938,9,냉면,"9,000원",9000,true
4310,4069200,1,차돌반+육회반,"52,000원",52000,true
4311,4069200,2,육회,"39,000원",39000,true
4312,4069200,3,등심 (250g),"30,000원",30000,true
4313,4069200,4,특수부위 (250g),"36,000원",36000,true
4314,4069200,5,육회비빔밥,"12,000원",12000,true
4315,4069200,6,세트메뉴,"72,000원",72000,true
4316,4069200,7,차돌박이 (250g),"27,000원",27000,true
4317,4069200,8,육사시미 (250g),"24,000원",24000,true
4318,4069200,9,간천엽(한접시),"10,000원",10000,true
4319,4069200,10,모듬(500g),"50,000원",50000,true
4320,4069200,11,육회비빔밥(특),"15,000원",15000,true
4321,4069200,12,설렁탕,"10,000원",10000,true
4322,4069200,13,육개장,"10,000원",10000,true
4323,4069200,14,물/비빔냉면,"9,000원",9000,true
4324,4069200,15,된장찌개,"7,000원",7000,true
4325,4069200,16,등심반+육회반,"55,000원",55000,true
4326,9222823,1,아그작 망고,"12,000원",12000,true
4327,9222823,2,아그작 복숭아,"12,000원",12000,true
4328,9222823,3,아그작 피스타치오,"15,000원",15000,true
4329,9222823,4,밀크블랑,"39,000원",39000,true
4330,9222823,5,딸기폼폼,"42,000원",42000,true
4331,9222823,6,올리브 치즈 고봉빵,"9,500원",9500,true
4332,9222823,7,솔티 카라멜 물결 패스트리,"5,500원",5500,true
4333,9222823,8,타코미트 립샌드,"7,800원",7800,true
4334,9222823,9,우유 46 생식빵,"7,800원",7800,true
4335,9222823,10,앙버터 골든 토스트,"5,000원",5000,true
4336,9222823,11,말차버터 골든 토스트,"5,500원",5500,true
4337,9222823,12,통밤 고봉빵,"9,800원",9800,true
4338,9222823,13,삼색콩떡 고봉빵,"8,500원",8500,true
4339,9222823,14,골든 레이어 패스트리,"5,000원",5000,true
4340,9222823,15,헤이즐넛 초콜릿 물결 패스트리,"6,000원",6000,true
4341,9222823,16,유자&바질 푀이테,"6,300원",6300,true
4342,9222823,17,말차&딸기 푀이테,"6,300원",6300,true
4343,9222823,18,망고&패션 푀이테,"6,300원",6300,true
4344,9222823,19,말차&바닐라 크렘듀오,"6,800원",6800,true
4345,9222823,20,얼그레이&바닐라 크렘듀오,"6,800원",6800,true
4346,9222823,21,시나몬 모닝번,"5,500원",5500,true
4347,9222823,22,과일상자,"50,000원",50000,true
4348,9222823,23,갓샌드,"18,000원",18000,true
4349,9222823,24,감자 베이컨 립샌드,"7,800원",7800,true
4350,9222823,25,햄프씨드 치킨 후무스볼,"12,000원",12000,true
4351,9222823,26,참나무 소이치킨 누들볼,"12,000원",12000,true
4352,9222823,27,갈릭두부 파로곡물,"12,000원",12000,true
4353,9222823,28,아메리카노,"4,900원",4900,true
4354,9222823,29,카페라떼,"5,400원",5400,true
4355,9222823,30,카푸치노,"5,900원",5900,true
4356,9222823,31,바닐라라떼,"5,900원",5900,true
4357,9222823,32,플랫화이트,"5,400원",5400,true
4358,9222823,33,콜드브루,"4,900원",4900,true
4359,9222823,34,콜드브루 라떼,"5,400원",5400,true
4360,9222823,35,콜드브루 연유라떼,"5,900원",5900,true
4361,9222823,36,얼그레이 크림 더블샷 라떼,"6,000원",6000,true
4362,9222823,37,바닐라빈 크림 아메리카노,"6,000원",6000,true
4363,9222823,38,제주말차 크림 라떼,"6,000원",6000,true
4364,9222823,39,딥초코 크림 라떼,"6,000원",6000,true
4365,9222823,40,머쉬룸 히어로,"5,600원",5600,true
4366,9222823,41,유자 피치 그린,"5,600원",5600,true
4367,9222823,42,카모마일 메들리,"5,600원",5600,true
4368,9222823,43,페퍼민트,"5,600원",5600,true
4369,9222823,44,블루베리 히비스커스,"5,600원",5600,true
4370,9222823,45,꿀배모과차,"5,500원",5500,true
4371,9222823,46,제주 한라봉차,"5,500원",5500,true
4372,9222823,47,생자몽에이드,"5,500원",5500,true
4373,9222823,48,생레몬에이드,"5,500원",5500,true
4374,9222823,49,밀크쉐이크,"6,000원",6000,true
4375,9222823,50,딸기쉐이크,"6,500원",6500,true
4376,9222823,51,딸기스무디,"5,800원",5800,true
4377,9222823,52,망고&바나나 스무디,"6,500원",6500,true
4378,4030459,1,교촌오리지널,"19,000원",19000,true
4379,4030459,2,레드오리지널,"20,000원",20000,true
4380,4032644,1,양념소왕갈비(1인),"44,000원",44000,true
4381,4032644,2,한돈양념구이(1인),"24,000원",24000,true
4382,4032644,3,LA갈비정식(점심특선),"24,000원",24000,true
4383,4032644,4,차돌박이정식(점심특선),"17,000원",17000,true
4384,4032644,5,돼지갈비정식(점심특선),"15,000원",15000,true
4385,4032644,6,한우꽃등심(1인),"47,000원",47000,true
4386,4032644,7,한우안심(1인),"56,000원",56000,true
4387,4032644,8,한우눈꽃살치살(1인),"62,000원",62000,true
4388,4032644,9,한우갈비살(1인),"43,000원",43000,true
4389,4032644,10,숯불삼겹살(1인),"19,000원",19000,true
4390,4032644,11,한우안창살(1인),"59,000원",59000,true
4391,4032644,12,양념LA갈비(1인),"33,000원",33000,true
4392,4032644,13,한우육회(1인),"3,200원",3200,true
4393,4032644,14,한우 한마리 (1인),"49,000원",49000,true
4394,4032644,15,한우 한마리 (2인),"96,000원",96000,true
4395,4032644,16,돼지 한마리(2인),"43,000원",43000,true
4396,4032644,17,우설(1인),"37,000원",37000,true
4397,4032644,18,한우 양념 갈비살(1인),"43,000원",43000,true
4398,4032644,19,LA갈비정식,"28,000원",28000,true
4399,4032644,20,차돌박이정식,"20,000원",20000,true
4400,4032644,21,돼지갈비정식,"17,000원",17000,true
4401,4032315,1,비빔냉면,"12,000원",12000,true
4402,4032315,2,회냉면,"13,000원",13000,true
4403,4032315,3,갈비찜 (소),"52,000원",52000,true
4404,4032315,4,물냉면,"12,000원",12000,true
4405,4032315,5,섞어냉면 (회냉+비냉),"13,000원",13000,true
4406,4032315,6,갈비탕,"16,000원",16000,true
4407,4032315,7,만두국,"11,000원",11000,true
4408,4032315,8,찐만두,"10,000원",10000,true
4409,4032315,9,수육,"40,000원",40000,true
4410,4032315,10,홍어회,"40,000원",40000,true
4411,4030880,1,디너,"110,000원",110000,true
4412,4030880,2,초밥도시락,"50,000원",50000,true
4413,4030880,3,런치 오마카세 초밥,"85,000원",85000,true
4414,4034848,1,닭볶음탕,"35,000원",35000,true
4415,4034848,2,후라이드치킨,"20,000원",20000,true
4416,4034848,3,토종삼계탕,"19,000원",19000,true
4417,4034848,4,들깨삼계탕,"22,000원",22000,true
4418,4034848,5,녹두삼계탕,"22,000원",22000,true
4419,4034848,6,흑마늘삼계탕,"23,000원",23000,true
4420,4034848,7,옻계탕,"22,000원",22000,true
4421,4034848,8,산삼배양근삼계탕,"25,000원",25000,true
4422,4034848,9,인삼튀김,"25,000원",25000,true
4423,4034848,10,콜라,"2,000원",2000,false
4424,4034848,11,사이다,"2,000원",2000,false
4425,4034848,12,공기밥,"1,000원",1000,false
4426,4033007,1,교자만두,"12,000원",12000,true
4427,4033007,2,칼국수,"11,000원",11000,true
4428,4033007,3,닭개장,"12,000원",12000,true
4429,4033007,4,비빔국수,"11,000원",11000,true
4430,4033007,5,완당떡국,"11,000원",11000,true
4431,4033007,6,얼큰칼국수,"11,000원",11000,true
4432,4033007,7,설렁탕,"12,000원",12000,true
4433,4033007,8,얼큰해물칼국수,"12,000원",12000,true
4434,4033007,9,얼큰수제비,"11,000원",11000,true
4435,4033007,10,콩국수,"13,000원",13000,true
4436,4033007,11,초계국수,"12,000원",12000,true
4437,4032551,1,대도 한우생등심(170g),"49,000원",49000,true
4438,4032551,2,대도 한우대패등심,"28,000원",28000,true
4439,4032551,3,대도 깍두기볶음밥,"6,000원",6000,true
4440,4032551,4,대도 한우육회(150g),"29,000원",29000,true
4441,4032551,5,대도 된장죽,"6,000원",6000,true
4442,4032551,6,대도 한우육포(Pack),"8,000원",8000,true
4443,4032551,7,대도 한우곰탕(Pack),"8,000원",8000,true
4444,4032551,8,파 묵은지 (60g),"2,000원",2000,true
4445,4032498,1,제육덮밥,"8,500원",8500,true
4446,4032498,2,오징어덮밥,"8,500원",8500,true
4447,4032498,3,육개장,"8,500원",8500,true
4448,4032498,4,뚝배기불고기,"9,000원",9000,true
4449,4032498,5,오므라이스,"9,000원",9000,true
4450,4032498,6,소고기카레덮밥,"9,000원",9000,true
4451,4032498,7,비빔밥,"8,000원",8000,true
4452,4032498,8,돌솥비빔밥,"9,000원",9000,true
4453,4032498,9,오제덮밥,"9,000원",9000,true
4454,4032498,10,김치볶음밥,"8,500원",8500,true
4455,4032498,11,김치참치볶음밥,"9,000원",9000,true
4456,4032498,12,순두부,"8,000원",8000,true
4457,4032498,13,알밥,"8,000원",8000,true
4458,4032498,14,수제등심돈까스,"9,500원",9500,true
4459,4032498,15,생선까스,"9,500원",9500,true
4460,4032498,16,수제치즈돈까스,"10,500원",10500,true
4461,4033957,1,보리굴비정식,"30,000원",30000,true
4462,4033957,2,떡갈비정식(1인분),"25,000원",25000,true
4463,4033957,3,간장게정식,"41,000원",41000,true
4464,4033957,4,3인 1번세트,"91,000원",91000,true
4465,4033957,5,4인 1번세트,"116,000원",116000,true
4466,4033957,6,매운떡갈비정식(1인분),"25,000원",25000,true
4467,4033957,7,4인 2번세트,"132,000원",132000,true
4468,4033957,8,4인 3번세트,"14,900원",14900,true
4469,4033957,9,3인 2번세트,"111,000원",111000,true
4470,4030228,1,Dinner - Chef's Course,"128,000원",128000,true
4471,4030228,2,Lunch - Special Course,"68,000원",68000,true
4472,4030228,3,Dinner - Wine Pairing,변동가격,,true
4473,4030228,4,파스타코스,"39,000원",39000,true
4474,9032583,1,꽃삼겹 (150g),"18,000원",18000,true
4475,9032583,2,한우된장술밥,"10,000원",10000,true
4476,9032583,3,한우짜파게티,"7,000원",7000,true
4477,9032583,4,김치찌개,"9,000원",9000,true
4478,9032583,5,항정살 (150g),"19,000원",19000,true
4479,9032583,6,한우된장찌개,"9,000원",9000,true
4480,9032583,7,꽃삼겹 모둠 (꽃삼겹+생삼겹+생목살),"49,000원",49000,true
4481,9032583,8,생고기 모둠 (생삼겹+생목살+항정살),"49,000원",49000,true
4482,9032583,9,생삼겹 (150g),"17,000원",17000,true
4483,9032583,10,생목살 (150g),"17,000원",17000,true
4484,9032583,11,1++ 한우 차돌박이 (120g),"23,000원",23000,true
4485,9032583,12,1++ 한우 채끝등심 (120g),"34,000원",34000,true
4486,9032583,13,볶음밥 한판,"10,000원",10000,true
4487,9032583,14,칡냉면 (물./비빔),"7,000원",7000,true
4488,9032583,15,한우해장탕면,"9,000원",9000,true
4489,9032583,16,버섯칼국수 사리,"5,000원",5000,false
4490,9032583,17,치즈계란찜,"6,000원",6000,true
4491,9032583,18,구이용초밥,"3,000원",3000,true
4492,9032583,19,치즈구이,"5,000원",5000,true
4493,4075640,1,샤오롱바오(10),"15,000원",15000,true
4494,10423798,1,간장 돌게장,"16,000원",16000,true
4495,10423798,2,쌈밥정식,"15,000원",15000,true
4496,10423798,3,한우떡갈비정식,"17,000원",17000,true
4497,10423798,4,생선구이정식,"12,000원",12000,true
4498,10423798,5,버섯부추비빔밥,"11,000원",11000,true
4499,10423798,6,숨뼈국,"12,000원",12000,true
4500,10423798,7,버섯부추비빕밥,"11,000원",11000,true
4501,10423798,8,강경젓갈쌈밥,"13,000원",13000,true
4502,10423798,9,비빔밥불고기정식,"15,000원",15000,true
4503,10423798,10,한우떡갈비,"34,000원",34000,true
4504,10423798,11,직화바싹불고기(300g),"23,000원",23000,true
4505,10423798,12,제육볶음(300g),"20,000원",20000,true
4506,10423798,13,골뱅이소면,"20,000원",20000,true
4507,10423798,14,생일상차림(저녁특선),"25,000원",25000,true
4508,10423798,15,강경젓갈비빔밥,"13,000원",13000,true
4509,10423798,16,고추장불고기(점심특선),"8,800원",8800,true
4510,10423798,17,버섯불고기(점심특선),"8,800원",8800,true
4511,2640353,1,한우 차돌탕,"33,000원",33000,true
4512,2640353,2,한우 양지탕,"19,000원",19000,true
4513,2640353,3,명품 한우 양지탕,"26,000원",26000,true
4514,2640353,4,한우 우삼겹탕,"29,000원",29000,true
4515,2640353,5,한우 차돌수육,"85,000원",85000,true
4516,2640353,6,한우 모듬수육(대),"75,000원",75000,true
4517,2640353,7,한우 모듬수육(소),"65,000원",65000,true
4518,2640353,8,한우 어린이양지탕,"15,000원",15000,true
4519,12547150,1,프로슈토 루꼴라,"28,800원",28800,true
4520,12547150,2,루꼴라 감베로니,"20,800원",20800,true
4521,12547150,3,마리나라,"15,000원",15000,true
4522,12547150,4,디아볼라,"26,800원",26800,true
4523,12547150,5,풍기에우오보,"28,800원",28800,true
4524,12547150,6,마르게리타,"23,000원",23000,true
4525,12547150,7,비스마르크,"27,800원",27800,true
4526,12547150,8,페스토 제노베제,"26,800원",26800,true
4527,12547150,9,더블 엑스트라 마르게리타,"25,000원",25000,true
4528,12547150,10,콰트로 포르마지,"26,800원",26800,true
4529,12547150,11,마스카포네,"26,800원",26800,true
4530,12547150,12,카프리쵸사,"26,800원",26800,true
4531,12547150,13,바질 감베로니,"20,800원",20800,true
4532,12547150,14,봉골레,"20,800원",20800,true
4533,12547150,15,초리죠 알리오,"19,800원",19800,true
4534,12547150,16,화이트 라구,"21,800원",21800,true
4535,12547150,17,피칸테 크레마,"20,800원",20800,true
4536,12547150,18,카르보나라,"20,800원",20800,true
4537,12547150,19,감베로니 크레마,"20,800원",20800,true
4538,12547150,20,풍기,"20,800원",20800,true
4539,12547150,21,아마트리치아나,"20,800원",20800,true
4540,12547150,22,뽀모도로,"20,800원",20800,true
4541,12547150,23,마레,"21,800원",21800,true
4542,12547150,24,로제 감베로니,"20,800원",20800,true
4543,12547150,25,풍기 치즈 리조또,"20,800원",20800,true
4544,12547150,26,봉골레 크레마 리조또,"20,800원",20800,true
4545,12547150,27,해산물 리조또,"21,800원",21800,true
4546,12547150,28,프로슈토 샐러드,"20,000원",20000,true
4547,12547150,29,풍기 샐러드,"20,000원",20000,true
4548,12547150,30,리코타 샐러드,"20,000원",20000,true
4549,12547150,31,부라타 카프레제,"21,000원",21000,true
4550,12945884,1,진 앤 토닉,"11,000원",11000,true
4551,12945884,2,위스키 하이볼,"11,000원",11000,true
4552,8965073,1,떡볶이,"5,500원",5500,true
4553,8965073,2,현선이세트,"21,000원",21000,true
4554,8965073,3,현선이 콤보 세트,"24,000원",24000,true
4555,8965073,4,순대,"6,000원",6000,true
4556,8965073,5,베이비세트,"13,000원",13000,true
4557,8965073,6,모듬튀김(5EA),"6,000원",6000,true
4558,8965073,7,꼬마김밥(4EA),"5,000원",5000,true
4559,8965073,8,부산오뎅(4EA),"4,000원",4000,true
4560,8965073,9,써니세트,"17,000원",17000,true
4561,6538765,1,수비드 삼겹살,"29,000원",29000,true
4562,6538765,2,오리다리 꽁피,"29,000원",29000,true
4563,6538765,3,생면 라구 스파게티,"24,000원",24000,true
4564,18545546,1,이천쌀밥정식,"20,000원",20000,true
4565,18545546,2,제주고사리소불고기정식(2인이상),"23,000원",23000,false
4566,18545546,3,간장게장정식,"39,000원",39000,true
4567,18545546,4,알찬간장게장,"27,000원",27000,true
4568,18545546,5,제주고사리소불고기,"25,000원",25000,false
4569,18545546,6,제육볶음,"12,000원",12000,true
4570,4050054,1,천겹살(150g),"19,000원",19000,true
4571,4050054,2,갈비삼겹살(170g),"18,000원",18000,true
4572,4050054,3,전주비빔밥,"12,000원",12000,true
4573,4050054,4,콩나물국밥,"9,000원",9000,true
4574,4050054,5,열무비빔밥(여름),"11,000원",11000,true
4575,4050054,6,굴전,"20,000원",20000,true
4576,4050054,7,김치찌개,"9,000원",9000,true
4577,4050054,8,계란찜,"5,000원",5000,true
4578,4050054,9,콩나물굴국밥(겨울),"11,000원",11000,true
4579,4050054,10,생굴,"15,000원",15000,true
4580,9148805,1,북경오리 (한마리),"120,000원",120000,true
4581,9148805,2,이베리코 스테이크 자장면,"20,000원",20000,true
4582,9148805,3,광동식 탕수육,"42,000원",42000,true
4583,9148805,4,새우교자 (4pcs),"12,000원",12000,true
4584,9148805,5,쇼마이 (4pcs),"12,000원",12000,true
4585,9148805,6,부추교자 (4pcs),"11,000원",11000,true
4586,9148805,7,매콤한 돼지고기 완탕 (6pcs),"13,000원",13000,true
4587,9148805,8,해물 산라탕,"12,000원",12000,true
4588,9148805,9,X.O 어향동고 (소),"49,000원",49000,true
4589,9148805,10,아몬드 레몬 크림 새우 (소),"47,000원",47000,true
4590,9148805,11,숙성 소고기 탕수육 (소),"50,000원",50000,true
4591,9148805,12,3가지 소스를 곁들인 로스트 치킨,"33,000원",33000,true
4592,9148805,13,광동식 바베큐 플래터,"60,000원",60000,true
4593,9148805,14,크리스피 포크벨리,"45,000원",45000,true
4594,9148805,15,꿀소스 이베리코 차슈,"35,000원",35000,true
4595,9148805,16,XO크리스피 라이스 볶음밥,"19,000원",19000,true
4596,9148805,17,XO소스에 볶은 무 케이크,"12,000원",12000,true
4597,9148805,18,마늘소스 전복찜,"70,000원",70000,true
4598,9148805,19,시그니처 포크밸리 차슈,"33,000원",33000,true
4599,2524701,1,Dinner,"350,000원",350000,true
4600,13954010,1,우렁된장,"8,000원",8000,true
4601,13954010,2,된장찌개,"7,000원",7000,true
4602,13954010,3,순두부,"7,000원",7000,true
4603,13954010,4,김치찌개,"8,000원",8000,true
4604,12030511,1,고등어,"12,000원",12000,true
4605,12030511,2,오징어,"13,000원",13000,true
4606,12030511,3,삼치,"15,000원",15000,true
4607,12030511,4,소불고기,"12,000원",12000,true
4608,12030511,5,된장찌개,"8,000원",8000,true
4609,12030511,6,순두부찌개,"8,000원",8000,true
4610,33267810,1,소꼬리수육,"55,000원",55000,true
4611,33267810,2,육전담은 수육전골,"43,000원",43000,true
4612,33267810,3,제육볶음,"20,000원",20000,true
4613,33267810,4,제육크림파스타,"19,000원",19000,true
4614,33267810,5,들기름막국수,"11,000원",11000,true
4615,33267810,6,소갈비살구이,"34,000원",34000,true
4616,33267810,7,소고기육전,"29,000원",29000,true
4617,33267810,8,감자치즈채전,"21,000원",21000,true
4618,33267810,9,참나물새우전,"19,000원",19000,true
4619,33267810,10,버섯전골,"22,000원",22000,true
4620,33267810,11,고추장찌개,"20,000원",20000,true
4621,33267810,12,우삼겹된장찌개,"20,000원",20000,true
4622,33267810,13,유자칼빔면,"13,000원",13000,true
4623,33267810,14,닭강정,"19,000원",19000,true
4624,33267810,15,불타는 꽃게와 곱도리탕,"46,000원",46000,true
4625,4050197,1,아웃백 시그니처 스테이크 4인 세트,"159,000원",159000,true
4626,4050197,2,짐붐바 스테이크 3인 세트,"99,000원",99000,true
4627,4050197,3,갈릭 립아이 스테이크 2인 세트,"83,000원",83000,true
4628,4050197,4,카카두 김치 그릴러 2인 세트,"63,000원",63000,true
4629,4050197,5,투움바 파스타 1인 세트,"29,900원",29900,true
4630,4050197,6,스파이시 투움바 파스타 1인 세트,"29,900원",29900,true
4631,4050197,7,스파이시 씨푸드 알리오 올리오 1인 세트,"29,900원",29900,true
4632,4050197,8,씨푸드 아라비아따 1인 세트,"29,900원",29900,true
4633,4050197,9,부라타 로제 투움바 파스타 1인 세트,"31,900원",31900,true
4634,4050197,10,트러플 머쉬룸 투움바 파스타 1인 세트,"31,900원",31900,true
4635,4050197,11,카카두 김치 그릴러 1인 세트,"29,900원",29900,true
4636,4050197,12,베이비 백 립 1인 세트,"52,900원",52900,true
4637,4050197,13,치킨 텐더 샐러드 1인 세트,"25,900원",25900,true
4638,4050197,14,갈릭 립아이,"49,900원",49900,true
4639,4050197,15,짐붐바 스테이크,"38,900원",38900,true
4640,4050197,16,페퍼콘 스트립로인,"48,900원",48900,true
4641,4050197,17,트리플 갈릭 스트립,"51,900원",51900,true
4642,4050197,18,투움바 파스타,"26,900원",26900,true
4643,4050197,19,스파이시 투움바 파스타,"26,900원",26900,true
4644,4050197,20,스파이시 씨푸드 알리오 올리오,"26,900원",26900,true
4645,4050197,21,씨푸드 아라비아따,"26,900원",26900,true
4646,4050197,22,부라타 로제 투움바 파스타,"28,900원",28900,true
4647,4050197,23,트러플 머쉬룸 투움바 파스타,"28,900원",28900,true
4648,4050197,24,카카두 김치 그릴러,"26,900원",26900,true
4649,4050197,25,베이비 백 립(오리지널),"49,900원",49900,true
4650,4050197,26,오지 치즈 후라이즈,"10,900원",10900,true
4651,4050197,27,골드 코스트 코코넛 슈림프,"20,900원",20900,true
4652,4050197,28,카카두 그릴러 비프 퀘사디아,"20,900원",20900,true
4653,4050197,29,치킨 텐더 샐러드,"22,900원",22900,true
4654,4050197,30,가든 샐러드,"5,900원",5900,true
4655,26226191,1,고추장비빔밥,"12,000원",12000,true
4656,26226191,2,간장비빔밥,"12,000원",12000,true
4657,26226191,3,언양식 바싹 불고기(2인),"32,000원",32000,true
4658,26226191,4,낙지볶음 (소),"28,000원",28000,true
4659,26226191,5,뚝배기 돼지 갈비찜(1인),"17,000원",17000,true
4660,26226191,6,BEST낙지볶음 (중),"39,000원",39000,true
4661,26226191,7,BEST미나리전(for vegan),"16,000원",16000,true
4662,26226191,8,두부야채찜 (for vegan),"13,000원",13000,true
4663,26226191,9,차돌 야채찜,"20,000원",20000,true
4664,26226191,10,뚝배기 김치찜,"16,000원",16000,true
4665,26226191,11,뚝배기 두부버섯탕(for vegan),"15,000원",15000,true
4666,26226191,12,황태콩나물 술국,"16,000원",16000,true
4667,26226191,13,4인한상,"114,000원",114000,true
4668,26226191,14,3인한상,"84,000원",84000,true
4669,26226191,15,2인한상,"53,000원",53000,true
4670,26226191,16,눈개승마 비빔밥,"18,000원",18000,true
4671,26226191,17,바싹 소 불고기 비빔밥,"18,000원",18000,true
4672,26226191,18,뚝배기 돼지갈비찜 (중),"29,000원",29000,true
4673,26226191,19,명태회무침,"22,000원",22000,true
4674,26226191,20,푸짐한상,"143,000원",143000,true
4675,8885331,1,바삭왕창세트,,,true
4676,8885331,2,튀김굴림볼,,,true
4677,8885331,3,블랙만두,,,true
4678,8885331,4,블랙튀김만두,,,true
4679,8885331,5,북촌튀김만두,,,true
4680,8885331,6,찐만두(고기),,,true
4681,8885331,7,찐만두(김치),,,true
4682,8885331,8,갈비만두,,,true
4683,8885331,9,굴림만두,,,true
4684,8885331,10,큰모둠만두,,,true
4685,8885331,11,매운고추장튀김만두,,,true
4686,8885331,12,고추장튀김만두,,,true
4687,8885331,13,마늘튀김만두,,,true
4688,8885331,14,마늘새끼튀김만두,,,true
4689,8885331,15,새우튀김만두,,,true
4690,8885331,16,새우만두,,,true
4691,8885331,17,새끼만두,,,true
4692,8885331,18,새끼튀김만두,,,true
4693,8885331,19,북촌칼만두,,,true
4694,8885331,20,멸치칼국수,,,true
4695,8885331,21,얼큰칼만두,,,true
4696,8885331,22,얼큰칼국수,,,true
4697,8885331,23,멸치국시,,,true
4698,8885331,24,냉모밀,,,true
4699,8885331,25,북촌피냉면(보통/매운맛),,,true
4700,8885331,26,비빔냉면(보통/매운맛),,,true
4701,8885331,27,비빔국시,,,true
4702,8885331,28,열무국시,,,true
4703,8885331,29,열무냉면,,,true
4704,8885331,30,북촌만둣국,,,true
4705,8885331,31,얼큰만둣국,,,true
4706,8885331,32,만두육개장,,,true
4707,8885331,33,만두곰탕,,,true
4708,8885331,34,만두짬뽕밥,,,true
4709,8885331,35,피쫄면,,,true
4710,8885331,36,만두떡볶이(보통/매운맛),,,true
4711,8885331,37,매운국물쫄면,,,true
4712,8885331,38,쫄면,,,true
4713,8885331,39,만두돈까스,,,true
4714,14048094,1,주말/공휴일 (성인/중고생),"36,900원",36900,true
4715,14048094,2,초등학생 (평일 런치),"16,900원",16900,true
4716,14048094,3,평일런치 (성인/중고생),"27,900원",27900,true
4717,14048094,4,평일디너 (성인/중고생),"31,900원",31900,true
4718,14048094,5,초등학생 (평일 디너),"17,900원",17900,true
4719,14048094,6,초등학생 (주말/공휴일),"18,900원",18900,true
4720,14048094,7,미취학 아동,"9,900원",9900,true
4721,9213508,1,까르보나라,"26,000원",26000,true
4722,9213508,2,레몬소르베,"6,000원",6000,true
4723,9213508,3,2인 세트,"126,000원",126000,true
4724,9213508,4,3인 세트,"168,000원",168000,true
4725,9213508,5,이탈리안 시저샐러드,"15,000원",15000,true
4726,9213508,6,루꼴라 샐러드,"13,000원",13000,true
4727,9213508,7,부라타 카프레제,"19,000원",19000,true
4728,9213508,8,프레시 마르게리따 피자,"26,000원",26000,true
4729,9213508,9,친퀘 포르마지오 피자,"28,000원",28000,true
4730,9213508,10,트러플 풍기 피자,"30,000원",30000,true
4731,9213508,11,가리비 관자 파스타,"29,000원",29000,true
4732,9213508,12,카치오 에 페페 뇨끼,"29,000원",29000,true
4733,9213508,13,트러플 머쉬룸 파스타,"29,000원",29000,true
4734,9213508,14,아마트리치아나,"25,000원",25000,true
4735,9213508,15,부라타 뽀모도로,"28,000원",28000,true
4736,9213508,16,비스테카 알라 피오렌티나,"160,000원",160000,true
4737,9213508,17,딸리아따 디 만조,"68,000원",68000,true
4738,9213508,18,비스테카 립아이,"72,000원",72000,true
4739,9213508,19,치킨앤칩스,"24,000원",24000,true
4740,10670911,1,알리비에 샐러드 Olivier salad,"13,000원",13000,true
4741,10670911,2,청어샐러드 Herring salad,"15,500원",15500,true
4742,10670911,3,야채 샐러드 Vegetable salad,"8,000원",8000,true
4743,10670911,4,당근 김치 Korean carrot salad,"5,000원",5000,true
4744,10670911,5,슈르파 Shurpa,"21,000원",21000,true
4745,10670911,6,라그만 Lagman,"13,000원",13000,true
4746,10670911,7,마스타바 Mastava,"13,000원",13000,true
4747,10670911,8,보르시 Borscht,"13,000원",13000,true
4748,10670911,9,국씨 Kuksi,"15,500원",15500,true
4749,10670911,10,카잔 케밥 Kazan kabob,"21,000원",21000,true
4750,10670911,11,뷔스트로고낲 BeefStroganov,"18,000원",18000,true
4751,10670911,12,플로프 Plov,"18,000원",18000,true
4752,10670911,13,굴라쒸 Goulash,"18,000원",18000,true
4753,10670911,14,중앙아시아 손만두 Manti,"18,000원",18000,true
4754,10670911,15,으깬감자와 치킨커틀릿,"16,000원",16000,true
4755,10670911,16,으깬감자와 비프커틀릿,"20,000원",20000,true
4756,10670911,17,으깬감자와 비프커틀릿 후라이계란,"20,000원",20000,true
4757,10670911,18,러시아 물만두 Pelmeni,"18,000원",18000,true
4758,10670911,19,러시아 감자 물만두 Vareniki,"15,500원",15500,true
4759,10670911,20,갈루브치 Golubsi,"21,000원",21000,true
4760,10670911,21,양고기 스튜 Baranina po domashnemu,"21,000원",21000,true
4761,10670911,22,소고기 머쉬룸 감자 Kartofel po domashn,"21,000원",21000,true
4762,10670911,23,전통 양꼬치 샤슬릭 TraditionalShashlik,"12,000원",12000,true
4763,10670911,24,뼈없는 전통 양꼬치 샤슬릭 Lamb Shashlik,"15,500원",15500,true
4764,10670911,25,쇠고기꼬치 샤슬릭 Beef Shashlik,"15,500원",15500,true
4765,10670911,26,나폴레옹 쇠고기 꼬치 Napoleon Shashlik,"15,500원",15500,true
4766,10670911,27,다진 쇠고기 꼬치 샤슬릭 Molotiy Sashlik,"13,000원",13000,true
4767,10670911,28,다진 쇠고기 롤 꼬치 샤슬릭 Molotiy Rulet,"15,500원",15500,true
4768,10670911,29,치킨필렛꼬치 샤슬릭 Chicken Shashlik,"10,500원",10500,true
4769,10670911,30,야채꼬치 Vegetable Shashlik,"13,000원",13000,true
4770,8875214,1,갈비탕,"17,000원",17000,true
4771,8875214,2,송추갈비정식(평일 런치),"36,000원",36000,true
4772,8875214,3,가마골갈비 (1인분),"41,000원",41000,true
4773,8875214,4,송추갈비,"41,000원",41000,true
4774,8875214,5,CAB 우대本갈비,"41,000원",41000,true
4775,8875214,6,CAB설화왕갈비,"58,000원",58000,true
4776,8875214,7,한우육회&육사시미,"32,000원",32000,true
4777,3922745,1,오리지널 샤오롱바오(10개),"15,000원",15000,true
4778,8591005,1,전통갈비탕,"20,000원",20000,true
4779,8591005,2,낙지볶음덮밥,"17,000원",17000,true
4780,8591005,3,골동반,"18,000원",18000,true
4781,8591005,4,차돌박이구이와 낙지볶음,"28,000원",28000,true
4782,8591005,5,낙지볶음과소면,"25,000원",25000,true
4783,8591005,6,갈비우거지탕,"18,000원",18000,true
4784,8591005,7,육개장,"16,000원",16000,true
4785,8591005,8,만두탕,"13,000원",13000,true
4786,8591005,9,서울냉면,"13,000원",13000,true
4787,8591005,10,등심로스편채,"27,000원",27000,true
4788,8591005,11,탕평채,"13,000원",13000,true
4789,8591005,12,황태구이,"22,000원",22000,true
4790,8591005,13,해물파전,"23,000원",23000,true
4791,8591005,14,녹두빈대떡,"21,000원",21000,true
4792,8591005,15,만두지짐이,"13,000원",13000,true
4793,8591005,16,차돌박이와 향채무침,"25,000원",25000,true
4794,2487456,1,점심&저녁,"50,000원",50000,true
4795,14061427,1,숙성 꽃등심(100g),"58,000원",58000,true
4796,14061427,2,숙성 차돌박이(170g),"42,000원",42000,true
4797,14061427,3,숙성 안심(100g),"58,000원",58000,true
4798,14061427,4,짜장라면(2~3인),"15,000원",15000,true
4799,14061427,5,숙성육회,"35,000원",35000,true
4800,14061427,6,소고기 크림리조또(2~3인),"12,000원",12000,true
4801,14061427,7,우니이꾸라육회,"50,000원",50000,true
4802,14061427,8,토장찌개비빔밥(2인),"15,000원",15000,true
4803,14061427,9,토장찌개비빔밥(3~4인),"20,000원",20000,true
4804,14061427,10,트러플크림리조또(2~3인),"15,000원",15000,true
4805,8681713,1,전복 감태 리조또,"35,000원",35000,true
4806,8681713,2,채끝등심 라구 라자냐,"34,000원",34000,true
4807,8681713,3,아르모니움 그린 샐러드,"28,000원",28000,true
4808,8681713,4,부라타 치즈,"32,000원",32000,true
4809,8681713,5,카르파치오,"39,000원",39000,true
4810,8681713,6,카페산테 관자 요리,"33,000원",33000,true
4811,8681713,7,문어 구이,"39,000원",39000,true
4812,8681713,8,허브 통삼겹 포르게타 슬라이스,"32,000원",32000,true
4813,8681713,9,프로슈토 크루도,"35,000원",35000,true
4814,8681713,10,포르마지 치즈 플레터,"30,000원",30000,true
4815,8681713,11,바질 페스토 뇨끼,"33,000원",33000,true
4816,8681713,12,링귀니 봉골레,"33,000원",33000,true
4817,8681713,13,"파케리 알라 노르마, 구운가지","29,000원",29000,true
4818,8681713,14,새우 탈리아텔레,"35,000원",35000,true
4819,8681713,15,시금치 리코타 라비올리,"33,000원",33000,true
4820,8681713,16,도미요리,"55,000원",55000,true
4821,8681713,17,허브 크러스트 양갈비,"65,000원",65000,true
4822,8681713,18,"1++ 채끝등심 (200g, 숯불구이)","95,000원",95000,true
4823,8681713,19,티라미수,"15,000원",15000,true
4824,8681713,20,초콜릿 폰단테와 바닐라 젤라또,"19,000원",19000,true
4825,8681713,21,"랍스터 구이, 샤프론 리조또","75,000원",75000,true
4826,8681713,22,허브 통오겹 포르게타,"60,000원",60000,true
4827,8681713,23,아몬드 세미프레도,"15,000원",15000,true
4828,10257940,1,"PINA COLADA (strawberry, blueberry, mango)","12,000원",12000,true
4829,10257940,2,"MOJITO (lime, apple, grapefruit)","12,000원",12000,true
4830,10257940,3,TIFFANY & CO,"12,000원",12000,true
4831,10257940,4,MARRY ME,"10,000원",10000,true
4832,10257940,5,BLACK JACK,"12,000원",12000,true
4833,4030210,1,갑오징어해물짬뽕,"16,000원",16000,true
4834,4030210,2,옛날짜장면,"9,000원",9000,true
4835,4030210,3,삼선간짜장,"12,000원",12000,true
4836,4030210,4,갑오징어쟁반짜장,"14,000원",14000,true
4837,4030210,5,마파두부밥,"14,000원",14000,true
4838,4030210,6,해물볶음밥+후라이,"14,000원",14000,true
4839,4030210,7,잡채볶음밥+후라이,"15,000원",15000,true
4840,4030210,8,차슈탕면,"16,000원",16000,true
4841,4030210,9,마라탕면,"16,000원",16000,true
4842,4030210,10,어향가지덮밥,"14,000원",14000,true
4843,4030210,11,고추잡채밥,"16,000원",16000,true
4844,4030210,12,유산슬밥,"18,000원",18000,true
4845,4030210,13,해물잡탕밥,"23,000원",23000,true
4846,4030210,14,동파육,"65,000원",65000,true
4847,4030210,15,마라탕,"40,000원",40000,true
4848,4030210,16,짬뽕탕,"35,000원",35000,true
4849,4030210,17,샥스핀매생이해물누릉지탕,"75,000원",75000,true
4850,4030210,18,해물누룽지탕,"60,000원",60000,true
4851,3616559,1,큰상 (11:30~14:00),"30,000원",30000,true
4852,3616559,2,효자상,"65,000원",65000,true
4853,3616559,3,한상 (만찬시 8인이상),"50,000원",50000,true
4854,3616559,4,달름상,"85,000원",85000,true
4855,8724369,1,캘리포니아 컷,"69,000원",69000,true
4856,8724369,2,잉글리시 컷,"80,000원",80000,true
4857,8724369,3,로리 컷,"95,000원",95000,true
4858,8724369,4,다이아몬드 짐 브래디 컷,"128,000원",128000,true
4859,8724369,5,비프 보울 컷,"158,000원",158000,true
4860,8724369,6,프렌치 프라이（레귤러 컷）,"7,000원",7000,true
4861,33043749,1,초반세트(2~3인),"57,000원",57000,true
4862,33043749,2,곱창세트(2~3인),"66,000원",66000,true
4863,33043749,3,숙성삼겹살(1인),"17,000원",17000,true
4864,33043749,4,숙성목살(1인),"17,000원",17000,true
4865,33043749,5,차돌박이(1인),"21,000원",21000,true
4866,33043749,6,제주식두루치기(소),"29,000원",29000,true
4867,33043749,7,반반세트(3~4인),"68,000원",68000,true
4868,33043749,8,제주식두루치기(중),"38,000원",38000,true
4869,33043749,9,제주식두루치기(대),"47,000원",47000,true
4870,33043749,10,모듬구이(180g),"21,000원",21000,true
4871,33043749,11,소곱창구이(180g),"23,000원",23000,true
4872,33043749,12,대창구이(180g),"21,000원",21000,true
4873,33043749,13,막창구이(180g),"21,000원",21000,true
4874,33043749,14,차돌된장찌개,"7,000원",7000,true
4875,33043749,15,김치말이국수,"6,000원",6000,true
4876,33043749,16,부대찌개(2인이상),"8,000원",8000,true
4877,33043749,17,카레부대찌개(2인이상),"8,000원",8000,true
4878,33043749,18,차돌된장전골(2인이상),"8,000원",8000,true
4879,33043749,19,제주식두루치기(2인이상),,,true
4880,6352986,1,설렁탕,"14,000원",14000,true
4881,6352986,2,설렁탕 (특),"22,000원",22000,true
4882,6352986,3,도가니탕,"30,000원",30000,true
4883,6352986,4,수육 (소),"65,000원",65000,true
4884,6352986,5,족수육 (소),"70,000원",70000,true
4885,6352986,6,내장탕,"16,000원",16000,true
4886,6352986,7,내장탕 (특),"22,000원",22000,true
4887,6352986,8,족탕,"30,000원",30000,true
4888,6352986,9,수육 (대),"70,000원",70000,true
4889,6352986,10,족수육 (대),"80,000원",80000,true
4890,6352986,11,족반수반,"75,000원",75000,true
4891,6352986,12,모듬수육,"85,000원",85000,true
4892,9413973,1,동파육(소)(예약메뉴),"45,000원",45000,true
4893,9413973,2,멘보샤(대)(예약메뉴),"50,000원",50000,true
4894,9413973,3,영덕대게게살스프,"32,000원",32000,true
4895,9413973,4,공보기정,"35,000원",35000,true
4896,9413973,5,깐풍기,"35,000원",35000,true
4897,9413973,6,깐풍닭날개,"40,000원",40000,true
4898,9413973,7,라조기,"35,000원",35000,true
4899,9413973,8,산라탕,"22,000원",22000,true
4900,9413973,9,양장피,"38,000원",38000,true
4901,9413973,10,유린기,"35,000원",35000,true
4902,9413973,11,탕수육,"22,000원",22000,true
4903,9413973,12,동파육(대)(예약메뉴),"60,000원",60000,true
4904,9413973,13,멘보샤(소)(예약메뉴),"35,000원",35000,true
4905,9413973,14,몽골리안 비프(소)(예약메뉴),"45,000원",45000,true
4906,9413973,15,몽골리안 비프(대)(예약메뉴),"68,000원",68000,true
4907,9413973,16,마라 비프(소)(예약메뉴),"45,000원",45000,true
4908,9413973,17,마라 비프(대)(예약메뉴),"68,000원",68000,true
4909,9413973,18,어향동구(소)(예약메뉴),"36,000원",36000,true
4910,9413973,19,어향동구(대)(예약메뉴),"54,000원",54000,true
4911,9413973,20,오룡해삼(소)(예약메뉴),"60,000원",60000,true
4912,9413973,21,오룡해삼(대)(예약메뉴),"90,000원",90000,true
4913,9413973,22,A코스(1인),"30,000원",30000,true
4914,9413973,23,B코스(1인),"35,000원",35000,true
4915,9413973,24,C코스(1인),"40,000원",40000,true
4916,9413973,25,D코스(1인),"45,000원",45000,true
4917,9413973,26,E코스(1인),"55,000원",55000,true
4918,9413973,27,스페샬코스(1인),"85,000원",85000,true
4919,9413973,28,짬뽕스프,"20,000원",20000,true
4920,9413973,29,중새우칠리,"40,000원",40000,true
4921,9413973,30,깐풍중새우,"40,000원",40000,true
4922,9413973,31,고추중새우볶음,"42,000원",42000,true
4923,9413973,32,크림중새우,"40,000원",40000,true
4924,9413973,33,마라새우,"45,000원",45000,true
4925,9413973,34,깐풍관자,"55,000원",55000,true
4926,9413973,35,관자튀김,"55,000원",55000,true
4927,9413973,36,굴기름관자,"55,000원",55000,true
4928,9413973,37,마라관자,"55,000원",55000,true
4929,9413973,38,홍소가지,"25,000원",25000,true
4930,9413973,39,삼풍냉채,"45,000원",45000,true
4931,9413973,40,사품냉채,"55,000원",55000,true
4932,9413973,41,해파리냉채,"30,000원",30000,true
4933,9413973,42,오향장우육,"35,000원",35000,true
4934,9413973,43,전복냉채,"70,000원",70000,true
4935,9413973,44,해삼전복,"120,000원",120000,true
4936,9413973,45,해삼삼겹살,"120,000원",120000,true
4937,9413973,46,홍소해삼,"120,000원",120000,true
4938,9413973,47,홍소전복,"100,000원",100000,true
4939,9413973,48,마라전복,"100,000원",100000,true
4940,9413973,49,영덕대게살볶음,"55,000원",55000,true
4941,9413973,50,류산슬,"43,000원",43000,true
4942,9413973,51,게살류산슬,"53,000원",53000,true
4943,9413973,52,전가복,"70,000원",70000,true
4944,9413973,53,팔보채,"50,000원",50000,true
4945,9413973,54,삼선누룽지,"40,000원",40000,true
4946,9413973,55,새우누룽지,"40,000원",40000,true
4947,9413973,56,짜장면,"10,000원",10000,true
4948,9413973,57,짬뽕,"15,000원",15000,true
4949,9413973,58,기스면(굵은면),"8,000원",8000,true
4950,9413973,59,탄탄면,"12,000원",12000,true
4951,9413973,60,새우볶음밥,"10,000원",10000,true
4952,9413973,61,게살볶음밥,"13,000원",13000,true
4953,9413973,62,류산슬밥,"15,000원",15000,true
4954,9413973,63,잡탕밥,"18,000원",18000,true
4955,27095353,1,철판 치즈차돌낙지 볶음,"24,000원",24000,true
4956,27095353,2,차돌낙곱새,"19,000원",19000,true
4957,27095353,3,투뿔한우 육회,"19,000원",19000,true
4958,27095353,4,철판 구룡포 오곱새,"21,000원",21000,true
4959,27095353,5,철판 치즈낙지 볶음,"24,000원",24000,true
4960,27095353,6,철판 차돌낙지볶음,"22,000원",22000,true
4961,27095353,7,철판 낙지볶음,"22,000원",22000,true
4962,27095353,8,낙곱새,"16,000원",16000,true
4963,27095353,9,낙차새,"18,000원",18000,true
4964,27095353,10,[한상차림] 낙지비빔밥,"18,000원",18000,true
4965,27095353,11,[한상차림] 투뿔한우 육회비빔밥,"15,000원",15000,true
4966,27095353,12,감자파튀,"12,000원",12000,true
4967,27095353,13,빙화 고기 군만두,"12,000원",12000,true
4968,27095353,14,묵사발,"9,500원",9500,true
4969,27095353,15,투뿔한우뭇국,"5,000원",5000,true
4970,27095353,16,영덕대게 계란장 1알,"2,000원",2000,true
4971,24175964,1,무드서울 해산물 플래터,"95,000원",95000,true
4972,24175964,2,아쿠아 파짜,"85,000원",85000,true
4973,24175964,3,카포나타 토스트,"18,000원",18000,true
4974,24175964,4,칼라마리&감자튀김,"23,000원",23000,true
4975,24175964,5,참외&부라타 치즈,"24,000원",24000,true
4976,24175964,6,엔다이브&와규 샐러드,"25,000원",25000,true
4977,24175964,7,도미 세비체,"24,000원",24000,true
4978,24175964,8,뽈뽀,"29,000원",29000,true
4979,24175964,9,비프 타르타르,"28,000원",28000,true
4980,24175964,10,전복 알리오 올리오 파스타,"26,000원",26000,true
4981,24175964,11,트러플 파스타,"27,000원",27000,true
4982,24175964,12,단새우&바질페스토 파스타,"28,000원",28000,true
4983,24175964,13,성게&어란 파스타,"30,000원",30000,true
4984,24175964,14,진갈비 브레이징,"49,000원",49000,true
4985,24175964,15,양갈비,"56,000원",56000,true
4986,24175964,16,채끝 스테이크,"64,000원",64000,true
4987,24175964,17,페퍼햄 토스트,"20,000원",20000,true
4988,24175964,18,관자&아스파라거스,"27,000원",27000,true
4989,24175964,19,소볼살 라구,"27,000원",27000,true
4990,24175964,20,페쉐&로제 리조토,"31,000원",31000,true
4991,33270072,1,[런치] 생활의달인 세트 (2인),"29,600원",29600,true
4992,8881813,1,한정식,"24,000원",24000,true
4993,8881813,2,한돈돼지불고기,"22,000원",22000,true
4994,8881813,3,한우소불고기,"29,000원",29000,true
4995,8881813,4,한돈돼지갈비,"22,000원",22000,true
4996,8881813,5,황태구이,"18,000원",18000,true
4997,8881813,6,낙지볶음,"20,000원",20000,true
4998,8881813,7,홍어회무침,"15,000원",15000,true
4999,8881813,8,보리굴비,"21,000원",21000,true
5000,8881813,9,해물파전,"20,000원",20000,true
5001,27956526,1,낙곱새,"18,500원",18500,true
5002,27956526,2,투움바 치즈닭갈비,"17,500원",17500,true
5003,27956526,3,차돌낙곱새,"20,500원",20500,true
5004,27956526,4,낙차새,"19,500원",19500,true
5005,27956526,5,트러플 감자파튀,"13,000원",13000,true
5006,27956526,6,묵사발,"10,500원",10500,true
5007,27956526,7,치즈 닭갈비,"17,000원",17000,true
5008,27956526,8,낙지 치즈닭갈비,"20,000원",20000,true
5009,27956526,9,[한상차림]낙지볶음,"18,000원",18000,true
5010,27956526,10,철판 낙지볶음(1인분),"22,000원",22000,true
5011,27956526,11,철판 차돌낙지볶음,"22,000원",22000,true
5012,27956526,12,빙화 고기 군만두,"12,000원",12000,true
5013,27956526,13,낙지치즈닭갈비2인+묵사발or감자파튀,"44,000원",44000,true
5014,27956526,14,치즈닭갈비2인+묵사발or감자파튀,"38,000원",38000,true
5015,27956526,15,깍두기날치알볶음밥,"5,500원",5500,true
5016,27956526,16,깍두기볶음밥,"3,500원",3500,true
5017,27956526,17,투움바 낙지 치즈닭갈비,"20,500원",20500,true
5018,19085783,1,을지맥옥 포터,"7,500원",7500,true
5019,19085783,2,을지맥옥 청포도 바질 사이더,"7,500원",7500,true
5020,19085783,3,디아볼라 피자 Diavola Pizza,"25,000원",25000,true
5021,19085783,4,바질 페스토 & 마스카포네 치즈 피자,"24,000원",24000,true
5022,19085783,5,마약 옥수수 포테이토칩 피자,"23,000원",23000,true
5023,19085783,6,콰트로 치즈 피자,"23,000원",23000,true
5024,19085783,7,(가쓰오부시 숙성 간장) The 진한 스지 어묵,"21,500원",21500,true
5025,19085783,8,중부시장 건어물 플레이트,"20,000원",20000,true
5026,19085783,9,LA갈비 쌈 플래터,"35,000원",35000,true
5027,19085783,10,수제 티라미수 케이크 with 수제 도우 브레드,"13,000원",13000,true
5028,19085783,11,을지맥옥 엠버라거,"7,500원",7500,true
5029,19085783,12,을지맥옥 IPA,"7,500원",7500,true
5030,19085783,13,을지맥옥 헤페바이젠,"7,500원",7500,true
5031,19085783,14,힙지로 크림치즈 딥 Dip,"19,500원",19500,true
5032,19085783,15,후무스 플레이트 & 프라이즈,"19,000원",19000,true
5033,19085783,16,갑오징어 알배추쌈,"35,000원",35000,true
5034,19085783,17,치폴레 쉬림프 타코 피자,"25,000원",25000,true
5035,19085783,18,을지맥옥 체리 사워 IPA,"8,000원",8000,true
5036,19085783,19,바지락 조개 술찜&면,"23,000원",23000,true
5037,19085783,20,풍기(버섯) 크림 파스타,"23,000원",23000,true
5038,27109472,1,고사리오일스톡파스타,"16,900원",16900,false
5039,27109472,2,크럼블두부비빔밥&토마토순두부스튜,"16,900원",16900,true
5040,27109472,3,프라잉가지베지카레,"17,900원",17900,true
5041,27109472,4,라구리가토니파스타,"15,900원",15900,true
5042,27109472,5,시그니처블랙온면 with 송이버섯&교자만두,"18,900원",18900,true
5043,27109472,6,두부 가라아게 메밀면&교자만두,"16,000원",16000,true
5044,27109472,7,곤약물회 with 두유면&두부카츠,"17,500원",17500,true
5045,27109472,8,중국식 냉면&두부카츠,"16,900원",16900,true
5046,29004598,1,뭉티기육회세트 (중),"45,000원",45000,true
5047,29004598,2,뭉티기,"24,000원",24000,true
5048,29004598,3,프리미엄세트 (중),"65,000원",65000,true
5049,29004598,4,뭉티기차돌박이세트,"50,000원",50000,true
5050,29004598,5,뭉티기육사시미세트 (중),"40,000원",40000,true
5051,29004598,6,한우버섯전골,"24,000원",24000,true
5052,29004598,7,제비추리구이와 야채구이,"26,000원",26000,true
5053,29004598,8,차돌 오드레기볶음,"28,000원",28000,true
5054,29004598,9,육전,"24,000원",24000,true
5055,29004598,10,아롱사태 수육냉채,"28,000원",28000,true
5056,3636658,1,수복,"66,000원",66000,true
5057,3636658,2,진연,"110,000원",110000,true
5058,3636658,3,진찬,"88,000원",88000,true
5059,3636658,4,수라,"160,000원",160000,true
5060,3636658,5,만세,"110,000원",110000,true
5061,3636658,6,석파,"130,000원",130000,true
5062,3636658,7,모란,"39,000원",39000,true
5063,3636658,8,매화,"69,000원",69000,true
5064,8826826,1,성인,"135,000원",135000,true
5065,8826826,2,어린이(만 7세 이상~만 12세 미만),"50,000원",50000,true
5066,8826826,3,어린이(36개월 이상~만 7세 미만),"25,000원",25000,true
5067,12571622,1,일반,"11,900원",11900,true
5068,12571622,2,중/고등학생,"10,900원",10900,true
5069,12571622,3,초등학생,"9,900원",9900,true
5070,12571622,4,미취학아동,"5,900원",5900,true
5071,7788319,1,보리밥,"7,000원",7000,true
5072,7788319,2,찰밥,"5,000원",5000,true
5073,7788319,3,칼국수,"7,000원",7000,true
5074,7788319,4,쫄면,"5,000원",5000,true
5075,16843986,1,엠파나다,,,true
5076,16843986,2,치빠,,,true
5077,16843986,3,빠따꼬네스,,,true
5078,16843986,4,살치빠빠,,,true
5079,16843986,5,만디오카 프리타,,,true
5080,16843986,6,감자튀김,,,true
5081,16843986,7,옥수수 타르트,,,true
5082,16843986,8,썬글라스라이스,,,true
5083,16843986,9,파라과이 세트,,,true
5084,16843986,10,Mofongo,,,true
5085,16843986,11,아사디또,,,true
5086,16843986,12,추라스코,,,true
5087,16843986,13,남미식 소고기돈까스,,,true
5088,16843986,14,세르도 알 라 빠리야,,,true
5089,16843986,15,메네스트라,,,true
5090,16843986,16,따야린,,,true
5091,16843986,17,남미식 닭고기돈까스,,,true
5092,16843986,18,산뽕오디,,,true
5093,16843986,19,패션후르츠 주스,,,true
5094,16843986,20,코코넛 주스,,,true
5095,25091386,1,화춘옥 LA 꽃소갈비 300g,"43,000원",43000,true
5096,25091386,2,화춘옥 양념 소갈비 200g,"59,000원",59000,true
5097,25091386,3,화춘옥 양념 한우 소갈비 200g,"100,000원",100000,true
5098,25091386,4,[원기회복] 화춘옥 전복 왕갈비탕 （일 100개 한정）,"22,000원",22000,true
5099,25091386,5,[속풀리는] 화춘옥 얼큰 전복 왕갈비탕 (일 100개 한정),"22,000원",22000,true
5100,25091386,6,[해장최강] 화춘옥 참냉면 （일 100개 한정）,"15,000원",15000,true
5101,25091386,7,화춘옥 물냉면,"13,000원",13000,true
5102,25091386,8,화춘옥 비빔냉면,"13,000원",13000,true
5103,25091386,9,화춘옥 담은 된장찌개,"8,000원",8000,true
5104,25091386,10,화춘옥 양념게장 250g （일 50개 한정）,"25,000원",25000,true
5105,25091386,11,화춘옥 원형 맛전,"8,000원",8000,true
5106,25091386,12,화춘옥 LA 꽃소갈비 1석2조 SET,"49,000원",49000,true
5107,25091386,13,화춘옥 양념 소갈비 1석 2조 SET,"67,000원",67000,true
5108,25091386,14,화춘옥 양념 한우소갈비 200g 1석 2조 SET,"106,000원",106000,true
5109,25091386,15,화춘옥 LA 꽃소갈비(비조리),"43,000원",43000,true
5110,25091386,16,화춘옥 양념 소갈비 200g(비조리),"59,000원",59000,true
5111,25091386,17,화춘옥 양념 한우 소갈비 200g(비조리),"100,000원",100000,true
5112,25091386,18,공깃밥,"1,000원",1000,true
5113,25091386,19,코카콜라（355mL）,"3,000원",3000,false
5114,25091386,20,참이슬 후레쉬,"6,000원",6000,true
5115,25091386,21,참이슬 오리지널,"6,000원",6000,true
5116,25091386,22,처음처럼,"6,000원",6000,true
5117,25091386,23,진로이즈백,"6,000원",6000,true
5118,25091386,24,새로,"6,000원",6000,true
5119,25091386,25,카스,"6,000원",6000,true
5120,25091386,26,테라,"6,000원",6000,true
5121,25091386,27,화요 25,"35,000원",35000,true
5122,25091386,28,화요 41,"50,000원",50000,true
5123,25091386,29,지리산복분자주,"50,000원",50000,true
5124,25091386,30,혼,"35,000원",35000,true
5125,7618195,1,슈퍼슈프림(S),"13,500원",13500,true
5126,7618195,2,베이컨체다치즈피자(S),"13,500원",13500,true
5127,7618195,3,페퍼로니피자(S),"13,000원",13000,true
5128,7618195,4,트리플풍기피자(S),"15,500원",15500,true
5129,7618195,5,페스토피자(S),"15,500원",15500,true
5130,6207932,1,사우스사이드 버거,"18,000원",18000,true
5131,6207932,2,사우스사이드 나쵸,"18,000원",18000,true
5132,6207932,3,피쉬 타코스(3개),"16,000원",16000,true
5133,6207932,4,스모크 퀸소,"12,000원",12000,true
5134,6207932,5,프라이드 치킨 타코스(3개),"16,000원",16000,true
5135,6207932,6,비건 초리조 타코스(3개),"16,000원",16000,true
5136,6207932,7,윙 바스켓,"16,000원",16000,true
5137,6207932,8,그릴드치킨 타코스(3개),"16,000원",16000,true
5138,6207932,9,크리올 프라이 또는 감자튀김볼,"10,000원",10000,true
5139,6207932,10,버팔로or프라이드 치킨 샌드위치,"18,000원",18000,true
5140,6207932,11,케사디야,"16,000원",16000,true
5141,6207932,12,사우스사이드 시저 샐러드,"12,000원",12000,true
5142,7748267,1,왕양념갈비,"50,000원",50000,true
5143,7748267,2,[점심정식] 술래양념정식,"34,000원",34000,true
5144,7748267,3,한우 꽃살,"65,000원",65000,true
5145,7748267,4,강강양념구이,"39,000원",39000,true
5146,7748267,5,술래양념구이,"39,000원",39000,true
5147,7748267,6,[점심정식] 한우즉석양념구이정식,"34,000원",34000,true
5148,7748267,7,[점심정식] 강강양념정식,"34,000원",34000,true
5149,7748267,8,[점심정식] 진양념갈비정식,"42,000원",42000,true
5150,7748267,9,[점심정식] 갈비탕정식,"22,000원",22000,true
5151,7748267,10,[주말정식] 강강양념정식,"39,000원",39000,true
5152,7748267,11,[주말정식] 술래양념정식,"39,000원",39000,true
5153,7748267,12,[종일정식] 왕양념갈비정식,"55,000원",55000,true
5154,7748267,13,[종일정식] 한우모둠정식,"49,000원",49000,true
5155,7748267,14,[종일정식] 한우등심정식,"59,000원",59000,true
5156,7748267,15,영양갈비탕,"17,000원",17000,true
5157,7748267,16,한우육회비빔밥,"16,000원",16000,true
5158,7748267,17,한우 프리미엄,"79,000원",79000,true
5159,7748267,18,한우 등심,"55,000원",55000,true
5160,7748267,19,한우 모둠,"45,000원",45000,true
5161,16821637,1,비프웰링턴,"55,000원",55000,true
5162,16821637,2,셰퍼드파이,"29,000원",29000,true
5163,16821637,3,피쉬 앤 칩스,"34,000원",34000,true
5164,16821637,4,감자의 나라 아일랜드,"24,000원",24000,true
5165,16821637,5,느와르파스타,"25,000원",25000,true
5166,16821637,6,우스터 새우 파스타,"23,000원",23000,true
5167,16821637,7,지중해식 봉골레 파스타,"25,000원",25000,true
5168,16821637,8,영국식 토마호크 스테이크,"23,000원",23000,true
5169,16821637,9,세터데이 스테이크,"47,000원",47000,true
5170,16821637,10,퀸즈가든버섯과리코타치즈샐러드,"18,000원",18000,true
5171,16821637,11,하이드파크샐러드,"19,000원",19000,true
5172,16821637,12,치즈플래터,"27,000원",27000,true
5173,16821637,13,감바스후쥬,"23,000원",23000,true
5174,15327173,1,런던 피쉬앤칩스,"19,900원",19900,true
5175,15327173,2,노팅힐 코티지 파이,"17,900원",17900,true
5176,15327173,3,셰익스비어 라거,"6,900원",6900,true
5177,15327173,4,한여름 밤의 꿈 페일에일,"7,500원",7500,true
5178,15327173,5,샌디,"7,500원",7500,true
5179,15327173,6,톱,"7,500원",7500,true
5180,15327173,7,아페롤 스프리츠,"11,900원",11900,true
5181,15327173,8,엘더플라워 스프리츠,"11,900원",11900,true
5182,15327173,9,영국식 소시지 & 매시드 포테이토,"18,900원",18900,true
5183,15327173,10,치킨윙 & 감자튀김,"16,900원",16900,true
5184,15327173,11,소지 튀김 & 감자튀김,"13,900원",13900,true
5185,15327173,12,청양고추 페퍼로니 피자,"22,900원",22900,true
5186,15327173,13,갈릭 쉬림프 피자,"22,900원",22900,true
5187,15327173,14,트러플 버섯 페퍼로니 피자,"23,900원",23900,true
5188,15327173,15,잉글리시 클래식 피,"23,900원",23900,true
5189,15327173,16,고르곤졸라 치즈 피,"23,900원",23900,true
5190,15327173,17,퀸즈가든 부라타 치즈 샐러드,"17,900원",17900,true
5191,15327173,18,마스카포네 치즈 & 크래커,"15,900원",15900,true
5192,15327173,19,나초칩스,"11,900원",11900,true
5193,15327173,20,트러플 감자튀김,"9,900원",9900,true
5194,15327173,21,고구마 스틱 튀김과 사워크림,"13,900원",13900,true
5195,15327173,22,칼라마리 & 감자튀김,"16,900원",16900,true
5196,15327173,23,버로우 마켓 떡볶이,"17,900원",17900,true
5197,15327173,24,"계절과일과 치즈, 크래커","17,500원",17500,true
5198,15327173,25,스낵안주,"17,500원",17500,true
5199,15327173,26,브리티시 브라우니 & 아이스크림,"11,900원",11900,true
5200,15327173,27,소호 바스크 치즈케이크,"11,900원",11900,true
5201,34027121,1,우하나 런치 스페셜,"99,000원",99000,true
5202,34027121,2,시그니쳐코스,"189,000원",189000,true
5203,34027121,3,우하나 런치 코스,"39,000원",39000,true
5204,34027121,4,우하나의 다양한 디너 코스,"109,000원",109000,true
5205,4080193,1,엄나무닭한마리(2인기준),"33,000원",33000,true
5206,4080193,2,닭볶음탕(2인기준),"36,000원",36000,true
5207,4080193,3,삼계탕(1인기준),"17,000원",17000,true
5208,4080193,4,모래집볶음,"10,000원",10000,true
5209,5035634,1,삼계탕,"20,000원",20000,true
5210,5035634,2,고추장 （대）,"7,000원",7000,true
5211,5035634,3,고추장 （소）,"4,000원",4000,true
5212,5035634,4,콜라 350mL,"2,000원",2000,false
5213,5035634,5,사이다 355mL,"2,000원",2000,false
5214,4032335,1,한우육회,"45,000원",45000,true
5215,4032335,2,안심 (130g),"62,000원",62000,true
5216,4032335,3,살치살 (120g),"68,000원",68000,true
5217,4032335,4,안창살 (120g),"76,000원",76000,true
5218,4032335,5,물냉면/비빔냉면,"13,000원",13000,true
5219,4032335,6,보리굴비와 녹차밥,"35,000원",35000,true
5220,4032335,7,한우안심육전,"45,000원",45000,true
5221,4032335,8,꽃등심 (130g),"58,000원",58000,true
5222,4032335,9,채끝등심 (130g),"56,000원",56000,true
5223,4032335,10,야채모둠,"20,000원",20000,true
5224,4032335,11,통안심추리 (2인분),"150,000원",150000,true
5225,4032335,12,새우살 (120g),"72,000원",72000,true
5226,4032335,13,등심주물럭 (130g),"58,000원",58000,true
5227,4032335,14,특양구이 (130g),"48,000원",48000,true
5228,4032335,15,한우소꼬리찜 (700g),"95,000원",95000,true
5229,4032335,16,캐비아를 올린 한우안심편채,"58,000원",58000,true
5230,4032335,17,더덕구이,"30,000원",30000,true
5231,4032335,18,안주모둠,"60,000원",60000,true
5232,4032335,19,뜨락디저트,"5,000원",5000,true
5233,4032335,20,무청솥밥과 고추물 (1인분),"8,000원",8000,true
5234,4032335,21,한우된장찌개,"12,000원",12000,true
5235,4032335,22,한우꼬리곰탕,"35,000원",35000,true
5236,25306649,1,런치 88수제 돈까스(점심할인),"10,000원",10000,true
5237,25306649,2,수제돈까스 국물 떡뽁이,"20,000원",20000,true
5238,25306649,3,스페셜쿼터피자,"27,000원",27000,true
5239,25306649,4,불닭 짜장 라볶이,"18,000원",18000,true
5240,25306649,5,치킨레몬샐러드,"23,000원",23000,true
5241,25306649,6,새우튀김 새우볼,"18,000원",18000,true
5242,25306649,7,런치 참치듬뿍 김치찌개,"10,000원",10000,true
5243,25306649,8,간사이 오뎅탕,"20,000원",20000,true
5244,25306649,9,스페셜 모듬돈까스치킨텐더새우튀김,"20,000원",20000,true
5245,25306649,10,생연어 사시미,"28,000원",28000,true
5246,25306649,11,한우 육회,"28,000원",28000,true
5247,25306649,12,차돌 김치찌게 전골,"23,000원",23000,true
5248,25306649,13,계란찜,"10,000원",10000,true
5249,25306649,14,철판 제육 250g,"20,000원",20000,true
5250,25306649,15,철판양념목살 350g,"20,000원",20000,true
5251,25306649,16,치즈계란말이,"15,000원",15000,true
5252,25306649,17,타코와사비,"18,000원",18000,true
5253,25306649,18,철판모듬소세지,"20,000원",20000,true
5254,25306649,19,철판la양념소갈비,"28,000원",28000,true
5255,25306649,20,88간장갈릭치킨,"23,000원",23000,true
5256,4034045,1,해산물파스타스튜,"39,000원",39000,true
5257,4034045,2,해산물파스타,"38,000원",38000,true
5258,4034045,3,성게알로제파스타,"39,000원",39000,true
5259,4034045,4,라자냐,"35,000원",35000,true
5260,5927660,1,주중점심 (성인),"66,000원",66000,true
5261,5927660,2,주중저녁 (성인),"88,000원",88000,true
5262,5927660,3,주말및 공휴일 (성인),"88,000원",88000,true
5263,5927660,4,주중점심 (소인),"33,000원",33000,true
5264,5927660,5,주중저녁 (소인),"44,000원",44000,true
5265,5927660,6,주말 및 공휴일 (소인),"44,000원",44000,true
5266,27432977,1,마리포사 런치,,,true
5267,27432977,2,마리포사 디너,,,true
5268,9217598,1,툇마루밥상(평일1인),"25,000원",25000,true
5269,9217598,2,툇마루밥상(주말1인),"28,000원",28000,true
5270,9217598,3,갈비찜 (1kg),"88,000원",88000,true
5271,9217598,4,동태전,"30,000원",30000,true
5272,9217598,5,목살양념구이 (400g),"28,000원",28000,true
5273,9217598,6,황태구이,"20,000원",20000,true
5274,26684984,1,북경오리,"80,000원",80000,true
5275,26684984,2,북경오리 반마리,"45,000원",45000,true
5276,26684984,3,크리스피 새우 창펀,"12,000원",12000,true
5277,26684984,4,탄탄면,"11,000원",11000,true
5278,26684984,5,마장면,"11,000원",11000,true
5279,26684984,6,우육탕면,"13,000원",13000,true
5280,26684984,7,소고기 쌀국수 볶음,"13,000원",13000,true
5281,26684984,8,차슈 바베큐 덮밥,"12,000원",12000,true
5282,26684984,9,광동식 닭고기 덮밥,"12,000원",12000,true
5283,26684984,10,갈릭 소스 오이샐러드,"6,000원",6000,true
5284,26684984,11,삼겹살 냉채,"14,000원",14000,true
5285,26684984,12,흑초 해파리 냉채,"12,000원",12000,true
5286,26684984,13,고수 샐러드,"6,000원",6000,true
5287,26684984,14,날치알 샤오마이 (4pcs),"8,000원",8000,true
5288,26684984,15,블랙 트러플 샤오마이 (4pcs),"10,000원",10000,true
5289,26684984,16,흑초 탕수육,"23,000원",23000,true
5290,26684984,17,라즈지,"24,000원",24000,true
5291,26684984,18,시리얼 새우,"24,000원",24000,true
5292,26684984,19,계절 야채 볶음,"13,000원",13000,true
5293,26684984,20,마파두부,"20,000원",20000,true
5294,13128021,1,평일런치(성인),"19,900원",19900,true
5295,13128021,2,평일디너(성인),"25,900원",25900,true
5296,13128021,3,"주말,공휴일(성인)","27,900원",27900,true
5297,13128021,4,평일런치(초등학생),"12,900원",12900,true
5298,13128021,5,"평일디너,주말,공휴일(초등학생)","15,900원",15900,true
5299,13128021,6,미취학아동,"7,900원",7900,true
5300,3943547,1,아웃백 시그니처 스테이크 4인 세트,"159,000원",159000,true
5301,3943547,2,짐붐바 스테이크 3인 세트,"99,000원",99000,true
5302,3943547,3,갈릭 립아이 스테이크 2인 세트,"83,000원",83000,true
5303,3943547,4,카카두 김치 그릴러 2인 세트,"63,000원",63000,true
5304,3943547,5,투움바 파스타 1인 세트,"29,900원",29900,true
5305,3943547,6,스파이시 투움바 파스타 1인 세트,"29,900원",29900,true
5306,3943547,7,스파이시 씨푸드 알리오 올리오 1인 세트,"29,900원",29900,true
5307,3943547,8,씨푸드 아라비아따 1인 세트,"29,900원",29900,true
5308,3943547,9,부라타 로제 투움바 파스타 1인 세트,"31,900원",31900,true
5309,3943547,10,트러플 머쉬룸 투움바 파스타 1인 세트,"31,900원",31900,true
5310,3943547,11,카카두 김치 그릴러 1인 세트,"29,900원",29900,true
5311,3943547,12,베이비 백 립 1인 세트,"52,900원",52900,true
5312,3943547,13,치킨 텐더 샐러드 1인 세트,"25,900원",25900,true
5313,3943547,14,갈릭 립아이,"49,900원",49900,true
5314,3943547,15,짐붐바 스테이크,"38,900원",38900,true
5315,3943547,16,페퍼콘 스트립로인,"48,900원",48900,true
5316,3943547,17,트리플 갈릭 스트립,"51,900원",51900,true
5317,3943547,18,투움바 파스타,"26,900원",26900,true
5318,3943547,19,스파이시 투움바 파스타,"26,900원",26900,true
5319,3943547,20,스파이시 씨푸드 알리오 올리오,"26,900원",26900,true
5320,3943547,21,씨푸드 아라비아따,"26,900원",26900,true
5321,3943547,22,부라타 로제 투움바 파스타,"28,900원",28900,true
5322,3943547,23,트러플 머쉬룸 투움바 파스타,"28,900원",28900,true
5323,3943547,24,카카두 김치 그릴러,"26,900원",26900,true
5324,3943547,25,베이비 백 립(오리지널),"49,900원",49900,true
5325,3943547,26,오지 치즈 후라이즈,"10,900원",10900,true
5326,3943547,27,골드 코스트 코코넛 슈림프,"20,900원",20900,true
5327,3943547,28,카카두 그릴러 비프 퀘사디아,"20,900원",20900,true
5328,3943547,29,치킨 텐더 샐러드,"22,900원",22900,true
5329,3943547,30,가든 샐러드,"5,900원",5900,true
5330,11736500,1,양지 쌀국수,"11,900원",11900,true
5331,11736500,2,차돌 쌀국수,"14,000원",14000,true
5332,11736500,3,차돌+양지 쌀국수,"13,500원",13500,true
5333,11736500,4,매운 쌀국수,"13,500원",13500,true
5334,11736500,5,불고기 쌀국수,"12,000원",12000,true
5335,11736500,6,분보남보,"11,000원",11000,true
5336,11736500,7,볶음밥,"10,900원",10900,true
5337,11736500,8,껌팃헤오,"10,900원",10900,true
5338,11736500,9,반쎄오,"18,000원",18000,true
5339,11736500,10,분짜,"16,000원",16000,true
5340,27029168,1,유정 쌈밥 (2인분 이상 주문),"12,000원",12000,true
5341,27029168,2,흑돼지 돌솥 비빔밥,"10,000원",10000,true
5342,27029168,3,흑돼지 김치전골,"10,000원",10000,true
5343,27029168,4,산채 돌솥 비빔밥,"10,000원",10000,true
5344,27029168,5,산채 비빔밥,"10,000원",10000,true
5345,27029168,6,유정 부대찌개,"10,000원",10000,true
5346,27029168,7,유정 청국장,"10,000원",10000,true
5347,27029168,8,초당 순두부,"10,000원",10000,true
5348,27029168,9,생고기 흑돼지 오겹살,"17,000원",17000,true
5349,27029168,10,흑돼지 고추장 오겹살,"19,000원",19000,true
5350,27029168,11,흑돼지 제육볶음,"17,000원",17000,true
5351,27029168,12,유정 두부김치,"15,000원",15000,true
5352,27029168,13,도토리묵 무침,"15,000원",15000,true
5353,27029168,14,삼계탕,"15,000원",15000,true
5354,9234192,1,소고기 쌀국수,"13,000원",13000,true
5355,9234192,2,삼겹튀김,"19,000원",19000,true
5356,9234192,3,똠얌쌀국수,"14,900원",14900,true
5357,9234192,4,카오카무,"14,000원",14000,true
5358,9234192,5,소이 뼈국수,"15,900원",15900,true
5359,9234192,6,소이 뼈찜,"38,000원",38000,true
5360,9234192,7,소이 뽀삐아,"15,000원",15000,true
5361,9234192,8,쏨땀,"14,000원",14000,true
5362,9234192,9,족발국수,"14,000원",14000,true
5363,9234192,10,세트메뉴(2인),"52,000원",52000,true
5364,9234192,11,타이 바베큐 세트,"30,000원",30000,true
5365,4077775,1,소고기 소시지,"29,000원",29000,true
5366,4077775,2,칠면조 소시지,"13,000원",13000,true
5367,4077775,3,돼지갈비 바비큐(1인),"19,000원",19000,true
5368,4077775,4,폭 찹(1인),"19,000원",19000,true
5369,4077775,5,소갈비 바비큐(1인),"36,000원",36000,true
5370,4077775,6,티본 스테이크(1인),"38,000원",38000,true
5371,12415732,1,트러플 크림 뇨끼,"27,000원",27000,true
5372,12415732,2,성게 어란 파스타,"36,000원",36000,true
5373,12415732,3,오늘의 치케띠 믹스,"27,000원",27000,true
5374,12415732,4,문어 샐러드,"19,000원",19000,true
5375,12415732,5,봉골레 파스타,"23,000원",23000,true
5376,12415732,6,아란치니,"5,000원",5000,true
5377,12415732,7,미트볼,"5,000원",5000,true
5378,12415732,8,치킨 샐러드,"18,000원",18000,true
5379,12415732,9,광어 까르파치오,"15,000원",15000,true
5380,12415732,10,연어 까르파치오,"17,000원",17000,true
5381,12415732,11,베이크드 스칼롭,"20,000원",20000,true
5382,12415732,12,블랙 트러플 파스타,"35,000원",35000,true
5383,12415732,13,문어 라구 파스타,"36,000원",36000,true
5384,12415732,14,광어 타르타르 파스타,"35,000원",35000,true
5385,12415732,15,안심스테이크 허브버터소스와 구운야채(150g),"59,000원",59000,true
5386,12415732,16,안심스테이크 허브버터소스와 구운야채(200g),"86,000원",86000,true
5387,12415732,17,티라미슈,"10,000원",10000,true
5388,12415732,18,트러플 허니 카놀리,"8,000원",8000,true
5389,10164776,1,민트&라임 슈림프,"46,000원",46000,true
5390,10164776,2,동파육 with Buns,"50,000원",50000,true
5391,10164776,3,유린기,"40,000원",40000,true
5392,10164776,4,상하이롤 플래터,"45,000원",45000,true
5393,10164776,5,블랙페퍼 안심 스테이크,"60,000원",60000,true
5394,10164776,6,대게살 볶음,"55,000원",55000,true
5395,10164776,7,갈릭 페퍼 슈림프,"46,000원",46000,true
5396,10164776,8,생표고 탕수,"33,000원",33000,true
5397,10164776,9,다섯가지 해물 누룽지탕,"55,000원",55000,true
5398,10164776,10,상하이 핑크,"12,000원",12000,true
5399,10164776,11,크리미 포테이토 with칠리소스,"25,000원",25000,true
5400,10164776,12,어향가지 with 차오판,"38,000원",38000,true
5401,10164776,13,마파순두부 with 차오판,"38,000원",38000,true
5402,10164776,14,그린 빈스,"30,000원",30000,true
5403,10164776,15,비타민 볶음,"28,000원",28000,true
5404,10164776,16,[시즌] 해물 냉면,"20,000원",20000,true
5405,10164776,17,[시즌] 사천식 장육 냉채,"43,000원",43000,true
5406,10164776,18,[스페셜] 시추안 코스 (7-8월 한정),"65,000원",65000,true
5407,10164776,19,마라 소고기&생선살 전골 (7-8월 한정),"55,000원",55000,true
5408,10164776,20,[스페셜] 라즈지 순살 (7-8월 한정),"40,000원",40000,true
5409,9204855,1,청국장,"7,000원",7000,true
5410,9204855,2,된장찌개,"7,000원",7000,true
5411,9204855,3,해물된장,"8,000원",8000,true
5412,9204855,4,두부찌개,"7,000원",7000,true
5413,9204855,5,콩비지찌개,"7,000원",7000,true
5414,9204855,6,삼치구이,"11,000원",11000,true
5415,9204855,7,고등이자반구이,"11,000원",11000,true
5416,9204855,8,굴비구이,"11,000원",11000,true
5417,9204855,9,황태양념구이,"11,000원",11000,true
5418,9204855,10,갈치조림,"11,000원",11000,true
5419,9204855,11,코다리조림,"11,000원",11000,true
5420,9204855,12,고등어자반조림,"11,000원",11000,true
5421,9204855,13,꽁치김치조림,"12,000원",12000,true
5422,9204855,14,닭볶음탕(소),"25,000원",25000,true
5423,9204855,15,감자탕(소),"25,000원",25000,true
5424,9204855,16,불낙전골(소),"30,000원",30000,true
5425,9204855,17,아구찜(소),"30,000원",30000,true
5426,9204855,18,삼겹살,"14,000원",14000,true
5427,9204855,19,쭈꾸미볶음,"12,000원",12000,true
5428,34159019,1,[인기메뉴] 산해진미 한상(2인이상)대표,"45,000원",45000,true
5429,34159019,2,소한마리 400g,"129,000원",129000,true
5430,34159019,3,504시간 숙성 특등심 150g,"57,000원",57000,true
5431,34159019,4,504시간 숙성 특안심 150g,"63,000원",63000,true
5432,34159019,5,통큰 소한마리 800g,"239,000원",239000,true
5433,34159019,6,504시간 숙성 낙엽살 150g,"57,000원",57000,true
5434,34159019,7,504시간 숙성 업진살 (100g),"38,000원",38000,true
5435,34159019,8,504시간 숙성 아랫배살 (150g),"57,000원",57000,true
5436,34159019,9,숯불즉석양념구이 (150g),"57,000원",57000,true
5437,34159019,10,한우육회 (200g),"38,000원",38000,true
5438,34159019,11,등.안.새 300g,"139,000원",139000,true
5439,34159019,12,스페셜모듬 400g,"180,000원",180000,true
5440,34159019,13,[점심특선] 영양 갈비찜 솥밥,"28,000원",28000,true
5441,34159019,14,[점심특선] 전복 해물 우니 솥밥,"29,000원",29000,true
5442,34159019,15,[점심특선] 원기회복 장어솥밥,"26,000원",26000,true
5443,34159019,16,[점심특선]바다향 가득한 전복문어솥밥,"25,000원",25000,true
5444,34159019,17,소한마리(600g),"189,000원",189000,true
5445,34159019,18,새우살(150g),"75,000원",75000,true
5446,34159019,19,안창살(150g),"75,000원",75000,true
5447,34159019,20,토시살(150g),"75,000원",75000,true
5448,34159019,21,살치살(150g),"75,000원",75000,true
5449,34159019,22,치마살(150g),"75,000원",75000,true
5450,34159019,23,스페셜모듬(600g),"260,000원",260000,true
5451,34159019,24,[인기메뉴] 한우보감,"339,000원",339000,true
5452,34159019,25,[인기메뉴] 한우진미세트,"789,000원",789000,true
5453,34159019,26,[인기메뉴] 바이킹 진갈비살 800g,"340,000원",340000,true
5454,4029472,1,명동충무김밥,"13,000원",13000,true
5455,7106360,1,에스프레소,"3,000원",3000,true
5456,7106360,2,아메리카노,"3,300원",3300,true
5457,7106360,3,카페라떼,"3,800원",3800,true
5458,7106360,4,카푸치노,"3,800원",3800,true
5459,7106360,5,바닐라라떼,"4,300원",4300,true
5460,7106360,6,카페모카,"4,500원",4500,true
5461,7106360,7,아인슈페너,"5,000원",5000,true
5462,7106360,8,연유라떼,"5,000원",5000,true
5463,7106360,9,달고나라떼,"5,000원",5000,true
5464,7106360,10,유자차,"4,000원",4000,true
5465,7106360,11,딸기쥬스,"4,500원",4500,true
5466,7106360,12,생강차,"4,500원",4500,true
5467,7106360,13,사과쥬스,"4,500원",4500,true
5468,7106360,14,얼그레이,"3,500원",3500,true
5469,7106360,15,녹차,"3,500원",3500,true
5470,7106360,16,루이보스,"3,500원",3500,true
5471,7106360,17,메리골드,"3,500원",3500,true
5472,7106360,18,얼그레이티라떼,"4,500원",4500,true
5473,7106360,19,커피스무디,"5,000원",5000,true
5474,7106360,20,그린티라떼,"5,000원",5000,true
5475,7106360,21,딸기스무디,"4,500원",4500,true
5476,7106360,22,딸기라떼,"5,000원",5000,true
5477,7106360,23,요거트스무디,"4,500원",4500,true
5478,7106360,24,망고스무디,"4,500원",4500,true
5479,7106360,25,핫아이스초코라떼,"4,500원",4500,true
5480,9338271,1,김치말이국수,"6,000원",6000,true
5481,9338271,2,참숯불장어2마리,"74,000원",74000,true
5482,9338271,3,추가1마리,"37,000원",37000,false
5483,14025577,1,멜란자네,"22,000원",22000,true
5484,14025577,2,구운새우&가지요리,"25,000원",25000,true
5485,14025577,3,오스테리아 뇨끼,"25,000원",25000,true
5486,14025577,4,엔쵸비오일파스타,"27,000원",27000,true
5487,14025577,5,한우트러플라자냐,"35,000원",35000,true
5488,14025577,6,봉골레파스타,"28,000원",28000,true
5489,14025577,7,마해산물링귀니,"29,000원",29000,true
5490,14025577,8,채끝등심스테이크,"95,000원",95000,true
5491,14025577,9,양갈비스테이크,"80,000원",80000,true
5492,9156508,1,보쌈,"34,000원",34000,true
5493,9156508,2,오리보쌈,"33,000원",33000,true
5494,9156508,3,제주흑돼지보쌈,"48,000원",48000,true
5495,9156508,4,문어보쌈,"63,000원",63000,true
5496,9156508,5,새싹쟁반국수,"9,000원",9000,true
5497,9156508,6,회보쌈,"46,000원",46000,true
5498,9156508,7,파전,"18,000원",18000,true
5499,9156508,8,짝꿍세트 2人,"40,000원",40000,true
5500,9156508,9,친구세트 3人,"53,000원",53000,true
5501,9156508,10,가족세트 4人,"76,000원",76000,true
5502,9156508,11,정담은세트（모임추천）,"111,000원",111000,true
5503,9156508,12,고기 추가,"15,000원",15000,false
5504,9156508,13,회（가오리）추가,"15,000원",15000,false
5505,9156508,14,문어 추가,"30,000원",30000,false
5506,9156508,15,공기밥,"1,000원",1000,false
5507,9156508,16,콜라 355mL,"2,000원",2000,false
5508,9156508,17,사이다 355mL,"2,000원",2000,false
5509,9156508,18,배추김치추가 ／ 최대 2개까지 가능,"5,000원",5000,false
5510,9156508,19,무김치추가 ／ 최대 2개까지 가능,"5,000원",5000,false
5511,9156508,20,파김치추가 ／ 최대 2개까지 가능,"5,000원",5000,false
5512,9156508,21,야채쌈 ／ 최대 2개까지 가능,"3,000원",3000,true
5513,9156508,22,느린식혜 500ml,"4,000원",4000,true
5514,28654051,1,항정수육,"22,000원",22000,true
5515,28654051,2,묵은지 곱도리탕,"28,000원",28000,true
5516,28654051,3,홍게탕,"24,000원",24000,true
5517,28654051,4,바지락미나리탕,"18,000원",18000,true
5518,28654051,5,미나리새우전,"17,000원",17000,true
5519,28654051,6,육전,"20,000원",20000,true
5520,28654051,7,김치전,"14,000원",14000,true
5521,28654051,8,골뱅이무침,"18,000원",18000,true
5522,28654051,9,대포한치물회,"18,000원",18000,true
5523,28654051,10,묵은지 닭도리탕,"26,000원",26000,true
5524,28654051,11,메밀전병,"8,000원",8000,true
5525,28654051,12,고추튀김,"9,000원",9000,true
5526,7149727,1,된장정식,"14,000원",14000,true
5527,7149727,2,간장게장정식,"28,000원",28000,true
5528,7149727,3,양념게장정식,"28,000원",28000,true
5529,7149727,4,암돼지볶음 (소),"20,000원",20000,true
5530,7149727,5,순녹두빈대떡,"18,000원",18000,true
5531,7149727,6,북어찜구이,"19,000원",19000,true
5532,7149727,7,한치회,"25,000원",25000,true
5533,7149727,8,모둠해물파전,"28,000원",28000,true
5534,7149727,9,생굴파전,"25,000원",25000,true
5535,7149727,10,부추전,"15,000원",15000,true
5536,7149727,11,도토리묵,"15,000원",15000,true
5537,7149727,12,청포묵,"15,000원",15000,true
5538,8903735,1,하와이안버거,"9,800원",9800,true
5539,8903735,2,더블 바스버거,"11,300원",11300,true
5540,8903735,3,치즈버거,"6,700원",6700,true
5541,8903735,4,바스버거,"7,800원",7800,true
5542,8903735,5,핫치킨 디럭스,"8,500원",8500,true
5543,8903735,6,와사비마요 쉬림프버거,"10,900원",10900,true
5544,8903735,7,더블베이컨치즈버거,"11,300원",11300,true
5545,8903735,8,머쉬룸버거,"11,300원",11300,true
5546,8903735,9,탐욕버거,"14,000원",14000,true
5547,8903735,10,트리플 바스버거,"14,800원",14800,true
5548,14794821,1,Green Salad,"9,000원",9000,true
5549,14794821,2,Nan,"2,500원",2500,true
5550,14794821,3,Beryani Shrimp,"18,000원",18000,true
5551,14794821,4,Beryani Vegetables,"13,500원",13500,true
5552,14794821,5,Beryani Lamb,"19,000원",19000,true
5553,14794821,6,Beryani Chicken,"16,000원",16000,true
5554,14794821,7,Lentil,"4,000원",4000,true
5555,14794821,8,Tabola,"12,000원",12000,true
5556,14794821,9,Fatosh,"10,000원",10000,true
5557,14794821,10,Arabian Salad,"9,000원",9000,true
5558,14794821,11,Chicken Tikka Salad,"14,000원",14000,true
5559,14794821,12,Garlic Nan,"3,500원",3500,true
5560,14794821,13,Butter Nan,"3,000원",3000,true
5561,14794821,14,Cheese Nan,"3,500원",3500,true
5562,14794821,15,Mozzarella Nan,"5,000원",5000,true
5563,14794821,16,Sandwich Falafel,"9,000원",9000,true
5564,14794821,17,Sandwich lamb,"10,000원",10000,true
5565,14794821,18,Sandwich Chicken,"9,000원",9000,true
5566,14794821,19,Lamb Beryani Kebab,"18,000원",18000,true
5567,14794821,20,Lamb White Fasolya,"18,000원",18000,true
5568,14794821,21,mandi,"6,000원",6000,true
5569,14794821,22,beryani,"6,000원",6000,true
5570,14794821,23,Prawn Vegetable Fried Rice,"9,000원",9000,true
5571,14794821,24,korean rice,"3,000원",3000,true
5572,14794821,25,Salmon & Shrimp & Rice,"24,000원",24000,true
5573,14794821,26,Salmon & Shrimp & Biryani rice,"24,000원",24000,true
5574,14794821,27,Shrimp & Olive Oil,"14,000원",14000,true
5575,14794821,28,Mix SeaFood,"28,000원",28000,true
5576,14794821,29,Kofta & Tomato,"22,000원",22000,true
5577,14794821,30,Kofta & Tahinyah,"24,000원",24000,true
5578,27734445,1,평일런치(오후 5시 이전),"27,900원",27900,true
5579,27734445,2,평일디너(오후 5시 이후),"31,900원",31900,true
5580,27734445,3,주말/공휴일,"36,900원",36900,true
5581,27734445,4,초등학생(평일런치),"16,900원",16900,true
5582,27734445,5,초등학생(평일디너),"17,900원",17900,true
5583,27734445,6,초등학생(주말/공휴일),"18,900원",18900,true
5584,27734445,7,미취학아동(36개월 이상),"9,900원",9900,true
5585,26999322,1,스테이크 트러플 자장면,"35,000원",35000,true
5586,26999322,2,마카롱 멘보샤(2P),"22,000원",22000,true
5587,26999322,3,고추유린기,"49,000원",49000,true
5588,26999322,4,쉬림프투움바볶음짬뽕,"29,000원",29000,true
5589,26999322,5,[하프사이즈]농후한 대파 차돌짬뽕,"25,000원",25000,true
5590,26999322,6,농후한 대파 차돌짬뽕,"35,000원",35000,true
5591,26999322,7,완도산전복과 해물누룽지탕(1인),"33,000원",33000,true
5592,26999322,8,해물 누룽지탕(1인),"29,000원",29000,true
5593,26999322,9,[트러플x6배]스테이크 트러플 자장면,"55,000원",55000,true
5594,26999322,10,비밀이야 캐비아 한입 멘보샤(4P),"48,000원",48000,true
5595,26999322,11,투뿔한우 초당옥수수 볶음밥,"23,000원",23000,true
5596,26999322,12,구룡포 오징어 특선짬뽕,"38,000원",38000,true
5597,26999322,13,구룡포 크리스피오징어 탕수,"55,000원",55000,true
5598,26999322,14,구룡포 오징어덴뿌라,"49,000원",49000,true
5599,26999322,15,애사비 오이탕탕 유린기,"49,000원",49000,true
5600,26999322,16,약돌돼지 깐풍육,"55,000원",55000,true
5601,26999322,17,[무탄X비밀이야]시그니처 세트,"152,000원",152000,true
5602,26999322,18,가지깐풍기(100% 닭다리살 사용),"55,000원",55000,true
5603,26999322,19,해산물 누룽지탕,"68,000원",68000,true
5604,26999322,20,해산물 팔보채,"68,000원",68000,true
5605,26999322,21,해산물 전가복,"68,000원",68000,true
5606,26999322,22,의성마늘 스테미너 유린기,"49,000원",49000,true
5607,26999322,23,비건 김치만두(12P),"25,000원",25000,true
5608,26999322,24,비건 버섯만두(12P),"25,000원",25000,true
5609,26999322,25,한우 묵은지 볶음밥과 중화후라이,"28,000원",28000,true
5610,26999322,26,투뿔 한우 트러플 난자완스(4P),"78,000원",78000,true
5611,26999322,27,전복장육냉채,"58,000원",58000,true
5612,26999322,28,칠리새우,"58,000원",58000,true
5613,26999322,29,어향동고(4알),"65,000원",65000,true
5614,26999322,30,[하프]스테이크 트러플 자장면,"25,000원",25000,true
5615,26999322,31,땡초 유린기(아주매운맛),"52,000원",52000,true
5616,26999322,32,대파 유린기,"49,000원",49000,true
5617,26999322,33,어니언 꿔바로우,"55,000원",55000,true
5618,26999322,34,쇠고기 안심 탕수육,"58,000원",58000,true
5619,26999322,35,갑오징어 양장피,"58,000원",58000,true
5620,26999322,36,영덕게살 유산슬,"80,000원",80000,true
5621,26999322,37,뚝배기 마파두부,"55,000원",55000,true
5622,26999322,38,한우 볶음 짜장면+후라이,"19,000원",19000,true
5623,26999322,39,마파두부+볶음밥,"33,000원",33000,true
5624,26999322,40,돌솥 상어지느러미찜(1인분),"150,000원",150000,true
5625,26999322,41,덕자찜(싯가/최소1~2일전 예약가능),변동가격,,true
5626,26999322,42,100% 수제 군만두(3P),"18,000원",18000,true
5627,26999322,43,100% 수제 군만두(5P),"29,000원",29000,true
5628,26999322,44,약돌돼지 볶음탕수육,"49,000원",49000,true
5629,26999322,45,태안 김 해물짬뽕,"29,000원",29000,true
5630,4078284,1,감베리 크레마,"19,500원",19500,true
5631,4078284,2,꼬르바리 나폴리타나,"24,000원",24000,true
5632,4078284,3,봉골레 프레스케,"21,000원",21000,true
5633,4078284,4,라자냐 알 포르노,"23,000원",23000,true
5634,4078284,5,마르게리타 디 부팔라,"23,000원",23000,true
5635,4078284,6,포토벨로 풍기,"22,000원",22000,true
5636,4078284,7,아라비아따,"21,000원",21000,true
5637,4078284,8,뇨끼 감베리 & 세삐아,"26,000원",26000,true
5638,4078284,9,감베로네,"24,000원",24000,true
5639,4078284,10,리조또 콘 폴포,"26,000원",26000,true
5640,4078284,11,리조또 콘 만조,"28,000원",28000,true
5641,4078284,12,비스테카 디 만조 150g,"39,000원",39000,true
5642,4078284,13,마리나라,"16,000원",16000,true
5643,4078284,14,베수비오,"24,000원",24000,true
5644,4078284,15,레지나,"24,000원",24000,true
5645,4078284,16,살시챠 프리아리엘리,"26,000원",26000,true
5646,4078284,17,모르타델라,"26,000원",26000,true
5647,4078284,18,루꼴라 에 부팔리나,"26,000원",26000,true
5648,4078284,19,프로슈토 루꼴라,"26,000원",26000,true
5649,4078284,20,콰트로 스타지오네,"28,000원",28000,true
5650,9232523,1,훈제오리구이(한마리)+탕반,"60,000원",60000,true
5651,9232523,2,반반 세트(훈제오리반 +오리탕반),"40,000원",40000,true
5652,12453968,1,해물순두부찌개,,,true
5653,12453968,2,김치찌개,,,true
5654,12453968,3,해물된장찌개,,,true
5655,12453968,4,냉면,,,true
5656,12453968,5,비빔냉면,,,true
5657,12453968,6,육회비빔밥,,,true
5658,12453968,7,돌솥비빔밥,,,true
5659,12453968,8,갈비탕,,,true
5660,12453968,9,볶음밥,,,true
5661,12453968,10,해물파전,,,true
5662,12453968,11,한우육전,,,true
5663,12453968,12,산낙지,,,true
5664,12453968,13,육회탕탕이,,,true
5665,12453968,14,간장게장,,,true
5666,12453968,15,통삼겹,,,true
5667,12453968,16,업진살,,,true
5668,12453968,17,차돌박이,,,true
5669,12453968,18,치마살,,,true
5670,12453968,19,토시살,,,true
5671,12453968,20,안심,,,true
5672,12453968,21,우설,,,true
5673,12453968,22,채끝살,,,true
5674,12453968,23,부챗살,,,true
5675,12453968,24,수르베,,,true
5676,12453968,25,갈비살,,,true
5677,12453968,26,생갈비,,,true
5678,12453968,27,양념갈비,,,true
5679,12453968,28,육회,,,true
5680,12453968,29,산더미불고기,,,true
5681,4032526,1,차돌박이(1인분),"25,000원",25000,true
5682,4032526,2,차돌막장찌개,"10,000원",10000,true
5683,4032526,3,양 소금구이(1인분),"28,000원",28000,true
5684,4032526,4,양 양념구이(1인분),"28,000원",28000,true
5685,4032526,5,사태(1인분),"25,000원",25000,true
5686,4070954,1,탄두리 치킨,"18,000원",18000,true
5687,4070954,2,믹스 베지터블,"13,000원",13000,true
5688,4070954,3,알루 고비,"13,000원",13000,true
5689,4070954,4,빈달루,"15,000원",15000,true
5690,4070954,5,A set,"18,900원",18900,true
5691,4070954,6,B set,"32,900원",32900,true
5692,4070954,7,C set,"44,900원",44900,true
5693,4070954,8,사모사 2pcs,"5,000원",5000,true
5694,4070954,9,베지 파코라 4pcs,"5,000원",5000,true
5695,4070954,10,프론 파코라 4pcs,"8,000원",8000,true
5696,4070954,11,탄두리 치킨 반마리（1／2）,"10,000원",10000,true
5697,4070954,12,치킨 티카,"15,000원",15000,true
5698,4070954,13,치킨 말라이 까밥,"15,000원",15000,true
5699,4070954,14,치킨 탕그리 까밥,"15,000원",15000,true
5700,4070954,15,탄두리 프론 4pcs,"26,000원",26000,true
5701,4070954,16,램 티카,"15,000원",15000,true
5702,4070954,17,파니르 버터 마살라,"15,000원",15000,true
5703,4070954,18,팔락 파니르,"15,000원",15000,true
5704,4070954,19,달 후라이드,"12,000원",12000,true
5705,4070954,20,달 마크니,"14,000원",14000,true
5706,4070954,21,베지터블 코르마,"14,000원",14000,true
5707,4070954,22,마크니,"15,000원",15000,true
5708,4070954,23,코르마,"16,000원",16000,true
5709,4070954,24,삭,"15,000원",15000,true
5710,4070954,25,도 피아자,"15,000원",15000,true
5711,4070954,26,치킨 티카 마살라,"15,000원",15000,true
5712,4070954,27,플레인난,"2,500원",2500,true
5713,4070954,28,버터 난,"3,000원",3000,true
5714,4070954,29,갈릭 난,"3,000원",3000,true
5715,4070954,30,치즈 난,"5,000원",5000,true
5716,9092810,1,감자탕(대),"49,000원",49000,true
5717,9092810,2,감자국식사(뚝배기) (일반),"12,000원",12000,true
5718,9092810,3,감자탕(중),"37,000원",37000,true
5719,9092810,4,감자탕(소),"32,000원",32000,true
5720,9092810,5,뼈추가,"14,000원",14000,false
5721,9092810,6,감자국식사(뚝배기) (우거지),"13,000원",13000,true
5722,9092810,7,감자국식사(뚝배기) (곱배기),"13,000원",13000,true
5723,9092810,8,감자국식사(뚝배기) (우거지곱배기),"14,000원",14000,true
5724,9092810,9,포장(대),"49,000원",49000,false
5725,9092810,10,포장(중),"37,000원",37000,false
5726,9092810,11,포장(소),"32,000원",32000,false
5727,9092810,12,포장(1인),"15,000원",15000,false
5728,33063917,1,숯불모듬생선구이정식,,,true
5729,33063917,2,숯불가자미구이정식,,,true
5730,33063917,3,직화제육,,,true
5731,1176564,1,양념갈비(2대),"60,000원",60000,true
5732,1176564,2,생갈비(2대),"77,000원",77000,true
5733,1176564,3,진갈비살(1인),"49,000원",49000,true
5734,1176564,4,등심(1인),"65,000원",65000,true
5735,1176564,5,불고기(1인),"38,000원",38000,true
5736,1176564,6,안창살(1인),"77,000원",77000,true
5737,1176564,7,삼겹살(1인),"24,000원",24000,true
5738,1176564,8,돼지갈비(1인),"24,000원",24000,true
5739,4032150,1,돼지갈비,"20,000원",20000,true
5740,4032150,2,소갈비,"40,000원",40000,true
5741,4032150,3,살치살,"40,000원",40000,true
5742,4032150,4,차돌박이,"33,000원",33000,true
5743,4032150,5,갈비살,"33,000원",33000,true
5744,4032150,6,삼겹살,"20,000원",20000,true
5745,4032150,7,목살,"20,000원",20000,true
5746,4032150,8,백반,"10,000원",10000,true
5747,4032150,9,냉면,"5,000원",5000,true
5748,4032150,10,포장게장,"20,000원",20000,false
5749,4049707,1,봉래,"300,000원",300000,true
5750,4049707,2,진연(평일),"100,000원",100000,true
5751,4049707,3,수라(평일),"130,000원",130000,true
5752,4049707,4,금강(평일),"150,000원",150000,true
5753,4049707,5,풍악(평일),"170,000원",170000,true
5754,4049707,6,어연(주말 및 공휴일),"190,000원",190000,true
5755,4049707,7,수연(주말 및 공휴일),"160,000원",160000,true
5756,4049707,8,청연(주말 및 공휴일),"140,000원",140000,true
5757,8952495,1,아몬드라떼,"7,000원",7000,true
5758,8952495,2,에스프레소,"5,000원",5000,true
5759,8952495,3,아메리카노,"5,500원",5500,true
5760,8952495,4,카페라떼,"6,500원",6500,true
5761,8952495,5,카푸치노(HOT),"6,500원",6500,true
5762,8952495,6,플랫화이트,"6,500원",6500,true
5763,8952495,7,바닐라라떼,"7,000원",7000,true
5764,8952495,8,카라멜라떼,"7,000원",7000,true
5765,8952495,9,모카크림라떼,"7,800원",7800,true
5766,8952495,10,아인슈페너,"7,800원",7800,true
5767,8952495,11,녹차라떼,"6,500원",6500,true
5768,8952495,12,초코라떼,"6,500원",6500,true
5769,8952495,13,수제딸기라떼(ICE),"7,500원",7500,true
5770,8952495,14,얼그레이,"6,000원",6000,true
5771,8952495,15,히비스커스,"6,000원",6000,true
5772,8952495,16,캐모마일,"6,000원",6000,true
5773,8952495,17,오미자차,"7,000원",7000,true
5774,8952495,18,청귤차(HOT),"7,000원",7000,true
5775,8952495,19,수제오미자에이드(ICE),"7,500원",7500,true
5776,8952495,20,수제레몬에이드(ICE),"7,500원",7500,true
5777,8952495,21,수제청귤에이드(ICE),"7,500원",7500,true
5778,8952495,22,미숫가루라떼(ICE),"7,500원",7500,true
5779,8952495,23,매실차,"7,000원",7000,true
5780,8952495,24,수제자몽에이드,"7,500원",7500,true
5781,7353435,1,닭한마리(2인),"33,000원",33000,true
5782,7353435,2,닭한마리반(3인),"49,000원",49000,true
5783,7353435,3,닭두마리(4인),"66,000원",66000,true
5784,14901586,1,보리굴비정찬,"32,000원",32000,true
5785,14901586,2,벌교한상,"24,000원",24000,true
5786,14901586,3,소화한상,"15,000원",15000,true
5787,14901586,4,꼬막비빔장,"5,000원",5000,true
5788,14901586,5,된장꼬막무침,"6,000원",6000,true
5789,14901586,6,보리굴비(1마리),"20,000원",20000,true
5790,14901586,7,고등어구이(1마리),"12,000원",12000,true
5791,14901586,8,어린이떡갈비,"12,000원",12000,true
5792,14901586,9,새꼬막(양념)(소),"20,000원",20000,true
5793,14901586,10,새꼬막(양념)(중),"30,000원",30000,true
5794,14901586,11,삼합,"35,000원",35000,true
5795,14901586,12,보쌈(중),"38,000원",38000,true
5796,14901586,13,보쌈(대),"45,000원",45000,true
5797,14901586,14,골뱅이숙회,"35,000원",35000,true
5798,14901586,15,갑오징어숙회,"35,000원",35000,true
5799,14901586,16,피문어숙회,"55,000원",55000,true
5800,14901586,17,관자버섯구이,"35,000원",35000,true
5801,14901586,18,홍어회,"35,000원",35000,true
5802,14901586,19,홍어무침,"40,000원",40000,true
5803,14901586,20,꼬막무침,"30,000원",30000,true
5804,14901586,21,가오리찜,"25,000원",25000,true
5805,14901586,22,꼬막전,"21,000원",21000,true
5806,14901586,23,부추전,"18,000원",18000,true
5807,14901586,24,홍어전,"25,000원",25000,true
5808,14901586,25,대구탕,"35,000원",35000,true
5809,14901586,26,홍어탕,"35,000원",35000,true
5810,14901586,27,굴무우탕,"35,000원",35000,true
5811,15674310,1,라구 로제 뇨끼,"19,000원",19000,true
5812,15674310,2,하몽 부라타,"18,000원",18000,true
5813,15674310,3,새우 프로방살 파스타,"17,000원",17000,true
5814,15674310,4,피스타치오 파스타,"18,000원",18000,true
5815,15674310,5,홍합 크림 스튜,"16,000원",16000,true
5816,15674310,6,로스트 항정살,"22,000원",22000,true
5817,15674310,7,부르기뇽,"21,000원",21000,true
5818,15674310,8,하우스,"8,000원",8000,true
5819,15674310,9,사과 콤포트 브리치즈 구이,"18,000원",18000,true
5820,15674310,10,제철 과일 바구니,"19,000원",19000,true
5821,15674310,11,날마다 신선한 플래터,"28,000원",28000,true
5822,15674310,12,생과일 큐브,"30,000원",30000,true
5823,11746876,1,아라리정식,"19,000원",19000,true
5824,11746876,2,만드레정식,"16,000원",16000,true
5825,11746876,3,곤드레정식 2인이상,"23,000원",23000,true
5826,11746876,4,점심특선,"12,600원",12600,true
5827,11746876,5,코다리찜,"10,000원",10000,true
5828,11746876,6,간장게장,"25,000원",25000,true
5829,11746876,7,바싹불고기,"15,000원",15000,true
5830,11746876,8,육개장,"10,000원",10000,true
5831,11746876,9,소갈비찜,"18,000원",18000,true
5832,11746876,10,양념게장,"14,000원",14000,true
5833,11746876,11,갈비탕,"15,000원",15000,true
5834,11746876,12,김치전,"12,000원",12000,true
5835,11746876,13,소갈비정식,"21,000원",21000,true
5836,11746876,14,정선할매스페셜 2인이상,"33,000원",33000,true
5837,11746876,15,게장정식,"32,000원",32000,true
5838,11746876,16,떡갈비정식,"16,900원",16900,true
5839,9135136,1,조선김밥,"6,300원",6300,true
5840,9135136,2,오뎅김밥,"6,300원",6300,true
5841,9135136,3,조선국시,"8,500원",8500,true
5842,9135136,4,냉메밀닭국수,"12,000원",12000,true
5843,9135136,5,닭개장,"11,000원",11000,true
5844,9135136,6,사골떡국,"12,000원",12000,true
5845,9135136,7,황태김치국밥,"10,000원",10000,true
5846,27801965,1,굴림샤브만두전골(2인이상),"14,000원",14000,true
5847,27801965,2,콩국수,"12,000원",12000,true
5848,27801965,3,물 막국수,"10,000원",10000,true
5849,27801965,4,비빔막국수,"10,000원",10000,true
5850,27801965,5,장칼국수,"9,000원",9000,true
5851,27801965,6,버섯칼국수,"9,000원",9000,true
5852,27801965,7,들깨칼국수,"9,000원",9000,true
5853,27801965,8,어린이만두국(굴림갈비만두),"8,000원",8000,true
5854,27801965,9,비빔막국수+고기만두 세트,"14,000원",14000,true
5855,27801965,10,비빔막국수 + 김치만두 세트,"14,000원",14000,true
5856,27801965,11,물 막국수 + 고기만두 세트,"14,000원",14000,true
5857,27801965,12,물 막국수 + 김치만두 세트,"12,000원",12000,true
5858,27801965,13,소불고기 덮밥,"10,000원",10000,true
5859,10167973,1,마르게리따,"16,500원",16500,true
5860,10167973,2,프로슈토 루꼴라,"24,500원",24500,true
5861,10167973,3,초리조,"18,500원",18500,true
5862,10167973,4,루꼴라,"19,500원",19500,true
5863,9447245,1,그라나 치즈 베이컨 토마토 파스타,"28,700원",28700,true
5864,9447245,2,트러플 머시룸 잠봉 피자,"35,700원",35700,true
5865,9447245,3,무화과 친퀘 포르마지 피자,"35,700원",35700,true
5866,9447245,4,애플 치즈 프라이,"15,900원",15900,true
5867,9447245,5,와일드 브로콜리 프리또,"19,900원",19900,true
5868,9447245,6,깔라마리 프리또 가든,"18,900원",18900,true
5869,9447245,7,쁘띠 치킨 시저 가든 샐러드,"15,800원",15800,true
5870,9447245,8,쁘띠 슈림프 텐더 샐러드,"17,800원",17800,true
5871,9447245,9,바질 부라타 치즈 샐러드,"18,800원",18800,true
5872,9447245,10,만다린 치킨 샐러드,"23,800원",23800,true
5873,9447245,11,계절을 품은 리코타 럭스 샐러드,"26,800원",26800,true
5874,9447245,12,더 레드 스테이크 럭스 샐러드,"29,500원",29500,true
5875,9447245,13,갈릭페뇨 파스타,"28,700원",28700,true
5876,9447245,14,크리미 갈릭 까르보나라,"28,700원",28700,true
5877,9447245,15,갈릭 명란 파스타,"28,700원",28700,true
5878,9447245,16,오션 딜라이트 크랩 파스타,"28,700원",28700,true
5879,9447245,17,오션 파이어 파스타,"28,700원",28700,true
5880,9447245,18,골든 레이어 시그니처 라자냐,"28,700원",28700,true
5881,9447245,19,넘침주의 파스타 레드,"28,700원",28700,true
5882,9447245,20,넘침주의 파스타 로제,"28,700원",28700,true
5883,9447245,21,넘침주의 파스타 화이트,"28,700원",28700,true
5884,9447245,22,톡톡 갈릭 시즐링 라이스,"28,700원",28700,true
5885,9447245,23,트러플 머시룸 잠봉 리조또,"28,700원",28700,true
5886,9447245,24,갈릭 스노잉 피자,"28,700원",28700,true
5887,9447245,25,고르곤졸라 피자,"28,700원",28700,true
5888,9447245,26,더 레드 스테이크 라구 피자,"35,700원",35700,true
5889,9447245,27,갈릭 스노잉 스테이크,"66,800원",66800,true
5890,9447245,28,포레스트 스트립 스테이크,"66,800원",66800,true
5891,9447245,29,매드 크림 휠렛 스테이크,"63,000원",63000,true
5892,9447245,30,매드 시그니처 글레이즈드 립,"36,900원",36900,true
5893,3957621,1,트러플 라이스,"9,000원",9000,true
5894,3957621,2,음음 비프 타르타르,"19,000원",19000,true
5895,3957621,3,항정살 된장구이,"19,000원",19000,true
5896,3957621,4,벽돌 치킨,"24,000원",24000,true
5897,3957621,5,순대쌈장아이올리,"16,000원",16000,true
5898,3957621,6,전복장골동면,"21,000원",21000,true
5899,3957621,7,치즈플레이트,"25,000원",25000,true
5900,3957621,8,연어 시가롤,"13,000원",13000,true
5901,3957621,9,프로슈토와 멜론,"14,000원",14000,true
5902,3957621,10,참나물 들기름 파스타,"20,000원",20000,true
5903,3957621,11,트러플 장조림 파스타,"23,000원",23000,true
5904,3957621,12,봄의 문어,"27,000원",27000,true
5905,3957621,13,애플 크럼블,"8,000원",8000,true
5906,3957621,14,수정과 티라미수,"9,000원",9000,true
5907,8766352,1,클래식 퀘사디아 치킨,"32,000원",32000,true
5908,8766352,2,더블 스텍 클럽 퀘사디아,"36,000원",36000,true
5909,8766352,3,타코샐러드 비프,"28,000원",28000,true
5910,8766352,4,칠리 프라이즈,"14,500원",14500,true
5911,8766352,5,시그니처 플래터,"52,000원",52000,true
5912,11959140,1,라자냐,"15,000원",15000,true
5913,11959140,2,베제투스 버거,"14,000원",14000,true
5914,11959140,3,카프레제 샐러드,"15,000원",15000,true
5915,11959140,4,맥앤치즈,"14,000원",14000,true
5916,11959140,5,부리또볼,"13,000원",13000,true
5917,9171634,1,카케우동,"8,000원",8000,true
5918,9171634,2,키쯔네(유부)우동,"10,000원",10000,true
5919,9171634,3,아사리(모시조개)우동,"11,000원",11000,false
5920,9171634,4,텐뿌라우동,"11,000원",11000,true
5921,9171634,5,타마고토지우동,"10,000원",10000,true
5922,9171634,6,멘타이코(명란)앙카케타마고 토지우동,"12,000원",12000,true
5923,9171634,7,가마타마버터우동,"11,000원",11000,true
5924,9171634,8,에비(새우)크림우동,"13,000원",13000,true
5925,9171634,9,카레우동,"11,000원",11000,true
5926,9171634,10,돈카츠카레우동,"13,000원",13000,true
5927,9171634,11,에비후라이카레우동,"13,000원",13000,true
5928,9171634,12,니싱(청어)우동,"12,000원",12000,true
5929,9171634,13,굴우동,"12,000원",12000,true
5930,9171634,14,한우스지우동,"13,000원",13000,true
5931,9171634,15,흑돼지우동,"11,000원",11000,true
5932,9171634,16,샤브니꾸(한우)우동,"12,000원",12000,true
5933,9171634,17,가마아게우동,"8,000원",8000,true
5934,6839055,1,칼만두,"11,000원",11000,true
5935,6839055,2,비빔국수 세트,"18,000원",18000,true
5936,6839055,3,국시(사골칼국수),"10,000원",10000,true
5937,6839055,4,김치손만둣국(동절기),"14,000원",14000,true
5938,6839055,5,녹두지짐 (1장),"10,000원",10000,true
5939,6839055,6,녹두지짐 (2장),"20,000원",20000,true
5940,6839055,7,만두전골(대),"52,000원",52000,true
5941,6839055,8,만두전골(중),"40,000원",40000,true
5942,6839055,9,반반,"48,000원",48000,true
5943,6839055,10,비빔국수,"12,000원",12000,true
5944,6839055,11,생선전,"21,000원",21000,true
5945,6839055,12,손만둣국,"13,000원",13000,true
5946,6839055,13,온반,"12,000원",12000,true
5947,6839055,14,육전,"30,000원",30000,true
5948,6839055,15,조랑떡만둣국,"12,000원",12000,true
5949,6839055,16,찐만두,"11,000원",11000,true
5950,6839055,17,모둠전,"30,000원",30000,true
5951,17753850,1,콥샐러드,"18,000원",18000,true
5952,17753850,2,치킨윙 & 샐러드,"18,000원",18000,true
5953,17753850,3,자이언트 피시 앤 칩스&샐러드,"38,000원",38000,true
5954,17753850,4,치즈플래터,"28,000원",28000,true
5955,17753850,5,올드문레 플래터,"40,000원",40000,true
5956,17753850,6,쿠키,"2,500원",2500,true
5957,17753850,7,샐러드,"8,000원",8000,true
5958,17753850,8,벨기에프라이즈,"25,000원",25000,true
5959,17753850,9,티파스 플래터,"34,000원",34000,true
5960,17753850,10,핸드메이드 나쵸 칩,"9,000원",9000,true
5961,17753850,11,먹태구이,"20,000원",20000,true
5962,17753850,12,마른안주,"18,000원",18000,true
5963,10833156,1,곰탕 (보),"17,000원",17000,true
5964,10833156,2,수육 (중),"40,000원",40000,true
5965,10833156,3,25공 곰탕,"25,000원",25000,true
5966,10833156,4,30공 곰탕,"30,000원",30000,true
5967,10833156,5,곰탕 (특),"19,000원",19000,true
5968,10833156,6,수육 (대),"60,000원",60000,true
5969,26680721,1,팩맨 (PAC-MAN),"17,000원",17000,true
5970,26680721,2,호랑이 (TIGER),"19,000원",19000,true
5971,26680721,3,플롭 (PLOP),"17,000원",17000,true
5972,26680721,4,루비마티니 (RUBY MARTINI),"18,000원",18000,true
5973,26680721,5,너티더티 (NUTTY DIRTY),"17,000원",17000,true
5974,26680721,6,파인트리 (PINETREE),"18,000원",18000,true
5975,26680721,7,훌라훌라 (HULA HULA),"18,000원",18000,true
5976,26680721,8,너클헤드 (KNUCKLEHEAD),"21,000원",21000,true
5977,4034435,1,한우특선모듬 600g,"300,000원",300000,true
5978,4034435,2,북악정 궁중갈비 (300g/2대),"54,000원",54000,true
5979,4034435,3,이동갈비 (300g/4대),"45,000원",45000,true
5980,4034435,4,평양냉면(100%순메밀),"14,000원",14000,true
5981,4034435,5,궁중갈비정식(점심메뉴),"57,000원",57000,true
5982,4034435,6,북악정 궁중생갈비 (250g/2대),"59,000원",59000,true
5983,4034435,7,한우눈꽃등심 150g,"86,000원",86000,true
5984,4034435,8,한우모둠와인정식,"82,000원",82000,true
5985,4034435,9,한우육회(150g),"32,000원",32000,true
5986,4034435,10,한우안심모듬(450g),"250,000원",250000,true
5987,4034435,11,한우오늘의모듬(450g),"195,000원",195000,true
5988,4034435,12,한우생갈비(250g),"99,000원",99000,true
5989,4034435,13,한우안심(150g),"85,000원",85000,true
5990,4034435,14,한우살치살(150g),"82,000원",82000,true
5991,4034435,15,한우꽃등심(150g),"71,000원",71000,true
5992,4034435,16,한우갈비살(150g),"58,000원",58000,true
5993,4034435,17,한우불고기(250g),"37,000원",37000,true
5994,4034435,18,한돈왕구이(300g),"35,000원",35000,true
5995,4034435,19,한우오늘의모듬정식(점심메뉴),"63,000원",63000,true
5996,4034435,20,이동갈비정식(점심메뉴),"42,000원",42000,true
5997,4034435,21,한돈왕구이정식(점심메뉴),"39,000원",39000,true
5998,4034435,22,떡갈비정식(점심메뉴),"30,000원",30000,true
5999,3922609,1,양념소갈비살,"20,000원",20000,true
6000,3922609,2,생소갈비살,"20,000원",20000,true
6001,3922609,3,양념토시살,"25,000원",25000,true
6002,3922609,4,양념안창살,"25,000원",25000,true
6003,3922609,5,생삼겹살(미박),"18,000원",18000,true
6004,3922609,6,생목살,"18,000원",18000,true
6005,3922609,7,한우육회,"25,000원",25000,true
6006,3922609,8,뚝배기밥,"5,000원",5000,true
6007,3922609,9,된장밥,"19,000원",19000,true
6008,3922609,10,"냉면(물,비빔)","7,000원",7000,true
6009,11983467,1,숙성안심 (150g),"59,000원",59000,true
6010,11983467,2,숙성등심 (150g),"53,000원",53000,true
6011,11983467,3,숙성꽃새우살 (150g),"69,000원",69000,true
6012,11983467,4,차돌박이 (200g),"44,000원",44000,true
6013,11983467,5,숙성 260 목살 (260g),"29,000원",29000,true
6014,11983467,6,숙성 260 삼겹살 (260g),"29,000원",29000,true
6015,11983467,7,생양갈비 (250g),"39,000원",39000,true
6016,11983467,8,한우 숙성 불고기 (200g),"44,000원",44000,true
6017,11983467,9,한우 육회,"39,000원",39000,true
6018,11983467,10,매운 볶음 잡채,"28,000원",28000,true
6019,11983467,11,8구 계란찜,"9,000원",9000,true
6020,11983467,12,임실치즈구이,"13,000원",13000,true
6021,11983467,13,한우 해장 전골 라면,"32,000원",32000,true
6022,11983467,14,무김치 소고기 볶음밥,"16,000원",16000,true
6023,11983467,15,돌솥 비빔밥,"15,000원",15000,true
6024,9162049,1,비빔국수,"12,000원",12000,true
6025,9162049,2,냉콩국수,"15,000원",15000,true
6026,9162049,3,닭칼국수,"12,000원",12000,true
6027,9162049,4,접시만두,"12,000원",12000,true
6028,9162049,5,육개장칼국수,"12,000원",12000,true
6029,9162049,6,떡만두국,"12,000원",12000,true
6030,9162049,7,손만두국,"12,000원",12000,true
6031,9162049,8,떡국,"12,000원",12000,true
6032,4070705,1,탄두리 치킨,"26,500원",26500,true
6033,4070705,2,치킨마크니,"23,500원",23500,true
6034,4070705,3,팔락파니르,"24,500원",24500,true
6035,4076002,1,그라나 치즈 베이컨 토마토 파스타,"28,700원",28700,true
6036,4076002,2,트러플 머시룸 잠봉 피자,"35,700원",35700,true
6037,4076002,3,무화과 친퀘 포르마지 피자,"35,700원",35700,true
6038,4076002,4,애플 치즈 프라이,"15,900원",15900,true
6039,4076002,5,와일드 브로콜리 프리또,"19,900원",19900,true
6040,4076002,6,깔라마리 프리또 가든,"18,900원",18900,true
6041,4076002,7,쁘띠 치킨 시저 가든 샐러드,"15,800원",15800,true
6042,4076002,8,쁘띠 슈림프 텐더 샐러드,"17,800원",17800,true
6043,4076002,9,바질 부라타 치즈 샐러드,"18,800원",18800,true
6044,4076002,10,만다린 치킨 샐러드,"23,800원",23800,true
6045,4076002,11,계절을 품은 리코타 럭스 샐러드,"26,800원",26800,true
6046,4076002,12,더 레드 스테이크 럭스 샐러드,"29,500원",29500,true
6047,4076002,13,갈릭페뇨 파스타,"28,700원",28700,true
6048,4076002,14,크리미 갈릭 까르보나라,"28,700원",28700,true
6049,4076002,15,갈릭 명란 파스타,"28,700원",28700,true
6050,4076002,16,오션 딜라이트 크랩 파스타,"28,700원",28700,true
6051,4076002,17,오션 파이어 파스타,"28,700원",28700,true
6052,4076002,18,골든 레이어 시그니처 라자냐,"28,700원",28700,true
6053,4076002,19,넘침주의 파스타 레드,"28,700원",28700,true
6054,4076002,20,넘침주의 파스타 로제,"28,700원",28700,true
6055,4076002,21,넘침주의 파스타 화이트,"28,700원",28700,true
6056,4076002,22,톡톡 갈릭 시즐링 라이스,"28,700원",28700,true
6057,4076002,23,트러플 머시룸 잠봉 리조또,"28,700원",28700,true
6058,4076002,24,갈릭 스노잉 피자,"28,700원",28700,true
6059,4076002,25,고르곤졸라 피자,"28,700원",28700,true
6060,4076002,26,더 레드 스테이크 라구 피자,"35,700원",35700,true
6061,4076002,27,갈릭 스노잉 스테이크,"66,800원",66800,true
6062,4076002,28,포레스트 스트립 스테이크,"66,800원",66800,true
6063,4076002,29,매드 크림 휠렛 스테이크,"63,000원",63000,true
6064,4076002,30,매드 시그니처 글레이즈드 립,"36,900원",36900,true
6065,17602382,1,안창살,"69,000원",69000,true
6066,17602382,2,꽃등심,"63,000원",63000,true
6067,17602382,3,진짜등심불고기,"43,000원",43000,true
6068,17602382,4,한우김치볶음밥,"23,000원",23000,true
6069,17602382,5,한우곰탕,"18,000원",18000,true
6070,32895062,1,뭉텅 주먹구이 큰접시 (700g),"63,000원",63000,true
6071,32895062,2,뭉텅 주먹구이 한접시 (500g),"45,000원",45000,true
6072,32895062,3,오늘의 특수부위 (150g),"16,000원",16000,true
6073,32895062,4,육즙 삼겹살 (150g),"15,000원",15000,true
6074,32895062,5,껍데기 한접시,"9,900원",9900,true
6075,32895062,6,수제 소세지 한접시 (150g),"9,900원",9900,true
6076,32895062,7,두부한모청국장,"6,000원",6000,true
6077,32895062,8,뭉텅뭉텅김치찌개,"7,000원",7000,true
6078,32895062,9,시그니처 뭉텅 특밥(2인),"4,500원",4500,true
6079,32895062,10,오돌뼈볶음밥,"7,000원",7000,true
6080,32895062,11,김치말이국수,"6,000원",6000,true
6081,32895062,12,오이몽땅비빔국수,"6,000원",6000,true
6082,16828545,1,매운 크림 파스타,"8,900원",8900,true
6083,16828545,2,롤링함박스테이크,"12,900원",12900,true
6084,16828545,3,까르보나라,"8,900원",8900,true
6085,16828545,4,토마토함박파스타,"9,500원",9500,true
6086,16828545,5,로제크림 쉬림프 파스타,"8,900원",8900,true
6087,16828545,6,이탈리안 정통 라구 파스타,"8,900원",8900,true
6088,16828545,7,빼쉐파스타,"9,900원",9900,true
6089,16828545,8,알리오 올리오,"6,900원",6900,true
6090,16828545,9,봉골레,"7,900원",7900,true
6091,16828545,10,해물 크림 파스타,"8,900원",8900,true
6092,16828545,11,바질 페스토 크림 파스타,"8,900원",8900,true
6093,16828545,12,우삼겹 도리아,"8,900원",8900,true
6094,16828545,13,스테이크 필라프,"9,500원",9500,true
6095,16828545,14,고르곤졸라 S / M,"7,300원",7300,true
6096,16828545,15,마르게리따 S / M,"6,800원",6800,true
6097,16828545,16,페퍼로니피자(Only M) 기본맛 / 매콤한맛,"8,800원",8800,true
6098,16828545,17,찹스테이크,"14,900원",14900,true
6099,16828545,18,버섯크림뇨끼,"9,500원",9500,true
6100,16828545,19,리코타치즈샐러드,"6,000원",6000,true
6101,16828545,20,매운우삼겹오일파스타,"8,500원",8500,true
6102,3902014,1,치킨커리,"14,000원",14000,true
6103,3902014,2,난,"3,000원",3000,true
6104,3902014,3,알루지라,"10,000원",10000,true
6105,3902014,4,초일라,"14,000원",14000,true
6106,3902014,5,사모사,"5,000원",5000,true
6107,3902014,6,만츄리안,"10,000원",10000,true
6108,3902014,7,마살라 파파드,"7,000원",7000,true
6109,3902014,8,믹스 탄두리,"30,000원",30000,true
6110,3902014,9,램 타카,"17,000원",17000,true
6111,3902014,10,쿨츠하,"6,000원",6000,true
6112,3902014,11,지라 라이스,"8,000원",8000,true
6113,3902014,12,씨즐러,"18,000원",18000,true
6114,3902014,13,파스타 커리,"13,000원",13000,true
6115,3902014,14,믹스야채커리,"12,000원",12000,true
6116,3902014,15,빠니르 버터 마살라,"15,000원",15000,true
6117,3902014,16,따와마살라 커리,"14,000원",14000,true
6118,3902014,17,요상박래(1pcs),"5,000원",5000,true
6119,3902014,18,팅모 알루핑샤,"17,000원",17000,true
6120,3902014,19,데실,"10,000원",10000,true
6121,3902014,20,쵸우민(야채),"10,000원",10000,true
6122,23276341,1,평양냉면 프리미엄,"17,000원",17000,true
6123,23276341,2,들기름한우육회비빔밥(계절메뉴),"19,000원",19000,true
6124,23276341,3,평양냉면,"15,000원",15000,true
6125,23276341,4,압구정 손만두 반 접시,"8,000원",8000,true
6126,23276341,5,한우 맑은 곰탕 (일반),"17,000원",17000,true
6127,23276341,6,압구정 손만두 한 접시,"16,000원",16000,true
6128,23276341,7,제육 한 접시,"34,000원",34000,true
6129,23276341,8,제육 반 접시,"17,000원",17000,true
6130,23276341,9,한우 육수 불고기 1인분,"37,000원",37000,true
6131,23276341,10,한우 손만두 전골,"60,000원",60000,true
6132,23276341,11,한우 어복쟁반 (2~3인),"85,000원",85000,true
6133,23276341,12,한우 어복쟁반 (4~5인),"115,000원",115000,true
6134,23276341,13,비빔냉면,"15,000원",15000,true
6135,23276341,14,비빔냉면 프리미엄,"17,000원",17000,true
6136,23276341,15,압구정 손만둣국,"14,000원",14000,true
6137,23276341,16,한우 편육 한 접시,"36,000원",36000,true
6138,23276341,17,한우 편육 반 접시,"18,000원",18000,true
6139,23276341,18,녹두전,"14,000원",14000,true
6140,23276341,19,프리미엄 육수캔 (250ml/작은캔),"4,000원",4000,true
6141,23276341,20,프리미엄 육수캔 (500ml/큰캔),"7,000원",7000,true
6142,23276341,21,동그랑땡 한 접시(2개),"28,000원",28000,true
6143,23276341,22,한우 열무냉채,"19,000원",19000,true
6144,23276341,23,한우 대창 된장 전골,"70,000원",70000,true
6145,23276341,24,도토리묵무침,"19,000원",19000,true
6146,23276341,25,한우육회,"37,000원",37000,true
6147,23276341,26,"동그랑땡 (반접시, 1개)","14,000원",14000,true
6148,23276341,27,한우 맑은 곰탕 (특),"22,000원",22000,true
6149,23276341,28,세찬떡만둣국,"14,000원",14000,true
6150,23276341,29,압구정해장국,"17,000원",17000,true
6151,12162434,1,등심 돈카츠,"16,000원",16000,true
6152,12162434,2,안심 돈카츠,"17,000원",17000,true
6153,12162434,3,치킨카츠,"17,000원",17000,true
6154,12162434,4,스페셜 등심돈카츠,"21,000원",21000,true
6155,12162434,5,새우+등심돈카츠,"27,000원",27000,true
6156,12162434,6,새우+안심돈카츠,"28,000원",28000,true
6157,12162434,7,카츠산도,"10,000원",10000,true
6158,12162434,8,치즈카레,"7,000원",7000,true
6159,12162434,9,치즈카츠(2P),"4,000원",4000,true
6160,12162434,10,카레,"6,000원",6000,true
6161,12162434,11,등심+안심 돈카츠,"21,000원",21000,true
6162,12162434,12,새우카츠(2P),"13,000원",13000,true
6163,12162434,13,생선카츠,"17,000원",17000,true
6164,4075719,1,삼선특해물짬뽕,"39,000원",39000,true
6165,4075719,2,갑오징어짬뽕,"35,000원",35000,true
6166,4075719,3,왕새우짬뽕,"35,000원",35000,true
6167,4075719,4,차돌짬뽕,"35,000원",35000,true
6168,4075719,5,삼선짜장면,"29,000원",29000,true
6169,4075719,6,피망고추잡채(S),"80,000원",80000,true
6170,4075719,7,피망고추잡채(L),"110,000원",110000,true
6171,4075719,8,북경식탕수육(소고기),"145,000원",145000,true
6172,4075719,9,북경식탕수육(돼지고기),"105,000원",105000,true
6173,4075719,10,광동식탕수육,"105,000원",105000,true
6174,4075719,11,조염돼지갈비,"105,000원",105000,true
6175,4075719,12,흑후추안심철판,"150,000원",150000,true
6176,4075719,13,사천식안심요리,"150,000원",150000,true
6177,4747365,1,롱아일랜드아이스티(R),"6,500원",6500,true
6178,4747365,2,생맥주(330ml),"4,500원",4500,false
6179,4747365,3,패션후르츠에이드,,,true
6180,4747365,4,텃만꿍,,,true
6181,4747365,5,주스,,,true
6182,4747365,6,코젤다크(475ml),"9,000원",9000,true
6183,4747365,7,코로나,"9,000원",9000,true
6184,4747365,8,진&토닉,"5,500원",5500,true
6185,4747365,9,데킬라,"4,900원",4900,true
6186,4747365,10,위스키하이볼,"9,000원",9000,true
6187,4747365,11,싱글몰트위스키(1잔),"15,000원",15000,true
6188,4747365,12,텍사스 롱아일랜드 아이스티,"7,000원",7000,true
6189,4747365,13,진저엘,"4,000원",4000,true
6190,4747365,14,버드와이저ALU,"9,000원",9000,true
6191,4747365,15,호가든,"9,000원",9000,true
6192,4747365,16,스텔라,"9,000원",9000,true
6193,4747365,17,1664블랑,"9,000원",9000,true
6194,4747365,18,하이네켄,"9,000원",9000,true
6195,4747365,19,데스페라도스,"9,000원",9000,true
6196,4747365,20,써머스비,"9,000원",9000,true
6197,4747365,21,버니니,"9,000원",9000,true
6198,4747365,22,산미구엘,"9,000원",9000,true
6199,4747365,23,빅웨이브,"10,000원",10000,true
6200,12461984,1,한우 육회,"28,000원",28000,true
6201,12461984,2,큰가리비 팬프라이,"26,000원",26000,true
6202,12461984,3,국내산 제주 흑돼지 찹(300g),"44,000원",44000,true
6203,12461984,4,국내산 유기농 닭고기 반마리(110g),"39,000원",39000,true
6204,12461984,5,호주산 양고기 더블 찹(350g),"58,000원",58000,true
6205,12461984,6,비욘드 버거(110g),"24,000원",24000,true
6206,27430818,1,온반,"11,000원",11000,true
6207,27430818,2,온반(특),"14,000원",14000,true
6208,27430818,3,수육(중),"27,000원",27000,true
6209,27430818,4,수육(대),"39,000원",39000,true
6210,27430818,5,송암교자만두,"9,000원",9000,true
6211,27430818,6,송암김치교자만두,"9,000원",9000,true
6212,27430818,7,들기름메밀국수,"11,000원",11000,true
6213,27430818,8,육회,"25,000원",25000,true
6214,27430818,9,해물부추전,"13,000원",13000,true
6215,27430818,10,황태쟁반메밀국수,"22,000원",22000,true
6216,14790370,1,팟타이(곱),"19,000원",19000,true
6217,14790370,2,똠얌꿍,"24,000원",24000,true
6218,14790370,3,뿌님팟퐁커리,"32,000원",32000,true
6219,14790370,4,랭쎕(M),"25,000원",25000,true
6220,14790370,5,랭쎕(L),"38,000원",38000,true
6221,14790370,6,팟 씨유,"13,000원",13000,true
6222,14790370,7,팟 키마오,"14,000원",14000,true
6223,14790370,8,꾸에이띠어우느아,"13,000원",13000,true
6224,14790370,9,똠얌 남콘,"14,000원",14000,true
6225,14790370,10,똠얌 남싸이,"14,000원",14000,true
6226,14790370,11,팟타이,"14,000원",14000,true
6227,14790370,12,커무양,"24,000원",24000,true
6228,14790370,13,카무,"28,000원",28000,true
6229,14790370,14,얌운센,"15,000원",15000,true
6230,14790370,15,쏨땀,"13,000원",13000,true
6231,14790370,16,팍붕화이뎅,"15,000원",15000,true
6232,14790370,17,텃만꿍(4pcs),"14,000원",14000,true
6233,14790370,18,꾸에이띠어우느아(곱),"18,000원",18000,true
6234,14790370,19,똠얌 남콘(곱),"19,000원",19000,true
6235,14790370,20,똠얌 남싸이(곱),"19,000원",19000,true
6236,14790370,21,팟 씨유(곱),"18,000원",18000,true
6237,14790370,22,팟 키마오(곱),"19,000원",19000,true
6238,15243764,1,1인세트메뉴(비조리),"33,300원",33300,true
6239,15243764,2,1인해산물메뉴세트(비조리),"20,200원",20200,true
6240,15243764,3,1인특색특부메뉴세트(비조리),"23,300원",23300,true
6241,15243764,4,1인야채메뉴세트(비조리),"24,400원",24400,true
6242,15243764,5,1인 하이디라오 기본마라탕,"11,900원",11900,true
6243,15243764,6,1인 토마토맛 마라탕,"12,900원",12900,true
6244,15243764,7,Zi뷰 이붼트~ 주문건당 1개,500원,500,true
6245,15243764,8,1인 삼선탕훠궈 三鲜火锅(매장용),"6,000원",6000,true
6246,15243764,9,1인용 버섯탕훠궈 菌汤火锅(매장용),"7,000원",7000,true
6247,15243764,10,1인용 소기름훠궈 牛油麻辣火锅(매장용),"9,000원",9000,true
6248,15243764,11,1인용 토마토탕 (매장용),"9,000원",9000,true
6249,15243764,12,1인용 청유마라훠궈 (매장용),"9,000원",9000,true
6250,15243764,13,훠궈추천메뉴모듬 火锅典拼盘,"6,500원",6500,true
6251,15243764,14,버섯모듬 菌类拼盘,"5,900원",5900,true
6252,15243764,15,당면모듬 粉条拼盘,"6,500원",6500,true
6253,15243764,16,두부모듬 豆类拼盘,"6,500원",6500,true
6254,15243764,17,야채모듬 蔬菜拼盘,"6,500원",6500,true
6255,15243764,18,닭다리고기 撈派鸡腿肉,"5,900원",5900,true
6256,15243764,19,새우계란만두(4개),"4,900원",4900,true
6257,15243764,20,어피 새우롤(5개),"5,900원",5900,true
6258,15243764,21,하이디라오 천엽撈派毛肚,"8,500원",8500,true
6259,15243764,22,새우완자撈派虹滑,"11,900원",11900,true
6260,15243764,23,숙주 緑豆芽,"2,900원",2900,true
6261,15243764,24,팽이버섯金针茹,"3,100원",3100,true
6262,15243764,25,두유피튀김 响铃卷,"5,500원",5500,true
6263,15243764,26,배추 大白菜,"4,900원",4900,true
6264,15243764,27,유부 豆泡,"5,500원",5500,true
6265,15243764,28,말린두부 腐竹,"5,000원",5000,true
6266,15243764,29,우삼겹 牛五花肉,"16,900원",16900,true
6267,15243764,30,소목심살 精品肥牛,"16,900원",16900,true
6268,27534416,1,"BEST, 한끼 든든 돼지 돌판구이","18,900원",18900,true
6269,27534416,2,"직화 초벌, 한우1++ 채끝 등심",변동가격,,true
6270,27534416,3,"NEW, 한우1++ 광석 불고기",변동가격,,true
6271,27534416,4,"단체/포장, 돼지 돌판구이 도시락","18,900원",18900,false
6272,27534416,5,"단체/포장, 소 돌판구이 도시락","26,900원",26900,false
6273,27534416,6,"BEST, 부드러운 소 갈비찜","27,900원",27900,true
6274,27534416,7,"NEW, 트러플 한우 육회 냉파스타","19,800원",19800,true
6275,27534416,8,"HOT, 매콤 크림 파스타","21,900원",21900,true
6276,27534416,9,한끼 든든 소 돌판구이,"26,900원",26900,true
6277,27534416,10,한우1++ 채끝 등심 화로구이,"38,900원",38900,true
6278,27534416,11,한우 육회비빔밥,"19,400원",19400,true
6279,27534416,12,시원한 한우 육회물회,"19,400원",19400,true
6280,27534416,13,매운 돼지 갈비찜,변동가격,,true
6281,27534416,14,들기름 고사리 막국수,"17,300원",17300,false
6282,27534416,15,겉바속촉 치즈 감자전,"18,900원",18900,true
6283,27534416,16,담백한 한우 육회,"22,900원",22900,true
6284,27534416,17,새콤한 등갈비 튀김,"25,900원",25900,true
6285,27534416,18,푸짐한 구이 한상 SET,변동가격,,true
6286,9434168,1,꾸스꾸스세트,"23,000원",23000,true
6287,9434168,2,튀니지안 세트B,"29,000원",29000,true
6288,9434168,3,브릭,"8,000원",8000,true
6289,9434168,4,튀니지안세트D,"39,000원",39000,true
6290,9434168,5,오짜,"19,000원",19000,true
6291,2228885,1,한돈 모둠보쌈,"51,000원",51000,true
6292,2228885,2,한바탕 세트,"84,000원",84000,true
6293,2228885,3,새싹쟁반무침면,"15,000원",15000,true
6294,2228885,4,맛보쌈,"48,000원",48000,true
6295,2228885,5,가마솥 보쌈반상,"16,000원",16000,true
6296,2228885,6,부드러운 족발(한족),"47,000원",47000,true
6297,2228885,7,生들기름막국수 보쌈반상(서울중앙시장 풍년기름집),"18,000원",18000,true
6298,2228885,8,제철 모둠숙회,"35,000원",35000,true
6299,2228885,9,남해 활 전복초(한정판매),"28,000원",28000,true
6300,2228885,10,직화낙지볶음,"29,000원",29000,true
6301,7748563,1,칼국수(보통),"11,000원",11000,true
6302,7748563,2,수육,"30,000원",30000,true
6303,7748563,3,칼국수(대),"14,000원",14000,true
6304,7748563,4,공기밥,500원,500,false
6305,32829209,1,오징어미나리전,"20,000원",20000,true
6306,32829209,2,소고기삼겹된장전골 (점심메뉴),"11,000원",11000,true
6307,32829209,3,모둠수육전골 (중),"38,000원",38000,true
6308,32829209,4,모둠수육무침,"25,000원",25000,true
6309,32829209,5,우렁미나리전,"15,000원",15000,true
6310,32829209,6,소고기삼겹두부김치,"15,000원",15000,true
6311,32829209,7,보리새우미나리전,"17,000원",17000,true
6312,32829209,8,불스지볶음,"15,000원",15000,true
6313,32829209,9,스지대창두루치기 (2인),"32,000원",32000,true
6314,32829209,10,오징어미나리초무침,"22,000원",22000,true
6315,32829209,11,소고기삼겹순두부전골 (점심메뉴),"12,000원",12000,true
6316,32829209,12,소고기삼겹순두부전골 (저녁메뉴),"13,000원",13000,true
6317,32829209,13,우렁순두부전골 (점심메뉴),"12,000원",12000,true
6318,32829209,14,우렁순두부전골 (저녁메뉴),"13,000원",13000,true
6319,32829209,15,오징어순두부전골 (점심메뉴),"12,000원",12000,true
6320,32829209,16,오징어순두부전골 (저녁메뉴),"13,000원",13000,true
6321,32829209,17,표고버섯순두부전골 (점심메뉴),"12,000원",12000,true
6322,32829209,18,표고버섯순두부전골 (저녁메뉴),"13,000원",13000,true
6323,32829209,19,스지순두부전골 (점심메뉴),"13,000원",13000,true
6324,32829209,20,스지순두부전골 (저녁메뉴),"14,000원",14000,true
6325,32829209,21,대창순두부전골 (점심메뉴),"13,000원",13000,true
6326,32829209,22,대창순두부전골 (저녁메뉴),"14,000원",14000,true
6327,32829209,23,바지락순두부전골 (점심메뉴),"24,000원",24000,true
6328,32829209,24,바지락순두부전골 (저녁메뉴),"26,000원",26000,true
6329,32829209,25,들깨미역된장전골 (점심메뉴),"10,000원",10000,true
6330,32829209,26,들깨미역된장전골 (저녁메뉴),"12,000원",12000,true
6331,32829209,27,소고기삼겹된장전골 (저녁메뉴),"13,000원",13000,true
6332,32829209,28,우렁된장전골 (점심메뉴),"11,000원",11000,true
6333,32829209,29,우렁된장전골 (저녁메뉴),"13,000원",13000,true
6334,32829209,30,오징어된장전골 (점심메뉴),"11,000원",11000,true
6335,32829209,31,오징어된장전골 (저녁메뉴),"13,000원",13000,true
6336,32829209,32,표고버섯된장전골 (점심메뉴),"11,000원",11000,true
6337,32829209,33,표고버섯된장전골 (저녁메뉴),"13,000원",13000,true
6338,32829209,34,스지된장전골 (점심메뉴),"12,000원",12000,true
6339,32829209,35,스지된장전골 (저녁메뉴),"14,000원",14000,true
6340,32829209,36,바지락된장전골 (점심메뉴),"22,000원",22000,true
6341,32829209,37,바지락된장전골 (저녁메뉴),"26,000원",26000,true
6342,32829209,38,모둠수육전골 (대),"55,000원",55000,true
6343,32829209,39,모둠수육전골 (소),"25,000원",25000,true
6344,32829209,40,소갈비수육전골 (대),"85,000원",85000,true
6345,32829209,41,소갈비수육전골 (중),"55,000원",55000,true
6346,32829209,42,아롱사태수육전골,"35,000원",35000,true
6347,32829209,43,스지수육전골,"35,000원",35000,true
6348,32829209,44,수라상셋트메뉴,"110,000원",110000,true
6349,32829209,45,안주상셋트메뉴,"60,000원",60000,true
6350,32829209,46,진지상셋트메뉴,"40,000원",40000,true
6351,19609474,1,김꽃동,,,true
6352,19609474,2,고급 찐 어묵탕,,,true
6353,19609474,3,앵그리버드 크런치,,,true
6354,19609474,4,생활 부대 떡볶이,,,true
6355,19609474,5,크리스피 텐더와 새우,,,true
6356,19609474,6,앵그리버드,,,true
6357,19609474,7,앵그리버드RED,,,true
6358,19609474,8,앵그리버드 BLACK,,,true
6359,19609474,9,소시지와 친구들,,,true
6360,19609474,10,바삭 황태 구이,,,true
6361,19609474,11,골빔면,,,true
6362,19609474,12,버팔로 윙과 감자,,,true
6363,19609474,13,백화점 육포와 땅콩,,,true
6364,19609474,14,촉촉오징어,,,true
6365,19609474,15,생활 떡볶이,,,true
6366,19609474,16,중화 치킨 샐러드,,,true
6367,19609474,17,그린라이트 샐러드,,,true
6368,19609474,18,열무비빔면,,,true
6369,19609474,19,통통새우바,,,true
6370,19609474,20,쫜득 치즈볼,,,true
6371,19609474,21,쫄깃 찹쌀도넛,,,true
6372,19609474,22,케이준 감자튀김,,,true
6373,19609474,23,오리지널 감자튀김,,,true
6374,19609474,24,나초칩,,,true
6375,19609474,25,스팸튀김,,,true
6376,19609474,26,팝만두,,,true
6377,19609474,27,우유튀김,,,true
6378,34281750,1,아메리칸미트타코,"13,900원",13900,true
6379,34281750,2,반반치킨,"21,900원",21900,true
6380,34281750,3,후라이드치킨,"19,900원",19900,true
6381,34281750,4,양념치킨,"20,900원",20900,true
6382,34281750,5,매운양념치킨,"20,900원",20900,true
6383,34281750,6,간장치킨,"20,900원",20900,true
6384,34281750,7,해물짬뽕탕,"19,900원",19900,true
6385,34281750,8,무뼈닭발,"19,900원",19900,true
6386,34281750,9,팥팔오뎅탕,"15,900원",15900,true
6387,34281750,10,순두부수제비,"14,900원",14900,true
6388,34281750,11,김치우동,"13,900원",13900,true
6389,34281750,12,페퍼로니피자,"13,900원",13900,true
6390,34281750,13,고르곤졸라피자,"13,900원",13900,true
6391,34281750,14,로제떡볶이,"11,900원",11900,true
6392,34281750,15,옛날프렌치토스트,"10,900원",10900,true
6393,34281750,16,츄텔라,"9,900원",9900,true
6394,34281750,17,토리토스,"9,900원",9900,true
6395,34281750,18,버터갈릭감자튀김,"7,900원",7900,true
6396,27670802,1,비프 치미창가,"17,000원",17000,true
6397,27670802,2,머쉬룸 타코(2p),"9,000원",9000,true
6398,27670802,3,스테이크 비프 타코(2p),"10,000원",10000,true
6399,27670802,4,콘카네 쉬림프 타코(2p),"11,000원",11000,true
6400,27670802,5,치킨 치미창가,"17,000원",17000,true
6401,34168596,1,모둠 수육무침,"22,000원",22000,true
6402,34168596,2,들깨 된장전골（비조리）,"10,000원",10000,true
6403,34168596,3,삼겹 牛（우）된장전골（비조리）,"11,000원",11000,true
6404,34168596,4,우렁 된장전골（비조리）,"11,000원",11000,true
6405,34168596,5,스지 된장전골（비조리）,"12,000원",12000,true
6406,34168596,6,바지락 된장전골（비조리）,"22,000원",22000,true
6407,34168596,7,모둠 수육전골（비조리）,"38,000원",38000,true
6408,34168596,8,부채살 수육전골（비조리）,"35,000원",35000,true
6409,34168596,9,아롱사태 수육전골（비조리）,"35,000원",35000,true
6410,34168596,10,스지 수육전골（비조리）,"35,000원",35000,true
6411,34168596,11,소꼬리 수육전골（비조리）,"65,000원",65000,true
6412,34168596,12,매운소꼬리 수육전골(비조리),"68,000원",68000,true
6413,34168596,13,뼈갈비전골(비조리),"55,000원",55000,true
6414,34168596,14,매운뼈갈비전골(비조리),"58,000원",58000,true
6415,34168596,15,수제김 1봉,"2,000원",2000,true
6416,34168596,16,수제김 5＋1,"10,000원",10000,true
6417,34168596,17,칼칼한바지락탕（비조리）,"15,000원",15000,true
6418,34168596,18,미나리,"3,000원",3000,true
6419,34168596,19,수제비,"3,000원",3000,true
6420,34168596,20,당면,"3,000원",3000,true
6421,34168596,21,공깃밥,"1,000원",1000,true
6422,34168596,22,칼국수사리,"3,000원",3000,false
6423,25165183,1,[점심] 슈하스코 무한리필,"46,900원",46900,true
6424,25165183,2,[저녁] 스페셜 슈하스코 무한리필,"54,900원",54900,true
6425,25165183,3,[점심] 슈하스코 기본,"38,900원",38900,true
6426,25165183,4,[저녁] 슈하스코 기본,"40,900원",40900,true
6427,25165183,5,[저녁] 슈하스코 무한리필,"49,900원",49900,true
6428,25165183,6,[평일점심특선] 런치플레이트,"23,900원",23900,true
6429,13436251,1,쌍화냉차,"10,000원",10000,true
6430,13436251,2,대추냉차,"10,000원",10000,true
6431,13436251,3,생강냉차,"10,000원",10000,true
6432,13436251,4,오미자냉차,"10,000원",10000,true
6433,13436251,5,수정과,"10,000원",10000,true
6434,13436251,6,호박식혜,"10,000원",10000,true
6435,13436251,7,모과냉차,"9,500원",9500,true
6436,13436251,8,미숫가루,"9,500원",9500,true
6437,13436251,9,냉녹차,"9,500원",9500,true
6438,13436251,10,아이스티,"9,000원",9000,true
6439,13436251,11,삼박자아이스커피,"8,000원",8000,true
6440,24996925,1,[스퀘어] 디트로이트 페퍼로니,"23,000원",23000,true
6441,24996925,2,[스퀘어[ 필리스 치즈 스테이크,"28,000원",28000,true
6442,24996925,3,[라운드] 클래식 페퍼로니,"19,000원",19000,true
6443,24996925,4,[라운드] 아메리칸 소시지,"20,000원",20000,true
6444,24996925,5,[라운드] 러스틱 올리브 햄,"20,000원",20000,true
6445,24996925,6,[라운드] 콰트로 치즈,"20,000원",20000,true
6446,24996925,7,[라운드] 프레시 마르게리타,"20,000원",20000,true
6447,24996925,8,[라운드] 스파이시 콘 월드,"24,000원",24000,true
6448,24996925,9,[스퀘어] 보스턴 스파이시 소시지,"25,000원",25000,true
6449,24996925,10,[스퀘어] 샌디에고 슈림프 마요,"25,000원",25000,true
6450,24996925,11,케이준 프라이즈,"13,000원",13000,true
6451,24996925,12,어니언 링,"13,000원",13000,true
6452,24996925,13,오리지널 윙,"14,000원",14000,true
6453,24996925,14,트러플 누아제트,"14,000원",14000,true
6454,24996925,15,투움바 파스타,"14,000원",14000,true
6455,24996925,16,수제 맥주,"8,500원",8500,false
6456,24996925,17,에비스 프리미엄 라거,"12,000원",12000,true
6457,24996925,18,산토리 가쿠빈 하이볼,"12,000원",12000,true
6458,24996925,19,소주,"6,000원",6000,false
6459,24996925,20,위스키,"8,000원",8000,true
6460,24996925,21,칵테일,"12,000원",12000,true
6461,24996925,22,음료,"4,000원",4000,false
6462,27956524,1,스테이크 트러플 자장면,"35,000원",35000,true
6463,27956524,2,고추 유린기,"49,000원",49000,true
6464,27956524,3,마카롱 멘보샤(2P),"22,000원",22000,true
6465,27956524,4,쉬림프투움바볶음짬뽕,"29,000원",29000,true
6466,27956524,5,농후한 대파 차돌짬뽕,"35,000원",35000,true
6467,27956524,6,[하프사이즈] 농후한 대파 차돌짬뽕,"25,000원",25000,true
6468,27956524,7,완도산전복과 해물누룽지탕(1인),"33,000원",33000,true
6469,27956524,8,해물 누룽지탕(1인),"29,000원",29000,true
6470,27956524,9,[트러플x6배]스테이크 트러플 자장면,"55,000원",55000,true
6471,27956524,10,비밀이야 캐비아 한입 멘보샤(4P),"48,000원",48000,true
6472,27956524,11,투뿔한우 초당옥수수 볶음밥,"23,000원",23000,true
6473,27956524,12,구룡포 오징어 특선짬뽕,"38,000원",38000,true
6474,27956524,13,구룡포 크리스피오징어 탕수,"55,000원",55000,true
6475,27956524,14,구룡포 오징어덴뿌라,"49,000원",49000,true
6476,27956524,15,애사비 오이탕탕 유린기,"49,000원",49000,true
6477,27956524,16,약돌돼지 깐풍육,"55,000원",55000,true
6478,27956524,17,[무탄X비밀이야]시그니처 세트,"152,000원",152000,true
6479,27956524,18,가지깐풍기(100% 닭다리살 사용),"55,000원",55000,true
6480,27956524,19,해산물 누룽지탕,"68,000원",68000,true
6481,27956524,20,해산물 팔보채,"68,000원",68000,true
6482,27956524,21,해산물 전가복,"68,000원",68000,true
6483,27956524,22,의성마늘 스테미너 유린기,"49,000원",49000,true
6484,27956524,23,비건 김치만두(12P),"25,000원",25000,true
6485,27956524,24,비건 버섯만두(12P),"25,000원",25000,true
6486,27956524,25,한우 묵은지 볶음밥과 중화후라이,"28,000원",28000,true
6487,27956524,26,약돌돼지 볶음탕수육,"49,000원",49000,true
6488,27956524,27,투뿔한우 트러플 난자완스(4P),"78,000원",78000,true
6489,27956524,28,전복장육냉채,"58,000원",58000,true
6490,27956524,29,자연산 칠리 홍새우,"58,000원",58000,true
6491,27956524,30,어향동고(4알),"65,000원",65000,true
6492,27956524,31,[하프]스테이크 트러플 자장면,"25,000원",25000,true
6493,27956524,32,마파두부+볶음밥,"33,000원",33000,true
6494,27956524,33,뚝배기 마파두부,"55,000원",55000,true
6495,27956524,34,쇠고기 안심탕수육,"58,000원",58000,true
6496,27956524,35,어니언꿔바로우,"55,000원",55000,true
6497,27956524,36,땡초 유린기(아주매운맛),"52,000원",52000,true
6498,27956524,37,대파 유린기,"49,000원",49000,true
6499,27956524,38,영덕게살 유산슬,"80,000원",80000,true
6500,27956524,39,갑오징어 양장피,"58,000원",58000,true
6501,27956524,40,한우 볶음 짜장면+후라이,"19,000원",19000,true
6502,27956524,41,100% 수제 군만두(3P),"18,000원",18000,true
6503,27956524,42,100% 수제 군만두(5P),"29,000원",29000,true
6504,27956524,43,덕자찜(싯가/최소1~2일전 예약가능),변동가격,,true
6505,27956524,44,돌솥 상어지느러미찜(1인분),"150,000원",150000,true
6506,27956524,45,태안 김 해물짬뽕,"29,000원",29000,true
6507,13999749,1,청국장,"10,000원",10000,true
6508,13999749,2,제육볶음 (1인분),"17,000원",17000,true
6509,13999749,3,된장찌개,"10,000원",10000,true
6510,13999749,4,김치찌개,"10,000원",10000,true
6511,13999749,5,순두부,"10,000원",10000,true
6512,13999749,6,동태찌개,"10,000원",10000,true
6513,13999749,7,조기찌개,"10,000원",10000,true
6514,13999749,8,갈치조림 (2인분),"24,000원",24000,true
6515,13999749,9,오징어볶음 (1인분),"17,000원",17000,true
6516,8634423,1,"한돈 양념구이(목살,갈비).(230g)","24,000원",24000,true
6517,8634423,2,한우 등심(140g),"47,000원",47000,true
6518,8634423,3,비빔냉면,"9,000원",9000,true
6519,8634423,4,LA갈비정식(평일점심특선),"24,000원",24000,true
6520,8634423,5,한우 안심(140g),"56,000원",56000,true
6521,8634423,6,한우 눈꽃 살치살(140g),"62,000원",62000,true
6522,8634423,7,양념 소왕갈비(280g),"44,000원",44000,true
6523,8634423,8,차돌박이정식(평일점심특선),"17,000원",17000,true
6524,8634423,9,돼지갈비정식(평일점심특선),"15,000원",15000,true
6525,8634423,10,차돌된장술국(소),"10,000원",10000,true
6526,8634423,11,숯불삼겹살(150g),"19,000원",19000,true
6527,8634423,12,해물파전,"17,000원",17000,true
6528,8634423,13,김치전,"13,000원",13000,true
6529,8634423,14,한우 한마리(140g),"49,000원",49000,true
6530,8634423,15,돼지한마리(300g),"43,000원",43000,true
6531,8634423,16,물냉면,"9,000원",9000,true
6532,8634423,17,비빔국수,"8,000원",8000,true
6533,8634423,18,잔치국수,"8,000원",8000,true
6534,8634423,19,한우 등심 불고기(160g),"43,000원",43000,true
6535,8634423,20,특상 우설(130g),"39,000원",39000,true
6536,10682250,1,닭한마리,"24,000원",24000,true
6537,10682250,2,닭한마리반,"36,000원",36000,true
6538,10682250,3,닭두마리,"48,000원",48000,true
6539,4032869,1,COURSE,"60,000원",60000,true
6540,4032869,2,MENU DELLO CHEF,변동가격,,true
6541,4032869,3,SET,"30,000원",30000,true
6542,7918206,1,아그라 세트,"43,800원",43800,true
6543,7918206,2,타지마할 세트,"39,300원",39300,true
6544,7747987,1,즉석떡볶이,"4,500원",4500,true
6545,7747987,2,무침군만두(4개),"4,500원",4500,true
6546,7747987,3,일반떡볶이,"6,000원",6000,true
6547,7747987,4,라면1+쫄면1/2사리,"4,000원",4000,false
6548,7747987,5,순대볶음,"6,000원",6000,true
6549,7747987,6,순대,"4,500원",4500,true
6550,7747987,7,쫄면,"6,000원",6000,true
6551,7747987,8,잔치국수,"5,000원",5000,true
6552,7747987,9,김치볶음밥,"6,000원",6000,true
6553,7747987,10,즉석 2인 세트,"15,000원",15000,true
6554,7747987,11,오뎅(2개),"2,000원",2000,true
6555,7747987,12,삶은계란(1개),"1,000원",1000,true
6556,7747987,13,즉석 3인 세트,"19,500원",19500,true
6557,32706085,1,팔도 전골 한상 (전골 선택),"54,000원",54000,true
6558,32706085,2,돌나물 육회 비빔칼국수 (흑임자면),"13,000원",13000,true
6559,32706085,3,직화 목뼈살찜,"39,000원",39000,true
6560,32706085,4,바삭치즈감자전,"21,000원",21000,true
6561,32706085,5,만두전골 (1인),"12,000원",12000,true
6562,32706085,6,팔도해장수육전골,"29,000원",29000,true
6563,32706085,7,대구식 한우 뭉티기 (중),"30,000원",30000,true
6564,32706085,8,사골칼국수,"11,000원",11000,true
6565,32706085,9,얼큰이칼국수,"9,000원",9000,true
6566,32706085,10,팔도1987돈까스,"11,000원",11000,true
6567,32706085,11,왕새우해물파전,"19,000원",19000,true
6568,32706085,12,미역들깨칼국수,"10,000원",10000,true
6569,32706085,13,얼큰사골칼국수,"11,500원",11500,true
6570,32706085,14,치즈폭탄 돈까스,"13,000원",13000,true
6571,32706085,15,제육 두루치기,"18,000원",18000,true
6572,32706085,16,치즈가득 목뼈살찜,"42,000원",42000,true
6573,32706085,17,흑임자콩칼국수 (여름메뉴),"11,000원",11000,true
6574,32706085,18,비빔칼국수,"9,000원",9000,true
6575,32706085,19,한우육회비빔밥,"12,000원",12000,true
6576,32706085,20,팔도 목뼈살찜 한상 (선택-양념&토핑),"62,000원",62000,true
6577,9210824,1,물만두,,,true
6578,9210824,2,김치만두,,,true
6579,9210824,3,고기만두,,,true
6580,9210824,4,김밥,,,true
6581,9210824,5,빨계떡,,,true
6582,9210824,6,계떡,,,true
6583,9210824,7,빨해떡,,,true
6584,9210824,8,빨부대,,,true
6585,9210824,9,냉라면,,,true
6586,9210824,10,러브주먹밥,,,true
6587,9210824,11,김치덮밥,,,true
6588,9210824,12,제육덮밥,,,true
6589,9210824,13,오징어덮밥,,,true
6590,9210824,14,참치주먹밥,,,true
6591,9210824,15,스팸주먹밥,,,true
6592,9210824,16,못난이주먹밥,,,true
6593,5927648,1,호박세트,"91,000원",91000,true
6594,5927648,2,야키니쿠,"27,000원",27000,true
6595,5927648,3,특안심,"39,000원",39000,true
6596,5927648,4,와규 생등심,"28,000원",28000,true
6597,5927648,5,한돈 돼지갈비,"19,000원",19000,true
6598,5927648,6,한돈 생목살,"17,000원",17000,true
6599,5927648,7,한돈 삼겹살,"17,000원",17000,true
6600,5927648,8,[점심 정식메뉴] 오징어 쌈밥,"15,000원",15000,true
6601,5927648,9,[점심 정식메뉴] 제육 쌈밥,"13,000원",13000,true
6602,5927648,10,[점심 메뉴] 호박 와규 생등심 세트,"25,000원",25000,true
6603,5927648,11,[점심 메뉴] 호박 야키니쿠 세트,"24,000원",24000,true
6604,5927648,12,[점심 메뉴] 호박 돼지갈비 세트,"16,000원",16000,true
6605,5927648,13,[점심 메뉴] 호박 삼겹살 세트,"15,000원",15000,true
6606,33020192,1,전설 우대갈비(1대 370g),"42,000원",42000,true
6607,33020192,2,소갈비살 정식 [Lunch],"28,000원",28000,true
6608,33020192,3,전설소갈비살 1인분 160g,"26,000원",26000,true
6609,33020192,4,전설 삼겹살 1인분 200g,"22,000원",22000,true
6610,33020192,5,전설 소막창 1인분 200g,"29,000원",29000,true
6611,16859636,1,돼지김치구이(소),"27,000원",27000,true
6612,16859636,2,꽃껍데기,"9,000원",9000,true
6613,16859636,3,특미볶음밥,"3,000원",3000,true
6614,16859636,4,비빔국수,"6,000원",6000,true
6615,4034889,1,쌈밥정식,"18,000원",18000,true
6616,4034889,2,편육,"18,000원",18000,true
6617,4050121,1,루꼴라 모짜렐라 플랫 브레드,"24,000원",24000,true
6618,4050121,2,통 전복 오일 파스타,"26,000원",26000,true
6619,4050121,3,O'스테이크,"72,000원",72000,true
6620,4050121,4,채끝 등심 리조토,"25,000원",25000,true
6621,4050121,5,O'봉골레,"25,000원",25000,true
6622,9071727,1,감자탕뚝배기,"10,000원",10000,true
6623,9071727,2,순대국,"10,000원",10000,true
6624,9071727,3,추어탕,"10,000원",10000,true
6625,9071727,4,감자탕(소),"30,000원",30000,true
6626,9071727,5,감자탕(중),"35,000원",35000,true
6627,9071727,6,감자탕(대),"40,000원",40000,true
6628,9071727,7,묵은지감자탕(소),"33,000원",33000,true
6629,9071727,8,묵은지감자탕(중),"38,000원",38000,true
6630,9071727,9,묵은지감자탕(대),"43,000원",43000,true
6631,9071727,10,닭볶음탕 한마리(소),"30,000원",30000,true
6632,9071727,11,닭볶음탕 두마리(대),"55,000원",55000,true
6633,9071727,12,술국,"25,000원",25000,true
6634,9071727,13,머릿고기,"25,000원",25000,true
6635,9071727,14,순대볶음,"10,000원",10000,true
6636,9071727,15,순대,"5,000원",5000,true
6637,19070247,1,Sencha Sonic,"25,000원",25000,true
6638,19070247,2,Gyokuro Martini,"25,000원",25000,true
6639,19070247,3,Oriental Car,"25,000원",25000,true
6640,19070247,4,Lullaby,"25,000원",25000,true
6641,4070747,1,광양불고기,,,true
6642,4070747,2,해물된장찌개,,,true
6643,4070747,3,육회비빔밥,,,true
6644,4070747,4,돌솥비빔밥,,,true
6645,4070747,5,영양갈비탕,,,true
6646,4070747,6,소고기국밥,,,true
6647,4070747,7,덮밥,,,true
6648,4070747,8,비빔밥,,,true
6649,4070747,9,특등심,,,true
6650,4070747,10,왕양념갈비,,,true
6651,4070747,11,버섯전골,,,true
6652,4070747,12,황태해장국,,,true
6653,4070747,13,웰빙냉면,,,true
6654,4070747,14,물냉면,,,true
6655,4070747,15,비빔냉면,,,true
6656,4070747,16,냉면,,,true
6657,10058560,1,KAZAN KABOB 양갈비 감자조림,"16,000원",16000,true
6658,10058560,2,PLOV 우즈벡전통볶음밥,"15,000원",15000,true
6659,10058560,3,MANTI 찜만두,"15,000원",15000,true
6660,10058560,4,GURO LAGMAN 구로수타면（소고기 야채）,"16,000원",16000,true
6661,10058560,5,양꼬치 1개,"8,000원",8000,true
6662,10058560,6,소꼬치 1개,"8,000원",8000,true
6663,10058560,7,BORSH 러시아 전통스프,"10,000원",10000,true
6664,10058560,8,SHURPA 양고기스프,"10,000원",10000,true
6665,10058560,9,LAGMAN 쇠고기수타면,"10,000원",10000,true
6666,10058560,10,GOLUBTSY 쇠고기말이（양배추.파프리카）,"15,000원",15000,true
6667,10058560,11,TUY KABOB 쇠고기 토마토스튜,"16,000원",16000,true
6668,10058560,12,DJIZ-BIZ 양고기튀김,"16,000원",16000,true
6669,10058560,13,GULYASH 쇠고기굴라 와 으껜감자,"16,000원",16000,true
6670,10058560,14,FRIED LAGMAN 볶음소고기수타면,"16,000원",16000,true
6671,10058560,15,JAROVNYA 자로브냐（소고기 야채구이）,"16,000원",16000,true
6672,10058560,16,FRIED DAMPLING 튀김우즈벡물만두,"13,000원",13000,true
6673,10058560,17,Noryn,"18,000원",18000,true
6674,10058560,18,OLIVYE（올리비에）,"8,000원",8000,true
6675,10058560,19,SOTE（소테）,"8,000원",8000,true
6676,10058560,20,GREEK（그리스 샐러드）,"12,000원",12000,true
6677,10058560,21,CAESER（시저 샐러드 닭가슴살）,"12,000원",12000,true
6678,10058560,22,MORKOVCHA（당근 고려인금치）,"5,000원",5000,true
6679,10058560,23,우즈벡 난,"4,000원",4000,true
6680,10058560,24,꿀케이크（메도빅）,"7,000원",7000,true
6681,10058560,25,나폴레옹케이크,"7,000원",7000,true
6682,10058560,26,화덕빵 쌈사,"5,000원",5000,true
6683,10058560,27,꼬치세트（양꼬치＋소꼬치＋다진꼬치＋닭꼬치＋야채꼬치）,"40,000원",40000,true
6684,10058560,28,닭꼬치 1개,"8,000원",8000,true
6685,10058560,29,야채꼬치 1개,"8,000원",8000,true
6686,15276114,1,굿모닝 브런치 에디션,"12,900원",12900,true
6687,15276114,2,아메리칸 브런치 에디션,"14,400원",14400,true
6688,15276114,3,아보가든 브런치 에디션,"16,400원",16400,true
6689,15276114,4,(신메뉴)길거리 토스트 세트,"12,100원",12100,true
6690,15276114,5,(신메뉴)구운 햄 치즈 길거리 토스트 세트,"13,000원",13000,true
6691,15276114,6,(신메뉴)스팸 치즈 길거리 토스트 세트,"13,400원",13400,true
6692,15276114,7,(신메뉴)길거리 토스트,"6,300원",6300,true
6693,15276114,8,(신메뉴)구운 햄 치즈 길거리 토스트,"7,200원",7200,true
6694,15276114,9,(신메뉴)스팸 치즈 길거리 토스트,"7,600원",7600,true
6695,15276114,10,(신메뉴)케일 사과주스,"5,600원",5600,true
6696,15276114,11,미스터에그 세트,"10,900원",10900,true
6697,15276114,12,아메리칸 햄 치즈 세트,"11,900원",11900,true
6698,15276114,13,베이컨 더블 치즈 세트,"11,900원",11900,true
6699,15276114,14,햄 앤 치즈 프렌치토스트 세트,"11,900원",11900,true
6700,15276114,15,갈릭 베이컨 치즈 세트,"13,000원",13000,true
6701,15276114,16,비프 데리야끼 샌드위치 세트,"13,400원",13400,true
6702,15276114,17,아보홀릭 세트,"12,900원",12900,true
6703,15276114,18,베이컨 딥치즈 번 세트,"12,900원",12900,true
6704,15276114,19,클럽 샌드위치 세트,"12,700원",12700,true
6705,15276114,20,치킨 클럽 샌드위치 세트,"13,300원",13300,true
6706,15276114,21,길거리 토스트 세트,"12,100원",12100,true
6707,15276114,22,구운 햄 치즈 길거리 토스트 세트,"13,000원",13000,true
6708,15276114,23,스팸 치즈 길거리 토스트 세트,"13,400원",13400,true
6709,15276114,24,햄치즈 베이글 세트,"11,400원",11400,true
6710,15276114,25,BLT 베이글 세트,"12,500원",12500,true
6711,15276114,26,에그 베이컨 디럭스 세트,"13,500원",13500,true
6712,15276114,27,에그 햄치즈 디럭스 세트,"13,100원",13100,true
6713,15276114,28,에그 BLT 디럭스 세트,"13,200원",13200,true
6714,15276114,29,굿모닝 브런치 세트,"11,400원",11400,true
6715,15276114,30,아메리칸 브런치 세트,"12,900원",12900,true
6716,7748355,1,부대찌개(1인분),"8,000원",8000,true
6717,7748355,2,보쌈정식,"10,000원",10000,true
6718,7748355,3,삼겹살(1인분),"14,000원",14000,true
6719,7748355,4,해물파전,"12,000원",12000,true
6720,7748355,5,냉면,"6,000원",6000,true
6721,24120540,1,전복왕갈비탕 반상,"26,000원",26000,true
6722,24120540,2,김치전과 아보카도,"28,000원",28000,true
6723,24120540,3,차돌박이 미나리 보리새우전,"28,000원",28000,true
6724,24120540,4,오징어 튀김,"28,000원",28000,true
6725,24120540,5,트러플 살라미 감자채전,"27,000원",27000,true
6726,24120540,6,칠리소스를 곁들인 바닷가재구이,"45,000원",45000,true
6727,24120540,7,한우수육,"42,000원",42000,true
6728,24120540,8,부추잡채와 찹쌀바게트,"42,000원",42000,true
6729,24120540,9,크리스피 라자냐,"40,000원",40000,true
6730,24120540,10,전복과 돌문어초무침,"40,000원",40000,true
6731,24120540,11,해산물굴짬뽕,"38,000원",38000,true
6732,24120540,12,명란아보카도샐러드,"35,000원",35000,true
6733,24120540,13,매콤한 항정살 강정,"35,000원",35000,true
6734,24120540,14,꽃게 마라라면,"32,000원",32000,true
6735,24120540,15,남산돈까스 반상,"26,000원",26000,true
6736,24120540,16,사골김치찌개 반상,"25,000원",25000,true
6737,24120540,17,돌솥비빔밥 반상,"25,000원",25000,true
6738,24120540,18,MZ 포차세트,"157,000원",157000,true
6739,24120540,19,Gentle 포차세트,"160,000원",160000,true
6740,7149617,1,타코 2개,"11,500원",11500,true
6741,7149617,2,차미창가,"14,900원",14900,true
6742,7149617,3,깨사다아,"14,900원",14900,true
6743,7149617,4,파히따 브리또,"12,500원",12500,true
6744,9286888,1,부라타 샐러드,"25,000원",25000,true
6745,9286888,2,버섯 크림 리조또,"26,000원",26000,true
6746,9286888,3,오징어 먹물 리조또,"28,000원",28000,true
6747,9286888,4,마르게리따,"23,000원",23000,true
6748,9286888,5,안심스테이크,"64,000원",64000,true
6749,9286888,6,봉골레,"26,000원",26000,true
6750,14068450,1,돼지국밥 (특),"14,000원",14000,true
6751,14068450,2,평양냉면,"15,000원",15000,true
6752,14068450,3,돼지국밥,"11,000원",11000,true
6753,14068450,4,메밀온면,"14,000원",14000,true
6754,14068450,5,돼지수육 (소),"18,000원",18000,true
6755,14068450,6,돼지수육,"28,000원",28000,true
6756,14068450,7,피순대,"17,000원",17000,true
6757,14068450,8,저염명란오이무침,"13,000원",13000,true
6758,14068450,9,가자미식해,"14,000원",14000,true
6759,14068450,10,소왕갈비찜,"59,000원",59000,true
6760,14068450,11,한우스지찜,"38,000원",38000,true
6761,14068450,12,소곱창순대볶음 (평일저녁한정),"39,000원",39000,true
6762,14068450,13,매콤양무침,"25,000원",25000,true
6763,14068450,14,얼큰소국밥 (평일한정),"15,000원",15000,true
6764,15116871,1,이베리코 꽃목살(160g),"19,000원",19000,true
6765,15116871,2,눈꽃 삼겹살(160g),"18,000원",18000,true
6766,15116871,3,프렌치렉,"34,000원",34000,true
6767,15116871,4,구워먹는치즈,"12,000원",12000,true
6768,15116871,5,냉면,"7,000원",7000,true
6769,15116871,6,치즈계란찜,"10,000원",10000,true
6770,15116871,7,된장밥,"9,000원",9000,true
6771,15116871,8,부대라면,"16,000원",16000,true
6772,15116871,9,목차돌,"18,000원",18000,true
6773,15116871,10,(점심특선)오승헌쉐프의 오징어볶음,"12,000원",12000,true
6774,15116871,11,(점심특선)부대고기세트,"55,000원",55000,true
6775,15116871,12,(점심특선)된장고기세트,"47,000원",47000,true
6776,15116871,13,(점심특선)오승헌쉐프의 수제 돈까스(중),"10,000원",10000,true
6777,15116871,14,(점심특선)오승헌쉐프의 수제 매콤돈까스,"12,000원",12000,true
6778,15116871,15,소토시살,"22,000원",22000,true
6779,15320371,1,치킨떡볶이세트,"28,500원",28500,true
6780,15320371,2,치킨비빔면세트,"23,100원",23100,true
6781,15320371,3,혼자여도괜찮아세트,"14,000원",14000,true
6782,15320371,4,두마리세트,"36,000원",36000,true
6783,15320371,5,앵그리버드,"19,500원",19500,true
6784,15320371,6,앵그리버드 윙봉,"22,500원",22500,true
6785,15320371,7,크리스피 텐더와 새우,"19,500원",19500,true
6786,15320371,8,앵그리버드와 감자,"23,000원",23000,true
6787,15320371,9,앵그리버드 반반,"20,500원",20500,true
6788,15320371,10,앵그리버드 레드,"20,500원",20500,true
6789,15320371,11,앵그리버드 블랙,"20,500원",20500,true
6790,15320371,12,버팔로윙과 감자,"19,000원",19000,true
6791,15320371,13,중화치킨샐러드,"18,000원",18000,true
6792,15320371,14,그린라이트샐러드,"17,000원",17000,true
6793,15320371,15,생활떡볶이 추가（2~3인분）,"11,000원",11000,false
6794,15320371,16,열무비빔면,"4,500원",4500,true
6795,15320371,17,통통 새우바,"4,000원",4000,true
6796,15320371,18,쫄깃찹쌀도넛 1개,"1,500원",1500,true
6797,15320371,19,스팸튀김,"12,000원",12000,true
6798,15320371,20,케이준 감자튀김 300g,"7,000원",7000,true
6799,15320371,21,오리지널 감자튀김 300g,"7,000원",7000,true
6800,15320371,22,쫜득 치즈볼 5개,"4,500원",4500,true
6801,15320371,23,나초 칩,"8,500원",8500,true
6802,15320371,24,백화점 육포와 땅콩,"17,000원",17000,true
6803,15320371,25,촉촉오징어,"15,000원",15000,true
6804,15320371,26,소시지와 친구들,"17,000원",17000,true
6805,15320371,27,바삭황태구이,"17,000원",17000,true
6806,15320371,28,팝꽃 300g,"3,500원",3500,true
6807,15320371,29,쫜득 치즈볼 3개 추가,"3,500원",3500,false
6808,15320371,30,팝만두 10개 추가,"1,500원",1500,false
6809,28121567,1,모둠 돈카츠,"16,500원",16500,true
6810,28121567,2,치즈롤 돈카츠,"13,000원",13000,true
6811,28121567,3,김치카츠나베,"11,000원",11000,true
6812,28121567,4,등심 돈카츠,"13,000원",13000,true
6813,28121567,5,안심 돈카츠,"14,000원",14000,true
6814,28121567,6,돈카츠 카레,"12,000원",12000,true
6815,28121567,7,카츠산도,"8,000원",8000,true
6816,28121567,8,조니워커 하이볼 레드,"7,000원",7000,true
6817,28121567,9,조니워커 하이볼 블랙,"8,000원",8000,true
6818,28121567,10,기린 이치방 병맥주,"6,000원",6000,false
6819,28121567,11,삿포로 병맥주,"6,000원",6000,false
6820,28121567,12,생맥주 500cc,"4,500원",4500,false
6821,28121567,13,생맥주 300cc,"3,500원",3500,false
6822,28121567,14,모둠 카츠(안심 많이),"17,000원",17000,true
6823,28121567,15,치킨산도,"8,000원",8000,true
6824,28121567,16,치킨카츠,"13,000원",13000,true
6825,12511885,1,"Makhani – 머커니 (치킨, 새우)","13,000원",13000,true
6826,12511885,2,"curry - 커리 (치킨, 새우)","12,000원",12000,true
6827,12511885,3,"Masala - 머설라 (치킨, 새우)","13,000원",13000,true
6828,12511885,4,"Do piaza – 도 피야자 (치킨, 새우)","12,000원",12000,true
6829,12511885,5,Vindalu – 치킨 빈다루,"14,000원",14000,true
6830,12511885,6,Palak paneer - 팔럭 퍼니르,"13,000원",13000,true
6831,12511885,7,KADAL PANEER - 커다이 퍼니르,"13,000원",13000,true
6832,12511885,8,난,"3,500원",3500,true
6833,12511885,9,Aloo Nan - 알루 난,"5,000원",5000,true
6834,12511885,10,NEPALI SET - 네팔 정식 (치킨),"15,000원",15000,true
6835,12511885,11,TANDOORI CHICKEN - 턴두리 치킨,"23,000원",23000,true
6836,12511885,12,Chicken Malai Kabab - 치킨 멀라이 케밥,"14,000원",14000,true
6837,12511885,13,Chicken momo - 치킨모모,"10,000원",10000,true
6838,12511885,14,sitan set - 씨텐세트,"35,000원",35000,true
6839,12511885,15,Chicken chow mien - 치킨 자오미엔,"10,000원",10000,true
6840,12511885,16,Khasi ko maasu - 카쉬 코 마수,"17,000원",17000,true
6841,12511885,17,Chicken sadeko - 치킨 사데코,"15,000원",15000,true
6842,12511885,18,Bhutan - 부턴,"15,000원",15000,true
6843,12511885,19,Aloo sadeko - 알루 사데코,"10,000원",10000,true
6844,12511885,20,Peanut sadeko - 피넛 사데코,"10,000원",10000,true
6845,15187501,1,아메리카노,"5,300원",5300,true
6846,15187501,2,카페라떼,"5,900원",5900,true
6847,15187501,3,콜드브루,"5,900원",5900,true
6848,15187501,4,에스프레소,"4,900원",4900,true
6849,15187501,5,바닐라라떼,"6,400원",6400,true
6850,15187501,6,자몽 에이드,"6,900원",6900,true
6851,15187501,7,핫초코,"6,900원",6900,true
6852,15187501,8,밀크티,"6,400원",6400,true
6853,15187501,9,홍차,"5,700원",5700,true
6854,15187501,10,카푸치노,"5,900원",5900,true
6855,15187501,11,레몬에이드,"6,900원",6900,true
6856,15187501,12,히비스커스 베리 에이드,"6,400원",6400,true
6857,15187501,13,아이스초코,"6,900원",6900,true
6858,15187501,14,녹차,"5,700원",5700,true
6859,15187501,15,루이보스,"5,700원",5700,true
6860,15187501,16,레몬티,"5,700원",5700,true
6861,15187501,17,자몽티,"5,700원",5700,true
6862,15187501,18,히비스커스 베리,"5,700원",5700,true
6863,15187501,19,플랫화이트,"5,900원",5900,true
6864,15187501,20,카라멜 마끼아또,"6,400원",6400,true
6865,13818932,1,오렌지두부치킨강정,"18,000원",18000,true
6866,13818932,2,아보카도 김페스토 소바,"23,000원",23000,true
6867,13818932,3,잣크림토마토링귀니,"18,000원",18000,true
6868,13818932,4,블랙레몬파스타,"17,000원",17000,true
6869,13818932,5,버섯부르기뇽부르스케타,"23,000원",23000,true
6870,13818932,6,망고와사비양상추샐러드,"14,000원",14000,true
6871,13818932,7,그릴드야채&팔라펠&차지키,"18,000원",18000,true
6872,4032356,1,회냉면,"15,000원",15000,true
6873,4032356,2,물냉면,"15,000원",15000,true
6874,4032356,3,비빔냉면,"15,000원",15000,true
6875,4032356,4,회무침 (중),"20,000원",20000,true
6876,4032356,5,수육 (180g),"35,000원",35000,true
6877,4032356,6,온면,"15,000원",15000,true
6878,4032356,7,만두,"12,000원",12000,true
6879,4032356,8,회무침(대),"35,000원",35000,true
6880,4032356,9,사리,"8,000원",8000,false
6881,4032356,10,회무침(중),"20,000원",20000,true
6882,12578051,1,다운타우너 버거,"9,900원",9900,true
6883,12578051,2,아보카도 버거,"12,700원",12700,true
6884,12578051,3,더블 치즈 트러플 버거,"12,400원",12400,true
6885,12578051,4,슈림프 디럭스 버거,"11,800원",11800,true
6886,12578051,5,크리스피 치킨 버거,"8,900원",8900,true
6887,12578051,6,클래식 치즈 버거,"8,900원",8900,true
6888,12578051,7,치즈 버거,"7,800원",7800,true
6889,12578051,8,핫 허니 치킨 버거,"9,900원",9900,true
6890,12578051,9,불고기 스매쉬 버거,"6,800원",6800,true
6891,12578051,10,에그 불고기 스매쉬 버거,"7,800원",7800,true
6892,12578051,11,Kiri 크림 치즈 치킨 버거,"10,900원",10900,true
6893,8984929,1,한소반 모듬보쌈세트 1인분,"17,000원",17000,true
6894,8984929,2,도토리해물파전,"10,000원",10000,true
6895,8984929,3,홍어회무침,"16,000원",16000,true
6896,8984929,4,왕새우튀김(4마리),"10,000원",10000,true
6897,8984929,5,왕새우튀김(8마리),"19,000원",19000,true
6898,20054976,1,Tonnato,"32,000원",32000,true
6899,20054976,2,Trifola,"36,000원",36000,true
6900,20054976,3,Spaghettini,"34,000원",34000,true
6901,20054976,4,Caldaro,"50,000원",50000,true
6902,20054976,5,Rucola,"26,000원",26000,true
6903,20054976,6,Melanzane,"28,000원",28000,true
6904,20054976,7,Polpo,"35,000원",35000,true
6905,20054976,8,Il Ceppo,"48,000원",48000,true
6906,20054976,9,Il Taglierino Del Formaggio,"38,000원",38000,true
6907,20054976,10,Il Taglierino Degli Affettati,"40,000원",40000,true
6908,20054976,11,Rosmarino,"13,000원",13000,true
6909,20054976,12,Pappardelle,"34,000원",34000,true
6910,20054976,13,Tagliolini,"40,000원",40000,true
6911,20054976,14,Grand Antipasto all 'Italiana,"68,000원",68000,true
6912,20054976,15,Crudo,"30,000원",30000,true
6913,20054976,16,Fritto Misto,"35,000원",35000,true
6914,20054976,17,Panzerotto,"42,000원",42000,true
6915,20054976,18,Raviolini,"40,000원",40000,true
6916,20054976,19,Maccheroncini,"36,000원",36000,true
6917,20054976,20,Ossobuco,"65,000원",65000,true
6918,20054976,21,Tomahawk Milanese,"130,000원",130000,true
6919,20054976,22,Bistecca,"158,000원",158000,true
6920,20054976,23,Pesce,"48,000원",48000,true
6921,10250277,1,연어포케볼,"15,500원",15500,true
6922,10250277,2,루트아보카도롤,"12,500원",12500,true
6923,10250277,3,치킨곽파니니,"13,500원",13500,true
6924,10250277,4,토마토야채스프,"8,000원",8000,true
6925,10250277,5,레드볼,"15,500원",15500,true
6926,10250277,6,그린볼,"15,000원",15000,true
6927,10250277,7,라임볼,"15,500원",15500,true
6928,10250277,8,참치포케볼,"15,500원",15500,true
6929,10250277,9,새우포케볼,"15,500원",15500,true
6930,10250277,10,오렌지볼,"15,000원",15000,true
6931,10250277,11,옐로우볼,"19,500원",19500,true
6932,10250277,12,타이스테이크볼,"19,500원",19500,true
6933,10250277,13,레인보우볼,"15,500원",15500,true
6934,10250277,14,테리야끼볼,"15,000원",15000,true
6935,10250277,15,비빔밥볼,"15,000원",15000,true
6936,10250277,16,아보카도토스트,"10,000원",10000,true
6937,10250277,17,버섯페스토토스트,"15,000원",15000,true
6938,10250277,18,그릴치즈,"9,000원",9000,true
6939,10250277,19,비엘티,"13,500원",13500,true
6940,10250277,20,칠리스프,"8,000원",8000,true
6941,10250277,21,버섯크림스프,"8,000원",8000,true
6942,10250277,22,그릴치즈+스프세트,"16,000원",16000,true
6943,10250277,23,아보카도토스트+스프세트,"17,000원",17000,true
6944,4083862,1,참깨계란새우쮺(본죽 반반죽),"14,000원",14000,true
6945,4083862,2,전복죽 （보양）,"14,500원",14500,true
6946,4083862,3,삼계죽 (보양),"15,000원",15000,true
6947,4083862,4,쇠고기듬뿍야채죽(소고기1.5배),"15,500원",15500,true
6948,4083862,5,낙지김치죽 （해장）,"14,000원",14000,true
6949,4083862,6,단호박죽,"12,000원",12000,true
6950,4083862,7,푸팟퐁커리게살쮺(카레)(본죽 반반죽),"18,500원",18500,true
6951,4083862,8,진전복죽 （전복 2배）,"18,500원",18500,true
6952,4083862,9,특전복죽 （전복 3배）,"22,500원",22500,true
6953,4083862,10,전복내장죽,"16,500원",16500,true
6954,4083862,11,진전복내장죽 （전복 2배）,"20,500원",20500,true
6955,4083862,12,특전복내장죽 （전복 3배）,"24,500원",24500,true
6956,4083862,13,트러플전복죽,"19,000원",19000,true
6957,4083862,14,특트러플전복죽 （전복 2배）,"26,000원",26000,true
6958,4083862,15,삼계전복죽 （보양）,"19,000원",19000,true
6959,4083862,16,추어죽 (보양),"16,500원",16500,true
6960,4083862,17,자연송이쇠고기죽 (보양),"17,500원",17500,true
6961,4083862,18,특자연송이쇠고기죽 （송이2배）,"24,500원",24500,true
6962,4083862,19,불고기낙지죽 (불낙죽),"14,500원",14500,true
6963,4083862,20,쇠고기야채죽,"13,500원",13500,true
6964,4083862,21,쇠고기듬뿍버섯죽(소고기1.5배),"14,500원",14500,true
6965,4083862,22,쇠고기버섯죽,"12,500원",12500,true
6966,4083862,23,새우죽,"12,000원",12000,true
6967,4083862,24,특새우죽 （새우 2배）,"15,000원",15000,true
6968,4083862,25,해물죽,"13,500원",13500,true
6969,4083862,26,특해물죽 （해물 2배）,"16,500원",16500,true
6970,4083862,27,통영굴버섯죽,"12,000원",12000,true
6971,4083862,28,특통영굴버섯죽 （굴 2배）,"15,000원",15000,true
6972,4083862,29,7가지야채죽,"11,500원",11500,true
6973,4083862,30,참치야채죽,"12,500원",12500,true
6974,10312616,1,쏨탐,"17,000원",17000,true
6975,10312616,2,팍봉화이뎅,"17,000원",17000,true
6976,10312616,3,팟카오팍,"17,000원",17000,true
6977,10312616,4,까이팟맷마무어,"21,000원",21000,true
6978,10312616,5,꾸아이띠아오팍,"15,000원",15000,true
6979,17783404,1,한우숯불양념구이&솥밭정식,"25,000원",25000,true
6980,17783404,2,안심 (150g),"72,000원",72000,true
6981,17783404,3,등심&솥밥정식(런치),"42,000원",42000,true
6982,17783404,4,등심 (150g),"63,000원",63000,true
6983,17783404,5,안창살 (130g),"75,000원",75000,true
6984,17783404,6,생갈비 (200g),"93,000원",93000,true
6985,17783404,7,양념등심 (150g),"56,000원",56000,true
6986,17783404,8,한우육회(150g),"45,000원",45000,true
6987,17783404,9,모연솥밥,"12,000원",12000,true
6988,17783404,10,평양냉면(물/비빔),"12,000원",12000,true
6989,17783404,11,한우된장찌개,"12,000원",12000,true
6990,17783404,12,평양냉면(물/비빔)(런치),"16,000원",16000,true
6991,10202624,1,감자국 (3인),"30,000원",30000,true
6992,10202624,2,감자국 (2인),"20,000원",20000,true
6993,10202624,3,감자국 (4인),"40,000원",40000,true
6994,10202624,4,순대국 (2-3인),"20,000원",20000,true
6995,10202624,5,순대국 (3-4인),"30,000원",30000,true
6996,10202624,6,접시순대,"12,000원",12000,true
6997,10202624,7,"머리모듬(머리고기,내장,순대) (소)","20,000원",20000,true
6998,10202624,8,"머리모듬(머리고기,내장,순대) (중)","25,000원",25000,true
6999,10202624,9,"머리모듬(머리고기,내장,순대) (대)","30,000원",30000,true
7000,10202624,10,홍어사시미 (소),"15,000원",15000,true
7001,10202624,11,홍어사시미 (중),"25,000원",25000,true
7002,10202624,12,술국,"25,000원",25000,true
7003,34086350,1,솔트랑 런치 티본 세트 (700g),"179,000원",179000,true
7004,34086350,2,솔트랑 런치 토마호크 세트 (600g),"169,000원",169000,true
7005,34086350,3,솔트랑 런치 엘본 세트 (450g),"129,000원",129000,true
7006,34086350,4,솔트랑 런치 채끝 세트 (250g),"79,000원",79000,true
7007,34086350,5,허브 크런치 카우보이 토마호크 세트 (1000g),"259,000원",259000,true
7008,34086350,6,허브 크런치 포터하우스 세트 (1000g),"249,000원",249000,true
7009,34086350,7,허브 크런치 티본 세트 (700g),"199,000원",199000,true
7010,34086350,8,허브 크런치 토마호크 세트 (600g),"189,000원",189000,true
7011,34086350,9,허브 크런치 엘본 세트 (450g),"139,000원",139000,true
7012,34086350,10,모둠 스타터 플래터,"15,900원",15900,true
7013,34086350,11,치즈 베이컨 감자튀김,"9,900원",9900,true
7014,34086350,12,감자튀김,"7,900원",7900,true
7015,34086350,13,크루통 클램차우더,"4,900원",4900,true
7016,34086350,14,쿠스쿠스 타불레,"9,900원",9900,true
7017,34086350,15,리코타 치즈 시저샐러드,"13,900원",13900,true
7018,34086350,16,쉬림프 비타민 샐러드,"13,900원",13900,true
7019,34086350,17,카우보이 토마호크 (1000g),"229,000원",229000,true
7020,34086350,18,포터하우스 (1000g),"219,000원",219000,true
7021,34086350,19,티본 (700g),"169,000원",169000,true
7022,34086350,20,토마호크 (600g),"139,000원",139000,true
7023,34086350,21,엘본 (450g),"109,000원",109000,true
7024,34086350,22,안심 (180g),"58,000원",58000,true
7025,34086350,23,베이컨 풍기 까르보나라,"17,900원",17900,true
7026,34086350,24,씨푸드 치오피노 파스타,"17,900원",17900,true
7027,34086350,25,씨푸드 황태 알리오올리오,"16,900원",16900,true
7028,34086350,26,콜드 들기름 파스타,"14,900원",14900,true
7029,34086350,27,목살 치즈 김치필라프,"14,900원",14900,true
7030,6960479,1,초당순두부,"12,000원",12000,true
7031,6960479,2,해물순두부,"12,000원",12000,true
7032,6960479,3,두부김치,"23,000원",23000,true
7033,6960479,4,녹두전,"18,000원",18000,true
7034,6960479,5,돌솥비빔밥,"12,000원",12000,true
7035,6960479,6,두부전,"18,000원",18000,true
7036,6960479,7,비빔밥,"12,000원",12000,true
7037,6960479,8,파전,"18,000원",18000,true
7038,6960479,9,생두부,"18,000원",18000,true
7039,6960479,10,묵무침,"18,000원",18000,true
7040,6960479,11,두부전골 (대),"42,000원",42000,true
7041,6960479,12,두부전골 (중),"35,000원",35000,true
7042,6960479,13,콩국수,"11,000원",11000,true
7043,6960479,14,생삼겹살(1인),"17,000원",17000,true
7044,6960479,15,생목살(1인),"17,000원",17000,true
7045,8896425,1,주중점심 (성인),"55,000원",55000,true
7046,8896425,2,주중점심 (소인),"27,500원",27500,true
7047,8896425,3,주중점심 (미취학아동),"22,000원",22000,true
7048,8896425,4,주중저녁 (성인),"65,000원",65000,true
7049,8896425,5,주중저녁 (소인),"32,500원",32500,true
7050,8896425,6,주중저녁 (미취학아동),"26,000원",26000,true
7051,8896425,7,주말&공휴일 (성인),"79,000원",79000,true
7052,8896425,8,주말&공휴일 (소인),"39,500원",39500,true
7053,8896425,9,주말&공휴일 (미취학아동),"31,500원",31500,true
7054,25451232,1,골드러쉬 캘리포니아 커먼 GOLD RUSH CALIFORNIA COMMON,"8,500원",8500,true
7055,25451232,2,샐린저 호밀 IPA SALINGER RYE IPA,"8,500원",8500,true
7056,25451232,3,페일 블루 닷 IPA PALE BLUE DOT IPA,"9,000원",9000,true
7057,25451232,4,로버스트 포터 ROBUST PORTER,"9,500원",9500,true
7058,25451232,5,서울 라이스 라거 SEOUL RICE LAGER,"8,000원",8000,true
7059,25451232,6,베통 브뤼 피치스 BÉTON BRUT PEACHES (BOTTLE 750ml),"43,000원",43000,true
7060,25451232,7,베통 브뤼 블랑 BÉTON BRUT II : BLANC (BOTTLE 750ml),"43,000원",43000,true
7061,25451232,8,체리쉬 러스틱 고제 CHERISH RUSTIC GOSE (BOTTLE 750ml),"43,000원",43000,true
7062,14934454,1,장소대관,,,true
7063,34350076,1,양념소갈비살(170g),"24,000원",24000,true
7064,34350076,2,특생왕갈비(230g),"33,000원",33000,true
7065,34350076,3,양념왕갈비(250g),"29,000원",29000,true
7066,34350076,4,제주오겹살(150g),"19,000원",19000,true
7067,34350076,5,한우깍둑구이 채끝살,"39,000원",39000,true
7068,34350076,6,한우채끝양념구이(120g),"37,000원",37000,true
7069,34350076,7,우대포스페셜(3~4인),"189,000원",189000,true
7070,34350076,8,제주목살,,,true
7071,34350076,9,소갈비찜,,,true
7072,34350076,10,한우육회,,,true
7073,34350076,11,한우초밥,,,true
7074,34350076,12,수제간장게장,,,true
7075,34350076,13,산낙지,,,true
7076,34350076,14,미나리새우전,,,true
7077,34350076,15,양념왕갈비/양념소갈비살 솥밥정식,,,true
7078,34350076,16,제주오겹살 솥밥정식,,,true
7079,34350076,17,자가제면 함흥냉면(물/비빔),,,true
7080,34350076,18,잡채,,,true
7081,34350076,19,치즈계란찜,,,true
7082,34350076,20,갈비탕,,,true
7083,34350076,21,불고기전골,,,true
7084,34350076,22,한우육회비빔밥,,,true
7085,34350076,23,돌솥비빔밥,,,true
7086,34350076,24,한우국밥,,,true
7087,34350076,25,김치찌개전골,,,true
7088,13216684,1,감바스 알아히오,"11,900원",11900,true
7089,13216684,2,오징어먹물 빠에야,"19,900원",19900,true
7090,13216684,3,해산물 토마토 빠에야,"19,900원",19900,true
7091,13216684,4,꿀 치즈 대구구이,"17,900원",17900,true
7092,13216684,5,가지그라탕,"11,900원",11900,true
7093,13216684,6,감바스오일파스타,"14,900원",14900,true
7094,13216684,7,로제미트볼,"11,900원",11900,true
7095,13216684,8,양송이크레마,"11,900원",11900,true
7096,13216684,9,초리조 라자냐,"14,900원",14900,true
7097,13216684,10,해산물 토마토 파스타,"15,900원",15900,true
7098,13216684,11,로제 치킨스튜,"13,900원",13900,true
7099,13216684,12,꿀 가지 프라이즈,"10,900원",10900,true
7100,13216684,13,판콘 토마테,"6,900원",6900,true
7101,13216684,14,토마토미트볼,"11,900원",11900,true
7102,13216684,15,이베리코 목살스테이크,"19,900원",19900,true
7103,13216684,16,듀록 찹스테이크,"17,900원",17900,true
7104,13216684,17,이베리코 핀쵸,"12,900원",12900,true
7105,13216684,18,스테이크 피자,"12,900원",12900,true
7106,13216684,19,브라바 초리조피자,"11,900원",11900,true
7107,13216684,20,하몬 넛츠피자,"11,900원",11900,true
7108,13216684,21,바지락 스튜,"13,900원",13900,true
7109,13216684,22,토마토 양대창스튜,"17,900원",17900,true
7110,13216684,23,하몬 이베리코,"21,900원",21900,true
7111,13216684,24,치즈플레이트,"12,900원",12900,true
7112,13216684,25,브라바 미트 프라이즈,"9,900원",9900,true
7113,13216684,26,하몬 에그 프라이즈,"9,900원",9900,true
7114,13216684,27,감자문어 크로켓,"10,900원",10900,true
7115,13216684,28,이베리코 하몬 크로켓,"10,900원",10900,true
7116,13216684,29,뽈뽀,"17,900원",17900,true
7117,13216684,30,양송이관자,"16,900원",16900,true
7118,13216684,31,하몬샐러드,"11,900원",11900,true
7119,13216684,32,올리브,"5,900원",5900,true
7120,13216684,33,훈제 연어 샐러드,"14,900원",14900,true
7121,13216684,34,훈제 연어 핀초,"12,900원",12900,true
7122,13216684,35,클라라,"8,900원",8900,true
7123,13216684,36,플라밍고,"8,900원",8900,true
7124,13216684,37,에스트렐라담,"7,900원",7900,true
7125,13216684,38,상그리아,"7,900원",7900,true
7126,13216684,39,칵테일,"7,900원",7900,true
7127,13216684,40,와인,"29,000원",29000,true
7128,4819371,1,해물된장찌개,,,true
7129,4819371,2,삼계탕,,,true
7130,4819371,3,간장게장,,,true
7131,4819371,4,해물탕,,,true
7132,4819371,5,양념게장정식,,,true
7133,4819371,6,꽃게장,,,true
7134,4819371,7,해물파전,,,true
7135,4819371,8,꽃게찜,,,true
7136,4819371,9,전복버터구이,,,true
7137,4819371,10,전복회,,,true
7138,4819371,11,게알비빔밥,,,true
7139,4819371,12,양념게장,,,true
7140,4819371,13,게장비빔밥,,,true
7141,4819371,14,꽃게탕,,,true
7142,4819371,15,순두부찌개,,,true
7143,4819371,16,김치찌개,,,true
7144,4819371,17,소고기비빔밥,,,true
7145,4819371,18,낙지비빔밥,,,true
7146,4819371,19,제육볶음,,,true
7147,8780545,1,3가지 버섯 피자,"29,000원",29000,true
7148,8780545,2,가리비 봉골레 파스타,"36,000원",36000,true
7149,8780545,3,성게알 로제 파스타,"32,000원",32000,true
7150,8780545,4,디아볼라 피자,"28,000원",28000,true
7151,8780545,5,페퍼로니버섯피자,"27,000원",27000,true
7152,8780545,6,콰트로 포르마지,"26,000원",26000,true
7153,8780545,7,뽀모도로&루꼴라피자,"26,000원",26000,true
7154,8780545,8,마르게리타,"25,000원",25000,true
7155,8780545,9,해산물 토마토 파스타,"31,000원",31000,true
7156,8780545,10,새우 날치알 피자,"31,000원",31000,true
7157,8780545,11,리치 트러플 뇨끼,"38,000원",38000,true
7158,8780545,12,해산물 오일 마팔디네,"36,000원",36000,true
7159,8780545,13,뽀모도로 스파게티,"27,000원",27000,true
7160,8780545,14,해산물토마토리조또,"32,000원",32000,true
7161,8780545,15,전복리조또,"33,000원",33000,true
7162,8780545,16,안심스테이크,"74,000원",74000,true
7163,8780545,17,등심스테이크,"69,000원",69000,true
7164,8780545,18,와규스테이크,"59,000원",59000,true
7165,8780545,19,치킨스테이크,"39,000원",39000,true
7166,34000502,1,병어찜,"55,000원",55000,true
7167,34000502,2,모듬순대,"29,000원",29000,true
7168,34000502,3,한우국밥,"15,000원",15000,true
7169,34000502,4,순대국,"13,000원",13000,true
7170,34000502,5,황태콩나물국,"13,000원",13000,true
7171,34000502,6,콩비지,"9,000원",9000,true
7172,34000502,7,모듬전,"34,000원",34000,true
7173,34000502,8,간재미무침,"34,000원",34000,true
7174,34000502,9,제육볶음,"33,000원",33000,true
7175,34000502,10,우설편육,"40,000원",40000,true
7176,34000502,11,공기밥,"1,000원",1000,false
7177,14794813,1,소갈비구이,"25,000원",25000,true
7178,14794813,2,고등어구이,"15,000원",15000,true
7179,14794813,3,해물파전&막걸리,"25,000원",25000,true
7180,14794813,4,김치전&막걸리,"20,000원",20000,true
7181,14794813,5,통삼겹보쌈,"25,000원",25000,true
7182,14794813,6,철판제육,"15,000원",15000,true
7183,14794813,7,간장개장,"38,000원",38000,true
7184,14794813,8,철판삼겹살,"20,000원",20000,true
7185,14794813,9,"초계국수,보쌈","13,000원",13000,true
7186,14794813,10,순두부보쌈,"15,000원",15000,true
7187,4820068,1,갈매기살 (1인분),"17,000원",17000,true
7188,4820068,2,통갈매기살 (1인분),"17,000원",17000,true
7189,4820068,3,돼지갈비 (1인분),"17,000원",17000,true
7190,4820068,4,껍데기 (1인분),"10,000원",10000,true
7191,4820068,5,시원한묵사발,"6,000원",6000,true
7192,4820068,6,도토리묵한접시,"6,000원",6000,true
7193,4820068,7,아삭숙주비빔밥,"4,000원",4000,true
7194,33991623,1,음식1,변동가격,,true
7195,33991623,2,음식2,변동가격,,true
7196,33991623,3,음료1,변동가격,,false
7197,33991623,4,음료2,변동가격,,false
7198,33991623,5,주류1,변동가격,,false
7199,33991623,6,주류2,변동가격,,false
7200,28099495,1,숯불돼지갈비 무한리필 (성인),"18,900원",18900,true
7201,28099495,2,왕갈비탕,"14,000원",14000,true
7202,28099495,3,소갈비살,"9,900원",9900,true
7203,28099495,4,냉면 (물/비빔),"5,900원",5900,true
7204,28099495,5,계란찜,"4,000원",4000,true
7205,28099495,6,된장찌개,"3,000원",3000,true
7206,9043022,1,니쿠타마붓카케우동,"9,000원",9000,true
7207,9043022,2,돈코츠우동 (매운맛),"9,500원",9500,true
7208,9043022,3,가케우동,"6,500원",6500,true
7209,9043022,4,기츠네우동,"8,000원",8000,true
7210,9043022,5,오뎅우동,"8,000원",8000,true
7211,9043022,6,니꾸우동,"9,000원",9000,true
7212,9043022,7,규동,"9,500원",9500,true
7213,9043022,8,김치우동,"7,000원",7000,true
7214,9043022,9,카레우동,"8,500원",8500,true
7215,9043022,10,돈코츠우동 (순한맛),"9,000원",9000,true
7216,9043022,11,가마아게우동,"6,000원",6000,true
7217,9043022,12,자루우동,"6,000원",6000,true
7218,9043022,13,멘타이가마타마우동,"8,500원",8500,true
7219,9043022,14,마제우동,"8,500원",8500,true
7220,9043022,15,돈까스카레돈부리,"11,000원",11000,true
7221,9043022,16,기본우동 세트,"11,500원",11500,true
7222,9043022,17,단짠우동 세트,"14,000원",14000,true
7223,9043022,18,마제우동 세트,"13,500원",13500,true
7224,9043022,19,카레우동 세트,"13,500원",13500,true
7225,9043022,20,돈코츠우동 세트,"14,000원",14000,true
7226,9043022,21,규동 세트,"14,500원",14500,true
7227,9043022,22,돈까스 카레덮밥 세트,"16,000원",16000,true
7228,6732742,1,황소곱창,"21,000원",21000,true
7229,6732742,2,대창,"22,000원",22000,true
7230,6732742,3,홍창 (막창),"22,000원",22000,true
7231,6732742,4,벌집 (벌양),"22,000원",22000,true
7232,6732742,5,양 (깃머리),"28,000원",28000,true
7233,15101204,1,생삼겹살,,,true
7234,15101204,2,생목살,,,true
7235,15101204,3,된장찌개,,,true
7236,15101204,4,특수부위,,,true
7237,15101204,5,소한마리,,,true
7238,15101204,6,꽃등심,,,true
7239,15101204,7,차돌박이,,,true
7240,15101204,8,육회,,,true
7241,15101204,9,돼지한마리,,,true
7242,15101204,10,생오겹살,,,true
7243,15101204,11,생가브리살,,,true
7244,15101204,12,생항정살,,,true
7245,15101204,13,생갈매기살,,,true
7246,15101204,14,김치찌개,,,true
7247,15101204,15,제육볶음,,,true
7248,15101204,16,갈비탕,,,true
7249,15101204,17,비빔냉면,"7,500원",7500,true
7250,15101204,18,물냉면,"7,500원",7500,true
7251,15101204,19,무한리필 1인,"17,900원",17900,true
7252,15101204,20,무한리필 5-7세,"11,000원",11000,true
7253,15101204,21,계란찜,"5,500원",5500,true
7254,15101204,22,버섯모듬,"4,800원",4800,true
7255,9047505,1,쥐포,"8,000원",8000,true
7256,9047505,2,먹태,"13,000원",13000,true
7257,9047505,3,황도,"8,000원",8000,true
7258,9047505,4,닭똥집튀김,"13,000원",13000,true
7259,9047505,5,치즈해물떡볶이,"18,000원",18000,true
7260,9153478,1,한우 왕만두 전골,,,true
7261,9153478,2,스팸주먹밥,,,true
7262,9153478,3,불고기주먹밥,,,true
7263,9153478,4,스팸계란주먹밥,,,true
7264,9153478,5,제일돈까스,,,true
7265,9153478,6,불고기 비빔밥(고추장 또는 간장),,,true
7266,9153478,7,제일비빔밥,,,true
7267,9153478,8,얼큰 샤브국수,,,true
7268,9153478,9,제일 샤브국수,,,true
7269,9153478,10,한우 왕만두 사골 국수,,,true
7270,9153478,11,명태회 비빔국수,,,true
7271,9153478,12,새우튀김(3pcs),,,true
7272,9153478,13,제일닭강정(소),,,true
7273,9153478,14,제일국수,,,true
7274,9153478,15,진한 들기름 막국수,,,true
7275,9153478,16,한우 국수 전골,,,true
7276,6643596,1,육회,"23,000원",23000,true
7277,6643596,2,육회비빔밥,"11,000원",11000,true
7278,6643596,3,간천엽,"17,000원",17000,true
7279,6643596,4,오징어파전,"15,000원",15000,true
7280,6643596,5,산낙지,"17,000원",17000,true
7281,6643596,6,육사시미,"39,000원",39000,true
7282,6643596,7,육회탕탕이,"38,000원",38000,true
7283,6643596,8,잔치국수,"5,000원",5000,true
7284,4074259,1,된장비빔밥,"9,000원",9000,true
7285,4074259,2,북어찜구이,"15,000원",15000,true
7286,4074259,3,한치회,"20,000원",20000,true
7287,4074259,4,초장과 물오징어,"13,000원",13000,true
7288,4074259,5,닭발,"12,000원",12000,true
7289,4074259,6,암퇴지 볶음,"18,000원",18000,true
7290,4074259,7,간장게장밥,"14,000원",14000,true
7291,4074259,8,함경도가재미식해,"17,000원",17000,true
7292,4074259,9,신녹두빈대떡,"13,000원",13000,true
7293,4074259,10,김치전,"11,000원",11000,true
7294,4074259,11,부추전,"11,000원",11000,true
7295,4074259,12,도토리묵,"11,000원",11000,true
7296,4074259,13,청포묵,"10,000원",10000,true
7297,4074259,14,생두부랑 김치랑,"10,000원",10000,true
7298,4074259,15,두부부침,"10,000원",10000,true
7299,4074259,16,코다리조림,"30,000원",30000,true
7300,5979659,1,애플고르곤피자(Half),"13,000원",13000,true
7301,5979659,2,프로슈토루꼴라피자(Half),"13,500원",13500,true
7302,5979659,3,토마토피자,"20,000원",20000,true
7303,5979659,4,토마토피자(Half),"11,000원",11000,true
7304,5979659,5,갈릭고르곤피자,"20,000원",20000,true
7305,5979659,6,갈릭고르곤피자(Half),"11,000원",11000,true
7306,5979659,7,애플고르곤피자,"22,000원",22000,true
7307,5979659,8,초리조디아볼라피자,"22,000원",22000,true
7308,5979659,9,초리조디아볼라피자(Half),"13,000원",13000,true
7309,5979659,10,생모짜렐라피자,"22,000원",22000,true
7310,5979659,11,생모짜렐라피자(Half),"13,000원",13000,true
7311,5979659,12,세가지버섯피자,"22,000원",22000,true
7312,5979659,13,세가지버섯피자(Half),"13,000원",13000,true
7313,5979659,14,프로슈토루꼴라피자,"23,000원",23000,true
7314,5979659,15,바질페스토루꼴라피자,"22,000원",22000,true
7315,5979659,16,바질페스토루꼴라피자(Half),"13,000원",13000,true
7316,5979659,17,가지피자,"22,000원",22000,true
7317,5979659,18,가지피자(Half),"13,000원",13000,true
7318,5979659,19,버섯크림리조또,"19,000원",19000,true
7319,5979659,20,매운토마토리조또,"19,000원",19000,true
7320,5979659,21,관자와 오징어먹물리조또,"20,000원",20000,true
7321,5979659,22,감베로니크림리조또,"20,000원",20000,true
7322,5979659,23,감베로니아스파라거스리조또,"20,000원",20000,true
7323,15082856,1,꼴레뇨: 체코식 족발,"62,000원",62000,true
7324,15082856,2,꼴레뇨 세트: 체코식 족발 세트,"98,000원",98000,true
7325,15082856,3,스비치코바,"41,000원",41000,true
7326,15082856,4,채끝 스테이크 150g,"52,000원",52000,true
7327,15082856,5,타타락 : 체코식 육회,"25,000원",25000,true
7328,15082856,6,굴라시: 체코식 비프 스튜,"28,000원",28000,true
7329,15082856,7,체코 소시지,"25,000원",25000,true
7330,15082856,8,스마지니실: 체코식 치즈 튀김,"26,000원",26000,true
7331,15082856,9,시저 샐러드,"21,000원",21000,true
7332,15082856,10,베이컨 앤 갈릭 오일 파스타,"26,000원",26000,true
7333,15082856,11,새우 크림 파스타,"24,000원",24000,true
7334,15082856,12,스트루들: 애플 파이,"9,000원",9000,true
7335,15082856,13,메도브닉(꿀 케이크),"9,000원",9000,true
7336,15082856,14,치킨 윙스(10조각),"20,000원",20000,true
7337,15082856,15,버섯 튀김,"18,000원",18000,true
7338,15082856,16,트러플 감자 튀김,"14,000원",14000,true
7339,4050006,1,삼선짬뽕,"37,000원",37000,true
7340,4050006,2,특제자장면,"37,000원",37000,true
7341,4050006,3,삼선자장면,"29,000원",29000,true
7342,4050006,4,해물우동,"37,000원",37000,true
7343,4050006,5,팔진초면,"35,000원",35000,true
7344,4050006,6,팔진탕면,"35,000원",35000,true
7345,4050006,7,야채초면,"32,000원",32000,true
7346,4050006,8,라즈등갈비(소),"100,000원",100000,true
7347,4050006,9,동파육(소),"80,000원",80000,true
7348,4050006,10,송이소고기(소),"115,000원",115000,true
7349,4050006,11,탕수육(소),"105,000원",105000,true
7350,4050006,12,북경오리,"180,000원",180000,true
7351,4050006,13,라즈지(소),"65,000원",65000,true
7352,4050006,14,깐풍기(소),"65,000원",65000,true
7353,4050006,15,해물볶음밥,"38,000원",38000,true
7354,4050006,16,게살볶음밥,"34,000원",34000,true
7355,4050006,17,차슈볶음밥,"33,000원",33000,true
7356,4050006,18,팔진덮밥,"60,000원",60000,true
7357,4050006,19,류산슬덮밥,"60,000원",60000,true
7358,4050006,20,마파두부덮밥,"45,000원",45000,true
7359,4070646,1,알탕,"16,000원",16000,true
7360,4070646,2,연어,"20,000원",20000,true
7361,4070646,3,연어머리,"22,000원",22000,true
7362,4070646,4,꽁치,"16,000원",16000,true
7363,4070646,5,고등어,"16,000원",16000,true
7364,4070646,6,삼치,"16,000원",16000,true
7365,4070646,7,오징어,"18,000원",18000,true
7366,4070646,8,메로,"29,000원",29000,true
7367,4070646,9,새우,"12,000원",12000,true
7368,4070646,10,시샤모,"16,000원",16000,true
7369,4070646,11,멍게,"20,000원",20000,true
7370,4070646,12,해삼,"20,000원",20000,true
7371,4070646,13,멍게+해삼,"30,000원",30000,true
7372,4070646,14,모듬꼬치,"35,000원",35000,true
7373,4070646,15,기본(5종),"26,000원",26000,true
7374,4070646,16,닭(3종),"22,000원",22000,true
7375,4070646,17,생대구탕,"17,000원",17000,true
7376,4070646,18,우럭탕,"17,000원",17000,true
7377,4070646,19,메로탕,"17,000원",17000,true
7378,4070646,20,꽃게탕,"17,000원",17000,true
7379,9139002,1,고기만 무한리필 1인 요금 (성인),"15,000원",15000,true
7380,9139002,2,고기만 무한리필 1인 요금 (초등),"9,000원",9000,true
7381,9139002,3,고기만 무한리필 1인 요금 (미취학 24개월~7세),"5,000원",5000,true
7382,9139002,4,조개+고기 무한리필 1인 요금 (성인),"25,000원",25000,true
7383,9139002,5,조개+고기 무한리필 1인 요금 (초등),"15,000원",15000,true
7384,9139002,6,조개+고기 무한리필 1인 요금 (미취학 24개월~7세),"8,000원",8000,true
7385,9139002,7,샐러드바+테이블 이용비 (1테이블 기준),"10,000원",10000,true
7386,9139002,8,샐러드바+테이블 이용비 (2명) (1인당),"5,000원",5000,true
7387,9139002,9,샐러드바+테이블 이용비 (3명) (1인당),"3,300원",3300,true
7388,9139002,10,샐러드바+테이블 이용비 (4명) (1인당),"2,500원",2500,true
7389,9139002,11,샐러드바+테이블 이용비 (5명) (1인당),"2,000원",2000,true
7390,8678068,1,반반치킨 Half & Half,"25,000원",25000,true
7391,8678068,2,범프오브치킨,"25,000원",25000,true
7392,8678068,3,레드핫칠리페퍼스 Red Hot Chili peppers,"25,000원",25000,true
7393,8678068,4,마늘간장치킨 Soy Garlic Chicken,"25,000원",25000,true
7394,8678068,5,스노잉치즈 치킨 Snowing Cheese,"25,000원",25000,true
7395,8678068,6,디스이즈낫어치킨 This is not a chicken,"16,000원",16000,true
7396,26229847,1,Course,"169,000원",169000,true
7397,26229847,2,Steak Course,변동가격,,true
7398,26229847,3,Pairing,"69,000원",69000,true
7399,26229847,4,갈치속젓 누룽밥,"28,000원",28000,true
7400,26229847,5,부르 샐러드,"18,000원",18000,true
7401,34340012,1,SUMMER DINING여름정원런치,"89,000원",89000,true
7402,34340012,2,SUMMER DINING여름정원디너,"105,000원",105000,true
7403,34340012,3,DAILY COURSE,"42,000원",42000,true
7404,34340012,4,MEETING COURSE,"55,000원",55000,true
7405,34340012,5,EVENING COURSE,"68,000원",68000,true
7406,34340012,6,PRESTIGE COURSE,"138,000원",138000,true
7407,34340012,7,칭찡우럭 (최소 1일 전 예약),"100,000원",100000,true
7408,34340012,8,해삼전복(Recommend),"90,000원",90000,true
7409,34340012,9,삼선누룽지탕(Signature),"70,000원",70000,true
7410,34340012,10,XO전가복(Signature),"70,000원",70000,true
7411,34340012,11,루원특선냉채,"55,000원",55000,true
7412,34340012,12,어향동고,"57,000원",57000,true
7413,34340012,13,부용게살,"57,000원",57000,true
7414,34340012,14,중새우[크림 / 칠리],"45,000원",45000,true
7415,34340012,15,루원 시그니처찜,변동가격,,true
7416,34340012,16,만다린안심(Signature),"65,000원",65000,true
7417,34340012,17,동파육(Recommend),"55,000원",55000,true
7418,34340012,18,팔색양장피,"48,000원",48000,true
7419,34340012,19,사천식라즈지,"48,000원",48000,true
7420,34340012,20,청양버터탕수육(Best),"45,000원",45000,true
7421,34340012,21,크림치즈유린기,"45,000원",45000,true
7422,34340012,22,차수구볶음,"35,000원",35000,true
7423,9370294,1,김치볶음밥,"3,000원",3000,true
7424,9370294,2,모듬곱창(1인분),"25,000원",25000,true
7425,9370294,3,막창(1인분),"25,000원",25000,true
7426,9370294,4,대창(1인분),"25,000원",25000,true
7427,9370294,5,순곱창(1인분),"27,000원",27000,true
7428,9370294,6,마늘곱창(1인분),"29,000원",29000,true
7429,9370294,7,염통(1인분),"20,000원",20000,true
7430,9370294,8,삼겹살(1인분),"16,000원",16000,true
7431,9370294,9,한강라면,"3,000원",3000,true
7432,3957242,1,전복삼계탕,"26,000원",26000,true
7433,3957242,2,오향족발,"46,000원",46000,true
7434,3957242,3,오골계탕,"26,000원",26000,true
7435,3957242,4,고려삼계탕,"20,000원",20000,true
7436,3957242,5,산삼삼계탕,"26,000원",26000,true
7437,3957242,6,고려통닭,"21,000원",21000,true
7438,3957242,7,전복죽,"20,000원",20000,true
7439,26270009,1,해물순두부,,,true
7440,26270009,2,낙지돌솥비빔밥,,,true
7441,26270009,3,청국장,,,true
7442,26270009,4,들깨순두부,,,true
7443,26270009,5,소불고기돌솥비빔밥,,,true
7444,26270009,6,제육쌈정식,,,true
7445,26270009,7,떡만둣국,,,true
7446,26270009,8,물냉면,,,true
7447,26270009,9,석갈비정식,,,true
7448,26270009,10,뚝배기불고기,,,true
7449,26270009,11,떡갈비정식,,,true
7450,26270009,12,떡국,,,true
7451,26270009,13,왕만두,,,true
7452,26270009,14,석갈비,,,true
7453,26270009,15,떡갈비,,,true
7454,26270009,16,뚝배기부대찌개,,,true
7455,26270009,17,제육돌솥비빔밥,,,true
7456,26270009,18,전주비빔밥,,,true
7457,26270009,19,돌솥비빔밥,,,true
7458,26270009,20,한우우거지국밥,,,true
7459,26270009,21,도가니탕,,,true
7460,26270009,22,비빔냉면,,,true
7461,26270009,23,찌개,,,true
7462,26270009,24,청국장정식,,,true
7463,26270009,25,참치,,,true
7464,26270009,26,묵사발,,,true
7465,26270009,27,김치순두부찌개,,,true
7466,26270009,28,두부,,,true
7467,26270009,29,불고기,,,true
7468,26270009,30,뚝배기,,,true
7469,26270009,31,초밥,,,true
7470,28120062,1,KOKUMI 목살(180g),"19,000원",19000,true
7471,28120062,2,꿉살(150g),"20,000원",20000,true
7472,28120062,3,삼겹살(180g),"20,000원",20000,true
7473,28120062,4,가브리살(150g),"20,000원",20000,true
7474,28120062,5,갈매기살(150g),"20,000원",20000,true
7475,28120062,6,항정살(150g),"22,000원",22000,true
7476,4033697,1,한우 채끝 등심 스테이크(300g),"92,000원",92000,true
7477,4033697,2,버섯 샐러드,"26,000원",26000,true
7478,4033697,3,스테이크 샐러드 (한우 채끝 등심),"29,500원",29500,true
7479,4033697,4,아라비아따 펜네 파스타,"28,000원",28000,true
7480,4033697,5,앤초비 오일 파스타,"26,500원",26500,true
7481,4033697,6,샤토브리앙 안심 스테이크 (250g),"92,000원",92000,true
7482,4033697,7,카프레제,"23,000원",23000,true
7483,4033697,8,치킨 시저 샐러드,"28,000원",28000,true
7484,4033697,9,그랑씨엘 시그니처 샐러드,"27,000원",27000,true
7485,4033697,10,이탈리안 토마토 스프,"12,500원",12500,true
7486,4033697,11,어니언 스프,"19,500원",19500,true
7487,4033697,12,시저 샐러드,"25,000원",25000,true
7488,4033697,13,미트볼 토마토 파스타,"28,000원",28000,true
7489,4033697,14,해산물 토마토 파스타,"29,500원",29500,true
7490,4033697,15,볼로네제 파스타,"28,000원",28000,true
7491,4033697,16,베이컨 할라피뇨 오일 파스타,"27,000원",27000,true
7492,4033697,17,명란 치즈 오일 파스타,"28,000원",28000,true
7493,4033697,18,봉골레 오일 파스타,"28,000원",28000,true
7494,4033697,19,전통 카르보나라,"29,000원",29000,true
7495,4033697,20,캐쥬얼 카르보나라,"29,000원",29000,true
7496,4033697,21,버섯 크림 파스타,"28,000원",28000,true
7497,4033697,22,해산물 바질 크림 파스타,"29,500원",29500,true
7498,4033697,23,새우 로제 파스타,"29,500원",29500,true
7499,4033697,24,연어 크림 리조토,"28,000원",28000,true
7500,4033697,25,해산물 토마토 리조토,"29,500원",29500,true
7501,4033697,26,트러플 오일 버섯 크림 리조토,"29,500원",29500,true
7502,4033697,27,해산물 빠에야,"33,000원",33000,true
7503,4033697,28,크림소스 매쉬 포테이토,"13,000원",13000,true
7504,4033697,29,버섯 볶음,"13,000원",13000,true
7505,4033697,30,토마토소스 가지딥,"13,000원",13000,true
7506,9258052,1,10회 입장권,"110,000원",110000,true
7507,9258052,2,1인 입장료,"18,000원",18000,true
7508,9258052,3,먹이체험 6종간식,"10,000원",10000,true
7509,4032527,1,깔조네,"26,000원",26000,true
7510,4032527,2,감베리로제,"25,000원",25000,true
7511,4032527,3,고르곤졸라,"22,000원",22000,true
7512,4032527,4,풀치넬라비앙카,"27,000원",27000,true
7513,28755531,1,순사골국,"12,000원",12000,true
7514,28755531,2,설농탕,"11,000원",11000,true
7515,28755531,3,들깨설농탕,"16,000원",16000,true
7516,28755531,4,대관령 황태설농탕,"16,000원",16000,true
7517,28755531,5,떡국설농탕,"13,000원",13000,true
7518,28755531,6,만두설농탕,"13,000원",13000,true
7519,28755531,7,떡만두설농탕,"13,000원",13000,true
7520,28755531,8,마늘설농탕,"15,000원",15000,true
7521,28755531,9,미역설농탕,"14,000원",14000,true
7522,28755531,10,백세설농탕,"17,000원",17000,true
7523,28755531,11,명품갈비설농탕,"21,000원",21000,true
7524,28755531,12,고기듬뿍설농탕,"20,000원",20000,true
7525,28755531,13,도가니탕,"23,000원",23000,true
7526,28755531,14,신선찐만두(소),"5,000원",5000,true
7527,28755531,15,신선찐만두(대),"8,000원",8000,true
7528,28755531,16,신선제육김치전,"13,000원",13000,true
7529,28755531,17,신선불고기,"20,000원",20000,true
7530,28755531,18,모듬수육,"42,000원",42000,true
7531,28755531,19,도가니수육,"40,000원",40000,true
7532,28755531,20,어린이설농탕,"8,000원",8000,true
7533,28755531,21,어린이용 순사골국,"8,500원",8500,true
7534,28755531,22,된장우거지설농탕,"15,000원",15000,true
7535,28755531,23,설농탕(대),"16,000원",16000,true
7536,34273235,1,한 입 눈꽃스테이크,"15,900원",15900,true
7537,34273235,2,감바스 알 아히요,"13,900원",13900,true
7538,34273235,3,마르게리따피자,"11,900원",11900,true
7539,34273235,4,나폴리탄 파스타,"11,900원",11900,true
7540,34273235,5,차돌 아라비아따 떡볶이,"12,900원",12900,true
7541,34273235,6,레몬 크림 새우,"11,900원",11900,true
7542,34273235,7,에그인헬,"11,900원",11900,true
7543,34273235,8,소세지 맥앤치즈&나쵸칩,"11,900원",11900,true
7544,34273235,9,핫페퍼로니피자,"12,900원",12900,true
7545,34273235,10,고르곤졸라피자,"11,900원",11900,true
7546,34273235,11,비프 트러플 삼선 짜장,"15,900원",15900,true
7547,34273235,12,트러플 크림 수제비,"11,900원",11900,true
7548,34273235,13,마드리드 투움바,"11,900원",11900,true
7549,34273235,14,청양까르보나라,"11,900원",11900,true
7550,34273235,15,육회 단새우,"24,900원",24900,true
7551,34273235,16,문어 세비체,"14,900원",14900,true
7552,34273235,17,토마토 치킨 꿔바로우,"12,900원",12900,true
7553,34273235,18,지중해식 쭈꾸미 샐러드,"12,900원",12900,true
7554,34273235,19,매콤오돌뼈와 주먹밥,"12,900원",12900,true
7555,34273235,20,진한 갈릭버터새우,"13,900원",13900,true
7556,34273235,21,아이올리 연어포케,"12,900원",12900,true
7557,34273235,22,무화과 브리치즈구이,"11,900원",11900,true
7558,34273235,23,메가크런치 프라이&트러플치즈 딥핑소스,"11,900원",11900,true
7559,34273235,24,치즈 감자채전 (뢰스티),"12,900원",12900,true
7560,34273235,25,매콤닭강정과치즈퐁듀,"11,900원",11900,true
7561,34273235,26,촉촉오징어와 수제호두강정,"13,900원",13900,true
7562,34273235,27,순두부찌개,"12,900원",12900,true
7563,34273235,28,스페인식 해장 파스탕(자르수엘라),"22,900원",22900,true
7564,34273235,29,부산식 스지어묵탕,"19,900원",19900,true
7565,34273235,30,홍콩식 새우완탕,"14,900원",14900,true
7566,34273235,31,게살계란탕,"13,900원",13900,true
7567,4032916,1,녹두전(1장),"13,000원",13000,true
7568,4032916,2,물냉면,"16,000원",16000,true
7569,4032916,3,수육(대),"85,000원",85000,true
7570,4032916,4,수육(소),"45,000원",45000,true
7571,4032916,5,홍어,"70,000원",70000,true
7572,4032916,6,비빔냉면,"16,000원",16000,true
7573,4032916,7,회냉면,"20,000원",20000,true
7574,3957676,1,고등어구이 쌈밥정식,"22,000원",22000,true
7575,3957676,2,제육 쌈밥정식,"22,000원",22000,true
7576,3957676,3,불고기 쌈밥정식,"22,000원",22000,true
7577,3957676,4,생목살 김치찌개,"12,000원",12000,true
7578,3957676,5,쭈꾸미 삼겹 쌈밥정식,"28,000원",28000,true
7579,3957676,6,대패 삼겹살(150g),"16,000원",16000,true
7580,3957676,7,생삼겹살(150g),"18,000원",18000,true
7581,3957676,8,생목살(150g),"18,000원",18000,true
7582,3957676,9,가브리살(150g),"18,000원",18000,true
7583,3957676,10,명품 생항정살(150g),"22,000원",22000,true
7584,3957676,11,한우 차돌박이(150g),"30,000원",30000,true
7585,3957676,12,갈비살(150g),"30,000원",30000,true
7586,3957676,13,꽁치 김치찌개(점심식사),"12,000원",12000,true
7587,3957676,14,차돌 된장찌개 비빔밥(점심식사),"15,000원",15000,true
7588,4034730,1,어복쟁반,"75,000원",75000,true
7589,4034730,2,갈비모듬산적구이 (소),"50,000원",50000,true
7590,4034730,3,육개장,"11,000원",11000,true
7591,4034730,4,갈비탕,"15,000원",15000,true
7592,4034730,5,게장정식,"18,000원",18000,true
7593,4034730,6,생선초밥,"18,000원",18000,true
7594,4034730,7,새우튀김,"33,000원",33000,true
7595,4034730,8,생선튀김,"15,000원",15000,true
7596,4034730,9,생선회덮밥,"12,000원",12000,true
7597,4034730,10,장어덮밥,"15,000원",15000,true
7598,4034730,11,튀김덮밥,"12,000원",12000,true
7599,4034730,12,전복죽,"15,000원",15000,true
7600,4034730,13,도시락정식(A),"16,000원",16000,true
7601,4034730,14,생대구량,"17,000원",17000,true
7602,4034730,15,오뎅,"15,000원",15000,true
7603,4034730,16,오뎅안주,"18,000원",18000,true
7604,4034730,17,장어요리,"36,000원",36000,true
7605,4034730,18,회정식,"22,000원",22000,true
7606,4034730,19,새우정식,"14,000원",14000,true
7607,4034730,20,메로구이,"1,000원",1000,true
7608,4034730,21,삼치구이,"1,000원",1000,true
7609,4034730,22,굴비구이,"13,000원",13000,true
7610,4034730,23,도미조림,"35,000원",35000,true
7611,17115333,1,오렌지 망고주스,"7,900원",7900,true
7612,17115333,2,블루베리 요거트 드링크,"7,900원",7900,true
7613,17115333,3,시금치 크림 살시차 뇨끼,"11,000원",11000,true
7614,17115333,4,치즈듬뿍 김치 불고기 그라탕,"11,000원",11000,true
7615,17115333,5,우베폼 코코,"6,500원",6500,true
7616,17115333,6,피치 얼그레이 스파클링 티,"7,500원",7500,true
7617,17115333,7,생크림 초코파이,"4,900원",4900,true
7618,17115333,8,아시안 씨푸드 필라프,"23,000원",23000,true
7619,17115333,9,골든 바닐라빈 프렌치 토스트,"23,000원",23000,true
7620,17115333,10,포크 커틀렛 플레터 브런치,"23,000원",23000,true
7621,17115333,11,샐러드 듬뿍 클럽샌드위치 브런치,"22,000원",22000,true
7622,17115333,12,함박오므라이스 브런치,"24,000원",24000,true
7623,17115333,13,스크램블에그 브런치,"22,000원",22000,true
7624,17115333,14,해산물토마토 파스타,"25,000원",25000,true
7625,17115333,15,봉골레 파스타,"25,000원",25000,true
7626,17115333,16,트로피칼 생망고 빙수,"21,500원",21500,true
7627,17115333,17,팥이 듬뿍 팥빙수,"14,500원",14500,true
7628,17115333,18,피스타치오 크림 초코빙수,"19,500원",19500,true
7629,17115333,19,찰후르츠호밀빵,"6,600원",6600,true
7630,17115333,20,건강한 13가지곡물브레드(H),"6,500원",6500,true
7631,17115333,21,건강한 13가지곡물브레드(W),"13,000원",13000,true
7632,17115333,22,고소한 호두&호밀브레드,"9,400원",9400,true
7633,17115333,23,25건) 호두 건포도 통밀 브레드,"6,100원",6100,true
7634,17115333,24,25건) 플레인 루스틱(홀),"10,900원",10900,true
7635,17115333,25,25건) 플레인 루스틱(하프),"5,700원",5700,true
7636,17115333,26,25건) 곡물 후르츠 브레드,"6,500원",6500,true
7637,17115333,27,25건) 메어콘 브로트(홀),"14,000원",14000,true
7638,17115333,28,25건) 메어콘 브로트(하프),"7,000원",7000,true
7639,17115333,29,25건) 로겐 브로트(홀),"13,000원",13000,true
7640,17115333,30,25건) 로겐 브로트(하프),"6,500원",6500,true
7641,9735742,1,브루클린스 베스트 R,"31,000원",31000,true
7642,9735742,2,뉴욕 슈프림 R,"32,000원",32000,true
7643,9735742,3,뉴욕 마르게리타 R,"28,000원",28000,true
7644,9735742,4,플레인 치즈 R,"20,000원",20000,true
7645,9735742,5,페퍼로니 R,"23,000원",23000,true
7646,9735742,6,하와이안R,"26,000원",26000,true
7647,9735742,7,우드스탁,"25,000원",25000,true
7648,9735742,8,파머스마켓 R,"25,000원",25000,true
7649,9735742,9,더 부쳐,"28,000원",28000,true
7650,9735742,10,롸카두들 피자 R,"30,000원",30000,true
7651,9735742,11,우탱 R,"31,000원",31000,true
7652,9735742,12,스피니치 알프레도 R,"30,000원",30000,true
7653,9735742,13,트러플 슈룸 R,"32,000원",32000,true
7654,9735742,14,미트볼 팜 R,"30,000원",30000,true
7655,9735742,15,이탈리안 치킨팜 R,"30,000원",30000,true
7656,33122755,1,한우등심(100g),"34,000원",34000,true
7657,33122755,2,한우업진살(100g),"34,000원",34000,true
7658,33122755,3,한우부채살(100g),"34,000원",34000,true
7659,33122755,4,압도 한우오마카세 코스 1인,"109,000원",109000,true
7660,33122755,5,한우안심(100g),"40,000원",40000,true
7661,33122755,6,한우살치살(100g),"40,000원",40000,true
7662,33122755,7,한우새우살(100g),"40,000원",40000,true
7663,33122755,8,한우라면,"17,000원",17000,true
7664,33122755,9,한우블랙라면,"17,000원",17000,true
7665,7618199,1,한우 등심 불고기,"22,900원",22900,true
7666,7618199,2,한우 등심 불고기 세트,"25,900원",25900,true
7667,7618199,3,갈비탕,"17,900원",17900,true
7668,7618199,4,육개장,"11,900원",11900,true
7669,7618199,5,육회 비빔밥,"15,200원",15200,true
7670,7618199,6,한우 된장찌개,"9,700원",9700,true
7671,7618199,7,한우 육된장,"11,700원",11700,true
7672,7618199,8,동치미국수,"10,800원",10800,true
7673,7618199,9,아메리카노,"2,900원",2900,true
7674,7618199,10,카페라떼,"3,500원",3500,true
7675,7618199,11,카푸치노,"4,000원",4000,true
7676,8979960,1,프렌치 브리오슈 스페셜 세트,"9,500원",9500,true
7677,8979960,2,프렌치 브리오슈 스크램블 세트,"9,500원",9500,true
7678,8979960,3,프렌치 브리오슈 스페셜,"6,100원",6100,true
7679,8979960,4,프렌치 브리오슈 스크램블,"6,100원",6100,true
7680,8979960,5,프렌치 크림 브리오슈 세트,"8,700원",8700,true
7681,8979960,6,애플 크림 브리오슈 세트,"8,300원",8300,true
7682,8979960,7,리얼 칠리 새우 세트,"9,600원",9600,true
7683,8979960,8,새우 스페셜 세트,"9,500원",9500,true
7684,8979960,9,소이 크런치 치킨 세트,"9,800원",9800,true
7685,8979960,10,리얼 양념치킨 세트,"9,700원",9700,true
7686,8979960,11,계란후라이 햄치즈 세트,"8,600원",8600,true
7687,8979960,12,계란후라이 스페셜 세트,"8,800원",8800,true
7688,8979960,13,프렌치 크림 브리오슈,"5,300원",5300,true
7689,8979960,14,애플 크림 브리오슈,"4,900원",4900,true
7690,8979960,15,리얼 칠리 새우,"6,200원",6200,true
7691,8979960,16,새우 스페셜,"6,100원",6100,true
7692,8979960,17,소이 크런치 치킨,"6,400원",6400,true
7693,8979960,18,리얼 양념치킨,"6,300원",6300,true
7694,8979960,19,계란후라이 햄치즈,"5,200원",5200,true
7695,8979960,20,계란후라이 스페셜,"5,400원",5400,true
7696,8979960,21,감자 스페셜,"6,000원",6000,true
7697,8979960,22,프렌치 햄치즈,"5,000원",5000,true
7698,8979960,23,스크램블 햄치즈,"5,200원",5200,true
7699,8979960,24,스크램블 베이컨,"6,100원",6100,true
7700,8979960,25,햄치즈 토스트,"4,500원",4500,true
7701,8979960,26,햄스페셜 토스트,"5,100원",5100,true
7702,8979960,27,베이컨 베스트,"5,500원",5500,true
7703,8979960,28,베이컨 포테이토 피자,"6,500원",6500,true
7704,8979960,29,딥치즈 베이컨,"5,800원",5800,true
7705,8979960,30,딥치즈 베이컨 포테이토,"6,500원",6500,true
7706,9447064,1,맥파이 계절 맥주,변동가격,,false
7707,9447064,2,맥파이 페일에일,"7,000원",7000,true
7708,9447064,3,맥파이 포터,"7,000원",7000,true
7709,9447064,4,맥파이 IPA,"8,000원",8000,true
7710,9447064,5,맥파이 쾰쉬,"7,000원",7000,true
7711,9205047,1,녹두지짐,"10,000원",10000,true
7712,9205047,2,돼지수육,"10,000원",10000,true
7713,9205047,3,물냉면,"11,000원",11000,true
7714,9205047,4,돼지머리국밥,"7,000원",7000,true
7715,9205047,5,돼지술국,"14,000원",14000,true
7716,9205047,6,비빔냉면,"11,000원",11000,true
7717,9205047,7,설렁탕,"7,000원",7000,true
7718,9205047,8,소수육,"15,000원",15000,true
7719,9205047,9,소술국,"15,000원",15000,true
7720,9205047,10,홍어무침,"15,000원",15000,true
7721,9205047,11,회냉면,"15,000원",15000,true
7722,9205047,12,소주,"4,000원",4000,false
7723,9205047,13,맥주,"5,000원",5000,false
7724,9205047,14,막걸리,"4,000원",4000,true
7725,9205047,15,청하,"5,000원",5000,true
7726,12010123,1,암꽃게정식 M 사이즈,"33,000원",33000,true
7727,12010123,2,암꽃게정식 L 사이즈,"39,000원",39000,true
7728,12010123,3,(무한리필)홍익큰상 1인,"33,000원",33000,true
7729,12010123,4,(무한리필)홍익중간상 1인,"31,000원",31000,true
7730,12010123,5,(무한리필)홍익작은상 1인,"29,000원",29000,true
7731,12010123,6,(무한리필)초등학생,"20,000원",20000,true
7732,12010123,7,(무한리필)5~7세,"5,000원",5000,true
7733,4083835,1,북촌삼계탕,"27,000원",27000,true
7734,4083835,2,낙지삼계탕,"22,000원",22000,true
7735,4083835,3,삼계탕,"16,000원",16000,true
7736,4083835,4,전복삼계탕,"22,000원",22000,true
7737,4083835,5,낙지비빔밥,"10,000원",10000,true
7738,4083835,6,돌솥비빔밥,"10,000원",10000,true
7739,4083835,7,뚝불고기,"10,000원",10000,true
7740,4083835,8,불낙전골,"45,000원",45000,true
7741,4083835,9,낙지볶음,"35,000원",35000,true
7742,4083835,10,무뼈불닭발,"25,000원",25000,true
7743,4083835,11,후라이드치킨,"17,000원",17000,true
7744,4083835,12,전기구이(예약),"17,000원",17000,true
7745,4083835,13,삼겹살(200g),"16,000원",16000,true
7746,4074307,1,곤돌리에로제,"23,000원",23000,true
7747,4074307,2,까르보나라,"17,000원",17000,true
7748,4074307,3,봉골레,"19,000원",19000,true
7749,4074307,4,카프레제,"18,000원",18000,true
7750,4074307,5,훈제연어,"18,800원",18800,true
7751,4074307,6,디너 B코스 (캄파니아),"78,000원",78000,true
7752,4074307,7,Dinner A Course TOSCANA,"58,000원",58000,true
7753,4074307,8,마레,"19,000원",19000,true
7754,4074307,9,뽈로,"17,000원",17000,true
7755,4074307,10,크로산떼,"21,000원",21000,true
7756,4074307,11,크림마레,"19,000원",19000,true
7757,4074307,12,알리오 올리오,"15,000원",15000,true
7758,4074307,13,파스타 디너 코스,"35,000원",35000,true
7759,4074307,14,리코타 치즈 샐러드,"12,000원",12000,true
7760,4074307,15,시저 샐러드,"14,000원",14000,true
7761,4074307,16,등심 스테이크 샐러드,"17,000원",17000,true
7762,4074307,17,감바스,"16,000원",16000,true
7763,4074307,18,오늘의 특선 스프,"5,500원",5500,true
7764,4074307,19,프랜치 어니언 스프,"9,500원",9500,true
7765,4074307,20,바질크림,"21,000원",21000,true
7766,10253268,1,Pepperoni pizza,"3,000원",3000,true
7767,10253268,2,Cheese pizza,"3,000원",3000,true
7768,10253268,3,Hot Cream pasta,"9,000원",9000,true
7769,10253268,4,Cream pasta,"9,000원",9000,true
7770,10253268,5,Pepper Wing,"9,000원",9000,true
7771,4070542,1,버라이어티(10개입),"22,900원",22900,true
7772,4070542,2,해피먼치킨컵 10EA,"5,400원",5400,true
7773,4070542,3,글레이즈드팩（6개입）,"11,400원",11400,true
7774,4070542,4,인절미 팥 컵빙수,"5,500원",5500,true
7775,4070542,5,(캔)인절미 팥 컵빙수,"5,500원",5500,true
7776,4070542,6,망고 코코넛 컵빙수,"5,500원",5500,true
7777,4070542,7,(캔)망고 코코넛 컵빙수,"5,500원",5500,true
7778,4070542,8,올스타 도넛세트,"18,800원",18800,true
7779,4070542,9,반반한 던킨팩,"15,200원",15200,true
7780,4070542,10,버라이어티(6개입),"13,400원",13400,true
7781,4070542,11,반반한 글레팩,"13,000원",13000,true
7782,4070542,12,호박인절미카스텔라도넛,"3,900원",3900,true
7783,4070542,13,오렌지망고필드,"3,100원",3100,true
7784,4070542,14,황치즈 올드훼션드,"3,100원",3100,true
7785,4070542,15,자이언트 버킷 아메리카노,"10,900원",10900,true
7786,4070542,16,IB자이언트 버킷 아메리카노,"10,900원",10900,true
7787,4070542,17,DC자이언트 버킷 아메리카노,"10,900원",10900,true
7788,4070542,18,자이언트 버킷 피치,"10,500원",10500,true
7789,4070542,19,비타슬러시 믹솔로지,"4,500원",4500,true
7790,4070542,20,비타슬러시 리치,"4,500원",4500,true
7791,4070542,21,비타슬러시 레몬,"4,500원",4500,true
7792,4070542,22,아몬드 크런치 봉봉,"3,100원",3100,true
7793,4070542,23,클래식 올드훼션드,"2,500원",2500,true
7794,4070542,24,콘버터바이츠,"3,100원",3100,true
7795,4070542,25,"카카오 하니딥,N","2,300원",2300,true
7796,4070542,26,"바바리안 필드,N","2,700원",2700,true
7797,4070542,27,"스트로베리 필드,N","2,700원",2700,true
7798,4070542,28,커피&도넛 트윈세트,"21,200원",21200,true
7799,4070542,29,두바이st 로투스 비스코프 도넛,"6,900원",6900,true
7800,4070542,30,두바이 쫀득 먼치킨,"6,300원",6300,true
7801,26631239,1,감베리 로제,"25,000원",25000,true
7802,26631239,2,[NEW] 관자 레몬 버터 파스타,"32,000원",32000,true
7803,26631239,3,허니콰트로치즈,"28,000원",28000,true
7804,26631239,4,치폴레 쉬림프 피자,"30,000원",30000,true
7805,26631239,5,페퍼로니 피자,"28,000원",28000,true
7806,26631239,6,제철 과일 담은 아사이볼,"16,000원",16000,true
7807,26631239,7,스케줄 김치 볶음밥,"23,000원",23000,true
7808,26631239,8,유자리코타샐러드,"21,000원",21000,true
7809,26631239,9,시저샐러드,"23,000원",23000,true
7810,26631239,10,[런치] 2인 SET,"62,600원",62600,true
7811,26631239,11,[런치] 3인 SET,"93,000원",93000,true
7812,26631239,12,[런치] 4인 SET,"150,200원",150200,true
7813,26631239,13,판체타뽀모도로,"25,000원",25000,true
7814,26631239,14,머쉬룸베이컨크림파스타,"26,000원",26000,true
7815,26631239,15,[NEW]오징어 바질 크림 파스타,"29,000원",29000,true
7816,26631239,16,쉬림프 비스큐 파스타,"32,000원",32000,true
7817,26631239,17,볼로네제 파스타볼,"29,000원",29000,true
7818,26631239,18,블랙 트러플 화이트 라구,"32,000원",32000,true
7819,26631239,19,[NEW] 칠리치킨 리조또,"28,000원",28000,true
7820,26631239,20,살시치아리조또(이탈리안 소세지),"26,000원",26000,true
7821,26631239,21,완도전복리조또,"29,000원",29000,true
7822,26631239,22,마르게리따 디 부팔라,"27,000원",27000,true
7823,26631239,23,고구마치즈 깔조네,"28,000원",28000,true
7824,26631239,24,로제 대파 떡볶이,"28,000원",28000,true
7825,26631239,25,이베리코 & 프라이즈,"48,000원",48000,true
7826,26631239,26,살치살 스테이크,"59,000원",59000,true
7827,26631239,27,(미드나잇🥂) 카프레제 샐러드,"22,000원",22000,true
7828,26631239,28,(미드나잇🥂) 멜팅치즈프렌치프라이,"20,000원",20000,true
7829,26631239,29,(미드나잇🥂) 스케줄 김치 볶음밥,"23,000원",23000,true
7830,26631239,30,(미드나잇🥂) 머쉬룸베이컨크림파스타,"26,000원",26000,true
7831,26631239,31,(미드나잇🥂) 로제 대파 떡볶이,"28,000원",28000,true
7832,26631239,32,하프 과일 빙수 (맛 선택),"22,000원",22000,true
7833,12860001,1,서모사（Samosa）2piece,"6,500원",6500,true
7834,12860001,2,그린 샐러드（Green Salad）,"10,000원",10000,true
7835,12860001,3,새우 샐러드（Shrimp Salad）,"13,500원",13500,true
7836,12860001,4,탄두리 치킨（Tandoori Chicken）,"13,000원",13000,true
7837,12860001,5,믹스 야채 커리（Mixed Vegetable）,"13,500원",13500,true
7838,12860001,6,플래인 파퍼드（Plain Papad）,"5,000원",5000,true
7839,12860001,7,믹스 야채 퍼고우다（Vegetable Pakouda）,"9,000원",9000,true
7840,12860001,8,탄두리 치킨 샐러드（Tandoori Chicken Salad）,"12,500원",12500,true
7841,12860001,9,야채 스프（Mix Vegetable Soup）,"5,000원",5000,true
7842,12860001,10,치킨 버섯 스프（Chicken Mushroom Soup）,"6,500원",6500,true
7843,12860001,11,토마토 스프（Tomato Soup）,"7,500원",7500,true
7844,12860001,12,매콤한 스프（Hot & Sour Soup）,"7,500원",7500,true
7845,12860001,13,야채스프（Mix Vegetable Soup）,"5,500원",5500,true
7846,12860001,14,치킨 칠리（Chicken CHilli）,"18,500원",18500,true
7847,12860001,15,치킨 멀라이 케밥（Chicken Malai Kabab）,"19,000원",19000,true
7848,12860001,16,치킨 티카（Chicken Tikka）,"18,000원",18000,true
7849,12860001,17,머설라 세쿠와（Masala Sekuwaa）,"19,000원",19000,true
7850,12860001,18,모듬 치킨 티카（Mix Chicken Tikka）,"21,000원",21000,true
7851,12860001,19,머턴 티카（Mutton Tikka）,"22,500원",22500,true
7852,12860001,20,프라운 칠리（Prawn Chilli）,"23,500원",23500,true
7853,12860001,21,왕새우（Tandoori King Prawn）4piece,"30,000원",30000,true
7854,12860001,22,모듬바베큐（Mixed Grilled Tandoori Barbecue Platter）,"39,000원",39000,true
7855,12860001,23,너버러턴 커리（Navaratan Curry）,"15,000원",15000,true
7856,12860001,24,달 머커니（Dal Makhanl）,"15,000원",15000,true
7857,12860001,25,달 프라이（Dal Fry）,"15,000원",15000,true
7858,12860001,26,알루고비（계절야채）（Aloo Gobi_Seasonal）,"16,000원",16000,true
7859,12860001,27,알루 팔락（Alu Palak）,"16,000원",16000,true
7860,12860001,28,팔락 퍼니르（Palak Paneer）,"18,000원",18000,true
7861,12860001,29,퍼니르 머커니（Paneer Makhani）,"18,000원",18000,true
7862,12860001,30,퍼니르 버터 머설라（Paneer Butter Masal）,"18,000원",18000,true
7863,10379930,1,양고기케밥,"7,000원",7000,true
7864,10379930,2,치킨케밥,"6,000원",6000,true
7865,10379930,3,로얄케밥,"6,500원",6500,true
7866,10379930,4,라이스치킨케밥,"9,000원",9000,true
7867,10379930,5,팔라펠,"9,500원",9500,true
7868,10379930,6,라이스믹스케밥,"13,000원",13000,true
7869,10379930,7,로얄팔라펠,"6,500원",6500,true
7870,10379930,8,팔라펠&호우스,"10,000원",10000,true
7871,7748493,1,1. TURKISH KEBAB CHICKEN（닭고기） 터키케밥,"6,900원",6900,true
7872,7748493,2,2. TURKISH KEBAB LAMB（양고기）터키케밥,"7,900원",7900,true
7873,7748493,3,3. TURKISH KEBAB MIX （닭&양） 터키케밥,"8,900원",8900,true
7874,7748493,4,4. GRILL CHEESE KEBAB CHICKEN 그릴치즈케밥（닭고기）,"9,900원",9900,true
7875,7748493,5,4. GRILL CHEESE KEBAB LAMB 그릴치즈케밥 램（양고기）,"10,900원",10900,true
7876,7748493,6,4. GRILL CHEESE KEBAB MIX（닭＋양）그릴치즈케밥 믹스（닭고기&양고기）,"11,900원",11900,true
7877,7748493,7,후무스 갈릭 케밥 치킨（Humus Garlic Kebab chicken）,"9,900원",9900,true
7878,7748493,8,후무스 갈릭 케밥 양（Humus Garlic Kebab Lamb）,"10,900원",10900,true
7879,7748493,9,후무스 갈릭 케밥 믹스（Humus Garlic Kebab mix）,"11,899원",11899,true
7880,7748493,10,K-POP 케밥 치킨,"9,900원",9900,true
7881,7748493,11,K-POP 케밥 양고기,"10,900원",10900,true
7882,7748493,12,K-POP 케밥 믹스,"11,900원",11900,true
7883,7748493,13,5. TOMBIG KEBAB CHICKEN （닭고기） 톰빅케밥,"7,900원",7900,true
7884,7748493,14,6. TOMBIG KEBAB LAMB （양고기） 톰빅케밥,"8,900원",8900,true
7885,7748493,15,7. TOMBIG KEBAB MIX （닭&양） 톰빅케밥,"9,900원",9900,true
7886,7748493,16,8. RICE WRAP CHICKEN （라이스 닭）,"7,900원",7900,true
7887,7748493,17,9. RICE WRAP LAMB （라이스 양고기）,"8,900원",8900,true
7888,7748493,18,10. RICE WRAP MIX （라이스 닭&양）,"9,900원",9900,true
7889,7748493,19,15. KEBABBOX CHICKEN（케밥 박스 치킨）,"9,900원",9900,true
7890,7748493,20,16. KEBAB BOX LAMB （케밥 박스 양고기）,"10,900원",10900,true
7891,7748493,21,17. KEBABBOX MIX（케밥 박스 믹스 닭&양）,"11,900원",11900,true
7892,7748493,22,18. CHEESE TOAST KEBAB CHICKEN 치즈토스트 케밥 치킨,"8,900원",8900,true
7893,7748493,23,19. CHEESE TOAST KEBAB LAMB（양） 치즈토스트 케밥,"9,900원",9900,true
7894,7748493,24,20. CHEESE TOAST KEBAB MIX（닭＋양）,"10,900원",10900,true
7895,7748493,25,21. FALAFEL WRAP （팔라펠 또띠아）,"8,900원",8900,true
7896,7748493,26,11. PILAF KEBAB CHICKEN （치킨 덮밥）,"10,500원",10500,true
7897,7748493,27,12. PILAF KEBAB LAMB （램 케밥 덮밥）,"11,500원",11500,true
7898,7748493,28,13. PILAF KEBAB MIX （닭＋양 덮밥）,"12,500원",12500,true
7899,7748493,29,14. ISKENDER KEBAB （이스켄데르 케밥）,"19,900원",19900,true
7900,7748493,30,POTATO FRIES （감자튀김）,"3,900원",3900,true
7901,17607154,1,호두만두국(밥),"14,000원",14000,true
7902,17607154,2,버섯덥밥,"11,000원",11000,true
7903,17607154,3,호박죽,"9,000원",9000,true
7904,17607154,4,도담두부,"9,000원",9000,true
7905,17607154,5,마지비빔밥,"10,000원",10000,true
7906,17607154,6,들깨미역국,"11,000원",11000,true
7907,17607154,7,런치/디너,"23,000원",23000,true
7908,17607154,8,연밥올림,"20,000원",20000,true
7909,17607154,9,끼니올림,"20,000원",20000,true
7910,17607154,10,알천코스,"65,000원",65000,true
7911,17607154,11,구절판코스,"45,000원",45000,true
7912,17607154,12,신선로코스,"45,000원",45000,true
7913,17607154,13,구절판,"35,000원",35000,true
7914,17607154,14,신선로(소),"35,000원",35000,true
7915,17607154,15,신선로(대),"50,000원",50000,true
7916,17607154,16,오늘의마지 밥,"11,000원",11000,true
7917,17607154,17,오늘의마지 연잎밥,"16,000원",16000,true
7918,8888720,1,설화생갈비(200g),"160,000원",160000,true
7919,8888720,2,설화꽃등심(100g당),"95,000원",95000,true
7920,8888720,3,평양냉면,"16,000원",16000,true
7921,8888720,4,설화안심(100g당),"90,000원",90000,true
7922,8888720,5,설화한우 양념갈비(200g),"73,000원",73000,true
7923,8888720,6,설화한우갈비탕,"42,000원",42000,true
7924,8888720,7,한우육사시미(100g),"45,000원",45000,true
7925,8888720,8,한우육회(100g),"39,000원",39000,true
7926,8888720,9,설화특채끝(100g),"75,000원",75000,true
7927,8888720,10,한우안창(100g),"90,000원",90000,true
7928,8888720,11,한우토시살(100g),"85,000원",85000,true
7929,8888720,12,한우제비추리(100g),"85,000원",85000,true
7930,8888720,13,설화한우꼬리탕,"45,000원",45000,true
7931,8888720,14,한우도가니탕,"30,000원",30000,true
7932,8888720,15,채끝등심정식(점심한정),"69,000원",69000,true
7933,8888720,16,런치모둠정식(점심한정),"59,000원",59000,true
7934,33502582,1,서울집시 양조장에서 직접 만든 맥주들,변동가격,,false
7935,9353852,1,쌍화차,"8,500원",8500,true
7936,9353852,2,오미자냉차,"9,000원",9000,true
7937,9353852,3,수정과,"9,000원",9000,true
7938,9353852,4,대추냉차,"9,000원",9000,true
7939,9353852,5,유자냉차,"8,500원",8500,true
7940,9353852,6,모과냉차,"8,500원",8500,true
7941,9353852,7,매실냉차,"8,500원",8500,true
7942,9353852,8,복분자에이드,"9,000원",9000,true
7943,9353852,9,복숭아아이스티,"8,000원",8000,true
7944,9353852,10,미숫가루,"8,500원",8500,true
7945,9353852,11,단팥죽,"11,000원",11000,true
7946,9353852,12,약과 / 한과세트,"7,000원",7000,true
7947,9353852,13,콩가루아이스크림,"12,000원",12000,true
7948,9353852,14,팥빙수,"12,000원",12000,true
7949,9353852,15,가래떡구이세트,"6,000원",6000,true
7950,9353852,16,약과(3p),"4,000원",4000,true
7951,9353852,17,약과(5p),"6,000원",6000,true
7952,9353852,18,한과(강릉),"5,000원",5000,true
7953,9353852,19,가래떡구이,"6,000원",6000,true
7954,9353852,20,대추차,"8,500원",8500,true
7955,9353852,21,녹차,"8,000원",8000,true
7956,9353852,22,백차,"8,000원",8000,true
7957,9353852,23,우롱차,"8,000원",8000,true
7958,9353852,24,연잎차,"8,000원",8000,true
7959,9353852,25,생강차,"8,000원",8000,true
7960,9353852,26,유자차,"7,000원",7000,true
7961,9353852,27,모과차,"7,000원",7000,true
7962,9353852,28,매실차,"7,000원",7000,true
7963,9353852,29,오미자차,"8,000원",8000,true
7964,9353852,30,생강레몬티,"10,000원",10000,true
7965,9353852,31,생강라떼,"9,000원",9000,true
7966,9353852,32,보이차,"9,000원",9000,true
7967,9353852,33,국화차,"9,000원",9000,true
7968,9353852,34,아메리카노,"6,000원",6000,true
7969,9353852,35,삼박자커피,"6,000원",6000,true
7970,9353852,36,카페라떼,"7,000원",7000,true
7971,9353852,37,생강카페라떼,"9,000원",9000,true
7972,9353852,38,아이스아메리카노,"7,000원",7000,true
7973,9353852,39,아이스삼박자커피,"7,000원",7000,true
7974,34344837,1,봉산만둣국,"14,000원",14000,true
7975,34344837,2,오징어순대,"28,000원",28000,true
7976,34344837,3,김치말이국수 (냉),"13,000원",13000,true
7977,34344837,4,열무회국수,"13,000원",13000,true
7978,34344837,5,양푼열무비빔밥,"10,000원",10000,true
7979,34344837,6,녹두빈대떡,"22,000원",22000,true
7980,34344837,7,만두전골 (소),"45,000원",45000,true
7981,34344837,8,만두전골 (대),"55,000원",55000,true
7982,34344837,9,궁중갈비찜 (1인),"30,000원",30000,true
7983,34344837,10,매운갈비찜 (1인),"30,000원",30000,true
7984,34344837,11,소고기전,"18,000원",18000,true
7985,34344837,12,접시만두,"14,000원",14000,true
7986,17623480,1,문어 스테이크,"32,000원",32000,true
7987,17623480,2,정어리 오일 파스타,"18,000원",18000,true
7988,17623480,3,에그타르트,"3,000원",3000,true
7989,17623480,4,삐리삐리 치킨 & 알감자,"29,000원",29000,true
7990,17623480,5,양고기 찬파냐,"36,000원",36000,true
7991,17623480,6,카타플라나,"39,000원",39000,true
7992,17623480,7,문어 세비체,"19,000원",19000,true
7993,17623480,8,정어리 플래터,"28,000원",28000,true
7994,17623480,9,홀리몰리 과콰몰리&나초칩,"17,000원",17000,true
7995,17623480,10,알렌테자나,"24,000원",24000,true
7996,17623480,11,문어밥,"23,000원",23000,true
7997,17623480,12,프란세지냐,"34,000원",34000,true
7998,17623480,13,브리치즈 오븐 구이,"18,000원",18000,true
7999,17623480,14,대구 빠떼,"16,000원",16000,true
8000,17623480,15,비스큐 파스타,"22,000원",22000,true
8001,17623480,16,오렌지 케이퍼 관자구이,"21,000원",21000,true
8002,17482396,1,북경오리(한마리),"90,000원",90000,true
8003,17482396,2,멘보샤(4pcs),"26,000원",26000,true
8004,17482396,3,하얀짜장,"10,000원",10000,true
8005,17482396,4,찹쌀탕수육,"30,000원",30000,true
8006,17482396,5,짜장면,"9,000원",9000,true
8007,17482396,6,철판유린기,"38,000원",38000,true
8008,17482396,7,샤오롱바오,"12,000원",12000,true
8009,17482396,8,북경오리(小),"50,000원",50000,true
8010,17482396,9,전가복,"150,000원",150000,true
8011,17482396,10,깐풍가지,"35,000원",35000,true
8012,17482396,11,소갈비짬뽕,"20,000원",20000,true
8013,17482396,12,풍미가지(소),"28,000원",28000,true
8014,3922879,1,닭칼국수,"10,000원",10000,true
8015,3922879,2,멸치칼국수,"10,000원",10000,true
8016,7149910,1,진주비빔밥,"19,000원",19000,true
8017,7149910,2,헛제사밥,"16,000원",16000,true
8018,7149910,3,조선잡채,"45,000원",45000,true
8019,7149910,4,육전,"45,000원",45000,true
8020,7149910,5,육회 (120g),"50,000원",50000,true
8021,7149910,6,석쇠불고기,"50,000원",50000,true
8022,7149910,7,차돌박이 구이,"60,000원",60000,true
8023,7149910,8,하모반상,"38,000원",38000,true
8024,7149910,9,진주반상,"63,000원",63000,true
8025,7149910,10,제철반상,"83,000원",83000,true
8026,28057392,1,쉬림프 알리올리오,"26,000원",26000,true
8027,28057392,2,리소토 버섯크림 타르투포& 스테이크,"33,000원",33000,true
8028,28057392,3,리코타치즈 샐러드,"28,000원",28000,true
8029,28057392,4,브라타치즈 샐러드,"27,000원",27000,true
8030,28057392,5,트러플 크림 뇨끼,"33,000원",33000,true
8031,28057392,6,베이컨크림 까르보나라,"25,000원",25000,true
8032,28057392,7,우니 파스타,"39,000원",39000,true
8033,28057392,8,화이트 라구 파스타,"30,000원",30000,true
8034,28057392,9,봉골레,"26,000원",26000,true
8035,28057392,10,쉬림프 핫 로제 파스타,"28,000원",28000,true
8036,28057392,11,포모도로 바질페스토,"27,000원",27000,true
8037,28057392,12,차돌김치볶음밥,"23,000원",23000,true
8038,28057392,13,한우 1++ 채끝 스테이크,"88,000원",88000,true
8039,28057392,14,양갈비 스테이크,"78,000원",78000,true
8040,28113351,1,마장동딸 시그니처세트A,"65,000원",65000,true
8041,28113351,2,마장동딸 시그니처세트B,"95,000원",95000,true
8042,28113351,3,마장동딸 시그니처세트C,"145,000원",145000,true
8043,28113351,4,등심 (100g),"23,000원",23000,true
8044,28113351,5,업진살 (100g),"19,000원",19000,true
8045,28113351,6,부채살 (100g),"22,000원",22000,true
8046,28113351,7,살치살 (100g),"30,000원",30000,true
8047,28113351,8,갈비살 (100g),"21,000원",21000,true
8048,28113351,9,안창살 (100g),"30,000원",30000,true
8049,28113351,10,차돌박이 (100g),"17,000원",17000,true
8050,28113351,11,육사시미 (200g),"35,000원",35000,true
8051,28113351,12,꽃등심/채끝등심(100g),"26,000원",26000,true
8052,4083838,1,치킨케밥,"6,900원",6900,true
8053,4083838,2,믹스케밥,"8,900원",8900,true
8054,4083838,3,양고기케밥,"7,900원",7900,true
8055,4083838,4,치킨샌드위치,"8,900원",8900,true
8056,4083838,5,양고기샌드위치,"9,900원",9900,true
8057,4083838,6,믹스샌드위치,"10,900원",10900,true
8058,4083838,7,치킨라이스플레이트,"10,500원",10500,true
8059,4083838,8,양고기라이스플레이트,"11,900원",11900,true
8060,4083838,9,믹스라이스플레이트,"12,500원",12500,true
8061,4083838,10,치킨박스케밥,"7,900원",7900,true
8062,4083838,11,양고기박스케밥,"8,900원",8900,true
8063,4083838,12,믹스박스케밥,"9,900원",9900,true
8064,13975541,1,궁중구절판,"30,000원",30000,true
8065,13975541,2,궁중해물탕,"30,000원",30000,true
8066,13975541,3,간장게장반상,"40,900원",40900,true
8067,13975541,4,점심특선,"42,000원",42000,true
8068,13975541,5,오분자기뚝배기반상,"36,900원",36900,true
8069,13975541,6,보리굴비반상,"36,900원",36900,true
8070,13975541,7,황태구이반상,"29,900원",29900,true
8071,13975541,8,전복갈비탕반상,"30,900원",30900,true
8072,13975541,9,능이버섯갈비탕반상,"30,900원",30900,true
8073,13975541,10,갈비탕반상,"25,900원",25900,true
8074,13975541,11,특전복매운갈비찜반상,"35,900원",35900,true
8075,13975541,12,특전복갈비찜반상,"34,900원",34900,true
8076,13975541,13,매운갈비찜반상,"32,900원",32900,true
8077,13975541,14,갈비찜반상,"31,900원",31900,true
8078,13975541,15,능이버섯불고기반상,"32,900원",32900,true
8079,13975541,16,불고기반상,"26,900원",26900,true
8080,13975541,17,떡갈비반상,"32,900원",32900,true
8081,7748405,1,간장게장,"39,000원",39000,true
8082,7748405,2,양념게장,"39,000원",39000,true
8083,7748405,3,홍어/골뱅이/굴무침,"35,000원",35000,true
8084,7748405,4,불고기,"29,000원",29000,true
8085,7748405,5,도토리묵무침,"29,000원",29000,true
8086,7748405,6,해물파전/굴전,"29,000원",29000,true
8087,7748405,7,홍어삼합,"45,000원",45000,true
8088,7748405,8,돼지수육,"45,000원",45000,true
8089,7748405,9,육회,"39,000원",39000,true
8090,7748405,10,북어찜,"39,000원",39000,true
8091,7748405,11,한우육전,"39,000원",39000,true
8092,7748405,12,보리굴비,"29,000원",29000,true
8093,7748405,13,계란찜/된장찌개/누룽지,"5,000원",5000,true
8094,9161890,1,대게살볶음(회원가),"32,000원",32000,true
8095,9161890,2,멘보샤(회원가),"26,400원",26400,true
8096,9161890,3,전복해물짬뽕(회원가),"12,000원",12000,true
8097,9161890,4,어향가지(회원가),"21,600원",21600,true
8098,9161890,5,전복팔보채(회원가),"43,200원",43200,true
8099,9161890,6,샤오기(회원가),"24,800원",24800,true
8100,9161890,7,카이란 소고기 볶음(회원가),"41,600원",41600,true
8101,9161890,8,깐풍기(회원가),"24,800원",24800,true
8102,9161890,9,마파두부(회원가),"20,000원",20000,true
8103,9161890,10,깐쇼새우(회원가),"24,800원",24800,true
8104,9161890,11,양주볶음밥(회원가),"9,600원",9600,true
8105,9161890,12,금사오릉(회원가),"43,200원",43200,true
8106,9161890,13,칭찡우럭(회원가),"37,600원",37600,true
8107,9161890,14,소고기 양상추 쌈(회원가),"32,000원",32000,true
8108,9161890,15,홍믄생선(회원가),"37,600원",37600,true
8109,9161890,16,두찌전복(회원가),"56,000원",56000,true
8110,9161890,17,깐풍대하(회원가),"11,200원",11200,true
8111,9161890,18,깐쇼대하(회원가),"11,200원",11200,true
8112,9161890,19,카이란 전복(회원가),"41,600원",41600,true
8113,9161890,20,주유원제(회원가),"36,000원",36000,true
8114,9161890,21,자연송이볶음,,,true
8115,9161890,22,마의상수(회원가),"24,000원",24000,true
8116,9161890,23,해삼 전복(회원가),"104,000원",104000,true
8117,28038700,1,항정살 깻잎 파스타,"31,000원",31000,true
8118,28038700,2,살몬 에그 베네딕트,"31,000원",31000,true
8119,28038700,3,전라도 묵은지 리조또,"27,000원",27000,true
8120,28038700,4,[FLCHA] 커스터마이징 꽃다발,변동가격,,true
8121,28038700,5,청양 베이컨 까르보나라,"27,000원",27000,true
8122,28038700,6,라구파스타,"31,000원",31000,true
8123,28038700,7,LA 갈비 파스타(한정),"35,000원",35000,true
8124,28038700,8,생꽃게 내장 파스타(한정),"37,000원",37000,true
8125,28038700,9,궁중 크림 떡볶이,"29,000원",29000,true
8126,28038700,10,미나리 꽃게 로제 리조또,"31,000원",31000,true
8127,28038700,11,연어 샐러드,"28,000원",28000,true
8128,28038700,12,부라타 치즈 샐러드,"29,000원",29000,true
8129,28038700,13,치킨 크림 프리카세,"29,000원",29000,true
8130,28038700,14,살치살 갈비 파이,"19,000원",19000,true
8131,28038700,15,온리고 수제떡갈비 구이,"21,000원",21000,true
8132,28038700,16,수제 토마토장 오믈렛,"18,500원",18500,true
8133,28038700,17,미나리나물 크로와상,"19,000원",19000,true
8134,28038700,18,명란 들기름 클램차우더,"17,000원",17000,true
8135,28038700,19,살치살 스테이크,"39,000원",39000,true
8136,28038700,20,연어 스테이크,"39,000원",39000,true
8137,28038700,21,그릴 통삼겹 바베큐 플레이트,"39,000원",39000,true
8138,28038700,22,크림 브륄레,"9,000원",9000,true
8139,28038700,23,하겐다즈 크로플,"13,000원",13000,true
8140,28038700,24,곶감말이,"13,000원",13000,true
8141,28038700,25,멜론 프로슈토,"15,000원",15000,true
8142,28038700,26,케이준 감자튀김,"15,000원",15000,true
8143,11846705,1,일반,"11,900원",11900,true
8144,11846705,2,중/고등학생,"10,900원",10900,true
8145,11846705,3,초등학생,"9,900원",9900,true
8146,11846705,4,미취학아동,"5,900원",5900,true
8147,16781452,1,매운소갈비찜 (1인분),"17,000원",17000,true
8148,16781452,2,크림소갈비찜 (1인분),"17,500원",17500,true
8149,16781452,3,매운소갈비찜 (1인분)(평일점심),"11,000원",11000,true
8150,12847250,1,막창구이,"14,000원",14000,true
8151,12847250,2,곱창구이,"14,000원",14000,true
8152,12847250,3,연탄갈매기,"14,000원",14000,true
8153,12847250,4,연탄꼼장어,"14,000원",14000,true
8154,12847250,5,오돌갈비,"14,000원",14000,true
8155,27523713,1,구운 토마토와 크림 파스타,"18,000원",18000,true
8156,27523713,2,썸머 수박샐러드,"9,500원",9500,true
8157,27523713,3,트러플/감태 잠봉뵈르,"16,000원",16000,true
8158,27523713,4,몽모닝플레이트,"19,000원",19000,true
8159,27523713,5,치즈 크로크무슈와 샐러드,"20,000원",20000,true
8160,27523713,6,몽가 프렌치 토스트,"14,000원",14000,true
8161,27523713,7,당근라페,"6,500원",6500,true
8162,27523713,8,미니 그린 샐러드,"10,000원",10000,true
8163,27523713,9,머쉬룸 크림스프,"13,000원",13000,true
8164,9273611,1,다시마키,"18,000원",18000,true
8165,9273611,2,야끼나스,"12,000원",12000,true
8166,9273611,3,규 카르파쵸,"25,000원",25000,true
8167,9273611,4,바지락버터구이,"13,000원",13000,true
8168,9273611,5,바지락사카무시,"12,000원",12000,true
8169,9273611,6,부타쇼가야끼,"22,000원",22000,true
8170,9273611,7,마구로야마가케,"18,000원",18000,true
8171,9273611,8,에비마요,"15,000원",15000,true
8172,9273611,9,도후철판야끼,"14,000원",14000,true
8173,9273611,10,카레향의 한치다리튀김,"14,000원",14000,true
8174,9273611,11,수제고로케,"12,000원",12000,true
8175,9273611,12,야끼교자,"13,000원",13000,true
8176,9273611,13,도미조림,"29,000원",29000,true
8177,9273611,14,마구로낫또,"15,000원",15000,true
8178,9273611,15,호타루이까,"13,000원",13000,true
8179,9273611,16,다코와사,"12,000원",12000,true
8180,9273611,17,카니미소진미,"12,000원",12000,true
8181,9273611,18,이카우니아에,"15,000원",15000,true
8182,9273611,19,슈토우,"11,000원",11000,true
8183,9273611,20,명란알,"13,000원",13000,true
8184,9273611,21,멘타이차즈케,"12,000원",12000,true
8185,9273611,22,도미차즈케,"22,000원",22000,true
8186,9273611,23,오니길(2개/1인분),"10,000원",10000,true
8187,9273611,24,야끼오니기리(2개/1인분),"11,000원",11000,true
8188,9273611,25,스즈란소바,"10,000원",10000,true
8189,9273611,26,자루소바,"10,000원",10000,true
8190,9416931,1,하교,"12,000원",12000,true
8191,9416931,2,구채교,"12,000원",12000,true
8192,9416931,3,상하이소롱포,"15,000원",15000,true
8193,9416931,4,LUNCH (1인),"70,000원",70000,true
8194,9416931,5,DINNER (1인),"90,000원",90000,true
8195,9416931,6,마라소롱포,"15,000원",15000,true
8196,9416931,7,청채교,"12,000원",12000,true
8197,9416931,8,소매,"12,000원",12000,true
8198,9416931,9,백채교,"12,000원",12000,true
8199,9416931,10,근채교,"12,000원",12000,true
8200,9416931,11,사희교,"12,000원",12000,true
8201,9416931,12,봉성선육교,"12,000원",12000,true
8202,9416931,13,XO소스의 소포,"12,000원",12000,true
8203,9416931,14,상소분과,"12,000원",12000,true
8204,9416931,15,특선냉채 (소),"55,000원",55000,true
8205,9416931,16,삼품냉채 (소),"45,000원",45000,true
8206,9416931,17,오향장육 (소),"45,000원",45000,true
8207,9416931,18,통전복냉채,"19,000원",19000,true
8208,9416931,19,고법불도장,"140,000원",140000,true
8209,9416931,20,전복청채스프,"25,000원",25000,true
8210,9416931,21,삼선짬뽕,"18,000원",18000,true
8211,9416931,22,홍콩식볶음국수,"18,000원",18000,true
8212,9416931,23,한우일품자장면,"14,000원",14000,true
8213,9416931,24,새우탕면,"18,000원",18000,true
8214,9416931,25,팔진탕면,"18,000원",18000,true
8215,9416931,26,사천탕면,"18,000원",18000,true
8216,9300469,1,왕양념갈비,"50,000원",50000,true
8217,9300469,2,한우 프리미엄,"69,000원",69000,true
8218,9300469,3,청담 본 숙성 통양념정식,"29,900원",29900,true
8219,9300469,4,청담 본(本)숙성 통양념구이,"26,900원",26900,true
8220,9300469,5,청담 본(本) 숙성 통마늘구이,"28,900원",28900,true
8221,9300469,6,진양념갈비,"39,000원",39000,true
8222,9300469,7,한우 모둠,"45,000원",45000,true
8223,9300469,8,한우꽃살,"59,000원",59000,true
8224,9300469,9,한우등심,"52,000원",52000,true
8225,9300469,10,한우육회,"36,000원",36000,true
8226,9300469,11,술래양념구이,"39,000원",39000,true
8227,9300469,12,술래양념정식,"34,000원",34000,true
8228,9300469,13,왕양념갈비정식,"55,000원",55000,true
8229,9300469,14,한우등심정식,"55,000원",55000,true
8230,9300469,15,한우즉석양념구이정식,"34,000원",34000,true
8231,9300469,16,애호박찌개,"11,000원",11000,true
8232,9300469,17,한우육회돌솥비빔밥,"15,000원",15000,true
8233,9300469,18,차돌된장찌개,"11,000원",11000,true
8234,9300469,19,한우육회비빔밥,"9,900원",9900,true
8235,8921815,1,칼국수,"10,000원",10000,true
8236,8921815,2,왕만두,"10,000원",10000,true
8237,8921815,3,칼국수 (곱빼기),"12,000원",12000,true
8238,8921815,4,메밀전병,"10,000원",10000,true
8239,8921815,5,만두전골 (대),"52,000원",52000,true
8240,8921815,6,만두전골 (중),"45,000원",45000,true
8241,8921815,7,모듬전,"25,000원",25000,true
8242,8921815,8,굴전,"30,000원",30000,true
8243,8921815,9,수육,"35,000원",35000,true
8244,8921815,10,떡만두국,"12,000원",12000,true
8245,15544918,1,Bolognese Rigattoni,"15,000원",15000,true
8246,15544918,2,Mexican Caesar Salad,"16,000원",16000,true
8247,15544918,3,Classic American Pizza,"19,500원",19500,true
8248,15544918,4,Fried Calamari,"22,000원",22000,true
8249,15544918,5,Fried Chicken,"28,000원",28000,true
8250,15544918,6,Burrata&Paprika Salad,"16,500원",16500,true
8251,15544918,7,Culatello&Melon Salad,"23,000원",23000,true
8252,15544918,8,Truffle Mushroom Cream Pasta,"15,000원",15000,true
8253,15544918,9,Bologna Cannelloni(2pcs),"16,000원",16000,true
8254,15544918,10,Chicken Jambalaya Rice,"17,000원",17000,true
8255,15544918,11,Beef Rice,"19,000원",19000,true
8256,15544918,12,Chili Con Carne&Nacho,"11,000원",11000,true
8257,15544918,13,Better Meat Taco,"14,000원",14000,true
8258,15544918,14,Bologna Croquette,"14,000원",14000,true
8259,15544918,15,Jambon Plate,"16,000원",16000,true
8260,15544918,16,Culatello Plate,"23,000원",23000,true
8261,15544918,17,Assored Charcuterie Plate,"26,000원",26000,true
8262,15544918,18,Pepperoni Cream Pizza,"19,500원",19500,true
8263,15544918,19,French Jambon Pizza,"19,500원",19500,true
8264,15544918,20,Jirisan Sausage Plate,"21,000원",21000,true
8265,15544918,21,Berkshire-K Black Pepper,"24,000원",24000,true
8266,15544918,22,K.F.C Chicken,"29,000원",29000,true
8267,15544918,23,400g Sirloin Steak with Anchovy Sauce,"110,000원",110000,true
8268,32831668,1,장어 솥밥,"19,900원",19900,true
8269,32831668,2,연어장 솥밥,"16,900원",16900,true
8270,32831668,3,소고기전골 솥밥,"15,000원",15000,true
8271,32831668,4,문어 솥밥,"15,900원",15900,true
8272,32831668,5,소꼬리찜,"59,000원",59000,true
8273,32831668,6,매콤 소꼬리찜,"62,000원",62000,true
8274,32831668,7,모듬해물장,"39,000원",39000,true
8275,32831668,8,마라삼겹 솥밥,"14,000원",14000,true
8276,32831668,9,마라가지 솥밥,"12,000원",12000,true
8277,32831668,10,한우대창 솥밥,"16,000원",16000,true
8278,32831668,11,닭목살 솥밥,"15,000원",15000,true
8279,32831668,12,1인모듬해물장 솥밥,"25,000원",25000,true
8280,32831668,13,문어전복전골 솥밥,"16,900원",16900,true
8281,32831668,14,가지 솥밥,"11,000원",11000,true
8282,32831668,15,양념꼬막 솥밥,"12,000원",12000,true
8283,32831668,16,곱창 솥밥,"15,000원",15000,true
8284,32831668,17,전복 솥밥,"15,000원",15000,true
8285,32831668,18,스테이크 솥밥,"16,000원",16000,true
8286,32831668,19,매콤돼지불고기 솥밥,"12,000원",12000,true
8287,32831668,20,돼지불고기 솥밥,"12,000원",12000,true
8288,9321716,1,창스 치킨 레터스 랩,"23,900원",23900,true
8289,9321716,2,다이너마이트 쉬림프,"17,900원",17900,true
8290,9321716,3,템푸라 깔라마리,"18,900원",18900,true
8291,9321716,4,비프 브로콜리,"30,900원",30900,true
8292,9321716,5,사천식 가지요리,"19,900원",19900,true
8293,9321716,6,마파두부,"19,900원",19900,true
8294,9321716,7,스위트 크리스피 포크,"22,900원",22900,true
8295,9321716,8,스위트&사워포크,"21,900원",21900,true
8296,9321716,9,차돌빨간탕,"31,800원",31800,true
8297,9321716,10,핫&사워수프,"15,900원",15900,true
8298,9321716,11,미소연어스테이크,"39,000원",39000,true
8299,9321716,12,솔트&페퍼프론,"32,900원",32900,true
8300,9321716,13,뽀모도로갈릭프론,"32,900원",32900,true
8301,9321716,14,크리스피허니쉬림프,"31,900원",31900,true
8302,9321716,15,링 오브 파이어 쉬림프,"31,900원",31900,true
8303,9321716,16,크리스피허니치킨,"20,900원",20900,true
8304,9321716,17,스위트&사워치킨,"21,900원",21900,true
8305,9321716,18,오렌지치킨,"22,900원",22900,true
8306,9321716,19,창스스파이시치킨,"20,900원",20900,true
8307,9321716,20,세사이치킨,"22,900원",22900,true
8308,21156127,1,갑오징어볶음(대),"120,000원",120000,true
8309,21156127,2,장어볶음(대),"120,000원",120000,true
8310,21156127,3,장어탕(대),"120,000원",120000,true
8311,21156127,4,간재미무침(대),"120,000원",120000,true
8312,21156127,5,"간재미찜, 탕(대)","120,000원",120000,true
8313,21156127,6,갑오징어무침(대),"120,000원",120000,true
8314,21156127,7,"산낙지볶음, 무침(대)","120,000원",120000,true
8315,21156127,8,산낙지 연포탕(대),"120,000원",120000,true
8316,27970466,1,미박삼겹살(150g),"15,000원",15000,true
8317,27970466,2,갈비본살,"23,000원",23000,true
8318,27970466,3,특목살(150g),"15,000원",15000,true
8319,27970466,4,회냉면,"7,000원",7000,true
8320,27970466,5,물냉면,"6,000원",6000,true
8321,27970466,6,도가니된장,"5,000원",5000,true
8322,27970466,7,비빔면,"4,500원",4500,true
8323,27970466,8,라면,"4,500원",4500,true
8324,25279428,1,우대갈비 리조또,"38,000원",38000,true
8325,25279428,2,씨푸드로제 리조또,"35,000원",35000,true
8326,25279428,3,게우 리조또,"35,000원",35000,true
8327,25279428,4,트러플양송이 리조또,"31,000원",31000,true
8328,25279428,5,등심 스테이크(170g),"80,000원",80000,true
8329,25279428,6,안심 스테이크(150g),"90,000원",90000,true
8330,25279428,7,뽀르게따 스테이크(190g),"70,000원",70000,true
8331,25279428,8,양갈비 스테이크(300g),"90,000원",90000,true
8332,25279428,9,봉골레,"33,000원",33000,true
8333,25279428,10,까르보나라,"30,000원",30000,true
8334,25279428,11,씨푸드(토마토 또는 크림 선택),"34,000원",34000,true
8335,25279428,12,볼로네제,"30,000원",30000,true
8336,25279428,13,빼쉐,"34,000원",34000,true
8337,25279428,14,부라타 토마토 딸리아뗄레,"32,000원",32000,true
8338,25279428,15,랍스타 살로 속을 채운 콘치글리오니,"33,000원",33000,true
8339,25279428,16,뽈뽀 알라 그릴리아,"28,000원",28000,true
8340,25279428,17,훈제 관자,"25,000원",25000,true
8341,25279428,18,카르파치오,"29,000원",29000,true
8342,25279428,19,부라타샐러드,"27,000원",27000,true
8343,25279428,20,산타페샐러드,"25,000원",25000,true
8344,25279428,21,시저샐러드,"25,000원",25000,true
8345,25279428,22,소프트쉘크랩 샐러드,"29,000원",29000,true
8346,25279428,23,오늘의수프,"15,000원",15000,true
8347,25279428,24,양송이수프,"17,000원",17000,true
8348,25279428,25,꼬제수프,"21,000원",21000,true
8349,4075085,1,계란말이,"6,000원",6000,true
8350,4075085,2,돼지김치찌개,"10,000원",10000,true
8351,4075085,3,제육볶음,"12,000원",12000,true
8352,4075085,4,생두부,"3,000원",3000,true
8353,11671920,1,트러플크림파케리,"23,000원",23000,true
8354,11671920,2,아메리카노,"5,000원",5000,true
8355,11671920,3,카페라떼,"6,000원",6000,true
8356,11671920,4,바닐라라떼,"6,500원",6500,true
8357,11671920,5,카푸치노,"6,000원",6000,true
8358,11671920,6,아인슈페너,"6,000원",6000,true
8359,11671920,7,크림라떼,"6,500원",6500,true
8360,11671920,8,오렌지크림샤벳,"5,000원",5000,true
8361,11671920,9,써니라떼,"6,500원",6500,true
8362,11671920,10,트로피칼에이드,"7,000원",7000,true
8363,11671920,11,자몽티,"4,500원",4500,true
8364,11671920,12,레몬티,"4,500원",4500,true
8365,11671920,13,허브티,"6,500원",6500,true
8366,11671920,14,오렌지착즙주스,"7,000원",7000,true
8367,11671920,15,앤초비소스스파게티니,"22,000원",22000,true
8368,11671920,16,매콤한초리조크림뇨끼,"23,000원",23000,true
8369,11671920,17,봉골레링귀니,"23,000원",23000,true
8370,11671920,18,페퍼로니피자,"23,000원",23000,true
8371,11671920,19,마르게리따피자,"19,000원",19000,true
8372,11671920,20,감자스프,"15,000원",15000,true
8373,11671920,21,에그베네딕트,"19,000원",19000,true
8374,11671920,22,카프레제 샐러드,"15,000원",15000,true
8375,11671920,23,케이준 치킨 샐러드,"18,000원",18000,true
8376,11671920,24,수제 리코타 치즈 샐러드,"19,000원",19000,true
8377,11671920,25,프로슈토햄루꼴라,"23,000원",23000,true
8378,11671920,26,불고기미트볼,"23,000원",23000,true
8379,11671920,27,콰트로프로마지,"22,000원",22000,true
8380,11671920,28,써니브랙퍼스트,"17,000원",17000,true
8381,11671920,29,프렌치토스트,"15,000원",15000,true
8382,11671920,30,명란마늘쫑새우,"23,000원",23000,true
8383,11671920,31,쇠고기라구,"22,000원",22000,true
8384,11671920,32,미트볼토마토파스타,"23,000원",23000,true
8385,11671920,33,쇠고기버섯크림,"21,000원",21000,true
8386,11671920,34,새우로제링귀니,"22,000원",22000,true
8387,11671920,35,매콤베이컨새우로제,"21,000원",21000,true
8388,11671920,36,아포가토,"7,000원",7000,true
8389,11671920,37,브라우니 바닐라아이스크림,"8,900원",8900,true
8390,11671920,38,조각케이크,"6,500원",6500,true
8391,11671920,39,연유라떼,"6,500원",6500,true
8392,11671920,40,딸기라떼,"6,500원",6500,true
8393,11671920,41,망고라떼,"6,500원",6500,true
8394,11671920,42,마시멜로 코코아,,,true
8395,11671920,43,말차라데,"6,500원",6500,true
8396,11671920,44,밤라떼,"6,500원",6500,true
8397,11671920,45,베리말차라떼,"7,500원",7500,true
8398,11671920,46,딸기에이드,"6,500원",6500,true
8399,11671920,47,자몽에이드,"6,500원",6500,true
8400,11671920,48,레몬에이드,"6,500원",6500,true
8401,11671920,49,자두에이드,"6,500원",6500,true
8402,11671920,50,라임민트에이드,"6,500원",6500,true
8403,11671920,51,패션푸르츠에이드,"6,500원",6500,true
8404,11671920,52,샤인머스켓 에이드,"6,500원",6500,true
8405,8959701,1,돼지갈비 (1인분),"20,000원",20000,true
8406,8959701,2,명품 소갈비(생) (1인분),"49,000원",49000,true
8407,8959701,3,명석갈비 (1인분),"24,000원",24000,true
8408,8959701,4,명품생삼겹살 (1인분),"21,000원",21000,true
8409,8959701,5,한우육회(150g),"29,000원",29000,true
8410,8959701,6,한우특등심 (1인분),"53,000원",53000,true
8411,8959701,7,명품소갈비(양념) (1인분),"46,000원",46000,true
8412,8959701,8,진꽃갈비살 (1인분),"48,000원",48000,true
8413,8959701,9,돼지갈비정식 (1인분),"22,000원",22000,true
8414,8959701,10,멍석갈비정식 (1인분),"25,000원",25000,true
8415,8959701,11,명품소갈비정식 (1인분),"49,000원",49000,true
8416,8959701,12,"왕갈비탕 (점심,저녁식사)","18,000원",18000,true
8417,8959701,13,소고기국밥 (점심식사),"13,000원",13000,true
8418,8959701,14,강된장비빔밥 (점심식사),"12,000원",12000,true
8419,8959701,15,제육쌈밥 (점심식사),"12,000원",12000,true
8420,8959701,16,"김치찌개 (점심,저녁식사)","13,000원",13000,true
8421,8959701,17,돼지갈비찜 (점심식사),"12,000원",12000,true
8422,8959701,18,소갈비된장찌개 (점심식사),"14,000원",14000,true
8423,8959701,19,"함흥물냉면 (점심,저녁식사)","10,000원",10000,true
8424,8959701,20,"함흥비빔냉면 (점심,저녁식사)","10,000원",10000,true
8425,20942583,1,단호박 크림 뇨끼,"20,000원",20000,true
8426,20942583,2,라구 라자냐(한정수량),"22,000원",22000,true
8427,20942583,3,스모크 등심햄(80g),"6,000원",6000,true
8428,20942583,4,스모크 목살햄(80g),"8,000원",8000,true
8429,20942583,5,스모크 베이컨(80g),"7,000원",7000,true
8430,20942583,6,스모크 항정햄(80g),"8,000원",8000,true
8431,20942583,7,스모크햄 플래터(S),"23,000원",23000,true
8432,20942583,8,바게트(4pcs),"1,500원",1500,true
8433,20942583,9,스모크햄 플래터(L),"31,000원",31000,true
8434,20942583,10,부라타 카프레제 샐러드,"20,000원",20000,true
8435,20942583,11,스모크 항정햄 알리오올리오,"17,000원",17000,true
8436,20942583,12,양송이 크림 딸리아펠레,"19,000원",19000,true
8437,20942583,13,아라비아따 뇨끼,"20,000원",20000,true
8438,20942583,14,바질 크림 뇨끼,"20,000원",20000,true
8439,33678185,1,감자탕(소),"32,000원",32000,true
8440,33678185,2,뼈찜(중),"43,000원",43000,true
8441,33678185,3,뼈해장국,"9,000원",9000,true
8442,33678185,4,감자탕(중),"39,000원",39000,true
8443,33678185,5,감자탕(대),"46,000원",46000,true
8444,33678185,6,뼈찜(소),"36,000원",36000,true
8445,33678185,7,뼈찜(대),"49,000원",49000,true
8446,33678185,8,뼈구이(소),"36,000원",36000,true
8447,33678185,9,뼈구이(중),"43,000원",43000,true
8448,33678185,10,뼈구이(대),"49,000원",49000,true
8449,9173380,1,카이막1인세트,"11,900원",11900,true
8450,9173380,2,바클라와,"3,000원",3000,true
8451,9173380,3,시미트,"4,300원",4300,true
8452,9173380,4,플레인 포하차,"3,900원",3900,true
8453,9173380,5,치즈 포하차,"4,300원",4300,true
8454,9173380,6,바클라바 레귤러 （6pcs）,"12,900원",12900,true
8455,9173380,7,바클라바 믹스 （9pcs）,"18,900원",18900,true
8456,9173380,8,바클라바 라지 （Mix）,"24,900원",24900,true
8457,9173380,9,터키쉬 딜라이트（로쿰） 100gr,"6,900원",6900,true
8458,9173380,10,터키쉬 딜라이트（로쿰） 200gr,"12,900원",12900,true
8459,33991464,1,투뿔나인 된장찌개,"9,900원",9900,true
8460,33991464,2,투뿔나인 양곰탕,"20,000원",20000,true
8461,33991464,3,깍두기 볶음밥,"9,500원",9500,true
8462,33991464,4,특상 양념갈비 100g,"33,000원",33000,true
8463,33991464,5,투뿔나인 뚝불 (한정판매),"15,000원",15000,true
8464,33991464,6,투뿔나인 육회비빔밥,"16,000원",16000,true
8465,33991464,7,투뿔나인 사골곰탕,"15,000원",15000,true
8466,33991464,8,투뿔한우 짜파게티,"11,000원",11000,true
8467,33991464,9,한우모둠 (100g),"11,000원",11000,true
8468,33991464,10,프리미엄모둠(100g),"17,500원",17500,true
8469,33991464,11,스페셜모둠(100g),"23,500원",23500,true
8470,33991464,12,갈비살(100g),"14,500원",14500,true
8471,33991464,13,안심(100g),"20,000원",20000,true
8472,33991464,14,살치살(100g),"20,500원",20500,true
8473,33991464,15,꽃등심(100g),"23,000원",23000,true
8474,33991464,16,안창살(100g),"35,000원",35000,true
8475,33991464,17,토시살(100g),"35,000원",35000,true
8476,33991464,18,시그니쳐 소한마리 모둠(100g),"30,000원",30000,true
8477,33991464,19,특상 생갈비 100g,"34,500원",34500,true
8478,33991464,20,갈비 모둠 100g,"27,000원",27000,true
8479,5287828,1,프리미엄 2인 세트,"169,000원",169000,true
8480,5287828,2,커플 2인 세트,"119,000원",119000,true
8481,5287828,3,티본 2인 세트,"209,000원",209000,true
8482,10235656,1,농어스테이크,"42,000원",42000,true
8483,10235656,2,바칼라우크로켓,"12,000원",12000,true
8484,10235656,3,포르투갈문어스테이크,"38,000원",38000,true
8485,10235656,4,바칼라우파스타,"26,000원",26000,true
8486,10235656,5,방어카르파치오,"31,000원",31000,true
8487,10235656,6,포르투갈식바지락찜,"25,000원",25000,true
8488,10235656,7,쥬키니샐러드,"18,000원",18000,true
8489,10235656,8,포르투갈해물밥,"35,000원",35000,true
8490,4035229,1,（인도요리）디너 A세트 아시안 음식 2人,"60,000원",60000,true
8491,4035229,2,（인도요리）런치 A세트 2人,"42,000원",42000,true
8492,4035229,3,치킨 버터 마살라 CBM 인도카레,"13,000원",13000,true
8493,4035229,4,파락 파니르 인도커리 PP,"13,000원",13000,true
8494,4035229,5,믹스드 툭바 Mixed Thupa,"13,000원",13000,true
8495,4035229,6,탄두리샐러드 T.Salad,"16,000원",16000,true
8496,4035229,7,사모사Samosa,"5,000원",5000,true
8497,4035229,8,탄두리치킨 Tandoori C,"13,000원",13000,true
8498,4035229,9,탄두리 프로운Tandoori P,"24,000원",24000,true
8499,4035229,10,버팔로 윙 B.W,"16,000원",16000,true
8500,4035229,11,치킨티카 마살라CTM 인도커리,"13,000원",13000,true
8501,4035229,12,치킨 마크니CM 인도커리,"12,000원",12000,true
8502,4035229,13,（인도）치킨 커리CC 인도커리,"11,000원",11000,true
8503,4035229,14,치킨 빈달로CV 인도커리,"13,000원",13000,true
8504,4035229,15,무르그 하자라MH 인도커리,"13,000원",13000,true
8505,4035229,16,치킨 도피아자CD 인도커리,"13,000원",13000,true
8506,4035229,17,치킨 삭왈라CS,"13,000원",13000,true
8507,4035229,18,프로운 마크니PM,"13,000원",13000,true
8508,4035229,19,프로운 빈달로PV,"13,000원",13000,true
8509,4035229,20,프로운 칠리PC,"13,000원",13000,true
8510,4035229,21,나브라탄 고르마 인도커리 NK,"13,000원",13000,true
8511,4035229,22,달 타르가 인도커리 DT,"13,000원",13000,true
8512,4035229,23,파니어 버터 마살라 인도커리 PBM,"13,000원",13000,true
8513,4035229,24,플레인 난 P.Naan,"3,000원",3000,true
8514,4035229,25,버터 난 B.Naan,"3,500원",3500,true
8515,4035229,26,갈릭 난 G.Naan,"3,500원",3500,true
8516,4035229,27,스위트 난 Sweet Naan,"3,500원",3500,true
8517,4035229,28,강황 플레인 라이스P.Rice,"2,000원",2000,true
8518,4035229,29,차왈（인도 바스마티 라이스） Chawal,"4,000원",4000,true
8519,4035229,30,베지 브리야니 V.Briyani,"14,000원",14000,true
8520,25306606,1,설렁탕,"14,000원",14000,true
8521,25306606,2,특설렁탕,"21,000원",21000,true
8522,25306606,3,비빔냉면,"14,000원",14000,true
8523,25306606,4,물냉면,"14,000원",14000,true
8524,25306606,5,내장탕,"14,000원",14000,true
8525,25306606,6,우족탕,"27,000원",27000,true
8526,25306606,7,도가니탕,"27,000원",27000,true
8527,25306606,8,소한마리탕,"27,000원",27000,true
8528,25306606,9,특내장탕,"21,000원",21000,true
8529,25306606,10,얼큰수육전골(소),"70,000원",70000,true
8530,25306606,11,얼큰수육전골(대),"85,000원",85000,true
8531,28144426,1,회무침,"10,000원",10000,true
8532,28144426,2,차돌박이 숙주볶음,"15,000원",15000,true
8533,28144426,3,해물짬뽕탕,"15,000원",15000,true
8534,28144426,4,광어 (2P),"4,000원",4000,true
8535,28144426,5,광어 지느러미 (2P),"5,000원",5000,true
8536,28144426,6,모듬사시미,"49,000원",49000,true
8537,8595441,1,전복갈비찜 정식,"28,000원",28000,true
8538,8595441,2,보리굴비 정식,"24,000원",24000,true
8539,8595441,3,불고기 정식,"24,000원",24000,true
8540,8595441,4,전복회,"40,000원",40000,true
8541,8595441,5,해물버섯잡채,"25,000원",25000,true
8542,8595441,6,해물파전,"25,000원",25000,true
8543,8595441,7,회무침,"25,000원",25000,true
8544,8595441,8,낙지볶음,"25,000원",25000,true
8545,8595441,9,한우 갈비탕,"27,000원",27000,true
8546,8595441,10,전복 갈비탕,"18,000원",18000,true
8547,8595441,11,우거지 갈비탕,"21,000원",21000,true
8548,8595441,12,보양도가니탕,"15,000원",15000,true
8549,8595441,13,한우육회비빔밥,"16,000원",16000,true
8550,8595441,14,전복비빔밥,"19,000원",19000,true
8551,9187305,1,아메리카노,"2,500원",2500,true
8552,9187305,2,카페라떼,"3,000원",3000,true
8553,9187305,3,핫초콜릿,"3,500원",3500,true
8554,9187305,4,홍차 라떼,"3,500원",3500,true
8555,9187305,5,자몽에이드,"4,000원",4000,true
8556,11778590,1,마늘소금닭갈비(1인),"15,000원",15000,true
8557,11778590,2,간장양념닭갈비(1인),"15,000원",15000,true
8558,11778590,3,매운양념닭갈비(1인),"15,000원",15000,true
8559,11778590,4,더덕구이,"11,000원",11000,true
8560,11778590,5,초계국수,"8,000원",8000,true
8561,11778590,6,야채구이,"4,000원",4000,true
8562,11778590,7,닭발튀김,"6,000원",6000,true
8563,11778590,8,계란찜,"4,000원",4000,true
8564,11778590,9,주먹밥,"4,000원",4000,true
8565,3923364,1,닭무침 (반),"15,000원",15000,true
8566,3923364,2,초계탕 (2인),"34,000원",34000,true
8567,3923364,3,평양냉면,"14,000원",14000,true
8568,3923364,4,전통불고기 (2인),"48,000원",48000,true
8569,3923364,5,제육 (반),"18,000원",18000,true
8570,3923364,6,비빔냉면,"14,000원",14000,true
8571,3923364,7,온면,"14,000원",14000,true
8572,3923364,8,육개장,"11,000원",11000,true
8573,3923364,9,평양어복쟁반 (소),"69,000원",69000,true
8574,3923364,10,떡국,"10,000원",10000,true
8575,3923364,11,만두국,"10,000원",10000,true
8576,3923364,12,장국밥,"11,000원",11000,true
8577,3923364,13,김치만두전골 (2인),"24,000원",24000,true
8578,3923364,14,평양어복쟁반 (대),"88,000원",88000,true
8579,3923364,15,닭무침,"25,000원",25000,true
8580,3923364,16,제육,"30,000원",30000,true
8581,3923364,17,녹두지짐,"20,000원",20000,true
8582,3923364,18,녹두지짐 (반),"12,000원",12000,true
8583,3923364,19,평양손만두 (6p),"13,000원",13000,true
8584,3923364,20,평양손만두 (4p),"9,000원",9000,true
8585,3923364,21,평양손만두 (7p),"7,000원",7000,true
8586,4081801,1,굴보쌈(소),"32,000원",32000,true
8587,4081801,2,마늘보쌈(소),"30,000원",30000,true
8588,4081801,3,굴보쌈(대),"48,000원",48000,true
8589,4081801,4,굴보쌈(중),"40,000원",40000,true
8590,4081801,5,고기보쌈(대),"45,000원",45000,true
8591,4081801,6,고기보쌈(중),"38,000원",38000,true
8592,4081801,7,고기보쌈(소),"29,000원",29000,true
8593,4081801,8,마늘보쌈(대),"47,000원",47000,true
8594,4081801,9,마늘보쌈(중),"40,000원",40000,true
8595,4081801,10,모듬(족발+보쌈),"50,000원",50000,true
8596,4081801,11,한방족발(대),"45,000원",45000,true
8597,4081801,12,한방족발(중),"38,000원",38000,true
8598,4081801,13,감자탕(대),"35,000원",35000,true
8599,4081801,14,감자탕(중),"30,000원",30000,true
8600,4081801,15,감자탕(소),"25,000원",25000,true
8601,4081801,16,닭도리탕(대),"35,000원",35000,true
8602,4081801,17,닭도리탕(중),"30,000원",30000,true
8603,4081801,18,닭도리탕(소),"25,000원",25000,true
8604,4081801,19,낙지볶음(대),"40,000원",40000,true
8605,4081801,20,낙지볶음(중),"35,000원",35000,true
8606,4081801,21,낙지볶음(소),"30,000원",30000,true
8607,4081801,22,낙지전골(대),"45,000원",45000,true
8608,4081801,23,낙지전골(중),"40,000원",40000,true
8609,4081801,24,낙지전골(소),"35,000원",35000,true
8610,4081801,25,아귀찜(중),"48,000원",48000,true
8611,4081801,26,아귀찜(소),"38,000원",38000,true
8612,4081801,27,낙지보쌈(대),"55,000원",55000,true
8613,4081801,28,낙지보쌈(중),"45,000원",45000,true
8614,4081801,29,낙지보쌈(소),"35,000원",35000,true
8615,9107858,1,목살 (200g),"20,000원",20000,true
8616,9107858,2,삼겹살 (200g),"20,000원",20000,true
8617,9107858,3,전투라면,"8,000원",8000,true
8618,9107858,4,갈매기살 (160g),"20,000원",20000,true
8619,9107858,5,항정살 (150g),"21,000원",21000,true
8620,9107858,6,차돌된장솔밥,"8,000원",8000,true
8621,9107858,7,계란찜,"8,000원",8000,true
8622,9107858,8,물(비)냉면,"7,000원",7000,true
8623,9013700,1,수플레오믈렛 멘타이꼬 리조또,"16,000원",16000,true
8624,9013700,2,매콤 새우 버섯 토마토소스,"14,000원",14000,true
8625,9013700,3,매운 해물 페페론치노,"15,000원",15000,true
8626,9013700,4,마늘 듬뿍 베이컨 알리오올리오,"14,000원",14000,true
8627,9013700,5,까망베르 베이컨 까르보나라,"14,000원",14000,true
8628,9013700,6,다카나 멘타이꼬 하카타풍,"14,000원",14000,true
8629,9013700,7,오믈렛 멘타이꼬 스파게티,"14,000원",14000,true
8630,9013700,8,까르보나라 멘타이꼬,"13,000원",13000,true
8631,9013700,9,소시지 & 스팸 나폴리탄,"14,000원",14000,true
8632,9013700,10,요쿠바리 간장버터,"15,000원",15000,true
8633,9013700,11,치킨 카라아게 미트소스,"14,000원",14000,true
8634,9013700,12,까르보나라 베이컨 칠리 토마토,"14,000원",14000,true
8635,9013700,13,슈림프 모짜렐라 치즈,"14,000원",14000,true
8636,9013700,14,모짜렐라 가지 미트소스,"14,000원",14000,true
8637,9013700,15,수플레오믈렛 새우 크림소스 리조또,"16,000원",16000,true
8638,9013700,16,수플레오믈렛 새우 로제소스 리조또,"16,000원",16000,true
8639,9013700,17,디저트,"6,000원",6000,true
8640,9013700,18,"수제 멘치카츠, 캬베츠 멘치카츠","6,400원",6400,true
8641,9013700,19,수제 카라아게,"5,400원",5400,true
8642,9013700,20,웨지감자 with 명란마요,"4,400원",4400,true
8643,9371648,1,맷돌빈대떡,"5,000원",5000,true
8644,9371648,2,육회김밥,"11,000원",11000,true
8645,9371648,3,육전,"25,000원",25000,true
8646,9371648,4,모듬전,"20,000원",20000,true
8647,9371648,5,해물파전,"15,000원",15000,true
8648,9371648,6,순대,"7,000원",7000,true
8649,9371648,7,고기완자(2장),"8,000원",8000,true
8650,9371648,8,육회탕탕이,"35,000원",35000,true
8651,9371648,9,육회,"21,000원",21000,true
8652,9371648,10,탕탕이,"16,000원",16000,true
8653,9371648,11,물냉면,"7,000원",7000,true
8654,9371648,12,김치말이국수,"7,000원",7000,true
8655,9371648,13,조개탕,"15,000원",15000,true
8656,9371648,14,육회비빔밥,"11,000원",11000,true
8657,9371648,15,육회냉면,"11,000원",11000,true
8658,9371648,16,떡볶이,"5,000원",5000,true
8659,9371648,17,해물빈대떡+완자세트,"17,000원",17000,true
8660,9371648,18,고기빈대떡+완자세트,"17,000원",17000,true
8661,9371648,19,육회+사시미,"39,000원",39000,true
8662,9371648,20,육회+빈대떡+광장김밥,"30,000원",30000,true
8663,9371648,21,해물빈대떡,"10,000원",10000,true
8664,9371648,22,고기빈대떡,"10,000원",10000,true
8665,9371648,23,새우완자(2장),"10,000원",10000,true
8666,9371648,24,육사시미,"35,000원",35000,true
8667,9371648,25,"간,천엽","17,000원",17000,true
8668,9371648,26,산낙지,"17,000원",17000,true
8669,9371648,27,오징어숙회,"12,000원",12000,true
8670,9371648,28,오뎅탕,"15,000원",15000,true
8671,9371648,29,명태회냉면,"11,000원",11000,true
8672,9371648,30,비빔냉면,"7,000원",7000,true
8673,9371648,31,바지락칼국수,"8,000원",8000,true
8674,9371648,32,비빔밥,"8,000원",8000,true
8675,9371648,33,잔치국수,"7,000원",7000,true
8676,9371648,34,광장김밥,"5,000원",5000,true
8677,9371648,35,계란찜,"7,000원",7000,true
8678,4078824,1,족발(소),"30,000원",30000,true
8679,4078824,2,막국수,"8,000원",8000,true
8680,4078824,3,족발(특대),"60,000원",60000,true
8681,4078824,4,족발(대),"50,000원",50000,true
8682,4078824,5,족발(중),"40,000원",40000,true
8683,4078824,6,빈대떡,"8,000원",8000,true
8684,4078914,1,백숙백반,"10,000원",10000,true
8685,4078914,2,통백숙,"20,000원",20000,true
8686,4078914,3,칼국수,"8,000원",8000,true
8687,4078914,4,칼국수(날계란 추가),"8,500원",8500,false
8688,4075416,1,옛날보리밥,"9,000원",9000,true
8689,4075416,2,석쇠구이쌈밥,"14,000원",14000,true
8690,4075416,3,해물파전,"19,000원",19000,true
8691,4075416,4,군두부,"10,000원",10000,true
8692,4075416,5,순두부,"9,000원",9000,true
8693,4075416,6,두부김치,"20,000원",20000,true
8694,4075416,7,도토리묵,"20,000원",20000,true
8695,4075416,8,부추장떡,"19,000원",19000,true
8696,4075416,9,두부버섯전골,"48,000원",48000,true
8697,4075416,10,닭백숙,"58,000원",58000,true
8698,4075416,11,한방오리백숙,"60,000원",60000,true
8699,4075416,12,생오리로스백,"60,000원",60000,true
8700,4075416,13,생오리주물럭,"60,000원",60000,true
8701,4075416,14,생두부,"8,000원",8000,true
8702,4075416,15,황태구이,"18,000원",18000,true
8703,4075416,16,녹두빈대떡,"19,000원",19000,true
8704,4075416,17,고추장삼겹살,"15,000원",15000,true
8705,4075416,18,훈제통삼겹,"32,000원",32000,true
8706,4075416,19,훈제오리,"60,000원",60000,true
8707,4075416,20,토종닭백숙,"58,000원",58000,true
8708,4075416,21,토종닭매운탕,"58,000원",58000,true
8709,4075416,22,생오리로스,"60,000원",60000,true
8710,4075416,23,더덕석쇠구이,"20,000원",20000,true
8711,3571296,1,돈까스 비빔밥 정식,"15,500원",15500,true
8712,3571296,2,무항생제 남산 돈까스,"12,800원",12800,true
8713,3571296,3,투뿔 한우 육회 비빔밥,"16,000원",16000,true
8714,3571296,4,산채비빔밥,"10,000원",10000,true
8715,3571296,5,불고기 비빔밥,"14,000원",14000,true
8716,3571296,6,치즈 돈까스,"14,800원",14800,true
8717,3571296,7,매운 돈까스,"13,800원",13800,true
8718,3571296,8,매콤 낙지 돌솥 비빔밥,"17,000원",17000,true
8719,3571296,9,돈방생반 반반정식,"16,000원",16000,true
8720,3571296,10,산채집 된장보쌈(150g),"18,000원",18000,true
8721,3571296,11,매콤낙지 직화볶음(150g),"25,000원",25000,true
8722,3571296,12,참도토리묵 야채무침,"15,000원",15000,true
8723,3571296,13,전의전쟁 330부추전,"14,000원",14000,true
8724,3571296,14,김치치즈전,"16,500원",16500,true
8725,3571296,15,제주바다 생선까스(제주존도리피쉬),"15,000원",15000,true
8726,32861152,1,즉석떡볶이,"7,900원",7900,true
8727,32861152,2,고기탕수육,"6,900원",6900,true
8728,32861152,3,컵라면볶음밥,"6,000원",6000,true
8729,32861152,4,순두부찌개,"12,900원",12900,true
8730,13906624,1,잠봉뵈르 샌드위치,"8,500원",8500,true
8731,13906624,2,광화문 라떼,"5,800원",5800,true
8732,13906624,3,볼케이노 베이글,"3,300원",3300,true
8733,13906624,4,무화과 스프레드,"2,400원",2400,true
8734,13906624,5,볼케이노 피그 샌드위치,"8,500원",8500,true
8735,13906624,6,플레인 베이글,"2,800원",2800,true
8736,13906624,7,허니밀크 베이글,"3,100원",3100,true
8737,13906624,8,플레인 스프레드,"2,400원",2400,true
8738,13906624,9,플랫 화이트 9oz,"4,900원",4900,true
8739,13906624,10,플랫 화이트 5oz,"4,900원",4900,true
8740,13906624,11,피콜로,"4,500원",4500,true
8741,13906624,12,롱블랙,"4,500원",4500,true
8742,13906624,13,오늘의 드립커피,"5,000원",5000,true
8743,13906624,14,플레인 스콘,"4,200원",4200,true
8744,13906624,15,무화과 스콘,"4,600원",4600,true
8745,13906624,16,아보카도 에그 샌드위치,"8,500원",8500,true
8746,4032782,1,자연산바위굴 (고래불 3대 시그니처),"88,000원",88000,true
8747,4032782,2,독도꽃새우( 고래불 3대 시그니처),"88,000원",88000,true
8748,4032782,3,고래고기 120g (고래불 3대 시그니처),"170,000원",170000,true
8749,4032782,4,대방어회 (중) 사전예약 (5팀한정),"180,000원",180000,true
8750,4032782,5,대방어회 (대) 사전예약 (5팀한정),"240,000원",240000,true
8751,4032782,6,대방어회 (소) 사전예약 (5팀한정),"120,000원",120000,true
8752,4032782,7,바다물곰탕(곰치국) 시그니처 점심메뉴,"40,000원",40000,true
8753,4032782,8,영덕게살비빔밥(점심메뉴) 강민경유튜브,"29,000원",29000,true
8754,4032782,9,성게모둠물회(점심메뉴) 강민경유튜브,"36,000원",36000,true
8755,4032782,10,장어덮밥(점심메뉴) 강민경유튜브,"40,000원",40000,true
8756,4032782,11,바다정원 (시그니처를 담은 디너코스),"198,000원",198000,true
8757,4032782,12,바다향기 (프리미엄 디너코스),"178,000원",178000,true
8758,4032782,13,바다바람 (셰프 스페셜 디너코스),"128,000원",128000,true
8759,4032782,14,바다풍경 (고래불 디너코스),"98,000원",98000,true
8760,4032782,15,사랑코스 (사랑받는 점심특선 코스),"75,000원",75000,true
8761,4032782,16,다정코스 (점심특선 코스),"55,000원",55000,true
8762,4032782,17,화목코스 (점심특선 코스),"45,000원",45000,true
8763,4032782,18,송이전복탕 (점심메뉴),"35,000원",35000,true
8764,28099023,1,육회김밥,"10,700원",10700,true
8765,28099023,2,어묵튀김도떡볶이,"7,500원",7500,true
8766,28099023,3,김치볶음밥,"11,400원",11400,true
8767,28099023,4,순대튀김,"6,300원",6300,true
8768,28099023,5,명란에그라이스,"11,500원",11500,true
8769,28099023,6,도산무침만두,"7,300원",7300,true
8770,28099023,7,누룽지 떡강정,"5,300원",5300,true
8771,28099023,8,칠리탕수김말이,"6,400원",6400,true
8772,28099023,9,마라김말이,"6,400원",6400,true
8773,28099023,10,새우카츠 샌드,"11,800원",11800,true
8774,28099023,11,도산비빔면,"12,000원",12000,true
8775,28099023,12,스파이시포크볼,"12,600원",12600,true
8776,26011823,1,한우1++특상모듬(400g),"89,000원",89000,true
8777,26011823,2,마늘갈비살(150g),"19,000원",19000,true
8778,26011823,3,1++한우 안창살(100g),"31,000원",31000,true
8779,26011823,4,1++한우 살치살(100g),"28,000원",28000,true
8780,26011823,5,1++한우등심(100g),"24,000원",24000,true
8781,26011823,6,1++한우 갈비살,"23,000원",23000,true
8782,26011823,7,한라산 한우육회,"19,000원",19000,true
8783,26011823,8,약고추장 한우육회비빔밥,"10,000원",10000,true
8784,26011823,9,제주 얼큰육개장,"9,000원",9000,true
8785,26011823,10,제주푸른콩 시골된장찌개,"8,000원",8000,true
8786,26011823,11,제주향보리냉면,"8,000원",8000,true
8787,12686437,1,깨비불고기,"17,000원",17000,true
8788,12686437,2,소갈비찜 (소),"40,000원",40000,true
8789,12686437,3,깨비갈비살,"22,000원",22000,true
8790,12686437,4,삼겹살,"16,000원",16000,true
8791,12686437,5,깨비불고기 (점심특선),"12,000원",12000,true
8792,12686437,6,왕우족갈비탕,"15,000원",15000,true
8793,12686437,7,육개장,"9,000원",9000,true
8794,12686437,8,순두부찌개,"8,000원",8000,true
8795,12686437,9,돌솥비빔밥,"8,500원",8500,true
8796,12686437,10,된장찌개,"7,000원",7000,true
8797,12686437,11,김치찌개,"8,500원",8500,true
8798,12686437,12,물냉면,"8,000원",8000,true
8799,12686437,13,비빔냉면,"8,000원",8000,true
8800,12686437,14,해물파전,"14,000원",14000,true
8801,12686437,15,김치전,"11,000원",11000,true
8802,12686437,16,쟁반막국수,"15,000원",15000,true
8803,7007834,1,파인애플앤베이컨,"22,000원",22000,true
8804,7007834,2,페퍼로니,"22,000원",22000,true
8805,7007834,3,마르게리따,"20,000원",20000,true
8806,7007834,4,더블치즈,"22,000원",22000,true
8807,7007834,5,살라미,"22,000원",22000,true
8808,7007834,6,루꼴라,"23,000원",23000,true
8809,7007834,7,라구,"23,000원",23000,true
8810,7007834,8,트러플풍기,"23,000원",23000,true
8811,7007834,9,감자튀김,"3,000원",3000,true
8812,7007834,10,라구도그,"6,000원",6000,true
8813,8883193,1,양념갈비(1인분),"36,000원",36000,true
8814,8883193,2,생갈비(1인분),"36,000원",36000,true
8815,8883193,3,평양냉면,"10,000원",10000,true
8816,8883193,4,진갈비(1인분),"50,000원",50000,true
8817,19909871,1,북경오리,"150,000원",150000,true
8818,19909871,2,우럭간장 소스찜,"200,000원",200000,true
8819,19909871,3,불도장,"70,000원",70000,true
8820,19909871,4,가리비 마늘찜,"45,000원",45000,true
8821,19909871,5,오향장육,"45,000원",45000,true
8822,15850090,1,전국택배(더즌베이글/12개),"32,000원",32000,true
8823,15850090,2,크림치즈(14종),"3,500원",3500,true
8824,15850090,3,필리치즈스테이크,"8,900원",8900,true
8825,15850090,4,노바,"9,900원",9900,true
8826,15850090,5,치킨타임,"8,900원",8900,true
8827,15850090,6,베이글클럽,"8,900원",8900,true
8828,15850090,7,이탈리안클럽,"8,900원",8900,true
8829,15850090,8,낫소,"8,900원",8900,true
8830,15850090,9,포트워싱턴스타일,"8,900원",8900,true
8831,15850090,10,그릴치즈멜트,"8,900원",8900,true
8832,15850090,11,러쉬아워,"8,900원",8900,true
8833,15850090,12,베이컨(햄)에그치즈,"8,900원",8900,true
8834,15850090,13,애그샐러드 샌드위치,"7,900원",7900,true
8835,15850090,14,치킨샐러드,"7,900원",7900,true
8836,15850090,15,BLT,"8,900원",8900,true
8837,9166556,1,떡갈비정식,"20,000원",20000,true
8838,9166556,2,간장게장정식,"30,000원",30000,true
8839,9166556,3,양념게장정식,"18,000원",18000,true
8840,9166556,4,기본한정식,"16,000원",16000,true
8841,9166556,5,1인한정식,"18,000원",18000,true
8842,9166556,6,조은집도시락,"16,000원",16000,true
8843,9166556,7,어린이(6~7세),"8,000원",8000,true
8844,2524708,1,아메리카노,"5,500원",5500,true
8845,2524708,2,카페라떼,"6,600원",6600,true
8846,2524708,3,모카라떼,"7,700원",7700,true
8847,2524708,4,디카페인 커피,"7,700원",7700,true
8848,2524708,5,사케라또,"6,600원",6600,true
8849,2524708,6,A코스,"121,000원",121000,true
8850,2524708,7,B코스,"165,000원",165000,true
8851,13567883,1,에스프레스(HO,"5,000원",5000,true
8852,13567883,2,아메리카노,"5,000원",5000,true
8853,13567883,3,카페라떼,"6,000원",6000,true
8854,13567883,4,바닐라라떼,"6,000원",6000,true
8855,13567883,5,말차라떼,"6,000원",6000,true
8856,13567883,6,생강라떼,"6,000원",6000,true
8857,13567883,7,얼그레이,"5,500원",5500,true
8858,13567883,8,캐모마일,"5,500원",5500,true
8859,13567883,9,유자차,"6,000원",6000,true
8860,13567883,10,생강차,"6,000원",6000,true
8861,13567883,11,레몬차,"6,000원",6000,true
8862,13567883,12,자몽에이드,"6,000원",6000,true
8863,13567883,13,복숭아아이스티,"6,000원",6000,true
8864,13567883,14,우유,"5,000원",5000,true
8865,13567883,15,핫초코,"6,000원",6000,true
8866,9424556,1,매운멸치김밥,"6,000원",6000,true
8867,9424556,2,스페셜정식,"13,000원",13000,true
8868,9424556,3,원조김밥,"4,000원",4000,true
8869,9424556,4,야채김밥,"4,500원",4500,true
8870,9424556,5,김치김밥,"4,500원",4500,true
8871,9424556,6,치즈김밥,"4,500원",4500,true
8872,9424556,7,참치김밥,"5,500원",5500,true
8873,9424556,8,날치알김밥,"6,000원",6000,true
8874,9424556,9,소고기김밥,"6,000원",6000,true
8875,9424556,10,샐러드김밥,"5,000원",5000,true
8876,9424556,11,모듬김밥,"6,500원",6500,true
8877,9424556,12,고추참치김밥,"6,000원",6000,true
8878,9424556,13,소세지김밥,"6,000원",6000,true
8879,9424556,14,매운제육김밥,"6,000원",6000,true
8880,9424556,15,새우김밥,"6,000원",6000,true
8881,9424556,16,돈까스김밥,"6,500원",6500,true
8882,9424556,17,오뎅김밥,"4,500원",4500,true
8883,9424556,18,돈까스,"9,000원",9000,true
8884,9424556,19,생선까스,"9,500원",9500,true
8885,9424556,20,치즈돈까스,"9,500원",9500,true
8886,9424556,21,고구마돈까스,"10,000원",10000,true
8887,9424556,22,카레덮밥,"9,000원",9000,true
8888,9424556,23,철판김치볶음밥,"9,000원",9000,true
8889,9424556,24,오징어덮밥,"9,000원",9000,true
8890,9424556,25,김치참치덮밥,"9,000원",9000,true
8891,9424556,26,제육덮밥,"9,000원",9000,true
8892,9424556,27,닭가슴살덮밥,"9,000원",9000,true
8893,9424556,28,새우볶음밥,"9,000원",9000,true
8894,9424556,29,철판김치참치볶음밥,"9,500원",9500,true
8895,9424556,30,철판김치치즈볶음밥,"9,500원",9500,true
8896,9424556,31,철판불고기덮밥,"10,000원",10000,true
8897,9424556,32,순두부찌개,"9,000원",9000,true
8898,9424556,33,김치찌개,"9,000원",9000,true
8899,9424556,34,된장찌개,"9,000원",9000,true
8900,9424556,35,김치참치찌개,"9,000원",9000,true
8901,9424556,36,콩비지찌개,"9,000원",9000,true
8902,9424556,37,꽁치김치찌개,"9,000원",9000,true
8903,9424556,38,부대찌개,"9,000원",9000,true
8904,9424556,39,내장탕,"10,000원",10000,true
8905,9424556,40,갈비탕,"10,000원",10000,true
8906,9424556,41,설렁탕,"10,000원",10000,true
8907,9424556,42,청국장,"9,000원",9000,true
8908,9424556,43,육개장,"10,000원",10000,true
8909,9424556,44,북어해장국,"9,000원",9000,true
8910,9424556,45,고등어조림,"9,000원",9000,true
8911,9424556,46,순대국,"9,000원",9000,true
8912,9424556,47,뼈해장국,"10,000원",10000,true
8913,9424556,48,뚝배기불고기,"10,000원",10000,true
8914,9424556,49,계란라면,"4,500원",4500,true
8915,9424556,50,김치라면,"5,000원",5000,true
8916,9424556,51,콩나물라면,"5,000원",5000,true
8917,9424556,52,치즈라면,"5,500원",5500,true
8918,9424556,53,떡라면,"6,000원",6000,true
8919,9424556,54,만두라면,"6,000원",6000,true
8920,9424556,55,짬뽕라면,"6,000원",6000,true
8921,9424556,56,스낵라면,"5,000원",5000,true
8922,9424556,57,오뎅,"5,000원",5000,true
8923,9424556,58,떡볶이,"6,000원",6000,true
8924,9424556,59,라볶이,"6,000원",6000,true
8925,9424556,60,치즈라볶이,"6,500원",6500,true
8926,9424556,61,치즈떡볶이,"6,500원",6500,true
8927,9424556,62,우동,"6,500원",6500,true
8928,9424556,63,군만두,"6,000원",6000,true
8929,9424556,64,수제비,"9,000원",9000,true
8930,9424556,65,김치얼큰수제비,"9,500원",9500,true
8931,9424556,66,해물칼국수,"9,000원",9000,true
8932,9424556,67,비빔국수,"8,000원",8000,true
8933,9424556,68,잔치국수,"8,000원",8000,true
8934,9424556,69,떡국,"8,000원",8000,true
8935,9424556,70,떡만두국,"8,000원",8000,true
8936,9424556,71,물냉면,"9,000원",9000,true
8937,9424556,72,쫄면,"8,000원",8000,true
8938,9424556,73,비빔냉면,"9,500원",9500,true
8939,9424556,74,열무비빔냉면,"9,500원",9500,true
8940,9424556,75,열무물냉면,"9,500원",9500,true
8941,9424556,76,비빔밥,"8,500원",8500,true
8942,9424556,77,열무비빔밥,"9,000원",9000,true
8943,9424556,78,참치비빔밥,"9,000원",9000,true
8944,9424556,79,돌솥비빔밥,"9,000원",9000,true
8945,9424556,80,돌솥알밥,"10,000원",10000,true
8946,9424556,81,오므라이스,"9,000원",9000,true
8947,9424556,82,치즈오므라이스,"9,500원",9500,true
8948,9424556,83,열무국수 (여름메뉴),"9,000원",9000,true
8949,9424556,84,검은콩국수 (여름메뉴),"9,000원",9000,true
8950,9424556,85,지지미 (여름메뉴),"15,000원",15000,true
8951,8093520,1,육회,"21,000원",21000,true
8952,8093520,2,육회비빔밥（특）,"13,000원",13000,true
8953,8093520,3,육회모듬,"32,000원",32000,true
8954,8093520,4,간／천엽,"17,000원",17000,true
8955,8093520,5,천엽 한접시,"17,000원",17000,true
8956,8093520,6,육회비빔밥,"10,000원",10000,true
8957,8093520,7,육회낙지탕탕이,"35,000원",35000,true
8958,8093520,8,육사시미,"35,000원",35000,true
8959,8093520,9,육비빔면,"30,000원",30000,true
8960,8093520,10,육전,"30,000원",30000,true
8961,8093520,11,간 한접시,"17,000원",17000,true
8962,8093520,12,전복육회,"35,000원",35000,true
8963,8093520,13,눈꽃육회,"30,000원",30000,true
8964,8093520,14,낙지한접시,"28,000원",28000,true
8965,8093520,15,낙지한마리,"17,000원",17000,true
8966,8093520,16,소고기무국,"1,000원",1000,true
8967,8093520,17,비빔고추장,500원,500,true
8968,8093520,18,배,"1,000원",1000,true
8969,8093520,19,공기밥,"1,000원",1000,false
8970,8093520,20,콜라 355mL,"2,000원",2000,false
8971,8093520,21,사이다 355mL,"2,000원",2000,false
8972,8093520,22,환타 355mL,"2,000원",2000,true
8973,27706446,1,순대국,"10,000원",10000,true
8974,27706446,2,순대국(특),"12,000원",12000,true
8975,27706446,3,김치순대국,"11,000원",11000,true
8976,27706446,4,얼큰순대국,"11,000원",11000,true
8977,27706446,5,뼈해장국,"11,000원",11000,true
8978,27706446,6,신의주정식,"15,000원",15000,true
8979,27706446,7,한우소머리국밥,"12,000원",12000,true
8980,27706446,8,신의주술국,"22,000원",22000,true
8981,27706446,9,모듬순대(소),"20,000원",20000,true
8982,27706446,10,모듬순대(대),"25,000원",25000,true
8983,27706446,11,오징어순대,"30,000원",30000,true
8984,27706446,12,신의주모듬,"30,000원",30000,true
8985,27706446,13,차돌순대전골,"28,000원",28000,true
8986,27706446,14,낙지순대철판볶음,"37,000원",37000,true
8987,27706446,15,순대곱창철판볶음,"32,000원",32000,true
8988,27706446,16,감자탕,"38,000원",38000,true
8989,8954721,1,발산삼계탕,"19,000원",19000,true
8990,8954721,2,누룽지삼계탕,"22,000원",22000,true
8991,8954721,3,용미봉탕,"37,000원",37000,true
8992,8954721,4,발산숯불구이 (600g),"18,000원",18000,true
8993,8954721,5,산삼배양근 능이 삼계탕,"25,000원",25000,true
8994,10825574,1,타코샐러드 비프,"28,000원",28000,true
8995,10825574,2,클래식 퀘사디아 치킨,"32,000원",32000,true
8996,10825574,3,더블스텍클럽 퀘사디아,"36,000원",36000,true
8997,10825574,4,칠리 프라이즈,"14,500원",14500,true
8998,9390597,1,골뱅이무침과 소면,"22,000원",22000,true
8999,9390597,2,느린마을 사골고기국수,"9,500원",9500,true
9000,9390597,3,느린마을 비빔고기국수,"9,000원",9000,true
9001,9390597,4,느린마을 멸치고기국수,"8,500원",8500,true
9002,9390597,5,모둠부침개,"33,000원",33000,true
9003,9390597,6,느린마을 수육,"33,000원",33000,true
9004,9390597,7,쭈꾸미 미나리숙회,"31,000원",31000,true
9005,9390597,8,날치알 광어회무침 쌈,"30,000원",30000,true
9006,9390597,9,치즈삼겹쭈꾸미볶음,"26,000원",26000,true
9007,9390597,10,떠먹는 치즈감자전,"20,000원",20000,true
9008,9390597,11,소고기육전,"21,000원",21000,true
9009,9390597,12,느린마을 곱도리탕,"33,000원",33000,true
9010,9390597,13,두부김치한판 With수육,"25,000원",25000,true
9011,9390597,14,아롱사태 냉채,"27,000원",27000,true
9012,9390597,15,BBQ치킨전,"24,000원",24000,true
9013,9390597,16,"느린마을 물회(광어,육회)","27,000원",27000,true
9014,9390597,17,차돌대창매콤면,"29,000원",29000,true
9015,9390597,18,하와이안 램 찹,"27,000원",27000,true
9016,9390597,19,해물파전,"23,000원",23000,true
9017,9390597,20,속초식 오징어순대와 명태식해,"25,000원",25000,true
9018,15023348,1,카라아게 돈부리,"9,000원",9000,true
9019,15023348,2,카라아게,"6,500원",6500,true
9020,15023348,3,치킨난방,"7,500원",7500,true
9021,15023348,4,일본식교자,"4,000원",4000,true
9022,15023348,5,시오돈코츠 라멘（4번）,"9,500원",9500,true
9023,15023348,6,일본식볶음밥,"9,000원",9000,true
9024,15023348,7,쇼유돈코츠 라멘（3번）,"9,500원",9500,true
9025,15023348,8,오쯔마미 차슈,"7,500원",7500,true
9026,15023348,9,미니난방,"4,000원",4000,true
9027,15023348,10,공기밥,"1,000원",1000,false
9028,15023348,11,아게교자,"4,000원",4000,true
9029,15023348,12,콜라,"2,000원",2000,false
9030,15023348,13,사이다,"2,000원",2000,false
9031,15023348,14,우롱차,"2,500원",2500,true
9032,27922738,1,아메리카노,"4,500원",4500,true
9033,27922738,2,슈퍼그린 케일 쉬림프 크림 파스타,"14,500원",14500,true
9034,27922738,3,엔초비 필라프,"14,500원",14500,true
9035,6904408,1,소프트타코(2P),"13,500원",13500,true
9036,6904408,2,하드타코(2P),"11,500원",11500,true
9037,6904408,3,나쵸 피에스타,"13,500원",13500,true
9038,6904408,4,고기 구운 토마토 부리또,"15,500원",15500,true
9039,6904408,5,고기 아스파라거스 부리또,"15,500원",15500,true
9040,6904408,6,고기 통마늘 부리또,"15,500원",15500,true
9041,6904408,7,고기 리프라이드 빈 부리또,"14,500원",14500,true
9042,6904408,8,고기 아보카도 부리또,"14,500원",14500,true
9043,6904408,9,고기 파히타 부리또,"13,500원",13500,true
9044,6904408,10,새우 치즈 께사디야(4P),"15,000원",15000,true
9045,6904408,11,고기 치즈 께사디야(4P),"14,000원",14000,true
9046,6904408,12,루꼴라 치즈 께사디야(4P),"12,000원",12000,true
9047,6904408,13,빠스톨 타코(2P),"11,500원",11500,true
9048,6904408,14,치즈 께사디야(4P),"9,000원",9000,true
9049,6904408,15,고기 라이스 부리또,"12,500원",12500,true
9050,6904408,16,감자 부리또,"11,000원",11000,true
9051,6904408,17,야채 부리또,"11,000원",11000,true
9052,6904408,18,칠리빈 & 비프 감자튀김,"11,500원",11500,true
9053,6904408,19,감자튀김,"7,000원",7000,true
9054,6904408,20,칩스 & 살사,"7,000원",7000,true
9055,12876281,1,통목살 (170g),"19,000원",19000,true
9056,12876281,2,통삼겹살 (170g),"19,000원",19000,true
9057,12876281,3,들기름막국수(자가제면),"12,000원",12000,true
9058,12876281,4,항정살 (150g),"21,000원",21000,true
9059,12876281,5,육전된장밥,"9,000원",9000,true
9060,12876281,6,계란찜,"7,000원",7000,true
9061,12876281,7,김치찌개,"8,000원",8000,true
9062,12876281,8,된장찌개,"8,000원",8000,true
9063,12876281,9,제주오겹살 (170g),"21,000원",21000,true
9064,12876281,10,제육백반,"12,000원",12000,true
9065,12876281,11,동치미물생면(자가제면),"10,000원",10000,true
9066,12876281,12,비빔막국수(자가제면),"11,000원",11000,true
9067,12876281,13,들기름간장생면(자가제면),"10,000원",10000,true
9068,12876281,14,더덕구이,"10,000원",10000,true
9069,12876281,15,너비아니,"10,000원",10000,true
9070,12876281,16,씨앗 명란김밥,"8,000원",8000,true
9071,12876281,17,손수제비,"9,000원",9000,true
9072,12876281,18,육전칼국수,"12,000원",12000,true
9073,12876281,19,돼지불백+간장생면or물생면세트,"15,000원",15000,true
9074,9137892,1,쭈꾸미,"18,000원",18000,true
9075,9137892,2,쭈꾸미(2인),"28,000원",28000,true
9076,9137892,3,모듬(2인),"30,000원",30000,true
9077,9137892,4,키조개(가이바시),"20,000원",20000,true
9078,9137892,5,쭈꾸미야채볶음밥,"8,000원",8000,true
9079,9329420,1,톰얌꿍 스프,"16,500원",16500,true
9080,9329420,2,"양지,차돌 쌀국수","13,500원",13500,true
9081,9329420,3,푸팟퐁커리,"37,500원",37500,true
9082,9329420,4,나시고랭,"15,000원",15000,true
9083,9329420,5,씨푸드 팟타이,"15,000원",15000,true
9084,9329420,6,월남쌈,"45,000원",45000,true
9085,9329420,7,모닝글로리,"11,500원",11500,true
9086,9329420,8,에그롤,"7,000원",7000,true
9087,9329420,9,칠리윙,"7,500원",7500,true
9088,9329420,10,고이꾸온,"7,500원",7500,true
9089,9329420,11,짜조,"7,500원",7500,true
9090,9329420,12,텃만쿵,"7,500원",7500,true
9091,9329420,13,샘플러 A,"10,500원",10500,true
9092,9329420,14,샘플러 B,"21,000원",21000,true
9093,9329420,15,샘플러 C,"27,000원",27000,true
9094,9329420,16,아롱사태 쌀국수,"14,500원",14500,true
9095,9329420,17,매운쌀국수,"14,500원",14500,true
9096,9329420,18,해산물쌀국수,"15,000원",15000,true
9097,9329420,19,톰얌꿍쌀국수,"18,000원",18000,true
9098,9329420,20,마라 쌀국수,"16,500원",16500,true
9099,9329420,21,유린기,"34,000원",34000,true
9100,9329420,22,베트남식 깐풍기,"33,000원",33000,true
9101,9329420,23,분짜,"19,500원",19500,true
9102,9329420,24,반미,"14,500원",14500,true
9103,9329420,25,크림새우,"32,000원",32000,true
9104,9329420,26,공기밥,"1,500원",1500,false
9105,9329420,27,X.O 게살볶음밥,"15,000원",15000,true
9106,9329420,28,소고기볶음밥,"15,000원",15000,true
9107,9329420,29,칠리볶음밥,"15,000원",15000,true
9108,9329420,30,파인애플볶음밥,"14,500원",14500,true
9109,7930498,1,포터 하우스 (100g),"39,000원",39000,true
9110,7930498,2,티본 (100g),"37,000원",37000,true
9111,7930498,3,본인 립아이 (100g),"36,000원",36000,true
9112,7930498,4,엘본 (100g),"32,000원",32000,true
9113,7930498,5,신선한굴(4pcs),"44,000원",44000,true
9114,7930498,6,새우 칵테일(8pc),"30,000원",30000,true
9115,7930498,7,한치튀김,"35,000원",35000,true
9116,7930498,8,팬에 구운 가리비 관자,"32,000원",32000,true
9117,7930498,9,해산물 파스타,"55,000원",55000,true
9118,7930498,10,안심(200g),"88,000원",88000,true
9119,7930498,11,그릴드치킨(하프),"34,000원",34000,true
9120,7930498,12,프렌치 어니언 수프,"18,000원",18000,true
9121,7930498,13,클램차우더 수프,"18,000원",18000,true
9122,7930498,14,시져 샐러드,"32,000원",32000,true
9123,7930498,15,달팽이 오븐구이,"35,000원",35000,true
9124,7930498,16,토마토 소스의 미트볼,"42,000원",42000,true
9125,11961566,1,아메리칸 더블 치즈버거,"12,800원",12800,true
9126,11961566,2,멕시칸 버거,"14,800원",14800,true
9127,11961566,3,아메리칸 치즈 버거,"9,500원",9500,true
9128,11961566,4,베이컨 치즈 버거,"10,800원",10800,true
9129,11961566,5,치킨봉 & 치킨윙 프라이즈,"16,900원",16900,true
9130,11961566,6,칠리 치즈 프라이즈,"13,900원",13900,true
9131,11961566,7,더백 버거,"10,800원",10800,true
9132,11961566,8,BLT 샌드위치,"9,800원",9800,true
9133,11961566,9,쿠반 샌드위치,"8,500원",8500,true
9134,11961566,10,더블치킨버거,"10,800원",10800,true
9135,11961566,11,모짜렐라 치즈버거,"10,800원",10800,true
9136,11961566,12,고구마튀김&윙프라이즈,"16,900원",16900,true
9137,11961566,13,감자튀김 200g,"4,500원",4500,true
9138,11961566,14,악마의 베이컨 （살사）,"6,900원",6900,true
9139,11961566,15,악마의 베이컨 （누텔라）,"6,900원",6900,true
9140,11961566,16,멕시칸 그릴콘,"5,000원",5000,true
9141,11961566,17,폴드포크 나쵸,"15,900원",15900,true
9142,11961566,18,어니언링,"12,900원",12900,true
9143,11961566,19,트러플오일 프렌치프라이,"13,900원",13900,true
9144,11961566,20,the100샐러드,"10,900원",10900,true
9145,11961566,21,더백 한우패티（180g）,"6,000원",6000,true
9146,11961566,22,토시패티（140g）,"5,000원",5000,true
9147,11961566,23,더백수제베이컨（두꺼운 1장),"4,000원",4000,true
9148,11961566,24,더백수제햄（2장）,"4,000원",4000,true
9149,11961566,25,생 아보카도,"4,000원",4000,true
9150,11961566,26,과콰몰리,"6,000원",6000,true
9151,11961566,27,코우슬로,"3,000원",3000,true
9152,11961566,28,구운 생파인애플,"2,500원",2500,true
9153,11961566,29,해쉬브라운,"2,000원",2000,true
9154,11961566,30,어니언링（2ea）,"2,000원",2000,true
9155,26999367,1,스테이크 트러플 자장면,"35,000원",35000,true
9156,26999367,2,고추유린기,"49,000원",49000,true
9157,26999367,3,마카롱 멘보샤(2P),"22,000원",22000,true
9158,26999367,4,애사비 오이탕탕 유린기,"49,000원",49000,true
9159,26999367,5,쉬림프투움바볶음짬뽕,"29,000원",29000,true
9160,26999367,6,스테이크 트러플 자장면(하프사이즈),"25,000원",25000,true
9161,26999367,7,쇠고기 안심탕수육,"58,000원",58000,true
9162,26999367,8,어니언 꿔바로우,"55,000원",55000,true
9163,26999367,9,뚝배기마파두부,"55,000원",55000,true
9164,26999367,10,의성마늘 스테미너 유린기,"49,000원",49000,true
9165,26999367,11,100% 수제 군만두(3P),"18,000원",18000,true
9166,26999367,12,100% 수제 군만두(5P),"29,000원",29000,true
9167,26999367,13,해산물 전가복,"68,000원",68000,true
9168,26999367,14,약돌돼지 볶음탕수육,"49,000원",49000,true
9169,26999367,15,칠리새우,"58,000원",58000,true
9170,26999367,16,[트러플x6배]스테이크 트러플 자장면,"55,000원",55000,true
9171,26999367,17,투뿔한우 초당옥수수 볶음밥,"23,000원",23000,true
9172,26999367,18,한우 볶음 짜장면+후라이,"19,000원",19000,true
9173,26999367,19,농후한 대파 차돌짬뽕,"35,000원",35000,true
9174,26999367,20,비밀이야 캐비아 한입 멘보샤(4P),"48,000원",48000,true
9175,26999367,21,[하프사이즈] 농후한 대파 차돌짬뽕,"25,000원",25000,true
9176,26999367,22,완도산전복과 해물누룽지탕(1인),"33,000원",33000,true
9177,26999367,23,해물 누룽지탕(1인),"29,000원",29000,true
9178,26999367,24,구룡포 오징어 특선짬뽕,"38,000원",38000,true
9179,26999367,25,구룡포 크리스피오징어 탕수,"55,000원",55000,true
9180,26999367,26,구룡포 오징어덴뿌라,"49,000원",49000,true
9181,26999367,27,약돌돼지 깐풍육,"55,000원",55000,true
9182,26999367,28,[무탄X비밀이야]시그니처 세트,"152,000원",152000,true
9183,26999367,29,가지깐풍기(100% 닭다리살 사용),"55,000원",55000,true
9184,26999367,30,해산물 누룽지탕,"68,000원",68000,true
9185,26999367,31,해산물 팔보채,"68,000원",68000,true
9186,26999367,32,비건 김치만두(12P),"25,000원",25000,true
9187,26999367,33,비건 버섯만두(12P),"25,000원",25000,true
9188,26999367,34,한우 묵은지 볶음밥과 중화후라이,"28,000원",28000,true
9189,26999367,35,전복장육냉채,"58,000원",58000,true
9190,26999367,36,어향동고(4알),"65,000원",65000,true
9191,26999367,37,땡초 유린기(아주매운맛),"52,000원",52000,true
9192,26999367,38,갑오징어 양장피,"58,000원",58000,true
9193,26999367,39,대파 유린기,"49,000원",49000,true
9194,26999367,40,영덕게살 유산슬,"80,000원",80000,true
9195,26999367,41,마파두부+볶음밥,"33,000원",33000,true
9196,26999367,42,덕자찜(싯가/최소1~2일전 예약가능),변동가격,,true
9197,26999367,43,태안 김 해물짬뽕,"29,000원",29000,true
9198,23716876,1,[썸머시즌] 지중해식 카펠리니 냉파스타,"22,000원",22000,true
9199,23716876,2,[썸머시즌] 참나물 스테이크 피자,"30,000원",30000,true
9200,23716876,3,이탈리안 가정식 브런치,"24,000원",24000,true
9201,23716876,4,우삼겹 스파게티,"21,500원",21500,true
9202,23716876,5,넬보스코 스타일 프렌치토스트,"17,000원",17000,true
9203,23716876,6,하와이안 로꼬모꼬,"19,000원",19000,true
9204,23716876,7,해산물 오일 스파게티,"29,000원",29000,true
9205,23716876,8,프로쉬또 루꼴라 피자,"27,500원",27500,true
9206,23716876,9,카레미트그라탱,"17,000원",17000,true
9207,23716876,10,리코타치즈 샐러드,"16,500원",16500,true
9208,23716876,11,시칠리아식 가지 토마토 스파게티,"16,000원",16000,true
9209,23716876,12,부라따치즈 토마토 빠께리,"21,500원",21500,true
9210,23716876,13,새우 로제크림 스파게티,"21,500원",21500,true
9211,23716876,14,꽈뜨로 스타지오니 피자,"25,000원",25000,true
9212,23716876,15,채끝등심 스테이크 200g,"59,000원",59000,true
9213,23716876,16,[썸머시즌] 프로쉬또를 곁들인 메론볼 샐러드,"21,000원",21000,true
9214,33395910,1,명륜진사갈비 자유이용(성인),"20,900원",20900,true
9215,33395910,2,소갈비살,"9,000원",9000,true
9216,33395910,3,냉면(물/비빔),"5,900원",5900,true
9217,33395910,4,계란찜,"4,000원",4000,true
9218,33395910,5,된장찌개,"3,000원",3000,true
9219,28049629,1,몽블랑 트러플 파스타,"23,900원",23900,true
9220,28049629,2,시그니처 생망고빙수,"23,900원",23900,true
9221,28049629,3,쭈꾸미 페뇨 오일 파스타,"19,900원",19900,true
9222,28049629,4,푸짐한 정통 미국식 브런치,"19,900원",19900,true
9223,28049629,5,리코타 샐러드 피자,"21,900원",21900,true
9224,28049629,6,항정살 대파 크림 파스타,"21,900원",21900,true
9225,28049629,7,시그니처 명란 오일 파스타,"19,900원",19900,true
9226,28049629,8,37.5 클래식 라자냐,"22,900원",22900,true
9227,28049629,9,얼 그레이 크림 프렌치 토스트,"17,900원",17900,true
9228,28049629,10,스테이크 크림 파스타,"22,900원",22900,true
9229,28049629,11,버터 새우 로제 파스타,"20,900원",20900,true
9230,28049629,12,트러플 치킨 크림 리조또,"20,900원",20900,true
9231,28049629,13,얼큰한 빼쉐 파스타,"19,900원",19900,true
9232,28049629,14,푸짐한 철판 비프 김치볶음밥,"16,900원",16900,true
9233,28049629,15,스파이시 라구 리가토니 파스타,"19,900원",19900,true
9234,28049629,16,로제 비프 리조또,"19,900원",19900,true
9235,28049629,17,큐브 스테이크 필라프,"21,900원",21900,true
9236,28049629,18,푸짐한 페페로니 피자,"20,900원",20900,true
9237,28049629,19,제주 말차 팥빙수,"19,900원",19900,true
9238,28049629,20,치킨 콥 샐러드,"18,900원",18900,true
9239,28049629,21,석류 리코타 치즈 샐러드,"18,900원",18900,true
9240,28049629,22,프라임 채끝 등심 스테이크(250g),"39,900원",39900,true
9241,33065849,1,런치 불고기 정찬,"31,000원",31000,true
9242,33065849,2,여운 스페셜 모둠(400g),"119,000원",119000,true
9243,33065849,3,런치 갈비 구이 정찬,"39,000원",39000,true
9244,33065849,4,관자명란솥밥정식,"27,000원",27000,true
9245,33065849,5,갈비솥밥정식,"27,000원",27000,true
9246,33065849,6,장어솥밥정식,"29,000원",29000,true
9247,33065849,7,전복낙지솥밥정식,"28,000원",28000,true
9248,33065849,8,무솥밥정식,"15,000원",15000,true
9249,33065849,9,도미솥밥정식,"27,000원",27000,true
9250,33065849,10,여운 모둠(400g),"89,000원",89000,true
9251,33065849,11,한우 갈비살(130g),"38,000원",38000,true
9252,33065849,12,한우꽃살(130g),"49,000원",49000,true
9253,33065849,13,여운 시그니처 Chef's Cut,"259,000원",259000,true
9254,33065849,14,한우채끝등심구이(130g),"48,000원",48000,true
9255,33065849,15,특한우안심구이(130g),"49,000원",49000,true
9256,8610713,1,일삼꼬들 (180g),변동가격,,true
9257,8610713,2,특삼겹너덜이 (200g),변동가격,,true
9258,8610713,3,항정살 (120g),변동가격,,true
9259,8610713,4,통갈매기살 (120g),"15,000원",15000,true
9260,8610713,5,꼬치소면찌개,"12,000원",12000,true
9261,8610713,6,차돌된장밥,"12,000원",12000,true
9262,8610713,7,순두부찌개,"12,000원",12000,true
9263,8610713,8,김치찌개,"15,000원",15000,true
9264,8610713,9,된장찌개,"7,000원",7000,true
9265,8610713,10,생삼겹 (180g)(2인이상),변동가격,,true
9266,8610713,11,생오겹살 (180g)(2인이상),"18,000원",18000,true
9267,8610713,12,대구막창 (200g)(2인이상),"18,000원",18000,true
9268,8610713,13,소갈비살 (150g)(2인이상),변동가격,,true
9269,13859612,1,불고기파전,"19,000원",19000,true
9270,13859612,2,레몬탕수육,"22,000원",22000,true
9271,13859612,3,도동탕면,"9,000원",9000,true
9272,13859612,4,소고기숙주볶음,"21,000원",21000,true
9273,13859612,5,고추잡채,"21,000원",21000,true
9274,13859612,6,중화풍가지볶음,"21,000원",21000,true
9275,13859612,7,새우튀김,"23,000원",23000,true
9276,13859612,8,돈까스안주,"19,000원",19000,true
9277,13859612,9,일본식삼겹조림,"23,000원",23000,true
9278,13859612,10,명란계란말이,"21,000원",21000,true
9279,13859612,11,매콤골뱅기(1캔),"28,000원",28000,true
9280,13859612,12,먹태,"20,000원",20000,true
9281,13859612,13,어묵탕,"22,000원",22000,true
9282,13859612,14,알탕,"24,000원",24000,true
9283,13859612,15,알볶음,"25,000원",25000,true
9284,13859612,16,챠슈벤또,"11,000원",11000,true
9285,13859612,17,돈까스벤또,"11,000원",11000,true
9286,13859612,18,연어벤또,"12,000원",12000,true
9287,13859612,19,모듬벤또,"12,000원",12000,true
9288,13859612,20,미소탕면,"9,000원",9000,true
9289,13859612,21,비빔면,"9,000원",9000,true
9290,13859612,22,도동불고기,"19,000원",19000,true
9291,13859612,23,연어,"24,000원",24000,true
9292,13859612,24,해물초회,"30,000원",30000,true
9293,13859612,25,문어숙회,"38,000원",38000,true
9294,13859612,26,도동삼품,"42,000원",42000,true
9295,13859612,27,세트 (삼품),"58,000원",58000,true
9296,13859612,28,꿀토마토,"12,000원",12000,true
9297,13859612,29,간장새우장,"13,000원",13000,true
9298,13859612,30,타코와사비,"13,000원",13000,true
9299,4032211,1,한우떡갈비와 식사,"19,000원",19000,true
9300,4032211,2,장아찌보쌈과 식사,"18,000원",18000,true
9301,4032211,3,간장게장과 식사,"38,000원",38000,true
9302,4032211,4,보리굴비와 식사,"28,000원",28000,true
9303,4032211,5,간장게장정식,"35,000원",35000,true
9304,4032211,6,한우도가니수육,"26,000원",26000,true
9305,4032211,7,김치해물전,"18,000원",18000,true
9306,4032211,8,제비꽃코스 (1인),"28,000원",28000,true
9307,4032211,9,뚝배기 굴밥,"13,000원",13000,true
9308,4032211,10,한우 도가니 전골과 2인 식사,"32,000원",32000,true
9309,4032211,11,소선재코스 (1인),"38,000원",38000,true
9310,4032211,12,한우도가니전골,,,true
9311,4032211,13,보쌈정식 (120g),"15,000원",15000,true
9312,4032211,14,능이불고기정식,"13,000원",13000,true
9313,4032211,15,낙지볶음정식,"12,000원",12000,true
9314,4032211,16,장아찌 보쌈 (대),"32,000원",32000,true
9315,4032211,17,장아찌 보쌈 (중),"22,000원",22000,true
9316,4032211,18,낙지볶음,"20,000원",20000,true
9317,4032211,19,육전 (180g),"18,000원",18000,true
9318,4032211,20,떡갈비구이 (270g),"25,000원",25000,true
9319,4032211,21,떡갈비 정식 (180g),"20,000원",20000,true
9320,4032211,22,보리 굴비 정식,"25,000원",25000,true
9321,23849207,1,청양 오일 크림 파스타,"18,000원",18000,true
9322,23849207,2,들기름 낙지젓 카페리니 파스타,"18,000원",18000,true
9323,23849207,3,소고기 버섯 리조또,"15,000원",15000,true
9324,23849207,4,소고기 스테이크,"35,000원",35000,true
9325,23849207,5,곶감 치즈 플레이트,"20,000원",20000,true
9326,16867767,1,명품조개찜,"140,000원",140000,true
9327,16867767,2,조개찜(4인),"89,000원",89000,true
9328,16867767,3,스페셜조개찜,"190,000원",190000,true
9329,16867767,4,보쌈(소),"46,000원",46000,true
9330,16867767,5,광어막회,"60,000원",60000,true
9331,16867767,6,강도다리세꼬시,"60,000원",60000,true
9332,16867767,7,새우소금구이,"54,000원",54000,true
9333,16867767,8,가리비찜,"80,000원",80000,true
9334,16867767,9,가리비치즈버터구이,"50,000원",50000,true
9335,16867767,10,전복버터구이,"40,000원",40000,true
9336,16867767,11,문어숙회,"30,000원",30000,true
9337,16867767,12,산낙지,"25,000원",25000,true
9338,16867767,13,멍게,"20,000원",20000,true
9339,10298569,1,보자기비빔밥 (점심식사),"28,000원",28000,true
9340,10298569,2,오직 풀로만 키운 한우구이 코스,"120,000원",120000,true
9341,10298569,3,멍게 비빔밥,"28,000원",28000,true
9342,10298569,4,스페셜 비건 풀코스,"62,000원",62000,true
9343,10298569,5,비건 하프 코스,"45,000원",45000,true
9344,10298569,6,맥적제육 비빔밥,"28,000원",28000,true
9345,10298569,7,눈개승마 나물밥,"24,000원",24000,true
9346,10298569,8,채개장과 현미밥,"24,000원",24000,true
9347,10298569,9,nonGMO 사료로 키운 무항생제 돼지목살구이 코스,"88,000원",88000,true
9348,10298569,10,흑산도우럭찜 코스,"82,000원",82000,true
9349,10298569,11,모듬전(저녁메뉴),"42,000원",42000,true
9350,10298569,12,찬란한 고추잡채(소),"23,000원",23000,true
9351,10298569,13,꽃밥 계절 샐러드,"25,000원",25000,true
9352,10298569,14,유기농 잣 겨자 소스 냉채,"25,000원",25000,true
9353,10298569,15,황태탕,"25,000원",25000,true
9354,10298569,16,채개장,"25,000원",25000,true
9355,10298569,17,nonGMO 무항생제 돼지맥적,"48,000원",48000,true
9356,10298569,18,nonGMO 무항생제 돼지매콤 제육볶음,"48,000원",48000,true
9357,33335734,1,소불고기전골(2인이상),"24,000원",24000,true
9358,33335734,2,흑돼지김치찌개(2인이상),"12,000원",12000,true
9359,33335734,3,강원도막된장찌개,"8,000원",8000,true
9360,33335734,4,고기듬뿍고추장찌개,"10,000원",10000,true
9361,33335734,5,육회비빔밥,"11,000원",11000,true
9362,33335734,6,나주곰탕,"12,000원",12000,true
9363,33335734,7,비빔막국수,"9,000원",9000,true
9364,33335734,8,물막국수,"9,000원",9000,true
9365,5484695,1,슈바인코틀렛,"33,000원",33000,true
9366,5484695,2,송아지안심 뢰스티,"31,000원",31000,true
9367,5484695,3,스위스 치즈 퐁듀,"58,000원",58000,true
9368,5484695,4,라클레치즈 패밀리스타일,"86,000원",86000,true
9369,5484695,5,가지그라탕,"22,000원",22000,true
9370,5484695,6,스위스치즈파스타 크노플리,"22,000원",22000,true
9371,5484695,7,미트라자냐,"23,000원",23000,true
9372,5484695,8,퀴노아 렌틸 리코타 치즈 샐러드,"23,000원",23000,true
9373,5484695,9,스위스 시골풍의 샐러드,"19,000원",19000,true
9374,5484695,10,파르마산 치즈와 트러플 오일의 버섯 리조또,"23,000원",23000,true
9375,9077758,1,치킨마카니,"15,000원",15000,true
9376,9077758,2,치킨커리,"14,000원",14000,true
9377,9077758,3,치킨티카머살라,"15,000원",15000,true
9378,9077758,4,카다이치킨,"15,000원",15000,true
9379,9077758,5,치킨팔락,"15,000원",15000,true
9380,9077758,6,치킨칠리커리,"15,000원",15000,true
9381,9077758,7,치킨빈달루,"15,000원",15000,true
9382,9077758,8,비프커리,"14,000원",14000,true
9383,9077758,9,비프칠리커리,"15,000원",15000,true
9384,9077758,10,비프빈달루,"15,000원",15000,true
9385,9077758,11,비프팔락,"15,000원",15000,true
9386,3513662,1,낙타의하루,"18,500원",18500,true
9387,3513662,2,오리지날 버터밀크 팬케익,"9,300원",9300,true
9388,3513662,3,"초콜릿이 퐁당,초콜릭 팬케익","9,800원",9800,true
9389,3513662,4,블루베리가 속으로 꽉 찬 베리베리 팬케익,"10,300원",10300,true
9390,3513662,5,엉망진창 팬케익,"12,500원",12500,true
9391,3513662,6,(여름 한정)복숭아 팬케익,"10,500원",10500,true
9392,3513662,7,(겨울 한정)달콤 딸기 팬케익,"10,500원",10500,true
9393,3513662,8,스티브 아저씨 팬케익,"13,500원",13500,true
9394,3513662,9,에그베이컨팬케익롤,"11,500원",11500,true
9395,3513662,10,달콤초코와플,"10,300원",10300,true
9396,3513662,11,아삭아삭사과와플,"10,300원",10300,true
9397,3513662,12,담백고소크림치즈와플,"10,300원",10300,true
9398,3513662,13,계절메뉴)딸기와플,"10,500원",10500,true
9399,34034451,1,도깨비볼,"23,000원",23000,true
9400,34034451,2,태봉,"22,000원",22000,true
9401,34034451,3,불가사리,"23,000원",23000,false
9402,34034451,4,죽통미녀,"23,000원",23000,true
9403,34034451,5,삼족오,"21,000원",21000,true
9404,10240375,1,라멘,"10,000원",10000,true
9405,10240375,2,신라멘,"11,000원",11000,true
9406,10240375,3,미니차슈동,"5,000원",5000,true
9407,10240375,4,수제교자,"5,000원",5000,true
9408,10240375,5,챠슈추가,"1,500원",1500,false
9409,10240375,6,계란추가,"1,500원",1500,false
9410,10240375,7,면추가,"1,500원",1500,false
9411,10240375,8,공기밥,"1,000원",1000,false
9412,10240375,9,레드락 생맥주,"5,000원",5000,false
9413,10240375,10,"코카콜라, 스프라이트","3,000원",3000,false
9414,10240375,11,제로콜라,"3,000원",3000,false
9415,15019840,1,굴국밥,"10,000원",10000,true
9416,15019840,2,굴전,"19,000원",19000,true
9417,15019840,3,굴돼지보쌈 (중),"43,000원",43000,true
9418,15019840,4,굴순두부,"10,000원",10000,true
9419,15019840,5,굴떡국,"10,000원",10000,true
9420,15019840,6,굴알밥,"11,000원",11000,true
9421,15019840,7,황태따로국밥,"10,000원",10000,true
9422,15019840,8,양푼김치찌개 (2인이상),"10,000원",10000,true
9423,15019840,9,생삼겹살(200g),"18,000원",18000,true
9424,15019840,10,숯불돼지갈비(200g),"18,000원",18000,true
9425,15019840,11,철판오삼불고기 (2인이상),"15,000원",15000,true
9426,15019840,12,홍어사시미,"30,000원",30000,true
9427,15019840,13,굴파전,"19,000원",19000,true
9428,15019840,14,굴회무침,"19,000원",19000,true
9429,15019840,15,삼합모듬,"65,000원",65000,true
9430,15019840,16,홍어삼합 (중),"43,000원",43000,true
9431,15019840,17,돼지보쌈 (중),"43,000원",43000,true
9432,14960750,1,곤드레밥상,"10,000원",10000,true
9433,14960750,2,김치찜,"14,000원",14000,true
9434,14960750,3,매운등갈비,"24,000원",24000,true
9435,14960750,4,코다리조림,"16,000원",16000,true
9436,14960750,5,달달등갈비,"24,000원",24000,true
9437,14960750,6,부추전묵사발,"6,000원",6000,true
9438,25566849,1,대사관 부대찌개,"13,000원",13000,true
9439,25566849,2,저녁 안주류) 돌판목쏘볶음,"22,000원",22000,false
9440,25566849,3,저녁 안주류) 대사관3인SET,"45,000원",45000,false
9441,14038801,1,짜글이닭발,"32,800원",32800,true
9442,24970262,1,모둠 튀김,"6,000원",6000,true
9443,24970262,2,[즉떡 랭킹 1위] 슈스떡 즉석떡볶이（비조리）,"12,900원",12900,true
9444,24970262,3,까스떡 즉석떡볶이（비조리）,"18,900원",18900,true
9445,24970262,4,짜장 슈스떡 즉석떡볶이（비조리）,"12,900원",12900,true
9446,24970262,5,짜장 까스떡（비조리）,"18,900원",18900,true
9447,24970262,6,순스떡 간장소스 어린이 즉석떡볶이（비조리）,"18,900원",18900,true
9448,24970262,7,100% 치즈 토핑 추가,"3,000원",3000,false
9449,24970262,8,야채 추가,"3,000원",3000,false
9450,24970262,9,치즈떡 추가,"3,000원",3000,false
9451,24970262,10,기본떡 추가,"2,000원",2000,false
9452,24970262,11,라면 추가,"2,000원",2000,false
9453,24970262,12,쫄면 추가,"2,000원",2000,false
9454,24970262,13,쫄라 반반 추가,"2,000원",2000,false
9455,24970262,14,어묵 토핑 추가,"2,000원",2000,false
9456,24970262,15,유부 추가,"2,000원",2000,false
9457,24970262,16,달걀 （2알） 추가,"2,000원",2000,false
9458,24970262,17,단무지 추가,"1,000원",1000,false
9459,24970262,18,귀욤 문어로 변신! 비엔나 추가,"3,000원",3000,false
9460,24970262,19,순살치킨,"6,000원",6000,true
9461,24970262,20,돈까스 토핑,"6,000원",6000,true
9462,24970262,21,납작 만두,"3,000원",3000,true
9463,24970262,22,끓여 먹는 야끼만두,"2,000원",2000,true
9464,24970262,23,못난이 만두,"2,000원",2000,true
9465,24970262,24,야채 튀김,"2,000원",2000,true
9466,24970262,25,김말이,"2,000원",2000,true
9467,24970262,26,화요 25,"27,900원",27900,true
9468,24970262,27,화요 17,"20,900원",20900,true
9469,24970262,28,참이슬 후레쉬,"4,000원",4000,true
9470,24970262,29,처음처럼,"4,000원",4000,true
9471,24970262,30,카스 병맥주 500ml,"4,000원",4000,false
9472,28527129,1,바삭왕창세트,,,true
9473,28527129,2,튀김굴림볼,,,true
9474,28527129,3,블랙만두,,,true
9475,28527129,4,블랙튀김만두,,,true
9476,28527129,5,북촌튀김만두,,,true
9477,28527129,6,찐만두(고기),,,true
9478,28527129,7,찐만두(김치),,,true
9479,28527129,8,갈비만두,,,true
9480,28527129,9,굴림만두,,,true
9481,28527129,10,큰모둠만두,,,true
9482,28527129,11,매운고추장튀김만두,,,true
9483,28527129,12,고추장튀김만두,,,true
9484,28527129,13,마늘튀김만두,,,true
9485,28527129,14,마늘새끼튀김만두,,,true
9486,28527129,15,새우튀김만두,,,true
9487,28527129,16,새우만두,,,true
9488,28527129,17,새끼만두,,,true
9489,28527129,18,새끼튀김만두,,,true
9490,28527129,19,북촌칼만두,,,true
9491,28527129,20,멸치칼국수,,,true
9492,28527129,21,얼큰칼만두,,,true
9493,28527129,22,얼큰칼국수,,,true
9494,28527129,23,멸치국시,,,true
9495,28527129,24,냉모밀,,,true
9496,28527129,25,북촌피냉면(보통/매운맛),,,true
9497,28527129,26,비빔냉면(보통/매운맛),,,true
9498,28527129,27,비빔국시,,,true
9499,28527129,28,열무국시,,,true
9500,28527129,29,열무냉면,,,true
9501,28527129,30,북촌만둣국,,,true
9502,28527129,31,얼큰만둣국,,,true
9503,28527129,32,만두육개장,,,true
9504,28527129,33,만두곰탕,,,true
9505,28527129,34,만두짬뽕밥,,,true
9506,28527129,35,피쫄면,,,true
9507,28527129,36,만두떡볶이(보통/매운맛),,,true
9508,28527129,37,매운국물쫄면,,,true
9509,28527129,38,쫄면,,,true
9510,28527129,39,만두돈까스,,,true
9511,21127141,1,Mezze Mixed Dips,"99,000원",99000,true
9512,21127141,2,Mezze Mixed Gril,"69,000원",69000,true
9513,21127141,3,Business Lunch (1인),"35,000원",35000,true
9514,21127141,4,THE HITS MENU (1인),"99,000원",99000,true
9515,21127141,5,Cuttlefish Ink Pasta,"33,000원",33000,true
9516,32859415,1,리코타 & 루필라 피자 (M),"13,000원",13000,true
9517,32859415,2,트러플 피자 (M),"14,500원",14500,true
9518,32859415,3,스파게토디 이탈리 부라타,"24,000원",24000,true
9519,32859415,4,부라타 샐러드,"23,000원",23000,true
9520,32859415,5,콰트로 포르마지 피자(L),"22,000원",22000,true
9521,32859415,6,콰트로 포르마지 피자 (M),"12,000원",12000,true
9522,32859415,7,마르게리타 피자 (M),"12,000원",12000,true
9523,32859415,8,마르게리타 피자(L),"22,000원",22000,true
9524,32859415,9,리코타 & 루필라 피자(L),"23,000원",23000,true
9525,32859415,10,오르를라나 피자 (M),"12,000원",12000,true
9526,32859415,11,오르를라나 피자(L),"22,000원",22000,true
9527,32859415,12,트러플 피자(L),"27,000원",27000,true
9528,32859415,13,관찰레 까르보나라,"21,000원",21000,true
9529,32859415,14,알리오 올리오,"20,000원",20000,true
9530,32859415,15,순살 봉골레,"23,000원",23000,true
9531,32859415,16,해산물 파스타,"29,000원",29000,true
9532,32859415,17,라구 파스타,"24,000원",24000,true
9533,32859415,18,관찰레 아마트리치아나,"23,000원",23000,true
9534,32859415,19,대따 살시챠 리조또,"25,000원",25000,true
9535,32859415,20,세프 샐러드,"18,000원",18000,true
9536,32859415,21,판짜넬라 샐러드,"18,000원",18000,true
9537,32859415,22,오늘의 스프,"12,000원",12000,true
9538,32859415,23,안심 스테이크(180g),"50,000원",50000,true
9539,32859415,24,등심 스테이크(180g),"38,000원",38000,true
9540,32859415,25,연어 스테이크,"38,000원",38000,true
9541,32859415,26,플페타,"26,000원",26000,true
9542,32859415,27,대구 새우 튀김,"24,000원",24000,true
9543,32859415,28,참돔 스테이크,"33,000원",33000,true
9544,24636878,1,모둠 텐푸라,"50,000원",50000,true
9545,24636878,2,계절 생선 구이,"60,000원",60000,true
9546,24636878,3,1++ 한우 채끝 구이(100g),"80,000원",80000,true
9547,24636878,4,"금태, 이쿠라 솔밥(2인)","80,000원",80000,true
9548,24636878,5,5가지 한입 요리,"36,000원",36000,true
9549,24636878,6,미오 하코 스시(8pcs),"40,000원",40000,true
9550,24636878,7,후토마키(8pcs),"50,000원",50000,true
9551,24636878,8,모둠 스시(10pcs),"80,000원",80000,true
9552,24636878,9,모둠 사시미(21pcs),"150,000원",150000,true
9553,24636878,10,미오모나카아이스크림,"12,000원",12000,true
9554,24636878,11,과일,"15,000원",15000,true
9555,24636878,12,민물장어덮밥,"80,000원",80000,true
9556,24636878,13,모둠버섯솥밥2인,"80,000원",80000,true
9557,24636878,14,이나니와우동,"35,000원",35000,true
9558,24636878,15,한우차돌우동,"45,000원",45000,true
9559,6463317,1,조식 (성인),"69,000원",69000,true
9560,6463317,2,조식 (아동),"35,000원",35000,true
9561,6463317,3,평일 점심 (성인),"125,000원",125000,true
9562,6463317,4,평일 점심 (아동),"65,000원",65000,true
9563,6463317,5,평일 저녁 (성인),"145,000원",145000,true
9564,6463317,6,평일 저녁 (아동),"75,000원",75000,true
9565,6463317,7,주말 런치/디너 (성인),"160,000원",160000,true
9566,6463317,8,주말 런치/디너 (아동),"80,000원",80000,true
9567,9565154,1,"올리브,시트러스 마늘&타임 타파스","10,000원",10000,true
9568,9565154,2,"미국산 소고기 갈비&치즈 크로켓,와사비 아이올리 타파스","10,000원",10000,true
9569,9565154,3,크랩갈릭 크림 콜라비 타파스,"10,000원",10000,false
9570,9565154,4,치즈,"12,000원",12000,true
9571,9565154,5,콜드컷,"14,000원",14000,true
9572,10676592,1,평일 런치 딜라이트,"79,000원",79000,true
9573,10676592,2,Make Your Own Course,변동가격,,true
9574,10676592,3,Tasting course menu,"180,000원",180000,true
9575,12276427,1,런치,"180,000원",180000,true
9576,12276427,2,주말/공휴일 런치,"150,000원",150000,true
9577,12276427,3,디너,"260,000원",260000,true
9578,3694381,1,조식,"58,000원",58000,true
9579,3694381,2,런치 4코스,"69,000원",69000,true
9580,3694381,3,런치 5코스,"89,000원",89000,true
9581,3694381,4,디너 5코스,"129,000원",129000,true
9582,3694381,5,디너 6코스,"129,000원",129000,true
9583,3694381,6,주말 씨푸드 브런치 뷔페,"150,000원",150000,true
9584,13347473,1,미나리전,"16,000원",16000,true
9585,13347473,2,한우사골닭칼국수,"10,000원",10000,true
9586,13347473,3,뭉텅이보쌈(소),"35,000원",35000,true
9587,13347473,4,얼큰 한우 사골 칼국수,"11,000원",11000,true
9588,13347473,5,닭비빔국수,"11,000원",11000,true
9589,13347473,6,마늘국밥,"11,000원",11000,true
9590,13347473,7,맛보기 뭉텅이 보쌈,"6,000원",6000,true
9591,13347473,8,뭉텅이보쌈(중),"47,000원",47000,true
9592,13347473,9,고기추가(150g),"14,000원",14000,false
9593,13347473,10,닭명란매운탕,"29,000원",29000,true
9594,13347473,11,칼국수사리,"3,000원",3000,false
9595,13347473,12,명태회 무침,"22,000원",22000,true
9596,13347473,13,골뱅이무침,"32,000원",32000,true
9597,13347473,14,납작만두,"5,000원",5000,true
9598,13347473,15,파주 운정막걸리,"10,000원",10000,true
9599,13347473,16,골목막걸리 예산사과,"10,000원",10000,true
9600,13347473,17,"막걸리(배다리, 선호, 골목)","6,000원",6000,true
9601,13347473,18,"소주, 맥주","6,000원",6000,false
9602,13347473,19,음료수,"3,000원",3000,false
9603,13347473,20,무알콜맥주,"4,000원",4000,false
9604,12719317,1,조식 (성인),"77,000원",77000,true
9605,12719317,2,평일 점심 (성인),"165,000원",165000,true
9606,12719317,3,평일 저녁 (성인),"185,000원",185000,true
9607,12719317,4,주말/공휴일,"189,000원",189000,true
9608,9018791,1,삼계탕,"20,000원",20000,true
9609,9018791,2,전복삼계탕,"26,000원",26000,true
9610,9018791,3,산삼전복삼계탕,"32,000원",32000,true
9611,9018791,4,오골계탕,"26,000원",26000,true
9612,9018791,5,산삼삼계탕,"26,000원",26000,true
9613,9018791,6,고려통닭,"21,000원",21000,true
9614,8638981,1,양고기 쉬시 케밥,"26,500원",26500,true
9615,8638981,2,트윈 피데,"23,500원",23500,true
9616,8638981,3,커리&라바시,"19,500원",19500,true
9617,8638981,4,멜팅치즈&요거트치킨,"28,000원",28000,true
9618,8638981,5,시금치피데,"22,500원",22500,true
9619,8638981,6,트러플 스테이크 치킨,"27,500원",27500,true
9620,8638981,7,카팔르 피데,"22,500원",22500,true
9621,8638981,8,그릴야채샐러드,"19,900원",19900,true
9622,8638981,9,그릭아보카도샐러드,"17,800원",17800,true
9623,8638981,10,팔라소피,"18,700원",18700,true
9624,8638981,11,라흐마준,"11,900원",11900,true
9625,8638981,12,후무스,"9,900원",9900,true
9626,8638981,13,피데브레드,"6,900원",6900,true
9627,2422441,1,참치,"20,000원",20000,true
9628,2422441,2,오도로,"35,000원",35000,true
9629,2422441,3,아부리도로,"35,000원",35000,true
9630,2422441,4,주도로,"30,000원",30000,true
9631,2422441,5,도미,"17,000원",17000,true
9632,2422441,6,방어,"16,000원",16000,true
9633,2422441,7,아지,"12,000원",12000,true
9634,2422441,8,시마아치,"21,000원",21000,true
9635,2422441,9,성게알,"22,000원",22000,true
9636,2422441,10,프리미엄성게알,"33,000원",33000,true
9637,2422441,11,연어알,"15,000원",15000,true
9638,2422441,12,아나고,"15,000원",15000,true
9639,9321613,1,타코 샐러드,"12,000원",12000,true
9640,9321613,2,로스트 치킨,"18,000원",18000,true
9641,9321613,3,모듬 소시지,"18,000원",18000,true
9642,9321613,4,새우버거,"16,000원",16000,true
9643,9321613,5,레귤러 감자튀김,"10,000원",10000,true
9644,5287810,1,버섯굴즉,"16,000원",16000,true
9645,5287810,2,특전복죽,"24,000원",24000,true
9646,5287810,3,전복죽,"17,000원",17000,true
9647,5287810,4,삼계죽,"17,000원",17000,true
9648,5287810,5,새우즉,"16,000원",16000,true
9649,5287810,6,야채죽,"10,000원",10000,true
9650,5287810,7,닭죽,"10,000원",10000,true
9651,5287810,8,인삼즙,"6,000원",6000,true
9652,5287810,9,과일즙,"6,000원",6000,true
9653,5287810,10,야채즙,"6,000원",6000,true
9654,2080573,1,보쌈정식,,,true
9655,2080573,2,제육볶음,,,true
9656,2080573,3,등갈비 김치찜,,,true
9657,2080573,4,돌솥비빔밥,,,true
9658,2080573,5,뚝배기불고기,,,true
9659,2080573,6,순두부비빔밥,,,true
9660,2080573,7,뼈해장국,,,true
9661,2080573,8,계란말이,,,true
9662,2080573,9,낙지만두,,,true
9663,2080573,10,묵은지매운뼈찜,,,true
9664,2080573,11,원당감자탕,,,true
9665,2080573,12,원당뼈찜,,,true
9666,2080573,13,족발 + 보쌈,,,true
9667,2080573,14,지짐이,,,true
9668,2080573,15,쭈꾸미만두,,,true
9669,2080573,16,코다리찜,,,true
9670,2080573,17,콩비지감자탕,,,true
9671,33220553,1,OUR SIGNATURE (로우앤슬로우 시그니처),"69,000원",69000,true
9672,33220553,2,WAGYU BRISKET PLATE(와규 브리스킷 플레이트),"47,000원",47000,true
9673,33220553,3,BEEF RIB PLATE(비프 립 플레이트),"58,000원",58000,true
9674,33220553,4,PULLED PORK PLATE(풀드 포크 플레이트),"24,000원",24000,true
9675,33220553,5,CHOPPED BRISKET PLATE(찹 브리스킷 플레이트),"26,000원",26000,true
9676,33220553,6,SMOKED CHICKEN WING(훈제치킨 윙),"25,000원",25000,true
9677,33220553,7,HOMEMADE SAUSAGE(수제 소세지),"25,000원",25000,true
9678,33220553,8,GIANT DINO RIB(자이언트 비프 립),"300,000원",300000,true
9679,7834879,1,터키쉬 닭고기 케밥,"6,900원",6900,true
9680,7834879,2,터키쉬 양고기 케밥,"7,900원",7900,true
9681,7834879,3,터키쉬 믹스 케밥,"8,900원",8900,true
9682,7834879,4,그릴 치즈 케밥,"9,900원",9900,true
9683,7834879,5,그릴 치즈 양고기케밥,"10,900원",10900,true
9684,7834879,6,그릴 치즈 믹스케밥,"11,900원",11900,true
9685,7834879,7,점보 케밥 닭고기,"7,900원",7900,true
9686,7834879,8,점보 케밥 양고기,"8,900원",8900,true
9687,7834879,9,점보 케밥 믹스,"9,900원",9900,true
9688,7834879,10,치킨 브리또,"7,900원",7900,true
9689,7834879,11,양고기 브리또,"8,900원",8900,true
9690,7834879,12,믹스 브리또（치킨＋양고기）,"9,900원",9900,true
9691,7834879,13,치즈 토스트 케밥 닭고기,"8,900원",8900,true
9692,7834879,14,치즈 토스트 케밥 양고기,"9,900원",9900,true
9693,7834879,15,치즈 토스트 케밥 믹스,"10,900원",10900,true
9694,7834879,16,K-POP 케밥 치킨,"9,900원",9900,true
9695,7834879,17,K-POP 케밥 양고기,"10,900원",10900,true
9696,7834879,18,K-POP 케밥 믹스,"11,900원",11900,true
9697,7834879,19,새우 랩 케밥,"8,900원",8900,true
9698,7834879,20,퀘사디아 랩,"14,900원",14900,true
9699,7834879,21,필라프케밥 닭고기 덮밥,"10,500원",10500,true
9700,7834879,22,필라프케밥 양고기 덮밥,"11,500원",11500,true
9701,7834879,23,필라프케밥 믹스 덮밥,"12,500원",12500,true
9702,7834879,24,이스켄데르케밥,"19,900원",19900,true
9703,7834879,25,팔라펠 랩,"8,900원",8900,true
9704,7834879,26,팔라펠 점보,"9,900원",9900,true
9705,7834879,27,팔라펠 덮밥,"10,900원",10900,true
9706,7834879,28,갈릭 케밥（Garlic Kebab）,"9,900원",9900,true
9707,7834879,29,샐러드 박스（샐러드＋닭고기）,"8,900원",8900,true
9708,7834879,30,커플 믹스,"24,900원",24900,true
9709,4035194,1,점심 주중 (성인),"150,000원",150000,true
9710,4035194,2,저녁 월-목 (성인),"175,000원",175000,true
9711,4035194,3,"저녁 금, 주말&공휴일 (성인)","175,000원",175000,true
9712,4035194,4,점심 주중 (어린이/유아),"80,000원",80000,true
9713,4035194,5,저녁 월-목 (어린이/유아),"80,000원",80000,true
9714,4035194,6,"저녁 금, 주말&공휴일 (어린이/유아)","80,000원",80000,true
9715,4035194,7,아침(성인),"70,000원",70000,true
9716,4035194,8,아침(어린이),"35,000원",35000,true
9717,14112207,1,셰프스페셜메뉴,"45,000원",45000,true
9718,14112207,2,도미조림,"45,000원",45000,true
9719,14112207,3,우대갈비찜,"58,000원",58000,true
9720,14112207,4,한우불고기,"49,000원",49000,true
9721,14112207,5,전복산나물볶음밥,"45,000원",45000,true
9722,14112207,6,낙지돌솥밥,"45,000원",45000,true
9723,14112207,7,야채돌솥비빔밥,"39,000원",39000,true
9724,14112207,8,한우도가니칼국수,"49,000원",49000,true
9725,6996926,1,원기차,"8,000원",8000,true
9726,6996926,2,은경차,"8,000원",8000,true
9727,6996926,3,건위차,"8,000원",8000,true
9728,6996926,4,보신차,"8,000원",8000,true
9729,6996926,5,보음차,"8,000원",8000,true
9730,6996926,6,향통차,"8,000원",8000,true
9731,6996926,7,감모차,"8,000원",8000,true
9732,6996926,8,감비차,"8,000원",8000,true
9733,6996926,9,성주차,"8,000원",8000,true
9734,6996926,10,안심차,"8,000원",8000,true
9735,6996926,11,겨우살이차,"8,000원",8000,true
9736,6996926,12,유자차,"7,000원",7000,true
9737,6996926,13,대추차,"7,000원",7000,true
9738,6996926,14,허니레몬차,"7,000원",7000,true
9739,6996926,15,배도라지차,"7,000원",7000,true
9740,6996926,16,생강차,"7,000원",7000,true
9741,6996926,17,단팥토스트,"8,000원",8000,true
9742,6996926,18,바질토스트,"8,000원",8000,true
9743,16712513,1,시그니처 참치 피자,"37,000원",37000,true
9744,16712513,2,Weekday Lunch Zen Set,"89,000원",89000,true
9745,16712513,3,Weekday Lunch Set,"129,000원",129000,true
9746,16712513,4,Greatest Hits Set,"169,000원",169000,true
9747,16712513,5,Dinner Set,"289,000원",289000,true
9748,16712513,6,Chef Shin's Recommendations,변동가격,,true
9749,25435690,1,에그라상,"3,500원",3500,true
9750,25435690,2,소그라상,"3,700원",3700,true
9751,25435690,3,베그라상,"3,700원",3700,true
9752,25435690,4,에그라상 아이스크림,"3,500원",3500,true
9753,25435690,5,에그라상세트,"7,000원",7000,true
9754,25435690,6,레몬에이드,"4,500원",4500,true
9755,25435690,7,백향과에이드,"4,500원",4500,true
9756,25435690,8,유자민트에이드,"5,000원",5000,true
9757,25435690,9,자몽오렌지에이드,"4,500원",4500,true
9758,25435690,10,플레인요거트,"4,500원",4500,true
9759,25435690,11,딸기요거트,"5,000원",5000,true
9760,25435690,12,블루베리요거트,"5,000원",5000,true
9761,25435690,13,딸기바나나스무디,"5,000원",5000,true
9762,25435690,14,바나나스무디,"4,500원",4500,true
9763,25435690,15,초코스무디,"4,500원",4500,true
9764,25435690,16,오렌지쥬스,"4,500원",4500,true
9765,25435690,17,토마토쥬스,"5,500원",5500,true
9766,25435690,18,골키파쥬스,"6,500원",6500,true
9767,25435690,19,탄산수,"3,000원",3000,true
9768,25435690,20,사과탄산쥬스,"4,000원",4000,true
9769,25435690,21,모닝세트,"5,400원",5400,true
9770,25435690,22,아메리카노,"4,000원",4000,true
9771,25435690,23,카페라떼,"4,500원",4500,true
9772,25435690,24,바닐라라떼,"5,000원",5000,true
9773,25435690,25,헤이즐넛라떼,"5,000원",5000,true
9774,25435690,26,에스프레소,"3,000원",3000,true
9775,25435690,27,우유,"3,000원",3000,true
9776,25435690,28,초코라떼,"4,500원",4500,true
9777,25435690,29,아보카도라떼,"5,500원",5500,true
9778,25435690,30,콩쥐라떼,"5,500원",5500,true
9779,25435690,31,유기농캐모마일,"4,000원",4000,true
9780,25435690,32,유기농페퍼민트,"4,000원",4000,true
9781,25435690,33,유기농히비스커스,"4,000원",4000,true
9782,25435690,34,유기농루이보스,"4,000원",4000,true
9783,25435690,35,얼그레이차,"4,000원",4000,true
9784,25435690,36,삼다연제주영귤,"4,500원",4500,true
9785,25435690,37,동백이피는곶자왈,"4,500원",4500,true
9786,25435690,38,유자차,"4,000원",4000,true
9787,25435690,39,자몽오렌지차,"4,000원",4000,true
9788,25435690,40,레몬차,"4,000원",4000,true
9789,25435690,41,백향과차,"4,000원",4000,true
9790,25435690,42,매실차,"4,000원",4000,true
9791,25435690,43,생강차,"4,000원",4000,true
9792,25435690,44,메리골드차,"4,500원",4500,true
9793,13141790,1,MONTHLY SPECIAL SET,"120,000원",120000,true
9794,13141790,2,BUSINESS LUNCH,"65,000원",65000,true
9795,13141790,3,SUITE SET DINNER,"170,000원",170000,true
9796,13141790,4,DELUX SET DINNER,"130,000원",130000,true
9797,7748364,1,한우 꽃등심,"95,000원",95000,true
9798,7748364,2,한우 양념갈비,"73,000원",73000,true
9799,7748364,3,한방갈비찜 반상,"52,000원",52000,true
9800,7748364,4,해물파전,"35,000원",35000,true
9801,7748364,5,낙지볶음,"50,000원",50000,true
9802,7748364,6,1984 낙원 특생대갈비,"150,000원",150000,true
9803,7748364,7,1984 낙원 특양념대갈비,"150,000원",150000,true
9804,7748364,8,조리장 특선 한우모둠,"500,000원",500000,true
9805,7748364,9,한우 안창살,"130,000원",130000,true
9806,7748364,10,한우 안심,"110,000원",110000,true
9807,7748364,11,한우 등심불고기,"48,000원",48000,true
9808,7748364,12,한우 곱창 전골,"60,000원",60000,true
9809,7748364,13,한우 육회,"60,000원",60000,true
9810,7748364,14,한우 갈비탕 반상,"37,000원",37000,true
9811,7748364,15,한우 육개장 반상,"35,000원",35000,true
9812,7748364,16,"평양냉면(물,비빔)","21,000원",21000,true
9813,7748364,17,한우 등심구이 반상 (주중 점심특선),"55,000원",55000,true
9814,7748364,18,메로구이 반상 (주중 점심특선),"43,000원",43000,true
9815,7748364,19,전복 비빔밥 반상 (주중 점심특선),"35,000원",35000,true
9816,7748364,20,"서울식 불고기 정식 (주중 시즌 스페셜,점심 한정)","55,000원",55000,true
9817,9732438,1,한치와 주키니 튀김,"29,000원",29000,true
9818,9732438,2,무제한 생맥주 (평일 17:30 ~ 20:00),"19,000원",19000,false
9819,9732438,3,카푸니초 시그니처 칵테일,"18,000원",18000,true
9820,9732438,4,위스키하이볼,"18,000원",18000,true
9821,9732438,5,진토닉,"18,000원",18000,true
9822,9732438,6,데킬라 선라이즈,"18,000원",18000,true
9823,9732438,7,피치크러쉬,"18,000원",18000,true
9824,9732438,8,올드패션,"18,000원",18000,true
9825,9732438,9,갓파더,"18,000원",18000,true
9826,9732438,10,드라이마티니,"18,000원",18000,true
9827,9732438,11,아페롤스프리츠,"18,000원",18000,true
9828,9732438,12,네그로니,"18,000원",18000,true
9829,9732438,13,셜리템플(논알콜),"18,000원",18000,true
9830,9732438,14,샤퀴테리 플레이트,"39,000원",39000,true
9831,9732438,15,올리브절임,"17,000원",17000,true
9832,9732438,16,나초칩과 트러플 감자튀김,"20,000원",20000,true
9833,9732438,17,라임 그라니따와 레몬 젤라또,"15,000원",15000,true
9834,9732438,18,티라미수 브륄레,"23,000원",23000,true
9835,9732438,19,부라타 치즈 샐러드,"28,000원",28000,true
9836,9732438,20,타이거새우와 렌틸콩 스튜,"32,000원",32000,true
9837,9732438,21,문어,"36,000원",36000,true
9838,9732438,22,포모도로 링귀니,"26,000원",26000,true
9839,9732438,23,봉골레 링귀니,"29,000원",29000,true
9840,9732438,24,화이트라구 딸리아뗄레,"29,000원",29000,true
9841,9732438,25,문어 리조또,"29,500원",29500,true
9842,9732438,26,타이거새우 리조또,"29,500원",29500,true
9843,8685992,1,오리지널 샤오롱바오(10개),"15,000원",15000,true
9844,9319751,1,카레세트(4인분),"98,000원",98000,true
9845,9319751,2,카레와케밥세트(4인분),"109,000원",109000,true
9846,9319751,3,페르시안치킨까스+라이스,"14,500원",14500,true
9847,9319751,4,어린이치킨까스+라이스,"11,500원",11500,true
9848,9319751,5,데히치킨카레+라이스,"14,000원",14000,true
9849,9319751,6,닭반마리+라이스,"16,000원",16000,true
9850,9319751,7,칠면조카레+라이스,"15,500원",15500,true
9851,9319751,8,야채카레+라이스,"10,000원",10000,true
9852,19625631,1,돈 아돌포,"16,900원",16900,true
9853,19625631,2,마르게리타 부팔라,"15,500원",15500,true
9854,19625631,3,로사리오,"19,500원",19500,false
9855,19625631,4,돈 제나로,"23,900원",23900,true
9856,19625631,5,마르게리타,"12,900원",12900,true
9857,19625631,6,마리나라,"8,900원",8900,true
9858,19625631,7,리피에노 알 포르노,"18,900원",18900,true
9859,19625631,8,프로슈토&루꼴라,"19,500원",19500,true
9860,19625631,9,쿼트로 포르마지,"19,500원",19500,true
9861,19625631,10,파스쿠알레,"18,900원",18900,true
9862,19625631,11,돌체,"12,500원",12500,true
9863,810850,1,삼원 전통 양념갈비,"65,000원",65000,true
9864,8931951,1,꽃삼겹(400g),"39,000원",39000,true
9865,8931951,2,꽃목살(300g),"29,000원",29000,true
9866,8931951,3,항정살(160g),"17,000원",17000,true
9867,8931951,4,삼겹살(180g),"17,000원",17000,true
9868,8931951,5,목살(180g),"17,000원",17000,true
9869,8931951,6,가브리살(160g),"17,000원",17000,true
9870,8931951,7,양념갈비(250g),"17,000원",17000,true
9871,8931951,8,차돌박이(150g),"17,000원",17000,true
9872,8931951,9,생막창(160g),"17,000원",17000,true
9873,8931951,10,껍데기(100g),"6,000원",6000,true
9874,1735162,1,찜닭 (중),"28,000원",28000,true
9875,1735162,2,뼈없는찜닭 (대),"42,000원",42000,true
9876,1735162,3,뼈없는찜닭 (중),"32,000원",32000,true
9877,1735162,4,해물찜닭 (대),"47,000원",47000,true
9878,1735162,5,해물찜닭 (중),"35,000원",35000,true
9879,1735162,6,찜닭 (소) +공기밥1 (런치메뉴),"19,000원",19000,false
9880,34249019,1,양꼬치 무한리필 1인분,"19,900원",19900,true
9881,34249019,2,돼지빼고 무한리필 1인분,"23,900원",23900,true
9882,34249019,3,라면 무한리필,,,true
9883,34249019,4,떡볶이 무한리필,,,true
9884,9878254,1,VELVET MARTINI,"29,000원",29000,true
9885,9878254,2,RHUBARB GIMLET,"29,000원",29000,true
9886,9878254,3,MOJITO COLADA,"26,000원",26000,true
9887,9878254,4,RUBY NEGRONI,"30,000원",30000,true
9888,9878254,5,OLD FASHIONED HIGHBALL,"33,000원",33000,true
9889,9878254,6,YELLOW TAXI,"32,000원",32000,true
9890,9878254,7,ALL DAY MARY,"31,000원",31000,true
9891,15154591,1,Welcome charge,"23,000원",23000,true
9892,15154591,2,전통주 signature cocktails,"23,000원",23000,true
9893,15154591,3,as you wish cocktails,"23,000원",23000,true
9894,15154591,4,whiskeys,변동가격,,true
9895,15154591,5,wine,변동가격,,true
9896,13147696,1,"흑토마토 샐러드, 참깨 드레싱","28,000원",28000,true
9897,13147696,2,"사시미 샐러드, 연어알, 미츠바, 와사비 드레싱","48,000원",48000,true
9898,13147696,3,참치속살,"30,000원",30000,true
9899,13147696,4,카우리후토마끼,"50,000원",50000,true
9900,13147696,5,참치뱃살과대파,"52,000원",52000,true
9901,13147696,6,왕새우,"18,000원",18000,true
9902,13147696,7,모듬야채,"25,000원",25000,true
9903,23890178,1,토마호크 스테이크 1kg,"180,000원",180000,true
9904,23890178,2,화이트 코스,"39,000원",39000,true
9905,23890178,3,해산물 오일 파스타,"26,000원",26000,true
9906,23890178,4,블랙 코스,"89,000원",89000,true
9907,23890178,5,차르 코스,"119,000원",119000,true
9908,23890178,6,연어 스테이크 150g,"31,000원",31000,true
9909,23890178,7,채끝 등심 스테이크 200g,"48,000원",48000,true
9910,23890178,8,런치,"59,000원",59000,true
9911,23890178,9,디너,"95,000원",95000,true
9912,23890178,10,"런치(주말,공휴일)","69,000원",69000,true
9913,31411007,1,어향동고 (대),"67,500원",67500,true
9914,31411007,2,탕수육,"32,000원",32000,true
9915,31411007,3,짜장면,"8,000원",8000,true
9916,31411007,4,간짜장,"11,000원",11000,true
9917,31411007,5,고추간짜장,"12,000원",12000,true
9918,31411007,6,한접시 해물짜장,"13,000원",13000,true
9919,31411007,7,옛날짬뽕 (밥),,,true
9920,31411007,8,하얀짬뽕 (밥),"12,000원",12000,true
9921,31411007,9,팔선해물짬뽕 (밥),"14,000원",14000,true
9922,31411007,10,옛날볶음밥+후라이,"10,000원",10000,true
9923,31411007,11,잡채볶음밥+후라이,"13,000원",13000,true
9924,31411007,12,마파두부밥,"12,000원",12000,true
9925,31411007,13,가지덮밥,"13,000원",13000,true
9926,31411007,14,고추잡채밥,"13,000원",13000,true
9927,31411007,15,유산슬밥,"16,000원",16000,true
9928,31411007,16,해물잡탕밥,"20,000원",20000,true
9929,31411007,17,마라우육면,"18,000원",18000,true
9930,31411007,18,유산슬,"45,000원",45000,true
9931,31411007,19,홍대게살볶음,"60,000원",60000,true
9932,31411007,20,양장피,"45,000원",45000,true
9933,31411007,21,원조어향동고,"45,000원",45000,true
9934,31411007,22,게살삼슬,"52,000원",52000,true
9935,31411007,23,팔보채,"59,000원",59000,true
9936,31411007,24,전가복스페셜,"90,000원",90000,true
9937,31411007,25,오룡해삼,"90,000원",90000,true
9938,31411007,26,전복해삼,"90,000원",90000,true
9939,31411007,27,전가복 (대),"135,000원",135000,true
9940,31411007,28,전복버터구이,"90,000원",90000,true
9941,31411007,29,찹살탕수육,"32,000원",32000,true
9942,31411007,30,사천탕수육,"35,000원",35000,true
9943,31411007,31,난자완스,"45,000원",45000,true
9944,31411007,32,동파육,"55,000원",55000,true
9945,31411007,33,소고기피망볶음+꽃빵,"48,000원",48000,true
9946,31411007,34,깐풍기,"38,000원",38000,true
9947,31411007,35,고추유린기,"38,000원",38000,true
9948,31411007,36,라조기,"38,000원",38000,true
9949,31411007,37,오렌지크림새우,"42,000원",42000,true
9950,31411007,38,칠리중새우,"42,000원",42000,true
9951,31411007,39,크림중새우,"42,000원",42000,true
9952,31411007,40,깐풍중새우,"42,000원",42000,true
9953,25559059,1,엘더클래식 (단품),"11,500원",11500,true
9954,25559059,2,벨리버거 (단품),"15,500원",15500,true
9955,25559059,3,포레스트버거 (단품),"17,500원",17500,true
9956,25559059,4,더블엘더클래식 (단품),"17,500원",17500,true
9957,25559059,5,베이컨치즈버거 (단품),"14,500원",14500,true
9958,25559059,6,뉴클래식 (단품),"14,500원",14500,true
9959,25559059,7,칠리치즈버거 (단품),"17,500원",17500,true
9960,25559059,8,과카몰리버거 (단품),"13,500원",13500,true
9961,25559059,9,키토버거 (단품),"13,000원",13000,true
9962,25559059,10,엘더클래식 (세트),"16,500원",16500,true
9963,25559059,11,더블엘더클래식 (세트),"22,500원",22500,true
9964,25559059,12,뉴클래식 (세트),"19,500원",19500,true
9965,25559059,13,베이컨치즈버거 (세트),"19,500원",19500,true
9966,25559059,14,벨리버거 (세트),"20,500원",20500,true
9967,25559059,15,칠리치즈버거 (세트),"22,500원",22500,true
9968,25559059,16,포레스트버거 (세트),"22,500원",22500,true
9969,25559059,17,과카몰리버거 (세트),"18,500원",18500,true
9970,25559059,18,키토버거 (세트),"18,000원",18000,true
9971,25559059,19,코울슬로,"3,500원",3500,true
9972,25559059,20,멕시칸콘샐러드,"3,500원",3500,true
9973,25559059,21,코울슬로반/콘샐러드반,"4,000원",4000,true
9974,25559059,22,시저샐러드,"11,000원",11000,true
9975,25559059,23,바닐라쉐이크,"6,900원",6900,true
9976,25559059,24,딸기쉐이크,"7,900원",7900,true
9977,25559059,25,초콜릿쉐이크,"7,900원",7900,true
9978,25559059,26,솔티드카라멜쉐이크,"7,900원",7900,true
9979,25559059,27,오레오쉐이크,"7,900원",7900,true
9980,25559059,28,까페오레쉐이크,"7,900원",7900,true
9981,25559059,29,오렌지주스,"4,000원",4000,true
9982,25559059,30,아메리카노,"4,500원",4500,true
9983,16667426,1,성인 디너,"138,000원",138000,true
9984,16667426,2,어린이 디너,"69,000원",69000,true
9985,26242676,1,시그니처 (성인),"58,000원",58000,true
9986,26242676,2,스페셜 (성인),"78,000원",78000,true
9987,26242676,3,엑설런트 (성인),"98,000원",98000,true
9988,26242676,4,메뉴판,,,true
9989,12946037,1,스테이크 부리또 볼 콤보,"15,400원",15400,true
9990,12946037,2,그릴 치킨 부리또 볼 콤보,"11,400원",11400,true
9991,12946037,3,알빠스톨 부리또 볼 콤보,"13,400원",13400,true
9992,12946037,4,까르니따스 부리또 콤보,"12,400원",12400,true
9993,12946037,5,그릴치킨 샐러드 콤보,"12,900원",12900,true
9994,12946037,6,그릴 새우 타코 콤보,"15,400원",15400,true
9995,13127741,1,유가네닭갈비,"12,000원",12000,true
9996,33387236,1,A세트 (1~2인),"105,000원",105000,true
9997,33387236,2,B세트 (2~3인),"168,000원",168000,true
9998,33387236,3,C세트 (4~5인),"262,000원",262000,true
9999,33387236,4,장어 (한마리)(최소2마리),"45,000원",45000,true
10000,9253554,1,감자탕 (대),"39,000원",39000,true
10001,9253554,2,감자탕 (소),"23,000원",23000,true
10002,9253554,3,감자탕 (중),"31,000원",31000,true
10003,9253554,4,감자탕백반,"10,000원",10000,true
