id,name,phone,address,postal_code,lat,lng,category,hours,description,image,link,review_count,rating,category_kakao,description_kakao,last_order,kakao_place_id,kakao_place_url,menu_price_min,menu_price_median,menu_count,has_parking,has_group_seating,has_private_room,has_baby_chair,has_kids_menu,allows_pets,has_disabled_access,hours_source
9163742,Ziu BBQ,+82 2-777-2171,"Seoul 20, Toegye-ro 18-gil",04631,37.560005,126.98519,"Barbecue, Asian, Korean, Grill, Healthy",월 11:00~22:30 / 화 11:00~22:30 / 수 11:00~22:30 / 목 11:00~22:30 / 금 11:00~22:30 / 토 11:00~22:30 / 일 11:00~22:30,"Travelers' Choice 2025 Hi, this is ZIU BBQ. We are a small, family-run boutique Korean BBQ restaurant that has been in operation since 2002. Our goal is to provide our customers with exceptional K-BBQ & food, and Valuable experience. 1++(9) Korean beef sirloin, 450 marinated beef rip and Special K-liquor are our signatures. ** To ensure fair information and pricing, we refrain from creating paid reviews. Slow, but true to the path.",https://dynamic-media-cdn.tripadvisor.com/media/photo-o/26/98/d7/f5/caption.jpg?w=200&h=200&s=1&cx=4371&cy=2305&chk=v1_61d445397c32bc84ce48,https://www.tripadvisor.com/Restaurant_Review-g294197-d9163742-Reviews-Ziu_BBQ-Seoul.html,201,4.9,Galbi (grilled short ribs),"Hello, this is Jiwoo. We aim to provide modern BBQ that satisfies everyone, young and old.",일 22:00 / 월 22:00 / 화 22:00 / 수 22:00 / 목 22:00 / 금 22:00 / 토 22:00,12364779,https://place.map.kakao.com/12364779,9000,23000,13,true,,,,,,true,kakao
33118839,Sunshine Charcoal Grilling,+82 2-772-9282,"Seoul 19-3, Myeongdong 10-gil Jung-gu",04537,37.56302,126.98561,"Seafood, Barbecue, Asian, Korean, Grill, Fusion, Healthy",월 11:00~23:00 / 화 11:00~23:00 / 수 11:00~23:00 / 목 11:00~23:00 / 금 11:00~23:00 / 토 11:00~23:00 / 일 11:00~23:00,"Sunshine Charcoal Grill (Yunseul Charcoal Grill), Myeongdong branch, is a premium Korean charcoal-grill restaurant located in the heart of Myeongdong, one of Seoul's top tourist areas. The interior reinterprets the warmth of a traditional hanok in a modern, refined style, offering a comfortable atmosphere for dining with family, friends, or a partner. Its pride lies in the expertise of grilling carefully selected 1++ grade Hanwoo and aged pork over premium charcoal. The harmony of the meat's juices and the charcoal aroma delivers a deep, rich flavor. Signature menu items include well-marbled ribeye, sweet-marinated galbi, and thick aged pork belly, along with healthy sides such as yukhoe bibimbap and sprout-and-water-dropwort bibimbap. Professional chefs grill the meat for you, and seasonal house-made sauces, fresh vegetables, and clean side dishes are served together. A value lunch special set is offered at lunchtime (11:00-13:00), and soju/wine pairing sets in the evening. Open daily 11:00 to 23:00 year-round, with group reservations and birthday/anniversary events always available.",https://dynamic-media-cdn.tripadvisor.com/media/photo-o/26/98/d7/f5/caption.jpg?w=200&h=200&s=1&cx=4371&cy=2305&chk=v1_61d445397c32bc84ce48,https://www.tripadvisor.com/Restaurant_Review-g294197-d33118839-Reviews-Sunshine_Charcoal_Grilling-Seoul.html,50,4.8,"Meat, Korean BBQ","The pinnacle of 1++ grade Hanwoo charcoal grilling in the heart of Myeongdong, unforgettable flavors guaranteed!",,1377366922,https://place.map.kakao.com/1377366922,10000,19500,20,,,,,,,true,kakao
14803574,Flavors,+82 2-6282-6730,"Seoul 176 Sinbanpo-ro, Seocho-gu Seocho-gu",06546,37.503933,127.004745,"Seafood, Asian, Korean, Grill, Healthy",Sun 06:30~10:30 / Sun 11:30~16:00 / Sun 18:00~21:00 / Mon 06:30~10:00 / Mon 12:00~14:30 / Mon 18:00~21:00 / Tue 06:30~10:00 / Tue 12:00~14:30 / Tue 18:00~21:00 / Wed 06:30~10:00 / Wed 12:00~14:30 / Wed 18:00~21:00 / Thu 06:30~10:00 / Thu 12:00~14:30 / Thu 18:00~21:00 / Fri 06:30~10:00 / Fri 12:00~14:30 / Fri 18:00~21:00 / Sat 06:30~10:30 / Sat 11:30~16:00 / Sat 18:00~21:00,"Travelers’ Choice Best of the Best 2025 Indulge in delicious global cuisine in a dynamic and stylish atmosphere while dining at Flavors. Our restaurant is located in the JW Marriott Hotel Soul and serves breakfast, lunch and dinner daily.",https://dynamic-media-cdn.tripadvisor.com/media/photo-o/26/98/d7/f5/caption.jpg?w=200&h=200&s=1&cx=4371&cy=2305&chk=v1_61d445397c32bc84ce48,https://www.tripadvisor.com/Restaurant_Review-g294197-d14803574-Reviews-Flavors-Seoul.html,2058,5.0,,A celebration of fresh lobster and abundant lamb chops.,,360787491,https://place.map.kakao.com/360787491,,,,true,true,true,true,true,,,tripadvisor
1174982,Tosokchon Samgyetang,+82 2-737-7444,"Seoul 5, Jahamun-ro 5-gil, Jongno-gu",03041,37.57775,126.97164,"Asian, Korean, Healthy, Soups",월 10:00~22:00 / 화 10:00~22:00 / 수 10:00~22:00 / 목 10:00~22:00 / 금 10:00~22:00 / 토 10:00~22:00 / 일 10:00~22:00,,https://dynamic-media-cdn.tripadvisor.com/media/photo-o/26/98/d7/f5/caption.jpg?w=200&h=200&s=1&cx=4371&cy=2305&chk=v1_61d445397c32bc84ce48,https://www.tripadvisor.com/Restaurant_Review-g294197-d1174982-Reviews-Tosokchon_Samgyetang-Seoul.html,2721,4.2,Samgyetang (ginseng chicken soup),A deep ginseng chicken soup with rich nuts in a Hanok's elegance.,일 21:00 / 월 21:00 / 화 21:00 / 수 21:00 / 목 21:00 / 금 21:00 / 토 21:00,26545925,https://place.map.kakao.com/26545925,19000,25500,8,true,true,true,true,,,,kakao
10388017,Bbandak Bbandak Myeongdong Branch,+82 2-6953-0012,"Seoul Myeongdong 4-gil, 46 2F",04537,37.5617,126.983955,"Asian, Korean, Healthy",Sun 11:00~22:30 / Mon 11:00~22:30 / Tue 11:00~22:30 / Wed 11:00~22:30 / Thu 11:00~22:30 / Fri 11:00~22:30 / Sat 11:00~22:30,"A must-visit spot in Myeongdong! Taste the authentic Dakgalbi loved by locals. Fresh ingredients, generous portions, and unforgettable cheesy flavors await you.",https://dynamic-media-cdn.tripadvisor.com/media/photo-o/26/98/d7/f5/caption.jpg?w=200&h=200&s=1&cx=4371&cy=2305&chk=v1_61d445397c32bc84ce48,https://www.tripadvisor.com/Restaurant_Review-g294197-d10388017-Reviews-Bbandak_Bbandak_Myeongdong_Branch-Seoul.html,93,4.5,,The charm of generous cheese dakgalbi with various sauces.,,844190428,https://place.map.kakao.com/844190428,13000,15000,4,,,,,,,,tripadvisor
14803418,The Margaux Grill,+82 2-6282-6759,"Seoul 176 Sinbanpo-ro, Seocho-gu Seocho-gu",06546,37.50391,127.00475,"Steakhouse, Bar, Grill",Sun 11:30~14:30 / Sun 18:00~22:00 / Mon 11:30~14:30 / Mon 18:00~22:00 / Tue 11:30~14:30 / Tue 18:00~22:00 / Wed 11:30~14:30 / Wed 18:00~22:00 / Thu 11:30~14:30 / Thu 18:00~22:00 / Fri 11:30~14:30 / Fri 18:00~22:00 / Sat 11:30~14:30 / Sat 18:00~22:00,"Travelers' Choice 2025 At The Margaux Grill, enjoy grilled cuisine paired with a variety of rare wines from the largest wine cellar in Korea in our outdoor gardens. The Margaux Grill is located inside the JW Marriott Hotel Seoul and is open for both lunch and dinner.",https://dynamic-media-cdn.tripadvisor.com/media/photo-o/26/98/d7/f5/caption.jpg?w=200&h=200&s=1&cx=4371&cy=2305&chk=v1_61d445397c32bc84ce48,https://www.tripadvisor.com/Restaurant_Review-g294197-d14803418-Reviews-The_Margaux_Grill-Seoul.html,313,4.9,,The deep flavor and elegance of wood-fired grilling.,,1822313986,https://place.map.kakao.com/1822313986,28900,31900,3,true,true,true,,,,,tripadvisor
1371740,Mugyodong Bugeokukjib,+82 2-777-3891,"Seoul 38, Eulji-ro 1-gil, Jung-gu",04522,37.567886,126.979744,"Asian, Korean, Healthy, Soups",Sun 07:00~15:00 / Mon 07:00~20:00 / Tue 07:00~20:00 / Wed 07:00~20:00 / Thu 07:00~20:00 / Fri 07:00~20:00 / Sat 07:00~15:00,,https://dynamic-media-cdn.tripadvisor.com/media/photo-o/26/98/d7/f5/caption.jpg?w=200&h=200&s=1&cx=4371&cy=2305&chk=v1_61d445397c32bc84ce48,https://www.tripadvisor.com/Restaurant_Review-g294197-d1371740-Reviews-Mugyodong_Bugeokukjib-Seoul.html,682,4.4,,A bowl of deep dried pollock soup with a 60-year tradition.,,11064200,https://place.map.kakao.com/11064200,11000,11000,1,,,,,,,true,tripadvisor
4343686,Atrio,+82 2-6137-7120,"Seoul 23-1, Yeouido-dong, Yeongdeungpo-gu 2F, Conrad Seoul",150948,37.525414,126.92661,"Italian, Pizza, Central-Italian",월 11:00~21:30 / 화 11:00~21:30 / 수 11:00~21:30 / 목 11:00~21:30 / 금 11:00~21:30 / 토 11:00~21:30 / 일 11:00~21:30,"Enjoy Italian dining as you’ve never experienced before. Atrio combines sky-high ceilings with hearty, down-to-earth Italian fare, offering simple yet authentic regional Italian recipes. This stylish restaurant features a 28m high ceiling adorned with designer lighting, elegant sculptures, a traditional pizza oven, an antipasti counter and a pasticceria counter. Bravissimo!",https://dynamic-media-cdn.tripadvisor.com/media/photo-o/26/98/d7/f5/caption.jpg?w=200&h=200&s=1&cx=4371&cy=2305&chk=v1_61d445397c32bc84ce48,https://www.tripadvisor.com/Restaurant_Review-g294197-d4343686-Reviews-Atrio-Seoul.html,376,4.8,Italian,Chewy dough with deep flavors of Italian cuisine.,일 21:00 / 월 21:00 / 화 21:00 / 수 21:00 / 목 21:00 / 금 21:00 / 토 21:00,27543646,https://place.map.kakao.com/27543646,39000,40000,6,,,,,,,,kakao
26822594,Daol Charcoal Grill,+82 2-3789-7774,"Seoul 54-2, Myeongdong 2-ga 1st And 2nd Floors",04536,37.56318,126.98396,"Barbecue, Korean, Fusion, Wine Bar, Beer restaurants",월 11:00~23:00 / 화 11:00~23:00 / 수 11:00~23:00 / 목 11:00~23:00 / 금 11:00~23:00 / 토 11:00~23:00 / 일 11:00~23:00,"Travelers' Choice 2025 Daol Charcoal Grill Myeongdong Branch is a restaurant in Myeongdong, Seoul where you can taste representative K-food foods such as bulgogi, pork belly, and soybean paste stew. We hope you enjoy it. We will always prepare fresh ingredients to reward our customers.",https://dynamic-media-cdn.tripadvisor.com/media/photo-o/26/98/d7/f5/caption.jpg?w=200&h=200&s=1&cx=4371&cy=2305&chk=v1_61d445397c32bc84ce48,https://www.tripadvisor.com/Restaurant_Review-g294197-d26822594-Reviews-Daol_Charcoal_Grill-Seoul.html,589,4.9,"Meat, Korean BBQ",Myeongdong Daol Charcoal Grill! Enjoy the fresh taste infused with real charcoal! Experience the best in gourmet dining!,,254918904,https://place.map.kakao.com/254918904,12000,22000,15,,,,,,,true,kakao
14803417,Tamayura,+82 2-6282-6751,"Seoul 176 Sinbanpo-ro, Seocho-gu Seocho-gu",06546,37.503906,127.004745,"Japanese, Seafood, Sushi, Asian",월 11:30~22:00 / 화 11:30~22:00 / 수 11:30~22:00 / 목 11:30~22:00 / 금 11:30~22:00 / 토 11:30~22:00 / 일 11:30~22:00,Travelers' Choice 2025 Tamayura fuses South Korea's finest grade Edomae sushi and teppanyaki with authentic ingredients and sophisticated presentations. The eclectic ambiance and design of our restaurant draws you into an experience that touches all of your senses. Tamayura can be found inside the JW Marriott Hotel Soul and is open for lunch and dinner.,https://dynamic-media-cdn.tripadvisor.com/media/photo-o/26/98/d7/f5/caption.jpg?w=200&h=200&s=1&cx=4371&cy=2305&chk=v1_61d445397c32bc84ce48,https://www.tripadvisor.com/Restaurant_Review-g294197-d14803417-Reviews-Tamayura-Seoul.html,219,5.0,Japanese,Delight in a refined Japanese culinary experience crafted by the chef's hands.,,2140623859,https://place.map.kakao.com/2140623859,55000,100000,5,true,,true,,,,,kakao
25453046,Hangong-Gan,+82 10-7223-4247,"Seoul 561-4 Yeonnam-dong, Mapo-gu",03988,37.56104,126.92041,"Asian, Korean, Fusion",월 17:00~24:00 / 수 17:00~24:00 / 목 17:00~24:00 / 금 17:00~24:00 / 토 17:00~24:00 / 일 17:00~24:00,"Travelers' Choice 2025 If you are looking for a real hidden gem in hongdae/yeonnam, here we are. I am pretty sure that this will be your best Asian gastronomy experience in Korea. Escaping from the crowded main street, don’t hesitate to try this funky adventure. Welcome to my cooking laboratory.",https://dynamic-media-cdn.tripadvisor.com/media/photo-o/26/98/d7/f5/caption.jpg?w=200&h=200&s=1&cx=4371&cy=2305&chk=v1_61d445397c32bc84ce48,https://www.tripadvisor.com/Restaurant_Review-g294197-d25453046-Reviews-Hangong_Gan-Seoul.html,278,5.0,Fusion,We serve Asian cuisine in a small shop with 14 seats.,일 23:15 / 월 23:15 / 수 23:15 / 목 23:15 / 금 23:15 / 토 23:15,1745787460,https://place.map.kakao.com/1745787460,13000,23000,11,true,,,,,,,kakao
21127141,Cleo,+82 2-2076-2050,Seoul 1F,04392,37.528584,126.99311,"Mediterranean, Middle Eastern",월 06:30~22:00 / 화 06:30~22:00 / 수 06:30~22:00 / 목 06:30~22:00 / 금 06:30~22:00 / 토 06:30~22:00 / 일 06:30~22:00,"Cleo provides a warm, social setting to enjoy shareable dishes that feature traditional flavors with a modern twist. The classic and the contemporary come together to create a dining experience like no other. Whether it's a quick bite or an indulgent feast, Cleo's casual-cool ambiance makes it the perfect destination for any occasion.",https://dynamic-media-cdn.tripadvisor.com/media/photo-o/26/98/d7/f5/caption.jpg?w=200&h=200&s=1&cx=4371&cy=2305&chk=v1_61d445397c32bc84ce48,https://www.tripadvisor.com/Restaurant_Review-g294197-d21127141-Reviews-Cleo-Seoul.html,310,4.8,Western,Wood-fired pizza and kebabs bursting with Middle Eastern vibes.,,2056241292,https://place.map.kakao.com/2056241292,33000,69000,5,true,true,,true,true,,,kakao
9105334,Maple Tree House - Itaewon,+82 2-790-7977,"Seoul 26, Itaewon-ro 27ga-gil, Yongsan-gu",04350,37.534874,126.994026,"Barbecue, Asian, Korean",월 11:30~22:00 / 화 11:30~22:00 / 수 11:30~22:00 / 목 11:30~22:00 / 금 11:30~22:00 / 토 11:30~22:00 / 일 11:30~22:00,,https://dynamic-media-cdn.tripadvisor.com/media/photo-o/26/98/d7/f5/caption.jpg?w=200&h=200&s=1&cx=4371&cy=2305&chk=v1_61d445397c32bc84ce48,https://www.tripadvisor.com/Restaurant_Review-g294197-d9105334-Reviews-Maple_Tree_House_Itaewon-Seoul.html,535,4.2,"Meat, Korean BBQ",Premium Korean beef barbecue infused with charcoal aroma.,일 21:30 / 월 14:30 / 월 21:30 / 화 14:30 / 화 21:30 / 수 14:30 / 수 21:30 / 목 14:30 / 목 21:30 / 금 14:30 / 금 21:30 / 토 21:30,11646433,https://place.map.kakao.com/11646433,13900,14900,5,true,true,,,,,,kakao
2327459,Buddha's Belly,+82 2-749-0903,"Seoul 48, Noksapyeong-daero 40-gil, Yongsan-gu",04345,37.534294,126.98858,"Asian, Thai",월 11:30~22:00 / 화 11:30~22:00 / 수 11:30~22:00 / 목 11:30~22:00 / 금 11:30~22:30 / 토 11:30~22:30 / 일 11:30~22:00,"Travelers' Choice 2025 ※ Present a same-day parking ticket to receive a ₩2,000 discount for every ₩40,000 spent on dining (up to ₩10,000). Yongsan-gu Office Parking Lot 1 hour - 2,700 won 2 hours - 5,700 won Dongho Parking Lot 1 hour - 4,000 won 2 hours - 8,000 won",https://dynamic-media-cdn.tripadvisor.com/media/photo-o/26/98/d7/f5/caption.jpg?w=200&h=200&s=1&cx=4371&cy=2305&chk=v1_61d445397c32bc84ce48,https://www.tripadvisor.com/Restaurant_Review-g294197-d2327459-Reviews-Buddha_s_Belly-Seoul.html,322,4.6,Thai,* We provide parking discounts when using Dongho Parking Lot and nearby parking areas. * Reservations can be made via Naver or Catch Table.,,17011339,https://place.map.kakao.com/17011339,9900,24200,10,,,,,,true,true,kakao
4562449,SUT - The Butcher's Edge,+82 2-6137-7110,"Seoul 23-1 Yeouido-dong 37F, Conrad Seoul",07326,37.52542,126.92661,"Steakhouse, Bar, Grill, Fusion",Sun 11:00~00:00 / Mon 11:30~00:00 / Tue 11:30~00:00 / Wed 11:30~00:00 / Thu 11:30~01:00 / Fri 11:30~01:00 / Sat 11:00~01:00,"Travelers' Choice 2025 Rising above the Seoul skyline at the pinnacle of Conrad Seoul, SUT. The Butcher’s Edge redefines the art of steak through fire, time, and craftsmanship. USDA Prime Beef and Australian King River Beef are carefully dry-aged to develop their optimal flavor, while all cuts, including Korea’s finest nulliparous Korean beef, are seared over charcoal flames to fully enhance their natural taste. An elegant omakase-style dining journey, paired with the sommelier’s carefully curated wine selections, invites guests to experience the true harmony of flavor, texture, and artistry. Experience the essence of fire, the depth of aging, and the beauty of the moment and discover a new definition of luxury dining at SUT.",https://dynamic-media-cdn.tripadvisor.com/media/photo-o/26/98/d7/f5/caption.jpg?w=200&h=200&s=1&cx=4371&cy=2305&chk=v1_61d445397c32bc84ce48,https://www.tripadvisor.com/Restaurant_Review-g294197-d4562449-Reviews-SUT_The_Butcher_s_Edge-Seoul.html,291,4.7,,,,,,,,,,,,,,,,tripadvisor
14090441,853,+82 2-733-0853,"Seoul 16, Insa-Dong 12-Gil",03146,37.574703,126.98509,"Barbecue, Asian, Korean, Grill",월 11:30~22:00 / 화 11:30~22:00 / 수 11:30~22:00 / 목 11:30~22:00 / 금 11:30~22:00 / 토 11:30~22:00 / 일 11:30~22:00,"Travelers' Choice 2025 ■ Korean BBQ Restaurant '853' ■ "" We serve authentic Korean pork BBQ With 853 grill Know-how"" ■ BBQ Menu ○ Pork Blade Shoulder(moksal) (150g/100g 12,000)-18,000 ○ Pork Belly (Samgyeopsal) (150g/100g 12,000)- 18,000 ○ Pork cheek meat(Gabrisal) (150g / 100g 14,000)- 21,000 ○ Pork Neck(hangjeongsal) (150g / 100g 14,666)- 22,000 ■ business our: 11:30~22:00 ■ Lunch menu 11:30~14:30, Last Oder: 14:00 everyday. ■ Last Oder Time: 21:20 everyday.",https://dynamic-media-cdn.tripadvisor.com/media/photo-o/26/98/d7/f5/caption.jpg?w=200&h=200&s=1&cx=4371&cy=2305&chk=v1_61d445397c32bc84ce48,https://www.tripadvisor.com/Restaurant_Review-g294197-d14090441-Reviews-853-Seoul.html,248,4.7,"Meat, Korean BBQ",'853' is a popular restaurant located near Exit 6 of Anguk Station in Insadong.,일 21:20 / 월 21:20 / 화 21:20 / 수 21:20 / 목 21:20 / 금 21:20 / 토 21:20,1491327179,https://place.map.kakao.com/1491327179,14000,18000,5,,,,,,,,kakao
9018255,Gop Mapo,+82 507-1324-5201,Seoul 31-1 Dohwa-Gil Mapo-gu,,37.54103,126.94938,"Barbecue, Asian, Korean",월 16:00~23:30 / 화 16:00~23:30 / 수 16:00~23:30 / 목 16:00~23:30 / 금 16:00~23:30 / 토 16:00~23:30 / 일 15:00~23:00,"Travelers' Choice 2025 ""Experience Authentic Korean BBQ with Gopchang at Gop Mapo! Since 2009, Gop Mapo has been a go-to spot for gopchang (beef intestine) lovers. Featured in Korean media and recognized by the Blue Ribbon Survey (Korean Michelin), we offer a top-tier dining experience. We serve only the freshest Korean beef intestines, complemented by homemade side dishes. Don’t miss our signature fried rice—perfect for finishing off your meal. Enjoy the vibrant atmosphere, full of diners embracing the lively Korean Pocha culture. Solo diners are welcome too, with single-person set menus available (except from 18:00 to 20:00). Services: - Reservations via Instagram DM (English & Japanese) - Free Wi-Fi - Menus in English, Japanese, and Chinese""",https://dynamic-media-cdn.tripadvisor.com/media/photo-o/26/98/d7/f5/caption.jpg?w=200&h=200&s=1&cx=4371&cy=2305&chk=v1_61d445397c32bc84ce48,https://www.tripadvisor.com/Restaurant_Review-g294197-d9018255-Reviews-Gop_Mapo-Seoul.html,814,4.9,Gopchang (grilled beef intestines),A featured restaurant from Heo Young-man's 'Baekban Gihang' show! This is the Mapo branch of Gop.,,21732408,https://place.map.kakao.com/21732408,1000,12000,29,true,,,,,,,kakao
3568808,Odarijip Myeongdong,+82 2-778-6769,"Seoul 28, Myeongdong 8na-gil 2F,  Savoy Hotel Seoul",04536,37.561398,126.98342,"Seafood, Asian, Korean",Sun 09:00~23:45 / Mon 09:00~23:45 / Tue 09:30~23:45 / Wed 09:00~23:45 / Thu 09:00~23:30 / Fri 09:00~23:45 / Sat 09:00~23:45,,https://dynamic-media-cdn.tripadvisor.com/media/photo-o/26/98/d7/f5/caption.jpg?w=200&h=200&s=1&cx=4371&cy=2305&chk=v1_61d445397c32bc84ce48,https://www.tripadvisor.com/Restaurant_Review-g294197-d3568808-Reviews-Odarijip_Myeongdong-Seoul.html,211,4.4,,,,419569579,https://place.map.kakao.com/419569579,,,,,,,,,,,tripadvisor
7788204,Yeji Sikdang,+82 2-777-1820,"Seoul 42-2, Myeongdong 1-ga, Jung-gu",04534,37.564648,126.984566,"Asian, Korean",월 05:30~21:00 / 화 05:30~21:00 / 수 05:30~21:00 / 목 05:30~21:00 / 금 05:30~21:00 / 토 05:30~21:00,,https://dynamic-media-cdn.tripadvisor.com/media/photo-o/26/98/d7/f5/caption.jpg?w=200&h=200&s=1&cx=4371&cy=2305&chk=v1_61d445397c32bc84ce48,https://www.tripadvisor.com/Restaurant_Review-g294197-d7788204-Reviews-Yeji_Sikdang-Seoul.html,136,4.4,Korean,,,21233275,https://place.map.kakao.com/21233275,8000,9000,5,,,,,,,,kakao
26689688,Seoul Garage Bar,+82 10-6630-6980,Seoul 4 Jong-ro 14-gil 1st Floor,,37.569843,126.98669,"Bar, Pizza, Asian, Korean, Pub",Sun 14:00~20:00 / Mon 18:00~02:00 / Tue 18:00~02:00 / Wed 18:00~02:00 / Thu 18:00~02:00 / Fri 18:00~02:00 / Sat 14:00~02:00,Travelers' Choice 2025 Temporarily closed.,https://dynamic-media-cdn.tripadvisor.com/media/photo-o/26/98/d7/f5/caption.jpg?w=200&h=200&s=1&cx=4371&cy=2305&chk=v1_61d445397c32bc84ce48,https://www.tripadvisor.com/Restaurant_Review-g294197-d26689688-Reviews-Seoul_Garage_Bar-Seoul.html,97,5.0,,,,,,,,,,,,,,,,tripadvisor
27697272,Cafe Pokpo,,Seoul 262-29 Yeonhui-ro Seodaemun-gu,03653,37.581264,126.93703,"Asian, Korean",Sun 10:00~21:00 / Mon 10:00~21:00 / Tue 10:00~21:00 / Wed 10:00~21:00 / Thu 10:00~21:00 / Fri 10:00~21:00 / Sat 10:00~21:00,,https://dynamic-media-cdn.tripadvisor.com/media/photo-o/26/98/d7/f5/caption.jpg?w=200&h=200&s=1&cx=4371&cy=2305&chk=v1_61d445397c32bc84ce48,https://www.tripadvisor.com/Restaurant_Review-g294197-d27697272-Reviews-Cafe_Pokpo-Seoul.html,12,4.8,,,,,,,,,,,,,,,,tripadvisor
26779314,Wonjomanlgobchang,+82 2-2678-0170,"Seoul 17-1, Gyeongin-ro 79-gil, Yeongdeungpo-gu First Floor",,37.51502,127.01647,"Asian, Korean",월 16:00~22:30 / 화 16:00~22:30 / 수 16:00~22:30 / 목 16:00~22:30 / 금 16:00~23:00 / 토 12:30~22:30 / 일 12:30~22:00,Travelers' Choice 2025,https://dynamic-media-cdn.tripadvisor.com/media/photo-o/26/98/d7/f5/caption.jpg?w=200&h=200&s=1&cx=4371&cy=2305&chk=v1_61d445397c32bc84ce48,https://www.tripadvisor.com/Restaurant_Review-g294197-d26779314-Reviews-Wonjomanlgobchang-Seoul.html,354,4.9,Gopchang (grilled beef intestines),"Introducing the original garlic beef tripe brand, created by a 15-year tripe expert.",,575588981,https://place.map.kakao.com/575588981,5000,26000,8,,,,,,,,kakao
7132369,Hongdae Dakgalbi,+82 2-2245-5222,"Seoul 31-10, Wausan-ro 21-gil, Mapo-gu 1F",04041,37.55206,126.921814,"Asian, Korean, Grill, Assyrian, Indigenous",Sun 11:00~22:30 / Mon 11:00~22:30 / Tue 11:00~22:30 / Wed 11:00~22:30 / Thu 11:00~22:30 / Fri 11:00~22:30 / Sat 11:00~22:30,,https://dynamic-media-cdn.tripadvisor.com/media/photo-o/26/98/d7/f5/caption.jpg?w=200&h=200&s=1&cx=4371&cy=2305&chk=v1_61d445397c32bc84ce48,https://www.tripadvisor.com/Restaurant_Review-g294197-d7132369-Reviews-Hongdae_Dakgalbi-Seoul.html,145,4.6,,The original cheese fondue dakgalbi with a 30-year tradition.,,195237877,https://place.map.kakao.com/195237877,14000,15000,2,,,,,,,,tripadvisor
20941492,Privilege Bar,+82 2-2076-2071,Seoul Rf,04392,37.528584,126.99312,"Bar, Pub, Wine Bar",Sun 18:00~00:00 / Mon 18:00~00:00 / Tue 18:00~00:00 / Wed 18:00~00:00 / Thu 18:00~00:00 / Fri 18:00~02:00 / Sat 18:00~02:00,"Privilege bar offers an indoor-outdoor experience on the rooftop floor. The stylish interior has been designed to create an enjoyable environment, where all are welcome. This smoothly transitions into an evening of socializing under the stars, with a soundtrack provided by world-class DJs. Privilege rooftop bar is well-stocked with a selection of some of the finest single malt whiskeys, as well as a wide variety of international wines by the glass.",https://dynamic-media-cdn.tripadvisor.com/media/photo-o/26/98/d7/f5/caption.jpg?w=200&h=200&s=1&cx=4371&cy=2305&chk=v1_61d445397c32bc84ce48,https://www.tripadvisor.com/Restaurant_Review-g294197-d20941492-Reviews-Privilege_Bar-Seoul.html,176,4.9,,Enjoying cocktails with a sunset view in the city.,,1204490733,https://place.map.kakao.com/1204490733,,,,true,,,,,,,tripadvisor
25353516,Bogwangjung Itaewon,+82 10-3648-3118,"Seoul 118, Bogwang-ro Yongsan-gu, 1F",04406,37.533276,126.994514,"Barbecue, Asian, Korean",월 16:00~24:00 / 화 16:00~24:00 / 수 16:00~24:00 / 목 16:00~24:00 / 금 16:00~24:00 / 토 12:00~24:00 / 일 12:00~24:00,"Travelers' Choice 2025 This is Bogwangjeong CEO Park Se-hyeon and Dong-hoon Lee. We came together with new dreams and aspirations in 'Itaewon' and opened a Sapgyeolsal meat restaurant. 'Bogwangjeong' is a place where we share our passion for meat and cooking, and deliver special experiences and satisfaction to our customers.",https://dynamic-media-cdn.tripadvisor.com/media/photo-o/26/98/d7/f5/caption.jpg?w=200&h=200&s=1&cx=4371&cy=2305&chk=v1_61d445397c32bc84ce48,https://www.tripadvisor.com/Restaurant_Review-g294197-d25353516-Reviews-Bogwangjung_Itaewon-Seoul.html,196,5.0,Samgyeopsal (grilled pork belly),Thick domestic pork belly grilled by our staff.,,1311957333,https://place.map.kakao.com/1311957333,1000,11000,14,,,,,,,,kakao
4171321,Brooklyn The Burger Joint,+82 2-533-7180,"Seoul 51-13, Donggwang-ro 43-gil, Seocho-gu 1f",06579,37.497387,127.000626,"American, Fast Food, Diner",월 11:00~21:30 / 화 11:00~21:30 / 수 11:00~21:30 / 목 11:00~21:30 / 금 11:00~21:30 / 토 11:00~21:30 / 일 11:00~21:30,,https://dynamic-media-cdn.tripadvisor.com/media/photo-o/26/98/d7/f5/caption.jpg?w=200&h=200&s=1&cx=4371&cy=2305&chk=v1_61d445397c32bc84ce48,https://www.tripadvisor.com/Restaurant_Review-g294197-d4171321-Reviews-Brooklyn_The_Burger_Joint-Seoul.html,178,4.5,Burger,A delightful combination of crispy bread filled with sesame and rich meat flavors.,일 21:00 / 월 21:00 / 화 21:00 / 수 21:00 / 목 21:00 / 금 21:00 / 토 21:00,21331695,https://place.map.kakao.com/21331695,7500,12200,19,true,true,,true,,,,kakao
32913608,Myeongdong Korean BBQ Mongvely,+82 2-318-2688,Seoul Myeongdong 8na-gil 9 3rd Floor,04536,37.561302,126.984436,"Barbecue, Asian, Korean",Sun 11:30~02:00 / Mon 11:30~02:00 / Tue 11:30~02:00 / Wed 11:30~02:00 / Thu 11:30~02:00 / Fri 11:30~02:00 / Sat 11:30~02:00,Official Website : https://www.myeongdongkoreanbbqmongvely.com Instagram : https://www.instagram.com/kbbqmongvely/?hl=en TikTok : https://www.tiktok.com/@kbbqmongvely,https://dynamic-media-cdn.tripadvisor.com/media/photo-o/26/98/d7/f5/caption.jpg?w=200&h=200&s=1&cx=4371&cy=2305&chk=v1_61d445397c32bc84ce48,https://www.tripadvisor.com/Restaurant_Review-g294197-d32913608-Reviews-Myeongdong_Korean_BBQ_Mongvely-Seoul.html,44,4.6,,,,,,,,,,,,,,,,tripadvisor
7033774,New Delhi,+82 10-8690-4915,"Seoul 28, Nonhyeon-ro 176-gil, Gangnam-gu Sinsadong",06022,37.527588,127.030685,"Indian, Asian",월 11:00~22:00 / 화 11:00~22:00 / 수 11:00~22:00 / 목 11:00~22:00 / 금 11:00~22:00 / 토 11:00~22:00 / 일 11:00~22:00,,https://dynamic-media-cdn.tripadvisor.com/media/photo-o/26/98/d7/f5/caption.jpg?w=200&h=200&s=1&cx=4371&cy=2305&chk=v1_61d445397c32bc84ce48,https://www.tripadvisor.com/Restaurant_Review-g294197-d7033774-Reviews-New_Delhi-Seoul.html,168,4.9,Indian,Deep Indian curry crafted by local chefs.,,22067875,https://place.map.kakao.com/22067875,2400,12250,30,false,true,true,,,,,kakao
17423735,Jangseng Geongangwon,+82 10-2278-5968,"Seoul 23, Gangnam-daero 124-gil, Gangnam-gu",06114,37.509262,127.02458,Korean,Sun 19:00~04:00 / Mon 19:00~04:00 / Tue 19:00~04:00 / Wed 19:00~04:00 / Thu 09:00~04:00 / Fri 09:00~04:00 / Sat 19:00~04:00,"Geongangwon is an old form of oriental pharmacy. We are eternally grateful for the old couple’s 20 years’ worth of efforts to maintain this Geongangwon. Jangsaeng healthy bar aims to live along with the Youngdong traditional market. Also, we create trendy and healthy drinks based on our concept. Let every guests of our bar to stay healthy. -Jangsaeng Healthy Bar-",https://dynamic-media-cdn.tripadvisor.com/media/photo-o/26/98/d7/f5/caption.jpg?w=200&h=200&s=1&cx=4371&cy=2305&chk=v1_61d445397c32bc84ce48,https://www.tripadvisor.com/Restaurant_Review-g294197-d17423735-Reviews-Jangseng_Geongangwon-Seoul.html,112,5.0,,A cocktail bar blending tradition and emotion with a Korean twist.,,16706093,https://place.map.kakao.com/16706093,15000,25000,4,true,,,,,true,,tripadvisor
32859415,Eataly The Hyundai Seoul,+82 2-3277-0658,Seoul 22 Yeouido-dong The Hyundai Seoul,,37.52634,126.92767,Italian,월 10:30~22:00 / 화 10:30~22:00 / 수 10:30~22:00 / 목 10:30~22:00 / 금 10:30~22:00 / 토 10:30~22:00 / 일 10:30~22:00,,https://dynamic-media-cdn.tripadvisor.com/media/photo-o/26/98/d7/f5/caption.jpg?w=200&h=200&s=1&cx=4371&cy=2305&chk=v1_61d445397c32bc84ce48,https://www.tripadvisor.com/Restaurant_Review-g294197-d32859415-Reviews-Eataly_The_Hyundai_Seoul-Seoul.html,69,4.9,Italian,"Italian dining with a beautiful view by the window, full of European charm.",일 21:00 / 월 21:00 / 화 21:00 / 수 21:00 / 목 21:00 / 금 21:00 / 토 21:00,980565613,https://place.map.kakao.com/980565613,12000,23000,28,true,,,true,,,,kakao
26848644,Kukbingwan,+82 2-722-3833,"Seoul 17-4 Jahamun-ro 2-gil, Jongno-gu 1F",03044,37.576626,126.97382,"Steakhouse, Barbecue, Asian, Korean, Grill",월 11:30~22:00 / 화 11:30~22:00 / 수 11:30~22:00 / 목 11:30~22:00 / 금 11:30~22:00 / 토 11:30~22:00 / 일 11:30~22:00,"Tongui-dong Gukbingwan is a hidden gem near Gyeongbokgung Station where you can enjoy the charm of a hanok in the middle of the city. True to its name, it treats every single guest with the finest service. Here are just three things that set this Seochon favorite apart. First, beef charcoal grilling enjoyed while looking out at the courtyard of a scenic hanok. The interior, using red brick and dark brown wood, brings out a distinctive hanok feel that also makes it a great Gyeongbokgung date course. Sitting comfortably while the beef is pre-grilled in the courtyard is a delightful experience. Briquettes that maintain steady, high heat ideal for grilling beef maximize the smoky flavor. Second, plenty to see. Located near Gyeongbokgung and Gwanghwamun, the surroundings offer many attractions including boutique shops and galleries in Seochon. After a Gyeongbokgung or Blue House tour, our delicious short ribs and Korean dishes will melt away your fatigue. Third, though a grill house, it is also known as a Korean-food destination in Jongno and Gwanghwamun, famous for marinated short ribs cut 3cm thick and aged in a special house sauce, as well as charcoal-grilled deodeok and rich beef-bone tteokguk.",https://dynamic-media-cdn.tripadvisor.com/media/photo-o/26/98/d7/f5/caption.jpg?w=200&h=200&s=1&cx=4371&cy=2305&chk=v1_61d445397c32bc84ce48,https://www.tripadvisor.com/Restaurant_Review-g294197-d26848644-Reviews-Kukbingwan-Seoul.html,24,4.3,"Meat, Korean BBQ",The elegance of premium Hanwoo beef in a Hanok courtyard.,일 20:30 / 월 20:30 / 화 20:30 / 수 20:30 / 목 20:30 / 금 20:30 / 토 20:30,1230285142,https://place.map.kakao.com/1230285142,15000,38000,11,,,,,,,true,kakao
788278,Grand Kitchen,+82 2-559-7575,"Seoul 521, Teheranno, Gangnam-gu B1 Grand InterContinental Seoul Parnas",06164,37.509506,127.06072,"International, Healthy",Sun 06:30~22:00 / Mon 06:30~22:00 / Tue 06:30~22:00 / Wed 06:30~22:00 / Thu 06:30~22:00 / Fri 06:30~22:00 / Sat 06:30~22:00,,https://dynamic-media-cdn.tripadvisor.com/media/photo-o/26/98/d7/f5/caption.jpg?w=200&h=200&s=1&cx=4371&cy=2305&chk=v1_61d445397c32bc84ce48,https://www.tripadvisor.com/Restaurant_Review-g294197-d788278-Reviews-Grand_Kitchen-Seoul.html,176,4.4,,Experience a seafood feast with the chef's live station showcasing fresh ingredients.,,8214517,https://place.map.kakao.com/8214517,80000,177500,4,true,,,,,,true,tripadvisor
33106296,SMT Lounge The Hyundai Seoul Branch,+82 2-3277-0659,Seoul Yeoui-daero 6th Floor,,37.52652,126.92798,Fusion,월 10:30~22:00 / 화 10:30~22:00 / 수 10:30~22:00 / 목 10:30~22:00 / 금 10:30~22:00 / 토 10:30~22:00 / 일 10:30~22:00,,https://dynamic-media-cdn.tripadvisor.com/media/photo-o/26/98/d7/f5/caption.jpg?w=200&h=200&s=1&cx=4371&cy=2305&chk=v1_61d445397c32bc84ce48,https://www.tripadvisor.com/Restaurant_Review-g294197-d33106296-Reviews-SMT_Lounge_The_Hyundai_Seoul_Branch-Seoul.html,89,4.9,Fusion,A sensory space where Hong Kong meets Mexico.,,1003683719,https://place.map.kakao.com/1003683719,8000,27000,9,true,,,,,,true,kakao
1933588,Wangbijib Myeongdong Main Store,+82 10-3237-9935,"Seoul 63-6 Chungmuro-2ga, Jung-gu 2F",04537,37.561714,126.98639,Korean,월 11:30~21:50 / 화 11:30~21:50 / 수 11:30~21:50 / 목 11:30~21:50 / 금 11:30~21:50 / 토 11:30~21:50 / 일 11:30~21:50,"Wangbijib is korean traditional restaurant, We are to served good taste korean food.(Galbi,Beef, Pork meat..) Wangbijib located in Myeong-dong.",https://dynamic-media-cdn.tripadvisor.com/media/photo-o/26/98/d7/f5/caption.jpg?w=200&h=200&s=1&cx=4371&cy=2305&chk=v1_61d445397c32bc84ce48,https://www.tripadvisor.com/Restaurant_Review-g294197-d1933588-Reviews-Wangbijib_Myeongdong_Main_Store-Seoul.html,496,4.0,"Meat, Korean BBQ",Enjoy cleanly seasoned grilled dishes filled with the scent of charcoal.,,17103484,https://place.map.kakao.com/17103484,19000,43500,16,,,,,,,,kakao
6732749,Parc,+82 2-792-2022,"Seoul 26-5, Itaewon-ro 55ga-gil, Yongsan-gu",04348,37.537464,126.999794,"Asian, Korean",월 11:30~21:00 / 화 11:30~21:00 / 수 11:30~21:00 / 목 11:30~21:00 / 금 11:30~21:00 / 토 11:30~21:00 / 일 11:30~21:00,"Mama knows best! PARC was founded in 2013 in the Hannam district of Seoul, which is the most international neighborhood of Korea's capital city. PARC, which translates to park in the famed romance language of Catalan, serves traditional Korean food inspired from authentic family recipes by owner Pak Mogua's mother, Heo Junghee, that have been passed down through generations of family. After 4 years of traveling the world, Pak realized the strong impact his mother's cooking had always had on him with its unique and genuine flavors. It was then when he decided to collect all of his mother's recipes to not only document for himself, but to also share with people he loved. In the summer of 2012, co-owners Pak Mogua and Oo Zeemin came up with the idea for PARC while sitting in what would eventually become the actual restaurant space. They designed PARC to be casual and affordable, and a friendly restaurant where everyone is welcome and can dine in comfort. PARC prides itself on serving authentic and homemade Korean dishes using the freshest ingredients with both modern and traditional cooking techniques. With a seasonal menu featuring the best of Korean cuisine, we hope you come and try our Korean Mother's Recipes & More. ""Parc is my favourite restaurant in Seoul."" -Sophie Hicks (Architect, London, UK dined more than 3 times) ""This is very warm energy you have here."" -Toni Alva (Legenday Skater, CA, USA dined twice)",https://dynamic-media-cdn.tripadvisor.com/media/photo-o/26/98/d7/f5/caption.jpg?w=200&h=200&s=1&cx=4371&cy=2305&chk=v1_61d445397c32bc84ce48,https://www.tripadvisor.com/Restaurant_Review-g294197-d6732749-Reviews-Parc-Seoul.html,88,4.6,Korean,A fusion Korean space filled with the warmth of home-cooked meals.,일 20:15 / 월 20:15 / 화 20:15 / 수 20:15 / 목 20:15 / 금 20:15 / 토 20:15,21539210,https://place.map.kakao.com/21539210,11000,13500,20,true,true,true,,,,,kakao
10257443,Jihwaja,+82 2-2269-5834,"Seoul 125 Jahamun-ro, Jongno-gu (48 Cheongun-dong, Jongno-gu)",03031,37.587074,126.96954,Korean,월 11:30~21:30 / 수 11:30~21:30 / 목 11:30~21:30 / 금 11:30~21:30 / 토 11:30~21:30 / 일 11:30~21:30,"Operated by “Living Treasure Of Korean Royal Cuisine” since 1991, Jihwaja is a high-class traditional Korean restaurant located in the center of downtown Seoul. It has enjoyed a high reputation as the finest restaurant that preserves “The Legitimacy of Korean Royal Cuisine,” the essence of the Korean food culture. Jihwaja resembles the sophisticated ambiance of the neighborhood that captures the beauty of the Joseon Dynasty. The restaurant offers very healthy and nutritious dishes as they are prepared with only natural ingredients and royal culinary techniques, without using any MSG, artificial flavors or additives. Jihwaja is committed to promote Korea's authentic traditional food culture - Korean Royal Cuisine - across the world for generations.",https://dynamic-media-cdn.tripadvisor.com/media/photo-o/26/98/d7/f5/caption.jpg?w=200&h=200&s=1&cx=4371&cy=2305&chk=v1_61d445397c32bc84ce48,https://www.tripadvisor.com/Restaurant_Review-g294197-d10257443-Reviews-Jihwaja-Seoul.html,200,4.7,Hanjeongsik (Korean course meal),A royal Korean banquet that embodies the elegance of the Joseon Dynasty.,일 19:30 / 월 19:30 / 수 19:30 / 목 19:30 / 금 19:30 / 토 19:30,27079616,https://place.map.kakao.com/27079616,40000,100000,17,true,,true,,,,,kakao
24637953,L'Espace,+82 2-2092-6104,"Seoul 209, Jamsil-ro, Songpa-gu 6F Sofitel Ambassador Seoul Hotel",05552,37.516384,127.11036,"French, Bar, International, Pub",월 08:00~22:00 / 화 08:00~22:00 / 수 08:00~22:00 / 목 08:00~22:00 / 금 08:00~22:00 / 토 08:00~22:00 / 일 08:00~22:00,"Located on the 6th floor, L'Espace is a Parisian lounge with a charming view of Seokchon Lake. It offers Sofitel's signature afternoon tea 'Le Gouter' for a sweet and elegant time. Evening champagne enjoyed with a beautiful sunset makes you feel as if you have arrived in Paris.",https://dynamic-media-cdn.tripadvisor.com/media/photo-o/26/98/d7/f5/caption.jpg?w=200&h=200&s=1&cx=4371&cy=2305&chk=v1_61d445397c32bc84ce48,https://www.tripadvisor.com/Restaurant_Review-g294197-d24637953-Reviews-L_Espace-Seoul.html,51,5.0,Cafe,"A cozy café with a view of Seokchon Lake, infused with French charm.",,2115216381,https://place.map.kakao.com/2115216381,15000,19000,20,true,,,true,true,,,kakao
6497852,Zest,+82 2-6137-7100,"Seoul 10, Gukjegeumyung-ro, Yeongdeungpo-gu 2F, Conrad Seoul",07326,37.527786,126.92302,"International, Korean",Sun 06:30~10:30 / Sun 18:00~21:30 / Mon 06:30~10:30 / Tue 06:30~10:30 / Wed 06:30~10:30 / Wed 11:30~14:30 / Wed 18:00~21:30 / Thu 06:30~10:30 / Thu 11:30~14:30 / Thu 18:00~21:30 / Fri 06:30~10:30 / Fri 11:30~14:30 / Fri 18:00~21:30 / Sat 06:30~10:30,"Conrad Seoul's eclectic, all-day dining spot is a culinary crossroads where East meets West and trendy chic meets a delicious dining experience. From show-cooking stations and buffet islands heaped with fresh sushi and sashimi combinations, Mediterranean/Western specialties, Asian wok dishes and Korean favorites as well as an utterly tempting desserts to 'Zest' up your life!",https://dynamic-media-cdn.tripadvisor.com/media/photo-o/05/ba/5a/c9/caption.jpg?w=900&h=500&s=1,https://www.tripadvisor.com/Restaurant_Review-g294197-d6497852-Reviews-Zest-Seoul.html,554,4.5,,Experience a high-end buffet filled with hotel vibes.,,993469692,https://place.map.kakao.com/993469692,,,,true,,,,,true,true,tripadvisor
8988285,Hangaram,+82 2-318-3088,"Seoul 25, Namdaemun-ro 5-gil, Jung-gu",04526,37.56249,126.979095,Korean,월 11:10~22:00 / 화 11:10~22:00 / 수 11:10~22:00 / 목 11:10~22:00 / 금 11:10~22:00 / 토 11:10~22:00 / 일 11:10~22:00,,https://dynamic-media-cdn.tripadvisor.com/media/photo-o/26/98/d7/f5/caption.jpg?w=200&h=200&s=1&cx=4371&cy=2305&chk=v1_61d445397c32bc84ce48,https://www.tripadvisor.com/Restaurant_Review-g294197-d8988285-Reviews-Hangaram-Seoul.html,45,4.7,Hanjeongsik (Korean course meal),A refined Korean meal crafted with medicinal ingredients.,,13057594,https://place.map.kakao.com/13057594,22000,25000,13,true,,,,,,true,kakao
8953695,Vikings Wharf Jamsil Heritage Branch,+82 1644-3210,"Seoul 300 Olympic-ro Lotte World Mall, 4th Floor",,37.51334,127.10374,"Seafood, Korean, Grill, Fusion",Sun 11:30~13:15 / Sun 13:45~15:30 / Sun 17:00~18:45 / Sun 19:15~21:00 / Mon 12:00~15:00 / Mon 18:00~21:00 / Tue 12:00~15:00 / Tue 18:00~21:00 / Wed 12:00~03:00 / Wed 18:00~21:00 / Thu 12:00~15:00 / Thu 18:00~21:00 / Fri 12:00~15:00 / Fri 18:00~21:00 / Sat 11:30~13:15 / Sat 13:45~15:30 / Sat 17:00~18:45 / Sat 19:15~21:00,WEEKLY LUNCH(MON-THU) 11:30 ~ 15:30 / DINNER 18:00 ~ 22:00 Break Time 15:30 ~ 18:00 (FRI) 11:30 ~ 15:30 / DINNER(1) 17:30 ~ 19:30 DINNER(2) 20:00 ~ 22:00 Break Time 15:30 ~ 17:30 WEEKEND LUNCH(1) 11:30 ~ 13:30 / LUNCH(2) 14:00 ~ 16:00 DINNER(1) 17:30 ~ 19:30 / DINNER(2) 20:00 ~ 22:00 Break Time 16:00 ~ 17:30,https://dynamic-media-cdn.tripadvisor.com/media/photo-o/26/98/d7/f5/caption.jpg?w=200&h=200&s=1&cx=4371&cy=2305&chk=v1_61d445397c32bc84ce48,https://www.tripadvisor.com/Restaurant_Review-g294197-d8953695-Reviews-Vikings_Wharf_Jamsil_Heritage_Branch-Seoul.html,219,4.5,,A fresh and abundant lobster all-you-can-eat buffet.,,425520392,https://place.map.kakao.com/425520392,,,,true,,,,,,,tripadvisor
14969098,Gangnam Gop,+82 2-538-7592,"Seoul 12, Yeoksam-Ro 3-Gil",,37.49433,127.031494,"Barbecue, Asian, Korean",월 16:00~24:00 / 화 16:00~24:00 / 수 16:00~24:00 / 목 16:00~24:00 / 금 16:00~24:00 / 토 16:00~24:00 / 일 14:00~23:00,"Travelers' Choice 2025 ""Experience Authentic Korean BBQ with Gopchang! Located in the heart of Gangnam, Gangnam Gop has been a go-to spot for gopchang (beef intestine) lovers. Featured in Korean media and recognized by the Blue Ribbon Survey (Korean Michelin), we offer a top-tier dining experience. We serve only the freshest Korean beef intestines, complemented by homemade side dishes. Be sure to order fried rice, to complete your dining experience. We welcome solo diners with our single-person set menus, available outside of peak hours (18:00 to 20:00).",https://dynamic-media-cdn.tripadvisor.com/media/photo-o/26/98/d7/f5/caption.jpg?w=200&h=200&s=1&cx=4371&cy=2305&chk=v1_61d445397c32bc84ce48,https://www.tripadvisor.com/Restaurant_Review-g294197-d14969098-Reviews-Gangnam_Gop-Seoul.html,384,4.9,Gopchang (grilled beef intestines),A featured restaurant from Heo Young-man's 'Baekban Gihang' show! This is the Gangnam branch of Gop.,,263830255,https://place.map.kakao.com/263830255,18000,25500,8,,,,,,,,kakao
24636878,MIO,+82 2-2092-6102,Seoul 209 Jamsil-ro 3F Sofitel Ambassador Seoul Hotel,05552,37.51388,127.1064,"Seafood, Sushi, Healthy, Japanese Fusion",월 11:30~22:00 / 화 11:30~22:00 / 수 11:30~22:00 / 목 11:30~22:00 / 금 11:30~22:00 / 토 11:30~22:00 / 일 11:30~22:00,Travelers' Choice 2025,https://dynamic-media-cdn.tripadvisor.com/media/photo-o/26/98/d7/f5/caption.jpg?w=200&h=200&s=1&cx=4371&cy=2305&chk=v1_61d445397c32bc84ce48,https://www.tripadvisor.com/Restaurant_Review-g294197-d24636878-Reviews-MIO-Seoul.html,260,5.0,Japanese restaurant,A serene feast of Japanese cuisine as calm as a still lake.,,1224624732,https://place.map.kakao.com/1224624732,12000,50000,15,true,,true,true,true,,,kakao
1745654,Petra Restaurant,+82 2-790-4433,"Seoul 33, Noksapyeong-daero 40-gil, Yongsan-gu",04345,37.53453,126.98742,"Lebanese, Mediterranean, Middle Eastern",월 11:30~21:00 / 화 11:30~21:00 / 수 11:30~21:00 / 목 11:30~21:00 / 금 11:30~21:00 / 토 11:30~21:00 / 일 11:30~21:00,,https://dynamic-media-cdn.tripadvisor.com/media/photo-o/26/98/d7/f5/caption.jpg?w=200&h=200&s=1&cx=4371&cy=2305&chk=v1_61d445397c32bc84ce48,https://www.tripadvisor.com/Restaurant_Review-g294197-d1745654-Reviews-Petra_Restaurant-Seoul.html,130,4.4,Asian,An exotic feast filled with Middle Eastern flavors.,,20950913,https://place.map.kakao.com/20950913,2000,20000,20,,,,,,,,kakao
7105808,Yang Good,+82 2-567-7060,"Seoul 15, Nonhyeon-ro 95-gil, Gangnam-gu Pyeonghwa Bldg. 1F",06131,37.50211,127.03474,"Barbecue, Asian, Korean",월 16:00~23:00 / 화 16:00~23:00 / 수 16:00~23:00 / 목 16:00~23:00 / 금 16:00~23:00 / 토 16:00~21:00,,https://dynamic-media-cdn.tripadvisor.com/media/photo-o/26/98/d7/f5/caption.jpg?w=200&h=200&s=1&cx=4371&cy=2305&chk=v1_61d445397c32bc84ce48,https://www.tripadvisor.com/Restaurant_Review-g294197-d7105808-Reviews-Yang_Good-Seoul.html,152,4.7,"Meat, Korean BBQ","Hello :) Welcome to Yangguk, a famous lamb rib restaurant in Yeoksam-dong.",월 22:00 / 화 22:00 / 수 22:00 / 목 22:00 / 금 22:00 / 토 20:00,19346141,https://place.map.kakao.com/19346141,8000,27000,5,true,,,,,,,kakao
8380760,Côté Jardin,+82 10-5771-5072,"Seoul 122-1 Bogwang-ro 1, 2층",04406,37.533737,126.99432,"French, Bar, European, Pub, Wine Bar, Gastropub",Sun 11:00~02:00 / Mon 11:00~02:00 / Tue 11:00~02:00 / Wed 11:00~02:00 / Thu 11:00~02:00 / Fri 11:00~03:00 / Sat 11:00~03:00,"Travelers' Choice 2025 Cote Jardin is a French bistro located at 122-1 Itaewon, Seoul. With a garden, a large bar, and cozy two-floor seating, it’s perfect for gatherings and parties. Enjoy home-style French cuisine with wine or cocktails.",https://dynamic-media-cdn.tripadvisor.com/media/photo-o/26/98/d7/f5/caption.jpg?w=200&h=200&s=1&cx=4371&cy=2305&chk=v1_61d445397c32bc84ce48,https://www.tripadvisor.com/Restaurant_Review-g294197-d8380760-Reviews-Co_te_Jardin-Seoul.html,197,4.6,,,,,,,,,,,,,,,,tripadvisor
10161356,MoMo Cafe,+82 2-2211-8222,"Seoul 9 Namdaemun-ro, Jung-gu",04526,37.560947,126.97692,"International, Asian, Korean, Contemporary",월 06:30~20:30 / 화 06:30~20:30 / 수 06:30~20:30 / 목 06:30~20:30 / 금 06:30~21:00 / 토 06:30~21:00 / 일 06:30~21:00,"MoMo Cafe is the all-day dining restaurant representing Courtyard by Marriott across the Asia region, offering an abundant international buffet and a variety of a-la-carte dishes made with fresh, nature-friendly ingredients. It features a modern, sophisticated interior and a lively open kitchen, and you can enjoy your meal while taking in views of the Namdaemun area through the floor-to-ceiling windows.",https://dynamic-media-cdn.tripadvisor.com/media/photo-o/29/7e/dd/f2/caption.jpg?w=200&h=200&s=1&cx=1920&cy=1080&chk=v1_781755f4a32c20e5c625,https://www.tripadvisor.com/Restaurant_Review-g294197-d10161356-Reviews-MoMo_Cafe-Seoul.html,145,4.5,Buffet,A sophisticated buffet space that captures the essence of a hotel.,,839796481,https://place.map.kakao.com/839796481,30000,60000,8,true,,,,,,,kakao
10751158,Insadong Garlic Bossam,+82 2-735-7885,"Seoul 12-5, Insadong 8-gil, Jongno-gu",03148,37.573963,126.98612,"Asian, Korean",월 11:00~22:00 / 화 11:00~22:00 / 수 11:00~22:00 / 목 11:00~22:00 / 금 11:00~22:00 / 토 11:00~22:00 / 일 11:00~22:00,"It is a restaurant located in Insa-dong 8 Road, specializing in garlic bosom, steamed kimchi, stir-fried octopus, brewery, yulmu noodle, fried rice wine, and chestnut makgeolli. It is rumored to be a good place to chat with friends to nearby office workers. It is my mission to have a good time. The side dishes and the dishes that the housewives with the family think about the family greet the customers. There is a space where small people can eat quietly.",https://dynamic-media-cdn.tripadvisor.com/media/photo-o/26/98/d7/f5/caption.jpg?w=200&h=200&s=1&cx=4371&cy=2305&chk=v1_61d445397c32bc84ce48,https://www.tripadvisor.com/Restaurant_Review-g294197-d10751158-Reviews-Insadong_Garlic_Bossam-Seoul.html,71,4.9,Korean,A well-known restaurant famous for its special garlic sauce!,,890992896,https://place.map.kakao.com/890992896,5000,26000,19,,,,,,,,kakao
11785643,Gwanghwamun Ichungjib,+82 2-723-6692,"Seoul 95, Sambong-ro, Jongno-gu",03150,37.572426,126.98268,"Barbecue, Asian, Korean",Sun 09:00~22:00 / Mon 09:00~22:00 / Tue 09:00~22:00 / Wed 09:00~22:00 / Thu 09:00~22:00 / Fri 09:00~22:00 / Sat 09:00~22:00,,https://dynamic-media-cdn.tripadvisor.com/media/photo-o/16/41/7f/a7/caption.jpg?w=900&h=500&s=1,https://www.tripadvisor.com/Restaurant_Review-g294197-d11785643-Reviews-Gwanghwamun_Ichungjib-Seoul.html,101,4.8,,,,,,,,,,,,,,,,tripadvisor
1978666,Gusto Taco,+82 2-338-8226,"Seoul 41, Wausan-ro, Mapo-gu",04049,37.54811,126.92295,"Mexican, Latin",화 11:30~21:00 / 수 11:30~21:00 / 목 11:30~21:00 / 금 11:30~21:00 / 토 11:30~21:00 / 일 11:30~20:00,,https://dynamic-media-cdn.tripadvisor.com/media/photo-o/26/98/d7/f5/caption.jpg?w=200&h=200&s=1&cx=4371&cy=2305&chk=v1_61d445397c32bc84ce48,https://www.tripadvisor.com/Restaurant_Review-g294197-d1978666-Reviews-Gusto_Taco-Seoul.html,1285,4.7,"Mexican, Brazilian",An exotic taco spot with foreign staff.,,20885402,https://place.map.kakao.com/20885402,20500,23500,6,false,true,,,,,,kakao
2228966,Balwoo Gongyang,+82 2-733-2081,"Seoul 56, Ujeongguk-ro, Jongno-gu 5F TempleStay Bldg.",03145,37.57388,126.98316,"Asian, Korean",Mon 11:30~15:00 / Mon 17:00~21:00 / Tue 11:30~15:00 / Tue 17:00~21:00 / Wed 11:30~15:00 / Wed 17:00~21:00 / Thu 11:30~15:00 / Thu 17:00~21:00 / Fri 11:30~15:00 / Fri 17:00~21:00 / Sat 11:30~15:00 / Sat 17:00~21:00,,https://dynamic-media-cdn.tripadvisor.com/media/photo-o/26/98/d7/f5/caption.jpg?w=200&h=200&s=1&cx=4371&cy=2305&chk=v1_61d445397c32bc84ce48,https://www.tripadvisor.com/Restaurant_Review-g294197-d2228966-Reviews-Balwoo_Gongyang-Seoul.html,156,4.1,,A deep temple flavor achieved without any meat.,,21959342,https://place.map.kakao.com/21959342,20000,21000,2,true,true,true,,,,,tripadvisor
6463317,Tavolo 24,+82 2-2276-3320,"Seoul 279, Cheonggyecheon-ro, Jongno-gu",03198,37.57037,127.00898,"International, Asian, Korean",월 06:00~21:30 / 화 06:00~21:30 / 수 06:00~21:30 / 목 06:00~21:30 / 금 06:00~21:30 / 토 06:00~22:00 / 일 06:00~21:30,"Tavolo 24 has a comfortable yet elegant interior, and the sweeping view of Dongdaemun before your eyes is truly breathtaking. Its open-kitchen design lets guests watch the cooking in action, while a diverse buffet and a-la-carte dishes crafted through innovative recipes captivate the palate. Share fresh, delicious cuisine and delightful moments with your loved ones.",https://dynamic-media-cdn.tripadvisor.com/media/photo-o/26/98/d7/f5/caption.jpg?w=200&h=200&s=1&cx=4371&cy=2305&chk=v1_61d445397c32bc84ce48,https://www.tripadvisor.com/Restaurant_Review-g294197-d6463317-Reviews-Tavolo_24-Seoul.html,333,4.5,Buffet,A premium buffet with a view of Heunginjimun Gate.,,24056676,https://place.map.kakao.com/24056676,35000,77500,8,true,true,true,true,true,,,kakao
9171053,Jonny Dumpling,+82 2-790-8830,"Seoul 5, Bogwang-ro 59-gil, Yongsan-gu Itaewon-dong",04391,37.533802,126.99207,"Chinese, International, Asian",월 11:30~20:30 / 화 11:30~20:30 / 수 11:30~20:30 / 목 11:30~20:30 / 금 11:30~20:30 / 토 11:30~20:30 / 일 11:30~20:30,,https://dynamic-media-cdn.tripadvisor.com/media/photo-o/26/98/d7/f5/caption.jpg?w=200&h=200&s=1&cx=4371&cy=2305&chk=v1_61d445397c32bc84ce48,https://www.tripadvisor.com/Restaurant_Review-g294197-d9171053-Reviews-Jonny_Dumpling-Seoul.html,287,4.4,Chinese,The meeting of crispy dumplings and rich meat juices.,일 20:10 / 월 20:10 / 화 20:10 / 수 20:10 / 목 20:10 / 금 20:10 / 토 20:10,721715250,https://place.map.kakao.com/721715250,11000,12000,8,,,,,,,,kakao
24181518,Fait Maison,+82 2-2092-6100,"Seoul 209, Jamsil-ro, Songpa-gu 4F",05552,37.509075,127.08632,"French, European",월 06:30~22:00 / 화 06:30~22:00 / 수 06:30~22:00 / 목 06:30~22:00 / 금 06:30~22:00 / 토 06:30~21:00 / 일 06:30~21:00,"Pemaison, an all-day dining chic bistro, presents authentic French cuisine created by a French chef, blending Korea's own ingredients. Experience the feeling of being at a marche in the Marais district of Paris through freshly oven-baked bread, French home-style dishes such as Oeuf Cocotte, Mediterranean cuisine available as a set or a-la-carte, and weekend brunch cooked by the chef. It boasts beautiful views of Seokchon Lake from morning to evening, and also features a lovely bar and private dining rooms.",https://dynamic-media-cdn.tripadvisor.com/media/photo-o/26/98/d7/f5/caption.jpg?w=200&h=200&s=1&cx=4371&cy=2305&chk=v1_61d445397c32bc84ce48,https://www.tripadvisor.com/Restaurant_Review-g294197-d24181518-Reviews-Fait_Maison-Seoul.html,159,4.9,Western,An elegant gourmet space brimming with French charm.,일 10:15 / 일 14:30 / 일 20:30 / 월 10:00 / 월 14:00 / 월 21:30 / 화 10:00 / 화 14:00 / 화 21:30 / 수 10:00 / 수 14:00 / 수 21:30 / 목 10:00 / 목 14:00 / 목 21:30 / 금 10:00 / 금 14:00 / 금 21:30 / 토 10:15 / 토 14:30 / 토 20:30,543863516,https://place.map.kakao.com/543863516,42000,43000,5,true,,true,true,,,,kakao
4078612,Manjok Ohyang Jokbal City Hall,+82 2-753-4755,"Seoul 134-10, Seosomun-ro, Jung-gu",04514,37.563328,126.97591,Korean,월 11:30~22:00 / 화 11:30~22:00 / 수 11:30~22:00 / 목 11:30~22:00 / 금 11:30~22:00 / 토 12:00~22:00 / 일 12:00~22:00,,https://dynamic-media-cdn.tripadvisor.com/media/photo-o/26/98/d7/f5/caption.jpg?w=200&h=200&s=1&cx=4371&cy=2305&chk=v1_61d445397c32bc84ce48,https://www.tripadvisor.com/Restaurant_Review-g294197-d4078612-Reviews-Manjok_Ohyang_Jokbal_City_Hall-Seoul.html,166,4.3,"Jokbal (braised pig trotters), bossam","A combination of chewy, tender pig's feet and clean makguksu.",,21324404,https://place.map.kakao.com/21324404,38000,47000,20,false,true,,,,,,kakao
2230268,Jin Ok Hwa Original Chicken Restaurant,+82 2-2275-9666,"Seoul 18, Jong-ro 40ga-gil, Jongno-gu",03197,37.570297,127.00576,"Asian, Korean",Sun 10:30~01:00 / Mon 10:30~01:00 / Tue 10:30~01:00 / Wed 10:30~01:00 / Thu 10:30~01:00 / Fri 10:30~01:00 / Sat 10:30~01:00,,https://dynamic-media-cdn.tripadvisor.com/media/photo-o/26/98/d7/f5/caption.jpg?w=200&h=200&s=1&cx=4371&cy=2305&chk=v1_61d445397c32bc84ce48,https://www.tripadvisor.com/Restaurant_Review-g294197-d2230268-Reviews-Jin_Ok_Hwa_Original_Chicken_Restaurant-Seoul.html,597,4.2,,The perfect blend of rich broth and chewy chicken.,,10785496,https://place.map.kakao.com/10785496,33000,33000,1,true,true,,,,,,tripadvisor
31330814,The LifeStyle Kitchen Lottle World Mall,+82 2-3213-4533,"Seoul Olympic-ro, 300 5 Floor, Lotte World Mall, Songpa District",,37.513718,127.10366,"Italian, Steakhouse, Mediterranean, Healthy, Wine Bar",월 10:30~22:00 / 화 10:30~22:00 / 수 10:30~22:00 / 목 10:30~22:00 / 금 10:30~22:00 / 토 10:30~22:00 / 일 10:30~22:00,"Experience healthy dining at Lotte World Mall in Jamsil, where great flavors meet a stylish plant-inspired interior.",https://dynamic-media-cdn.tripadvisor.com/media/photo-o/26/98/d7/f5/caption.jpg?w=200&h=200&s=1&cx=4371&cy=2305&chk=v1_61d445397c32bc84ce48,https://www.tripadvisor.com/Restaurant_Review-g294197-d31330814-Reviews-The_LifeStyle_Kitchen_Lottle_World_Mall-Seoul.html,31,5.0,Western,"Welcome to Diki Kitchen, featured in the show 'Master of Living' and the filming location for the drama 'The World of the Married,' a haven for low-carb enthusiasts!",,1166899995,https://place.map.kakao.com/1166899995,11800,28900,21,true,,,,,,,kakao
12944747,Buddha's Belly Famille Station,+82 2-6282-1959,Seoul 205 Sapyeong-daero,,37.503334,127.005,Thai,월 11:00~21:00 / 화 11:00~21:00 / 수 11:00~21:00 / 목 11:00~21:00 / 금 11:00~21:00 / 토 11:00~21:00 / 일 11:00~21:00,"Travelers' Choice 2025 Buddhas Valley Royal Club (Famille Station) is currently undergoing renovations and is scheduled to reopen in mid-July. For reservations, please visit Buddhas Valley Legacy (Itaewon). :) We apologize for any inconvenience, and we look forward to welcoming you back in better shape.",https://dynamic-media-cdn.tripadvisor.com/media/photo-o/26/98/d7/f5/caption.jpg?w=200&h=200&s=1&cx=4371&cy=2305&chk=v1_61d445397c32bc84ce48,https://www.tripadvisor.com/Restaurant_Review-g294197-d12944747-Reviews-Buddha_s_Belly_Famille_Station-Seoul.html,105,4.9,Thai,A culinary journey through Thailand in a cozy setting with soft lighting.,,26969005,https://place.map.kakao.com/26969005,9900,24200,18,,,,,,true,true,kakao
9565154,The Griffin Bar,+82 2-2276-3344,"Seoul 279, Cheonggyecheon-ro, Jongno-gu 11F, JW Marriott Dongdaemun Square Seoul",03198,37.57037,127.0089,Bar,월 18:00~01:00 / 화 18:00~01:00 / 수 18:00~01:00 / 목 18:00~01:00 / 금 18:00~01:00 / 토 18:00~01:00 / 일 18:00~01:00,"Meet friends for craft cocktails, premium liquors and panoramic views of Seoul at the Griffin Bar, our stunning rooftop bar located on the eleventh floor of the JW Marriott Dongdaemun Square Seoul. Our sophisticated Dongdaemun rooftop bar boasts sweeping views of Seoul, designer cocktails and an international restaurant menu. The chic, welcoming ambiance is perfect for private events.",https://dynamic-media-cdn.tripadvisor.com/media/photo-o/26/98/d7/f5/caption.jpg?w=200&h=200&s=1&cx=4371&cy=2305&chk=v1_61d445397c32bc84ce48,https://www.tripadvisor.com/Restaurant_Review-g294197-d9565154-Reviews-The_Griffin_Bar-Seoul.html,219,4.7,Cocktail bar,A rooftop bar in the city harmonized with jazz melodies.,,179136160,https://place.map.kakao.com/179136160,10000,11000,5,true,true,true,,,,,kakao
27161879,Szimpatikus Seongsu Branch,0507-1337-7679,"Seoul 6 Achasan-ro 3rd floor, Noudit Seoul Forest",,37.54781,127.045074,"Italian, European, Asian, Korean, Dining bars",월 11:30~22:00 / 화 11:30~22:00 / 수 11:30~22:00 / 목 11:30~22:00 / 금 11:30~22:00 / 토 11:30~22:00 / 일 11:30~22:00,Travelers' Choice 2025 Fine casual restaurant serving European cuisine in an Asian style,https://dynamic-media-cdn.tripadvisor.com/media/photo-o/26/98/d7/f5/caption.jpg?w=200&h=200&s=1&cx=4371&cy=2305&chk=v1_61d445397c32bc84ce48,https://www.tripadvisor.com/Restaurant_Review-g294197-d27161879-Reviews-Szimpatikus_Seongsu_Branch-Seoul.html,69,5.0,Western,"A stylish fine-casual restaurant, Sympathique, reinterpreting European cuisine in an Asian style.",,623393395,https://place.map.kakao.com/623393395,9500,22750,13,true,,,,,,,kakao
14969059,Wolhwa Gogi - Bonjeom,+82 2-2671-7592,"Seoul 34, Dangsan-ro, Yeongdeungpo-gu",07297,37.517426,126.89648,"Barbecue, Asian, Korean, Healthy",월 16:00~22:20 / 화 16:00~22:20 / 수 16:00~22:20 / 목 16:00~22:20 / 금 16:00~22:20 / 토 11:30~22:20 / 일 11:30~22:20,Travelers' Choice 2025,https://dynamic-media-cdn.tripadvisor.com/media/photo-o/26/98/d7/f5/caption.jpg?w=200&h=200&s=1&cx=4371&cy=2305&chk=v1_61d445397c32bc84ce48,https://www.tripadvisor.com/Restaurant_Review-g294197-d14969059-Reviews-Wolhwa_Gogi_Bonjeom-Seoul.html,51,4.9,Samgyeopsal (grilled pork belly),Wolhwa Meat offers antibiotic-free pork.,,27220746,https://place.map.kakao.com/27220746,12000,23000,16,true,,,,,,true,kakao
14969080,Gop - Mullae,+82 2-2633-5201,"Seoul 34, Dangsan-ro, Yeongdeungpo-gu 1F",07297,37.517426,126.89648,"Barbecue, Asian, Korean",월 16:00~24:00 / 화 16:00~24:00 / 수 16:00~24:00 / 목 16:00~24:00 / 금 16:00~24:00 / 토 16:00~24:00 / 일 15:00~24:00,Travelers' Choice 2025,https://dynamic-media-cdn.tripadvisor.com/media/photo-o/2a/c1/54/89/menu.jpg?w=900&h=500&s=1,https://www.tripadvisor.com/Restaurant_Review-g294197-d14969080-Reviews-Gop_Mullae-Seoul.html,415,4.9,Gopchang (grilled beef intestines),A featured restaurant from Heo Young-man's 'Baekban Gihang' show! This is the Mullae branch of Gop.,,12983867,https://place.map.kakao.com/12983867,18000,26000,7,true,,,,,,,kakao
3600756,Kyochon Chicken Hongdae Store,3381300,"Seoul 362-15, Seogyo-dong, Mapo-gu",,37.551956,126.92285,"Asian, Korean",월 12:00~01:30 / 화 12:00~01:30 / 수 12:00~01:30 / 목 12:00~01:30 / 금 12:00~01:30 / 토 12:00~01:30 / 일 12:00~01:30,,https://dynamic-media-cdn.tripadvisor.com/media/photo-o/18/ef/f0/c7/photo2jpg.jpg?w=900&h=500&s=1,https://www.tripadvisor.com/Restaurant_Review-g294197-d3600756-Reviews-Kyochon_Chicken_Hongdae_Store-Seoul.html,232,4.2,Korean fried chicken,Deep flavor of soy sauce chicken with a crispy outside and juicy inside.,,807263903,https://place.map.kakao.com/807263903,5000,26000,30,,true,,,,,,kakao
28191952,Cheongdam Baeksong,+82 2-6958-9292,Seoul 13 Dosan-daero 100-gil Gangnam-gu,,37.550262,126.997086,"Barbecue, Asian, Korean",월 11:15~22:00 / 화 11:15~22:00 / 수 11:15~22:00 / 목 11:15~22:00 / 금 11:15~22:00 / 토 11:15~22:00 / 일 11:15~22:00,"""Cheongdam Baeksong is a Korean BBQ restaurant near Cheongdam Station. It serves 1++ BMS No.9 grade Korean beef, aged for over 21 days for tenderness and flavor. The beef is famous for its rich marbling, making it especially juicy and delicious. Popular dishes include Seodae-sal, a chewy and flavorful meat grilled with the bone, and the 245 Set Menu, featuring premium cuts of beef. The beef Yukgaejang, a spicy beef soup with noodles, is also a customer favorite. The restaurant uses Binchotan charcoal and cast iron grills to keep the meat juicy. With over 20 private rooms, it offers grilling service, no corkage fee, valet parking, high chairs, and eco-friendly baby utensils, perfect for dates, family meals, and group gatherings.""",https://dynamic-media-cdn.tripadvisor.com/media/photo-o/2d/6c/ef/18/caption.jpg?w=900&h=500&s=1,https://www.tripadvisor.com/Restaurant_Review-g294197-d28191952-Reviews-Cheongdam_Baeksong-Seoul.html,70,5.0,"Meat, Korean BBQ",Enjoy top-grade aged Hanwoo in a private room.,일 21:00 / 월 21:00 / 화 21:00 / 수 21:00 / 목 21:00 / 금 21:00 / 토 21:00,1817216361,https://place.map.kakao.com/1817216361,10000,15000,10,true,true,true,true,,,,kakao
9213118,The King's,+82 2-2270-3121,"Seoul 287, Dongho-ro, Jung-gu Ambassador Seoul - Pullman Hotel",04618,37.560013,127.00246,"Seafood, International",Sun 06:30~10:00 / Sun 11:30~13:30 / Sun 14:00~16:00 / Sun 18:00~21:30 / Mon 06:30~10:00 / Mon 12:00~14:30 / Mon 18:00~21:30 / Tue 06:30~10:00 / Tue 12:00~14:30 / Tue 18:00~21:30 / Wed 06:30~10:00 / Wed 12:00~14:30 / Wed 18:00~21:30 / Thu 06:30~10:00 / Thu 12:00~14:30 / Thu 18:00~21:30 / Fri 06:30~10:00 / Fri 12:00~14:30 / Fri 18:00~21:30 / Sat 06:30~10:00 / Sat 11:30~13:30 / Sat 14:00~16:00 / Sat 17:30~21:30,"Travelers' Choice 2025 THE KING’S is a premium live buffet featuring a wide variety of international dishes made of top-notch, seasonal ingredients. With an open kitchen in every section., THE KING’S offers a lively dining experience where you can enjoy its signature menus such as 72.8% oven pizza, pecking duck, seafood tower, fresh sushi and sashimi, as well as fire-grilled dishes such as lamb ribs, beef ribs and seafood.",https://dynamic-media-cdn.tripadvisor.com/media/photo-o/2e/d6/82/33/the-king-s.jpg?w=900&h=500&s=1,https://www.tripadvisor.com/Restaurant_Review-g294197-d9213118-Reviews-The_King_s-Seoul.html,139,4.5,,The luxury of a high-quality breakfast buffet in the city.,,8197726,https://place.map.kakao.com/8197726,,,,true,,true,,,,,tripadvisor
28669446,Cheonggiwa Town Chungmuro ​​Branch,+82 2-2274-1474,Seoul Chungmu-ro 22-1 1st Floor,04556,37.563957,126.993,"Barbecue, Asian, Korean, Healthy",월 11:30~22:00 / 화 11:30~22:00 / 수 11:30~22:00 / 목 11:30~22:00 / 금 11:30~22:00 / 토 11:30~22:00 / 일 11:30~22:00,,https://dynamic-media-cdn.tripadvisor.com/media/photo-o/2d/d8/f1/e3/caption.jpg?w=800&h=500&s=1,https://www.tripadvisor.com/Restaurant_Review-g294197-d28669446-Reviews-Cheonggiwa_Town_Chungmuro_Branch-Seoul.html,22,4.9,Korean,"A must-try restaurant for Suwon Wang Galbi, inspired by the vibe of LA's Koreatown.",일 21:10 / 월 21:10 / 화 21:10 / 수 21:10 / 목 21:10 / 금 21:10 / 토 21:10,1481302218,https://place.map.kakao.com/1481302218,,,,,,,,,,,kakao
10079161,BHC Chicken Myeongdong,+82 10-2076-9496,"Seoul 21, Myeongdong 7-gil, Jung-gu Myeongdong Artnouveau Centum",04534,37.564575,126.983864,"Asian, Korean",월 12:00~23:30 / 화 12:00~23:30 / 수 12:00~23:30 / 목 12:00~23:30 / 금 12:00~23:30 / 토 12:00~23:30 / 일 12:00~23:30,,https://dynamic-media-cdn.tripadvisor.com/media/photo-o/2b/2e/aa/ea/caption.jpg?w=900&h=500&s=1,https://www.tripadvisor.com/Restaurant_Review-g294197-d10079161-Reviews-BHC_Chicken_Myeongdong-Seoul.html,158,3.7,Korean fried chicken,The temptation of crispy soy sauce chicken infused with garlic.,,26201192,https://place.map.kakao.com/26201192,2000,23000,104,,true,,,,,,kakao
4075980,La Seine,+82 2-317-7171,"Seoul 30, Eulji-ro, Jung-gu 1F, Lotte Hotel Seoul",04533,37.565277,126.98096,"Korean, Fusion",월 07:00~21:30 / 화 07:00~21:30 / 수 07:00~21:30 / 목 07:00~21:30 / 금 07:00~21:30 / 토 07:00~21:30 / 일 07:00~21:30,,https://dynamic-media-cdn.tripadvisor.com/media/photo-o/2b/02/75/18/caption.jpg?w=900&h=500&s=1,https://www.tripadvisor.com/Restaurant_Review-g294197-d4075980-Reviews-La_Seine-Seoul.html,252,4.3,Buffet,A diverse buffet with a luxurious hotel ambiance.,,27348727,https://place.map.kakao.com/27348727,40000,99000,8,true,true,true,,,,,kakao
6463321,BLT Steak,+82 2-2276-3330,"Seoul 279, Cheonggyecheon-ro, Jongno-gu JW Marriott Dongdaemun Square Seoul",110126,37.570293,127.00882,"American, Steakhouse, Grill",Mon 11:30~14:30 / Mon 18:00~22:00 / Tue 11:30~14:30 / Tue 18:00~22:00 / Wed 11:30~14:30 / Wed 18:00~22:00 / Thu 11:30~14:30 / Thu 18:00~22:00 / Fri 11:30~14:30 / Fri 18:00~22:00,"BLT Steak is an authentic New York-style steakhouse with an antique yet modern atmosphere. With its unique menu and fresh sensibility, BLT Steak is staffed by top chefs, so you can experience both premium ingredients and service. Discover a distinctive space that satisfies all five senses.",https://dynamic-media-cdn.tripadvisor.com/media/photo-o/05/a2/b4/bd/blt-steak.jpg?w=900&h=-1&s=1,https://www.tripadvisor.com/Restaurant_Review-g294197-d6463321-Reviews-BLT_Steak-Seoul.html,197,4.5,,An authentic steakhouse that exudes a luxurious hotel atmosphere.,,26407092,https://place.map.kakao.com/26407092,285000,337500,2,true,true,true,,,,,tripadvisor
7618191,EID - Halal Korean Food,+82 70-8899-8210,"Seoul 67, Usadan-ro 10-gil, Yongsan-gu",04408,37.532322,126.9991,"Asian, Korean",Sun 11:30~21:00 / Mon 11:30~21:00 / Tue 11:30~21:00 / Wed 11:30~21:00 / Thu 11:30~21:00 / Fri 11:30~21:00 / Sat 11:30~21:00,,https://dynamic-media-cdn.tripadvisor.com/media/photo-o/2a/fe/a9/d4/caption.jpg?w=900&h=500&s=1,https://www.tripadvisor.com/Restaurant_Review-g294197-d7618191-Reviews-EID_Halal_Korean_Food-Seoul.html,153,4.4,,,,,,,,,,,,,,,,tripadvisor
24827904,Latitude32,+82 2-2092-6108 ext. 09,"Seoul 209, Jamsil-ro 32F",05552,37.509075,127.08632,"International, Healthy",Sun 17:00~01:00 / Mon 17:00~01:00 / Tue 17:00~01:00 / Wed 17:00~01:00 / Thu 17:00~01:00 / Fri 17:00~01:00 / Sat 17:00~01:00,Travelers' Choice 2025,https://dynamic-media-cdn.tripadvisor.com/media/photo-o/29/db/8a/11/32-32-500-32.jpg?w=900&h=500&s=1,https://www.tripadvisor.com/Restaurant_Review-g294197-d24827904-Reviews-Latitude32-Seoul.html,132,5.0,,A 32nd-floor sky lounge filled with cosmic vibes.,,490067702,https://place.map.kakao.com/490067702,,,,true,true,,,,,,tripadvisor
2170347,Jyoti Indian Restaurant,+82 2-703-3535,"Seoul 6, Sinchon-ro 20-gil, Mapo-gu 3 Floor",04101,37.554913,126.93795,"Indian, Asian",월 11:00~22:00 / 화 11:00~22:00 / 수 11:00~22:00 / 목 11:00~22:00 / 금 11:00~22:00 / 토 11:00~22:00 / 일 11:00~22:00,We are established in early 2010 and successfully providing our best service to our locals and foreign visitors. We are specialist of Indian vegetarian and non Vegetarian mouth watering menus. By the continues support of our customers we are finally able to open our branch in seoul chungmuro. Thank you.,https://dynamic-media-cdn.tripadvisor.com/media/photo-o/0f/3f/75/02/caption.jpg?w=900&h=-1&s=1,https://www.tripadvisor.com/Restaurant_Review-g294197-d2170347-Reviews-Jyoti_Indian_Restaurant-Seoul.html,349,4.5,Indian,Authentic Indian curry and naan brimming with spices.,,12570290,https://place.map.kakao.com/12570290,5500,8250,30,,true,,,,,,kakao
3616586,The Park View,+82 2-2230-3374,"Seoul 202 Jangchung-dong, Jung-gu",04614,37.556103,127.00493,"International, Asian, Korean, Hong Kong",월 06:00~22:00 / 화 06:00~22:00 / 수 06:00~22:00 / 목 06:00~22:00 / 금 06:00~22:00 / 토 06:00~22:00 / 일 06:00~22:00,,https://dynamic-media-cdn.tripadvisor.com/media/photo-o/15/14/88/b0/the-park-view.jpg?w=900&h=500&s=1,https://www.tripadvisor.com/Restaurant_Review-g294197-d3616586-Reviews-The_Park_View-Seoul.html,291,4.4,Buffet,"A chef's instant-cooked meat paired with Changfen, a delightful combination.",,7981207,https://place.map.kakao.com/7981207,45000,100000,10,true,,,,,,true,kakao
26805070,Wolhwa Galbi,+82 2-2678-7592,"Seoul 17, Gyeongin-ro 79-gil, Yeongdeungpo-gu First floor",07290,37.51331,126.89353,"Asian, Korean, Healthy",월 16:00~23:00 / 화 16:00~23:00 / 수 16:00~23:00 / 목 16:00~23:00 / 금 16:00~23:00 / 토 12:30~23:00 / 일 12:30~23:00,Travelers' Choice 2025,https://dynamic-media-cdn.tripadvisor.com/media/photo-o/2a/c1/4d/d6/caption.jpg?w=900&h=500&s=1,https://www.tripadvisor.com/Restaurant_Review-g294197-d26805070-Reviews-Wolhwa_Galbi-Seoul.html,89,4.9,Galbi (grilled short ribs),"Hello, we are Wolhwa Galbi, specializing in traditional Damyang-style grilled dishes.",,674018439,https://place.map.kakao.com/674018439,6000,15000,11,,,,,,,true,kakao
7899589,Makan Halal Korean Restaurant,+82 2-6012-2231,"Seoul 52 Usadan-ro 10 gil, Yongsan-gu",04407,37.532787,126.99802,Indonesian,Sun 10:30~22:00 / Mon 10:30~22:00 / Wed 10:30~22:00 / Thu 10:30~22:00 / Fri 10:30~22:00 / Sat 10:30~22:00,"In Itaewon, near Seoul central mosque. We offer korean cuisine respectuous of muslims foods restrictions, using only halal ingredients, to propose the korean food experience to muslims or the halal food one to others.",https://dynamic-media-cdn.tripadvisor.com/media/photo-o/07/a0/c9/a0/makan-halal-korean-restaurant.jpg?w=900&h=500&s=1,https://www.tripadvisor.com/Restaurant_Review-g294197-d7899589-Reviews-Makan_Halal_Korean_Restaurant-Seoul.html,112,4.5,,,,,,,,,,,,,,,,tripadvisor
27433088,Gowooga Gwanghwamun,+82 6205-9554,Seoul 136 Sejong-Daero Jung-Gu,,37.568447,126.9777,"Japanese, Seafood, Barbecue, Asian, Korean, Japanese Fusion",월 11:00~22:00 / 화 11:00~22:00 / 수 11:00~22:00 / 목 11:00~22:00 / 금 11:00~22:00 / 토 11:00~22:00 / 일 11:00~22:00,"Gowooga Gwanghwamun is a premium Korean dining restaurant located in the heart of Gwanghwamun. The refined interior and private rooms make it an ideal venue for business meetings, company dinners, and important gatherings. With carefully selected top-grade Korean beef and a traditional Korean course meal, it offers a luxurious dining experience. Loved by professionals and food enthusiasts alike, it is also a perfect choice for family gatherings and anniversaries.",https://dynamic-media-cdn.tripadvisor.com/media/photo-o/2d/41/b8/61/caption.jpg?w=900&h=500&s=1,https://www.tripadvisor.com/Restaurant_Review-g294197-d27433088-Reviews-Gowooga_Gwanghwamun-Seoul.html,76,5.0,"Meat, Korean BBQ","Gwanghwamun Han-sik, Gwanghwamun group dining, Gwanghwamun meeting, Gwanghwamun Hanwoo, Hanwoo omakase, beef restaurant, omakase.",,2067761241,https://place.map.kakao.com/2067761241,15000,79000,28,true,,,,,,true,kakao
7033805,Linus' Bama Style BBQ,+82 2-790-2920,"Seoul 136-13, Itaewon-ro, Yongsan-gu Down the stairway next to McDonald's Itaewon, and straight back",04390,37.533775,126.98973,"American, Barbecue",월 11:30~21:00 / 화 11:30~21:00 / 수 11:30~21:00 / 목 11:30~21:00 / 금 11:30~22:00 / 토 12:00~22:00 / 일 12:00~21:00,,https://dynamic-media-cdn.tripadvisor.com/media/photo-o/24/57/9b/78/linus-bama-style-bbq.jpg?w=900&h=500&s=1,https://www.tripadvisor.com/Restaurant_Review-g294197-d7033805-Reviews-Linus_Bama_Style_BBQ-Seoul.html,243,4.3,Western,The special joy of homemade barbecue burgers.,,25090873,https://place.map.kakao.com/25090873,3900,15900,30,,true,,,,,,kakao
7372732,Myth Jakbol - Seoul Hongdae Bonjeom,+82 2-337-2111,"Seoul 123-1, Eoulmadang-ro, Mapo-gu 1F",04050,37.55569,126.92384,"Asian, Korean, Grill",월 12:30~24:00 / 화 12:30~24:00 / 수 12:30~24:00 / 목 12:30~24:00 / 금 12:30~24:00 / 토 12:30~24:00 / 일 12:30~24:00,,https://dynamic-media-cdn.tripadvisor.com/media/photo-o/27/ac/c5/7a/interior.jpg?w=900&h=500&s=1,https://www.tripadvisor.com/Restaurant_Review-g294197-d7372732-Reviews-Myth_Jakbol_Seoul_Hongdae_Bonjeom-Seoul.html,159,4.3,"Jokbal (braised pig trotters), bossam",The allure of tender pig's trotters filled with garlic aroma.,일 23:00 / 월 23:00 / 화 23:00 / 수 23:00 / 목 23:00 / 금 23:00 / 토 23:00,18480377,https://place.map.kakao.com/18480377,9000,45000,17,,,,,,,,kakao
15513085,GRAIN SEOUL,+82 2-336-5559,"Seoul 53 Yeonhui-ro 11ga-gil, Seodaemun-gu Get off at Yeonhui 104 Hill bus stop and walk 200m to the second floor across from the 24 E-Mart convenience store.",03707,37.566204,126.92735,"Cafe, European, Healthy, Scandinavian, Danish",월 09:00~17:30 / 화 09:00~17:30 / 수 09:00~17:30 / 목 09:00~17:30 / 금 09:00~17:30 / 토 09:00~17:30 / 일 09:00~17:30,"GRAIN SEOUL, true to its slogan of 'delicious and nutritious meals,' offers fresh brunch you can enjoy all day. Choose your desired items and build your own brunch. Enjoy a customized meal with fresh juice or coffee to wake you up throughout the day.",https://dynamic-media-cdn.tripadvisor.com/media/photo-o/1b/07/e2/e8/everyone-cheer-up-let.jpg?w=900&h=500&s=1,https://www.tripadvisor.com/Restaurant_Review-g294197-d15513085-Reviews-GRAIN_SEOUL-Seoul.html,22,5.0,Western,We offer a brunch where you can enjoy 'delicious and nutritious meals' all day long.,,997509076,https://place.map.kakao.com/997509076,6500,16000,11,true,,,,,true,,kakao
12368526,Onion,+82 70-7816-2710,"Seoul 8, Achasan-ro 9-gil, Seongdong-gu",04797,37.546463,127.05898,Street Food,월 08:00~22:00 / 화 08:00~22:00 / 수 08:00~22:00 / 목 08:00~22:00 / 금 08:00~22:00 / 토 09:00~22:00 / 일 09:00~22:00,,https://dynamic-media-cdn.tripadvisor.com/media/photo-o/11/97/65/61/onion.jpg?w=900&h=500&s=1,https://www.tripadvisor.com/Restaurant_Review-g294197-d12368526-Reviews-Onion-Seoul.html,90,4.2,Cafe,A bakery café in Seongsu filled with vintage charm.,일 21:30 / 월 21:30 / 화 21:30 / 수 21:30 / 목 21:30 / 금 21:30 / 토 21:30,145791269,https://place.map.kakao.com/145791269,5000,7000,12,,,,,,,,kakao
3922605,Keunkiwajip,+82 2-722-9024,"Seoul 20-7, Bukchon-ro, Jongno-gu",03059,37.579876,126.98162,Korean,월 11:30~21:00 / 화 11:30~21:00 / 수 11:30~21:00 / 목 11:30~21:00 / 금 11:30~21:00 / 토 11:30~21:00 / 일 11:30~21:00,,https://dynamic-media-cdn.tripadvisor.com/media/photo-o/0e/e5/57/cc/photo1jpg.jpg?w=900&h=500&s=1,https://www.tripadvisor.com/Restaurant_Review-g294197-d3922605-Reviews-Keunkiwajip-Seoul.html,130,4.1,Korean,A neat traditional meal with a side of soy sauce marinated crab.,일 20:00 / 월 20:00 / 화 20:00 / 수 20:00 / 목 20:00 / 금 20:00 / 토 20:00,677693222,https://place.map.kakao.com/677693222,28000,76500,6,false,true,true,,,,,kakao
10677791,Gold Pig Restaurant,+82 2-231-0561,"Seoul 149, Dasan-ro, Jung-gu",04607,37.557003,127.0118,"Barbecue, Asian, Korean, Grill",Sun 11:30~23:00 / Mon 11:30~23:00 / Tue 11:30~23:00 / Wed 11:30~23:00 / Thu 11:30~23:00 / Fri 11:30~23:00 / Sat 11:30~23:00,,https://dynamic-media-cdn.tripadvisor.com/media/photo-o/29/20/d1/35/caption.jpg?w=900&h=500&s=1,https://www.tripadvisor.com/Restaurant_Review-g294197-d10677791-Reviews-Gold_Pig_Restaurant-Seoul.html,37,4.4,,An amazing combination of snowflake pork and basil wraps.,,1065693087,https://place.map.kakao.com/1065693087,19000,21000,4,,,,,,true,,tripadvisor
34063756,Jang&paste,+82 2-743-7779,Seoul Donhwamunlo 11Dagil 38,,37.57378,126.99007,"Asian, Korean",월 11:00~22:00 / 화 11:00~22:00 / 수 11:00~22:00 / 목 11:00~22:00 / 금 11:00~22:00 / 토 11:00~22:00 / 일 11:00~22:00,"A Korean restaurant showcasing modern flavors inspired by the deep, rich traditions of Korean fermented pastes.",https://dynamic-media-cdn.tripadvisor.com/media/photo-o/31/fa/3d/8d/caption.jpg?w=900&h=500&s=1,https://www.tripadvisor.com/Restaurant_Review-g294197-d34063756-Reviews-Jang_paste-Seoul.html,31,5.0,Korean,"The sauce matures under the moonlight, while the paste is concentrated in sunlight.",,1523287562,https://place.map.kakao.com/1523287562,8000,24900,19,,,,,,,true,kakao
3923509,Osegyehyang,+82 2-735-7171,"Seoul 14-5, Insadong 12-gil, Jongno-gu",03146,37.574635,126.98525,Korean,월 11:30~21:00 / 화 11:30~21:00 / 수 11:30~21:00 / 금 11:30~21:00 / 토 11:30~21:00 / 일 11:30~21:00,,https://dynamic-media-cdn.tripadvisor.com/media/photo-o/28/ba/d5/91/caption.jpg?w=900&h=500&s=1,https://www.tripadvisor.com/Restaurant_Review-g294197-d3923509-Reviews-Osegyehyang-Seoul.html,121,4.3,Korean,A healthy meal filled with 30 vegetarian dishes.,,12069878,https://place.map.kakao.com/12069878,6000,12000,9,,,,,,true,,kakao
19625631,Rosso1924,+82 2-336-1924,"Seoul 29, Hongik-ro, Mapo-gu",04038,,,"Italian, Pizza, Neapolitan, Campania, Southern-Italian",월 11:00~21:30 / 화 11:00~21:30 / 수 11:00~21:30 / 목 11:00~21:30 / 금 11:00~21:30 / 토 11:00~21:30 / 일 11:00~21:30,Travelers' Choice 2025,https://dynamic-media-cdn.tripadvisor.com/media/photo-o/1b/24/d5/c4/caption.jpg?w=700&h=400&s=1,https://www.tripadvisor.com/Restaurant_Review-g294197-d19625631-Reviews-Rosso1924-Seoul.html,75,4.9,Pizza,Neapolitan pizza baked in an oak wood oven.,일 21:00 / 월 21:00 / 화 21:00 / 수 21:00 / 목 21:00 / 금 21:00 / 토 21:00,768187503,https://place.map.kakao.com/768187503,8900,17900,11,false,true,,,,,,kakao
3922956,Jamaejip,+82 2-2274-8344,"Seoul 177 Jongno 4-ga, Jongno-gu",,37.570652,127.00001,"Asian, Korean",화 10:30~21:40 / 수 10:30~21:40 / 목 10:30~21:40 / 금 10:30~21:40 / 토 10:30~21:40 / 일 10:30~21:20,,https://dynamic-media-cdn.tripadvisor.com/media/photo-o/08/49/1b/95/jamaejip.jpg?w=900&h=500&s=1,https://www.tripadvisor.com/Restaurant_Review-g294197-d3922956-Reviews-Jamaejip-Seoul.html,302,4.3,"Meat, Korean BBQ","A signature spot at Gwangjang Market that started serving yukhoe for just 1,000 won (since 1974).",,8055849,https://place.map.kakao.com/8055849,9000,17000,12,,,,,,,,kakao
4414170,Kkanbu Chicken Samsung,+82 2-566-7088,"Seoul 156-6, Samsung-dong, Gangnam-gu",,37.508694,127.05618,"Asian, Korean",월 15:00~02:00 / 화 15:00~02:00 / 수 15:00~02:00 / 목 15:00~02:00 / 금 15:00~02:00 / 토 15:00~02:00,,https://dynamic-media-cdn.tripadvisor.com/media/photo-o/2a/57/cc/e5/caption.jpg?w=900&h=500&s=1,https://www.tripadvisor.com/Restaurant_Review-g294197-d4414170-Reviews-Kkanbu_Chicken_Samsung-Seoul.html,47,4.4,Korean fried chicken,A special chicken restaurant that even the executives rave about.,,12474728,https://place.map.kakao.com/12474728,7000,20000,37,true,,,,,,,kakao
7118098,Jyoti Restaurant Chungmuro,+82 2-2261-2912,"Seoul 12-4, Seoae-ro, Jung-gu 2nd Floor",04624,37.56129,126.99796,"Indian, Asian, Nepali",월 11:00~22:30 / 화 11:00~22:30 / 수 11:00~22:30 / 목 11:00~22:30 / 금 11:00~22:30 / 토 11:00~22:30 / 일 11:00~22:30,"This restaurant is located back gate of Donguk university, 150 meter walking distance from Chungmuro station exit -1, and Daehan cinema Chungmuro, close to ambassador hotel and jael woman hospital. Dongdaemun shopping, history park, Myengdong shopping is nearby. Resaurant has 45+ seating capacity, free wifi, party organize, buffet on reservation . Vegetarian meal and non vegetarian meal will be served . Authentic Indian taste cooked by highly experienced chefs . All spices directly imported from India and Pakistan.",https://dynamic-media-cdn.tripadvisor.com/media/photo-o/06/ae/b9/c3/jyoti-restaurant-chungmuro.jpg?w=900&h=500&s=1,https://www.tripadvisor.com/Restaurant_Review-g294197-d7118098-Reviews-Jyoti_Restaurant_Chungmuro-Seoul.html,199,4.6,Indian,A beloved spot for genuine Indian curry among locals.,,27268075,https://place.map.kakao.com/27268075,5500,11500,14,true,true,true,,,,,kakao
6165427,Mukshidonna Samcheongdong,+82 2-723-8089,"Seoul 74-7, Yulgok-ro 3-gil, Jongno-gu",03061,37.579006,126.98253,Korean,Sun 11:00~21:00 / Mon 11:00~21:00 / Tue 11:00~21:00 / Wed 11:00~21:00 / Thu 11:00~21:00 / Fri 11:00~21:00 / Sat 11:00~21:00,,https://dynamic-media-cdn.tripadvisor.com/media/photo-o/1c/c5/db/41/caption.jpg?w=900&h=500&s=1,https://www.tripadvisor.com/Restaurant_Review-g294197-d6165427-Reviews-Mukshidonna_Samcheongdong-Seoul.html,133,4.2,,,,,,,,,,,,,,,,tripadvisor
27128914,Hanyang Station,+82 2-6952-7225,"Seoul 31-11, Wausan-ro 21-gil, Mapo-gu 1st floor of B-dong",04041,37.55198,126.9221,"Barbecue, Asian, Korean",,,https://dynamic-media-cdn.tripadvisor.com/media/photo-o/2c/25/e8/21/6.jpg?w=800&h=500&s=1,https://www.tripadvisor.com/Restaurant_Review-g294197-d27128914-Reviews-Hanyang_Station-Seoul.html,77,4.9,,,,,,,,,,,,,,,,
4608689,Otsal Traditional Indian Restaurant Seoul National Univ.,+82 2-882-6527,"Seoul 856-5 Bongcheon-dong, Gwanak-gu",,37.47983,126.95233,Indian,월 11:00~22:00 / 화 11:00~22:00 / 수 11:00~22:00 / 목 11:00~22:00 / 금 11:00~22:00 / 토 11:00~22:00 / 일 11:00~22:00,,https://dynamic-media-cdn.tripadvisor.com/media/photo-o/07/37/37/2f/caption.jpg?w=900&h=500&s=1,https://www.tripadvisor.com/Restaurant_Review-g294197-d4608689-Reviews-Otsal_Traditional_Indian_Restaurant_Seoul_National_Univ-Seoul.html,76,4.7,Indian,"[ Franchise Inquiries ] 02-875-6527, an authentic Indian restaurant that started in Ladakh in 1998.",,12740961,https://place.map.kakao.com/12740961,,,,true,,,,,,true,kakao
21127142,Blind Spot,+82 2-2076-2051,Seoul 1F,04392,37.528515,126.99312,"Bar, Cafe, European, Wine Bar",Sun 10:00~22:00 / Mon 10:00~22:00 / Tue 10:00~22:00 / Wed 10:00~22:00 / Thu 10:00~22:00 / Fri 10:00~22:00 / Sat 10:00~22:00,"Blind Spot is a venue that's just as good in the morning as it is late at night. While signature 'forest and seasonal-inspired' teas are served during the day, it takes on a different life at night. As evening falls, Blind Spot offers a range of bespoke and signature cocktails that are bursting with flavors. So no matter what time you visit, it's the perfect place to meet up and enjoy a drink.",https://dynamic-media-cdn.tripadvisor.com/media/photo-o/1c/2c/71/a3/blind-spot.jpg?w=900&h=500&s=1,https://www.tripadvisor.com/Restaurant_Review-g294197-d21127142-Reviews-Blind_Spot-Seoul.html,151,4.8,,Relax in a space for delicate desserts and leisurely tea time.,,1675910013,https://place.map.kakao.com/1675910013,25000,61500,3,,,,,,,,tripadvisor
26778142,Wolhwasikdang,+82 2-701-7592,"Seoul  29, Dohwa-gil, Mapo-gu, Seoul, Republic of Korea 1, 2 Floor",04168,37.540943,126.949234,"Barbecue, Asian, Korean, Grill",월 16:00~23:00 / 화 16:00~23:00 / 수 16:00~23:00 / 목 16:00~23:00 / 금 16:00~23:00 / 토 11:30~22:00 / 일 11:30~22:00,"[Beeswax-aged pork belly now available! (Reservation required)] Please reserve 3 weeks in advance by phone. Antibiotic-free spotted black pork belly, 100% domestic Duroc, traditional cast-iron lid grilling, real sesame oil pressed in-house at low temperature, ingredients grown directly at Wolhwa Farm in Muju, Jeollabuk-do, and eco-friendly freshly milled rice. With meat-aging patents, we do special low-temperature aging in our own aging room, and offer trustworthy house-made side dishes. Like an unchanging cast-iron pot, Wolhwa Restaurant will keep delivering the same consistent taste and dedication. Thank you :-D",https://dynamic-media-cdn.tripadvisor.com/media/photo-o/2a/ad/1e/b6/caption.jpg?w=900&h=500&s=1,https://www.tripadvisor.com/Restaurant_Review-g294197-d26778142-Reviews-Wolhwasikdang-Seoul.html,87,5.0,"Meat, Korean BBQ",Wolhwa Restaurant serves antibiotic-free pork.,,854624020,https://place.map.kakao.com/854624020,10000,27000,13,true,,,,,,,kakao
26997513,You Are What You Eat,+82 2-6002-3288,"Seoul 513, Yeongdong-daero, Gangnam-gu B1",,37.51252,127.05882,"Italian, Asian, Korean, Fusion, Healthy",Sun 11:00~21:00 / Mon 11:00~21:00 / Tue 11:00~21:00 / Wed 11:00~21:00 / Thu 11:00~21:00 / Fri 11:00~21:00 / Sat 11:00~21:00,YOU ARE WHAT YOU EAT is a plant-based restaurant with a wide range of plant-based meal options. Enjoy our 100% plant-based menu made with plant-based meat and other fresh ingredients! YOU ARE WHAT YOU EAT is located within Starfield Coex mall.,https://dynamic-media-cdn.tripadvisor.com/media/photo-o/2f/8a/a5/e8/caption.jpg?w=700&h=400&s=1,https://www.tripadvisor.com/Restaurant_Review-g294197-d26997513-Reviews-You_Are_What_You_Eat-Seoul.html,26,5.0,,,,,,,,,,,,,,,,tripadvisor
4886861,Maple Tree House Samcheongdong,+82 2-730-7461,"Seoul 31-1, Samcheong-dong, Jongno-gu",,37.586845,126.98184,"Barbecue, Asian, Korean",월 11:30~22:00 / 화 11:30~22:00 / 수 11:30~22:00 / 목 11:30~22:00 / 금 11:30~22:00 / 토 11:30~22:00 / 일 11:30~22:00,,https://dynamic-media-cdn.tripadvisor.com/media/photo-o/0c/14/7a/0e/photo1jpg.jpg?w=900&h=500&s=1,https://www.tripadvisor.com/Restaurant_Review-g294197-d4886861-Reviews-Maple_Tree_House_Samcheongdong-Seoul.html,122,4.3,"Meat, Korean BBQ","Neatly grilled Hanwoo and pork, cooked over charcoal.",,10262074,https://place.map.kakao.com/10262074,21900,33900,5,true,true,,true,,,,kakao
4070952,N Grill,+82 2-3455-9297,"Seoul 105 Namsangongwon-gil, Yongsan-gu 7F, N Seoul Tower",04340,37.551334,126.98825,"French, European, Grill",Sun 12:00~15:00 / Sun 17:00~22:30 / Mon 13:00~15:00 / Mon 17:00~22:00 / Tue 13:00~15:00 / Tue 17:00~22:00 / Wed 13:00~15:00 / Wed 17:00~22:00 / Thu 13:00~15:00 / Thu 17:00~22:00 / Fri 13:00~15:00 / Fri 17:00~22:00 / Sat 12:00~15:00 / Sat 17:00~22:30,High-quality French Quizin presented by Engril Chef himself! Engrill is a French restaurant with the highest view located in N Seoul Tower. Enjoy the nightlife of your loved ones with a creative French course. -Diner reservation information- *Operates weekend and holiday dinners in triplicate: Part 1-17:00 Part 2-19:00 Part 3-21:00 *Dinner two-part operation Friday: Part 1-18:00 Part 2-20:30 *No weekly dinner time limit,https://dynamic-media-cdn.tripadvisor.com/media/photo-o/26/98/d7/f5/caption.jpg?w=200&h=200&s=1&cx=4371&cy=2305&chk=v1_61d445397c32bc84ce48,https://www.tripadvisor.com/Restaurant_Review-g294197-d4070952-Reviews-N_Grill-Seoul.html,164,4.1,,Enjoy a luxurious course meal with a 360-degree view of Seoul's nightscape.,,8057633,https://place.map.kakao.com/8057633,120000,180000,3,,,,,,,,tripadvisor
26262526,Crab 52,+82 1644-2066,"Seoul 511 Yeongdong-daero WTC Trade Tower, 52F",,37.51032,127.061005,"Seafood, Sushi, Asian, Korean, Grill, Wine Bar",Sun 12:00~15:00 / Sun 18:00~21:00 / Mon 12:00~15:00 / Mon 18:00~21:00 / Tue 12:00~15:00 / Tue 18:00~21:00 / Wed 12:00~15:00 / Wed 18:00~21:00 / Thu 12:00~15:00 / Thu 18:00~21:00 / Fri 12:00~15:00 / Fri 18:00~21:00 / Sat 12:00~15:00 / Sat 18:00~21:00,A high-end all-you-can-eat seafood/crab place,https://dynamic-media-cdn.tripadvisor.com/media/photo-o/26/98/d7/f5/caption.jpg?w=200&h=200&s=1&cx=4371&cy=2305&chk=v1_61d445397c32bc84ce48,https://www.tripadvisor.com/Restaurant_Review-g294197-d26262526-Reviews-Crab_52-Seoul.html,18,5.0,,A fresh seafood feast enjoyed on the 52nd floor.,,1331156078,https://place.map.kakao.com/1331156078,,,,true,,,,,,,tripadvisor
802826,Sanchon,+82 2-735-0312,"Seoul 14, Gwanhun-dong, Jongno-gu",,37.573708,126.986145,"Asian, Korean",Sun 11:30~22:00 / Mon 11:30~22:00 / Tue 11:30~22:00 / Wed 11:30~22:00 / Thu 11:30~22:00 / Fri 11:30~22:00 / Sat 11:30~22:00,,https://dynamic-media-cdn.tripadvisor.com/media/photo-o/26/98/d7/f5/caption.jpg?w=200&h=200&s=1&cx=4371&cy=2305&chk=v1_61d445397c32bc84ce48,https://www.tripadvisor.com/Restaurant_Review-g294197-d802826-Reviews-Sanchon-Seoul.html,228,3.9,,,,16650740,https://place.map.kakao.com/16650740,6000,18000,4,,,,,,,,tripadvisor
9205326,Yukjeon Sikdang - Main Store,+82 2-2253-6373,"Seoul 16, Nangye-ro 30-gil, Dongdaemun-gu",02586,37.574448,127.02437,"Barbecue, Asian, Korean",월 11:30~22:50 / 화 11:30~22:50 / 수 11:30~22:50 / 목 11:30~22:50 / 금 11:30~22:50 / 토 11:30~22:50 / 일 11:30~22:50,,https://dynamic-media-cdn.tripadvisor.com/media/photo-o/1b/00/35/1e/caption.jpg?w=900&h=500&s=1,https://www.tripadvisor.com/Restaurant_Review-g294197-d9205326-Reviews-Yukjeon_Sikdang_Main_Store-Seoul.html,101,4.6,"Meat, Korean BBQ",The essence of thick pork belly grilled by our staff.,일 21:50 / 월 21:50 / 화 21:50 / 수 21:50 / 목 21:50 / 금 21:50 / 토 21:50,10331494,https://place.map.kakao.com/10331494,7000,12000,14,true,true,,true,true,,,kakao
2476809,Vatos Urban Tacos Itaewon,+82 2-797-8226,"Seoul 181-8, Itaewon-dong, Yongsan-gu",140866,37.534306,126.99026,"Mexican, Southwestern, Latin, Fusion",월 11:30~22:00 / 화 11:30~22:00 / 수 11:30~22:00 / 목 11:30~22:00 / 금 11:30~22:00 / 토 11:30~22:00 / 일 11:30~22:00,,https://dynamic-media-cdn.tripadvisor.com/media/photo-o/26/98/d7/f5/caption.jpg?w=200&h=200&s=1&cx=4371&cy=2305&chk=v1_61d445397c32bc84ce48,https://www.tripadvisor.com/Restaurant_Review-g294197-d2476809-Reviews-Vatos_Urban_Tacos_Itaewon-Seoul.html,864,4.2,"Mexican, Brazilian",A Mexican-inspired space perfect for pairing with tequila.,,21535686,https://place.map.kakao.com/21535686,7900,13900,11,,,,,,,,kakao
7748342,Mokmyeoksanbang,+82 2-318-4790,"Seoul 71 Toegye-ro 20-gil, Namsandong 2-ga, Jung-gu 1F, Hannam Building",04629,37.555695,126.98563,"Seafood, Barbecue, Korean, Grill, Healthy",월 11:00~20:00 / 화 11:00~20:00 / 수 11:00~20:00 / 목 11:00~20:00 / 금 11:00~20:00 / 토 11:00~20:00 / 일 11:00~20:00,"Mongmyeoksanbang is the old name for Namsan. It began in 2009 in a hanok on Namsan with the mission to 'gift the citizens of Seoul a bibimbap they can be proud of.' Not stopping at being a Michelin restaurant, it aims to become a source of Korean pride leading the globalization of Korean cuisine.",https://dynamic-media-cdn.tripadvisor.com/media/photo-o/26/98/d7/f5/caption.jpg?w=200&h=200&s=1&cx=4371&cy=2305&chk=v1_61d445397c32bc84ce48,https://www.tripadvisor.com/Restaurant_Review-g294197-d7748342-Reviews-Mokmyeoksanbang-Seoul.html,69,4.1,Korean,A refined bibimbap restaurant with a view of Namsan.,일 19:20 / 월 19:20 / 화 19:20 / 수 19:20 / 목 19:20 / 금 19:20 / 토 19:20,11642405,https://place.map.kakao.com/11642405,4000,13500,13,false,true,,true,,,,kakao
27491337,Cheongsudang Café,,"Seoul 31-9 Donhwamun-ro 11na-gil, Jongno-gu",,37.53962,127.009674,Cafe,Sun 10:30~20:30 / Mon 10:30~20:30 / Tue 10:30~20:30 / Wed 10:30~20:30 / Thu 10:30~20:30 / Fri 10:30~20:30 / Sat 10:30~20:30,,https://dynamic-media-cdn.tripadvisor.com/media/photo-o/26/98/d7/f5/caption.jpg?w=200&h=200&s=1&cx=4371&cy=2305&chk=v1_61d445397c32bc84ce48,https://www.tripadvisor.com/Restaurant_Review-g294197-d27491337-Reviews-Cheongsudang_Cafe-Seoul.html,12,4.8,,,,,,,,,,,,,,,,tripadvisor
1800094,Gamekol Son Wangmandu,+82 2-755-2569,"Seoul 60-2 Namchang-dong, Jung-gu",,37.558426,126.977264,"Fast Food, Asian, Korean",,,https://dynamic-media-cdn.tripadvisor.com/media/photo-o/26/98/d7/f5/caption.jpg?w=200&h=200&s=1&cx=4371&cy=2305&chk=v1_61d445397c32bc84ce48,https://www.tripadvisor.com/Restaurant_Review-g294197-d1800094-Reviews-Gamekol_Son_Wangmandu-Seoul.html,96,4.2,,"The essence of freshly steamed, chewy king dumplings.",,11486129,https://place.map.kakao.com/11486129,5500,6250,4,false,,,,,,,
4784252,Kervan Turkish Restaurant Itaewon,+82 2-792-4767,"Seoul 192, Itaewon-ro, Yongsan-gu",04406,37.534576,126.99523,"Mediterranean, Turkish, Middle Eastern",월 11:00~06:00 / 화 11:00~06:00 / 수 11:00~06:00 / 목 11:00~06:00 / 금 11:00~06:00 / 토 11:00~06:00 / 일 11:00~06:00,,https://dynamic-media-cdn.tripadvisor.com/media/photo-o/26/98/d7/f5/caption.jpg?w=200&h=200&s=1&cx=4371&cy=2305&chk=v1_61d445397c32bc84ce48,https://www.tripadvisor.com/Restaurant_Review-g294197-d4784252-Reviews-Kervan_Turkish_Restaurant_Itaewon-Seoul.html,121,4.0,Turkish,Keravan Restaurant is a Mediterranean Turkish restaurant.,,17061718,https://place.map.kakao.com/17061718,14900,19450,30,true,true,,,,,,kakao
27799148,Seoryung Seoul Station,+82 10-3474-8766,Seoul 10 Sowol-ro Danam Tower 1st Floor,04527,37.558548,126.97546,"Asian, Korean, Healthy",월 11:00~21:30 / 화 11:00~21:30 / 수 11:00~21:30 / 목 11:00~21:30 / 금 11:00~21:30 / 토 11:00~21:30 / 일 11:00~21:30,"Seoryung is a traditional Korean restaurant specializing in Pyongyang-style cold noodles (naengmyeon), known for its crystal-clear and deep beef broth, hand-pulled 100% buckwheat noodles, and warm, attentive service. Located near Seoul Station, Namdaemun, Myeongdong, it offers a peaceful dining experience with authentic flavors rooted in heritage. In addition to its signature naengmyeon, Seoryung also serves tender, top-grade Korean beef bulgogi made from premium sirloin, grilled to perfection for a rich and savory experience. It promises an enjoyable culinary journey where you can savor traditional Korean dishes in a setting that blends timeless elegance with modern design.",https://dynamic-media-cdn.tripadvisor.com/media/photo-o/26/98/d7/f5/caption.jpg?w=200&h=200&s=1&cx=4371&cy=2305&chk=v1_61d445397c32bc84ce48,https://www.tripadvisor.com/Restaurant_Review-g294197-d27799148-Reviews-Seoryung_Seoul_Station-Seoul.html,10,5.0,Naengmyeon (cold noodles),"A specialty restaurant for Pyongyang cold noodles, serving 100% pure buckwheat noodles and fresh Hanwoo beef broth simmered for 12 hours.",,1644608542,https://place.map.kakao.com/1644608542,2000,16000,14,true,,,,,,true,kakao
14901544,MOBO Bar,+82 2-6282-6739,"Seoul 176 Sinbanpo-ro, Seocho-gu 7th Floor",06546,37.5039,127.00474,"Bar, Pub, Wine Bar, Dining bars",월 18:00~24:00 / 화 18:00~24:00 / 수 18:00~24:00 / 목 18:00~01:00 / 금 18:00~02:00 / 토 18:00~02:00 / 일 18:00~24:00,"Travelers' Choice 2025 Relax after a busy day at MOBO Bar in Gangnam, Seoul, a respite featuring a range of wines and beers, along with craft cocktails concocted by mixologists using premium liquors and fresh homemade ingredients. Featuring outdoor seating and greenhouse.",https://dynamic-media-cdn.tripadvisor.com/media/photo-o/26/98/d7/f5/caption.jpg?w=200&h=200&s=1&cx=4371&cy=2305&chk=v1_61d445397c32bc84ce48,https://www.tripadvisor.com/Restaurant_Review-g294197-d14901544-Reviews-MOBO_Bar-Seoul.html,242,5.0,Cocktail bar,Cocktails enjoyed in a secret garden in the city.,,1921237370,https://place.map.kakao.com/1921237370,18000,37000,10,true,,,,,,,kakao
28650345,Daega Insaeng Sundubu Myeongdong Main Branch,+82 2-6261-2777,"Seoul 7-7, Myeongdong 10-gil, Jung-gu 1F",,37.563553,126.985634,"Asian, Korean, Healthy",월 10:30~22:30 / 화 10:30~22:30 / 수 10:30~22:30 / 목 10:30~22:30 / 금 10:30~22:30 / 토 10:30~22:30 / 일 10:30~22:30,,https://dynamic-media-cdn.tripadvisor.com/media/photo-o/26/98/d7/f5/caption.jpg?w=200&h=200&s=1&cx=4371&cy=2305&chk=v1_61d445397c32bc84ce48,https://www.tripadvisor.com/Restaurant_Review-g294197-d28650345-Reviews-Daega_Insaeng_Sundubu_Myeongdong_Main_Branch-Seoul.html,23,5.0,Tofu specialty,A delightful meeting of seafood broth and soft tofu.,,1591041689,https://place.map.kakao.com/1591041689,11000,11500,14,false,true,,,,,,kakao
33393803,Wooara Restaurant,+82 2-730-9554,Seoul 50 Jong-ro 1-gil The Twin Towers K,,37.574768,126.979294,"Barbecue, Asian, Korean",월 11:00~22:00 / 화 11:00~22:00 / 수 11:00~22:00 / 목 11:00~22:00 / 금 11:00~22:00 / 토 11:00~22:00 / 일 11:00~22:00,"Wooara Gwanghwamun offers a refined Korean dining experience, combining premium Korean beef with fresh seafood. In its private dining rooms, guests can enjoy a well-crafted Korean course meal featuring beef omakase alongside seafood dishes. It is the perfect venue for business meetings, company dinners, anniversaries, and even formal occasions such as family introductions. Located near Anguk Station, Gyeongbokgung, and Gwanghwamun, Wooara has become a beloved destination for both professionals and food enthusiasts.",https://dynamic-media-cdn.tripadvisor.com/media/photo-o/26/98/d7/f5/caption.jpg?w=200&h=200&s=1&cx=4371&cy=2305&chk=v1_61d445397c32bc84ce48,https://www.tripadvisor.com/Restaurant_Review-g294197-d33393803-Reviews-Wooara_Restaurant-Seoul.html,51,4.9,Korean,"Gwanghwamun Han-sik, Gwanghwamun group dining, Gwanghwamun meeting, Gwanghwamun Hanwoo, Hanwoo omakase, Seoul Hanwoo omakase.",,1406560481,https://place.map.kakao.com/1406560481,39000,89000,6,true,,,,,,true,kakao
12261567,Gurkha Indian Restaurant,+82 2-775-8860,"Seoul 16-1, Myeongdong 10-gil, Jung-gu 5F",04536,37.56305,126.98522,"Indian, Nepali",월 10:30~22:00 / 화 10:30~22:00 / 수 10:30~22:00 / 목 10:30~22:00 / 금 10:30~22:00 / 토 10:30~22:00 / 일 10:30~22:00,"Gurkha Restaurant is located in Myeongdong, Seoul and is special for Indian, Nepalese, Chinese Halal food. We are always working hard to provide our customers with the best tasting food and services. We will continue to our hard work to give you guys the best of best treatment a restaurant can offer. Thank you.",https://dynamic-media-cdn.tripadvisor.com/media/photo-o/26/98/d7/f5/caption.jpg?w=200&h=200&s=1&cx=4371&cy=2305&chk=v1_61d445397c32bc84ce48,https://www.tripadvisor.com/Restaurant_Review-g294197-d12261567-Reviews-Gurkha_Indian_Restaurant-Seoul.html,184,4.4,Indian,A local favorite for traditional Indian cuisine.,일 21:30 / 월 21:30 / 화 21:30 / 수 21:30 / 목 21:30 / 금 21:30 / 토 21:30,665610955,https://place.map.kakao.com/665610955,9900,15000,22,false,true,true,true,,,,kakao
4105590,HanCook N Seoul Tower,+82 2-3455-9292,"Seoul 126, Namsangongwon-gil, Yongsan-gu",04340,37.55127,126.988335,"Asian, Korean",월 12:00~22:00 / 화 12:00~22:00 / 수 12:00~22:00 / 목 12:00~22:00 / 금 12:00~22:00 / 토 12:00~22:00 / 일 12:00~22:00,,https://dynamic-media-cdn.tripadvisor.com/media/photo-o/26/98/d7/f5/caption.jpg?w=200&h=200&s=1&cx=4371&cy=2305&chk=v1_61d445397c32bc84ce48,https://www.tripadvisor.com/Restaurant_Review-g294197-d4105590-Reviews-HanCook_N_Seoul_Tower-Seoul.html,111,4.0,Korean buffet,A neat Korean buffet with a view of Namsan.,일 20:00 / 월 20:00 / 화 20:00 / 수 20:00 / 목 20:00 / 금 20:00 / 토 20:00,16851604,https://place.map.kakao.com/16851604,35000,105000,5,true,,,,true,,,kakao
11950049,Busan Jib Restaurant - Halal,+82 2-777-8660,"Seoul 11-4, 8 Myeongdong-gil, Jung-gu",04536,37.563168,126.984856,"Asian, Korean",Sun 10:00~22:00 / Mon 10:00~22:00 / Tue 10:00~22:00 / Wed 10:00~22:00 / Thu 10:00~22:00 / Fri 10:00~22:00 / Sat 10:00~22:00,,https://dynamic-media-cdn.tripadvisor.com/media/photo-o/26/98/d7/f5/caption.jpg?w=200&h=200&s=1&cx=4371&cy=2305&chk=v1_61d445397c32bc84ce48,https://www.tripadvisor.com/Restaurant_Review-g294197-d11950049-Reviews-Busan_Jib_Restaurant_Halal-Seoul.html,92,3.7,Korean,,,1481595453,https://place.map.kakao.com/1481595453,,,,,,,,,,,tripadvisor
810850,Samwon Garden Main Store,+82 2-548-3030,"Seoul 835, Eonju-ro, Gangnam-gu",06023,37.524925,127.03259,"Barbecue, Asian, Korean",Sun 17:00~21:00 / Mon 17:00~22:00 / Tue 17:00~22:00 / Wed 17:00~22:00 / Thu 17:00~22:00 / Fri 17:00~22:00 / Sat 17:00~22:00,"Samwon Garden is a place where precious everyday encounters gather to become a feast. Since ancient times, our people have held 'feasts' when joyful occasions arose, setting out abundant food, treating guests with honor, and sharing joy. As Korea grew and needed a space more suited to such feasts, people began gathering here. A place where domestic and international dignitaries were hosted, where leading companies held important meetings, and where Korean citizens gathered for great celebrations, that place is Samwon Garden.",https://dynamic-media-cdn.tripadvisor.com/media/photo-o/26/98/d7/f5/caption.jpg?w=200&h=200&s=1&cx=4371&cy=2305&chk=v1_61d445397c32bc84ce48,https://www.tripadvisor.com/Restaurant_Review-g294197-d810850-Reviews-Samwon_Garden_Main_Store-Seoul.html,158,3.7,,A meeting of refined Korean cuisine and quality galbi.,,19351143,https://place.map.kakao.com/19351143,65000,65000,1,true,,,,,,true,tripadvisor
12250577,Buchon Yukhoe,+82 2-2267-1831,"Seoul 200-12, Jong-ro, Jongno-gu",03195,37.570343,126.99991,Korean,월 10:00~21:30 / 화 10:00~21:30 / 수 10:00~21:30 / 목 10:00~21:30 / 금 10:00~21:30 / 토 10:00~21:30 / 일 10:00~21:30,,https://dynamic-media-cdn.tripadvisor.com/media/photo-o/26/98/d7/f5/caption.jpg?w=200&h=200&s=1&cx=4371&cy=2305&chk=v1_61d445397c32bc84ce48,https://www.tripadvisor.com/Restaurant_Review-g294197-d12250577-Reviews-Buchon_Yukhoe-Seoul.html,55,4.4,"Meat, Korean BBQ",This shop has been operating in the same location since 1956. Please stop by when you visit Gwangjang Market!,일 21:00 / 월 21:00 / 화 21:00 / 수 21:00 / 목 21:00 / 금 21:00 / 토 21:00,21852953,https://place.map.kakao.com/21852953,11000,19500,8,true,,,,,,,kakao
2330577,Braai Republic,+82 70-8879-1967,"Seoul 19, Itaewon-ro 14-gil, Yongsan-gu",04391,37.5336,126.99068,"African, Barbecue",화 12:00~21:00 / 수 12:00~21:00 / 목 12:00~21:00 / 금 12:00~21:00 / 토 12:00~21:00 / 일 12:00~21:00,"Braai Republic serves South African home-style cooking, focusing on our own homemade sausages including boerewors, lamb chops and freshly-baked meat pies. Kitchen hours: (Monday 5PM) (Tuesday to Sunday 12PM - 9PM) Atmosphere: Open kitchen and Casual Tip: Come before 6PM - even on week days we get busy early!",https://dynamic-media-cdn.tripadvisor.com/media/photo-o/26/98/d7/f5/caption.jpg?w=200&h=200&s=1&cx=4371&cy=2305&chk=v1_61d445397c32bc84ce48,https://www.tripadvisor.com/Restaurant_Review-g294197-d2330577-Reviews-Braai_Republic-Seoul.html,380,4.5,"Steak, ribs","Lamb chops, meat pies, and handmade sausage await you!",,14608358,https://place.map.kakao.com/14608358,7000,27000,8,,,,,,,,kakao
7939841,Pizzeria'o,+82 2-3673-5005,"Seoul 48, Dongsung-gil, Jongno-gu",03088,37.580383,127.00448,"Italian, Pizza, European",월 11:30~22:00 / 화 11:30~22:00 / 수 11:30~22:00 / 목 11:30~22:00 / 금 11:30~22:00 / 토 11:30~22:00 / 일 11:30~22:00,,https://dynamic-media-cdn.tripadvisor.com/media/photo-o/26/98/d7/f5/caption.jpg?w=200&h=200&s=1&cx=4371&cy=2305&chk=v1_61d445397c32bc84ce48,https://www.tripadvisor.com/Restaurant_Review-g294197-d7939841-Reviews-Pizzeria_o-Seoul.html,43,4.7,Pizza,"Pizzeria O is baking admiration in a golden oven, recognized as the best pizza place in Korea.",일 21:00 / 월 21:00 / 화 21:00 / 수 21:00 / 목 21:00 / 금 21:00 / 토 21:00,21555096,https://place.map.kakao.com/21555096,16900,23400,16,true,,,,,,,kakao
8135346,Brera,+82 2-2236-0770,"Seoul 41, Dasan-ro, Jung-gu",04600,37.548065,127.00717,Italian,월 11:00~23:00 / 화 11:00~23:00 / 수 11:00~23:00 / 목 11:00~23:00 / 금 11:00~23:00 / 토 11:00~23:00 / 일 11:00~23:00,,https://dynamic-media-cdn.tripadvisor.com/media/photo-o/26/98/d7/f5/caption.jpg?w=200&h=200&s=1&cx=4371&cy=2305&chk=v1_61d445397c32bc84ce48,https://www.tripadvisor.com/Restaurant_Review-g294197-d8135346-Reviews-Brera-Seoul.html,333,4.3,Italian,Italian dining capturing the essence of European alleyways.,일 21:45 / 월 21:45 / 화 21:45 / 수 21:45 / 목 21:45 / 금 21:45 / 토 21:45,26530107,https://place.map.kakao.com/26530107,19800,22900,11,false,true,true,,,true,,kakao
2228910,Yeonnamseo Sikdang,+82 2-716-2520,"Seoul 189-7 Yeonhui-dong, Seodaemun-gu",,37.554085,126.93522,"Barbecue, Asian, Korean",Sun 12:00~21:00 / Mon 12:00~21:00 / Tue 12:00~21:00 / Wed 12:00~21:00 / Thu 12:00~21:00 / Fri 12:00~21:00 / Sat 12:00~21:00,,https://dynamic-media-cdn.tripadvisor.com/media/photo-o/26/98/d7/f5/caption.jpg?w=200&h=200&s=1&cx=4371&cy=2305&chk=v1_61d445397c32bc84ce48,https://www.tripadvisor.com/Restaurant_Review-g294197-d2228910-Reviews-Yeonnamseo_Sikdang-Seoul.html,274,4.3,,,,,,,,,,,,,,,,tripadvisor
33405187,Sooda Samseong 1st Branch,+82 2-596-3584,Seoul 53 Teheran-ro 87-gil,,37.511017,127.05732,"Japanese, Sushi, Asian, Korean, Beer restaurants, Japanese Fusion",월 16:00~02:00 / 화 16:00~02:00 / 수 16:00~02:00 / 목 16:00~02:00 / 금 16:00~03:00 / 토 16:00~03:00 / 일 16:00~02:00,"A valet system has also been introduced in addition to restaurants frequented by Japanese lovers, perfect for business, private, group meetings, and dating around COEX",https://dynamic-media-cdn.tripadvisor.com/media/photo-o/30/d9/65/70/this-is-izakaya-suda.jpg?w=900&h=500&s=1,https://www.tripadvisor.com/Restaurant_Review-g294197-d33405187-Reviews-Sooda_Samseong_1st_Branch-Seoul.html,20,5.0,Izakaya (Japanese pub),"At Sudah Samsung Branch 1, we strive to provide the best taste and service. Thank you.",,14480921,https://place.map.kakao.com/14480921,18000,29000,16,true,,,,,,,kakao
1648952,Bonjuk Myeongdong,+82 2-755-3562,"Seoul 65-2 Chungmuro 2-ga, Jung-gu",,37.561535,126.98538,"Asian, Korean",월 09:00~21:00 / 화 09:00~21:00 / 수 09:00~21:00 / 목 09:00~21:00 / 금 09:00~21:00 / 토 09:00~15:00,,https://dynamic-media-cdn.tripadvisor.com/media/photo-o/11/6f/72/7f/photo0jpg.jpg?w=900&h=500&s=1,https://www.tripadvisor.com/Restaurant_Review-g294197-d1648952-Reviews-Bonjuk_Myeongdong-Seoul.html,141,3.8,Fusion Korean,Enjoy a comforting blend of Korean health porridge and bibimbap.,월 20:30 / 화 20:30 / 수 20:30 / 목 20:30 / 금 20:30 / 토 14:30,8392850,https://place.map.kakao.com/8392850,7500,13500,30,true,true,,,,,,kakao
28276341,Kim Tae-wan Sushi Mapo Main Branch,+82 10-7466-3442,"Seoul Samgae-ro, 7 1st Floor",04172,37.540707,126.94794,"Japanese, Sushi",월 11:00~22:00 / 화 11:00~22:00 / 수 11:00~22:00 / 목 11:00~22:00 / 금 11:00~22:00 / 토 11:00~22:00 / 일 11:00~22:00,,https://dynamic-media-cdn.tripadvisor.com/media/photo-o/2d/b4/fb/44/caption.jpg?w=900&h=500&s=1,https://www.tripadvisor.com/Restaurant_Review-g294197-d28276341-Reviews-Kim_Tae_wan_Sushi_Mapo_Main_Branch-Seoul.html,19,4.9,"Sushi, rolls","A delightful feast of fresh, handcrafted sushi.",일 21:15 / 월 21:15 / 화 21:15 / 수 21:15 / 목 21:15 / 금 21:15 / 토 21:15,1175874488,https://place.map.kakao.com/1175874488,5000,16250,30,true,true,,,,,,kakao
25101005,Montsoop,+82 2-790-3905,"Seoul Hangang-daero 21-gil 1F, 17-7, Yongsan-gu",,37.52646,126.96392,"Asian, Korean",Sun 12:30~15:00 / Sun 18:00~22:00 / Wed 18:00~22:00 / Thu 18:00~22:00 / Fri 12:00~14:00 / Fri 18:00~22:00 / Sat 12:30~15:00 / Sat 18:00~22:00,"Mongsup pursues the beauty of Korean cuisine felt through all five senses, reinterpreting Korea's food culture in a modern way. At Mongsup, modern people who have forgotten the flavors and scents of the seasons amid the busy city can share special experiences with friends, family, and loved ones, making moments of gratitude and celebration all the more meaningful.",https://dynamic-media-cdn.tripadvisor.com/media/photo-o/29/f9/27/1e/cucumber-hanwoo-beef.jpg?w=900&h=500&s=1,https://www.tripadvisor.com/Restaurant_Review-g294197-d25101005-Reviews-Montsoop-Seoul.html,46,4.9,,,,,,,,,,,,,,,,tripadvisor
26392614,Myeongdong Korean Bbq All You Can Eat Pig Company,+82 2-318-2990,"Seoul 44, Myeongdong 3-gil 3rd Floor",,37.565697,126.98367,"Asian, Korean",Sun 11:30~23:30 / Mon 11:30~23:30 / Tue 11:30~23:30 / Wed 11:30~23:30 / Thu 11:30~23:30 / Fri 11:30~23:30 / Sat 11:30~23:30,"Don't look around in a big store ! Let's eat as much as we want ! A (All You Can Eat Pork Belly) 17,900won B (All You Can Eat Pork Belly + Soy Sauce Boneless Chicken) 19,900won F (Full Course : A + B + Drink + Rice + Cold Noodles) 23,900won A(サムギョプサル食べ放題)17,900ウォンです B(サムギョプサル+醤油骨なしチキン食べ放題) 19,900ウォンです F(フルコース:A+B+ドリンク+ライス+冷麺)23,900ウォンです A（豚肉食べ放題 17,900）ウォン サムギョプサル+モクサル+ウサムギョプ+カブリサルorカルメギサル+薄切りサムギョプサル+豚の殻+味噌チゲ+盛り合わせ野菜サム+セルフバー食べ放題 B （豚肉食べ放題+にんにく醤油チキン(骨なし)食べ放題） 19,900ウォン 豚肉食べ放題+にんにく醤油チキン(骨なし)食べ放題+味噌チゲ+盛り合わせ野菜サム+セルフバー食べ放題 F （フルコース 食べ放題） 23,900ウォン 豚肉食べ放題+にんにく醤油チキン(骨なし)食べ放題+味噌チゲ+盛り合わせ野菜サム+セルフバー食べ放題+冷麺食べ放題+飲み物食べ放題+ご飯食べ放題",https://dynamic-media-cdn.tripadvisor.com/media/photo-o/29/d3/fe/12/caption.jpg?w=900&h=500&s=1,https://www.tripadvisor.com/Restaurant_Review-g294197-d26392614-Reviews-Myeongdong_Korean_Bbq_All_You_Can_Eat_Pig_Company-Seoul.html,10,4.9,,,,,,,,,,,,,,,,tripadvisor
10133954,Ipanema Grill,+82 2-365-6118,Seoul 6 Yonsei-ro 4-gil Seodaemun-gu,03779,37.556885,126.93734,"Steakhouse, Brazilian, Barbecue, Spanish, Grill",Sun 12:00~22:00 / Mon 11:30~22:30 / Wed 11:30~22:30 / Thu 11:30~22:30 / Fri 11:30~22:30 / Sat 12:00~22:00,Brazilian steak house in Seoul,https://dynamic-media-cdn.tripadvisor.com/media/photo-o/1c/a1/7f/03/ipanemagrill-sincon.jpg?w=900&h=500&s=1,https://www.tripadvisor.com/Restaurant_Review-g294197-d10133954-Reviews-Ipanema_Grill-Seoul.html,48,4.8,,Brazilian churrasco served right at your table.,,27560694,https://place.map.kakao.com/27560694,39900,39900,2,,,,,,,,tripadvisor
15634522,Hue 135,+82 70-4155-0135,"Seoul 6, Itaewon-ro 55na-gil, Yongsan-gu",04348,37.53658,126.99905,"Steakhouse, Asian, Korean, Healthy",월 11:30~22:30 / 화 11:30~22:30 / 수 11:30~22:30 / 목 11:30~22:30 / 금 11:30~22:00 / 토 11:30~22:30 / 일 11:30~22:30,,https://dynamic-media-cdn.tripadvisor.com/media/photo-o/1c/a6/1e/fa/hue-135.jpg?w=900&h=500&s=1,https://www.tripadvisor.com/Restaurant_Review-g294197-d15634522-Reviews-Hue_135-Seoul.html,34,5.0,Western,Tender beef short ribs rich in truffle flavor.,,340263215,https://place.map.kakao.com/340263215,17000,22000,6,,,,,,,,kakao
12441492,"STAY, Modern Restaurant",+82 2-3213-1230,"Seoul 300, Olympic-ro, Songpa-gu 81F, SIGNIEL Seoul, Lotte World Tower",05551,37.513496,127.10259,"French, European",Sun 12:00~14:30 / Sun 17:30~20:15 / Mon 09:00~17:00 / Tue 11:30~14:30 / Tue 17:30~20:15 / Wed 11:30~14:30 / Wed 17:30~20:15 / Thu 11:30~14:30 / Thu 17:30~20:15 / Fri 11:30~14:30 / Fri 17:30~20:15 / Sat 12:00~14:30 / Sat 17:30~20:15,"Created by Yannick Alléno, S.T.A.Y. (Simple Table Alléno Yannick) is a brand new concept of restaurant where one can enjoy a refined and innovative French cuisine in a stylish and contemporary space. S.T.A.Y. mixes simplicity and modernity to create an interactive and a unique dining experience. S.T.A.Y. features two major concepts - the Communal Table with sharing-style customised menu and Pastry Library, an interactive platform for both the pastry chef and guests.",https://dynamic-media-cdn.tripadvisor.com/media/photo-o/0f/a2/49/c9/dining-room.jpg?w=900&h=500&s=1,https://www.tripadvisor.com/Restaurant_Review-g294197-d12441492-Reviews-STAY_Modern_Restaurant-Seoul.html,67,4.4,,,,,,,,,,,,,,,,tripadvisor
10676592,Boccalino,+82 2-6388-5500,"Seoul 97 Saemunan-ro, Jongno-gu Four Seasons Hotel 2F",03183,37.570305,126.97544,"Italian, European",Sun 11:00~14:30 / Sun 17:30~21:30 / Mon 11:00~14:30 / Mon 17:30~21:30 / Tue 11:00~14:30 / Tue 17:30~21:30 / Wed 11:00~14:30 / Wed 17:30~21:30 / Thu 11:00~14:30 / Thu 17:30~21:30 / Fri 11:00~14:30 / Fri 17:30~21:30 / Sat 11:00~14:30 / Sat 17:30~21:30,"Boccalino at Four Seasons Hotel Seoul offers an authentic Italian dining experience in Seoul. Sun-drenched marble walls, gleaming metal accents and cognac leather banquettes set the scene for contemporary renditions of classic southern Italian dishes, prepared with passion and showmanship in the open kitchen. Head Chef Ivan Spadaro brings the vibrant flavours of the Mediterranean to life with cherished family recipes and seasonal ingredients. The menu features pasta, pizza and weekend brunch, making Boccalino a fitting choice for a romantic dinner, business lunch or relaxed weekend meal. 포시즌스 호텔 서울의 보칼리노는 현대적인 감각으로 재해석한 남부 이탈리아 요리를 선보이는 이탈리안 레스토랑입니다. 파스타, 피자, 주말 브런치와 함께 셰프 이반 스파다로의 계절감 있는 메뉴와 지중해의 풍미를 밝고 활기찬 분위기 속에서 즐길 수 있습니다.",https://dynamic-media-cdn.tripadvisor.com/media/photo-o/14/74/93/b6/interior.jpg?w=900&h=500&s=1,https://www.tripadvisor.com/Restaurant_Review-g294197-d10676592-Reviews-Boccalino-Seoul.html,88,4.5,,A relaxed hotel Italian dining experience with fresh ingredients.,,1580609628,https://place.map.kakao.com/1580609628,79000,129500,3,,,,,,,,tripadvisor
25302376,Spill Out,+82 70-8691-1474,Seoul 6-5 Donggyo-ro 38-gil,,37.56171,126.92484,"Italian, American, Bar, Pizza, Pub, Dining bars, Beer restaurants",월 12:00~24:00 / 화 12:00~24:00 / 수 12:00~24:00 / 목 12:00~24:00 / 금 12:00~02:00 / 토 12:00~02:00 / 일 12:00~24:00,Authentic New Jersey style pizza and a great bar with patio seating. Open every day at noon and until late on weekends.,https://dynamic-media-cdn.tripadvisor.com/media/photo-o/32/c7/f8/c9/pepperoni.jpg?w=900&h=500&s=1,https://www.tripadvisor.com/Restaurant_Review-g294197-d25302376-Reviews-Spill_Out-Seoul.html,23,5.0,Pizza,An American-operated New Jersey-style pizza pub near Hongdae Entrance Station in Yeonnam-dong.,,889553279,https://place.map.kakao.com/889553279,10000,23000,16,,,,,,true,,kakao
6787551,Spacca Napoli,+82 2-326-2323,"Seoul 28, Yanghwa-ro 6-gil, Mapo-gu",04046,37.54898,126.915665,"Italian, Pizza, Neapolitan, Campania, Southern-Italian",수 11:30~21:30 / 목 11:30~21:30 / 금 11:30~21:30 / 토 11:30~21:30 / 일 11:30~21:30,"Antica Pizzeria SPACCA NAPOLI is a traditional Neapolitan pizza specialist using an oak wood-fired oven, dreaming of change while honoring tradition.",https://dynamic-media-cdn.tripadvisor.com/media/photo-o/09/64/d1/f2/caption.jpg?w=900&h=-1&s=1,https://www.tripadvisor.com/Restaurant_Review-g294197-d6787551-Reviews-Spacca_Napoli-Seoul.html,90,4.4,Italian,"* Entry is restricted for children under 6 years old. (Due to limited space, we apologize that high chairs and strollers cannot be accommodated.)",,16050660,https://place.map.kakao.com/16050660,20000,28000,19,,,,,,,,kakao
2693506,Mugunghwa,+82 2-317-7061,"Seoul 1, Sogong-dong, Jung-gu Main Wing 38F, Lotte Hotel Seoul",,37.56521,126.980896,"Asian, Korean",월 11:30~21:30 / 화 11:30~21:30 / 수 11:30~21:30 / 목 11:30~21:30 / 금 11:30~21:30 / 토 11:30~21:30 / 일 11:30~21:30,,https://dynamic-media-cdn.tripadvisor.com/media/photo-o/0c/41/81/29/20160720-170813-001-largejpg.jpg?w=900&h=-1&s=1,https://www.tripadvisor.com/Restaurant_Review-g294197-d2693506-Reviews-Mugunghwa-Seoul.html,92,4.6,Korean,A refined Korean course enjoyed in a private space.,일 13:30 / 일 20:00 / 월 13:30 / 월 20:00 / 화 13:30 / 화 20:00 / 수 13:30 / 수 20:00 / 목 13:30 / 목 20:00 / 금 13:30 / 금 20:00 / 토 13:30 / 토 20:00,8349008,https://place.map.kakao.com/8349008,190000,210000,9,true,true,true,true,,,,kakao
14832409,The Lounge,+82 2-6282-6735,"Seoul 176 Sinbanpo-ro, Seocho-gu 8th Floor",06546,37.50391,127.004745,"Chinese, Cafe, Asian, Healthy, Wine Bar",Sun 08:00~22:00 / Mon 08:00~22:00 / Tue 08:00~22:00 / Wed 08:00~22:00 / Thu 08:00~22:00 / Fri 08:00~22:00 / Sat 08:00~22:00,"An atmospheric contemporary lounge combining Korean interior design elements, soaring ceilings and stunning city views. Daytime offerings include afternoon tea, a range of desserts, and premium coffee and teas, complemented by wines and cocktails in the evening.",https://dynamic-media-cdn.tripadvisor.com/media/photo-o/1d/3f/de/be/caption.jpg?w=900&h=500&s=1,https://www.tripadvisor.com/Restaurant_Review-g294197-d14832409-Reviews-The_Lounge-Seoul.html,46,5.0,,,,,,,,,,,,,,,,tripadvisor
7353876,Jogabi,+82 2-755-7555,Seoul 29 Myeongdong 9-gil Jung-gu,04534,37.565037,126.98417,"Seafood, Asian, Korean",월 10:00~01:00 / 화 10:00~01:00 / 수 10:00~01:00 / 목 10:00~01:00 / 금 10:00~01:00 / 토 10:00~24:00 / 일 10:00~24:00,"Welcome to JOGABI, the number one restaurant in Myeong-dong selected by office workers and fresh seafood enjoyed in Myeong-dong, downtown Seoul. Kind service and a traditional Korean seafood restaurant in the new and pleasant branches, we will do our best to make your gourmet trip beautifully remembered. You can feel that Myeong-dong is the best seafood restaurant with the freshest seafood every day. The main menu is seafood hot pot, shellfish stew, grilled shellfish, and most popular dishes are Korean seafood dishes, such as king crab, raw octopus, and raw fish. For meals, there are clams kalguksu(noodle). Even if you have a party or group meeting, you can have a hall for 40people. Enjoy your gourmet tour at jogabi, where Korean seafood is considered the best freshness and taste in the city.",https://dynamic-media-cdn.tripadvisor.com/media/photo-o/29/7d/53/cf/caption.jpg?w=900&h=-1&s=1,https://www.tripadvisor.com/Restaurant_Review-g294197-d7353876-Reviews-Jogabi-Seoul.html,68,4.0,"Clams, shellfish",Cozy Korean dining featuring fresh clams.,,1561884629,https://place.map.kakao.com/1561884629,5000,25000,30,false,true,,,,,,kakao
7062406,Jalppajin Memil seochon,+82 70-4142-1214,"Seoul 41-1, Jahamun-ro, Jongno-gu",03036,37.579723,126.97111,"Asian, Korean",월 11:00~21:30 / 화 11:00~21:30 / 수 11:00~21:30 / 목 11:00~21:30 / 금 11:00~21:30 / 토 11:00~21:30 / 일 11:00~21:30,Profesional buckwheat house.Main dishes. Buckwheat noddleBuckwheat BIG dumpling.Herbal boiled pork. 15 type of makgulli. we are making dough by ourselve and serving fresh noddles. vegan food also have.,https://dynamic-media-cdn.tripadvisor.com/media/photo-o/10/cd/5f/e1/sept-2017.jpg?w=900&h=500&s=1,https://www.tripadvisor.com/Restaurant_Review-g294197-d7062406-Reviews-Jalppajin_Memil_seochon-Seoul.html,51,4.7,Noodles,The rich taste of pure buckwheat infused with sesame oil.,일 20:20 / 월 20:20 / 화 20:20 / 수 20:20 / 목 20:20 / 금 20:20 / 토 20:20,24869605,https://place.map.kakao.com/24869605,12000,16500,18,,,,,,,,kakao
12936608,HAJJkoreahalalfood,+82 10-4996-5986,"Seoul 39 Usadan-ro 10-gil, Yongsan-gu near the Seoul Central Mosque, Itaewon",04405,37.533306,126.99801,"Asian, Korean",Sun 10:00~20:00 / Mon 10:00~20:00 / Wed 10:00~20:00 / Thu 10:00~20:00 / Fri 10:00~20:00 / Sat 10:00~20:00,"Our store does not have holidays.It is always open, so please note that it closes until 1:00 am.Thank you",https://dynamic-media-cdn.tripadvisor.com/media/photo-o/11/f4/6d/77/hajj-korean-halal-restaurant.jpg?w=900&h=500&s=1,https://www.tripadvisor.com/Restaurant_Review-g294197-d12936608-Reviews-HAJJkoreahalalfood-Seoul.html,59,4.8,Fusion,,,1103938868,https://place.map.kakao.com/1103938868,,,,,,,,,,,tripadvisor
33039774,Gouga Yeoksam Station Branch,+82 2-555-9554,"Seoul #8 Teheran-ro Basement 1, 152 KR, Gangnam-gu",06236,37.50003,127.03652,"Barbecue, Asian, Korean",Sun 11:30~22:00 / Mon 11:00~22:00 / Tue 11:00~22:00 / Wed 11:00~22:00 / Thu 11:00~22:00 / Fri 11:00~22:00 / Sat 11:30~22:00,"Gowooga Yeoksam is a premium Korean beef dining restaurant located in the heart of Gangnam. Guests can enjoy a Korean beef omakase in stylish private rooms, making it an excellent choice for business meetings, corporate dinners, and important client receptions. The menu, composed of the finest Korean beef and authentic Korean courses, delivers an elegant dining experience. Recognized as one of Gangnam’s signature Korean beef restaurants, it is also well-suited for anniversaries and family gatherings.",https://dynamic-media-cdn.tripadvisor.com/media/photo-o/2f/7c/5a/eb/caption.jpg?w=900&h=500&s=1,https://www.tripadvisor.com/Restaurant_Review-g294197-d33039774-Reviews-Gouga_Yeoksam_Station_Branch-Seoul.html,55,5.0,,Enjoy a Hanwoo omakase in a private room.,,1050527540,https://place.map.kakao.com/1050527540,99000,154500,4,true,,,,,,true,tripadvisor
14969071,Wolhwa Gogi - Bolamae Jikyeongjeom,+82 2-888-7592,"Seoul 16, Boramae-ro 3-gil, Gwanak-gu",08708,37.49081,126.9275,"Barbecue, Asian, Korean",월 16:00~22:30 / 화 16:00~22:30 / 수 16:00~22:30 / 목 16:00~22:30 / 금 16:00~22:30 / 토 11:30~22:30 / 일 11:30~22:30,"Travelers' Choice 2025 This is a famous restaurant introduced on many TV programs. It is a restaurant specializing in grilled pork and beef. Like many Korean meat restaurants, fresh meat is baked directly at a table and eat with side dishes.",https://dynamic-media-cdn.tripadvisor.com/media/photo-o/14/8d/51/a5/2.jpg?w=900&h=500&s=1,https://www.tripadvisor.com/Restaurant_Review-g294197-d14969071-Reviews-Wolhwa_Gogi_Bolamae_Jikyeongjeom-Seoul.html,61,5.0,"Meat, Korean BBQ",Wolhwa Meat offers antibiotic-free pork.,,768850911,https://place.map.kakao.com/768850911,19000,40000,15,true,,,,,,,kakao
8024262,Din Tai Fung Myeongdong Jungang,+82 2-3789-2778,"Seoul 13, Myeongdong 7-gil, Jung-gu 2F, Jeungkwon Bldg.",04534,37.564564,126.98383,"Chinese, Asian, Taiwanese",Sun 11:00~21:00 / Mon 11:00~21:00 / Tue 11:00~21:00 / Wed 11:00~21:00 / Thu 11:00~21:00 / Fri 11:00~21:00 / Sat 11:00~21:00,,https://dynamic-media-cdn.tripadvisor.com/media/photo-o/10/9a/2b/af/photo1jpg.jpg?w=900&h=500&s=1,https://www.tripadvisor.com/Restaurant_Review-g294197-d8024262-Reviews-Din_Tai_Fung_Myeongdong_Jungang-Seoul.html,239,3.7,,A feast of Taiwanese dim sum bursting with rich juices.,,22906526,https://place.map.kakao.com/22906526,15000,15000,1,,,,,,,true,tripadvisor
9598657,L'impasse81,+82 70-7779-8181,"Seoul 17-1, Donggyo-ro 30-gil, Mapo-gu",03985,37.560116,126.92528,"French, European, Wine Bar",월 12:00~22:00 / 수 12:00~22:00 / 목 12:00~22:00 / 금 12:00~22:00 / 토 12:00~22:00 / 일 12:00~22:00,,https://dynamic-media-cdn.tripadvisor.com/media/photo-o/0f/95/3a/72/photo6jpg.jpg?w=900&h=500&s=1,https://www.tripadvisor.com/Restaurant_Review-g294197-d9598657-Reviews-L_impasse81-Seoul.html,98,4.9,Western,A snug space filled with French charm.,일 21:10 / 월 21:10 / 수 21:10 / 목 21:10 / 금 21:10 / 토 21:10,27342212,https://place.map.kakao.com/27342212,13000,28000,7,false,,,,,,,kakao
2428983,Zelen,+82 2-749-0600,"Seoul 2F, 116-14, Itaewon dong, Yongsan gu",,37.534996,126.99238,"European, Eastern European",Sun 11:30~15:00 / Sun 17:30~21:00 / Mon 11:30~14:30 / Mon 18:00~22:00 / Tue 11:30~14:30 / Tue 18:00~22:00 / Wed 11:30~14:30 / Wed 18:00~22:00 / Thu 11:30~14:30 / Thu 18:00~22:00 / Fri 11:30~14:30 / Fri 18:00~22:00 / Sat 11:30~15:00 / Sat 17:30~22:00,,https://dynamic-media-cdn.tripadvisor.com/media/photo-o/14/2e/df/a4/photo3jpg.jpg?w=900&h=500&s=1,https://www.tripadvisor.com/Restaurant_Review-g294197-d2428983-Reviews-Zelen-Seoul.html,148,4.0,,,,,,,,,,,,,,,,tripadvisor
17613351,Food Exchange - Novotel Ambassador Dongdaemun,+82 2-3425-8100,Seoul 238 Eulji-ro Jung Gu,04561,37.566387,127.0044,"International, Asian, Korean, Contemporary, Fusion",Sun 06:30~22:00 / Mon 06:30~23:00 / Tue 06:30~23:00 / Wed 06:30~23:00 / Thu 06:30~23:00 / Fri 06:30~22:00 / Sat 06:30~22:00,"The premium All Day Dining restaurant, Food Exchange, features a wide variety of favourites. With a comfortable atmosphere and modern interior, it is an ideal venue for business and social events.",https://dynamic-media-cdn.tripadvisor.com/media/photo-o/29/ba/65/45/caption.jpg?w=900&h=500&s=1,https://www.tripadvisor.com/Restaurant_Review-g294197-d17613351-Reviews-Food_Exchange_Novotel_Ambassador_Dongdaemun-Seoul.html,40,4.7,,The luxury of a high-quality semi-buffet in the city.,,1983561343,https://place.map.kakao.com/1983561343,,,,true,,,,,,,tripadvisor
3957610,Yoogane Myeongdong 1st Store,+82 2-3789-3392,"Seoul 13, Myeongdong 10-gil, Jung-gu",04537,37.563206,126.98532,"Asian, Korean",월 10:00~23:50 / 화 10:00~23:50 / 수 10:00~23:50 / 목 10:00~23:50 / 금 10:00~23:50 / 토 10:00~23:50 / 일 10:00~23:50,,https://dynamic-media-cdn.tripadvisor.com/media/photo-o/0f/f4/d2/d3/dining-area.jpg?w=900&h=500&s=1,https://www.tripadvisor.com/Restaurant_Review-g294197-d3957610-Reviews-Yoogane_Myeongdong_1st_Store-Seoul.html,569,3.7,Chicken dishes,The essence of dakgalbi with cheese and corn perfectly combined.,,15411094,https://place.map.kakao.com/15411094,4000,10500,27,false,true,,,,,,kakao
3572888,Pizzeria d' Buzza,+82 2-794-9474,"Seoul 28, Itaewon-ro 55ga-gil, Yongsan-gu",04348,37.5372,127.000015,"Italian, Pizza",수 11:00~21:20 / 목 11:00~21:20 / 금 11:00~21:20 / 토 11:00~21:20 / 일 11:00~21:20,,https://dynamic-media-cdn.tripadvisor.com/media/photo-o/0c/b1/06/b2/photo0jpg.jpg?w=700&h=400&s=1,https://www.tripadvisor.com/Restaurant_Review-g294197-d3572888-Reviews-Pizzeria_d_Buzza-Seoul.html,148,4.1,Pizza,The charm of chewy dough created in a wood-fired oven.,일 20:50 / 수 20:50 / 목 20:50 / 금 20:50 / 토 20:50,21212902,https://place.map.kakao.com/21212902,8000,15300,10,true,,,,,,,kakao
33020173,Udaegalbioflegend Gangnam,+82 2-566-9050,Seoul 819 Yeoksam-dong,06134,37.499165,127.02816,Barbecue,월 11:10~21:50 / 화 11:10~21:50 / 수 11:10~21:50 / 목 11:10~21:50 / 금 11:10~21:50 / 토 11:10~21:50 / 일 11:10~21:50,,https://dynamic-media-cdn.tripadvisor.com/media/photo-o/2f/65/06/1c/caption.jpg?w=900&h=500&s=1,https://www.tripadvisor.com/Restaurant_Review-g294197-d33020173-Reviews-Udaegalbioflegend_Gangnam-Seoul.html,36,5.0,"Meat, Korean BBQ","Charcoal-grilled short ribs, expertly cooked by our staff.",,97723360,https://place.map.kakao.com/97723360,4000,24000,10,,,,,,,,kakao
2372525,TAJ - Tase of India (Myeongdong Store),+82 2-776-0677,"Seoul YWCA Bldg. 1-3, Myeong-dong 1-ga, Jung-gu Page Myeongdong 2F",04538,37.564156,126.98631,Indian,Sun 11:30~20:00 / Tue 11:30~14:00 / Tue 17:30~20:30 / Wed 11:30~14:00 / Wed 17:30~20:30 / Thu 11:30~14:00 / Thu 17:30~20:30 / Fri 11:30~14:00 / Fri 17:30~20:30 / Sat 11:30~20:00,,https://dynamic-media-cdn.tripadvisor.com/media/photo-o/29/c3/26/ce/caption.jpg?w=900&h=500&s=1,https://www.tripadvisor.com/Restaurant_Review-g294197-d2372525-Reviews-TAJ_Tase_of_India_Myeongdong_Store-Seoul.html,104,4.1,,Authentic Indian curry with a view of Myeongdong Cathedral.,,42222494,https://place.map.kakao.com/42222494,22000,24000,4,true,,,,,,true,tripadvisor
3922438,Arirang Korean Restaurant,+82 2-752-1342,"Seoul 72-2 Sogong-dong, Jung-gu Cross the street from Back door of Westin Chosun Hotel.",04532,37.563847,126.98058,"Barbecue, Asian, Korean, Healthy",월 11:30~22:00 / 화 11:30~22:00 / 수 11:30~22:00 / 목 11:30~22:00 / 금 11:30~22:00 / 토 11:30~22:00 / 일 11:30~22:00,Best Korean Authentic beef barbeque restaurant in Myeong-dong Area. Picked by MICHELIN 2017 and 2018.,https://dynamic-media-cdn.tripadvisor.com/media/photo-o/12/f9/51/7c/photo1jpg.jpg?w=900&h=500&s=1,https://www.tripadvisor.com/Restaurant_Review-g294197-d3922438-Reviews-Arirang_Korean_Restaurant-Seoul.html,177,3.9,Korean,"The deep flavors of traditional Korean cuisine, enhanced by charcoal.",일 21:00 / 월 21:00 / 화 21:00 / 수 21:00 / 목 21:00 / 금 21:00 / 토 21:00,7982327,https://place.map.kakao.com/7982327,13000,15000,9,true,true,true,,,,,kakao
12878725,Chef's Palette,+82 2-3451-8271,"Seoul 120, Bongeunsa-ro, Gangnam-gu Lobby Floor, Le Meridien Seoul",06124,37.50483,127.02722,"Chinese, Japanese, International, Asian, Korean",Sun 06:00~12:00 / Mon 06:00~12:00 / Tue 06:00~12:00 / Wed 06:00~12:00 / Thu 06:00~12:00 / Fri 06:00~12:00 / Sat 06:00~12:00,"Chef's Palette, the all-day dining restaurant at Le Méridien Seoul, Korea's first luxury European-style hotel, offers a unique chance to experience the flavors and styles of Europe. Join us on a gourmet journey through diverse healthy Mediterranean, southern French and Italian dishes, accompanied by wine. In the amuse bouche corner, discover a selection of European appetizers made with the freshest ingredients and accompanied by fruity sparkling wine. Experience the deep aromas and tastes of Europe at Chef's Palette, with diverse European-style dishes ideally matched with white and red wines. The outdoor Terrace Garden is the ideal venue for enjoying buffet dining amid beautiful flowers and fresh air.",https://dynamic-media-cdn.tripadvisor.com/media/photo-o/12/22/12/ab/caption.jpg?w=900&h=500&s=1,https://www.tripadvisor.com/Restaurant_Review-g294197-d12878725-Reviews-Chef_s_Palette-Seoul.html,56,4.8,,,,,,,,,,,,,,,,tripadvisor
5895981,La Seine,+82 4117811,"Seoul 240, Olympic-ro, Songpa-gu Lotte Hotel World 2F",4117811,37.511497,127.10028,"Asian, Korean, Fusion",,"International buffet restaurant ""La Seine"""" well known as one of most popular buffet restaurant in Seoul. ""La Senie"" offers unforgettable memories and dining experience by Seoul's most passionable culinary team accompany with highly trained service members. Open from 6:30 am till 10:00 am for breakfast, Luche serves from 12:00pm till 15:00pm and Dinner starts from 18:00pm till 22:00pm. (However, special dinner offers 2 session on December and special event day - please contact with La Seine for further details).",https://dynamic-media-cdn.tripadvisor.com/media/photo-o/05/38/25/1f/caption.jpg?w=900&h=500&s=1,https://www.tripadvisor.com/Restaurant_Review-g294197-d5895981-Reviews-La_Seine-Seoul.html,98,4.3,,,,,,,,,,,,,,,,
1174970,Pro Ganjang Gejang Sinsa,+82 2-543-4126,"Seoul 9, Gangnam-daero 97-gil, Seocho-gu",06526,37.514774,127.01915,"Seafood, Asian, Korean",Sun 10:00~23:00 / Mon 10:00~23:00 / Tue 10:00~23:00 / Wed 10:00~23:00 / Thu 10:00~23:00 / Fri 10:00~23:00 / Sat 10:00~23:00,,https://dynamic-media-cdn.tripadvisor.com/media/photo-s/03/01/9a/b2/caption.jpg?w=600&h=400&s=1,https://www.tripadvisor.com/Restaurant_Review-g294197-d1174970-Reviews-Pro_Ganjang_Gejang_Sinsa-Seoul.html,290,3.9,,Experience the deep umami flavor of marinated crab with a 40-year tradition.,,11445020,https://place.map.kakao.com/11445020,85000,91500,4,true,true,true,,,,,tripadvisor
13906644,Namsandodam,+82 2-2272-8926,"Seoul 37-1, Supyo-ro 6-gil, Jung-gu",04555,37.562786,126.99229,"Asian, Korean",월 11:00~22:00 / 화 11:00~22:00 / 수 11:00~22:00 / 목 11:00~22:00 / 금 11:00~22:00 / 토 11:00~22:00 / 일 11:00~22:00,"It is a Korean restaurant specializing in Kaesong Bossam, Kimchi Steam, and Makkoli. It is located near Myeongdong and Chungmuro Printed Alley and Namsan Hanok Village. It is close to Chungmuro Station 6 exit. There are many tourist hotels nearby.",https://dynamic-media-cdn.tripadvisor.com/media/photo-o/12/68/c5/d9/getlstd-property-photo.jpg?w=900&h=500&s=1,https://www.tripadvisor.com/Restaurant_Review-g294197-d13906644-Reviews-Namsandodam-Seoul.html,23,5.0,Korean,"A specialty restaurant for bossam, kimchi jjim, chive pancakes, bulgogi tteokbokki, beef sundubu, and makgeolli.",일 21:00 / 월 21:00 / 화 21:00 / 수 21:00 / 목 21:00 / 금 21:00 / 토 21:00,1788524968,https://place.map.kakao.com/1788524968,3000,23500,16,true,,,,,,,kakao
4077783,Baengnyeonok,+82 2-523-2860,"Seoul 2407, Nambusunhwan-ro, Seocho-gu",06719,37.480865,127.013405,"Asian, Korean",월 11:00~20:30 / 화 11:00~20:30 / 수 11:00~20:30 / 목 11:00~20:30 / 금 11:00~20:30 / 토 11:00~20:30 / 일 11:00~20:30,,https://dynamic-media-cdn.tripadvisor.com/media/photo-o/15/ef/49/35/caption.jpg?w=900&h=500&s=1,https://www.tripadvisor.com/Restaurant_Review-g294197-d4077783-Reviews-Baengnyeonok-Seoul.html,50,4.1,Tofu specialty,"A renowned tofu restaurant with a deep flavor, established for 30 years.",,7885551,https://place.map.kakao.com/7885551,11000,15500,24,true,,,,,,,kakao
12357290,Everest Curry World Restaurant,+82 10-8544-4302,"Seoul 305, Jong-ro, Jongno-gu, 2f",03106,37.572044,127.01163,"Indian, Asian, Nepali",월 11:00~24:00 / 화 11:00~24:00 / 수 11:00~24:00 / 목 11:00~24:00 / 금 11:00~24:00 / 토 11:00~24:00 / 일 11:00~22:30,It's been 10 years that this restaurant has been opened. and all the staffs are highly experienced and the chef who are working here are highly experience and they been working in this field from last 20 years. the food here is very delicious and cheap as well. the owner of the restaurant himself takes care of the quests personally. and the local of the restaurant is also very convenient.,https://dynamic-media-cdn.tripadvisor.com/media/photo-o/1d/27/58/86/60.jpg?w=900&h=500&s=1,https://www.tripadvisor.com/Restaurant_Review-g294197-d12357290-Reviews-Everest_Curry_World_Restaurant-Seoul.html,74,4.6,Indian,"Namaste!! Everest Curry World is an Indian and Nepalese restaurant located at exit 2 of Dongdaemun Station, known for its delicious curry.",,12411385,https://place.map.kakao.com/12411385,4000,13000,40,true,,,,,,,kakao
9153533,James Cheese Back Ribs Hongdae Station Exit 8,+82 2-324-3305,"Seoul 145-1, Eoulmadang-ro, Mapo-gu",04051,37.556515,126.92605,"Bar, Barbecue, Korean, Pub",Sun 12:00~23:30 / Mon 12:00~23:30 / Tue 12:00~23:30 / Wed 12:00~23:30 / Thu 12:00~23:30 / Fri 11:30~01:30 / Sat 11:30~01:30,,https://dynamic-media-cdn.tripadvisor.com/media/photo-o/0e/bd/09/db/getlstd-property-photo.jpg?w=700&h=400&s=1,https://www.tripadvisor.com/Restaurant_Review-g294197-d9153533-Reviews-James_Cheese_Back_Ribs_Hongdae_Station_Exit_8-Seoul.html,118,4.0,,,,,,,,,,,,,,,,tripadvisor
7748357,Myeongdong Kalguksu,+82 2-754-7403,"Seoul 17-6, Sejong-Daero 14-Gil, Jung-Gu",04526,37.56304,126.97789,"Asian, Korean",월 10:00~18:00 / 화 10:00~18:00 / 수 10:00~18:00 / 목 10:00~18:00 / 금 10:00~18:00 / 토 10:00~18:00,,https://dynamic-media-cdn.tripadvisor.com/media/photo-o/26/98/d7/f5/caption.jpg?w=200&h=200&s=1&cx=4371&cy=2305&chk=v1_61d445397c32bc84ce48,https://www.tripadvisor.com/Restaurant_Review-g294197-d7748357-Reviews-Myeongdong_Kalguksu-Seoul.html,48,4.2,Kalguksu (knife-cut noodle soup),Handmade dumplings and chewy knife-cut noodles made with care.,,10338250,https://place.map.kakao.com/10338250,9000,9000,7,,,,,,,,kakao
2248137,Wonjo WonHalmae Dakhanmari,+82 2-2279-2078,"Seoul 25, Jong-ro 40ga-gil, Jongno-gu",03197,37.57029,127.005325,"Korean, Soups, Asian",Sun 11:00~23:00 / Mon 11:00~23:00 / Tue 11:00~23:00 / Wed 11:00~23:00 / Thu 11:00~23:00 / Fri 11:00~23:00 / Sat 11:00~23:00,"Located in the dak-hanmari (whole-chicken) alley of Gwangjang Market and Dongdaemun in Jongno, this is a beloved restaurant carrying on a third-generation tradition, serving rich broth and hearty whole-chicken hotpot along with spicy kalguksu. It is the original old-school eatery representing Jongno/Dongdaemun dak-hanmari, featured on numerous shows including the film Himalaya, Sikgaek, Baek Jong-won's Top 3 Chef King, and Delicious Guys.",https://dynamic-media-cdn.tripadvisor.com/media/photo-o/26/98/d7/f5/caption.jpg?w=200&h=200&s=1&cx=4371&cy=2305&chk=v1_61d445397c32bc84ce48,https://www.tripadvisor.com/Restaurant_Review-g294197-d2248137-Reviews-Wonjo_WonHalmae_Dakhanmari-Seoul.html,214,4.4,,A deep and rich chicken soup in a nostalgic atmosphere.,,8449040,https://place.map.kakao.com/8449040,33000,46000,4,,,,,,,,tripadvisor
8786818,Gatten Sushi,+82 2-2051-1477,"Seoul 109, Teheran-ro, Gangnam-gu",06134,37.49869,127.02919,"Japanese, Seafood, Sushi, Asian",월 11:00~21:30 / 화 11:00~21:30 / 수 11:00~21:30 / 목 11:00~21:30 / 금 11:00~21:30 / 토 11:00~21:30 / 일 11:00~21:30,,https://dynamic-media-cdn.tripadvisor.com/media/photo-o/26/98/d7/f5/caption.jpg?w=200&h=200&s=1&cx=4371&cy=2305&chk=v1_61d445397c32bc84ce48,https://www.tripadvisor.com/Restaurant_Review-g294197-d8786818-Reviews-Gatten_Sushi-Seoul.html,44,4.2,"Sushi, rolls",A delightful combination of diverse sushi and a clean space.,일 21:00 / 월 21:00 / 화 21:00 / 수 21:00 / 목 21:00 / 금 21:00 / 토 21:00,13575898,https://place.map.kakao.com/13575898,1500,5300,13,true,,,,,,,kakao
26286777,Confier,+82 70-5173-0591,"Seoul 2nd Basement Floor, Grand Central, 14, Sejong-daero, Jung-gu",,37.557877,126.97438,"French, International, Asian, Korean, Fusion",Sun 12:00~21:30 / Mon 12:00~21:30 / Tue 12:00~21:30 / Wed 12:00~21:30 / Thu 12:00~21:30 / Fri 12:00~21:30 / Sat 12:00~21:30,"""Experience elevated Korean-French fine dining in Seoul at Confier, near Seoul Station in Jung-gu. This contemporary restaurant crafts an impressive 8-course lunch (₩65,000) and a spectacular 9-course dinner (₩98,000) using French culinary techniques applied the freshest local Korean ingredients. The open kitchen and mirrored ceilings can be admired from hall or bar seating or even private dining rooms. Located in downtown Seoul's Grand Central B2, Confier delivers an accessible yet sophisticated fine dining journey year-round with their four distinct seasonal menus.",https://dynamic-media-cdn.tripadvisor.com/media/photo-o/26/98/d7/f5/caption.jpg?w=200&h=200&s=1&cx=4371&cy=2305&chk=v1_61d445397c32bc84ce48,https://www.tripadvisor.com/Restaurant_Review-g294197-d26286777-Reviews-Confier-Seoul.html,34,4.7,,Embark on a fine dining journey filled with delicate aromas and flavors.,,1720126948,https://place.map.kakao.com/1720126948,65000,81500,2,true,,,,,,,tripadvisor
4075310,Momoyama,+82 2-317-7031,"Seoul 30, Eulji-Ro, Jung-Gu 38F, Lotte Hotel Seoul",04533,37.565414,126.981,"Japanese, Seafood, Sushi, Kaiseki",월 11:30~21:30 / 화 11:30~21:30 / 수 11:30~21:30 / 목 11:30~21:30 / 금 11:30~21:30 / 토 11:30~21:30 / 일 11:30~21:30,,https://dynamic-media-cdn.tripadvisor.com/media/photo-o/26/98/d7/f5/caption.jpg?w=200&h=200&s=1&cx=4371&cy=2305&chk=v1_61d445397c32bc84ce48,https://www.tripadvisor.com/Restaurant_Review-g294197-d4075310-Reviews-Momoyama-Seoul.html,108,4.6,Japanese,Authentic kaiseki dining complemented by the city night view.,일 20:00 / 월 20:00 / 화 20:00 / 수 20:00 / 목 20:00 / 금 20:00 / 토 20:00,7856128,https://place.map.kakao.com/7856128,40000,70000,6,true,,true,true,,,,kakao
27433089,Gowooga Yeouido,+82 50-71342-9554,"Seoul 24, Yeoui-daero FKI Building, Basement",,37.52234,126.92091,"Japanese, Seafood, Barbecue, Asian, Korean, Japanese Fusion",월 11:00~22:00 / 화 11:00~22:00 / 수 11:00~22:00 / 목 11:00~22:00 / 금 11:00~22:00 / 토 11:30~22:00 / 일 11:30~22:00,"Gowooga Yeouido is a premium Korean beef dining restaurant in Yeouido, perfect for company dinners and gatherings. In private rooms, guests can enjoy a Korean beef omakase and traditional course meals that highlight the authentic flavor of top-quality beef. It provides a special dining experience for business meetings, family gatherings, and anniversaries, and has become a beloved Yeouido Korean beef restaurant among professionals in Yeouido and Yeongdeungpo.",https://dynamic-media-cdn.tripadvisor.com/media/photo-o/26/98/d7/f5/caption.jpg?w=200&h=200&s=1&cx=4371&cy=2305&chk=v1_61d445397c32bc84ce48,https://www.tripadvisor.com/Restaurant_Review-g294197-d27433089-Reviews-Gowooga_Yeouido-Seoul.html,76,5.0,"Meat, Korean BBQ","Yeouido's top dining spots, including Yeouido Station, Korean beef, and omakase options.",,1139279291,https://place.map.kakao.com/1139279291,15000,79000,28,true,true,true,true,,,,kakao
12213153,Sushi Kaisin,+82 2-515-9855,"Seoul 12, Dosan-daero 100-gil, Gangnam-gu 2F, Woori Bldg.",06071,37.52384,127.05183,"Japanese, Seafood, Sushi, Asian",Sun 18:00~22:00 / Mon 18:00~22:00 / Tue 18:00~22:00 / Wed 18:00~22:00 / Thu 18:00~22:00 / Fri 18:00~22:00 / Sat 18:00~22:00,"As a very traditional Japanese Sushi Restaurant, Sushi Kaisin is located in Seoul, and run by Japanese Chef SATO from Tokyo. We are open from Monday to Sunday for only dinner, but it may be closed depending on the reservation situation and the opening hours on the day may be also changed, so please make sure to make a reservation by call or email. We only prepare ingredients according to the reservation, so be sure to keep your reservation. There is only one menu, OMAKASE (currently Dinner price is 300,000Krw/person).",https://dynamic-media-cdn.tripadvisor.com/media/photo-o/26/98/d7/f5/caption.jpg?w=200&h=200&s=1&cx=4371&cy=2305&chk=v1_61d445397c32bc84ce48,https://www.tripadvisor.com/Restaurant_Review-g294197-d12213153-Reviews-Sushi_Kaisin-Seoul.html,23,5.0,,,,331694867,https://place.map.kakao.com/331694867,330000,330000,1,true,,,,,,,tripadvisor
13123529,Halal Kitchen,+82 2-733-3106,"Seoul 86-4, Samcheong-ro, Jongno-gu",03053,37.58305,126.98195,Korean,Sun 12:00~15:00 / Sun 17:00~20:00 / Mon 12:00~15:00 / Mon 17:00~20:00 / Wed 12:00~15:00 / Wed 17:00~20:00 / Thu 12:00~15:00 / Thu 17:00~20:00 / Fri 12:00~15:00 / Fri 17:00~20:00 / Sat 12:00~15:00 / Sat 17:00~20:00,"Halal Kitchen is a Halal Korean Restaurant for muslim tourists and foreigners who visit or stay in Korea. Hassan Lee, Korean muslim provides halal Korean foods and prayer's room for muslims. We also provide delivery service for your convenience to the location you stay. Please visit us and enjoy halal Korean foods at Hanok(Korean traditional housing style).",https://dynamic-media-cdn.tripadvisor.com/media/photo-o/26/98/d7/f5/caption.jpg?w=200&h=200&s=1&cx=4371&cy=2305&chk=v1_61d445397c32bc84ce48,https://www.tripadvisor.com/Restaurant_Review-g294197-d13123529-Reviews-Halal_Kitchen-Seoul.html,22,4.9,,,,,,,,,,,,,,,,tripadvisor
34112749,On:table,+82 2-3430-8585,"Seoul 524 Bongeunsa-ro, Gangnam District The Westin Seoul Parnas",,37.566,126.9784,"Seafood, International, Asian",Sun 06:30~22:00 / Mon 06:30~22:00 / Tue 06:30~22:00 / Wed 06:30~22:00 / Thu 06:30~22:00 / Fri 06:30~22:00 / Sat 06:30~22:00,"Experience a sophisticated culinary feast at ON:TABLE, a premium wellness dining restaurant inspired by the rhythm of the seasons. Enjoy seasonal special menus reflecting wellness values that balance body and mind, diverse live stations, and personalized breakfast options offering a harmonious blend of tastes and experiences.",https://dynamic-media-cdn.tripadvisor.com/media/photo-o/26/98/d7/f5/caption.jpg?w=200&h=200&s=1&cx=4371&cy=2305&chk=v1_61d445397c32bc84ce48,https://www.tripadvisor.com/Restaurant_Review-g294197-d34112749-Reviews-On_table-Seoul.html,17,5.0,,,,,,,,,,,,,,,,tripadvisor
8936196,Ahyeondong Ganjang Gejang,+82 2-312-7530,"Seoul 13, Gullebang-ro, Mapo-gu",04117,37.55527,126.955376,"Seafood, Asian, Korean",월 10:00~19:30 / 화 10:00~19:30 / 수 10:00~19:30 / 목 10:00~19:30 / 토 10:00~19:30,,https://dynamic-media-cdn.tripadvisor.com/media/photo-o/26/98/d7/f5/caption.jpg?w=200&h=200&s=1&cx=4371&cy=2305&chk=v1_61d445397c32bc84ce48,https://www.tripadvisor.com/Restaurant_Review-g294197-d8936196-Reviews-Ahyeondong_Ganjang_Gejang-Seoul.html,116,4.5,"Crab, snow crab",A table full of soy sauce marinated crabs packed with meat.,,11755765,https://place.map.kakao.com/11755765,5000,9000,5,,,,,,,,kakao
7930515,Wolfgang's Steakhouse Korea,+82 2-556-8700,"Seoul 21, Seolleung-ro 152-gil, Gangnam-gu",06016,37.524384,127.04134,"American, Steakhouse",Sun 11:30~23:00 / Mon 11:30~23:00 / Tue 11:30~23:00 / Wed 11:30~23:00 / Thu 11:30~23:00 / Fri 11:30~23:00 / Sat 11:30~23:00,"Wolfgang's Steakhouse, founded by Wolfgang Zwiener, is regarded as one of the finest steakhouses in New York. With five locations in New York (Park Avenue, Times Square, Tribeca, Midtown East, and 46th Street) plus Beverly Hills, Miami, Waikiki in Hawaii, New Jersey, Tokyo, Osaka and more (13 locations total), the newly opened Cheongdam branch is the world's 11th and Asia's second, following Japan. USDA Prime Black Angus beef, which accounts for only 3% of U.S. beef, is aged for 28 days in a specially built aging room under the same conditions as in New York before being served.",https://dynamic-media-cdn.tripadvisor.com/media/photo-o/26/98/d7/f5/caption.jpg?w=200&h=200&s=1&cx=4371&cy=2305&chk=v1_61d445397c32bc84ce48,https://www.tripadvisor.com/Restaurant_Review-g294197-d7930515-Reviews-Wolfgang_s_Steakhouse_Korea-Seoul.html,85,3.9,,An upscale steak dining experience with classic wood tones.,,26572124,https://place.map.kakao.com/26572124,120000,230000,4,true,,,,,,true,tripadvisor
2635690,Jin Wonjo Dakhanmari Main Store,+82 2-2272-2722,"Seoul 265-18 Jongno 5-ga, Jongno-gu",,37.570366,127.00584,"Asian, Korean",,,https://dynamic-media-cdn.tripadvisor.com/media/photo-o/26/98/d7/f5/caption.jpg?w=200&h=200&s=1&cx=4371&cy=2305&chk=v1_61d445397c32bc84ce48,https://www.tripadvisor.com/Restaurant_Review-g294197-d2635690-Reviews-Jin_Wonjo_Dakhanmari_Main_Store-Seoul.html,145,4.4,,The harmony of light broth and tender chicken.,,8085187,https://place.map.kakao.com/8085187,33000,50000,3,false,true,,,,,,
1400141,Onedang Gamjatang Myeongdong 1,+82 2-776-7612,"Seoul 13, Myeongdong 9-gil, Jung-gu",04534,37.56137,126.982925,"Asian, Korean, Soups",,,https://dynamic-media-cdn.tripadvisor.com/media/photo-o/26/98/d7/f5/caption.jpg?w=200&h=200&s=1&cx=4371&cy=2305&chk=v1_61d445397c32bc84ce48,https://www.tripadvisor.com/Restaurant_Review-g294197-d1400141-Reviews-Onedang_Gamjatang_Myeongdong_1-Seoul.html,109,3.9,,,,,,,,,,,,,,,,
1892430,Hamheung myeonok,+82 2-776-8430,"Seoul 26-1 Myeong-dong 2-ga, Jung-gu",,37.56272,126.985466,"Asian, Korean",월 11:00~20:00 / 화 11:00~20:00 / 수 11:00~20:00 / 목 11:00~20:00 / 금 11:00~20:00 / 토 11:00~20:00,,https://dynamic-media-cdn.tripadvisor.com/media/photo-o/26/98/d7/f5/caption.jpg?w=200&h=200&s=1&cx=4371&cy=2305&chk=v1_61d445397c32bc84ce48,https://www.tripadvisor.com/Restaurant_Review-g294197-d1892430-Reviews-Hamheung_myeonok-Seoul.html,131,4.2,Naengmyeon (cold noodles),The perfect combination of light broth and chewy dumplings.,,7871208,https://place.map.kakao.com/7871208,3800,13000,7,false,,,,,,,kakao
1485848,Samcheon-dong Sujebi,+82 2-735-2965,"Seoul 102 Samcheon-dong, Jongro-gu",,37.58458,126.98208,"Asian, Korean, Soups",월 11:00~20:00 / 화 11:00~20:00 / 수 11:00~20:00 / 목 11:00~20:00 / 금 11:00~20:00 / 토 11:00~20:00 / 일 11:00~20:00,,https://dynamic-media-cdn.tripadvisor.com/media/photo-o/26/98/d7/f5/caption.jpg?w=200&h=200&s=1&cx=4371&cy=2305&chk=v1_61d445397c32bc84ce48,https://www.tripadvisor.com/Restaurant_Review-g294197-d1485848-Reviews-Samcheon_dong_Sujebi-Seoul.html,145,3.9,Sujebi (hand-torn noodle soup),"Handcrafted with care, featuring deep broth in handmade sujebi.",,13559837,https://place.map.kakao.com/13559837,10000,15500,6,true,true,true,true,,,,kakao
8677934,Texas de Brazil,+82 2-6282-5000,"Seoul 205, Sapyeong-daero, Seocho-gu",06545,37.503864,127.00629,"Steakhouse, Brazilian, Latin, Barbecue",Sun 11:00~15:00 / Sun 17:30~23:00 / Mon 11:00~15:00 / Mon 17:30~23:00 / Tue 11:00~15:00 / Tue 17:30~23:00 / Wed 11:00~15:00 / Wed 17:30~23:00 / Thu 11:00~15:00 / Thu 17:30~23:00 / Fri 11:00~15:00 / Fri 17:30~23:00 / Sat 11:00~15:00 / Sat 17:30~23:00,"Texas de Brazil is no ordinary steakhouse. It’s a dining experience like no other. Here, traditions of Brazilian cooking blend with Texas hospitality to create a lively atmosphere in an upscale setting. Your meal begins with a visit to our extravagant salad area where you can indulge in a wide array of seasonal roasted vegetables, fresh artisan breads, charcuterie, imported cheeses and other specialties. Then enjoy the rodizio-style dining that has made us famous. An endless parade of gaucho servers visits your table with skewers of freshly grilled beef, lamb, pork, chicken and Brazilian sausage carved directly onto your plate. It’s all served with authentic side dishes of garlic mashed potatoes, Brazilian cheese bread and sweet fried bananas. To complement your meal, select from our award-winning collection of wines or traditional Brazilian bar creations. And don’t forget to treat yourself to one of our decadent à la carte desserts.",https://dynamic-media-cdn.tripadvisor.com/media/photo-o/26/98/d7/f5/caption.jpg?w=200&h=200&s=1&cx=4371&cy=2305&chk=v1_61d445397c32bc84ce48,https://www.tripadvisor.com/Restaurant_Review-g294197-d8677934-Reviews-Texas_de_Brazil-Seoul.html,64,4.3,,An endless feast of Brazilian barbecue.,,26930532,https://place.map.kakao.com/26930532,58000,68000,2,true,,,,,,true,tripadvisor
4078432,Hong Kong Banjeom 0410 Myeongdong,+82 2-778-0410,"Seoul 14, Myeongdong 10-gil, Jung-gu",04536,37.56329,126.985245,"Chinese, Asian, Korean",월 11:30~21:00 / 화 11:30~21:00 / 수 11:30~21:00 / 목 11:30~21:00 / 금 11:30~21:00 / 토 11:30~21:00 / 일 11:30~21:00,,https://dynamic-media-cdn.tripadvisor.com/media/photo-o/26/98/d7/f5/caption.jpg?w=200&h=200&s=1&cx=4371&cy=2305&chk=v1_61d445397c32bc84ce48,https://www.tripadvisor.com/Restaurant_Review-g294197-d4078432-Reviews-Hong_Kong_Banjeom_0410_Myeongdong-Seoul.html,66,4.2,Chinese,A quick and tidy meal of Chinese cuisine.,,10970067,https://place.map.kakao.com/10970067,,,,false,true,,,,,,kakao
7748536,Urban Garden,+82 2-777-2254,"Seoul 12-15, Jeongdong-Gil, Jung-Gu",04516,,,Italian,월 11:00~22:00 / 화 11:00~22:00 / 수 11:00~22:00 / 목 11:00~22:00 / 금 11:00~22:00 / 토 10:30~22:00 / 일 11:00~21:00,"Urban Garden is a garden restaurant that brings nature indoors for city dwellers who long for the peace and abundance of the countryside. Stories that fill everyday life with small moments of ease through leisurely strolls in a natural garden in the city. Anyone who loves nature and culture will want to visit Urban Garden, a place to encounter flowers and trees, gentle music, and soul-nourishing good books all year round.",https://dynamic-media-cdn.tripadvisor.com/media/photo-o/26/98/d7/f5/caption.jpg?w=200&h=200&s=1&cx=4371&cy=2305&chk=v1_61d445397c32bc84ce48,https://www.tripadvisor.com/Restaurant_Review-g294197-d7748536-Reviews-Urban_Garden-Seoul.html,64,4.7,"Steak, ribs",※ Pets are welcome (only in the flower shop and healing garden / reservation required).,,15982071,https://place.map.kakao.com/15982071,16000,25750,20,,,,,,true,true,kakao
8986931,Hanam Pig House,+82 2-557-4901,"Seoul 29, Eonju-ro93-Gil",,37.56221,126.9761,"Barbecue, Asian, Korean",월 16:30~22:30 / 화 16:30~22:30 / 수 16:30~22:30 / 목 16:30~22:30 / 금 16:30~22:30 / 토 16:30~23:30 / 일 16:30~23:30,,https://dynamic-media-cdn.tripadvisor.com/media/photo-o/26/98/d7/f5/caption.jpg?w=200&h=200&s=1&cx=4371&cy=2305&chk=v1_61d445397c32bc84ce48,https://www.tripadvisor.com/Restaurant_Review-g294197-d8986931-Reviews-Hanam_Pig_House-Seoul.html,47,4.3,Samgyeopsal (grilled pork belly),A cozy pork belly restaurant where the staff grills for you.,,26829542,https://place.map.kakao.com/26829542,2000,17000,25,false,true,,,,,,kakao
34273883,yugjeubgwanliso dongdaemunjeom,,Seoul euljilo43gil 7 1cheung2cheung,,37.567333,127.00714,"Asian, Korean",,,https://dynamic-media-cdn.tripadvisor.com/media/photo-o/26/98/d7/f5/caption.jpg?w=200&h=200&s=1&cx=4371&cy=2305&chk=v1_61d445397c32bc84ce48,https://www.tripadvisor.com/Restaurant_Review-g294197-d34273883-Reviews-Yugjeubgwanliso_dongdaemunjeom-Seoul.html,15,5.0,,,,,,,,,,,,,,,,
3616557,Philkyungjae,+82 2-445-2115,"Seoul 205 Gwangpyeong-ro, Gangnam-gu",06352,37.48493,127.095184,"Asian, Korean",월 12:00~22:00 / 화 12:00~22:00 / 수 12:00~22:00 / 목 12:00~22:00 / 금 12:00~22:00 / 토 12:00~22:00 / 일 12:00~22:00,,https://dynamic-media-cdn.tripadvisor.com/media/photo-o/26/98/d7/f5/caption.jpg?w=200&h=200&s=1&cx=4371&cy=2305&chk=v1_61d445397c32bc84ce48,https://www.tripadvisor.com/Restaurant_Review-g294197-d3616557-Reviews-Philkyungjae-Seoul.html,71,4.2,Hanjeongsik (Korean course meal),A refined traditional Korean meal in a peaceful hanok.,,8128865,https://place.map.kakao.com/8128865,66000,160000,5,true,true,true,true,,,,kakao
4050037,Insadong Geu Jib,+82 2-737-0575,"Seoul 3, Insadong 12-gil, Jongno-gu",03146,37.574394,126.98467,"Seafood, Barbecue, Korean, Healthy, Soups",,,https://dynamic-media-cdn.tripadvisor.com/media/photo-o/26/98/d7/f5/caption.jpg?w=200&h=200&s=1&cx=4371&cy=2305&chk=v1_61d445397c32bc84ce48,https://www.tripadvisor.com/Restaurant_Review-g294197-d4050037-Reviews-Insadong_Geu_Jib-Seoul.html,67,4.1,,,,,,,,,,,,,,,,
26379212,Ondaljip Hongik University,+82 2-332-4936,"Seoul 9, Zandari-ro, Mapo-gu 1/f",,37.55058,126.921974,"Asian, Korean, Deli, Grill, Pub, Fusion",Sun 17:00~05:00 / Mon 17:00~05:00 / Tue 17:00~05:00 / Wed 17:00~05:00 / Thu 17:00~05:00 / Fri 16:30~06:00 / Sat 16:30~06:00,,https://dynamic-media-cdn.tripadvisor.com/media/photo-o/26/98/d7/f5/caption.jpg?w=200&h=200&s=1&cx=4371&cy=2305&chk=v1_61d445397c32bc84ce48,https://www.tripadvisor.com/Restaurant_Review-g294197-d26379212-Reviews-Ondaljip_Hongik_University-Seoul.html,49,5.0,,,,,,,,,,,,,,,,tripadvisor
4139307,Kyungbokkung Sadang,+82 2-3486-7733,"Seoul 11, Bangbaecheon-ro, Seocho-gu",06693,37.477654,126.98222,"Barbecue, Asian, Korean, Grill",월 11:30~22:00 / 화 11:30~22:00 / 수 11:30~22:00 / 목 11:30~22:00 / 금 11:30~22:00 / 토 11:30~22:00 / 일 11:30~22:00,,https://dynamic-media-cdn.tripadvisor.com/media/photo-o/26/98/d7/f5/caption.jpg?w=200&h=200&s=1&cx=4371&cy=2305&chk=v1_61d445397c32bc84ce48,https://www.tripadvisor.com/Restaurant_Review-g294197-d4139307-Reviews-Kyungbokkung_Sadang-Seoul.html,53,4.5,Hanjeongsik (Korean course meal),A neat traditional meal served in a cozy private room.,,11496473,https://place.map.kakao.com/11496473,15000,51000,20,true,true,true,,,,,kakao
27789488,1955 Groceria,+82 2-2270-3131,Seoul 287 Dongho-ro Jung-gu,04618,37.560455,127.00225,"Italian, Seafood, European, Asian, Korean, Deli",Sun 10:00~22:00 / Mon 10:00~22:00 / Tue 10:00~22:00 / Wed 10:00~22:00 / Thu 10:00~22:00 / Fri 10:00~22:00 / Sat 10:00~22:00,"1955 GROCERIA is a hybrid dining space that includes both grocery stores and restaurants. You can purchase healthy ingredients or enjoy special dishes freshly prepared by professional chefs in the restaurant section. The market section presents grocery items such as freshly baked bread, charcuterie and cheese, as well as a range of retail products such as high-end wine, coffee, and tea sets.",https://dynamic-media-cdn.tripadvisor.com/media/photo-o/26/98/d7/f5/caption.jpg?w=200&h=200&s=1&cx=4371&cy=2305&chk=v1_61d445397c32bc84ce48,https://www.tripadvisor.com/Restaurant_Review-g294197-d27789488-Reviews-1955_Groceria-Seoul.html,27,5.0,,A Western dining space exuding classic elegance and relaxation.,,1960871004,https://place.map.kakao.com/1960871004,,,,true,,,,,,,tripadvisor
24116806,Haecheonobu,+82 507-1497-7786,"Seoul 11, Supyo-ro 28-gil, Jongno-gu",03133,37.572895,126.98915,"Seafood, Asian, Korean, Grill, Dining bars",월 11:30~22:30 / 화 11:30~22:30 / 수 11:30~22:30 / 목 11:30~22:30 / 금 11:30~21:00 / 토 11:30~22:00 / 일 11:30~22:00,"Haecheonobu is a must-visit, famous seafood restaurant featured on numerous Korean TV shows for its unique culinary storytelling. Located in Seoul's trendy Ikseon-dong, we bring Korean mythology to life with our signature dishes like the 'Dragon King's Special Golden Lobster' and the spectacular 'Dancing Lobster,' weaving enchanting tales of the Undersea Dragon Palace and the mythical Phoenix. Skip the crowded fish markets and enjoy exceptionally fresh Live Lobster and our legendary premium seafood hot pot (Haechentang) in a sophisticated, comfortable atmosphere. If you are seeking a Michelin-level cultural and culinary journey, Haecheonobu is your ultimate destination.",https://dynamic-media-cdn.tripadvisor.com/media/photo-o/33/4e/60/23/looking-for-the-best.jpg?w=900&h=500&s=1,https://www.tripadvisor.com/Restaurant_Review-g294197-d24116806-Reviews-Haecheonobu-Seoul.html,6,5.0,Japanese,Enjoy a fresh lobster course in a private room.,,1913957413,https://place.map.kakao.com/1913957413,52000,128000,10,true,true,true,,,,,kakao
3694381,Cornerstone - Park Hyatt Seoul,+82 2-2016-1235,"Seoul 606, Teheran-ro 2F, Park Hyatt Seoul, Gangnam-gu",06174,37.50858,127.06416,Italian,월 06:30~22:00 / 화 06:30~22:00 / 수 06:30~22:00 / 목 06:30~22:00 / 금 06:30~22:00 / 토 06:30~22:00 / 일 06:30~22:00,"[Notice] Park Hyatt Seoul always places the safety and well-being of guests and staff as the top priority. In consideration of the COVID-19 situation, our hotel, including Cornerstone, is temporarily closed. We are not accepting reservations until further notice; for inquiries, please contact the hotel directly or reach the Hyatt Global Contact Center nearest to your area of residence. For further questions about this situation, please contact the Korea Disease Control and Prevention Agency (KCDC) directly.",https://dynamic-media-cdn.tripadvisor.com/media/photo-o/32/b7/bc/37/caption.jpg?w=200&h=200&s=1&cx=960&cy=540&chk=v1_7c743a9138092056c508,https://www.tripadvisor.com/Restaurant_Review-g294197-d3694381-Reviews-Cornerstone_Park_Hyatt_Seoul-Seoul.html,90,4.3,Italian,A harmonious blend of East and West beyond the large glass windows.,일 21:00 / 월 21:00 / 화 21:00 / 수 21:00 / 목 21:00 / 금 21:00 / 토 21:00,8565305,https://place.map.kakao.com/8565305,58000,109000,6,true,true,true,,,,,kakao
5927602,Butcher's Cut,+82 2-798-8782,"Seoul 738-23 Hannam-dong, Yongsan-gu",,37.536022,127.00007,Steakhouse,Sun 11:30~22:00 / Tue 10:00~22:00 / Wed 10:00~22:00 / Thu 10:00~22:00 / Fri 10:00~23:00 / Sat 10:00~23:00,,https://dynamic-media-cdn.tripadvisor.com/media/photo-o/26/98/d7/f5/caption.jpg?w=200&h=200&s=1&cx=4371&cy=2305&chk=v1_61d445397c32bc84ce48,https://www.tripadvisor.com/Restaurant_Review-g294197-d5927602-Reviews-Butcher_s_Cut-Seoul.html,73,4.0,,,,,,,,,,,,,,,,tripadvisor
1522880,Myongwolgwan,+82 2-450-4595,"Seoul 177, Walkerhill-ro, Gwangjin-gu Grand Walker Hill Seoul",04963,37.552933,127.11045,"Barbecue, Asian, Korean",,,https://dynamic-media-cdn.tripadvisor.com/media/photo-o/08/2b/39/1c/traveller-s-choice-award.jpg?w=200&h=200&s=1,https://www.tripadvisor.com/Restaurant_Review-g294197-d1522880-Reviews-Myongwolgwan-Seoul.html,64,4.3,,,,759733511,https://place.map.kakao.com/759733511,,,,,,,,,,,
1144379,Top Cloud Grill & Cafe,+82 2-2230-3000,"Seoul Jongno Tower 33F, 6, Jongno 2-ga, Jongno-gu",,37.570526,126.983536,European,Sun 12:00~14:00 / Sun 18:00~22:00 / Mon 12:00~14:00 / Mon 18:00~22:00 / Tue 12:00~14:00 / Tue 18:00~22:00 / Wed 12:00~14:00 / Wed 18:00~22:00 / Thu 12:00~14:00 / Thu 18:00~22:00 / Fri 12:00~14:00 / Fri 18:00~22:00 / Sat 12:00~14:00 / Sat 18:00~22:00,,https://dynamic-media-cdn.tripadvisor.com/media/photo-o/31/31/4e/4e/caption.jpg?w=200&h=200&s=1,https://www.tripadvisor.com/Restaurant_Review-g294197-d1144379-Reviews-Top_Cloud_Grill_Cafe-Seoul.html,126,4.1,,,,,,,,,,,,,,,,tripadvisor
27789471,Haobin,+82 2-2270-3141,"Seoul 287 Dongho-ro, Jung-gu 2F Ambassador Seoul - Pullman Hotel",04618,37.56018,127.002396,Chinese,월 11:30~22:00 / 화 11:30~22:00 / 수 11:30~22:00 / 목 11:30~22:00 / 금 11:30~22:00 / 토 11:30~22:00 / 일 11:30~22:00,"ㆍ Traditional Cantonese restaurant HAOBIN presents high-quality Chinese dishes, carefully prepared by Master Chef Hou Deokjuk, based on his belief that Eating a healthy, balanced diet is an important part of maintaining good health. HAOBIN offers a variety of energy-boosting dishes and full-course menus at reasonable price.",https://dynamic-media-cdn.tripadvisor.com/media/photo-o/26/98/d7/f5/caption.jpg?w=200&h=200&s=1&cx=4371&cy=2305&chk=v1_61d445397c32bc84ce48,https://www.tripadvisor.com/Restaurant_Review-g294197-d27789471-Reviews-Haobin-Seoul.html,25,5.0,Chinese,Authentic Cantonese cuisine with a serene view of Namsan.,일 14:00 / 일 21:00 / 월 14:00 / 월 21:00 / 화 14:00 / 화 21:00 / 수 14:00 / 수 21:00 / 목 14:00 / 목 21:00 / 금 14:00 / 금 21:00 / 토 14:00 / 토 21:00,174778252,https://place.map.kakao.com/174778252,31000,120000,23,true,true,true,,,,,kakao
12820451,El Pino323,+82 2-797-3233,"Seoul 652, Gangnam-daero, Gangnam-gu 2F",06027,37.51953,127.019264,"Mexican, Latin",Sun 11:30~21:00 / Tue 11:30~15:00 / Tue 17:00~21:00 / Wed 11:30~15:00 / Wed 17:00~21:00 / Thu 11:30~15:00 / Thu 17:00~21:00 / Fri 11:30~15:00 / Fri 17:00~21:30 / Sat 11:30~21:30,"Christian D Morales is a Korean adoptee and grew up in East Los. His Mexican grandmother “abuela” is the one from whom chef D first learned to cook traditional genuine Mexican cuisine. His restaurant El Pino 323 is named after the famous tree “El Pino” located in East Los around Boyle Heights where Chef D was raised. 323 is the area code of the same area. This is where the story of El Pino323 began-the root of his passion and love for cooking Mexican food. Also El Pino 323 offer first in Korea flour and corn tortillas both homemade and introduced famous TV show in 2017. Move to in Gangnam from Iteawon from 2022. 2hours free parking offer in building. Walking in welcome and also reservation is available app name “catch table” Delivery, take out available “coupang eats”",https://dynamic-media-cdn.tripadvisor.com/media/photo-o/26/98/d7/f5/caption.jpg?w=200&h=200&s=1&cx=4371&cy=2305&chk=v1_61d445397c32bc84ce48,https://www.tripadvisor.com/Restaurant_Review-g294197-d12820451-Reviews-El_Pino323-Seoul.html,85,4.4,,,,,,,,,,,,,,,,tripadvisor
15618168,Hyehwa Dodam,+82 2-744-9850,"Seoul 16-6, Daemyeong 1-gil, Jongno-gu 1F",03078,37.58284,127.00047,"Asian, Korean",월 11:00~22:00 / 화 11:00~22:00 / 수 11:00~22:00 / 목 11:00~22:00 / 금 11:00~22:00 / 토 11:00~22:00 / 일 11:00~22:00,"Taekdaerine Hyehwadodam is a Hyehwa-dong favorite in Daehangno specializing in kimchi-jjim, galbi-jjim, stir-fried octopus, green-onion pancake, and makgeolli. Not overly spicy and using traditional methods, its signature popular menu items are tender pork galbi-jjim gently cooked in a pressure cooker, kimchi-jjim made by slow-cooking well-aged kimchi with domestic pork foreleg, and crispy pan-fried green-onion pancake cut into bite-size pieces. During lunch hours only, rice and side dishes are self-serve without limit. It is famous among theater people, university students, and nearby office workers in Daehangno as a great-value spot. Big eaters are always welcome. Made up of a menu everyone can enjoy, it is great to visit with family or friends, and is a warm place created by young staff under 30 and seniors over 60 working together.",https://dynamic-media-cdn.tripadvisor.com/media/photo-o/17/1a/f9/a8/caption.jpg?w=900&h=500&s=1,https://www.tripadvisor.com/Restaurant_Review-g294197-d15618168-Reviews-Hyehwa_Dodam-Seoul.html,18,5.0,Korean,"A handmade makgeolli specialty store located in Daehakro, featuring braised short ribs, kimchi stew, and green onion pancakes.",,497931179,https://place.map.kakao.com/497931179,2000,32000,19,,,,,,,,kakao
12276427,"Teppan, Grand Hyatt Seoul",+82 2-799-8272,"Seoul 322 Sowol-ro, Yongsan-gu Ll, Grand Hyatt Seoul",04347,37.539524,126.99784,"Seafood, International, European",Sun 11:30~13:00 / Sun 13:30~15:00 / Sun 18:00~22:00 / Mon 12:00~15:00 / Mon 18:00~22:00 / Tue 12:00~15:00 / Tue 18:00~22:00 / Wed 12:00~15:00 / Wed 18:00~22:00 / Thu 12:00~15:00 / Thu 18:00~22:00 / Fri 12:00~15:00 / Fri 18:00~22:00 / Sat 11:30~13:00 / Sat 13:30~15:00 / Sat 18:00~22:00,"The perfect blend of Korean ingredients and modern expressions. Teppan expresses inspiration from Korea’s seasonal ingredients with modern imagination. Start your culinary journey through our tasting menu, showcasing the regional terroir and seasonality. Experience the sophisticated delicacy of Chef Bae Seung Hyun, who uniquely and innovatively reinterpreted the blend of tradition and modernity.",https://dynamic-media-cdn.tripadvisor.com/media/photo-o/0a/06/e8/a3/texas-tourism-photo.jpg?w=200&h=200&s=1,https://www.tripadvisor.com/Restaurant_Review-g294197-d12276427-Reviews-Teppan_Grand_Hyatt_Seoul-Seoul.html,48,4.9,,Teppanyaki artistry blossoming from the chef's fingertips.,,1381461764,https://place.map.kakao.com/1381461764,150000,180000,3,true,,true,,,,,tripadvisor
13347473,Sambong Dodam - Kalguksu,+82 50-71379-0443,Seoul 45-5 Ujeongguk-ro 1F,,37.57299,126.9825,"Korean, Fusion",월 11:00~22:00 / 화 11:00~22:00 / 수 11:00~22:00 / 목 11:00~22:00 / 금 11:00~22:00 / 토 11:00~22:00 / 일 11:00~22:00,"Bukchon Dodam will be renamed Sambong Dodam, welcoming guests with a new name and location. We will be relaunching in a two-story building, maintaining the same hospitality and food as before. We apologize for any inconvenience.",https://dynamic-media-cdn.tripadvisor.com/media/photo-o/2b/05/94/d5/caption.jpg?w=200&h=200&s=1&cx=275&cy=412&chk=v1_27d9f7292c05aafa8a5f,https://www.tripadvisor.com/Restaurant_Review-g294197-d13347473-Reviews-Sambong_Dodam_Kalguksu-Seoul.html,37,4.7,Korean,The delightful combination of rich broth and tender bossam.,,1551755310,https://place.map.kakao.com/1551755310,5000,11000,20,,,,,,,,kakao
16656314,Jongro Dodam,+82 2-733-9850,"Seoul 78, Sambong-ro, Jongno-gu",03158,37.57207,126.9814,"Asian, Korean",월 11:00~22:00 / 화 11:00~22:00 / 수 11:00~22:00 / 목 11:00~22:00 / 금 11:00~22:00 / 토 11:00~22:00 / 일 11:00~22:00,"It is a Korean restaurant specializing in Kaesong Bossam, Kimchi Steam, and Makkoli. It is located near Gyeongbokgung and Cheonggyecheon. It is close to Jonggak Station 2 exit. There are many tourist hotels nearby.",https://dynamic-media-cdn.tripadvisor.com/media/photo-o/28/25/08/6e/set-menu.jpg?w=700&h=400&s=1,https://www.tripadvisor.com/Restaurant_Review-g294197-d16656314-Reviews-Jongro_Dodam-Seoul.html,24,4.9,Korean,"Currently collaborating with Insadong Garlic Bossam, Namsan Dodam, Hyehwa Dodam, and Sungnyeo Dodam, this is Jongno Dodam.",,439177229,https://place.map.kakao.com/439177229,8000,28500,22,,,,,,,true,kakao
8973566,Ilpyeon Deungsim,+82 2-6212-1092,"Seoul 52, Hongik-ro6-Gil",04050,,,"Barbecue, Asian, Korean, Grill",월 12:00~24:00 / 화 12:00~24:00 / 수 12:00~24:00 / 목 12:00~24:00 / 금 00:00~24:00 / 토 12:00~24:00 / 일 12:00~24:00,"This is Ilpyeon Deungsim, a specialty restaurant for premium Hanwoo. Over the past decade, we've been loved by customers in Hongdae, a fierce battleground of great restaurants. Our expertise lies in grilling the most delicious Hanwoo with the finest grilling techniques. We also provide top-tier customer care. Thank you.",https://dynamic-media-cdn.tripadvisor.com/media/photo-o/29/f2/82/a3/caption.jpg?w=900&h=500&s=1,https://www.tripadvisor.com/Restaurant_Review-g294197-d8973566-Reviews-Ilpyeon_Deungsim-Seoul.html,9,4.8,"Meat, Korean BBQ","Ilpyeondengsim, a must-visit for top-grade Korean beef in Hongdae.",일 23:00 / 월 23:00 / 화 23:00 / 수 23:00 / 목 23:00 / 금 23:00 / 토 23:00,24643017,https://place.map.kakao.com/24643017,8000,38800,15,true,,,,,,,kakao
13875612,Gangnam Myeonok Myeongdong,+82 2-3789-7117,"Seoul 8, Myeongdong 7-gil, Jung-gu 5F Milae Building",04534,37.564133,126.98454,"Barbecue, Korean",월 11:00~21:10 / 화 11:00~21:10 / 수 11:00~21:10 / 목 11:00~21:10 / 금 11:00~21:10 / 토 11:00~21:10 / 일 11:00~21:10,,https://dynamic-media-cdn.tripadvisor.com/media/photo-o/2e/b2/af/76/caption.jpg?w=200&h=200&s=1&cx=1920&cy=1080&chk=v1_7c2dd69a240dadf29493,https://www.tripadvisor.com/Restaurant_Review-g294197-d13875612-Reviews-Gangnam_Myeonok_Myeongdong-Seoul.html,15,4.5,Naengmyeon (cold noodles),The harmony of light broth and chewy noodles.,,25733230,https://place.map.kakao.com/25733230,6000,19000,15,true,true,true,true,,,,kakao
9222294,Tous Les Jours,+82 2-319-7863,"Seoul 129, Toegye-Ro",,,,Cafe,월 07:00~22:00 / 화 07:00~22:00 / 수 07:00~22:00 / 목 07:00~22:00 / 금 07:00~22:00 / 토 07:00~22:00 / 일 07:00~22:00,,https://dynamic-media-cdn.tripadvisor.com/media/photo-o/16/19/3f/f5/dsc-0170-largejpg.jpg?w=700&h=400&s=1,https://www.tripadvisor.com/Restaurant_Review-g294197-d9222294-Reviews-Tous_Les_Jours-Seoul.html,33,4.0,Bakery,Fresh sandwiches and a variety of breads for a leisurely meal.,,16983183,https://place.map.kakao.com/16983183,,,,,true,,,,,,kakao
12719317,The Market Kitchen,+82 2-6388-5500,"Seoul 97, Saemunan-ro, Jongno-gu Four Seasons Hotel",03183,37.570652,126.9757,Asian,Sun 06:30~10:30 / Sun 11:30~15:00 / Sun 17:00~21:30 / Mon 06:30~10:30 / Mon 11:30~14:30 / Mon 17:30~21:30 / Tue 06:30~10:30 / Tue 11:30~14:30 / Tue 17:30~21:30 / Wed 06:30~10:30 / Wed 11:30~14:30 / Wed 17:30~21:30 / Thu 06:30~10:30 / Thu 11:30~14:30 / Thu 17:30~21:30 / Fri 06:30~10:30 / Fri 11:30~14:30 / Fri 17:30~21:30 / Sat 06:30~10:30 / Sat 11:30~15:00 / Sat 17:00~21:30,"The Market Kitchen at Four Seasons Hotel Seoul offers an international buffet inspired by the energy of a European market hall. Dishes are prepared à la minute at live cooking stations, with seasonal seafood, sushi, grilled selections and handcrafted desserts. Korean, Japanese, Asian and Western favourites are served across buffet breakfast, buffet lunch, buffet dinner and weekend brunch. Signature highlights include cooked-to-order seafood, themed dinner nights, weekend free-flow wine and the popular 24K gold chocolate fountain. 포시즌스 호텔 서울의 더 마켓 키친은 유러피안 마켓 홀에서 영감을 받은 인터내셔널 뷔페 레스토랑입니다. 라이브 쿠킹 스테이션에서 해산물, 스시, 그릴 요리와 디저트를 선보이며, 조식·런치·디너 뷔페와 주말 브런치를 즐길 수 있습니다. 테마 디너와 24K 골드 초콜릿 분수도 함께 경험할 수 있습니다.",https://dynamic-media-cdn.tripadvisor.com/media/photo-o/26/98/d7/f5/caption.jpg?w=200&h=200&s=1&cx=4371&cy=2305&chk=v1_61d445397c32bc84ce48,https://www.tripadvisor.com/Restaurant_Review-g294197-d12719317-Reviews-The_Market_Kitchen-Seoul.html,48,4.2,,An upscale buffet experience inspired by European markets.,,27344869,https://place.map.kakao.com/27344869,77000,175000,4,true,,,,,,,tripadvisor
12631150,Jalppajin Ikseon,+82 70-4531-1214,"Seoul 73, Yulgok-ro 8-gil, Jongno-gu",03134,37.574005,126.99145,"Asian, Korean",월 11:00~21:30 / 화 11:00~21:30 / 수 11:00~21:30 / 목 11:00~21:30 / 금 11:00~21:00 / 토 11:00~21:30 / 일 11:00~21:00,We are serving korean traditional food . Espesially focus on buckwheat dishes noddles pancake craker and ten type of makgilli.,https://dynamic-media-cdn.tripadvisor.com/media/photo-o/26/98/d7/f5/caption.jpg?w=200&h=200&s=1&cx=4371&cy=2305&chk=v1_61d445397c32bc84ce48,https://www.tripadvisor.com/Restaurant_Review-g294197-d12631150-Reviews-Jalppajin_Ikseon-Seoul.html,31,4.9,Noodles,The deep flavor of buckwheat within a Hanok setting.,,378458912,https://place.map.kakao.com/378458912,6000,12000,12,,,,,,,,kakao
26872913,Yeontabal Seoul Korean Bbq,+82 2-720-9263,"Seoul 24 Namdaemun-ro 9-gil, Jung-gu Fast Five City Hall",04522,37.567085,126.98114,"Chinese, Japanese, Barbecue, Asian, Korean, Diner",Sun 11:30~22:00 / Mon 11:30~22:00 / Tue 11:30~22:00 / Wed 11:30~22:00 / Thu 11:30~22:00 / Fri 11:30~22:00 / Sat 11:30~22:00,"The most famous menu is grilled Korean beef rib eye steak. Located in Seoul, South Korea, it is Seoul's most representative Korean beef restaurant. In a clean private room facility, you can enjoy wine and beer with beef that is grilled by table staff themselves. Feel free to contact me anytime.",https://dynamic-media-cdn.tripadvisor.com/media/photo-o/23/ca/38/e4/caption.jpg?w=200&h=200&s=1&cx=1512&cy=2016&chk=v1_8926883045cc585c228e,https://www.tripadvisor.com/Restaurant_Review-g294197-d26872913-Reviews-Yeontabal_Seoul_Korean_Bbq-Seoul.html,30,5.0,,A private meat haven filled with the enticing scent of charcoal.,,1717521714,https://place.map.kakao.com/1717521714,,,,true,true,true,,,,,tripadvisor
4050241,Persian Palace,+82 2-763-6050,"Seoul 9, Sungkyunkwan-ro 6-gil, Jongno-gu",03074,37.58487,126.997536,"Middle Eastern, Persian",,,https://dynamic-media-cdn.tripadvisor.com/media/photo-o/26/98/d7/f5/caption.jpg?w=200&h=200&s=1&cx=4371&cy=2305&chk=v1_61d445397c32bc84ce48,https://www.tripadvisor.com/Restaurant_Review-g294197-d4050241-Reviews-Persian_Palace-Seoul.html,23,4.5,,,,,,,,,,,,,,,,
23793660,Woody Plate,+82 2-3408-5050,"Seoul 689, Samyang-ro, Gangbuk-gu 2F, Block 114, Paraspara",,37.637028,127.01704,"Chinese, Barbecue, Sushi, Asian, Korean, Fusion",월 07:00~21:00 / 화 07:00~21:00 / 수 07:00~21:00 / 목 07:00~21:00 / 금 07:00~21:00 / 토 07:00~21:00 / 일 07:00~21:00,,https://dynamic-media-cdn.tripadvisor.com/media/photo-o/26/98/d7/f5/caption.jpg?w=200&h=200&s=1&cx=4371&cy=2305&chk=v1_61d445397c32bc84ce48,https://www.tripadvisor.com/Restaurant_Review-g294197-d23793660-Reviews-Woody_Plate-Seoul.html,29,4.7,Buffet,A serene buffet space harmoniously set among trees and nature.,,568244334,https://place.map.kakao.com/568244334,41000,78000,10,true,true,true,,,,,kakao
13923426,Bombay Grill Itaewon,+82 2-792-7155,"Seoul 11, Usadan-ro 10-gil, Yongsan-gu",04405,37.53316,126.99622,"Indian, Asian, Pakistani",Sun 11:00~22:00 / Mon 11:00~22:00 / Tue 11:00~22:00 / Wed 11:00~22:00 / Thu 11:00~22:00 / Fri 11:00~22:00 / Sat 11:00~22:00,This is Authentic and Halal Indian restaurant for Tourists. We are welcome Vegetarian guests also,https://dynamic-media-cdn.tripadvisor.com/media/photo-o/26/98/d7/f5/caption.jpg?w=200&h=200&s=1&cx=4371&cy=2305&chk=v1_61d445397c32bc84ce48,https://www.tripadvisor.com/Restaurant_Review-g294197-d13923426-Reviews-Bombay_Grill_Itaewon-Seoul.html,66,4.6,,,,24068218,https://place.map.kakao.com/24068218,,,,,,,,,,,tripadvisor
27799389,Vegan Kitchen,+82 2-777-8819,"Seoul 21 Toegye-ro 20-gil, Jung-gu",04629,37.5586,126.986725,"Asian, Korean",월 10:00~22:00 / 화 10:00~22:00 / 수 10:00~22:00 / 목 10:00~22:00 / 금 10:00~22:00 / 토 10:00~22:00 / 일 10:00~22:00,,https://dynamic-media-cdn.tripadvisor.com/media/photo-o/26/98/d7/f5/caption.jpg?w=200&h=200&s=1&cx=4371&cy=2305&chk=v1_61d445397c32bc84ce48,https://www.tripadvisor.com/Restaurant_Review-g294197-d27799389-Reviews-Vegan_Kitchen-Seoul.html,18,4.8,Salad,A cozy spot for a warm taste of diverse vegan Korean cuisine.,,142472038,https://place.map.kakao.com/142472038,7000,10000,18,,true,,true,,,,kakao
8489196,Laundry Project,+82 2-6405-8488,"Seoul 1F, 127 Duteopbawi-ro Yongsan-gu Laundryproject",04336,37.535812,127.08878,"Brew Pub, Cafe",월 09:00~21:00 / 화 09:00~21:00 / 수 09:00~21:00 / 목 09:00~21:00 / 금 09:00~21:00 / 토 09:00~21:00 / 일 09:00~21:00,"Eat, Play, Laundry in Seoul While doing a laundry, You can enjoy your time with Seoul's best coffee and cakes. Fresh grapefruits_ade and Lemon_ade are also good tasty. Feel with Korean young artist's works, here!",https://dynamic-media-cdn.tripadvisor.com/media/photo-o/26/98/d7/f5/caption.jpg?w=200&h=200&s=1&cx=4371&cy=2305&chk=v1_61d445397c32bc84ce48,https://www.tripadvisor.com/Restaurant_Review-g294197-d8489196-Reviews-Laundry_Project-Seoul.html,40,4.7,Theme cafe,A cozy laundry café filled with the aroma of coffee.,,1669345099,https://place.map.kakao.com/1669345099,6000,6800,8,,,,,,true,true,kakao
14078142,Myeongdong-Seoseo Galbi,+82 2-318-6400,"Seoul 20-8 Myeongdong 7ga-gil, Jung-gu",04537,37.564766,126.98326,"Asian, Korean",Sun 11:00~01:00 / Mon 11:00~01:00 / Tue 11:00~01:00 / Wed 11:00~01:00 / Thu 11:00~01:00 / Fri 11:00~01:00 / Sat 11:00~01:00,,https://dynamic-media-cdn.tripadvisor.com/media/photo-o/2a/4e/05/40/c.jpg?w=900&h=500&s=1,https://www.tripadvisor.com/Restaurant_Review-g294197-d14078142-Reviews-Myeongdong_Seoseo_Galbi-Seoul.html,9,4.6,,Savor the essence of grilled marinated ribs enjoyed while standing.,,536955002,https://place.map.kakao.com/536955002,18000,18000,1,true,true,,,,true,,tripadvisor
1485843,Jeontong Dawon,+82 2-730-6305,"Seoul 11-4, Insadong 10-gil, Jongno-gu Kyung-In Museum of Fine Art",,37.57452,126.98559,Cafe,,,https://dynamic-media-cdn.tripadvisor.com/media/photo-o/26/98/d7/f5/caption.jpg?w=200&h=200&s=1&cx=4371&cy=2305&chk=v1_61d445397c32bc84ce48,https://www.tripadvisor.com/Restaurant_Review-g294197-d1485843-Reviews-Jeontong_Dawon-Seoul.html,94,4.2,,,,,,,,,,,,,,,,
6352912,Soigne Restaurant,+82 2-3477-9386,Seoul 652 Gangnamdaero Gangnamgu 2F Sinsa Square,06027,37.51934,127.01905,"French, Asian, Korean, Contemporary",Sun 12:00~15:00 / Sun 18:00~22:00 / Tue 12:00~15:00 / Tue 18:00~22:00 / Wed 12:00~15:00 / Wed 18:00~22:00 / Thu 12:00~15:00 / Thu 18:00~22:00 / Fri 12:00~15:00 / Fri 18:00~22:00 / Sat 12:00~15:00 / Sat 18:00~22:00,"Soigne, meaning 'well-crafted' and 'highly refined,' is a fine-dining restaurant where you can enjoy Chef Lee Jun's modern Seoul cuisine. Opened in 2013, it has maintained its Michelin star from 2016 to the present, and features a spacious open kitchen.",https://dynamic-media-cdn.tripadvisor.com/media/photo-o/26/98/d7/f5/caption.jpg?w=200&h=200&s=1&cx=4371&cy=2305&chk=v1_61d445397c32bc84ce48,https://www.tripadvisor.com/Restaurant_Review-g294197-d6352912-Reviews-Soigne_Restaurant-Seoul.html,82,4.4,,Embark on a modern Korean course that tells a delicate story.,,1469290862,https://place.map.kakao.com/1469290862,25000,240000,3,true,,,,,,,tripadvisor
12272097,Myth Jokbal,+82 2-6361-8799,"Seoul 78, Namdaemun-ro, Jung-gu",04534,37.56441,126.98337,"Asian, Korean",Sun 11:00~03:00 / Mon 11:00~03:00 / Tue 11:00~03:00 / Wed 11:00~03:00 / Thu 11:00~03:00 / Fri 11:00~03:00 / Sat 11:00~03:00,"Korean Food Restaurant in Myeongdong, Seoul, Korea. We preovide fresh, delicious boiled JOKBAL everyday. (Our Best Menu) Original Jokbal / Real Garlic Jobkal / Perilla leag Hot Jokbal",https://dynamic-media-cdn.tripadvisor.com/media/photo-o/26/98/d7/f5/caption.jpg?w=200&h=200&s=1&cx=4371&cy=2305&chk=v1_61d445397c32bc84ce48,https://www.tripadvisor.com/Restaurant_Review-g294197-d12272097-Reviews-Myth_Jokbal-Seoul.html,53,4.2,,,,,,,,,,,,,,,,tripadvisor
1073239,Sushi Hyo,+82 2-545-0023,"Seoul 21-16 Chundam-dong, Gangnam-gu",,37.522057,127.0417,"Japanese, Sushi, Asian",,,https://dynamic-media-cdn.tripadvisor.com/media/photo-o/26/98/d7/f5/caption.jpg?w=200&h=200&s=1&cx=4371&cy=2305&chk=v1_61d445397c32bc84ce48,https://www.tripadvisor.com/Restaurant_Review-g294197-d1073239-Reviews-Sushi_Hyo-Seoul.html,47,4.3,,,,,,,,,,,,,,,,
33409890,스시도쿠 엔 고덕이케아점,,Seoul Godeok-dong Gangdong-gu,05203,37.56688,127.157234,"Japanese, Sushi",Sun 23:00~21:00 / Mon 23:00~21:00 / Tue 23:00~21:00 / Wed 23:00~21:00 / Thu 23:00~21:00 / Fri 23:00~21:00 / Sat 23:00~21:00,,https://dynamic-media-cdn.tripadvisor.com/media/photo-o/26/98/d7/f5/caption.jpg?w=200&h=200&s=1&cx=4371&cy=2305&chk=v1_61d445397c32bc84ce48,https://www.tripadvisor.com/Restaurant_Review-g294197-d33409890-Reviews-Seoul.html,13,5.0,,,,,,,,,,,,,,,,tripadvisor
27118065,VEGAN insa,+82 2-747-2270,"Seoul 12-4 Samil-daero 32ga-gil, Jongno-gu",,37.574783,126.98859,"American, Asian, Korean, Fusion, Healthy",월 11:30~20:00 / 화 11:30~20:00 / 수 11:30~20:00 / 목 11:30~20:00 / 금 11:30~20:00 / 토 11:30~20:00 / 일 11:30~20:00,"We, Vegan Insa, are a purely plant-based vegan restaurant that does not use any animal-derived ingredients such as meat, fish, eggs, dairy products, or honey. We are especially trying to make traditional Korean food vegan.",https://dynamic-media-cdn.tripadvisor.com/media/photo-o/26/98/d7/f5/caption.jpg?w=200&h=200&s=1&cx=4371&cy=2305&chk=v1_61d445397c32bc84ce48,https://www.tripadvisor.com/Restaurant_Review-g294197-d27118065-Reviews-VEGAN_insa-Seoul.html,15,4.5,Korean,"Food made entirely without animal-derived ingredients such as meat, fish, eggs, dairy, and honey^♡^.",,750988796,https://place.map.kakao.com/750988796,2000,12000,20,true,,,,,true,,kakao
9318260,Paris Baguette,,"Seoul 133-1, Euljiro",,37.56654,126.99287,Cafe,,,https://dynamic-media-cdn.tripadvisor.com/media/photo-o/26/98/d7/f5/caption.jpg?w=200&h=200&s=1&cx=4371&cy=2305&chk=v1_61d445397c32bc84ce48,https://www.tripadvisor.com/Restaurant_Review-g294197-d9318260-Reviews-Paris_Baguette-Seoul.html,53,4.2,,,,,,,,,,,,,,,,
8638981,Kervan Turkish Restaurant COEX Mall,+82 2-556-4767,"Seoul 513, Yeongdong-daero, Gangnam-gu Coex Mall B1",06164,37.511368,127.059265,"Mediterranean, Turkish, Middle Eastern",월 11:00~22:00 / 화 11:00~22:00 / 수 11:00~22:00 / 목 11:00~22:00 / 금 11:00~22:00 / 토 11:00~22:00 / 일 11:00~22:00,Traditional Turkish Restaurant & Halal Food in Korea Kervan Turkish Restaurant,https://dynamic-media-cdn.tripadvisor.com/media/photo-o/26/98/d7/f5/caption.jpg?w=200&h=200&s=1&cx=4371&cy=2305&chk=v1_61d445397c32bc84ce48,https://www.tripadvisor.com/Restaurant_Review-g294197-d8638981-Reviews-Kervan_Turkish_Restaurant_COEX_Mall-Seoul.html,77,3.8,Turkish,Keravan Restaurant is a Mediterranean Turkish restaurant.,,26783038,https://place.map.kakao.com/26783038,6900,19900,13,,true,,true,,,,kakao
6208070,Myeongdong Pizza,+82 2-777-8979,"Seoul 22-2, Chungmuro 1-ga, Jung-gu 4F",04537,37.56216,126.985695,"Italian, Pizza, European",월 11:00~21:00 / 화 11:00~21:00 / 수 11:00~21:00 / 목 11:00~21:00 / 금 11:00~21:00 / 토 11:00~21:00 / 일 11:00~21:00,,https://dynamic-media-cdn.tripadvisor.com/media/photo-o/26/98/d7/f5/caption.jpg?w=200&h=200&s=1&cx=4371&cy=2305&chk=v1_61d445397c32bc84ce48,https://www.tripadvisor.com/Restaurant_Review-g294197-d6208070-Reviews-Myeongdong_Pizza-Seoul.html,40,4.2,Pizza,Sensational wood-fired pizza with flowing cheese.,,19409195,https://place.map.kakao.com/19409195,14900,19500,30,,,,,,,,kakao
9318965,Park Cafe,+82 2-2090-8000,"Seoul 8, Yeoui-daero, Yeongdeungpo-gu Marriott Executive Apt. Yeouido Park Center",07320,37.52104,126.91847,"American, Bar, Cafe, International, Pub, Healthy",월 07:00~22:00 / 화 07:00~22:00 / 수 07:00~22:00 / 목 07:00~22:00 / 금 07:30~21:30 / 토 07:00~22:00 / 일 07:00~22:00,"Savor innovative contemporary fine dining dishes, expertly crafted by our chefs using superbly fresh, sustainable ingredients. Dine in one of six private dining rooms and unwind at the bar, both offering panoramic views of Yeouido Park’s lush greenery.",https://dynamic-media-cdn.tripadvisor.com/media/photo-o/15/33/f5/cb/south-lake-tahoe.jpg?w=200&h=200&s=1,https://www.tripadvisor.com/Restaurant_Review-g294197-d9318965-Reviews-Park_Cafe-Seoul.html,82,4.6,Western,,,13050028,https://place.map.kakao.com/13050028,25000,35000,23,true,,,,,,true,kakao
26374455,Secondaire Live,+82 70-4419-3015,"Seoul 34, Seoulsup 2-gil 2nd Floor",,37.546524,127.04235,"Cafe, International, Fusion",Sun 09:00~20:00 / Mon 09:00~18:00 / Tue 09:00~18:00 / Wed 09:00~18:00 / Thu 09:00~18:00 / Fri 09:00~20:00 / Sat 09:00~20:00,Brunch cafe located in Seoul Forest,https://dynamic-media-cdn.tripadvisor.com/media/photo-o/29/33/8f/30/caption.jpg?w=200&h=-1&s=1&cx=275&cy=275&chk=v1_e10094f106cd7e7a252c,https://www.tripadvisor.com/Restaurant_Review-g294197-d26374455-Reviews-Secondaire_Live-Seoul.html,20,5.0,,,,,,,,,,,,,,,,tripadvisor
4078634,Mijin,+82 2-730-6198,"Seoul 24, Jongno1-ga, Jongno-gu Le Meilleur Bldg. 1",,37.570183,126.9798,"Asian, Korean",,,https://dynamic-media-cdn.tripadvisor.com/media/photo-o/26/98/d7/f5/caption.jpg?w=200&h=200&s=1&cx=4371&cy=2305&chk=v1_61d445397c32bc84ce48,https://www.tripadvisor.com/Restaurant_Review-g294197-d4078634-Reviews-Mijin-Seoul.html,38,4.2,,,,,,,,,,,,,,,,
13484717,Daedujokbal,+82 2-888-3088,"Seoul 97-6, Digital-ro 32-gil",,37.483196,126.900795,"Asian, Korean, Fusion",월 17:00~24:00 / 화 17:00~24:00 / 수 17:00~24:00 / 목 17:00~24:00 / 금 17:00~24:00 / 토 16:00~24:00 / 일 16:00~24:00,"We promise. > We clean and replace the frying oil daily > We only use Grade A domestic raw pig's feet boiled every day > No artificial ingredients! Boiled with 12 kinds of herbal medicine and fruits to make the skin chewy and flavorful > Located at the entrance of Goody Kkalkkalgeori, operates an open hall and kitchen ※ Broadcast on 4 TV companies > SBS Morning Wide 25.08.04 > SBS Live Today - Foreigner's Table 3825 25.08.04 > Channel A Observation Camera 24 Episode 197 21.07.14 > SBS Live Today Episode 2767 21.02.24 > MBC Live Tonight Episode 962 18.12.04. > KBS 2TV Live Information Episode 449 17.11.14. ※ You can taste the pig's feet boiled in broth developed over many years only at Goody, not at chain stores. ※ Even if you've never tried it, no one has tried it only once. It's a special kind of pig's feet! Made with soybeans! It's a 3-minute walk from the Guro Digital Complex's Kkalkkalgeori. Parking is conveniently available in the parking lot directly behind the building (for a fee). All simple payments except Apple Pay are accepted!",https://dynamic-media-cdn.tripadvisor.com/media/photo-o/26/98/d7/f5/caption.jpg?w=200&h=200&s=1&cx=4371&cy=2305&chk=v1_61d445397c32bc84ce48,https://www.tripadvisor.com/Restaurant_Review-g294197-d13484717-Reviews-Daedujokbal-Seoul.html,17,5.0,"Jokbal (braised pig trotters), bossam",A new discovery of crispy fried pig's trotters with a crunchy exterior and tender inside.,,1157104232,https://place.map.kakao.com/1157104232,38000,42500,20,true,,,,,,,kakao
13128200,W Xyz Bar,+82 2-2084-1021,"Seoul 56, Namdaemun-ro, Jung-gu 2F, Aloft Seoul Myeongdong",04535,37.562374,126.9816,"Bar, Cafe, International, Pub, Wine Bar",월 14:00~22:00 / 화 14:00~22:00 / 수 14:00~22:00 / 목 14:00~22:00 / 금 11:00~22:00 / 토 11:00~22:00 / 일 11:00~22:00,"Clink! Meet, mix, and mingle over cocktails at our always happening w xyz bar. The fun flows freely with everything from pints to Pinot Noirs to specialty sippers, plus a snack-attack menu, mood music, and can’t-miss events.",https://dynamic-media-cdn.tripadvisor.com/media/photo-o/26/98/d7/f5/caption.jpg?w=200&h=200&s=1&cx=4371&cy=2305&chk=v1_61d445397c32bc84ce48,https://www.tripadvisor.com/Restaurant_Review-g294197-d13128200-Reviews-W_Xyz_Bar-Seoul.html,65,4.8,Cocktail bar,,,1861485407,https://place.map.kakao.com/1861485407,,,,,,,,,,,kakao
3682371,Brick Oven New York Pizzeria,+82 2-508-1325,"Seoul 2F. 617-4 Yeoksam-dong, Gangnam-gu",,37.5031,127.02783,"Italian, Pizza",Sun 11:30~22:30 / Mon 11:30~22:30 / Tue 11:30~22:30 / Wed 11:30~22:30 / Thu 11:30~22:30 / Fri 11:30~23:00 / Sat 11:30~23:00,,https://dynamic-media-cdn.tripadvisor.com/media/photo-o/26/98/d7/f5/caption.jpg?w=200&h=200&s=1&cx=4371&cy=2305&chk=v1_61d445397c32bc84ce48,https://www.tripadvisor.com/Restaurant_Review-g294197-d3682371-Reviews-Brick_Oven_New_York_Pizzeria-Seoul.html,131,4.1,,,,,,,,,,,,,,,,tripadvisor
7905830,The Square,+82 2-531-6618,"Seoul 130, Bongeunsa-ro, Gangnam-gu 2F, Novotel Ambassador Seoul Gangnam",06124,37.50566,127.0287,"Japanese, International, Asian, Korean, Grill, Fusion",월 06:30~10:30 / 화 06:30~10:30 / 수 06:30~21:00 / 목 06:30~21:00 / 금 06:30~21:00 / 토 06:30~21:00 / 일 06:30~21:00,"Our buffet restaurant The Square was designed by the world-renowned architectural design agency Wilson Associates. The spacious dining area exhibits a modern chic and is equipped with partitioned rooms for special occasions. Diners can watch their food being prepared right before their eyes at the open kitchen grill corner, pasta corner, and sushi corner. The Square offers a diverse range of Korean, Japanese, Chinese, and Western cuisines. Its comfortable and relaxed ambience is perfect for business meetings or family gatherings. The restaurant has three reservation slots a day (breakfast, lunch, and dinner).",https://dynamic-media-cdn.tripadvisor.com/media/photo-o/26/98/d7/f5/caption.jpg?w=200&h=200&s=1&cx=4371&cy=2305&chk=v1_61d445397c32bc84ce48,https://www.tripadvisor.com/Restaurant_Review-g294197-d7905830-Reviews-The_Square-Seoul.html,52,4.3,Buffet,An upscale hotel buffet filled with French charm.,,8251092,https://place.map.kakao.com/8251092,35000,62000,8,true,true,true,true,,,,kakao
9251203,Sum Cafe,+82 2-6002-5838,"Seoul 11, Digital-ro33-Gil",,37.518044,127.050804,"Cafe, Asian, Korean",Sun 11:00~22:00 / Mon 11:00~22:00 / Tue 11:00~22:00 / Wed 11:00~22:00 / Thu 11:00~22:00 / Fri 11:00~22:00 / Sat 11:00~22:00,,https://dynamic-media-cdn.tripadvisor.com/media/photo-o/26/98/d7/f5/caption.jpg?w=200&h=200&s=1&cx=4371&cy=2305&chk=v1_61d445397c32bc84ce48,https://www.tripadvisor.com/Restaurant_Review-g294197-d9251203-Reviews-Sum_Cafe-Seoul.html,39,4.3,,,,,,,,,,,,,,,,tripadvisor
9106251,Saebyukjip Cheongdam,+82 2-546-5739,"Seoul 6, Dosan-daero 101-gil, Gangnam-gu",06013,37.525505,127.05284,"Barbecue, Asian, Korean",월 00:00~24:00 / 화 00:00~24:00 / 수 00:00~24:00 / 목 00:00~24:00 / 금 00:00~24:00 / 토 00:00~24:00 / 일 00:00~24:00,,https://dynamic-media-cdn.tripadvisor.com/media/photo-o/26/98/d7/f5/caption.jpg?w=200&h=200&s=1&cx=4371&cy=2305&chk=v1_61d445397c32bc84ce48,https://www.tripadvisor.com/Restaurant_Review-g294197-d9106251-Reviews-Saebyukjip_Cheongdam-Seoul.html,110,4.0,"Meat, Korean BBQ","A long-standing establishment in Cheongdam-dong for over 30 years, serving only high-quality Hanwoo beef.",,19880897,https://place.map.kakao.com/19880897,11000,28000,15,true,,,,,,,kakao
32860747,Seowonjuk,+82 2-776-0214,Seoul 141 Toegye-ro Jung District,04537,37.56142,126.98747,"Asian, Korean",Sun 07:00~13:00 / Mon 07:00~19:30 / Tue 07:00~19:30 / Wed 07:00~19:30 / Thu 07:00~19:30 / Fri 07:00~19:30 / Sat 07:00~19:30,,https://dynamic-media-cdn.tripadvisor.com/media/photo-o/2e/a1/3a/a8/caption.jpg?w=900&h=500&s=1,https://www.tripadvisor.com/Restaurant_Review-g294197-d32860747-Reviews-Seowonjuk-Seoul.html,5,5.0,,,,,,,,,,,,,,,,tripadvisor
7106351,Hanokjib Kimchijjim Seodaemun Main,+82 2-362-8653,"Seoul 14, Tongil-ro 9an-gil, Seodaemun-gu",03735,37.566658,126.96497,"Asian, Korean",월 10:30~21:30 / 화 10:30~21:30 / 수 10:30~21:30 / 목 10:30~21:30 / 금 10:30~21:30 / 토 10:30~21:30 / 일 10:30~21:30,,https://dynamic-media-cdn.tripadvisor.com/media/photo-o/0e/86/2e/c6/20160721-202310-largejpg.jpg?w=800&h=400&s=1,https://www.tripadvisor.com/Restaurant_Review-g294197-d7106351-Reviews-Hanokjib_Kimchijjim_Seodaemun_Main-Seoul.html,62,4.1,"Jjigae (stew), hot pot",The deep flavor of six-month aged kimchi.,,16732242,https://place.map.kakao.com/16732242,10500,18000,10,false,true,,true,,,,kakao
25306508,Gunja Daehan Gopchang Myeongdong,+82 10-8351-8126,"Seoul 18-1, Myeongdong 7-gil, Jung-gu",04534,37.564552,126.984406,"Barbecue, Korean, Grill, Diner, Indigenous",월 11:00~02:00 / 화 11:00~02:00 / 수 11:00~02:00 / 목 11:00~02:00 / 금 11:00~02:00 / 토 11:00~02:00 / 일 11:00~02:00,The very gopchang (grilled beef intestines) restaurant from Hwasa's mukbang on MBC's 'I Live Alone'! Korea's no.1 gopchang brand serving consistent gopchang for 20 years! Gunja Daehan Gopchang gifts you delicious moments so that this time can always be a happy one :),https://dynamic-media-cdn.tripadvisor.com/media/photo-o/28/61/cd/18/how-to-eat-gopchang.jpg?w=700&h=400&s=1,https://www.tripadvisor.com/Restaurant_Review-g294197-d25306508-Reviews-Gunja_Daehan_Gopchang_Myeongdong-Seoul.html,25,4.8,Gopchang (grilled beef intestines),The very restaurant featured in MBC's 'I Live Alone' with Hwasa's gopchang eating show! The number one gopchang brand in Korea.,,2135670348,https://place.map.kakao.com/2135670348,4000,17900,13,,,,,,,true,kakao
34273249,laemtulaem,+82 10-8630-1888,Seoul gasandijiteol1lo 233 101ho,08501,37.48594,126.87848,"Chinese, Barbecue, Asian, Korean, Grill",월 11:00~22:00 / 화 11:00~22:00 / 수 11:00~22:00 / 목 11:00~22:00 / 금 11:00~22:00 / 토 11:00~22:00,"Lamb to Lamb is a lamb specialty restaurant in Gasan Digital Complex, Geumcheon-gu, Seoul, grilling freshly trimmed lamb chops over charcoal. Signature menu items are shoulder rack, grilled lamb belly, lamb loin, and lamb skewers, and we guide first-time guests through grilling and ordering so they can enjoy it with ease. Sets for 2, 3, or 4 people suit after-work meals, company dinners, and group gatherings. At lunch you can have a hearty meal of rich gomtang and restorative gomtang, along with sides like spicy fried squid and guobaorou. Located near Gasan Digital Complex Station, with in-building parking and parking support for dining guests.",https://dynamic-media-cdn.tripadvisor.com/media/photo-o/26/98/d7/f5/caption.jpg?w=200&h=200&s=1&cx=4371&cy=2305&chk=v1_61d445397c32bc84ce48,https://www.tripadvisor.com/Restaurant_Review-g294197-d34273249-Reviews-Laemtulaem-Seoul.html,14,5.0,Lamb skewers,Lamb to Lamb - A cozy spot for office workers in Gasan Digital Complex to enjoy warm lamb chops.,,4995485,https://place.map.kakao.com/4995485,1000,13900,20,true,,,,,,true,kakao
10085211,Yec'hed Mat,+82 2-3144-6845,"Seoul 25-10, Eoulmadang-ro 5-gil, Mapo-gu",04047,37.549084,126.91885,French,Tue 18:30~02:00 / Wed 18:30~02:00 / Thu 18:30~02:00 / Fri 18:30~02:00 / Sat 18:30~02:00,,https://dynamic-media-cdn.tripadvisor.com/media/photo-o/26/98/d7/f5/caption.jpg?w=200&h=200&s=1&cx=4371&cy=2305&chk=v1_61d445397c32bc84ce48,https://www.tripadvisor.com/Restaurant_Review-g294197-d10085211-Reviews-Yec_hed_Mat-Seoul.html,35,4.9,,Galette and wine in a charming French alley atmosphere.,,27508566,https://place.map.kakao.com/27508566,13000,13000,3,,,,,,,,tripadvisor
6876865,MoMo Cafe,+82 2-2638-3081,"Seoul 15, Yeongjung-ro, Yeongdeungpo-gu Courtyard by Marriott Seoul Times Square 5F",07305,37.51794,126.903946,"International, Asian",Sun 06:30~21:00 / Mon 06:30~21:00 / Tue 06:30~21:00 / Wed 06:30~21:00 / Thu 06:30~21:00 / Fri 06:30~21:00 / Sat 06:30~21:00,"Located on the 5th floor of Courtyard by Marriott Seoul Times Square, MoMo Café is an all-day dining restaurant offering a wide selection of buffet and à la carte dishes prepared with the freshest seasonal ingredients. With its comfortable yet sophisticated atmosphere, it is the perfect venue for family gatherings, business meetings, or special celebrations. On weekends and during seasonal promotions, guests can enjoy exclusive menus and special offers for an even richer dining experience.",https://dynamic-media-cdn.tripadvisor.com/media/photo-o/26/c7/1c/3a/caption.jpg?w=200&h=200&s=1&cx=1920&cy=1080&chk=v1_38d18a124bc6505d3c22,https://www.tripadvisor.com/Restaurant_Review-g294197-d6876865-Reviews-MoMo_Cafe-Seoul.html,98,4.1,,,,,,,,,,,,,,,,tripadvisor
12912792,Kampungku,+82 2-310-9249,"Seoul 25, Toegye-ro 20-gil, Jung-gu",04629,37.559086,126.98591,"Asian, Korean, Malaysian",Sun 11:00~22:00 / Mon 11:00~22:00 / Tue 11:00~22:00 / Wed 11:00~22:00 / Thu 11:00~22:00 / Fri 11:00~22:00 / Sat 11:00~22:00,,https://dynamic-media-cdn.tripadvisor.com/media/photo-o/2b/9b/c5/bc/caption.jpg?w=200&h=200&s=1&cx=1920&cy=1280&chk=v1_c548d5621f5adbc55e3d,https://www.tripadvisor.com/Restaurant_Review-g294197-d12912792-Reviews-Kampungku-Seoul.html,53,3.7,,,,,,,,,,,,,,,,tripadvisor
33020126,Legendary Ribs Seoul City Hall,+82 2-6031-8919,"Seoul Namdaemun-ro 9-gil 40 2nd Floor, Center Place",,37.567192,126.980354,Barbecue,월 11:10~21:50 / 화 11:10~21:50 / 수 11:10~21:50 / 목 11:10~21:50 / 금 11:10~21:50 / 토 11:10~21:50 / 일 11:10~21:50,,https://dynamic-media-cdn.tripadvisor.com/media/photo-o/26/98/d7/f5/caption.jpg?w=200&h=200&s=1&cx=4371&cy=2305&chk=v1_61d445397c32bc84ce48,https://www.tripadvisor.com/Restaurant_Review-g294197-d33020126-Reviews-Legendary_Ribs_Seoul_City_Hall-Seoul.html,21,5.0,Galbi (grilled short ribs),Savor pre-cooked short ribs in a private room.,,1116506145,https://place.map.kakao.com/1116506145,4000,26000,11,true,,,,,,,kakao
27165931,Sancheong Sutbul-Garden Euljiro,+82 2-2273-8188,"Seoul 114-6 Eulji-ro, Jung-gu 1/f",,37.56582,126.99062,Barbecue,월 11:30~23:00 / 화 11:30~23:00 / 수 11:30~23:00 / 목 11:30~23:00 / 금 11:30~23:00 / 토 11:30~23:00 / 일 11:30~23:00,,https://dynamic-media-cdn.tripadvisor.com/media/photo-o/2f/f3/ac/76/caption.jpg?w=900&h=500&s=1,https://www.tripadvisor.com/Restaurant_Review-g294197-d27165931-Reviews-Sancheong_Sutbul_Garden_Euljiro-Seoul.html,4,5.0,"Meat, Korean BBQ",The temptation of fresh black pork infused with the aroma of charcoal.,일 21:50 / 월 21:50 / 화 21:50 / 수 21:50 / 목 21:50 / 금 21:50 / 토 21:50,2088172966,https://place.map.kakao.com/2088172966,7000,15000,12,true,true,,,,,,kakao
5035629,Gobong Samgyetang,+82 2-756-2300,"Seoul 21, Myeongdong 7-gil, Jung-gu",04534,37.56479,126.98375,"Asian, Korean, Soups",Sun 09:00~22:00 / Mon 09:00~22:00 / Tue 09:00~22:00 / Wed 09:00~22:00 / Thu 09:00~22:00 / Fri 09:00~22:00 / Sat 09:00~22:00,,https://dynamic-media-cdn.tripadvisor.com/media/photo-o/26/98/d7/f5/caption.jpg?w=200&h=200&s=1&cx=4371&cy=2305&chk=v1_61d445397c32bc84ce48,https://www.tripadvisor.com/Restaurant_Review-g294197-d5035629-Reviews-Gobong_Samgyetang-Seoul.html,134,4.1,,A healthy meal with rich broth and tender chicken.,,13101754,https://place.map.kakao.com/13101754,19000,19000,3,false,true,true,true,,,,tripadvisor
34275110,Yeongchun Galbi,,"Seoul 161-8 Magokjungang-ro 101, 1st Floor, Building C",,37.56883,126.82745,"Barbecue, Asian, Korean",월 11:30~23:00 / 화 11:30~23:00 / 수 11:30~23:00 / 목 11:30~23:00 / 금 11:30~23:00 / 토 17:00~22:30 / 일 17:00~22:30,,https://dynamic-media-cdn.tripadvisor.com/media/photo-o/26/98/d7/f5/caption.jpg?w=200&h=200&s=1&cx=4371&cy=2305&chk=v1_61d445397c32bc84ce48,https://www.tripadvisor.com/Restaurant_Review-g294197-d34275110-Reviews-Yeongchun_Galbi-Seoul.html,17,5.0,Galbi (grilled short ribs),Hello! We specialize in charcoal-grilled marinated black pork from Jirisan at Yeongchun Galbi.,일 21:00 / 월 13:30 / 월 21:30 / 화 13:30 / 화 21:30 / 수 13:30 / 수 21:30 / 목 13:30 / 목 21:30 / 금 13:30 / 금 21:30 / 토 21:00,969481794,https://place.map.kakao.com/969481794,6900,19000,9,true,,,,,,true,kakao
9429856,Kitchen 485,+82 32-325-0485,"Seoul 67, Yanghwa-ro6-Gil",,37.548557,126.91783,Italian,,,https://dynamic-media-cdn.tripadvisor.com/media/photo-o/16/67/7e/a5/caption.jpg?w=900&h=500&s=1,https://www.tripadvisor.com/Restaurant_Review-g294197-d9429856-Reviews-Kitchen_485-Seoul.html,47,4.7,,Authentic Neapolitan pizza baked in a wood-fired oven.,,18960396,https://place.map.kakao.com/18960396,20800,22800,4,true,true,,,,,,
33673068,Soul Hanwoo,+82 2-702-0101,Seoul 16 Samgaero,,37.539062,126.94723,"Barbecue, Asian, Korean, Grill",월 11:30~22:30 / 화 11:30~22:30 / 수 11:30~22:30 / 목 11:30~22:30 / 금 11:30~22:00 / 토 11:30~22:30,"* 10 min by car from Mangwon Hangang Park and Hyochang Park * 15 min by car from Gyeongui Line Forest Trail. 504-hour aged Hanwoo, 18 all-room seats, the one and only choice truly devoted to Hanwoo, the Mapo Station favorite 'Soul Hanwoo Mapo Station main branch.' The only place in Mapo that perfectly combines taste, class, and atmosphere, a premium Hanwoo dining. It selects only 1++ grade Hanwoo, adds a full 504 hours of aging, and has a professional grill master cook each piece with care, in 18 private rooms offering leisure and quiet. Wet-aging elevates Hanwoo to an entirely different level, with deep, rich flavor and savory juices that fill the mouth the more you chew. Grilling is a skill, and professionals grill for you, adjusting the optimal temperature and time to the meat's thickness and marbling, respecting your preference from medium-rare to well-done. With all seats being private rooms and 18 rooms accommodating up to 18 guests, it handles any gathering with elegance.",https://dynamic-media-cdn.tripadvisor.com/media/photo-o/26/98/d7/f5/caption.jpg?w=200&h=200&s=1&cx=4371&cy=2305&chk=v1_61d445397c32bc84ce48,https://www.tripadvisor.com/Restaurant_Review-g294197-d33673068-Reviews-Soul_Hanwoo-Seoul.html,34,5.0,"Meat, Korean BBQ","Just 2 minutes from Mapo Station, a private dining room for hosting and anniversaries featuring 504-hour aged 1++ Hanwoo.",,1188998627,https://place.map.kakao.com/1188998627,3000,25000,57,true,,,,,,,kakao
27661093,Jangsu Sky Beef Insadong,+82 2-735-9929,"Seoul B1, 34-1 Insadong-gil",,37.573853,126.98561,"Steakhouse, Barbecue, Korean, Grill",월 11:30~21:30 / 화 11:30~21:30 / 수 11:30~21:30 / 목 11:30~21:30 / 금 11:30~21:30 / 토 11:30~21:30 / 일 11:30~21:30,"Jangsu Sky Beef is a premium Hanwoo Korean BBQ restaurant located in the cultural heart of Insadong, Jongno, Seoul — conveniently situated between Gwanghwamun and Jongno. We specialize exclusively in 1++ No.9 Hanwoo, the highest grade of Korean native beef, known for its exceptional marbling, tenderness, and rich flavor. Premium cuts such as ribeye, tenderloin, and striploin are expertly grilled at your table by trained staff, allowing you to enjoy authentic Korean BBQ in the best possible way. In addition to grilled Hanwoo, we also offer signature Korean meals such as Bulgogi Hot Pot, Hanwoo Shabu-Shabu, and Braised Short Ribs (Galbijjim), providing different ways to explore the depth of Korean beef cuisine. After exploring the traditional streets and galleries of Insadong, enjoy a refined Hanwoo dining experience at Jangsu Sky Beef.",https://dynamic-media-cdn.tripadvisor.com/media/photo-o/26/98/d7/f5/caption.jpg?w=200&h=200&s=1&cx=4371&cy=2305&chk=v1_61d445397c32bc84ce48,https://www.tripadvisor.com/Restaurant_Review-g294197-d27661093-Reviews-Jangsu_Sky_Beef_Insadong-Seoul.html,23,4.7,"Meat, Korean BBQ","A private room at a Korean beef grill restaurant in Insadong, where staff grill premium 1++ beef to perfection.",,263532488,https://place.map.kakao.com/263532488,15000,29000,11,,,,,,,true,kakao
3336085,Jinsadaek - Myeongdong,+82 2-774-9605,"Seoul 30-1, Myeongdong-gil, Jung-gu What3words: ///emblem.haunts.callers",04536,37.563652,126.98393,"Asian, Korean",월 11:30~22:00 / 화 11:30~22:00 / 수 11:30~22:00 / 목 11:30~22:00 / 금 11:30~22:00 / 토 11:30~22:00 / 일 11:30~22:00,"For a taste of traditional Korea, you need to look no further than Jinsadaek, conveniently tucked away in a back alley in Seoul's visitor favorite, Myeongdong. Famous for our Hanjeongsik, a traditional, lavish multi-course meal, Jinsadaek offers you more than just a sample of the signature flavors of different regions of the country. The hanok-styled environment lets you immerse yourself fully in the Korean dining atmosphere, and the live gayageum performances in the evenings will entertain you throughout your dinner while offering a glimpse of Korea's traditional arts.",https://dynamic-media-cdn.tripadvisor.com/media/photo-o/27/42/14/b6/caption.jpg?w=200&h=200&s=1,https://www.tripadvisor.com/Restaurant_Review-g294197-d3336085-Reviews-Jinsadaek_Myeongdong-Seoul.html,40,4.2,Hanjeongsik (Korean course meal),Traditional flavors and the melodies of the gayageum under a tiled roof.,,8076185,https://place.map.kakao.com/8076185,39000,59000,5,true,,true,,,,,kakao
12728511,Maison de Paris,+82 2-6083-1626,"Seoul 33-4, Supyo-ro 28-gil, Jongno-gu",03133,37.573338,126.99027,"French, Brew Pub, Wine Bar",월 11:30~22:00 / 화 11:30~22:00 / 수 11:30~22:00 / 목 11:30~22:00 / 금 11:30~22:00 / 토 11:30~22:00 / 일 11:30~22:00,"Maison de paris is located in ikseon-dong, a hidden treasure in the bustling city. Ikseon-dong is gaining attention as a new attraction in seoul. Despite being in one of the oldest neighberhoods in the center of seoul.",https://dynamic-media-cdn.tripadvisor.com/media/photo-o/26/98/d7/f5/caption.jpg?w=200&h=200&s=1&cx=4371&cy=2305&chk=v1_61d445397c32bc84ce48,https://www.tripadvisor.com/Restaurant_Review-g294197-d12728511-Reviews-Maison_de_Paris-Seoul.html,38,4.4,Western,A blend of Hanok and French sensibilities.,일 21:30 / 월 14:30 / 월 21:30 / 화 14:30 / 화 21:30 / 수 14:30 / 수 21:30 / 목 14:30 / 목 21:30 / 금 14:30 / 금 21:30 / 토 21:30,835373645,https://place.map.kakao.com/835373645,7000,19000,18,,,,,,true,true,kakao
24107391,Gordon Ramsay Burger,+82 2-3213-4797,"Seoul 300 Olympic-ro, Songpa-gu Lotte World Tower Mall, B1",05551,37.513447,127.104164,"Native American, Dining bars",Sun 10:30~22:00 / Mon 10:30~22:00 / Tue 10:30~22:00 / Wed 10:30~22:00 / Thu 10:30~22:00 / Fri 10:30~22:00 / Sat 10:30~22:00,,https://dynamic-media-cdn.tripadvisor.com/media/photo-o/26/98/d7/f5/caption.jpg?w=200&h=200&s=1&cx=4371&cy=2305&chk=v1_61d445397c32bc84ce48,https://www.tripadvisor.com/Restaurant_Review-g294197-d24107391-Reviews-Gordon_Ramsay_Burger-Seoul.html,43,4.4,,,,,,,,,,,,,,,,tripadvisor
9250108,SUDAM Korean Traditional Food Restaurant,+82 2-558-4900,"Seoul 418, Bongeunsa-Ro, Gangnam-gu",,37.51047,127.04597,"Asian, Korean",월 11:30~22:00 / 화 11:30~22:00 / 수 11:30~22:00 / 목 11:30~22:00 / 금 11:30~22:00 / 토 11:30~22:00 / 일 11:30~22:00,"- Korean food at its best, Sudam ""Hanjeongsik ( traditional Korean food course) Specialty Restaurant"" By Hanjeongsik specialty restaurant, it means that highly qualified chefs specialized in Korean food prepare traditional Korean food and various specialty dishes right on site and present them in a full-course form. Among numerous Hanjeongsik course specialty restaurants in Gangnam, Sudam is widely loved by Koreans and foreigners alike. The head chef of Sudam has obtained the status of Master Craftsman Cook that is only given to the most qualified and talented cooks in Korea ; he incorporates fresh, local ingredients and regional specialty ingredients in his creation as much as possible, maximizing not only the flavor of the food, but also health benefits within. ""Sudam"" represents the Hanjeongsik specialty restaurant in Korea.",https://dynamic-media-cdn.tripadvisor.com/media/photo-o/26/98/d7/f5/caption.jpg?w=200&h=200&s=1&cx=4371&cy=2305&chk=v1_61d445397c32bc84ce48,https://www.tripadvisor.com/Restaurant_Review-g294197-d9250108-Reviews-SUDAM_Korean_Traditional_Food_Restaurant-Seoul.html,21,4.2,Hanjeongsik (Korean course meal),"Complete your precious moments with premium Korean traditional cuisine at Sudam Hanjeongsik in Gangnam, Seoul.",,25744174,https://place.map.kakao.com/25744174,29000,45000,8,true,,,,,,,kakao
1367398,Samcheonggak Dawon,+82 2-765-3700,"Seoul 3, Daesagwan-ro, Seongbuk-gu",02822,37.597157,126.98419,"Asian, Korean",월 12:00~21:00 / 화 12:00~21:00 / 수 12:00~21:00 / 목 12:00~21:00 / 금 12:00~21:00 / 토 12:00~21:00 / 일 12:00~21:00,,https://dynamic-media-cdn.tripadvisor.com/media/photo-o/26/98/d7/f5/caption.jpg?w=200&h=200&s=1&cx=4371&cy=2305&chk=v1_61d445397c32bc84ce48,https://www.tripadvisor.com/Restaurant_Review-g294197-d1367398-Reviews-Samcheonggak_Dawon-Seoul.html,55,4.1,Korean,A neat course meal served in a tranquil hanok.,,17569573,https://place.map.kakao.com/17569573,55000,97000,7,true,,true,true,,true,,kakao
9344455,The Original Pancake House,+82 2-511-7481,"Seoul 41, Gangnam-daero 162-gil, Gangnam-gu",06028,37.534355,126.99104,,월 09:00~20:00 / 화 09:00~20:00 / 수 09:00~20:00 / 목 09:00~20:00 / 금 08:00~20:00 / 토 08:00~20:00 / 일 08:00~20:00,,https://dynamic-media-cdn.tripadvisor.com/media/photo-o/2f/1a/fa/26/caption.jpg?w=200&h=200&s=1&cx=960&cy=540&chk=v1_ea91980e5ed1a7663e5d,https://www.tripadvisor.com/Restaurant_Review-g294197-d9344455-Reviews-The_Original_Pancake_House-Seoul.html,46,4.1,Western,A spacious brunch spot with a vintage American atmosphere.,일 19:00 / 월 19:00 / 화 19:00 / 수 19:00 / 목 19:00 / 금 19:00 / 토 19:00,19808159,https://place.map.kakao.com/19808159,6000,6500,6,true,,,true,true,,,kakao
4074239,Pairing Room,+82 10-3100-8861,"Seoul 14, Dosan-daero 81-gil, Gangnam-gu",06011,37.525276,127.04764,"Italian, European",월 11:00~22:30 / 화 11:00~22:30 / 수 11:00~22:30 / 목 11:00~22:30 / 금 11:00~22:30 / 토 11:00~22:30 / 일 11:00~22:30,,https://dynamic-media-cdn.tripadvisor.com/media/photo-o/26/98/d7/f5/caption.jpg?w=200&h=200&s=1&cx=4371&cy=2305&chk=v1_61d445397c32bc84ce48,https://www.tripadvisor.com/Restaurant_Review-g294197-d4074239-Reviews-Pairing_Room-Seoul.html,63,4.3,Italian,An Italian course meal filled with terrace vibes.,,1851273390,https://place.map.kakao.com/1851273390,27000,30500,10,true,true,,true,,,,kakao
8999812,Haidilao - Myeongdong,+82 2-6361-8260,"Seoul 78, Namdaemun-ro, Jung-gu",04534,37.564167,126.983055,"Chinese, Asian, Korean, Healthy",월 10:00~05:00 / 화 10:00~05:00 / 수 10:00~05:00 / 목 10:00~05:00 / 금 10:00~05:00 / 토 10:00~05:00 / 일 10:00~05:00,,https://dynamic-media-cdn.tripadvisor.com/media/photo-o/1c/14/c7/88/20200926-190432-largejpg.jpg?w=900&h=500&s=1,https://www.tripadvisor.com/Restaurant_Review-g294197-d8999812-Reviews-Haidilao_Myeongdong-Seoul.html,28,4.0,Chinese,Enjoy a feast of diverse hot pot dishes with attentive service.,,1820258951,https://place.map.kakao.com/1820258951,,,,true,true,true,,,,,kakao
28040257,Kyochon Pilbang,+82 2-6263-1992,"Seoul 127 Bogwang-ro, Yongsan-gu Yuyoung Building",04391,37.527454,126.99829,,월 11:30~23:30 / 화 11:30~23:30 / 수 11:30~23:30 / 목 11:30~23:30 / 금 11:30~23:30 / 토 11:30~23:30 / 일 11:30~23:30,There is no content for Kyochon Pilbang yet.,https://dynamic-media-cdn.tripadvisor.com/media/photo-o/2d/5b/04/5a/caption.jpg?w=900&h=500&s=1,https://www.tripadvisor.com/Restaurant_Review-g294197-d28040257-Reviews-Kyochon_Pilbang-Seoul.html,4,4.8,Hof (Korean beer pub),"At Kyochon Pilbang Itaewon, we will beautifully brush your memories with the 'Pil' 'Hi' 'Bang' course.",,1247940823,https://place.map.kakao.com/1247940823,11000,16000,19,true,,,,,,,kakao
24868140,Solsot Seongsu,+82 507-1339-2007,"Seoul 24, Yeonmujang 5-ga-gil, Seongdong-gu",04782,37.542908,127.053314,"Asian, Korean",월 11:30~21:00 / 화 11:30~21:00 / 수 11:30~21:00 / 목 11:30~21:00 / 금 11:30~21:00 / 토 11:30~21:00 / 일 11:30~21:00,,https://dynamic-media-cdn.tripadvisor.com/media/photo-o/25/37/3b/27/food2.jpg?w=900&h=500&s=1,https://www.tripadvisor.com/Restaurant_Review-g294197-d24868140-Reviews-Solsot_Seongsu-Seoul.html,8,4.6,Korean,The comforting warmth of hot pot rice and crispy rice crust.,,82998425,https://place.map.kakao.com/82998425,7900,17000,10,true,,,,,,,kakao
17417163,Hanam Pig - Myeongdong 1,+82 2-772-9995,"Seoul 12, Myeongdong 9ga-gil, Jung-gu",04534,37.56507,126.98386,"Barbecue, Asian, Korean",월 16:30~24:00 / 화 16:30~24:00 / 수 16:30~24:00 / 목 16:30~24:00 / 금 16:30~24:00 / 토 11:30~24:00 / 일 11:30~24:00,,https://dynamic-media-cdn.tripadvisor.com/media/photo-o/26/98/d7/f5/caption.jpg?w=200&h=200&s=1&cx=4371&cy=2305&chk=v1_61d445397c32bc84ce48,https://www.tripadvisor.com/Restaurant_Review-g294197-d17417163-Reviews-Hanam_Pig_Myeongdong_1-Seoul.html,40,3.8,Samgyeopsal (grilled pork belly),The essence of thick pork belly grilled by our staff.,,27582988,https://place.map.kakao.com/27582988,,,,true,true,,,,,,kakao
33316567,Ratatouille In Séoul,,Seoul Cheongpa-ro 270-2,04313,37.54376,126.970955,French,,,https://dynamic-media-cdn.tripadvisor.com/media/photo-o/26/98/d7/f5/caption.jpg?w=200&h=200&s=1&cx=4371&cy=2305&chk=v1_61d445397c32bc84ce48,https://www.tripadvisor.com/Restaurant_Review-g294197-d33316567-Reviews-Ratatouille_In_Seoul-Seoul.html,13,5.0,,,,,,,,,,,,,,,,
6620072,Brooklyn The Burger Joint Samsung,+82 2-555-7180,"Seoul 10, Bongeunsa-ro 84-gil, Gangnam-gu",06163,37.512836,127.05592,"American, Fast Food, Diner",월 11:00~21:30 / 화 11:00~21:30 / 수 11:00~21:30 / 목 11:00~21:30 / 금 11:00~21:30 / 토 11:00~21:30 / 일 11:00~21:30,,https://dynamic-media-cdn.tripadvisor.com/media/photo-o/26/98/d7/f5/caption.jpg?w=200&h=200&s=1&cx=4371&cy=2305&chk=v1_61d445397c32bc84ce48,https://www.tripadvisor.com/Restaurant_Review-g294197-d6620072-Reviews-Brooklyn_The_Burger_Joint_Samsung-Seoul.html,74,4.3,Burger,A diner serving handmade burgers with a New York vibe.,일 21:00 / 월 21:00 / 화 21:00 / 수 21:00 / 목 21:00 / 금 21:00 / 토 21:00,18377454,https://place.map.kakao.com/18377454,3500,12000,21,true,,,,,,,kakao
3371655,Paolo De Maria,+82 2-599-9936,"Seoul 24, Yeonhui-ro 26-gil, Seodaemun-gu",03723,37.572716,126.936874,"Italian, Mediterranean",월 11:30~21:30 / 수 11:30~22:00 / 목 11:30~22:00 / 금 11:30~22:00 / 토 11:30~22:00 / 일 11:30~22:00,Italian restaurant. Our menu includes tradictional italian food and Chef Paolo is the pioneer of the Italian food philosophy in South Korea,https://dynamic-media-cdn.tripadvisor.com/media/photo-o/26/98/d7/f5/caption.jpg?w=200&h=200&s=1&cx=4371&cy=2305&chk=v1_61d445397c32bc84ce48,https://www.tripadvisor.com/Restaurant_Review-g294197-d3371655-Reviews-Paolo_De_Maria-Seoul.html,68,4.6,Italian,Fresh pasta inspired by the essence of Southern Italy.,,1815812863,https://place.map.kakao.com/1815812863,16000,28500,20,true,true,true,,,true,,kakao
33020131,Legendary Ribs Yeouido,+82 2-783-9050,Seoul 800 Gukhoe-daero Basement 1 B105 KR B106,,37.530968,126.92113,Barbecue,월 11:10~21:50 / 화 11:10~21:50 / 수 11:10~21:50 / 목 11:10~21:50 / 금 11:10~21:50 / 토 11:10~21:50 / 일 11:10~21:50,,https://dynamic-media-cdn.tripadvisor.com/media/photo-o/26/98/d7/f5/caption.jpg?w=200&h=200&s=1&cx=4371&cy=2305&chk=v1_61d445397c32bc84ce48,https://www.tripadvisor.com/Restaurant_Review-g294197-d33020131-Reviews-Legendary_Ribs_Yeouido-Seoul.html,21,5.0,Galbi (grilled short ribs),Savor tender short ribs in a private room.,,1348483619,https://place.map.kakao.com/1348483619,12000,27000,10,true,,,,,,,kakao
34273910,umihag aipakeumol gocheogjeom,+82 2-3017-4671,Seoul Gyeong-inlo43gil 49 Ddong 2cheung,,37.499077,126.85901,Steakhouse,Sun 11:00~22:00 / Mon 11:00~22:00 / Tue 11:00~22:00 / Wed 11:00~22:00 / Thu 11:00~22:00 / Fri 11:00~22:00 / Sat 11:00~22:00,,https://dynamic-media-cdn.tripadvisor.com/media/photo-o/26/98/d7/f5/caption.jpg?w=200&h=200&s=1&cx=4371&cy=2305&chk=v1_61d445397c32bc84ce48,https://www.tripadvisor.com/Restaurant_Review-g294197-d34273910-Reviews-Umihag_aipakeumol_gocheogjeom-Seoul.html,15,5.0,,A private Hanwoo restaurant where the staff grills for you.,,739244937,https://place.map.kakao.com/739244937,89000,89000,1,true,true,true,true,,,,tripadvisor
10536992,"Cafe Madang, Maison Hermès Dosan Park",+82 2-3015-3248,"Seoul 7, Dosan-Daero 45-Gil, Gangnam-Gu B2",06021,37.522846,127.03558,Cafe,Sun 11:00~19:00 / Mon 11:00~19:00 / Tue 11:00~19:00 / Wed 11:00~19:00 / Thu 11:00~19:00 / Fri 11:00~19:00 / Sat 11:00~19:00,,https://dynamic-media-cdn.tripadvisor.com/media/photo-o/26/98/d7/f5/caption.jpg?w=200&h=200&s=1&cx=4371&cy=2305&chk=v1_61d445397c32bc84ce48,https://www.tripadvisor.com/Restaurant_Review-g294197-d10536992-Reviews-Cafe_Madang_Maison_Hermes_Dosan_Park-Seoul.html,23,4.2,,,,,,,,,,,,,,,,tripadvisor
4166623,Bono Bono Samsung,+82 2-3288-8080,"Seoul B1F, 942-10, Daechi-dong, Gangnam-Gu",,37.507164,127.05815,"Japanese, Seafood, Sushi, Asian, Korean, Soups",월 11:30~21:00 / 화 11:30~21:00 / 수 11:30~21:00 / 목 11:30~21:00 / 금 12:00~21:00 / 토 12:00~21:00 / 일 12:00~21:00,,https://dynamic-media-cdn.tripadvisor.com/media/photo-o/26/98/d7/f5/caption.jpg?w=200&h=200&s=1&cx=4371&cy=2305&chk=v1_61d445397c32bc84ce48,https://www.tripadvisor.com/Restaurant_Review-g294197-d4166623-Reviews-Bono_Bono_Samsung-Seoul.html,51,4.3,Buffet,An elegant buffet experience with fresh seafood.,,7891904,https://place.map.kakao.com/7891904,29000,85000,5,true,,,,,,,kakao
12804774,Bar 81,+82 2-3213-1281,"Seoul 300, Olympic-ro, Songpa-gu 81F, Lotte World Tower",05551,37.512794,127.10256,"French, Bar, Pub, Wine Bar",월 17:00~24:00 / 화 17:00~24:00 / 수 17:00~24:00 / 목 17:00~24:00 / 금 17:00~00:30 / 토 17:00~00:30 / 일 17:00~24:00,"Bar 81 is an upscale champagne bar with panoramic sky view. Guests can enjoy various liquors against the backdrop of magnificent sky views with Parisian menus of chef Yannick Alleno, as well as a wide range of champagnes, wines, hard liquor, beer and cocktails.",https://dynamic-media-cdn.tripadvisor.com/media/photo-o/10/44/4b/97/getlstd-property-photo.jpg?w=700&h=-1&s=1,https://www.tripadvisor.com/Restaurant_Review-g294197-d12804774-Reviews-Bar_81-Seoul.html,23,4.5,Cocktail bar,Discover a galaxy in the city on the 81st floor.,일 23:00 / 월 23:00 / 화 23:00 / 수 23:00 / 목 23:00 / 금 23:30 / 토 23:30,259303601,https://place.map.kakao.com/259303601,,,,true,true,true,,,,,kakao
6384291,Troika Russian Restaurant,+82 2-797-7724,Seoul 5F 72-32 Itaewon-dong Yongsan-gu,04391,37.53407,126.99223,"Russian, Eastern European",월 12:00~23:00 / 화 12:00~23:00 / 수 12:00~23:00 / 목 12:00~23:00 / 금 12:00~23:00 / 토 12:00~23:00 / 일 12:00~23:00,,https://dynamic-media-cdn.tripadvisor.com/media/photo-o/26/98/d7/f5/caption.jpg?w=200&h=200&s=1&cx=4371&cy=2305&chk=v1_61d445397c32bc84ce48,https://www.tripadvisor.com/Restaurant_Review-g294197-d6384291-Reviews-Troika_Russian_Restaurant-Seoul.html,49,4.2,Western,A cozy Western dining space filled with Russian charm.,,14500573,https://place.map.kakao.com/14500573,3000,14000,30,true,true,,,,,,kakao
1758818,Wonjo Ssambabjib Nonhyeon Main,+82 2-548-7589,"Seoul 165-15 Nonhyeon-dong, Gangnam-gu",,37.506966,127.02416,"Asian, Korean",,,https://dynamic-media-cdn.tripadvisor.com/media/photo-o/0a/31/87/20/caption.jpg?w=900&h=500&s=1,https://www.tripadvisor.com/Restaurant_Review-g294197-d1758818-Reviews-Wonjo_Ssambabjib_Nonhyeon_Main-Seoul.html,108,4.2,,,,,,,,,,,,,,,,
27936979,Thai 24,+82 507-1391-3150,"Seoul 33 Myeongdong 9-gil, Jung-gu 3rd Floor",04534,37.565247,126.98417,Thai,월 11:00~21:00 / 화 11:00~21:00 / 수 11:00~21:00 / 목 11:00~21:00 / 금 11:00~21:00 / 토 11:00~22:00 / 일 11:00~22:00,,https://dynamic-media-cdn.tripadvisor.com/media/photo-o/26/98/d7/f5/caption.jpg?w=200&h=200&s=1&cx=4371&cy=2305&chk=v1_61d445397c32bc84ce48,https://www.tripadvisor.com/Restaurant_Review-g294197-d27936979-Reviews-Thai_24-Seoul.html,24,4.8,Thai,A local favorite for Thai home-cooked meals.,일 20:30 / 일 21:30 / 월 20:30 / 화 20:30 / 수 20:30 / 목 20:30 / 금 20:30 / 토 20:30 / 토 21:30,349465355,https://place.map.kakao.com/349465355,12000,17000,37,true,true,,true,,,,kakao
14912272,Viking's Wharf - COEX,+82 1644-4446,"Seoul 513 Yeongdong-daero 2nd Floor, Convention & Exhibition Center",06164,37.51146,127.06045,"Seafood, Sushi, Asian, Korean, Grill, Fusion",Sun 11:30~13:15 / Sun 13:45~15:30 / Sun 17:00~18:45 / Sun 19:15~21:00 / Mon 12:00~15:00 / Mon 18:00~21:00 / Tue 12:00~15:00 / Tue 18:00~21:00 / Wed 12:00~15:00 / Wed 18:00~21:00 / Thu 12:00~15:00 / Thu 18:00~21:00 / Fri 12:00~15:00 / Fri 18:00~21:00 / Sat 11:30~13:15 / Sat 13:45~15:30 / Sat 17:00~18:45 / Sat 19:15~21:00,"The world’s best lobster buffet VIKING'S WHARF is the first unlimited lobster buffet in Asia, serving lobsters directly imported from the USA and Canada. Please enjoy unlimited quantities and the best quality of seasonal seafood along with premium desserts from a collaboration of Paul Basset Coffee, TWG Tea, and G.FASSI Gelato.",https://dynamic-media-cdn.tripadvisor.com/media/photo-o/14/66/d7/bf/caption.jpg?w=900&h=500&s=1,https://www.tripadvisor.com/Restaurant_Review-g294197-d14912272-Reviews-Viking_s_Wharf_COEX-Seoul.html,30,4.0,,,,,,,,,,,,,,,,tripadvisor
1139517,Byeokje Galbi Sinchon,+82 2-392-8308,"Seoul 13-20, Changcheon-dong, Seodaemun-gu",,37.55785,126.93781,"Barbecue, Asian, Korean, Grill",월 11:30~22:00 / 화 11:30~22:00 / 수 11:30~22:00 / 목 11:30~22:00 / 금 11:30~22:00 / 토 11:30~22:00 / 일 11:30~22:00,,https://dynamic-media-cdn.tripadvisor.com/media/photo-o/26/98/d7/f5/caption.jpg?w=200&h=200&s=1&cx=4371&cy=2305&chk=v1_61d445397c32bc84ce48,https://www.tripadvisor.com/Restaurant_Review-g294197-d1139517-Reviews-Byeokje_Galbi_Sinchon-Seoul.html,68,4.3,Galbi (grilled short ribs),The essence of low-temperature grilled Hanwoo beef made with care.,,10386326,https://place.map.kakao.com/10386326,16000,32000,6,true,true,true,,,,,kakao
7266524,Walking on the Cloud,+82 2-789-5904,"Seoul 50, 63-ro, Yeongdeungpo-gu",,37.5198,126.940186,European,Sun 11:30~15:00 / Sun 17:30~22:00 / Mon 11:30~15:00 / Mon 17:30~22:00 / Tue 11:30~15:00 / Tue 17:30~22:00 / Wed 11:30~15:00 / Wed 17:30~22:00 / Thu 11:30~15:00 / Thu 17:30~22:00 / Fri 11:30~15:00 / Fri 17:30~22:00 / Sat 11:30~15:00 / Sat 17:30~22:00,,https://dynamic-media-cdn.tripadvisor.com/media/photo-o/26/98/d7/f5/caption.jpg?w=200&h=200&s=1&cx=4371&cy=2305&chk=v1_61d445397c32bc84ce48,https://www.tripadvisor.com/Restaurant_Review-g294197-d7266524-Reviews-Walking_on_the_Cloud-Seoul.html,53,4.2,,Experience the urban Milky Way on the 59th floor.,,10693192,https://place.map.kakao.com/10693192,10000,10000,4,true,true,true,,,,,tripadvisor
26188436,Fabrikseoul,+82 50-71447-6222,"Seoul Seoulsi Jung-gu Euljilo 14gil 16-3 1, 2층",04550,37.565445,126.991806,"Cafe, Bar, Wine Bar, Pub",Sun 14:00~02:00 / Mon 11:00~02:00 / Tue 11:00~02:00 / Wed 11:00~02:00 / Thu 11:00~02:00 / Fri 11:00~04:00 / Sat 14:00~04:00,"""FABRIK SEOUL goes beyond simply being a place to drink, aiming to be a cultural factory where culture and art are constantly being reproduced. In this space, where the historical remnants of a 1970s hospital building blend with a modern sensibility, we aim to take you on a new journey that will awaken your senses. The industrial concept, with its repurposed conveyor belt bar and lighting, is full of character. In addition to the main hall, there are also private rooms, making it ideal for group gatherings. Enjoy cocktail-making performances at the bar, and enjoy small talk. Moreover, as a music lounge, the weekend DJ sets elevate the atmosphere with trendy music and a vibrant sensibility. With a diverse lineup of wines, cocktails, whiskeys, and highballs, you'll be sure to enjoy the music and atmosphere all night long. Near Euljiro 3-ga Station, it's conveniently located, and with Jamsugyojip and Sancheong Charcoal Garden 2 right in front, it's a perfect place for a second round.",https://dynamic-media-cdn.tripadvisor.com/media/photo-o/2d/db/46/9b/vibes.jpg?w=900&h=500&s=1,https://www.tripadvisor.com/Restaurant_Review-g294197-d26188436-Reviews-Fabrikseoul-Seoul.html,1,5.0,,A wine bar filled with sensory music and aromas.,,974354688,https://place.map.kakao.com/974354688,14000,23000,4,,,,,,,true,tripadvisor
33351227,Misikhoegwan Yongsan Branch,,Seoul 55 Hangang-daero 23-gil Yongsan District,,37.529568,126.96416,"Chinese, Japanese, Asian, Korean",Sun 11:00~21:00 / Mon 11:00~21:00 / Tue 11:00~21:00 / Wed 11:00~21:00 / Thu 11:00~21:00 / Fri 11:00~21:00 / Sat 11:00~21:00,“Your neighborhood’s ultimate culinary destination – where signature dishes from all over the nation come together in one place!”,https://dynamic-media-cdn.tripadvisor.com/media/photo-o/31/40/be/44/caption.jpg?w=900&h=500&s=1,https://www.tripadvisor.com/Restaurant_Review-g294197-d33351227-Reviews-Misikhoegwan_Yongsan_Branch-Seoul.html,5,5.0,,,,,,,,,,,,,,,,tripadvisor
8069857,On the Border COEX,+82 2-565-0682,"Seoul 22, Teheran-ro 87-gil, Gangnam-gu",06164,37.509678,127.0595,Mexican,Mon 10:00~18:00,,https://dynamic-media-cdn.tripadvisor.com/media/photo-o/26/98/d7/f5/caption.jpg?w=200&h=200&s=1&cx=4371&cy=2305&chk=v1_61d445397c32bc84ce48,https://www.tripadvisor.com/Restaurant_Review-g294197-d8069857-Reviews-On_the_Border_COEX-Seoul.html,66,4.0,,Endless nacho refills with a cozy Mexican alley vibe.,,17103201,https://place.map.kakao.com/17103201,14500,30000,4,true,,,,,,,tripadvisor
9198567,Yeongdong Jokbal,+82 2-575-0250,Seoul 1-8 Yangjae-dong,06738,37.48419,127.03831,"Asian, Korean",월 12:00~23:00 / 화 12:00~23:00 / 수 12:00~23:00 / 목 12:00~23:00 / 금 12:00~23:00 / 토 11:30~22:00 / 일 11:30~21:00,"A Seoul classic since 1985 — one of the city’s most beloved “Top 3 Jokbal” (braised pork hock) restaurants. Authentic flavor, slow-cooked daily with garlic, cinnamon, and natural herbs for a deep, clean taste. Loved by locals and travelers alike, offering a true taste of Korean comfort food culture. Located near Yangjae Station in Gangnam, easily accessible and perfect for a casual meal after exploring Seoul. Clean kitchen, warm service, and cozy atmosphere make every visit a satisfying experience. A must-try destination for anyone who wants to experience traditional Korean Jokbal at its finest.",https://dynamic-media-cdn.tripadvisor.com/media/photo-o/26/98/d7/f5/caption.jpg?w=200&h=200&s=1&cx=4371&cy=2305&chk=v1_61d445397c32bc84ce48,https://www.tripadvisor.com/Restaurant_Review-g294197-d9198567-Reviews-Yeongdong_Jokbal-Seoul.html,17,4.8,"Jokbal (braised pig trotters), bossam",The charm of chewy pig's feet packed with umami.,,16055426,https://place.map.kakao.com/16055426,9000,16000,5,true,,,,,,,kakao
951647,Omori Zzigae Jamsil,+82 2-423-0067,"Seoul 183-2 Seokchon-dong, Songpa-gu",,37.50813,127.104164,"Asian, Korean",월 00:00~24:00 / 화 00:00~24:00 / 수 00:00~24:00 / 목 00:00~24:00 / 금 00:00~24:00 / 토 00:00~24:00 / 일 10:00~22:00,,https://dynamic-media-cdn.tripadvisor.com/media/photo-o/0f/cf/66/4f/the-resto.jpg?w=900&h=500&s=1,https://www.tripadvisor.com/Restaurant_Review-g294197-d951647-Reviews-Omori_Zzigae_Jamsil-Seoul.html,64,4.1,"Jjigae (stew), hot pot",A harmonious blend of hand-pulled noodles and rich stew.,,1683687914,https://place.map.kakao.com/1683687914,8000,9250,10,true,true,,true,,,,kakao
4030459,Kyochon Chicken Dongdaemun 1,+82 2-2231-9337,"Seoul 2nd floor, 464-6, Changsin-dong",03119,37.571445,127.01066,"Fast Food, Asian, Korean",Sun 00:00~23:59 / Mon 00:00~23:59 / Tue 00:00~23:59 / Wed 00:00~23:59 / Thu 00:00~23:59 / Fri 00:00~23:59 / Sat 00:00~23:59,"Travelers' Choice 2025 * The most famous chicken shop in Korea. * we sell the most fried chicken in Korea and in all the Kyochon chicken brunches we are also top 1. * The most popular fried chicken shop for foreigner tourists. * In our shop you can watching Korean famous ""Dongdeamon"" and enjoy Kyochon chicken with beer at the same time. * We are busy at dinner time, if you would like to save your waiting time please visit us during 9AM to 6PM. * We are very close to Doota and Migliore , convenient for shopping as well.",https://dynamic-media-cdn.tripadvisor.com/media/photo-o/0f/df/15/38/korean-chicken-platter.jpg?w=900&h=500&s=1,https://www.tripadvisor.com/Restaurant_Review-g294197-d4030459-Reviews-Kyochon_Chicken_Dongdaemun_1-Seoul.html,420,4.5,,"Indulge in the temptation of sweet and spicy chicken, available 24 hours.",,16039118,https://place.map.kakao.com/16039118,19000,19500,2,,,,,,,,tripadvisor
4032644,Wangbijib Myeongdong 2nd Store,+82 2-3789-1946,"Seoul 13, Myeongdong 9-gil, Jung-gu 2f",04534,37.56453,126.98495,Korean,월 11:20~22:40 / 화 11:20~22:40 / 수 11:20~22:40 / 목 11:20~22:40 / 금 11:20~22:40 / 토 11:20~22:40 / 일 11:20~22:40,"Wangbijip is Korea's no.1 charcoal-brazier grill specialist, run on fresh ingredients, honest taste, and top-tier service. Its interior, modernly decorated with Korean motifs, is impressive, and you can enjoy a variety of Korean barbecue menu items.",https://dynamic-media-cdn.tripadvisor.com/media/photo-o/09/00/9e/82/2.jpg?w=900&h=500&s=1,https://www.tripadvisor.com/Restaurant_Review-g294197-d4032644-Reviews-Wangbijib_Myeongdong_2nd_Store-Seoul.html,72,4.2,Galbi (grilled short ribs),Juicy ribs grilled to perfection by our staff.,,11610281,https://place.map.kakao.com/11610281,3200,37000,21,,,,,,,,kakao
4032315,Gangnam Myeonok,+82 2-3446-5539,"Seoul 34, Nonhyeon-ro 152-gil, Gangnam-gu",06026,37.521595,127.03096,"Asian, Korean",월 10:30~22:00 / 화 10:30~22:00 / 수 10:30~22:00 / 목 10:30~22:00 / 금 10:30~22:00 / 토 10:30~22:00 / 일 10:30~22:00,,https://dynamic-media-cdn.tripadvisor.com/media/photo-o/08/61/8c/aa/caption.jpg?w=700&h=400&s=1,https://www.tripadvisor.com/Restaurant_Review-g294197-d4032315-Reviews-Gangnam_Myeonok-Seoul.html,64,4.2,Naengmyeon (cold noodles),A delightful blend of soft noodles and rich broth.,,8163082,https://place.map.kakao.com/8163082,10000,13000,10,true,true,,,,,,kakao
4032467,The Brasserie - InterContinental Seoul COEX,+82 2-3452-8585,"Seoul 524, Bongeunsa-ro, Gangnam-gu 1st FL of InterContinental Seoul COEX",06164,37.5132,127.057175,International,Sun 06:30~22:00 / Mon 06:30~22:00 / Tue 06:30~22:00 / Wed 06:30~22:00 / Thu 06:30~22:00 / Fri 06:30~22:00 / Sat 06:30~22:00,"Buffet restaurant serving a wide range of cuisines from around the world. Be entertained by culinary theatrics in the open kitchen of The Brasserie, an international buffet restaurant based on local, seasonal produce.",https://dynamic-media-cdn.tripadvisor.com/media/photo-o/16/6f/bf/14/interior-of-brasserie.jpg?w=900&h=-1&s=1,https://www.tripadvisor.com/Restaurant_Review-g294197-d4032467-Reviews-The_Brasserie_InterContinental_Seoul_COEX-Seoul.html,89,4.3,,,,,,,,,,,,,,,,tripadvisor
4035194,Aria,+82 2-317-0357,"Seoul 106, Sogong-ro, Jung-gu 1F, Seoul Westin Chosun Hotel",04533,37.564144,126.97968,"Asian, Korean",월 07:00~21:50 / 화 07:00~21:50 / 수 07:00~21:50 / 목 07:00~21:50 / 금 11:30~21:50 / 토 07:00~21:50 / 일 07:00~21:50,,https://dynamic-media-cdn.tripadvisor.com/media/photo-o/25/a6/53/1b/tuesday-breakfast-at.jpg?w=900&h=500&s=1,https://www.tripadvisor.com/Restaurant_Review-g294197-d4035194-Reviews-Aria-Seoul.html,153,4.3,Buffet,A feast of fresh seafood and made-to-order pasta.,,21306149,https://place.map.kakao.com/21306149,35000,80000,8,true,true,true,,,,,kakao
1140399,Andong Jjimdak,+82 2-310-9174,"Seoul Myeong-dong 2ga, 2-2",,37.563747,126.98522,"Asian, Korean",,,https://dynamic-media-cdn.tripadvisor.com/media/photo-o/08/05/cd/54/andong-jjimdak.jpg?w=900&h=-1&s=1,https://www.tripadvisor.com/Restaurant_Review-g294197-d1140399-Reviews-Andong_Jjimdak-Seoul.html,150,4.2,,,,,,,,,,,,,,,,
4034848,Baeknyeon Tojong Samgyaetang,+82 2-325-3399,"Seoul 118, Yanghwa-ro, Mapo-gu",04038,37.554016,126.91985,"Asian, Korean, Soups",월 09:00~22:00 / 화 09:00~22:00 / 수 09:00~22:00 / 목 09:00~22:00 / 금 09:00~22:00 / 토 09:00~22:00 / 일 09:00~22:00,,https://dynamic-media-cdn.tripadvisor.com/media/photo-o/0f/26/b2/88/photo2jpg.jpg?w=900&h=500&s=1,https://www.tripadvisor.com/Restaurant_Review-g294197-d4034848-Reviews-Baeknyeon_Tojong_Samgyaetang-Seoul.html,53,4.2,Samgyetang (ginseng chicken soup),Experience the deep flavor of ginseng chicken soup from a long-established restaurant.,,8312102,https://place.map.kakao.com/8312102,19000,22000,12,true,true,true,true,,,,kakao
4033007,Gangnam Gyoza,+82 2-536-4133,"Seoul 11, Gangnam-daero 69-gil, Seocho-gu",06612,37.50141,127.02432,Korean,월 10:30~21:00 / 화 10:30~21:00 / 수 10:30~21:00 / 목 10:30~21:00 / 금 10:30~21:00 / 토 10:30~21:00 / 일 10:30~21:00,"Following a 30-year stint at Myeongdong Gyoja, a famous kalguksu (handmade knife-cut noodle soup) restaurant in Myeongdong, the chef opened this second branch in Gangnam. Here the kalguksu broth is made from chicken bones. Noodles and rice are unlimited here. The mandu (Korean dumplings) and bibim guksu (noodles mixed in a spicy sauce) are also recommended. Take-out is available.",https://dynamic-media-cdn.tripadvisor.com/media/photo-o/12/00/98/fc/caption.jpg?w=900&h=-1&s=1,https://www.tripadvisor.com/Restaurant_Review-g294197-d4033007-Reviews-Gangnam_Gyoza-Seoul.html,70,4.2,Kalguksu (knife-cut noodle soup),The perfect harmony of rich broth and garlic kimchi.,일 20:20 / 월 20:20 / 화 20:20 / 수 20:20 / 목 20:20 / 금 20:20 / 토 20:20,11891754,https://place.map.kakao.com/11891754,11000,12000,11,,true,,,,,,kakao
4032551,Daedo Sikdang,+82 2-2292-9772,"Seoul 3, Muhak-ro 12-gil, Seongdong-gu",04706,37.56727,127.03062,"Barbecue, Asian, Korean",월 11:00~22:00 / 화 11:00~22:00 / 수 11:00~22:00 / 목 11:00~22:00 / 금 11:00~22:00 / 토 11:00~22:00 / 일 11:00~22:00,,https://dynamic-media-cdn.tripadvisor.com/media/photo-o/18/47/03/12/photo4jpg.jpg?w=900&h=500&s=1,https://www.tripadvisor.com/Restaurant_Review-g294197-d4032551-Reviews-Daedo_Sikdang-Seoul.html,116,4.3,"Meat, Korean BBQ","The best sirloin specialty restaurant in Korea, with a half-century of tradition, Wangsimni Daedosikdang.",,109959892,https://place.map.kakao.com/109959892,2000,8000,8,true,,,,,,true,kakao
4030880,Ogawa,+82 2-735-1001,"Seoul 5, Dangju-dong, Jongno-gu",,37.57177,126.97444,"Japanese, Sushi, Asian",,,https://dynamic-media-cdn.tripadvisor.com/media/photo-o/11/16/40/9a/photo7jpg.jpg?w=900&h=500&s=1,https://www.tripadvisor.com/Restaurant_Review-g294197-d4030880-Reviews-Ogawa-Seoul.html,33,4.7,,Enjoy the perfect balance of delicate sushi and warm noodles.,,12009117,https://place.map.kakao.com/12009117,50000,85000,3,false,true,,,,,,
4032498,Mapo Mandu,+82 2-333-9842,"Seoul 393-1, Seogyo-dong, Mapo-gu",,37.55139,126.91518,"Asian, Korean",월 00:00~24:00 / 화 00:00~24:00 / 수 00:00~24:00 / 목 00:00~24:00 / 금 00:00~24:00 / 토 00:00~24:00 / 일 00:00~24:00,,https://dynamic-media-cdn.tripadvisor.com/media/photo-o/26/98/d7/f5/caption.jpg?w=200&h=200&s=1&cx=4371&cy=2305&chk=v1_61d445397c32bc84ce48,https://www.tripadvisor.com/Restaurant_Review-g294197-d4032498-Reviews-Mapo_Mandu-Seoul.html,72,4.3,Bunsik (Korean street snacks),Experience the deep flavor of galbi dumplings infused with charcoal aroma.,,27341415,https://place.map.kakao.com/27341415,8000,9000,16,false,,,,,,,kakao
7939830,Goo STK 733,+82 2-794-7339,"Seoul 101, Itaewon-ro 27-gil, Yongsan-gu 1F Goostk 733",04349,37.53767,126.9949,Steakhouse,Sun 12:00~23:00 / Mon 12:00~23:00 / Tue 12:00~23:00 / Wed 12:00~23:00 / Thu 12:00~23:00 / Fri 12:00~23:00 / Sat 12:00~23:00,"GOOSTEAK is an authentic American-style steakhouse that introduced Korea's first Dry Aged Steak. Starting with GOOSTK528 in Sinsa-dong in April 2009, it opened GOOSTK733 in Hannam-dong in April 2012. Experience the finest steak through years of accumulated know-how and steady research and development. It serves USDA PRIME grade, which accounts for only 2% of U.S. production, including ribeye, New York strip loin, T-bone, and porterhouse. Steaks are dry-aged under proper temperature and humidity in a bacteria-free environment. Our thick-cut steaks, seasoned only with salt and pepper to preserve the meat's natural flavor, are grilled, seared in olive oil, and rested before serving, giving a crisp exterior and tender interior. Enjoy your steak with a variety of appetizers, salads, soups, side dishes, and desserts, along with cocktails, ades, and around 150 kinds of wine.",https://dynamic-media-cdn.tripadvisor.com/media/photo-o/26/98/d7/f5/caption.jpg?w=200&h=200&s=1&cx=4371&cy=2305&chk=v1_61d445397c32bc84ce48,https://www.tripadvisor.com/Restaurant_Review-g294197-d7939830-Reviews-Goo_STK_733-Seoul.html,23,4.5,,,,,,,,,,,,,,,,tripadvisor
10073597,The Original Pancake House Itaewon,+82 2-795-7481,"Seoul 153, Itaewon-ro, Yongsan-gu",04351,36.951187,127.02991,American,월 09:00~22:00 / 화 09:00~22:00 / 수 09:00~22:00 / 목 09:00~22:00 / 금 08:00~22:00 / 토 08:00~22:00 / 일 08:00~22:00,American Breakfast and lunch menue.,https://dynamic-media-cdn.tripadvisor.com/media/photo-o/26/98/d7/f5/caption.jpg?w=200&h=200&s=1&cx=4371&cy=2305&chk=v1_61d445397c32bc84ce48,https://www.tripadvisor.com/Restaurant_Review-g294197-d10073597-Reviews-The_Original_Pancake_House_Itaewon-Seoul.html,55,4.0,Western,A relaxed brunch space filled with American vibes.,,341784637,https://place.map.kakao.com/341784637,10000,23000,67,true,,,,,,,kakao
32848898,Ssada Gimbap - Myeongdong Station,,Seoul 26 Myeongdong 8ga-gil Jung District,,37.56171,126.98646,"Asian, Korean",,,https://dynamic-media-cdn.tripadvisor.com/media/photo-o/2e/99/f0/95/caption.jpg?w=900&h=500&s=1,https://www.tripadvisor.com/Restaurant_Review-g294197-d32848898-Reviews-Ssada_Gimbap_Myeongdong_Station-Seoul.html,5,4.8,,,,,,,,,,,,,,,,
17629266,D-lifestyle Kitchen,+82 2-6273-0100,"Seoul 136, Sejong-daero Seoul Finance Center, Jung-gu",04520,,,"Mediterranean, Asian, Korean, Fusion, Healthy",월 10:30~22:00 / 화 10:30~22:00 / 수 10:30~22:00 / 목 10:30~22:00 / 금 11:30~22:00 / 토 11:30~22:00 / 일 11:30~22:00,"No more starving, no more rebounding! Experience a healthy, stress-free diet curated by experts and backed by literature. Now available near Gyeongbokgung Palace, D-Lifestyle Kitchen specializes in Phytochemical, Keto-friendly, and Mediterranean dishes designed to nourish your body without the strain.",https://dynamic-media-cdn.tripadvisor.com/media/photo-o/26/98/d7/f5/caption.jpg?w=200&h=200&s=1&cx=4371&cy=2305&chk=v1_61d445397c32bc84ce48,https://www.tripadvisor.com/Restaurant_Review-g294197-d17629266-Reviews-D_lifestyle_Kitchen-Seoul.html,35,4.8,Western,"A low-carb restaurant featured in the drama 'The World of the Married,' known as a top 10 eatery by the master of life.",,444516464,https://place.map.kakao.com/444516464,11800,28200,23,true,,,,,,,kakao
7618038,Baeknyeon Tojong Samgyetang,+82 2-747-5535,"Seoul 41, Bukchon-ro, Jongno-gu",03055,37.58052,126.98484,"Korean, Soups",월 10:30~20:00 / 화 10:30~20:00 / 수 10:30~20:00 / 목 10:30~20:00 / 금 10:30~20:00 / 토 10:30~20:00 / 일 10:30~20:00,,https://dynamic-media-cdn.tripadvisor.com/media/photo-o/26/98/d7/f5/caption.jpg?w=200&h=200&s=1&cx=4371&cy=2305&chk=v1_61d445397c32bc84ce48,https://www.tripadvisor.com/Restaurant_Review-g294197-d7618038-Reviews-Baeknyeon_Tojong_Samgyetang-Seoul.html,45,4.0,Samgyetang (ginseng chicken soup),A healthy meal of fried ginseng and rich broth.,일 19:30 / 월 19:30 / 화 19:30 / 수 19:30 / 목 19:30 / 금 19:30 / 토 19:30,23259207,https://place.map.kakao.com/23259207,19000,21000,5,true,true,true,true,,,,kakao
7618190,Ciuri Ciuri,+82 2-749-9996,"Seoul 3-13, Dongmak-ro 15-gil, Mapo-gu",04049,37.54846,126.921394,"Italian, Mediterranean, European",Sun 17:30~22:00 / Tue 18:00~22:00 / Wed 18:00~22:00 / Thu 18:00~22:00 / Fri 18:00~22:00 / Sat 17:30~22:00,,https://dynamic-media-cdn.tripadvisor.com/media/photo-o/26/98/d7/f5/caption.jpg?w=200&h=200&s=1&cx=4371&cy=2305&chk=v1_61d445397c32bc84ce48,https://www.tripadvisor.com/Restaurant_Review-g294197-d7618190-Reviews-Ciuri_Ciuri-Seoul.html,72,4.5,,,,,,,,,,,,,,,,tripadvisor
12364738,Nekkid Wings,+82 70-4078-7411,"Seoul 174-11, Noksapyeong-daero, Yongsan-gu",04390,37.53379,126.98939,"American, Bar, Fusion",월 16:30~23:00 / 화 16:30~23:00 / 수 16:30~23:00 / 목 16:30~23:00 / 금 11:30~23:00 / 토 11:30~23:00 / 일 11:30~23:00,Nekkid Wings is a restaurant specializing in chicken wings and 13+ house-made sauces and also serves great selection of craft beers.,https://dynamic-media-cdn.tripadvisor.com/media/photo-o/26/98/d7/f5/caption.jpg?w=200&h=200&s=1&cx=4371&cy=2305&chk=v1_61d445397c32bc84ce48,https://www.tripadvisor.com/Restaurant_Review-g294197-d12364738-Reviews-Nekkid_Wings-Seoul.html,60,4.8,Korean fried chicken,Chicken Wings & Craft Beers - Since 2017.,,931679409,https://place.map.kakao.com/931679409,4500,14900,15,,,,,,,,kakao
17637278,Mealbon Seongsu Main Branch,+82 2-499-9801,Seoul 4 Achasan-ro 7-gil 1st Floor,04794,37.54558,127.0544,"Asian, Korean",월 11:00~21:00 / 화 11:00~21:00 / 수 11:00~21:00 / 목 11:00~21:00 / 금 11:00~21:00 / 토 11:00~21:00 / 일 11:00~21:00,"A Michelin-Starred Taste of Authentic Korean Comfort Food in Seongsu Mealbon (Seongsu Main Branch), a hidden gem recognized by the Michelin Bib Gourmand Seoul (2018, 2019). We specialize in refined, home-style Korean cuisine that balances deep tradition with modern simplicity. Signature Korean Noodle (Kalguksu) : Our soul-warming noodle soup is famous for its clean, flavorful broth and perfectly chewy handmade style noodles. Signature Fried Pork Rice (Gogi-deopbap) : Featured on the popular TV show 'Master of Living (Ep. 697)', this savory rice bowl is packed with perfectly seasoned meat and is a must-try for meat lovers. The Full Experience : For the perfect meal, try our ""Set Menu,"" which includes our famous main dishes paired with crispy mini mung bean pancakes (Nokdu-jeon) and fried dumplings (Gun-mandu).",https://dynamic-media-cdn.tripadvisor.com/media/photo-o/31/a3/41/69/logo.jpg?w=900&h=500&s=1,https://www.tripadvisor.com/Restaurant_Review-g294197-d17637278-Reviews-Mealbon_Seongsu_Main_Branch-Seoul.html,2,5.0,Kalguksu (knife-cut noodle soup),A perfect harmony of rich broth and chewy noodles.,일 20:30 / 월 20:30 / 화 20:30 / 수 20:30 / 목 20:30 / 금 20:30 / 토 20:30,127067383,https://place.map.kakao.com/127067383,13900,13900,5,false,true,,,,,,kakao
9018791,Korea Ginseng Chicken Soup,+82 2-752-9376,"Seoul 1, Seosomun-ro 11-gil, Jung-gu 3f",04516,37.56296,126.9729,Korean,월 10:30~21:00 / 화 10:30~21:00 / 수 10:30~21:00 / 목 10:30~21:00 / 금 10:30~21:00 / 토 10:30~20:30 / 일 10:30~20:30,,https://dynamic-media-cdn.tripadvisor.com/media/photo-o/26/98/d7/f5/caption.jpg?w=200&h=200&s=1&cx=4371&cy=2305&chk=v1_61d445397c32bc84ce48,https://www.tripadvisor.com/Restaurant_Review-g294197-d9018791-Reviews-Korea_Ginseng_Chicken_Soup-Seoul.html,81,3.8,Samgyetang (ginseng chicken soup),A bowl of deep and clear samgyetang with a long-standing tradition.,,8178288,https://place.map.kakao.com/8178288,20000,26000,6,true,true,,,,,,kakao
25393024,Chick Gimbap Myeongdong,+82 10-8351-8126,"Seoul 19-3, Myeongdong 10-gil, Jung-gu",04537,37.563034,126.9856,"Korean, Indigenous",월 08:00~21:00 / 화 08:00~21:00 / 수 08:00~21:00 / 목 08:00~21:00 / 금 08:00~21:00 / 토 08:00~21:00 / 일 08:00~21:00,"Byeongari Gimbap, a mini-gimbap specialist offering fresh ingredients every day and the joy of picking your own. Byeongari Gimbap, a place famous for 11 kinds of colorful mini-gimbap and yubu-chobap (inari sushi), has opened in Myeongdong! It's a delicious and cute shop with various mini-gimbap and inari sushi. A franchise brand created by six top R&D experts aiming to globalize gimbap. In the store, various mini-gimbap are displayed fresh in a custom-made showcase, so choosing while viewing them all at a glance is a real treat. What makes our gimbap especially delicious is the special rice inside, developed over a long time by our head-office R&D team, harmonizing beautifully with the main ingredients of the 11 varieties without overpowering their natural flavors.",https://dynamic-media-cdn.tripadvisor.com/media/photo-o/28/cd/40/2b/caption.jpg?w=900&h=500&s=1,https://www.tripadvisor.com/Restaurant_Review-g294197-d25393024-Reviews-Chick_Gimbap_Myeongdong-Seoul.html,17,5.0,Bunsik (Korean street snacks),'Chickpea Gimbap' in Myeongdong offers 12 varieties of mini gimbap and delicious inari sushi.,일 20:30 / 월 20:30 / 화 20:30 / 수 20:30 / 목 20:30 / 금 20:30 / 토 20:30,163744287,https://place.map.kakao.com/163744287,1200,4250,20,,,,,,,,kakao
9089869,Buffet Familia,+82 2-3440-8090,Seoul 640 Eonju-Ro,06098,37.513985,127.03587,,Sun 12:00~15:00 / Sun 18:00~21:30 / Mon 12:00~15:00 / Mon 18:00~21:30 / Tue 12:00~15:00 / Tue 18:00~21:30 / Wed 12:00~15:00 / Wed 18:00~21:30 / Thu 12:00~15:00 / Thu 18:00~21:30 / Fri 12:00~15:00 / Fri 18:00~21:30 / Sat 12:00~15:00 / Sat 18:00~21:30,"An all-day dining buffet restaurant reminiscent of an urban garden, where you can freely enjoy fresh and diverse dishes. Start your day vibrantly with the Grand Mercure Imperial Palace Gangnam breakfast and a rich buffet selection.",https://dynamic-media-cdn.tripadvisor.com/media/photo-o/16/c3/35/5d/photo0jpg.jpg?w=900&h=500&s=1,https://www.tripadvisor.com/Restaurant_Review-g294197-d9089869-Reviews-Buffet_Familia-Seoul.html,29,4.6,,An upscale buffet experience featuring fresh seafood.,,813366881,https://place.map.kakao.com/813366881,,,,true,true,true,,,,,tripadvisor
2330074,The Timber House - Park Hyatt Seoul,+82 2-2016-1235,"Seoul 606, Teheran-ro Park Hyatt Seoul, Gangnam-gu",06174,37.50858,127.06417,"Japanese, Bar, Seafood, International",화 17:00~24:00 / 수 17:00~24:00 / 목 17:00~24:00 / 금 17:00~24:00 / 토 17:00~24:00 / 일 17:00~24:00,"A premium vinyl music bar and restaurant offering an array of beverages and Japanese dishes As a sophisticated and modern cultural space, The Timber House offers an interior that is an ideal blend of traditional Korean details. The Timber House provides a selection of premium beverages, whiskeys, sakes, wine and signature cocktails, as well as fine cigars, all served with personalized and professional service. The venue’s culinary offerings include sushi, sashimi and various Japanese izakaya-style dishes such as ramen, donburi and yakimono.",https://dynamic-media-cdn.tripadvisor.com/media/photo-o/26/98/d7/f5/caption.jpg?w=200&h=200&s=1&cx=4371&cy=2305&chk=v1_61d445397c32bc84ce48,https://www.tripadvisor.com/Restaurant_Review-g294197-d2330074-Reviews-The_Timber_House_Park_Hyatt_Seoul-Seoul.html,58,4.3,Japanese,An omakase experience of Japanese cuisine accompanied by jazz tunes.,일 23:00 / 화 23:00 / 수 23:00 / 목 23:00 / 금 23:00 / 토 23:00,7827799,https://place.map.kakao.com/7827799,9000,20000,6,true,true,true,,,,,kakao
3957673,Pro Soy Crab Samsung,+82 2-544-4126,"Seoul 53, Teheran-ro 83-gil, Gangnam-gu",06166,37.51091,127.056435,"Seafood, Korean",,,https://dynamic-media-cdn.tripadvisor.com/media/photo-o/26/98/d7/f5/caption.jpg?w=200&h=200&s=1&cx=4371&cy=2305&chk=v1_61d445397c32bc84ce48,https://www.tripadvisor.com/Restaurant_Review-g294197-d3957673-Reviews-Pro_Soy_Crab_Samsung-Seoul.html,62,4.1,,,,,,,,,,,,,,,,
34275254,Turin Las Vegas,,Seoul Mareunnaero 13 1st Floor,,37.56491,126.989296,"Japanese, Asian, Korean, Japanese Fusion",월 16:00~24:00 / 화 16:00~24:00 / 수 16:00~24:00 / 목 16:00~24:00 / 금 16:00~01:00 / 토 16:00~01:00,,https://dynamic-media-cdn.tripadvisor.com/media/photo-o/26/98/d7/f5/caption.jpg?w=200&h=200&s=1&cx=4371&cy=2305&chk=v1_61d445397c32bc84ce48,https://www.tripadvisor.com/Restaurant_Review-g294197-d34275254-Reviews-Turin_Las_Vegas-Seoul.html,14,5.0,Izakaya (Japanese pub),"Torino Las Vegas, an izakaya in Euljiro, specializes in handmade yakitori as the main dish.",,1128816529,https://place.map.kakao.com/1128816529,3700,19500,6,,,,,,,,kakao
10833148,Sesangui Modeun Achim,+82 2-2055-4442,"Seoul 24, Yeoui-daero, Yeongdeungpo-gu Federation of Korean Industries Bldg. 50, 51F",07320,37.523758,126.92257,"Italian, International, European",,,https://dynamic-media-cdn.tripadvisor.com/media/photo-o/1c/4f/6f/0c/photo0jpg.jpg?w=800&h=400&s=1,https://www.tripadvisor.com/Restaurant_Review-g294197-d10833148-Reviews-Sesangui_Modeun_Achim-Seoul.html,26,4.2,,,,,,,,,,,,,,,,
12381597,Jogaewa Seafood Bar & Restaurant,83-2-777-0317,"Seoul 17, Myeongdong 7-gil, Jung-gu",04534,37.564594,126.98434,"Seafood, Asian, Korean",월 11:00~01:00 / 화 11:00~01:00 / 수 11:00~01:00 / 목 11:00~01:00 / 금 11:00~01:00 / 토 11:00~01:00 / 일 11:00~01:00,,https://dynamic-media-cdn.tripadvisor.com/media/photo-o/26/98/d7/f5/caption.jpg?w=200&h=200&s=1&cx=4371&cy=2305&chk=v1_61d445397c32bc84ce48,https://www.tripadvisor.com/Restaurant_Review-g294197-d12381597-Reviews-Jogaewa_Seafood_Bar_Restaurant-Seoul.html,29,4.0,"Clams, shellfish",A feast of clams and rich broth.,,118964624,https://place.map.kakao.com/118964624,8000,40000,80,true,true,,,,,,kakao
3585169,Dugahun,+82 2-3210-2100,"Seoul 109 Sagan-dong, Chongro-gu",,37.577133,126.97984,European,Tue 12:00~22:00 / Wed 12:00~22:00 / Thu 12:00~22:00 / Fri 12:00~22:00 / Sat 12:00~22:00,,https://dynamic-media-cdn.tripadvisor.com/media/photo-o/26/98/d7/f5/caption.jpg?w=200&h=200&s=1&cx=4371&cy=2305&chk=v1_61d445397c32bc84ce48,https://www.tripadvisor.com/Restaurant_Review-g294197-d3585169-Reviews-Dugahun-Seoul.html,32,4.6,,An Italian course enjoyed in a tranquil hanok.,,16991898,https://place.map.kakao.com/16991898,118000,128000,2,true,,true,,,,,tripadvisor
19266062,Gyodae Galbijib - City Hall,+82 2-778-5582,"Seoul 31, Namdaemun-ro 1-gil, Jung-gu 2F",04526,37.562485,126.977394,Korean,월 11:00~22:00 / 화 11:00~22:00 / 수 11:00~22:00 / 목 11:00~22:00 / 금 11:00~22:00 / 토 11:00~22:00 / 일 11:00~22:00,This is a Korean food restaurant where you can enjoy Korean barbecue. Pork ribs and beef ribs are popular restaurants.,https://dynamic-media-cdn.tripadvisor.com/media/photo-o/1a/72/76/fc/caption.jpg?w=900&h=500&s=1,https://www.tripadvisor.com/Restaurant_Review-g294197-d19266062-Reviews-Gyodae_Galbijib_City_Hall-Seoul.html,31,4.9,Galbi (grilled short ribs),The essence of domestic pork ribs infused with smoky flavors.,,2144279590,https://place.map.kakao.com/2144279590,5000,17000,12,false,true,,true,,,,kakao
32829207,Ok Doenjang Gongdeok Branch,+82 2-2197-1830,Seoul 92 B Building 1st Floor 16,,37.542473,126.95237,"Asian, Korean",월 11:00~23:00 / 화 11:00~23:00 / 수 11:00~23:00 / 목 11:00~23:00 / 금 11:00~22:00 / 토 11:00~23:00 / 일 11:00~23:00,,https://dynamic-media-cdn.tripadvisor.com/media/photo-o/2e/e2/a5/c5/caption.jpg?w=900&h=500&s=1,https://www.tripadvisor.com/Restaurant_Review-g294197-d32829207-Reviews-Ok_Doenjang_Gongdeok_Branch-Seoul.html,9,5.0,"Jjigae (stew), hot pot","Hello, this is Okgwanjang in Gongdeok. We promise to serve you the taste of our mother's doenjang.",,1524430785,https://place.map.kakao.com/1524430785,11000,19000,17,true,,,,,,true,kakao
26232658,Oreno Ramen Gangnam,,"Seoul Gangnam-gu, Yeoksam 1-dong Teheran-ro 1-gil, 28 9 2F",,37.500404,127.02807,"Japanese, Asian, Korean",,,https://dynamic-media-cdn.tripadvisor.com/media/photo-o/29/7c/cc/03/the-boring-tori-paitan.jpg?w=900&h=500&s=1,https://www.tripadvisor.com/Restaurant_Review-g294197-d26232658-Reviews-Oreno_Ramen_Gangnam-Seoul.html,7,4.7,,Deep broth flavor that captivates with rich chicken stock.,,1950857675,https://place.map.kakao.com/1950857675,13000,13000,2,,,,,,,,
5031065,La Goute,+82 2-2218-5770,"Seoul 227-342, Jayang-dong, Gwangjin-gu B-3F, The Classic 500",143854,37.538788,127.07108,"International, Asian, Korean",월 12:00~21:30 / 화 12:00~21:30 / 수 12:00~21:30 / 목 12:00~21:30 / 금 12:00~21:30 / 토 12:00~21:30 / 일 12:00~21:00,,https://dynamic-media-cdn.tripadvisor.com/media/photo-o/2a/7c/ca/fd/caption.jpg?w=900&h=500&s=1,https://www.tripadvisor.com/Restaurant_Review-g294197-d5031065-Reviews-La_Goute-Seoul.html,38,4.3,Buffet,A grand celebration of fresh seafood and gourmet dishes.,,12765080,https://place.map.kakao.com/12765080,20000,48000,10,true,true,true,true,,,,kakao
5979642,Noonaholdak Hongdae,+82 2-332-6663,"Seoul 129, Eoulmadang-ro, Mapo-gu",04050,37.555965,126.92439,"Asian, Korean",월 12:00~02:00 / 화 12:00~02:00 / 수 12:00~02:00 / 목 12:00~02:00 / 금 12:00~03:00 / 토 12:00~03:00 / 일 12:00~02:00,,https://dynamic-media-cdn.tripadvisor.com/media/photo-o/26/98/d7/f5/caption.jpg?w=200&h=200&s=1&cx=4371&cy=2305&chk=v1_61d445397c32bc84ce48,https://www.tripadvisor.com/Restaurant_Review-g294197-d5979642-Reviews-Noonaholdak_Hongdae-Seoul.html,30,4.4,Korean fried chicken,Healthy boneless chicken enjoyed on the rooftop.,,15056312,https://place.map.kakao.com/15056312,,,,,true,,,,,,kakao
26719651,Niroumianguan,+82 70-4213-5678,Seoul 75-2 Cheonggyecheon-ro Jongno-gu,,37.51502,127.01647,"Chinese, Asian",Sun 11:00~22:00 / Mon 11:00~22:00 / Tue 11:00~22:00 / Wed 11:00~22:00 / Thu 11:00~22:00 / Fri 11:00~22:00 / Sat 11:00~22:00,,https://dynamic-media-cdn.tripadvisor.com/media/photo-o/26/98/d7/f5/caption.jpg?w=200&h=200&s=1&cx=4371&cy=2305&chk=v1_61d445397c32bc84ce48,https://www.tripadvisor.com/Restaurant_Review-g294197-d26719651-Reviews-Niroumianguan-Seoul.html,10,4.7,,,,,,,,,,,,,,,,tripadvisor
34161377,Gobangchae Seoyeouido KBS 3Hojeom,+820507-1356-1171,Seoul Yeongdeungpogu Gughoedaelo 62 Gil 25 1 Cheung,07236,37.52624,126.91772,"Asian, Korean",월 11:00~22:30 / 화 11:00~22:30 / 수 11:00~22:30 / 목 11:00~22:30 / 금 11:00~22:30 / 토 11:00~22:00,,https://dynamic-media-cdn.tripadvisor.com/media/photo-o/26/98/d7/f5/caption.jpg?w=200&h=200&s=1&cx=4371&cy=2305&chk=v1_61d445397c32bc84ce48,https://www.tripadvisor.com/Restaurant_Review-g294197-d34161377-Reviews-Gobangchae_Seoyeouido_KBS_3Hojeom-Seoul.html,16,5.0,Korean,"A modern Korean restaurant in Yeouido, perfect for family gatherings and meetings, located in front of KBS near the National Assembly Station.",,1497201274,https://place.map.kakao.com/1497201274,12000,45000,38,true,,,,,,true,kakao
3438893,Agurang Kkokerang,+82 2-2268-5554,"Seoul 24-31 Jangchung-dong 2-ga, Jung-gu",,37.560787,127.005226,,,,https://dynamic-media-cdn.tripadvisor.com/media/photo-o/0f/23/3c/ba/photo2jpg.jpg?w=900&h=500&s=1,https://www.tripadvisor.com/Restaurant_Review-g294197-d3438893-Reviews-Agurang_Kkokerang-Seoul.html,97,4.5,"Seafood, fish",,,10603544,https://place.map.kakao.com/10603544,10000,10000,6,,,,,,,,
9244976,Byeoryangjip,+82 2-501-2937,Seoul 17 Teheran-ro 43-gil,06147,,,"Barbecue, Asian, Korean, Grill, Indigenous",Sun 12:00~05:00 / Mon 12:00~05:00 / Tue 12:00~05:00 / Wed 12:00~05:00 / Thu 12:00~05:00 / Fri 12:00~05:00 / Sat 12:00~05:00,,https://dynamic-media-cdn.tripadvisor.com/media/photo-o/16/66/f7/dc/photo3jpg.jpg?w=900&h=500&s=1,https://www.tripadvisor.com/Restaurant_Review-g294197-d9244976-Reviews-Byeoryangjip-Seoul.html,12,4.9,,,,,,,,,,,,,,,,tripadvisor
9974966,Sandeulhae Yangjae,+82 2-579-3457,"Seoul 213, Gangnam-daero, Seocho-gu B1F, L Tower",06749,37.504578,127.00066,"Seafood, Asian, Korean, Grill, Healthy",월 11:10~21:00 / 화 11:10~21:00 / 수 11:10~21:00 / 목 11:10~21:00 / 금 11:10~21:00 / 토 11:10~21:00 / 일 11:10~21:00,,https://dynamic-media-cdn.tripadvisor.com/media/photo-o/13/f2/22/39/photo0jpg.jpg?w=900&h=500&s=1,https://www.tripadvisor.com/Restaurant_Review-g294197-d9974966-Reviews-Sandeulhae_Yangjae-Seoul.html,29,4.3,Hanjeongsik (Korean course meal),Enjoy a generous spread with unlimited refills of side dishes.,일 20:00 / 월 20:00 / 화 20:00 / 수 20:00 / 목 20:00 / 금 20:00 / 토 20:00,9063870,https://place.map.kakao.com/9063870,15000,21000,9,true,true,true,,,,,kakao
10229475,Beef of Love,+82 2-794-3313,"Seoul 4 Sajikro 8 Gil, Jongno-gu 1F",03168,37.574383,126.96885,"Steakhouse, Barbecue, Korean, Wine Bar",월 11:00~22:00 / 화 11:00~22:00 / 수 11:00~22:00 / 목 11:00~22:00 / 금 11:00~22:00 / 토 11:30~22:00 / 일 11:30~22:00,"Beef of Love (Sarang E Gogi) is Korean Premium beef barbeque restaurant, located in ROYAL PALACE ( Gyeongbokgung ) You can enjoy the top-class premium Korean aged beef barbeque which would give you very unique experience. Corkage is Free.",https://dynamic-media-cdn.tripadvisor.com/media/photo-o/11/09/a1/6f/getlstd-property-photo.jpg?w=900&h=500&s=1,https://www.tripadvisor.com/Restaurant_Review-g294197-d10229475-Reviews-Beef_of_Love-Seoul.html,31,4.7,"Meat, Korean BBQ",,,1908019926,https://place.map.kakao.com/1908019926,11000,13500,14,,,,,,,,kakao
12207690,Doma Insadong,+82 2-733-9376,"Seoul 6-1 Insadong 8-gil, Jongno-gu",03148,37.573742,126.98588,"Asian, Korean",월 11:30~21:00 / 화 11:30~21:00 / 수 11:30~21:00 / 목 11:30~21:00 / 금 11:30~21:00 / 토 11:30~21:00 / 일 11:30~21:00,,https://dynamic-media-cdn.tripadvisor.com/media/photo-o/26/98/d7/f5/caption.jpg?w=200&h=200&s=1&cx=4371&cy=2305&chk=v1_61d445397c32bc84ce48,https://www.tripadvisor.com/Restaurant_Review-g294197-d12207690-Reviews-Doma_Insadong-Seoul.html,19,4.2,Korean,"Reservations available on Naver and by phone, both weekdays and weekends!",,1367229148,https://place.map.kakao.com/1367229148,16000,21500,13,,,,,,,,kakao
20260781,MODOWOO Gwanghwamun,+82 2-6016-6916,"Seoul 6, Yulgok-ro, Jongno-gu Twin Tree Tower B Building M Floor",03142,37.57608,126.976814,"Seafood, Asian, Korean, Japanese Fusion",월 11:30~22:00 / 화 11:30~22:00 / 수 11:30~22:00 / 목 11:30~22:00 / 금 11:30~22:00 / 토 11:30~22:00 / 일 11:30~22:00,,https://dynamic-media-cdn.tripadvisor.com/media/photo-o/1b/20/ae/f1/caption.jpg?w=900&h=500&s=1,https://www.tripadvisor.com/Restaurant_Review-g294197-d20260781-Reviews-MODOWOO_Gwanghwamun-Seoul.html,14,5.0,Shabu-shabu (hot pot),"Welcome to 'Modow Gwanghwamun', a Korean beef dining experience.",일 21:00 / 월 21:00 / 화 21:00 / 수 21:00 / 목 21:00 / 금 21:00 / 토 21:00,2134704002,https://place.map.kakao.com/2134704002,5000,55000,27,true,,,,,,,kakao
26500465,Jeju Mihyang Haejang,+82 2-6949-3353,"Seoul 46, Gyeongdongsijang-ro 10-gil, Dongdaemun-gu",02573,37.581276,127.04323,"Asian, Korean, Healthy",월 00:00~24:00 / 화 00:00~24:00 / 수 00:00~24:00 / 목 00:00~24:00 / 금 00:00~24:00 / 토 00:00~24:00 / 일 00:00~24:00,,https://dynamic-media-cdn.tripadvisor.com/media/photo-o/26/98/d7/f5/caption.jpg?w=200&h=200&s=1&cx=4371&cy=2305&chk=v1_61d445397c32bc84ce48,https://www.tripadvisor.com/Restaurant_Review-g294197-d26500465-Reviews-Jeju_Mihyang_Haejang-Seoul.html,10,5.0,Haejangguk (hangover soup),A hearty bowl of spicy hangover soup filled with brisket.,,1373495780,https://place.map.kakao.com/1373495780,4000,13900,30,false,true,,true,,,,kakao
2690788,Saffron Restaurant - Seoul,+82 2-6361-8644,"Seoul 78, Namdaemun-ro, Jung-gu Lotte City Hotel",04534,37.56423,126.98301,"Asian, Middle Eastern, Pakistani, Arabic",Sun 11:00~23:00 / Mon 11:00~23:00 / Tue 11:00~23:00 / Wed 11:00~23:00 / Thu 11:00~23:00 / Fri 11:00~23:00 / Sat 11:00~23:00,"Saffron Restaurant located in Myeongdong, Seoul serves Halal Food, not a specific cuisine but Royal Islamic Cuisine ranging from Chicken, Mutton, Seafood to several Vegetarian options at its best",https://dynamic-media-cdn.tripadvisor.com/media/photo-o/26/98/d7/f5/caption.jpg?w=200&h=200&s=1&cx=4371&cy=2305&chk=v1_61d445397c32bc84ce48,https://www.tripadvisor.com/Restaurant_Review-g294197-d2690788-Reviews-Saffron_Restaurant_Seoul-Seoul.html,107,3.8,,,,,,,,,,,,,,,,tripadvisor
3922433,Neutinamu Seolleongtang,+82 2-2234-9713,"Seoul 251-131 Sindang-dong, Jung-gu",,37.566704,127.01284,"Asian, Korean",월 10:00~22:00 / 화 10:00~22:00 / 수 10:00~22:00 / 목 10:00~22:00 / 금 10:00~22:00 / 토 10:00~22:00,,https://dynamic-media-cdn.tripadvisor.com/media/photo-o/26/98/d7/f5/caption.jpg?w=200&h=200&s=1&cx=4371&cy=2305&chk=v1_61d445397c32bc84ce48,https://www.tripadvisor.com/Restaurant_Review-g294197-d3922433-Reviews-Neutinamu_Seolleongtang-Seoul.html,90,4.2,Seolleongtang (ox bone soup),Savor a bowl of deep and comforting seolleongtang that carries the weight of time.,월 21:30 / 화 21:30 / 수 21:30 / 목 21:30 / 금 21:30 / 토 21:30,8853925,https://place.map.kakao.com/8853925,9000,16000,5,false,true,,,,,,kakao
9355466,On the Border - L otte World Mall,+82 2-3213-4615,"Seoul 300, Olympic-ro, Songpa-gu 6F",05551,37.51347,127.103714,Mexican,,,https://dynamic-media-cdn.tripadvisor.com/media/photo-o/0f/5d/e5/9a/otb-wlm.jpg?w=900&h=500&s=1,https://www.tripadvisor.com/Restaurant_Review-g294197-d9355466-Reviews-On_the_Border_L_otte_World_Mall-Seoul.html,40,4.2,,,,,,,,,,,,,,,,
13504891,Poop Cafe,+82 2-722-1088,"Seoul 44, Insadong-gil, Jongno-gu 4th Floor, Ssamzigil Mall",03146,37.57435,126.98491,"Cafe, Contemporary",Sun 10:30~21:00 / Mon 10:30~21:00 / Tue 10:30~21:00 / Wed 10:30~21:00 / Thu 10:30~21:00 / Fri 10:30~21:00 / Sat 10:30~21:00,,https://dynamic-media-cdn.tripadvisor.com/media/photo-o/26/98/d7/f5/caption.jpg?w=200&h=200&s=1&cx=4371&cy=2305&chk=v1_61d445397c32bc84ce48,https://www.tripadvisor.com/Restaurant_Review-g294197-d13504891-Reviews-Poop_Cafe-Seoul.html,46,3.4,,,,,,,,,,,,,,,,tripadvisor
2072711,Luna Asia Indian Restaurant,+82 2-562-7992,"Seoul 15, Samseong-ro 100-gil, Gangnam-gu",06166,37.509758,127.056755,"Indian, Asian, Deli, Nepali, Bangladeshi",월 11:00~22:00 / 화 11:00~22:00 / 수 11:00~22:00 / 목 11:00~22:00 / 금 11:00~22:00 / 토 12:00~21:00 / 일 12:00~21:00,,https://dynamic-media-cdn.tripadvisor.com/media/photo-o/26/98/d7/f5/caption.jpg?w=200&h=200&s=1&cx=4371&cy=2305&chk=v1_61d445397c32bc84ce48,https://www.tripadvisor.com/Restaurant_Review-g294197-d2072711-Reviews-Luna_Asia_Indian_Restaurant-Seoul.html,53,4.2,Indian,Authentic Indian curry made by local chefs.,,11732885,https://place.map.kakao.com/11732885,3000,18000,11,true,,,,,,,kakao
5287810,Seowon,+82 2-776-0214,"Seoul 62-8, Chungmuro 2-ga, Jung-gu",,37.56115,126.98758,"Asian, Korean",월 07:00~17:00 / 화 07:00~17:00 / 수 07:00~17:00 / 목 07:00~17:00 / 금 07:00~17:00 / 토 07:00~17:00 / 일 07:00~14:00,,https://dynamic-media-cdn.tripadvisor.com/media/photo-o/26/98/d7/f5/caption.jpg?w=200&h=200&s=1&cx=4371&cy=2305&chk=v1_61d445397c32bc84ce48,https://www.tripadvisor.com/Restaurant_Review-g294197-d5287810-Reviews-Seowon-Seoul.html,36,4.2,Juk (rice porridge),,,10504159,https://place.map.kakao.com/10504159,6000,13000,10,,,,,,,,kakao
34298799,seonleung cheong-wadaesogeumgu-i,+82 10-7231-8785,Seoul Seonleunglo 94gil 15 1cheung 105~107ho,,37.506207,127.049866,,월 11:00~06:00 / 화 11:00~06:00 / 수 11:00~06:00 / 목 11:00~06:00 / 금 16:00~21:00 / 토 16:00~21:00 / 일 16:00~21:00,"""【Seoul Certified Restaurant — Cheongwadae Sogeum Gui, Seolleung】 We serve only the top 0.3% of premium Korean pork, YBD (Yorkshire, Berkshire, Duroc), offering a level of quality beyond ordinary pork. Enjoy the true essence of Korean pork — rich juiciness, deep aroma, and savory flavor — perfectly enhanced by pristine Shinan sea salt and premium wasabi. Our carefully selected cuts and well-balanced menu highlight the natural depth and character of each part. With an elegant atmosphere and exceptional service, we provide the perfect setting for business dinners, special occasions, and true food enthusiasts seeking a refined dining experience.""",https://dynamic-media-cdn.tripadvisor.com/media/photo-o/26/98/d7/f5/caption.jpg?w=200&h=200&s=1&cx=4371&cy=2305&chk=v1_61d445397c32bc84ce48,https://www.tripadvisor.com/Restaurant_Review-g294197-d34298799-Reviews-Seonleung_cheong_wadaesogeumgu_i-Seoul.html,12,5.0,"Meat, Korean BBQ",The essence of premium Korean pork grilling service.,,2020318559,https://place.map.kakao.com/2020318559,7000,26000,18,,,,,,,,kakao
4029280,Bonjuk Insadong,+82 2-722-6288,"Seoul 155-9, Gwanhun-dong, Jongno-gu",,37.574738,126.98405,"Asian, Korean",월 08:00~20:00 / 화 08:00~20:00 / 수 08:00~20:00 / 목 08:00~20:00 / 금 09:00~16:00 / 토 09:00~16:00 / 일 09:00~16:00,,https://dynamic-media-cdn.tripadvisor.com/media/photo-o/26/98/d7/f5/caption.jpg?w=200&h=200&s=1&cx=4371&cy=2305&chk=v1_61d445397c32bc84ce48,https://www.tripadvisor.com/Restaurant_Review-g294197-d4029280-Reviews-Bonjuk_Insadong-Seoul.html,33,4.2,Fusion Korean,Enjoy a healthy meal in a sunlit second floor.,일 15:00 / 월 19:00 / 화 19:00 / 수 19:00 / 목 19:00 / 금 15:00 / 토 15:00,7901136,https://place.map.kakao.com/7901136,7500,13500,30,false,,,,true,,,kakao
12804718,SIGNIEL Seoul The Lounge,+82 2-3213-1212,"Seoul 300, Olympic-ro, Songpa-gu 79F, Lotte World Tower",05551,37.512768,127.10255,"French, Cafe",월 11:00~22:00 / 화 11:00~22:00 / 수 11:00~22:00 / 목 11:00~22:00 / 금 11:00~22:00 / 토 11:00~22:00 / 일 11:00~22:00,"Equipped with luxuriously designed interior, The Lounge of SIGNIEL Seoul is the ultimate healing space that brings out the luxurious and unique image of Seoul. An all-day dining menu by world class chef Yannick Alleno is available for guests to enjoy a casual meal. • French afternoon tea set, Le Gouter SIGNIEL • Sandwich, Salad, Pasta, Steak, Dessert",https://dynamic-media-cdn.tripadvisor.com/media/photo-o/26/98/d7/f5/caption.jpg?w=200&h=200&s=1&cx=4371&cy=2305&chk=v1_61d445397c32bc84ce48,https://www.tripadvisor.com/Restaurant_Review-g294197-d12804718-Reviews-SIGNIEL_Seoul_The_Lounge-Seoul.html,27,4.2,Western,Enjoy an elegant tea time on the 79th floor.,,765138632,https://place.map.kakao.com/765138632,19000,21000,14,true,true,true,true,true,,,kakao
9227593,Two Two Chicken,+82 2-318-5136,"Seoul 20-1, myeongdong7-Gil",,37.564766,126.9844,"Fast Food, Asian, Korean",월 11:00~01:00 / 화 11:00~01:00 / 수 11:00~01:00 / 목 11:00~01:00 / 금 11:00~01:00 / 토 11:00~01:00 / 일 11:00~01:00,,https://dynamic-media-cdn.tripadvisor.com/media/photo-o/26/98/d7/f5/caption.jpg?w=200&h=200&s=1&cx=4371&cy=2305&chk=v1_61d445397c32bc84ce48,https://www.tripadvisor.com/Restaurant_Review-g294197-d9227593-Reviews-Two_Two_Chicken-Seoul.html,70,3.6,Korean fried chicken,,,7861725,https://place.map.kakao.com/7861725,,,,,,,,,,,kakao
4085151,Gombawi,+82 2-511-0068,"Seoul 76-10, Samseong-dong, Gangnam-gu",,37.51508,127.05926,"Asian, Korean",월 11:00~22:00 / 화 11:00~22:00 / 수 11:00~22:00 / 목 11:00~22:00 / 금 11:00~22:00 / 토 11:00~22:00 / 일 11:00~22:00,,https://dynamic-media-cdn.tripadvisor.com/media/photo-o/26/98/d7/f5/caption.jpg?w=200&h=200&s=1&cx=4371&cy=2305&chk=v1_61d445397c32bc84ce48,https://www.tripadvisor.com/Restaurant_Review-g294197-d4085151-Reviews-Gombawi-Seoul.html,34,4.5,Gopchang (grilled beef intestines),Enjoy the deep umami of aged hanwoo beef gopchang jeongol.,일 21:30 / 월 21:30 / 화 21:30 / 수 21:30 / 목 21:30 / 금 21:30 / 토 21:30,1869730586,https://place.map.kakao.com/1869730586,13000,59000,17,true,true,true,true,,,,kakao
1140450,Insadong Sujebi,+82 2-735-5481,"Seoul 14-1, Insadong 8-gil, Jongno-gu",,,,"Asian, Korean, Soups",월 11:30~20:50 / 화 11:30~20:50 / 수 11:30~20:50 / 목 11:30~20:50 / 금 11:30~20:50 / 토 11:30~20:50 / 일 11:30~20:50,,https://dynamic-media-cdn.tripadvisor.com/media/photo-o/26/98/d7/f5/caption.jpg?w=200&h=200&s=1&cx=4371&cy=2305&chk=v1_61d445397c32bc84ce48,https://www.tripadvisor.com/Restaurant_Review-g294197-d1140450-Reviews-Insadong_Sujebi-Seoul.html,36,4.3,Sujebi (hand-torn noodle soup),Nutty perilla dumplings served in a jar.,일 15:20 / 토 15:20,11162975,https://place.map.kakao.com/11162975,9000,10500,6,true,,,,,,,kakao
5035631,Tani Next Door,,,,,,,,,,https://www.tripadvisor.com/Restaurant_Review-g294197-d5035631-Reviews-Tani_Next_Door-Seoul.html,23,4.6,,,,,,,,,,,,,,,,
9238473,Sonyeo Bangatgan,+82 2-6268-0778,"Seoul 9-16, Wangsimni-ro 5-gil, Seongdong-gu",04768,37.54656,127.04419,"Asian, Korean",월 11:30~20:30 / 화 11:30~20:30 / 수 11:30~20:30 / 목 11:30~20:30 / 금 11:30~20:30 / 토 11:30~20:30 / 일 11:30~20:30,,https://dynamic-media-cdn.tripadvisor.com/media/photo-o/0c/a3/76/9d/caption.jpg?w=900&h=500&s=1,https://www.tripadvisor.com/Restaurant_Review-g294197-d9238473-Reviews-Sonyeo_Bangatgan-Seoul.html,22,4.2,Korean,Every heart has a girl inside. We will always prepare healthy meals with a neat and simple heart.,일 20:00 / 월 20:00 / 화 20:00 / 수 20:00 / 목 20:00 / 금 20:00 / 토 20:00,26510896,https://place.map.kakao.com/26510896,4000,12800,12,true,,,,,,true,kakao
8762265,Seoga & Cook Time Square,+82 2-2638-2540,"Seoul 15, Yeongjung-ro, Yeongdeungpo-gu 4F Time Square",07305,37.555065,126.97139,,월 11:00~22:00 / 화 11:00~22:00 / 수 11:00~22:00 / 목 11:00~22:00 / 금 11:00~22:00 / 토 11:00~22:00 / 일 11:00~22:00,,https://dynamic-media-cdn.tripadvisor.com/media/photo-o/26/98/d7/f5/caption.jpg?w=200&h=200&s=1&cx=4371&cy=2305&chk=v1_61d445397c32bc84ce48,https://www.tripadvisor.com/Restaurant_Review-g294197-d8762265-Reviews-Seoga_Cook_Time_Square-Seoul.html,39,4.0,Western,Savor a hearty meal of grilled pork neck in a spacious and pleasant environment.,,23151383,https://place.map.kakao.com/23151383,,,,true,true,,true,true,,,kakao
8931951,Loco Quan 401 Restaurant,+82 2-325-0805,"Seoul 23, Jandari-ro, Mapo-gu",04043,37.56222,126.98542,"Barbecue, Asian, Korean",월 16:00~02:00 / 화 16:00~02:00 / 수 16:00~02:00 / 목 16:00~02:00 / 금 16:00~02:00 / 토 16:00~02:00 / 일 16:00~02:00,,https://dynamic-media-cdn.tripadvisor.com/media/photo-o/26/98/d7/f5/caption.jpg?w=200&h=200&s=1&cx=4371&cy=2305&chk=v1_61d445397c32bc84ce48,https://www.tripadvisor.com/Restaurant_Review-g294197-d8931951-Reviews-Loco_Quan_401_Restaurant-Seoul.html,73,3.8,"Meat, Korean BBQ",A meat lover's paradise filled with celebrity autographs.,,1150128584,https://place.map.kakao.com/1150128584,6000,17000,10,false,true,,,,,,kakao
6960509,Jinju Hoegwan,+82 2-753-5388,"Seoul 26, Sejong-daero 11-gil, Jung-gu",04513,37.56237,126.97462,,월 11:00~21:00 / 화 11:00~21:00 / 수 11:00~21:00 / 목 11:00~21:00 / 금 11:00~21:00 / 토 11:00~20:00,,https://dynamic-media-cdn.tripadvisor.com/media/photo-o/1b/4d/5c/c8/caption.jpg?w=900&h=500&s=1,https://www.tripadvisor.com/Restaurant_Review-g294197-d6960509-Reviews-Jinju_Hoegwan-Seoul.html,77,4.0,Noodles,The perfect balance of rich soybean milk and sweet kimchi.,월 20:30 / 화 20:30 / 수 20:30 / 목 20:30 / 금 20:30 / 토 19:30,11152625,https://place.map.kakao.com/11152625,12000,18000,8,true,true,true,,,,,kakao
14998705,Nirvana Indian Kitchen,+82 2-720-1910,"Seoul 58, Insadong-gil, Jongno-gu 2F",03146,,,"Indian, International, Asian, Middle Eastern",Sun 11:30~14:30 / Sun 17:00~20:30 / Mon 11:30~14:30 / Mon 17:00~20:30 / Wed 11:30~14:30 / Wed 17:00~20:30 / Thu 11:30~14:30 / Thu 17:00~20:30 / Fri 11:30~14:30 / Fri 17:00~20:30 / Sat 11:30~14:30 / Sat 17:00~20:30,"Nirvana is an Indian Halal Restaurant in Downtown Seoul's famous Insa-dong street. Nirvana is the latest project of two very established figures in Seoul's Indian Food scene, each of whom have opened over 10 restaurants across the city. At Nirvana, we strive to serve both quality interpretations of classic dishes & hidden gems from India's diverse culinary landscape.",https://dynamic-media-cdn.tripadvisor.com/media/photo-o/26/98/d7/f5/caption.jpg?w=200&h=200&s=1&cx=4371&cy=2305&chk=v1_61d445397c32bc84ce48,https://www.tripadvisor.com/Restaurant_Review-g294197-d14998705-Reviews-Nirvana_Indian_Kitchen-Seoul.html,29,4.6,,,,,,,,,,,,,,,,tripadvisor
2479028,The Pizza Peel,+82 2-795-3283,"Seoul 59 Cheonggyecheon-ro, Jongro-gu 2F",03189,37.533974,126.98908,"Italian, Pizza",Mon 11:00~14:00 / Mon 17:00~22:00 / Tue 11:00~14:00 / Tue 17:00~22:00 / Wed 11:00~14:00 / Wed 17:00~22:00 / Thu 11:00~14:00 / Thu 17:00~22:00 / Fri 11:00~14:00 / Fri 17:00~22:00 / Sat 12:00~22:00,,https://dynamic-media-cdn.tripadvisor.com/media/photo-o/26/98/d7/f5/caption.jpg?w=200&h=200&s=1&cx=4371&cy=2305&chk=v1_61d445397c32bc84ce48,https://www.tripadvisor.com/Restaurant_Review-g294197-d2479028-Reviews-The_Pizza_Peel-Seoul.html,96,4.4,,A light and flavorful wood-fired pizza with a New York vibe.,,1397192634,https://place.map.kakao.com/1397192634,16000,16000,3,,,,,,,,tripadvisor
29004603,Hwayeonsanjang,+82 2-544-9282,"Seoul 12, Seolleung-ro 152-gil Dam Building 1st. Floor",06014,37.524124,127.040596,"Chinese, Japanese, American, Asian, Korean, Grill, Diner, Beer restaurants",월 11:30~22:00 / 화 11:30~22:00 / 수 11:30~22:00 / 목 11:30~22:00 / 금 11:30~22:00 / 토 11:30~22:00 / 일 11:30~22:00,"It is a representative barbecue restaurant in Korea. Located at exit 4 of Apgujeong Rodeo Station, you can feel the juicy taste in your mouth by smoking rice straw and first applying domestic charcoal. Korean beef and pork are both popular in Apgujeong, Gangnam, the center of Seoul, The indoor interior with a mountain cabin feel is a fantastic place. It is a must-visit restaurant on a trip to Korea.",https://dynamic-media-cdn.tripadvisor.com/media/photo-o/26/98/d7/f5/caption.jpg?w=200&h=200&s=1&cx=4371&cy=2305&chk=v1_61d445397c32bc84ce48,https://www.tripadvisor.com/Restaurant_Review-g294197-d29004603-Reviews-Hwayeonsanjang-Seoul.html,10,5.0,"Meat, Korean BBQ",A meat restaurant with a cozy cabin vibe nestled in the woods.,일 21:00 / 월 21:00 / 화 21:00 / 수 21:00 / 목 21:00 / 금 21:00 / 토 21:00,2127548406,https://place.map.kakao.com/2127548406,4000,9000,10,true,true,true,,,,,kakao
3922841,Ouga,+82 2-753-7533,Seoul 12-13 Chungmuro 2-ga Jung-gu,,37.561707,126.987274,"Barbecue, Asian, Korean",월 11:00~22:00 / 화 11:00~22:00 / 수 11:00~22:00 / 목 11:00~22:00 / 금 11:00~22:00 / 토 11:00~22:00 / 일 11:00~22:00,,https://dynamic-media-cdn.tripadvisor.com/media/photo-o/26/98/d7/f5/caption.jpg?w=200&h=200&s=1&cx=4371&cy=2305&chk=v1_61d445397c32bc84ce48,https://www.tripadvisor.com/Restaurant_Review-g294197-d3922841-Reviews-Ouga-Seoul.html,71,4.2,Ssambap (rice with leaf wraps),A delightful combination of nutty ssamjang and healthy stone pot rice.,,21326384,https://place.map.kakao.com/21326384,10000,15500,10,false,true,,,,,,kakao
1371510,Everest,+82 2-766-8850,"Seoul 148-1 Changsin-dong, Jongno-gu",110540,37.5726,127.01274,"Indian, Asian, Tibetan, Nepali",월 11:00~22:00 / 화 11:00~22:00 / 수 11:00~22:00 / 목 11:00~22:00 / 금 11:00~22:00 / 토 11:00~22:00 / 일 11:00~22:00,,https://dynamic-media-cdn.tripadvisor.com/media/photo-o/26/98/d7/f5/caption.jpg?w=200&h=200&s=1&cx=4371&cy=2305&chk=v1_61d445397c32bc84ce48,https://www.tripadvisor.com/Restaurant_Review-g294197-d1371510-Reviews-Everest-Seoul.html,122,4.1,Indian,"Everest, a Nepalese/Indian specialty restaurant with over 20 years of history since 2002.",,77215610,https://place.map.kakao.com/77215610,12000,13000,14,,,,,,,,kakao
4826338,Brew 3.14,+82 70-4178-3014,"Seoul 39, Donhwamun-ro 11na-gil, Jongno-gu 1f",03132,37.5745,126.98994,"Bar, Pizza, Pub",월 17:00~01:00 / 화 17:00~01:00 / 수 17:00~01:00 / 목 17:00~01:00 / 금 17:00~01:00 / 토 16:00~01:00,"A local craft brew bistro that offers a range of excellent craft beers and handmade pizzas and calzones. We offer bomb shots such as a pomegranate whisky bomb and a gin bomb which are made with great Craftwork's Beers. We are conveniently located over by Jongno, right across from the Jongno tax office and behind the new Ibis Hotel. Come by soon for a beer, a pie, and good times.",https://dynamic-media-cdn.tripadvisor.com/media/photo-o/26/98/d7/f5/caption.jpg?w=200&h=200&s=1&cx=4371&cy=2305&chk=v1_61d445397c32bc84ce48,https://www.tripadvisor.com/Restaurant_Review-g294197-d4826338-Reviews-Brew_3_14-Seoul.html,200,4.5,Pizza,Craft beer and artisanal pizza infused with truffle aroma.,,21566385,https://place.map.kakao.com/21566385,10000,12000,5,,,,,,,,kakao
2422441,Sushi Cho,+82 2-317-0373,"Seoul The Westin Chosun Seoul Hotel , 87 Sogong-Dong, Jung-gu",,37.564453,126.979706,"Japanese, Sushi, Asian",월 12:00~22:00 / 화 12:00~22:00 / 수 12:00~22:00 / 목 12:00~22:00 / 금 12:00~22:00 / 토 12:00~22:00 / 일 12:00~22:00,,https://dynamic-media-cdn.tripadvisor.com/media/photo-o/26/98/d7/f5/caption.jpg?w=200&h=200&s=1&cx=4371&cy=2305&chk=v1_61d445397c32bc84ce48,https://www.tripadvisor.com/Restaurant_Review-g294197-d2422441-Reviews-Sushi_Cho-Seoul.html,74,3.9,"Sushi, rolls",An upscale sushi omakase experience on the 20th floor of a hotel.,일 21:30 / 월 21:30 / 화 21:30 / 수 21:30 / 목 21:30 / 금 21:30 / 토 21:30,21306205,https://place.map.kakao.com/21306205,12000,20500,12,true,,true,,,,,kakao
8896421,Chaegeundaam,+82 2-555-9173,"Seoul 23, Yeoksam-ro 98-gil, Gangnam-gu B1f",06188,37.503643,127.06509,"Asian, Korean",Sun 12:00~15:00 / Sun 18:00~22:00 / Mon 12:00~15:00 / Mon 18:00~22:00 / Tue 12:00~15:00 / Tue 18:00~22:00 / Wed 12:00~15:00 / Wed 18:00~22:00 / Thu 12:00~15:00 / Thu 18:00~22:00 / Fri 12:00~15:00 / Fri 18:00~22:00 / Sat 12:00~15:00 / Sat 18:00~22:00,,https://dynamic-media-cdn.tripadvisor.com/media/photo-o/26/98/d7/f5/caption.jpg?w=200&h=200&s=1&cx=4371&cy=2305&chk=v1_61d445397c32bc84ce48,https://www.tripadvisor.com/Restaurant_Review-g294197-d8896421-Reviews-Chaegeundaam-Seoul.html,43,4.5,,,,,,,,,,,,,,,,tripadvisor
13412735,Just 1 The Chicken,+82 2-565-5335,"Seoul 12-3, Gangnam-daero 98-gil",06129,37.500576,127.02789,"Fast Food, Korean, Fusion",월 13:00~24:00 / 화 13:00~24:00 / 수 13:00~24:00 / 목 13:00~24:00 / 금 13:00~24:00 / 토 13:00~24:00 / 일 13:00~24:00,,https://dynamic-media-cdn.tripadvisor.com/media/photo-o/26/98/d7/f5/caption.jpg?w=200&h=200&s=1&cx=4371&cy=2305&chk=v1_61d445397c32bc84ce48,https://www.tripadvisor.com/Restaurant_Review-g294197-d13412735-Reviews-Just_1_The_Chicken-Seoul.html,26,4.6,Korean fried chicken,Indulge in self-serve beer and cheese-filled panne chicken.,일 23:00 / 월 23:00 / 화 23:00 / 수 23:00 / 목 23:00 / 금 23:00 / 토 23:00,1757399379,https://place.map.kakao.com/1757399379,13900,18900,13,,,,,,,,kakao
25547019,Urban Plant Myeongdong,+82 50-71480-0154,Seoul 38 Myeongdong 8na-gil 1F,,37.56134,126.98366,"American, Asian, Healthy, Japanese sweets parlour",Sun 10:00~22:00 / Mon 10:00~22:00 / Tue 10:00~22:00 / Wed 10:00~22:00 / Thu 10:00~22:00 / Fri 10:00~22:00 / Sat 10:00~22:00,,https://dynamic-media-cdn.tripadvisor.com/media/photo-o/28/f0/80/17/urban-plant-myeongdong.jpg?w=900&h=500&s=1,https://www.tripadvisor.com/Restaurant_Review-g294197-d25547019-Reviews-Urban_Plant_Myeongdong-Seoul.html,21,5.0,,,,,,,,,,,,,,,,tripadvisor
2080573,Onedang Gamjatang Myeongdong 2,+82 2-757-7612,"Seoul 35, Myeongdong 8na-gil, Jung-gu",04535,37.561386,126.982956,"Asian, Korean",,,https://dynamic-media-cdn.tripadvisor.com/media/photo-o/26/98/d7/f5/caption.jpg?w=200&h=200&s=1&cx=4371&cy=2305&chk=v1_61d445397c32bc84ce48,https://www.tripadvisor.com/Restaurant_Review-g294197-d2080573-Reviews-Onedang_Gamjatang_Myeongdong_2-Seoul.html,87,4.1,Gamjatang (pork bone stew),A hearty bowl of spicy potato soup loaded with sesame powder.,,8036168,https://place.map.kakao.com/8036168,,,,,,,,,,,
9205497,Yuk Tongryeong,+82 2-778-8592,"Seoul 37-2, myeongdong8na-Gil",,37.56135,126.982735,"Barbecue, Asian, Korean",월 11:30~23:00 / 화 11:30~23:00 / 수 11:30~23:00 / 목 11:30~23:00 / 금 11:30~23:00 / 토 11:30~23:00 / 일 11:30~23:00,,https://dynamic-media-cdn.tripadvisor.com/media/photo-o/26/98/d7/f5/caption.jpg?w=200&h=200&s=1&cx=4371&cy=2305&chk=v1_61d445397c32bc84ce48,https://www.tripadvisor.com/Restaurant_Review-g294197-d9205497-Reviews-Yuk_Tongryeong-Seoul.html,32,4.3,"Meat, Korean BBQ",Savor the rich taste of aged black pork belly.,일 22:15 / 월 22:15 / 화 22:15 / 수 22:15 / 목 22:15 / 금 22:15 / 토 22:15,21748255,https://place.map.kakao.com/21748255,8000,17500,12,true,true,,true,,,,kakao
13557163,Bareun Sainggalbi - Jongno Myodong,+82 2-6338-2341,"Seoul 53-2, Donhwamun-ro, Jongno-gu",03133,37.573086,126.99116,"Barbecue, Asian, Korean, Grill",Sun 16:00~23:00 / Mon 16:00~23:00 / Tue 16:00~23:00 / Wed 16:00~23:00 / Thu 16:00~23:00 / Fri 16:00~23:00 / Sat 16:00~23:00,"English & Chinese speaking (easy communication) Best Korean barbeque restaurant at Jongno3-ga area. Beef & Pork 70m from #6 exit of MTR Jongno3-ga station (line 1,3,5) to Changduk Palace direction.",https://dynamic-media-cdn.tripadvisor.com/media/photo-o/26/98/d7/f5/caption.jpg?w=200&h=200&s=1&cx=4371&cy=2305&chk=v1_61d445397c32bc84ce48,https://www.tripadvisor.com/Restaurant_Review-g294197-d13557163-Reviews-Bareun_Sainggalbi_Jongno_Myodong-Seoul.html,38,4.8,,,,,,,,,,,,,,,,tripadvisor
4070870,Kkotji,+82 2-561-8788,"Seoul 610, Bongeunsa-ro, Gangnam-gu",06170,37.51454,127.06171,"Seafood, Asian, Korean",월 11:30~21:30 / 화 11:30~21:30 / 수 11:30~21:30 / 목 11:30~21:30 / 금 11:30~21:00 / 토 11:30~21:00 / 일 11:30~21:00,,https://dynamic-media-cdn.tripadvisor.com/media/photo-o/26/98/d7/f5/caption.jpg?w=200&h=200&s=1&cx=4371&cy=2305&chk=v1_61d445397c32bc84ce48,https://www.tripadvisor.com/Restaurant_Review-g294197-d4070870-Reviews-Kkotji-Seoul.html,36,4.3,"Crab, snow crab",A feast of fresh flower crabs with deep umami flavors.,일 20:30 / 월 21:00 / 화 21:00 / 수 21:00 / 목 21:00 / 금 20:30 / 토 20:30,16056083,https://place.map.kakao.com/16056083,15000,46000,15,true,true,true,true,,,,kakao
8807219,La Planque,+82 70-7719-3010,"Seoul 26, Itaewon-ro 26-gil, Yongsan-gu",04391,37.533386,126.99367,"French, European",월 16:30~22:30 / 화 16:30~22:30 / 수 16:30~22:30 / 목 16:30~22:30 / 토 11:30~22:30 / 일 11:30~22:00,,https://dynamic-media-cdn.tripadvisor.com/media/photo-o/26/98/d7/f5/caption.jpg?w=200&h=200&s=1&cx=4371&cy=2305&chk=v1_61d445397c32bc84ce48,https://www.tripadvisor.com/Restaurant_Review-g294197-d8807219-Reviews-La_Planque-Seoul.html,52,4.3,Western,The warm flavors and balance of French home cooking.,,27300057,https://place.map.kakao.com/27300057,7500,10000,17,false,true,,,,true,,kakao
8055074,Alice Cheongdam,+82 2-511-8420,"Seoul 47, Dosan-daero 55-gil, Gangnam-gu B1f",06014,37.526646,127.041,"Bar, Asian, Korean",월 18:00~02:00 / 화 18:00~02:00 / 수 18:00~02:00 / 목 18:00~02:00 / 금 18:00~02:00 / 토 18:00~02:00 / 일 18:00~02:00,"The one and only place. Alice Cheongdam From the motivation of the fairy tail 'Alice in Wonderland', we planned and made a real 'Alice' in Seoul, Korea. We offer you happiness with cocktails you've never experienced. Take the main role of Alice for us.",https://dynamic-media-cdn.tripadvisor.com/media/photo-o/26/98/d7/f5/caption.jpg?w=200&h=200&s=1&cx=4371&cy=2305&chk=v1_61d445397c32bc84ce48,https://www.tripadvisor.com/Restaurant_Review-g294197-d8055074-Reviews-Alice_Cheongdam-Seoul.html,40,4.3,Cocktail bar,An imaginative cocktail bar filled with fairy-tale vibes.,,26857068,https://place.map.kakao.com/26857068,25000,25000,16,true,,true,,,,,kakao
8871049,James Cheese Back Ribs Myeongdong,+82 2-318-0192,"Seoul 7-6, Myeongdong 10-gil, Jung-gu",04537,37.56339,126.98527,"Barbecue, Asian, Korean",,,https://dynamic-media-cdn.tripadvisor.com/media/photo-o/26/98/d7/f5/caption.jpg?w=200&h=200&s=1&cx=4371&cy=2305&chk=v1_61d445397c32bc84ce48,https://www.tripadvisor.com/Restaurant_Review-g294197-d8871049-Reviews-James_Cheese_Back_Ribs_Myeongdong-Seoul.html,137,3.9,,,,,,,,,,,,,,,,
12979587,Ashley Queens Jonggak Station Branch,+82 2-720-1031,"Seoul 51, Jong-ro, Jongno-gu B1 Jongno Tower",03161,37.570366,126.98351,"Chinese, Japanese, American, Asian, Korean",월 11:00~21:00 / 화 11:00~21:00 / 수 11:00~21:00 / 목 11:00~21:00 / 금 12:00~21:00 / 토 11:00~21:00 / 일 11:00~21:00,"Want to immerse yourself in the Korean lifestyle? Dine where Koreans really line-up! Ashley Queens is Korea's No. 1 Buffet Brand that serves 20 million customers yearly. 100 Minutes of Unlimited Food, Come Enjoy our 130 Menus! From Korean delicacies to Western favorites, try new flavors while indulging in your favorites. With over 360 seats, Ashley Queens Jonggak Station Branch accommodates all occasions. Come with your friends, family and loved ones or by yourself!",https://dynamic-media-cdn.tripadvisor.com/media/photo-o/33/71/5a/4a/caption.jpg?w=900&h=500&s=1,https://www.tripadvisor.com/Restaurant_Review-g294197-d12979587-Reviews-Ashley_Queens_Jonggak_Station_Branch-Seoul.html,6,4.7,Family restaurant,A generous salad bar that pairs perfectly with wine.,,18649456,https://place.map.kakao.com/18649456,7900,15900,7,true,,,,,,true,kakao
34158996,Gobangchae Dong-Yeouidobonjeom,+820507-1489-9288,Seoul Yeouidaebanglo 65gil 20 1cheung,07333,37.46212,126.92632,"Asian, Korean",월 11:00~22:30 / 화 11:00~22:30 / 수 11:00~22:30 / 목 11:00~22:30 / 금 11:30~22:00 / 토 11:30~22:00,,https://dynamic-media-cdn.tripadvisor.com/media/photo-o/26/98/d7/f5/caption.jpg?w=200&h=200&s=1&cx=4371&cy=2305&chk=v1_61d445397c32bc84ce48,https://www.tripadvisor.com/Restaurant_Review-g294197-d34158996-Reviews-Gobangchae_Dong_Yeouidobonjeom-Seoul.html,27,5.0,Korean,"A modern Korean pub near Saetgang Station with 14 private rooms, perfect for family and group gatherings.",,1732212585,https://place.map.kakao.com/1732212585,12000,38000,42,,,,,,,true,kakao
17511780,Bluish Green Western Restaurant,+82 2-332-1904,"Seoul 220-7, Donggyo-ro, Mapo-gu 1F",03994,37.5595,126.924255,"Italian, Steakhouse",Sun 12:00~22:00 / Mon 00:00~22:00 / Tue 12:00~22:00 / Wed 12:00~22:00 / Thu 12:00~22:00 / Fri 12:00~22:00 / Sat 12:00~22:00,,https://dynamic-media-cdn.tripadvisor.com/media/photo-o/18/12/57/1f/steak-with-chewy-texture.jpg?w=900&h=500&s=1,https://www.tripadvisor.com/Restaurant_Review-g294197-d17511780-Reviews-Bluish_Green_Western_Restaurant-Seoul.html,16,4.9,,,,,,,,,,,,,,,,tripadvisor
14015344,TOKYO SIRLOIN Seolleung,050714300824,"Seoul 16, Teheran-ro 78-gil, Gangnam-gu",06194,37.505203,127.05539,"Steakhouse, Asian, Korean, Fusion",Sun 11:00~23:00 / Mon 11:00~23:00 / Tue 11:00~23:00 / Wed 11:00~23:00 / Thu 11:00~23:00 / Fri 11:00~23:00 / Sat 11:00~23:00,,https://dynamic-media-cdn.tripadvisor.com/media/photo-o/1b/11/3d/61/caption.jpg?w=900&h=500&s=1,https://www.tripadvisor.com/Restaurant_Review-g294197-d14015344-Reviews-TOKYO_SIRLOIN_Seolleung-Seoul.html,33,4.7,,,,,,,,,,,,,,,,tripadvisor
7266651,Batgodong,+82 2-514-8008,"Seoul 54, Eonju-ro 172-gil, Gangnam-gu",06018,37.52693,127.0381,"Asian, Korean",월 11:30~21:30 / 화 11:30~21:30 / 수 11:30~21:30 / 목 11:30~21:30 / 금 11:30~21:30 / 토 11:30~21:30 / 일 11:30~21:30,,https://dynamic-media-cdn.tripadvisor.com/media/photo-o/0d/c3/01/2e/photo0jpg.jpg?w=600&h=400&s=1,https://www.tripadvisor.com/Restaurant_Review-g294197-d7266651-Reviews-Batgodong-Seoul.html,42,4.3,"Seafood, fish",A 35-year-old establishment known for its spicy stir-fried squid.,일 21:00 / 월 21:00 / 화 21:00 / 수 21:00 / 목 21:00 / 금 21:00 / 토 21:00,25046575,https://place.map.kakao.com/25046575,9000,16500,18,true,true,true,,,,,kakao
34158987,soulhan-u yeouidosaesgang-yeogjeom,+820507-1378-6637,Seoul seoul yeongdeungpogu yeouidaebanglo67gil 9 jiha1cheung,07333,37.492428,126.538765,"Barbecue, Asian, Korean",월 11:00~22:00 / 화 11:00~22:00 / 수 11:00~22:00 / 목 11:00~22:00 / 금 11:00~22:00 / 토 11:00~22:00,,https://dynamic-media-cdn.tripadvisor.com/media/photo-o/26/98/d7/f5/caption.jpg?w=200&h=200&s=1&cx=4371&cy=2305&chk=v1_61d445397c32bc84ce48,https://www.tripadvisor.com/Restaurant_Review-g294197-d34158987-Reviews-Soulhan_u_yeouidosaesgang_yeogjeom-Seoul.html,23,5.0,"Meat, Korean BBQ","Just a 5-minute walk from Yeouido Saetgang Station, with 21 rooms perfect for gatherings and premium dining with 504 hours of aged beef.",,1440816395,https://place.map.kakao.com/1440816395,3000,38000,50,,,,,,,true,kakao
4049663,63 Buffet Pavillion,+82 2-789-5731,"Seoul 50, 63-ro, Yeongdeungpo-gu",07345,37.519466,126.939835,"Asian, Korean, Fusion",월 11:00~21:00 / 화 11:00~21:00 / 수 11:00~21:00 / 목 11:00~21:00 / 금 11:00~21:00 / 토 11:00~21:00 / 일 11:00~21:00,,https://dynamic-media-cdn.tripadvisor.com/media/photo-o/26/98/d7/f5/caption.jpg?w=200&h=200&s=1&cx=4371&cy=2305&chk=v1_61d445397c32bc84ce48,https://www.tripadvisor.com/Restaurant_Review-g294197-d4049663-Reviews-63_Buffet_Pavillion-Seoul.html,38,4.1,Buffet,"A harmonious feast of wine, meat, and seafood.",,7967166,https://place.map.kakao.com/7967166,40000,80000,6,true,true,true,,,,,kakao
4414181,Mapo Yangji Seolleongtang,+82 2-716-8616,"Seoul 6, Saechang-ro, Mapo-gu",04168,37.542763,126.950066,"Asian, Korean",월 07:00~20:50 / 화 07:00~20:50 / 수 07:00~20:50 / 목 07:00~20:50 / 금 07:00~20:50 / 토 07:00~20:50 / 일 07:00~20:50,,https://dynamic-media-cdn.tripadvisor.com/media/photo-o/19/bc/ea/89/caption.jpg?w=900&h=500&s=1,https://www.tripadvisor.com/Restaurant_Review-g294197-d4414181-Reviews-Mapo_Yangji_Seolleongtang-Seoul.html,57,4.2,Seolleongtang (ox bone soup),The harmony of clear and deep brisket broth with three types of kimchi.,,26973107,https://place.map.kakao.com/26973107,14000,31000,14,true,true,true,,,,,kakao
3462970,Sam Ryan's Sports Bar & Grill,+82 2-749-7933,"Seoul 50, Itaewon-ro 27ga-gil, Yongsan-gu",04350,37.534973,126.99261,"American, Bar, Pub, Gastropub",Sun 18:00~05:00 / Mon 18:00~05:00 / Tue 18:00~05:00 / Wed 18:00~05:00 / Thu 18:00~05:00 / Fri 18:00~05:00 / Sat 18:00~05:00,Korean Owned and Run Resturant,https://dynamic-media-cdn.tripadvisor.com/media/photo-o/26/98/d7/f5/caption.jpg?w=200&h=200&s=1&cx=4371&cy=2305&chk=v1_61d445397c32bc84ce48,https://www.tripadvisor.com/Restaurant_Review-g294197-d3462970-Reviews-Sam_Ryan_s_Sports_Bar_Grill-Seoul.html,65,4.0,,,,,,,,,,,,,,,,tripadvisor
29883282,Gobongdang Hyehwa Daehakro Branch,+82 2-745-7737,"Seoul Daemyeong 1-gil 8 1st Floor, Gobongdang, Jongno District, Near Exit 4 Of Hyehwa Station",,37.58314,127.000786,"Asian, Korean",월 11:30~23:00 / 화 11:30~23:00 / 수 11:30~23:00 / 목 11:30~23:00 / 금 11:30~23:00 / 토 12:00~22:30 / 일 12:00~22:30,,https://dynamic-media-cdn.tripadvisor.com/media/photo-o/2e/21/da/13/caption.jpg?w=900&h=500&s=1,https://www.tripadvisor.com/Restaurant_Review-g294197-d29883282-Reviews-Gobongdang_Hyehwa_Daehakro_Branch-Seoul.html,5,5.0,Korean,The temptation of spicy and tender grilled ribs on a stone plate.,,1082387319,https://place.map.kakao.com/1082387319,5000,12000,13,,,,,,,true,kakao
21311564,Gogijun Cheongdam,+82 2-6204-5515,"Seoul 420 Dosan-daero, Gangnam-gu, Seoul 2f, Building B, Cheongdam Square",06062,37.52536,127.04574,"Steakhouse, Barbecue, Grill",Sun 11:30~14:30 / Sun 17:30~22:00 / Mon 11:30~14:30 / Mon 17:30~22:00 / Tue 11:30~14:30 / Tue 17:30~22:00 / Wed 11:30~14:30 / Wed 17:30~22:00 / Thu 11:30~14:30 / Thu 17:30~22:00 / Fri 11:30~14:30 / Fri 17:30~22:00 / Sat 11:30~14:30 / Sat 17:30~22:00,"Gogijun Cheongdam is a premium Korean beef restaurant specializing in carefully selected No.9 Hanwoo. Enjoy charcoal-grilled cuts including tenderloin, sirloin, and special cuts in comfortable private dining rooms in the heart of Cheongdam.",https://dynamic-media-cdn.tripadvisor.com/media/photo-o/1c/34/39/9a/caption.jpg?w=900&h=500&s=1,https://www.tripadvisor.com/Restaurant_Review-g294197-d21311564-Reviews-Gogijun_Cheongdam-Seoul.html,13,5.0,,,,,,,,,,,,,,,,tripadvisor
9213113,The Kitchen IL FORNO,+82 2-730-5545,"Seoul 7, Yulgok-ro2-Gil, Jongno-gu Somerset Palace Seoul 1F",03143,37.57482,126.98157,"Italian, Bar, Pizza, Grill, Southern-Italian",월 11:30~22:00 / 화 11:30~22:00 / 수 11:30~22:00 / 목 11:30~22:00 / 금 11:30~22:00 / 토 11:30~22:00 / 일 11:30~22:00,,https://dynamic-media-cdn.tripadvisor.com/media/photo-o/26/98/d7/f5/caption.jpg?w=200&h=200&s=1&cx=4371&cy=2305&chk=v1_61d445397c32bc84ce48,https://www.tripadvisor.com/Restaurant_Review-g294197-d9213113-Reviews-The_Kitchen_IL_FORNO-Seoul.html,76,3.6,Italian,An Italian ambiance harmonized with a garden in the city.,일 20:50 / 월 20:50 / 화 20:50 / 수 20:50 / 목 20:50 / 금 20:50 / 토 20:50,2132771085,https://place.map.kakao.com/2132771085,15000,26000,6,true,,,,,,true,kakao
34301707,neomaneul andong-galbi,+82 10-7231-8785,Seoul Seonleunglo 94gil 15 1cheung,,37.506233,127.04993,"Barbecue, Asian, Korean, Grill",월 11:00~06:00 / 화 11:00~06:00 / 수 11:00~06:00 / 목 11:00~06:00 / 금 16:00~21:00 / 토 16:00~21:00 / 일 16:00~21:00,"""【Neomaneul Andong Galbi — Seolleung Flagship】 Seoul Metropolitan Government Certified Restaurant, ""Tongkwaehan Hankki"" Gangnam No.1 Welcome to Neomaneul Andong Galbi, a premium Korean hanwoo dining destination at Seolleung. We serve only the finest — 1++ grade, No.9 top-tier Korean hanwoo beef, the highest classification available. Our signature Andong-style galbi, perfected with a special garlic marinade, delivers a flavor experience unlike any other. From melt-in-your-mouth fresh beef ribs to limited-quantity premium hanwoo cuts, every dish is a promise of unforgettable dining. Our spacious, refined interior and fully private dining rooms accommodate everything from intimate gatherings to large-scale events of up to 80 guests.""",https://dynamic-media-cdn.tripadvisor.com/media/photo-o/26/98/d7/f5/caption.jpg?w=200&h=200&s=1&cx=4371&cy=2305&chk=v1_61d445397c32bc84ce48,https://www.tripadvisor.com/Restaurant_Review-g294197-d34301707-Reviews-Neomaneul_andong_galbi-Seoul.html,10,5.0,Galbi (grilled short ribs),The temptation of tender Hanwoo ribs rich in garlic flavor.,,1193962494,https://place.map.kakao.com/1193962494,7000,10000,17,,,,,,,,kakao
9379051,Myongdongjeong,+82 2-3789-5132,"Seoul 299, Samil-daero, Jung-gu 1F, Seongchang Bldg.",04537,37.561665,126.9885,"Asian, Korean, Diner",월 11:30~21:30 / 화 11:30~21:30 / 수 11:30~21:30 / 목 11:30~21:30 / 금 11:30~21:30 / 토 11:30~21:30 / 일 11:30~21:30,"We, Myongdongjeong is a traditional dining house to serve set menus of traditional royal food that is located in Myeongdong shopping street. You can enjoy all kinds of korean traditional food at once,so called Korean Table d'hote. We have 12 private rooms,some are western style rooms,others korean traditional ondol.Also Experience with korean costume is provided for your good memory in Korea. Please enjoy korean food and culture at our restaurant.",https://dynamic-media-cdn.tripadvisor.com/media/photo-o/26/98/d7/f5/caption.jpg?w=200&h=200&s=1&cx=4371&cy=2305&chk=v1_61d445397c32bc84ce48,https://www.tripadvisor.com/Restaurant_Review-g294197-d9379051-Reviews-Myongdongjeong-Seoul.html,24,4.6,Hanjeongsik (Korean course meal),"We welcome all customers to private rooms. Perfect for meetings, entertaining foreigners, free banners, and free hanbok experiences.",,26845535,https://place.map.kakao.com/26845535,29000,65000,5,true,,,,,,,kakao
8734351,Kkanbu Chicken Jongno District,+82 2-738-8292,"Seoul 81, Sambong-ro, Jongno-gu",03150,,,"Asian, Korean",,,https://dynamic-media-cdn.tripadvisor.com/media/photo-o/26/98/d7/f5/caption.jpg?w=200&h=200&s=1&cx=4371&cy=2305&chk=v1_61d445397c32bc84ce48,https://www.tripadvisor.com/Restaurant_Review-g294197-d8734351-Reviews-Kkanbu_Chicken_Jongno_District-Seoul.html,21,4.3,,,,,,,,,,,,,,,,
3543818,Mad for Garlic Gangnam Store,+82 2-562-6977,"Seoul 648-19, Yeoksam-Dong, Gangnam-Gu",,37.499283,127.03232,"Italian, Pizza, European",,,https://dynamic-media-cdn.tripadvisor.com/media/photo-o/26/98/d7/f5/caption.jpg?w=200&h=200&s=1&cx=4371&cy=2305&chk=v1_61d445397c32bc84ce48,https://www.tripadvisor.com/Restaurant_Review-g294197-d3543818-Reviews-Mad_for_Garlic_Gangnam_Store-Seoul.html,75,4.0,,,,,,,,,,,,,,,,
776544,Seoulseo Duljjaero Jalhaneunjip,+82 2-734-5302,"Seoul 122-1, Samcheong-ro, Jongno-gu",03053,37.586205,126.98182,"Cafe, Asian, Korean, Healthy, Soups",월 11:00~20:30 / 화 11:00~20:30 / 수 11:00~20:30 / 목 11:00~20:30 / 금 11:00~20:30 / 토 11:00~20:30 / 일 11:00~20:30,,https://dynamic-media-cdn.tripadvisor.com/media/photo-o/26/98/d7/f5/caption.jpg?w=200&h=200&s=1&cx=4371&cy=2305&chk=v1_61d445397c32bc84ce48,https://www.tripadvisor.com/Restaurant_Review-g294197-d776544-Reviews-Seoulseo_Duljjaero_Jalhaneunjip-Seoul.html,78,4.2,Traditional tea house,A bowl of traditional red bean porridge filled with a gentle cinnamon aroma.,,7941905,https://place.map.kakao.com/7941905,7000,8000,5,true,,,,,,,kakao
5927676,Tuk Tuk Noodle Thai,+82 70-4407-5130,"Seoul B1, 227-37, Yeonnam-dong, Mapo-gu",,37.56516,126.923965,"Asian, Thai",,,https://dynamic-media-cdn.tripadvisor.com/media/photo-o/26/98/d7/f5/caption.jpg?w=200&h=200&s=1&cx=4371&cy=2305&chk=v1_61d445397c32bc84ce48,https://www.tripadvisor.com/Restaurant_Review-g294197-d5927676-Reviews-Tuk_Tuk_Noodle_Thai-Seoul.html,73,4.1,,,,,,,,,,,,,,,,
7808549,The Rose & Crown,+82 10-7532-5484,"Seoul 6, Itaewon-ro 19-gil",04350,37.53474,126.99188,"Bar, British, Pub",월 16:00~01:00 / 화 16:00~01:00 / 수 16:00~01:00 / 목 16:00~01:00 / 금 17:00~02:00 / 토 13:00~02:00 / 일 16:00~01:00,,https://dynamic-media-cdn.tripadvisor.com/media/photo-o/26/98/d7/f5/caption.jpg?w=200&h=200&s=1&cx=4371&cy=2305&chk=v1_61d445397c32bc84ce48,https://www.tripadvisor.com/Restaurant_Review-g294197-d7808549-Reviews-The_Rose_Crown-Seoul.html,32,4.2,Western,A cozy pub space filled with British charm.,,14934764,https://place.map.kakao.com/14934764,4900,11900,19,,,,,,,,kakao
34248433,hauseu obeu dilaipeuseutailkichin,+82 2-6106-0070,Seoul seoulteugbyeolsi gangseogu gonghangdaelo 165 Onegrove Bdong B1cheung,07800,37.56121,126.826035,"Italian, Steakhouse, Pizza",월 10:30~22:00 / 화 10:30~22:00 / 수 10:30~22:00 / 목 10:30~22:00 / 금 10:30~22:00 / 토 10:30~22:00 / 일 10:30~22:00,,https://dynamic-media-cdn.tripadvisor.com/media/photo-o/26/98/d7/f5/caption.jpg?w=200&h=200&s=1&cx=4371&cy=2305&chk=v1_61d445397c32bc84ce48,https://www.tripadvisor.com/Restaurant_Review-g294197-d34248433-Reviews-Hauseu_obeu_dilaipeuseutailkichin-Seoul.html,11,5.0,Western,Experience a rustic and Mediterranean-inspired house wedding concept filled with the abundance of southern France and the warmth of the sun.,,1159514463,https://place.map.kakao.com/1159514463,11800,27300,23,true,,,,,,true,kakao
13476366,BHC Chicken Dongdaemun,+82 2-2278-0053,"Seoul 10, Euljiro 44-gil, Jung-gu 2F",04561,37.565697,127.00642,"Brew Pub, Asian, Korean, Pub, South American, Central American",월 12:00~23:30 / 화 12:00~23:30 / 수 12:00~23:30 / 목 12:00~23:30 / 금 12:00~23:30 / 토 12:00~23:30 / 일 12:00~23:30,,https://dynamic-media-cdn.tripadvisor.com/media/photo-o/26/98/d7/f5/caption.jpg?w=200&h=200&s=1&cx=4371&cy=2305&chk=v1_61d445397c32bc84ce48,https://www.tripadvisor.com/Restaurant_Review-g294197-d13476366-Reviews-BHC_Chicken_Dongdaemun-Seoul.html,27,4.5,Korean fried chicken,Enjoy crispy chicken in a spacious and comfortable setting.,,10859202,https://place.map.kakao.com/10859202,1500,26900,30,true,true,,,,,,kakao
8638851,Misari Milbit Chogyeguksu COEX Mall,+82 2-6002-6566,"Seoul 513, Yeongdong-daero, Gangnam-gu COEX Mall",06164,37.512238,127.06031,Korean,월 10:30~22:00 / 화 10:30~22:00 / 수 10:30~22:00 / 목 10:30~22:00 / 금 10:30~22:00 / 토 10:30~22:00 / 일 10:30~22:00,,https://dynamic-media-cdn.tripadvisor.com/media/photo-o/26/98/d7/f5/caption.jpg?w=200&h=200&s=1&cx=4371&cy=2305&chk=v1_61d445397c32bc84ce48,https://www.tripadvisor.com/Restaurant_Review-g294197-d8638851-Reviews-Misari_Milbit_Chogyeguksu_COEX_Mall-Seoul.html,27,4.4,Noodles,A refreshing bowl of cold noodle soup with ice cubes.,,26897084,https://place.map.kakao.com/26897084,12000,13000,7,,true,true,true,,,,kakao
33089455,Haepo,+82 10-2780-2289,"Seoul Eulji-ro 44-gil, 19 7 1st Floor",,37.5652,127.00659,"Asian, Korean",Sun 16:00~22:00 / Mon 16:00~23:00 / Tue 11:30~23:00 / Wed 11:30~23:00 / Thu 11:30~23:00 / Fri 11:30~23:00 / Sat 11:30~23:00,,https://dynamic-media-cdn.tripadvisor.com/media/photo-o/26/98/d7/f5/caption.jpg?w=200&h=200&s=1&cx=4371&cy=2305&chk=v1_61d445397c32bc84ce48,https://www.tripadvisor.com/Restaurant_Review-g294197-d33089455-Reviews-Haepo-Seoul.html,8,5.0,,,,,,,,,,,,,,,,tripadvisor
10747919,Shake Shack Gangnam,+82 80-731-2027,"Seoul 452, Gangnam-daero, Gangnam-gu",06123,37.502666,127.025375,"American, Fast Food",Sun 11:00~23:00 / Mon 11:00~23:00 / Tue 11:00~23:00 / Wed 11:00~23:00 / Thu 11:00~23:00 / Fri 11:00~23:00 / Sat 11:00~23:00,,https://dynamic-media-cdn.tripadvisor.com/media/photo-o/26/98/d7/f5/caption.jpg?w=200&h=200&s=1&cx=4371&cy=2305&chk=v1_61d445397c32bc84ce48,https://www.tripadvisor.com/Restaurant_Review-g294197-d10747919-Reviews-Shake_Shack_Gangnam-Seoul.html,110,3.7,,A sunny Shake Burger space beyond the large windows.,,1193848374,https://place.map.kakao.com/1193848374,9200,9200,1,,,,,,,true,tripadvisor
10169301,Jungang Haejang,+82 2-558-7905,"Seoul 17, Yeongdong-daero 86-gil, Gangnam-gu",06174,37.508194,127.06554,"Asian, Korean",월 11:00~24:00 / 화 00:00~24:00 / 수 00:00~24:00 / 목 00:00~24:00 / 금 00:00~24:00 / 토 00:00~24:00 / 일 00:00~21:30,,https://dynamic-media-cdn.tripadvisor.com/media/photo-o/2e/73/ca/41/caption.jpg?w=900&h=500&s=1,https://www.tripadvisor.com/Restaurant_Review-g294197-d10169301-Reviews-Jungang_Haejang-Seoul.html,28,4.5,Haejangguk (hangover soup),A harmonious blend of generous intestines and deep broth.,,27531028,https://place.map.kakao.com/27531028,14000,19500,6,true,,,,,,true,kakao
2230269,Ojangdong Heungnamjip,+82 2-2266-0735,"Seoul 101-7 Ojang-dong, Jung-gu",,37.56438,127.0004,"Asian, Korean",월 11:00~20:30 / 화 11:00~20:30 / 목 11:00~20:30 / 금 11:00~20:30 / 토 11:00~20:30 / 일 11:00~20:30,,https://dynamic-media-cdn.tripadvisor.com/media/photo-o/26/98/d7/f5/caption.jpg?w=200&h=200&s=1&cx=4371&cy=2305&chk=v1_61d445397c32bc84ce48,https://www.tripadvisor.com/Restaurant_Review-g294197-d2230269-Reviews-Ojangdong_Heungnamjip-Seoul.html,57,4.2,Naengmyeon (cold noodles),Experience the rich meat aroma and chewy noodles from a 70-year tradition.,일 20:00 / 월 20:00 / 화 20:00 / 목 20:00 / 금 20:00 / 토 20:00,8174854,https://place.map.kakao.com/8174854,12000,15000,8,true,true,,,,,,kakao
4033287,Sky Lounge,+82 2-3430-8630,"Seoul 524, Bongeunsaro, Gangnam-gu 30F, InterContinental Seoul COEX",06164,37.513683,127.05737,Italian,,"Located on the top floor, Sky Lounge is the perfect place to enjoy the ever changing view of the city. Certified as OSPITALITA ITALIANA by the Italian govern ment in 2013, enjoy authentic Italian cuisine prepared by Italian chef. Late in the evening, you can enjoy a fine selection of cocktails and wine recommended by our sommelier. Known as a favorite place for making marriage proposals, you can enjoy a spectacular view of the city and a truly romantic ambience in the Pluto Room.",https://dynamic-media-cdn.tripadvisor.com/media/photo-o/26/98/d7/f5/caption.jpg?w=200&h=200&s=1&cx=4371&cy=2305&chk=v1_61d445397c32bc84ce48,https://www.tripadvisor.com/Restaurant_Review-g294197-d4033287-Reviews-Sky_Lounge-Seoul.html,44,4.0,,,,,,,,,,,,,,,,
7234239,Heukdonga Myeongdong,+82 2-3789-0080,"Seoul 21, Myeongdong 7-gil, Jung-gu Artnouveau Centum Building B1",04534,37.564777,126.98361,"Barbecue, Asian, Korean",월 11:30~22:00 / 화 11:30~22:00 / 수 11:30~22:00 / 목 11:30~22:00 / 금 11:30~22:00 / 토 16:00~21:00 / 일 16:00~21:00,,https://dynamic-media-cdn.tripadvisor.com/media/photo-o/26/98/d7/f5/caption.jpg?w=200&h=200&s=1&cx=4371&cy=2305&chk=v1_61d445397c32bc84ce48,https://www.tripadvisor.com/Restaurant_Review-g294197-d7234239-Reviews-Heukdonga_Myeongdong-Seoul.html,48,3.9,"Meat, Korean BBQ","A feast of thick, juicy Jeju black pork.",일 20:00 / 월 21:00 / 화 21:00 / 수 21:00 / 목 21:00 / 금 21:00 / 토 20:00,14635708,https://place.map.kakao.com/14635708,20000,23500,8,true,true,true,true,,,,kakao
3627423,Sunine Bindaetteok,+82 2-2268-3344,Seoul 138-9 Jongno 5-ga,,37.57051,127.0008,"Asian, Korean",월 11:00~21:00 / 수 11:00~21:00 / 목 11:00~21:00 / 금 11:00~21:00 / 토 11:00~21:00 / 일 11:00~21:00,,https://dynamic-media-cdn.tripadvisor.com/media/photo-o/0d/9f/b7/8d/photo1jpg.jpg?w=900&h=500&s=1,https://www.tripadvisor.com/Restaurant_Review-g294197-d3627423-Reviews-Sunine_Bindaetteok-Seoul.html,146,4.0,Korean,Crispy mung bean pancakes paired with moist meatballs.,일 20:30 / 월 20:30 / 수 20:30 / 목 20:30 / 금 20:30 / 토 20:30,18755777,https://place.map.kakao.com/18755777,2000,12000,17,true,,,,,,,kakao
14912179,Coco Ichibanya - Myeongdong,+82 2-774-0111,"Seoul 7-4, Myeongdong 10-gil, Jung-gu 2F",04537,37.56286,126.98541,"Japanese, Fast Food, Asian",Sun 09:00~23:00 / Mon 08:00~23:00 / Tue 08:00~23:00 / Wed 08:00~23:00 / Thu 08:00~23:00 / Fri 08:00~23:00 / Sat 09:00~23:00,Japanese Curry - Cocoichibanya. It opened in 1978 in Japan and now it's in Korea. Number 1 Curry Restaurant. You will not be disappointed. Everyone can enjoy. You can choose the spicy level. Curry Donkatsu - Best menu. Curry Omelet. Curry Udon. Fantastic staff and clean restaurant. Relaxing ambiance.,https://dynamic-media-cdn.tripadvisor.com/media/photo-o/26/98/d7/f5/caption.jpg?w=200&h=200&s=1&cx=4371&cy=2305&chk=v1_61d445397c32bc84ce48,https://www.tripadvisor.com/Restaurant_Review-g294197-d14912179-Reviews-Coco_Ichibanya_Myeongdong-Seoul.html,17,4.5,,,,,,,,,,,,,,,,tripadvisor
9326987,Pizza Hil,+82 2-450-4699,"Seoul 177, Wokeohil-Ro Sheraton Grand walkerhill Seoul",143708,37.55388,127.109146,"Italian, Pizza",,,https://dynamic-media-cdn.tripadvisor.com/media/photo-o/26/98/d7/f5/caption.jpg?w=200&h=200&s=1&cx=4371&cy=2305&chk=v1_61d445397c32bc84ce48,https://www.tripadvisor.com/Restaurant_Review-g294197-d9326987-Reviews-Pizza_Hil-Seoul.html,131,4.1,,,,,,,,,,,,,,,,
33974073,Gossine Donghae Makguksu Jongno Direct Branch,+82 2-737-0575,Seoul 3 Insadong 12-gil,,37.574524,126.98463,"Asian, Korean",월 11:00~21:30 / 화 11:00~21:30 / 수 11:00~21:30 / 목 11:00~21:30 / 금 11:00~21:30 / 토 11:00~21:30 / 일 11:00~21:30,,https://dynamic-media-cdn.tripadvisor.com/media/photo-o/26/98/d7/f5/caption.jpg?w=200&h=200&s=1&cx=4371&cy=2305&chk=v1_61d445397c32bc84ce48,https://www.tripadvisor.com/Restaurant_Review-g294197-d33974073-Reviews-Gossine_Donghae_Makguksu_Jongno_Direct_Branch-Seoul.html,9,4.9,Noodles,A renowned buckwheat noodle house filled with Hanok charm.,일 20:30 / 월 20:30 / 화 20:30 / 수 20:30 / 목 20:30 / 금 20:30 / 토 20:30,1767144727,https://place.map.kakao.com/1767144727,6500,13000,29,true,true,true,,,,,kakao
9802212,The Sky Farm,+82 2-2055-4440,"Seoul 24, Yeoui-daero, Yeongdeungpo-gu Jeongyeongneyon Heogwan 50th and 51th Floor",07320,37.522316,126.92011,"Asian, Korean",Sun 10:30~15:00 / Sun 17:30~10:00 / Mon 10:30~15:00 / Mon 17:30~10:00 / Tue 10:30~15:00 / Tue 17:30~10:00 / Wed 10:30~15:00 / Wed 17:30~10:00 / Thu 10:30~15:00 / Thu 17:30~10:00 / Fri 10:30~15:00 / Fri 17:30~10:00 / Sat 10:30~15:00 / Sat 17:30~10:00,,https://dynamic-media-cdn.tripadvisor.com/media/photo-o/26/98/d7/f5/caption.jpg?w=200&h=200&s=1&cx=4371&cy=2305&chk=v1_61d445397c32bc84ce48,https://www.tripadvisor.com/Restaurant_Review-g294197-d9802212-Reviews-The_Sky_Farm-Seoul.html,24,3.7,,,,,,,,,,,,,,,,tripadvisor
7161382,Black Pig Samseong Station,+82 2-2051-0008,"Seoul 14, Bongeunsa-ro 86-gil, Gangnam-gu",06163,37.51281,127.05679,"Barbecue, Asian, Korean",월 11:30~22:00 / 화 11:30~22:00 / 수 11:30~22:00 / 목 11:30~22:00 / 금 11:30~22:00 / 토 11:30~22:00 / 일 11:30~22:00,,https://dynamic-media-cdn.tripadvisor.com/media/photo-o/26/98/d7/f5/caption.jpg?w=200&h=200&s=1&cx=4371&cy=2305&chk=v1_61d445397c32bc84ce48,https://www.tripadvisor.com/Restaurant_Review-g294197-d7161382-Reviews-Black_Pig_Samseong_Station-Seoul.html,91,3.8,"Meat, Korean BBQ",The essence of Jeju black pork grilled over charcoal.,일 21:20 / 월 21:20 / 화 21:20 / 수 21:20 / 목 21:20 / 금 21:20 / 토 21:20,8686213,https://place.map.kakao.com/8686213,4000,18000,15,true,true,true,true,,,,kakao
33106269,Sunokine Myeongga The Hyundai Seoul Branch,,Seoul 108 Yeoui-daero,,37.52666,126.92724,"Asian, Korean",Sun 10:30~22:30 / Mon 10:30~22:30 / Tue 10:30~22:30 / Wed 10:30~22:30 / Thu 10:30~22:30 / Fri 10:30~22:30 / Sat 10:30~22:30,,https://dynamic-media-cdn.tripadvisor.com/media/photo-o/30/38/26/f5/caption.jpg?w=900&h=500&s=1,https://www.tripadvisor.com/Restaurant_Review-g294197-d33106269-Reviews-Sunokine_Myeongga_The_Hyundai_Seoul_Branch-Seoul.html,6,4.8,,,,,,,,,,,,,,,,tripadvisor
10660437,The Place,+82 2-6456-8968,"Seoul 416, Hangang-daero, Jung-gu Seoul Square 1F",04637,37.55595,126.97333,"Italian, Pizza",월 11:00~21:30 / 화 11:00~21:30 / 수 11:00~21:30 / 목 11:00~21:30 / 금 11:00~21:30 / 토 11:00~21:00 / 일 11:00~21:00,,https://dynamic-media-cdn.tripadvisor.com/media/photo-o/26/98/d7/f5/caption.jpg?w=200&h=200&s=1&cx=4371&cy=2305&chk=v1_61d445397c32bc84ce48,https://www.tripadvisor.com/Restaurant_Review-g294197-d10660437-Reviews-The_Place-Seoul.html,21,4.1,Italian,A cozy space filled with Italian charm.,,1425250216,https://place.map.kakao.com/1425250216,5000,24500,20,true,true,true,true,,,,kakao
8728506,Mibundang Sinchon,+82 2-3141-0807,"Seoul 35, Yonsei-ro 5da-gil, Seodaemun-gu",03787,37.55677,126.93358,,월 11:00~21:00 / 화 11:00~21:00 / 수 11:00~21:00 / 목 11:00~21:00 / 금 11:00~21:00 / 토 11:00~21:00 / 일 11:00~21:00,,https://dynamic-media-cdn.tripadvisor.com/media/photo-o/19/2d/1d/0c/caption.jpg?w=900&h=500&s=1,https://www.tripadvisor.com/Restaurant_Review-g294197-d8728506-Reviews-Mibundang_Sinchon-Seoul.html,58,4.7,Vietnamese,Enjoy deep and clean rice noodles in a quiet space.,,1985785355,https://place.map.kakao.com/1985785355,,,,false,,,,,,,kakao
4083848,La Grillia Gwanghwamun,+82 2-571-5732,"Seoul 11, Cheonggyecheon-ro, Jongno-gu",03187,37.569103,126.97897,"Italian, Pizza, European, Grill",,,https://dynamic-media-cdn.tripadvisor.com/media/photo-o/26/98/d7/f5/caption.jpg?w=200&h=200&s=1&cx=4371&cy=2305&chk=v1_61d445397c32bc84ce48,https://www.tripadvisor.com/Restaurant_Review-g294197-d4083848-Reviews-La_Grillia_Gwanghwamun-Seoul.html,79,3.9,,,,,,,,,,,,,,,,
28986862,KUT Seoul,+82 2-2272-8012,"Seoul 96 Jongno, Jongno-gu 3f Kut",03191,37.5698,126.98816,"Barbecue, Asian, Korean, Grill, Dining bars",Sun 12:00~22:00 / Mon 12:00~22:00 / Wed 12:00~22:00 / Thu 12:00~22:00 / Fri 12:00~22:00 / Sat 12:00~10:00,"KUT is a newly created vocabulary based on the meaning of the word 'Cut', which represents our strong pride and the motivation to Cut and Serve only the finest Korean Beef to our guests. KUT is also an acronym for Korean Urban Treasure. Jongro, the center of Korea, is a treasure trove found in the heart of the Seoul. We endeavor to embody our philosophy of providing ‘the Discovery and Joy of Taste' to the each guest who are visiting our establishment. From the unmasking of flavours and richness of juices only possible after the meticulously managed 4-week aging process of Korea's Finest BMS No. 9 Top-Rated Hanwoo, to balance and harmony of a full course of Hanwoo, we offer our guests the delight of a full course fine dining experience that can only be provided at KUT. KUT promises to provide each and every one of our guests with the finest gastronomic experience at a private space to create cherished memories with our outstanding services and the top quality food. Sincerely, KUT",https://dynamic-media-cdn.tripadvisor.com/media/photo-o/26/98/d7/f5/caption.jpg?w=200&h=200&s=1&cx=4371&cy=2305&chk=v1_61d445397c32bc84ce48,https://www.tripadvisor.com/Restaurant_Review-g294197-d28986862-Reviews-KUT_Seoul-Seoul.html,13,5.0,,Step into an elegant space featuring a refined hanwoo course.,,628792617,https://place.map.kakao.com/628792617,,,,true,,true,,,,,tripadvisor
4078598,Korea House,+82 2-2266-9101,"Seoul 10, Toegye-ro 36-gil, Jung-gu",04626,37.56012,126.9944,"Asian, Korean",Sun 12:00~14:00 / Sun 17:00~18:30 / Sun 19:00~20:30 / Mon 12:00~14:00 / Mon 17:00~18:30 / Mon 19:00~20:30 / Tue 12:00~14:00 / Tue 17:00~18:30 / Tue 19:00~20:30 / Wed 12:00~14:00 / Wed 17:00~18:30 / Wed 19:00~20:30 / Thu 12:00~14:00 / Thu 17:00~18:30 / Thu 19:00~20:30 / Fri 12:00~14:00 / Fri 17:00~18:30 / Fri 19:00~20:30 / Sat 12:00~14:00 / Sat 17:00~18:30 / Sat 19:00~20:30,,https://dynamic-media-cdn.tripadvisor.com/media/photo-o/26/98/d7/f5/caption.jpg?w=200&h=200&s=1&cx=4371&cy=2305&chk=v1_61d445397c32bc84ce48,https://www.tripadvisor.com/Restaurant_Review-g294197-d4078598-Reviews-Korea_House-Seoul.html,38,3.8,,,,,,,,,,,,,,,,tripadvisor
4033957,Subin,+82 2-307-9979,"Seoul 81-13, Yeonhui-dong, Seodaemun-gu",,37.571964,126.93422,"Asian, Korean",월 11:30~20:40 / 수 11:30~20:40 / 목 11:30~20:40 / 금 11:30~20:40 / 토 11:30~20:40 / 일 11:30~20:40,,https://dynamic-media-cdn.tripadvisor.com/media/photo-o/05/fe/ab/2b/subin.jpg?w=900&h=500&s=1,https://www.tripadvisor.com/Restaurant_Review-g294197-d4033957-Reviews-Subin-Seoul.html,18,4.6,Hanjeongsik (Korean course meal),A warm spread of grilled short ribs and deep-flavored dried yellow corvina.,,15953085,https://place.map.kakao.com/15953085,14900,41000,9,true,,,,,,true,kakao
4105607,Ganga Gangnam,+82 2-2055-3610,"Seoul B1, Samsung Electronics Bldg., 1320-10, Seocho-dong, Secho-gu",,37.49661,127.0269,"Indian, Asian",,,https://dynamic-media-cdn.tripadvisor.com/media/photo-o/26/98/d7/f5/caption.jpg?w=200&h=200&s=1&cx=4371&cy=2305&chk=v1_61d445397c32bc84ce48,https://www.tripadvisor.com/Restaurant_Review-g294197-d4105607-Reviews-Ganga_Gangnam-Seoul.html,81,3.9,,,,,,,,,,,,,,,,
33020163,Legendary Ribs Jamsil Seokchon Lake,+82 2-6958-9058,"Seoul Ogeum-ro 105 4th Floor, Deoklim Building",,37.51298,127.10802,Barbecue,월 11:10~21:50 / 화 11:10~21:50 / 수 11:10~21:50 / 목 11:10~21:50 / 금 11:10~21:50 / 토 11:10~21:50 / 일 11:10~21:50,,https://dynamic-media-cdn.tripadvisor.com/media/photo-o/26/98/d7/f5/caption.jpg?w=200&h=200&s=1&cx=4371&cy=2305&chk=v1_61d445397c32bc84ce48,https://www.tripadvisor.com/Restaurant_Review-g294197-d33020163-Reviews-Legendary_Ribs_Jamsil_Seokchon_Lake-Seoul.html,10,4.9,"Meat, Korean BBQ","A flat fee of 10,000 won; no extra charge if you visit another place afterward.",,893236534,https://place.map.kakao.com/893236534,22000,28000,5,true,,,,,,true,kakao
12668025,Masa Tacos,+82 2-545-6915,"Seoul 30-8, Apgujeong-ro 10-gil, Gangnam-gu",06028,37.5221,127.02167,"Mexican, South American, Central American",화 12:00~23:00 / 수 12:00~23:00 / 목 12:00~23:00 / 금 12:00~23:00 / 토 12:00~23:00 / 일 12:00~23:00,,https://dynamic-media-cdn.tripadvisor.com/media/photo-o/26/98/d7/f5/caption.jpg?w=200&h=200&s=1&cx=4371&cy=2305&chk=v1_61d445397c32bc84ce48,https://www.tripadvisor.com/Restaurant_Review-g294197-d12668025-Reviews-Masa_Tacos-Seoul.html,17,4.5,"Mexican, Brazilian",A local favorite for authentic Mexican tacos.,,2137508291,https://place.map.kakao.com/2137508291,4500,12500,30,true,true,,,,true,,kakao
14947966,Changhwadang -  Ikseondong,+82 70-8825-0908,"Seoul 23, Supyo-ro 28-gil, Jongno-gu",03133,37.57298,126.98981,"Asian, Korean",Sun 12:00~14:45 / Sun 16:15~21:30 / Mon 12:00~14:45 / Mon 16:15~21:30 / Tue 12:00~14:45 / Tue 16:15~21:30 / Wed 12:00~14:45 / Wed 16:15~21:30 / Thu 12:00~14:45 / Thu 16:15~21:30 / Fri 12:00~14:45 / Fri 16:15~21:30 / Sat 12:00~14:45 / Sat 16:15~21:30,,https://dynamic-media-cdn.tripadvisor.com/media/photo-o/13/f4/09/24/combination-mandu-is.jpg?w=900&h=500&s=1,https://www.tripadvisor.com/Restaurant_Review-g294197-d14947966-Reviews-Changhwadang_Ikseondong-Seoul.html,24,4.0,,,,,,,,,,,,,,,,tripadvisor
9321613,Prost Pub & Grill,+82 2-796-6854,"Seoul 26, Itaewon-ro 27ga-gil, Yongsan-gu 1F, Hamilton Hotel Annex",04350,37.535,126.993614,"Bar, Pub",월 19:00~02:00 / 화 19:00~02:00 / 수 19:00~03:00 / 목 19:00~04:00 / 금 19:00~05:00 / 토 18:00~05:00 / 일 19:00~02:00,"PROST Pub & Grill is Seoul's premier European inspired playground where you can enjoy yourself 365 days a year with a free and relaxed atmosphere. The PROST menu has a variety of pub classics and signature items such as homemade burgers and sausage samplers. Along with our signature selection of pub dishes, PROST has an extensive beer and cocktail menu.",https://dynamic-media-cdn.tripadvisor.com/media/photo-o/26/98/d7/f5/caption.jpg?w=200&h=200&s=1&cx=4371&cy=2305&chk=v1_61d445397c32bc84ce48,https://www.tripadvisor.com/Restaurant_Review-g294197-d9321613-Reviews-Prost_Pub_Grill-Seoul.html,153,4.0,Hof (Korean beer pub),,,18324577,https://place.map.kakao.com/18324577,10000,16000,5,,,,,,,,kakao
4034971,Spain Club,+82 2-515-1118,"Seoul 26, Apgujeong-ro 10-gil, Gangnam-gu",,37.52185,127.02203,"Mediterranean, European, Spanish",,,https://dynamic-media-cdn.tripadvisor.com/media/photo-o/26/98/d7/f5/caption.jpg?w=200&h=200&s=1&cx=4371&cy=2305&chk=v1_61d445397c32bc84ce48,https://www.tripadvisor.com/Restaurant_Review-g294197-d4034971-Reviews-Spain_Club-Seoul.html,33,4.0,,,,,,,,,,,,,,,,
1735162,Andong Jjimdak,+82 2-310-9233,"Seoul 3, Myeongdong 10-gil, Jung-gu",04537,37.563725,126.985214,"Asian, Korean",월 11:00~23:00 / 화 11:00~23:00 / 수 11:00~23:00 / 목 11:00~23:00 / 금 11:00~23:00 / 토 11:00~23:00 / 일 11:00~23:00,,https://dynamic-media-cdn.tripadvisor.com/media/photo-o/2f/95/5c/37/caption.jpg?w=900&h=500&s=1,https://www.tripadvisor.com/Restaurant_Review-g294197-d1735162-Reviews-Andong_Jjimdak-Seoul.html,49,4.0,Chicken dishes,A renowned place for braised chicken in a sweet and spicy soy sauce.,,8084698,https://place.map.kakao.com/8084698,28000,35000,6,true,true,,,,,,kakao
12657055,Redbrick Bistro,+82 2-797-5635,"Seoul 13, Itaewon-ro 20-gil, Yongsan-gu",04391,37.53372,126.99212,"Italian, French, Pizza, European, Spanish, Wine Bar",,"Redbrick Bistro is a casual wine restaurant where you can enjoy brick oven pizza, pasta and many other home style European food. Enjoy rooftop garden and great wine selections.",https://dynamic-media-cdn.tripadvisor.com/media/photo-o/26/98/d7/f5/caption.jpg?w=200&h=200&s=1&cx=4371&cy=2305&chk=v1_61d445397c32bc84ce48,https://www.tripadvisor.com/Restaurant_Review-g294197-d12657055-Reviews-Redbrick_Bistro-Seoul.html,20,4.9,,,,,,,,,,,,,,,,
7748449,Sandeulhae - Songpa,+82 2-448-3457,"Seoul 6, Wiryeseong-Daero, Songpa-Gu",05544,37.517006,127.11306,,월 11:10~21:00 / 화 11:10~21:00 / 수 11:10~21:00 / 목 11:10~21:00 / 금 11:10~21:00 / 토 11:10~21:00 / 일 11:10~21:00,,https://dynamic-media-cdn.tripadvisor.com/media/photo-o/19/fa/a1/dc/caption.jpg?w=900&h=500&s=1,https://www.tripadvisor.com/Restaurant_Review-g294197-d7748449-Reviews-Sandeulhae_Songpa-Seoul.html,21,4.3,Hanjeongsik (Korean course meal),The taste of home-cooked meals filled with care in a generous spread.,일 20:00 / 월 20:00 / 화 20:00 / 수 20:00 / 목 20:00 / 금 20:00 / 토 20:00,13337591,https://place.map.kakao.com/13337591,15000,21000,9,true,true,true,true,true,,,kakao
1965082,Bulgogi Brothers Seoul Finance Center Store,+82 2-775-7871,"Seoul B2 Seoul Finance Center 84 Taepyeongno 1-ga, Jung-gu",,37.56844,126.97765,"Barbecue, Asian, Korean",Sun 11:00~22:00 / Mon 11:00~22:00 / Tue 11:00~22:00 / Wed 11:00~22:00 / Thu 11:00~22:00 / Fri 11:00~22:00 / Sat 11:00~22:00,,https://dynamic-media-cdn.tripadvisor.com/media/photo-o/26/98/d7/f5/caption.jpg?w=200&h=200&s=1&cx=4371&cy=2305&chk=v1_61d445397c32bc84ce48,https://www.tripadvisor.com/Restaurant_Review-g294197-d1965082-Reviews-Bulgogi_Brothers_Seoul_Finance_Center_Store-Seoul.html,107,4.1,,,,,,,,,,,,,,,,tripadvisor
8981399,Izakaya,,"Seoul 13, Gucheonmyeon-Ro",,37.546783,127.107285,"Asian, Korean",,,https://dynamic-media-cdn.tripadvisor.com/media/photo-o/15/81/c5/7d/img-20181107-123759-largejpg.jpg?w=700&h=400&s=1,https://www.tripadvisor.com/Restaurant_Review-g294197-d8981399-Reviews-Izakaya-Seoul.html,7,4.6,,,,,,,,,,,,,,,,
12204921,Hwahaedang Yeouido,+82 2-785-4422,"Seoul 20, Gukhoe-daero 74-gil, Yeongdeungpo-gu No.205, 2F, Manhattan 21 Livingtel",07238,37.529633,126.92173,,Mon 09:00~21:00 / Tue 09:00~21:00 / Wed 09:00~21:00 / Thu 09:00~21:00 / Fri 09:00~21:00 / Sat 09:00~21:00,,https://dynamic-media-cdn.tripadvisor.com/media/photo-o/10/58/9a/fd/photo1jpg.jpg?w=900&h=500&s=1,https://www.tripadvisor.com/Restaurant_Review-g294197-d12204921-Reviews-Hwahaedang_Yeouido-Seoul.html,22,4.4,,The essence of a soy sauce marinated crab set meal packed with meat.,,25148510,https://place.map.kakao.com/25148510,50000,62500,2,true,,true,true,,,,tripadvisor
16740764,Cartoon Plus Cafe,+82 2-337-6588,"Seoul 29, Yanghwa-ro 16-gil, Mapo-gu",,37.553177,126.92115,"Cafe, Asian, Korean, Street Food",월 00:00~24:00 / 화 00:00~24:00 / 수 00:00~24:00 / 목 00:00~24:00 / 금 00:00~24:00 / 토 00:00~24:00 / 일 00:00~24:00,,https://dynamic-media-cdn.tripadvisor.com/media/photo-o/17/cc/9b/38/caption.jpg?w=800&h=500&s=1,https://www.tripadvisor.com/Restaurant_Review-g294197-d16740764-Reviews-Cartoon_Plus_Cafe-Seoul.html,5,5.0,Comic book cafe,,,543671406,https://place.map.kakao.com/543671406,3600,10800,6,,,,,,,,kakao
28152109,Bb.q Chicken Myeongdong Star,+82 2-318-8809,"Seoul 2 Myeongdong 4-gil, Jung District, Seoul, South Korea",,37.56345,126.98347,"Asian, Korean, Beer restaurants",월 11:00~24:00 / 화 11:00~24:00 / 수 11:00~24:00 / 목 11:00~24:00 / 금 11:00~24:00 / 토 12:00~24:00 / 일 12:00~24:00,,https://dynamic-media-cdn.tripadvisor.com/media/photo-o/26/98/d7/f5/caption.jpg?w=200&h=200&s=1&cx=4371&cy=2305&chk=v1_61d445397c32bc84ce48,https://www.tripadvisor.com/Restaurant_Review-g294197-d28152109-Reviews-Bb_q_Chicken_Myeongdong_Star-Seoul.html,10,3.7,Korean fried chicken,A trendy second-floor chicken hotspot that even foreigners love.,,105288101,https://place.map.kakao.com/105288101,20000,24000,30,,,,,,,,kakao
8961549,Hwanggop,+82 2-337-8292,"Seoul 149, Eoulmadang-Ro",,37.561993,126.92626,Healthy,월 17:00~23:00 / 화 17:00~23:00 / 수 17:00~23:00 / 목 17:00~23:00 / 금 15:00~24:00 / 토 15:00~24:00 / 일 15:00~23:00,,https://dynamic-media-cdn.tripadvisor.com/media/photo-o/1a/89/60/bf/img-9848-w-largejpg.jpg?w=800&h=500&s=1,https://www.tripadvisor.com/Restaurant_Review-g294197-d8961549-Reviews-Hwanggop-Seoul.html,33,4.9,Gopchang (grilled beef intestines),The temptation of chewy beef intestines packed with flavor.,,18514677,https://place.map.kakao.com/18514677,20000,27000,9,,,,,,,,kakao
25411976,Lit Lounge Itaewon,+82 70-4833-1906,"Seoul Yongsan-Gu, Itaewon-dong 34-65 1st Floor",03490,37.5339,126.98904,"Bar, Pizza, Pub",Sun 18:00~01:00 / Tue 19:00~01:00 / Wed 19:00~01:00 / Thu 19:00~01:00 / Fri 19:00~03:00 / Sat 21:00~04:00,"Lit Lounge Itaewon is Seoul’s leading hookah & shisha lounge, blending hip-hop and Afrobeats with vibrant community energy. Located in the heart of Itaewon, our premium lounge offers smooth hookah flavors, signature cocktails, and live DJs spinning Hip Hop, Afrobeats, R&B and Amapiano. Whether you’re a local or traveler, Lit Lounge Itaewon is the go-to nightlife spot to relax, connect and experience Seoul’s hookah culture. Come for the flavor, stay for the vibe — the hype fades, but the lit moments last forever.",https://dynamic-media-cdn.tripadvisor.com/media/photo-o/26/98/d7/f5/caption.jpg?w=200&h=200&s=1&cx=4371&cy=2305&chk=v1_61d445397c32bc84ce48,https://www.tripadvisor.com/Restaurant_Review-g294197-d25411976-Reviews-Lit_Lounge_Itaewon-Seoul.html,25,5.0,,A cocktail lounge with a different vibe from day to night.,,839892336,https://place.map.kakao.com/839892336,6000,7000,2,,,,,,,true,tripadvisor
7234215,bills Jamsil,+82 2-3213-4185,"Seoul 300, Olympic-ro, Songpa-gu 1F Lotte World Mall",05551,37.513115,127.10384,Australian,월 10:30~22:00 / 화 10:30~22:00 / 수 10:30~22:00 / 목 10:30~22:00 / 금 10:30~22:00 / 토 10:30~22:00 / 일 10:30~22:00,"bills Jamsil is our first Seoul restaurant. I love Korea: it's become the punchy, dynamic powerhouse of the world. It's shiny, brash and modern (and famously envied throughout Asia, I recently discovered, for having the 'best-looking celebrities'). We've tapped into that exciting glamour at Jamsil - the restaurant feels like a greenhouse, overlooking the park and lake, with soaring ceilings, marble tables, gold mirrors around the bar, and green tiles inspired by the fresh produce and herbs of the local cooking. The menu includes all the bills classics plus our interpretation of Korea's spicy vegetable dishes.",https://dynamic-media-cdn.tripadvisor.com/media/photo-o/26/98/d7/f5/caption.jpg?w=200&h=200&s=1&cx=4371&cy=2305&chk=v1_61d445397c32bc84ce48,https://www.tripadvisor.com/Restaurant_Review-g294197-d7234215-Reviews-Bills_Jamsil-Seoul.html,80,3.8,Western,Australian-style all-day dining.,,27524253,https://place.map.kakao.com/27524253,7800,17000,30,true,,,,,,,kakao
7149443,Kyungbokkung - Gwanhun,+82 507-1453-7713,"Seoul 38, Insadong 5-gil, Jongno-gu CenterMark Hotel B1F",03149,37.572548,126.9842,"Asian, Korean",월 11:30~22:00 / 화 11:30~22:00 / 수 11:30~22:00 / 목 11:30~22:00 / 금 11:30~22:00 / 토 11:30~22:00 / 일 11:30~22:00,,https://dynamic-media-cdn.tripadvisor.com/media/photo-o/26/98/d7/f5/caption.jpg?w=200&h=200&s=1&cx=4371&cy=2305&chk=v1_61d445397c32bc84ce48,https://www.tripadvisor.com/Restaurant_Review-g294197-d7149443-Reviews-Kyungbokkung_Gwanhun-Seoul.html,31,4.2,Hanjeongsik (Korean course meal),Private traditional Korean set meals in a Hanok atmosphere.,,17103184,https://place.map.kakao.com/17103184,34000,38000,21,true,true,true,,,,,kakao
14058203,Gongi,+8250714047753,"Seoul 4, Itaewon-ro 45gil, Yongsan-gu",04400,37.53728,127.00251,"Asian, Korean",월 12:00~21:30 / 화 12:00~21:30 / 수 12:00~21:30 / 목 12:00~21:30 / 금 12:00~21:30 / 토 12:00~21:30 / 일 12:00~21:00,,https://dynamic-media-cdn.tripadvisor.com/media/photo-o/12/cf/78/34/getlstd-property-photo.jpg?w=900&h=500&s=1,https://www.tripadvisor.com/Restaurant_Review-g294197-d14058203-Reviews-Gongi-Seoul.html,7,5.0,Korean,,,617210652,https://place.map.kakao.com/617210652,8000,33000,18,true,,,,,true,,kakao
9751907,On The Border IFC Mall,+82 2-6137-5682,"Seoul 10, Gukjegeumyung-ro, Yeongdeungpo-gu B3, IFC Mall",07326,37.525482,126.92556,Mexican,,,https://dynamic-media-cdn.tripadvisor.com/media/photo-o/26/98/d7/f5/caption.jpg?w=200&h=200&s=1&cx=4371&cy=2305&chk=v1_61d445397c32bc84ce48,https://www.tripadvisor.com/Restaurant_Review-g294197-d9751907-Reviews-On_The_Border_IFC_Mall-Seoul.html,67,3.9,,A spacious and comfortable area filled with Mexican ambiance.,,18159889,https://place.map.kakao.com/18159889,28000,32000,3,true,,,,,,true,
1852670,Wang Thai,+82 2-749-2746,"Seoul Yeonghwa Bldg. 3F, 176-2, Itaewon-dong, Yongsan-gu",,37.534313,126.99065,"Asian, Thai",Sun 11:30~21:00 / Tue 11:30~21:00 / Wed 11:30~21:00 / Thu 11:30~21:00 / Fri 11:30~21:00 / Sat 11:30~21:00,,https://dynamic-media-cdn.tripadvisor.com/media/photo-o/26/98/d7/f5/caption.jpg?w=200&h=200&s=1&cx=4371&cy=2305&chk=v1_61d445397c32bc84ce48,https://www.tripadvisor.com/Restaurant_Review-g294197-d1852670-Reviews-Wang_Thai-Seoul.html,93,4.1,,,,,,,,,,,,,,,,tripadvisor
10779217,The Place COEX Mall,+82 2-6002-1150,"Seoul 513, Yeongdong-daero, Gangnam-gu J102, B1, COEX Mall",06164,37.511692,127.060295,"Italian, Pizza, Fusion",월 10:00~22:00 / 화 10:00~22:00 / 수 10:00~22:00 / 목 10:00~22:00 / 금 10:00~22:00 / 토 10:00~22:00 / 일 10:00~22:00,,https://dynamic-media-cdn.tripadvisor.com/media/photo-o/26/98/d7/f5/caption.jpg?w=200&h=200&s=1&cx=4371&cy=2305&chk=v1_61d445397c32bc84ce48,https://www.tripadvisor.com/Restaurant_Review-g294197-d10779217-Reviews-The_Place_COEX_Mall-Seoul.html,27,4.0,Italian,An Italian bistro with a charming alley vibe in the city.,,26333177,https://place.map.kakao.com/26333177,5000,24500,20,true,true,,,,,,kakao
7747972,10 Corso Como Cafe,+82 2-547-3010,"Seoul 416, Apgujeong-Ro, Gangnam-Gu",06015,37.526855,127.04226,"Italian, Cafe, European",월 11:00~20:30 / 화 11:00~20:30 / 수 11:00~20:30 / 목 11:00~20:30 / 금 11:00~20:30 / 토 11:00~20:30 / 일 11:00~20:30,,https://dynamic-media-cdn.tripadvisor.com/media/photo-o/26/98/d7/f5/caption.jpg?w=200&h=200&s=1&cx=4371&cy=2305&chk=v1_61d445397c32bc84ce48,https://www.tripadvisor.com/Restaurant_Review-g294197-d7747972-Reviews-10_Corso_Como_Cafe-Seoul.html,31,4.4,Cafe,,,22400767,https://place.map.kakao.com/22400767,15000,17000,20,true,,,,,,,kakao
17347897,Leechadol - Hongdae,+82 2-336-3888,"Seoul 36, Jandari-ro 6-gil, Mapo-gu",04042,37.55219,126.92119,"Barbecue, Asian, Korean",,"2chadol is korean barbecue restaurant. You can enjoy Korean-style beef brisket, which is cost effective.",https://dynamic-media-cdn.tripadvisor.com/media/photo-o/17/41/f4/0e/caption.jpg?w=900&h=500&s=1,https://www.tripadvisor.com/Restaurant_Review-g294197-d17347897-Reviews-Leechadol_Hongdae-Seoul.html,9,4.6,,,,,,,,,,,,,,,,
10202101,Gaon,+82 2-545-9845,"Seoul 317 Dosan-daero, Gangnam-gu Horim Art bldg. M FL.",06021,37.522556,127.03653,Korean,Mon 17:30~23:00 / Tue 17:30~23:00 / Wed 17:30~23:00 / Thu 17:30~23:00 / Fri 17:30~23:00 / Sat 17:30~23:00,GAON unfolds the nutritious flow of the King contained within the royal table with the ingredients it has seasonally collected from Korean waters and mountains. Discovering the best ingredients and studying their deep flavors is how we deliver the concealed taste and profound aroma of Korean cuisine. Korean cuisine 'Onnal' which has maximized the organic flavors of the ingredient through the selection of the highest quality ingredients and cooking them through equally prudent procedures. Korean cuisine 'Gaon' which has unfolded Korean food as an ultimate piece of culinary art by adding the chef's philosophy and sensibility to the original dignity of traditional Korean cuisine.,https://dynamic-media-cdn.tripadvisor.com/media/photo-o/26/98/d7/f5/caption.jpg?w=200&h=200&s=1&cx=4371&cy=2305&chk=v1_61d445397c32bc84ce48,https://www.tripadvisor.com/Restaurant_Review-g294197-d10202101-Reviews-Gaon-Seoul.html,30,4.1,,,,,,,,,,,,,,,,tripadvisor
7834879,Mr. Kebab,+82 2-3463-2356,"Seoul 192, Itaewon-ro, Yongsan-gu",04406,37.53459,126.995476,"Fast Food, Turkish, Middle Eastern",월 10:00~03:00 / 화 10:00~03:00 / 수 10:00~03:00 / 목 10:00~03:00 / 금 10:00~03:00 / 토 10:00~06:00 / 일 10:00~06:00,,https://dynamic-media-cdn.tripadvisor.com/media/photo-o/26/98/d7/f5/caption.jpg?w=200&h=200&s=1&cx=4371&cy=2305&chk=v1_61d445397c32bc84ce48,https://www.tripadvisor.com/Restaurant_Review-g294197-d7834879-Reviews-Mr_Kebab-Seoul.html,66,4.0,"Mexican, Brazilian",Authentic Turkish kebabs and sweet desserts available 24 hours.,,11520662,https://place.map.kakao.com/11520662,6900,9900,30,false,true,,,,,,kakao
4826339,Uncle's Grilled Fish,+82 2-752-6649,"Seoul 168-2, Namchang-dong, Jung-gu",,37.557728,126.97775,"Seafood, Asian, Korean",월 10:30~21:00 / 화 10:30~21:00 / 수 10:30~21:00 / 목 10:30~21:00 / 금 10:30~21:00 / 토 10:30~21:00,,https://dynamic-media-cdn.tripadvisor.com/media/photo-o/26/98/d7/f5/caption.jpg?w=200&h=200&s=1&cx=4371&cy=2305&chk=v1_61d445397c32bc84ce48,https://www.tripadvisor.com/Restaurant_Review-g294197-d4826339-Reviews-Uncle_s_Grilled_Fish-Seoul.html,17,4.6,"Seafood, fish",The perfect example of crispy and moist grilled mackerel.,월 20:30 / 화 20:30 / 수 20:30 / 목 20:30 / 금 20:30 / 토 20:30,15648085,https://place.map.kakao.com/15648085,10000,11000,10,false,,,,,,,kakao
10628978,Mishmash,+82 2-6465-2211,"Seoul 47-2, Changdeokgung-gil, Jongno-gu",03057,37.57951,126.989,"European, Asian, Korean",Mon 18:00~22:00 / Tue 18:00~22:00 / Wed 18:00~22:00 / Thu 18:00~22:00 / Fri 18:00~22:00 / Sat 18:00~22:00,"Mishmash is a modern Korean restaurant. While we respect the traditional Korean cuisine as the base in our kitchen, we try to explore different methods of cooking and flavors with a modern understanding of Korean cuisine.",https://dynamic-media-cdn.tripadvisor.com/media/photo-o/26/98/d7/f5/caption.jpg?w=200&h=200&s=1&cx=4371&cy=2305&chk=v1_61d445397c32bc84ce48,https://www.tripadvisor.com/Restaurant_Review-g294197-d10628978-Reviews-Mishmash-Seoul.html,18,4.5,,,,405211563,https://place.map.kakao.com/405211563,,,,,,,,,,,tripadvisor
7748326,Menya Sandaime,+82 2-332-4129,"Seoul 24, Hongik-Ro 5an-Gil, Mapo-Gu",04039,,,"Japanese, Asian",월 11:30~22:00 / 화 11:30~22:00 / 수 11:30~22:00 / 목 11:30~22:00 / 금 11:30~22:00 / 토 11:30~22:00 / 일 11:30~22:00,,https://dynamic-media-cdn.tripadvisor.com/media/photo-o/26/98/d7/f5/caption.jpg?w=200&h=200&s=1&cx=4371&cy=2305&chk=v1_61d445397c32bc84ce48,https://www.tripadvisor.com/Restaurant_Review-g294197-d7748326-Reviews-Menya_Sandaime-Seoul.html,29,4.3,Japanese ramen,"Delicious, chewy handmade ramen infused with Japanese charm.",일 21:30 / 월 21:30 / 화 21:30 / 수 21:30 / 목 21:30 / 금 21:30 / 토 21:30,12887413,https://place.map.kakao.com/12887413,4000,11000,7,false,,,,,,,kakao
6643598,Cotela Coreanos Tequila Lounge,+82 2-547-4427,"Seoul B1, 25, Seolleung-ro 157-gil, Gangnam-gu",,37.526127,127.0377,"Mexican, Bar, Pub, Dining bars",Sun 12:00~00:00 / Mon 17:00~00:00 / Tue 17:00~00:00 / Wed 17:00~00:00 / Thu 17:00~00:00 / Fri 17:00~00:00 / Sat 12:00~00:00,,https://dynamic-media-cdn.tripadvisor.com/media/photo-o/26/98/d7/f5/caption.jpg?w=200&h=200&s=1&cx=4371&cy=2305&chk=v1_61d445397c32bc84ce48,https://www.tripadvisor.com/Restaurant_Review-g294197-d6643598-Reviews-Cotela_Coreanos_Tequila_Lounge-Seoul.html,74,4.2,,,,,,,,,,,,,,,,tripadvisor
7748125,Eunjujeong,+82 2-2265-4669,"Seoul 32, Changgyeonggung-ro 8-gil, Jung-gu",04546,37.56861,126.99981,"Asian, Korean",월 11:30~22:00 / 화 11:30~22:00 / 수 11:30~22:00 / 목 11:30~22:00 / 금 11:30~22:00 / 토 11:30~22:00,,https://dynamic-media-cdn.tripadvisor.com/media/photo-o/26/98/d7/f5/caption.jpg?w=200&h=200&s=1&cx=4371&cy=2305&chk=v1_61d445397c32bc84ce48,https://www.tripadvisor.com/Restaurant_Review-g294197-d7748125-Reviews-Eunjujeong-Seoul.html,50,4.3,Samgyeopsal (grilled pork belly),The rich flavor of kimchi stew paired perfectly with wraps.,,8050105,https://place.map.kakao.com/8050105,2000,6000,23,true,true,,true,,,,kakao
34249019,Michin-Yangkkochi Jamsiljeom,+820507-1424-5658,Seoul Baegjegobunlo7 gil 28 Seoul Songpagu Jisang 2 Cheung,,37.4222,126.42307,,Sun 14:00~00:00 / Mon 14:00~00:00 / Tue 14:00~00:00 / Wed 14:00~00:00 / Thu 14:00~00:00 / Fri 14:00~00:00 / Sat 14:00~00:00,,https://dynamic-media-cdn.tripadvisor.com/media/photo-o/26/98/d7/f5/caption.jpg?w=200&h=200&s=1&cx=4371&cy=2305&chk=v1_61d445397c32bc84ce48,https://www.tripadvisor.com/Restaurant_Review-g294197-d34249019-Reviews-Michin_Yangkkochi_Jamsiljeom-Seoul.html,9,5.0,,The perfect harmony of unlimited lamb skewers and self-serve ramen.,,746540152,https://place.map.kakao.com/746540152,19900,21900,4,,,,,,,,tripadvisor
25152440,Bistro MEXI,+82 2-797-6855,Seoul 191 Itaewon-ro 2f,04350,37.534718,126.99528,Mexican,Sun 17:00~02:00 / Mon 17:00~02:00 / Tue 17:00~02:00 / Wed 17:00~02:00 / Thu 17:00~03:00 / Fri 17:00~04:00 / Sat 17:00~04:00,"bistroMEXI Right in the heart of Itaewon, bistroMEXI brings the vibe of a Cancun beach lounge to the city. With wide street views through floor-to-ceiling windows and an easygoing tropical mood, it’s the perfect escape—without leaving Seoul. Dinner turns into a Beach Party Start your evening with cocktails and bites, then let the night take over. Live DJs set the mood as the space shifts from laid-back lounge to a full-on beach party. Bottomless Tequila – Fri & Sat 10PM–1AM Every Friday and Saturday night, enjoy unlimited tequila for just ₩19,000 from 10PM to 1AM. Play a round of beer pong, shoot hoops, throw darts, or strike a pose at the free photobooth— the party comes with everything you need. Mexican Flavors, Our Way Authentic dishes crafted by a Mexican chef, plus cocktails reimagined in true bistroMEXI style. Familiar flavors with a fresh twist— easy to enjoy, hard to forget.",https://dynamic-media-cdn.tripadvisor.com/media/photo-o/29/0c/fa/8e/a-feast-with-mexican.jpg?w=900&h=500&s=1,https://www.tripadvisor.com/Restaurant_Review-g294197-d25152440-Reviews-Bistro_MEXI-Seoul.html,11,4.9,,A stylish large party space that can accommodate 400 people.,,1430791722,https://place.map.kakao.com/1430791722,,,,true,true,,,,,,tripadvisor
27095353,Jikang Korean Restaurant Apgujeong,+82 2-518-8848,"Seoul 17 Apgujeong-ro 30-gil 111, 112, 104-1, Gangnam-gu",,37.526356,127.02935,"Asian, Korean",월 11:00~22:00 / 화 11:00~22:00 / 수 11:00~22:00 / 목 11:00~22:00 / 금 11:00~22:00 / 토 11:00~22:00 / 일 11:00~22:00,,https://dynamic-media-cdn.tripadvisor.com/media/photo-o/2b/25/15/af/caption.jpg?w=900&h=500&s=1,https://www.tripadvisor.com/Restaurant_Review-g294197-d27095353-Reviews-Jikang_Korean_Restaurant_Apgujeong-Seoul.html,4,5.0,Korean,Jikang Hansik Restaurant in Apgujeong offers one hour of free parking in the basement (SUVs not allowed).,일 20:50 / 월 20:50 / 화 20:50 / 수 20:50 / 목 20:50 / 금 20:50 / 토 20:50,2030032655,https://place.map.kakao.com/2030032655,2000,18000,16,true,,,,,,,kakao
15209986,Gyonam Gimbab,+82 2-723-2200,"Seoul 35, Gyeonggyojang-gil, Jongno-gu #3116, 1st floor, Gyeongheegung Xi Complex 3",03180,37.568295,126.9653,"Asian, Korean, Fusion, Healthy",월 06:00~21:00 / 화 06:00~21:00 / 수 06:00~21:00 / 목 06:00~21:00 / 금 06:00~21:00 / 토 06:00~21:00 / 일 06:00~21:00,"A 'cooking gimbap house' combining deodeok from the mountains of Gangwon-do and fresh squid with Korean snack food. Gimbap, squid dishes, and home-style meals, capturing the palate with healthy ingredients and heartfelt handmade taste! Enjoy gimbap, sweet-and-spicy stir-fried squid, and healthy Hanwoo royal-court tteokbokki for children.",https://dynamic-media-cdn.tripadvisor.com/media/photo-o/26/98/d7/f5/caption.jpg?w=200&h=200&s=1&cx=4371&cy=2305&chk=v1_61d445397c32bc84ce48,https://www.tripadvisor.com/Restaurant_Review-g294197-d15209986-Reviews-Gyonam_Gimbab-Seoul.html,9,5.0,Bunsik (Korean street snacks),A special kimbap filled with the aroma of deodeok (wild root).,일 20:30 / 월 20:30 / 화 20:30 / 수 20:30 / 목 20:30 / 금 20:30 / 토 20:30,1235019839,https://place.map.kakao.com/1235019839,4700,5900,25,true,,,,,,true,kakao
32880101,Geumseonghoegwan Mokdong Direct Branch,1533-0383,"Seoul Mokdongdong-ro, 222-3 1st Floor",,37.525467,126.872185,"Asian, Korean",Sun 12:00~23:00 / Mon 11:00~14:00 / Mon 16:00~23:00 / Tue 11:00~14:00 / Tue 16:00~23:00 / Wed 11:00~14:00 / Wed 16:00~23:00 / Thu 11:00~14:00 / Thu 16:00~23:00 / Fri 11:00~14:00 / Fri 16:00~23:00 / Sat 12:00~23:00,,https://dynamic-media-cdn.tripadvisor.com/media/photo-o/26/98/d7/f5/caption.jpg?w=200&h=200&s=1&cx=4371&cy=2305&chk=v1_61d445397c32bc84ce48,https://www.tripadvisor.com/Restaurant_Review-g294197-d32880101-Reviews-Geumseonghoegwan_Mokdong_Direct_Branch-Seoul.html,10,5.0,,,,,,,,,,,,,,,,tripadvisor
8118170,Wangbijib Jongno,+82 2-720-3066,"Seoul 24, Samil-daero 15-gil, Jongno-gu",03190,37.56889,126.98617,"Barbecue, Asian, Korean",Sun 11:00~22:30 / Mon 11:00~22:30 / Tue 11:00~22:30 / Wed 11:00~22:30 / Thu 11:00~22:30 / Fri 11:00~22:30 / Sat 11:00~22:30,,https://dynamic-media-cdn.tripadvisor.com/media/photo-o/26/98/d7/f5/caption.jpg?w=200&h=200&s=1&cx=4371&cy=2305&chk=v1_61d445397c32bc84ce48,https://www.tripadvisor.com/Restaurant_Review-g294197-d8118170-Reviews-Wangbijib_Jongno-Seoul.html,17,4.4,,The rich flavor of galbi crafted with heartfelt skill.,,15232887,https://place.map.kakao.com/15232887,48000,55000,2,true,,,,,,,tripadvisor
33043749,Choban Dining,+82 2-2261-2005,"Seoul Supyo-ro 6-gil, 8-1 1st Floor",04554,37.562653,126.99087,"Barbecue, Asian, Korean",월 10:00~22:00 / 화 10:00~22:00 / 수 10:00~22:00 / 목 10:00~22:00 / 금 10:00~22:00 / 토 12:00~22:00,,https://dynamic-media-cdn.tripadvisor.com/media/photo-o/26/98/d7/f5/caption.jpg?w=200&h=200&s=1&cx=4371&cy=2305&chk=v1_61d445397c32bc84ce48,https://www.tripadvisor.com/Restaurant_Review-g294197-d33043749-Reviews-Choban_Dining-Seoul.html,50,4.9,Samgyeopsal (grilled pork belly),The essence of aged pork belly grilled by our staff.,월 21:15 / 화 21:15 / 수 21:15 / 목 21:15 / 금 21:15 / 토 21:15,2048492620,https://place.map.kakao.com/2048492620,6000,21000,19,true,true,,,,,,kakao
8935862,Ashley,+82 2-2146-2235,"Seoul 269, Olympic-ro, Songpa-gu B1F, Jamsil Lotte Castle",05510,,,American,월 11:00~21:00 / 화 11:00~21:00 / 수 11:00~21:00 / 목 11:00~21:00 / 금 11:00~21:30 / 토 11:00~21:30 / 일 11:00~21:30,,https://dynamic-media-cdn.tripadvisor.com/media/photo-o/12/aa/54/ce/20180417-112401-largejpg.jpg?w=800&h=500&s=1,https://www.tripadvisor.com/Restaurant_Review-g294197-d8935862-Reviews-Ashley-Seoul.html,7,4.7,Family restaurant,A buffet with a colorful array of flavors and a relaxed atmosphere.,,21302210,https://place.map.kakao.com/21302210,7900,17900,6,true,,,,,,true,kakao
7887233,Changgo 43 - Main Store,+82 2-783-4557,"Seoul 33, Gukjegeumyung-ro 6-gil, Yeongdeungpo-gu yeouidobaeghwajeom M2cheung",07331,37.52076,126.926895,"Asian, Korean",월 11:30~22:00 / 화 11:30~22:00 / 수 11:30~22:00 / 목 11:30~22:00 / 금 11:30~22:00 / 토 11:30~22:00 / 일 11:30~22:00,"Changgo 43 offers a sophisticated, modern dining space designed to elevate your premium culinary experience. [Premium Private Dining Rooms] We feature a wide selection of private dining rooms of various sizes. It is perfectly optimized for formal gatherings, business meetings, family celebrations, and large corporate events where privacy is paramount. [Exceptional Full-Service Grilling] Highly trained professional grillers provide full table service. Our dedicated staff manages the entire cooking process directly, allowing hosts and guests to focus completely on their conversations and business matters without any hassle. [Accessibility & Convenience] Located in major business districts, our venues offer exceptional accessibility. We provide convenient parking , ensuring seamless convenience for driving guests and VIPs. It is the perfect venue for global business partners.",https://dynamic-media-cdn.tripadvisor.com/media/photo-o/26/98/d7/f5/caption.jpg?w=200&h=200&s=1&cx=4371&cy=2305&chk=v1_61d445397c32bc84ce48,https://www.tripadvisor.com/Restaurant_Review-g294197-d7887233-Reviews-Changgo_43_Main_Store-Seoul.html,40,3.9,"Meat, Korean BBQ",Experience Hanwoo dining in a private room.,,8086602,https://place.map.kakao.com/8086602,8000,51500,22,true,,,,,,,kakao
32873276,Iksunfarm-Myeong-dong,+82 2-3789-4443,Seoul 22-2 Chungmuro 1-ga,,37.561718,126.98395,"Barbecue, Asian, Korean, Grill",Sun 12:00~02:00 / Mon 12:00~23:00 / Tue 12:00~23:00 / Wed 12:00~23:00 / Thu 00:00~23:00 / Fri 12:00~02:00 / Sat 12:00~02:00,,https://dynamic-media-cdn.tripadvisor.com/media/photo-o/26/98/d7/f5/caption.jpg?w=200&h=200&s=1&cx=4371&cy=2305&chk=v1_61d445397c32bc84ce48,https://www.tripadvisor.com/Restaurant_Review-g294197-d32873276-Reviews-Iksunfarm_Myeong_dong-Seoul.html,21,5.0,,,,,,,,,,,,,,,,tripadvisor
33220553,Low & Slow Itaewon Main Branch,+82 50-71339-2268,Seoul 126 Bogwang-ro 2nd Floor,04460,37.534237,126.99421,"American, Barbecue, Korean, Grill, Beer restaurants",월 16:30~21:50 / 수 16:30~21:50 / 목 16:30~21:50 / 금 12:00~21:50 / 토 12:00~21:50 / 일 12:00~21:50,"Low & Slow uses traditional Texas-style smoking with aged oak wood, cooking meat slowly at low temperatures. We use only MBP5+ grade Australian grass-fed Wagyu, seasoned with just salt and pepper, and smoked for over 12 hours by our skilled pit masters.",https://dynamic-media-cdn.tripadvisor.com/media/photo-o/26/98/d7/f5/caption.jpg?w=200&h=200&s=1&cx=4371&cy=2305&chk=v1_61d445397c32bc84ce48,https://www.tripadvisor.com/Restaurant_Review-g294197-d33220553-Reviews-Low_Slow_Itaewon_Main_Branch-Seoul.html,6,4.2,"Meat, Korean BBQ",Authentic Texas barbecue that melts in your mouth.,,1376253571,https://place.map.kakao.com/1376253571,24000,36500,8,,,,,,,,kakao
9878254,Charles H.,+82 2-6388-5500,"Seoul 97 Saemunan-ro, Jongno-gu B1F, Four Seasons Hotel Seoul",03183,37.570686,126.975685,"Bar, Pub",월 18:00~01:30 / 화 18:00~01:30 / 수 18:00~01:30 / 목 18:00~01:30 / 금 18:00~01:30 / 토 18:00~01:30 / 일 18:00~01:30,"Exotic, glamorous and steeped in the worldly romance of its namesake bon vivant, the legendary Charles H. Baker, this intimate bar discreetly hidden away on our lower level is where cocktail connoisseurs go to find the perfect drink.",https://dynamic-media-cdn.tripadvisor.com/media/photo-o/26/98/d7/f5/caption.jpg?w=200&h=200&s=1&cx=4371&cy=2305&chk=v1_61d445397c32bc84ce48,https://www.tripadvisor.com/Restaurant_Review-g294197-d9878254-Reviews-Charles_H-Seoul.html,57,4.4,Cocktail bar,A cocktail feast paired with truffle arancini.,,27438951,https://place.map.kakao.com/27438951,26000,30000,7,true,,,,,,true,kakao
34272755,Mimi Snack,+82 50-71405-5125,Seoul Nohaelo 81gil 2 Floor,01695,37.655605,127.062775,"Japanese, Asian, Korean, Pub, Fusion, Beer restaurants",월 16:00~05:00 / 화 16:00~05:00 / 수 16:00~05:00 / 목 16:00~05:00 / 금 16:00~05:00 / 토 16:00~05:00 / 일 16:00~05:00,,https://dynamic-media-cdn.tripadvisor.com/media/photo-o/26/98/d7/f5/caption.jpg?w=200&h=200&s=1&cx=4371&cy=2305&chk=v1_61d445397c32bc84ce48,https://www.tripadvisor.com/Restaurant_Review-g294197-d34272755-Reviews-Mimi_Snack-Seoul.html,13,5.0,"Bar, pub","'No.1 Izakaya in Nowon' is a certified must-visit spot, consistently ranked as the top drinking establishment in Nowon, known for its delicious snacks.",,1146729859,https://place.map.kakao.com/1146729859,4000,12900,44,true,,,,,,true,kakao
33387270,Myeongdong Joomak,,Seoul 25-1 Myeongdong 10-gil,04537,37.562614,126.98554,,,There is no content for Myeongdong Joomak yet.,https://dynamic-media-cdn.tripadvisor.com/media/photo-o/32/c2/29/c6/caption.jpg?w=900&h=500&s=1,https://www.tripadvisor.com/Restaurant_Review-g294197-d33387270-Reviews-Myeongdong_Joomak-Seoul.html,3,5.0,,,,,,,,,,,,,,,,
27799092,Bornyon,+82 2-3443-0907,Seoul 742 Nonhyeon-ro 7th Floor,06049,37.518253,127.029015,"Korean, Contemporary",Tue 17:30~22:30 / Wed 17:30~22:30 / Thu 17:30~22:30 / Fri 17:30~22:30 / Sat 17:30~22:30,"Located in Nonhyeon, Gangnam—
Bornyon is a beautiful restaurant where you can enjoy city views and a quiet terrace in the heart of Seoul.

Bornyon connects Korean cuisine, fermentation, and woodfire cooking,
reinterpreting Korea’s culinary identity through a modern dining experience.

Over one of the oldest forms of cooking—open fire—
we bring out the depth of seasonal ingredients and fermentation,
offering a Korean taste that feels both familiar and new.

For international guests,
we are available via WhatsApp for reservations and assistance.

📞 +82 10-6604-0907
💬 https://wa.me/821066040907",https://dynamic-media-cdn.tripadvisor.com/media/photo-o/26/98/d7/f5/caption.jpg?w=200&h=200&s=1&cx=4371&cy=2305&chk=v1_61d445397c32bc84ce48,https://www.tripadvisor.com/Restaurant_Review-g294197-d27799092-Reviews-Bornyon-Seoul.html,19,5.0,,A refined course meal crafted with seasonal ingredients.,,143050534,https://place.map.kakao.com/143050534,170000,200000,2,,,,,,,,tripadvisor
10096415,Nature Kitchen - Gwanghwamun,+82 2-2251-8540,"Seoul 17 Jong-ro 3-gil, Jongno-gu D tower 5F",03155,37.570892,126.97895,"Asian, Korean",,Nature Kitchen is a Korean Buffet restaurant that you can experience 60 kinds of Korean traditional menu and the Korean culture at one place. It's the Most Popular Korean Cuisine and Salad bar by The E-land Group.(The E-land group has the biggest restaurant chain in Korea. So the quality and the menu is already guaranteed.) Nature Kitchen in Gwanghwamun is specially for foreigners.,https://dynamic-media-cdn.tripadvisor.com/media/photo-o/26/98/d7/f5/caption.jpg?w=200&h=200&s=1&cx=4371&cy=2305&chk=v1_61d445397c32bc84ce48,https://www.tripadvisor.com/Restaurant_Review-g294197-d10096415-Reviews-Nature_Kitchen_Gwanghwamun-Seoul.html,20,4.5,,,,,,,,,,,,,,,,
13944402,Sunny Bread,+82 10-9264-5282,"Seoul 5, Sowol-ro 2-gil, Yongsan-gu",04404,37.534405,126.997406,,Mon 11:00~16:00 / Tue 11:00~16:00 / Wed 11:00~20:00 / Thu 11:00~20:00 / Fri 11:00~20:00,,https://dynamic-media-cdn.tripadvisor.com/media/photo-o/26/98/d7/f5/caption.jpg?w=200&h=200&s=1&cx=4371&cy=2305&chk=v1_61d445397c32bc84ce48,https://www.tripadvisor.com/Restaurant_Review-g294197-d13944402-Reviews-Sunny_Bread-Seoul.html,11,5.0,,,,,,,,,,,,,,,,tripadvisor
34275091,Woomi Hall Jonggak,+82 10-2663-3113,Seoul 8 Ujeongguk-ro 2-gil 1st Floor,03189,37.485416,126.50743,"Asian, Korean",월 11:00~01:00 / 화 11:00~01:00 / 수 11:00~01:00 / 목 11:00~01:00 / 금 11:00~01:00 / 토 12:00~01:00 / 일 12:00~01:00,,https://dynamic-media-cdn.tripadvisor.com/media/photo-o/26/98/d7/f5/caption.jpg?w=200&h=200&s=1&cx=4371&cy=2305&chk=v1_61d445397c32bc84ce48,https://www.tripadvisor.com/Restaurant_Review-g294197-d34275091-Reviews-Woomi_Hall_Jonggak-Seoul.html,5,5.0,"Meat, Korean BBQ",A fresh beef feast embraced by Hanok charm.,,1917387575,https://place.map.kakao.com/1917387575,13000,30000,20,,,,,,,,kakao
10472526,Sausalito Lobster,+82 2-720-5077,"Seoul 15-3, Insadong-gil, Jongno-gu",03162,37.57219,126.986534,Seafood,월 17:00~21:30 / 화 12:00~21:30 / 수 12:00~21:30 / 목 12:00~21:30 / 금 12:00~21:30,,https://dynamic-media-cdn.tripadvisor.com/media/photo-o/26/98/d7/f5/caption.jpg?w=200&h=200&s=1&cx=4371&cy=2305&chk=v1_61d445397c32bc84ce48,https://www.tripadvisor.com/Restaurant_Review-g294197-d10472526-Reviews-Sausalito_Lobster-Seoul.html,12,4.8,Lobster,The essence of a lobster course prepared with great care.,월 20:00,27577204,https://place.map.kakao.com/27577204,130000,135000,6,,true,,,,,,kakao
28604421,Guryongkwan Hyehwa Main Branch,+82 50-71477-7225,Seoul 258-5 Changgyeonggung-ro Jongno District,,37.550262,126.997086,Chinese,화 17:00~00:30 / 수 17:00~00:30 / 목 17:00~00:30 / 금 17:00~00:30 / 토 12:00~00:30 / 일 12:00~00:30,,https://dynamic-media-cdn.tripadvisor.com/media/photo-o/26/98/d7/f5/caption.jpg?w=200&h=200&s=1&cx=4371&cy=2305&chk=v1_61d445397c32bc84ce48,https://www.tripadvisor.com/Restaurant_Review-g294197-d28604421-Reviews-Guryongkwan_Hyehwa_Main_Branch-Seoul.html,9,5.0,Chinese,"A popular dining spot in Hyehwa Daehakro that can accommodate 2 to 100 people, specializing in Chinese cuisine.",,40669117,https://place.map.kakao.com/40669117,6900,20400,16,,,,,,,,kakao
4069200,Baekjae Jeongyukjeom,+82 2-762-7491,"Seoul 155, Hyoje-dong, Jongno-gu",,37.57268,127.004074,"Asian, Korean",월 10:00~22:00 / 화 10:00~22:00 / 수 10:00~22:00 / 목 10:00~22:00 / 금 10:00~22:00 / 토 10:00~22:00,,https://dynamic-media-cdn.tripadvisor.com/media/photo-o/26/98/d7/f5/caption.jpg?w=200&h=200&s=1&cx=4371&cy=2305&chk=v1_61d445397c32bc84ce48,https://www.tripadvisor.com/Restaurant_Review-g294197-d4069200-Reviews-Baekjae_Jeongyukjeom-Seoul.html,27,4.2,"Meat, Korean BBQ",The perfect balance of hot and cold meats.,,26967162,https://place.map.kakao.com/26967162,7000,25500,16,true,,true,,,,,kakao
7105873,Taj Palace,+82 2-790-5786,"Seoul 39, Usadan-ro, Yongsan-gu",04406,37.533703,126.99562,"Indian, Asian",월 11:00~22:00 / 화 11:00~22:00 / 수 11:00~22:00 / 목 11:00~22:00 / 금 11:00~22:00 / 토 11:00~22:00 / 일 11:00~22:00,,https://dynamic-media-cdn.tripadvisor.com/media/photo-o/26/98/d7/f5/caption.jpg?w=200&h=200&s=1&cx=4371&cy=2305&chk=v1_61d445397c32bc84ce48,https://www.tripadvisor.com/Restaurant_Review-g294197-d7105873-Reviews-Taj_Palace-Seoul.html,59,4.2,Indian,,,11520635,https://place.map.kakao.com/11520635,5000,16500,30,,,,,,,,kakao
20264713,TOKYO SIRLOIN Jamsil,+82 2-2146-2115,"Seoul 269, Olympic-ro, Songpa-gu Lotte Castle Plaza 2F",05510,37.514393,127.100746,"Steakhouse, Asian, Korean",,"Tokyo Deungsim Jamsil branch is an Asian steak dining located on the 2nd floor of Lotte Castle Plaza, in front of Exit 8 of Jamsil Station. Enjoy water-aged Hanwoo omakase and various fusion dishes. With good access to Seokchon Lake, Lotte World, and Lotte Mall, its spacious hall is recommended for Jamsil company dinners and gatherings.",https://dynamic-media-cdn.tripadvisor.com/media/photo-o/1b/25/db/9c/caption.jpg?w=900&h=500&s=1,https://www.tripadvisor.com/Restaurant_Review-g294197-d20264713-Reviews-TOKYO_SIRLOIN_Jamsil-Seoul.html,9,4.8,,,,,,,,,,,,,,,,
8965073,Hyunsunine Yongsan,+82 70-8864-8889,"Seoul 5, Hangang-daero 39-gil, Yongsan-gu",04376,37.531307,126.96936,"Asian, Korean",월 11:00~24:00 / 화 11:00~24:00 / 수 11:00~24:00 / 목 11:00~24:00 / 금 11:00~24:00 / 토 11:00~24:00 / 일 11:00~24:00,,https://dynamic-media-cdn.tripadvisor.com/media/photo-o/0f/0f/01/c3/img-20170422-220810-297.jpg?w=900&h=500&s=1,https://www.tripadvisor.com/Restaurant_Review-g294197-d8965073-Reviews-Hyunsunine_Yongsan-Seoul.html,28,4.1,Bunsik (Korean street snacks),Please use the paid parking lot on the left side at the alley entrance.,일 22:40 / 월 22:40 / 화 22:40 / 수 22:40 / 목 22:40 / 금 22:40 / 토 22:40,15659043,https://place.map.kakao.com/15659043,4000,6000,9,,,,,,,true,kakao
4033013,Asian Live,+82 2-3430-8620,"Seoul 159, Samseong-dong, Gangnam-gu InterContinental Coex 2nd floor",06164,37.513474,127.05745,"Chinese, Japanese, Indian, Korean, Middle Eastern",,"Asian Live is the only 5-in-1 restaurant in Korea that serves the finest Asian (Korean, Chinese, Japanese, Indian, and Arab) cuisine with modern twist at a reasonable price. 17 private rooms are available for various occasions.",https://dynamic-media-cdn.tripadvisor.com/media/photo-o/26/98/d7/f5/caption.jpg?w=200&h=200&s=1&cx=4371&cy=2305&chk=v1_61d445397c32bc84ce48,https://www.tripadvisor.com/Restaurant_Review-g294197-d4033013-Reviews-Asian_Live-Seoul.html,36,4.2,,An upscale course menu featuring flavors from various Asian countries.,,1337603976,https://place.map.kakao.com/1337603976,,,,true,true,true,true,,,,
10691572,Sobremesa,+82 2-536-0669,"Seoul 62, Seocho-daero 77-gil, Seocho-gu",06611,37.502644,127.02387,"Mediterranean, European, Spanish",Sun 12:00~14:00 / Sun 17:30~21:00 / Tue 11:30~14:00 / Tue 17:30~21:00 / Wed 11:30~14:00 / Wed 17:30~21:00 / Thu 11:30~14:00 / Thu 17:30~21:00 / Fri 11:30~14:00 / Fri 17:30~21:00 / Sat 12:00~14:00 / Sat 17:30~21:00,"Is a Spanish Restaurant made by a Spanish owner Chef Edgar Quesada Pizarro and his Korean wife Kim Jung Kyun, with traditional recipes and new forms of interpretation in Spanish gourmet food. Dinning restaurant for Regular menu with a possible casual Lunch with authentic Spanish Routs.",https://dynamic-media-cdn.tripadvisor.com/media/photo-o/26/98/d7/f5/caption.jpg?w=200&h=200&s=1&cx=4371&cy=2305&chk=v1_61d445397c32bc84ce48,https://www.tripadvisor.com/Restaurant_Review-g294197-d10691572-Reviews-Sobremesa-Seoul.html,24,4.6,,,,,,,,,,,,,,,,tripadvisor
9449697,Majangdong Korean Beef Village,+82 2-2281-9292,"Seoul 68, Majang-ro35-Gil",,37.570866,127.04191,"Asian, Korean",월 11:00~22:00 / 화 11:00~22:00 / 수 11:00~22:00 / 목 11:00~22:00 / 금 11:00~22:00 / 토 11:00~22:00 / 일 11:00~22:00,,https://dynamic-media-cdn.tripadvisor.com/media/photo-o/26/98/d7/f5/caption.jpg?w=200&h=200&s=1&cx=4371&cy=2305&chk=v1_61d445397c32bc84ce48,https://www.tripadvisor.com/Restaurant_Review-g294197-d9449697-Reviews-Majangdong_Korean_Beef_Village-Seoul.html,16,4.6,"Meat, Korean BBQ",Experience the true value of two-star Hanwoo beef with honest preparation.,,8603223,https://place.map.kakao.com/8603223,3000,7000,14,true,true,true,true,,,,kakao
32761976,Daebojung,+82 2-310-9554,"Seoul 41, Sejong-daero 9-gil Jung-gu Pacific Tower, B1, Unit 4",04513,37.562202,126.97328,"Steakhouse, Barbecue, Asian, Korean",월 11:00~22:00 / 화 11:00~22:00 / 수 11:00~22:00 / 목 11:00~22:00 / 금 11:00~22:00 / 토 11:30~22:00,"Daebojung City Hall presents the depth and elegance of Korean cuisine with a modern touch. Its refined Korean course meals are prepared with carefully selected ingredients, making it an excellent choice for business meetings, company dinners, family gatherings, and formal occasions. With a stylish atmosphere and private dining spaces, guests can enjoy a comfortable yet sophisticated experience. Conveniently located near City Hall and Seoul Station, Daebojung has become a highly regarded Korean restaurant for both professionals and gourmets.",https://dynamic-media-cdn.tripadvisor.com/media/photo-o/26/98/d7/f5/caption.jpg?w=200&h=200&s=1&cx=4371&cy=2305&chk=v1_61d445397c32bc84ce48,https://www.tripadvisor.com/Restaurant_Review-g294197-d32761976-Reviews-Daebojung-Seoul.html,10,5.0,Galbi (grilled short ribs),"Discover top-quality ingredients for galbi, hanwoo beef, shabu-shabu, and bulgogi at this gathering spot near City Hall Station in Seoul.",,224301553,https://place.map.kakao.com/224301553,39000,69000,8,true,,,,,,true,kakao
1166551,Hanwoori Korean Restaurant,+82 2-541-4277,"Seoul 91-18 Nonhyeon-dong, Gangnam-gu",135010,37.521156,127.03473,"Asian, Korean",,,https://dynamic-media-cdn.tripadvisor.com/media/photo-o/26/98/d7/f5/caption.jpg?w=200&h=200&s=1&cx=4371&cy=2305&chk=v1_61d445397c32bc84ce48,https://www.tripadvisor.com/Restaurant_Review-g294197-d1166551-Reviews-Hanwoori_Korean_Restaurant-Seoul.html,45,4.2,,,,,,,,,,,,,,,,
2524701,Poom Seoul,+82 2-777-9007,"Seoul 49, Duteopbawi-ro 60-gil, Yongsan-gu 3F, Daewon Jeongsa Annex",04328,37.54915,126.98334,"Asian, Korean, Fusion",Sun 09:00~21:00 / Mon 09:00~21:00 / Tue 09:00~21:00 / Wed 09:00~21:00 / Thu 09:00~21:00 / Fri 09:00~21:00 / Sat 09:00~21:00,,https://dynamic-media-cdn.tripadvisor.com/media/photo-o/26/98/d7/f5/caption.jpg?w=200&h=200&s=1&cx=4371&cy=2305&chk=v1_61d445397c32bc84ce48,https://www.tripadvisor.com/Restaurant_Review-g294197-d2524701-Reviews-Poom_Seoul-Seoul.html,47,4.2,,,,1395933906,https://place.map.kakao.com/1395933906,350000,350000,1,,,,,,,,tripadvisor
6352986,Inamjang Euljiro,+82 2-2267-4081,"Seoul 16, Samil-daero 12-gil, Jung-gu",04542,37.566612,126.98864,"Asian, Korean",월 10:00~22:00 / 화 10:00~22:00 / 수 10:00~22:00 / 목 10:00~22:00 / 금 10:00~22:00 / 토 10:00~22:00 / 일 10:00~22:00,,https://dynamic-media-cdn.tripadvisor.com/media/photo-o/16/48/dc/01/caption.jpg?w=900&h=500&s=1,https://www.tripadvisor.com/Restaurant_Review-g294197-d6352986-Reviews-Inamjang_Euljiro-Seoul.html,38,4.0,Seolleongtang (ox bone soup),A rich broth made with 48 hours of careful preparation.,일 21:30 / 월 21:30 / 화 21:30 / 수 21:30 / 목 21:30 / 금 21:30 / 토 21:30,10668060,https://place.map.kakao.com/10668060,14000,47500,12,false,true,,,,,,kakao
19085783,Euljiro Brewing,+82 2-2272-1825,"Seoul 48-16, Supyo-ro, Jung-gu",04550,37.565422,126.99071,,월 15:30~02:00 / 화 15:30~02:00 / 수 15:30~02:00 / 목 15:30~02:00 / 금 15:30~02:00 / 토 15:30~02:00 / 일 15:30~02:00,,https://dynamic-media-cdn.tripadvisor.com/media/photo-o/26/98/d7/f5/caption.jpg?w=200&h=200&s=1&cx=4371&cy=2305&chk=v1_61d445397c32bc84ce48,https://www.tripadvisor.com/Restaurant_Review-g294197-d19085783-Reviews-Euljiro_Brewing-Seoul.html,9,4.2,Hof (Korean beer pub),"A hip craft beer pub with a main building and an 80-year-old wooden style annex, serving soju.",,2091976811,https://place.map.kakao.com/2091976811,7500,20750,20,,,,,,,,kakao
26226191,Insa Dodam,+82 2-735-0074,Seoul 5-1 Insadong 16-gil,03060,37.575123,126.98413,"Barbecue, Asian, Korean, Healthy, Beer restaurants",월 11:00~22:00 / 화 11:00~22:00 / 수 11:00~22:00 / 목 11:00~22:00 / 금 11:00~22:00 / 토 11:00~22:00 / 일 11:00~22:00,This is a bibimbap restaurant where you can eat a harmonious mix of healthy and locally sourced vegetables. ((15:30~17:30 BREAK TIME)),https://dynamic-media-cdn.tripadvisor.com/media/photo-o/26/98/d7/f5/caption.jpg?w=200&h=200&s=1&cx=4371&cy=2305&chk=v1_61d445397c32bc84ce48,https://www.tripadvisor.com/Restaurant_Review-g294197-d26226191-Reviews-Insa_Dodam-Seoul.html,9,5.0,Korean,"Welcome to Insado Dam, operated by Taekdaeri. Celebrate your special days with us.",,899048923,https://place.map.kakao.com/899048923,12000,19000,20,,,,,,,,kakao
2487456,Copacabana Grill,+82 2-796-1660,"Seoul Minsaeng B.D. 2F, 119-9, Itaewon-dong, Yongsan-gu",,37.534946,126.992935,"Steakhouse, Brazilian, Latin, Barbecue",,,https://dynamic-media-cdn.tripadvisor.com/media/photo-o/26/98/d7/f5/caption.jpg?w=200&h=200&s=1&cx=4371&cy=2305&chk=v1_61d445397c32bc84ce48,https://www.tripadvisor.com/Restaurant_Review-g294197-d2487456-Reviews-Copacabana_Grill-Seoul.html,103,3.7,,An endless barbecue feast filled with Brazilian vibes.,,17357597,https://place.map.kakao.com/17357597,50000,50000,1,true,true,,,,,,
7618296,Devil's Door,+82 2-6282-4466,"Seoul 205, Sapyeong-daero, Seocho-gu",06545,37.504818,127.00908,"American, Bar, Pub",월 10:30~23:30 / 화 10:30~23:30 / 수 10:30~23:30 / 목 10:30~23:30 / 금 10:30~01:00 / 토 10:30~01:00 / 일 10:30~23:30,,https://dynamic-media-cdn.tripadvisor.com/media/photo-o/26/98/d7/f5/caption.jpg?w=200&h=200&s=1&cx=4371&cy=2305&chk=v1_61d445397c32bc84ce48,https://www.tripadvisor.com/Restaurant_Review-g294197-d7618296-Reviews-Devil_s_Door-Seoul.html,110,3.8,Hof (Korean beer pub),A craft beer space filled with emotion and high ceilings.,일 22:30 / 월 22:30 / 화 22:30 / 수 22:30 / 목 22:30 / 금 24:00 / 토 24:00,26330704,https://place.map.kakao.com/26330704,18000,19500,12,true,true,true,,,,,kakao
19922997,Lak Hee Oak Seocho Gyodae Yeok Branch,+82 2-582-5958,"Seoul 63, Banpo-daero 30-gil, Seocho-gu",06645,37.49262,127.012,"Asian, Korean, Healthy, Dining bars",Sun 11:00~23:30 / Mon 11:00~23:30 / Tue 11:00~23:30 / Wed 11:00~23:30 / Thu 11:00~23:30 / Fri 11:00~23:30 / Sat 11:00~23:30,,https://dynamic-media-cdn.tripadvisor.com/media/photo-o/26/d2/cb/b2/lakheeoak-s-signature.jpg?w=900&h=500&s=1,https://www.tripadvisor.com/Restaurant_Review-g294197-d19922997-Reviews-Lak_Hee_Oak_Seocho_Gyodae_Yeok_Branch-Seoul.html,2,4.5,,,,,,,,,,,,,,,,tripadvisor
11832256,C Tavern,+82 2-778-0770,"Seoul 52, Myeongdong 8ga-gil, Jung-gu Myeongdong Metro exit #10",04537,37.561794,126.98793,"Bar, Pub, Gastropub",Sun 16:00~00:00 / Mon 11:00~15:00 / Mon 16:00~00:00 / Tue 11:00~15:00 / Tue 16:00~00:00 / Wed 11:00~15:00 / Wed 16:00~00:00 / Thu 11:00~15:00 / Thu 16:00~00:00 / Fri 11:00~15:00 / Fri 16:00~00:00 / Sat 16:00~00:00,One of the largest tap houses in Myeong Dong with numerous imported beers along with Korean craft beers. Also serves brunch & dinner.,https://dynamic-media-cdn.tripadvisor.com/media/photo-o/26/98/d7/f5/caption.jpg?w=200&h=200&s=1&cx=4371&cy=2305&chk=v1_61d445397c32bc84ce48,https://www.tripadvisor.com/Restaurant_Review-g294197-d11832256-Reviews-C_Tavern-Seoul.html,40,4.7,,,,,,,,,,,,,,,,tripadvisor
6538765,Loup Blanc,+82 10-4885-2840,"Seoul 23, Hangang Daero 15gil, Yongsangu 1F",04379,37.52607542255891,126.963202539848,"French, Steakhouse, European, Wine Bar",Sun 12:00~22:00 / Tue 11:30~22:00 / Wed 11:30~22:00 / Thu 11:30~22:00 / Fri 11:30~22:00 / Sat 12:00~22:00,"European wine dining restaurant. We opened 2013 in hongdae, seoul and now moved to yongsan. Lunch - 11:30 ~ 14:30 / French home-made style dishes Dinner - 17:00 ~ 22:00 / Charcoal cooked european dishes. Ordering wine is needed.",https://dynamic-media-cdn.tripadvisor.com/media/photo-o/26/98/d7/f5/caption.jpg?w=200&h=200&s=1&cx=4371&cy=2305&chk=v1_61d445397c32bc84ce48,https://www.tripadvisor.com/Restaurant_Review-g294197-d6538765-Reviews-Loup_Blanc-Seoul.html,55,4.4,,Enjoy tender sous-vide pork belly in a cozy setting.,,2035250416,https://place.map.kakao.com/2035250416,24000,29000,3,true,,,,,,,tripadvisor
4078323,Korea Ginseng Chicken Soup - Main Store,+82 2-752-9376,"Seoul 1, Seosomun-ro 11-gil, Jung-gu",04516,37.56296,126.9729,"Asian, Korean",,,https://dynamic-media-cdn.tripadvisor.com/media/photo-o/26/98/d7/f5/caption.jpg?w=200&h=200&s=1&cx=4371&cy=2305&chk=v1_61d445397c32bc84ce48,https://www.tripadvisor.com/Restaurant_Review-g294197-d4078323-Reviews-Korea_Ginseng_Chicken_Soup_Main_Store-Seoul.html,16,4.5,,,,,,,,,,,,,,,,
26773616,Gyeokjung,+82 2-2678-5201,"Seoul 17-2 Gyeongin-ro 79-gil, Yeongdeungpo-gu 1F",,37.51332,126.89337,"Barbecue, Asian, Korean",월 16:00~23:00 / 화 16:00~23:00 / 수 16:00~23:00 / 목 16:00~23:00 / 금 16:00~23:00 / 토 12:00~23:00 / 일 12:00~23:00,"Gyeokjeong, a specialist in premium chicken cuts representing Mullae-dong. Gyeokjeong was the old name for Mullae, and now Gyeokjeong has become a symbol of Mullae once again. [Reasons to visit Gyeokjeong] 1. Blue Ribbon Survey 2023 certified restaurant. 2. 100% domestic fresh meat. 3. House-made sauces and pickles prepared with care in-store. 4. Pre-grilling with an ultra-high-temperature ceramic electric grill that seals in juices while keeping the skin crisp. 5. A variety of sides such as chogye mul-jjolmyeon, rose cream tteokbokki, and gyebaek jjamppong. 6. Highballs enjoyed in a hip interior with a lounge-pub vibe. A new standard for charcoal-grilled chicken you can experience only at Mullae-dong's Gyeokjeong.",https://dynamic-media-cdn.tripadvisor.com/media/photo-o/26/98/d7/f5/caption.jpg?w=200&h=200&s=1&cx=4371&cy=2305&chk=v1_61d445397c32bc84ce48,https://www.tripadvisor.com/Restaurant_Review-g294197-d26773616-Reviews-Gyeokjung-Seoul.html,11,4.9,Lamb skewers,A variety of grilled chicken cuts in a stylish setting.,,1649160706,https://place.map.kakao.com/1649160706,2000,15000,17,,true,true,,,,,kakao
10257940,Glam Lounge,+82 2-796-6853,"Seoul 26, Itaewon-ro 27ga-gil, Yongsan-gu Hamilton Hotel Annex",04350,37.535072,126.99359,Bar,월 19:00~03:00 / 화 19:00~03:00 / 수 19:00~03:00 / 목 19:00~03:00 / 금 19:00~05:00 / 토 19:00~05:00 / 일 19:00~03:00,"A true luxury lounge adorned in black marble highlighted with deep gold accessories. Comfortable seating, exclusive private areas and a large bullet shaped bar set the scene for an intimate night of gathering and mingling with Seoul's finest crowd. Accompanying the opulent interior of Glam, Terrace Baron offers guests with VIP seating indoors and outdoors in our multi level garden gallery. Glam lounge serves a contemporary menu expanding the definition of Japanese & Asian inspired tapas, complimenting our extensive cocktail list, wine, spirits and champagne.",https://dynamic-media-cdn.tripadvisor.com/media/photo-o/26/98/d7/f5/caption.jpg?w=200&h=200&s=1&cx=4371&cy=2305&chk=v1_61d445397c32bc84ce48,https://www.tripadvisor.com/Restaurant_Review-g294197-d10257940-Reviews-Glam_Lounge-Seoul.html,63,4.4,Cocktail bar,A subtle cocktail bar illuminated by neon lights.,,20373260,https://place.map.kakao.com/20373260,10000,12000,5,true,true,true,,,,,kakao
8322311,Manimal Smokehouse,+82 2-790-6788,"Seoul 47, Noksapyeong-daero 40-gil, Yongsan-gu",04351,37.534515,126.98846,"American, Barbecue",월 16:30~22:00 / 화 16:30~22:00 / 수 16:30~22:00 / 목 16:30~22:00 / 금 11:30~22:00 / 토 11:30~22:30 / 일 11:30~22:00,"Manimal Smokehouse is a new American style BBQ restaurant located in Itaewon, Seoul. All meats are smoked in-house daily over cured Korean oak wood in a custom built offset smoker built in Houston, Texas. Our smoker is 100% wood powered with no electrical components.",https://dynamic-media-cdn.tripadvisor.com/media/photo-o/26/98/d7/f5/caption.jpg?w=200&h=200&s=1&cx=4371&cy=2305&chk=v1_61d445397c32bc84ce48,https://www.tripadvisor.com/Restaurant_Review-g294197-d8322311-Reviews-Manimal_Smokehouse-Seoul.html,107,4.2,Western,The first Texas-style barbecue in Korea since 2015.,,26827374,https://place.map.kakao.com/26827374,47900,139900,5,,,,,,true,,kakao
8677855,Paulie's Gwanghwamun D-Tower,+82 2-2251-8200,"Seoul 17, Jong-ro 3-gil, Jongno-gu 2F",03155,37.570965,126.978806,"Italian, American, Pizza",월 11:00~22:00 / 화 11:00~22:00 / 수 11:00~22:00 / 목 11:00~22:00 / 금 11:00~22:00 / 토 11:30~22:00 / 일 11:30~22:00,,https://dynamic-media-cdn.tripadvisor.com/media/photo-o/26/98/d7/f5/caption.jpg?w=200&h=200&s=1&cx=4371&cy=2305&chk=v1_61d445397c32bc84ce48,https://www.tripadvisor.com/Restaurant_Review-g294197-d8677855-Reviews-Paulie_s_Gwanghwamun_D_Tower-Seoul.html,34,4.3,Pizza,Crispy handmade pizza with a New York flair.,일 21:00 / 월 21:00 / 화 21:00 / 수 21:00 / 목 21:00 / 금 21:00 / 토 21:00,391552839,https://place.map.kakao.com/391552839,9900,29000,51,true,true,,true,,,,kakao
7748267,Kangknagsullai Yeoksam,+82 2-567-9233,"Seoul 325, Nonhyeon-Ro, Gangnam-Gu",06257,37.49417,127.03978,,월 11:00~22:00 / 화 11:00~22:00 / 수 11:00~22:00 / 목 11:00~22:00 / 금 11:00~22:00 / 토 11:00~22:00 / 일 11:00~22:00,,https://dynamic-media-cdn.tripadvisor.com/media/photo-o/28/76/5c/a2/caption.jpg?w=900&h=500&s=1,https://www.tripadvisor.com/Restaurant_Review-g294197-d7748267-Reviews-Kangknagsullai_Yeoksam-Seoul.html,18,4.2,Korean,Walk about 700 meters from Exit 2-1 of Yeoksam Station (towards Dogok-dong) to find a beautiful hanok building.,,8144397,https://place.map.kakao.com/8144397,16000,39000,19,true,,,,,,true,kakao
1892427,Woori Garden,+82 2-3785-0744,"Seoul 127, Toegye-ro, Jung-gu",04536,37.56104,126.986015,"Barbecue, Asian, Korean",,,https://dynamic-media-cdn.tripadvisor.com/media/photo-o/26/98/d7/f5/caption.jpg?w=200&h=200&s=1&cx=4371&cy=2305&chk=v1_61d445397c32bc84ce48,https://www.tripadvisor.com/Restaurant_Review-g294197-d1892427-Reviews-Woori_Garden-Seoul.html,106,4.0,,,,,,,,,,,,,,,,
5021758,La Table,+82 2-6361-8120,"Seoul 78, Namdaemun-ro, Jung-gu 19F, Ibis Ambassador Seoul Myeongdong",04534,37.56403,126.98278,"Italian, Japanese, European, Asian, Korean",Sun 06:30~10:00 / Sun 11:00~14:00 / Mon 06:30~10:00 / Mon 11:30~14:00 / Tue 06:30~10:00 / Tue 11:30~14:00 / Wed 06:30~10:00 / Wed 11:30~14:00 / Thu 06:30~10:00 / Thu 11:30~14:00 / Fri 06:30~10:00 / Fri 11:30~14:00 / Sat 06:30~10:00 / Sat 11:00~14:00,"""A good choice to feel great"" Enjoy a buffet and traditional dishes in the relaxing and simple ""La Table"" buffet restaurant.",https://dynamic-media-cdn.tripadvisor.com/media/photo-o/2f/75/be/d0/caption.jpg?w=900&h=500&s=1,https://www.tripadvisor.com/Restaurant_Review-g294197-d5021758-Reviews-La_Table-Seoul.html,36,4.3,,A tranquil 19th-floor retreat restaurant in the city.,,13566530,https://place.map.kakao.com/13566530,27500,37400,3,true,,,,,,,tripadvisor
34191807,Bongogi,+820507-1360-8426,Seoul 619-3 Gyeongin-ro,08210,37.506783,126.88399,"Asian, Korean, Healthy",월 11:30~22:00 / 화 11:30~22:00 / 수 11:30~22:00 / 목 11:30~22:00 / 금 12:00~22:30 / 토 12:00~22:00 / 일 12:00~22:00,"Ranked #1 in pork neck sales in Sindorim for 7 consecutive years, and surpassing 10,000 cumulative reviews. We are Bonggogi, the representative meat restaurant of Sindorim. We will treat guests staying at the Ramada Hotel Sindorim and Link Hotel with the best service and food.",https://dynamic-media-cdn.tripadvisor.com/media/photo-o/26/98/d7/f5/caption.jpg?w=200&h=200&s=1&cx=4371&cy=2305&chk=v1_61d445397c32bc84ce48,https://www.tripadvisor.com/Restaurant_Review-g294197-d34191807-Reviews-Bongogi-Seoul.html,6,5.0,"Meat, Korean BBQ","※ Introducing Bongogi - ranked number one in selling pork neck in Sindorim for five consecutive years - with over 150,000 visitors.",,1151964774,https://place.map.kakao.com/1151964774,15900,16900,6,true,,,,,,true,kakao
2260064,Bud Namujip Yeoksam,+82 2-2088-3392,"Seoul 689-12, Yeoksam-dong",,37.50526,127.04193,"Barbecue, Asian, Korean",,,https://dynamic-media-cdn.tripadvisor.com/media/photo-o/26/98/d7/f5/caption.jpg?w=200&h=200&s=1&cx=4371&cy=2305&chk=v1_61d445397c32bc84ce48,https://www.tripadvisor.com/Restaurant_Review-g294197-d2260064-Reviews-Bud_Namujip_Yeoksam-Seoul.html,46,4.3,,,,,,,,,,,,,,,,
12384635,Delhi India,+82 2-2631-2109,"Seoul 8, Dongmak-ro 9-gil, Mapo-gu 2f",04048,37.548546,126.91972,"Indian, Asian, Fusion, Nepali",월 11:00~22:00 / 화 11:00~22:00 / 수 11:00~22:00 / 목 11:00~22:00 / 금 11:00~22:10 / 토 11:00~22:00 / 일 11:00~22:00,"This is an Indian restaurent.We provide original Indian food and Fusion Indian food for our Guest. Our main dish is Tandoori chicken.Chicken Tika,Butter Chicken ( Chicken Makhani ), Chicken /Mutton/ Prawn Masala,Chicken /Mutton /Prawn Vindalo, And Vegetable curry, Palak Paneer,Chana Masala. Dal Makhani,Palak Alu.And Nan Item Plain /Butter/Garlic/Sweet Nan.We also Provide Biryani( Veg,Chicken.Mutton ).We have also drinks item sucha as Indian beer, Korean Beer . Indian Whisky and also korean soju.",https://dynamic-media-cdn.tripadvisor.com/media/photo-o/26/98/d7/f5/caption.jpg?w=200&h=200&s=1&cx=4371&cy=2305&chk=v1_61d445397c32bc84ce48,https://www.tripadvisor.com/Restaurant_Review-g294197-d12384635-Reviews-Delhi_India-Seoul.html,23,4.7,Indian,Traditional Indian curry rich in local spices.,,27416360,https://place.map.kakao.com/27416360,2500,12400,50,,,,,,,,kakao
9032583,Gyodae I Cheung House,+82 2-525-6692,"Seoul 24, Seocho-daero 50-gil, Seocho-gu",06645,37.4922,127.01335,,월 12:00~00:30 / 화 12:00~00:30 / 수 12:00~00:30 / 목 12:00~00:30 / 금 12:00~00:30 / 토 12:00~00:30 / 일 12:00~00:30,,https://dynamic-media-cdn.tripadvisor.com/media/photo-o/1a/1d/f7/cf/caption.jpg?w=900&h=500&s=1,https://www.tripadvisor.com/Restaurant_Review-g294197-d9032583-Reviews-Gyodae_I_Cheung_House-Seoul.html,30,4.6,"Meat, Korean BBQ",The harmony of flower pork belly and refreshing seafood hot pot.,,25770215,https://place.map.kakao.com/25770215,3000,10000,19,true,true,true,,,,,kakao
8826826,Butcher's Cut Samsung,+82 2-552-6647,"Seoul 17, Teheran-ro 87-gil, Gangnam-gu",06169,37.509018,127.058784,Steakhouse,,,https://dynamic-media-cdn.tripadvisor.com/media/photo-o/0c/8b/9f/3b/20160816-115228-largejpg.jpg?w=900&h=-1&s=1,https://www.tripadvisor.com/Restaurant_Review-g294197-d8826826-Reviews-Butcher_s_Cut_Samsung-Seoul.html,24,4.2,,The perfect harmony of steak and seafood.,,1883558211,https://place.map.kakao.com/1883558211,25000,50000,3,true,true,true,true,,,,
9234192,Soi Yeonnam,+82 2-323-5130,"Seoul 267, Donggyo-Ro, Mapogu",03983,37.563484,126.925354,"Asian, Thai",월 11:00~21:20 / 화 11:00~21:20 / 수 11:00~21:20 / 목 11:00~21:20 / 금 11:00~21:20 / 토 11:00~21:20 / 일 11:00~21:20,,https://dynamic-media-cdn.tripadvisor.com/media/photo-o/10/e8/1c/4b/photo2jpg.jpg?w=900&h=500&s=1,https://www.tripadvisor.com/Restaurant_Review-g294197-d9234192-Reviews-Soi_Yeonnam-Seoul.html,55,4.1,Thai,"We cook with care to create the most delicious Thai rice noodles, even better than in Thailand.",일 20:50 / 월 14:30 / 월 20:50 / 화 14:30 / 화 20:50 / 수 14:30 / 수 20:50 / 목 14:30 / 목 20:50 / 금 14:30 / 금 20:50 / 토 20:50,25479306,https://place.map.kakao.com/25479306,13000,15000,11,,,,,,,true,kakao
4084675,Toh Lim,+82 2-317-7101,"Seoul 30, Eulji-ro, Jung-gu 37F, Main Wing, Lotte Hotel Seoul",04533,37.56538,126.98175,"Chinese, Asian, Szechuan",월 11:30~21:30 / 화 11:30~21:30 / 수 11:30~21:30 / 목 11:30~21:30 / 금 11:30~21:30 / 토 11:30~21:30 / 일 11:30~21:30,,https://dynamic-media-cdn.tripadvisor.com/media/photo-o/26/98/d7/f5/caption.jpg?w=200&h=200&s=1&cx=4371&cy=2305&chk=v1_61d445397c32bc84ce48,https://www.tripadvisor.com/Restaurant_Review-g294197-d4084675-Reviews-Toh_Lim-Seoul.html,72,4.7,Chinese,Indulge in a luxurious Chinese course in a private room.,일 14:00 / 일 20:30 / 월 14:00 / 월 20:30 / 화 14:00 / 화 20:30 / 수 14:00 / 수 20:30 / 목 14:00 / 목 20:30 / 금 14:00 / 금 20:30 / 토 14:00 / 토 20:30,10357384,https://place.map.kakao.com/10357384,160000,230000,15,true,,true,,,,,kakao
8885331,Bukchon Sonmandoo Dongdaemun History & Culture Park,+82 2-2275-5580,"Seoul 249-10, Jangchungdan-ro, Jung-gu",04564,37.567192,127.007706,"Fast Food, International, Asian, Korean, Gastropub",월 11:00~21:45 / 화 11:00~21:45 / 수 11:00~21:45 / 목 11:00~21:45 / 금 11:00~21:45 / 토 11:00~21:45 / 일 11:00~21:45,,https://dynamic-media-cdn.tripadvisor.com/media/photo-o/26/b6/1d/94/restaurant.jpg?w=900&h=-1&s=1,https://www.tripadvisor.com/Restaurant_Review-g294197-d8885331-Reviews-Bukchon_Sonmandoo_Dongdaemun_History_Culture_Park-Seoul.html,27,4.0,Bunsik (Korean street snacks),Chewy noodles paired with umami-rich dumplings.,일 21:15 / 월 21:15 / 화 21:15 / 수 21:15 / 목 21:15 / 금 21:15 / 토 21:15,16038077,https://place.map.kakao.com/16038077,,,,,true,,,,,,kakao
4075640,Din Tai Fung Gangnam Station,+82 2-569-2778,"Seoul 1317-31, Seocho-dong, Seocho-gu 2F, Segye Bldg.",,37.498417,127.02552,"Chinese, Asian, Taiwanese",Sun 11:00~22:00 / Mon 11:00~22:00 / Tue 11:00~22:00 / Wed 11:00~22:00 / Thu 11:00~22:00 / Fri 11:00~22:00 / Sat 11:00~22:00,,https://dynamic-media-cdn.tripadvisor.com/media/photo-o/26/98/d7/f5/caption.jpg?w=200&h=200&s=1&cx=4371&cy=2305&chk=v1_61d445397c32bc84ce48,https://www.tripadvisor.com/Restaurant_Review-g294197-d4075640-Reviews-Din_Tai_Fung_Gangnam_Station-Seoul.html,57,3.7,,The allure of juicy xiaolongbao bursting with moisture.,,8279464,https://place.map.kakao.com/8279464,15000,15000,1,true,,,,,,true,tripadvisor
9255297,Sushi Seonsu,+82 2-514-0812,"Seoul 6, Dosan-daero 45-gil, Gangnam-gu Horim Art Center Bldg. 2",06021,37.52285,127.03643,"Japanese, Sushi",월 12:00~22:00 / 화 12:00~22:00 / 수 12:00~22:00 / 목 12:00~22:00 / 금 12:00~22:00 / 토 12:00~22:00 / 일 12:00~22:00,,https://dynamic-media-cdn.tripadvisor.com/media/photo-o/10/09/5a/46/photo1jpg.jpg?w=900&h=500&s=1,https://www.tripadvisor.com/Restaurant_Review-g294197-d9255297-Reviews-Sushi_Seonsu-Seoul.html,13,4.9,"Sushi, rolls",Delight in the harmony of refined courses and fresh seafood.,,15270381,https://place.map.kakao.com/15270381,3000,52500,18,true,true,true,true,,,,kakao
4050054,Jeonju Yuhalmeoni Bibimbap,+82 2-752-9282,"Seoul 12-2, Bukchang-dong, Jung-gu",,37.562855,126.97835,"Asian, Korean",월 11:00~22:00 / 화 11:00~22:00 / 수 11:00~22:00 / 목 11:00~22:00 / 금 11:00~22:00,,https://dynamic-media-cdn.tripadvisor.com/media/photo-o/26/98/d7/f5/caption.jpg?w=200&h=200&s=1&cx=4371&cy=2305&chk=v1_61d445397c32bc84ce48,https://www.tripadvisor.com/Restaurant_Review-g294197-d4050054-Reviews-Jeonju_Yuhalmeoni_Bibimbap-Seoul.html,14,4.0,Korean,A heartfelt dish of Jeonju stone pot bibimbap with fresh meat.,,15571438,https://place.map.kakao.com/15571438,5000,11500,10,false,true,,,,,,kakao
14112207,The Lounge - Park Hyatt Seoul,+82 2-2016-1235,"Seoul 606, Teheran-ro 24th Floor, Park Hyatt Seoul, Gangnam-gu",06174,37.508587,127.064156,"Cafe, Asian, Korean, Healthy",월 11:00~22:00 / 화 11:00~22:00 / 수 11:00~22:00 / 목 11:00~22:00 / 금 11:00~22:00 / 토 11:00~22:00 / 일 11:00~22:00,"[Notice] Park Hyatt Seoul always places the safety and well-being of guests and staff as the top priority. In consideration of the COVID-19 situation, our hotel, including The Lounge, is temporarily closed. We are not accepting reservations until further notice; for inquiries, please contact the hotel directly or reach the Hyatt Global Contact Center nearest to your area of residence. For further questions about this situation, please contact the Korea Disease Control and Prevention Agency (KCDC) directly.",https://dynamic-media-cdn.tripadvisor.com/media/photo-o/15/11/ea/5c/the-lounge-with-daylight.jpg?w=900&h=500&s=1,https://www.tripadvisor.com/Restaurant_Review-g294197-d14112207-Reviews-The_Lounge_Park_Hyatt_Seoul-Seoul.html,21,4.5,Korean,A refined Korean course meal that complements the city skyline.,,13303757,https://place.map.kakao.com/13303757,39000,45000,8,true,,true,,,,,kakao
17427158,Samjunghanu - Gwanghwamun,+82 2-722-8500,"Seoul 11, Sajik-ro 8-gil, Jongno-gu",03169,37.575027,126.97014,"Steakhouse, Barbecue, Asian, Korean",Sun 11:00~22:00 / Mon 11:00~22:00 / Tue 11:00~22:00 / Wed 11:00~22:00 / Thu 11:00~22:00 / Fri 11:00~22:00 / Sat 11:00~22:00,,https://dynamic-media-cdn.tripadvisor.com/media/photo-o/30/e1/2e/88/caption.jpg?w=900&h=-1&s=1,https://www.tripadvisor.com/Restaurant_Review-g294197-d17427158-Reviews-Samjunghanu_Gwanghwamun-Seoul.html,5,5.0,,The deep flavor and richness of dry-aged Hanwoo beef.,,258908705,https://place.map.kakao.com/258908705,10000,57000,4,true,,,,,,,tripadvisor
11923762,Woolaeoak,+82 2-265-0151,Seoul Uraeok 62-29 Changgyeonggung-ro,04546,37.568096,126.99864,"Asian, Korean",화 11:30~21:00 / 수 11:30~21:00 / 목 11:30~21:00 / 금 11:30~21:00 / 토 11:30~21:00 / 일 11:30~21:00,,https://dynamic-media-cdn.tripadvisor.com/media/photo-o/16/e3/5a/c3/photo0jpg.jpg?w=900&h=500&s=1,https://www.tripadvisor.com/Restaurant_Review-g294197-d11923762-Reviews-Woolaeoak-Seoul.html,24,4.4,Naengmyeon (cold noodles),The profound taste of Pyongyang cold noodles filled with rich beef flavor.,,8025375,https://place.map.kakao.com/8025375,18000,35500,14,true,true,true,true,,,,kakao
4031898,Todai - Mokdong,+82 2-2645-7888,"Seoul Yangcheon-g 401 Mokdongdong-ro B1F, Buyeong Green Town 2-Cha",07984,37.536335,126.88111,Japanese,,,https://dynamic-media-cdn.tripadvisor.com/media/photo-o/0a/d9/a7/7e/caption.jpg?w=700&h=400&s=1,https://www.tripadvisor.com/Restaurant_Review-g294197-d4031898-Reviews-Todai_Mokdong-Seoul.html,8,4.1,,,,,,,,,,,,,,,,
2640353,Mapook,+82 2-716-6661,"Seoul 312, Tojeong-ro, Mapo-gu",04165,37.539833,126.94332,"Asian, Korean",월 07:00~21:00 / 화 07:00~21:00 / 수 07:00~21:00 / 목 07:00~21:00 / 금 07:00~17:00 / 토 07:00~17:00 / 일 07:00~17:00,,https://dynamic-media-cdn.tripadvisor.com/media/photo-o/21/6f/51/34/caption.jpg?w=900&h=-1&s=1,https://www.tripadvisor.com/Restaurant_Review-g294197-d2640353-Reviews-Mapook-Seoul.html,22,4.5,Seolleongtang (ox bone soup),"Indulge in the deep, rich flavor of Hanwoo beef bone soup with a 77-year tradition.",,10344284,https://place.map.kakao.com/10344284,15000,31000,8,,,,,,,true,kakao
15357634,Gyeol By Bean Brothers,+82 2-6370-5840,"Seoul 26, Ujeongguk-ro, Jongno-gu",03161,37.572163,126.98361,Cafe,Sun 10:00~21:00 / Mon 07:30~20:30 / Tue 07:30~20:30 / Wed 07:30~20:30 / Thu 07:30~20:30 / Fri 07:30~20:30 / Sat 10:00~21:00,"한국적인 멋을 현대적으로 해석한 공간입니다. 도심 속에서 커피 한 잔으로 휴식을 선물합니다. 하루 일과를 시작하기 전, 소중한 점심 시간에 들러 여유를 즐겨보세요. 매월 새로운 커피를 준비하고 기다리고 있을게요. *결은 빈브라더스가 운영합니다.",https://dynamic-media-cdn.tripadvisor.com/media/photo-o/26/98/d7/f5/caption.jpg?w=200&h=200&s=1&cx=4371&cy=2305&chk=v1_61d445397c32bc84ce48,https://www.tripadvisor.com/Restaurant_Review-g294197-d15357634-Reviews-Gyeol_By_Bean_Brothers-Seoul.html,11,4.7,,,,,,,,,,,,,,,,tripadvisor
18545546,Gomijeong,+82 2-324-0016,"Seoul 24, Yeonhui-ro 26-gil, Seodaemun-gu",03723,37.57273,126.936905,,화 11:30~21:00 / 수 11:30~21:00 / 목 11:30~21:00 / 금 11:30~21:00 / 토 11:30~21:00 / 일 11:30~21:00,There is no content for Gomijeong yet.,https://dynamic-media-cdn.tripadvisor.com/media/photo-o/19/4c/b1/b3/restaurant.jpg?w=900&h=500&s=1,https://www.tripadvisor.com/Restaurant_Review-g294197-d18545546-Reviews-Gomijeong-Seoul.html,2,5.0,Hanjeongsik (Korean course meal),A satisfying meal with abundant side dishes and neatly served stone pot rice.,,27352120,https://place.map.kakao.com/27352120,12000,23500,6,true,true,true,true,,,,kakao
7033967,Buenos Aires Wine & Steak,+82 2-508-3045,"Seoul 533, Seolleung-ro, Gangnam-gu",135917,37.507214,127.047066,"Steakhouse, Argentinean, South American",Mon 18:00~01:00 / Tue 18:00~01:00 / Wed 18:00~01:00 / Thu 18:00~01:00 / Fri 18:00~01:00 / Sat 18:00~01:00,"Experience Argentina's most premium wines and pair them with one of our specialty Steaks and authentic Argentinean cuisine. Once your meal is finished, grab a front row seat at our lower level Tango Stage and witness our very own Tango performers put on a show like no other in the heart of Seoul!",https://dynamic-media-cdn.tripadvisor.com/media/photo-o/07/4b/34/19/caption.jpg?w=900&h=500&s=1,https://www.tripadvisor.com/Restaurant_Review-g294197-d7033967-Reviews-Buenos_Aires_Wine_Steak-Seoul.html,6,4.7,,,,,,,,,,,,,,,,tripadvisor
33405834,Salon de Sangsang,+82 2-324-4040,Seoul 20 World Cup Buk-ro 15-gil 1st Floor,03966,37.56296,126.912964,French,Mon 11:30~15:00 / Mon 17:00~22:00 / Tue 11:30~15:00 / Tue 17:00~22:00 / Wed 11:30~15:00 / Wed 17:00~22:00 / Thu 11:30~15:00 / Thu 17:00~22:00 / Fri 11:30~15:00 / Fri 17:00~22:00 / Sat 11:30~15:00 / Sat 17:00~22:00,"Elegant French fine dining located in Seoul, Mapo-gu. At Salon de SangSang you will be able to enjoy your meal surrounded by the refined 18th century French interior decoration. For a quiet and private professional meeting or a romantic date, Salon de SangSang welcomes you. Our very own sommelier and skilled waiters will do their best to make your lunch or dinner memorable.",https://dynamic-media-cdn.tripadvisor.com/media/photo-o/26/98/d7/f5/caption.jpg?w=200&h=200&s=1&cx=4371&cy=2305&chk=v1_61d445397c32bc84ce48,https://www.tripadvisor.com/Restaurant_Review-g294197-d33405834-Reviews-Salon_de_Sangsang-Seoul.html,22,5.0,,,,,,,,,,,,,,,,tripadvisor
33231250,Ichondalghanmaliya,+82 2-790-8858,Seoul 19 Ichon-ro 77-gil Yongsan District,,37.520382,126.97502,"Asian, Korean, Grill, Diner, Healthy",월 11:00~22:00 / 화 11:00~22:00 / 수 11:00~22:00 / 목 11:00~22:00 / 금 11:00~22:00 / 토 11:00~22:00 / 일 11:00~22:00,,https://dynamic-media-cdn.tripadvisor.com/media/photo-o/30/05/55/a1/caption.jpg?w=900&h=500&s=1,https://www.tripadvisor.com/Restaurant_Review-g294197-d33231250-Reviews-Ichondalghanmaliya-Seoul.html,2,5.0,Samgyetang (ginseng chicken soup),A comforting spot for a simple chicken soup in a friendly alley.,일 20:30 / 월 20:30 / 화 20:30 / 수 20:30 / 목 20:30 / 금 20:30 / 토 20:30,2033745203,https://place.map.kakao.com/2033745203,10000,20000,5,,,,,,,,kakao
33084804,Joongang Hajang Onegrove,+82 2-6106-0061,Seoul 165 Wongrove Mall East 1st Floor B,,37.56129,126.82478,"Asian, Korean",월 09:00~23:00 / 화 09:00~23:00 / 수 09:00~23:00 / 목 09:00~23:00 / 금 09:00~23:00 / 토 08:00~23:00 / 일 08:00~22:00,"Jungang Haejang Wondgrove is a large Korean hangover soup restaurant located in the heart of Magok. We offer a spacious hall, comfortable seating, and private rooms ideal for both families and business meetings. Our clean, modern interior and convenient parking make us perfect for any occasion.",https://dynamic-media-cdn.tripadvisor.com/media/photo-o/26/98/d7/f5/caption.jpg?w=200&h=200&s=1&cx=4371&cy=2305&chk=v1_61d445397c32bc84ce48,https://www.tripadvisor.com/Restaurant_Review-g294197-d33084804-Reviews-Joongang_Hajang_Onegrove-Seoul.html,5,5.0,Haejangguk (hangover soup),"Central Haejang, a renowned eatery near Samsung Station, finally arrives in Magok, offering premium hangover soup from a 60-year-old tradition.",,302217185,https://place.map.kakao.com/302217185,3000,16000,11,true,,,,,,true,kakao
12847326,Art Monster,+82 2-562-6854,"Seoul 66, Chungmin-ro, Songpa-gu Hyundae Garden 5 Mall Techo Hall 1",05838,37.57361,126.990486,"Brew Pub, Bar, Pizza, Pub",,,https://dynamic-media-cdn.tripadvisor.com/media/photo-o/26/98/d7/f5/caption.jpg?w=200&h=200&s=1&cx=4371&cy=2305&chk=v1_61d445397c32bc84ce48,https://www.tripadvisor.com/Restaurant_Review-g294197-d12847326-Reviews-Art_Monster-Seoul.html,21,4.2,,,,,,,,,,,,,,,,
8875214,Songchoo Gamagoll in Urban Gwanghwamun,+82 2-6031-6210,"Seoul 31, Saemunan-ro 5-gil, Jongno-gu 2F Center Point",03173,37.573006,126.9743,"Asian, Korean",월 11:15~21:45 / 화 11:15~21:45 / 수 11:15~21:45 / 목 11:15~21:45 / 금 11:15~21:45 / 토 11:15~21:45 / 일 11:15~21:45,,https://dynamic-media-cdn.tripadvisor.com/media/photo-o/26/98/d7/f5/caption.jpg?w=200&h=200&s=1&cx=4371&cy=2305&chk=v1_61d445397c32bc84ce48,https://www.tripadvisor.com/Restaurant_Review-g294197-d8875214-Reviews-Songchoo_Gamagoll_in_Urban_Gwanghwamun-Seoul.html,26,4.1,Galbi (grilled short ribs),"When you're craving galbi, think of Songchu Gamagol.",,26844382,https://place.map.kakao.com/26844382,17000,41000,7,true,,,,,,,kakao
8724369,Lawry's The Prime Rib,+82 2-590-2800,"Seoul 411, Seocho-daero, Seocho-gu 3F, GT Tower",06615,,,"American, Steakhouse",월 11:30~22:00 / 화 11:30~22:00 / 수 11:30~22:00 / 목 11:30~22:00 / 금 11:30~22:00 / 토 11:30~22:00 / 일 11:30~22:00,"Lawry’s The Prime Rib is a restaurant specializing in prime rib that was established in Beverly Hills in 1938. Lawry’s The Prime Rib currently has ten locations worldwide – Los Angeles, Chicago, Dallas, Las Vegas, Singapore, Tokyo, Taipei, Hong Kong, Osaka and Seoul. Lawry’s The Prime Rib Seoul is the tenth restaurant in the chain and opened in 2013 in Gangnam, Seoul.",https://dynamic-media-cdn.tripadvisor.com/media/photo-o/26/98/d7/f5/caption.jpg?w=200&h=200&s=1&cx=4371&cy=2305&chk=v1_61d445397c32bc84ce48,https://www.tripadvisor.com/Restaurant_Review-g294197-d8724369-Reviews-Lawry_s_The_Prime_Rib-Seoul.html,39,3.7,"Steak, ribs",A prime rib house filled with classic charm.,,22211960,https://place.map.kakao.com/22211960,7000,87500,6,true,true,true,true,,,,kakao
4050197,Outback Steakhouse Central City,+82 2-592-2771,"Seoul , Banpo-dong, Seocho-gu",137040,37.50469,127.00443,"Steakhouse, Australian",월 10:30~22:00 / 화 10:30~22:00 / 수 10:30~22:00 / 목 10:30~22:00 / 금 10:30~22:00 / 토 10:30~22:00 / 일 10:30~22:00,,https://dynamic-media-cdn.tripadvisor.com/media/photo-o/26/98/d7/f5/caption.jpg?w=200&h=200&s=1&cx=4371&cy=2305&chk=v1_61d445397c32bc84ce48,https://www.tripadvisor.com/Restaurant_Review-g294197-d4050197-Reviews-Outback_Steakhouse_Central_City-Seoul.html,25,4.2,Family restaurant,A lavish steak feast accompanied by a fire show.,일 21:00 / 월 21:00 / 화 21:00 / 수 21:00 / 목 21:00 / 금 21:00 / 토 21:00,10592275,https://place.map.kakao.com/10592275,5900,29900,30,true,true,,,,,,kakao
8783662,Songane Dakhanmari,+82 2-2234-9065,"Seoul 10, Jong-ro 66ga-gil, Jongno-gu",03115,37.573704,127.02157,,,,https://dynamic-media-cdn.tripadvisor.com/media/photo-o/10/cc/c9/20/caption.jpg?w=900&h=500&s=1,https://www.tripadvisor.com/Restaurant_Review-g294197-d8783662-Reviews-Songane_Dakhanmari-Seoul.html,41,4.7,,The elegance of a deep broth chicken dish filled with garlic.,,12759871,https://place.map.kakao.com/12759871,29000,29000,1,true,,,,,,,
32740316,Together & Co.,+82 2-580-8550,Seoul 253 Gangnam Dae-ro Seocho-gu 2F Hilton Garden Inn,06735,37.4859,127.033,"Seafood, Barbecue, Sushi, Asian, Korean, Grill",Sun 07:00~10:30 / Sun 12:00~14:30 / Sun 17:30~21:00 / Mon 07:00~10:00 / Mon 11:30~14:00 / Tue 07:00~10:00 / Tue 11:30~14:00 / Wed 07:00~10:00 / Wed 11:30~14:00 / Wed 17:30~21:00 / Thu 07:00~10:00 / Thu 11:30~14:00 / Thu 17:30~21:00 / Fri 07:00~10:00 / Fri 11:30~14:00 / Fri 17:30~21:00 / Sat 07:00~10:30 / Sat 12:00~14:30 / Sat 17:30~21:00,,https://dynamic-media-cdn.tripadvisor.com/media/photo-o/2e/5f/09/cd/45-000-55-000.jpg?w=900&h=-1&s=1,https://www.tripadvisor.com/Restaurant_Review-g294197-d32740316-Reviews-Together_Co-Seoul.html,3,5.0,,An unlimited buffet featuring over 60 dishes crafted by hotel chefs.,,1137549331,https://place.map.kakao.com/1137549331,,,,true,true,true,true,,,,tripadvisor
7353435,Gongneung Dak Hanmari,+82 2-2269-9969,"Seoul 20, Jong-ro 40ga-gil, Jongno-gu",03197,37.570324,127.005646,"Asian, Korean",Sun 10:00~00:00 / Mon 10:00~00:00 / Tue 10:00~00:00 / Wed 10:00~00:00 / Thu 10:00~00:00 / Fri 10:00~00:00 / Sat 10:00~00:00,,https://dynamic-media-cdn.tripadvisor.com/media/photo-o/07/1a/2c/86/caption.jpg?w=900&h=500&s=1,https://www.tripadvisor.com/Restaurant_Review-g294197-d7353435-Reviews-Gongneung_Dak_Hanmari-Seoul.html,82,4.4,,A whole chicken served with cabbage sauce and rich broth.,,19153687,https://place.map.kakao.com/19153687,33000,49000,3,,true,,,,,,tripadvisor
1777647,Baegje Samgyetang,+82 2-776-3267,"Seoul 50-11 Myeongdong 2-ga, Jung-gu",,37.56325,126.98415,"Asian, Korean, Soups",월 09:00~22:00 / 화 09:00~22:00 / 수 09:00~22:00 / 목 09:00~22:00 / 금 09:00~22:00 / 토 09:00~22:00 / 일 09:00~22:00,,https://dynamic-media-cdn.tripadvisor.com/media/photo-o/26/98/d7/f5/caption.jpg?w=200&h=200&s=1&cx=4371&cy=2305&chk=v1_61d445397c32bc84ce48,https://www.tripadvisor.com/Restaurant_Review-g294197-d1777647-Reviews-Baegje_Samgyetang-Seoul.html,141,3.7,Samgyetang (ginseng chicken soup),Traditional samgyetang with a clear and rich broth.,일 21:00 / 월 21:00 / 화 21:00 / 수 21:00 / 목 21:00 / 금 21:00 / 토 21:00,7885138,https://place.map.kakao.com/7885138,15000,20000,11,false,true,,,,,,kakao
9213508,The Place Dining,+82 2-3455-9220,"Seoul 126, Namsangongwon-gil, Yongsan-gu N Seoul Tower",04340,37.55118,126.9884,"Italian, Pizza, European",월 11:00~22:00 / 화 11:00~22:00 / 수 11:00~22:00 / 목 11:00~22:00 / 금 11:00~22:00 / 토 11:00~22:00 / 일 11:00~22:00,,https://dynamic-media-cdn.tripadvisor.com/media/photo-o/26/98/d7/f5/caption.jpg?w=200&h=200&s=1&cx=4371&cy=2305&chk=v1_61d445397c32bc84ce48,https://www.tripadvisor.com/Restaurant_Review-g294197-d9213508-Reviews-The_Place_Dining-Seoul.html,39,3.8,Western,Indulge in romantic Italian dining with a view of Seoul's skyline.,,22762956,https://place.map.kakao.com/22762956,6000,28000,19,true,true,,,,,,kakao
13954010,Ttukbaegi Jip,+82 2-2265-5744,"Seoul 12, Jong-ro 16-gil, Jongno-gu",03191,37.569534,126.98847,"Asian, Korean",,,https://dynamic-media-cdn.tripadvisor.com/media/photo-o/26/98/d7/f5/caption.jpg?w=200&h=200&s=1&cx=4371&cy=2305&chk=v1_61d445397c32bc84ce48,https://www.tripadvisor.com/Restaurant_Review-g294197-d13954010-Reviews-Ttukbaegi_Jip-Seoul.html,10,4.4,,A rich bowl of doenjang filled with clams.,,10374336,https://place.map.kakao.com/10374336,7000,7500,4,false,,,,,,,
8428578,Locos BBQ,+82 2-794-3234,"Seoul 83, Hoenamu-ro, Yongsan-gu",04344,37.540806,126.99563,"Southwestern, Barbecue",월 11:30~22:00 / 화 11:30~22:00 / 수 11:30~22:00 / 목 11:30~22:00 / 금 11:30~22:00 / 토 11:30~22:00 / 일 11:30~22:00,,https://dynamic-media-cdn.tripadvisor.com/media/photo-o/26/98/d7/f5/caption.jpg?w=200&h=200&s=1&cx=4371&cy=2305&chk=v1_61d445397c32bc84ce48,https://www.tripadvisor.com/Restaurant_Review-g294197-d8428578-Reviews-Locos_BBQ-Seoul.html,42,4.2,"Steak, ribs",American-style barbecue with deep oak-smoked flavors.,,618020526,https://place.map.kakao.com/618020526,6900,53900,7,true,,,,,,,kakao
1550206,Peninsula Italian Restaurant & Bar,+82 2-317-7121,Seoul Lotte Hotel Seoul New Wing 1F 30 Eulji-ro,04533,37.565834,126.98139,Italian,,,https://dynamic-media-cdn.tripadvisor.com/media/photo-o/26/98/d7/f5/caption.jpg?w=200&h=200&s=1&cx=4371&cy=2305&chk=v1_61d445397c32bc84ce48,https://www.tripadvisor.com/Restaurant_Review-g294197-d1550206-Reviews-Peninsula_Italian_Restaurant_Bar-Seoul.html,95,4.3,,,,,,,,,,,,,,,,
9461485,Le Style,+82 2-6020-8880,Seoul 302 Samil-daero Jung-gu,04553,37.56172,126.98935,European,Sun 12:00~14:30 / Mon 12:00~14:30 / Mon 18:00~22:00 / Tue 12:00~14:30 / Tue 18:00~22:00 / Wed 12:00~14:30 / Wed 18:00~22:00 / Thu 12:00~14:30 / Thu 18:00~22:00 / Fri 12:00~14:30 / Fri 18:00~22:00 / Sat 12:00~14:30 / Sat 18:00~22:00,"Located on the 21st floor of the hotel, our restaurant offers fresh, carefully prepared dishes along with a stunning view of Namsan Mountain. Create lasting memories as you enjoy special moments with your loved ones in an elegant and welcoming atmosphere.",https://dynamic-media-cdn.tripadvisor.com/media/photo-o/26/98/d7/f5/caption.jpg?w=200&h=200&s=1&cx=4371&cy=2305&chk=v1_61d445397c32bc84ce48,https://www.tripadvisor.com/Restaurant_Review-g294197-d9461485-Reviews-Le_Style-Seoul.html,44,4.0,,A rooftop experience in the city featuring flank steak.,,325856815,https://place.map.kakao.com/325856815,,,,true,true,,true,,,,tripadvisor
9222823,Tous Les Jours,+82 2-6740-7930,"Seoul 330, Dongho-Ro",,37.56373,127.00265,,월 06:30~21:30 / 화 06:30~21:30 / 수 06:30~21:30 / 목 06:30~21:30 / 금 06:30~21:30 / 토 08:00~21:00 / 일 08:00~21:00,,https://dynamic-media-cdn.tripadvisor.com/media/photo-o/17/d6/cd/56/photo0jpg.jpg?w=900&h=500&s=1,https://www.tripadvisor.com/Restaurant_Review-g294197-d9222823-Reviews-Tous_Les_Jours-Seoul.html,22,4.3,Bakery,A special moment with a cake bursting with fruits.,,15686257,https://place.map.kakao.com/15686257,4900,6000,52,true,true,,true,,,,kakao
10670911,Fortune Restaurant,+82 2-2278-7770,"Seoul 154, Mareunnae-ro, Jung-gu 2f",04560,37.5648,127.00505,"European, Asian, Russian, Eastern European, Uzbek",월 10:00~23:00 / 화 10:00~23:00 / 수 10:00~23:00 / 목 10:00~23:00 / 금 10:00~23:00 / 토 10:00~23:00 / 일 10:00~23:00,,https://dynamic-media-cdn.tripadvisor.com/media/photo-o/26/98/d7/f5/caption.jpg?w=200&h=200&s=1&cx=4371&cy=2305&chk=v1_61d445397c32bc84ce48,https://www.tripadvisor.com/Restaurant_Review-g294197-d10670911-Reviews-Fortune_Restaurant-Seoul.html,15,4.2,Asian,Large rye bread filled with exotic and light flavors.,,10042350,https://place.map.kakao.com/10042350,5000,15500,30,true,true,,true,,,,kakao
9321624,P.F. Chang's Lotte World Mall,+82 2-3213-4599,"Seoul 300, Olympic-ro, Songpa-gu 5f",05551,37.513603,127.10333,"Chinese, Asian, Szechuan, Shanghai",월 10:30~22:00 / 화 10:30~22:00 / 수 10:30~22:00 / 목 10:30~22:00 / 금 10:30~22:00 / 토 10:30~22:00 / 일 10:30~22:00,,https://dynamic-media-cdn.tripadvisor.com/media/photo-o/26/98/d7/f5/caption.jpg?w=200&h=200&s=1&cx=4371&cy=2305&chk=v1_61d445397c32bc84ce48,https://www.tripadvisor.com/Restaurant_Review-g294197-d9321624-Reviews-P_F_Chang_s_Lotte_World_Mall-Seoul.html,45,3.9,Asian,A delightful fusion of American-style Chinese food and a view of Seokchon Lake.,일 21:00 / 월 21:00 / 화 21:00 / 수 21:00 / 목 21:00 / 금 21:00 / 토 21:00,26239333,https://place.map.kakao.com/26239333,5000,23400,32,,true,,true,true,,,kakao
3944111,Lotteria Lotte Mall Gimpo Airport Store,+82 2-6116-5420,"Seoul 886-8, Banghwa-dong, Gangseo-gu",,37.56385,126.80363,,,,https://dynamic-media-cdn.tripadvisor.com/media/photo-o/26/98/d7/f5/caption.jpg?w=200&h=200&s=1&cx=4371&cy=2305&chk=v1_61d445397c32bc84ce48,https://www.tripadvisor.com/Restaurant_Review-g294197-d3944111-Reviews-Lotteria_Lotte_Mall_Gimpo_Airport_Store-Seoul.html,59,3.9,,,,,,,,,,,,,,,,
4030228,Restaurant I.O.U,+82 2-3275-1151,"Seoul 16, Wonhyo-ro 1-gil, Yongsan-gu",04359,37.535,126.945625,Italian,Sun 11:00~14:30 / Sun 17:00~23:00 / Mon 11:00~14:30 / Mon 17:00~23:00 / Tue 11:00~14:30 / Tue 17:00~23:00 / Wed 11:00~14:30 / Wed 17:00~23:00 / Thu 11:00~14:30 / Thu 17:00~23:00 / Fri 11:00~14:30 / Fri 17:00~23:00 / Sat 11:00~14:30 / Sat 17:00~23:00,"Restaurant IOU 'Wine & Dine' The Italian Superior Restaurant with a panoramic view of the Han River. A culinary adventure for all the senses. IOU is the place where food, design, and ambiance come together to create a memorable experience.",https://dynamic-media-cdn.tripadvisor.com/media/photo-o/22/05/b8/4b/restaurant-iou.jpg?w=900&h=500&s=1,https://www.tripadvisor.com/Restaurant_Review-g294197-d4030228-Reviews-Restaurant_I_O_U-Seoul.html,9,4.4,,A classic Italian course with a view of the Han River.,,8021209,https://place.map.kakao.com/8021209,39000,68000,4,true,,,,,,,tripadvisor
12891682,Morococo Cafe,+82 2-794-8367,"Seoul 34, Sinheung-ro, Yongsan-gu",04339,,,"Moroccan, Mediterranean, Middle Eastern",Sun 12:00~22:00 / Tue 12:00~22:00 / Wed 12:00~22:00 / Thu 12:00~22:00 / Fri 12:00~22:00 / Sat 12:00~22:00,,https://dynamic-media-cdn.tripadvisor.com/media/photo-o/26/98/d7/f5/caption.jpg?w=200&h=200&s=1&cx=4371&cy=2305&chk=v1_61d445397c32bc84ce48,https://www.tripadvisor.com/Restaurant_Review-g294197-d12891682-Reviews-Morococo_Cafe-Seoul.html,18,4.6,,An exotic brunch space filled with Moroccan vibes.,,276990260,https://place.map.kakao.com/276990260,7000,14000,3,false,,true,,,true,,tripadvisor
9398938,Mapo Jeong Daepo,,"Seoul 52, Dohwa-Gil",,37.54219,126.95118,"Barbecue, Asian, Korean",월 12:00~01:00 / 화 12:00~01:00 / 수 12:00~01:00 / 목 12:00~01:00 / 금 12:00~01:00 / 토 12:00~01:00 / 일 12:00~24:00,,https://dynamic-media-cdn.tripadvisor.com/media/photo-o/26/98/d7/f5/caption.jpg?w=200&h=200&s=1&cx=4371&cy=2305&chk=v1_61d445397c32bc84ce48,https://www.tripadvisor.com/Restaurant_Review-g294197-d9398938-Reviews-Mapo_Jeong_Daepo-Seoul.html,10,4.7,"Meat, Korean BBQ",A meeting of egg crust and chewy skirt steak.,,8079947,https://place.map.kakao.com/8079947,7000,17000,9,false,,,,,,,kakao
9254782,스시도쿠 왕십리본점,+82 2-2281-3255,"Seoul 8, Wangsiprigwangjang-Ro",,37.561073,127.0361,,월 11:30~22:00 / 화 11:30~22:00 / 수 11:30~22:00 / 목 11:30~22:00 / 금 11:30~22:00 / 토 11:30~22:00 / 일 11:30~22:00,There is no content for 스시도쿠 왕십리본점 yet.,https://dynamic-media-cdn.tripadvisor.com/media/photo-o/12/61/55/9a/photo1jpg.jpg?w=900&h=500&s=1,https://www.tripadvisor.com/Restaurant_Review-g294197-d9254782-Reviews-Seoul.html,15,4.8,"Sushi, rolls",An exquisite selection of authentic Japanese sushi made with fresh ingredients.,일 21:20 / 월 21:20 / 화 21:20 / 수 21:20 / 목 21:20 / 금 21:20 / 토 21:20,26792732,https://place.map.kakao.com/26792732,15900,27350,12,true,,,,,,,kakao
26560704,Jongsamyook,+82 507-1332-4450,"Seoul 8-1 Donhwamun-ro 11-gil, Jongno-gu Right in front of Exit #6 of Jongno 3-ga Subway Station",,37.572826,126.99098,"Barbecue, Korean, Grill",월 14:00~22:00 / 화 14:00~22:00 / 수 14:00~22:00 / 목 14:00~22:00 / 금 14:00~22:00 / 토 14:00~22:00 / 일 14:00~22:00,"Located right in front of Exit 6 of Jongno 3-ga Station, this restaurant specializes in charcoal-grilled aged raw meat. A large meat restaurant with 1st to 3rd floors of the main building (with elevator), outdoor seating, and an annex.",https://dynamic-media-cdn.tripadvisor.com/media/photo-o/2a/76/56/a4/outside-tables.jpg?w=900&h=500&s=1,https://www.tripadvisor.com/Restaurant_Review-g294197-d26560704-Reviews-Jongsamyook-Seoul.html,3,5.0,"Meat, Korean BBQ",A variety of meats enjoyed on a rooftop in the city.,,336754481,https://place.map.kakao.com/336754481,19000,28000,10,false,true,true,true,,,,kakao
4077775,Bada Sikdang,+82 2-795-1317,"Seoul 743-7, Hannam-dong, Yongsan-gu",140893,37.537174,126.999596,"Asian, Korean, Fusion",월 11:30~22:00 / 화 11:30~22:00 / 수 11:30~22:00 / 목 11:30~22:00 / 금 11:30~22:00 / 토 11:30~22:00 / 일 11:30~22:00,,https://dynamic-media-cdn.tripadvisor.com/media/photo-o/26/98/d7/f5/caption.jpg?w=200&h=200&s=1&cx=4371&cy=2305&chk=v1_61d445397c32bc84ce48,https://www.tripadvisor.com/Restaurant_Review-g294197-d4077775-Reviews-Bada_Sikdang-Seoul.html,51,4.1,Korean,"Due to the rise in the dollar, we have inevitably increased our prices. We will lower them once the exchange rate stabilizes.",,7881602,https://place.map.kakao.com/7881602,13000,24000,6,true,,,,,,,kakao
9203939,Yu Chicken Story,+82 2-6012-9563,"Seoul 105-5, Sinchon-Ro",,37.556953,126.93743,,월 11:00~21:50 / 화 11:00~21:50 / 수 11:00~21:50 / 목 11:00~21:50 / 금 11:00~21:50 / 토 11:00~21:50 / 일 11:00~21:50,There is no content for Yu Chicken Story yet.,https://dynamic-media-cdn.tripadvisor.com/media/photo-o/19/0e/e3/53/caption.jpg?w=900&h=500&s=1,https://www.tripadvisor.com/Restaurant_Review-g294197-d9203939-Reviews-Yu_Chicken_Story-Seoul.html,58,5.0,Chicken dishes,"A must-visit chicken restaurant in Sinchon, selected as a Blue Ribbon Survey winner for four consecutive years from 2023 to 2026.",일 20:50 / 월 20:50 / 화 20:50 / 수 20:50 / 목 20:50 / 금 20:50 / 토 20:50,19243601,https://place.map.kakao.com/19243601,10000,11000,7,true,,,,,,true,kakao
20264728,TOKYO SIRLOIN Yeouido,+82 2-782-2260,"Seoul 50, Yeouinaru-ro, Yeongdeungpo-gu B1, 9F, The Korean Teacher's Credit Union",07328,37.52185,126.92583,"Steakhouse, Asian, Korean",Sun 12:00~23:00 / Mon 11:00~23:00 / Tue 11:00~23:00 / Wed 11:00~23:00 / Thu 11:00~23:00 / Fri 11:00~23:00 / Sat 12:00~23:00,"Tokyo Deungsim Yeouido branch is an Asian fusion dining located on the B1 floor of the Korea Teachers Pension building, right in front of Exit 5 of Yeouido Station, with private spaces and rooms available. Enjoy water-aged Hanwoo omakase together with fusion dishes. For room reservations and parking inquiries, please contact the store.",https://dynamic-media-cdn.tripadvisor.com/media/photo-o/1b/20/ae/01/caption.jpg?w=900&h=500&s=1,https://www.tripadvisor.com/Restaurant_Review-g294197-d20264728-Reviews-TOKYO_SIRLOIN_Yeouido-Seoul.html,9,4.9,,,,,,,,,,,,,,,,tripadvisor
16821637,Charmandre - Jamsil,+82 2-422-0812,"Seoul 6, Ogeum-ro 18-gil, Songpa-gu",05619,37.510246,127.11059,"European, British, Contemporary",월 11:30~21:30 / 화 11:30~21:30 / 수 11:30~21:30 / 목 11:30~21:30 / 금 12:00~21:30 / 토 12:00~21:30 / 일 12:00~21:30,"A special and tasteful date spot on Songridan-gil, the flutter of a first meeting. How about British home cooking? Featured on numerous shows including Masters of British Food ep.658, Live Today's beef Wellington ep.2502, Olive TV's Bap Bless You 2 ep.18, and MBC documentary Making the World Delicious (7-part potato series on British food). Parking is available on weekends and holidays, but please understand that weekday parking is difficult due to the nature of Songridan-gil. Nearby parking (in order of proximity): 1. Songpanaru Park Dongho public parking lot, 2. Songpa-gu Office public parking lot, 3. Jamsil Station public parking lot. Thank you.",https://dynamic-media-cdn.tripadvisor.com/media/photo-o/29/9c/ee/3e/caption.jpg?w=500&h=300&s=1,https://www.tripadvisor.com/Restaurant_Review-g294197-d16821637-Reviews-Charmandre_Jamsil-Seoul.html,2,5.0,Western,Experience luxurious British dining under a sparkling chandelier.,,780109410,https://place.map.kakao.com/780109410,18000,25000,13,true,,,,,,,kakao
9148805,Crystal Jade Sogong,+82 2-3789-8088,"Seoul 16, Namdaemun-ro 7-gil, Jung-gu",04533,,,"Chinese, Asian",월 11:30~22:00 / 화 11:30~22:00 / 수 11:30~22:00 / 목 11:30~22:00 / 금 11:30~22:00 / 토 11:30~22:00 / 일 11:30~22:00,,https://dynamic-media-cdn.tripadvisor.com/media/photo-o/26/98/d7/f5/caption.jpg?w=200&h=200&s=1&cx=4371&cy=2305&chk=v1_61d445397c32bc84ce48,https://www.tripadvisor.com/Restaurant_Review-g294197-d9148805-Reviews-Crystal_Jade_Sogong-Seoul.html,20,4.2,Chinese,A lavish Chinese feast in an upscale private room.,일 21:00 / 월 21:00 / 화 21:00 / 수 21:00 / 목 21:00 / 금 21:00 / 토 21:00,1942281342,https://place.map.kakao.com/1942281342,11000,33000,19,true,true,true,true,,,,kakao
10747760,Bongpyeong Memilmyeon Samuso,+82 2-499-2111,Seoul 8 Wangsimni-ro 8-gil,,37.546288,127.04436,,월 11:00~21:00 / 화 11:00~21:00 / 수 11:00~21:00 / 목 11:00~21:00 / 금 11:00~21:00 / 토 11:00~21:00,,https://dynamic-media-cdn.tripadvisor.com/media/photo-o/17/45/22/3d/food.jpg?w=900&h=500&s=1,https://www.tripadvisor.com/Restaurant_Review-g294197-d10747760-Reviews-Bongpyeong_Memilmyeon_Samuso-Seoul.html,10,4.3,Noodles,A refreshing blend of buckwheat noodles and rich seasoning.,월 20:30 / 화 20:30 / 수 20:30 / 목 20:30 / 금 20:30 / 토 20:30,1091718713,https://place.map.kakao.com/1091718713,9000,10000,20,true,true,,,,,,kakao
27109472,Plantude Starfield COEX,+82 2-551-3933,"Seoul 513, Yeongdong-daero, Gangnam-gu B1",,37.51252,127.05882,Healthy,월 11:00~21:00 / 화 11:00~21:00 / 수 11:00~21:00 / 목 11:00~21:00 / 금 11:00~21:00 / 토 11:00~21:00 / 일 11:00~21:00,"""Plantude is a compound word combining 'Plant' and 'Attitude.' We aim to fill the table with delicious dishes made from plant-based ingredients, aspiring to care for the planet and the environment. It's the first vegan-certified restaurant by a food company that has received full vegan certification, promoting delicious veganism for a better daily life."" ""- Bracken Oil Stock Pasta: Olive oil infused with garlic, bracken, green and red bell peppers, served with crisply roasted broccoli for a flavorful oil-based pasta - Fried Assorted Mushroom and Tofu: Plantude's signature dish of fried tofu, shiitake mushrooms, oyster mushrooms, and lotus root, tossed in a special sauce - Ragu Rigatoni Pasta: Rigatoni pasta in a special ragu sauce made with onions, mushrooms, carrots, celery, enriched with deep plant-based cheddar cheese sauce and fragrant chervil - Flying Eggplant Veggie Curry: Spicy curry sauce with fried eggplant and various roasted vegetables - Roasted Cabbage & Banana Salad: Roasted cabbage with yellow sweet vinegar sauce, caramel-crusted banana, and fresh green beans""",https://dynamic-media-cdn.tripadvisor.com/media/photo-o/2e/0d/14/23/caption.jpg?w=900&h=500&s=1,https://www.tripadvisor.com/Restaurant_Review-g294197-d27109472-Reviews-Plantude_Starfield_COEX-Seoul.html,3,5.0,Fusion,A sensory fusion meal crafted from plant-based ingredients.,일 20:00 / 월 20:00 / 화 20:00 / 수 20:00 / 목 20:00 / 금 20:00 / 토 20:00,884459004,https://place.map.kakao.com/884459004,15900,16900,8,true,true,,true,,,,kakao
13147696,"Kauri, Grand Hyatt Seoul",+82 2-799-8271,"Seoul 322 Sowol-ro, Yongsan-gu Ll, Grand Hyatt Seoul",04347,37.539455,126.99788,"Japanese, Seafood, Sushi",월 12:00~21:30 / 화 12:00~21:30 / 수 12:00~21:30 / 목 12:00~21:30 / 금 12:00~21:30 / 토 12:00~21:30 / 일 12:00~21:30,Kauri takes its name from the magnificent timber sushi counter where you can sit and experience our master sushi chefs in action. Kauri prepares and serves only the freshest premium quality seafood available ensuring an authentic sushi experience.,https://dynamic-media-cdn.tripadvisor.com/media/photo-o/26/98/d7/f5/caption.jpg?w=200&h=200&s=1&cx=4371&cy=2305&chk=v1_61d445397c32bc84ce48,https://www.tripadvisor.com/Restaurant_Review-g294197-d13147696-Reviews-Kauri_Grand_Hyatt_Seoul-Seoul.html,13,4.9,"Sushi, rolls",A refined omakase experience with a view through large windows.,,1237031224,https://place.map.kakao.com/1237031224,18000,30000,7,true,,true,,,,,kakao
7788319,Geoje Sikdang,+82 2-777-8177,"Seoul 42-1, Namdaemunsijang 4-gil, Jung-gu",04528,37.55826,126.97704,"Asian, Korean",,,https://dynamic-media-cdn.tripadvisor.com/media/photo-o/17/54/fd/7e/caption.jpg?w=900&h=500&s=1,https://www.tripadvisor.com/Restaurant_Review-g294197-d7788319-Reviews-Geoje_Sikdang-Seoul.html,43,4.0,,A generous bowl of kalguksu in a charming market alley.,,17079162,https://place.map.kakao.com/17079162,5000,6000,4,true,true,,,,,,
3922745,Din Tai Fung Gimpo Airport Lotte Mall,+82 2-6116-5537,"Seoul 33, Haneul-gil, Gangseo-gu 2F Lotte Mall",,37.56374,126.80411,"Chinese, Asian, Taiwanese, Soups",,,https://dynamic-media-cdn.tripadvisor.com/media/photo-o/26/98/d7/f5/caption.jpg?w=200&h=200&s=1&cx=4371&cy=2305&chk=v1_61d445397c32bc84ce48,https://www.tripadvisor.com/Restaurant_Review-g294197-d3922745-Reviews-Din_Tai_Fung_Gimpo_Airport_Lotte_Mall-Seoul.html,77,4.0,,"The deep flavor of rich, juicy xiaolongbao.",,15182208,https://place.map.kakao.com/15182208,15000,15000,1,,,,,,,,
27956526,Jikang Korean restaurant Jamsil Branch,+82 2-414-4963,"Seoul 29-1 Sincheon-dong, Songpa-gu Kt송파빌딩 1층 104호",,37.51407,127.10667,"Asian, Korean",월 11:00~22:00 / 화 11:00~22:00 / 수 11:00~22:00 / 목 11:00~22:00 / 금 11:00~22:00 / 토 11:00~22:00 / 일 11:00~22:00,,https://dynamic-media-cdn.tripadvisor.com/media/photo-o/26/98/d7/f5/caption.jpg?w=200&h=200&s=1&cx=4371&cy=2305&chk=v1_61d445397c32bc84ce48,https://www.tripadvisor.com/Restaurant_Review-g294197-d27956526-Reviews-Jikang_Korean_restaurant_Jamsil_Branch-Seoul.html,5,4.8,Korean,* Free parking is available on the 3rd and 4th floors of the Sofitel basement. (This is also free for takeout orders.),,1967149354,https://place.map.kakao.com/1967149354,3500,18500,17,true,,,,,,,kakao
32731239,Hosega Tacos,+82 70-8959-8826,"Seoul 19, Nambusunhwan-ro 108-gil 1st Floor",,37.47815,126.89219,"Mexican, American, South American",Sun 12:00~21:50 / Mon 11:30~21:50 / Tue 11:30~21:50 / Wed 11:30~21:50 / Thu 11:30~21:50 / Fri 11:30~21:50 / Sat 12:00~21:50,,https://dynamic-media-cdn.tripadvisor.com/media/photo-o/2f/00/88/94/caption.jpg?w=800&h=400&s=1,https://www.tripadvisor.com/Restaurant_Review-g294197-d32731239-Reviews-Hosega_Tacos-Seoul.html,8,5.0,,,,,,,,,,,,,,,,tripadvisor
12571622,Hongdae Dooki Tteokbokki,+82 2-325-0737,"Seoul 8, Hongik-ro 6-gil, Mapo-gu 2층",04050,37.554874,126.92248,"Asian, Korean",,,https://dynamic-media-cdn.tripadvisor.com/media/photo-o/12/bf/85/4f/photo0jpg.jpg?w=900&h=500&s=1,https://www.tripadvisor.com/Restaurant_Review-g294197-d12571622-Reviews-Hongdae_Dooki_Tteokbokki-Seoul.html,6,5.0,,Instant tteokbokki made with a variety of ingredients.,,27296903,https://place.map.kakao.com/27296903,5900,10400,4,true,true,,,,,,
33393810,Gwangjang Market,+82 2-2267-0291,Seoul 88 Changgyeonggung-ro Gwangjang Market,03196,37.56994,127.001274,"Asian, Korean, Street Food",Sun 09:00~17:00 / Mon 09:00~17:00 / Tue 09:00~17:00 / Thu 09:00~17:00 / Fri 09:00~17:00 / Sat 09:00~17:00,"Gwangjang Suragan – Korean Royal Kitchen in Gwangjang Market Discover the flavors of Korea’s royal court in Seoul’s famous Gwangjang Market. Enjoy handmade kalguksu (knife-cut noodles), fresh dumplings, and house-made kimchi, inspired by the Joseon Dynasty’s royal kitchen. Start your Gwangjang Market journey here – order over 20,000 KRW and receive a complimentary sample of our signature boiled pork.",https://dynamic-media-cdn.tripadvisor.com/media/photo-o/32/c7/bb/9c/caption.jpg?w=900&h=500&s=1,https://www.tripadvisor.com/Restaurant_Review-g294197-d33393810-Reviews-Gwangjang_Market-Seoul.html,5,5.0,,,,,,,,,,,,,,,,tripadvisor
9135136,Chosun Gimbap,+82 2-723-7496,"Seoul 78, Yulgok-ro 1-gil, Jongno-gu",03062,37.57879,126.98161,"Asian, Korean",화 11:00~20:00 / 수 11:00~20:00 / 목 11:00~20:00 / 금 11:00~20:00 / 토 11:00~20:00 / 일 11:00~20:00,,https://dynamic-media-cdn.tripadvisor.com/media/photo-o/0a/49/4a/d0/photo3jpg.jpg?w=900&h=500&s=1,https://www.tripadvisor.com/Restaurant_Review-g294197-d9135136-Reviews-Chosun_Gimbap-Seoul.html,17,4.5,Bunsik (Korean street snacks),A simple roll of gimbap filled with the fragrance of seasoned vegetables.,,20945113,https://place.map.kakao.com/20945113,6300,10000,7,false,,,,true,,,kakao
4080193,Sijo Myeongdong Dakhanmari,+82 2-2275-3125,"Seoul 10, Jong-ro 40ga-gil, Jongno-gu",03197,37.57037,127.00609,"Asian, Korean",,,https://dynamic-media-cdn.tripadvisor.com/media/photo-o/18/4b/b0/31/photo2jpg.jpg?w=900&h=500&s=1,https://www.tripadvisor.com/Restaurant_Review-g294197-d4080193-Reviews-Sijo_Myeongdong_Dakhanmari-Seoul.html,16,4.8,,The care put into a whole chicken in a rich and hearty broth.,,26559811,https://place.map.kakao.com/26559811,10000,25000,4,false,true,,,,,,
8591005,Hanilkwan Yeongdeungpo,+82 2-2638-2735,"Seoul 15, Yeongjung-ro, Yeongdeungpo-gu",07305,37.527973,127.032745,"Asian, Korean",월 11:00~22:00 / 화 11:00~22:00 / 수 11:00~22:00 / 목 11:00~22:00 / 금 11:00~22:00 / 토 11:00~22:00 / 일 11:00~22:00,,https://dynamic-media-cdn.tripadvisor.com/media/photo-o/26/98/d7/f5/caption.jpg?w=200&h=200&s=1&cx=4371&cy=2305&chk=v1_61d445397c32bc84ce48,https://www.tripadvisor.com/Restaurant_Review-g294197-d8591005-Reviews-Hanilkwan_Yeongdeungpo-Seoul.html,33,4.2,Korean,The elegance of Korean cuisine with a broth that lingers on.,,16908544,https://place.map.kakao.com/16908544,13000,19000,16,true,true,true,true,,,,kakao
28109613,The Italian Club,+82 50-71330-3238,Seoul 209 Jamsil-ro Sofitel Ambassador Seoul Hotel & Serviced Residences,05552,37.51395,127.10665,"Central-Italian, Italian, Northern-Italian, Southern-Italian",Sun 11:30~15:00 / Sun 17:30~22:00 / Mon 11:30~15:00 / Mon 17:30~22:00 / Tue 11:30~15:00 / Tue 17:30~22:00 / Wed 11:30~15:00 / Wed 17:30~22:00 / Thu 11:30~15:00 / Thu 17:30~22:00 / Fri 11:30~15:00 / Fri 17:30~22:00 / Sat 11:30~15:00 / Sat 17:30~22:00,,https://dynamic-media-cdn.tripadvisor.com/media/photo-o/33/91/76/9c/caption.jpg?w=500&h=300&s=1,https://www.tripadvisor.com/Restaurant_Review-g294197-d28109613-Reviews-The_Italian_Club-Seoul.html,3,5.0,,,,,,,,,,,,,,,,tripadvisor
8881813,Sandeulhae - Banpo,+82 2-537-0113,"Seoul 287, Banpo-daero, Seocho-gu B1F, Raemian Complex",06547,,,"Seafood, Barbecue, Asian, Korean, Grill, Healthy",월 11:10~21:00 / 화 11:10~21:00 / 수 11:10~21:00 / 목 11:10~21:00 / 금 11:10~21:00 / 토 11:10~21:00 / 일 11:10~21:00,,https://dynamic-media-cdn.tripadvisor.com/media/photo-o/1b/4b/41/8c/sandeulhae-banpo.jpg?w=900&h=-1&s=1,https://www.tripadvisor.com/Restaurant_Review-g294197-d8881813-Reviews-Sandeulhae_Banpo-Seoul.html,8,3.8,Hanjeongsik (Korean course meal),A full course of refined traditional Korean dishes.,일 20:00 / 월 20:00 / 화 20:00 / 수 20:00 / 목 20:00 / 금 20:00 / 토 20:00,11781456,https://place.map.kakao.com/11781456,15000,21000,9,true,true,true,true,,,,kakao
10423798,Grandma's Recipe,+82 2-467-5101,"Seoul 15-1, Seoulsup 6-gil, Seongdong-gu",04768,37.547546,127.04338,,월 11:30~21:00 / 화 11:30~21:00 / 수 11:30~21:00 / 목 11:30~21:00 / 금 11:30~21:00 / 토 11:30~21:00 / 일 11:30~21:00,,https://dynamic-media-cdn.tripadvisor.com/media/photo-o/0e/bc/90/c4/caption.jpg?w=900&h=500&s=1,https://www.tripadvisor.com/Restaurant_Review-g294197-d10423798-Reviews-Grandma_s_Recipe-Seoul.html,15,3.4,Korean,Filling a day with a neat home-cooked meal.,,27373628,https://place.map.kakao.com/27373628,8800,15000,17,true,true,,true,,,,kakao
25091386,Hwachoonok Cheongdam,+82 2-511-1945,"Seoul 15, Dosan-daero 50-gil, Gangnam-gu",06055,37.521442,127.0377,"Barbecue, Asian, Korean, Grill",Sun 11:30~22:00 / Mon 11:30~22:00 / Tue 11:30~22:00 / Wed 11:30~22:00 / Thu 11:30~22:00 / Fri 11:30~22:00 / Sat 11:30~22:00,Korea's first and original Suwon galbi house with 77 years of tradition.,https://dynamic-media-cdn.tripadvisor.com/media/photo-o/26/98/d7/f5/caption.jpg?w=200&h=200&s=1&cx=4371&cy=2305&chk=v1_61d445397c32bc84ce48,https://www.tripadvisor.com/Restaurant_Review-g294197-d25091386-Reviews-Hwachoonok_Cheongdam-Seoul.html,8,5.0,Galbi (grilled short ribs),An 80-year-old restaurant known for its refined galbi (grilled ribs).,,144850585,https://place.map.kakao.com/144850585,1000,22000,30,true,true,true,true,,,,tripadvisor
7126251,Kkanbu Chicken Sinsa Station,+82 2-518-7701,"Seoul 30, Gangnam-daero 152-gil, Gangnam-gu Taewoong Bldg. 1F",06035,37.517914,127.02245,Korean,,,https://dynamic-media-cdn.tripadvisor.com/media/photo-o/26/98/d7/f5/caption.jpg?w=200&h=200&s=1&cx=4371&cy=2305&chk=v1_61d445397c32bc84ce48,https://www.tripadvisor.com/Restaurant_Review-g294197-d7126251-Reviews-Kkanbu_Chicken_Sinsa_Station-Seoul.html,38,4.2,,,,,,,,,,,,,,,,
3636658,Seokparang,+82 2-395-2500,"Seoul 125, Hongji-dong, Jongno-gu",,37.599422,126.958565,"Asian, Korean",월 12:00~22:00 / 화 12:00~22:00 / 수 12:00~22:00 / 목 12:00~22:00 / 금 12:00~22:00 / 토 12:00~22:00 / 일 12:00~22:00,,https://dynamic-media-cdn.tripadvisor.com/media/photo-o/26/98/d7/f5/caption.jpg?w=200&h=200&s=1&cx=4371&cy=2305&chk=v1_61d445397c32bc84ce48,https://www.tripadvisor.com/Restaurant_Review-g294197-d3636658-Reviews-Seokparang-Seoul.html,47,3.9,Hanjeongsik (Korean course meal),The serene elegance of a traditional Hanok with a refined Korean meal.,,7943191,https://place.map.kakao.com/7943191,39000,99000,8,true,true,true,,,,,kakao
25306649,Seoul 88 Beer,+82 10-8351-8126,"Seoul 102, Yulgok-ro 8-gil, Jongno-gu",03134,37.572765,126.991714,"Brew Pub, Korean, Pub, Fusion, Street Food, Indigenous",월 11:00~05:30 / 화 11:00~05:30 / 수 11:00~05:30 / 목 11:00~05:30 / 금 11:00~06:00 / 토 11:00~06:00 / 일 11:00~04:30,"Seoul 88 Beer sells craft beers including Gompyo wheat beer, highballs, and a variety of dishes that capture both value and flavor. Among them, Seoul 88 Beer's signature pizza menu is baked directly in the oven using a house-developed recipe. The rich flavor of freshly baked cheese and pepperoli piled generously, and especially the use of pastry instead of bread for the pizza dough, gives a savory, light richness, and the crackling texture of the pastry adds to the fun of eating. It is a popular menu item that captures both value and taste.",https://dynamic-media-cdn.tripadvisor.com/media/photo-o/28/8d/47/01/3-88.jpg?w=900&h=500&s=1,https://www.tripadvisor.com/Restaurant_Review-g294197-d25306649-Reviews-Seoul_88_Beer-Seoul.html,14,5.0,Hof (Korean beer pub),"Enjoy craft beer highballs and a variety of dishes like handmade tonkatsu, pizza, hanwoo beef tartare, and fresh salmon sashimi at this lively street near Jongno 3-ga Station.",,2122242859,https://place.map.kakao.com/2122242859,10000,20000,20,,,,,,true,,kakao
8587487,Otto Kimbab,+82 2-794-0110,"Seoul 1, Usadan-ro 10da-gil, Yongsan-gu",04408,37.53171,127.001,"American, Fast Food, International, Korean",,"23th July,2015 The NewYork Times introduced OTTO. We cooked only two kinds menu (OTTO-GIMBAB and OTTO-BONELESS FRIED CHICKEN)Specialized restaurants. OTTO delivered U.S 8th Army Base and Several embassies. Every day,OTTO use the best fresh Food Ingredients. OTTO'FOOD is your homemade FOOD.",https://dynamic-media-cdn.tripadvisor.com/media/photo-o/26/98/d7/f5/caption.jpg?w=200&h=200&s=1&cx=4371&cy=2305&chk=v1_61d445397c32bc84ce48,https://www.tripadvisor.com/Restaurant_Review-g294197-d8587487-Reviews-Otto_Kimbab-Seoul.html,12,4.7,,,,,,,,,,,,,,,,
34159019,seoul-ansimjeong-yug seoyeouidojeom,+820507-1445-1520,Seoul gughoedaelo74gil 10,07238,37.53023,126.92124,"Barbecue, Asian, Korean",월 11:30~22:00 / 화 11:30~22:00 / 수 11:30~22:00 / 목 11:30~22:00 / 금 11:30~22:00,,https://dynamic-media-cdn.tripadvisor.com/media/photo-o/26/98/d7/f5/caption.jpg?w=200&h=200&s=1&cx=4371&cy=2305&chk=v1_61d445397c32bc84ce48,https://www.tripadvisor.com/Restaurant_Review-g294197-d34159019-Reviews-Seoul_ansimjeong_yug_seoyeouidojeom-Seoul.html,16,5.0,"Meat, Korean BBQ","A culinary space offering beef of a different dimension, Seoul Ansim Jeongyuk.",,1655317727,https://place.map.kakao.com/1655317727,25000,75000,26,true,,,,,true,,kakao
6960502,Yeongyang Center Myeongdong Main,+82 2-776-2016,"Seoul 52, Myeongdong 2-gil, Jung-gu",04535,37.561077,126.98311,"Asian, Korean",,,https://dynamic-media-cdn.tripadvisor.com/media/photo-o/26/98/d7/f5/caption.jpg?w=200&h=200&s=1&cx=4371&cy=2305&chk=v1_61d445397c32bc84ce48,https://www.tripadvisor.com/Restaurant_Review-g294197-d6960502-Reviews-Yeongyang_Center_Myeongdong_Main-Seoul.html,59,4.2,,,,,,,,,,,,,,,,
7234237,Yummy Thai,+82 2-790-0371,"Seoul 4-1, Duteopbawi-ro, Yongsan-gu",04352,37.613445,127.03157,"Asian, Thai",,,https://dynamic-media-cdn.tripadvisor.com/media/photo-o/26/98/d7/f5/caption.jpg?w=200&h=200&s=1&cx=4371&cy=2305&chk=v1_61d445397c32bc84ce48,https://www.tripadvisor.com/Restaurant_Review-g294197-d7234237-Reviews-Yummy_Thai-Seoul.html,20,4.8,,,,,,,,,,,,,,,,
26462085,Off The Record Vinyl Music Bar,+82 10-7446-9424,Seoul Itaewon-dong 128-4,04391,37.53429,126.993774,"American, Bar, Asian, Korean, Pub, Diner, Beer restaurants",Sun 18:00~03:00 / Mon 19:00~03:00 / Tue 19:00~03:00 / Wed 19:00~03:00 / Thu 19:00~03:00 / Fri 19:00~05:00 / Sat 18:00~05:00,,https://dynamic-media-cdn.tripadvisor.com/media/photo-o/26/98/d7/f5/caption.jpg?w=200&h=200&s=1&cx=4371&cy=2305&chk=v1_61d445397c32bc84ce48,https://www.tripadvisor.com/Restaurant_Review-g294197-d26462085-Reviews-Off_The_Record_Vinyl_Music_Bar-Seoul.html,14,5.0,,,,,,,,,,,,,,,,tripadvisor
4030883,Ondal,+82 2-450-4518,"Seoul 21, Gwangjang-dong, Gwangjin-gu",,37.555126,127.11096,"Asian, Korean",,,https://dynamic-media-cdn.tripadvisor.com/media/photo-o/26/98/d7/f5/caption.jpg?w=200&h=200&s=1&cx=4371&cy=2305&chk=v1_61d445397c32bc84ce48,https://www.tripadvisor.com/Restaurant_Review-g294197-d4030883-Reviews-Ondal-Seoul.html,15,4.7,,,,,,,,,,,,,,,,
12945884,Seoulista,+82 2-757-2265,"Seoul 19 Toegye-ro, Jung-gu 1F-2F, Hotel Manu",04527,37.557137,126.975,"Korean, Gastropub, Beer restaurants",Mon 11:30~00:00 / Tue 11:30~00:00 / Wed 11:30~00:00 / Thu 11:30~00:00 / Fri 11:30~00:00 / Sat 15:00~00:00,"Seoulista is craft beer pub, coffee shop and bistro in Hotel Manu. In first floor you can find various local craft beer, fried chicken, pizza, pasta and local food. Operation time is Mon- Fri 11:30 - 00:00. Second floor is coffee shop and bistro. Coffee shop operation time is from 07:30 to 16:00. Seoulista bistro operation time is from 16:00 to 00:00. At bistro you can find local craft beer, wine and premium makgeolli.",https://dynamic-media-cdn.tripadvisor.com/media/photo-o/26/98/d7/f5/caption.jpg?w=200&h=200&s=1&cx=4371&cy=2305&chk=v1_61d445397c32bc84ce48,https://www.tripadvisor.com/Restaurant_Review-g294197-d12945884-Reviews-Seoulista-Seoul.html,43,4.3,,Enjoy an exotic atmosphere at this craft beer pub located in front of Seoul Station.,,8244084,https://place.map.kakao.com/8244084,11000,11000,2,,,,,,,true,tripadvisor
34027121,Woohana Jonggak Station Branch,+82 2-2158-7561,"Seoul Room 203, 33 Jong-ro 2nd Floor",,37.57112,126.98139,"Barbecue, Asian, Korean",Sun 11:00~22:00 / Mon 11:00~22:00 / Tue 11:00~22:00 / Wed 11:00~22:00 / Thu 11:00~22:00 / Fri 11:00~22:00 / Sat 11:00~22:00,"Woohana Jonggak Station branch is a premium dining that modernly reinterprets the deep flavor of Hanwoo and the refinement of elegant Korean cuisine. Its Hanwoo- and seafood-centered course meals, completed by the chef's hands, suit business meetings, company dinners, anniversaries, and matchmaking meetings. Offering a comfortable meal in a neat, private space at the center of Jonggak Station, it is a signature Korean-cuisine course restaurant steadily loved by office workers and gourmets throughout the Jongno area.",https://dynamic-media-cdn.tripadvisor.com/media/photo-o/31/d2/ef/0f/caption.jpg?w=900&h=-1&s=1,https://www.tripadvisor.com/Restaurant_Review-g294197-d34027121-Reviews-Woohana_Jonggak_Station_Branch-Seoul.html,7,5.0,,Enjoy a Hanwoo omakase in a private room.,,1805069049,https://place.map.kakao.com/1805069049,39000,104000,4,true,,,,,,true,tripadvisor
13128021,Ashley Cheongnyangni Lotte Dept. Store,+82 2-6285-1100,"Seoul 205, Wangsan-ro, Dongdaemun-gu B2f",02490,37.57979,127.04576,Fusion,월 10:30~21:00 / 화 10:30~21:00 / 수 10:30~21:00 / 목 10:30~21:00 / 금 10:30~21:00 / 토 10:30~21:00 / 일 10:30~21:00,,https://dynamic-media-cdn.tripadvisor.com/media/photo-o/1a/5c/c1/f3/yummy-food.jpg?w=900&h=500&s=1,https://www.tripadvisor.com/Restaurant_Review-g294197-d13128021-Reviews-Ashley_Cheongnyangni_Lotte_Dept_Store-Seoul.html,6,4.3,Family restaurant,A buffet filled with refreshing kiwi desserts.,,27347215,https://place.map.kakao.com/27347215,7900,17900,6,true,,,,,,,kakao
12547150,Falo Pizza,+82 2-324-8588,"Seoul 9-20, Yanghwa-ro 6-gil, Mapo-gu 1F, Cameo Bldg.",04044,37.54982,126.91565,"Italian, Pizza, Korean",월 11:30~21:30 / 화 11:30~21:30 / 수 11:30~21:30 / 목 11:30~21:30 / 금 11:30~21:30 / 토 11:30~21:30 / 일 11:30~21:30,"At Falopizza, you can taste authentic Napoli pizza. High-quality pasta, risotto and salad are also avilable. Have a delicious and fun time with beer and wine in Falopizza.",https://dynamic-media-cdn.tripadvisor.com/media/photo-o/26/98/d7/f5/caption.jpg?w=200&h=200&s=1&cx=4371&cy=2305&chk=v1_61d445397c32bc84ce48,https://www.tripadvisor.com/Restaurant_Review-g294197-d12547150-Reviews-Falo_Pizza-Seoul.html,13,4.8,Pizza,Authentic wood-fired pizza infused with oak wood smoke.,,26820977,https://place.map.kakao.com/26820977,15000,20800,31,true,true,,,,,,kakao
16766231,Cry Cheese Burger - Samseong Station,+82 2-566-6244,"Seoul 616, Teheran-ro, Gangnam-gu",06174,,,"American, Fast Food, Asian, Korean",월 10:30~20:30 / 화 10:30~20:30 / 수 10:30~20:30 / 목 10:30~20:30 / 금 11:00~19:20 / 토 11:00~20:30 / 일 11:00~20:30,"Cry Cheese Burger has been dedicated to perfecting one thing for the past 11 years. Inspired by the burgers we loved during our time in the U.S, we've been working tirelessly to bring that same delicious taste to Korea. We use only 100% pure beef patties made in our own factory. Our Cry Sauce, crafted from 11 years of experience, 100% American cheese, glazed buns, and the freshest vegetables delivered every morning ensure our burgers are top-notch. Don’t miss out on our signature American-style Animal Style Burger. With three patties and three slices of cheese, it’s unforgettable. Our Animal Style Cheese Fries are a must-try too. And for our true fans, the secret 4x4 Burger is available exclusively in-store. Just visit Cry Cheese Burger. You can savor the same great taste you remember from the West Coast of America, right here in Korea. We're committed to making every visit special, grilling delicious burgers with love and care for each customer. Come on over to Cry Cheese Burger!",https://dynamic-media-cdn.tripadvisor.com/media/photo-o/2c/a6/ef/80/come-on-over-to-cry-cheese.jpg?w=900&h=500&s=1,https://www.tripadvisor.com/Restaurant_Review-g294197-d16766231-Reviews-Cry_Cheese_Burger_Samseong_Station-Seoul.html,5,4.8,Burger,Authentic handmade cheeseburgers bursting with American flavor.,,586363951,https://place.map.kakao.com/586363951,2500,10500,20,true,,,,,,,kakao
4032335,Tteurak,+82 2-543-2987,Seoul 13-3 Yeongdong-daero 142-gil,06075,37.524426,127.05556,"Steakhouse, Asian, Korean",월 11:30~23:00 / 화 11:30~23:00 / 수 11:30~23:00 / 목 11:30~23:00 / 금 11:30~23:00 / 토 11:30~23:00 / 일 11:30~23:00,,https://dynamic-media-cdn.tripadvisor.com/media/photo-o/26/98/d7/f5/caption.jpg?w=200&h=200&s=1&cx=4371&cy=2305&chk=v1_61d445397c32bc84ce48,https://www.tripadvisor.com/Restaurant_Review-g294197-d4032335-Reviews-Tteurak-Seoul.html,8,4.8,"Meat, Korean BBQ",Savor top-grade Hanwoo tenderloin in a private space.,,7857098,https://place.map.kakao.com/7857098,5000,52000,22,true,,,,,,,kakao
5035634,Original Hosu Samgyetang,+82 2-848-2440,"Seoul 342-325, Singil-dong, Yeongdeungpo-gu",,37.50271,126.90445,"Asian, Korean",월 11:00~21:30 / 화 11:00~21:30 / 수 11:00~21:30 / 목 11:00~21:30 / 금 11:00~21:30 / 토 11:00~21:30 / 일 11:00~21:30,,https://dynamic-media-cdn.tripadvisor.com/media/photo-o/14/50/ac/4a/photo1jpg.jpg?w=900&h=500&s=1,https://www.tripadvisor.com/Restaurant_Review-g294197-d5035634-Reviews-Original_Hosu_Samgyetang-Seoul.html,40,4.4,Samgyetang (ginseng chicken soup),A rich and nourishing flavor in a savory perilla seed broth.,일 21:00 / 월 21:00 / 화 21:00 / 수 21:00 / 목 21:00 / 금 21:00 / 토 21:00,8510748,https://place.map.kakao.com/8510748,4000,7000,5,true,true,true,,,,,kakao
7149727,Solnamugil Doenjang Yesul,+82 2-745-4516,"Seoul 9-2, Daehak-ro 11-gil, Jongno-gu",03079,37.582222,127.00077,"Asian, Korean",월 10:30~21:00 / 화 10:30~21:00 / 수 10:30~21:00 / 목 10:30~21:00 / 금 10:30~21:00 / 토 10:30~21:00 / 일 10:30~21:00,,https://dynamic-media-cdn.tripadvisor.com/media/photo-o/06/be/7a/0d/front.jpg?w=900&h=500&s=1,https://www.tripadvisor.com/Restaurant_Review-g294197-d7149727-Reviews-Solnamugil_Doenjang_Yesul-Seoul.html,14,4.1,Korean,A healthy home-cooked meal experience filled with the essence of doenjang (fermented soybean paste).,,13092178,https://place.map.kakao.com/13092178,14000,19500,12,true,true,,,,,,kakao
11983467,Tongue & Groove Joint,+82 2-790-7036,"Seoul 7 Bogwang-ro 60-gil, Yongsan-gu",04406,37.53396,126.9945,"Barbecue, Asian, Korean",월 11:30~22:40 / 화 11:30~22:40 / 수 11:30~22:40 / 목 11:30~22:40 / 금 11:30~22:40 / 토 11:30~22:40 / 일 11:30~22:40,,https://dynamic-media-cdn.tripadvisor.com/media/photo-o/26/98/d7/f5/caption.jpg?w=200&h=200&s=1&cx=4371&cy=2305&chk=v1_61d445397c32bc84ce48,https://www.tripadvisor.com/Restaurant_Review-g294197-d11983467-Reviews-Tongue_Groove_Joint-Seoul.html,23,4.0,"Meat, Korean BBQ",Indulge in a meat haven where aged hanwoo beef pairs beautifully with wine.,,27549051,https://place.map.kakao.com/27549051,9000,32000,15,true,,,,,,,kakao
14112167,Jangin Dakgalbi,+82 2-3452-3441,Seoul 35-3 Myeongdong 10-gil Jung-gu,,37.56222,126.98582,"Asian, Korean",,,https://dynamic-media-cdn.tripadvisor.com/media/photo-o/15/97/55/22/photo2jpg.jpg?w=900&h=500&s=1,https://www.tripadvisor.com/Restaurant_Review-g294197-d14112167-Reviews-Jangin_Dakgalbi-Seoul.html,10,3.7,,,,,,,,,,,,,,,,
3943547,Outback Steakhouse - Myeongdong,+82 2-778-6731,"Seoul 36, Myeongdong 3-gil, Jung-gu",04534,37.56531,126.98372,"Steakhouse, Australian",월 11:00~21:30 / 화 11:00~21:30 / 수 11:00~21:30 / 목 11:00~21:30 / 금 11:00~21:30 / 토 11:00~21:30 / 일 11:00~21:30,,https://dynamic-media-cdn.tripadvisor.com/media/photo-o/26/98/d7/f5/caption.jpg?w=200&h=200&s=1&cx=4371&cy=2305&chk=v1_61d445397c32bc84ce48,https://www.tripadvisor.com/Restaurant_Review-g294197-d3943547-Reviews-Outback_Steakhouse_Myeongdong-Seoul.html,29,3.9,Family restaurant,A hearty steak course enjoyed through a lunch set.,일 21:00 / 월 21:00 / 화 21:00 / 수 21:00 / 목 21:00 / 금 21:00 / 토 21:00,1659944507,https://place.map.kakao.com/1659944507,5900,29900,30,true,true,,,,,,kakao
10164776,Modern Nulang,+82 2-6282-5005,"Seoul 205, Sapyeong-daero, Seocho-gu Express Bus Terminal route 7, exit #3",06545,37.504425,127.00776,"Chinese, Asian, Korean",월 11:30~22:00 / 화 11:30~22:00 / 수 11:30~22:00 / 목 11:30~22:00 / 금 11:30~22:00 / 토 11:30~22:00 / 일 11:30~22:00,"Modern Chinese Lounge ""Modern Nulang"" Modern Nulang means ""The New Woman"". We're the Chinese Lounge with a concept of the modernization on Shanghai and we've tried to change the characteristic menus of the many areas of China, including Shanghai in order to make it to suit our taste. Signature cocktail is also excellent showed only at the Modern Nulang Bar.",https://dynamic-media-cdn.tripadvisor.com/media/photo-o/0a/e8/f4/77/1930-s-modern-nulang.jpg?w=600&h=400&s=1,https://www.tripadvisor.com/Restaurant_Review-g294197-d10164776-Reviews-Modern_Nulang-Seoul.html,34,4.4,Chinese,Chinese cuisine infused with the glamorous sensibilities of 1930s Shanghai.,일 21:00 / 월 21:00 / 화 21:00 / 수 21:00 / 목 21:00 / 금 21:00 / 토 21:00,184125380,https://place.map.kakao.com/184125380,12000,41500,20,true,,,,,,,kakao
9204855,Yujeong Sikdang,+82 2-2232-5727,"Seoul 28-5, Majang-ro 1-gil, Jung-gu",04568,,,"Asian, Korean",월 00:00~24:00 / 화 00:00~24:00 / 수 00:00~24:00 / 목 00:00~24:00 / 금 00:00~24:00 / 토 00:00~24:00 / 일 00:00~24:00,,https://dynamic-media-cdn.tripadvisor.com/media/photo-o/17/f3/d4/ce/caption.jpg?w=600&h=300&s=1,https://www.tripadvisor.com/Restaurant_Review-g294197-d9204855-Reviews-Yujeong_Sikdang-Seoul.html,8,4.1,Korean,A traditional Korean restaurant serving hearty meals in an old alley.,,12070857,https://place.map.kakao.com/12070857,7000,11000,19,true,true,,,,,,kakao
9092810,Famous Pork Back-Bone Stew,+82 2-465-6580,"Seoul 45, Yeonmujang-Gil",,37.542847,127.05437,,월 00:00~24:00 / 화 00:00~24:00 / 수 00:00~24:00 / 목 00:00~24:00 / 금 00:00~24:00 / 토 00:00~24:00 / 일 00:00~24:00,,https://dynamic-media-cdn.tripadvisor.com/media/photo-o/13/5c/2b/5a/caption.jpg?w=900&h=500&s=1,https://www.tripadvisor.com/Restaurant_Review-g294197-d9092810-Reviews-Famous_Pork_Back_Bone_Stew-Seoul.html,26,4.3,Gamjatang (pork bone stew),A delightful combination of hearty meat and spicy broth.,,13289056,https://place.map.kakao.com/13289056,12000,14000,12,true,true,,,,,,kakao
33270072,The Taco Booth Namsan,+82 10-4612-3058,"Seoul Sopa-ro, 103-1 1st Floor",,37.557205,126.98584,Mexican,Sun 11:00~22:00 / Mon 11:00~22:00 / Tue 11:00~22:00 / Wed 11:00~22:00 / Thu 11:00~22:00 / Fri 11:00~22:00 / Sat 11:00~22:00,,https://dynamic-media-cdn.tripadvisor.com/media/photo-o/26/98/d7/f5/caption.jpg?w=200&h=200&s=1&cx=4371&cy=2305&chk=v1_61d445397c32bc84ce48,https://www.tripadvisor.com/Restaurant_Review-g294197-d33270072-Reviews-The_Taco_Booth_Namsan-Seoul.html,5,5.0,,A Mexican taco restaurant bursting with New York energy.,,2046747077,https://place.map.kakao.com/2046747077,29600,29600,1,,,,,,,,tripadvisor
27029168,Yoojung Sikdang,+82 2-511-4592,"Seoul 14 Dosan-daero 28-gil, Gangnam-gu",,37.518387,127.028076,"Asian, Korean",월 10:00~21:30 / 화 10:00~21:30 / 수 10:00~21:30 / 목 10:00~21:30 / 금 10:00~21:30 / 토 10:00~20:00 / 일 10:00~20:00,,https://dynamic-media-cdn.tripadvisor.com/media/photo-o/2d/ee/71/58/caption.jpg?w=900&h=500&s=1,https://www.tripadvisor.com/Restaurant_Review-g294197-d27029168-Reviews-Yoojung_Sikdang-Seoul.html,2,5.0,Korean,The rich flavor of sizzling black pork wrapped in lettuce.,일 19:35 / 월 21:05 / 화 21:05 / 수 21:05 / 목 21:05 / 금 21:05 / 토 19:35,16037952,https://place.map.kakao.com/16037952,10000,11000,14,true,,,,,,,kakao
6165366,"Chakraa Indian Restaurant, Hannam, Seoul",+82 2-796-1149,"Seoul 28-9, Hannam-Dong, Yongsan-Gu",04420,37.534447,127.0098,"Indian, Asian",,,https://dynamic-media-cdn.tripadvisor.com/media/photo-o/26/98/d7/f5/caption.jpg?w=200&h=200&s=1&cx=4371&cy=2305&chk=v1_61d445397c32bc84ce48,https://www.tripadvisor.com/Restaurant_Review-g294197-d6165366-Reviews-Chakraa_Indian_Restaurant_Hannam_Seoul-Seoul.html,32,4.3,,,,,,,,,,,,,,,,
4029472,Chungmu Gimbap,+82 2-755-8488,"Seoul 19, Myeongdong 10-gil, Jung-gu",04537,37.56292,126.98548,"Asian, Korean",,,https://dynamic-media-cdn.tripadvisor.com/media/photo-o/26/df/3b/ea/restaurant.jpg?w=900&h=500&s=1,https://www.tripadvisor.com/Restaurant_Review-g294197-d4029472-Reviews-Chungmu_Gimbap-Seoul.html,84,3.8,,An amazing combination of spicy squid salad and radish kimchi.,,857447104,https://place.map.kakao.com/857447104,13000,13000,1,false,true,,,,,,
3616559,HanMoeChon,+82 2-766-5535,"Seoul 46-8 Jae-dong, Jongno-gu",,37.57897,126.98557,"Asian, Korean",,,https://dynamic-media-cdn.tripadvisor.com/media/photo-o/26/98/d7/f5/caption.jpg?w=200&h=200&s=1&cx=4371&cy=2305&chk=v1_61d445397c32bc84ce48,https://www.tripadvisor.com/Restaurant_Review-g294197-d3616559-Reviews-HanMoeChon-Seoul.html,7,4.4,,A tidy traditional Korean set meal enjoyed in a serene hanok.,,9569052,https://place.map.kakao.com/9569052,30000,57500,4,,,,,,,,
13137307,Yukjeon Sikdang 3rd,+82 2-2234-6373,"Seoul 38, Cheonho-daero, Dongdaemun-gu",02586,37.57389,127.027405,"Asian, Korean",,,https://dynamic-media-cdn.tripadvisor.com/media/photo-o/14/88/65/3a/caption.jpg?w=900&h=500&s=1,https://www.tripadvisor.com/Restaurant_Review-g294197-d13137307-Reviews-Yukjeon_Sikdang_3rd-Seoul.html,18,4.7,,,,,,,,,,,,,,,,
9156508,Jungdamun Bossam,+82 2-888-8401,"Seoul 1661, Nambusunhwan-Ro Hana Building",08756,,,"Asian, Korean, Healthy",월 11:00~22:00 / 화 11:00~22:00 / 수 11:00~22:00 / 목 11:00~22:00 / 금 11:00~22:00 / 토 11:00~22:00 / 일 11:00~21:30,"Hello, it’s Jungdamun, the Bossam house. ‘Bossam’ is a Korean traditional cuisine. Steamed Pork is served with various types of Kimchi, which is our all-time favorite Korean sub-dish. We are very proud to bring Jungdamun to you, a Bossam specialist in Korea. Unlike the general ideas that Korean dishes be mostly pungent and spicy, Bossam is not the one. Soft and velvety steamed pork slices and Kimchi would pleasantly balance your palate. As we strictly stick to our rules, you will only be served daily-cooked pork here at Jungdamun. The leftovers will be thrown away after the business hour. Bossam is properly paired with Korean traditional liquor here at Jeongdameun. Bringing a fancy cuisine and a wine glass to your mind? You might be gladly enthralled to the harmony of a Bossam plate and a glass of Jeontong-ju, the Korean wine. The professional Jeontong-ju sommeliers will be there just for you to pick the right sip. Why don’t you come to dine with Jungdamun today?",https://dynamic-media-cdn.tripadvisor.com/media/photo-o/15/8a/64/ae/caption.jpg?w=900&h=-1&s=1,https://www.tripadvisor.com/Restaurant_Review-g294197-d9156508-Reviews-Jungdamun_Bossam-Seoul.html,11,4.3,"Jokbal (braised pig trotters), bossam",The perfect balance of fat and lean meat in traditional bossam.,,18569567,https://place.map.kakao.com/18569567,3000,40000,22,true,true,true,true,true,,,kakao
14794821,Arabesque  Iteawon,+82 2-790-6910,"Seoul 227, Itaewon-ro, Yongsan-gu",04349,37.5356,126.99884,"Asian, Korean, Arabic",월 11:30~22:00 / 화 11:30~22:00 / 수 11:30~22:00 / 목 11:30~22:00 / 금 11:30~22:00 / 토 11:30~22:00 / 일 11:30~22:00,,https://dynamic-media-cdn.tripadvisor.com/media/photo-o/16/b9/67/23/arabesque-restaurants.jpg?w=900&h=500&s=1,https://www.tripadvisor.com/Restaurant_Review-g294197-d14794821-Reviews-Arabesque_Iteawon-Seoul.html,6,4.7,Indian,A cozy Indian restaurant rich in exotic aromas.,,308908078,https://place.map.kakao.com/308908078,2500,10000,30,false,true,true,,,,,kakao
4032150,Daeseong Galbi,+82 2-464-3012,"Seoul 668-21, Seongsudong1-ga, Seongdong-gu",,37.54706,127.04417,"Asian, Korean, Grill",월 11:00~21:00 / 화 11:00~21:00 / 수 11:00~21:00 / 목 11:00~21:00 / 금 11:00~21:00 / 토 11:00~21:00,,https://dynamic-media-cdn.tripadvisor.com/media/photo-o/18/25/05/19/caption.jpg?w=900&h=-1&s=1,https://www.tripadvisor.com/Restaurant_Review-g294197-d4032150-Reviews-Daeseong_Galbi-Seoul.html,25,4.0,Galbi (grilled short ribs),The temptation of tender pork ribs grilled to perfection over charcoal.,,12055448,https://place.map.kakao.com/12055448,5000,20000,10,true,true,,,,,,kakao
29004598,Ugogan Sangam Branch,+82 2-6953-1688,"Seoul 76-9 World Cup buk-ro 44-gil, Mapo-gu",,37.57788,126.89376,"Asian, Korean",월 17:00~01:00 / 화 17:00~01:00 / 수 17:00~01:00 / 목 17:00~01:00 / 금 17:00~01:00 / 토 17:00~01:00,,https://dynamic-media-cdn.tripadvisor.com/media/photo-o/26/98/d7/f5/caption.jpg?w=200&h=200&s=1&cx=4371&cy=2305&chk=v1_61d445397c32bc84ce48,https://www.tripadvisor.com/Restaurant_Review-g294197-d29004598-Reviews-Ugogan_Sangam_Branch-Seoul.html,18,5.0,"Meat, Korean BBQ","A premium dining experience featuring fresh, high-quality Korean beef.",,1595780977,https://place.map.kakao.com/1595780977,24000,28000,10,true,,,,,,,kakao
33367457,Hanwoo Spot,+82 2-2135-1092,"Seoul 6-10 Dosandaero 49-gil Basement 1,Gangnam-gu",,37.52355,127.03796,"Barbecue, Asian, Korean, Grill, Japanese Fusion",화 17:00~23:00 / 수 17:00~23:00 / 목 17:00~23:00 / 금 17:00~23:00 / 토 17:00~23:00 / 일 17:00~23:00,"Reservations can be made on our official website. Hanwoo Spot offers a premium Hanwoo dining experience where every guest enjoys the comfort and privacy of their own room. Alongside our chef’s carefully prepared seasonal accompaniments, the main feature—1++ Hanwoo, Korea’s highest beef grade (comparable to USDA Prime in marbling)—is grilled by our expert staff at a dedicated grilling station with precise temperature control. It is then presented on a preheated cast-iron warmer with a seasonal vegetable garniture and brought directly to your private table. Because all grilling is done outside your room, your room stays entirely smoke- and odor-free, so you can focus on your meal and conversation. Enjoy a private, sophisticated dining experience near Apgujeong Rodeo and Dosan Park.",https://dynamic-media-cdn.tripadvisor.com/media/photo-o/26/98/d7/f5/caption.jpg?w=200&h=200&s=1&cx=4371&cy=2305&chk=v1_61d445397c32bc84ce48,https://www.tripadvisor.com/Restaurant_Review-g294197-d33367457-Reviews-Hanwoo_Spot-Seoul.html,6,5.0,"Meat, Korean BBQ",Enjoy a premium 1++ Hanwoo course in a private room.,일 21:30 / 화 21:30 / 수 21:30 / 목 21:30 / 금 21:30 / 토 21:30,1047462551,https://place.map.kakao.com/1047462551,,,,true,true,true,,,true,,kakao
4032526,Bongsanjip,+82 2-793-5022,"Seoul 1-21, Yongsandong3-ga, Yongsan-gu",,37.53439,126.97498,"Asian, Korean",월 11:30~21:30 / 화 11:30~21:30 / 수 11:30~21:30 / 목 11:30~21:30 / 금 11:30~21:30 / 토 11:30~21:30 / 일 11:30~21:30,,https://dynamic-media-cdn.tripadvisor.com/media/photo-o/27/c6/c3/f6/caption.jpg?w=900&h=500&s=1,https://www.tripadvisor.com/Restaurant_Review-g294197-d4032526-Reviews-Bongsanjip-Seoul.html,17,4.2,"Meat, Korean BBQ","The deep flavor of Hanwoo brisket, crafted over time.",,10469584,https://place.map.kakao.com/10469584,10000,25000,5,false,true,true,,,,,kakao
1176564,Song Won,+82 2-2275-3118,"Seoul 188-3, Jangchung-dong 2-ga, Jung-gu",,37.559875,127.00523,"Barbecue, Asian, Korean",월 11:00~21:30 / 화 11:00~21:30 / 수 11:00~21:30 / 목 11:00~21:30 / 금 11:00~21:30 / 토 11:00~21:30 / 일 11:00~21:30,,https://dynamic-media-cdn.tripadvisor.com/media/photo-o/26/98/d7/f5/caption.jpg?w=200&h=200&s=1&cx=4371&cy=2305&chk=v1_61d445397c32bc84ce48,https://www.tripadvisor.com/Restaurant_Review-g294197-d1176564-Reviews-Song_Won-Seoul.html,32,4.2,"Meat, Korean BBQ","Galbitang with rich broth, perfect for pouring over rice.",,1269624303,https://place.map.kakao.com/1269624303,24000,54500,8,true,true,true,,,,,kakao
4070954,Namaste Dongmyo,+82 2-2232-2286,"Seoul 316-2, Sungin-dong, Jongno-gu 2F, Geumgang Bldg.",,37.571728,127.01597,"Indian, Asian, Nepali",월 11:00~23:00 / 화 11:00~23:00 / 수 11:00~23:00 / 목 11:00~23:00 / 금 11:00~23:00 / 토 11:00~23:00 / 일 11:00~23:00,,https://dynamic-media-cdn.tripadvisor.com/media/photo-o/26/98/d7/f5/caption.jpg?w=200&h=200&s=1&cx=4371&cy=2305&chk=v1_61d445397c32bc84ce48,https://www.tripadvisor.com/Restaurant_Review-g294197-d4070954-Reviews-Namaste_Dongmyo-Seoul.html,20,4.3,Indian,A local Indian restaurant filled with authentic flavors.,일 22:00 / 월 22:00 / 화 22:00 / 수 22:00 / 목 22:00 / 금 22:00 / 토 22:00,11016309,https://place.map.kakao.com/11016309,2500,15000,30,true,,,,,,,kakao
4034045,Queens Park Cheongdam,+82 2-542-4073,"Seoul 83-18, Cheongdam-dong",,37.52585,127.04166,"Cafe, European",Sun 08:00~00:00 / Mon 10:00~00:00 / Tue 10:00~00:00 / Wed 10:00~00:00 / Thu 10:00~00:00 / Fri 10:00~00:00 / Sat 08:00~00:00,,https://dynamic-media-cdn.tripadvisor.com/media/photo-o/26/98/d7/f5/caption.jpg?w=200&h=200&s=1&cx=4371&cy=2305&chk=v1_61d445397c32bc84ce48,https://www.tripadvisor.com/Restaurant_Review-g294197-d4034045-Reviews-Queens_Park_Cheongdam-Seoul.html,47,4.1,,A terrace-style restaurant reminiscent of a queen's garden.,,8122778,https://place.map.kakao.com/8122778,35000,38500,4,true,true,true,true,,,,tripadvisor
7106360,Suga,+82 2-777-5575,"Seoul 42-1, Myeongdong 8ga-gil, Jung-gu",04537,37.561687,126.98764,"Asian, Korean",월 08:00~18:00 / 화 08:00~18:00 / 수 08:00~18:00 / 목 08:00~18:00 / 금 08:00~18:00 / 토 09:00~14:00 / 일 09:00~14:00,,https://dynamic-media-cdn.tripadvisor.com/media/photo-o/17/cd/21/2e/caption.jpg?w=900&h=500&s=1,https://www.tripadvisor.com/Restaurant_Review-g294197-d7106360-Reviews-Suga-Seoul.html,43,4.2,Cafe,The harmony of sweet pumpkin soup and fig jam.,,171654654,https://place.map.kakao.com/171654654,3000,4500,25,,,,,,,,kakao
7618195,Brew 3.15,+82 70-4148-3049,"Seoul 40, Samil-daero 32ga-gil, Jongno-gu",110340,37.574795,126.989876,"Bar, Pizza, Pub, Gastropub",월 17:00~24:00 / 화 17:00~24:00 / 수 17:00~24:00 / 목 17:00~24:00 / 금 17:00~24:00 / 토 17:00~24:00,"All we do is serve awesome Korean Fried Chicken with locally brewed craft beers because we know it is good. We have six different beers on tap ranging from Pale Ales, Belgium Wheats to Stouts and the beers change regularly. Our American owner is the a food writer and specialist of Seouleats that decided life was too short to drink bad beer. Eat, Drink and Get Clucking Crazy!",https://dynamic-media-cdn.tripadvisor.com/media/photo-o/26/98/d7/f5/caption.jpg?w=200&h=200&s=1&cx=4371&cy=2305&chk=v1_61d445397c32bc84ce48,https://www.tripadvisor.com/Restaurant_Review-g294197-d7618195-Reviews-Brew_3_15-Seoul.html,68,4.5,Hof (Korean beer pub),,,1750783707,https://place.map.kakao.com/1750783707,13000,13500,5,,,,,,,,kakao
28654051,Reunion Weekend,+82 10-6294-7074,"Seoul 28, Myeonmok-ro 92-gil Jungnang-gu",,37.59531,127.08741,"Asian, Korean, Dining bars",월 17:00~02:00 / 화 17:00~02:00 / 수 17:00~02:00 / 목 17:00~02:00 / 금 17:00~03:00 / 토 17:00~03:00 / 일 17:00~02:00,,https://dynamic-media-cdn.tripadvisor.com/media/photo-o/26/98/d7/f5/caption.jpg?w=200&h=200&s=1&cx=4371&cy=2305&chk=v1_61d445397c32bc84ce48,https://www.tripadvisor.com/Restaurant_Review-g294197-d28654051-Reviews-Reunion_Weekend-Seoul.html,18,5.0,Korean,A cozy Korean pub serving traditional drinks and makgeolli.,,1534455217,https://place.map.kakao.com/1534455217,8000,18000,12,,,,,,,,kakao
12453968,Golden Farm Myeongdong Cathedral,+82 2-318-2426,"Seoul 23, Myeongdong 10-gil, Jung-gu 3f",04537,37.56144,126.984604,"Asian, Korean",월 00:00~24:00 / 화 00:00~24:00 / 수 00:00~24:00 / 목 00:00~24:00 / 금 00:00~24:00 / 토 00:00~24:00 / 일 00:00~24:00,"Golden farm is a Korean chef who operates in Myeong-dong There is a Myeong-dong main store and a second store The main menu is Korean cuisine such as three meat, beef, carvitan, chijimi etc. Korean meat with good quality and use it Professional serving personnel will bake the meat The interior is spacious and comfortable so you can enjoy your meal without inconvenience",https://dynamic-media-cdn.tripadvisor.com/media/photo-o/26/98/d7/f5/caption.jpg?w=200&h=200&s=1&cx=4371&cy=2305&chk=v1_61d445397c32bc84ce48,https://www.tripadvisor.com/Restaurant_Review-g294197-d12453968-Reviews-Golden_Farm_Myeongdong_Cathedral-Seoul.html,39,4.1,"Meat, Korean BBQ",,,27394073,https://place.map.kakao.com/27394073,,,,,,,,,,,kakao
9221517,Top Keulraudeu23,,"Seoul 192, Baekbeom-Ro",,,,,,There is no content for Top Keulraudeu23 yet.,https://dynamic-media-cdn.tripadvisor.com/media/photo-o/0a/95/e7/b4/23.jpg?w=900&h=500&s=1,https://www.tripadvisor.com/Restaurant_Review-g294197-d9221517-Reviews-Top_Keulraudeu23-Seoul.html,9,4.1,,,,,,,,,,,,,,,,
7376501,Abiko Curry Hongdae 1,+82 2-323-0129,"Seoul 25, Hongik-ro, Mapo-gu Hotel Seokyo Annex B106",04039,,,"Japanese, Asian",,,https://dynamic-media-cdn.tripadvisor.com/media/photo-o/13/34/30/71/caption.jpg?w=600&h=400&s=1,https://www.tripadvisor.com/Restaurant_Review-g294197-d7376501-Reviews-Abiko_Curry_Hongdae_1-Seoul.html,42,4.2,,,,,,,,,,,,,,,,
9979865,Hongdae Gaemi - Hongdae,+82 2-586-9289,"Seoul 67-9, Dongmak-ro, Mapo-gu 2F and 3F",04049,37.54793,126.92102,"Japanese, Asian",,,https://dynamic-media-cdn.tripadvisor.com/media/photo-o/0d/29/85/78/1475293487961-largejpg.jpg?w=900&h=500&s=1,https://www.tripadvisor.com/Restaurant_Review-g294197-d9979865-Reviews-Hongdae_Gaemi_Hongdae-Seoul.html,18,3.9,,,,,,,,,,,,,,,,
24175964,Mood Seoul,+82 2-532-5272,"Seoul Banpo-dong 650, Seocho-gu",,37.51141,126.993256,"Wine Bar, Dining bars",화 17:30~22:00 / 수 17:30~22:00 / 목 17:30~22:00 / 금 17:30~22:00 / 토 17:30~22:00 / 일 17:30~22:00,,https://dynamic-media-cdn.tripadvisor.com/media/photo-o/24/a5/8f/e3/caption.jpg?w=900&h=500&s=1,https://www.tripadvisor.com/Restaurant_Review-g294197-d24175964-Reviews-Mood_Seoul-Seoul.html,3,4.0,Wine bar,"Urban escape, MOOD SEOUL.",일 20:45 / 화 20:45 / 수 20:45 / 목 20:45 / 금 20:45 / 토 20:45,1813393483,https://place.map.kakao.com/1813393483,18000,27500,20,true,,,,,,,kakao
26772174,Tiger Snack,+82 2-467-1220,"Seoul 40 Seongsuil-ro 8-gil, Seongdong-gu 1F",04794,37.545513,127.05456,"Asian, Korean",,,https://dynamic-media-cdn.tripadvisor.com/media/photo-o/2a/9e/cc/5f/caption.jpg?w=900&h=-1&s=1,https://www.tripadvisor.com/Restaurant_Review-g294197-d26772174-Reviews-Tiger_Snack-Seoul.html,2,4.5,,,,,,,,,,,,,,,,
4078284,Giannis Nappoli,+82 2-566-0501,"Seoul 668-20, Yeoksam-dong, Gangnam-gu",,37.50249,127.03782,"Italian, Pizza",화 11:30~22:00 / 수 11:30~22:00 / 목 11:30~22:00 / 금 11:30~22:00 / 토 11:30~22:00,,https://dynamic-media-cdn.tripadvisor.com/media/photo-o/26/98/d7/f5/caption.jpg?w=200&h=200&s=1&cx=4371&cy=2305&chk=v1_61d445397c32bc84ce48,https://www.tripadvisor.com/Restaurant_Review-g294197-d4078284-Reviews-Giannis_Nappoli-Seoul.html,40,4.2,Italian,Authentic Neapolitan pizza baked in an oak wood-fired oven.,,12026995,https://place.map.kakao.com/12026995,16000,24000,20,true,,,,,,,kakao
12030511,Gosame,+82 2-324-1403,"Seoul 38, Yonsei-ro 7an-gil, Seodaemun-gu",03787,,,"Seafood, Asian, Korean",월 11:00~20:40 / 화 11:00~20:40 / 수 11:00~20:40 / 목 11:00~20:40 / 금 11:00~20:40 / 토 11:00~20:40 / 일 11:00~20:40,,https://dynamic-media-cdn.tripadvisor.com/media/photo-o/0e/30/86/99/front.jpg?w=700&h=400&s=1,https://www.tripadvisor.com/Restaurant_Review-g294197-d12030511-Reviews-Gosame-Seoul.html,11,4.8,"Seafood, fish","A renowned fish grill in Sinchon, filled with the aroma of direct fire.",,17505297,https://place.map.kakao.com/17505297,8000,12000,6,true,,,,,,,kakao
12415732,Italyjae,+82 70-4233-6262,"Seoul 74-9 Yulgok-ro 1-gil, Jongno-gu, Seoul",03062,37.57881,126.9818,"Italian, Seafood, Mediterranean",화 12:00~22:00 / 수 12:00~22:00 / 목 12:00~22:00 / 금 12:00~22:00 / 토 12:00~22:00 / 일 12:00~21:00,,https://dynamic-media-cdn.tripadvisor.com/media/photo-o/26/98/d7/f5/caption.jpg?w=200&h=200&s=1&cx=4371&cy=2305&chk=v1_61d445397c32bc84ce48,https://www.tripadvisor.com/Restaurant_Review-g294197-d12415732-Reviews-Italyjae-Seoul.html,21,4.3,Italian,A harmonious space combining Hanok and Italian vibes.,일 14:00 / 화 14:00 / 수 14:00 / 목 14:00 / 금 14:00 / 토 14:00,792642248,https://place.map.kakao.com/792642248,5000,21500,18,true,,,,true,,,kakao
9171634,Udon Caden,+82 2-6463-6362,"Seoul 2-1, Yanghwa-ro 7an-gil, Mapo-gu",04037,,,Japanese,월 11:30~21:00 / 화 11:30~21:00 / 수 11:30~21:00 / 목 11:30~21:00 / 금 11:30~21:00 / 토 11:30~20:30,,https://dynamic-media-cdn.tripadvisor.com/media/photo-o/0f/f1/43/6c/the-stall.jpg?w=900&h=500&s=1,https://www.tripadvisor.com/Restaurant_Review-g294197-d9171634-Reviews-Udon_Caden-Seoul.html,21,4.0,"Pork cutlet, udon",The harmony of chewy noodles and crispy tempura.,월 20:30 / 화 20:30 / 수 20:30 / 목 20:30 / 금 20:30 / 토 20:00,24065719,https://place.map.kakao.com/24065719,8000,11500,17,false,,,,,,,kakao
11736500,Emoi,+82 2-733-0588,"Seoul 6-20, Jong-ro 12-gil, Jongno-gu",03189,,,"Asian, Vietnamese",월 11:00~20:00 / 화 11:00~20:00 / 수 11:00~20:00 / 목 11:00~20:00 / 금 11:00~20:00 / 토 11:00~20:00,,https://dynamic-media-cdn.tripadvisor.com/media/photo-o/26/98/d7/f5/caption.jpg?w=200&h=200&s=1&cx=4371&cy=2305&chk=v1_61d445397c32bc84ce48,https://www.tripadvisor.com/Restaurant_Review-g294197-d11736500-Reviews-Emoi-Seoul.html,62,3.8,Vietnamese,Come enjoy authentic Hanoi-style pho at the closest Vietnamese Emoi :-),,26921863,https://place.map.kakao.com/26921863,10900,12750,10,,,,,,,,kakao
12631634,Big Guy's Lobster Lotte World Mall,+82 2-3213-4789,"Seoul B1F, Lotte World Mall, 300, Olympic-ro, Songpa-gu What3words: ///logo.ahead.mulled",05551,37.51361,127.10336,"Seafood, Grill",,"Taste the American Cuisine in Seoul! A casual lobster bar, Big Guy’s Lobster. Big Guy’s Lobster serves Grilled Lobster, Lobster Roll, and Grilled Cheese Lobster at the reasonable price. It is created by the collaboration between the best lobster seller in Korea, JJ Park, and the best lobster fisherman in Main US, Tom Adams, to maintain live lobsters at the same freshness and the taste.",https://dynamic-media-cdn.tripadvisor.com/media/photo-o/26/98/d7/f5/caption.jpg?w=200&h=200&s=1&cx=4371&cy=2305&chk=v1_61d445397c32bc84ce48,https://www.tripadvisor.com/Restaurant_Review-g294197-d12631634-Reviews-Big_Guy_s_Lobster_Lotte_World_Mall-Seoul.html,24,4.0,,,,,,,,,,,,,,,,
10366193,Amazing Brewing Company,+82 2-465-5208,"Seoul 4, Seongsuil-ro 4-gil, Seongdong-gu",04780,37.54273,127.049484,"Brew Pub, Pub",Sun 02:00~23:00 / Mon 17:00~00:00 / Tue 17:00~00:00 / Wed 17:00~00:00 / Thu 17:00~00:00 / Fri 17:00~00:00 / Sat 15:00~00:00,"Amazing Brewing Compnay is the best brew-pub in Korea that has numerous beer taps. we presents over 30 kinds of Korean craft beers to our precious beer-loving customers. With amazing beer, amazing handmade pizza gives you perfect harmony to your experience at Amazing Brewing Company.",https://dynamic-media-cdn.tripadvisor.com/media/photo-o/26/98/d7/f5/caption.jpg?w=200&h=200&s=1&cx=4371&cy=2305&chk=v1_61d445397c32bc84ce48,https://www.tripadvisor.com/Restaurant_Review-g294197-d10366193-Reviews-Amazing_Brewing_Company-Seoul.html,25,4.5,,,,,,,,,,,,,,,,tripadvisor
12533999,Pig in the Garden,82-761-4272,"Seoul 56, Yeoui-daero, Yeongdeungpo-gu",07325,37.5241,126.92267,,,,https://dynamic-media-cdn.tripadvisor.com/media/photo-o/26/98/d7/f5/caption.jpg?w=200&h=200&s=1&cx=4371&cy=2305&chk=v1_61d445397c32bc84ce48,https://www.tripadvisor.com/Restaurant_Review-g294197-d12533999-Reviews-Pig_in_the_Garden-Seoul.html,22,4.2,,,,,,,,,,,,,,,,
9413973,Mokran,+82 2-732-0054,"Seoul 21, Yeonhui-ro15-Gil",,37.568336,126.93056,"Asian, Korean",화 11:30~21:20 / 수 11:30~21:20 / 목 11:30~21:20 / 금 11:30~21:20 / 토 11:30~21:20 / 일 11:30~21:20,,https://dynamic-media-cdn.tripadvisor.com/media/photo-o/26/98/d7/f5/caption.jpg?w=200&h=200&s=1&cx=4371&cy=2305&chk=v1_61d445397c32bc84ce48,https://www.tripadvisor.com/Restaurant_Review-g294197-d9413973-Reviews-Mokran-Seoul.html,33,4.1,Chinese,Experience the deep flavors and relaxation of high-end Chinese cuisine.,일 20:35 / 화 20:35 / 수 20:35 / 목 20:35 / 금 20:35 / 토 20:35,21359554,https://place.map.kakao.com/21359554,8000,42000,63,true,true,true,true,,,,kakao
16843986,Casa Latina,+82 10-8757-7665,"Seoul 143, Wausanro, Mapogu, Seoulteukbyeolsi, Corea del Sur 4th Floor / Rooftop",,37.55422,126.92867,"Steakhouse, Caribbean, Latin, Spanish, Argentinean, South American, Ecuadorean",월 17:00~24:00 / 화 17:00~24:00 / 수 17:00~24:00 / 목 17:00~24:00 / 금 17:00~24:00 / 토 12:00~24:00 / 일 12:00~21:00,Casa Latina is a South American restaurant focused on showing the authentic culinary culture of LatinAmerica. We prioritize the use of fresh and high quality materials as well as using seasonal products and original condiments. We invite you to Casa Latina not only to taste the authentic Latin cuisine but to live the experience.,https://dynamic-media-cdn.tripadvisor.com/media/photo-o/17/08/ed/97/boyfriend-come-a-live.jpg?w=900&h=-1&s=1,https://www.tripadvisor.com/Restaurant_Review-g294197-d16843986-Reviews-Casa_Latina-Seoul.html,3,4.7,Western,,,946065264,https://place.map.kakao.com/946065264,,,,,,,,,,,kakao
10833156,Hadonggwan COEX Mall,+82 2-551-5959,"Seoul 513, Yeongdong-daero, Gangnam-gu B1 J101, COEX Mall",06164,37.511135,127.05972,"Asian, Korean",월 10:30~19:00 / 화 10:30~19:00 / 수 10:30~19:00 / 목 10:30~19:00 / 금 10:30~19:00 / 토 10:30~19:00 / 일 10:30~19:00,,https://dynamic-media-cdn.tripadvisor.com/media/photo-o/16/52/03/23/photo0jpg.jpg?w=900&h=500&s=1,https://www.tripadvisor.com/Restaurant_Review-g294197-d10833156-Reviews-Hadonggwan_COEX_Mall-Seoul.html,18,4.0,Gomtang (beef bone soup),A renowned establishment for beef bone soup with an 80-year tradition and rich broth.,,26428654,https://place.map.kakao.com/26428654,17000,27500,6,true,true,,true,,,,kakao
6875209,Little Saigon,+82 2-6116-5703,"Seoul 38, Haneul-gil, Gangseo-gu Lotte Mall Gimpo Airport B2F",07505,,,Vietnamese,Sun 11:30~22:00 / Mon 11:30~00:00 / Tue 11:30~00:00 / Wed 11:30~00:00 / Thu 11:30~00:00 / Fri 11:30~00:00 / Sat 11:30~00:00,,https://dynamic-media-cdn.tripadvisor.com/media/photo-o/26/98/d7/f5/caption.jpg?w=200&h=200&s=1&cx=4371&cy=2305&chk=v1_61d445397c32bc84ce48,https://www.tripadvisor.com/Restaurant_Review-g294197-d6875209-Reviews-Little_Saigon-Seoul.html,50,4.3,,,,,,,,,,,,,,,,tripadvisor
27432977,Mariposa,+82 2-3395-6000,Seoul Fairmont Ambassador Seoul 108 Yeoui Daero Yeongdeungpo Gu,07335,37.52597,126.92785,"Italian, French, Bar, Pub, Wine Bar",Sun 11:30~14:30 / Sun 17:30~21:30 / Mon 11:30~14:30 / Mon 17:30~21:30 / Tue 11:30~14:30 / Tue 17:30~21:30 / Wed 11:30~14:30 / Wed 17:30~21:30 / Thu 11:30~14:30 / Thu 17:30~21:30 / Fri 11:30~14:30 / Fri 17:30~21:30 / Sat 11:30~14:30 / Sat 17:30~21:30,"Located on the hotel's 29th floor, Mariposa's design evokes the elegance of a butterfly, winged by terrace bars on each side and serving modern European fare created from the finest local artisanal produce. Explore a menu of tasting courses and innovative gourmet creations.",https://dynamic-media-cdn.tripadvisor.com/media/photo-o/2d/c3/c5/37/caption.jpg?w=900&h=500&s=1,https://www.tripadvisor.com/Restaurant_Review-g294197-d27432977-Reviews-Mariposa-Seoul.html,8,5.0,,An elegant five-course dinner with a view of the Han River.,,570257290,https://place.map.kakao.com/570257290,,,,,,,,,,,tripadvisor
8903735,Bas Burger,+82 2-722-6653,"Seoul 5, Dadong-gil, Jung-gu",04521,37.568077,126.979675,Fast Food,월 10:30~20:45 / 화 10:30~20:45 / 수 10:30~20:45 / 목 10:30~20:45 / 금 10:30~20:45 / 토 10:30~20:45,,https://dynamic-media-cdn.tripadvisor.com/media/photo-o/2e/23/bc/7c/capti_r.jpg?w=900&h=500&s=1,https://www.tripadvisor.com/Restaurant_Review-g294197-d8903735-Reviews-Bas_Burger-Seoul.html,26,4.1,Burger,Indulge in heartfelt handmade burgers with unlimited potato chips.,,26608740,https://place.map.kakao.com/26608740,6700,11100,10,,,,,,,,kakao
6838916,Jinjinbara Gangnam,+82 2-538-7733,"Seoul 15, Teheran-ro 52-gil, Gangnam-gu Eastervill B1F, B2F",06212,37.503143,127.04793,"Asian, Korean",,"Jinjinbara Co., Ltd. is a leading Korean fine-dining brand where all locations are directly operated, centered on 15-20 course Korean set menus based on traditional royal-court cuisine adapted to modern tastes, offering meals and a-la-carte dishes.",https://dynamic-media-cdn.tripadvisor.com/media/photo-o/26/98/d7/f5/caption.jpg?w=200&h=200&s=1&cx=4371&cy=2305&chk=v1_61d445397c32bc84ce48,https://www.tripadvisor.com/Restaurant_Review-g294197-d6838916-Reviews-Jinjinbara_Gangnam-Seoul.html,19,4.0,,,,,,,,,,,,,,,,
4049707,Bongraeheon,+82 2-2660-9020,"Seoul 426, Oebalsan-dong, Gangseo-gu Mayfield Hotel Annex Hanok 1F",,37.547607,126.8185,"Asian, Korean",화 11:30~21:30 / 수 11:30~21:30 / 목 11:30~21:30 / 금 11:30~21:30 / 토 11:30~21:30 / 일 11:30~21:30,"A Taste of Korean Royalty The traditional Korean restaurant, Bongraeheon, is where you can taste the finest Korean cuisine in a beautiful traditional house. It has 6 private rooms and 2 spacious halls in the shape of a Korean tile house complete with a pond, garden, and backyard full of trees. There are traditional five-course meals and seasonal menus prepared with the finest and most carefully selected ingredients from all over the country. This style of restaurant has been used since olden days for the Emperor’s dining.",https://dynamic-media-cdn.tripadvisor.com/media/photo-o/26/98/d7/f5/caption.jpg?w=200&h=200&s=1&cx=4371&cy=2305&chk=v1_61d445397c32bc84ce48,https://www.tripadvisor.com/Restaurant_Review-g294197-d4049707-Reviews-Bongraeheon-Seoul.html,19,4.4,Hanjeongsik (Korean course meal),Traditional Korean set meals served in a serene hanok.,,7907275,https://place.map.kakao.com/7907275,100000,155000,8,true,,true,true,,,,kakao
13534110,URBAN SOURCE,+82 2-462-6262,"Seoul 9, Yeonmujang 3-gil, Seongdong-gu",04782,37.54444,127.05147,"Italian, Japanese, Fusion",Sun 11:00~23:00 / Mon 11:00~23:00 / Tue 11:00~23:00 / Wed 11:00~23:00 / Thu 11:00~23:00 / Fri 11:00~23:00 / Sat 11:00~23:00,,https://dynamic-media-cdn.tripadvisor.com/media/photo-o/1a/4e/0d/a9/caption.jpg?w=900&h=500&s=1,https://www.tripadvisor.com/Restaurant_Review-g294197-d13534110-Reviews-URBAN_SOURCE-Seoul.html,9,4.4,,,,,,,,,,,,,,,,tripadvisor
15243764,Haidilao - Gangnam,+82 2-533-8260,"Seoul 54, Seocho-daero 77-gil, Seocho-gu",06611,37.50252,127.02481,Chinese,월 10:00~05:00 / 화 10:00~05:00 / 수 10:00~05:00 / 목 10:00~05:00 / 금 10:00~05:00 / 토 10:00~05:00 / 일 10:00~05:00,,https://dynamic-media-cdn.tripadvisor.com/media/photo-o/15/3c/de/f8/20181102-123810-largejpg.jpg?w=900&h=-1&s=1,https://www.tripadvisor.com/Restaurant_Review-g294197-d15243764-Reviews-Haidilao_Gangnam-Seoul.html,5,4.4,Shabu-shabu (hot pot),The joy of custom sauces made by our staff.,,1372079546,https://place.map.kakao.com/1372079546,500,6500,30,true,true,true,,,,,kakao
1973582,"JJ Mahoney's, Grand Hyatt Seoul",+82 2-799-8601,"Seoul 322 Sowol-ro, Yongsan-gu Gl, Grand Hyatt Seoul",04347,37.53954,126.99781,"Bar, Pub",Tue 20:00~01:30 / Wed 20:00~01:30 / Thu 20:00~02:30 / Fri 20:00~02:30 / Sat 20:00~02:30,"Discover the legendary JJ Mahoney’s, reimagined for today's Seoul! Dive into an electrifying fusion where high-energy live bands harmonize with stylish DJs, creating an atmosphere that pulses with vitality all night long. JJ Mahoney’s is not just a bar – it's a revolution.",https://dynamic-media-cdn.tripadvisor.com/media/photo-o/26/98/d7/f5/caption.jpg?w=200&h=200&s=1&cx=4371&cy=2305&chk=v1_61d445397c32bc84ce48,https://www.tripadvisor.com/Restaurant_Review-g294197-d1973582-Reviews-JJ_Mahoney_s_Grand_Hyatt_Seoul-Seoul.html,109,4.0,,A meeting of sensory live music and cocktails.,,21325397,https://place.map.kakao.com/21325397,,,,,,,,,,,tripadvisor
16740736,Dowon On The Plate,+82 70-4335-0845,"Seoul 69, Magokjungang 6-ro, Gangseo-gu",07803,37.56046,126.83507,"Peruvian, Spanish, Asian, Korean, Wine Bar, South American",Sun 17:00~03:00 / Mon 11:00~15:00 / Mon 17:00~03:00 / Tue 11:00~15:00 / Tue 17:00~03:00 / Wed 11:00~15:00 / Wed 17:00~03:00 / Thu 11:00~15:00 / Thu 17:00~03:00 / Fri 11:00~15:00 / Fri 17:00~03:00 / Sat 11:00~15:00 / Sat 17:00~03:00,Dowon on the Plate is Seoul's only fusion restaurant and wine bistro that captures South American flavors and European style using Korean ingredients.,https://dynamic-media-cdn.tripadvisor.com/media/photo-o/16/9a/a4/31/getlstd-property-photo.jpg?w=900&h=500&s=1,https://www.tripadvisor.com/Restaurant_Review-g294197-d16740736-Reviews-Dowon_On_The_Plate-Seoul.html,4,5.0,,,,,,,,,,,,,,,,tripadvisor
9338271,Pungcheon Eel,+82 2-332-8361,"Seoul 39, Donggyo-ro 27-gil, Mapo-gu",03991,,,"Seafood, Barbecue, Asian, Korean",,,https://dynamic-media-cdn.tripadvisor.com/media/photo-o/17/90/cc/fb/photo0jpg.jpg?w=900&h=500&s=1,https://www.tripadvisor.com/Restaurant_Review-g294197-d9338271-Reviews-Pungcheon_Eel-Seoul.html,8,4.3,,Thick freshwater eel grilled to a perfect golden brown over charcoal.,,12572773,https://place.map.kakao.com/12572773,6000,40000,3,,,,,,,true,
26684984,Go Duck,+82 2-2135-7578,"Seoul 61, Donggyo-ro 27-gil, Mapo-gu, Seoul, Republic of Korea 1f",03991,37.56042,126.92075,"Chinese, Barbecue, Asian, Street Food, Beijing cuisine",월 11:30~21:30 / 화 11:30~21:30 / 목 11:30~21:30 / 금 11:30~21:30 / 토 11:30~21:30 / 일 11:30~21:30,"It's a Chinese restaurant that serves Beijing duck, dim sum, and Hong Kong style Chinese food",https://dynamic-media-cdn.tripadvisor.com/media/photo-o/2a/c0/0a/28/caption.jpg?w=900&h=500&s=1,https://www.tripadvisor.com/Restaurant_Review-g294197-d26684984-Reviews-Go_Duck-Seoul.html,6,5.0,Chinese,A delightful combination of Peking duck and dim sum made with care.,,2067014398,https://place.map.kakao.com/2067014398,6000,12500,20,true,,,,,,,kakao
27534416,Gwanghwamun Seokgalbi COEX,+82 507-1378-0348,"Seoul 22 Teheran-ro 87-gil, Gangnam-gu 1/F City Airport Terminal",,37.510292,127.05927,"Asian, Korean",월 10:30~22:00 / 화 10:30~22:00 / 수 10:30~22:00 / 목 10:30~22:00 / 금 10:30~22:00 / 토 10:30~22:00 / 일 10:30~22:00,,https://dynamic-media-cdn.tripadvisor.com/media/photo-o/2b/d8/71/da/caption.jpg?w=900&h=500&s=1,https://www.tripadvisor.com/Restaurant_Review-g294197-d27534416-Reviews-Gwanghwamun_Seokgalbi_COEX-Seoul.html,1,5.0,Galbi (grilled short ribs),Gwangseok's stone plate grilled meal set.,일 16:00 / 일 21:00 / 월 16:00 / 월 21:00 / 화 16:00 / 화 21:00 / 수 16:00 / 수 21:00 / 목 16:00 / 목 21:00 / 금 16:00 / 금 21:00 / 토 16:00 / 토 21:00,885622105,https://place.map.kakao.com/885622105,18900,21900,18,true,,,,,,true,kakao
4030210,Ililhyang,+82 2-545-6154,"Seoul 601-3, Sinsa-dong, Gangnam-gu",,37.52361,127.03028,Chinese,월 11:30~21:30 / 화 11:30~21:30 / 수 11:30~21:30 / 목 11:30~21:30 / 금 11:30~21:30 / 토 11:30~21:30 / 일 11:30~21:30,,https://dynamic-media-cdn.tripadvisor.com/media/photo-o/21/bf/a8/95/caption.jpg?w=900&h=500&s=1,https://www.tripadvisor.com/Restaurant_Review-g294197-d4030210-Reviews-Ililhyang-Seoul.html,24,4.3,Chinese,Enjoy authentic Chinese cuisine in a clean and pleasant space.,,66544493,https://place.map.kakao.com/66544493,9000,16000,18,true,,,,,,,kakao
14061427,Wooga,+82 2-6272-2223,"Seoul Gangnam-daero, 652",06027,37.519295,127.0191,"Steakhouse, Korean",월 12:00~22:00 / 화 12:00~22:00 / 수 12:00~22:00 / 목 12:00~22:00 / 금 12:00~22:00 / 토 12:00~22:00 / 일 12:00~22:00,Experience premium 1++ Hanwoo since 1991. We use expert aging science to ensure the best flavor and tenderness. Enjoy Michelin-selected Korean beef at its finest.,https://dynamic-media-cdn.tripadvisor.com/media/photo-o/32/7c/14/44/wooga.jpg?w=700&h=400&s=1,https://www.tripadvisor.com/Restaurant_Review-g294197-d14061427-Reviews-Wooga-Seoul.html,11,4.6,"Meat, Korean BBQ",Experience the deep flavors of aged hanwoo beef in a tranquil setting.,일 14:00 / 월 14:00 / 화 14:00 / 수 14:00 / 목 14:00 / 금 14:00 / 토 14:00,1523827641,https://place.map.kakao.com/1523827641,12000,27500,10,true,,,,,,,kakao
9256927,Sweraton Dikyubeu City Hotelfeast,+82 2-2211-1710,"Seoul 662, Gyeongin-Ro",,37.509136,126.889885,,,There is no content for Sweraton Dikyubeu City Hotelfeast yet.,https://dynamic-media-cdn.tripadvisor.com/media/photo-o/0e/6c/16/05/caption.jpg?w=900&h=500&s=1,https://www.tripadvisor.com/Restaurant_Review-g294197-d9256927-Reviews-Sweraton_Dikyubeu_City_Hotelfeast-Seoul.html,19,4.4,,,,,,,,,,,,,,,,
3922609,Cheolkil WangGalbissal,+82 2-332-9543,"Seoul 4-2 Changjeon-dong, Mapo-gu",,37.55472,126.93172,"Barbecue, Asian, Korean",월 12:00~23:00 / 화 12:00~23:00 / 수 12:00~23:00 / 목 12:00~23:00 / 금 12:00~23:00 / 토 12:00~23:00 / 일 12:00~23:00,"Formerly Traintrack Wangsogeumgui, now renamed Cheolgil Wang Galbisal. We offer hand-trimmed marinated beef short-rib meat, marinated beef skirt, coarse-salt grill, and fresh pork belly, and our house-only doenjang stew and meat sauce are a special treat! Groups welcome, 200 seats, reservations and group use available, parking, takeout, visit/catering, separate men's/women's restrooms, accessibility facilities, and free Wi-Fi.",https://dynamic-media-cdn.tripadvisor.com/media/photo-o/26/98/d7/f5/caption.jpg?w=200&h=200&s=1&cx=4371&cy=2305&chk=v1_61d445397c32bc84ce48,https://www.tripadvisor.com/Restaurant_Review-g294197-d3922609-Reviews-Cheolkil_WangGalbissal-Seoul.html,20,4.4,Galbi (grilled short ribs),The ultimate experience of charcoal-grilled garlic ribs on Gyeongui Line Forest Road.,일 22:30 / 월 22:30 / 화 22:30 / 수 22:30 / 목 22:30 / 금 22:30 / 토 22:30,13091834,https://place.map.kakao.com/13091834,5000,19500,10,true,true,,true,,,,kakao
34350076,udaepo beullaeg myeongdongjeom,+82 507-1408-5566,Seoul Myeongdong7gil 12,04534,37.56429,126.984474,"Barbecue, Korean, Healthy, Dining bars, Asian",월 11:00~02:00 / 화 11:00~02:00 / 수 11:00~02:00 / 목 11:00~02:00 / 금 11:00~02:00 / 토 11:00~02:00 / 일 11:00~02:00,,https://dynamic-media-cdn.tripadvisor.com/media/photo-o/33/4c/16/ad/caption.jpg?w=900&h=-1&s=1,https://www.tripadvisor.com/Restaurant_Review-g294197-d34350076-Reviews-Udaepo_beullaeg_myeongdongjeom-Seoul.html,4,5.0,"Meat, Korean BBQ","The elegance of premium Hanwoo beef, enhanced by a smoky flavor.",일 01:00 / 월 01:00 / 화 01:00 / 수 01:00 / 목 01:00 / 금 01:00 / 토 01:00,1810700918,https://place.map.kakao.com/1810700918,19000,33000,25,false,true,true,,,true,,kakao
26999322,Mutan Coex Branch,+82 2-551-7774,"Seoul 513 Yeongdong-daero Coex Mall B1F, Room H121, Gangnam-gu",,37.511368,127.05959,Chinese,월 11:00~21:30 / 화 11:00~21:30 / 수 11:00~21:30 / 목 11:00~21:30 / 금 11:00~21:30 / 토 11:30~22:00 / 일 11:30~22:00,"Mutan COEX branch. Featured on many TV shows including I'm Not a Robot ep.340 (steak-truffle jjajangmyeon), Delicious Guys ep.425 (Goheung webfoot-octopus hot-plate jjajangmyeon / steak-truffle jjajangmyeon), KBS2 The Boss Has Donkey Ears ep.193, SBS Running Man ep.611, and more, known for signature dishes like steak-truffle jjajangmyeon, chili yurinki, and macaron menbosha.",https://dynamic-media-cdn.tripadvisor.com/media/photo-o/26/98/d7/f5/caption.jpg?w=200&h=200&s=1&cx=4371&cy=2305&chk=v1_61d445397c32bc84ce48,https://www.tripadvisor.com/Restaurant_Review-g294197-d26999322-Reviews-Mutan_Coex_Branch-Seoul.html,3,4.3,Chinese,"Hello! Welcome to Mutan, Korea's No.1 Chinese dining experience.",,1772796561,https://place.map.kakao.com/1772796561,18000,49000,45,true,,,,,,,kakao
9232523,Dongdeamun Special Duck,+82 2-765-5292,"Seoul 12, Jong-ro 46-gil, Jongno-gu 2F",03119,,,,Mon 11:00~23:00 / Tue 11:00~23:00 / Wed 11:00~23:00 / Thu 11:00~23:00 / Fri 11:00~23:00 / Sat 11:00~23:00,,https://dynamic-media-cdn.tripadvisor.com/media/photo-o/17/83/b8/98/smoked-duck-in-dongdaemun.jpg?w=800&h=400&s=1,https://www.tripadvisor.com/Restaurant_Review-g294197-d9232523-Reviews-Dongdeamun_Special_Duck-Seoul.html,7,4.4,,The perfect harmony of smoked duck and duck soup.,,8327843,https://place.map.kakao.com/8327843,40000,50000,2,true,,,,,,,tripadvisor
16823750,The Royal Food and Drink,+82 70-7774-4168,"Seoul 37, Sinheung-ro 20-gil, Yongsan-gu",04328,37.54717,126.983925,"American, Asian, Korean, Pub, Fusion, Gastropub, Soups",,,https://dynamic-media-cdn.tripadvisor.com/media/photo-o/29/6a/72/ad/caption.jpg?w=600&h=400&s=1,https://www.tripadvisor.com/Restaurant_Review-g294197-d16823750-Reviews-The_Royal_Food_and_Drink-Seoul.html,6,4.8,,,,,,,,,,,,,,,,
32740040,Oyangji,+82 50-71387-5785,Seoul Nambusunhwanlo 350gil 19-6 1F,06737,37.483913,127.03618,"Barbecue, Asian, Korean",Sun 11:30~15:00 / Sun 18:00~22:00 / Mon 11:30~15:00 / Mon 18:00~22:00 / Tue 11:30~15:00 / Tue 18:00~22:00 / Wed 11:30~15:00 / Wed 18:00~22:00 / Thu 11:30~15:00 / Thu 18:00~22:00 / Fri 11:30~15:00 / Sat 11:30~15:00,,https://dynamic-media-cdn.tripadvisor.com/media/photo-o/26/98/d7/f5/caption.jpg?w=200&h=200&s=1&cx=4371&cy=2305&chk=v1_61d445397c32bc84ce48,https://www.tripadvisor.com/Restaurant_Review-g294197-d32740040-Reviews-Oyangji-Seoul.html,5,5.0,,,,,,,,,,,,,,,,tripadvisor
33267810,Judorakmagokbalsanjeom,,Seoul 795-5 Magok-dong,,37.56026,126.836876,"Asian, Korean",월 11:30~01:00 / 화 11:30~01:00 / 수 11:30~02:00 / 목 11:30~02:00 / 금 11:30~03:00 / 토 12:00~03:00 / 일 12:00~24:00,,https://dynamic-media-cdn.tripadvisor.com/media/photo-o/30/45/27/b7/caption.jpg?w=900&h=500&s=1,https://www.tripadvisor.com/Restaurant_Review-g294197-d33267810-Reviews-Judorakmagokbalsanjeom-Seoul.html,7,5.0,Korean,A neat Korean tavern with a view of greenery.,,1793273219,https://place.map.kakao.com/1793273219,11000,20000,15,true,,,,,,,kakao
27430818,Songam Onban,+82 2-741-5938,"Seoul 31-3, Donhwamun-ro 11na-gil, Jongno-gu 1st Floor",03133,37.53962,127.009674,"Asian, Korean, Healthy",월 11:30~22:00 / 화 11:30~22:00 / 수 11:30~22:00 / 목 11:30~22:00 / 금 11:30~22:00 / 토 11:30~22:00 / 일 11:30~22:00,,https://dynamic-media-cdn.tripadvisor.com/media/photo-o/2c/a6/7b/2e/caption.jpg?w=900&h=500&s=1,https://www.tripadvisor.com/Restaurant_Review-g294197-d27430818-Reviews-Songam_Onban-Seoul.html,3,5.0,Korean,A clear bowl of warm rice in the tranquility of a Hanok.,,502697911,https://place.map.kakao.com/502697911,9000,13500,10,false,true,true,true,,,,kakao
15327173,Shakesbeer,+82 2-735-5855,"Seoul 13, Jong-ro 14-gil, Jongno-gu",03190,37.569378,126.987015,"Brew Pub, Pizza, Spanish, Asian, Korean, British, Pub",월 17:00~24:00 / 화 17:00~24:00 / 수 17:00~24:00 / 목 17:00~24:00 / 금 17:00~00:30 / 토 16:00~00:30 / 일 17:00~24:00,Shakesbeer is travel bar & restaurant. We provide variety craft beer and variety food fit for beer and we provide information and data of trip for Korea.we are in the downtown of Seoul near attraction place. (no tax & tip),https://dynamic-media-cdn.tripadvisor.com/media/photo-o/26/98/d7/f5/caption.jpg?w=200&h=200&s=1&cx=4371&cy=2305&chk=v1_61d445397c32bc84ce48,https://www.tripadvisor.com/Restaurant_Review-g294197-d15327173-Reviews-Shakesbeer-Seoul.html,7,4.7,Western,A cozy pub space filled with British charm.,,1485609915,https://place.map.kakao.com/1485609915,6900,16900,27,,,,,,,,kakao
33063917,Eulwangri Kkudukjip Magok Direct Branch,+82 2-2064-0357,"Seoul Gonghang-daero, 236",07947,37.558556,126.83369,"Seafood, Asian, Korean",Sun 11:00~21:00 / Mon 11:00~15:30 / Mon 17:00~21:00 / Tue 11:00~15:30 / Tue 17:00~21:00 / Wed 11:00~15:30 / Wed 17:00~21:00 / Thu 11:00~15:30 / Thu 17:00~21:00 / Fri 11:00~15:30 / Fri 17:00~21:00 / Sat 11:00~21:00,,https://dynamic-media-cdn.tripadvisor.com/media/photo-o/2f/92/86/b0/caption.jpg?w=900&h=-1&s=1,https://www.tripadvisor.com/Restaurant_Review-g294197-d33063917-Reviews-Eulwangri_Kkudukjip_Magok_Direct_Branch-Seoul.html,1,5.0,,"A generous platter of grilled fish, bursting with the aroma of charcoal.",,1075711563,https://place.map.kakao.com/1075711563,,,,true,true,,true,,,,tripadvisor
4075719,Geumryong,+82 2-450-4512,"Seoul 21, Gwangjang-dong, Gwangjin-gu Sheraton Grand Walker Hill Seoul",,37.555653,127.110565,Chinese,월 12:00~21:00 / 화 12:00~21:00 / 수 12:00~21:00 / 목 12:00~21:00 / 금 12:00~21:00 / 토 12:00~21:00 / 일 12:00~21:00,,https://dynamic-media-cdn.tripadvisor.com/media/photo-o/11/7f/46/4b/20171208-161423-001-largejpg.jpg?w=800&h=400&s=1,https://www.tripadvisor.com/Restaurant_Review-g294197-d4075719-Reviews-Geumryong-Seoul.html,21,4.4,Chinese,A sophisticated meeting of modern Chinese cuisine with a Han River view.,일 20:00 / 월 20:00 / 화 20:00 / 수 20:00 / 목 20:00 / 금 20:00 / 토 20:00,10217085,https://place.map.kakao.com/10217085,29000,105000,13,true,true,true,true,,,,kakao
14025577,Osteria Sam Kim,+82 2-324-3338,"Seoul 55, Yanghwa-ro 3-gil, Mapo-gu",04025,37.551304,126.91089,,월 11:30~22:00 / 화 11:30~22:00 / 수 11:30~22:00 / 목 11:30~22:00 / 금 11:30~22:00 / 토 11:30~22:00,,https://dynamic-media-cdn.tripadvisor.com/media/photo-o/17/44/01/75/osteria-sam-kim.jpg?w=900&h=500&s=1,https://www.tripadvisor.com/Restaurant_Review-g294197-d14025577-Reviews-Osteria_Sam_Kim-Seoul.html,10,4.2,Western,A refined Italian space that captures the flavors of nature.,,752409345,https://place.map.kakao.com/752409345,22000,28000,9,true,true,true,,,,,kakao
4070705,Gangga,+82 2-3783-0610,"Seoul 136 Sejong-daero, Jung-gu Seoul Finance Center",04520,37.56836,126.9778,"Indian, Asian",Sun 11:30~15:00 / Sun 17:00~21:00 / Mon 11:30~15:00 / Mon 17:00~21:00 / Tue 11:30~15:00 / Tue 17:00~21:00 / Wed 11:30~15:00 / Wed 17:00~21:00 / Thu 11:30~15:00 / Thu 17:00~21:00 / Fri 11:30~15:00 / Fri 17:30~21:00 / Sat 11:30~15:00 / Sat 17:00~21:00,Ganga Mugyo,https://dynamic-media-cdn.tripadvisor.com/media/photo-o/26/98/d7/f5/caption.jpg?w=200&h=200&s=1&cx=4371&cy=2305&chk=v1_61d445397c32bc84ce48,https://www.tripadvisor.com/Restaurant_Review-g294197-d4070705-Reviews-Gangga-Seoul.html,53,3.9,,A smooth curry combined with subtle spices.,,10115433,https://place.map.kakao.com/10115433,23500,24500,3,,,,,,,,tripadvisor
8766352,On the Border Time Square,+82 2-2672-0682,"Seoul 15, Yeongjung-ro, Yeongdeungpo-gu Unit B112 B1 Time Square",07305,37.517822,126.90331,,월 11:00~22:00 / 화 11:00~22:00 / 수 11:00~22:00 / 목 11:00~22:00 / 금 11:00~22:00 / 토 11:00~22:00 / 일 11:00~22:00,,https://dynamic-media-cdn.tripadvisor.com/media/photo-o/10/f8/db/8a/caption.jpg?w=900&h=500&s=1,https://www.tripadvisor.com/Restaurant_Review-g294197-d8766352-Reviews-On_the_Border_Time_Square-Seoul.html,38,4.2,"Mexican, Brazilian",A fantastic combination of unlimited sauces and nachos.,,11411814,https://place.map.kakao.com/11411814,14500,32000,5,true,,,,,,,kakao
32829209,Okdoenjang Sangam branch,+820507-1331-2482,"Seoul 63, ​​Buk-ro 44-gil Mapo-gu World Cup 2nd floor",,37.577248,126.894135,"Asian, Korean",월 11:00~23:00 / 화 11:00~23:00 / 수 11:00~23:00 / 목 11:00~23:00 / 금 11:00~23:00 / 토 11:00~22:00,,https://dynamic-media-cdn.tripadvisor.com/media/photo-o/2e/9d/96/07/caption.jpg?w=700&h=400&s=1,https://www.tripadvisor.com/Restaurant_Review-g294197-d32829209-Reviews-Okdoenjang_Sangam_branch-Seoul.html,5,5.0,"Jjigae (stew), hot pot","Hello, this is Okdoenjang in Sangam, known for its mother's delicious doenjang stew.",,681229214,https://place.map.kakao.com/681229214,10000,14000,46,,,,,,,,kakao
9218052,Tokkijung,+82 2-536-5789,"Seoul 32, Bongeunsa-ro 6-gil, Gangnam-gu",06123,,,"Japanese, Asian, Korean",,,https://dynamic-media-cdn.tripadvisor.com/media/photo-o/09/d8/e7/bc/1436663926609-largejpg.jpg?w=900&h=500&s=1,https://www.tripadvisor.com/Restaurant_Review-g294197-d9218052-Reviews-Tokkijung-Seoul.html,73,4.0,,,,,,,,,,,,,,,,
2228885,Won Grandma Bon-Ga (Original Restaurant),+82 2-2232-3232,"Seoul 201, Nangye-ro, Jung-gu 1F",04573,37.566685,127.023186,"Asian, Korean",월 11:30~22:30 / 화 11:30~22:30 / 수 11:30~22:30 / 목 11:30~22:30 / 금 11:30~22:30 / 토 11:00~22:30 / 일 11:00~22:30,,https://dynamic-media-cdn.tripadvisor.com/media/photo-o/28/6a/26/12/caption.jpg?w=900&h=500&s=1,https://www.tripadvisor.com/Restaurant_Review-g294197-d2228885-Reviews-Won_Grandma_Bon_Ga_Original_Restaurant-Seoul.html,53,4.2,"Jokbal (braised pig trotters), bossam","Enjoy the warm and comforting taste of boiled pork belly and kimchi, a cherished recipe passed down through generations.",,13305258,https://place.map.kakao.com/13305258,15000,32000,10,true,,,,,,true,kakao
5927660,The Riverside Hotel The Garden Kitchen,+82 2-6710-1133,"Seoul 6, Gangnam-daero 107-gil, Seocho-gu The Riverside Hotel 1F",06524,37.51853,127.01808,International,월 11:30~21:30 / 화 11:30~21:30 / 수 11:30~21:30 / 목 11:30~21:30 / 금 11:30~21:00 / 토 11:30~21:30 / 일 11:30~21:00,,https://dynamic-media-cdn.tripadvisor.com/media/photo-o/12/b5/2d/3a/20180421-170015-largejpg.jpg?w=900&h=500&s=1,https://www.tripadvisor.com/Restaurant_Review-g294197-d5927660-Reviews-The_Riverside_Hotel_The_Garden_Kitchen-Seoul.html,21,4.7,Buffet,A premium fine-dining buffet featuring inspiring dishes from around the world at The Riverside Hotel.,,23201275,https://place.map.kakao.com/23201275,33000,55000,6,true,true,true,true,true,,,kakao
13798631,Sowoljung,+82 2-777-8286,"Seoul 5, Sowol-ro 2-gil, Yongsan-gu Right across from the Millennium Hilton",04326,37.554832,126.97642,"Barbecue, Asian, Korean",Sun 11:00~22:00 / Mon 11:00~22:00 / Tue 11:00~22:00 / Wed 11:00~22:00 / Thu 11:00~22:00 / Fri 11:00~22:00 / Sat 11:00~22:00,"Korea Traditional Restaurant, 'SOWOLJUNG' Our signiture menues are bulgogi, bibimbob and Stir-fried Pork. Come and experience 'SOWOLJUNG's fine fare when you visit Korea. Feel the charm of Real korean traditional cuisine. * Location : Right across from the Millennium Hilton, Seoul",https://dynamic-media-cdn.tripadvisor.com/media/photo-o/13/bb/1f/9c/caption.jpg?w=900&h=500&s=1,https://www.tripadvisor.com/Restaurant_Review-g294197-d13798631-Reviews-Sowoljung-Seoul.html,5,4.4,,,,,,,,,,,,,,,,tripadvisor
4076083,Noodles,+82 2-525-3885,"Seoul 1465-11, Seocho-dong, Seocho-gu",,37.48015,127.01146,"Asian, Fusion",,,https://dynamic-media-cdn.tripadvisor.com/media/photo-o/09/ad/b7/82/noodles.jpg?w=900&h=500&s=1,https://www.tripadvisor.com/Restaurant_Review-g294197-d4076083-Reviews-Noodles-Seoul.html,35,4.0,,,,,,,,,,,,,,,,
17753850,Old Mullae,+82 2-6326-4336,"Seoul 433-6, Dorim-ro, Yeongdeungpo-gu",07290,37.51394,126.89428,"Cafe, Pub",월 11:30~24:00 / 화 11:30~24:00 / 수 11:30~24:00 / 목 11:30~24:00 / 금 11:30~01:00 / 토 12:00~01:00 / 일 12:00~24:00,,https://dynamic-media-cdn.tripadvisor.com/media/photo-o/1a/4e/73/66/20191216-171451-largejpg.jpg?w=900&h=500&s=1,https://www.tripadvisor.com/Restaurant_Review-g294197-d17753850-Reviews-Old_Mullae-Seoul.html,6,4.5,Hof (Korean beer pub),An exotic pub space brimming with vintage vibes.,,266428861,https://place.map.kakao.com/266428861,2500,19000,12,false,true,,,,,,kakao
11807527,Gotgan.,+82 2-2055-4445,"Seoul 24 Yeoui-daero, Yeoeuido-dong, Yeongdeungpo-gu The Federation of Korean Industries 50F",07320,37.52219,126.91979,"International, Asian, Korean",,,https://dynamic-media-cdn.tripadvisor.com/media/photo-o/26/98/d7/f5/caption.jpg?w=200&h=200&s=1&cx=4371&cy=2305&chk=v1_61d445397c32bc84ce48,https://www.tripadvisor.com/Restaurant_Review-g294197-d11807527-Reviews-Gotgan-Seoul.html,13,4.1,,,,,,,,,,,,,,,,
14048094,QooQoo - Habio,+82 2-402-1357,"Seoul 111, Songpa-daero, Songpa-gu Park Habio 205-201",05837,37.485687,127.11932,,월 11:00~22:00 / 화 11:00~22:00 / 수 11:00~22:00 / 목 11:00~22:00 / 금 11:00~22:00 / 토 11:00~22:00 / 일 11:00~22:00,There is no content for QooQoo - Habio yet.,https://dynamic-media-cdn.tripadvisor.com/media/photo-o/2c/08/68/77/caption.jpg?w=600&h=400&s=1,https://www.tripadvisor.com/Restaurant_Review-g294197-d14048094-Reviews-QooQoo_Habio-Seoul.html,9,3.9,Seafood buffet,A seafood buffet offering a rich variety from sushi to desserts.,일 21:00 / 월 21:00 / 화 21:00 / 수 21:00 / 목 21:00 / 금 21:00 / 토 21:00,949446253,https://place.map.kakao.com/949446253,9900,18900,7,true,,,,,true,true,kakao
8055308,Chir Chir Myeongdong,+82 2-318-7295,"Seoul 21, Myeongdong 7-gil, Jung-gu",04534,37.56455,126.98396,"Asian, Korean",,,https://dynamic-media-cdn.tripadvisor.com/media/photo-o/28/bb/90/fe/caption.jpg?w=200&h=200&s=1&cx=2873&cy=1920&chk=v1_8131acf187d6e0493a2e,https://www.tripadvisor.com/Restaurant_Review-g294197-d8055308-Reviews-Chir_Chir_Myeongdong-Seoul.html,55,4.0,,,,,,,,,,,,,,,,
13127719,Tap Public - Itaewon,+82 2-797-4999,"Seoul 244, Itaewon-ro, Yongsan-gu",04400,37.537094,127.00108,"Italian, French, American, Bar, Spanish, Korean, Pub",Sun 11:30~01:00 / Mon 14:30~01:00 / Tue 14:30~01:00 / Wed 14:30~01:00 / Thu 14:30~01:00 / Fri 14:30~02:00 / Sat 11:30~02:00,"First self-serve tap beer system in Korea. Choose from 60 beer taps and pour your own desired amount to consume. Tap Public has a food menu as extensive as its list of beers. Rather than offering ordinary bar food, the pub brought on a chef with experience at hotel and Michelin-starred restaurants to fill the menu with a variety of gourmet dishes, all made with top-notch ingredients.",https://dynamic-media-cdn.tripadvisor.com/media/photo-o/25/20/6e/db/caption.jpg?w=200&h=200&s=1&cx=1200&cy=800&chk=v1_8a846a3a975ef51dfbb5,https://www.tripadvisor.com/Restaurant_Review-g294197-d13127719-Reviews-Tap_Public_Itaewon-Seoul.html,29,4.4,,,,,,,,,,,,,,,,tripadvisor
6732742,Sinchon Hwangso Gopchang,+82 2-337-2640,"Seoul 31, Yonsei-ro 9-gil, Seodaemun-gu",03788,37.558437,126.93504,"Asian, Korean",월 14:00~02:00 / 화 14:00~02:00 / 수 14:00~02:00 / 목 14:00~02:00 / 금 14:00~02:00 / 토 14:00~02:00 / 일 14:00~01:00,,https://dynamic-media-cdn.tripadvisor.com/media/photo-o/26/98/d7/f5/caption.jpg?w=200&h=200&s=1&cx=4371&cy=2305&chk=v1_61d445397c32bc84ce48,https://www.tripadvisor.com/Restaurant_Review-g294197-d6732742-Reviews-Sinchon_Hwangso_Gopchang-Seoul.html,59,4.4,Gopchang (grilled beef intestines),Experience the deep flavor of tripe with a 60-year tradition.,,15847929,https://place.map.kakao.com/15847929,21000,22000,5,,,,,,,true,kakao
9217598,Toetmaru Bapsang,+82 2-409-6979,"Seoul 11, Songpa-daero22-Gil, Songpa-gu",05805,37.487846,127.12315,,월 11:30~21:30 / 화 11:30~21:30 / 수 11:30~21:30 / 목 11:30~21:30 / 금 11:30~21:30 / 토 11:30~21:30 / 일 11:30~21:30,,https://dynamic-media-cdn.tripadvisor.com/media/photo-o/1a/1d/c6/90/photo0jpg.jpg?w=900&h=500&s=1,https://www.tripadvisor.com/Restaurant_Review-g294197-d9217598-Reviews-Toetmaru_Bapsang-Seoul.html,13,4.2,Korean,Neatly prepared pot rice with a hearty traditional meal.,일 20:30 / 월 20:30 / 화 20:30 / 수 20:30 / 목 20:30 / 금 20:30 / 토 20:30,8568141,https://place.map.kakao.com/8568141,20000,28000,6,true,true,true,true,,,,kakao
23305395,Mongtan,794-8592,"Seoul Baekbumro 99gil 50, Yongsan-gu",,37.533875,126.98113,"Barbecue, Asian, Korean",,,https://dynamic-media-cdn.tripadvisor.com/media/photo-o/26/98/d7/f5/caption.jpg?w=200&h=200&s=1&cx=4371&cy=2305&chk=v1_61d445397c32bc84ce48,https://www.tripadvisor.com/Restaurant_Review-g294197-d23305395-Reviews-Mongtan-Seoul.html,10,4.2,,,,,,,,,,,,,,,,
4747365,Thursday Party Draft House,+82 2-324-6621,"Seoul 364-3, Seogyo-dong, Mapo-gu",,37.551903,126.92262,"Bar, Pub",월 19:00~04:00 / 화 19:00~04:00 / 수 19:00~04:00 / 목 19:00~04:00 / 금 19:00~05:00 / 토 19:00~05:00 / 일 19:00~04:00,,https://dynamic-media-cdn.tripadvisor.com/media/photo-o/26/98/d7/f5/caption.jpg?w=200&h=200&s=1&cx=4371&cy=2305&chk=v1_61d445397c32bc84ce48,https://www.tripadvisor.com/Restaurant_Review-g294197-d4747365-Reviews-Thursday_Party_Draft_House-Seoul.html,53,3.8,Cocktail bar,An exotic space where games and cocktails come together.,,18769234,https://place.map.kakao.com/18769234,4000,9000,23,,true,,,,,,kakao
9450035,Market O - Dogok,+82 2-3463-2700,"Seoul 2745, Nambusunhwan-ro, Gangnam-gu",06274,37.486935,127.046265,Diner,,"Located in the Gangnam district in Seoul, Market O Restaurant serves creative dishes made from farm-fresh ingredients and top-notch cooking. Our chefs bring classic favorites to the table with fresh, innovative flavors and artistic presentations. Whether meeting for a private business lunch, having dinner with friends or family, or just relaxing with friends, Market O is the place to be. Natural Kitchen Market O collaborates with local farms - Market O Farms.",https://dynamic-media-cdn.tripadvisor.com/media/photo-o/0b/5c/f5/2e/marketo.jpg?w=900&h=500&s=1,https://www.tripadvisor.com/Restaurant_Review-g294197-d9450035-Reviews-Market_O_Dogok-Seoul.html,6,4.2,,,,,,,,,,,,,,,,
19609474,Daily Beer Myeongdong,+82 2-3789-9662,"Seoul 21, Myeongdong 7-gil, Jung-gu Myeongdong Art Nouveau Centum",04534,37.564693,126.98384,"Asian, Korean, Pub, Beer restaurants",월 16:00~01:00 / 화 16:00~01:00 / 수 16:00~01:00 / 목 16:00~01:00 / 금 16:00~01:00 / 토 16:00~01:00 / 일 16:00~01:00,"DAILYBEER-No.1 Craft Beer Franchise in the world! Dailybeer: Korean Number One Craftbeer Pub & Bistro We have always the best and limited edition of local beers on rotation on our taps. We are also well known for crispy fried chicken. It shows off distinctive flavors and goes very well with craft beers. It is very a famous pairing, aka Chi-Mac. We are proud of offering the best chi-mac in Korea.",https://dynamic-media-cdn.tripadvisor.com/media/photo-o/1a/43/72/2a/front.jpg?w=900&h=500&s=1,https://www.tripadvisor.com/Restaurant_Review-g294197-d19609474-Reviews-Daily_Beer_Myeongdong-Seoul.html,2,4.5,Hof (Korean beer pub),A craft beer house filled with the charm of alleyway vibes.,,334071007,https://place.map.kakao.com/334071007,,,,,true,,,,,,kakao
11959140,Vegetus,+82 70-8824-5959,"Seoul 59, Sinheung-ro, Yongsan-gu",04338,37.54366,126.98742,"American, Cafe, Spanish, Healthy",월 12:00~21:30 / 수 12:00~21:30 / 목 12:00~21:30 / 금 12:00~21:30 / 토 12:00~21:30 / 일 12:00~21:30,"Vegetus offers high quality and tasty all vegan cuisine ranging from burgers, panini, burritos, pasta & etc and has many gluten free options. Last order is 9pm and restaurant close at 9:30pm.",https://dynamic-media-cdn.tripadvisor.com/media/photo-o/26/98/d7/f5/caption.jpg?w=200&h=200&s=1&cx=4371&cy=2305&chk=v1_61d445397c32bc84ce48,https://www.tripadvisor.com/Restaurant_Review-g294197-d11959140-Reviews-Vegetus-Seoul.html,20,4.8,Western,A bright and healthy vegan dining space filled with sunlight.,일 20:45 / 월 20:45 / 수 20:45 / 목 20:45 / 금 20:45 / 토 20:45,1441623065,https://place.map.kakao.com/1441623065,13000,14000,5,,,,,,,,kakao
4076002,Mad For Garlic - Bongeunsa I Park Tower,+82 2-538-6103,"Seoul 520, Yeongdong-daero, Gangnam-gu IPark Tower B1F",06170,37.513695,127.06108,Italian,월 11:00~21:00 / 화 11:00~21:00 / 수 11:00~21:00 / 목 11:00~21:00 / 금 11:00~21:00 / 토 11:00~21:00 / 일 11:00~21:00,,https://dynamic-media-cdn.tripadvisor.com/media/photo-o/26/98/d7/f5/caption.jpg?w=200&h=200&s=1&cx=4371&cy=2305&chk=v1_61d445397c32bc84ce48,https://www.tripadvisor.com/Restaurant_Review-g294197-d4076002-Reviews-Mad_For_Garlic_Bongeunsa_I_Park_Tower-Seoul.html,48,4.0,Family restaurant,Savor garlic steak in a luxurious setting.,일 20:30 / 월 20:30 / 화 20:30 / 수 20:30 / 목 20:30 / 금 20:30 / 토 20:30,2027012003,https://place.map.kakao.com/2027012003,15800,28700,30,true,true,true,,,,,kakao
11746876,Jeongseon Halmae Gondeure Bap,+82 2-735-2356,"Seoul 13, Insadong 8-gil, Jongno-gu",03148,37.573997,126.98588,"Asian, Korean",월 11:00~21:00 / 화 11:00~21:00 / 수 11:00~21:00 / 목 11:00~21:00 / 금 11:00~21:00 / 토 11:00~20:30 / 일 11:00~20:30,,https://dynamic-media-cdn.tripadvisor.com/media/photo-o/28/b9/30/18/caption.jpg?w=900&h=500&s=1,https://www.tripadvisor.com/Restaurant_Review-g294197-d11746876-Reviews-Jeongseon_Halmae_Gondeure_Bap-Seoul.html,7,4.1,Korean,A heartfelt dish of Gondre rice filled with traditional flavors.,,1581584918,https://place.map.kakao.com/1581584918,10000,16450,16,false,true,,,,,,kakao
27706448,Myeongdong Central Hall | Myeongdong Restaurant | Myeongdong Dinner,+82 2-7898-8825,"Seoul 19, Myeongdong 8na-gil",,37.561176,126.98385,"Asian, Korean, Healthy",Sun 10:30~23:00 / Mon 10:30~23:00 / Tue 10:30~23:00 / Wed 10:30~23:00 / Thu 10:30~23:00 / Fri 10:30~23:00 / Sat 10:30~23:00,,https://dynamic-media-cdn.tripadvisor.com/media/photo-o/26/98/d7/f5/caption.jpg?w=200&h=200&s=1&cx=4371&cy=2305&chk=v1_61d445397c32bc84ce48,https://www.tripadvisor.com/Restaurant_Review-g294197-d27706448-Reviews-Myeongdong_Central_Hall_Myeongdong_Restaurant_Myeongdong_Dinner-Seoul.html,12,5.0,,,,,,,,,,,,,,,,tripadvisor
8634423,Wangbijib Myeongdong 3rd,+82 2-776-2361,"Seoul 45, Myeongdong 8na-gil, Jung-gu 2F",04535,37.561302,126.98235,"Barbecue, Asian, Korean, Grill",월 11:30~22:00 / 화 11:30~22:00 / 수 11:30~22:00 / 목 11:30~22:00 / 금 11:30~22:00 / 토 11:30~22:00 / 일 11:30~22:00,"Except for the busiest times, the set menu is available for one person. The meal comes with noodle, soup, side dishes, and Galbi and vegetables to wrap meat. Very soft pork is served after grilled.",https://dynamic-media-cdn.tripadvisor.com/media/photo-o/26/98/d7/f5/caption.jpg?w=200&h=200&s=1&cx=4371&cy=2305&chk=v1_61d445397c32bc84ce48,https://www.tripadvisor.com/Restaurant_Review-g294197-d8634423-Reviews-Wangbijib_Myeongdong_3rd-Seoul.html,37,3.7,Samgyeopsal (grilled pork belly),A hearty feast of carefully prepared meat with a rich charcoal flavor.,일 21:30 / 월 21:30 / 화 21:30 / 수 21:30 / 목 21:30 / 금 21:30 / 토 21:30,17531780,https://place.map.kakao.com/17531780,8000,21500,20,,,,,,,,kakao
7087489,Hanchu,+82 2-3446-5778,"Seoul 68, Nonhyeon-ro 175-gil, Gangnam-gu",06029,37.52396,127.02336,"Asian, Korean",,,https://dynamic-media-cdn.tripadvisor.com/media/photo-o/26/98/d7/f5/caption.jpg?w=200&h=200&s=1&cx=4371&cy=2305&chk=v1_61d445397c32bc84ce48,https://www.tripadvisor.com/Restaurant_Review-g294197-d7087489-Reviews-Hanchu-Seoul.html,32,3.6,,,,,,,,,,,,,,,,
10167973,Burgerbang,+82 2-765-5213,"Seoul 29 Changdeokgung-gil, Jongno-gu",,37.578697,126.98917,"Bar, Pub",,,https://dynamic-media-cdn.tripadvisor.com/media/photo-o/26/98/d7/f5/caption.jpg?w=200&h=200&s=1&cx=4371&cy=2305&chk=v1_61d445397c32bc84ce48,https://www.tripadvisor.com/Restaurant_Review-g294197-d10167973-Reviews-Burgerbang-Seoul.html,31,4.6,,Chewy wood-fired pizza with a view of Changdeokgung Palace.,,1174216011,https://place.map.kakao.com/1174216011,16500,19000,4,false,,,,,,,
9447245,Mad for Garlic Seoul Arts Center,+82 2-587-4501,"Seoul 22, Banpo-daero, Seocho-gu B1, Seocho Peace Bldg.",06716,37.482693,127.01264,Italian,월 11:30~21:00 / 화 11:30~21:00 / 수 11:30~21:00 / 목 11:30~21:00 / 금 11:30~21:00 / 토 11:30~21:00 / 일 11:30~21:00,,https://dynamic-media-cdn.tripadvisor.com/media/photo-o/13/e1/e1/61/photo2jpg.jpg?w=900&h=500&s=1,https://www.tripadvisor.com/Restaurant_Review-g294197-d9447245-Reviews-Mad_for_Garlic_Seoul_Arts_Center-Seoul.html,12,4.3,Family restaurant,An upscale Italian experience rich in garlic flavor.,일 20:30 / 월 20:30 / 화 20:30 / 수 20:30 / 목 20:30 / 금 20:30 / 토 20:30,12446374,https://place.map.kakao.com/12446374,15800,28700,30,true,true,true,true,,,,kakao
16828545,Rolling Pasta - Jongno,+82 2-2261-5973,"Seoul 392, Samil-daero, Jongno-gu",03191,37.569668,126.9879,Italian,월 11:00~21:00 / 화 11:00~21:00 / 수 11:00~21:00 / 목 11:00~21:00 / 금 11:00~21:00 / 토 11:00~21:00,,https://dynamic-media-cdn.tripadvisor.com/media/photo-o/16/d6/51/10/photo0jpg.jpg?w=900&h=500&s=1,https://www.tripadvisor.com/Restaurant_Review-g294197-d16828545-Reviews-Rolling_Pasta_Jongno-Seoul.html,11,4.1,Italian,A casual interpretation of Italian pasta with great value! Experience a variety of creative menu items :),,829236335,https://place.map.kakao.com/829236335,6000,8900,20,,,,,,,,kakao
6839055,Kkangtong Mandu,+82 2-794-4243,"Seoul 5-6, Bukchon-ro 2-gil, Jongno-gu",03059,37.578094,126.98598,"Asian, Korean",월 11:30~21:00 / 화 11:30~21:00 / 수 11:30~21:00 / 목 11:30~21:00 / 금 11:30~20:00 / 토 11:30~20:00,,https://dynamic-media-cdn.tripadvisor.com/media/photo-o/26/98/d7/f5/caption.jpg?w=200&h=200&s=1&cx=4371&cy=2305&chk=v1_61d445397c32bc84ce48,https://www.tripadvisor.com/Restaurant_Review-g294197-d6839055-Reviews-Kkangtong_Mandu-Seoul.html,25,4.4,Bunsik (Korean street snacks),The deep flavor of rustic dumplings filled with memories.,월 14:40 / 월 20:10 / 화 14:40 / 화 20:10 / 수 14:40 / 수 20:10 / 목 14:40 / 목 20:10 / 금 19:10 / 토 19:10,19158798,https://place.map.kakao.com/19158798,10000,14000,17,true,,true,,,,,kakao
9031230,Gyerimwon Nureungji Tongdak Gui Dongdaemun,+82 2-744-9229,"Seoul 22, Jong-ro 46-gil, Jongno-gu",03119,37.570602,127.01019,,,There is no content for Gyerimwon Nureungji Tongdak Gui Dongdaemun yet.,https://dynamic-media-cdn.tripadvisor.com/media/photo-o/0c/ac/98/f7/caption.jpg?w=900&h=500&s=1,https://www.tripadvisor.com/Restaurant_Review-g294197-d9031230-Reviews-Gyerimwon_Nureungji_Tongdak_Gui_Dongdaemun-Seoul.html,19,4.4,,,,,,,,,,,,,,,,
34168596,Ogdoenjang Magognalujeom,+82 50-71450-1530,Seoul Magogjung-Anglo 161-11,,37.568035,126.82673,"Asian, Korean",월 11:00~01:00 / 화 11:00~01:00 / 수 11:00~01:00 / 목 11:00~01:00 / 금 11:00~01:00 / 토 11:00~01:00 / 일 11:00~22:00,,https://dynamic-media-cdn.tripadvisor.com/media/photo-o/32/68/b9/d7/caption.jpg?w=900&h=-1&s=1,https://www.tripadvisor.com/Restaurant_Review-g294197-d34168596-Reviews-Ogdoenjang_Magognalujeom-Seoul.html,1,5.0,"Jjigae (stew), hot pot",The harmony of savory doenjang stew and crispy minari jeon.,,2036292464,https://place.map.kakao.com/2036292464,1000,15000,22,true,true,,true,,,,kakao
28121567,Katsudinaine Shindaebangsamgeori Main Branch,+82 10-2163-4150,Seoul 12-5 Guksabong 1-gil 1F,,37.498497,126.92923,"Japanese, Asian, Korean, Japanese Fusion",화 11:30~21:30 / 수 11:30~21:30 / 목 11:30~21:30 / 금 11:30~21:30 / 토 11:30~21:30 / 일 11:30~21:30,,https://dynamic-media-cdn.tripadvisor.com/media/photo-o/11/ee/90/13/the-damn.jpg?w=200&h=200&s=1,https://www.tripadvisor.com/Restaurant_Review-g294197-d28121567-Reviews-Katsudinaine_Shindaebangsamgeori_Main_Branch-Seoul.html,10,5.0,Japanese,Search on Naver or click the website for more reviews and detailed menus.,,1548241074,https://place.map.kakao.com/1548241074,7000,12500,16,,,,,,,true,kakao
13999749,Gwangju Sikdang,+82 2-969-4403,"Seoul 21-6, Hongleung-ro 1-gil, Dongdaemun-gu",02573,37.58057,127.04368,,화 09:00~21:00 / 수 09:00~21:00 / 목 09:00~21:00 / 금 09:00~21:00 / 토 09:00~21:00 / 일 09:00~21:00,There is no content for Gwangju Sikdang yet.,https://dynamic-media-cdn.tripadvisor.com/media/photo-o/13/ac/70/14/20180708-145815-largejpg.jpg?w=800&h=500&s=1,https://www.tripadvisor.com/Restaurant_Review-g294197-d13999749-Reviews-Gwangju_Sikdang-Seoul.html,5,4.2,Korean,A Korean restaurant filled with the warmth of home-cooked meals.,일 20:20 / 화 20:20 / 수 20:20 / 목 20:20 / 금 20:20 / 토 20:20,18829150,https://place.map.kakao.com/18829150,10000,10000,9,false,,,,,,,kakao
3901574,Bann Thai,+82 2-747-6655,"Seoul 65, Yulgok-ro, Jongno-gu 2f",03059,37.57725,126.98644,Thai,Sun 11:30~21:00 / Tue 11:00~22:00 / Wed 11:00~22:00 / Thu 11:00~22:00 / Fri 11:00~22:00 / Sat 11:00~22:00,"Bann Thai is conveniently located on Anguk Station exit#3 which is near the Changdeok Palace. We offer a relaxed casual environment, modern deco where you can dine with friends and enjoy a magnificent culinary experience. Our Executive Chef creates original dishes that express simplicity and sophistication. We strive to give people who love Thai food and its tourist innovative high-end quality cuisine in a comfortable ambiance at neighborhood friendly prices.",https://dynamic-media-cdn.tripadvisor.com/media/photo-o/26/98/d7/f5/caption.jpg?w=200&h=200&s=1&cx=4371&cy=2305&chk=v1_61d445397c32bc84ce48,https://www.tripadvisor.com/Restaurant_Review-g294197-d3901574-Reviews-Bann_Thai-Seoul.html,34,4.2,,,,,,,,,,,,,,,,tripadvisor
27734445,Kuukuu Gold Gangdong,+82 2-484-6274,"Seoul 1571 Yangjae-daero, Gangdong-gu",,37.545486,127.142525,"Chinese, Japanese, Pizza, Seafood, Asian, Korean, Lazio, Central-Italian",월 11:00~21:30 / 화 11:00~21:30 / 수 11:00~21:30 / 목 11:00~21:30 / 금 11:00~21:30 / 토 11:00~21:30 / 일 11:00~21:30,,https://dynamic-media-cdn.tripadvisor.com/media/photo-o/2c/27/75/63/caption.jpg?w=900&h=500&s=1,https://www.tripadvisor.com/Restaurant_Review-g294197-d27734445-Reviews-Kuukuu_Gold_Gangdong-Seoul.html,1,5.0,Seafood buffet,A fresh sushi and diverse seafood buffet experience.,일 20:30 / 월 20:30 / 화 20:30 / 수 20:30 / 목 20:30 / 금 20:30 / 토 20:30,1759182381,https://place.map.kakao.com/1759182381,9900,18900,7,true,true,,true,true,,,kakao
25804341,Zio Cucina,+82 2-744-9488,"Seoul 33-11, Supyo-ro 28-gil, Jongno-gu Ikseon-dong Hanok Village",03133,37.57367,126.99007,"Italian, Mediterranean",Sun 11:30~22:00 / Mon 11:30~22:00 / Tue 11:30~22:00 / Wed 11:30~22:00 / Thu 11:30~22:00 / Fri 11:30~22:00 / Sat 11:30~22:00,A comfortable and delicious Italian fusion restaurant operating in a hanok village where you can feel the charm of Korea.,https://dynamic-media-cdn.tripadvisor.com/media/photo-o/2e/50/ef/75/caption.jpg?w=900&h=500&s=1,https://www.tripadvisor.com/Restaurant_Review-g294197-d25804341-Reviews-Zio_Cucina-Seoul.html,7,4.6,,,,,,,,,,,,,,,,tripadvisor
6538761,Cafe Gondry,+82 2-765-6358,"Seoul 4, Gyedong 2-gil, Jongno-gu",,37.579887,126.98675,"Bar, Cafe, Pub",Sun 12:00~22:00 / Tue 11:59~23:00 / Wed 11:59~23:00 / Thu 11:59~23:00 / Fri 11:59~23:00 / Sat 11:59~23:00,,https://dynamic-media-cdn.tripadvisor.com/media/photo-o/26/98/d7/f5/caption.jpg?w=200&h=200&s=1&cx=4371&cy=2305&chk=v1_61d445397c32bc84ce48,https://www.tripadvisor.com/Restaurant_Review-g294197-d6538761-Reviews-Cafe_Gondry-Seoul.html,58,4.6,,,,,,,,,,,,,,,,tripadvisor
8952495,Baekran,+82 2-993-7745,"Seoul 201-20, Samyang-ro181-Gil, Gangbuk-gu",01000,37.67069,127.00589,"Asian, Korean, Healthy",월 11:00~21:00 / 화 11:00~21:00 / 수 11:00~21:00 / 목 11:00~21:00 / 금 11:00~21:00 / 토 11:00~22:00 / 일 11:00~22:00,,https://dynamic-media-cdn.tripadvisor.com/media/photo-o/19/20/c0/f1/caption.jpg?w=900&h=500&s=1,https://www.tripadvisor.com/Restaurant_Review-g294197-d8952495-Reviews-Baekran-Seoul.html,3,4.3,Dessert cafe,A dog-friendly café surrounded by nature in the forest.,일 21:30 / 월 20:30 / 화 20:30 / 수 20:30 / 목 20:30 / 금 20:30 / 토 21:30,1044086314,https://place.map.kakao.com/1044086314,5000,7000,24,true,true,,true,,,,kakao
15154591,Speakeasy Boxing Tiger,+82 2-540-2399,"Seoul 13, Gangnam-daero 156-gil, Gangnam-gu B1",06034,,,Bar,월 20:00~03:00 / 화 20:00~03:00 / 수 20:00~03:00 / 목 20:00~03:00 / 금 20:00~03:00 / 토 20:00~03:00 / 일 19:00~24:00,"Asian style Speakeasy bar. Nice selection of Spirits and wines, beer & Cocktail with fusion style deep fried food menu. unique infusion liquors and any other asian liquors. DJ's old school hiphop and new jackswing & house. bartender, sommelier & staff have a good experiences in 5 stars hotel industry.",https://dynamic-media-cdn.tripadvisor.com/media/photo-o/14/db/c6/60/getlstd-property-photo.jpg?w=900&h=500&s=1,https://www.tripadvisor.com/Restaurant_Review-g294197-d15154591-Reviews-Speakeasy_Boxing_Tiger-Seoul.html,4,5.0,Cocktail bar,A hidden cocktail bar that captures the essence of the 1920s.,일 23:30 / 월 02:30 / 화 02:30 / 수 02:30 / 목 02:30 / 금 02:30 / 토 02:30,868391417,https://place.map.kakao.com/868391417,23000,23000,5,true,true,,,,,,kakao
18854409,Generous Duckoo,+82 2-514-3663,"Seoul 822, Seolleung-ro, Gangnam-gu 5F",06014,37.52522,127.04016,"Chinese, Asian, Taiwanese",,,https://dynamic-media-cdn.tripadvisor.com/media/photo-o/29/12/ab/ec/caption.jpg?w=900&h=500&s=1,https://www.tripadvisor.com/Restaurant_Review-g294197-d18854409-Reviews-Generous_Duckoo-Seoul.html,5,4.6,,,,,,,,,,,,,,,,
12578051,Downtowner Hannam,+82 70-8820-3696,"Seoul 28-4, Itaewon-ro 42-gil, Yongsan-gu",04400,37.53583,127.00056,American,월 11:00~21:00 / 화 11:00~21:00 / 수 11:00~21:00 / 목 11:00~21:00 / 금 11:00~21:00 / 토 11:00~21:00 / 일 11:00~21:00,,https://dynamic-media-cdn.tripadvisor.com/media/photo-o/26/98/d7/f5/caption.jpg?w=200&h=200&s=1&cx=4371&cy=2305&chk=v1_61d445397c32bc84ce48,https://www.tripadvisor.com/Restaurant_Review-g294197-d12578051-Reviews-Downtowner_Hannam-Seoul.html,26,4.1,Burger,"Hello, we are Downtowner, a burger specialty restaurant focusing on fast and premium handmade burgers.",,1312159706,https://place.map.kakao.com/1312159706,6800,9900,11,,,,,,true,,kakao
4050121,Market O,+82 2-515-0105,"Seoul 91-6 Nonhyeon-dong Apgujeong, Gangnam-gu",,37.52204,127.03531,"Italian, American, Contemporary, Healthy",월 11:30~22:00 / 화 11:30~22:00 / 수 11:30~22:00 / 목 11:30~22:00 / 금 11:30~22:00 / 토 11:30~22:00 / 일 11:30~22:00,,https://dynamic-media-cdn.tripadvisor.com/media/photo-o/14/72/6f/38/caption.jpg?w=800&h=400&s=1,https://www.tripadvisor.com/Restaurant_Review-g294197-d4050121-Reviews-Market_O-Seoul.html,31,4.1,Western,Enjoy seafood pasta in a sophisticated environment.,,21311108,https://place.map.kakao.com/21311108,24000,25000,5,true,,,,,,true,kakao
9071727,Yongsan Wonjo Gamjatang,+82 2-797-1900,"Seoul 393, Cheongpa-ro, Yongsan-gu",04300,37.554928,126.96847,"Asian, Diner",월 00:00~24:00 / 화 00:00~24:00 / 수 00:00~24:00 / 목 00:00~24:00 / 금 00:00~24:00 / 토 00:00~24:00 / 일 00:00~24:00,,https://dynamic-media-cdn.tripadvisor.com/media/photo-o/26/98/d7/f5/caption.jpg?w=200&h=200&s=1&cx=4371&cy=2305&chk=v1_61d445397c32bc84ce48,https://www.tripadvisor.com/Restaurant_Review-g294197-d9071727-Reviews-Yongsan_Wonjo_Gamjatang-Seoul.html,10,4.2,Gamjatang (pork bone stew),"The warmth of Seoul Station's alley, boiling 24 hours a day.",,21445943,https://place.map.kakao.com/21445943,5000,30000,15,false,true,,,,,,kakao
14767947,Bbq Yul,0507-1449-7712,"Seoul 48 Seocho-daero 78-gil 2nd floor, Songlim Building",06626,37.4935,127.028595,"Barbecue, Asian, Korean",Mon 14:00~22:15 / Tue 14:00~22:15 / Wed 14:00~22:15 / Thu 14:00~22:15 / Fri 14:00~22:15 / Sat 13:00~21:30,"Good meat, honest craftsmanship, and a table to remember. At BBQ YUL, our skilled grill masters personally cook your meat at the table, ensuring the perfect flavor and doneness every time. Located on the 2nd floor near Gangnam Station, BBQ YUL serves 336-hour aged premium pork grilled over natural charcoal, paired with carefully prepared house-made side dishes. Here, you don’t need to worry about how to grill your meat. Our staff takes care of everything, so you can simply enjoy your meal and focus on the conversations that matter.",https://dynamic-media-cdn.tripadvisor.com/media/photo-o/31/35/54/bd/pork-jowl.jpg?w=900&h=500&s=1,https://www.tripadvisor.com/Restaurant_Review-g294197-d14767947-Reviews-Bbq_Yul-Seoul.html,3,5.0,,,,,,,,,,,,,,,,tripadvisor
14208538,Apgujeong Myeon,+82 2-515-0066,"Seoul 14, Apgujeong-ro 54-gil, Gangnam-gu B1",06018,37.526962,127.03938,Korean,Tue 11:30~14:30 / Tue 18:00~23:00 / Wed 11:30~14:30 / Wed 18:00~23:00 / Thu 11:30~14:30 / Thu 18:00~23:00 / Fri 11:30~14:30 / Fri 18:00~23:00 / Sat 11:30~14:30 / Sat 18:00~23:00,Myeon in Apgujeong - Modern Korean Dining Pub. A rising star as very trendy and casual style Korean dishes & alcohol with fancy atmosphere. Don't hesitate to come & enjoy~! We will welcome you~!,https://dynamic-media-cdn.tripadvisor.com/media/photo-o/1a/20/64/cb/caption.jpg?w=900&h=500&s=1,https://www.tripadvisor.com/Restaurant_Review-g294197-d14208538-Reviews-Apgujeong_Myeon-Seoul.html,14,5.0,,,,,,,,,,,,,,,,tripadvisor
9162049,Jinju Jib,+82 2-780-6108,"Seoul 33, Gukjegeumyung-ro 6-gil, Yeongdeungpo-gu #5, B1, Yeouido Dept. Store",07331,37.520847,126.92697,"Asian, Korean",월 10:00~20:00 / 화 10:00~20:00 / 수 10:00~20:00 / 목 10:00~20:00 / 토 10:00~19:00,,https://dynamic-media-cdn.tripadvisor.com/media/photo-o/26/98/d7/f5/caption.jpg?w=200&h=200&s=1&cx=4371&cy=2305&chk=v1_61d445397c32bc84ce48,https://www.tripadvisor.com/Restaurant_Review-g294197-d9162049-Reviews-Jinju_Jib-Seoul.html,41,4.1,Noodles,A harmonious blend of creamy soybean soup and sweet bossam kimchi.,,8094563,https://place.map.kakao.com/8094563,12000,12000,8,,,,,,,true,kakao
4034435,Bukakjeong,+82 2-394-2340,"Seoul 114-12, Pyeongchang-dong",,37.611286,126.97776,,월 11:00~22:00 / 화 11:00~22:00 / 수 11:00~22:00 / 목 11:00~22:00 / 금 11:00~22:00 / 토 11:00~22:00 / 일 11:00~22:00,,https://dynamic-media-cdn.tripadvisor.com/media/photo-o/10/36/80/99/caption.jpg?w=900&h=-1&s=1,https://www.tripadvisor.com/Restaurant_Review-g294197-d4034435-Reviews-Bukakjeong-Seoul.html,9,4.1,Korean,"Located in Pyeongchang-dong, Jongno-gu, Bukakjeong has been serving royal ribs and Hanwoo beef for over 40 years.",,17421008,https://place.map.kakao.com/17421008,14000,58500,22,true,,,,,,,kakao
11592317,Saemaul Sikdang Hongdae,+82 2-322-3914,"Seoul 11, Wausan-ro 17-gil, Mapo-gu",04049,37.55006,126.92239,"Asian, Korean",,,https://dynamic-media-cdn.tripadvisor.com/media/photo-o/19/e1/aa/98/photo0jpg.jpg?w=800&h=-1&s=1,https://www.tripadvisor.com/Restaurant_Review-g294197-d11592317-Reviews-Saemaul_Sikdang_Hongdae-Seoul.html,11,3.9,,,,,,,,,,,,,,,,
9315046,Sariwon IFC Mall,+82 2-6137-5101,"Seoul 10, Gukjegeumyung-ro, Yeongdeungpo-gu",07326,37.52515,126.92563,"Barbecue, Asian, Korean",,,https://dynamic-media-cdn.tripadvisor.com/media/photo-o/26/98/d7/f5/caption.jpg?w=200&h=200&s=1&cx=4371&cy=2305&chk=v1_61d445397c32bc84ce48,https://www.tripadvisor.com/Restaurant_Review-g294197-d9315046-Reviews-Sariwon_IFC_Mall-Seoul.html,20,4.2,,,,,,,,,,,,,,,,
7748563,Yeonhuidong Kalguksu,+82 2-333-3955,"Seoul 37, Yeonhuimat-ro, Seodaemun-gu",03703,37.56818,126.93073,,,,https://dynamic-media-cdn.tripadvisor.com/media/photo-o/26/98/d7/f5/caption.jpg?w=200&h=200&s=1&cx=4371&cy=2305&chk=v1_61d445397c32bc84ce48,https://www.tripadvisor.com/Restaurant_Review-g294197-d7748563-Reviews-Yeonhuidong_Kalguksu-Seoul.html,21,4.0,,The deep harmony of rich bone broth and kimchi.,,8503628,https://place.map.kakao.com/8503628,11000,14000,4,true,true,true,,,,,
4034889,Gangchon Ssambap,+82 2-395-6467,"Seoul 460-1, Pyeongchang-dong, Jongno-gu",,37.610764,126.97469,"Asian, Korean",,,https://dynamic-media-cdn.tripadvisor.com/media/photo-o/13/28/5e/26/photo4jpg.jpg?w=900&h=500&s=1,https://www.tripadvisor.com/Restaurant_Review-g294197-d4034889-Reviews-Gangchon_Ssambap-Seoul.html,8,4.3,,A healthy meal with organic leafy greens and stone pot rice.,,8682059,https://place.map.kakao.com/8682059,18000,18000,2,true,,,,,,,
17482396,Yanjing Yeonhui,+82 2-333-6655,"Seoul 145, Yeonhui-ro, Seodaemun-gu",03699,37.570538,126.93361,"Chinese, Asian, Korean, Beijing cuisine",월 11:30~21:30 / 화 11:30~21:30 / 수 11:30~21:30 / 목 11:30~21:30 / 금 11:30~21:30 / 토 11:30~21:30 / 일 11:30~21:30,"Yeongyeong Yeonhui branch, a Yeonhui-dong favorite. Located on the main road of Yeonhui-ro in Seodaemun-gu, Seoul; searching 'Yeongyeong Yeonhui branch' on Naver Map makes it easy to find. With events every week such as a culinary docent, Peking duck discounts, and free corkage, many guests visit for family dining, dates, and group gatherings. Group seating for over 100 people is available, so it's convenient for company dinners and gatherings. It currently operates three directly managed locations: the Chinatown main branch, Donghwa Village branch (Songwol-dong), and Seoul Yeonhui branch.",https://dynamic-media-cdn.tripadvisor.com/media/photo-o/33/ab/eb/51/caption.jpg?w=900&h=500&s=1,https://www.tripadvisor.com/Restaurant_Review-g294197-d17482396-Reviews-Yanjing_Yeonhui-Seoul.html,2,5.0,Chinese,"With a capacity of over 100 people, we have large group rooms available and valet service for free parking!",,1076717674,https://place.map.kakao.com/1076717674,9000,29000,12,true,,,,,,,kakao
27801965,Gullim Shabu & Bean Noodles,+82 507-1336-2771,"Seoul 172 Neungdong-ro, Gwangjin-gu No. 105 and 106",05021,37.54529,127.07322,,월 11:00~15:00 / 화 11:00~21:00 / 수 11:00~21:00 / 목 11:00~21:00 / 금 11:00~21:00 / 토 11:00~21:00 / 일 11:00~21:00,,https://dynamic-media-cdn.tripadvisor.com/media/photo-o/26/98/d7/f5/caption.jpg?w=200&h=200&s=1&cx=4371&cy=2305&chk=v1_61d445397c32bc84ce48,https://www.tripadvisor.com/Restaurant_Review-g294197-d27801965-Reviews-Gullim_Shabu_Bean_Noodles-Seoul.html,8,5.0,Shabu-shabu (hot pot),Dumplings submerged in a clear and spicy broth.,,1831435625,https://place.map.kakao.com/1831435625,8000,10000,13,,,,,,,,kakao
14901586,Bulgyo Hansang,+82 2-451-2226,"Seoul 7, Gwangpyeong-ro 46-gil, Gangnam-gu",06362,37.485817,127.09937,,월 10:50~21:30 / 화 10:50~21:30 / 수 10:50~21:30 / 목 10:50~21:30 / 금 10:50~21:30 / 토 10:50~21:30 / 일 10:50~21:30,There is no content for Bulgyo Hansang yet.,https://dynamic-media-cdn.tripadvisor.com/media/photo-o/24/f8/5f/24/caption.jpg?w=900&h=500&s=1,https://www.tripadvisor.com/Restaurant_Review-g294197-d14901586-Reviews-Bulgyo_Hansang-Seoul.html,7,3.6,Korean,A neat meal featuring savory barley grilled fish.,일 21:00 / 월 21:00 / 화 21:00 / 수 21:00 / 목 21:00 / 금 21:00 / 토 21:00,517266022,https://place.map.kakao.com/517266022,5000,30000,27,true,true,true,true,,,,kakao
7747987,Apple House,+82 2-595-1629,"Seoul 29, Dongjak-daero 27da-gil, Dongjak-gu",07008,37.48624,126.980644,,월 10:30~21:00 / 화 10:30~21:00 / 수 10:30~21:00 / 목 10:30~21:00 / 금 10:30~21:00 / 토 10:30~21:00 / 일 10:30~21:00,,https://dynamic-media-cdn.tripadvisor.com/media/photo-o/09/54/5f/64/caption.jpg?w=600&h=300&s=1,https://www.tripadvisor.com/Restaurant_Review-g294197-d7747987-Reviews-Apple_House-Seoul.html,35,4.1,Tteokbokki (spicy rice cakes),"Chewy, freshly made tteokbokki and seasoned dumplings filled with nostalgia.",일 20:30 / 월 20:30 / 화 20:30 / 수 20:30 / 목 20:30 / 금 20:30 / 토 20:30,10587024,https://place.map.kakao.com/10587024,1000,5500,13,true,,,,,,,kakao
3957621,Cha Iyagi,+82 2-735-8552,"Seoul 29-11 Gwanhun-dong, Jongno-gu",,37.574184,126.98585,"Barbecue, Asian, Korean",월 17:00~23:30 / 화 17:00~23:30 / 수 17:00~23:30 / 목 17:00~23:30 / 금 17:00~23:30 / 토 17:00~23:30 / 일 17:00~23:30,,https://dynamic-media-cdn.tripadvisor.com/media/photo-o/26/98/d7/f5/caption.jpg?w=200&h=200&s=1&cx=4371&cy=2305&chk=v1_61d445397c32bc84ce48,https://www.tripadvisor.com/Restaurant_Review-g294197-d3957621-Reviews-Cha_Iyagi-Seoul.html,43,4.3,Wine bar,The beauty of Hanok harmonized with the subtlety of wine.,일 22:00 / 월 22:00 / 화 22:00 / 수 22:00 / 목 22:00 / 금 22:00 / 토 22:00,42264893,https://place.map.kakao.com/42264893,8000,19000,14,true,true,true,,,,,kakao
24996925,The Ranch Brewing Euljiro,+82 2-2272-2060,Seoul 11 Eulji-ro 12-gil,,37.565613,126.99125,"American, Pizza",월 16:00~23:30 / 화 16:00~23:30 / 수 16:00~23:30 / 목 16:00~23:30 / 금 16:00~24:00 / 토 12:00~24:00 / 일 14:00~22:00,"We’re The Ranch Brewing Company, a small team of craft beer brewers and F&B specialists who care a lot about the details. Our story started in Daejeon in 2007, when we opened our first pub. In 2016, we built our own brewery, and since then we’ve been brewing fresh, clean beer for guests all across Korea. In 2019, we opened our Euljiro 3-ga location in Seoul. Here, our chefs and bakers serve Detroit-style pizza and classic pizzas (added in 2025), paired with beer delivered directly from our brewery. We focus on simple things done well: great dough, clean beer and glassware, and friendly, efficient service. The pub is relaxed and welcoming, whether you’re here for a quick pint or a full meal with friends. We hope your time with us becomes one of your favorite memories from Seoul.",https://dynamic-media-cdn.tripadvisor.com/media/photo-o/26/98/d7/f5/caption.jpg?w=200&h=200&s=1&cx=4371&cy=2305&chk=v1_61d445397c32bc84ce48,https://www.tripadvisor.com/Restaurant_Review-g294197-d24996925-Reviews-The_Ranch_Brewing_Euljiro-Seoul.html,10,4.6,Hof (Korean beer pub),After work drinks on weekdays and pizza and beer on weekends! Enjoy The Ranch Brewing in Euljiro.,,168774091,https://place.map.kakao.com/168774091,8000,19000,22,,,,,,,,kakao
9342934,Noona Holdak Myeongdong,+82 2-6361-8353,"Seoul 78, Namdaemun-ro, Jung-gu",04534,37.56445,126.98321,"Fast Food, Asian, Korean, Street Food",,,https://dynamic-media-cdn.tripadvisor.com/media/photo-o/26/98/d7/f5/caption.jpg?w=200&h=200&s=1&cx=4371&cy=2305&chk=v1_61d445397c32bc84ce48,https://www.tripadvisor.com/Restaurant_Review-g294197-d9342934-Reviews-Noona_Holdak_Myeongdong-Seoul.html,43,4.0,,,,,,,,,,,,,,,,
29616713,Yukjeon Gukbap,+82 2-497-3731,"Seoul 88 Achasan-ro Seongdong-gu,1st floor",,37.545498,127.05377,"Asian, Korean",Sun 00:00~23:59 / Mon 00:00~23:59 / Tue 00:00~23:59 / Wed 00:00~23:59 / Thu 00:00~23:59 / Fri 00:00~23:59 / Sat 00:00~23:59,,https://dynamic-media-cdn.tripadvisor.com/media/photo-o/2e/16/06/90/caption.jpg?w=900&h=-1&s=1,https://www.tripadvisor.com/Restaurant_Review-g294197-d29616713-Reviews-Yukjeon_Gukbap-Seoul.html,5,4.2,,,,,,,,,,,,,,,,tripadvisor
34340012,Luwon by Rakheean,+82 2-2158-7587,Seoul 33 Jong-ro 1dong 401ho,,37.570965,126.98143,Chinese,월 11:00~22:00 / 화 11:00~22:00 / 수 11:00~22:00 / 목 11:00~22:00 / 금 11:00~22:00 / 토 11:00~21:00 / 일 11:00~21:00,,https://dynamic-media-cdn.tripadvisor.com/media/photo-o/11/c9/83/fb/tennant-creek.jpg?w=200&h=200&s=1,https://www.tripadvisor.com/Restaurant_Review-g294197-d34340012-Reviews-Luwon_by_Rakheean-Seoul.html,9,5.0,Chinese,"Experience the sophistication of an 80-year-old prestigious family in a private room at the best high-end Chinese banquet in Gwanghwamun, Lu Won.",,582970276,https://place.map.kakao.com/582970276,35000,57000,22,true,,,,,,,kakao
6960479,Jaedong Sundubu,+82 2-747-0011,"Seoul 6, Bukchon-ro 2-gil, Jongno-gu",03059,37.57781,126.98584,"Asian, Korean",월 11:00~21:00 / 화 11:00~21:00 / 수 11:00~21:00 / 목 11:00~21:00 / 금 11:00~21:00 / 토 11:00~21:00,,https://dynamic-media-cdn.tripadvisor.com/media/photo-o/11/1a/0c/fa/photo1jpg.jpg?w=900&h=500&s=1,https://www.tripadvisor.com/Restaurant_Review-g294197-d6960479-Reviews-Jaedong_Sundubu-Seoul.html,18,4.3,Tofu specialty,The rich taste of soft tofu nestled in a Hanok alley.,,8064601,https://place.map.kakao.com/8064601,11000,18000,15,,,true,,,,,kakao
10058560,Samarkand,+82 2-2279-7780,"Seoul 14, Eulji-ro 42-gil, Jung-gu First Floor",04561,37.56547,127.00554,Uzbek,월 10:00~23:00 / 화 10:00~23:00 / 수 10:00~23:00 / 목 10:00~23:00 / 금 10:00~23:00 / 토 10:00~23:00 / 일 10:00~23:00,,https://dynamic-media-cdn.tripadvisor.com/media/photo-o/26/98/d7/f5/caption.jpg?w=200&h=200&s=1&cx=4371&cy=2305&chk=v1_61d445397c32bc84ce48,https://www.tripadvisor.com/Restaurant_Review-g294197-d10058560-Reviews-Samarkand-Seoul.html,18,4.2,Asian,A traditional Uzbek restaurant filled with exotic flavors.,,1081607002,https://place.map.kakao.com/1081607002,4000,12000,29,true,true,,,,,,kakao
15116871,Suwolga,+82 2-732-0054,"Seoul 26, Mareunnae-ro 2-gil, Jung-gu",04555,37.56349,126.991806,"Barbecue, Asian, Korean",월 11:30~22:00 / 화 11:30~22:00 / 수 11:30~22:00 / 목 11:30~22:00 / 금 16:30~22:00 / 토 16:30~22:00,,https://dynamic-media-cdn.tripadvisor.com/media/photo-o/26/98/d7/f5/caption.jpg?w=200&h=200&s=1&cx=4371&cy=2305&chk=v1_61d445397c32bc84ce48,https://www.tripadvisor.com/Restaurant_Review-g294197-d15116871-Reviews-Suwolga-Seoul.html,18,4.9,"Meat, Korean BBQ","A meat house filled with the aroma of charcoal, grilled by our staff.",,1901654891,https://place.map.kakao.com/1901654891,7000,16000,15,,,,,,,,kakao
34000502,Chungmuro ​​Hanyang House,+82 2-2272-5677,Seoul 51-8 Chungmuro 3-ga,,37.561825,126.99239,"Asian, Korean, Beer restaurants",월 06:00~22:00 / 화 06:00~22:00 / 수 06:00~22:00 / 목 06:00~22:00 / 금 06:00~22:00 / 토 06:00~22:00,,https://dynamic-media-cdn.tripadvisor.com/media/photo-o/31/c4/48/45/caption.jpg?w=900&h=500&s=1,https://www.tripadvisor.com/Restaurant_Review-g294197-d34000502-Reviews-Chungmuro_Hanyang_House-Seoul.html,4,5.0,"Meat, Korean BBQ",A heartfelt dish of braised eel and handmade assorted sundae.,,1834219520,https://place.map.kakao.com/1834219520,9000,31000,11,true,true,,,,,,kakao
25007388,Cochon Tonkatsu,,"Seoul 2 Myeongmul 1-gil, Seodaemun-gu",03776,37.51502,127.01647,"Japanese, Asian, Korean",Sun 11:00~20:00 / Mon 11:00~20:00 / Tue 11:00~20:00 / Wed 11:00~20:00 / Thu 11:00~20:00 / Fri 11:00~20:00 / Sat 11:00~20:00,,https://dynamic-media-cdn.tripadvisor.com/media/photo-o/26/98/d7/f5/caption.jpg?w=200&h=200&s=1&cx=4371&cy=2305&chk=v1_61d445397c32bc84ce48,https://www.tripadvisor.com/Restaurant_Review-g294197-d25007388-Reviews-Cochon_Tonkatsu-Seoul.html,4,5.0,,,,,,,,,,,,,,,,tripadvisor
33020192,Legendary Ribs Magok,+82 2-2135-4336,"Seoul Gonghang-daero 242 Magok-dong, 2 KR, 3rd Floor, 301, Open M Tower",,37.558655,126.83426,Barbecue,월 11:10~21:50 / 화 11:10~21:50 / 수 11:10~21:50 / 목 11:10~21:50 / 금 11:10~21:50 / 토 11:10~21:50 / 일 11:10~21:50,,https://dynamic-media-cdn.tripadvisor.com/media/photo-o/26/98/d7/f5/caption.jpg?w=200&h=200&s=1&cx=4371&cy=2305&chk=v1_61d445397c32bc84ce48,https://www.tripadvisor.com/Restaurant_Review-g294197-d33020192-Reviews-Legendary_Ribs_Magok-Seoul.html,5,5.0,Galbi (grilled short ribs),Experience life-changing short ribs in a private room.,,1347662236,https://place.map.kakao.com/1347662236,22000,28000,5,,,,,,,,kakao
23179236,Piece Hannam,+82 2-790-0768,"Seoul 91 Hannam-daero B2F 494 KR Nine One Hannam Gourmet, Yongsan-gu",04401,37.537354,127.00418,"Fusion, Asian, Wine Bar, Chinese, French",Sun 12:00~15:00 / Sun 18:00~22:00 / Mon 12:00~15:00 / Mon 18:00~22:00 / Tue 12:00~15:00 / Tue 18:00~22:00 / Wed 12:00~15:00 / Wed 18:00~22:00 / Thu 12:00~15:00 / Thu 18:00~22:00 / Fri 12:00~15:00 / Fri 18:00~22:00 / Sat 12:00~15:00 / Sat 18:00~22:00,"*Menu Adjustment If you have already checked in and want to change the menu, it may be difficult to change it, so if you have any allergies or food you can't eat, please contact us in advance. *No Kids Zone Due to the characteristics of the prepared dish, the dish will be an adult portion. Therefore, it is recommended to come with middle or high school teenagers who can fully enjoy adult portion meals. *Corkage You can use it for ￦50,000 per bottle, and you can bring up to one bottle. *Opening hours (Monday to Sunday) Lunch 12:00 PM ~ 3:00 PM (Last Order 1:30 PM) Dinner 6:00 PM ~ 10:00 PM (Last Order 7:30 PM) *Parking Free parking for 2 hours / Free valet parking Parking is available on B3 floor of Gate 2 (shopping area parking lot) of Nine One Hannam Gourmet 494.",https://dynamic-media-cdn.tripadvisor.com/media/photo-b/2560x500/03/06/08/5e/santa-fe-baldy.jpg?w=200&h=200&s=1,https://www.tripadvisor.com/Restaurant_Review-g294197-d23179236-Reviews-Piece_Hannam-Seoul.html,13,5.0,,,,,,,,,,,,,,,,tripadvisor
8681713,Harmonium,+82 2-792-3972,"Seoul 413, Seobinggo-ro #101, Business Center, Bldg. 101, Hannam Hyperion",04401,37.527317,127.004196,"Italian, Mediterranean, European, Romanian",월 11:30~22:00 / 화 11:30~22:00 / 목 11:30~22:00 / 금 11:30~22:00 / 토 11:30~22:00 / 일 11:30~22:00,"The newly relocated Harmonium begins a new chapter at Hannam Hyperion. Featuring an expanded terrace, we present Italian cuisine in a refined and elevated dining atmosphere.",https://dynamic-media-cdn.tripadvisor.com/media/photo-o/26/98/d7/f5/caption.jpg?w=200&h=200&s=1&cx=4371&cy=2305&chk=v1_61d445397c32bc84ce48,https://www.tripadvisor.com/Restaurant_Review-g294197-d8681713-Reviews-Harmonium-Seoul.html,24,4.5,Western,"Armonium, an Italian restaurant in Hannam-dong.",,949268527,https://place.map.kakao.com/949268527,15000,33000,23,,,,,,,,kakao
12461984,The Steak House,+82 2-799-8273,"Seoul 322 Sowol-ro, Yongsan-gu Ll, Grand Hyatt Seoul",04347,37.539158,126.996895,"Steakhouse, Grill",월 12:00~21:30 / 화 12:00~21:30 / 수 12:00~21:30 / 목 12:00~21:30 / 금 12:00~21:30 / 토 11:30~21:30 / 일 11:30~21:30,"Steak House offers the best in quality grilled delicacies, prepared in its proprietary Pira oven, ensuring the perfect texture and juiciness of the meat. This exquisite grill restaurant is the ideal choice for intimate dining or private meetings with its luxurious yet cozy atmosphere.",https://dynamic-media-cdn.tripadvisor.com/media/photo-o/26/98/d7/f5/caption.jpg?w=200&h=200&s=1&cx=4371&cy=2305&chk=v1_61d445397c32bc84ce48,https://www.tripadvisor.com/Restaurant_Review-g294197-d12461984-Reviews-The_Steak_House-Seoul.html,10,4.4,"Steak, ribs",Experience the meeting of precise knife skills and a generous course.,,1575776047,https://place.map.kakao.com/1575776047,24000,33500,6,true,,true,,true,,,kakao
5927648,Hobak Sikdang,+82 2-798-7905,"Seoul 657-85, Hannam-dong, Yongsan-gu",,37.534374,127.00649,"Barbecue, Asian, Korean",월 11:00~22:00 / 화 11:00~22:00 / 수 11:00~22:00 / 목 11:00~22:00 / 금 11:00~22:00 / 토 11:00~22:00 / 일 11:00~22:00,,https://dynamic-media-cdn.tripadvisor.com/media/photo-o/26/9d/2f/11/caption.jpg?w=200&h=200&s=1&cx=1920&cy=1080&chk=v1_738e68e8f3d84867d999,https://www.tripadvisor.com/Restaurant_Review-g294197-d5927648-Reviews-Hobak_Sikdang-Seoul.html,45,4.3,Korean,A cozy Korean space filled with the aroma of grilled meat.,,21338181,https://place.map.kakao.com/21338181,13000,19000,13,,,,,,,,kakao
33991623,Jake Itaewon,+82 10-2012-4156,Seoul 164-1 Itaewon-ro,,37.53404,126.99232,"French, American, Bar, Cafe, Pub, Wine Bar, Dining bars",월 17:00~23:00 / 목 17:00~23:00 / 금 17:00~01:00 / 토 14:00~01:00 / 일 14:00~23:00,* Brunch Cafe & Dining Wine Bar * We serve brunch during the day and offer dishes that pair well with wine in the evening.,https://dynamic-media-cdn.tripadvisor.com/media/photo-o/26/98/d7/f5/caption.jpg?w=200&h=200&s=1&cx=4371&cy=2305&chk=v1_61d445397c32bc84ce48,https://www.tripadvisor.com/Restaurant_Review-g294197-d33991623-Reviews-Jake_Itaewon-Seoul.html,12,5.0,Western,A wine and cocktail bar.,,130077434,https://place.map.kakao.com/130077434,,,,true,,,,,true,true,kakao
15674310,Jean FriGo,+82 2-2275-1933,"Seoul 9-8, Toegye-ro 62-gil, Jung-gu",04614,37.56358,127.008125,"Bar, Cafe, International, Pub, Dining bars",화 18:00~01:00 / 수 18:00~01:00 / 목 18:00~01:00 / 금 18:00~01:00 / 토 18:00~01:00 / 일 18:00~01:00,This is Speakeasy Bar Jeanfrigo. We have Fruit signiture Cocktail and food. You can see people who come in refrigerator. Come in Cold,https://dynamic-media-cdn.tripadvisor.com/media/photo-o/26/98/d7/f5/caption.jpg?w=200&h=200&s=1&cx=4371&cy=2305&chk=v1_61d445397c32bc84ce48,https://www.tripadvisor.com/Restaurant_Review-g294197-d15674310-Reviews-Jean_FriGo-Seoul.html,9,4.7,Cocktail bar,An emotional cocktail bar hidden behind a refrigerator door.,,1050989981,https://place.map.kakao.com/1050989981,8000,18500,12,true,true,,,,,,kakao
28099495,Myeongnyun Jinsa Galbi Jang-an Branch,+82 2-2212-1204,Seoul Dapsimni-Ro 1st Floor,,37.572567,127.06695,"Steakhouse, Barbecue, Asian, Korean, Grill, Fusion",월 11:00~23:00 / 화 11:00~23:00 / 수 11:00~23:00 / 목 11:00~23:00 / 금 11:00~23:00 / 토 11:00~23:00 / 일 11:00~23:00,,https://dynamic-media-cdn.tripadvisor.com/media/photo-o/2d/13/4a/6d/bbq.jpg?w=900&h=-1&s=1,https://www.tripadvisor.com/Restaurant_Review-g294197-d28099495-Reviews-Myeongnyun_Jinsa_Galbi_Jang_an_Branch-Seoul.html,1,5.0,Galbi (grilled short ribs),An all-you-can-eat barbecue party with a rich charcoal scent.,,904880490,https://place.map.kakao.com/904880490,3000,7900,6,true,,,,,,,kakao
12162434,Jungdon,+82 2-987-0924,"Seoul 12, Daehak-ro 9-gil, Jongno-gu B1",03079,37.581314,127.002,,월 11:30~21:30 / 화 11:30~21:30 / 수 11:30~21:30 / 목 11:30~21:30 / 금 11:30~21:30 / 토 11:30~21:30 / 일 11:30~21:30,,https://dynamic-media-cdn.tripadvisor.com/media/photo-o/26/98/d7/f5/caption.jpg?w=200&h=200&s=1&cx=4371&cy=2305&chk=v1_61d445397c32bc84ce48,https://www.tripadvisor.com/Restaurant_Review-g294197-d12162434-Reviews-Jungdon-Seoul.html,20,3.6,"Pork cutlet, udon",The essence of crispy yet juicy Japanese-style tonkatsu.,일 14:30 / 월 14:30 / 화 14:30 / 수 14:30 / 목 14:30 / 금 14:30 / 토 14:30,27306859,https://place.map.kakao.com/27306859,4000,17000,13,,,,,,,,kakao
32706085,Paldomilbang Gangnam Main Branch,+82 2-555-8518,Seoul Gangnam-Daero 94-Gil 11 2nd Floor,06129,37.4995,127.02826,Indigenous,월 11:00~22:00 / 화 11:00~22:00 / 수 11:00~22:00 / 목 11:00~22:00 / 금 11:00~22:00 / 토 11:00~22:00,,https://dynamic-media-cdn.tripadvisor.com/media/photo-o/2e/51/e7/32/caption.jpg?w=900&h=500&s=1,https://www.tripadvisor.com/Restaurant_Review-g294197-d32706085-Reviews-Paldomilbang_Gangnam_Main_Branch-Seoul.html,2,5.0,Kalguksu (knife-cut noodle soup),Enjoy the famous knife-cut noodles and hearty hot pot made with healthy black sesame noodles from all over the country!,,905303861,https://place.map.kakao.com/905303861,9000,13000,20,,,,,,,,kakao
4070747,Gwangyang Bulgogi,+82 2-565-7090,"Seoul 128-3, Samseong-dong, Gangnam-gu",,37.509308,127.05528,"Asian, Korean",월 11:00~22:00 / 화 11:00~22:00 / 수 11:00~22:00 / 목 11:00~22:00 / 금 11:00~22:00 / 토 11:00~22:00 / 일 11:00~22:00,,https://dynamic-media-cdn.tripadvisor.com/media/photo-o/26/98/d7/f5/caption.jpg?w=200&h=200&s=1&cx=4371&cy=2305&chk=v1_61d445397c32bc84ce48,https://www.tripadvisor.com/Restaurant_Review-g294197-d4070747-Reviews-Gwangyang_Bulgogi-Seoul.html,14,4.4,"Bulgogi, stir-fried pork",Savor tender Gwangyang-style bulgogi rich with the aroma of charcoal.,,13289943,https://place.map.kakao.com/13289943,,,,true,true,true,,,,,kakao
34281750,TOISNA,+82 2-2203-2223,Seoul Gangdong-gu Cheonhodong 410-26,,37.539005,127.1279,Beer restaurants,월 17:00~01:00 / 화 17:00~01:00 / 수 17:00~01:00 / 목 17:00~01:00 / 금 17:00~02:00 / 토 17:00~02:00 / 일 17:00~01:00,,https://dynamic-media-cdn.tripadvisor.com/media/photo-o/26/98/d7/f5/caption.jpg?w=200&h=200&s=1&cx=4371&cy=2305&chk=v1_61d445397c32bc84ce48,https://www.tripadvisor.com/Restaurant_Review-g294197-d34281750-Reviews-TOISNA-Seoul.html,13,5.0,"Bar, pub",A popular spot for chicken and beer with a lively pub atmosphere.,,504459408,https://place.map.kakao.com/504459408,7900,14400,18,true,true,,,,,,kakao
7918206,Agra Indian Dining Restaurant Jamsil,+82 2-3213-2633,"Seoul 300, Olympic-ro, Songpa-gu Lotte World Avenuel 6F",,37.512253,127.10184,Indian,Sun 10:30~15:00 / Sun 17:00~22:00 / Mon 10:30~22:00 / Tue 10:30~22:00 / Wed 10:30~22:00 / Thu 10:30~22:00 / Fri 10:30~22:00 / Sat 10:30~15:00 / Sat 17:00~22:00,,https://dynamic-media-cdn.tripadvisor.com/media/photo-o/26/98/d7/f5/caption.jpg?w=200&h=200&s=1&cx=4371&cy=2305&chk=v1_61d445397c32bc84ce48,https://www.tripadvisor.com/Restaurant_Review-g294197-d7918206-Reviews-Agra_Indian_Dining_Restaurant_Jamsil-Seoul.html,60,3.7,,Delight in authentic Indian curry while overlooking Seokchon Lake.,,26239663,https://place.map.kakao.com/26239663,39300,41550,2,true,,,,,,true,tripadvisor
17783404,Moyeon Mapo Restaurant Hanwoo Dining,+82 2-704-0770,"Seoul 318 Tojeong-ro 1F, Yeongwoo Building",04165,37.539444,126.943886,"Steakhouse, Barbecue, Asian, Korean, Grill, Healthy",화 11:30~21:50 / 수 11:30~21:50 / 목 11:30~21:50 / 금 11:30~21:50 / 토 11:30~21:50,Korea Beef Dining Moyeon,https://dynamic-media-cdn.tripadvisor.com/media/photo-o/18/7d/f8/ff/caption.jpg?w=900&h=500&s=1,https://www.tripadvisor.com/Restaurant_Review-g294197-d17783404-Reviews-Moyeon_Mapo_Restaurant_Hanwoo_Dining-Seoul.html,3,5.0,"Meat, Korean BBQ",The top Hanwoo dining experience in Mapo with elegance.,화 14:00 / 화 20:50 / 수 14:00 / 수 20:50 / 목 14:00 / 목 20:50 / 금 14:00 / 금 20:50 / 토 14:00 / 토 20:50,162078159,https://place.map.kakao.com/162078159,12000,43500,12,true,,,,,,,kakao
4032869,Vicolo,+82 2-756-0908,"Seoul Myeongdong 6-gil, 8, Jung-gu 3rd-5th Floor",,37.563473,126.98547,Italian,Mon 11:30~14:30 / Mon 17:00~22:00 / Tue 11:30~14:30 / Tue 17:00~22:00 / Wed 11:30~14:30 / Wed 17:00~22:00 / Thu 11:30~14:30 / Thu 17:00~22:00 / Fri 11:30~14:30 / Fri 17:00~22:00,,https://dynamic-media-cdn.tripadvisor.com/media/photo-o/26/98/d7/f5/caption.jpg?w=200&h=200&s=1&cx=4371&cy=2305&chk=v1_61d445397c32bc84ce48,https://www.tripadvisor.com/Restaurant_Review-g294197-d4032869-Reviews-Vicolo-Seoul.html,17,4.5,,An Italian space filled with gallery vibes.,,11591918,https://place.map.kakao.com/11591918,30000,45000,3,,,,,,,,tripadvisor
32895062,Mungteong Sindaebangsamgeoliyeogjeom,+82 2-3280-7932,"Seoul 54 Sangdo-ro, Dongjak-gu 1st Floor",,37.499657,126.92637,"Barbecue, Asian, Korean, Grill",월 13:00~22:30 / 화 13:00~22:30 / 수 13:00~22:30 / 목 13:00~22:30 / 금 13:00~22:30 / 토 12:00~22:30 / 일 12:00~22:30,,https://dynamic-media-cdn.tripadvisor.com/media/photo-o/2e/ef/1c/9d/300-3-50m.jpg?w=900&h=500&s=1,https://www.tripadvisor.com/Restaurant_Review-g294197-d32895062-Reviews-Mungteong_Sindaebangsamgeoliyeogjeom-Seoul.html,5,5.0,"Meat, Korean BBQ",Overwhelmingly high revisit rate!! Enjoy juicy pork grilled with top-quality charcoal at Mungteong.,,417313383,https://place.map.kakao.com/417313383,4500,8450,12,true,,,,,,,kakao
25150306,Bangi Annex,+82 2-425-6042,"Seoul 33, Olympic-ro 32-gil, Songpa-gu 1F & 2F",,37.51347,127.10999,"Asian, Korean",,,https://dynamic-media-cdn.tripadvisor.com/media/photo-o/26/e2/88/73/caption.jpg?w=800&h=500&s=1,https://www.tripadvisor.com/Restaurant_Review-g294197-d25150306-Reviews-Bangi_Annex-Seoul.html,1,5.0,,,,,,,,,,,,,,,,
9070345,Double Trouble,+82 2-3477-8880,"Seoul 22, Bongeunsa-ro 4-gil, Gangnam-gu 1F",06123,37.500767,127.028465,American,Sun 11:00~23:00 / Mon 11:00~23:00 / Tue 11:00~23:00 / Wed 11:00~23:00 / Thu 11:00~23:00 / Fri 11:00~23:00 / Sat 11:00~23:00,,https://dynamic-media-cdn.tripadvisor.com/media/photo-o/0a/a1/93/52/photo0jpg.jpg?w=900&h=500&s=1,https://www.tripadvisor.com/Restaurant_Review-g294197-d9070345-Reviews-Double_Trouble-Seoul.html,22,4.7,,,,,,,,,,,,,,,,tripadvisor
14928529,FIFTY FIFTY,+82 2-3144-6684,"Seoul 141, Yanghwa-ro, Mapo-gu 3F, Lotte Hotel L7 HongDae",03995,37.555553,126.92162,"American, Cafe, British",,Cafe 'FIFTY FIFTY' is multi-cultural space where you can enjoy both galleries and cafes. You can enjoy hand made toast and pancakes in our toast bar. Also you can enjoy coffee&beverage. Come and have a great brunch. I'm sure it will make your trip even better:),https://dynamic-media-cdn.tripadvisor.com/media/photo-o/13/dd/2c/9d/caption.jpg?w=900&h=500&s=1,https://www.tripadvisor.com/Restaurant_Review-g294197-d14928529-Reviews-FIFTY_FIFTY-Seoul.html,4,4.0,,,,,,,,,,,,,,,,
3902014,Potala Restaurant Jongno Store,+82 2-318-0094,"Seoul Supyogyo Building B1, 35-2, Gwancheol-dong, Jongno-gu",110111,37.56838,126.98866,"Indian, Asian, Tibetan, Nepali",월 11:00~22:00 / 화 11:00~22:00 / 수 11:00~22:00 / 목 11:00~22:00 / 금 11:00~22:00 / 토 11:00~22:00 / 일 11:00~22:00,"Tashi delek! Our Potala Restaurant is Korea's only Tibetan cuisine specialist, run directly by exiled Tibetans. You can also enjoy Indian and Nepali food together. Featured in broadcasts and various media as a proven restaurant, we take pride in offering the essence of Himalayan cuisine. The finest flavors created by experienced local chefs who carefully select spices and ingredients! Try Potala's unique Himalayan cuisine, ranging from clean, mild Tibetan dishes like thukpa, thenthuk, and momo, to representative Indian food like curry, naan, and tandoori, to Nepali dishes rarely found in Korea such as sukuti and sizzler.",https://dynamic-media-cdn.tripadvisor.com/media/photo-o/11/ee/90/13/the-damn.jpg?w=200&h=200&s=1,https://www.tripadvisor.com/Restaurant_Review-g294197-d3902014-Reviews-Potala_Restaurant_Jongno_Store-Seoul.html,38,4.2,Indian,An exotic Asian restaurant filled with Tibetan vibes.,일 21:30 / 월 21:30 / 화 21:30 / 수 21:30 / 목 21:30 / 금 21:30 / 토 21:30,11834063,https://place.map.kakao.com/11834063,3000,11000,20,false,true,true,,,,,kakao
19513937,Segyang Yangdaechang - Sinsa Station Garosugil,+82 2-543-2363,"Seoul 24, Dosan-daero 1-gil, Gangnam-gu 1F",06034,37.51814,127.01995,Barbecue,,"Beef ribs,sirloin,intestines with korean barbecue",https://dynamic-media-cdn.tripadvisor.com/media/photo-o/1a/87/2e/4d/caption.jpg?w=900&h=500&s=1,https://www.tripadvisor.com/Restaurant_Review-g294197-d19513937-Reviews-Segyang_Yangdaechang_Sinsa_Station_Garosugil-Seoul.html,11,5.0,,,,,,,,,,,,,,,,
10386964,Nature Kitchen - Jamsil Well-beig,+82 2-6426-0052,"Seoul 240, Olympic-ro, Songpa-gu Lotteworld Wellbeing Center, 1st Floor",05554,37.51021,127.09743,"Asian, Korean",,"Representative Korean restaurant in Seoul! All types of Korean foods are existing in Nature Kitchen, buffet restaurant. Bulgogi, bibimbap, Korean style chicken cuisine and so on, more than 60 kinds of food. Definitely you will love it! Also, you can have all only with 12$! (lunch) It's incredible price. Enjoying korean food is ""Must-Be-experience"" when you visit korea.",https://dynamic-media-cdn.tripadvisor.com/media/photo-o/0b/8d/46/82/inside-nature-kitchen.jpg?w=900&h=-1&s=1,https://www.tripadvisor.com/Restaurant_Review-g294197-d10386964-Reviews-Nature_Kitchen_Jamsil_Well_beig-Seoul.html,3,4.7,,,,,,,,,,,,,,,,
6207932,Southside Parlor,+82 2-749-9522,"Seoul 218, Noksapyeong-daero, Yongsan-gu",04345,37.53702,126.98686,"American, Bar, Pub, Fusion",월 18:00~01:00 / 화 18:00~01:00 / 수 18:00~01:00 / 목 18:00~01:00 / 금 18:00~02:00 / 토 18:00~02:00 / 일 18:00~01:00,"Southside Parlor is committed to providing craft cocktails, Texas BBQ, and southern hospitality to the citizens of Seoul. Southside Parlor offers signature cocktails and popular classics that are driven by creativity and seasonal ingredients. Our food and drinks are made with the freshest ingredients and executed with techniques native to our Texas roots.",https://dynamic-media-cdn.tripadvisor.com/media/photo-o/26/98/d7/f5/caption.jpg?w=200&h=200&s=1&cx=4371&cy=2305&chk=v1_61d445397c32bc84ce48,https://www.tripadvisor.com/Restaurant_Review-g294197-d6207932-Reviews-Southside_Parlor-Seoul.html,86,4.6,Western,A rooftop taco bar bursting with Texas vibes.,,26972066,https://place.map.kakao.com/26972066,10000,16000,12,true,true,,,,true,,kakao
9047505,Full Load of Fish Hof,+82 2-2274-1040,"Seoul 17, Euljiro13-Gil",,37.567234,126.99179,,,,https://dynamic-media-cdn.tripadvisor.com/media/photo-o/17/8d/63/f1/caption.jpg?w=900&h=-1&s=1,https://www.tripadvisor.com/Restaurant_Review-g294197-d9047505-Reviews-Full_Load_of_Fish_Hof-Seoul.html,20,4.3,Hof (Korean beer pub),,,1745558364,https://place.map.kakao.com/1745558364,8000,13000,5,,,,,,,,
9210824,Teumsae Ramen,+82 2-756-5477,"Seoul 19-10, myeongdong10-Gil",,,,"Asian, Korean",월 10:00~20:00 / 화 10:00~20:00 / 수 10:00~20:00 / 목 10:00~20:00 / 금 10:00~20:00 / 토 11:00~20:00 / 일 11:00~20:00,,https://dynamic-media-cdn.tripadvisor.com/media/photo-o/0a/ea/7f/dc/immortalize-your-experience.jpg?w=900&h=500&s=1,https://www.tripadvisor.com/Restaurant_Review-g294197-d9210824-Reviews-Teumsae_Ramen-Seoul.html,10,4.0,Bunsik (Korean street snacks),The legendary spicy flavors of a small space in the alley.,,10904319,https://place.map.kakao.com/10904319,,,,false,,,,,,,kakao
13436251,Traditional Tea House Insa-dong,,"Seoul 33-1, Insadong-gil, Jongno-gu",03149,37.57392,126.98479,,월 10:00~22:00 / 화 10:00~22:00 / 수 10:00~22:00 / 목 10:00~22:00 / 금 10:00~22:00 / 토 10:00~22:00 / 일 10:00~22:00,There is no content for Traditional Tea House Insa-dong yet.,https://dynamic-media-cdn.tripadvisor.com/media/photo-o/1b/86/ab/39/20200614-210410-largejpg.jpg?w=900&h=500&s=1,https://www.tripadvisor.com/Restaurant_Review-g294197-d13436251-Reviews-Traditional_Tea_House_Insa_dong-Seoul.html,6,4.8,Traditional tea house,The soothing aroma of traditional tea in a Hanok's calm.,,20056529,https://place.map.kakao.com/20056529,8000,10000,11,true,true,true,,,,,kakao
3297139,Sichuan House,508-1420,Seoul 154-11 Samseong-dong Gangnam-gu,,37.509567,127.05797,"Chinese, Asian, Szechuan",Sun 11:30~22:00 / Mon 11:30~22:00 / Tue 11:30~22:00 / Wed 11:30~22:00 / Thu 11:30~22:00 / Fri 11:30~22:00 / Sat 11:30~22:00,,https://dynamic-media-cdn.tripadvisor.com/media/photo-o/26/98/d7/f5/caption.jpg?w=200&h=200&s=1&cx=4371&cy=2305&chk=v1_61d445397c32bc84ce48,https://www.tripadvisor.com/Restaurant_Review-g294197-d3297139-Reviews-Sichuan_House-Seoul.html,25,4.1,,,,,,,,,,,,,,,,tripadvisor
28560751,Geummyeonok Wonkihoebok Kalguksu,0507-1491-7798,"Seoul Janghan-ro, 37 1st Floor 101, Dongdaemun-gu",,37.564613,127.06639,,Sun 11:00~22:00 / Mon 11:00~22:00 / Tue 11:00~22:00 / Wed 11:00~22:00 / Thu 11:00~22:00 / Fri 11:00~22:00 / Sat 11:00~22:00,,https://dynamic-media-cdn.tripadvisor.com/media/photo-o/33/73/17/79/caption.jpg?w=200&h=200&s=1&cx=960&cy=540&chk=v1_705e04701f82e01e4a8e,https://www.tripadvisor.com/Restaurant_Review-g294197-d28560751-Reviews-Geummyeonok_Wonkihoebok_Kalguksu-Seoul.html,14,5.0,,,,,,,,,,,,,,,,tripadvisor
31411007,Yil Yil Hyang,+82 50-71498-7754,Seoul 125 Namdaemun-Ro Jung District,,37.565212,126.97735,Chinese,월 11:20~21:30 / 화 11:20~21:30 / 수 11:20~21:30 / 목 11:20~21:30 / 금 11:20~21:30 / 토 11:20~21:00,,https://dynamic-media-cdn.tripadvisor.com/media/photo-o/26/98/d7/f5/caption.jpg?w=200&h=200&s=1&cx=4371&cy=2305&chk=v1_61d445397c32bc84ce48,https://www.tripadvisor.com/Restaurant_Review-g294197-d31411007-Reviews-Yil_Yil_Hyang-Seoul.html,10,5.0,Chinese,Premium Chinese cuisine with a view of Cheonggyecheon Stream.,월 20:30 / 화 20:30 / 수 20:30 / 목 20:30 / 금 20:30 / 토 20:00,2038957265,https://place.map.kakao.com/2038957265,8000,38000,40,true,true,true,,true,,,kakao
17602382,Woo Tender,+82 10-2055-3889,"Seoul 25-10, Apgujeong-ro 42-gil, Gangnam-gu",06017,37.527023,127.03582,"Steakhouse, Barbecue, Asian, Korean",월 11:30~22:30 / 화 11:30~22:30 / 수 11:30~22:30 / 목 11:30~22:30 / 금 11:30~22:30 / 토 11:30~22:30 / 일 11:30~22:30,Premium Korean Barbecue Restaurant located in the heart of Seoul in Gangnam. Two floors are run with the first floor for casual seatings and second floor consisting of private rooms. Reservation is highly recommended for dinner customers.,https://dynamic-media-cdn.tripadvisor.com/media/photo-o/26/98/d7/f5/caption.jpg?w=200&h=200&s=1&cx=4371&cy=2305&chk=v1_61d445397c32bc84ce48,https://www.tripadvisor.com/Restaurant_Review-g294197-d17602382-Reviews-Woo_Tender-Seoul.html,10,3.8,"Meat, Korean BBQ",Experience the harmony of exquisite service and premium hanwoo beef.,일 21:30 / 월 21:30 / 화 21:30 / 수 21:30 / 목 21:30 / 금 21:30 / 토 21:30,616148679,https://place.map.kakao.com/616148679,18000,43000,5,true,true,true,,,,,kakao
9270063,Seongsu Pork Back-Bone Stew,,"Seoul 8, sangwon6-Gil",,37.54859,127.04904,,,There is no content for Seongsu Pork Back-Bone Stew yet.,https://dynamic-media-cdn.tripadvisor.com/media/photo-o/17/c7/18/7e/photo6jpg.jpg?w=900&h=500&s=1,https://www.tripadvisor.com/Restaurant_Review-g294197-d9270063-Reviews-Seongsu_Pork_Back_Bone_Stew-Seoul.html,7,4.4,,,,,,,,,,,,,,,,
14068450,Gwanghwamun Gugbap,+82 2-738-5688,"Seoul 53, Sejong-daero 21-gil, Jung-gu",04519,37.56891,126.97542,"Asian, Korean",월 11:00~21:40 / 화 11:00~21:40 / 수 11:00~21:40 / 목 11:00~21:40 / 금 12:00~21:00 / 토 12:00~21:00,,https://dynamic-media-cdn.tripadvisor.com/media/photo-o/14/8c/fb/44/20180910-120444-largejpg.jpg?w=900&h=500&s=1,https://www.tripadvisor.com/Restaurant_Review-g294197-d14068450-Reviews-Gwanghwamun_Gugbap-Seoul.html,11,4.4,Gukbap (soup with rice),A simple bowl with a clear and deep broth.,월 14:00 / 월 21:00 / 화 14:00 / 화 21:00 / 수 14:00 / 수 21:00 / 목 14:00 / 목 21:00 / 금 14:30 / 금 20:00 / 토 14:30 / 토 20:00,2067124772,https://place.map.kakao.com/2067124772,11000,16000,14,true,true,,,true,,,kakao
13837790,The Place Yeouido IFC,+82 2-6137-5570,"Seoul 10, Gukjegeumyung-ro, Yeongdeungpo-gu B1 Ifc",07326,37.52506,126.9248,Italian,,,https://dynamic-media-cdn.tripadvisor.com/media/photo-o/15/7f/4b/64/photo0jpg.jpg?w=900&h=500&s=1,https://www.tripadvisor.com/Restaurant_Review-g294197-d13837790-Reviews-The_Place_Yeouido_IFC-Seoul.html,7,4.4,,,,,,,,,,,,,,,,
10597914,Four Points by Sheraton Seoul Namsan The Eatery,+82 2-6070-7600,"Seoul 366, Hangang-daero, Yongsan-gu",04323,37.551216,126.97286,,,,https://dynamic-media-cdn.tripadvisor.com/media/photo-o/26/98/d7/f5/caption.jpg?w=200&h=200&s=1&cx=4371&cy=2305&chk=v1_61d445397c32bc84ce48,https://www.tripadvisor.com/Restaurant_Review-g294197-d10597914-Reviews-Four_Points_by_Sheraton_Seoul_Namsan_The_Eatery-Seoul.html,18,4.6,,,,,,,,,,,,,,,,
9139002,Jogae Changgo,+82 10-2650-0449,"Seoul 331, Wangsimni-ro, Seongdong-gu",04715,37.562824,127.03294,Seafood,월 17:00~23:00 / 화 17:00~23:00 / 수 17:00~23:00 / 목 17:00~23:00 / 금 17:00~23:00 / 토 12:00~23:00 / 일 12:00~23:00,,https://dynamic-media-cdn.tripadvisor.com/media/photo-o/26/98/d7/f5/caption.jpg?w=200&h=200&s=1&cx=4371&cy=2305&chk=v1_61d445397c32bc84ce48,https://www.tripadvisor.com/Restaurant_Review-g294197-d9139002-Reviews-Jogae_Changgo-Seoul.html,18,3.7,"Clams, shellfish",An amazing combination of unlimited clams and meat.,,12265333,https://place.map.kakao.com/12265333,2000,8000,11,true,true,,,true,,,kakao
8986890,Hanam Pig House,+82 2-571-8292,"Seoul 12, Gangnam-daero6-Gil",,,,"Asian, Korean",,,https://dynamic-media-cdn.tripadvisor.com/media/photo-o/2a/57/cc/cc/caption.jpg?w=900&h=500&s=1,https://www.tripadvisor.com/Restaurant_Review-g294197-d8986890-Reviews-Hanam_Pig_House-Seoul.html,26,4.3,,,,,,,,,,,,,,,,
27956524,Mutan,+82 2-549-9339,Seoul 22 Nonhyeon-ro 176-gil,,37.52736,127.030266,Chinese,월 11:00~22:00 / 화 11:00~22:00 / 수 11:00~22:00 / 목 11:00~22:00 / 금 11:00~22:00 / 토 11:00~22:00 / 일 11:00~22:00,"Mutan Apgujeong main branch. Featured on many shows including Today N ep.2427 (steak-truffle jjajangmyeon / macaron menbosha), Jjajangmyeon Rhapsody ep.1-2, Live Today ep.3457 ('steak-truffle jjajangmyeon,' the ultimate Chinese dish), I'm Not a Robot ep.340, Delicious Guys ep.425, KBS2 The Boss Has Donkey Ears ep.193, SBS Running Man ep.611, and more.",https://dynamic-media-cdn.tripadvisor.com/media/photo-o/26/98/d7/f5/caption.jpg?w=200&h=200&s=1&cx=4371&cy=2305&chk=v1_61d445397c32bc84ce48,https://www.tripadvisor.com/Restaurant_Review-g294197-d27956524-Reviews-Mutan-Seoul.html,4,4.8,Chinese,"Hello, this is Mutan. We have a spacious hall and private rooms available.",,1696571508,https://place.map.kakao.com/1696571508,18000,49000,45,,,,,,,,kakao
4032356,Ojangdong Hamheung Naengmyeon,+82 2-2267-9500,"Seoul 90-10, Ojang-dong, Jung-gu",,37.564228,126.99987,"Asian, Korean",월 11:00~20:00 / 수 11:00~20:00 / 목 11:00~20:00 / 금 11:00~20:00 / 토 11:00~20:00 / 일 11:00~20:00,,https://dynamic-media-cdn.tripadvisor.com/media/photo-o/10/89/a3/eb/photo1jpg.jpg?w=900&h=500&s=1,https://www.tripadvisor.com/Restaurant_Review-g294197-d4032356-Reviews-Ojangdong_Hamheung_Naengmyeon-Seoul.html,38,3.9,Naengmyeon (cold noodles),The deep taste of a soy sauce-based broth rich in meaty aroma.,,20747449,https://place.map.kakao.com/20747449,12000,15000,10,true,,,,,,,kakao
3938418,Outback Steakhouse Gangnam,+82 2-515-4791,"Seoul 502, Gangnam-daero, Gangnam-gu 2nd Floor, Aim High Tower",06119,37.50709,127.02367,Australian,,,https://dynamic-media-cdn.tripadvisor.com/media/photo-o/26/98/d7/f5/caption.jpg?w=200&h=200&s=1&cx=4371&cy=2305&chk=v1_61d445397c32bc84ce48,https://www.tripadvisor.com/Restaurant_Review-g294197-d3938418-Reviews-Outback_Steakhouse_Gangnam-Seoul.html,24,4.0,,,,,,,,,,,,,,,,
10682250,Gongneung Dak Hanmari,+82 2-393-9599,"Seoul 77, Yonsei-ro 2-gil, Seodaemun-gu",03778,37.55683,126.94109,Korean,,,https://dynamic-media-cdn.tripadvisor.com/media/photo-o/16/00/1a/ea/caption.jpg?w=900&h=500&s=1,https://www.tripadvisor.com/Restaurant_Review-g294197-d10682250-Reviews-Gongneung_Dak_Hanmari-Seoul.html,22,4.4,,A whole chicken dish made with fresh ingredients and a rich broth.,,8660964,https://place.map.kakao.com/8660964,24000,36000,3,true,,,,,,,
20054976,Borgo Hannam,+82 2-6082-2727,Seoul Yongsangu Hannamdong 684-62 3rd Floor,,37.53699,127.00197,Italian,화 17:00~22:00 / 수 17:00~22:00 / 목 17:00~22:00 / 금 17:00~22:00 / 토 17:00~22:00 / 일 17:00~22:00,,https://dynamic-media-cdn.tripadvisor.com/media/photo-o/26/98/d7/f5/caption.jpg?w=200&h=200&s=1&cx=4371&cy=2305&chk=v1_61d445397c32bc84ce48,https://www.tripadvisor.com/Restaurant_Review-g294197-d20054976-Reviews-Borgo_Hannam-Seoul.html,11,4.8,Italian,Italian dining filled with European charm.,,1618801565,https://place.map.kakao.com/1618801565,13000,38000,23,false,true,,,,,,kakao
9416250,Mom's  Touch,+82 2-323-5285,"Seoul 35, Poeun-Ro",,,,,,There is no content for Mom's  Touch yet.,https://dynamic-media-cdn.tripadvisor.com/media/photo-o/18/08/2c/11/photo0jpg.jpg?w=900&h=500&s=1,https://www.tripadvisor.com/Restaurant_Review-g294197-d9416250-Reviews-Mom_s_Touch-Seoul.html,16,4.1,,,,,,,,,,,,,,,,
7351232,Bonga Nonhyeon Main,+82 2-516-3284,"Seoul 33, Bongeunsa-ro 1-gil, Gangnam-gu",06119,37.506298,127.023796,"Asian, Korean",,,https://dynamic-media-cdn.tripadvisor.com/media/photo-o/0a/2f/00/5b/caption.jpg?w=900&h=-1&s=1,https://www.tripadvisor.com/Restaurant_Review-g294197-d7351232-Reviews-Bonga_Nonhyeon_Main-Seoul.html,46,4.4,,,,,,,,,,,,,,,,
5979688,BooksCooks,+82 2-743-4003,"Seoul 5, Bukchon-ro 8-gil, Jongno-gu",03056,37.581,126.98545,"Cafe, Cuban, Georgian",Sun 11:00~17:00 / Mon 11:00~19:00 / Wed 11:00~19:00 / Thu 11:00~19:00 / Fri 11:00~19:00 / Sat 11:00~19:00,"Books Cooks, a food-culture space. Books Cooks is a traditional hanok cafe located in Bukchon Hanok Village. Based on Korean food, it develops and serves dishes tied to encounters from travels around the world. Korean: Hanwoo bulgogi bibimbap & medicinal lotus-leaf rice. UK: black tea & authentic afternoon tea. Myanmar: milk tea. Georgia: khachapuri, Saperavi wine, Tsinandali wine & walnut-sauce salad. Cuba: Cubano sandwich, mojito, Cuba Libre & Cuban Crystal Mountain coffee. Plus beverages and tea foods. Loving travel and food and enjoying the communication they bring, it introduces the food, people, and moments met through travel in photos and shares recreated dishes with many people.",https://dynamic-media-cdn.tripadvisor.com/media/photo-o/26/98/d7/f5/caption.jpg?w=200&h=200&s=1&cx=4371&cy=2305&chk=v1_61d445397c32bc84ce48,https://www.tripadvisor.com/Restaurant_Review-g294197-d5979688-Reviews-BooksCooks-Seoul.html,32,4.6,,,,,,,,,,,,,,,,tripadvisor
4032527,Fabbro Daejangjangi Hwadeok Pizza,+82 2-765-4298,"Seoul 42-4, Bukchon-ro, Jongno-gu",03056,37.58134,126.98472,"Italian, Pizza",,,https://dynamic-media-cdn.tripadvisor.com/media/photo-o/26/98/d7/f5/caption.jpg?w=200&h=200&s=1&cx=4371&cy=2305&chk=v1_61d445397c32bc84ce48,https://www.tripadvisor.com/Restaurant_Review-g294197-d4032527-Reviews-Fabbro_Daejangjangi_Hwadeok_Pizza-Seoul.html,18,4.2,,Authentic Neapolitan pizza blended with Hanok charm.,,8256250,https://place.map.kakao.com/8256250,22000,25500,4,false,true,true,,,,,
16859636,Jeongtong - Konkuk University,+82 2-469-6432,"Seoul 95, Dongil-ro 24-gil, Gwangjin-gu 1F",05016,37.542496,127.07019,"Asian, Korean",,,https://dynamic-media-cdn.tripadvisor.com/media/photo-o/16/e5/ea/70/photo2jpg.jpg?w=900&h=500&s=1,https://www.tripadvisor.com/Restaurant_Review-g294197-d16859636-Reviews-Jeongtong_Konkuk_University-Seoul.html,2,4.5,,The fantastic combination of grilled pork kimchi and green onion salad.,,1739926573,https://place.map.kakao.com/1739926573,3000,7500,4,true,true,,,,,,
10253328,Soonnam Siraegi Apgujeong,+82 2-542-8833,"Seoul 22, Apgujeong-ro 28-gil, Gangnam-gu",06030,37.525227,127.02736,"Asian, Korean",,,https://dynamic-media-cdn.tripadvisor.com/media/photo-o/11/7d/cd/24/soonnam-siraegi-apgujeong.jpg?w=900&h=500&s=1,https://www.tripadvisor.com/Restaurant_Review-g294197-d10253328-Reviews-Soonnam_Siraegi_Apgujeong-Seoul.html,13,4.5,,,,,,,,,,,,,,,,
14790370,Krappom,+82 2-6081-7318,"Seoul 18, Seolleung-ro 153-gil, Gangnam-gu",06019,37.52483,127.03798,"Asian, Thai, Street Food",월 11:30~22:00 / 화 11:30~22:00 / 수 11:30~22:00 / 목 11:30~22:00 / 금 11:30~22:00 / 토 11:30~23:00 / 일 11:30~22:00,Authentic Thaifood Restaurant,https://dynamic-media-cdn.tripadvisor.com/media/photo-o/13/96/a2/6a/getlstd-property-photo.jpg?w=900&h=500&s=1,https://www.tripadvisor.com/Restaurant_Review-g294197-d14790370-Reviews-Krappom-Seoul.html,5,4.8,Thai,A subtle underground space filled with Thai vibes.,,558503389,https://place.map.kakao.com/558503389,13000,18000,22,true,,,,,,,kakao
14794813,Soaedam,+82 2-6489-8286,"Seoul 11, Sowol-ro 2-gil, Yongsan-gu 1F",04326,37.554462,126.97672,"Asian, Korean",월 10:00~22:00 / 화 10:00~22:00 / 수 10:00~22:00 / 목 10:00~22:00 / 금 10:00~22:00 / 토 10:00~22:00 / 일 10:00~22:00,"Korea Traditional Restaurant, 'Soaedam' With 20 years of tradition, Yedambapsang offer you to experience Korean traditional cuisine. Yedambapsang enables you to savour the rich taste and variety side, as it was in the Seoul fare of the ancient Chosun Dynasty. We serve you with special consideration to delight all your senses. Come and experience Soaedam's fine fare when you visit Korea. Feel the",https://dynamic-media-cdn.tripadvisor.com/media/photo-o/26/98/d7/f5/caption.jpg?w=200&h=200&s=1&cx=4371&cy=2305&chk=v1_61d445397c32bc84ce48,https://www.tripadvisor.com/Restaurant_Review-g294197-d14794813-Reviews-Soaedam-Seoul.html,18,4.4,Korean,A refined traditional Korean meal served in a Hanok setting.,일 20:30 / 월 20:30 / 화 20:30 / 수 20:30 / 목 20:30 / 금 20:30 / 토 20:30,1053608780,https://place.map.kakao.com/1053608780,13000,20000,10,true,,,,,,,kakao
31720251,Jongno 24 Hours Ramen Convenience Store,+82 10-9105-2002,"Seoul 11 Donhwamun-ro, Gwansu-dong",,37.57014,126.992256,Japanese,Sun 00:00~23:59 / Mon 00:00~23:59 / Tue 00:00~23:59 / Wed 00:00~23:59 / Thu 00:00~23:59 / Fri 00:00~23:59 / Sat 00:00~23:59,,https://dynamic-media-cdn.tripadvisor.com/media/photo-o/2e/74/74/ad/pictures-of-the-store.jpg?w=900&h=500&s=1,https://www.tripadvisor.com/Restaurant_Review-g294197-d31720251-Reviews-Jongno_24_Hours_Ramen_Convenience_Store-Seoul.html,3,3.7,,,,,,,,,,,,,,,,tripadvisor
16667426,"Poolside Barbecue, Grand Hyatt Seoul",+82 2-799-8495,"Seoul 322 Sowol-ro, Yongsan-gu Gl, Grand Hyatt Seoul",04347,37.53881,126.99733,Barbecue,,"Open during the summer season, the seasonal outdoor restaurant presents one of the most romantic, poolside dining experiences in the city, with a selection of beef, pork, lamb and seafood barbeques and a buffet of fresh salads, appetizers, condiments and desserts.",https://dynamic-media-cdn.tripadvisor.com/media/photo-o/16/81/6c/78/exotic-dining-experience.jpg?w=900&h=500&s=1,https://www.tripadvisor.com/Restaurant_Review-g294197-d16667426-Reviews-Poolside_Barbecue_Grand_Hyatt_Seoul-Seoul.html,8,4.8,,A barbecue party by the outdoor pool in the city.,,11251806,https://place.map.kakao.com/11251806,69000,103500,2,true,true,,true,,,,
9434168,Couscous Tunisian Home Kitchen,+82 2-6357-5762,"Seoul 16-2, Jahamun-ro 5-gil, Jongno-gu",03040,37.577747,126.97132,,월 11:30~22:30 / 수 11:30~22:30 / 목 11:30~22:30 / 금 11:30~22:30 / 토 11:30~22:30 / 일 11:30~22:30,"A place where you can feel Tunisia while listening to Tunisian music, viewing Tunisian photos, and eating food served in Tunisian dishes. Korea's only Tunisian cuisine specialty restaurant.",https://dynamic-media-cdn.tripadvisor.com/media/photo-o/26/98/d7/f5/caption.jpg?w=200&h=200&s=1&cx=4371&cy=2305&chk=v1_61d445397c32bc84ce48,https://www.tripadvisor.com/Restaurant_Review-g294197-d9434168-Reviews-Couscous_Tunisian_Home_Kitchen-Seoul.html,21,4.3,Western,"The only Tunisian restaurant in the country, where you can enjoy Tunisian music, photos, and stories.",,23642006,https://place.map.kakao.com/23642006,8000,23000,5,,,,,,,true,kakao
7748355,Myeongdong Budae Jjigae,+82 2-752-6800,"Seoul 25-7, Myeongdong-Gil, Jung-Gu",04534,,,,월 10:00~22:00 / 화 10:00~22:00 / 수 10:00~22:00 / 목 10:00~22:00 / 금 10:00~22:00 / 토 10:00~22:00 / 일 10:00~22:00,,https://dynamic-media-cdn.tripadvisor.com/media/photo-o/29/73/6b/2b/caption.jpg?w=900&h=500&s=1,https://www.tripadvisor.com/Restaurant_Review-g294197-d7748355-Reviews-Myeongdong_Budae_Jjigae-Seoul.html,7,4.3,"Jjigae (stew), hot pot",,,20749759,https://place.map.kakao.com/20749759,6000,10000,5,,,,,,,,kakao
4820068,Mapo Galmegi,+82 2-712-0655,"Seoul 194-8, Dohwa-dong, Mapo-gu",,37.542057,126.95108,"Asian, Korean",월 11:30~22:00 / 화 11:30~22:00 / 수 11:30~22:00 / 목 11:30~22:00 / 금 11:30~22:00 / 토 11:30~22:00 / 일 11:30~22:00,,https://dynamic-media-cdn.tripadvisor.com/media/photo-o/1a/89/3d/67/caption.jpg?w=800&h=400&s=1,https://www.tripadvisor.com/Restaurant_Review-g294197-d4820068-Reviews-Mapo_Galmegi-Seoul.html,42,4.0,"Meat, Korean BBQ",The essence of skirt steak paired with steamed eggs.,,25849722,https://place.map.kakao.com/25849722,4000,10000,7,true,true,true,,,,,kakao
15082856,1842,+82 2-792-1842,"Seoul 244, Itaewon-ro, Yongsan-gu Twin Building L1",04400,37.536568,127.000435,"Steakhouse, Bar, European, Grill, Pub, Czech",월 12:00~22:30 / 화 12:00~22:30 / 수 12:00~22:30 / 목 12:00~22:30 / 금 12:00~22:30 / 토 12:00~22:30 / 일 12:00~22:30,"There’s Always Room for One More at the Table 1842 is a Czech inspired restaurant in Itaewon Seoul. Partners, Concept Kitchens and Pilsner Urquell, invite you to our unique urban-green Czech inspired space. Home of Korea’s perfect pour, 1842 proudly showcases Pilsner Urquell & Kozel beers with a premium selection of cocktails and wines. Executive Chef Julien Hiotis combines rustic European provincial cuisine with locally sourced ingredients to introduce new dishes never before served in Korea. Keepers of the Craft. Well Served here.",https://dynamic-media-cdn.tripadvisor.com/media/photo-o/26/98/d7/f5/caption.jpg?w=200&h=200&s=1&cx=4371&cy=2305&chk=v1_61d445397c32bc84ce48,https://www.tripadvisor.com/Restaurant_Review-g294197-d15082856-Reviews-1842-Seoul.html,17,4.1,Western,"Restaurant 1842, inspired by Czech cuisine, has opened in Itaewon, Seoul.",,795760330,https://place.map.kakao.com/795760330,9000,25000,16,,,,,,,true,kakao
8734172,Ashley New Core Outlet Gangnam,+82 2-3477-1030,"Seoul 69, Jamwon-ro, Seocho-gu 1F Kims Parking Tower",06511,37.509796,127.00713,"Asian, Korean",,,https://dynamic-media-cdn.tripadvisor.com/media/photo-o/0b/ba/a8/36/photo0jpg.jpg?w=700&h=400&s=1,https://www.tripadvisor.com/Restaurant_Review-g294197-d8734172-Reviews-Ashley_New_Core_Outlet_Gangnam-Seoul.html,14,4.1,,,,,,,,,,,,,,,,
14138957,Seokshinhanu,+82 10-9321-1188,"Seoul Majanglo 37gil 55 1F, Seokshinhanu",04752,37.570248,127.041725,"Steakhouse, Asian, Korean, Diner",Sun 09:00~21:00 / Mon 09:00~21:00 / Tue 09:00~21:00 / Wed 09:00~21:00 / Thu 09:00~21:00 / Fri 09:00~21:00 / Sat 09:00~21:00,"Seokshinhanu 40 Years of Tradition in Majang Meat Market. Seokshinhanu is a premium boutique specializing in the ""Art of Aging."" We strictly select only the highest 1++ Grade Hanwoo (Premium Korean Beef) and age it to perfection to ensure the ultimate flavor and texture. [Our Signature Aging Techniques] ■ 30-Day Water-Aging: Submerged in a low-temperature water tank for 30 days. This constant pressure creates an overwhelmingly rich and silky-smooth texture. ■ 50-Day Wet-Aging: Aged in a vacuum-sealed, temperature-controlled environment for 50 days. This process maximizes the deep, nutty juices and intense savory flavor from within the meat. [Product Information] ■ Signature Cuts: Top-tier 1++ Hanwoo, including 50-Day Wet-Aged Ribeye, Striploin, and Skirt Meat, plus our 30-Day Water-Aged Tenderloin. ■ Expert Trimming: We meticulously remove all unnecessary fat, so you only pay for the best, most flavorful parts.",https://dynamic-media-cdn.tripadvisor.com/media/photo-o/32/b6/c7/1c/40-1-40-years-of-tradition.jpg?w=900&h=500&s=1,https://www.tripadvisor.com/Restaurant_Review-g294197-d14138957-Reviews-Seokshinhanu-Seoul.html,3,5.0,,,,26459313,https://place.map.kakao.com/26459313,,,,,,,,,,,tripadvisor
8984929,Han Cow Ban,+82 2-3453-1500,"Seoul 249, Cheonggyesan-Ro",,37.44357,127.05871,,월 11:00~20:30 / 화 11:00~20:30 / 수 11:00~20:30 / 목 11:00~20:30 / 금 11:00~20:30 / 토 11:00~20:30 / 일 11:00~20:30,There is no content for Han Cow Ban yet.,https://dynamic-media-cdn.tripadvisor.com/media/photo-o/11/5a/8c/ef/20171124-191538-largejpg.jpg?w=900&h=-1&s=1,https://www.tripadvisor.com/Restaurant_Review-g294197-d8984929-Reviews-Han_Cow_Ban-Seoul.html,3,4.7,"Jokbal (braised pig trotters), bossam",A set of tender bossam and crispy acorn pancakes.,,11914726,https://place.map.kakao.com/11914726,10000,16000,5,true,,,,,,,kakao
8780545,Vera Hannam,+82 2-796-7223,"Seoul 272, Itaewon-ro, Yongsan-gu 3F Passion 5 Bldg.",04399,37.53877,127.00193,"Italian, Pizza, Seafood",월 11:00~21:00 / 화 11:00~21:00 / 수 11:00~21:00 / 목 11:00~21:00 / 금 11:00~21:00 / 토 11:00~21:00 / 일 11:00~21:00,,https://dynamic-media-cdn.tripadvisor.com/media/photo-o/26/98/d7/f5/caption.jpg?w=200&h=200&s=1&cx=4371&cy=2305&chk=v1_61d445397c32bc84ce48,https://www.tripadvisor.com/Restaurant_Review-g294197-d8780545-Reviews-Vera_Hannam-Seoul.html,16,4.5,Pizza,A deep-flavored Italian space with wood-fired pizza.,일 20:00 / 월 20:00 / 화 20:00 / 수 20:00 / 목 20:00 / 금 20:00 / 토 20:00,19410093,https://place.map.kakao.com/19410093,25000,32000,19,true,true,true,true,,,,kakao
9560054,Haebyeone Kkotge Insadong,+82 2-722-7237,"Seoul 5-3, Insadong 3-gil, Jongno-gu",03164,37.477543,127.00857,Seafood,Sun 11:00~22:00 / Mon 11:00~22:00 / Tue 11:00~22:00 / Wed 11:00~22:00 / Thu 11:00~22:00 / Fri 11:00~22:00 / Sat 11:00~22:00,,https://dynamic-media-cdn.tripadvisor.com/media/photo-o/13/83/77/64/photo1jpg.jpg?w=900&h=500&s=1,https://www.tripadvisor.com/Restaurant_Review-g294197-d9560054-Reviews-Haebyeone_Kkotge_Insadong-Seoul.html,27,3.8,,,,,,,,,,,,,,,,tripadvisor
9043022,Marukame Jemyeon Myeongdong,+82 2-318-3210,"Seoul 8, Myeongdong 2-gil, Jung-gu 1F",04535,37.563004,126.98241,"Japanese, Cafe, Asian",월 08:00~21:30 / 화 08:00~21:30 / 수 08:00~21:30 / 목 08:00~21:30 / 금 08:00~21:30 / 토 08:00~21:30 / 일 08:00~21:30,,https://dynamic-media-cdn.tripadvisor.com/media/photo-o/17/5c/b4/c8/photo2jpg.jpg?w=900&h=500&s=1,https://www.tripadvisor.com/Restaurant_Review-g294197-d9043022-Reviews-Marukame_Jemyeon_Myeongdong-Seoul.html,14,4.1,"Pork cutlet, udon",'Akinai Noodle' is a specialty shop for Sanuki udon.,일 21:00 / 월 21:00 / 화 21:00 / 수 21:00 / 목 21:00 / 금 21:00 / 토 21:00,302836751,https://place.map.kakao.com/302836751,6000,9000,22,,,,,,,true,kakao
4083862,BonJuk Dongdaemun Migliore,+82 2-2267-6288,"Seoul 18-187, Euljiro 6-ga Jung-gu",,37.567993,127.00684,"Asian, Korean",월 09:00~21:00 / 화 09:00~21:00 / 수 09:00~21:00 / 목 09:00~21:00 / 금 09:00~21:00 / 토 09:00~21:00 / 일 09:00~21:00,,https://dynamic-media-cdn.tripadvisor.com/media/photo-o/09/6d/09/af/caption.jpg?w=900&h=500&s=1,https://www.tripadvisor.com/Restaurant_Review-g294197-d4083862-Reviews-BonJuk_Dongdaemun_Migliore-Seoul.html,22,3.9,Juk (rice porridge),,,22014657,https://place.map.kakao.com/22014657,11500,15000,30,,,,,,,,kakao
4071061,Seven Springs Times Square,+82 2-2638-2638,"Seoul 15, Yeongjung , Yeongdeungpo-gu B #110, B1F, Time Square Mall",,37.517593,126.90378,Fusion,,,https://dynamic-media-cdn.tripadvisor.com/media/photo-o/0e/7f/11/02/seven-springs-times-square.jpg?w=900&h=500&s=1,https://www.tripadvisor.com/Restaurant_Review-g294197-d4071061-Reviews-Seven_Springs_Times_Square-Seoul.html,16,4.3,,,,,,,,,,,,,,,,
25165183,Brazuca Grill,+82 2-3789-2330,"Seoul 19, Mugyo-ro, Jung-gu 3F",04520,37.567642,126.97897,"Steakhouse, Brazilian, Barbecue, South American",월 11:00~22:00 / 화 11:00~22:00 / 수 11:00~22:00 / 목 11:00~22:00 / 금 11:30~21:30 / 토 11:30~21:30,"[Brazilian BBQ, Churrasco in Seoul] You can enjoy authentic BBQ beef in Brazuca Grill. Come and enjoy Real BBQ in Center of Seoul. *We have All you can eat churrasco course menu",https://dynamic-media-cdn.tripadvisor.com/media/photo-o/26/98/d7/f5/caption.jpg?w=200&h=200&s=1&cx=4371&cy=2305&chk=v1_61d445397c32bc84ce48,https://www.tripadvisor.com/Restaurant_Review-g294197-d25165183-Reviews-Brazuca_Grill-Seoul.html,3,5.0,Western,Brajucca Grill specializes in Brazilian barbecue courses known as Churrasco.,,356383284,https://place.map.kakao.com/356383284,23900,43900,6,true,,,,,,true,kakao
24120540,Bankers Club by Banyan Tree,+822-3705-5111,Seoul 19 Myeongdong 11-gil Korea Federation Of Banks,,37.564976,126.98545,"International, Asian, Korean",월 11:30~22:00 / 화 11:30~22:00 / 수 11:30~22:00 / 목 11:30~22:00 / 금 11:30~22:00,,https://dynamic-media-cdn.tripadvisor.com/media/photo-o/30/67/dd/ae/caption.jpg?w=200&h=200&s=1&cx=4096&cy=2752&chk=v1_4cc8bb50a02acd7b87cb,https://www.tripadvisor.com/Restaurant_Review-g294197-d24120540-Reviews-Bankers_Club_by_Banyan_Tree-Seoul.html,9,4.9,Korean,A private ceremony with a traditional galbitang feast in a hotel setting.,,348875527,https://place.map.kakao.com/348875527,25000,35000,19,true,,true,,true,,,kakao
10312616,Ssong Thai - Itaewon,+82 2-798-2495,"Seoul 111, Bogwang-ro, Yongsan-gu 2F",04391,37.53372,126.99268,Thai,월 11:15~23:30 / 화 11:15~23:30 / 수 11:15~23:30 / 목 11:15~23:30 / 금 11:15~23:30 / 토 11:15~23:30 / 일 11:15~23:30,"The place where you can feel Bangkok in Seoul. Enjoy your happiness with SSONG THAI! SSONG THAI started with a variety of experience of running Thai restaurant. Through that experience, we maximized strengths and corrected drawbacks. We think taste, cleanliness, and service mind is basic for good restaurant.",https://dynamic-media-cdn.tripadvisor.com/media/photo-o/1b/18/90/4e/caption.jpg?w=900&h=500&s=1,https://www.tripadvisor.com/Restaurant_Review-g294197-d10312616-Reviews-Ssong_Thai_Itaewon-Seoul.html,8,4.5,Thai,A feast of authentic Thai flavors in a dreamy atmosphere.,,26988317,https://place.map.kakao.com/26988317,15000,17000,5,true,,,,,true,,kakao
15244016,Thai Dony Pork - Seoul Bangi,+82 2-418-2585,"Seoul 18-22, Olympic-ro 32-gil, Songpa-gu 1F",05548,37.51402,127.10817,"Steakhouse, International, Barbecue, Korean, Healthy",Sun 13:00~23:00 / Mon 11:30~14:00 / Mon 17:00~00:00 / Tue 11:30~14:00 / Tue 17:00~00:00 / Wed 11:30~14:00 / Wed 17:00~00:00 / Thu 11:30~14:00 / Thu 17:00~00:00 / Fri 11:30~14:00 / Fri 17:00~00:00 / Sat 13:00~23:00,Good place to have dinner. 4 kinds of grilled Pork.,https://dynamic-media-cdn.tripadvisor.com/media/photo-o/17/86/86/69/caption.jpg?w=900&h=500&s=1,https://www.tripadvisor.com/Restaurant_Review-g294197-d15244016-Reviews-Thai_Dony_Pork_Seoul_Bangi-Seoul.html,12,4.9,,,,,,,,,,,,,,,,tripadvisor
9370294,gimganegobchang-gu-i daelim-yeogbonjeom,+82 2-867-0445,"Seoul 93, Dorim-Ro",,,,"Asian, Korean, Grill",월 14:00~01:00 / 화 14:00~01:00 / 수 14:00~01:00 / 목 14:00~01:00 / 금 14:00~01:00 / 토 14:00~01:00 / 일 14:00~24:00,"Kimganae Gopchang Gui Daerim Station main branch is a gopchang restaurant with tradition, specializing only in grilled beef intestines at the same spot near Daerim Station in Seoul since 2010. Keeping the same menu at the same location for over 16 years, it has been steadily loved by local residents, office workers, and many regulars. Using only fresh beef intestines sourced directly from the cattle market each day, it trims and pre-grills in-store to deliver a clean, savory taste with no off-smell. Many customers seek it out for its clean, non-greasy texture with the gop (fatty filling) still intact, along with a variety of standard accompaniments such as fresh chives, liver, and omasum.",https://dynamic-media-cdn.tripadvisor.com/media/photo-o/01/48/46/53/ayers-rock.jpg?w=200&h=200&s=1,https://www.tripadvisor.com/Restaurant_Review-g294197-d9370294-Reviews-Gimganegobchang_gu_i_daelim_yeogbonjeom-Seoul.html,12,4.9,Gopchang (grilled beef intestines),"Experience 16 years of tradition with our savory grilled tripe, full of smoky flavor.",,11260612,https://place.map.kakao.com/11260612,3000,25000,9,,,,,,,,kakao
9205047,Yujin Sikdang,+82 2-764-2835,"Seoul 40, Jong-ro 17-gil, Jongno-gu",03140,37.571877,126.98791,"Asian, Korean",수 11:30~21:00 / 목 11:30~21:00 / 금 11:30~21:00 / 토 11:30~21:00 / 일 11:30~21:00,,https://dynamic-media-cdn.tripadvisor.com/media/photo-o/26/98/d7/f5/caption.jpg?w=200&h=200&s=1&cx=4371&cy=2305&chk=v1_61d445397c32bc84ce48,https://www.tripadvisor.com/Restaurant_Review-g294197-d9205047-Reviews-Yujin_Sikdang-Seoul.html,25,4.1,Naengmyeon (cold noodles),Pyongyang cold noodles with a rich taste from a traditional restaurant.,,8041476,https://place.map.kakao.com/8041476,4000,11000,15,false,,,,,,,kakao
15320371,Daily Beer - Jongrogu Office,+82 2-733-9663,"Seoul 80, Sambong-ro, Jongno-gu located just opposite to Shilla Stay Gwanghwamun",03158,37.57203,126.98159,"Brew Pub, Bar, Asian, Korean, Pub",월 17:00~02:00 / 화 17:00~02:00 / 수 17:00~02:00 / 목 17:00~02:00 / 금 17:00~02:00 / 토 17:00~02:00 / 일 17:00~02:00,"If you want to experience Korean style chickens, and craft beers, you should visit our pub ;)",https://dynamic-media-cdn.tripadvisor.com/media/photo-o/26/98/d7/f5/caption.jpg?w=200&h=200&s=1&cx=4371&cy=2305&chk=v1_61d445397c32bc84ce48,https://www.tripadvisor.com/Restaurant_Review-g294197-d15320371-Reviews-Daily_Beer_Jongrogu_Office-Seoul.html,28,4.9,Hof (Korean beer pub),A feast of chicken and beer unfolds under red neon lights.,,362958117,https://place.map.kakao.com/362958117,1500,17000,30,true,true,,,,,,kakao
13818932,Monk's Butcher,+82 2-790-1108,"Seoul 228-1, Itaewon-ro",04400,37.53546,126.99915,"International, Healthy, Wine Bar",월 11:00~23:00 / 화 11:00~23:00 / 수 11:00~23:00 / 목 11:00~23:00 / 금 11:00~23:00 / 토 11:00~23:00 / 일 11:00~23:00,"Vegetarian/Vegan Restaurant/Bar located in Itaewon, Seoul. Perfect place for vegetarian dining experience in Seoul",https://dynamic-media-cdn.tripadvisor.com/media/photo-o/26/98/d7/f5/caption.jpg?w=200&h=200&s=1&cx=4371&cy=2305&chk=v1_61d445397c32bc84ce48,https://www.tripadvisor.com/Restaurant_Review-g294197-d13818932-Reviews-Monk_s_Butcher-Seoul.html,14,4.9,Western,"Welcome to Monk's Butcher, a casual vegan restaurant and wine bar.",일 21:30 / 월 21:30 / 화 21:30 / 수 21:30 / 목 21:30 / 금 21:30 / 토 21:30,1701160594,https://place.map.kakao.com/1701160594,14000,18000,7,,,,,,true,,kakao
4032916,Eulmildae,+82 2-717-1922,"Seoul 147-6, Yeomni-dong, Mapo-gu",,37.547527,126.94543,"Asian, Korean",월 11:00~22:00 / 화 11:00~22:00 / 수 11:00~22:00 / 목 11:00~22:00 / 금 11:00~22:00 / 토 11:00~22:00 / 일 11:00~22:00,,https://dynamic-media-cdn.tripadvisor.com/media/photo-o/26/98/d7/f5/caption.jpg?w=200&h=200&s=1&cx=4371&cy=2305&chk=v1_61d445397c32bc84ce48,https://www.tripadvisor.com/Restaurant_Review-g294197-d4032916-Reviews-Eulmildae-Seoul.html,78,4.3,Naengmyeon (cold noodles),"Enjoy Pyongyang cold noodles with a deep beef flavor, established for 50 years.",,25048467,https://place.map.kakao.com/25048467,13000,20000,7,true,,true,,,,,kakao
32813815,Lucyd,,Seoul Samil-daero 32-gil 45,03131,37.5756,126.989624,Diner,Sun 09:00~17:00 / Mon 09:30~17:00 / Wed 09:30~17:00 / Thu 09:30~17:00 / Fri 09:30~17:00 / Sat 09:00~17:00,,https://dynamic-media-cdn.tripadvisor.com/media/photo-o/26/98/d7/f5/caption.jpg?w=200&h=200&s=1&cx=4371&cy=2305&chk=v1_61d445397c32bc84ce48,https://www.tripadvisor.com/Restaurant_Review-g294197-d32813815-Reviews-Lucyd-Seoul.html,6,4.0,,,,,,,,,,,,,,,,tripadvisor
8896425,chavit cuisine,+82 2-3477-3100,"Seoul 683, Olympic-daero, Seocho-gu Seocho-gu",06500,37.51246,126.99609,"Italian, Chinese, Japanese",월 11:30~21:30 / 화 11:30~21:30 / 수 11:30~21:30 / 목 11:30~21:30 / 금 11:30~21:30 / 토 11:30~21:30 / 일 11:00~21:30,chavit cuisine is Korea’s one and only buffet restaurant to sit on water. It offers over 160 types of high-class special dishes that deliver the authentic taste of food served at a reasonable price as you enjoy the magnificent views of the Han River in an open space.,https://dynamic-media-cdn.tripadvisor.com/media/photo-o/0a/14/bb/3a/caption.jpg?w=900&h=-1&s=1,https://www.tripadvisor.com/Restaurant_Review-g294197-d8896425-Reviews-Chavit_cuisine-Seoul.html,14,3.9,Buffet,An exquisite buffet experience with a view of the Han River.,일 21:00 / 월 21:00 / 화 21:00 / 수 21:00 / 목 21:00 / 금 21:00 / 토 21:00,25741769,https://place.map.kakao.com/25741769,22000,32500,9,true,true,true,true,,,,kakao
10202624,Dongwon Jip,+82 2-2265-1339,"Seoul 96-2 Euljiro 3-ga, Jung-gu",04543,37.567284,126.990944,"Asian, Korean",월 10:00~22:00 / 화 10:00~22:00 / 수 10:00~22:00 / 목 10:00~22:00 / 금 10:00~22:00 / 토 10:00~22:00,,https://dynamic-media-cdn.tripadvisor.com/media/photo-o/10/59/42/3d/20170819-140925-largejpg.jpg?w=900&h=500&s=1,https://www.tripadvisor.com/Restaurant_Review-g294197-d10202624-Reviews-Dongwon_Jip-Seoul.html,8,4.4,Gamjatang (pork bone stew),A traditional potato soup with rich broth and ample meat.,,1659599546,https://place.map.kakao.com/1659599546,12000,25000,12,true,,,,,,,kakao
25559059,Elder Burger,+82 2-462-5612,"Seoul 40-7 Seoulsup 2-gil, Seongdong-gu",,37.531555,127.025955,American,월 11:30~20:30 / 화 11:30~20:30 / 수 11:30~20:30 / 목 11:30~20:30 / 금 11:30~20:30 / 토 11:30~20:30 / 일 11:30~20:30,,https://dynamic-media-cdn.tripadvisor.com/media/photo-o/28/fd/6e/df/caption.jpg?w=900&h=500&s=1,https://www.tripadvisor.com/Restaurant_Review-g294197-d25559059-Reviews-Elder_Burger-Seoul.html,4,5.0,Burger,Relish thick handmade burgers infused with the charm of Seoul Forest.,,2100429143,https://place.map.kakao.com/2100429143,3500,14000,30,true,true,,true,,true,,kakao
13492177,Hummus Kitchen,+82 2-6137-5432,"Seoul 10 Gukjegeumyung-ro, Yeongdeungpo-gu B1, IFC Mall",,37.52472,126.92564,"Greek, Middle Eastern",,,https://dynamic-media-cdn.tripadvisor.com/media/photo-o/18/51/fe/96/photo1jpg.jpg?w=900&h=500&s=1,https://www.tripadvisor.com/Restaurant_Review-g294197-d13492177-Reviews-Hummus_Kitchen-Seoul.html,8,4.1,,,,,,,,,,,,,,,,
34086350,Saltrang Steak Samsung,+82 2-6012-7429,"Seoul 610 Teheran-ro Hotel Glad Gangnam COEX Center, Basement 1",,37.508865,127.06454,Steakhouse,월 11:30~22:00 / 화 11:30~22:00 / 수 11:30~22:00 / 목 11:30~22:00 / 금 11:30~22:00 / 토 11:30~22:00 / 일 11:30~22:00,,https://dynamic-media-cdn.tripadvisor.com/media/photo-o/32/45/c0/6a/caption.jpg?w=900&h=500&s=1,https://www.tripadvisor.com/Restaurant_Review-g294197-d34086350-Reviews-Saltrang_Steak_Samsung-Seoul.html,5,5.0,Western,A relaxed Western dining space inspired by Moroccan resort vibes.,일 19:45 / 월 14:00 / 월 19:45 / 화 14:00 / 화 19:45 / 수 14:00 / 수 19:45 / 목 14:00 / 목 19:45 / 금 14:00 / 금 19:45 / 토 19:45,212398871,https://place.map.kakao.com/212398871,4900,79000,27,,,,,,,,kakao
25451232,Seoul Brewery,+82 2-3409-7910,"Seoul 28-12, Yeonmujang-gil, Seongdong-gu",04781,37.54279,127.05267,"Italian, Pub, Gastropub, Beer restaurants",월 12:00~24:00 / 화 12:00~24:00 / 수 12:00~24:00 / 목 12:00~24:00 / 금 12:00~24:00 / 토 12:00~24:00 / 일 12:00~24:00,"Seoul Brewery is committed to exploring new beer styles without being confined by the past. As one of Korea's premier craft breweries, we utilize a diverse range of traditional ingredients—malt, hops, and yeast—along with seasonal additions to create rich and flavorful brews.",https://dynamic-media-cdn.tripadvisor.com/media/photo-o/28/da/87/8c/caption.jpg?w=800&h=400&s=1,https://www.tripadvisor.com/Restaurant_Review-g294197-d25451232-Reviews-Seoul_Brewery-Seoul.html,5,4.8,Hof (Korean beer pub),"Craft beer transformed into a delightful experience and culture, right here in Seoul.",,565712525,https://place.map.kakao.com/565712525,8000,9250,8,,,,,,true,true,kakao
28120062,Ggupdang Seongsu,+82 50-71358-6564,"Seoul Seongsui-ro 20-gil 10 10th Association Building, Room 104",,37.543217,127.05764,"Asian, Korean, Grill",월 15:00~23:00 / 화 15:00~23:00 / 수 15:00~23:00 / 목 15:00~23:00 / 금 15:00~23:00 / 토 12:00~23:00 / 일 12:00~23:00,,https://dynamic-media-cdn.tripadvisor.com/media/photo-o/2d/29/c0/d2/caption.jpg?w=900&h=-1&s=1,https://www.tripadvisor.com/Restaurant_Review-g294197-d28120062-Reviews-Ggupdang_Seongsu-Seoul.html,2,5.0,"Meat, Korean BBQ",Juicy pork neck grilled by an expert.,일 22:15 / 월 22:15 / 화 22:15 / 수 22:15 / 목 22:15 / 금 22:15 / 토 22:15,239928138,https://place.map.kakao.com/239928138,19000,20000,6,false,,,,,,,kakao
23890178,Charr,+82 2-330-7800,"Seoul 4F RYSE Hotel, 130, Yanghwa-ro, Mapo-gu",04038,37.55437,126.9213,"Italian, American, Asian, Korean",월 07:00~22:00 / 화 07:00~22:00 / 수 07:00~22:00 / 목 07:00~22:00 / 금 07:00~22:00 / 토 07:00~22:00 / 일 07:00~22:00,"CHARR offers an immersive dining experience with a harmony of Korean flavors with classic western dishes. CHARR’s dry-aged steaks give a tender and elegant texture with each bite. Grilling over apple wood charcoal infuses the meat with an authentic smokiness, perfectly balancing the diverse Korean flavors throughout the meal. The team behind CHARR prides itself on selectively sourcing only the finest local ingredients: Potatoes from Jeongsun, garlic from Uiseong, tomatoes from Gimje, and carrots from Jeju. Savor the one-of-a-kind culinary craftsmanship CHARR presents.",https://dynamic-media-cdn.tripadvisor.com/media/photo-o/2a/f6/ab/6d/tomahawk-steak-1kg.jpg?w=900&h=500&s=1,https://www.tripadvisor.com/Restaurant_Review-g294197-d23890178-Reviews-Charr-Seoul.html,2,4.5,Western,A hotel restaurant featuring apple tree and charcoal-grilled dishes as the main attraction.,,639468756,https://place.map.kakao.com/639468756,26000,64000,10,true,,,,,,true,kakao
26242676,Modern Shabu House,+82 2-6244-6200,Seoul Shinbanporo 176,,37.51502,127.01647,"Japanese, Japanese Fusion",,,https://dynamic-media-cdn.tripadvisor.com/media/photo-o/2c/ec/2f/af/caption.jpg?w=900&h=500&s=1,https://www.tripadvisor.com/Restaurant_Review-g294197-d26242676-Reviews-Modern_Shabu_House-Seoul.html,2,5.0,,Indulge in unlimited shabu-shabu in an elegant atmosphere.,,2023191026,https://place.map.kakao.com/2023191026,58000,78000,4,true,,,,,,true,
8678068,Chicken In The Kitchen Hongdae Main,+82 70-7526-2487,"Seoul 4-42, Wausan-ro 29-gil, Mapo-gu",04052,37.55508,126.92927,"Asian, Korean",월 17:00~24:00 / 화 17:00~24:00 / 수 17:00~24:00 / 목 17:00~24:00 / 금 17:00~02:00 / 토 15:00~02:00 / 일 15:00~24:00,,https://dynamic-media-cdn.tripadvisor.com/media/photo-o/26/98/d7/f5/caption.jpg?w=200&h=200&s=1&cx=4371&cy=2305&chk=v1_61d445397c32bc84ce48,https://www.tripadvisor.com/Restaurant_Review-g294197-d8678068-Reviews-Chicken_In_The_Kitchen_Hongdae_Main-Seoul.html,16,4.4,Korean fried chicken,"Since 2011, this Hongdae chicken shop has been serving the taste of love and peace - Chicken in the Kitchen.",,16378493,https://place.map.kakao.com/16378493,16000,25000,6,,,,,,,,kakao
5979659,Hu's Table,+82 2-742-5061,"Seoul 8, Changdeokgung 1ga-gil, Jongno-gu",,37.579586,126.988174,"Italian, Pizza, European",화 11:30~21:30 / 수 11:30~21:30 / 목 11:30~21:30 / 금 11:30~21:30 / 토 11:30~21:30 / 일 11:30~21:30,,https://dynamic-media-cdn.tripadvisor.com/media/photo-o/26/98/d7/f5/caption.jpg?w=200&h=200&s=1&cx=4371&cy=2305&chk=v1_61d445397c32bc84ce48,https://www.tripadvisor.com/Restaurant_Review-g294197-d5979659-Reviews-Hu_s_Table-Seoul.html,35,4.4,Italian,Antique-inspired wood-fired pizza and fresh pasta.,일 20:30 / 화 20:30 / 수 20:30 / 목 20:30 / 금 20:30 / 토 20:30,13082808,https://place.map.kakao.com/13082808,11000,20000,23,true,true,,,,true,,kakao
14116438,Yoogane Myeongdong 2nd Store,+82 2-3789-2492,"Seoul 8, Myeongdong 4-gil, Jung-gu",04536,37.56324,126.98349,"Asian, Korean",,,https://dynamic-media-cdn.tripadvisor.com/media/photo-o/14/53/6a/28/img-20170207-150540-largejpg.jpg?w=900&h=500&s=1,https://www.tripadvisor.com/Restaurant_Review-g294197-d14116438-Reviews-Yoogane_Myeongdong_2nd_Store-Seoul.html,17,4.0,,,,,,,,,,,,,,,,
4070646,Dami,+82 2-783-5167,"Seoul 36-4, Yeouido-dong, Yeongdeungpo-gu 1F, Oryun Bldg.",,37.52128,126.93273,Japanese,월 11:00~23:00 / 화 11:00~23:00 / 수 11:00~23:00 / 목 11:00~23:00 / 금 11:00~23:00,,https://dynamic-media-cdn.tripadvisor.com/media/photo-o/0e/60/1a/b9/caption.jpg?w=900&h=500&s=1,https://www.tripadvisor.com/Restaurant_Review-g294197-d4070646-Reviews-Dami-Seoul.html,9,4.8,"Seafood, fish",Layers of grilled fish infused with smoky flavors.,,8217961,https://place.map.kakao.com/8217961,12000,17500,20,true,true,,,,,,kakao
12703505,Kloud,+82 2-2050-6035,"Seoul 10, Teheran-ro 25-gil, Gangnam-gu 21F, Mercure Ambassador Gangnam Sodowe",06132,37.50128,127.035545,"Bar, Pub",,,https://dynamic-media-cdn.tripadvisor.com/media/photo-o/26/98/d7/f5/caption.jpg?w=200&h=200&s=1&cx=4371&cy=2305&chk=v1_61d445397c32bc84ce48,https://www.tripadvisor.com/Restaurant_Review-g294197-d12703505-Reviews-Kloud-Seoul.html,11,3.9,,A rooftop bar with city night views and soft lighting.,,964795655,https://place.map.kakao.com/964795655,,,,true,,,,,,,
15187501,Maxim Plant,+82 70-4287-8557,"Seoul 250, Itaewon-ro, Yongsan-gu",04400,37.537052,127.00094,Cafe,월 08:00~21:00 / 화 08:00~21:00 / 수 08:00~21:00 / 목 08:00~21:00 / 금 08:00~21:00 / 토 09:00~21:00 / 일 09:00~21:00,,https://dynamic-media-cdn.tripadvisor.com/media/photo-o/17/b5/39/31/photo6jpg.jpg?w=900&h=500&s=1,https://www.tripadvisor.com/Restaurant_Review-g294197-d15187501-Reviews-Maxim_Plant-Seoul.html,13,4.2,Cafe,"Each floor offers a different vibe, leaving a deep aftertaste of coffee.",,711864705,https://place.map.kakao.com/711864705,4900,5900,20,,,,,,,true,kakao
13859720,Our Bakery,+82 2-545-5556,"Seoul 10-11, Dosan-daero 45-gil, Gangnam-gu JYC2 Building",06020,37.5235,127.03687,Cafe,,,https://dynamic-media-cdn.tripadvisor.com/media/photo-o/1a/3c/a7/69/our-bakery.jpg?w=800&h=500&s=1,https://www.tripadvisor.com/Restaurant_Review-g294197-d13859720-Reviews-Our_Bakery-Seoul.html,16,4.0,,,,,,,,,,,,,,,,
3957242,Korea Samgyetang Sejongno Store,+82 2-737-1888,"Seoul 164 Sejongno, Jongno-gu",,37.571182,126.97605,"Asian, Korean",월 10:30~21:00 / 화 10:30~21:00 / 수 10:30~21:00 / 목 10:30~21:00 / 금 10:30~21:00 / 토 10:30~20:30 / 일 10:30~20:30,,https://dynamic-media-cdn.tripadvisor.com/media/photo-o/26/98/d7/f5/caption.jpg?w=200&h=200&s=1&cx=4371&cy=2305&chk=v1_61d445397c32bc84ce48,https://www.tripadvisor.com/Restaurant_Review-g294197-d3957242-Reviews-Korea_Samgyetang_Sejongno_Store-Seoul.html,20,4.5,Samgyetang (ginseng chicken soup),This is the Gwanghwamun branch of Goryeo Samgyetang at Gwanghwamun Intersection. *Reservations for Ohyang Jokbal are now open~,,25051694,https://place.map.kakao.com/25051694,20000,26000,7,,,,,,,true,kakao
10669868,Luii - Gwanghwamun,+82 2-736-8889,"Seoul 40, Sejong-daero 21-gil, Jung-gu",04519,37.56823,126.97583,"Chinese, Asian",,,https://dynamic-media-cdn.tripadvisor.com/media/photo-o/1c/a6/17/e0/luii-kitchen-m.jpg?w=900&h=500&s=1,https://www.tripadvisor.com/Restaurant_Review-g294197-d10669868-Reviews-Luii_Gwanghwamun-Seoul.html,11,4.5,,,,,,,,,,,,,,,,
27670802,Taco Tuesday,+82 2-462-7776,"Seoul 10 Wangsimni-ro 10-gil, Seongdong-gu 2rd Floor",04778,37.131172,128.96199,"Mexican, Bar, Pub, Diner, South American, Beer restaurants",월 11:00~22:00 / 화 11:00~22:00 / 수 11:00~22:00 / 목 11:00~22:00 / 금 11:00~22:00 / 토 11:00~22:00 / 일 11:00~22:00,,https://dynamic-media-cdn.tripadvisor.com/media/photo-o/2b/e5/5b/b6/mexican-beef-chimichanga.jpg?w=900&h=500&s=1,https://www.tripadvisor.com/Restaurant_Review-g294197-d27670802-Reviews-Taco_Tuesday-Seoul.html,2,5.0,"Mexican, Brazilian",Savor sensory Mexican tacos in a relaxed setting.,일 21:00 / 월 21:00 / 화 21:00 / 수 21:00 / 목 21:00 / 금 21:00 / 토 21:00,1248595613,https://place.map.kakao.com/1248595613,9000,11000,5,,,,,,,,kakao
9735742,Gino's NY Pizza,+82 2-792-2234,"Seoul 46, Noksapyeong-daero 40-gil, Yongsan-gu 2nd Floor",04345,37.534267,126.988235,"Italian, Pizza",월 11:30~22:00 / 화 11:30~22:00 / 수 11:30~22:00 / 목 11:30~22:00 / 금 11:30~22:00 / 토 11:30~22:00 / 일 11:30~21:00,"We import high quality unbleached flour and California plum tomatoes. Our NY style dough is made from scratch, aged in-house, hand-tossed, and topped with our hand-crushed plum tomato sauce and house-shredded mozzarella. We bake each pizza to order in a brick deck to get that perfect thin crust.",https://dynamic-media-cdn.tripadvisor.com/media/photo-o/26/98/d7/f5/caption.jpg?w=200&h=200&s=1&cx=4371&cy=2305&chk=v1_61d445397c32bc84ce48,https://www.tripadvisor.com/Restaurant_Review-g294197-d9735742-Reviews-Gino_s_NY_Pizza-Seoul.html,38,3.8,Pizza,Crispy handmade pizza infused with New York spirit.,,27510661,https://place.map.kakao.com/27510661,20000,30000,15,true,,,,,true,,kakao
9153478,Je Ilje Noodle So,+82 2-6137-5280,"Seoul 10, Gukje Geumyung-Ro",,37.525364,126.92558,Asian,월 10:30~21:30 / 화 10:30~21:30 / 수 10:30~21:30 / 목 10:30~21:30 / 금 10:30~21:30 / 토 10:30~21:30 / 일 10:30~21:30,,https://dynamic-media-cdn.tripadvisor.com/media/photo-o/10/66/87/e4/photo0jpg.jpg?w=900&h=500&s=1,https://www.tripadvisor.com/Restaurant_Review-g294197-d9153478-Reviews-Je_Ilje_Noodle_So-Seoul.html,26,3.8,Noodles,The fresh delight of rotating shabu-shabu.,일 21:00 / 월 21:00 / 화 21:00 / 수 21:00 / 목 21:00 / 금 21:00 / 토 21:00,18369973,https://place.map.kakao.com/18369973,,,,true,true,,true,,,,kakao
11846705,Dooki Tteokbokki Hyundai City Outlet Dongdaemun,+82 2-2283-2906,"Seoul 20, Jangchungdan-ro 13-gil, Jung-gu 9F, Hyundai City Outlet",04563,37.5687,127.00767,"Asian, Korean",,,https://dynamic-media-cdn.tripadvisor.com/media/photo-o/0e/d9/29/20/dooki-tteokbokki-hyundai.jpg?w=900&h=500&s=1,https://www.tripadvisor.com/Restaurant_Review-g294197-d11846705-Reviews-Dooki_Tteokbokki_Hyundai_City_Outlet_Dongdaemun-Seoul.html,8,4.8,,The joy of creating your own instant tteokbokki.,,2043081502,https://place.map.kakao.com/2043081502,5900,10400,4,true,true,,,,,,
10250277,Root,+82 2-797-9505,"Seoul 26-4 Itaewon-ro 55ga-gil, Yongsan-gu 2f",04348,37.53727,127.00004,Cafe,화 11:00~20:30 / 수 11:00~20:30 / 목 11:00~20:30 / 금 11:00~20:30 / 토 11:00~20:30 / 일 11:00~20:30,,https://dynamic-media-cdn.tripadvisor.com/media/photo-o/26/98/d7/f5/caption.jpg?w=200&h=200&s=1&cx=4371&cy=2305&chk=v1_61d445397c32bc84ce48,https://www.tripadvisor.com/Restaurant_Review-g294197-d10250277-Reviews-Root-Seoul.html,23,4.4,Western,Relax in a comfortable and healthy brunch space.,,82608069,https://place.map.kakao.com/82608069,8000,15000,23,false,true,,,,,,kakao
13141790,Rubrica,+82 2-317-0033,"Seoul 106, Sogong-ro, Jung-gu Lower Lobby, Seoul Westin Chosun Hotel",04533,37.564056,126.98012,Italian,,,https://dynamic-media-cdn.tripadvisor.com/media/photo-o/26/98/d7/f5/caption.jpg?w=200&h=200&s=1&cx=4371&cy=2305&chk=v1_61d445397c32bc84ce48,https://www.tripadvisor.com/Restaurant_Review-g294197-d13141790-Reviews-Rubrica-Seoul.html,17,4.3,,Tender Hanwoo tenderloin paired with luxurious Italian cuisine.,,1999647180,https://place.map.kakao.com/1999647180,65000,125000,4,true,true,true,,,,,
9217013,Todai Junggye,+82 2-3391-7888,"Seoul 258, Seombat-ro, Nowon-gu",01779,,,"Asian, Korean",,,https://dynamic-media-cdn.tripadvisor.com/media/photo-o/0b/88/8b/ba/caption.jpg?w=900&h=-1&s=1,https://www.tripadvisor.com/Restaurant_Review-g294197-d9217013-Reviews-Todai_Junggye-Seoul.html,10,3.3,,,,,,,,,,,,,,,,
27970466,Moggumung Sinnonhyeon Branch,+820507-1350-9280,"Seoul 16, Bongeunsa-ro 2-gil, Gangnam-guf Korea 1f",06123,37.50355,127.0257,"Asian, Korean, Grill",월 16:00~24:00 / 화 16:00~24:00 / 수 16:00~24:00 / 목 16:00~24:00 / 금 16:00~24:00 / 토 13:30~23:00 / 일 13:30~23:00,,https://dynamic-media-cdn.tripadvisor.com/media/photo-o/2f/49/18/01/caption.jpg?w=900&h=500&s=1,https://www.tripadvisor.com/Restaurant_Review-g294197-d27970466-Reviews-Moggumung_Sinnonhyeon_Branch-Seoul.html,1,5.0,"Meat, Korean BBQ","A grill house serving lid-cooked pork belly, located between Sinnonhyeon and Gangnam stations.",,1116539400,https://place.map.kakao.com/1116539400,4500,6500,8,,,,,,,,kakao
26680721,Saeseoul,+82 70-4176-8888,Seoul 28-5 Donhwamun-ro 11-gil 3F,,37.572815,126.98983,"Bar, Korean, Pub",월 17:00~01:00 / 화 17:00~01:00 / 수 17:00~01:00 / 목 17:00~01:00 / 금 17:00~01:00 / 토 17:00~01:00 / 일 17:00~01:00,"SAESEOUL (@sae.seoul), nestled in the heart of Jongno, is a captivating multiplex that provides panoramic views of the picturesque Hanok district. Begin your journey on the 1st and 2nd floors, where a dynamic game arcade awaits with options to suit gamers of all levels. Then proceed to the 3rd floor, immerse yourself in an unparalleled bar experience while enjoying innovative Korean-inspired cocktails, and delectable bites. The highlight awaits on the 5th floor—a rooftop terrace offering breathtaking vistas of the historic Hanok district. Special events/promotions are informed on instagram (@sae.seoul).",https://dynamic-media-cdn.tripadvisor.com/media/photo-o/26/98/d7/f5/caption.jpg?w=200&h=200&s=1&cx=4371&cy=2305&chk=v1_61d445397c32bc84ce48,https://www.tripadvisor.com/Restaurant_Review-g294197-d26680721-Reviews-Saeseoul-Seoul.html,7,4.3,"Bar, pub","The hottest bar in Jongno, where you can enjoy various drinks with a romantic hanok view.",일 24:00 / 월 24:00 / 화 24:00 / 수 24:00 / 목 24:00 / 금 24:00 / 토 24:00,55677891,https://place.map.kakao.com/55677891,17000,18000,8,,,,,,,,kakao
15410912,J. Hidden House,+82 2-744-1915,Seoul Jongro 269-4 Jong-ro,03124,37.571426,127.00795,"American, Cafe, Asian, Korean",Sun 11:00~20:00 / Tue 11:00~20:00 / Wed 11:00~20:00 / Thu 11:00~20:00 / Fri 11:00~20:00 / Sat 11:00~20:00,"J.HiddenHouse is Seoul's newest destination cafe built into a grand Korean hanok courtyard house over +100 years old. A ""hidden"" oasis in the busiest district of Dongdaemun, experience an otherworldly peace in its terrace and bamboo garden. Designed and curated to showcase the ""Best of Modern Korea,"" taste the best beverage and food Korea has to offer today. Get travel tips in English & Japanese!",https://dynamic-media-cdn.tripadvisor.com/media/photo-o/15/87/11/c2/photo2jpg.jpg?w=900&h=500&s=1,https://www.tripadvisor.com/Restaurant_Review-g294197-d15410912-Reviews-J_Hidden_House-Seoul.html,8,4.6,,,,,,,,,,,,,,,,tripadvisor
4070542,Ashley Home Plus Sindorim,+82 2-3439-7760,"Seoul 337, Sindorim-dong, Guro-gu B1F, Homeplus",,37.509693,126.88823,"Barbecue, Fusion",월 10:00~22:00 / 화 10:00~22:00 / 수 10:00~22:00 / 목 10:00~22:00 / 금 10:00~22:00 / 토 10:00~22:00,,https://dynamic-media-cdn.tripadvisor.com/media/photo-o/1a/bc/f7/bf/caption.jpg?w=900&h=-1&s=1,https://www.tripadvisor.com/Restaurant_Review-g294197-d4070542-Reviews-Ashley_Home_Plus_Sindorim-Seoul.html,19,3.6,Donuts,Cute character donuts for a sweet moment.,,12323337,https://place.map.kakao.com/12323337,2300,5500,30,,,,,,,,kakao
17115333,Paris Croissant - Gwanghwamun,+82 2-722-8223,"Seoul 1, Jong-ro, Jongno-gu",03154,37.570904,126.978035,Cafe,월 07:00~22:00 / 화 07:00~22:00 / 수 07:00~22:00 / 목 07:00~22:00 / 금 07:00~22:00 / 토 07:00~22:00 / 일 07:00~22:00,,https://dynamic-media-cdn.tripadvisor.com/media/photo-o/19/a2/85/2a/photo2jpg.jpg?w=900&h=500&s=1,https://www.tripadvisor.com/Restaurant_Review-g294197-d17115333-Reviews-Paris_Croissant_Gwanghwamun-Seoul.html,5,4.6,Bakery,An upscale bakery enjoyed in a calm space.,,117723606,https://place.map.kakao.com/117723606,4900,11000,30,true,,,,,,,kakao
19121755,Volpino - Seoul,+82 10-2249-1571,"Seoul 10-7, Dosan-daero 45-gil, Gangnam-gu",06021,37.523453,127.0364,"Italian, French, European, Grill",,,https://dynamic-media-cdn.tripadvisor.com/media/photo-o/26/8a/07/88/caption.jpg?w=900&h=500&s=1,https://www.tripadvisor.com/Restaurant_Review-g294197-d19121755-Reviews-Volpino_Seoul-Seoul.html,4,4.5,,,,,,,,,,,,,,,,
26631239,Schedule Seongsu,+82 2-466-0236,"Seoul 2F, 104, Achasan-ro, Seongdong-gu",04782,37.54446,127.05541,"Italian, Pizza, Cafe, Asian, Korean, Fusion",월 11:00~24:00 / 화 11:00~24:00 / 수 11:00~24:00 / 목 11:00~24:00 / 금 11:00~24:00 / 토 11:00~24:00 / 일 11:00~24:00,"Schedule Seongsu is a European-inspired multicultural space. You can feel the best service with a variety of foods, desserts, and alcoholic beverages. Starting with Cheongdam, it is currently located nationwide, including Hapjeong Branch in Mapo-gu, Haeundae Branch in Busan, Yangyang Branch in Gangwon-do, and Dongtan (Lotte Department Store) and Seongsu Branch.",https://dynamic-media-cdn.tripadvisor.com/media/photo-o/2f/da/db/3b/interior-space.jpg?w=900&h=500&s=1,https://www.tripadvisor.com/Restaurant_Review-g294197-d26631239-Reviews-Schedule_Seongsu-Seoul.html,1,5.0,Western,A must-visit for wood-fired pizza with a European flair.,,1466610374,https://place.map.kakao.com/1466610374,16000,28000,32,true,true,true,,,true,,kakao
26270009,Pho Thin NC Department Store Guro,+82 2-6923-2123,"Seoul 152 Gurojungang-ro, Guro-gu B1/f",,37.50106,126.88268,Vietnamese,월 10:03~21:00 / 화 10:03~21:00 / 수 10:03~21:00 / 목 10:03~21:00 / 금 10:30~22:00 / 토 10:30~22:00 / 일 10:30~22:00,,https://dynamic-media-cdn.tripadvisor.com/media/photo-o/29/dc/2b/00/caption.jpg?w=900&h=500&s=1,https://www.tripadvisor.com/Restaurant_Review-g294197-d26270009-Reviews-Pho_Thin_NC_Department_Store_Guro-Seoul.html,1,5.0,Korean,A refined meal space where tradition and modernity coexist.,,1045706769,https://place.map.kakao.com/1045706769,,,,true,true,,true,,,,kakao
21019725,Oak Restaurant,+82 2-3466-7277,Seoul Hoterokeuudeupeurimieo 46 Teheranro87-Gil 135-525,06164,37.510807,127.05804,"Steakhouse, Bar, Pizza, Cafe, Pub, Wine Bar",Sun 07:00~22:00 / Mon 07:00~22:00 / Tue 07:00~22:00 / Wed 07:00~22:00 / Thu 07:00~22:00 / Fri 07:00~22:00 / Sat 07:00~22:00,"The Oak Restaurant offers a variety of dishes, including selected salad, pasta, and steak by a chef with 20 years of experience in a luxury hotel. In particular, carefully selected ingredients and traditional Korean food are provided in a menu that is good for your health.",https://dynamic-media-cdn.tripadvisor.com/media/photo-o/1b/72/22/d8/caption.jpg?w=700&h=-1&s=1,https://www.tripadvisor.com/Restaurant_Review-g294197-d21019725-Reviews-Oak_Restaurant-Seoul.html,2,5.0,,,,2088549551,https://place.map.kakao.com/2088549551,,,,,,,,,,,tripadvisor
15101204,Ungteori Saengkogi - Hongdae,+82 2-324-9588,"Seoul 25, Hongik-ro, Mapo-gu",04039,37.55511,126.92337,"Asian, Korean",월 11:00~23:00 / 화 11:00~23:00 / 수 11:00~23:00 / 목 11:00~23:00 / 금 11:00~23:00 / 토 11:00~23:00 / 일 11:00~23:00,,https://dynamic-media-cdn.tripadvisor.com/media/photo-o/14/f8/fc/0a/ungteori-saengkogi-hongdae.jpg?w=900&h=500&s=1,https://www.tripadvisor.com/Restaurant_Review-g294197-d15101204-Reviews-Ungteori_Saengkogi_Hongdae-Seoul.html,5,4.4,"Meat, Korean BBQ",Unlimited refills of thick raw meat and soybean paste stew.,,223805426,https://place.map.kakao.com/223805426,4800,7500,22,true,true,,,,,,kakao
20262761,IM SO SEOUL Gwanghwamun,+82 2-6744-0123,"Seoul 76, Saemunan-ro, Jongno-gu Concordion Building B1",03185,37.569756,126.97317,"Asian, Korean",Sun 11:00~23:00 / Mon 11:00~23:00 / Tue 11:00~23:00 / Wed 11:00~23:00 / Thu 11:00~23:00 / Fri 11:00~23:00 / Sat 11:00~23:00,"Amso Seoul is Chef Tony Jung's 'Korean Dining Studio,' a blend of the brand's signature Hanwoo 'amso' (cow) and 'Seoul,' the city that most vividly embodies present-day Korean-ness. Amso Seoul's menu was completed from Joseon-era records among the ancient texts of our ancestors. Recreating the dishes of the yangban and noble head families who enjoyed fine dining among the foods that represented Hanyang, it was made together with mother-of-pearl, jang, jeotgal, and hangwa by Korea's top masters, along with fine liquors that represented Joseon. In this moment where tradition and modernity coexist, we invite you to feel and experience new Korean cuisine at Amso Seoul.",https://dynamic-media-cdn.tripadvisor.com/media/photo-o/1b/25/d8/08/caption.jpg?w=900&h=500&s=1,https://www.tripadvisor.com/Restaurant_Review-g294197-d20262761-Reviews-IM_SO_SEOUL_Gwanghwamun-Seoul.html,3,5.0,,,,,,,,,,,,,,,,tripadvisor
20351255,Hansang,+82 2-962-1472,"Seoul 248, Hwarang-ro, Seongbuk-gu Jangwi New Tower 13F",02787,37.61035,127.05689,,Sun 11:30~15:00 / Sun 16:30~22:00 / Mon 11:30~15:00 / Mon 16:30~22:00 / Tue 11:30~15:00 / Tue 16:30~22:00 / Wed 11:30~15:00 / Wed 16:30~22:00 / Thu 11:30~15:00 / Thu 16:30~22:00 / Fri 11:30~15:00 / Fri 16:30~22:00 / Sat 11:30~15:00 / Sat 16:30~22:00,,https://dynamic-media-cdn.tripadvisor.com/media/photo-o/1b/43/09/14/inside.jpg?w=900&h=-1&s=1,https://www.tripadvisor.com/Restaurant_Review-g294197-d20351255-Reviews-Hansang-Seoul.html,1,5.0,,,,,,,,,,,,,,,,tripadvisor
13127741,Yoogane Dakgalbi Myeongdong 2nd,+82 2-3789-2492,"Seoul 8, Myeongdong 4-gil, Jung-gu 2-3f",04536,37.56324,126.98349,"Asian, Korean",,,https://dynamic-media-cdn.tripadvisor.com/media/photo-o/26/98/d7/f5/caption.jpg?w=200&h=200&s=1&cx=4371&cy=2305&chk=v1_61d445397c32bc84ce48,https://www.tripadvisor.com/Restaurant_Review-g294197-d13127741-Reviews-Yoogane_Dakgalbi_Myeongdong_2nd-Seoul.html,23,3.7,,Myeongdong dakgalbi stir-fried by our staff.,,1607777093,https://place.map.kakao.com/1607777093,12000,12000,1,,,,,,,,
26229847,Vuur,+82 2-6953-0748,"Seoul 1F, Bongeunsa-ro 151 Gangnam-gu",06122,37.506805,127.03115,"Asian, Korean, Contemporary",월 17:30~23:00 / 화 17:30~23:00 / 수 17:30~23:00 / 목 17:30~23:00 / 금 17:30~23:00 / 토 17:30~23:00,"'VUUR' is a contemporary dining established by former Michelin-star Chef Bryan Lee and active developer group 'ZERO TO N' We offer entry-level fine dining cuisine with energetic culinary culture under the concept of 'A trip to the space of primitive fire' French-based cuisine with a Korean hint, characteristic interior, spacious seats, and more than 100 trees of cactus are welcoming you. We promise relief and energy in your daily lives.",https://dynamic-media-cdn.tripadvisor.com/media/photo-o/31/bc/b6/8b/hall.jpg?w=900&h=500&s=1,https://www.tripadvisor.com/Restaurant_Review-g294197-d26229847-Reviews-Vuur-Seoul.html,6,4.8,Western,Saver The Season! Enjoy dishes and drinks that capture the essence of seasonal changes.,,2114897373,https://place.map.kakao.com/2114897373,18000,48500,5,true,true,true,,,,,kakao
14997298,Sejong Club,+82 2-722-0001,"Seoul 7, Saemunan-ro 5ga-gil, Jongno-gu",03173,37.572803,126.97406,"Chinese, Japanese, Asian, Korean, Fusion",Sun 11:00~22:00 / Mon 11:00~22:00 / Tue 11:00~22:00 / Wed 11:00~22:00 / Thu 11:00~22:00 / Fri 11:00~22:00 / Sat 11:00~22:00,Gwanghwamun's flagship restaurant building inside 1. ILPUMDANG PREMIUM 2. GUMYUNGMUN 3. GWANGHWAMUN HOUSE,https://dynamic-media-cdn.tripadvisor.com/media/photo-o/1d/01/a3/b7/1.jpg?w=900&h=500&s=1,https://www.tripadvisor.com/Restaurant_Review-g294197-d14997298-Reviews-Sejong_Club-Seoul.html,5,5.0,,,,1190093300,https://place.map.kakao.com/1190093300,,,,,,,,,,,tripadvisor
33122755,Overwhelming Seoul Hanwoo Omakase Hapjeong Branch,+82 10-2579-4014,Seoul 33 Dongmak-ro 5-gil Mapo-gu,,37.54945,126.91849,"Barbecue, Asian, Korean, Grill",월 12:00~21:00 / 화 12:00~21:00 / 수 12:00~21:00 / 목 12:00~21:00 / 금 12:00~21:00 / 토 13:00~21:00 / 일 13:00~21:00,Apdo is a Hanwoo dining that embodies our bold ambition to overwhelm (apdo) customers with food. We have composed a modern Korean course infusing our philosophy and dedication into fresh and rare ingredients. Apdo aims to present food that satisfies both the visual and gustatory beauty of our guests. We will make overwhelming efforts to offer you a special experience during your precious time.,https://dynamic-media-cdn.tripadvisor.com/media/photo-o/2f/da/84/e4/caption.jpg?w=900&h=500&s=1,https://www.tripadvisor.com/Restaurant_Review-g294197-d33122755-Reviews-Overwhelming_Seoul_Hanwoo_Omakase_Hapjeong_Branch-Seoul.html,2,5.0,Korean,A full-service 9-course meal featuring modern Korean cuisine and 1+ grade Hanwoo.,,175435694,https://place.map.kakao.com/175435694,17000,34000,9,,,,,,,,kakao
23276341,Apgujeongmyeonok,+82 2-516-3016,"Seoul 16 Apggujeong-ro 30-gil, Gangnam-gu",06022,37.5264,127.02904,"Asian, Korean, Wine Bar, Beer restaurants",월 11:00~21:30 / 화 11:00~21:30 / 수 11:00~21:30 / 목 11:00~21:30 / 금 11:00~21:30 / 토 11:00~21:30 / 일 10:30~21:00,"We serve Korean cold noodles which are called 'Naengmyeon' especially, 'Pyeongyang Naengmyeon' in Apgujeong area, Seoul, Korea. We are representing a modern style of Neangmyeon cuisine serving with a kind table service and a cozy mood. Bulgogi nicely seasoned and Dumpling daily hand-maded which called 'Mandu' are also popular menus in the house. The ambiance is great, Food is even better.",https://dynamic-media-cdn.tripadvisor.com/media/photo-o/1c/d3/15/af/70-30-100.jpg?w=900&h=500&s=1,https://www.tripadvisor.com/Restaurant_Review-g294197-d23276341-Reviews-Apgujeongmyeonok-Seoul.html,3,5.0,Naengmyeon (cold noodles),"Selected by the Blue Ribbon Survey for six consecutive years, enjoy Pyongyang cold noodles and wine in a neat, modern atmosphere.",일 20:25 / 월 20:55 / 화 20:55 / 수 20:55 / 목 20:55 / 금 20:55 / 토 20:55,1224432398,https://place.map.kakao.com/1224432398,4000,17000,29,true,,,,,,true,kakao
11961566,The 100 Food Truck,+82 10-7197-4448,"Seoul 39, Sinheung-ro 20-gil, Yongsan-gu",04328,37.547417,126.98406,Fast Food,월 11:30~22:00 / 화 11:30~22:00 / 수 11:30~22:00 / 목 11:30~22:00 / 금 11:30~22:00 / 토 11:30~22:00 / 일 11:30~22:00,,https://dynamic-media-cdn.tripadvisor.com/media/photo-o/12/83/40/4d/photo0jpg.jpg?w=900&h=500&s=1,https://www.tripadvisor.com/Restaurant_Review-g294197-d11961566-Reviews-The_100_Food_Truck-Seoul.html,15,4.1,Burger,Enjoy handmade burgers on a rooftop with a view.,일 20:50 / 월 20:50 / 화 20:50 / 수 20:50 / 목 20:50 / 금 20:50 / 토 20:50,26571895,https://place.map.kakao.com/26571895,2000,9000,30,false,,,,,true,,kakao
13216684,Tapas Bar,+82 10-3468-0799,"Seoul 49, Itaewon-ro 27ga-gil 1st Floor, Yongsan-gu",04350,37.550262,126.997086,"European, Spanish, Asian, Diner, Beer restaurants",월 16:00~01:00 / 화 16:00~01:00 / 수 16:00~01:00 / 목 16:00~01:00 / 금 15:00~02:00 / 토 12:00~03:00 / 일 12:00~01:00,,https://dynamic-media-cdn.tripadvisor.com/media/photo-o/2d/07/cd/e1/caption.jpg?w=900&h=500&s=1,https://www.tripadvisor.com/Restaurant_Review-g294197-d13216684-Reviews-Tapas_Bar-Seoul.html,11,4.0,Western,A Spanish tapas bar operating for over 10 years in the main back alley of Itaewon.,,27494932,https://place.map.kakao.com/27494932,5900,12400,40,,,,,,,,kakao
12434422,Kobe Kyukatsu Sangsu,+82 2-334-2015,"Seoul 103, Yanghwa-ro 6-gil, Mapo-gu",04048,37.5484,126.91989,Japanese,,,https://dynamic-media-cdn.tripadvisor.com/media/photo-o/1c/03/80/b0/2.jpg?w=900&h=500&s=1,https://www.tripadvisor.com/Restaurant_Review-g294197-d12434422-Reviews-Kobe_Kyukatsu_Sangsu-Seoul.html,8,4.8,,,,,,,,,,,,,,,,
7906267,Shenanigans,+82 2-792-2550,"Seoul 5, Itaewon-ro 19-gil, Yongsan-gu",04351,37.534748,126.99194,"Bar, Pub",,,https://dynamic-media-cdn.tripadvisor.com/media/photo-o/11/63/3c/e4/20171128-175331-largejpg.jpg?w=900&h=-1&s=1,https://www.tripadvisor.com/Restaurant_Review-g294197-d7906267-Reviews-Shenanigans-Seoul.html,15,4.3,,,,,,,,,,,,,,,,
4050006,Hongyeon,+82 2-317-0494,"Seoul 106, Sogong-ro, Jung-gu Westin Choseon Hotel B1F",04533,37.563988,126.980385,Chinese,월 12:00~22:00 / 화 12:00~22:00 / 수 12:00~22:00 / 목 12:00~22:00 / 금 12:00~22:00 / 토 12:00~22:00 / 일 12:00~22:00,,https://dynamic-media-cdn.tripadvisor.com/media/photo-o/21/fc/a1/3b/caption.jpg?w=900&h=500&s=1,https://www.tripadvisor.com/Restaurant_Review-g294197-d4050006-Reviews-Hongyeon-Seoul.html,27,4.2,Chinese,Luxurious Chinese decor paired with rich seafood broth.,일 21:30 / 월 21:30 / 화 21:30 / 수 21:30 / 목 21:30 / 금 21:30 / 토 21:30,21306045,https://place.map.kakao.com/21306045,29000,41500,20,true,true,true,true,,,,kakao
12496220,Entree,+82 2-531-6604,"Seoul 130, Bongeunsa-ro, Gangnam-gu Lobby Floor, Novotel Ambassador Seoul Gangnam",06124,37.505444,127.02892,"Italian, European, Korean, Contemporary",Sun 11:30~22:00 / Mon 11:30~22:00 / Tue 11:30~22:00 / Wed 11:30~22:00 / Thu 11:30~22:00 / Fri 11:30~22:00 / Sat 11:30~22:00,"Entrée is a contemporary dining restauant in Novotel Ambassador Seoul Gangnam hotel featuring Western and Korean cuisines, prepared with quality of ingredients in a modern style.",https://dynamic-media-cdn.tripadvisor.com/media/photo-o/0f/80/f4/c7/entree.jpg?w=900&h=500&s=1,https://www.tripadvisor.com/Restaurant_Review-g294197-d12496220-Reviews-Entree-Seoul.html,24,4.8,,An upscale Korean dining experience in the city.,,1622069784,https://place.map.kakao.com/1622069784,,,,true,true,true,,,,,tripadvisor
27523713,Monga,+82 2-2039-8052,"Seoul 52 Songpa-daero 49-gil, Songpa-gu No. 202, Nine Park A",05611,37.506317,127.09888,"French, Cafe, Soups",월 09:30~18:00 / 화 09:30~18:00 / 수 09:30~18:00 / 목 09:30~18:00 / 금 09:30~18:00 / 토 09:30~18:00,,https://dynamic-media-cdn.tripadvisor.com/media/photo-o/2f/0e/23/22/caption.jpg?w=900&h=500&s=1,https://www.tripadvisor.com/Restaurant_Review-g294197-d27523713-Reviews-Monga-Seoul.html,2,5.0,Western,"Enjoy a sophisticated French brunch in a comfortable atmosphere, just like the meaning of 'Monga' (my home).",,631501149,https://place.map.kakao.com/631501149,6500,14000,9,true,,,,,,true,kakao
6996926,Tea Therapy,+82 2-730-7507,"Seoul 74, Yunposun-gil, Jongno-gu",,37.579193,126.983475,Cafe,월 10:00~21:00 / 화 10:00~21:00 / 수 10:00~21:00 / 목 10:00~21:00 / 금 10:00~21:00 / 토 10:00~21:00 / 일 10:00~20:00,,https://dynamic-media-cdn.tripadvisor.com/media/photo-o/0e/90/3b/50/caption.jpg?w=900&h=500&s=1,https://www.tripadvisor.com/Restaurant_Review-g294197-d6996926-Reviews-Tea_Therapy-Seoul.html,29,4.5,Cafe,Thoughtfully prepared tea and meals under the Hanok wall.,,12611094,https://place.map.kakao.com/12611094,7000,8000,18,false,true,,,,,,kakao
9203789,Yoyoma Ui Kitchen,,"Seoul 38, Banpo-Daero",,37.483894,127.0119,,,There is no content for Yoyoma Ui Kitchen yet.,https://dynamic-media-cdn.tripadvisor.com/media/photo-o/0a/01/be/96/caption.jpg?w=900&h=500&s=1,https://www.tripadvisor.com/Restaurant_Review-g294197-d9203789-Reviews-Yoyoma_Ui_Kitchen-Seoul.html,5,4.4,,,,,,,,,,,,,,,,
33594062,Izakaya Sooda Samseong Branch 2,+82 2-595-3584,Seoul 23-15 Samseong-ro 100-gil,06166,37.49729,126.81455,"Japanese, Seafood, Sushi, Asian, Korean, Fusion, Japanese Fusion",Sun 16:00~02:00 / Mon 16:00~02:00 / Tue 16:00~02:00 / Wed 16:00~02:00 / Thu 16:00~02:00 / Fri 16:00~03:00 / Sat 16:00~03:00,"An izakaya near COEX offering flavor and atmosphere with no room charge, where both dates and company dinners can be enjoyed with class. A large izakaya with group seating and comfortable rooms with individual air conditioning, providing good food and a good atmosphere.",https://dynamic-media-cdn.tripadvisor.com/media/photo-o/31/1a/93/6a/25-2.jpg?w=900&h=500&s=1,https://www.tripadvisor.com/Restaurant_Review-g294197-d33594062-Reviews-Izakaya_Sooda_Samseong_Branch_2-Seoul.html,6,5.0,,,,,,,,,,,,,,,,tripadvisor
34383126,Maksam-ga Euljiro,0507-1421-3307,Seoul 48-1 Supyo-ro 1st And 2nd Floors,,37.484547,126.50818,"Barbecue, Asian, Korean, Grill",Sun 16:00~23:00 / Mon 16:00~23:00 / Tue 16:00~23:00 / Wed 16:00~23:00 / Thu 16:00~23:00 / Fri 16:00~23:00 / Sat 16:00~23:00,,https://dynamic-media-cdn.tripadvisor.com/media/photo-o/33/a6/6e/3b/caption.jpg?w=900&h=500&s=1,https://www.tripadvisor.com/Restaurant_Review-g294197-d34383126-Reviews-Maksam_ga_Euljiro-Seoul.html,2,5.0,,,,,,,,,,,,,,,,tripadvisor
4819371,Hamcho Ganjang Gejang,+82 2-318-1624,"Seoul 11-1, Chungmuro 2-ga, Jung-gu",,37.56171,126.98651,"Seafood, Asian, Korean",월 11:30~22:00 / 화 11:30~22:00 / 수 11:30~22:00 / 목 11:30~22:00 / 금 11:30~22:00 / 토 11:30~22:00 / 일 11:30~22:00,,https://dynamic-media-cdn.tripadvisor.com/media/photo-o/06/9f/b8/4b/caption.jpg?w=900&h=500&s=1,https://www.tripadvisor.com/Restaurant_Review-g294197-d4819371-Reviews-Hamcho_Ganjang_Gejang-Seoul.html,72,3.9,"Crab, snow crab",The flavor of soy sauce marinated crab deepened by seaweed aging.,일 21:00 / 월 21:00 / 화 21:00 / 수 21:00 / 목 21:00 / 금 21:00 / 토 21:00,14750361,https://place.map.kakao.com/14750361,,,,true,true,,,,,,kakao
7618199,Gyeongcheonaein 2237,+82 2-553-2237,"Seoul 421, Teheran-ro, Gangnam-gu Amcheon Bldg. 3F",06160,37.505833,127.05292,"Asian, Korean",월 11:30~22:00 / 화 11:30~22:00 / 수 11:30~22:00 / 목 11:30~22:00 / 금 11:30~22:00 / 토 11:30~22:00,,https://dynamic-media-cdn.tripadvisor.com/media/photo-o/1a/ae/76/c6/1579757592273-largejpg.jpg?w=900&h=500&s=1,https://www.tripadvisor.com/Restaurant_Review-g294197-d7618199-Reviews-Gyeongcheonaein_2237-Seoul.html,32,4.4,"Meat, Korean BBQ",The perfect harmony of low-temperature aged Hanwoo beef and cheese.,,21306153,https://place.map.kakao.com/21306153,2900,11700,11,true,true,true,true,,,,kakao
9384387,Namdo Street Food,+82 2-723-7775,"Seoul 2, okin2-Gil",,37.581028,126.96699,,Sun 11:30~21:00 / Mon 11:30~21:00 / Tue 11:30~21:00 / Wed 11:30~21:00 / Thu 11:30~21:00 / Fri 11:30~21:00 / Sat 11:30~21:00,,https://dynamic-media-cdn.tripadvisor.com/media/photo-o/0d/67/80/d2/20161023-143941-largejpg.jpg?w=900&h=500&s=1,https://www.tripadvisor.com/Restaurant_Review-g294197-d9384387-Reviews-Namdo_Street_Food-Seoul.html,14,3.9,,,,,,,,,,,,,,,,tripadvisor
4074307,Vino in Villa,+82 2-599-7020,"Seoul 14, Nambusunhwan-ro 319-gil, Seocho-gu 1F, Ganam Bldg.",06711,37.48064,127.01179,"Italian, Steakhouse, Pizza",화 11:30~21:30 / 수 11:30~21:30 / 목 11:30~21:30 / 금 11:30~21:30 / 토 11:30~21:00 / 일 11:30~21:00,"Modern Italian cooking emphasizing quality and value. Vino in Villa Restaurant located at the entrance to Seoul's famous Art Performance Hall. Theatres,and Concert venues all within a short walk.",https://dynamic-media-cdn.tripadvisor.com/media/photo-o/07/f9/c2/3f/italian-seafood-mediterranean.jpg?w=900&h=-1&s=1,https://www.tripadvisor.com/Restaurant_Review-g294197-d4074307-Reviews-Vino_in_Villa-Seoul.html,36,3.8,Italian,Italian cuisine with deep flavors in a softly lit atmosphere.,,8376564,https://place.map.kakao.com/8376564,5500,18400,20,true,true,true,,,,,kakao
4034730,Jingogae,+82 2-2267-0955,"Seoul 30-16, Chungmuro3-ga",,37.56301,126.99309,"Asian, Korean",월 11:00~21:30 / 화 11:00~21:30 / 수 11:00~21:30 / 목 11:00~21:30 / 금 11:00~21:30 / 토 11:00~21:30,,https://dynamic-media-cdn.tripadvisor.com/media/photo-o/21/ea/ad/0d/inside.jpg?w=900&h=-1&s=1,https://www.tripadvisor.com/Restaurant_Review-g294197-d4034730-Reviews-Jingogae-Seoul.html,26,4.1,Korean,A delightful combination of juicy meat and clean cold noodles.,,8588563,https://place.map.kakao.com/8588563,1000,15000,23,true,true,true,,,,,kakao
9732438,Rooftop Bar,+82 2-2038-9618,"Seoul 155, Bongeunsa-ro, Gangnam-gu Hotel Cappuccino",06122,37.506813,127.03149,"Bar, Pub, Wine Bar",월 17:30~23:00 / 화 17:30~23:00 / 수 17:30~23:00 / 목 17:30~23:00 / 금 17:30~23:00 / 토 17:30~23:00 / 일 17:30~23:00,,https://dynamic-media-cdn.tripadvisor.com/media/photo-o/0a/97/f6/71/rooftop-bar.jpg?w=900&h=500&s=1,https://www.tripadvisor.com/Restaurant_Review-g294197-d9732438-Reviews-Rooftop_Bar-Seoul.html,9,3.6,Cocktail bar,A rooftop bar in the city that captures the beauty of sunset.,일 22:00 / 월 22:00 / 화 22:00 / 수 22:00 / 목 22:00 / 금 22:00 / 토 22:00,1254001064,https://place.map.kakao.com/1254001064,15000,18000,26,true,true,,,,,,kakao
28113351,Majangdong Ddal,+82 10-8183-5251,Seoul 18 Salgoji-gil Seongdong-gu,04748,37.161564,126.665474,"Grill, Healthy",월 12:00~22:00 / 화 12:00~22:00 / 수 12:00~22:00 / 목 12:00~22:00 / 금 12:00~22:00 / 토 12:00~22:00,,https://dynamic-media-cdn.tripadvisor.com/media/photo-o/30/8d/55/f7/caption.jpg?w=900&h=500&s=1,https://www.tripadvisor.com/Restaurant_Review-g294197-d28113351-Reviews-Majangdong_Ddal-Seoul.html,2,5.0,"Meat, Korean BBQ","A two-star Hanwoo beef restaurant in Heungseong, Chungbuk. Service includes two-star Hanwoo sashimi and soybean paste stew!",,1366236543,https://place.map.kakao.com/1366236543,17000,28000,12,true,true,,,,,,kakao
13857277,In Style,+82 2-2223-7000,Seoul 95 Cheongpa-ro 20-gil 7F Seoul Dragon City,04372,37.531597,126.96421,Contemporary,Sun 12:00~14:30 / Sun 18:30~21:30 / Mon 12:00~14:30 / Mon 18:30~21:30 / Tue 12:00~14:30 / Tue 18:30~21:30 / Wed 12:00~14:30 / Wed 18:30~21:30 / Thu 12:00~14:30 / Thu 18:30~21:30 / Fri 12:00~14:30 / Fri 18:30~21:30 / Sat 12:00~14:30 / Sat 18:30~21:30,"In Style is an all-day dining spot with dynamic and lively ambience. The restaurant offers various classy Korean and Asian dishes at reasonable prices. In Style has a pleasant Kids Room and an open terrace, so it is ideal for family dining.",https://dynamic-media-cdn.tripadvisor.com/media/photo-o/15/32/c6/33/photo0jpg.jpg?w=900&h=500&s=1,https://www.tripadvisor.com/Restaurant_Review-g294197-d13857277-Reviews-In_Style-Seoul.html,4,4.5,,,,,,,,,,,,,,,,tripadvisor
4083838,Ankara Picnic,+82 2-793-2550,"Seoul 127-11, Itaewon-dong, Yongsan-gu",,37.534496,126.99428,"Fast Food, Turkish, Middle Eastern",월 11:00~22:00 / 화 11:00~22:00 / 수 11:00~22:00 / 목 11:00~22:00 / 금 11:00~22:00 / 토 11:00~02:00 / 일 11:00~02:00,,https://dynamic-media-cdn.tripadvisor.com/media/photo-o/09/45/36/f1/ankara-picnic.jpg?w=900&h=-1&s=1,https://www.tripadvisor.com/Restaurant_Review-g294197-d4083838-Reviews-Ankara_Picnic-Seoul.html,35,4.2,Turkish,Authentic Turkish chicken kebabs rich in traditional spices.,,17001472,https://place.map.kakao.com/17001472,6900,9400,12,true,,,,,,,kakao
7748364,Nakwon,+82 2-2660-9010,"Seoul 94, Banghwa-Daero, Gangseo-Gu Mayfield Hotel Annex Hanok 1F",07506,37.547672,126.81842,"Asian, Korean, Grill",월 11:30~21:30 / 화 11:30~21:30 / 수 11:30~21:30 / 목 11:30~21:30 / 금 11:30~21:30 / 토 11:30~21:30 / 일 11:30~21:30,A Modern Taste of Korean Tradition Nakwon is a Korean restaurant with a history of over 30 years and is well known for its prestigious tradition and taste. This location is famous for its signature Korean bar-be-que and healthy traditional cuisine to serve the all-natural taste of ingredients. There is a spacious courtyard and private VIP rooms to make this a perfect place for family and business gatherings.,https://dynamic-media-cdn.tripadvisor.com/media/photo-o/12/8d/e2/32/caption.jpg?w=900&h=500&s=1,https://www.tripadvisor.com/Restaurant_Review-g294197-d7748364-Reviews-Nakwon-Seoul.html,12,4.5,Hanjeongsik (Korean course meal),A traditional Korean meal space harmonizing tradition and nature.,일 20:30 / 월 20:30 / 화 20:30 / 수 20:30 / 목 20:30 / 금 20:30 / 토 20:30,8293673,https://place.map.kakao.com/8293673,21000,55000,20,true,true,true,true,,,,kakao
6643596,Changsin Yukheo,+82 2-2266-6727,"Seoul 198-2, Jong-ro, Jongno-gu",03195,37.57045,127.00001,"Asian, Korean",월 09:00~22:30 / 수 09:00~22:30 / 목 09:00~22:30 / 금 09:00~22:30 / 토 09:00~22:00 / 일 09:00~22:00,,https://dynamic-media-cdn.tripadvisor.com/media/photo-o/17/c9/19/6b/photo0jpg.jpg?w=900&h=500&s=1,https://www.tripadvisor.com/Restaurant_Review-g294197-d6643596-Reviews-Changsin_Yukheo-Seoul.html,48,4.4,"Meat, Korean BBQ",The meeting of fresh beef tartare and hearty beef soup.,일 21:30 / 월 22:00 / 수 22:00 / 목 22:00 / 금 22:00 / 토 21:30,8572477,https://place.map.kakao.com/8572477,5000,17000,8,true,true,,,,,,kakao
3531827,GogiJuneun NaengmyeonJip Myeongdong 1,+82 2-757-9588,"Seoul 2F 22-2 Chungmuro 1-ga, Jung-gu",04556,37.561703,126.98392,"Asian, Korean",,,https://dynamic-media-cdn.tripadvisor.com/media/photo-o/0c/be/ab/e1/photo0jpg.jpg?w=900&h=500&s=1,https://www.tripadvisor.com/Restaurant_Review-g294197-d3531827-Reviews-GogiJuneun_NaengmyeonJip_Myeongdong_1-Seoul.html,15,4.1,,,,,,,,,,,,,,,,
17623480,Bar 420,,,,,,,월 11:00~24:00 / 화 11:00~24:00 / 수 11:00~24:00 / 목 11:00~24:00 / 금 11:00~24:00 / 토 13:00~24:00 / 일 13:00~23:00,"We are a Portuguese wine restaurant You can enjoy a variety of wines such as port wine and Portuguese wine We have a variety of platter, pasta, and pizza",,https://www.tripadvisor.com/Restaurant_Review-g294197-d17623480-Reviews-Bar_420-Seoul.html,3,4.3,Wine bar,Experience the local flavors and atmosphere of Portugal at this Hanok specializing in Portuguese wine and cuisine.,,1800161504,https://place.map.kakao.com/1800161504,3000,22500,16,,,,,,true,,kakao
28057392,People The Terrace,+82 2-511-8113,"Seoul 13, Dosandaero 81-gil, Gangnam-gu",06011,37.525158,127.04766,"Asian, Korean, Wine Bar, Dining bars",화 18:00~02:00 / 수 18:00~02:00 / 목 18:00~02:00 / 금 18:00~02:00 / 토 18:00~02:00 / 일 18:00~02:00,"Seventeen,NCT,차은우,이병헌,하정우,비,한예슬,김재중, 등 국내 최정상급 연예인들도 방문하는 청담동 랜드마크이자, 한국에서 제일 규모가 큰 다이닝바 입니다. 피플 더 테라스는 유럽풍의 대저택 컨셉으로, 4개층으로 이루어져 있으며, 유일하게 500명까지 수용이 가능한 초대형 다이닝바 입니다. 이탈리안 베이스의 음식들과 다양한 시그니처 칵테일로 유명한 매장입니다.",https://dynamic-media-cdn.tripadvisor.com/media/photo-o/2f/31/53/0a/1.jpg?w=900&h=500&s=1,https://www.tripadvisor.com/Restaurant_Review-g294197-d28057392-Reviews-People_The_Terrace-Seoul.html,1,5.0,Wine bar,A botanical wine bar filled with lush greenery in the city.,,1958287649,https://place.map.kakao.com/1958287649,23000,28000,14,true,true,true,true,,,,kakao
25435690,Eggroissant Jongno,+82 507-1381-8472,"Seoul 57 Cheonggyecheon-ro, Jongno-gu 2F",,37.56895,126.98406,"French, American, Asian, Korean",월 07:30~21:00 / 화 07:30~21:00 / 수 07:30~21:00 / 목 07:30~21:00 / 금 07:30~21:00 / 토 11:00~21:00 / 일 11:00~21:00,,https://dynamic-media-cdn.tripadvisor.com/media/photo-o/2b/21/9d/7d/caption.jpg?w=900&h=500&s=1,https://www.tripadvisor.com/Restaurant_Review-g294197-d25435690-Reviews-Eggroissant_Jongno-Seoul.html,2,5.0,Sandwich,,,1311833286,https://place.map.kakao.com/1311833286,3000,4500,44,,,,,,,,kakao
4081801,Samhaejip,+82 2-2273-0266,"Seoul 16-15, Supyo-ro 20-gil, Jongno-gu",03192,37.56998,126.9908,"Asian, Korean",월 10:30~02:00 / 화 10:30~02:00 / 수 10:30~02:00 / 목 10:30~02:00 / 금 10:30~02:00 / 토 10:30~02:00 / 일 10:30~02:00,,https://dynamic-media-cdn.tripadvisor.com/media/photo-o/12/85/73/38/photo3jpg.jpg?w=900&h=500&s=1,https://www.tripadvisor.com/Restaurant_Review-g294197-d4081801-Reviews-Samhaejip-Seoul.html,27,4.3,"Jokbal (braised pig trotters), bossam",The perfect harmony of tender bossam and potato soup.,,9820808,https://place.map.kakao.com/9820808,25000,38000,29,true,true,,,,,,kakao
9313425,Samwon Garden,+82 2-548-3030,"Seoul 835, Eonju-Ro",,37.524998,127.03289,"Barbecue, Asian, Korean",,,https://dynamic-media-cdn.tripadvisor.com/media/photo-o/15/97/6c/ee/photo0jpg.jpg?w=900&h=500&s=1,https://www.tripadvisor.com/Restaurant_Review-g294197-d9313425-Reviews-Samwon_Garden-Seoul.html,25,3.8,,,,,,,,,,,,,,,,
12358710,Olde Knives,+82 70-7763-4001,"Seoul 4, Sinheung-ro 11-gil, Yongsan-gu",04338,37.54314,126.98778,"Steakhouse, Bar, Grill, Pub",,,https://dynamic-media-cdn.tripadvisor.com/media/photo-o/18/48/76/c5/photo0jpg.jpg?w=900&h=500&s=1,https://www.tripadvisor.com/Restaurant_Review-g294197-d12358710-Reviews-Olde_Knives-Seoul.html,13,4.7,,,,,,,,,,,,,,,,
7007834,Bonny's Pizza Pub,+82 2-792-0303,"Seoul 2, Sinheung-ro 3-gil, Yongsan-gu",04338,37.541153,126.98708,"Bar, Pizza",화 12:30~22:00 / 수 12:30~22:00 / 목 12:30~22:00 / 금 12:30~22:00 / 토 11:30~22:00 / 일 11:30~20:30,,https://dynamic-media-cdn.tripadvisor.com/media/photo-o/1c/5b/c6/54/outside.jpg?w=900&h=500&s=1,https://www.tripadvisor.com/Restaurant_Review-g294197-d7007834-Reviews-Bonny_s_Pizza_Pub-Seoul.html,67,4.0,Pizza,A must-visit for rich pan pizza with a strong American influence.,,18489028,https://place.map.kakao.com/18489028,3000,22000,10,true,true,,,,,,kakao
4074259,Toenmarujib Doenjang Yesul,+82 2-739-5683,"Seoul 5-26, Insadong 4-gil, Jongno-gu 2F, Jungwon Bldg.",03148,37.573334,126.98622,"Korean, Pub, Healthy",월 11:30~22:30 / 화 11:30~22:30 / 수 11:30~22:30 / 목 11:30~22:30 / 금 11:30~22:30 / 토 11:30~22:30,,https://dynamic-media-cdn.tripadvisor.com/media/photo-o/29/48/a3/9d/caption.jpg?w=900&h=500&s=1,https://www.tripadvisor.com/Restaurant_Review-g294197-d4074259-Reviews-Toenmarujib_Doenjang_Yesul-Seoul.html,18,4.3,Korean,A hearty meal featuring homemade soybean paste and a table full of care.,,20534822,https://place.map.kakao.com/20534822,9000,12500,16,false,true,,,,,,kakao
34033108,88 Fisheries,+82 10-9228-5897,Seoul 674 Nodeul-ro Noryangjin Fish Market New Building 2-15,,37.514496,126.93702,"Seafood, Kyoto cuisine",Sun 09:30~23:00 / Mon 09:30~23:00 / Tue 09:30~23:00 / Wed 09:30~23:00 / Thu 09:30~23:00 / Fri 09:30~23:00 / Sat 09:30~23:00,,https://dynamic-media-cdn.tripadvisor.com/media/photo-o/31/f6/7c/01/88.jpg?w=900&h=500&s=1,https://www.tripadvisor.com/Restaurant_Review-g294197-d34033108-Reviews-88_Fisheries-Seoul.html,12,5.0,,,,711277301,https://place.map.kakao.com/711277301,,,,true,,,,,true,true,tripadvisor
9161890,Jinjin,+82 70-5035-8878,"Seoul 123 Jandari-ro, Mapo-gu",03997,,,"Chinese, Seafood",월 11:30~21:30 / 화 11:30~21:30 / 수 11:30~21:30 / 목 11:30~21:30 / 금 11:30~21:30 / 토 11:30~21:30 / 일 12:00~21:30,,https://dynamic-media-cdn.tripadvisor.com/media/photo-o/26/e6/ec/b6/caption.jpg?w=900&h=500&s=1,https://www.tripadvisor.com/Restaurant_Review-g294197-d9161890-Reviews-Jinjin-Seoul.html,21,4.0,Chinese,Experience the essence of Chinese cuisine shaped by skilled hands.,,1767349854,https://place.map.kakao.com/1767349854,9600,29200,23,true,,,,,,true,kakao
4078824,Pyeongando Jokbaljip,+82 2-2279-9759,"Seoul 62-16, Jangchungdong1-ga, Jung-gu",,37.560204,127.00605,"Asian, Korean",화 11:00~21:00 / 수 11:00~21:00 / 목 11:00~21:00 / 금 11:00~21:00 / 토 11:00~21:00 / 일 11:00~21:00,,https://dynamic-media-cdn.tripadvisor.com/media/photo-o/0f/2e/ea/62/20170505-175807-largejpg.jpg?w=900&h=500&s=1,https://www.tripadvisor.com/Restaurant_Review-g294197-d4078824-Reviews-Pyeongando_Jokbaljip-Seoul.html,23,4.2,"Jokbal (braised pig trotters), bossam",The essence of soft jokbal with a glossy finish.,,11221819,https://place.map.kakao.com/11221819,8000,35000,6,true,true,,,,,,kakao
13131295,Nook,+82 2-2084-1022,"Seoul 56, Namdaemun-ro, Jung-gu B1F, Aloft Seoul Myeongdong",04535,,,"International, Barbecue, Asian, Korean",Sun 06:30~10:00 / Mon 06:30~14:00 / Tue 06:30~14:00 / Wed 06:30~14:00 / Thu 06:30~14:00 / Fri 06:30~14:00 / Sat 06:30~10:00,"Start your day with gusto at our Nook restaurant. Enjoy casual dining with fresh, enticing menu selections and seasonally themed dishes.",https://dynamic-media-cdn.tripadvisor.com/media/photo-o/11/38/83/76/getlstd-property-photo.jpg?w=600&h=400&s=1,https://www.tripadvisor.com/Restaurant_Review-g294197-d13131295-Reviews-Nook-Seoul.html,10,4.7,,Freshly prepared rice noodles and a variety of global dishes.,,705470702,https://place.map.kakao.com/705470702,,,,true,true,,true,,,,tripadvisor
33268976,Grandmother's Recipe,,Seoul Seoulsup 2-gil 44-12,04768,37.54617,127.043076,"Asian, Korean",Sun 11:00~21:00 / Mon 11:00~21:00 / Tue 11:00~21:00 / Wed 11:00~21:00 / Thu 11:00~21:00 / Fri 11:00~21:00 / Sat 11:00~21:00,,https://dynamic-media-cdn.tripadvisor.com/media/photo-o/30/e0/c3/e3/delicious-and-healthy.jpg?w=900&h=500&s=1,https://www.tripadvisor.com/Restaurant_Review-g294197-d33268976-Reviews-Grandmother_s_Recipe-Seoul.html,1,5.0,,,,,,,,,,,,,,,,tripadvisor
15276114,Egg Drop - Mapo Station,+82 2-707-0563,"Seoul 68, Mapo-daero, Mapo-gu",04168,37.54124,126.948944,,월 08:00~19:00 / 화 08:00~19:00 / 수 08:00~19:00 / 목 08:00~19:00 / 금 08:00~19:00 / 토 08:00~18:00 / 일 08:00~18:00,,https://dynamic-media-cdn.tripadvisor.com/media/photo-o/19/ce/cf/54/photo2jpg.jpg?w=900&h=500&s=1,https://www.tripadvisor.com/Restaurant_Review-g294197-d15276114-Reviews-Egg_Drop_Mapo_Station-Seoul.html,15,3.9,Sandwich,The perfect harmony of soft eggs and garlic bread.,,785795111,https://place.map.kakao.com/785795111,5600,12900,30,,,,,,,,kakao
25566849,Embassy Of Sausage Stew In Guro,+82 507-1320-1934,"Seoul 2, Hwasunjungang-ro 12beon-gil, Andeok-myeon",,37.486477,126.8961,"Asian, Korean",Sun 11:00~00:00 / Mon 11:00~00:00 / Tue 11:00~00:00 / Wed 11:00~00:00 / Thu 11:00~00:00 / Fri 11:00~00:00 / Sat 11:00~00:00,.,https://dynamic-media-cdn.tripadvisor.com/media/photo-o/2a/53/d9/12/caption.jpg?w=900&h=500&s=1,https://www.tripadvisor.com/Restaurant_Review-g294197-d25566849-Reviews-Embassy_Of_Sausage_Stew_In_Guro-Seoul.html,2,5.0,,A rich budae jjigae with generous portions of meat and a subtle garlic aroma.,,828531301,https://place.map.kakao.com/828531301,13000,13000,3,true,,,,,,true,tripadvisor
4071058,Seven Springs Gwanghwamun,+82 2-2122-2670,"Seoul 68, Shinmunro , Jongno-gu B2F, Hongguk Life Insurance Bldg.",,37.569675,126.97228,"Steakhouse, Fusion",,,https://dynamic-media-cdn.tripadvisor.com/media/photo-o/0d/aa/c8/21/buffet.jpg?w=900&h=500&s=1,https://www.tripadvisor.com/Restaurant_Review-g294197-d4071058-Reviews-Seven_Springs_Gwanghwamun-Seoul.html,17,3.8,,,,,,,,,,,,,,,,
33503859,52 Market Place,+82 2-6923-6833,"Seoul 52 Toegye-ro 2F,  Voco Seoul Myeongdong by IHG",,37.503197,126.55924,"International, Korean",Sun 06:30~10:00 / Mon 06:30~10:00 / Mon 11:30~14:00 / Mon 17:30~22:00 / Tue 06:30~10:00 / Tue 11:30~14:00 / Tue 17:30~22:00 / Wed 06:30~10:00 / Wed 11:30~14:00 / Wed 17:30~22:00 / Thu 06:30~10:00 / Thu 11:30~14:00 / Thu 17:30~22:00 / Fri 06:30~10:00 / Fri 11:30~14:00 / Fri 17:30~22:00 / Sat 06:30~10:00 / Sat 17:30~22:00,"52 Market Place _ voco Seoul Myeongdong (2nd floor). Located at 52 Toegye-ro in the heart of Seoul, 52 Market Place is an all-day dining restaurant where you can enjoy diverse cuisine in a sophisticated modern brasserie space blending contemporary sensibility with retro style. The lunch buffet from 11:30 to 2:00 offers main dishes as well as a variety of menu items inspired by Namdaemun Market and Myeongdong, with ingredients from nature adding an extra-special dining experience. From Korean to Western, enjoy diverse menus from around the world at 52 Market Place! Every evening at 5:30, 52 Market Place transforms into a 'pocha buffet' where you can freely enjoy soul food capturing Korea's local street vibe.",https://dynamic-media-cdn.tripadvisor.com/media/photo-o/31/d9/47/49/caption.jpg?w=900&h=500&s=1,https://www.tripadvisor.com/Restaurant_Review-g294197-d33503859-Reviews-52_Market_Place-Seoul.html,1,5.0,,A new experience of a hotel buffet infused with the charm of street food.,,2040694671,https://place.map.kakao.com/2040694671,,,,,,,,,,,tripadvisor
10379930,Adnan Kebab,+82 2-776-6904,"Seoul 57, Toegye-ro, Jung-gu Metro Hoehyeon Station Exit #6",04529,37.559322,126.97917,Arabic,월 11:00~20:00 / 화 11:00~20:00 / 수 11:00~20:00 / 목 11:00~20:00 / 금 11:00~20:00 / 토 11:00~20:00,,https://dynamic-media-cdn.tripadvisor.com/media/photo-o/0d/cd/7f/2e/adnan-kebab.jpg?w=900&h=500&s=1,https://www.tripadvisor.com/Restaurant_Review-g294197-d10379930-Reviews-Adnan_Kebab-Seoul.html,9,4.4,Turkish,The essence of kebabs filled with authentic Turkish spices.,,17908634,https://place.map.kakao.com/17908634,6000,8000,8,,,,,,,,kakao
9044767,Primo Bacio Baci Gangnam,+82 2-501-0885,"Seoul 416, Gangnam-daero, Gangnam-gu",06129,,,Italian,,,https://dynamic-media-cdn.tripadvisor.com/media/photo-o/15/75/ea/d0/photo5jpg.jpg?w=900&h=500&s=1,https://www.tripadvisor.com/Restaurant_Review-g294197-d9044767-Reviews-Primo_Bacio_Baci_Gangnam-Seoul.html,16,4.3,,,,,,,,,,,,,,,,
19070247,Bar Tea Scent,+82 2-6052-6579,"Seoul 16, Seolleung-ro 162-gil, Gangnam-gu 1st Floor",06014,37.526703,127.04168,"Bar, Asian, Korean, Pub",,"Ambient tea cocktail bar with zen on surface, but innovation at heart. Please enjoy the epicurean delight of rare single origin teas and cocktails that have been enhanced by the help of modernist techniques and heartfelt hospitality.",https://dynamic-media-cdn.tripadvisor.com/media/photo-o/26/98/d7/f5/caption.jpg?w=200&h=200&s=1&cx=4371&cy=2305&chk=v1_61d445397c32bc84ce48,https://www.tripadvisor.com/Restaurant_Review-g294197-d19070247-Reviews-Bar_Tea_Scent-Seoul.html,15,4.9,,A sophisticated tea cocktail bar filled with tea aromas.,,689545350,https://place.map.kakao.com/689545350,25000,25000,4,true,,true,,,,,
12310750,DOSA by Baek Seung Wook,+82 2-516-3672,"Seoul 7, Dosan-daero 67-gil, Gangnam-gu B1F, Park Building",06016,37.52446,127.04441,"Asian, Korean",Tue 12:00~15:00 / Tue 18:00~22:00 / Wed 12:00~15:00 / Wed 18:00~22:00 / Thu 12:00~15:00 / Thu 18:00~22:00 / Fri 12:00~15:00 / Fri 18:00~22:00 / Sat 12:00~15:00 / Sat 18:00~22:00,Modern Korean Cuisine,https://dynamic-media-cdn.tripadvisor.com/media/photo-o/26/98/d7/f5/caption.jpg?w=200&h=200&s=1&cx=4371&cy=2305&chk=v1_61d445397c32bc84ce48,https://www.tripadvisor.com/Restaurant_Review-g294197-d12310750-Reviews-DOSA_by_Baek_Seung_Wook-Seoul.html,16,4.3,,,,,,,,,,,,,,,,tripadvisor
20942583,Jimmie’s Smokehouse,+82 70-7576-2700,Seoul 117 Seosulla gil Jongno-gu,03134,37.57548,126.99139,Italian,화 11:30~22:00 / 수 11:30~22:00 / 목 11:30~22:00 / 금 11:30~22:00 / 토 12:00~22:00 / 일 12:00~22:00,,https://dynamic-media-cdn.tripadvisor.com/media/photo-o/26/98/d7/f5/caption.jpg?w=200&h=200&s=1&cx=4371&cy=2305&chk=v1_61d445397c32bc84ce48,https://www.tripadvisor.com/Restaurant_Review-g294197-d20942583-Reviews-Jimmie_s_Smokehouse-Seoul.html,16,5.0,Western,A European-inspired restaurant harmoniously set against the palace walls.,,1921885173,https://place.map.kakao.com/1921885173,1500,19500,14,true,,,,,,,kakao
7748493,Sultan Kebab,+82 2-749-3890,"Seoul 126, Bogwang-Ro, Yongsan-Gu",04406,37.53398,126.99421,"Fast Food, Turkish, Middle Eastern",월 00:00~24:00 / 화 00:00~24:00 / 수 00:00~24:00 / 목 00:00~24:00 / 금 00:00~24:00 / 토 00:00~24:00 / 일 00:00~24:00,,https://dynamic-media-cdn.tripadvisor.com/media/photo-o/26/98/d7/f5/caption.jpg?w=200&h=200&s=1&cx=4371&cy=2305&chk=v1_61d445397c32bc84ce48,https://www.tripadvisor.com/Restaurant_Review-g294197-d7748493-Reviews-Sultan_Kebab-Seoul.html,23,3.8,Turkish,The essence of lamb kebabs with authentic flavors from the homeland.,,11123498,https://place.map.kakao.com/11123498,3900,9900,30,,,,,,,,kakao
7891540,Nolboo Yuhwang Jinheuk Gui - Jamsil,+82 2-425-5292,"Seoul 131, Ogeum-ro, Songpa-gu",05549,37.511536,127.10943,Asian,,"Put in clay earthenware with various medicinal herbs and glutinous rice. Nolbu Yellow Duck mud roast in Origama, Nolbu Bay, over 400 degrees Celsius",https://dynamic-media-cdn.tripadvisor.com/media/photo-o/16/9b/f9/59/getlstd-property-photo.jpg?w=600&h=-1&s=1,https://www.tripadvisor.com/Restaurant_Review-g294197-d7891540-Reviews-Nolboo_Yuhwang_Jinheuk_Gui_Jamsil-Seoul.html,4,4.3,,,,2088465390,https://place.map.kakao.com/2088465390,,,,,,,,,,,
13846701,Ugly Bakery,+82 2-338-2018,"Seoul 131, Poeun-ro, Mapo-gu",03959,37.558475,126.90353,,,There is no content for Ugly Bakery yet.,https://dynamic-media-cdn.tripadvisor.com/media/photo-o/18/f3/cb/2b/caption.jpg?w=700&h=400&s=1,https://www.tripadvisor.com/Restaurant_Review-g294197-d13846701-Reviews-Ugly_Bakery-Seoul.html,5,4.4,,A delightful feast of heavy bread filled with staple crops.,,828640256,https://place.map.kakao.com/828640256,,,,,,,,,,,
4083835,Bukchon Samgyetang,+82 2-3675-3939,"Seoul 141, Wonseo-dong, Jongno-gu",,37.57935,126.9888,"Asian, Korean",월 11:00~20:00 / 화 11:00~20:00 / 수 11:00~20:00 / 목 11:00~20:00 / 금 11:00~20:00 / 토 11:30~19:00 / 일 11:30~19:00,,https://dynamic-media-cdn.tripadvisor.com/media/photo-o/26/98/d7/f5/caption.jpg?w=200&h=200&s=1&cx=4371&cy=2305&chk=v1_61d445397c32bc84ce48,https://www.tripadvisor.com/Restaurant_Review-g294197-d4083835-Reviews-Bukchon_Samgyetang-Seoul.html,28,4.0,Samgyetang (ginseng chicken soup),A neatly presented samgyetang filled with octopus and abalone.,,14600539,https://place.map.kakao.com/14600539,10000,17000,13,false,true,,,,,,kakao
32831668,Sotnaeeum Samseongjeom,+82 2-552-0514,Seoul 41 Yeongdong-daero 106-gil,,37.514275,127.06438,"Asian, Korean",월 11:00~22:00 / 화 11:00~22:00 / 수 11:00~22:00 / 목 11:00~22:00 / 금 11:00~22:00 / 토 11:00~21:00 / 일 11:00~21:00,,https://dynamic-media-cdn.tripadvisor.com/media/photo-o/26/98/d7/f5/caption.jpg?w=200&h=200&s=1&cx=4371&cy=2305&chk=v1_61d445397c32bc84ce48,https://www.tripadvisor.com/Restaurant_Review-g294197-d32831668-Reviews-Sotnaeeum_Samseongjeom-Seoul.html,1,5.0,Korean,"A place with 16 types of stone pot rice dishes and delicious side dishes like oxtail stew and seafood sauce, accommodating 65 seats with group seating available.",,1230643173,https://place.map.kakao.com/1230643173,11000,15450,20,true,,,,,,true,kakao
3922879,Hyeseong Kalguksu,+82 2-967-6918,"Seoul 50-18 Cheongnyangni-dong, Dongdaemun-gu",,37.583405,127.04898,"Asian, Korean",,,https://dynamic-media-cdn.tripadvisor.com/media/photo-o/16/d5/d7/16/20190308-130630-largejpg.jpg?w=800&h=500&s=1,https://www.tripadvisor.com/Restaurant_Review-g294197-d3922879-Reviews-Hyeseong_Kalguksu-Seoul.html,14,4.4,,A bowl of deep-flavored chicken noodle soup made with traditional techniques.,,16937330,https://place.map.kakao.com/16937330,10000,10000,2,false,,true,,,,,
8954721,Balsan Samgyetang,+82 2-3662-3930,"Seoul 344, Gangseo-Ro",,37.556435,126.837585,"Asian, Korean",월 11:00~21:00 / 화 11:00~21:00 / 수 11:00~21:00 / 목 11:00~21:00 / 금 11:00~21:00 / 토 11:00~21:00 / 일 11:00~21:00,,https://dynamic-media-cdn.tripadvisor.com/media/photo-o/11/02/d6/ac/caption.jpg?w=900&h=-1&s=1,https://www.tripadvisor.com/Restaurant_Review-g294197-d8954721-Reviews-Balsan_Samgyetang-Seoul.html,15,4.3,Samgyetang (ginseng chicken soup),A delightful combination of rich broth and moist chicken meat.,일 20:10 / 월 20:10 / 화 20:10 / 수 20:10 / 목 20:10 / 금 20:10 / 토 20:10,8382068,https://place.map.kakao.com/8382068,18000,22000,5,true,,,,,,,kakao
16712513,Akira Back,+82 2-6388-5500,Seoul 97 Saemunan-Ro Dangju-Dong,03183,37.570427,126.9753,"Japanese, Sushi, Asian",월 11:30~21:30 / 화 11:30~21:30 / 수 11:30~21:30 / 목 11:30~21:30 / 금 11:30~21:30 / 토 11:30~21:30 / 일 11:30~21:30,"Join celebrity chef Akira Back at Four Seasons Hotel Seoul for a vibrant dining experience blending modern Japanese cuisine with Korean influences. Located in the heart of Seoul, the restaurant offers refined sushi, signature sharing plates, premium seafood, creative cocktails and panoramic city views in a contemporary atmosphere. The menu reflects Chef Akira Back's distinctive style, combining Japanese techniques with Korean flavours through inventive dishes. An exclusive Omakase experience is available Tuesday through Saturday, together with seasonal specials designed for intimate dinners and special occasions. 포시즌스 호텔 서울의 아키라 백은 현대적인 일식에 한국적인 풍미를 더한 모던 일식 레스토랑입니다. 스시, 프리미엄 해산물, 오마카세와 셰프 아키라 백의 시그니처 요리를 서울 도심 전망과 함께 즐길 수 있습니다.",https://dynamic-media-cdn.tripadvisor.com/media/photo-o/26/98/d7/f5/caption.jpg?w=200&h=200&s=1&cx=4371&cy=2305&chk=v1_61d445397c32bc84ce48,https://www.tripadvisor.com/Restaurant_Review-g294197-d16712513-Reviews-Akira_Back-Seoul.html,22,4.2,Japanese restaurant,A modern and authentic Japanese omakase experience.,,954921784,https://place.map.kakao.com/954921784,37000,129000,6,,,,,,,,kakao
28755531,Shinsunseolnongtang Hongdae Station Branch,+82 2-337-6400,"Seoul 1st Floor, 10 Hongik-ro 6-gil Mapo-gu",,37.550262,126.997086,"Asian, Korean",월 08:00~22:00 / 화 08:00~22:00 / 수 08:00~22:00 / 목 08:00~22:00 / 금 08:00~22:00 / 토 08:00~22:00 / 일 08:00~22:00,"More and more foreigners are seeking out Korean food. Breakfast service from 08:00, open until 22:00. We serve delicious food with a heart of sincere hospitality. It's a favorite for all ages, and the pairing with kimchi and kkakdugi is good.",https://dynamic-media-cdn.tripadvisor.com/media/photo-o/26/98/d7/f5/caption.jpg?w=200&h=200&s=1&cx=4371&cy=2305&chk=v1_61d445397c32bc84ce48,https://www.tripadvisor.com/Restaurant_Review-g294197-d28755531-Reviews-Shinsunseolnongtang_Hongdae_Station_Branch-Seoul.html,10,5.0,Seolleongtang (ox bone soup),Rich broth and generous meat in a comforting seolleongtang.,일 21:30 / 월 21:30 / 화 21:30 / 수 21:30 / 목 21:30 / 금 21:30 / 토 21:30,1255948620,https://place.map.kakao.com/1255948620,5000,15000,23,false,true,,,,,,kakao
7149617,Taco Amigo,+82 2-749-5253,"Seoul 123, Bogwang-ro, Yongsan-gu",04391,37.533726,126.99399,"Mexican, Latin, Spanish",,,https://dynamic-media-cdn.tripadvisor.com/media/photo-o/26/98/d7/f5/caption.jpg?w=200&h=200&s=1&cx=4371&cy=2305&chk=v1_61d445397c32bc84ce48,https://www.tripadvisor.com/Restaurant_Review-g294197-d7149617-Reviews-Taco_Amigo-Seoul.html,33,4.1,,Experience exotic flavors in a colorful Mexican atmosphere.,,8111953,https://place.map.kakao.com/8111953,11500,13700,4,true,,,,,true,true,
33678185,Izakaya Sooda Cheongdam Branch,+82 2-593-3584,Seoul 88-31 Cheongdam-dong Gangnam District,06014,37.52467,127.04126,"Japanese, Seafood, Sushi, Asian, Korean, Fusion, Beer restaurants, Japanese Fusion",월 11:00~02:00 / 화 11:00~02:00 / 수 11:00~02:00 / 목 11:00~02:00 / 금 11:00~02:00 / 토 11:00~02:00 / 일 11:00~02:00,"Cheongdam, so the atmosphere is good and there is also a private room. A regular izakaya Japanese fusion restaurant for lovers, friends, businesses, partying, year-end parties, and lovers",https://dynamic-media-cdn.tripadvisor.com/media/photo-o/31/4c/3f/b9/caption.jpg?w=900&h=500&s=1,https://www.tripadvisor.com/Restaurant_Review-g294197-d33678185-Reviews-Izakaya_Sooda_Cheongdam_Branch-Seoul.html,2,5.0,Gamjatang (pork bone stew),A must-visit for gamjatang (potato soup).,,825871944,https://place.map.kakao.com/825871944,9000,41000,10,true,,,,,,,kakao
8935793,Ashley,+82 2-332-9020,"Seoul 129, Yanghwa-ro, Manan-gu B1F",13984,,,American,,,https://dynamic-media-cdn.tripadvisor.com/media/photo-o/1a/14/fa/af/caption.jpg?w=900&h=500&s=1,https://www.tripadvisor.com/Restaurant_Review-g294197-d8935793-Reviews-Ashley-Seoul.html,4,4.3,,,,,,,,,,,,,,,,
9438427,K Turtle Convention & Wedding Restaurant,+82 2-715-3611,"Seoul 23, Baekbeom-ro, Mapo-gu",04108,37.55263,126.93771,,,There is no content for K Turtle Convention & Wedding Restaurant yet.,https://dynamic-media-cdn.tripadvisor.com/media/photo-o/15/dc/3b/db/20181116-185813-largejpg.jpg?w=900&h=500&s=1,https://www.tripadvisor.com/Restaurant_Review-g294197-d9438427-Reviews-K_Turtle_Convention_Wedding_Restaurant-Seoul.html,4,3.8,,,,25864365,https://place.map.kakao.com/25864365,,,,true,,,,,,,
9447064,Magpie Brewshop Itaewon,+82 2-749-2703,"Seoul 244-1, Noksapyeong-daero, Yongsan-gu",04343,37.539436,126.98742,Pizza,수 17:00~23:00 / 목 17:00~23:00 / 금 17:00~22:00 / 토 17:00~23:00 / 일 17:00~23:00,"Magpie opened here in Itaewon in 2012 — and this is still the original spot. The Brewshop is where it all started, and it stays true to that: just great beer. Fresh drafts shipped directly from our brewery in Donghoecheon, Jeju — nothing else. No food on the menu, but you're welcome to bring your own or order delivery. Ask our staff for nearby recommendations. If you're looking for Magpie pizza and DJ, search for Magpie Euljiro. Come experience where Korean craft beer began — in a relaxed, English-friendly space.",https://dynamic-media-cdn.tripadvisor.com/media/photo-o/26/98/d7/f5/caption.jpg?w=200&h=200&s=1&cx=4371&cy=2305&chk=v1_61d445397c32bc84ce48,https://www.tripadvisor.com/Restaurant_Review-g294197-d9447064-Reviews-Magpie_Brewshop_Itaewon-Seoul.html,18,4.5,Hof (Korean beer pub),A historic space that ushered in the era of craft beer with the start of Magpie Brewing Company.,,1847689100,https://place.map.kakao.com/1847689100,7000,7000,5,,,,,,true,,kakao
4078914,Sarangbang Kalguksu,+82 2-2272-2020,"Seoul 46, Toegye-ro 27-gil, Jung-gu",04555,37.56312,126.99127,"Asian, Korean",,,https://dynamic-media-cdn.tripadvisor.com/media/photo-o/26/98/d7/f5/caption.jpg?w=200&h=200&s=1&cx=4371&cy=2305&chk=v1_61d445397c32bc84ce48,https://www.tripadvisor.com/Restaurant_Review-g294197-d4078914-Reviews-Sarangbang_Kalguksu-Seoul.html,18,4.4,,A rich and hearty serving of boiled chicken from a historic eatery.,,7919722,https://place.map.kakao.com/7919722,8000,10000,4,,true,,,,,,
3957676,Dachai Dongdaemun Store,+82 2-2231-3392,"Seoul 2F, Dongwon Plaza, 213-2, Sindang-dong, Jung-gu",,37.56901,127.01346,"Asian, Korean",월 10:00~22:00 / 화 10:00~22:00 / 수 10:00~22:00 / 목 10:00~22:00 / 금 10:00~22:00 / 토 10:00~21:00,,https://dynamic-media-cdn.tripadvisor.com/media/photo-o/2b/1e/36/d8/caption.jpg?w=900&h=500&s=1,https://www.tripadvisor.com/Restaurant_Review-g294197-d3957676-Reviews-Dachai_Dongdaemun_Store-Seoul.html,23,4.3,Ssambap (rice with leaf wraps),,,12545290,https://place.map.kakao.com/12545290,12000,20000,14,,,,,,,true,kakao
12876281,Yukjeon Sikdang 4th,+82 2-3452-6373,"Seoul 11-4, Teheran-ro 8-gil, Gangnam-gu",06234,37.497986,127.032,"Barbecue, Asian, Korean",월 11:30~21:30 / 화 11:30~21:30 / 수 11:30~21:30 / 목 11:30~21:30 / 금 11:30~21:30 / 토 11:30~21:30,,https://dynamic-media-cdn.tripadvisor.com/media/photo-o/16/d8/d8/45/photo0jpg.jpg?w=900&h=500&s=1,https://www.tripadvisor.com/Restaurant_Review-g294197-d12876281-Reviews-Yukjeon_Sikdang_4th-Seoul.html,12,4.2,"Meat, Korean BBQ",Thick pork neck and savory perilla oil buckwheat noodles.,월 21:00 / 화 21:00 / 수 21:00 / 목 21:00 / 금 21:00 / 토 21:00,741391811,https://place.map.kakao.com/741391811,7000,10000,19,true,,true,,,,,kakao
33991464,Woowahae Seolleung,+82 70-7798-1692,Seoul 8 Tehran-ro 69-gil 1st Floor,,37.506454,127.05279,"Seafood, Barbecue, Asian, Korean, Grill",월 00:00~24:00 / 화 00:00~24:00 / 수 00:00~24:00 / 목 00:00~24:00 / 금 00:00~24:00 / 토 00:00~24:00 / 일 00:00~24:00,"Welcome to WOOWAHAE, the premium Korean BBQ restaurant at the Seolleung Main Branch of 1++ NO.9! Woowahae presents a 'Marketaurant' (Market + Restaurant) concept that showcases the future of dining culture in our country. 1. WOO (1++ NO.9 Hanwoo) We provide the finest quality Hanwoo beef at the most reasonable prices in the country by butchering the cattle on-site. Notably, we exclusively select grade 9 Hanwoo, which boasts the highest intramuscular fat content among the premium 1++ grade beef. 2. WA (Wine) We offer over 30 varieties of wines selected by a wine expert at retail prices. You can enjoy wines that pair excellently with Hanwoo without any reservations. (Wine is corkage free. For whiskey and other spirits, there is a corkage fee of 30,000 won per bottle.) 3. HAE (Seasonal Seafood) We prepare the finest seasonal seafood according to the time of year. Enjoy the perfect combination of Hanwoo and fresh seafood.",https://dynamic-media-cdn.tripadvisor.com/media/photo-o/32/01/cc/26/1-bms-no9-100.jpg?w=900&h=500&s=1,https://www.tripadvisor.com/Restaurant_Review-g294197-d33991464-Reviews-Woowahae_Seolleung-Seoul.html,1,5.0,"Meat, Korean BBQ","Welcome to Woohae, the premium meat restaurant specializing in Hanwoo beef, located at the Seolleung branch.",,1058680724,https://place.map.kakao.com/1058680724,9500,20000,20,true,,,,,,,kakao
29037173,Liebhaber Seoul,,Seoul 157-23 Yeomni-dong Mapo-gu Seoul,04149,37.544445,126.94592,"German, Cafe, International, Healthy",Sun 10:00~22:00 / Mon 10:00~23:00 / Tue 10:00~23:00 / Wed 10:00~23:00 / Thu 10:00~23:00 / Fri 10:00~23:00 / Sat 10:00~23:00,"안녕하세요, Welcome und Willkommen to our German Café in the heart of Seoul! We offer a wide variety of homemade Quark, and Cheesecake, as well as seasonal specialties like Stollen during Christmas time. Come over to join us for one of our sweet treats or a traditional German brunch.",https://dynamic-media-cdn.tripadvisor.com/media/photo-o/26/98/d7/f5/caption.jpg?w=200&h=200&s=1&cx=4371&cy=2305&chk=v1_61d445397c32bc84ce48,https://www.tripadvisor.com/Restaurant_Review-g294197-d29037173-Reviews-Liebhaber_Seoul-Seoul.html,4,5.0,,,,,,,,,,,,,,,,tripadvisor
9321716,P.F. Chang's COEX Mall,+82 2-551-4588,"Seoul 524, Bongeunsa-ro, Gangnam-gu B1 P107, COEX Mall",06164,37.513626,127.05965,Asian,월 11:00~22:00 / 화 11:00~22:00 / 수 11:00~22:00 / 목 11:00~22:00 / 금 11:00~22:00 / 토 11:00~22:00 / 일 11:00~22:00,,https://dynamic-media-cdn.tripadvisor.com/media/photo-o/26/98/d7/f5/caption.jpg?w=200&h=200&s=1&cx=4371&cy=2305&chk=v1_61d445397c32bc84ce48,https://www.tripadvisor.com/Restaurant_Review-g294197-d9321716-Reviews-P_F_Chang_s_COEX_Mall-Seoul.html,29,3.8,Asian,The smoky flavor of the wok meets sophisticated Asian dining.,일 21:00 / 월 21:00 / 화 21:00 / 수 21:00 / 목 21:00 / 금 21:00 / 토 21:00,26345047,https://place.map.kakao.com/26345047,15900,22900,20,true,,,,,,true,kakao
12860001,Om Restaurant - Gwanghwamun,+82 2-723-4848,"Seoul 103, Saemunan-ro, Jongno-gu B1 Sungwang Building",03183,37.570473,126.97607,"Indian, Asian, Nepali",월 11:00~22:00 / 화 11:00~22:00 / 수 11:00~22:00 / 목 11:00~22:00 / 금 11:00~22:00 / 토 11:00~22:00 / 일 11:00~22:00,Halal Food,https://dynamic-media-cdn.tripadvisor.com/media/photo-o/26/98/d7/f5/caption.jpg?w=200&h=200&s=1&cx=4371&cy=2305&chk=v1_61d445397c32bc84ce48,https://www.tripadvisor.com/Restaurant_Review-g294197-d12860001-Reviews-Om_Restaurant_Gwanghwamun-Seoul.html,40,3.8,Indian,A world of Indian curry rich in local flavors.,,21407823,https://place.map.kakao.com/21407823,5000,15000,30,false,true,,,,,,kakao
12415994,Grand Deli,+82 2-559-7653,"Seoul 521, Teheran-ro, Gangnam-gu 1F, Grand InterContinental Seoul Parnas",06164,37.509132,127.06085,"Cafe, Deli",Sun 08:00~21:00 / Mon 07:00~21:00 / Tue 07:00~21:00 / Wed 07:00~21:00 / Thu 07:00~21:00 / Fri 07:00~21:00 / Sat 08:00~21:00,"A small luxury for the precious people and me Unique delicacies from around the world, a path to a new world Offering a luxurious experience, just like buying something at an exclusive Jewelry Shop.",https://dynamic-media-cdn.tripadvisor.com/media/photo-o/17/f6/e1/1a/signature-carrot-cake.jpg?w=900&h=500&s=1,https://www.tripadvisor.com/Restaurant_Review-g294197-d12415994-Reviews-Grand_Deli-Seoul.html,5,5.0,,,,,,,,,,,,,,,,tripadvisor
18543642,Banh Mi Phuong,+82 2-3144-1898,"Seoul 20, Seongmisan-ro 29-gil, Mapo-gu 1,2,3f",03980,37.564953,126.92244,,,There is no content for Banh Mi Phuong yet.,https://dynamic-media-cdn.tripadvisor.com/media/photo-o/26/f4/3a/b9/front-of-the-restaurant.jpg?w=900&h=500&s=1,https://www.tripadvisor.com/Restaurant_Review-g294197-d18543642-Reviews-Banh_Mi_Phuong-Seoul.html,4,4.0,,,,,,,,,,,,,,,,
9173380,Kervan Bakery & Cafe,+82 2-790-5585,"Seoul 208, Itaewon-ro, Yongsan-gu",04405,37.534714,126.99657,Turkish,월 10:00~22:00 / 화 10:00~22:00 / 수 10:00~22:00 / 목 10:00~22:00 / 금 10:00~19:00 / 토 10:00~19:00 / 일 10:00~23:00,,https://dynamic-media-cdn.tripadvisor.com/media/photo-o/26/98/d7/f5/caption.jpg?w=200&h=200&s=1&cx=4371&cy=2305&chk=v1_61d445397c32bc84ce48,https://www.tripadvisor.com/Restaurant_Review-g294197-d9173380-Reviews-Kervan_Bakery_Cafe-Seoul.html,15,4.1,Bakery,A sweet Turkish traditional dessert made with 40 layers of pastry.,,24375610,https://place.map.kakao.com/24375610,3000,9400,10,false,,,,,,,kakao
8875288,Shy Bana COEX Mall,+82 2-555-4281,"Seoul 513, Yeongdong-daero, Gangnam-gu",06164,37.51215,127.05958,"Cafe, International",,,https://dynamic-media-cdn.tripadvisor.com/media/photo-o/26/98/d7/f5/caption.jpg?w=200&h=200&s=1&cx=4371&cy=2305&chk=v1_61d445397c32bc84ce48,https://www.tripadvisor.com/Restaurant_Review-g294197-d8875288-Reviews-Shy_Bana_COEX_Mall-Seoul.html,18,3.7,,,,,,,,,,,,,,,,
28208023,Yuksanjang,+82 70-8211-3637,"Seoul 31-11, Wausan-ro 21-gil 1st Floor",,37.551945,126.922005,"Asian, Korean, Grill",Sun 16:30~22:30 / Mon 16:30~22:30 / Tue 16:30~22:30 / Wed 16:30~22:30 / Thu 16:30~22:30 / Fri 16:30~22:30 / Sat 16:30~22:30,The meat is grilled and served for a comfortable meal. Indoor and outdoor seating is available. There are various attractions around the restaurant.,https://dynamic-media-cdn.tripadvisor.com/media/photo-o/26/98/d7/f5/caption.jpg?w=200&h=200&s=1&cx=4371&cy=2305&chk=v1_61d445397c32bc84ce48,https://www.tripadvisor.com/Restaurant_Review-g294197-d28208023-Reviews-Yuksanjang-Seoul.html,13,4.9,,,,,,,,,,,,,,,,tripadvisor
4033697,Grand Ciel Dosan,+82 2-548-0283,"Seoul 650-22, Sinsa-dong, Gangnam-gu",,37.523365,127.03583,Italian,월 11:00~22:00 / 화 11:00~22:00 / 수 11:00~22:00 / 목 11:00~22:00 / 금 11:00~22:00 / 토 11:00~22:00 / 일 11:00~22:00,"Grand ciel restaurant serves Italian Tuscany authentic dishes. Upon the launch in 2005, we have been consistent with our philosophies. “The very first step in creating the genuine taste in all foods is to use the best ingredients.” “The chef’s effort and their premium foods will link with the consumer’s health, leading to a healthier life style”. Grand Ciel has such a warm and restful atmosphere with a beautiful terrace and ambient lighting.We change music to suit the weather or mood. That’s why this place is famous for being a celebrity hangout.This restaurant serves juicy steak, soft but crispy crust chicken piccata and a ciel ssong’s signature menu anchovy oil pasta as well as sundried caper oil pasta. You can taste varieties of different cuisines with fantastic wine in Grand Ciel.",https://dynamic-media-cdn.tripadvisor.com/media/photo-o/04/46/6e/6d/caption.jpg?w=900&h=500&s=1,https://www.tripadvisor.com/Restaurant_Review-g294197-d4033697-Reviews-Grand_Ciel_Dosan-Seoul.html,12,4.6,Italian,Enjoy anchovy oil pasta bursting with umami flavor.,일 20:50 / 월 20:50 / 화 20:50 / 수 20:50 / 목 20:50 / 금 20:50 / 토 20:50,8211704,https://place.map.kakao.com/8211704,12500,28000,30,true,,,true,,true,,kakao
3571296,Namsangol SanChaeJip,+82 2-754-1978,"Seoul 8-16 Yejang-dong, Jung-gu",04630,37.55674,126.98515,"Asian, Korean",월 10:30~20:50 / 화 10:30~20:50 / 수 10:30~20:50 / 목 10:30~20:50 / 금 10:30~20:50 / 토 10:30~20:50 / 일 10:30~20:50,"Hello, this is Namsan Sanchaejip. With 25 years of tradition, Sanchaejip is a hygiene-grade 3-star safe Korean restaurant. Bibimbap made with jang aged in earthenware crocks and top-quality sesame oil has a deep, living flavor. Featured on Wednesday Foodie Tales and Saengsaeng Information, it's a line-forming favorite among office workers near Myeongdong. Reservations by landline only, with a maximum of 100 people. Paid valet parking available.",https://dynamic-media-cdn.tripadvisor.com/media/photo-o/26/98/d7/f5/caption.jpg?w=200&h=200&s=1&cx=4371&cy=2305&chk=v1_61d445397c32bc84ce48,https://www.tripadvisor.com/Restaurant_Review-g294197-d3571296-Reviews-Namsangol_SanChaeJip-Seoul.html,16,4.2,Korean,Experience the light and savory taste of Namsan pork cutlet with over 30 years of tradition.,일 20:00 / 월 20:00 / 화 20:00 / 수 20:00 / 목 20:00 / 금 20:00 / 토 20:00,8246125,https://place.map.kakao.com/8246125,10000,15000,15,true,,,,,true,,kakao
8921815,Biwon Son Kalguksu,+82 2-744-4848,"Seoul 9-1, Changdeokgung 1-gil, Jongno-gu",03058,37.57927,126.988754,"Asian, Korean",월 11:00~21:00 / 화 11:00~21:00 / 수 11:00~21:00 / 목 11:00~21:00 / 금 11:00~21:00 / 토 11:00~21:00 / 일 11:00~21:00,,https://dynamic-media-cdn.tripadvisor.com/media/photo-o/26/98/d7/f5/caption.jpg?w=200&h=200&s=1&cx=4371&cy=2305&chk=v1_61d445397c32bc84ce48,https://www.tripadvisor.com/Restaurant_Review-g294197-d8921815-Reviews-Biwon_Son_Kalguksu-Seoul.html,18,4.6,Kalguksu (knife-cut noodle soup),The warmth of handmade noodles in a deep and flavorful broth.,,7914791,https://place.map.kakao.com/7914791,10000,18500,10,true,true,,,,,,kakao
9286888,The Hanok Smith Likes,+82 2-722-7003,"Seoul 22-7 Samcheong-ro, Jongno-gu",03062,37.577873,126.98008,,월 11:30~21:00 / 화 11:30~21:00 / 수 11:30~21:00 / 목 11:30~21:00 / 금 11:30~20:30 / 토 11:30~20:30 / 일 11:30~20:30,,https://dynamic-media-cdn.tripadvisor.com/media/photo-o/19/57/ff/a8/2019-09-22-11-52-18-largejpg.jpg?w=900&h=500&s=1,https://www.tripadvisor.com/Restaurant_Review-g294197-d9286888-Reviews-The_Hanok_Smith_Likes-Seoul.html,14,4.0,Italian,Italian charm meets tranquility in a traditional hanok.,,14612458,https://place.map.kakao.com/14612458,23000,26000,6,true,,,,,,,kakao
7748405,Omiga Sinsa,+82 2-543-1145,"Seoul 833, Nonhyeon-Ro, Gangnam-Gu",06032,,,"Asian, Korean",월 11:30~21:30 / 화 11:30~21:30 / 수 11:30~21:30 / 목 11:30~21:30 / 금 11:30~21:30 / 토 11:30~21:30 / 일 11:30~21:30,,https://dynamic-media-cdn.tripadvisor.com/media/photo-o/26/98/d7/f5/caption.jpg?w=200&h=200&s=1&cx=4371&cy=2305&chk=v1_61d445397c32bc84ce48,https://www.tripadvisor.com/Restaurant_Review-g294197-d7748405-Reviews-Omiga_Sinsa-Seoul.html,9,4.3,Hanjeongsik (Korean course meal),A meal featuring 24 side dishes and glistening stone pot rice.,일 20:00 / 월 20:00 / 화 20:00 / 수 20:00 / 목 20:00 / 금 20:00 / 토 20:00,10637815,https://place.map.kakao.com/10637815,5000,39000,13,true,true,true,,,,,kakao
15098879,Picniq,+82 10-6235-4201,"Seoul 2-1, Yangpyeong-ro 22-gil, Yeongdeungpo-gu",07206,37.537907,126.89442,Korean,Sun 10:00~23:00 / Mon 09:00~23:00 / Tue 09:00~23:00 / Wed 09:00~23:00 / Thu 09:00~23:00 / Fri 09:00~23:00 / Sat 10:00~23:00,"This cafe is a very special place made of hanok. It is possible to relax in the middle of Seoul at an inexpensive price, and a dog can accompany. After looking around the Han River, enjoy relaxing coffee here and watching traditional Korea.",https://dynamic-media-cdn.tripadvisor.com/media/photo-o/26/98/d7/f5/caption.jpg?w=200&h=200&s=1&cx=4371&cy=2305&chk=v1_61d445397c32bc84ce48,https://www.tripadvisor.com/Restaurant_Review-g294197-d15098879-Reviews-Picniq-Seoul.html,5,4.6,,,,,,,,,,,,,,,,tripadvisor
9379602,Myeongdong Samgyetang,+82 2-778-7370,"Seoul 64, Sogong-ro, Jung-gu",04535,,,"Asian, Korean",Sun 09:00~22:00 / Mon 09:00~22:00 / Tue 09:00~22:00 / Wed 09:00~22:00 / Thu 09:00~22:00 / Fri 09:00~22:00 / Sat 09:00~22:00,,https://dynamic-media-cdn.tripadvisor.com/media/photo-o/14/1d/e8/80/photo0jpg.jpg?w=900&h=500&s=1,https://www.tripadvisor.com/Restaurant_Review-g294197-d9379602-Reviews-Myeongdong_Samgyetang-Seoul.html,13,4.2,,,,,,,,,,,,,,,,tripadvisor
9013700,Goe Mon,+82 2-534-8036,"Seoul 7, Seocho-daero77-Gil",,37.498325,127.026505,Japanese,월 11:00~21:30 / 화 11:00~21:30 / 수 11:00~21:30 / 목 11:00~21:30 / 금 11:00~21:30 / 토 11:00~21:30 / 일 11:00~21:30,,https://dynamic-media-cdn.tripadvisor.com/media/photo-o/0f/af/d3/ad/caption_rotated_90.jpg?w=900&h=500&s=1,https://www.tripadvisor.com/Restaurant_Review-g294197-d9013700-Reviews-Goe_Mon-Seoul.html,20,4.4,Asian,"A spaghetti specialty restaurant where you eat with chopsticks, [Yomenya Goemon].",,18356174,https://place.map.kakao.com/18356174,4400,14000,20,,,,,,,,kakao
5287828,ON River Station,+82 2-3442-1582,"Seoul 380-2, Apgujeong-dong, Gangnam-gu",135898,37.527294,127.01778,"Bar, Cafe",,,https://dynamic-media-cdn.tripadvisor.com/media/photo-o/05/2b/81/d3/1.jpg?w=900&h=500&s=1,https://www.tripadvisor.com/Restaurant_Review-g294197-d5287828-Reviews-ON_River_Station-Seoul.html,18,4.0,,An upscale Italian course enjoyed with a view of the Han River.,,1348877274,https://place.map.kakao.com/1348877274,119000,169000,3,true,true,true,,,,,
12847250,Gugongtan Gopchang - Hongdae Head Offic,+82 2-3395-9010,"Seoul 77, Yanghwa-ro 6-gil, Mapo-gu 1F",04047,37.548485,126.91849,"Korean, Grill",월 16:00~23:00 / 화 16:00~23:00 / 수 16:00~23:00 / 목 16:00~23:00 / 금 16:00~23:00 / 토 16:00~23:00 / 일 16:00~23:00,"Hongdae is a barbecue restaurant. The menu includes pork chops, giblets, pike pork, and pork barbecue. Business hours are from 5 pm to 2 am.",https://dynamic-media-cdn.tripadvisor.com/media/photo-o/17/f7/6c/5b/photo0jpg.jpg?w=800&h=500&s=1,https://www.tripadvisor.com/Restaurant_Review-g294197-d12847250-Reviews-Gugongtan_Gopchang_Hongdae_Head_Offic-Seoul.html,4,5.0,Gopchang (grilled beef intestines),The allure of chewy grilled intestines with a smoky aroma.,일 21:45 / 월 21:45 / 화 21:45 / 수 21:45 / 목 21:45 / 금 21:45 / 토 21:45,2078186665,https://place.map.kakao.com/2078186665,14000,14000,5,true,true,,,,,,kakao
12511885,Lumbini Restaurant,+82 70-8992-8896,"Seoul 333, Jong-ro, Jongno-gu 302-5 Changsin-dong",03104,37.572887,127.01454,,월 11:00~22:00 / 화 11:00~22:00 / 수 11:00~22:00 / 목 11:00~22:00 / 금 11:00~22:00 / 토 11:00~22:00 / 일 11:00~22:00,"Lumbini Restaurant Pure Nepalese and Indian Restaurant You can enjoy traditional Nepalese food also. Seoul, There are many Nepalese and Indian Restaurant.",https://dynamic-media-cdn.tripadvisor.com/media/photo-o/26/98/d7/f5/caption.jpg?w=200&h=200&s=1&cx=4371&cy=2305&chk=v1_61d445397c32bc84ce48,https://www.tripadvisor.com/Restaurant_Review-g294197-d12511885-Reviews-Lumbini_Restaurant-Seoul.html,12,4.9,Indian,A local favorite for Indian and Nepalese curry.,,512365015,https://place.map.kakao.com/512365015,3500,13000,20,,,,,,,,kakao
8979960,Isaac Toast - Jongno,+82 2-2273-8804,"Seoul 98, Supyo-ro, Jongno-gu",03192,37.569904,126.989586,,월 07:00~22:00 / 화 07:00~22:00 / 수 07:00~22:00 / 목 07:00~22:00 / 금 07:00~22:00 / 토 07:00~22:00,,https://dynamic-media-cdn.tripadvisor.com/media/photo-o/12/c8/c5/8c/98-supyo-ro-jongno-gu.jpg?w=900&h=500&s=1,https://www.tripadvisor.com/Restaurant_Review-g294197-d8979960-Reviews-Isaac_Toast_Jongno-Seoul.html,9,4.0,Toast,The perfect blend of sweet sauce and soft scrambled eggs.,,10757904,https://place.map.kakao.com/10757904,4500,6150,30,false,true,,,,,,kakao
9416931,Mongjungheon Bangi,+82 2-2202-8004,"Seoul 10, Wiryeseong-daero, Songpa-gu",05544,37.516758,127.11356,Chinese,월 11:30~22:00 / 화 11:30~22:00 / 수 11:30~22:00 / 목 11:30~22:00 / 금 11:00~21:30 / 토 11:00~21:30 / 일 11:00~21:30,,https://dynamic-media-cdn.tripadvisor.com/media/photo-o/0f/e2/10/6a/caption.jpg?w=900&h=500&s=1,https://www.tripadvisor.com/Restaurant_Review-g294197-d9416931-Reviews-Mongjungheon_Bangi-Seoul.html,10,3.9,Chinese,A heartfelt dim sum course enjoyed from a high floor.,,19452961,https://place.map.kakao.com/19452961,12000,16500,26,true,,,,,,,kakao
11778590,Kyetanzip,+82 2-464-6804,"Seoul 31, Neungdong-ro, Gwangjin-gu",05085,37.534206,127.06771,"Asian, Korean",월 16:00~23:30 / 화 16:00~23:30 / 수 16:00~23:30 / 목 16:00~23:30 / 금 12:00~23:30 / 토 12:00~23:30 / 일 12:00~23:30,,https://dynamic-media-cdn.tripadvisor.com/media/photo-o/10/91/2d/e9/photo0jpg.jpg?w=900&h=500&s=1,https://www.tripadvisor.com/Restaurant_Review-g294197-d11778590-Reviews-Kyetanzip-Seoul.html,6,4.8,Chicken dishes,"Hello, this is [Kyetanzip Main Branch]. Follow us on Instagram @kyetanzip for updates!",,26941179,https://place.map.kakao.com/26941179,4000,8000,9,,,,,,,true,kakao
9187305,Wonder Bread,+82 2-2265-3009,"Seoul 17, Supyuro, Jung-gu",,,,,월 08:00~19:30 / 화 08:00~19:30 / 수 08:00~19:30 / 목 08:00~19:30 / 금 08:00~19:30 / 일 08:00~17:00,,https://dynamic-media-cdn.tripadvisor.com/media/photo-o/15/27/22/ed/photo3jpg.jpg?w=900&h=500&s=1,https://www.tripadvisor.com/Restaurant_Review-g294197-d9187305-Reviews-Wonder_Bread-Seoul.html,9,4.2,Bakery,The delightful combination of chewy ciabatta and sweet red bean paste.,,21412641,https://place.map.kakao.com/21412641,2500,3500,5,,,,,,,,kakao
9023673,Gs 25,,"Seoul 43, Toegye-Ro",,37.558064,126.97741,,,,https://dynamic-media-cdn.tripadvisor.com/media/photo-o/17/6d/9c/e7/photo0jpg.jpg?w=900&h=500&s=1,https://www.tripadvisor.com/Restaurant_Review-g294197-d9023673-Reviews-Gs_25-Seoul.html,17,3.9,,,,,,,,,,,,,,,,
15849928,Just Kpop,+82 1644-9996,"Seoul Olympic-ro 300, Songpa-gu 5th Floor, Lotte World Mall",,37.513313,127.104805,"American, Cafe, Asian, Korean, Fusion",Sun 11:30~22:00 / Mon 11:30~22:00 / Tue 11:30~22:00 / Wed 11:30~22:00 / Thu 11:30~22:00 / Fri 11:30~22:00 / Sat 11:30~22:00,"At JUST KPOP, a new concept entertainment restaurant, experience Kpop up close and personal, right before your eyes. A lifestyle entertainment restaurant where 'Music, Performance, Food' comes together. Every night, JUST KPOP morphs into Korea's first new concept lifestyle restaurant. Experience a fusion of the new and old kpop!",https://dynamic-media-cdn.tripadvisor.com/media/photo-o/26/98/d7/f5/caption.jpg?w=200&h=200&s=1&cx=4371&cy=2305&chk=v1_61d445397c32bc84ce48,https://www.tripadvisor.com/Restaurant_Review-g294197-d15849928-Reviews-Just_Kpop-Seoul.html,3,5.0,,,,,,,,,,,,,,,,tripadvisor
13975541,Jinjinsura - Gwanghwamun,+82 2-6226-8191,"Seoul 7, Jong-ro 5-gil, Jongno-gu B2",03157,37.57035,126.98027,"Asian, Korean",월 11:00~21:30 / 화 11:00~21:30 / 수 11:00~21:30 / 목 11:00~21:30 / 금 11:00~21:30 / 토 11:00~21:30 / 일 11:00~21:30,,https://dynamic-media-cdn.tripadvisor.com/media/photo-o/15/9c/0c/3a/namul-vegetables.jpg?w=900&h=500&s=1,https://www.tripadvisor.com/Restaurant_Review-g294197-d13975541-Reviews-Jinjinsura_Gwanghwamun-Seoul.html,3,4.0,Hanjeongsik (Korean course meal),A private space for an upscale traditional Korean meal.,일 20:30 / 월 20:30 / 화 20:30 / 수 20:30 / 목 20:30 / 금 20:30 / 토 20:30,967729291,https://place.map.kakao.com/967729291,25900,32900,17,true,true,true,true,,,,kakao
11884822,Manjung Restaurant,+82 2-733-1392,"Seoul 124-2, Samcheong-ro, Jongno-gu",03053,37.586426,126.981636,"Asian, Korean",Sun 11:00~22:00 / Mon 11:00~22:00 / Tue 11:00~22:00 / Wed 11:00~22:00 / Thu 11:00~22:00 / Fri 11:00~22:00 / Sat 11:00~22:00,,https://dynamic-media-cdn.tripadvisor.com/media/photo-o/26/98/d7/f5/caption.jpg?w=200&h=200&s=1&cx=4371&cy=2305&chk=v1_61d445397c32bc84ce48,https://www.tripadvisor.com/Restaurant_Review-g294197-d11884822-Reviews-Manjung_Restaurant-Seoul.html,11,4.5,,,,,,,,,,,,,,,,tripadvisor
14956881,Hyehwa Gogi,+82 2-927-2306,"Seoul 38, Dongsomun-ro 20na-gil, Seongbuk-gu",02845,37.59244,127.01855,"Barbecue, Asian, Korean",Sun 17:00~03:00 / Mon 17:00~03:00 / Tue 17:00~03:00 / Wed 17:00~03:00 / Thu 17:00~03:00 / Fri 17:00~03:00 / Sat 17:00~03:00,"Korean BBQ restaurant near Sungshin Woman's University station. We provide best quality Korean pork menu and also good tastes iberian pork with various & special Korean side dishes. Always welcome from 4 pm to 3 am :) - English, Russian languages are also available !",https://dynamic-media-cdn.tripadvisor.com/media/photo-o/14/0c/23/5e/store-interior.jpg?w=900&h=500&s=1,https://www.tripadvisor.com/Restaurant_Review-g294197-d14956881-Reviews-Hyehwa_Gogi-Seoul.html,7,4.6,,,,,,,,,,,,,,,,tripadvisor
9246824,Stone Hil,+82 2-395-2505,"Seoul 8-11, Jahamun-ro45-Gil",,37.59893,126.95888,,,There is no content for Stone Hil yet.,https://dynamic-media-cdn.tripadvisor.com/media/photo-o/0f/5b/36/c0/capti_r.jpg?w=900&h=-1&s=1,https://www.tripadvisor.com/Restaurant_Review-g294197-d9246824-Reviews-Stone_Hil-Seoul.html,9,3.7,,,,,,,,,,,,,,,,
8595441,Hanuso - Insa,+82 2-739-9990,"Seoul 18, Insadong 4-gil, Jongno-gu 1F",03163,37.57296,126.987335,"Asian, Korean",월 11:00~21:30 / 화 11:00~21:30 / 수 11:00~21:30 / 목 11:00~21:30 / 금 11:00~21:30 / 토 11:00~21:30 / 일 11:00~21:30,,https://dynamic-media-cdn.tripadvisor.com/media/photo-o/26/98/d7/f5/caption.jpg?w=200&h=200&s=1&cx=4371&cy=2305&chk=v1_61d445397c32bc84ce48,https://www.tripadvisor.com/Restaurant_Review-g294197-d8595441-Reviews-Hanuso_Insa-Seoul.html,14,4.4,"Meat, Korean BBQ",The deep flavor of low-temperature aged Hanwoo beef.,,24048551,https://place.map.kakao.com/24048551,15000,24500,14,true,true,true,,,,,kakao
15544918,Devil's Door Coex Mall,+82 2-6002-1150,"Seoul 513, Yeongdong-daero, Gangnam-gu",06164,37.511524,127.06079,American,월 10:30~23:30 / 화 10:30~23:30 / 수 10:30~23:30 / 목 10:30~23:30 / 금 10:30~01:00 / 토 10:30~01:00 / 일 10:30~23:30,,https://dynamic-media-cdn.tripadvisor.com/media/photo-o/26/98/d7/f5/caption.jpg?w=200&h=200&s=1&cx=4371&cy=2305&chk=v1_61d445397c32bc84ce48,https://www.tripadvisor.com/Restaurant_Review-g294197-d15544918-Reviews-Devil_s_Door_Coex_Mall-Seoul.html,13,3.5,Hof (Korean beer pub),A spacious craft beer venue filled with a brick ambiance.,일 22:30 / 월 22:30 / 화 22:30 / 수 22:30 / 목 22:30 / 금 24:00 / 토 24:00,1669979708,https://place.map.kakao.com/1669979708,11000,19500,23,false,true,,true,,,,kakao
19909871,Seolaehyang - Suseo,+82 2-451-8183,"Seoul 6-9, Gwangpyeong-ro 51-gil, Gangnam-gu",06349,37.488407,127.10297,,월 11:00~21:30 / 화 11:00~21:30 / 수 11:00~21:30 / 목 11:00~21:30 / 금 11:00~21:30 / 토 11:00~21:30 / 일 11:00~21:30,There is no content for Seolaehyang - Suseo yet.,https://dynamic-media-cdn.tripadvisor.com/media/photo-o/1a/a7/0d/e2/inside2.jpg?w=900&h=500&s=1,https://www.tripadvisor.com/Restaurant_Review-g294197-d19909871-Reviews-Seolaehyang_Suseo-Seoul.html,1,3.0,Chinese,Authentic Chinese cuisine enjoyed in an elegant setting.,,1655913908,https://place.map.kakao.com/1655913908,45000,70000,5,true,,,,,,true,kakao
25021024,Hannam Oriental Roast Chicken,+82 2-797-8677,"Seoul 38 Daesagwan-ro34gil, Yongsan-gu",04409,37.531513,127.00552,"Asian, Korean",,,https://dynamic-media-cdn.tripadvisor.com/media/photo-o/26/3b/de/dc/caption.jpg?w=900&h=500&s=1,https://www.tripadvisor.com/Restaurant_Review-g294197-d25021024-Reviews-Hannam_Oriental_Roast_Chicken-Seoul.html,1,5.0,,,,,,,,,,,,,,,,
28099023,"Dosan Bunsik, Dosan Park Store",+82 2-514-5060,"Seoul 652-7 Sinsa-dong, Gangnam-gu Gangnam-gu",,37.52369,127.03791,"Asian, Korean",월 11:30~20:30 / 화 11:30~20:30 / 수 11:30~20:30 / 목 11:30~20:30 / 금 11:30~20:30 / 토 11:30~20:30 / 일 11:30~20:30,,https://dynamic-media-cdn.tripadvisor.com/media/photo-o/2d/23/23/d3/seoul-new-wave-bunsik.jpg?w=900&h=500&s=1,https://www.tripadvisor.com/Restaurant_Review-g294197-d28099023-Reviews-Dosan_Bunsik_Dosan_Park_Store-Seoul.html,5,5.0,Bunsik (Korean street snacks),A unique snack space brimming with retro vibes.,,429895682,https://place.map.kakao.com/429895682,5300,9100,12,true,,,,,,true,kakao
19085758,Lemongrass,+82 10-4459-7022,"Seoul 41-26, Yeonmujang-gil, Seongdong-gu",04782,37.543377,127.05426,Thai,,,https://dynamic-media-cdn.tripadvisor.com/media/photo-o/26/54/e5/c2/inside.jpg?w=900&h=-1&s=1,https://www.tripadvisor.com/Restaurant_Review-g294197-d19085758-Reviews-Lemongrass-Seoul.html,2,5.0,,,,,,,,,,,,,,,,
9258052,Table A,+82 10-8488-0269,"Seoul 6 Changjeon-dong, Mapo-gu 1F, Grace Building",,37.554005,126.92949,Cafe,,,https://dynamic-media-cdn.tripadvisor.com/media/photo-o/0d/31/9c/20/caption.jpg?w=900&h=500&s=1,https://www.tripadvisor.com/Restaurant_Review-g294197-d9258052-Reviews-Table_A-Seoul.html,6,3.5,,An unusual indoor zoo experience in the city.,,1945601770,https://place.map.kakao.com/1945601770,10000,18000,3,,,,,,,,
16781452,Sosinesso,+82 2-324-3245,"Seoul 19, Yonsei-ro 5ga-gil, Seodaemun-gu 1F",03789,37.55715,126.935524,"Asian, Korean, Healthy",Sun 00:00~22:00 / Mon 00:00~22:00 / Tue 00:00~22:00 / Wed 00:00~22:00 / Thu 00:00~22:00 / Fri 00:00~22:00 / Sat 00:00~22:00,,https://dynamic-media-cdn.tripadvisor.com/media/photo-o/16/b9/2e/e5/caption.jpg?w=900&h=-1&s=1,https://www.tripadvisor.com/Restaurant_Review-g294197-d16781452-Reviews-Sosinesso-Seoul.html,2,4.0,,The essence of spicy cream galbi jjim with a twist.,,26522526,https://place.map.kakao.com/26522526,11000,17000,3,false,true,,,,,,tripadvisor
1911506,Hooters,,"Seoul Noveltech Bldg, B1, 201-6 Nonhyeon-Dong, Kangnam-ku",,37.505,127.02619,"American, Bar",,Check the company's website.,https://dynamic-media-cdn.tripadvisor.com/media/photo-o/26/98/d7/f5/caption.jpg?w=200&h=200&s=1&cx=4371&cy=2305&chk=v1_61d445397c32bc84ce48,https://www.tripadvisor.com/Restaurant_Review-g294197-d1911506-Reviews-Hooters-Seoul.html,35,3.4,,,,,,,,,,,,,,,,
9442009,Long Life Dumplings,+82 2-854-9304,"Seoul 12, Nanhyang-Gil",,,,,,There is no content for Long Life Dumplings yet.,https://dynamic-media-cdn.tripadvisor.com/media/photo-o/15/b1/a0/b4/photo0jpg.jpg?w=900&h=500&s=1,https://www.tripadvisor.com/Restaurant_Review-g294197-d9442009-Reviews-Long_Life_Dumplings-Seoul.html,4,4.8,,,,,,,,,,,,,,,,
1089519,HO LEE CHOW Apgujeong Store,+82 2-514-1730,"Seoul 326 Dosan-daero, Gangnam-gu Daedong Tower",06055,37.52237,127.0377,"Chinese, Asian",,,https://dynamic-media-cdn.tripadvisor.com/media/photo-o/26/98/d7/f5/caption.jpg?w=200&h=200&s=1&cx=4371&cy=2305&chk=v1_61d445397c32bc84ce48,https://www.tripadvisor.com/Restaurant_Review-g294197-d1089519-Reviews-HO_LEE_CHOW_Apgujeong_Store-Seoul.html,25,3.7,,,,,,,,,,,,,,,,
9253554,Wonjo Gamjatang Ilmijib,+82 2-776-0670,"Seoul 1-1, Huam-ro, Yongsan-gu",04335,,,,,There is no content for Wonjo Gamjatang Ilmijib yet.,https://dynamic-media-cdn.tripadvisor.com/media/photo-o/16/5c/9f/64/caption.jpg?w=900&h=500&s=1,https://www.tripadvisor.com/Restaurant_Review-g294197-d9253554-Reviews-Wonjo_Gamjatang_Ilmijib-Seoul.html,8,4.1,,The essence of deep and mild traditional potato soup.,,9921124,https://place.map.kakao.com/9921124,10000,27000,4,true,true,,,,,,
8888720,Byeokje Galbi - Bangi,+82 2-415-5522,"Seoul 1-4, Yangjae-daero 71-gil, Songpa-gu",05639,37.51001,127.12613,,월 11:30~22:00 / 화 11:30~22:00 / 수 11:30~22:00 / 목 11:30~22:00 / 금 11:30~22:00 / 토 11:30~22:00 / 일 11:30~22:00,,https://dynamic-media-cdn.tripadvisor.com/media/photo-o/13/50/e0/f2/2018-06-17-12-04-05-largejpg.jpg?w=900&h=500&s=1,https://www.tripadvisor.com/Restaurant_Review-g294197-d8888720-Reviews-Byeokje_Galbi_Bangi-Seoul.html,14,3.9,Galbi (grilled short ribs),Premium Hanwoo ribs infused with the rich aroma of charcoal.,,11062667,https://place.map.kakao.com/11062667,16000,71000,16,true,,,,,,,kakao
12946037,Cuchara,+82 2-525-2155,"Seoul 11, Seocho-daero 74-gil, Seocho-gu",06620,,,Mexican,월 11:00~21:00 / 화 11:00~21:00 / 수 11:00~21:00 / 목 11:00~21:00 / 금 11:00~21:00 / 토 11:00~21:00 / 일 11:00~21:00,,https://dynamic-media-cdn.tripadvisor.com/media/photo-o/26/98/d7/f5/caption.jpg?w=200&h=200&s=1&cx=4371&cy=2305&chk=v1_61d445397c32bc84ce48,https://www.tripadvisor.com/Restaurant_Review-g294197-d12946037-Reviews-Cuchara-Seoul.html,17,4.2,"Mexican, Brazilian",Fresh Mexican burrito bowls infused with a smoky aroma.,일 20:30 / 월 20:30 / 화 20:30 / 수 20:30 / 목 20:30 / 금 20:30 / 토 20:30,1662014547,https://place.map.kakao.com/1662014547,11400,13150,6,true,true,,,,,,kakao
4075085,Gwanghwamunjip,+82 2-739-7737,"Seoul 12, Saemunan-ro 5-gil, Jongno-gu",,37.571415,126.97499,"Asian, Korean",,,https://dynamic-media-cdn.tripadvisor.com/media/photo-o/26/98/d7/f5/caption.jpg?w=200&h=200&s=1&cx=4371&cy=2305&chk=v1_61d445397c32bc84ce48,https://www.tripadvisor.com/Restaurant_Review-g294197-d4075085-Reviews-Gwanghwamunjip-Seoul.html,31,4.0,,Rustic home-cooked style pork kimchi stew.,,26558016,https://place.map.kakao.com/26558016,3000,8000,4,true,,,,,,,
28049629,37.5 Signature Cheongdam,+82 2-540-3705,"Seoul 8, Samseong-ro 119-gil 2nd Floor, Gangnam-gu",06091,37.516224,127.05062,"Italian, American, Pizza, Cafe, Asian, Korean",월 09:30~21:00 / 화 09:30~21:00 / 수 09:30~21:00 / 목 09:30~21:00 / 금 09:30~21:00 / 토 09:30~21:00 / 일 09:30~21:00,,https://dynamic-media-cdn.tripadvisor.com/media/photo-o/2d/34/78/50/a-delicious-and-hearty.jpg?w=900&h=500&s=1,https://www.tripadvisor.com/Restaurant_Review-g294197-d28049629-Reviews-37_5_Signature_Cheongdam-Seoul.html,1,5.0,Western,Enjoy a high-end brunch in a space illuminated by chandeliers.,일 15:30 / 일 20:00 / 월 15:30 / 월 20:00 / 화 15:30 / 화 20:00 / 수 15:30 / 수 20:00 / 목 15:30 / 목 20:00 / 금 15:30 / 금 20:00 / 토 15:30 / 토 20:00,395646592,https://place.map.kakao.com/395646592,16900,20400,22,true,,,,,,true,kakao
10825574,On The Border Gwanghwamun D-Tower,+82 2-2251-8282,"Seoul 17, Jong-ro 3-gil, Jongno-gu 2F, D Tower",03155,37.57132,126.97895,Mexican,,,https://dynamic-media-cdn.tripadvisor.com/media/photo-o/0f/bf/78/7b/photo4jpg.jpg?w=900&h=500&s=1,https://www.tripadvisor.com/Restaurant_Review-g294197-d10825574-Reviews-On_The_Border_Gwanghwamun_D_Tower-Seoul.html,18,3.7,,Enjoy Mexican flavors in an open and spacious setting.,,26857706,https://place.map.kakao.com/26857706,14500,30000,4,true,,,,,,true,
9300469,Kang Kang Sullae Cheongdam,+82 2-3443-3392,"Seoul 535, Dosan-daero, Gangnam-gu",06013,37.5251,127.05199,,월 11:00~24:00 / 화 11:00~07:00 / 수 11:00~07:00 / 목 11:00~07:00 / 금 11:00~07:00 / 토 11:00~07:00 / 일 11:00~07:00,There is no content for Kang Kang Sullae Cheongdam yet.,https://dynamic-media-cdn.tripadvisor.com/media/photo-o/1a/af/43/3b/caption.jpg?w=800&h=500&s=1,https://www.tripadvisor.com/Restaurant_Review-g294197-d9300469-Reviews-Kang_Kang_Sullae_Cheongdam-Seoul.html,11,4.4,Galbi (grilled short ribs),A private galbi restaurant where tradition meets modernity.,,20946094,https://place.map.kakao.com/20946094,9900,36000,19,true,,,,,,,kakao
33387236,Ilpyeon Jangeo Hongdae,+82 2-336-6716,Seoul 15 Yanghwaro16gil,04039,37.553436,126.920525,,Sun 12:00~23:00 / Mon 12:00~23:00 / Tue 12:00~23:00 / Wed 12:00~23:00 / Thu 12:00~23:00 / Fri 12:00~23:00 / Sat 12:00~23:00,,https://dynamic-media-cdn.tripadvisor.com/media/photo-o/31/27/69/50/grilled-ell-restaurant.jpg?w=900&h=500&s=1,https://www.tripadvisor.com/Restaurant_Review-g294197-d33387236-Reviews-Ilpyeon_Jangeo_Hongdae-Seoul.html,2,5.0,,Premium grilled eel perfected by our staff's touch.,,496884628,https://place.map.kakao.com/496884628,45000,136500,4,false,true,,true,,,,tripadvisor
8959701,Hwasarang Hwaro Gui Songpa,+82 2-421-4554,"Seoul 162, Ogeum-Ro",,37.51003,127.11264,"Asian, Korean",월 11:00~24:00 / 화 11:00~24:00 / 수 11:00~24:00 / 목 11:00~24:00 / 금 11:00~24:00 / 토 11:00~24:00 / 일 11:00~24:00,,https://dynamic-media-cdn.tripadvisor.com/media/photo-o/19/e0/2a/df/1.jpg?w=700&h=400&s=1,https://www.tripadvisor.com/Restaurant_Review-g294197-d8959701-Reviews-Hwasarang_Hwaro_Gui_Songpa-Seoul.html,5,4.4,"Meat, Korean BBQ",A cozy charcoal-grilled village filled with warmth.,,13584742,https://place.map.kakao.com/13584742,10000,20500,20,true,,,,,,true,kakao
26011823,Hwetbool,+82 50-71346-7547,"Seoul 242-90, Guui-dong, Gwangjin-gu",05042,37.53827,127.08664,"Barbecue, Asian, Korean, Grill",월 11:00~23:00 / 화 11:00~23:00 / 수 11:00~23:00 / 목 11:00~23:00 / 금 11:00~23:00 / 토 11:00~23:00 / 일 11:00~23:00,"Hwetbool is the affordable K-BBQ beef House. Our primary goal was to offer top-quality Galbi at a reasonable price. Our ultimate solution involved utilizing imported meat, raised naturally without any artificial tenderizers. At Hwetbool, we are continuously working to shape the future of Korean BBQ culture for the next generation. We cordially invite you to indulge in our delectable offerings. Thank you and enjoy your experience with us.",https://dynamic-media-cdn.tripadvisor.com/media/photo-o/26/98/d7/f5/caption.jpg?w=200&h=200&s=1&cx=4371&cy=2305&chk=v1_61d445397c32bc84ce48,https://www.tripadvisor.com/Restaurant_Review-g294197-d26011823-Reviews-Hwetbool-Seoul.html,9,5.0,"Meat, Korean BBQ",Enjoy top-quality Hanwoo beef and seasonal dishes from Jeju at an affordable price.,,1304184710,https://place.map.kakao.com/1304184710,8000,19000,11,,,,,,,,kakao
14934454,Seoulism,+82 2-412-0812,"Seoul 435, Baekjegobun-ro, Songpa-gu 6/F, Yes Building",05620,37.509975,127.11156,"Bar, Cafe",Sun 13:00~23:00 / Mon 13:00~23:00 / Tue 13:00~23:00 / Wed 13:00~23:00 / Thu 13:00~23:00 / Fri 13:00~23:00 / Sat 13:00~23:00,"""Seoulism"" is Seoul's hottest cafe and bar, and one of the most famous Instagram locations in the city. The best place for enjoying the SEOUL!",https://dynamic-media-cdn.tripadvisor.com/media/photo-o/1a/b3/96/97/best-place-for-enjoing.jpg?w=900&h=500&s=1,https://www.tripadvisor.com/Restaurant_Review-g294197-d14934454-Reviews-Seoulism-Seoul.html,6,4.3,,A vintage-inspired rooftop bar in the city.,,288452481,https://place.map.kakao.com/288452481,,,,true,,,,,,,tripadvisor
12134660,La Grillia Sindorim D-Cube City,+82 2-2210-9255,"Seoul 662, Gyeongin-ro, Guro-gu 2F, D-Cube City Annex",08209,37.50843,126.88873,"Italian, Fusion",,,https://dynamic-media-cdn.tripadvisor.com/media/photo-o/11/38/f5/d9/20171108-083231-largejpg.jpg?w=900&h=500&s=1,https://www.tripadvisor.com/Restaurant_Review-g294197-d12134660-Reviews-La_Grillia_Sindorim_D_Cube_City-Seoul.html,10,3.3,,,,,,,,,,,,,,,,
12948437,NOWNESS meatpie,+82 2-2668-7878,"Seoul 161-11, Magokjungang-ro, Gangseo-gu Hillstate eco magoknaru 2F",07788,37.567974,126.82689,"American, Fast Food, Deli, Australian",Sun 11:30~16:00 / Wed 11:30~15:00 / Thu 11:30~15:00 / Fri 11:30~15:00 / Sat 11:30~16:00,"We provide good quality burgers made from 100% unfrozen beef patty and meat pies filled with meat filling. It’s a small shop with only 6 tables but it is a good store to have a meal calmly and rest. Of course, you can also order to go. Try! Don’t hesitate to take special burgers and meat pies in Seoul. - Location: You can’t see our shop on the roadside. Please come up to the 2nd floor of the building.",https://dynamic-media-cdn.tripadvisor.com/media/photo-o/2a/b1/9a/fe/try-don-t-hesitate-to.jpg?w=900&h=500&s=1,https://www.tripadvisor.com/Restaurant_Review-g294197-d12948437-Reviews-NOWNESS_meatpie-Seoul.html,1,5.0,,,,,,,,,,,,,,,,tripadvisor
3938485,Outback COEX Store,+82 2-558-4491,"Seoul B2F, Oakwood Hotel, 159 Samsung-dong, Gangnam-gu",135090,37.522797,127.06032,Steakhouse,,,https://dynamic-media-cdn.tripadvisor.com/media/photo-o/26/98/d7/f5/caption.jpg?w=200&h=200&s=1&cx=4371&cy=2305&chk=v1_61d445397c32bc84ce48,https://www.tripadvisor.com/Restaurant_Review-g294197-d3938485-Reviews-Outback_COEX_Store-Seoul.html,31,3.9,,,,,,,,,,,,,,,,
15850090,Mother In Law,+82 70-7758-3030,"Seoul 5, Ewhayeodae 5-gil, Seodaemun-gu",03766,37.558273,126.94536,"American, British, Healthy",월 08:30~16:30 / 화 08:30~16:30 / 수 08:30~16:30 / 목 08:30~16:30 / 금 10:00~16:30 / 토 10:00~16:30,,https://dynamic-media-cdn.tripadvisor.com/media/photo-o/19/7d/7c/9c/cream-cheese-selections.jpg?w=900&h=500&s=1,https://www.tripadvisor.com/Restaurant_Review-g294197-d15850090-Reviews-Mother_In_Law-Seoul.html,5,4.6,Bakery,Moist bagels baked in a high-temperature oven.,,27562577,https://place.map.kakao.com/27562577,3500,8900,15,true,,,,,true,,kakao
12686437,Dokkaebi Bulgogi - Dongdaemun Main Store,+82 2-2269-1538,"Seoul 38, Eulji-ro 43-gil, Jung-gu",04564,37.56767,127.00775,,월 10:30~24:00 / 화 10:30~24:00 / 수 10:30~24:00 / 목 10:30~24:00 / 금 10:30~24:00 / 토 10:30~24:00 / 일 10:30~24:00,,https://dynamic-media-cdn.tripadvisor.com/media/photo-o/26/98/d7/f5/caption.jpg?w=200&h=200&s=1&cx=4371&cy=2305&chk=v1_61d445397c32bc84ce48,https://www.tripadvisor.com/Restaurant_Review-g294197-d12686437-Reviews-Dokkaebi_Bulgogi_Dongdaemun_Main_Store-Seoul.html,12,3.8,"Bulgogi, stir-fried pork",Sweet bulgogi hot pot filled with memories.,,21329885,https://place.map.kakao.com/21329885,7000,11500,16,true,true,,,,,,kakao
4033509,Re:BAR,+82 2-2022-0333,"Seoul 177, Walkerhill-ro, Gwangjin-gu 1F, Vista Walkerhill Seoul",04963,37.555775,127.11091,"Bar, Pub",Sun 12:00~02:00 / Mon 17:00~02:00 / Tue 17:00~02:00 / Wed 17:00~02:00 / Thu 05:00~02:00 / Fri 17:00~02:00 / Sat 12:00~02:00,,https://dynamic-media-cdn.tripadvisor.com/media/photo-o/12/cc/05/46/caption.jpg?w=900&h=500&s=1,https://www.tripadvisor.com/Restaurant_Review-g294197-d4033509-Reviews-Re_BAR-Seoul.html,21,4.6,,,,,,,,,,,,,,,,tripadvisor
12519576,Pig's Life 100,,Seoul 57 Hongik-ro 6-gil,,37.55663,126.92442,"Asian, Korean, Soups",,,https://dynamic-media-cdn.tripadvisor.com/media/photo-o/28/73/fb/d7/caption.jpg?w=900&h=500&s=1,https://www.tripadvisor.com/Restaurant_Review-g294197-d12519576-Reviews-Pig_s_Life_100-Seoul.html,22,4.4,,,,,,,,,,,,,,,,
33395910,Myeongryun Jinsa Pork Ribs,+82 2-6412-8292,Seoul 7 Samhaksa-ro 19-gil Songpa District,05602,37.50573,127.09629,"Asian, Korean, Grill",월 17:00~22:30 / 화 17:00~22:30 / 수 17:00~22:30 / 목 17:00~22:30 / 금 17:00~22:30 / 토 12:00~22:30 / 일 12:00~22:30,,https://dynamic-media-cdn.tripadvisor.com/media/photo-o/30/c8/d3/0a/caption.jpg?w=900&h=500&s=1,https://www.tripadvisor.com/Restaurant_Review-g294197-d33395910-Reviews-Myeongryun_Jinsa_Pork_Ribs-Seoul.html,1,5.0,Galbi (grilled short ribs),An endless meat festival filled with the aroma of charcoal.,,1923717155,https://place.map.kakao.com/1923717155,3000,5900,5,true,,,,,,,kakao
21306491,Terrace Room Seoul,+82 2-516-1015,"Seoul 2nd Floor, Olive Building, 37, Seolleung-ro 152-gil, Gangnam-gu",06016,,,"Italian, European",Sun 11:30~00:00 / Tue 11:30~00:00 / Wed 11:30~00:00 / Thu 11:30~00:00 / Fri 11:30~00:00 / Sat 11:30~00:00,"A space created based in the european terrace culture. Brunch under the sunny terrace, A leisurely afternoon aperitivo, Dinner at our wonderful classic lounge, and a Nightcap at our vibrant bar.",https://dynamic-media-cdn.tripadvisor.com/media/photo-o/29/ba/00/ed/terrace-room-summer-styling.jpg?w=900&h=500&s=1,https://www.tripadvisor.com/Restaurant_Review-g294197-d21306491-Reviews-Terrace_Room_Seoul-Seoul.html,5,5.0,,,,,,,,,,,,,,,,tripadvisor
15221836,Meat Table - Euljiro Pine Avenue,+82 10-8005-6666,"Seoul 100, Eulji-ro, Jung-gu #b805 , B1",04551,37.565697,126.98849,"Fast Food, Barbecue, Asian, Korean, Grill",Sun 10:00~22:00 / Mon 10:00~22:00 / Tue 10:00~22:00 / Wed 10:00~22:00 / Thu 10:00~22:00 / Fri 10:00~22:00 / Sat 10:00~22:00,"We set up a BBQ restaurant out of the ordinary. A simple and easy meal, Yukcheopbansang",https://dynamic-media-cdn.tripadvisor.com/media/photo-o/14/fe/9e/34/getlstd-property-photo.jpg?w=900&h=500&s=1,https://www.tripadvisor.com/Restaurant_Review-g294197-d15221836-Reviews-Meat_Table_Euljiro_Pine_Avenue-Seoul.html,4,4.8,,,,,,,,,,,,,,,,tripadvisor
11885525,Newyork Apartment,+82 2-333-7626,"Seoul 50, Yanghwa-ro 6-gil, Mapo-gu 1F, Hwaseong Building",04047,37.548626,126.91697,"American, Bar, Barbecue, Pub",Sun 11:00~21:00 / Mon 11:00~21:00 / Tue 11:00~21:00 / Wed 11:00~21:00 / Thu 11:00~21:00 / Fri 11:00~21:00 / Sat 11:00~21:00,"'Newyork Apartment' is a pub where people can enjoy newyork-styled signatured burgers and American dishes. The place is operated by owner chef who used to be an architect. He was interested in American cuisine during his stay in United States and opened up a restaurent based on his taste from back in the days. He took his patent 'Smoke-Barbequed Machine'in order to stay true to the traditional flavors of Barbeques. The restaurent has already been known to the internationals customers with a satisfacted feedbacks. This is a place where provides modern interior atmosphere with trendy hiphop songs playing all day long and allows people to enjoy different kinds of American dishes. (Signatured Dish: Hawaiian 'Jack Daniel Sauce' Burger, Barbeque In Newyork, Newyork Steak Burger, Onion Cream Fried Chicken, Jalapeno Cheese Fried Chicken, Buffalo Wings)",https://dynamic-media-cdn.tripadvisor.com/media/photo-o/26/98/d7/f5/caption.jpg?w=200&h=200&s=1&cx=4371&cy=2305&chk=v1_61d445397c32bc84ce48,https://www.tripadvisor.com/Restaurant_Review-g294197-d11885525-Reviews-Newyork_Apartment-Seoul.html,22,4.9,,,,,,,,,,,,,,,,tripadvisor
27129084,Hyodo chicken Express Bus Terminal,+82 2-3478-8676,"Seoul 194, Sinbanpo-ro Gangnam Express Bus Terminal",06545,37.51502,127.01647,"Barbecue, Asian, Korean, Pub, Diner, Beer restaurants",Sun 11:00~23:00 / Mon 11:00~23:00 / Tue 11:00~23:00 / Wed 11:00~23:00 / Thu 11:00~23:00 / Fri 11:00~23:00 / Sat 11:00~23:00,"It is a typical chicken restaurant in Korea. Representative menus include ""Go, Ma, Wo,"" seasoned chicken, and ""Kwari, Kkari, Kkari, Kkari,"" soy sauce seasoned fried chicken. Especially, Sarada is a taste I want to eat again.",https://dynamic-media-cdn.tripadvisor.com/media/photo-o/26/98/d7/f5/caption.jpg?w=200&h=200&s=1&cx=4371&cy=2305&chk=v1_61d445397c32bc84ce48,https://www.tripadvisor.com/Restaurant_Review-g294197-d27129084-Reviews-Hyodo_chicken_Express_Bus_Terminal-Seoul.html,3,5.0,,,,,,,,,,,,,,,,tripadvisor
4075416,Sodamchae,+82 2-3462-8592,"Seoul 2F, 419-1, Wonji-dong, Seocho-gu",,37.4437,127.05571,"Asian, Korean",월 09:00~20:00 / 화 09:00~20:00 / 수 09:00~20:00 / 목 09:00~20:00 / 금 09:00~20:00 / 토 09:00~20:00 / 일 09:00~20:00,,https://dynamic-media-cdn.tripadvisor.com/media/photo-o/06/d0/5c/1a/sodamchae.jpg?w=900&h=-1&s=1,https://www.tripadvisor.com/Restaurant_Review-g294197-d4075416-Reviews-Sodamchae-Seoul.html,5,4.4,Korean,"A delightful combination of wrapped rice and fresh wild greens, all with a smoky flavor.",,8427617,https://place.map.kakao.com/8427617,8000,20000,23,true,true,true,,,,,kakao
9319751,Persian Palace,+82 2-763-6050,"Seoul 9, Seonggyungwan-ro6-Gil",,37.5849,126.99752,"Middle Eastern, Persian",월 11:00~21:10 / 화 11:00~21:10 / 수 11:00~21:10 / 목 11:00~21:10 / 금 11:00~21:10 / 토 11:00~21:10 / 일 11:00~21:10,,https://dynamic-media-cdn.tripadvisor.com/media/photo-o/0d/bf/70/1c/caption.jpg?w=900&h=500&s=1,https://www.tripadvisor.com/Restaurant_Review-g294197-d9319751-Reviews-Persian_Palace-Seoul.html,6,4.8,Indian,Exotic curry infused with ancient Persian vibes.,일 20:45 / 월 20:45 / 화 20:45 / 수 20:45 / 목 20:45 / 금 20:45 / 토 20:45,11520636,https://place.map.kakao.com/11520636,10000,15000,8,true,true,,,true,,,kakao
13534129,PAN CHINA - DQube,+82 2-2210-9636,"Seoul 662, Gyeongin-ro, Guro-gu",08209,37.50843,126.88873,"Chinese, Asian, Korean, Fusion",Sun 11:00~21:00 / Mon 11:00~21:00 / Tue 11:00~21:00 / Wed 11:00~21:00 / Thu 11:00~21:00 / Fri 11:00~21:00 / Sat 11:00~21:00,,https://dynamic-media-cdn.tripadvisor.com/media/photo-o/17/b5/66/f8/stir-fried-chicken-and.jpg?w=900&h=-1&s=1,https://www.tripadvisor.com/Restaurant_Review-g294197-d13534129-Reviews-PAN_CHINA_DQube-Seoul.html,5,4.4,,,,,,,,,,,,,,,,tripadvisor
11671920,Sunnyside,+82 2-3401-7442,"Seoul 34, Dongnam-ro 18-gil, Songpa-gu 1F, Taeseong Bldg.",05785,37.49344,127.133514,"Italian, Steakhouse, Pizza, Cafe, Wine Bar",월 09:00~17:00 / 화 09:00~17:00 / 수 09:00~17:00 / 목 09:00~17:00 / 금 09:00~17:00 / 토 09:00~17:00,"Sunnyside presents brands selected with a forward sensibility: Koo Sun-a Bakery, Italian restaurant Canteen, and living select shop Home. Juliska, hugely popular in the U.S. with its stylish presentation, has moved in and draws many visitors. Sunnyside presents forward-curated brands and is a complex space that hosts not only retail but also various cultural activities and events.",https://dynamic-media-cdn.tripadvisor.com/media/photo-o/0d/5c/22/b4/getlstd-property-photo.jpg?w=900&h=-1&s=1,https://www.tripadvisor.com/Restaurant_Review-g294197-d11671920-Reviews-Sunnyside-Seoul.html,10,4.1,Cafe,A cozy brunch spot featuring wood-fired pizza.,,18857241,https://place.map.kakao.com/18857241,4500,7000,52,true,true,true,true,,,,kakao
13906624,FourB,+82 2-2251-8125,"Seoul 17, Jong-ro 3-gil, Jongno-gu D Tower",03155,37.57166,126.97989,Cafe,월 07:30~21:00 / 화 07:30~21:00 / 수 07:30~21:00 / 목 07:30~21:00 / 금 09:00~21:00 / 토 09:00~21:00 / 일 09:00~21:00,,https://dynamic-media-cdn.tripadvisor.com/media/photo-o/26/98/d7/f5/caption.jpg?w=200&h=200&s=1&cx=4371&cy=2305&chk=v1_61d445397c32bc84ce48,https://www.tripadvisor.com/Restaurant_Review-g294197-d13906624-Reviews-FourB-Seoul.html,13,4.5,Cafe,"A café that emphasizes the value of basics in a busy city, offering international-quality coffee and bagels.",,27187492,https://place.map.kakao.com/27187492,2400,4550,16,true,,,,,,,kakao
10253268,The Fountain,+82 10-8481-8813,"Seoul 16-5, Itaewon-ro 23-gil, Yongsan-gu",04350,37.53517,126.99303,Bar,월 18:00~03:00 / 화 18:00~03:00 / 수 18:00~03:00 / 목 18:00~03:00 / 금 18:00~03:00 / 토 18:00~05:00 / 일 18:00~05:00,,https://dynamic-media-cdn.tripadvisor.com/media/photo-o/26/98/d7/f5/caption.jpg?w=200&h=200&s=1&cx=4371&cy=2305&chk=v1_61d445397c32bc84ce48,https://www.tripadvisor.com/Restaurant_Review-g294197-d10253268-Reviews-The_Fountain-Seoul.html,41,3.1,Hof (Korean beer pub),,,1703012884,https://place.map.kakao.com/1703012884,3000,9000,5,,,,,,,,kakao
26661896,Hanmiok,+82 507-1363-4622,"Seoul 81 Yeouinaru-ro, Yeongdeungpo-gu",,37.51502,127.01647,"Asian, Korean",Mon 11:30~22:30 / Tue 11:30~22:30 / Wed 11:30~22:30 / Thu 11:30~22:30 / Fri 00:00~23:59 / Sat 10:00~18:00,,https://dynamic-media-cdn.tripadvisor.com/media/photo-o/2f/7d/cb/e8/caption.jpg?w=900&h=500&s=1,https://www.tripadvisor.com/Restaurant_Review-g294197-d26661896-Reviews-Hanmiok-Seoul.html,2,5.0,,,,,,,,,,,,,,,,tripadvisor
9273611,Seu Jeuran Te I,,"Seoul 245, Ichon-Ro",,37.519943,126.97414,,월 11:30~21:30 / 화 11:30~21:30 / 수 11:30~21:30 / 목 11:30~21:30 / 금 11:30~21:30 / 토 11:30~21:30 / 일 11:30~21:30,,https://dynamic-media-cdn.tripadvisor.com/media/photo-o/12/7f/2e/c0/photo2jpg.jpg?w=900&h=500&s=1,https://www.tripadvisor.com/Restaurant_Review-g294197-d9273611-Reviews-Seu_Jeuran_Te_I-Seoul.html,10,4.4,Japanese restaurant,A heartfelt Japanese home-cooked meal prepared with care.,일 21:10 / 월 21:10 / 화 21:10 / 수 21:10 / 목 21:10 / 금 21:10 / 토 21:10,16558563,https://place.map.kakao.com/16558563,10000,13000,26,false,true,true,true,,,,kakao
7643596,Hangukgwan,+82 2-771-8280,"Seoul 51, Namdaemun-ro 1-gil, Jung-gu",04526,37.563366,126.9776,"Asian, Korean",,,https://dynamic-media-cdn.tripadvisor.com/media/photo-o/26/98/d7/f5/caption.jpg?w=200&h=200&s=1&cx=4371&cy=2305&chk=v1_61d445397c32bc84ce48,https://www.tripadvisor.com/Restaurant_Review-g294197-d7643596-Reviews-Hangukgwan-Seoul.html,13,4.3,,,,,,,,,,,,,,,,
8818368,James Chicago Pizza Myeongdong,+82 2-774-3997,"Seoul 42, Myeongdong 4-gil, Jung-gu",04536,,,"Italian, Pizza",,,https://dynamic-media-cdn.tripadvisor.com/media/photo-o/26/98/d7/f5/caption.jpg?w=200&h=200&s=1&cx=4371&cy=2305&chk=v1_61d445397c32bc84ce48,https://www.tripadvisor.com/Restaurant_Review-g294197-d8818368-Reviews-James_Chicago_Pizza_Myeongdong-Seoul.html,27,3.6,,,,,,,,,,,,,,,,
28529622,Wangsimni Nurungji Chicken Grill,+82 2-2295-9992,"Seoul 297, Gosanjaro-ro 1f",04705,37.56626,127.03625,"Barbecue, Asian, Korean",Sun 16:00~01:00 / Tue 16:00~01:00 / Wed 16:00~01:00 / Thu 16:00~01:00 / Fri 16:00~01:00 / Sat 16:00~01:00,"""Korean-style chicken barbecue, roasted for over 2 hours with oak firewood, delivering a rich, savory, and mild flavor.""",https://dynamic-media-cdn.tripadvisor.com/media/photo-o/2d/b8/c6/7e/fresh-chicken-grilled.jpg?w=900&h=500&s=1,https://www.tripadvisor.com/Restaurant_Review-g294197-d28529622-Reviews-Wangsimni_Nurungji_Chicken_Grill-Seoul.html,1,5.0,,,,,,,,,,,,,,,,tripadvisor
9353852,Old Tea House,,"Seoul 30-12, Insadong-Gil",,,,,월 11:00~21:00 / 화 11:00~21:00 / 수 11:00~21:00 / 목 11:00~21:00 / 금 11:00~21:00 / 토 11:00~21:00 / 일 11:00~21:00,There is no content for Old Tea House yet.,https://dynamic-media-cdn.tripadvisor.com/media/photo-o/26/98/d7/f5/caption.jpg?w=200&h=200&s=1&cx=4371&cy=2305&chk=v1_61d445397c32bc84ce48,https://www.tripadvisor.com/Restaurant_Review-g294197-d9353852-Reviews-Old_Tea_House-Seoul.html,9,4.4,Traditional tea house,Traditional tea and red bean porridge enjoyed in a peaceful hanok.,,27330725,https://place.map.kakao.com/27330725,4000,8000,39,,true,,,,,,kakao
9424556,Kimbap Cheonguk,+82 2-774-7197,"Seoul 42-1, Toegye-ro, Jung-gu",04634,37.557274,126.97685,,월 00:00~24:00 / 화 00:00~24:00 / 수 00:00~24:00 / 목 00:00~24:00 / 금 00:00~24:00 / 토 00:00~24:00 / 일 00:00~24:00,There is no content for Kimbap Cheonguk yet.,https://dynamic-media-cdn.tripadvisor.com/media/photo-o/10/58/e5/48/photo0jpg.jpg?w=900&h=500&s=1,https://www.tripadvisor.com/Restaurant_Review-g294197-d9424556-Reviews-Kimbap_Cheonguk-Seoul.html,5,4.4,Bunsik (Korean street snacks),"Enjoy a perfect harmony of street food and soju, available 24 hours.",,26794639,https://place.map.kakao.com/26794639,4000,9000,85,,true,,,,,,kakao
34344837,Bongsanok Seocho-dong Main Branch,+82 2-525-2282,"Seoul 5-6 Banpo-daero 8-gil, Seocho District",06716,37.483353,127.01246,"Asian, Korean",월 11:00~21:20 / 화 11:00~21:20 / 수 11:00~21:20 / 목 11:00~21:20 / 금 11:00~21:20 / 토 11:00~20:00,,https://dynamic-media-cdn.tripadvisor.com/media/photo-o/33/11/db/6a/five-fat-yummy-dumplings.jpg?w=900&h=500&s=1,https://www.tripadvisor.com/Restaurant_Review-g294197-d34344837-Reviews-Bongsanok_Seocho_dong_Main_Branch-Seoul.html,1,5.0,Korean,"The combination of clear, clean broth and delicate dumplings.",월 20:30 / 화 20:30 / 수 20:30 / 목 20:30 / 금 20:30 / 토 19:10,7908112,https://place.map.kakao.com/7908112,10000,20000,12,true,true,true,,,,,kakao
8093520,Hyeongje Yukheo,+82 2-2274-6509,"Seoul 200-1, Jong-ro, Jongno-gu",03195,37.570786,127.0,"Asian, Korean",월 09:00~22:00 / 화 09:00~22:00 / 목 09:00~22:00 / 금 09:00~22:00 / 토 09:00~22:00 / 일 09:00~22:00,,https://dynamic-media-cdn.tripadvisor.com/media/photo-o/08/7a/ce/12/caption.jpg?w=900&h=500&s=1,https://www.tripadvisor.com/Restaurant_Review-g294197-d8093520-Reviews-Hyeongje_Yukheo-Seoul.html,22,4.3,"Meat, Korean BBQ",A delightful pairing of fresh beef tartare and rich beef radish soup.,,21722720,https://place.map.kakao.com/21722720,500,17000,22,false,true,,,,true,,kakao
14391488,Route 66 American Bar - Itaewon,+82 2-790-6590,"Seoul 124, Bogwang-ro, Yongsan-gu",04406,37.534134,126.992096,"American, Bar, Pizza, Pub",,"Route 66 American Bar is one of the best expat and foreign owned bars in Seoul. Popular with lots of expats and sports teams, 66 serves up great wings, sandwiches, pizzas, burgers, and appetizers. We serve superb bar food at reasonable prices. We have a great section of local and American craft beer on tap, along with International favorites, cocktails, and liquor. The home of Fireball in Seoul!",https://dynamic-media-cdn.tripadvisor.com/media/photo-o/14/65/90/6a/loaded-fries-salad-and.jpg?w=800&h=500&s=1,https://www.tripadvisor.com/Restaurant_Review-g294197-d14391488-Reviews-Route_66_American_Bar_Itaewon-Seoul.html,3,4.7,,,,,,,,,,,,,,,,
9371648,Mr. Park's Mung-Bean Pancake,+82 2-2264-0847,"Seoul 7, Jongno32-Gil Kwangjang Market",,37.57051,127.0016,"Asian, Korean",월 08:00~22:00 / 화 08:00~22:00 / 수 08:00~22:00 / 목 08:00~22:00 / 금 08:00~22:00 / 토 08:00~22:00 / 일 08:00~22:00,,https://dynamic-media-cdn.tripadvisor.com/media/photo-o/26/98/d7/f5/caption.jpg?w=200&h=200&s=1&cx=4371&cy=2305&chk=v1_61d445397c32bc84ce48,https://www.tripadvisor.com/Restaurant_Review-g294197-d9371648-Reviews-Mr_Park_s_Mung_Bean_Pancake-Seoul.html,28,4.5,Korean,The harmony of crispy mung bean pancakes and fresh raw meat.,,12543498,https://place.map.kakao.com/12543498,5000,11000,35,false,true,,,true,,,kakao
21156127,Jindosigdang,+82 2-470-1663,"Seoul 14-6 Cheonho-Daero 151-Gil, Cheonho 2-Dong, Gangdong-Gu",05248,37.539364,127.122894,"Seafood, Asian, Korean, Grill",월 11:30~22:00 / 화 11:30~22:00 / 수 11:30~22:00 / 목 11:30~22:00 / 금 11:30~22:00 / 토 11:30~22:00,,https://dynamic-media-cdn.tripadvisor.com/media/photo-o/1b/9e/65/76/view-from-outside.jpg?w=800&h=400&s=1,https://www.tripadvisor.com/Restaurant_Review-g294197-d21156127-Reviews-Jindosigdang-Seoul.html,1,4.0,Korean,A rich meal full of the essence of the southern region.,,8086078,https://place.map.kakao.com/8086078,120000,120000,8,true,true,true,,,,,kakao
13921795,72420 (chlisaigon),+82 2-521-2420,"Seoul 50, Dongjak-daero 1-gil, Dongjak-gu",07025,37.477383,126.97864,Vietnamese,,,https://dynamic-media-cdn.tripadvisor.com/media/photo-o/12/a7/c4/9b/20180414-181054-largejpg.jpg?w=900&h=500&s=1,https://www.tripadvisor.com/Restaurant_Review-g294197-d13921795-Reviews-72420_chlisaigon-Seoul.html,6,4.5,,,,,,,,,,,,,,,,
7149910,Hamo,+82 2-515-4266,"Seoul 819, Eonju-ro, Gangnam-gu HB Bldg. 2F",06024,37.523273,127.03306,"Asian, Korean",월 11:30~22:00 / 화 11:30~22:00 / 수 11:30~22:00 / 목 11:30~22:00 / 금 11:30~22:00 / 토 11:30~22:00 / 일 11:30~22:00,,https://dynamic-media-cdn.tripadvisor.com/media/photo-o/26/98/d7/f5/caption.jpg?w=200&h=200&s=1&cx=4371&cy=2305&chk=v1_61d445397c32bc84ce48,https://www.tripadvisor.com/Restaurant_Review-g294197-d7149910-Reviews-Hamo-Seoul.html,18,4.4,Hanjeongsik (Korean course meal),Savor the elegance of pearl hanjeongsik crafted with meticulous care.,일 20:30 / 월 20:30 / 화 20:30 / 수 20:30 / 목 20:30 / 금 20:30 / 토 20:30,17806264,https://place.map.kakao.com/17806264,16000,47500,10,true,true,true,true,,,,kakao
3629484,Bokjeong Sikdang,+82 2-734-8882,"Seoul 40-1 Hwa-dong, Jongno-gu",,37.5821,126.98183,"Asian, Korean",,,https://dynamic-media-cdn.tripadvisor.com/media/photo-o/26/98/d7/f5/caption.jpg?w=200&h=200&s=1&cx=4371&cy=2305&chk=v1_61d445397c32bc84ce48,https://www.tripadvisor.com/Restaurant_Review-g294197-d3629484-Reviews-Bokjeong_Sikdang-Seoul.html,27,4.1,,,,,,,,,,,,,,,,
32861152,Kim Chang-hoon Pocha,+82 2-499-2084,"Seoul Hwayang-dong, 33-43번지 1st Floor, Gwangjin-gu",,37.54456,127.06918,"Asian, Korean",Sun 17:00~02:00 / Mon 17:00~02:00 / Tue 17:00~02:00 / Wed 17:00~02:00 / Thu 17:00~02:00 / Fri 17:00~03:00 / Sat 17:00~03:00,,https://dynamic-media-cdn.tripadvisor.com/media/photo-o/26/98/d7/f5/caption.jpg?w=200&h=200&s=1&cx=4371&cy=2305&chk=v1_61d445397c32bc84ce48,https://www.tripadvisor.com/Restaurant_Review-g294197-d32861152-Reviews-Kim_Chang_hoon_Pocha-Seoul.html,11,4.6,,A retro pocha filled with nostalgia and emotion.,,2086408454,https://place.map.kakao.com/2086408454,6000,7400,4,,,,,,,,tripadvisor
9166556,Joeun House,+82 2-323-8084,"Seoul 43, Yeonhuimat-Ro",,,,,월 11:00~21:00 / 화 11:00~21:00 / 수 11:00~21:00 / 목 11:00~21:00 / 금 11:00~21:00 / 토 11:00~21:00 / 일 11:00~21:00,There is no content for Joeun House yet.,https://dynamic-media-cdn.tripadvisor.com/media/photo-o/11/59/f8/34/caption.jpg?w=900&h=500&s=1,https://www.tripadvisor.com/Restaurant_Review-g294197-d9166556-Reviews-Joeun_House-Seoul.html,7,4.1,Hanjeongsik (Korean course meal),A warm and homey traditional Korean meal full of emotion.,,11831209,https://place.map.kakao.com/11831209,8000,18000,7,true,true,,true,true,,,kakao
26999367,MUTAN,+82 2-730-7773,"Seoul 68 Saemunan-ro, Jongno-gu B1, Heungkuk Life Insurance Building",,37.56973,126.97229,Chinese,월 11:00~21:30 / 화 11:00~21:30 / 수 11:00~21:30 / 목 11:00~21:30 / 금 11:00~21:30 / 토 11:00~21:30 / 일 11:00~21:30,"Mutan Gwanghwamun branch. Featured on many TV shows including I'm Not a Robot ep.340 (steak-truffle jjajangmyeon), Delicious Guys ep.425 (Goheung webfoot-octopus hot-plate jjajangmyeon / steak-truffle jjajangmyeon), KBS2 The Boss Has Donkey Ears ep.193, SBS Running Man ep.611, and more, known for signature dishes like steak-truffle jjajangmyeon, chili yurinki, and macaron menbosha.",https://dynamic-media-cdn.tripadvisor.com/media/photo-o/2b/0a/a2/06/caption.jpg?w=900&h=500&s=1,https://www.tripadvisor.com/Restaurant_Review-g294197-d26999367-Reviews-MUTAN-Seoul.html,6,5.0,Chinese,"Korea's number one Chinese dining experience, Mutan.",,1222388584,https://place.map.kakao.com/1222388584,18000,49000,43,true,,,,,,,kakao
25306606,Lee Nam Jang Myeongdong,+82 10-8351-8126,"Seoul 39, Myeongdong 9-gil, Jung-gu",04534,37.56551,126.98397,"Asian, Korean, Indigenous",월 08:30~22:00 / 화 08:30~22:00 / 수 08:30~22:00 / 목 08:30~22:00 / 금 08:30~22:00 / 토 08:30~22:00 / 일 08:30~22:00,,https://dynamic-media-cdn.tripadvisor.com/media/photo-o/28/61/c5/a1/caption.jpg?w=800&h=500&s=1,https://www.tripadvisor.com/Restaurant_Review-g294197-d25306606-Reviews-Lee_Nam_Jang_Myeongdong-Seoul.html,5,5.0,Seolleongtang (ox bone soup),Hearty seolleongtang with rich broth and generous meat.,일 21:30 / 월 21:30 / 화 21:30 / 수 21:30 / 목 21:30 / 금 21:30 / 토 21:30,1731978617,https://place.map.kakao.com/1731978617,14000,21000,11,,,,,,,,kakao
34161770,Sokcho Famous Gajaeul Branch,+82 2-372-1377,Seoul Seoul Seodaemun-gu Search Road 100,,38.007507,127.07572,Seafood,,,https://dynamic-media-cdn.tripadvisor.com/media/photo-o/32/5a/af/40/caption.jpg?w=900&h=-1&s=1,https://www.tripadvisor.com/Restaurant_Review-g294197-d34161770-Reviews-Sokcho_Famous_Gajaeul_Branch-Seoul.html,1,5.0,,,,,,,,,,,,,,,,
32795569,Ian Sushi,+82050714895288,Seoul 155-2 Gwanhun-dong,,37.566,126.9784,Sushi,,,https://dynamic-media-cdn.tripadvisor.com/media/photo-o/2e/76/48/57/caption.jpg?w=900&h=500&s=1,https://www.tripadvisor.com/Restaurant_Review-g294197-d32795569-Reviews-Ian_Sushi-Seoul.html,1,5.0,,,,,,,,,,,,,,,,
9390597,Neurin Maeul Brewery & Pub Gangnam,+82 2-587-7720,"Seoul 7, Seocho-daero 73-gil, Seocho-gu",06616,37.498074,127.02532,"Asian, Korean",월 17:00~24:00 / 화 17:00~24:00 / 수 17:00~24:00 / 목 17:00~24:00 / 금 16:00~23:00 / 토 17:00~24:00 / 일 16:00~23:00,,https://dynamic-media-cdn.tripadvisor.com/media/photo-o/26/98/d7/f5/caption.jpg?w=200&h=200&s=1&cx=4371&cy=2305&chk=v1_61d445397c32bc84ce48,https://www.tripadvisor.com/Restaurant_Review-g294197-d9390597-Reviews-Neurin_Maeul_Brewery_Pub_Gangnam-Seoul.html,14,3.9,Hof (Korean beer pub),A harmonious pairing of seasonal makgeolli and jeon (Korean pancakes).,,20373259,https://place.map.kakao.com/20373259,8500,25500,20,true,true,true,,,,,kakao
5021754,Myeongin Mandu,+82 2-6361-8699,"Seoul 59-5, Myeong-dong 1-ga, Jung-gu",,37.56419,126.98294,"Asian, Korean",,,https://dynamic-media-cdn.tripadvisor.com/media/photo-o/0a/53/63/af/caption.jpg?w=800&h=500&s=1,https://www.tripadvisor.com/Restaurant_Review-g294197-d5021754-Reviews-Myeongin_Mandu-Seoul.html,28,4.1,,,,,,,,,,,,,,,,
7748508,"Tenkai, Grand Hyatt Seoul",+82 2-799-8274,"Seoul 322 Sowol-ro, Yongsan-gu B1, Grand Hyatt Seoul",04347,37.539375,126.99711,Japanese,Sun 18:00~00:00 / Mon 18:00~00:00 / Tue 18:00~00:00 / Wed 18:00~00:00 / Thu 18:00~00:00 / Fri 18:00~01:00 / Sat 18:00~01:00,"Tenkai offers a variety of grilled skewers and appetizers, including sashimi and deep-fried dishes, complimented by a wide range of Japanese sakes and draft beer. The grill station in the corner of the restaurant, adds a touch of spectacle to your experience, as you watch our chefs perform their craft, live before your eyes.",https://dynamic-media-cdn.tripadvisor.com/media/photo-o/26/98/d7/f5/caption.jpg?w=200&h=200&s=1&cx=4371&cy=2305&chk=v1_61d445397c32bc84ce48,https://www.tripadvisor.com/Restaurant_Review-g294197-d7748508-Reviews-Tenkai_Grand_Hyatt_Seoul-Seoul.html,10,4.5,,,,,,,,,,,,,,,,tripadvisor
14038801,Joahae Dakbal,+82 2-6406-9537,"Seoul 20, Hongik-ro 3-gil, Mapo-gu",04039,37.55345,126.921684,"Asian, Korean",Sun 17:00~01:00 / Mon 17:00~01:00 / Tue 17:00~01:00 / Wed 17:00~01:00 / Thu 17:00~01:00 / Fri 17:00~02:00 / Sat 17:00~02:00,,https://dynamic-media-cdn.tripadvisor.com/media/photo-o/16/d7/ef/bb/caption.jpg?w=900&h=500&s=1,https://www.tripadvisor.com/Restaurant_Review-g294197-d14038801-Reviews-Joahae_Dakbal-Seoul.html,10,4.9,,A popular spot for spicy chicken feet with a lively street food vibe.,,1558238643,https://place.map.kakao.com/1558238643,32800,32800,1,,,,,,,,tripadvisor
23716876,Nel Bosco Italian Restaurant,+82 2-3484-9400,"Seoul 16, Toegye-3o 8gil, Jung-gu 2F",04634,37.558662,126.97968,"Italian, Pizza, European, Dining bars, Beer restaurants",월 11:30~21:00 / 화 11:30~21:00 / 수 11:30~21:00 / 목 11:30~21:00 / 금 11:30~21:00 / 토 11:30~21:00 / 일 11:30~21:00,"Enjoy the Italian Casual Brunch & Dining menu and wine from around the world, which were reinterpreted brightly at the Nelvosco Italian Restaurant in the center of Namchon.",https://dynamic-media-cdn.tripadvisor.com/media/photo-o/21/37/bd/6a/caption.jpg?w=900&h=500&s=1,https://www.tripadvisor.com/Restaurant_Review-g294197-d23716876-Reviews-Nel_Bosco_Italian_Restaurant-Seoul.html,3,5.0,Italian,Enjoy a lively reinterpretation of Italian casual brunch and dining menus paired with wines from around the world.,,695169270,https://place.map.kakao.com/695169270,16000,21500,16,true,,,,,,true,kakao
3938419,Outback Nowon Store,+82 2-938-5475,"Seoul 711-12, Sankye 6-dong, Nowon-gu",139942,37.659634,127.0598,Steakhouse,,,https://dynamic-media-cdn.tripadvisor.com/media/photo-o/14/f0/8e/c9/photo0jpg.jpg?w=900&h=500&s=1,https://www.tripadvisor.com/Restaurant_Review-g294197-d3938419-Reviews-Outback_Nowon_Store-Seoul.html,15,3.7,,,,,,,,,,,,,,,,
15604600,Michael's by Haevichi,+82 2-722-4300,"Seoul 26, Ujeongguk-ro, Jongno-gu 2F, Centropolis",03161,37.571327,126.98331,"American, Contemporary",Sun 10:00~21:00 / Mon 11:00~22:00 / Tue 11:00~22:00 / Wed 11:00~22:00 / Thu 11:00~22:00 / Fri 11:00~22:00 / Sat 10:00~22:00,The very first flagship restaurant in Seoul by 'HAEVICHI Hotel & Resort'. We offer upper class New American cuisine beyond expectation.,https://dynamic-media-cdn.tripadvisor.com/media/photo-o/26/98/d7/f5/caption.jpg?w=200&h=200&s=1&cx=4371&cy=2305&chk=v1_61d445397c32bc84ce48,https://www.tripadvisor.com/Restaurant_Review-g294197-d15604600-Reviews-Michael_s_by_Haevichi-Seoul.html,9,3.9,,,,,,,,,,,,,,,,tripadvisor
4034675,Garden Terrace,+82 2-3282-6121,"Seoul 378, Siheung-daero, Geumcheon-gu Novotel Ambassador Hotel Doksan 1F",08580,37.467342,126.8984,"Asian, Korean",,,https://dynamic-media-cdn.tripadvisor.com/media/photo-o/0a/8f/4a/72/caption.jpg?w=800&h=-1&s=1,https://www.tripadvisor.com/Restaurant_Review-g294197-d4034675-Reviews-Garden_Terrace-Seoul.html,20,4.2,,,,,,,,,,,,,,,,
33765204,Yum Yum Charcoal Chicken Yeongdeungpo Branch,+82 2-6449-9299,Seoul 22 Yeongjung-ro 4-gil 2nd Floor,07304,37.517475,126.90873,,Sun 14:00~00:00 / Mon 16:00~02:00 / Tue 16:00~02:00 / Wed 16:00~02:00 / Thu 16:00~02:00 / Fri 16:00~02:00 / Sat 16:00~02:00,,https://dynamic-media-cdn.tripadvisor.com/media/photo-o/26/98/d7/f5/caption.jpg?w=200&h=200&s=1&cx=4371&cy=2305&chk=v1_61d445397c32bc84ce48,https://www.tripadvisor.com/Restaurant_Review-g294197-d33765204-Reviews-Yum_Yum_Charcoal_Chicken_Yeongdeungpo_Branch-Seoul.html,7,5.0,,,,,,,,,,,,,,,,tripadvisor
9442631,Jangsu Galbijip,+82 2-775-9292,"Seoul 54-1, Myeongdong 2-gil, Jung-gu",04535,37.56095,126.983154,"Barbecue, Asian, Korean",,,https://dynamic-media-cdn.tripadvisor.com/media/photo-o/26/98/d7/f5/caption.jpg?w=200&h=200&s=1&cx=4371&cy=2305&chk=v1_61d445397c32bc84ce48,https://www.tripadvisor.com/Restaurant_Review-g294197-d9442631-Reviews-Jangsu_Galbijip-Seoul.html,21,3.9,,,,,,,,,,,,,,,,
5122587,Do chef Nonhyeon,+82 2-541-1117,"Seoul 707-8, Banpo-dong, Seocho-gu",137808,37.50942,127.0211,Pizza,,,https://dynamic-media-cdn.tripadvisor.com/media/photo-o/05/04/ec/17/caption.jpg?w=900&h=500&s=1,https://www.tripadvisor.com/Restaurant_Review-g294197-d5122587-Reviews-Do_chef_Nonhyeon-Seoul.html,13,4.5,,,,,,,,,,,,,,,,
9434258,Covent Garden,+82 2-3431-5565,Seoul 128 Uirye Seong-daero,,,,,,,https://dynamic-media-cdn.tripadvisor.com/media/photo-o/09/e2/bf/7c/caption.jpg?w=700&h=400&s=1,https://www.tripadvisor.com/Restaurant_Review-g294197-d9434258-Reviews-Covent_Garden-Seoul.html,16,4.3,,,,,,,,,,,,,,,,
15023348,Butanchu - Hongdae,+82 2-3144-3304,"Seoul 75, Wausan-ro 35-gil, Mapo-gu",04052,37.556362,126.92671,"Japanese, Asian",월 11:30~22:00 / 화 11:30~22:00 / 수 11:30~22:00 / 목 11:30~22:00 / 금 11:30~03:00 / 토 11:30~03:00 / 일 11:30~22:00,,https://dynamic-media-cdn.tripadvisor.com/media/photo-o/18/de/0f/9a/photo1jpg.jpg?w=900&h=500&s=1,https://www.tripadvisor.com/Restaurant_Review-g294197-d15023348-Reviews-Butanchu_Hongdae-Seoul.html,5,5.0,Japanese ramen,The ideal pairing of rich broth and chewy noodles.,일 21:30 / 월 21:30 / 화 21:30 / 수 21:30 / 목 21:30 / 금 02:30 / 토 02:30,18742750,https://place.map.kakao.com/18742750,2500,7500,14,false,,,,,,,kakao
5483610,Si·Wha·Dam Itaewon,+82 2-798-3311,"Seoul 5-5, Itaewon-dong, Yongsan-gu",140857,37.540638,126.99482,"Asian, Korean",Mon 09:00~17:00 / Tue 09:00~17:00 / Wed 09:00~17:00 / Thu 09:00~17:00 / Fri 09:00~17:00,"Restaurant of a Grand Chef Relais & Châteaux in town. Unique in the world: Each dish draws its inspiration from nature, from a poem or a painting, and is, in itself, both a work of art and a celebration of Korean culinary art.",https://dynamic-media-cdn.tripadvisor.com/media/photo-o/26/98/d7/f5/caption.jpg?w=200&h=200&s=1&cx=4371&cy=2305&chk=v1_61d445397c32bc84ce48,https://www.tripadvisor.com/Restaurant_Review-g294197-d5483610-Reviews-Si_Wha_Dam_Itaewon-Seoul.html,22,4.7,,,,,,,,,,,,,,,,tripadvisor
28038700,Onlygo & Co,+82 70-8888-2755,Seoul Dosan-daero 205 Hotel Sunshine / First Floor,06026,37.520325,127.028786,"Italian, Korean, Fusion",월 09:30~23:00 / 화 09:30~23:00 / 수 09:30~23:00 / 목 09:30~23:00 / 금 09:30~23:00 / 토 09:30~23:00 / 일 09:30~23:00,"We are Onlygo&Co
a 'multi-cultural space' that blends flowers and dining in one place.
We offer Korean-Italian fusion cuisine. Booths and private rooms are available for reservation. Flower classes can be booked, and bouquet reservations are available.",https://dynamic-media-cdn.tripadvisor.com/media/photo-o/2c/f7/d5/62/caption.jpg?w=900&h=500&s=1,https://www.tripadvisor.com/Restaurant_Review-g294197-d28038700-Reviews-Onlygo_Co-Seoul.html,2,5.0,Western,Dining with flowers at Onri Goenko.,,888384402,https://place.map.kakao.com/888384402,9000,28000,26,true,,,,,,,kakao
24970262,Superstar Topokki,+82 2-795-3435,"Seoul 58, Hangang-daero, Yongsan-gu 1/f",04388,37.525745,126.96503,"Diner, Street Food, Beer restaurants",월 11:00~22:00 / 화 11:00~22:00 / 수 11:00~22:00 / 목 11:00~22:00 / 금 11:00~22:00 / 토 11:00~22:00,1 minute walking distance from HYBE INSIGHT Museum towards Sinyongsan Subway Station Host Birthday Celebrations of Hybe Artists all year. The Best Topokki in Seoul,https://dynamic-media-cdn.tripadvisor.com/media/photo-o/30/4b/9f/7f/caption.jpg?w=900&h=500&s=1,https://www.tripadvisor.com/Restaurant_Review-g294197-d24970262-Reviews-Superstar_Topokki-Seoul.html,3,4.7,Tteokbokki (spicy rice cakes),A must-visit spot for instant tteokbokki filled with BTS vibes.,월 21:00 / 화 21:00 / 수 21:00 / 목 21:00 / 금 21:00 / 토 21:00,794071764,https://place.map.kakao.com/794071764,2000,6000,30,false,true,,,,,,kakao
25417003,La Fine Bouche,+82 70-8823-8181,Seoul Itaewon-ro 55 Ga-gil 15 101,04348,37.53663,126.999664,French,Mon 17:00~23:00 / Tue 17:00~23:00 / Wed 17:00~23:00 / Thu 17:00~23:00 / Fri 17:00~23:00 / Sat 17:00~22:00,,https://dynamic-media-cdn.tripadvisor.com/media/photo-o/28/b7/10/b2/80-90.jpg?w=900&h=500&s=1,https://www.tripadvisor.com/Restaurant_Review-g294197-d25417003-Reviews-La_Fine_Bouche-Seoul.html,16,5.0,,,,,,,,,,,,,,,,tripadvisor
3472919,Little India Seoul,+82 2-793-5416,"Seoul 137-61 Itaewon 1-dong, Yongsan-gu",,37.533257,126.9967,"Indian, Asian",Sun 11:00~22:00 / Mon 11:00~22:00 / Tue 11:00~22:00 / Wed 11:00~22:00 / Thu 11:00~22:00 / Fri 11:00~22:00 / Sat 11:00~22:00,,https://dynamic-media-cdn.tripadvisor.com/media/photo-o/26/98/d7/f5/caption.jpg?w=200&h=200&s=1&cx=4371&cy=2305&chk=v1_61d445397c32bc84ce48,https://www.tripadvisor.com/Restaurant_Review-g294197-d3472919-Reviews-Little_India_Seoul-Seoul.html,28,3.8,,,,,,,,,,,,,,,,tripadvisor
32963558,Segwang Yangdaechang Yangjae Branch,+82 2-529-9235,Seoul 222-6 Gangnam-daero 1st Floor,06736,37.48376,127.03574,"Asian, Korean, Grill",Sun 11:30~22:10 / Mon 11:30~22:10 / Tue 11:30~22:10 / Wed 11:30~22:10 / Thu 11:30~22:10 / Fri 11:30~22:10 / Sat 11:30~22:10,,https://dynamic-media-cdn.tripadvisor.com/media/photo-o/2e/e0/62/ed/48.jpg?w=800&h=-1&s=1,https://www.tripadvisor.com/Restaurant_Review-g294197-d32963558-Reviews-Segwang_Yangdaechang_Yangjae_Branch-Seoul.html,2,5.0,,,,,,,,,,,,,,,,tripadvisor
33287127,Myeongryang Ganjang Gejang (Magok Branch),+82 2-6953-0002,Seoul 261 Balsan Park Plaza 2nd Floor,,37.55908,126.836464,"Asian, Korean",Sun 11:30~21:30 / Mon 11:30~21:30 / Tue 11:30~21:30 / Wed 11:30~21:30 / Thu 11:30~21:30 / Fri 11:30~21:30 / Sat 11:30~21:30,,https://dynamic-media-cdn.tripadvisor.com/media/photo-o/30/65/03/ea/caption.jpg?w=900&h=-1&s=1,https://www.tripadvisor.com/Restaurant_Review-g294197-d33287127-Reviews-Myeongryang_Ganjang_Gejang_Magok_Branch-Seoul.html,1,5.0,,,,,,,,,,,,,,,,tripadvisor
9396670,Mango Six,+82 2-545-9834,"Seoul 26, Dosan-daero13-Gil",,,,,,,https://dynamic-media-cdn.tripadvisor.com/media/photo-o/26/98/d7/f5/caption.jpg?w=200&h=200&s=1&cx=4371&cy=2305&chk=v1_61d445397c32bc84ce48,https://www.tripadvisor.com/Restaurant_Review-g294197-d9396670-Reviews-Mango_Six-Seoul.html,32,4.0,,,,,,,,,,,,,,,,
4072982,Gonghang Kalguksu,+82 2-2664-9748,"Seoul 5, Nambusunhwan-ro, Gangseo-gu",07622,37.56135,126.80759,"Asian, Korean",,,https://dynamic-media-cdn.tripadvisor.com/media/photo-o/1b/35/07/f3/photo1jpg.jpg?w=900&h=500&s=1,https://www.tripadvisor.com/Restaurant_Review-g294197-d4072982-Reviews-Gonghang_Kalguksu-Seoul.html,27,4.1,,,,,,,,,,,,,,,,
23808205,Mokmyeoksan Horaengi,+82 2-318-1971,"Seoul 627, Namsangongwon-gil, Juung-gu",04628,37.555294,126.9853,"Asian, Korean, Healthy",,,https://dynamic-media-cdn.tripadvisor.com/media/photo-o/26/98/d7/f5/caption.jpg?w=200&h=200&s=1&cx=4371&cy=2305&chk=v1_61d445397c32bc84ce48,https://www.tripadvisor.com/Restaurant_Review-g294197-d23808205-Reviews-Mokmyeoksan_Horaengi-Seoul.html,1,5.0,,,,,,,,,,,,,,,,
25279428,PARK689,+82 2-3408-5030,"Seoul 1F, Building 114, Paraspara Seoul, 689 Samyang-ro, Gangbuk-gu",01000,37.66497,127.007744,"Steakhouse, Asian",월 12:00~21:00 / 화 12:00~21:00 / 수 12:00~21:00 / 목 12:00~21:00 / 금 12:00~21:00 / 토 12:00~21:00 / 일 12:00~21:00,,https://dynamic-media-cdn.tripadvisor.com/media/photo-o/28/2d/50/09/689-hall.jpg?w=900&h=-1&s=1,https://www.tripadvisor.com/Restaurant_Review-g294197-d25279428-Reviews-PARK689-Seoul.html,2,5.0,Western,Experience an exotic culinary feast complemented by a pool view.,일 14:30 / 일 20:30 / 월 14:30 / 월 20:30 / 화 14:30 / 화 20:30 / 수 14:30 / 수 20:30 / 목 14:30 / 목 20:30 / 금 14:30 / 금 20:30 / 토 14:30 / 토 20:30,113144208,https://place.map.kakao.com/113144208,15000,31000,25,true,true,true,true,,,,kakao
9147042,Countryside Table,,"Seoul 42, Samyang-ro173-Gil",,37.662582,127.01007,,,There is no content for Countryside Table yet.,https://dynamic-media-cdn.tripadvisor.com/media/photo-o/11/38/9a/38/20170718-134313-largejpg.jpg?w=800&h=-1&s=1,https://www.tripadvisor.com/Restaurant_Review-g294197-d9147042-Reviews-Countryside_Table-Seoul.html,3,4.7,,,,,,,,,,,,,,,,
23181764,Hanwoo Dining Ulleung,+82 2-581-2235,"Seoul 135, Seowoon-ro, Seocho-gu",,37.477135,127.01966,"Asian, Korean",,Chef Kim In-bok’s menu with Korean beef from Ulleungdo Island. Rice in a hot pot with grilled Korean beef of Korean brindle cattle from Ulleungdo Island and Hyojonggaeng boiled with Island thistle of Ulleungdo Island are popular items here.,https://dynamic-media-cdn.tripadvisor.com/media/photo-o/1c/bf/dc/27/hanwoo-dining-ulleung.jpg?w=900&h=500&s=1,https://www.tripadvisor.com/Restaurant_Review-g294197-d23181764-Reviews-Hanwoo_Dining_Ulleung-Seoul.html,2,5.0,,,,,,,,,,,,,,,,
13567883,ANGUK 153,+82 2-733-1530,"Seoul 51, Yulgok-ro, Jongno-gu",03060,37.576477,126.98491,Cafe,월 08:00~20:00 / 화 08:00~20:00 / 수 08:00~20:00 / 목 08:00~20:00 / 금 08:00~20:00 / 토 08:00~20:00 / 일 08:00~20:00,,https://dynamic-media-cdn.tripadvisor.com/media/photo-o/14/d8/56/7b/the-third-floor-seating.jpg?w=900&h=-1&s=1,https://www.tripadvisor.com/Restaurant_Review-g294197-d13567883-Reviews-ANGUK_153-Seoul.html,13,4.3,Bakery,A charming bakery adorned with antique furniture.,,27281766,https://place.map.kakao.com/27281766,5000,6000,15,false,true,,,,,,kakao
23113594,Ansugejang Gunja branch,+82 2-455-8184,"Seoul 264 Neungdong-ro, Gwangjin-gu 1F",04990,37.553474,127.07782,"Asian, Korean",,,https://dynamic-media-cdn.tripadvisor.com/media/photo-o/1c/93/95/38/photo3jpg.jpg?w=900&h=500&s=1,https://www.tripadvisor.com/Restaurant_Review-g294197-d23113594-Reviews-Ansugejang_Gunja_branch-Seoul.html,1,5.0,,,,,,,,,,,,,,,,
32681290,Ryu Mok Min,+82 2-6404-8080,"Seoul Nonhyeon-dong, 38-8 C Place, 2nd Floor",,37.514393,127.02892,"Asian, Korean, Fusion",Sun 11:30~22:00 / Mon 11:30~22:00 / Tue 11:30~22:00 / Wed 11:30~22:00 / Thu 11:30~22:00 / Fri 11:30~22:00 / Sat 11:30~22:00,,https://dynamic-media-cdn.tripadvisor.com/media/photo-o/2e/90/7e/05/caption.jpg?w=900&h=500&s=1,https://www.tripadvisor.com/Restaurant_Review-g294197-d32681290-Reviews-Ryu_Mok_Min-Seoul.html,5,5.0,,,,,,,,,,,,,,,,tripadvisor
7899601,Soowarae,+82 507-1457-2122,"Seoul 82, Samcheong-ro, Jongno-gu 2F",03053,37.582623,126.981995,,,There is no content for Soowarae yet.,https://dynamic-media-cdn.tripadvisor.com/media/photo-o/0d/7e/ce/6f/good-food.jpg?w=900&h=-1&s=1,https://www.tripadvisor.com/Restaurant_Review-g294197-d7899601-Reviews-Soowarae-Seoul.html,12,4.8,,,,,,,,,,,,,,,,
15067369,Gyodae Pyeongsang Jib,+82 2-586-8188,"Seoul 24, Seocho-daero 50-gil, Seocho-gu",06645,37.492085,127.01292,"Asian, Korean",,Jokbal,https://dynamic-media-cdn.tripadvisor.com/media/photo-o/14/63/2a/93/getlstd-property-photo.jpg?w=900&h=500&s=1,https://www.tripadvisor.com/Restaurant_Review-g294197-d15067369-Reviews-Gyodae_Pyeongsang_Jib-Seoul.html,11,4.5,,,,,,,,,,,,,,,,
17607154,Maji,+82 2-536-5228,"Seoul 19, Jahamun-ro 5-gil, Jongno-gu",03041,37.577568,126.970795,"Asian, Korean, Healthy",수 11:30~20:00 / 목 11:30~20:00 / 금 11:30~20:00 / 토 11:30~20:00 / 일 12:00~15:30,,https://dynamic-media-cdn.tripadvisor.com/media/photo-o/26/98/d7/f5/caption.jpg?w=200&h=200&s=1&cx=4371&cy=2305&chk=v1_61d445397c32bc84ce48,https://www.tripadvisor.com/Restaurant_Review-g294197-d17607154-Reviews-Maji-Seoul.html,4,5.0,Korean,Traditional Korean vegetarian cuisine. Please make a reservation on weekends.,,19119689,https://place.map.kakao.com/19119689,9000,20000,17,,,,,,true,,kakao
33368391,Mokseokjung,+82 10-2257-1048,Seoul 29 Palpan-gil,03054,37.583115,126.98112,"Asian, Korean",Sun 12:00~14:00 / Sun 17:00~21:30 / Mon 12:00~14:30 / Mon 18:00~21:00 / Tue 12:00~14:30 / Tue 18:00~21:00 / Wed 12:00~14:30 / Wed 18:00~21:00 / Thu 12:00~14:30 / Thu 18:00~21:00 / Fri 12:00~14:30 / Fri 18:00~21:00 / Sat 12:00~14:00 / Sat 17:00~21:30,"Mokseokjeong is a hidden gem in the quiet alleys of Samcheong-dong, Seoul—a traditional Korean hanok restaurant offering seasonal omakase-style dining. Rather than serving all dishes at once, we present each course in harmony with your pace, always centered around freshly cooked sotbap (Korean pot rice). Our ingredients are handpicked every morning from Garak Market and Majang Meat Market, using only top-grade Hanwoo++ beef and fresh, locally sourced seafood, prepared in limited quantities. This ensures every dish reflects the highest quality and the season’s best flavors. The hanok’s warm, minimalist setting—sunlight filtering through lattice windows, with private rooms for intimate gatherings—creates an ideal space for couples, families, or international guests. Service goes beyond plating; we share the story, seasonal touch, and chef’s intent behind each dish, creating not just a meal but a cherished memory.",https://dynamic-media-cdn.tripadvisor.com/media/photo-o/30/f3/a3/2f/caption.jpg?w=900&h=500&s=1,https://www.tripadvisor.com/Restaurant_Review-g294197-d33368391-Reviews-Mokseokjung-Seoul.html,1,5.0,,,,,,,,,,,,,,,,tripadvisor
6207917,I Have a Dream,+82 2-3453-7697,"Seoul 821, Yeoksam-dong, Gangnam-gu IZ Tower B3F",,37.498627,127.02805,Italian,Sun 11:30~00:00 / Mon 11:30~00:00 / Tue 11:30~00:00 / Wed 11:30~00:00 / Thu 11:30~00:00 / Fri 11:30~02:00 / Sat 11:30~02:00,,https://dynamic-media-cdn.tripadvisor.com/media/photo-o/26/98/d7/f5/caption.jpg?w=200&h=200&s=1&cx=4371&cy=2305&chk=v1_61d445397c32bc84ce48,https://www.tripadvisor.com/Restaurant_Review-g294197-d6207917-Reviews-I_Have_a_Dream-Seoul.html,16,4.3,,,,,,,,,,,,,,,,tripadvisor
8610713,Ssangdaepo Sogeumgui,+82 2-707-1380,"Seoul 291, Cheongpa-ro, Yongsan-gu",04309,37.54545,126.97026,,월 10:00~24:00 / 화 10:00~24:00 / 수 10:00~24:00 / 목 10:00~24:00 / 금 10:00~24:00 / 토 10:00~24:00 / 일 10:00~24:00,There is no content for Ssangdaepo Sogeumgui yet.,https://dynamic-media-cdn.tripadvisor.com/media/photo-o/13/81/d9/e3/20180611-195419-largejpg.jpg?w=900&h=500&s=1,https://www.tripadvisor.com/Restaurant_Review-g294197-d8610713-Reviews-Ssangdaepo_Sogeumgui-Seoul.html,8,4.1,"Meat, Korean BBQ",A renowned salt-grilled restaurant that captures the essence of a lively pub.,,16766032,https://place.map.kakao.com/16766032,7000,13500,13,true,true,,true,,,,kakao
33249022,Teta Lounge Hookah Bar,+82 10-6753-1712,Seoul Sinsa-Dong 656-4 4th Floor,,37.525562,127.037735,"Bar, Sushi, Diner, Dining bars",Sun 18:00~02:00 / Mon 18:00~02:00 / Tue 18:00~02:00 / Wed 18:00~02:00 / Thu 18:00~02:00 / Fri 18:00~02:00 / Sat 18:00~02:00,"Teta Lounge Bar with hookahs — where time slows down. A cozy lounge in the heart of Seoul offering signature hookahs, stylish ambiance, and delicious sushi. Every evening here is a ritual of pleasure. On the rooftop, you’ll find Rufina Rooftop — the perfect space to unwind under the open sky: cocktails, music, soft lighting, and fresh air. Ideal for meetups, dates, and late-night conversations. Teta — when you want to breathe deeper, feel brighter, and enjoy the moment",https://dynamic-media-cdn.tripadvisor.com/media/photo-o/32/72/d2/5f/enjoy-hookah-in-teta.jpg?w=900&h=500&s=1,https://www.tripadvisor.com/Restaurant_Review-g294197-d33249022-Reviews-Teta_Lounge_Hookah_Bar-Seoul.html,3,5.0,,,,,,,,,,,,,,,,tripadvisor
1144019,Kwak Kyung Chan's Sigol Bapsang,+82 2-793-5390,"Seoul 235, Itaewon-ro, Yongsan-gu",04348,37.535835,126.99939,"Asian, Korean",Sun 06:00~20:00 / Mon 06:00~20:00 / Tue 06:00~20:00 / Wed 06:00~20:00 / Thu 06:00~20:00 / Fri 06:00~20:00 / Sat 06:00~20:00,,https://dynamic-media-cdn.tripadvisor.com/media/photo-o/26/98/d7/f5/caption.jpg?w=200&h=200&s=1&cx=4371&cy=2305&chk=v1_61d445397c32bc84ce48,https://www.tripadvisor.com/Restaurant_Review-g294197-d1144019-Reviews-Kwak_Kyung_Chan_s_Sigol_Bapsang-Seoul.html,59,3.5,,,,,,,,,,,,,,,,tripadvisor
34429839,Woo Hana,+82 2-6124-7610,"Seoul 27-8, Gukjegeumyung-ro 8-gil Unit 3, 1F",07332,37.519573,126.92854,"Barbecue, Asian, Korean, Dining bars",Sun 11:00~22:00 / Mon 11:00~22:00 / Tue 11:00~22:00 / Wed 11:00~22:00 / Thu 11:00~22:00 / Fri 11:00~22:00 / Sat 11:00~22:00,,https://dynamic-media-cdn.tripadvisor.com/media/photo-o/26/98/d7/f5/caption.jpg?w=200&h=200&s=1&cx=4371&cy=2305&chk=v1_61d445397c32bc84ce48,https://www.tripadvisor.com/Restaurant_Review-g294197-d34429839-Reviews-Woo_Hana-Seoul.html,14,5.0,,,,,,,,,,,,,,,,tripadvisor
4035229,Yeti Indian Nepals Restaurant,+82 2-325-0745,"Seoul 10, Wausan-ro 18-gil, Mapo-gu 2f",04067,,,"Indian, Asian, Nepali",월 11:00~24:00 / 화 11:00~24:00 / 수 11:00~24:00 / 목 11:00~24:00 / 금 11:00~02:00 / 토 11:00~02:00 / 일 11:00~24:00,,https://dynamic-media-cdn.tripadvisor.com/media/photo-o/26/98/d7/f5/caption.jpg?w=200&h=200&s=1&cx=4371&cy=2305&chk=v1_61d445397c32bc84ce48,https://www.tripadvisor.com/Restaurant_Review-g294197-d4035229-Reviews-Yeti_Indian_Nepals_Restaurant-Seoul.html,15,4.5,Indian,Sizzling tandoori chicken in an exotic interior.,,13284457,https://place.map.kakao.com/13284457,2000,13000,30,true,true,true,,true,,,kakao
10235656,Namsan Winery,+82 2-727-5849,"Seoul 5, Hoenamu-ro 10-gil, Yongsan-gu",04345,37.538914,126.98911,"European, Portuguese, Wine Bar",월 12:00~23:00 / 화 12:00~23:00 / 수 12:00~23:00 / 목 12:00~23:00 / 금 12:00~23:00 / 토 12:00~23:00 / 일 12:00~22:00,"We provide you Portuguese Wine & Food. We are restautrant and wine bar. There are some special spaces such as terrace, private room and wine shop. The atmosphere is very cozy but neat. Staffs are very friendly and well-educated.",https://dynamic-media-cdn.tripadvisor.com/media/photo-o/26/98/d7/f5/caption.jpg?w=200&h=200&s=1&cx=4371&cy=2305&chk=v1_61d445397c32bc84ce48,https://www.tripadvisor.com/Restaurant_Review-g294197-d10235656-Reviews-Namsan_Winery-Seoul.html,5,4.0,Western,A feast of wine and dining filled with Portuguese charm.,,27481670,https://place.map.kakao.com/27481670,12000,28500,8,true,,,,,,,kakao
2524708,The Restaurant,,"Seoul 54 Samcheong-ro, Jongno-gu",121200,37.580807,126.98029,"Italian, French, Wine Bar",화 12:00~22:00 / 수 12:00~22:00 / 목 12:00~22:00 / 금 12:00~22:00 / 토 12:00~22:00,,https://dynamic-media-cdn.tripadvisor.com/media/photo-o/26/98/d7/f5/caption.jpg?w=200&h=200&s=1&cx=4371&cy=2305&chk=v1_61d445397c32bc84ce48,https://www.tripadvisor.com/Restaurant_Review-g294197-d2524708-Reviews-The_Restaurant-Seoul.html,12,4.6,Italian,The temptation of creamy truffle soup.,,27239815,https://place.map.kakao.com/27239815,5500,7700,7,true,true,,,,,,kakao
19976866,Gangdong Bansang,+82 2-429-2733,"Seoul 39, Sangil-ro 6-gil, Gangdong-gu B1F",05288,37.549683,127.17532,,Sun 11:30~21:30 / Mon 11:30~15:00 / Mon 17:30~21:30 / Tue 11:30~15:00 / Tue 17:30~21:30 / Wed 11:30~15:00 / Wed 17:30~21:30 / Thu 11:30~15:00 / Thu 17:30~21:30 / Fri 11:30~15:00 / Fri 17:30~21:30 / Sat 11:30~21:30,,https://dynamic-media-cdn.tripadvisor.com/media/photo-o/30/89/63/56/caption.jpg?w=900&h=-1&s=1,https://www.tripadvisor.com/Restaurant_Review-g294197-d19976866-Reviews-Gangdong_Bansang-Seoul.html,1,4.0,,,,,,,,,,,,,,,,tripadvisor
14960750,Jeongseon Buddukmak,+82 2-499-8253,"Seoul 14, Seoulsup 6-gil, Seongdong-gu",04768,37.547558,127.04315,"Asian, Korean",화 11:30~21:00 / 수 11:30~21:00 / 목 11:30~21:00 / 금 11:30~21:00 / 토 11:30~21:00 / 일 11:30~21:00,,https://dynamic-media-cdn.tripadvisor.com/media/photo-o/15/0c/15/23/jeongseon-buddukmak.jpg?w=900&h=500&s=1,https://www.tripadvisor.com/Restaurant_Review-g294197-d14960750-Reviews-Jeongseon_Buddukmak-Seoul.html,4,4.0,Korean,Neatly served Gondre rice with a generous spread of side dishes.,일 20:00 / 화 20:00 / 수 20:00 / 목 20:00 / 금 20:00 / 토 20:00,1854321980,https://place.map.kakao.com/1854321980,6000,15000,6,false,true,,,,,,kakao
8685992,Din Tai Fung  Times Square,+82 2-2638-2780,"Seoul 15, Yeongjung-ro, Yeongdeungpo-gu 4F Times Square Mall",07305,37.517376,126.9044,,Sun 11:00~22:00 / Mon 11:00~22:00 / Tue 11:00~22:00 / Wed 11:00~22:00 / Thu 11:00~22:00 / Fri 11:00~22:00 / Sat 11:00~22:00,,https://dynamic-media-cdn.tripadvisor.com/media/photo-o/26/98/d7/f5/caption.jpg?w=200&h=200&s=1&cx=4371&cy=2305&chk=v1_61d445397c32bc84ce48,https://www.tripadvisor.com/Restaurant_Review-g294197-d8685992-Reviews-Din_Tai_Fung_Times_Square-Seoul.html,27,3.5,,A feast of juicy dim sum and flavorful Chinese dishes.,,18335479,https://place.map.kakao.com/18335479,15000,15000,1,,,,,,,,tripadvisor
27922738,SOS Coffee,+82 507-1358-9482,"Seoul 4-7 Baekjegobun-ro 40-gil 1st Floor, Songpa-gu",05684,37.503834,127.10562,"Italian, Cafe, Fast Food",Sun 07:30~02:30 / Mon 07:30~02:30 / Wed 07:30~02:30 / Thu 07:30~02:30 / Fri 07:30~02:30 / Sat 07:30~02:30,,https://dynamic-media-cdn.tripadvisor.com/media/photo-o/26/98/d7/f5/caption.jpg?w=200&h=200&s=1&cx=4371&cy=2305&chk=v1_61d445397c32bc84ce48,https://www.tripadvisor.com/Restaurant_Review-g294197-d27922738-Reviews-SOS_Coffee-Seoul.html,4,5.0,,Enjoy creamy pasta and coffee in a stylish space.,,768128867,https://place.map.kakao.com/768128867,4500,14500,3,true,,,,,,,tripadvisor
4076300,T.G.I. Friday's Jamsil Castle,+82 2-2146-2401,"Seoul 7-18, Sincheon-dong, Songpa-gu 2F, Lotte Castle Gold Castle Plaza",,37.514263,127.10049,"American, Barbecue",,,https://dynamic-media-cdn.tripadvisor.com/media/photo-o/15/b1/6c/80/20181211-204401-largejpg.jpg?w=700&h=400&s=1,https://www.tripadvisor.com/Restaurant_Review-g294197-d4076300-Reviews-T_G_I_Friday_s_Jamsil_Castle-Seoul.html,21,3.9,,,,,,,,,,,,,,,,
3923364,PyeongRaeOk,+82 2-2267-5892,"Seoul 18-1 Jeo-dong 2-ga, Jung-gu",,37.564693,126.990326,"Asian, Korean",월 11:00~22:00 / 화 11:00~22:00 / 수 11:00~22:00 / 목 11:00~22:00 / 금 11:00~22:00 / 토 11:00~22:00 / 일 11:00~22:00,,https://dynamic-media-cdn.tripadvisor.com/media/photo-o/26/98/d7/f5/caption.jpg?w=200&h=200&s=1&cx=4371&cy=2305&chk=v1_61d445397c32bc84ce48,https://www.tripadvisor.com/Restaurant_Review-g294197-d3923364-Reviews-PyeongRaeOk-Seoul.html,31,4.2,Naengmyeon (cold noodles),A subtle harmony of Pyongyang cold noodles and chicken salad.,일 21:00 / 월 21:00 / 화 21:00 / 수 21:00 / 목 21:00 / 금 21:00 / 토 21:00,12106466,https://place.map.kakao.com/12106466,7000,14000,21,true,true,,,,,,kakao
20355549,L'estiu Seochon,+82 2-722-212,"Seoul 4, Jahamun-ro 16-gil, Jongno-gu 1st Floor",03043,,,"Italian, Mediterranean, European, Spanish, Wine Bar",Sun 11:30~15:30 / Sun 17:30~00:00 / Mon 11:30~15:30 / Mon 17:30~23:00 / Tue 11:30~15:30 / Tue 17:30~23:00 / Wed 11:30~15:30 / Wed 17:30~23:00 / Thu 11:30~15:30 / Thu 17:30~23:00 / Fri 11:30~15:30 / Fri 17:30~00:00 / Sat 11:30~15:30 / Sat 17:30~00:00,,https://dynamic-media-cdn.tripadvisor.com/media/photo-o/1b/42/9f/ca/arroces-valencianos-y.jpg?w=900&h=500&s=1,https://www.tripadvisor.com/Restaurant_Review-g294197-d20355549-Reviews-L_estiu_Seochon-Seoul.html,2,4.5,,,,,,,,,,,,,,,,tripadvisor
27110870,Dobongsan Acorn Village,+82 2-954-4755,"Seoul 19 Dobongsan-gil, Dobong-gu",01302,37.687202,127.043396,"Asian, Korean",,,https://dynamic-media-cdn.tripadvisor.com/media/photo-o/2b/26/d9/cc/caption.jpg?w=900&h=-1&s=1,https://www.tripadvisor.com/Restaurant_Review-g294197-d27110870-Reviews-Dobongsan_Acorn_Village-Seoul.html,1,5.0,,,,,,,,,,,,,,,,
7033736,Ola Yeouido Park Centre,+82 2-2070-7220,"Seoul 8, Yeoui-daero, Yeongdeungpo-gu B1F Yeouido Park Centre",07320,37.521194,126.91859,Italian,,,https://dynamic-media-cdn.tripadvisor.com/media/photo-o/14/2a/89/90/photo1jpg.jpg?w=900&h=500&s=1,https://www.tripadvisor.com/Restaurant_Review-g294197-d7033736-Reviews-Ola_Yeouido_Park_Centre-Seoul.html,26,4.1,,,,,,,,,,,,,,,,
21127150,RUMPUS ROOM,+82 2-2076-2052,Seoul 23 Jangmun-ro Yongsan,04392,37.52846,126.993225,"Bar, Cafe",Sun 18:00~01:00 / Mon 18:00~01:00 / Tue 18:00~01:00 / Wed 18:00~01:00 / Thu 18:00~01:00 / Fri 18:00~01:00 / Sat 18:00~01:00,"Rumpus Room specializes in wines, ranging from the classics that everyone knows to the premiums. Mon - Thur | 6PM - 12AM (L.O Food: 11PM, Drinks 11:30PM) Fri - Sun | 6PM - 1AM (L.O Food: 12AM, Drinks 12:30AM)",https://dynamic-media-cdn.tripadvisor.com/media/photo-o/26/98/d7/f5/caption.jpg?w=200&h=200&s=1&cx=4371&cy=2305&chk=v1_61d445397c32bc84ce48,https://www.tripadvisor.com/Restaurant_Review-g294197-d21127150-Reviews-Bar_Rumpus_Room-Seoul.html,53,4.8,,,,,,,,,,,,,,,,tripadvisor
2265905,Dalgaebi Jeongdong Store,+82 2-765-2035,"Seoul 3-7 Jeong-dong, Jung-gu",04518,37.566772,126.97608,"Asian, Korean",Mon 07:30~09:30 / Mon 12:00~15:00 / Mon 18:00~22:00 / Tue 07:30~09:30 / Tue 12:00~15:00 / Tue 18:00~22:00 / Wed 07:30~09:30 / Wed 12:00~15:00 / Wed 18:00~22:00 / Thu 07:30~09:30 / Thu 12:00~15:00 / Thu 18:00~22:00 / Fri 07:30~09:30 / Fri 12:00~15:00 / Fri 18:00~22:00 / Sat 07:30~09:30 / Sat 12:00~15:00 / Sat 18:00~22:00,,https://dynamic-media-cdn.tripadvisor.com/media/photo-o/26/98/d7/f5/caption.jpg?w=200&h=200&s=1&cx=4371&cy=2305&chk=v1_61d445397c32bc84ce48,https://www.tripadvisor.com/Restaurant_Review-g294197-d2265905-Reviews-Dalgaebi_Jeongdong_Store-Seoul.html,12,4.2,,,,,,,,,,,,,,,,tripadvisor
25456341,Cesta,+82 2-793-9400,"Seoul 21-18, Hannam-daero 20-gil Hannam-dong",04419,37.53524,127.00911,"American, Grill, Contemporary, Wine Bar, Dining bars",Mon 13:00~23:00 / Tue 13:00~23:00 / Wed 13:00~23:00 / Thu 13:00~23:45 / Fri 13:00~23:45 / Sat 13:00~23:45,"Experience the allure of global gastronomy,
with an infusion of culinary traditions from around the globe.

Savor an exquisite medley of locally sourced, seasonal delights,
crafted to perfection with our discerning Chef Seakyung Kim's touch.

Indulge in the essence of pure flavors, unleashed through our charcoal grilling techniques.

Elevate your dining adventure with a vibrant selection of wines,
meticulously chosen to harmonize and enhance every delectable bite.

Cesta, derived from the Spanish word for ""basket,""
invites you to partake in this enchanting symphony of epicurean pleasures,
where these four elements intertwine seamlessly.",https://dynamic-media-cdn.tripadvisor.com/media/photo-o/26/98/d7/f5/caption.jpg?w=200&h=200&s=1&cx=4371&cy=2305&chk=v1_61d445397c32bc84ce48,https://www.tripadvisor.com/Restaurant_Review-g294197-d25456341-Reviews-Cesta-Seoul.html,16,5.0,,,,,,,,,,,,,,,,tripadvisor
13859612,Dodong Jib,+82 2-831-1213,"Seoul 3 Yeouidaebang-ro 13-gil, Yeongdeungpo-gu No 101",07434,37.4973,126.91611,"Japanese, Asian, Korean, Pub, Fusion",월 11:00~01:30 / 화 11:00~01:30 / 수 11:00~01:30 / 목 11:00~01:30 / 금 11:00~01:30 / 토 16:00~01:30 / 일 16:00~01:30,,https://dynamic-media-cdn.tripadvisor.com/media/photo-o/13/b8/ca/6d/photo0jpg.jpg?w=900&h=500&s=1,https://www.tripadvisor.com/Restaurant_Review-g294197-d13859612-Reviews-Dodong_Jib-Seoul.html,3,4.0,Hof (Korean beer pub),Chewy fresh noodles and umami-filled Korean pub dishes.,,1575329627,https://place.map.kakao.com/1575329627,9000,21000,30,false,true,,,,,,kakao
33400310,Seoryung Lotteworld Mall,+82 507-1447-8774,"Seoul 300 Olympic-ro, Songpa-gu 6th Floor, Lotteworld Mall",05551,37.566,126.9784,"Asian, Korean",Sun 10:30~22:00 / Mon 10:30~22:00 / Tue 10:30~22:00 / Wed 10:30~22:00 / Thu 10:30~22:00 / Fri 10:30~22:00 / Sat 10:30~22:00,"Seoryung is a traditional Korean restaurant specializing in Pyongyang-style cold noodles (naengmyeon), known for its crystal-clear and deep beef broth, hand-pulled 100% buckwheat noodles, and warm, attentive service. Located near Seoul Station, it offers a peaceful dining experience with authentic flavors rooted in heritage. In addition to its signature naengmyeon, Seoryung also serves tender, top-grade Korean beef bulgogi made from premium sirloin, grilled to perfection for a rich and savory experience. It promises an enjoyable culinary journey where you can savor traditional Korean dishes in a setting that blends timeless elegance with modern design.",https://dynamic-media-cdn.tripadvisor.com/media/photo-o/30/ca/d6/e7/seoryung-dishes.jpg?w=900&h=500&s=1,https://www.tripadvisor.com/Restaurant_Review-g294197-d33400310-Reviews-Seoryung_Lotteworld_Mall-Seoul.html,3,5.0,,,,,,,,,,,,,,,,tripadvisor
4072795,Eumsik,+82 2-703-0204,"Seoul 27-10, Wonhyoro2-ga, Yongsan-gu 2 61-3",,37.536312,126.96382,"Asian, Korean",,,https://dynamic-media-cdn.tripadvisor.com/media/photo-o/26/29/94/1f/caption.jpg?w=900&h=500&s=1,https://www.tripadvisor.com/Restaurant_Review-g294197-d4072795-Reviews-Eumsik-Seoul.html,5,4.6,,,,,,,,,,,,,,,,
28144426,Seusibeom,+82 2-2062-1770,Seoul 1024-17 Sinjeong 1-dong,,37.520786,126.8598,"Japanese, Sushi, Asian, Korean",월 11:00~21:30 / 화 11:00~21:30 / 수 11:00~21:30 / 목 11:00~21:30 / 금 11:00~21:30 / 토 11:00~21:30 / 일 11:00~21:30,,https://dynamic-media-cdn.tripadvisor.com/media/photo-o/26/98/d7/f5/caption.jpg?w=200&h=200&s=1&cx=4371&cy=2305&chk=v1_61d445397c32bc84ce48,https://www.tripadvisor.com/Restaurant_Review-g294197-d28144426-Reviews-Seusibeom-Seoul.html,9,5.0,"Sushi, rolls","Mokdong's top sushi spot, Sushi Bum, offering fresh sushi and a variety of dishes! 🍣✨",,27508445,https://place.map.kakao.com/27508445,4000,12500,6,true,,,,,,true,kakao
4608690,Mirim Sanjang,+82 2-993-3330,"Seoul 292, Ui-dong, Gangbuk-gu",,37.674305,127.00444,"Asian, Korean",,,https://dynamic-media-cdn.tripadvisor.com/media/photo-o/0e/b4/22/a1/caption.jpg?w=900&h=500&s=1,https://www.tripadvisor.com/Restaurant_Review-g294197-d4608690-Reviews-Mirim_Sanjang-Seoul.html,2,3.5,,,,,,,,,,,,,,,,
15017170,RainStar - Jamsil,+82 2-2202-5552,"Seoul 100, Samhaksa-ro, Songpa-gu 1st & 2nd Floor",05612,37.506393,127.09737,"Asian, Korean",Sun 11:00~23:00 / Mon 11:00~23:00 / Tue 11:00~23:00 / Wed 11:00~23:00 / Thu 11:00~23:00 / Fri 11:00~23:00 / Sat 11:00~23:00,RainStar is the best Dakgalbi (Korean traditional chicken cuisine) restaurant where number of K-pop stars and celebrities visit to eat. RainStar offers the best spicy grilled chicken that has more than 20 years of history with the best service.,https://dynamic-media-cdn.tripadvisor.com/media/photo-o/26/98/d7/f5/caption.jpg?w=200&h=200&s=1&cx=4371&cy=2305&chk=v1_61d445397c32bc84ce48,https://www.tripadvisor.com/Restaurant_Review-g294197-d15017170-Reviews-RainStar_Jamsil-Seoul.html,12,4.3,,,,,,,,,,,,,,,,tripadvisor
4032211,Soseonjae,+82 2-730-7002,"Seoul 113-3, Samcheong-dong",,37.585526,126.98198,,월 11:00~21:00 / 화 11:00~21:00 / 수 11:00~21:00 / 목 11:00~21:00 / 금 11:00~21:00 / 토 11:00~21:00 / 일 11:00~21:00,,https://dynamic-media-cdn.tripadvisor.com/media/photo-o/19/16/34/16/soseonjae.jpg?w=900&h=500&s=1,https://www.tripadvisor.com/Restaurant_Review-g294197-d4032211-Reviews-Soseonjae-Seoul.html,13,4.1,Hanjeongsik (Korean course meal),Healthy traditional Korean set meals infused with Hanok ambiance.,일 14:00 / 월 14:00 / 화 14:00 / 수 14:00 / 목 14:00 / 금 14:00 / 토 14:00,7964066,https://place.map.kakao.com/7964066,12000,22000,22,true,true,true,true,,,,kakao
12534055,Saint Maison,+82 2-3213-2646,"Seoul 6th Floor, Avenuel Worldtower, 300, Olympic-ro, Songpa-gu What3words: ///empire.poodle.sings",05551,37.512726,127.10185,"French, Seafood",Sun 00:00~03:00 / Sun 05:30~22:00 / Mon 00:00~03:00 / Mon 05:30~22:00 / Tue 00:00~03:00 / Tue 05:30~22:00 / Wed 00:00~03:00 / Wed 05:30~22:00 / Thu 00:00~03:00 / Thu 05:30~22:00 / Fri 00:00~03:00 / Fri 05:30~22:00 / Sat 00:00~03:00 / Sat 05:30~22:00,,https://dynamic-media-cdn.tripadvisor.com/media/photo-o/26/98/d7/f5/caption.jpg?w=200&h=200&s=1&cx=4371&cy=2305&chk=v1_61d445397c32bc84ce48,https://www.tripadvisor.com/Restaurant_Review-g294197-d12534055-Reviews-Saint_Maison-Seoul.html,5,4.8,,,,,,,,,,,,,,,,tripadvisor
13425549,Fave Bakery,+82 70-7716-6100,"Seoul 4-13 Donggyo-ro 39 gil, Mapo-gu Gaya Building",03984,37.561974,126.92392,Cafe,,,https://dynamic-media-cdn.tripadvisor.com/media/photo-o/1a/22/a9/28/fave-bakery.jpg?w=900&h=500&s=1,https://www.tripadvisor.com/Restaurant_Review-g294197-d13425549-Reviews-Fave_Bakery-Seoul.html,7,4.0,,,,,,,,,,,,,,,,
33065849,Yeoungwan,+82 2-782-7747,"Seoul Gukjegeumyung-ro 8-gil, 2 B1 Floor of Nonghyup Foundation Building",,37.522003,126.93011,"Barbecue, Grill",월 11:00~22:00 / 화 11:00~22:00 / 수 11:00~22:00 / 목 11:00~22:00 / 금 11:00~22:00 / 토 11:00~22:00,,https://dynamic-media-cdn.tripadvisor.com/media/photo-o/2f/a6/bc/d7/caption.jpg?w=900&h=500&s=1,https://www.tripadvisor.com/Restaurant_Review-g294197-d33065849-Reviews-Yeoungwan-Seoul.html,5,5.0,Hanjeongsik (Korean course meal),Yeouido's Yeoongwan presents Seoul-style bulgogi and premium Korean beef short ribs.,,209854309,https://place.map.kakao.com/209854309,15000,38000,15,true,,,,,,,kakao
