id,name,phone,address,postal_code,lat,lng,category,hours,description,image,link,review_count,rating,category_kakao,description_kakao,last_order,kakao_place_id,kakao_place_url,menu_price_min,menu_price_median,menu_count,has_parking,has_group_seating,has_private_room,has_baby_chair,has_kids_menu,allows_pets,has_disabled_access,hours_source
9163742,지우 바비큐,+82 2-777-2171,서울 퇴계로 18길 20,04631,37.560005,126.98519,"바베큐, 아시아 요리, 한국, 그릴, 건강식",월 11:00~22:30 / 화 11:00~22:30 / 수 11:00~22:30 / 목 11:00~22:30 / 금 11:00~22:30 / 토 11:00~22:30 / 일 11:00~22:30,"안녕하세요, 지우입니다.
2002년 오픈한 한우, 양념갈비 전문점입니다.

1++BMS9등급의 한우.
전통의 양념갈비. 선별한 와인이 함께합니다.

익숙하지만 조금은 특별한 경험.
한철보다는 한결같은 음식을 제공하고자 합니다.",https://dynamic-media-cdn.tripadvisor.com/media/photo-o/29/d9/35/d6/ziubbq-k-bbq-since-2002.jpg?w=900&h=500&s=1,https://www.tripadvisor.co.kr/Restaurant_Review-g294197-d9163742-Reviews-Ziu_BBQ-Seoul.html,201,4.9,갈비,"안녕하세요, 지우 입니다. 남녀노소 누구나 만족할수 있는 모던 BBQ 를 지향합니다.",일 22:00 / 월 22:00 / 화 22:00 / 수 22:00 / 목 22:00 / 금 22:00 / 토 22:00,12364779,https://place.map.kakao.com/12364779,9000,23000,13,true,,,,,,true,kakao
33118839,선샤인 숯불구이,+82 2-772-9282,서울 명동10길 19-3 Jung-gu,04537,37.56302,126.98561,"해산물, 바베큐, 아시아 요리, 한국, 그릴, 퓨전, 건강식",월 11:00~23:00 / 화 11:00~23:00 / 수 11:00~23:00 / 목 11:00~23:00 / 금 11:00~23:00 / 토 11:00~23:00 / 일 11:00~23:00,"윤슬숯불구이 명동점은 서울의 대표 관광지 명동 한복판에 위치한 프리미엄 한국식 숯불구이 전문점입니다. 내부는 전통 한옥의 온기를 현대적으로 재해석한 세련된 인테리어로 꾸며져 있어 가족, 친구, 연인 누구와 함께 와도 편안한 분위기에서 식사를 즐길 수 있습니다. 윤슬숯불구이의 자랑은 엄선된 1++ 등급 한우와 숙성 돼지고기를 전용 참숯에 구워내는 노하우입니다. 고기의 육즙과 숯불 향이 조화를 이루어 입안 가득 깊고 진한 풍미를 선사하며, 고소한 기름기가 고기의 결 사이사이에 스며들어 최상의 식감을 자랑합니다. 대표 메뉴로는 마블링이 뛰어난 꽃등심, 달콤한 소스로 재운 양념갈비, 두툼한 숙성 삼겹살이 있으며, 고소한 육회비빔밥과 새싹·미나리 비빔밥 등 건강한 곁들임 메뉴도 준비되어 있습니다. 또한 전문 쉐프가 고기를 직접 구워주는 시스템으로 고기를 더욱 맛있게 즐길 수 있도록하며 계절별 수제 소스와 신선한 채소, 깔끔한 반찬을 함께 제공합니다. 점심시간(11:00~13:00)에는 가성비를 높인 점심 특선 정식을, 저녁에는 소주·와인 페어링 세트를 운영해 다양한 고객층의 입맛을 만족시키고 있습니다. 매일 오전 11시부터 오후 11시까지 연중무휴로 운영되며, 단체 예약과 생일·기념일 이벤트도 상시 접수 중입니다. 최고의 재료와 정성 어린 서비스로 특별한 식사 경험을 선사하는 윤슬숯불구이 명동점에서 잊지 못할 맛의 향연을 만나보세요.",https://dynamic-media-cdn.tripadvisor.com/media/photo-o/2f/db/46/cf/caption.jpg?w=900&h=500&s=1,https://www.tripadvisor.co.kr/Restaurant_Review-g294197-d33118839-Reviews-Sunshine_Charcoal_Grilling-Seoul.html,50,4.8,"육류,고기","명동 한가운데서 즐기는 1++등급 한우 숯불구이의 절정, 잊지 못할 풍미!프리미엄 맛 보장",,1377366922,https://place.map.kakao.com/1377366922,10000,19500,20,,,,,,,true,kakao
14803574,플레이버즈,+82 2-6282-6730,서울 서울특별시 서초구 신반포로 176 JW 메리어트 호텔 서울 2층,06546,37.503933,127.004745,"해산물, 아시아 요리, 한국, 그릴, 건강식",일 06:30~10:30 / 일 11:30~16:00 / 일 18:00~21:00 / 월 06:30~10:00 / 월 12:00~14:30 / 월 18:00~21:00 / 화 06:30~10:00 / 화 12:00~14:30 / 화 18:00~21:00 / 수 06:30~10:00 / 수 12:00~14:30 / 수 18:00~21:00 / 목 06:30~10:00 / 목 12:00~14:30 / 목 18:00~21:00 / 금 06:30~10:00 / 금 12:00~14:30 / 금 18:00~21:00 / 토 06:30~10:30 / 토 11:30~16:00 / 토 18:00~21:00,Travellers’ Choice 베스트 오브 베스트 프리미엄 뷔페 레스토랑 플레이버즈에서 세계 각국의 다채로운 요리들을 선보입니다. 마스터 셰프들이 라이브 스테이션에서 즉석으로 제공하는 신선한 메뉴들로 미각의 향연을 즐겨보세요. 플레이버즈는 JW 메리어트 호텔 서울 2층에 위치합니다.,https://dynamic-media-cdn.tripadvisor.com/media/photo-o/15/0f/ad/6b/caption.jpg?w=900&h=500&s=1,https://www.tripadvisor.co.kr/Restaurant_Review-g294197-d14803574-Reviews-Flavors-Seoul.html,2058,5.0,,신선한 랍스타와 풍성한 양갈비의 향연,,360787491,https://place.map.kakao.com/360787491,,,,true,true,true,true,true,,,tripadvisor
26822594,다올 숯불구이 명동점,+82 2-3789-7774,서울 중구 명동8길 8-11 1st And 2nd Floors,04536,37.56318,126.98396,"바베큐, 한국, 퓨전, 와인 바, 맥주 음식점",월 11:00~23:00 / 화 11:00~23:00 / 수 11:00~23:00 / 목 11:00~23:00 / 금 11:00~23:00 / 토 11:00~23:00 / 일 11:00~23:00,"다올 숯불구이 명동점은 K-FOOD의 대표적 음식인 불고기, 삼겹살, 된장찌개 등을 맛보실수 있는 서울 명동 맛집입니다. 많은 이용바랍니다 항상 신선한 재료를 준비하여 고객에게 보답하겠습니다",https://dynamic-media-cdn.tripadvisor.com/media/photo-o/2b/d5/ce/6d/savor-the-exquisite-taste.jpg?w=900&h=500&s=1,https://www.tripadvisor.co.kr/Restaurant_Review-g294197-d26822594-Reviews-Daol_Charcoal_Grill-Seoul.html,589,4.9,"육류,고기",명동 다올숯불구이! 참숯 향에 녹아든 신선한 맛! 최고의 미식 경험을 즐기세요!,,254918904,https://place.map.kakao.com/254918904,12000,22000,15,,,,,,,true,kakao
25453046,Hangong-Gan,+82 10-7223-4247,"서울 561-4 Yeonnam-dong, Mapo-gu",03988,37.56104,126.92041,"아시아 요리, 한국, 퓨전",월 17:00~24:00 / 수 17:00~24:00 / 목 17:00~24:00 / 금 17:00~24:00 / 토 17:00~24:00 / 일 17:00~24:00,"If you are looking for a real hidden gem in hongdae/yeonnam, here we are. I am pretty sure that this will be your best Asian gastronomy experience in Korea. Escaping from the crowded main street, don’t hesitate to try this funky adventure. Welcome to my cooking laboratory.",https://dynamic-media-cdn.tripadvisor.com/media/photo-o/28/e5/5d/dc/out.jpg?w=900&h=500&s=1,https://www.tripadvisor.co.kr/Restaurant_Review-g294197-d25453046-Reviews-Hangong_Gan-Seoul.html,278,5.0,퓨전요리,아시아 음식을 하고 있습니다. 14인석의 작은 가게입니다.,일 23:15 / 월 23:15 / 수 23:15 / 목 23:15 / 금 23:15 / 토 23:15,1745787460,https://place.map.kakao.com/1745787460,13000,23000,11,true,,,,,,,kakao
14803418,더 마고 그릴,+82 2-6282-6759,"서울 서울특별시 서초구 신반포로 176 강남구, JW 메리어트 호텔 서울 7층",06546,37.50391,127.00475,"스테이크하우스, 바, 그릴",일 11:30~14:30 / 일 18:00~22:00 / 월 11:30~14:30 / 월 18:00~22:00 / 화 11:30~14:30 / 화 18:00~22:00 / 수 11:30~14:30 / 수 18:00~22:00 / 목 11:30~14:30 / 목 18:00~22:00 / 금 11:30~14:30 / 금 18:00~22:00 / 토 11:30~14:30 / 토 18:00~22:00,야외 정원으로 둘러싸인 이색적인 공간에서 우드 파이어 그릴로 구워내는 최상급 육류와 해산물 메뉴들을 맛보며 그릴 요리의 진수를 경험해 보세요. 대형 와인셀러의 진귀한 와인들을 매칭하여 오뜨 뀌진을 즐기실 수 있습니다.,https://dynamic-media-cdn.tripadvisor.com/media/photo-o/15/44/07/47/the-margaux-grill-features.jpg?w=900&h=500&s=1,https://www.tripadvisor.co.kr/Restaurant_Review-g294197-d14803418-Reviews-The_Margaux_Grill-Seoul.html,313,4.9,,우드파이어 그릴의 깊은 풍미와 품격,,1822313986,https://place.map.kakao.com/1822313986,28900,31900,3,true,true,true,,,,,tripadvisor
10388017,빤닭빤닭 명동,+82 2-6953-0012,서울 명동4길 46 2층,04537,37.5617,126.983955,"아시아 요리, 한국, 건강식",일 11:00~22:30 / 월 11:00~22:30 / 화 11:00~22:30 / 수 11:00~22:30 / 목 11:00~22:30 / 금 11:00~22:30 / 토 11:00~22:30,"서울의 심장, 명동에서 쾌적하고 기분 좋은 식사를 약속하는 '빤닭빤닭 명동점'입니다. 저희는 오직 신선한 국내산 닭고기만을 사용하여, 닭갈비 본연의 부드러운 식감과 풍미를 살리는 데 집중하고 있습니다. 빤닭빤닭의 특별함은 '선택의 즐거움'에 있습니다. 명동의 필수 메뉴(明洞必食)로 자리 잡은 화려한 **불고기 치즈 닭갈비(チーズタッカルビ)**부터, 부드러운 풍미의 로제 닭갈비, 바삭한 후라이드 치킨까지 다채로운 메뉴가 준비되어 있습니다. 특히 매운맛이 부담스러운 분들을 위해 준비한 **'간장 닭갈비'**는 찜닭처럼 부드럽고 짭조름한 맛으로, 명동을 찾은 외국인 관광객분들께 최고의 만족도를 선사하고 있습니다. 모든 요리는 주방에서 정성껏 완벽하게 조리되어 나와, 테이블에서 기다림 없이 바로 편안하게 식사를 즐기실 수 있습니다. 최근 리모델링을 마친 깔끔한 공간에서, 품질 좋은 닭갈비를 합리적인 가격으로 만나보세요. 명동에서 가장 훌륭한 맛집(明洞 グルメ)으로 기억될 수 있도록 늘 최선을 다하겠습니다",https://dynamic-media-cdn.tripadvisor.com/media/photo-o/32/3c/60/b0/caption.jpg?w=900&h=-1&s=1,https://www.tripadvisor.co.kr/Restaurant_Review-g294197-d10388017-Reviews-Bbandak_Bbandak_Myeongdong_Branch-Seoul.html,93,4.5,,다양한 소스와 푸짐한 치즈닭갈비의 매력,,844190428,https://place.map.kakao.com/844190428,13000,15000,4,,,,,,,,tripadvisor
4343686,아트리오,+82 2-6137-7120,서울 영등포구 여의도동 23-1 콘래드 서울 2층,150948,37.525414,126.92661,"이탈리아 요리, 피자, 중부 이탈리아",월 11:00~21:30 / 화 11:00~21:30 / 수 11:00~21:30 / 목 11:00~21:30 / 금 11:00~21:30 / 토 11:00~21:30 / 일 11:00~21:30,"Enjoy Italian dining as you’ve never experienced before. Atrio combines sky-high ceilings with hearty, down-to-earth Italian fare, offering simple yet authentic regional Italian recipes. This stylish restaurant features a 28m high ceiling adorned with designer lighting, elegant sculptures, a traditional pizza oven, an antipasti counter and a pasticceria counter. Bravissimo!",https://dynamic-media-cdn.tripadvisor.com/media/photo-o/32/e0/0d/6d/caption.jpg?w=200&h=200&s=1,https://www.tripadvisor.co.kr/Restaurant_Review-g294197-d4343686-Reviews-Atrio-Seoul.html,375,4.8,이탈리안,쫄깃한 도우와 깊은 풍미의 이탈리안,일 21:00 / 월 21:00 / 화 21:00 / 수 21:00 / 목 21:00 / 금 21:00 / 토 21:00,27543646,https://place.map.kakao.com/27543646,39000,40000,6,,,,,,,,kakao
14090441,853,+82 2-733-0853,서울 인사동 12길 16,03146,37.574703,126.98509,"바베큐, 아시아 요리, 한국, 그릴",월 11:30~22:00 / 화 11:30~22:00 / 수 11:30~22:00 / 목 11:30~22:00 / 금 11:30~22:00 / 토 11:30~22:00 / 일 11:30~22:00,"■ Korean BBQ Restaurant '853' ■ "" We serve authentic Korean pork BBQ With 853 grill Know-how"" ■ BBQ Menu ○ Pork Blade Shoulder(moksal) (150g/100g 12,000)-18,000 ○ Pork Belly (Samgyeopsal) (150g/100g 12,000)- 18,000 ○ Pork cheek meat(Gabrisal) (150g / 100g 14,000)- 21,000 ○ Pork Neck(hangjeongsal) (150g / 100g 14,666)- 22,000 ■ business our: 11:30~22:00 ■ Lunch menu 11:30~14:30, Last Oder: 14:00 everyday. ■ Last Oder Time: 21:20 everyday.",https://dynamic-media-cdn.tripadvisor.com/media/photo-o/32/b9/1a/b6/37fa8f9d-5dbb-42bb.jpg?w=200&h=200&s=1,https://www.tripadvisor.co.kr/Restaurant_Review-g294197-d14090441-Reviews-853-Seoul.html,248,4.7,"육류,고기",안국역 6번출구 인근에 위치한 인사동 맛집 '853'입니다,일 21:20 / 월 21:20 / 화 21:20 / 수 21:20 / 목 21:20 / 금 21:20 / 토 21:20,1491327179,https://place.map.kakao.com/1491327179,14000,18000,5,,,,,,,,kakao
1174982,토속촌삼계탕,+82 2-737-7444,서울 종로구 자하문로5길 5,03041,37.57775,126.97164,"아시아 요리, 한국, 건강식, 수프",월 10:00~22:00 / 화 10:00~22:00 / 수 10:00~22:00 / 목 10:00~22:00 / 금 10:00~22:00 / 토 10:00~22:00 / 일 10:00~22:00,,https://dynamic-media-cdn.tripadvisor.com/media/photo-o/2e/30/7a/b5/caption.jpg?w=200&h=200&s=1&cx=768&cy=960&chk=v1_7e22ebca493f2be4d45e,https://www.tripadvisor.co.kr/Restaurant_Review-g294197-d1174982-Reviews-Tosokchon_Samgyetang-Seoul.html,2721,4.2,삼계탕,한옥의 품격 속 깊은 견과류 삼계탕,일 21:00 / 월 21:00 / 화 21:00 / 수 21:00 / 목 21:00 / 금 21:00 / 토 21:00,26545925,https://place.map.kakao.com/26545925,19000,25500,8,true,true,true,true,,,,kakao
26779314,원조마늘곱창,+82 2-2678-0170,서울 영등포구 경인로79길 17-1 1층,,37.51502,127.01647,"아시아 요리, 한국",월 16:00~22:30 / 화 16:00~22:30 / 수 16:00~22:30 / 목 16:00~22:30 / 금 16:00~23:00 / 토 12:30~22:30 / 일 12:30~22:00,"15년 곱창 전문가가 만든 특허받은 연육법, 최고급 곱창을 알아보는 안목과 안정적인 공급망 거기에 수많은 고객님들의 재방문과 입소문까지 문래창작촌에 자리잡은 곱창 맛집 원조마늘곱창은 항상 최고의 맛과 서비스로 보답하겠습니다.",https://dynamic-media-cdn.tripadvisor.com/media/photo-o/32/e0/0e/ff/caption.jpg?w=200&h=200&s=1,https://www.tripadvisor.co.kr/Restaurant_Review-g294197-d26779314-Reviews-Wonjomanlgobchang-Seoul.html,353,4.9,"곱창,막창","15년 곱창 전문가가 만든 한우곱창 브랜드, 원조마늘곱창",,575588981,https://place.map.kakao.com/575588981,5000,26000,8,,,,,,,,kakao
14803417,타마유라,+82 2-6282-6751,서울 서울특별시 서초구 신반포로 176 JW 메리어트 호텔 서울 2층,06546,37.503906,127.004745,"일본 요리, 해산물, 스시, 아시아 요리",월 11:30~22:00 / 화 11:30~22:00 / 수 11:30~22:00 / 목 11:30~22:00 / 금 11:30~22:00 / 토 11:30~22:00 / 일 11:30~22:00,"재료 본질의 맛과 일본 전통을 그대로 느낄 수 있는 가이세키 요리와 에도마에 스시, 웨스턴 스타일이 가미된 라이브 철판 요리를 프라이빗 공간에서 즐길 수 있는 최고급 일식 레스토랑입니다. 티 전문가가 선별한 프리미엄 티 셀렉션과 셰프가 직접 만든 수제 화과자를 비롯하여 일본의 전통 다도를 경험할 수 있는 티 바도 함께 운영됩니다.",https://dynamic-media-cdn.tripadvisor.com/media/photo-o/28/fc/7a/83/caption.jpg?w=200&h=200&s=1&cx=700&cy=466&chk=v1_17baf620ec8c972813c0,https://www.tripadvisor.co.kr/Restaurant_Review-g294197-d14803417-Reviews-Tamayura-Seoul.html,219,5.0,일식,셰프의 손길이 빚어내는 정갈한 일식 향연,,2140623859,https://place.map.kakao.com/2140623859,55000,100000,5,true,,true,,,,,kakao
9018255,곱 마포직영점,+82 507-1324-5201,서울 마포구 도화길 31-1 Mapo-gu,,37.54103,126.94938,"바베큐, 아시아 요리, 한국",월 16:00~23:30 / 화 16:00~23:30 / 수 16:00~23:30 / 목 16:00~23:30 / 금 16:00~23:30 / 토 16:00~23:30 / 일 15:00~23:00,"안녕하세요. 신선한 당일도축 한우황소 곱창만을 사용하는 곱 입니다. 식신로드, 생생정보통, VJ특공대 등 많은 TV프로그램에서 극찬한 곱창맛집 입니다!",https://dynamic-media-cdn.tripadvisor.com/media/photo-o/2a/e7/cb/38/caption.jpg?w=200&h=200&s=1&cx=1920&cy=1080&chk=v1_1f207b82e6d8d71c5884,https://www.tripadvisor.co.kr/Restaurant_Review-g294197-d9018255-Reviews-Gop_Mapo-Seoul.html,814,4.9,"곱창,막창","허영만의 백반기행, 줄서는식당 방영 맛집! 곱 마포점 입니다.",,21732408,https://place.map.kakao.com/21732408,1000,12000,29,true,,,,,,,kakao
1371740,무교동 북어국집,+82 2-777-3891,서울 중구 을지로1길 38,04522,37.567886,126.979744,"아시아 요리, 한국, 건강식, 수프",일 07:00~15:00 / 월 07:00~20:00 / 화 07:00~20:00 / 수 07:00~20:00 / 목 07:00~20:00 / 금 07:00~20:00 / 토 07:00~15:00,,https://dynamic-media-cdn.tripadvisor.com/media/photo-o/32/e0/0f/4e/caption.jpg?w=200&h=200&s=1,https://www.tripadvisor.co.kr/Restaurant_Review-g294197-d1371740-Reviews-Mugyodong_Bugeokukjib-Seoul.html,682,4.4,,60년 전통 깊은 북어국 한 그릇,,11064200,https://place.map.kakao.com/11064200,11000,11000,1,,,,,,,true,tripadvisor
2327459,부다스벨리,+82 2-749-0903,서울 용산구 녹사평대로40길 48,04345,37.534294,126.98858,"아시아 요리, 타이 요리",월 11:30~22:00 / 화 11:30~22:00 / 수 11:30~22:00 / 목 11:30~22:00 / 금 11:30~22:30 / 토 11:30~22:30 / 일 11:30~22:00,"※ 주차안내 인근 동호 주차장 또는 용산구청 주차장을 이용해 주시기 바랍니다. > 당일 주차증 지참시 식사 가격에서 40,000원당 2,000원 할인 (max 10,000원) > 인근 주차장 [용산구청 주차장] 1시간-2,700원 2시간-5,700원 [동호 주차장]  1시간-4,000원  2시간-8,000원",https://dynamic-media-cdn.tripadvisor.com/media/photo-o/2a/e7/ad/28/caption.jpg?w=200&h=200&s=1&cx=1920&cy=1080&chk=v1_f2b1be7044cdd54f81e3,https://www.tripadvisor.co.kr/Restaurant_Review-g294197-d2327459-Reviews-Buddha_s_Belly-Seoul.html,322,4.6,태국음식,"* 동호주차장 및 인근주차장 이용 시 주차 할인해드립니다. * 네이버, 캐치테이블 예약가능",,17011339,https://place.map.kakao.com/17011339,9900,24200,10,,,,,,true,true,kakao
21127141,클레오,+82 2-2076-2050,서울 서울시 용산구 장문로 23 몬드리안 서울 이태원 1층 클레오,04392,37.528584,126.99311,"지중해 요리, 중동 요리",월 06:30~22:00 / 화 06:30~22:00 / 수 06:30~22:00 / 목 06:30~22:00 / 금 06:30~22:00 / 토 06:30~22:00 / 일 06:30~22:00,"CLEO는 다른 곳에서는 경험할 수 없는 지중해식 요리의 향연을 선사합니다. 오랜 친구든 새로운 친구든 함께 모여 식사와 음료를 즐기며 서로의 이야기를 주고 받을 수 있습니다. CLEO에서는 따스하면서도 서로 어울릴 수 있는 분위기에서, 전통적인 맛을 현대적으로 해석한 요리들을 함께 맛볼 수 있습니다. 전통과 현대가 만나 다른 곳에서는 경험할 수 없는 독특한 외식 경험을 선사합니다. 간단한 식사 자리든 자유로운 연회든 CLEO의 캐주얼하면서도 멋진 분위기는 어떤 경우에도 완벽하게 어울립니다.",https://dynamic-media-cdn.tripadvisor.com/media/photo-o/32/e0/0f/4e/caption.jpg?w=200&h=200&s=1,https://www.tripadvisor.co.kr/Restaurant_Review-g294197-d21127141-Reviews-Cleo-Seoul.html,310,4.8,양식,중동 감성 가득한 화덕 피자와 케밥,,2056241292,https://place.map.kakao.com/2056241292,33000,69000,5,true,true,,true,true,,,kakao
4562449,SUT - 정육점의 끝,+82 2-6137-7110,서울 영등포구 국제금융로 10 콘래드서울 37층,07326,37.52542,126.92661,"스테이크하우스, 바, 그릴, 퓨전",일 11:00~00:00 / 월 11:30~00:00 / 화 11:30~00:00 / 수 11:30~00:00 / 목 11:30~01:00 / 금 11:30~01:00 / 토 11:00~01:00,"서울의 스카이라인을 품은 콘래드 서울 최상층, SUT (숯) 더 붓처스 엣지는 불과 시간, 그리고 셰프의 정교한 기술로 완성되는 스테이크 하우스입니다. 미국산 프라임 비프와 호주산 킹 리버 비프는 정제된 드라이에이징 과정을 거쳐 최적의 풍미로 숙성되며, 한국을 대표하는 최상급 미경산 한우는 숯불의 열기로 본연의 맛을 완벽하게 살립니다. 셰프의 감각으로 구성된 오마카세 다이닝 코스와 소믈리에가 엄선한 와인 페어링은 하나의 작품처럼 완성된 미식의 여정을 선사합니다. 불의 향, 숙성의 깊이, 그리고 순간의 예술. 새로운 럭셔리 다이닝의 기준을 경험하세요.",https://dynamic-media-cdn.tripadvisor.com/media/photo-o/32/e0/0d/6d/caption.jpg?w=200&h=200&s=1,https://www.tripadvisor.co.kr/Restaurant_Review-g294197-d4562449-Reviews-SUT_The_Butcher_s_Edge-Seoul.html,291,4.7,,,,,,,,,,,,,,,,tripadvisor
9105334,단풍나무집 - 이태원점,+82 2-790-7977,서울 용산구 이태원로27가길 26,04350,37.534874,126.994026,"바베큐, 아시아 요리, 한국",월 11:30~22:00 / 화 11:30~22:00 / 수 11:30~22:00 / 목 11:30~22:00 / 금 11:30~22:00 / 토 11:30~22:00 / 일 11:30~22:00,,https://dynamic-media-cdn.tripadvisor.com/media/photo-o/32/b9/1a/b6/37fa8f9d-5dbb-42bb.jpg?w=200&h=200&s=1,https://www.tripadvisor.co.kr/Restaurant_Review-g294197-d9105334-Reviews-Maple_Tree_House_Itaewon-Seoul.html,535,4.2,"육류,고기",참숯 향 가득한 고급 한우 바비큐,일 21:30 / 월 14:30 / 월 21:30 / 화 14:30 / 화 21:30 / 수 14:30 / 수 21:30 / 목 14:30 / 목 21:30 / 금 14:30 / 금 21:30 / 토 21:30,11646433,https://place.map.kakao.com/11646433,13900,14900,5,true,true,,,,,,kakao
20941492,프리빌리지 바,+82 2-2076-2071,서울 서울시 용산구 장문로 23 몬드리안 서울 이태원 RF층 프리빌리지 루프탑바,04392,37.528584,126.99312,"바, 펍, 와인 바",일 18:00~00:00 / 월 18:00~00:00 / 화 18:00~00:00 / 수 18:00~00:00 / 목 18:00~00:00 / 금 18:00~02:00 / 토 18:00~02:00,"루프탑층에 위치한 프리빌리지 바에서는 실내와 실외의 분위기를 모두 경험할 수 있습니다. 스타일리시한 인테리어는 낮에는 누구나 좋아할 만한 '해피 아워' 환경을 조성하도록 디자인했습니다. 저녁이 되면, 별빛 아래에서 세계적인 DJ가 선사하는 사운드트랙을 들으며 사교를 즐기는 분위기로 자연스럽게 전환됩니다. 프리빌리지 루프탑 바에는 최고급 싱글 몰트 위스키와 전세계의 다양한 글래스 와인이 준비되어 있습니다.",https://dynamic-media-cdn.tripadvisor.com/media/photo-o/12/f9/08/b1/mosquee-1.jpg?w=200&h=200&s=1,https://www.tripadvisor.co.kr/Restaurant_Review-g294197-d20941492-Reviews-Privilege_Bar-Seoul.html,176,4.9,,도심 속 노을과 칵테일의 여유,,1204490733,https://place.map.kakao.com/1204490733,,,,true,,,,,,,tripadvisor
26689688,서울게러지바,+82 10-6630-6980,서울 종로구 종로14길 4 1층,,37.569843,126.98669,"바, 피자, 아시아 요리, 한국, 펍",일 14:00~20:00 / 월 18:00~02:00 / 화 18:00~02:00 / 수 18:00~02:00 / 목 18:00~02:00 / 금 18:00~02:00 / 토 14:00~02:00,"Garage Bar isn't just Korea's #1 rated bar – it's where Seoul comes alive with culture and community. As a Travelers' Choice Award winner, we features live performances by talented Korean artists, craft cocktails, and an authentic industrial atmosphere. Every night brings something special: immerse yourself in Seoul's vibrant music scene while enjoying premium drinks in an intimate setting. Whether you're seeking authentic nightlife, live music, or a genuine cultural experience, Garage Bar delivers an unforgettable Seoul adventure that goes beyond typical tourism.",https://dynamic-media-cdn.tripadvisor.com/media/photo-o/32/e0/0f/4e/caption.jpg?w=200&h=200&s=1,https://www.tripadvisor.co.kr/Restaurant_Review-g294197-d26689688-Reviews-Seoul_Garage_Bar-Seoul.html,97,5.0,,,,,,,,,,,,,,,,tripadvisor
6497852,제스트,+82 2-6137-7100,서울 영등포구 국제금융로 10 콘래드 서울 2층,07326,37.527786,126.92302,"인터내셔널, 한국",일 06:30~10:30 / 일 18:00~21:30 / 월 06:30~10:30 / 화 06:30~10:30 / 수 06:30~10:30 / 수 11:30~14:30 / 수 18:00~21:30 / 목 06:30~10:30 / 목 11:30~14:30 / 목 18:00~21:30 / 금 06:30~10:30 / 금 11:30~14:30 / 금 18:00~21:30 / 토 06:30~10:30,"제스트는 아침, 점심, 저녁 식사가 가능하며 그 이름에 걸맞게 황홀한 즐거움을 만끽할 수 있는 뷔페 레스토랑입니다. 제스트는 세계 여러 나라의 음식을 다양하게 즐길 수 있는 서울의 가장 인기 있는 레스토랑으로 현대적 세련미와 풍부한 맛이 절묘하게 어우러진 동서양의 요리를 모두 맛 볼 수 있습니다. 개방형 주방에서 만든 초밥과 사시미, 중동/서구 특선 요리, 아시아 요리 및 한국의 인기 메뉴는 물론, 미각을 사로잡는 디저트로 이루어진 뷔페가 따로 마련되어 있습니다. 신선하고 맛있는 요리와 황홀한 즐거움을 동시에 경험해 보세요!",https://dynamic-media-cdn.tripadvisor.com/media/photo-o/32/e0/0f/4e/caption.jpg?w=200&h=200&s=1,https://www.tripadvisor.co.kr/Restaurant_Review-g294197-d6497852-Reviews-Zest-Seoul.html,550,4.5,,호텔 감성 가득한 고품격 뷔페 경험,,993469692,https://place.map.kakao.com/993469692,,,,true,,,,,true,true,tripadvisor
3568808,오다리집 간장게장,+82 2-778-6769,서울 중구 명동8나길 28 2층,04536,37.561398,126.98342,"해산물, 아시아 요리, 한국",일 09:00~23:45 / 월 09:00~23:45 / 화 09:30~23:45 / 수 09:00~23:45 / 목 09:00~23:30 / 금 09:00~23:45 / 토 09:00~23:45,,https://dynamic-media-cdn.tripadvisor.com/media/photo-o/32/b9/1a/b6/37fa8f9d-5dbb-42bb.jpg?w=200&h=200&s=1,https://www.tripadvisor.co.kr/Restaurant_Review-g294197-d3568808-Reviews-Odarijip_Myeongdong-Seoul.html,211,4.4,,,,419569579,https://place.map.kakao.com/419569579,,,,,,,,,,,tripadvisor
25353516,보광정 이태원점,+82 10-3648-3118,서울 용산구 보광로 118 1층,04406,37.533276,126.994514,"바베큐, 아시아 요리, 한국",월 16:00~24:00 / 화 16:00~24:00 / 수 16:00~24:00 / 목 16:00~24:00 / 금 16:00~24:00 / 토 12:00~24:00 / 일 12:00~24:00,"보광정 대표 박세현, 이동훈 입니다. 우리는 '이태원'에 새로운 꿈과 포부를 안고 함께 모여 삽결살 고기집을 오픈하게 되었습니다. '보광정'은 우리가 소중히 여기는 고기와 요리에 대한 열정을 나누고, 고객 여러분께 특별한 경험과 만족을 전해드릴 곳입니다.",https://dynamic-media-cdn.tripadvisor.com/media/photo-o/32/e0/0e/ff/caption.jpg?w=200&h=200&s=1,https://www.tripadvisor.co.kr/Restaurant_Review-g294197-d25353516-Reviews-Bogwangjung_Itaewon-Seoul.html,196,5.0,삼겹살,직원 손길 닿은 두툼한 국내산 삼겹살,,1311957333,https://place.map.kakao.com/1311957333,1000,11000,14,,,,,,,,kakao
32859415,이탈리 더 현대 서울,+82 2-3277-0658,서울 여의도동 22 현대 서울,,37.52634,126.92767,이탈리아 요리,월 10:30~22:00 / 화 10:30~22:00 / 수 10:30~22:00 / 목 10:30~22:00 / 금 10:30~22:00 / 토 10:30~22:00 / 일 10:30~22:00,,https://dynamic-media-cdn.tripadvisor.com/media/photo-o/2c/2b/bd/70/caption.jpg?w=200&h=200&s=1&cx=2492&cy=3736&chk=v1_281809e05aeea1628092,https://www.tripadvisor.co.kr/Restaurant_Review-g294197-d32859415-Reviews-Eataly_The_Hyundai_Seoul-Seoul.html,68,4.9,이탈리안,유럽 감성 가득한 창가 뷰 이탈리안,일 21:00 / 월 21:00 / 화 21:00 / 수 21:00 / 목 21:00 / 금 21:00 / 토 21:00,980565613,https://place.map.kakao.com/980565613,12000,23000,28,true,,,true,,,,kakao
33106296,Smt라운지 더현대서울점,+82 2-3277-0659,서울 Yeoui-daero 6층,,37.52652,126.92798,퓨전,월 10:30~22:00 / 화 10:30~22:00 / 수 10:30~22:00 / 목 10:30~22:00 / 금 10:30~22:00 / 토 10:30~22:00 / 일 10:30~22:00,,https://dynamic-media-cdn.tripadvisor.com/media/photo-o/32/e0/0f/4e/caption.jpg?w=200&h=200&s=1,https://www.tripadvisor.co.kr/Restaurant_Review-g294197-d33106296-Reviews-SMT_Lounge_The_Hyundai_Seoul_Branch-Seoul.html,89,4.9,퓨전요리,홍콩과 멕시코가 만나는 감각적 공간,,1003683719,https://place.map.kakao.com/1003683719,8000,27000,9,true,,,,,,true,kakao
7788204,예지식당,+82 2-777-1820,서울 중구 명동1가 42-2,04534,37.564648,126.984566,"아시아 요리, 한국",월 05:30~21:00 / 화 05:30~21:00 / 수 05:30~21:00 / 목 05:30~21:00 / 금 05:30~21:00 / 토 05:30~21:00,,https://dynamic-media-cdn.tripadvisor.com/media/photo-o/32/e0/0e/ff/caption.jpg?w=200&h=200&s=1,https://www.tripadvisor.co.kr/Restaurant_Review-g294197-d7788204-Reviews-Yeji_Sikdang-Seoul.html,136,4.4,한식,,,21233275,https://place.map.kakao.com/21233275,8000,9000,5,,,,,,,,kakao
27697272,Cafe Pokpo,,서울 262-29 Yeonhui-ro Seodaemun-gu,03653,37.581264,126.93703,"아시아 요리, 한국",일 10:00~21:00 / 월 10:00~21:00 / 화 10:00~21:00 / 수 10:00~21:00 / 목 10:00~21:00 / 금 10:00~21:00 / 토 10:00~21:00,,https://dynamic-media-cdn.tripadvisor.com/media/photo-o/2b/ee/1d/47/cafe-overlooking-the.jpg?w=900&h=500&s=1,https://www.tripadvisor.co.kr/Restaurant_Review-g294197-d27697272-Reviews-Cafe_Pokpo-Seoul.html,12,4.8,,,,,,,,,,,,,,,,tripadvisor
1978666,구스토 타코,+82 2-338-8226,서울 마포구 와우산로 41,04049,37.54811,126.92295,"멕시코 요리, 라틴",화 11:30~21:00 / 수 11:30~21:00 / 목 11:30~21:00 / 금 11:30~21:00 / 토 11:30~21:00 / 일 11:30~20:00,,https://dynamic-media-cdn.tripadvisor.com/media/photo-o/32/e0/0d/6d/caption.jpg?w=200&h=200&s=1,https://www.tripadvisor.co.kr/Restaurant_Review-g294197-d1978666-Reviews-Gusto_Taco-Seoul.html,1285,4.7,"멕시칸,브라질",외국인 직원과 함께하는 이국적 타코 맛집,,20885402,https://place.map.kakao.com/20885402,20500,23500,6,false,true,,,,,,kakao
17423735,장생건강원,+82 10-2278-5968,서울 강남구 강남대로124길 23,06114,37.509262,127.02458,한국,일 19:00~04:00 / 월 19:00~04:00 / 화 19:00~04:00 / 수 19:00~04:00 / 목 09:00~04:00 / 금 09:00~04:00 / 토 19:00~04:00,"Geongangwon is an old form of oriental pharmacy. We are eternally grateful for the old couple’s 20 years’ worth of efforts to maintain this Geongangwon. Jangsaeng healthy bar aims to live along with the Youngdong traditional market. Also, we create trendy and healthy drinks based on our concept. Let every guests of our bar to stay healthy. -Jangsaeng Healthy Bar-",https://dynamic-media-cdn.tripadvisor.com/media/photo-o/2b/63/0b/d7/caption.jpg?w=200&h=200&s=1&cx=900&cy=600&chk=v1_ca7b17c430acd554bc0b,https://www.tripadvisor.co.kr/Restaurant_Review-g294197-d17423735-Reviews-Jangseng_Geongangwon-Seoul.html,112,5.0,,전통과 감성이 어우러진 한국식 칵테일 바,,16706093,https://place.map.kakao.com/16706093,15000,25000,4,true,,,,,true,,tripadvisor
7132369,홍대 닭갈비,+82 2-2245-5222,서울 마포구 와우산로21길 31-10 1층,04041,37.55206,126.921814,"아시아 요리, 한국, 그릴, 아시리아 요리, 토착 음식",일 11:00~22:30 / 월 11:00~22:30 / 화 11:00~22:30 / 수 11:00~22:30 / 목 11:00~22:30 / 금 11:00~22:30 / 토 11:00~22:30,,https://dynamic-media-cdn.tripadvisor.com/media/photo-o/32/e0/0f/4e/caption.jpg?w=200&h=200&s=1,https://www.tripadvisor.co.kr/Restaurant_Review-g294197-d7132369-Reviews-Hongdae_Dakgalbi-Seoul.html,145,4.6,,30년 전통 원조 치즈퐁듀 닭갈비,,195237877,https://place.map.kakao.com/195237877,14000,15000,2,,,,,,,,tripadvisor
4171321,브루클린 더버거조인트,+82 2-533-7180,서울 서초구 동광로43길 51-13 1층,06579,37.497387,127.000626,"미국 요리, 패스트푸드, 다이너",월 11:00~21:30 / 화 11:00~21:30 / 수 11:00~21:30 / 목 11:00~21:30 / 금 11:00~21:30 / 토 11:00~21:30 / 일 11:00~21:30,,https://dynamic-media-cdn.tripadvisor.com/media/photo-o/32/e0/0d/6d/caption.jpg?w=200&h=200&s=1,https://www.tripadvisor.co.kr/Restaurant_Review-g294197-d4171321-Reviews-Brooklyn_The_Burger_Joint-Seoul.html,178,4.5,햄버거,깨 가득 바삭한 빵과 진한 육향의 조화,일 21:00 / 월 21:00 / 화 21:00 / 수 21:00 / 목 21:00 / 금 21:00 / 토 21:00,21331695,https://place.map.kakao.com/21331695,7500,12200,19,true,true,,true,,,,kakao
8988285,한가람,+82 2-318-3088,서울 중구 남대문로5길 25,04526,37.56249,126.979095,한국,월 11:10~22:00 / 화 11:10~22:00 / 수 11:10~22:00 / 목 11:10~22:00 / 금 11:10~22:00 / 토 11:10~22:00 / 일 11:10~22:00,,https://dynamic-media-cdn.tripadvisor.com/media/photo-o/28/aa/b3/a9/caption.jpg?w=200&h=200&s=1&cx=1920&cy=1080&chk=v1_2d85601fcbbf769d54a8,https://www.tripadvisor.co.kr/Restaurant_Review-g294197-d8988285-Reviews-Hangaram-Seoul.html,45,4.7,한정식,약선으로 빚은 정갈한 한식 한 상,,13057594,https://place.map.kakao.com/13057594,22000,25000,13,true,,,,,,true,kakao
10257443,지화자,+82 2-2269-5834,서울 종로구 자하문로 125 종로구 청운동 48,03031,37.587074,126.96954,한국,월 11:30~21:30 / 수 11:30~21:30 / 목 11:30~21:30 / 금 11:30~21:30 / 토 11:30~21:30 / 일 11:30~21:30,"지화자는 노래와 춤을 출 때 장단을 맞추거나, 건배할 때 외치는 흥겨운 소리입니다. 이런 좋은 뜻에 맞추어 1991년 인간문화재 황혜성교수에 의해 탄생한 대한민국 최초의 궁중음식 전문점 지화자는 궁중의 수라상과 크고 작은 진연(궁중연회)의 찬품을 재현하여 30여년간 정성스럽게 차려내고 있습니다. 지금도 국가무형문화재 3대 기능보유자 가족이 직접 운영하는 최고의 궁중음식 전문점으로서 경복궁 부근, 조선왕조 600년의 역사가 살아 숨쉬는 서촌에 자리하고 있으며 고풍스러움과 아늑한 정원이 내려다 보이는 조용하고 편안한 분위기에서 비즈니스 모임, 상견례, 돌, 회갑 등 크고 작은 모임을 정성스러운 궁중만찬을 품격있는 서비스 함께 만끽하실 수 있습니다. 특히 모든 찬품은 일체의 인공조미료나 첨가물 없이 순수한 천연재료만으로 재현하여 요즘의 간이 센 음식과는 다른, 건강한 음식문화를 느끼실 것입니다. 정통 한국 食文化의 맥을 대대손손 전하며 세계에 알려나가는 지화자는 궁중음식을 단순히 ' 음식을 판다 ' 라고 생각하지않고 ' 궁중음식을 널리 알린다. '라는 마음가짐으로 고객님을 모시고있습니다. 지금까지 성원해 주시는 것 만큼 고객께 정성을 다하여 세계 정상의 음식문화인 한식, 그 중에서도 최고의 식문화인 궁중음식의 선두와 대표로서 국내외의 모든 분들이 우리의 훌륭한 정통 한식문화를 경험하도록 최선을 다하겠습니다",https://dynamic-media-cdn.tripadvisor.com/media/photo-o/2e/0f/16/cd/caption.jpg?w=200&h=200&s=1&cx=689&cy=344&chk=v1_926a9cde4148c09e6b0d,https://www.tripadvisor.co.kr/Restaurant_Review-g294197-d10257443-Reviews-Jihwaja-Seoul.html,200,4.7,한정식,조선 왕조의 품격을 담은 궁중 한정식,일 19:30 / 월 19:30 / 수 19:30 / 목 19:30 / 금 19:30 / 토 19:30,27079616,https://place.map.kakao.com/27079616,40000,100000,17,true,,true,,,,,kakao
24636878,미오,+82 2-2092-6102,서울 잠실로 209 소피텔 앰배서더 서울 호텔 3층,05552,37.51388,127.1064,"해산물, 스시, 건강식, 일본식 퓨전",월 11:30~22:00 / 화 11:30~22:00 / 수 11:30~22:00 / 목 11:30~22:00 / 금 11:30~22:00 / 토 11:30~22:00 / 일 11:30~22:00,"모던 일식 가스트로노미 미오는 최고급 일식 퓨전 요리로 최상의 한국 식재료와 일본 요리 테크닉의 마리아주를 컨셉으로 한 레스토랑입니다. 스시 전문 셰프가 준비하는 스시 오마카세와 프리미엄 갓포 스타일의 단품 메뉴들이 잘 어울리는 와인, 생맥주 그리고 소피텔 사케가 준비되어 있습니다. 프라이빗 룸을 겸비하고 있으며 일식 전문 셰프의 손끝에서 만들어지는 요리와 세심한 서비스로 최고의 다이닝을 경험해 보십시오.",https://dynamic-media-cdn.tripadvisor.com/media/photo-o/12/f9/08/b1/mosquee-1.jpg?w=200&h=200&s=1,https://www.tripadvisor.co.kr/Restaurant_Review-g294197-d24636878-Reviews-MIO-Seoul.html,260,5.0,일식집,고요한 호수처럼 잔잔한 일식의 향연,,1224624732,https://place.map.kakao.com/1224624732,12000,50000,15,true,,true,true,true,,,kakao
24637953,레스파스,+82 2-2092-6104,서울 송파구 잠실로 209 소피텔 앰배서더 서울 호텔 6층,05552,37.516384,127.11036,"프랑스 요리, 바, 인터내셔널, 펍",월 08:00~22:00 / 화 08:00~22:00 / 수 08:00~22:00 / 목 08:00~22:00 / 금 08:00~22:00 / 토 08:00~22:00 / 일 08:00~22:00,6층에 위치한 레스파스는 석촌호수 전망이 매력적인 파리지앵 라운지입니다. 소피텔 시그니처 애프터눈 티 ‘르 구떼(Le Goûter)’로 달콤하면서도 품격있는 시간을 제안해드립니다. 아름다운 노을과 함께 즐기는 이브닝 샴페인은 프랑스 파리에 온 듯한 느낌을 선물합니다.,https://dynamic-media-cdn.tripadvisor.com/media/photo-o/32/e0/0f/4e/caption.jpg?w=200&h=200&s=1,https://www.tripadvisor.co.kr/Restaurant_Review-g294197-d24637953-Reviews-L_Espace-Seoul.html,51,5.0,카페,프렌치 감성 가득한 석촌호수 뷰 카페,,2115216381,https://place.map.kakao.com/2115216381,15000,19000,20,true,,,true,true,,,kakao
32913608,Myeongdong Korean BBQ Mongvely,+82 2-318-2688,서울 Myeongdong 8na-gil 9 3rd Floor,04536,37.561302,126.984436,"바베큐, 아시아 요리, 한국",일 11:30~02:00 / 월 11:30~02:00 / 화 11:30~02:00 / 수 11:30~02:00 / 목 11:30~02:00 / 금 11:30~02:00 / 토 11:30~02:00,"소한마리 몽!땅! [몽블리] 눈치보지 말고 ! 맘껏 먹자 ! 풀세트 (소고기 + 이베리코) 무한리필 29,700원 갈비살 + 꽃등심 + 부채살 + 토시살 + 이베리코흑돼지(목살, 항정살) + 듀록꽃삼겹 + 모듬야채쌈 + 셀프바무제한 Myeongdong Korean BBQ Beef Full Set (beef + Iberico) All You Can Eat 29,700won Ribs + sirloin + fan + toshi + Iberico black pork (pork neck, pork neck) + durok flower pork belly + assorted vegetable wraps + self-barrassed 明洞 牛肉 焼肉屋 食べ放題Mongvely フルセット (牛肉+イベリコ) おかわり無制限 29,700ウォン カルビ+サーロイン+うちわ+toshi+イベリコ黒豚(豚の首、豚の首)+ドゥロクフラワーサムギョプサル+野菜ラップ盛り合わせ+自虐 明洞韓國燒烤牛肉全套 (牛肉 + 伊比利亞) 所有你可以吃 29,700韓元 排骨+裏脊+扇子+託什+伊比利亞黑豬肉（豬頸，豬頸）+杜洛克花豬肚+什錦蔬菜包裝+自助桶裝",https://dynamic-media-cdn.tripadvisor.com/media/photo-o/12/f9/08/b1/mosquee-1.jpg?w=200&h=200&s=1,https://www.tripadvisor.co.kr/Restaurant_Review-g294197-d32913608-Reviews-Myeongdong_Korean_BBQ_Mongvely-Seoul.html,44,4.6,,,,,,,,,,,,,,,,tripadvisor
1933588,왕비집 명동 본점,+82 10-3237-9935,서울 중구 충무로2가 63-3 2층,04537,37.561714,126.98639,한국,월 11:30~21:50 / 화 11:30~21:50 / 수 11:30~21:50 / 목 11:30~21:50 / 금 11:30~21:50 / 토 11:30~21:50 / 일 11:30~21:50,"Wangbijib is korean traditional restaurant, We are to served good taste korean food.(Galbi,Beef, Pork meat..) Wangbijib located in Myeong-dong.",https://dynamic-media-cdn.tripadvisor.com/media/photo-o/32/e0/0f/4e/caption.jpg?w=200&h=200&s=1,https://www.tripadvisor.co.kr/Restaurant_Review-g294197-d1933588-Reviews-Wangbijib_Myeongdong_Main_Store-Seoul.html,496,4.0,"육류,고기",숯불 향 가득한 깔끔한 양념구이,,17103484,https://place.map.kakao.com/17103484,19000,43500,16,,,,,,,,kakao
7033774,뉴델리,+82 10-8690-4915,서울 강남구 논현로176길 28 신사동,06022,37.527588,127.030685,"인도 요리, 아시아 요리",월 11:00~22:00 / 화 11:00~22:00 / 수 11:00~22:00 / 목 11:00~22:00 / 금 11:00~22:00 / 토 11:00~22:00 / 일 11:00~22:00,,https://dynamic-media-cdn.tripadvisor.com/media/photo-o/32/b9/1a/b6/37fa8f9d-5dbb-42bb.jpg?w=200&h=200&s=1,https://www.tripadvisor.co.kr/Restaurant_Review-g294197-d7033774-Reviews-New_Delhi-Seoul.html,168,4.9,인도음식,현지 셰프가 빚어낸 깊은 인도 커리,,22067875,https://place.map.kakao.com/22067875,2400,12250,30,false,true,true,,,,,kakao
26848644,국빈관,+82 2-722-3833,서울 종로구 자하문로2길 17-4 1층,03044,37.576626,126.97382,"스테이크하우스, 바베큐, 아시아 요리, 한국, 그릴",월 11:30~22:00 / 화 11:30~22:00 / 수 11:30~22:00 / 목 11:30~22:00 / 금 11:30~22:00 / 토 11:30~22:00 / 일 11:30~22:00,"도심 속에서 한옥의 운치를 즐기는 숨은 명소 경복궁역 고기집 '통의동 국빈관'입니다. '통의동 국빈관'은 이름에 걸맞게 한분 한분 빠짐없이 모두 최고의 서비스로 대접하고 있습니다. 다른 곳에선 볼 수 없는 저희 서촌 맛집 '통의동 국빈관'만의 장점 딱 3가지만 말씀드리도록 하겠습니다. 첫째. 운치 있는 한옥에서 마당을 보며 즐기는 소고기 연탄구이 경복궁 소고기 맛집 '통의동 국빈관'은 적색 벽돌과 어두운 갈색 목재를 활용한 인테리어로 특색있는 한옥의 느낌을 잘 살린 인테리어로 경복궁 데이트코스로도 좋으며 서울 외곽 가든에 온 듯 마당에서 고기를 초벌 해 드리는 묘미가 매력적입니다. 또 소고기구이에 가장 적합한 열이 일정하고 높은 온도를 내는 연탄을 사용하여 불맛을 머금은 소고기의 풍미를 극대화한 고기의 맛을 자리에 편하게 앉아 마당을 바라보며 즐기는 이색적인 경험을 하실 수 있습니다. 둘째. 다양한 볼거리 광화문 고기집 '통의동 국빈관'은 매장 내부도 이쁘게 꾸며져 있어 매장 내부의 볼거리도 많지만 경북궁과 광화문의 가까이에 위치하고 있어 주변 볼거리도 다양합니다! 서촌 주변 다양한 소품 편집샵이 위치하고 있으며 미술관 등 문화생활을 즐기실 수 있는 공간이 많이 위치하여 주변의 볼거리를 마음껏 즐기시고 나신 후 저희 '통의동 국빈관'을 방문해 주시면 맛있는 음식과 최상의 서비스로 만족시켜 드리겠습니다. 경복궁 또는 청와대 투어를 마치시고 지치고 배고플 때 '통의동 국빈관'의 맛있는 소갈비와 한식을 드시면 피로가 싹 가실 겁니다. 셋째. 고기집이지만 한식 맛집 종로 맛집 '통의동 국빈관'은 3cm 두께로 두껍게 정형하여 '통의동 국빈관'만의 특제 소스로 만든 양념에 숙성한 양념 소갈비로 서촌 소고기 맛집으로도 유명하지만 소고기의 맛은 물론이고 더덕 연탄구이, 진한 사골로 우려낸 떡국도 별미라 광화문 한식 맛집으로도 알려져 있어 고기와 함께 곁들여 드시면 저희의 푹 빠지게 되실 겁니다. 서촌 밥집 '통의동 국빈관'을 처음 방문하시면 생각보다",https://dynamic-media-cdn.tripadvisor.com/media/photo-o/2b/9c/18/2b/caption.jpg?w=900&h=500&s=1,https://www.tripadvisor.co.kr/Restaurant_Review-g294197-d26848644-Reviews-Kukbingwan-Seoul.html,24,4.3,"육류,고기",한옥 중정 품은 고급 한우의 품격,일 20:30 / 월 20:30 / 화 20:30 / 수 20:30 / 목 20:30 / 금 20:30 / 토 20:30,1230285142,https://place.map.kakao.com/1230285142,15000,38000,11,,,,,,,true,kakao
8953695,바이킹스워프 잠실헤리티지점,+82 1644-3210,"서울 올림픽로 300 캐주얼 빌딩 4층, 롯데월드몰",,37.51334,127.10374,"해산물, 한국, 그릴, 퓨전",일 11:30~13:15 / 일 13:45~15:30 / 일 17:00~18:45 / 일 19:15~21:00 / 월 12:00~15:00 / 월 18:00~21:00 / 화 12:00~15:00 / 화 18:00~21:00 / 수 12:00~03:00 / 수 18:00~21:00 / 목 12:00~15:00 / 목 18:00~21:00 / 금 12:00~15:00 / 금 18:00~21:00 / 토 11:30~13:15 / 토 13:45~15:30 / 토 17:00~18:45 / 토 19:15~21:00,WEEKLY LUNCH(MON-THU) 11:30 ~ 15:30 / DINNER 18:00 ~ 22:00 Break Time 15:30 ~ 18:00 (FRI) 11:30 ~ 15:30 / DINNER(1) 17:30 ~ 19:30 DINNER(2) 20:00 ~ 22:00 Break Time 15:30 ~ 17:30 WEEKEND LUNCH(1) 11:30 ~ 13:30 / LUNCH(2) 14:00 ~ 16:00 DINNER(1) 17:30 ~ 19:30 / DINNER(2) 20:00 ~ 22:00 Break Time 16:00 ~ 17:30,https://dynamic-media-cdn.tripadvisor.com/media/photo-o/32/e0/0e/ff/caption.jpg?w=200&h=200&s=1,https://www.tripadvisor.co.kr/Restaurant_Review-g294197-d8953695-Reviews-Vikings_Wharf_Jamsil_Heritage_Branch-Seoul.html,219,4.5,,신선함 가득한 랍스터 무한리필 뷔페,,425520392,https://place.map.kakao.com/425520392,,,,true,,,,,,,tripadvisor
14969098,강남 곱,+82 2-538-7592,서울 강남구 역삼로3길 12,,37.49433,127.031494,"바베큐, 아시아 요리, 한국",월 16:00~24:00 / 화 16:00~24:00 / 수 16:00~24:00 / 목 16:00~24:00 / 금 16:00~24:00 / 토 16:00~24:00 / 일 14:00~23:00,"안녕하세요. 신선한 당일도축 한우황소 곱창만을 사용하는 곱 입니다. 식신로드, 생생정보통, VJ특공대 등 많은 TV프로그램에서 극찬한 곱창맛집 입니다!",https://dynamic-media-cdn.tripadvisor.com/media/photo-o/32/e0/0f/4e/caption.jpg?w=200&h=200&s=1,https://www.tripadvisor.co.kr/Restaurant_Review-g294197-d14969098-Reviews-Gangnam_Gop-Seoul.html,383,4.9,"곱창,막창","허영만의 백반기행, 줄서는식당 방영 맛집! 곱 강남점 입니다.",,263830255,https://place.map.kakao.com/263830255,18000,25500,8,,,,,,,,kakao
10751158,택대리네 인사동마늘보쌈,+82 2-735-7885,서울 종로구 인사동8길 12-5 인사동마늘보쌈,03148,37.573963,126.98612,"아시아 요리, 한국",월 11:00~22:00 / 화 11:00~22:00 / 수 11:00~22:00 / 목 11:00~22:00 / 금 11:00~22:00 / 토 11:00~22:00 / 일 11:00~22:00,"마늘보쌈, 김치찜, 낙지볶음, 부추전,열무냉면, 누룽지 막걸리, 밤막걸리를 전문으로 하는 인사동8길에 위치한 맛집입니다. 인근 회사원분들에게 친구들과 담소를 나누기 좋은 곳으로 소문이 나 있습니다. 즐거운 시간을 보낼 수 있는 곳을 사명으로 합니다. 가정이 있으신 주부님들이 가족들을 생각하며 만들어낸 반찬들과 요리들이 고객님들을 맞이합니다.  소규모인원들이 조용히 식사를 하실 수 있는 공간이 있습니다. 생방송 투데이, 빅데이터 랭킹 수도권 최고의 보쌈 1등을 여러번 차지한 인사동마늘보쌈입니다. 택대리네에서 운영하는 인사동 마늘보쌈은 마늘보쌈, 부추전, 뚝배기두부김치, 낙지볶음, 골뱅이무침, 열무비빔국수, 누룽지막걸리, 밤막걸리를 전문으로 하는 인사동 맛집입니다. 슈퍼주니어 신동, 홍윤화, 소유진, 하하님의 와이프 별님 그리고 여러 해외 일본, 홍콩, 대만의 유명인들이 방문한 식당입니다. 택대리네가 운영하는 전 매장은 평일 점심시간 11시부터 2시까지 동동주,막걸리를 무료로 제공하고 있습니다. 평일 점심시간에 방문하셔서 소중한 분들 좋은 분들과 함께 즐거운 시간을 보내셨으면 합니다. 멋진 직원들이 함께 만들어가고 있는 인사동마늘보쌈의 많은 이용 부탁드립니다. 쌈지길맛집 ,인사동맛집 ,안국역맛집 ,이건희미술관맛집 ,조계사맛집 ,종로도담 ,혜화도담 ,남산도담 ,택대리네 ,숭례도담 ,종로반상회 ,인사도담 ,운종가 ,삼봉도담 ,보쌈 ,김치찜 ,낙지볶음 ,열무국수 ,밤막걸리 ,덕산막걸리 ,콜키지프리",https://dynamic-media-cdn.tripadvisor.com/media/photo-o/32/e0/0d/6d/caption.jpg?w=200&h=200&s=1,https://www.tripadvisor.co.kr/Restaurant_Review-g294197-d10751158-Reviews-Insadong_Garlic_Bossam-Seoul.html,71,4.9,한식,특제마늘소스로 이미 세상에 알려진 맛집!,,890992896,https://place.map.kakao.com/890992896,5000,26000,19,,,,,,,,kakao
788278,그랜드 키친,+82 2-559-7575,서울 강남구 테헤란로 521 그랜드 인터컨티넨탈 서울 파르나스 1층,06164,37.509506,127.06072,"인터내셔널, 건강식",일 06:30~22:00 / 월 06:30~22:00 / 화 06:30~22:00 / 수 06:30~22:00 / 목 06:30~22:00 / 금 06:30~22:00 / 토 06:30~22:00,,https://dynamic-media-cdn.tripadvisor.com/media/photo-o/32/e0/0f/4e/caption.jpg?w=200&h=200&s=1,https://www.tripadvisor.co.kr/Restaurant_Review-g294197-d788278-Reviews-Grand_Kitchen-Seoul.html,176,4.4,,셰프의 라이브 스테이션과 신선한 해산물 향연,,8214517,https://place.map.kakao.com/8214517,80000,177500,4,true,,,,,,true,tripadvisor
10161356,모모카페 코트야드 서울 남대문,+82 2-2211-8222,서울 중구 남대문로 9,04526,37.560947,126.97692,"인터내셔널, 아시아 요리, 한국, 컨템퍼러리",월 06:30~20:30 / 화 06:30~20:30 / 수 06:30~20:30 / 목 06:30~20:30 / 금 06:30~21:00 / 토 06:30~21:00 / 일 06:30~21:00,모모카페는 아시아 지역에 있는 코트야드 메리어트를 대표하는 올 데이 다이닝(all-day dining) 레스토랑으로 신선하고 자연 친화적인 재료를 이용한 풍성한 인터내셔널 뷔페 및 다양한 일품요리를 선보입니다. 모던하고 세련된 감각의 인테리어와 생동감 넘치는 오픈 키친을 갖추고 있으며 통유리창으로 남대문 지역의 모습을 감상하며 식사를 즐길 수 있습니다.,https://dynamic-media-cdn.tripadvisor.com/media/photo-o/2a/92/75/7c/caption.jpg?w=200&h=200&s=1&cx=1059&cy=707&chk=v1_0f1c894e5ff7ff690cc4,https://www.tripadvisor.co.kr/Restaurant_Review-g294197-d10161356-Reviews-MoMo_Cafe-Seoul.html,145,4.5,뷔페,호텔 감성 가득한 품격 뷔페 공간,,839796481,https://place.map.kakao.com/839796481,30000,60000,8,true,,,,,,,kakao
1745654,페트라,+82 2-790-4433,서울 용산구 녹사평대로40길 33,04345,37.53453,126.98742,"레바논, 지중해 요리, 중동 요리",월 11:30~21:00 / 화 11:30~21:00 / 수 11:30~21:00 / 목 11:30~21:00 / 금 11:30~21:00 / 토 11:30~21:00 / 일 11:30~21:00,,https://dynamic-media-cdn.tripadvisor.com/media/photo-o/32/b9/1a/b6/37fa8f9d-5dbb-42bb.jpg?w=200&h=200&s=1,https://www.tripadvisor.co.kr/Restaurant_Review-g294197-d1745654-Reviews-Petra_Restaurant-Seoul.html,130,4.4,아시아음식,중동 감성 가득한 이국적 맛의 향연,,20950913,https://place.map.kakao.com/20950913,2000,20000,20,,,,,,,,kakao
6732749,빠르크,+82 2-792-2022,서울 용산구 이태원로55가길 26-5,04348,37.537464,126.999794,"아시아 요리, 한국",월 11:30~21:00 / 화 11:30~21:00 / 수 11:30~21:00 / 목 11:30~21:00 / 금 11:30~21:00 / 토 11:30~21:00 / 일 11:30~21:00,"매일매일 잔칫날, 빠르크
 
빠르크는 2013년 4월 1일에 문을 열어 2015년 현재 서울 한남동과 신세계 백화점 본점 두군데 매장을 운영중인 한식당입니다. 한남동 식당은 , 신세계 본점에 있는 식당은 을 줄인 라는 애칭으로 부르고 있습니다. 
 
엄마 솜씨를 자식 세대가 이어 나갑니다
빠르크는 박모과 대표의 엄마- 타고난 요리사이자 행사 많은 대가족 맏며느리인 허정희 여사의 깐깐한 손맛과 정성을 젊은 셰프들이 전수 받아 만든 레시피를 기본으로 요리한 한국 요리들을 주로 선보입니다. 식재료가 풍부한 순천 출신으로서 가족 대대로 먹는 것을 중요시 했던 가풍을 물려받은 허정희 여사는 새로운 음식을 접하고 나면 본인 마음에 들 때 까지 연구를 해서 자신만의 레시피를 만들어 오셨습니다. 허여사는 일반 가정주부라고 하기에는 좋은 식재료에 대한 집착이 아주 강해서 해마다 봄이 오면 산으로 들로 가족들 먹일 나물을 캐러 다니고 좋은 인연으로 거래를 튼 묵호항의 생선가게에서 10년 이상 철마다 오징어를 공수해올 정도였습니다. 그런 재료들로 좋은 음식을 만들면 동네 사람들을 초대해 나눠 먹는 것을 아주 큰 기쁨으로 여기시는 분입니다. '집에 먹을 것도 없는데...' 말끝을 흐리고선 뚝딱 칠첩반상을 차리시는 분입니다. 
 
엄마가 거래하던 참기름 가게, 묵호항 상인, 고추 농사를 짓는 지인 등은 모두 빠르크 창업 순간부터 지금까지 든든한 파트너가 돼주고 있습니다.
 
왜 엄마의 레시피인가?
박대표는 군생활 2년, 태국과 대만에서 약 4년여 자취생활을 하면서 허여사가 해준 음식들의 진가를 깨닫기 시작했습니다. 특히 화학 조미료를 대량으로 사용하는 태국과 대만에서 삼시세끼를 외식으로만 먹고는 물리적으로 몸에 무리가 가는 것을 직접 경험하기도 했습니다. 혼자 살아서, 둘이 살아도 둘 다 바빠서, 온가족 모두 열심히 일하느라 어쩔 수 없이 외식을 해야만 한다면, 하루, 아니 일주일에 한끼라도 엄마가 집에서 해준 것처럼 깔끔한 음식을 먹을수 있는 식당이 있어야 하지 않겠나 생각했습니다. 그래서 빠르크를 만들었습니다.
 
저희는 화학 조미료를 쓰지 않고 집에서 엄마가 쓰는 재료들 그대로 써서 정직하게 요리합니다. 제철 식재료로 만든 한식 요리가 주인공이지만 우리 밥상에 잘 어울리는 다양한 조리법을 접목한 반찬들도 더해 외식으로도 재미가 있는 밥상을 만들어 냅니다.
 
'집밥' 열풍의 근원지
빠르크 만의 깔끔하고 독창적인 맛, 특유의 밝은 분위기와 스타일은 수많은 일간지와 음식 전문 매체, 패션 매거진의 주목을 받아 집중 소개 되면서 개업과 동시에 입소문을 타기 시작했습니다. 2013년 8월에는 개업 4개월 만에 유명 패션지 가 창간 17주년을 기념해서 만든 에 선정됐습니다. 까다로운 컨텐츠 선정으로 유명한 아시아나 항공 기내지도 빠르크를 실어 전 세계에 소개했습니다. 빠르크는 해외에서도 큰 관심을 받아 일본의 유력 여성지 , 인기 가이드북 , 홍콩의 대표적 패션지  등이 2014년 서울 특집호에 소개 했습니다. 최근에는 세계에서 가장 영향력 있는 여행지인 가 2016년 1월호에 빠르크를 소개했습니다. 2014년 4월에는 MBC의 가 몰래 카메라로 촬영한 맛집 소개 방송에서 저희를 그회 1등 맛집으로 선정 하기도 했습니다. 
 
한국 사람이 밥을 먹는 광경이 신기할 게 어디 있겠냐마는 빠르크에서 다양한 세대와 국적의 사람들이 수저와 젓가락으로 집밥을 나눠 먹으며 함께 좋은 시간을 보내고, 데이트를 하거나, 혹은 당당하게 혼자 시간을 보내는 모습은 뭔가 이 도시 속 새로운 현상 같다는 소감들이 이어졌습니다.
 
한국에서 가장 국제적인 동네인 이태원-한남동에 위치한 만큼 다양한 국적의 외국 손님들도 빠르크의 단골 손님입니다. 반스의 인터네셔널 프로 팀이 한국 투어를 왔을 때 가장 좋았던 식당으로 빠르크를 꼽았고, 페이스북 코리아는 빠르크 도시락으로 글로벌 도시락 회의를 진행하기도 합니다.",https://dynamic-media-cdn.tripadvisor.com/media/photo-o/32/e0/0e/ff/caption.jpg?w=200&h=200&s=1,https://www.tripadvisor.co.kr/Restaurant_Review-g294197-d6732749-Reviews-Parc-Seoul.html,88,4.6,한식,정갈한 집밥 감성의 퓨전 한식 공간,일 20:15 / 월 20:15 / 화 20:15 / 수 20:15 / 목 20:15 / 금 20:15 / 토 20:15,21539210,https://place.map.kakao.com/21539210,11000,13500,20,true,true,true,,,,,kakao
14969059,월화고기 - 본점,+82 2-2671-7592,서울 영등포구 당산로 34,07297,37.517426,126.89648,"바베큐, 아시아 요리, 한국, 건강식",월 16:00~22:20 / 화 16:00~22:20 / 수 16:00~22:20 / 목 16:00~22:20 / 금 16:00~22:20 / 토 11:30~22:20 / 일 11:30~22:20,먹거리X파일 인증 착한삼겹살! 전국축산물평가대상 대통령상(대상) 수상 돼지고기! 월화고기가 트렌디하고 쾌적한 공간으로 새로 오픈했습니다. 고객 여러분의 많은 방문 부탁드립니다.,https://dynamic-media-cdn.tripadvisor.com/media/photo-o/32/e0/0e/ff/caption.jpg?w=200&h=200&s=1,https://www.tripadvisor.co.kr/Restaurant_Review-g294197-d14969059-Reviews-Wolhwa_Gogi_Bonjeom-Seoul.html,51,4.9,삼겹살,월화고기는 무항생제 돼지고기를 취급합니다.,,27220746,https://place.map.kakao.com/27220746,12000,23000,16,true,,,,,,true,kakao
7105808,양국,+82 2-567-7060,서울 강남구 논현로95길 15 평화빌딩 1층,06131,37.50211,127.03474,"바베큐, 아시아 요리, 한국",월 16:00~23:00 / 화 16:00~23:00 / 수 16:00~23:00 / 목 16:00~23:00 / 금 16:00~23:00 / 토 16:00~21:00,,https://dynamic-media-cdn.tripadvisor.com/media/photo-o/2e/3a/bc/75/caption.jpg?w=200&h=200&s=1&cx=748&cy=500&chk=v1_106911240885498304fc,https://www.tripadvisor.co.kr/Restaurant_Review-g294197-d7105808-Reviews-Yang_Good-Seoul.html,152,4.7,"육류,고기",안녕하세요 :) 역삼동 양갈비 맛집 양국입니다.,월 22:00 / 화 22:00 / 수 22:00 / 목 22:00 / 금 22:00 / 토 20:00,19346141,https://place.map.kakao.com/19346141,8000,27000,5,true,,,,,,,kakao
11785643,광화문이층집,+82 2-723-6692,서울 종로구 삼봉로 95,03150,37.572426,126.98268,"바베큐, 아시아 요리, 한국",일 09:00~22:00 / 월 09:00~22:00 / 화 09:00~22:00 / 수 09:00~22:00 / 목 09:00~22:00 / 금 09:00~22:00 / 토 09:00~22:00,,https://dynamic-media-cdn.tripadvisor.com/media/photo-o/32/e0/0d/6d/caption.jpg?w=200&h=200&s=1,https://www.tripadvisor.co.kr/Restaurant_Review-g294197-d11785643-Reviews-Gwanghwamun_Ichungjib-Seoul.html,101,4.8,,,,,,,,,,,,,,,,tripadvisor
27161879,심파티쿠스 성수점,0507-1337-7679,"서울 아차산로 6 3층, 누딧 서울포레스트",,37.54781,127.045074,"이탈리아 요리, 유럽 요리, 아시아 요리, 한국, 다이닝 바",월 11:30~22:00 / 화 11:30~22:00 / 수 11:30~22:00 / 목 11:30~22:00 / 금 11:30~22:00 / 토 11:30~22:00 / 일 11:30~22:00,유러피안 요리를 아시아 스타일로 풀어낸 파인캐주얼 레스토랑,https://dynamic-media-cdn.tripadvisor.com/media/photo-o/31/bd/4c/1b/caption.jpg?w=900&h=500&s=1,https://www.tripadvisor.co.kr/Restaurant_Review-g294197-d27161879-Reviews-Szimpatikus_Seongsu_Branch-Seoul.html,69,5.0,양식,"유러피안 요리를 아시안 스타일로 풀어낸 감각적인 파인캐주얼 레스토랑, 심퍼티쿠시",,623393395,https://place.map.kakao.com/623393395,9500,22750,13,true,,,,,,,kakao
14969080,곱 - 문래점,+82 2-2633-5201,서울 영등포구 당산로 34 1F,07297,37.517426,126.89648,"바베큐, 아시아 요리, 한국",월 16:00~24:00 / 화 16:00~24:00 / 수 16:00~24:00 / 목 16:00~24:00 / 금 16:00~24:00 / 토 16:00~24:00 / 일 15:00~24:00,"안녕하세요. 신선한 당일도축 한우황소 곱창만을 사용하는 곱 입니다. 식신로드, 생생정보통, VJ특공대 등 많은 TV프로그램에서 극찬한 곱창맛집 입니다!",https://dynamic-media-cdn.tripadvisor.com/media/photo-o/12/f9/08/b1/mosquee-1.jpg?w=200&h=200&s=1,https://www.tripadvisor.co.kr/Restaurant_Review-g294197-d14969080-Reviews-Gop_Mullae-Seoul.html,415,4.9,"곱창,막창","허영만의 백반기행, 줄서는식당 방영 맛집! 곱 문래점 입니다.",,12983867,https://place.map.kakao.com/12983867,18000,26000,7,true,,,,,,,kakao
6463317,타볼로 24,+82 2-2276-3320,서울 종로구 청계천로 279,03198,37.57037,127.00898,"인터내셔널, 아시아 요리, 한국",월 06:00~21:30 / 화 06:00~21:30 / 수 06:00~21:30 / 목 06:00~21:30 / 금 06:00~21:30 / 토 06:00~22:00 / 일 06:00~21:30,"Tavolo 24는 편안하면서도 고풍스러운 인테리어를 갖추고 있으며, 눈앞에 펼쳐진 동대문 전경은 감탄을 자아내게 합니다. 또한 Tavolo 24의 오픈 키친 인테리어는 조리 현장을 직접 보여드림으로써 고객의 눈을, 혁신적인 조리법을 통한 다양한 부페요리와 일품 메뉴는 고객의 미각을 사로잡습니다. 신선하고 맛있는 요리와 황홀한 즐거움을 소중한 분들과 함께 하세요.",https://dynamic-media-cdn.tripadvisor.com/media/photo-o/12/f9/08/b1/mosquee-1.jpg?w=200&h=200&s=1,https://www.tripadvisor.co.kr/Restaurant_Review-g294197-d6463317-Reviews-Tavolo_24-Seoul.html,333,4.5,뷔페,흥인지문 뷰와 함께하는 프리미엄 뷔페,,24056676,https://place.map.kakao.com/24056676,35000,77500,8,true,true,true,true,true,,,kakao
24181518,페메종,+82 2-2092-6100,서울 서울시 송파구 잠실로 209 4층,05552,37.509075,127.08632,"프랑스 요리, 유럽 요리",월 06:30~22:00 / 화 06:30~22:00 / 수 06:30~22:00 / 목 06:30~22:00 / 금 06:30~22:00 / 토 06:30~21:00 / 일 06:30~21:00,"올 데이 다이닝 시크 비스트로 페메종은 프렌치 셰프가 직접 선보이는 한국 고유의 식재료가 어우러진 프랑스 정통 요리를 선보입니다. 오븐에서 갓 구운 빵, 프랑스식 달걀 요리 에그 코코트(Oeuf Cocotte)와 같은 프랑스 가정식 메뉴, 세트 또는 단품으로 즐기실 수 있는 지중해 퀴진과 셰프가 직접 요리해주는 주말 브런치로 프랑스 마레 지구의 마르세(Marché)에 온 듯한 느낌을 경험해보십시오. 아침부터 저녁까지 아름답게 펼쳐지는 석촌호수의 전망을 자랑하며 분위기 좋은 바와 프라이빗 다이닝룸도 함께 겸비되어있습니다.",https://dynamic-media-cdn.tripadvisor.com/media/photo-o/32/b9/1a/b6/37fa8f9d-5dbb-42bb.jpg?w=200&h=200&s=1,https://www.tripadvisor.co.kr/Restaurant_Review-g294197-d24181518-Reviews-Fait_Maison-Seoul.html,159,4.9,양식,프렌치 감성 가득한 품격 있는 미식 공간,일 10:15 / 일 14:30 / 일 20:30 / 월 10:00 / 월 14:00 / 월 21:30 / 화 10:00 / 화 14:00 / 화 21:30 / 수 10:00 / 수 14:00 / 수 21:30 / 목 10:00 / 목 14:00 / 목 21:30 / 금 10:00 / 금 14:00 / 금 21:30 / 토 10:15 / 토 14:30 / 토 20:30,543863516,https://place.map.kakao.com/543863516,42000,43000,5,true,,true,true,,,,kakao
24827904,라티튜드32,+82 2-2092-6108 ext. 09,서울 서울시 송파구 잠실로 209 32F,05552,37.509075,127.08632,"인터내셔널, 건강식",일 17:00~01:00 / 월 17:00~01:00 / 화 17:00~01:00 / 수 17:00~01:00 / 목 17:00~01:00 / 금 17:00~01:00 / 토 17:00~01:00,Travelers' Choice 2025,https://dynamic-media-cdn.tripadvisor.com/media/photo-o/2e/3a/bc/75/caption.jpg?w=200&h=200&s=1&cx=748&cy=500&chk=v1_106911240885498304fc,https://www.tripadvisor.co.kr/Restaurant_Review-g294197-d24827904-Reviews-Latitude32-Seoul.html,130,5.0,,우주 감성 가득한 32층 스카이라운지,,490067702,https://place.map.kakao.com/490067702,,,,true,true,,,,,,tripadvisor
12944747,부다스 벨리 파미유 스테이션,+82 2-6282-1959,서울 사평대로 205,,37.503334,127.005,타이 요리,월 11:00~21:00 / 화 11:00~21:00 / 수 11:00~21:00 / 목 11:00~21:00 / 금 11:00~21:00 / 토 11:00~21:00 / 일 11:00~21:00,"부다스벨리 로얄클럽(파미에스테이션 점)은 현재 리모베이션 공사중에 있으며, 7월 중순에 다시 오픈할 예정입니다. 예약 방문을 원하실 경우, 부다스벨리 레거시(이태원) 매장을 이용해주시기 바랍니다 :) 불편을 드려 죄송하며, 더 나은 모습으로 찾아뵙겠습니다.",https://dynamic-media-cdn.tripadvisor.com/media/photo-o/2d/34/9a/72/caption.jpg?w=200&h=200&s=1,https://www.tripadvisor.co.kr/Restaurant_Review-g294197-d12944747-Reviews-Buddha_s_Belly_Famille_Station-Seoul.html,105,4.9,태국음식,은은한 조명 속 태국 미식 여행,,26969005,https://place.map.kakao.com/26969005,9900,24200,18,,,,,,true,true,kakao
4078612,만족오향족발 시청점,+82 2-753-4755,서울 중구 서소문로 134-10,04514,37.563328,126.97591,한국,월 11:30~22:00 / 화 11:30~22:00 / 수 11:30~22:00 / 목 11:30~22:00 / 금 11:30~22:00 / 토 12:00~22:00 / 일 12:00~22:00,,https://dynamic-media-cdn.tripadvisor.com/media/photo-o/32/b9/1a/b6/37fa8f9d-5dbb-42bb.jpg?w=200&h=200&s=1,https://www.tripadvisor.co.kr/Restaurant_Review-g294197-d4078612-Reviews-Manjok_Ohyang_Jokbal_City_Hall-Seoul.html,166,4.3,"족발,보쌈",쫄깃 부드러운 족발과 깔끔한 막국수 조합,,21324404,https://place.map.kakao.com/21324404,38000,47000,20,false,true,,,,,,kakao
8380760,코테 자르댕,+82 10-5771-5072,"서울 보광로 122-1 1, 2층",04406,37.533737,126.99432,"프랑스 요리, 바, 유럽 요리, 펍, 와인 바, 개스트로펍",일 11:00~02:00 / 월 11:00~02:00 / 화 11:00~02:00 / 수 11:00~02:00 / 목 11:00~02:00 / 금 11:00~03:00 / 토 11:00~03:00,"꾸띠자르당은 서울 이태원 122-1에 위치한 프렌치 비스트로입니다.
1층 바와 야외 정원, 2층의 아늑한 공간을 갖춰 파티나 모임에 적합하며,
커피·와인·칵테일과 함께 따뜻한 프렌치 가정식을 즐길 수 있습니다.",https://dynamic-media-cdn.tripadvisor.com/media/photo-o/32/e0/0d/6d/caption.jpg?w=200&h=200&s=1,https://www.tripadvisor.co.kr/Restaurant_Review-g294197-d8380760-Reviews-Co_te_Jardin-Seoul.html,197,4.6,,,,,,,,,,,,,,,,tripadvisor
28191952,청담 백송,+82 2-6958-9292,서울 도산대로100길 13 강남구,,37.550262,126.997086,"바베큐, 아시아 요리, 한국",월 11:15~22:00 / 화 11:15~22:00 / 수 11:15~22:00 / 목 11:15~22:00 / 금 11:15~22:00 / 토 11:15~22:00 / 일 11:15~22:00,"""Cheongdam Baeksong is a Korean BBQ restaurant near Cheongdam Station. It serves 1++ BMS No.9 grade Korean beef, aged for over 21 days for tenderness and flavor. The beef is famous for its rich marbling, making it especially juicy and delicious. Popular dishes include Seodae-sal, a chewy and flavorful meat grilled with the bone, and the 245 Set Menu, featuring premium cuts of beef. The beef Yukgaejang, a spicy beef soup with noodles, is also a customer favorite. The restaurant uses Binchotan charcoal and cast iron grills to keep the meat juicy. With over 20 private rooms, it offers grilling service, no corkage fee, valet parking, high chairs, and eco-friendly baby utensils, perfect for dates, family meals, and group gatherings.""",https://dynamic-media-cdn.tripadvisor.com/media/photo-o/32/e0/0f/4e/caption.jpg?w=200&h=200&s=1,https://www.tripadvisor.co.kr/Restaurant_Review-g294197-d28191952-Reviews-Cheongdam_Baeksong-Seoul.html,70,5.0,"육류,고기",프라이빗 룸에서 즐기는 최상급 숙성 한우,일 21:00 / 월 21:00 / 화 21:00 / 수 21:00 / 목 21:00 / 금 21:00 / 토 21:00,1817216361,https://place.map.kakao.com/1817216361,10000,15000,10,true,true,true,true,,,,kakao
2228966,발우공양,+82 2-733-2081,서울 종로구 우정국로 56 템플스테이 빌딩 5층,03145,37.57388,126.98316,"아시아 요리, 한국",월 11:30~15:00 / 월 17:00~21:00 / 화 11:30~15:00 / 화 17:00~21:00 / 수 11:30~15:00 / 수 17:00~21:00 / 목 11:30~15:00 / 목 17:00~21:00 / 금 11:30~15:00 / 금 17:00~21:00 / 토 11:30~15:00 / 토 17:00~21:00,,https://dynamic-media-cdn.tripadvisor.com/media/photo-o/12/f9/08/b1/mosquee-1.jpg?w=200&h=200&s=1,https://www.tripadvisor.co.kr/Restaurant_Review-g294197-d2228966-Reviews-Balwoo_Gongyang-Seoul.html,156,4.1,,고기 없이 완성한 깊은 사찰의 맛,,21959342,https://place.map.kakao.com/21959342,20000,21000,2,true,true,true,,,,,tripadvisor
9565154,더그리핀바,+82 2-2276-3344,서울 종로구 청계천로 279 JW 메리어트 동대문 스퀘어 서울 11층,03198,37.57037,127.0089,바,월 18:00~01:00 / 화 18:00~01:00 / 수 18:00~01:00 / 목 18:00~01:00 / 금 18:00~01:00 / 토 18:00~01:00 / 일 18:00~01:00,"더 그리핀 바는 JW 메리어트 동대문 스퀘어 서울의 최고층에 위치해있으며, 호텔의 다른 공간과는 동떨어진 듯한 색다른 경험을 제공합니다. 고풍스러운 인테리어와 곳곳에 배치된 클래식한 장식, 창밖의 전경은 바의 분위기를 한층 더 업스케일링 시켜주고 있습니다.",https://dynamic-media-cdn.tripadvisor.com/media/photo-o/2b/a9/e4/24/caption.jpg?w=200&h=200&s=1&cx=4430&cy=2492&chk=v1_ee2d27e5612c41ded844,https://www.tripadvisor.co.kr/Restaurant_Review-g294197-d9565154-Reviews-The_Griffin_Bar-Seoul.html,219,4.7,칵테일바,재즈 선율과 어우러진 도심 루프탑 바,,179136160,https://place.map.kakao.com/179136160,10000,11000,5,true,true,true,,,,,kakao
26805070,월화갈비,+82 2-2678-7592,서울 경인로79길 17 1층,07290,37.51331,126.89353,"아시아 요리, 한국, 건강식",월 16:00~23:00 / 화 16:00~23:00 / 수 16:00~23:00 / 목 16:00~23:00 / 금 16:00~23:00 / 토 12:30~23:00 / 일 12:30~23:00,담양식 직화구이 전문점 월화갈비입니다. 1. 최상급 숯을 이용해 100% 구워서 제공합니다. 2. 전문 그릴러가 직접 구워서 좋은 퀄리티로 바로 드실수 있습니다. 3. 직접 만든 반찬과 소스를 제공합니다. 손님분들이 직접 고기를 굽느라 냄새가 배거나 태우지 않도록 전문 그릴러가 직접 고기를 완벌해서 나가고 있습니다. 고기 한점한점 신경써서 굽듯이 손님분들 한분한분이 최대한 만족할만한 식사를 하실수 있도록 신경쓰도록 하겠습니다.,https://dynamic-media-cdn.tripadvisor.com/media/photo-o/12/f9/08/b1/mosquee-1.jpg?w=200&h=200&s=1,https://www.tripadvisor.co.kr/Restaurant_Review-g294197-d26805070-Reviews-Wolhwa_Galbi-Seoul.html,89,4.9,갈비,안녕하세요. 담양식 직화구이 전문점 월화갈비입니다,,674018439,https://place.map.kakao.com/674018439,6000,15000,11,,,,,,,true,kakao
9171053,쟈니덤플링,+82 2-790-8830,서울 용산구 보광로59길 5 Itaewon-dong,04391,37.533802,126.99207,"중국 요리, 인터내셔널, 아시아 요리",월 11:30~20:30 / 화 11:30~20:30 / 수 11:30~20:30 / 목 11:30~20:30 / 금 11:30~20:30 / 토 11:30~20:30 / 일 11:30~20:30,,https://dynamic-media-cdn.tripadvisor.com/media/photo-o/25/6d/03/0f/caption.jpg?w=200&h=200&s=1&cx=1200&cy=800&chk=v1_446514ae7e3f8b724016,https://www.tripadvisor.co.kr/Restaurant_Review-g294197-d9171053-Reviews-Jonny_Dumpling-Seoul.html,287,4.4,중국요리,겉바속촉 군만두와 깊은 육즙의 만남,일 20:10 / 월 20:10 / 화 20:10 / 수 20:10 / 목 20:10 / 금 20:10 / 토 20:10,721715250,https://place.map.kakao.com/721715250,11000,12000,8,,,,,,,,kakao
2230268,진옥화할매원조닭한마리,+82 2-2275-9666,서울 종로구 종로40가길 18,03197,37.570297,127.00576,"아시아 요리, 한국",일 10:30~01:00 / 월 10:30~01:00 / 화 10:30~01:00 / 수 10:30~01:00 / 목 10:30~01:00 / 금 10:30~01:00 / 토 10:30~01:00,,https://dynamic-media-cdn.tripadvisor.com/media/photo-o/2f/c0/a2/c2/caption.jpg?w=200&h=200&s=1&cx=1920&cy=1080&chk=v1_18c932ffc0fea79d7a45,https://www.tripadvisor.co.kr/Restaurant_Review-g294197-d2230268-Reviews-Jin_Ok_Hwa_Original_Chicken_Restaurant-Seoul.html,597,4.2,,진한 육수와 쫄깃한 닭고기의 조화,,10785496,https://place.map.kakao.com/10785496,33000,33000,1,true,true,,,,,,tripadvisor
4075980,라세느,+82 2-317-7171,서울 중구 을지로 30 롯데호텔서울 본관 1층,04533,37.565277,126.98096,"한국, 퓨전",월 07:00~21:30 / 화 07:00~21:30 / 수 07:00~21:30 / 목 07:00~21:30 / 금 07:00~21:30 / 토 07:00~21:30 / 일 07:00~21:30,,https://dynamic-media-cdn.tripadvisor.com/media/photo-o/12/f9/08/b1/mosquee-1.jpg?w=200&h=200&s=1,https://www.tripadvisor.co.kr/Restaurant_Review-g294197-d4075980-Reviews-La_Seine-Seoul.html,252,4.3,뷔페,고급스러운 호텔 감성의 다채로운 뷔페,,27348727,https://place.map.kakao.com/27348727,40000,99000,8,true,true,true,,,,,kakao
2170347,죠티인도레스토랑,+82 2-703-3535,서울 마포구 신촌로20길 6 3 Floor,04101,37.554913,126.93795,"인도 요리, 아시아 요리",월 11:00~22:00 / 화 11:00~22:00 / 수 11:00~22:00 / 목 11:00~22:00 / 금 11:00~22:00 / 토 11:00~22:00 / 일 11:00~22:00,We are established in early 2010 and successfully providing our best service to our locals and foreign visitors. We are specialist of Indian vegetarian and non Vegetarian mouth watering menus. By the continues support of our customers we are finally able to open our branch in seoul chungmuro. Thank you.,https://dynamic-media-cdn.tripadvisor.com/media/photo-o/32/e0/0e/ff/caption.jpg?w=200&h=200&s=1,https://www.tripadvisor.co.kr/Restaurant_Review-g294197-d2170347-Reviews-Jyoti_Indian_Restaurant-Seoul.html,349,4.5,인도음식,향신료 가득한 인도 정통 커리와 난,,12570290,https://place.map.kakao.com/12570290,5500,8250,30,,true,,,,,,kakao
3616586,더 파크뷰,+82 2-2230-3374,서울 서울특별시 중구 장충동2가 202 신라호텔 1F,04614,37.556103,127.00493,"인터내셔널, 아시아 요리, 한국, 홍콩식",월 06:00~22:00 / 화 06:00~22:00 / 수 06:00~22:00 / 목 06:00~22:00 / 금 06:00~22:00 / 토 06:00~22:00 / 일 06:00~22:00,,https://dynamic-media-cdn.tripadvisor.com/media/photo-o/2a/ba/59/10/caption.jpg?w=200&h=200&s=1&cx=551&cy=419&chk=v1_e198cb8d1e97e587cdda,https://www.tripadvisor.co.kr/Restaurant_Review-g294197-d3616586-Reviews-The_Park_View-Seoul.html,291,4.4,뷔페,쉐프 즉석 조리 고기와 창펀의 만남,,7981207,https://place.map.kakao.com/7981207,45000,100000,10,true,,,,,,true,kakao
10079161,BHC치킨 명동본점,+82 10-2076-9496,서울 중구 명동7길 21 명동아르누보센텀,04534,37.564575,126.983864,"아시아 요리, 한국",월 12:00~23:30 / 화 12:00~23:30 / 수 12:00~23:30 / 목 12:00~23:30 / 금 12:00~23:30 / 토 12:00~23:30 / 일 12:00~23:30,,https://dynamic-media-cdn.tripadvisor.com/media/photo-o/32/e0/0e/ff/caption.jpg?w=200&h=200&s=1,https://www.tripadvisor.co.kr/Restaurant_Review-g294197-d10079161-Reviews-BHC_Chicken_Myeongdong-Seoul.html,158,3.7,치킨,마늘향 가득한 바삭한 간장치킨의 유혹,,26201192,https://place.map.kakao.com/26201192,2000,23000,104,,true,,,,,,kakao
31330814,롯데월드몰 라이프스타일 키친,+82 2-3213-4533,"서울 Olympic-ro, 300 5층",,37.513718,127.10366,"이탈리아 요리, 스테이크하우스, 지중해 요리, 건강식, 와인 바",월 10:30~22:00 / 화 10:30~22:00 / 수 10:30~22:00 / 목 10:30~22:00 / 금 10:30~22:00 / 토 10:30~22:00 / 일 10:30~22:00,잠실 롯데월드몰에서 즐기는 맛있는 다이닝. 다이어터와 건강한 식단을 원하시는 분들을 위해 설탕을 적게 쓰고 저탄고지 메뉴들도 준비되어 있습니다. 플렌테리어 감성의 공간에서 맛과 분위기를 모두 경험해보세요.,https://dynamic-media-cdn.tripadvisor.com/media/photo-o/25/49/39/a6/caption.jpg?w=200&h=200&s=1&cx=640&cy=370&chk=v1_6b332c6c87703423d066,https://www.tripadvisor.co.kr/Restaurant_Review-g294197-d31330814-Reviews-The_LifeStyle_Kitchen_Lottle_World_Mall-Seoul.html,31,5.0,양식,"생활의 달인 3회 방영된 곳, 드라마 부부의세계 촬영지, 저탄고지인들의 성지 디키친입니다!",,1166899995,https://place.map.kakao.com/1166899995,11800,28900,21,true,,,,,,,kakao
3600756,교촌치킨 홍대점,3381300,서울 마포구 서교동 362-15,,37.551956,126.92285,"아시아 요리, 한국",월 12:00~01:30 / 화 12:00~01:30 / 수 12:00~01:30 / 목 12:00~01:30 / 금 12:00~01:30 / 토 12:00~01:30 / 일 12:00~01:30,,https://dynamic-media-cdn.tripadvisor.com/media/photo-o/32/e0/0d/6d/caption.jpg?w=200&h=200&s=1,https://www.tripadvisor.co.kr/Restaurant_Review-g294197-d3600756-Reviews-Kyochon_Chicken_Hongdae_Store-Seoul.html,232,4.2,치킨,겉바속촉 간장한마리의 깊은 풍미,,807263903,https://place.map.kakao.com/807263903,5000,26000,30,,true,,,,,,kakao
9213118,더 킹스,+82 2-2270-3121,서울 중구 동호로17길 287 앰배서더 서울 - 풀만 호텔,04618,37.560013,127.00246,"해산물, 인터내셔널",일 06:30~10:00 / 일 11:30~13:30 / 일 14:00~16:00 / 일 18:00~21:30 / 월 06:30~10:00 / 월 12:00~14:30 / 월 18:00~21:30 / 화 06:30~10:00 / 화 12:00~14:30 / 화 18:00~21:30 / 수 06:30~10:00 / 수 12:00~14:30 / 수 18:00~21:30 / 목 06:30~10:00 / 목 12:00~14:30 / 목 18:00~21:30 / 금 06:30~10:00 / 금 12:00~14:30 / 금 18:00~21:30 / 토 06:30~10:00 / 토 11:30~13:30 / 토 14:00~16:00 / 토 17:30~21:30,"호텔 로비층에 위치한 프리미엄 라이브 뷔페 ‘더 킹스’는 1975년을 시작으로 호텔 최초의 뷔페 레스토랑으로 자리 매김 하였습니다. 새롭게 리모델링된 더 킹스는 전통과 유럽의 브라세리에, 아시아 푸드코트의 감성이 공존하는 도심의 활기와 감각이 살아있는 다양한 미식 여행을 선보입니다. 다양한 테마의 'Go Live' 스테이션에서는 더 킹스의 시그니처 메뉴인 베이징 덕, 그릴웍스 구이, 스노우크랩, 각종 화덕 요리 등의 신선하고 최상급의 식재료를 사용한 ALL-DAY 다이닝을 경험하실 수 있습니다.",https://dynamic-media-cdn.tripadvisor.com/media/photo-o/32/e0/0f/4e/caption.jpg?w=200&h=200&s=1,https://www.tripadvisor.co.kr/Restaurant_Review-g294197-d9213118-Reviews-The_King_s-Seoul.html,139,4.5,,도심 속 품격 있는 조식 뷔페의 여유,,8197726,https://place.map.kakao.com/8197726,,,,true,,true,,,,,tripadvisor
7899589,마칸 할랄 코리안 레스토랑,+82 2-6012-2231,서울 용산구 우사단로10길 52,04407,37.532787,126.99802,인도네시아,일 10:30~22:00 / 월 10:30~22:00 / 수 10:30~22:00 / 목 10:30~22:00 / 금 10:30~22:00 / 토 10:30~22:00,"In Itaewon, near Seoul central mosque. We offer korean cuisine respectuous of muslims foods restrictions, using only halal ingredients, to propose the korean food experience to muslims or the halal food one to others.",https://dynamic-media-cdn.tripadvisor.com/media/photo-o/32/e0/0f/4e/caption.jpg?w=200&h=200&s=1,https://www.tripadvisor.co.kr/Restaurant_Review-g294197-d7899589-Reviews-Makan_Halal_Korean_Restaurant-Seoul.html,112,4.5,,,,,,,,,,,,,,,,tripadvisor
7618191,이드 - 할랄 코리안 푸드,+82 70-8899-8210,서울 용산구 우사단로10길 67,04408,37.532322,126.9991,"아시아 요리, 한국",일 11:30~21:00 / 월 11:30~21:00 / 화 11:30~21:00 / 수 11:30~21:00 / 목 11:30~21:00 / 금 11:30~21:00 / 토 11:30~21:00,,https://dynamic-media-cdn.tripadvisor.com/media/photo-o/32/e0/0d/6d/caption.jpg?w=200&h=200&s=1,https://www.tripadvisor.co.kr/Restaurant_Review-g294197-d7618191-Reviews-EID_Halal_Korean_Food-Seoul.html,153,4.4,,,,,,,,,,,,,,,,tripadvisor
26778142,월화식당 마포 본점,+82 2-701-7592,"서울  29, Dohwa-gil, Mapo-gu, Seoul, Republic of Korea 1, 2 Floor",04168,37.540943,126.949234,"바베큐, 아시아 요리, 한국, 그릴",월 16:00~23:00 / 화 16:00~23:00 / 수 16:00~23:00 / 목 16:00~23:00 / 금 16:00~23:00 / 토 11:30~22:00 / 일 11:30~22:00,"[밀랍 숙성 삼겹살 출시! (사전예약)] -> ※사전예약 전화문의 필수 ※ -> 3주 전 사전예약 부탁드립니다 - 무항생제 얼룩흑돼지 오겹살 - 국내산 100% 듀록 - 전통방식의 무쇠 솥뚜껑오겹살 - 저온압착으로 직접 짠 '진짜' 참기름 - 전라북도 무주 월화농장에서 직접 재배한 식재료 - 직접 자가도정한 친환경 햅쌀 - 고기 숙성특허로 자체 숙성실에서 특별한 저온숙성 - 믿을 수 있는 직접 만든 반찬 오랫동안 변하지 않는 무쇠솥처럼 언제나 변함없는 맛과 정성으로 사랑받는 정직한 고깃집, 월화식당이 만들어나가겠습니다. 감사합니다 :-D",https://dynamic-media-cdn.tripadvisor.com/media/photo-o/21/9b/8b/f7/caption.jpg?w=200&h=200&s=1&cx=573&cy=383&chk=v1_df63fada1cae762ec2b6,https://www.tripadvisor.co.kr/Restaurant_Review-g294197-d26778142-Reviews-Wolhwasikdang-Seoul.html,87,5.0,"육류,고기",월화식당은 무항생제 돼지고기를 취급합니다.,,854624020,https://place.map.kakao.com/854624020,10000,27000,13,true,,,,,,,kakao
7372732,미쓰족발 - 서울 홍대 본점,+82 2-337-2111,서울 마포구 어울마당로 123-1 1층,04050,37.55569,126.92384,"아시아 요리, 한국, 그릴",월 12:30~24:00 / 화 12:30~24:00 / 수 12:30~24:00 / 목 12:30~24:00 / 금 12:30~24:00 / 토 12:30~24:00 / 일 12:30~24:00,,https://dynamic-media-cdn.tripadvisor.com/media/photo-o/32/e0/0f/4e/caption.jpg?w=200&h=200&s=1,https://www.tripadvisor.co.kr/Restaurant_Review-g294197-d7372732-Reviews-Myth_Jakbol_Seoul_Hongdae_Bonjeom-Seoul.html,159,4.3,"족발,보쌈",마늘향 가득한 부드러운 족발의 유혹,일 23:00 / 월 23:00 / 화 23:00 / 수 23:00 / 목 23:00 / 금 23:00 / 토 23:00,18480377,https://place.map.kakao.com/18480377,9000,45000,17,,,,,,,,kakao
27128914,한양역,+82 2-6952-7225,서울 마포구 와우산로21길 31-11 B동 1층 B동 1층,04041,37.55198,126.9221,"바베큐, 아시아 요리, 한국",,,https://dynamic-media-cdn.tripadvisor.com/media/photo-o/32/e0/0d/6d/caption.jpg?w=200&h=200&s=1,https://www.tripadvisor.co.kr/Restaurant_Review-g294197-d27128914-Reviews-Hanyang_Station-Seoul.html,77,4.9,,,,,,,,,,,,,,,,
19625631,로쏘 1924,+82 2-336-1924,서울 마포구 홍익로 29,04038,,,"이탈리아 요리, 피자, 나폴리, 캄파니아, 남부 이탈리아",월 11:00~21:30 / 화 11:00~21:30 / 수 11:00~21:30 / 목 11:00~21:30 / 금 11:00~21:30 / 토 11:00~21:30 / 일 11:00~21:30,Travelers' Choice 2025,https://dynamic-media-cdn.tripadvisor.com/media/photo-o/32/e0/0e/ff/caption.jpg?w=200&h=200&s=1,https://www.tripadvisor.co.kr/Restaurant_Review-g294197-d19625631-Reviews-Rosso1924-Seoul.html,75,4.9,피자,참나무 화덕에서 구워내는 나폴리 정통피자,일 21:00 / 월 21:00 / 화 21:00 / 수 21:00 / 목 21:00 / 금 21:00 / 토 21:00,768187503,https://place.map.kakao.com/768187503,8900,17900,11,false,true,,,,,,kakao
27433088,고우가 광화문,+82 6205-9554,서울 136 Sejong-Daero Jung-Gu,,37.568447,126.9777,"일본 요리, 해산물, 바베큐, 아시아 요리, 한국, 일본식 퓨전",월 11:00~22:00 / 화 11:00~22:00 / 수 11:00~22:00 / 목 11:00~22:00 / 금 11:00~22:00 / 토 11:00~22:00 / 일 11:00~22:00,"고우가 광화문은 광화문 한복판에서 만나는 프리미엄 한식 맛집입니다. 세련된 인테리어와 프라이빗한 룸에서 즐기는 한우 오마카세는 비즈니스 미팅이나 회식, 중요한 모임에 품격을 더해줍니다. 엄선된 최상급 한우와 정갈한 한식 코스는 고급스러운 식사 경험을 선사하며, 광화문 직장인과 미식가들에게 특별한 맛집으로 자리 잡고 있습니다. 기념일, 가족 모임에도 어울리는 광화문 한우 맛집입니다.",https://dynamic-media-cdn.tripadvisor.com/media/photo-o/2a/e7/ad/28/caption.jpg?w=200&h=200&s=1&cx=1920&cy=1080&chk=v1_f2b1be7044cdd54f81e3,https://www.tripadvisor.co.kr/Restaurant_Review-g294197-d27433088-Reviews-Gowooga_Gwanghwamun-Seoul.html,76,5.0,"육류,고기","광화문, 종로, 광화문룸식당, 한우, 한우 오마카세, 소고기, 고기집, 오마카세",,2067761241,https://place.map.kakao.com/2067761241,15000,79000,28,true,,,,,,true,kakao
6463321,BLT 스테이크,+82 2-2276-3330,서울 종로구 청계천로 279 JW 메리어트 동대문 스퀘어 서울,110126,37.570293,127.00882,"미국 요리, 스테이크하우스, 그릴",월 11:30~14:30 / 월 18:00~22:00 / 화 11:30~14:30 / 화 18:00~22:00 / 수 11:30~14:30 / 수 18:00~22:00 / 목 11:30~14:30 / 목 18:00~22:00 / 금 11:30~14:30 / 금 18:00~22:00,BLT Steak는 엔틱하면서 모던한 분위기의 뉴욕 스타일의 정통 스테이크 레스토랑입니다. 독특한 메뉴와 새로운 감각의 BLT Steak는 최고의 셰프들로 구성되어 최상급 재료와 서비스를 모두 경험하실 수 있습니다. 고객의 오감까지 만족시킬 색다른 공간을 만나보십시오.,https://dynamic-media-cdn.tripadvisor.com/media/photo-o/32/e0/0f/4e/caption.jpg?w=200&h=200&s=1,https://www.tripadvisor.co.kr/Restaurant_Review-g294197-d6463321-Reviews-BLT_Steak-Seoul.html,197,4.5,,호텔 감성 가득한 정통 스테이크 하우스,,26407092,https://place.map.kakao.com/26407092,285000,337500,2,true,true,true,,,,,tripadvisor
7118098,죠티 레스토랑 충무로점,+82 2-2261-2912,서울 중구 서애로 12-4 2층,04624,37.56129,126.99796,"인도 요리, 아시아 요리, 네팔",월 11:00~22:30 / 화 11:00~22:30 / 수 11:00~22:30 / 목 11:00~22:30 / 금 11:00~22:30 / 토 11:00~22:30 / 일 11:00~22:30,"This restaurant is located back gate of Donguk university, 150 meter walking distance from Chungmuro station exit -1, and Daehan cinema Chungmuro, close to ambassador hotel and jael woman hospital. Dongdaemun shopping, history park, Myengdong shopping is nearby. Resaurant has 45+ seating capacity, free wifi, party organize, buffet on reservation . Vegetarian meal and non vegetarian meal will be served . Authentic Indian taste cooked by highly experienced chefs . All spices directly imported from India and Pakistan.",https://dynamic-media-cdn.tripadvisor.com/media/photo-o/12/f9/08/b1/mosquee-1.jpg?w=200&h=200&s=1,https://www.tripadvisor.co.kr/Restaurant_Review-g294197-d7118098-Reviews-Jyoti_Restaurant_Chungmuro-Seoul.html,199,4.6,인도음식,현지인이 사랑하는 진짜 인도 커리 맛집,,27268075,https://place.map.kakao.com/27268075,5500,11500,14,true,true,true,,,,,kakao
28669446,청기와타운 충무로점,+82 2-2274-1474,서울 Chungmu-ro 22-1 1 층,04556,37.563957,126.993,"바베큐, 아시아 요리, 한국, 건강식",월 11:30~22:00 / 화 11:30~22:00 / 수 11:30~22:00 / 목 11:30~22:00 / 금 11:30~22:00 / 토 11:30~22:00 / 일 11:30~22:00,,https://dynamic-media-cdn.tripadvisor.com/media/photo-o/2d/d8/f1/e3/caption.jpg?w=800&h=500&s=1,https://www.tripadvisor.co.kr/Restaurant_Review-g294197-d28669446-Reviews-Cheonggiwa_Town_Chungmuro_Branch-Seoul.html,22,4.9,한식,LA 한인타운 감성의 수원왕갈비 맛집,일 21:10 / 월 21:10 / 화 21:10 / 수 21:10 / 목 21:10 / 금 21:10 / 토 21:10,1481302218,https://place.map.kakao.com/1481302218,,,,,,,,,,,kakao
4608689,옷살 서울대 입구역점,+82 2-882-6527,서울 관악구 봉천동 856-5,,37.47983,126.95233,인도 요리,월 11:00~22:00 / 화 11:00~22:00 / 수 11:00~22:00 / 목 11:00~22:00 / 금 11:00~22:00 / 토 11:00~22:00 / 일 11:00~22:00,,https://dynamic-media-cdn.tripadvisor.com/media/photo-o/2f/60/63/6b/caption.jpg?w=200&h=200&s=1,https://www.tripadvisor.co.kr/Restaurant_Review-g294197-d4608689-Reviews-Otsal_Traditional_Indian_Restaurant_Seoul_National_Univ-Seoul.html,76,4.7,인도음식,[ 가맹문의 ] 02-875-6527 1998년 인도 라다크에서 시작한 인도정통요리전문점,,12740961,https://place.map.kakao.com/12740961,,,,true,,,,,,true,kakao
3923509,오세계향,+82 2-735-7171,서울 종로구 인사동12길 14-5,03146,37.574635,126.98525,한국,월 11:30~21:00 / 화 11:30~21:00 / 수 11:30~21:00 / 금 11:30~21:00 / 토 11:30~21:00 / 일 11:30~21:00,,https://dynamic-media-cdn.tripadvisor.com/media/photo-o/12/f9/08/b1/mosquee-1.jpg?w=200&h=200&s=1,https://www.tripadvisor.co.kr/Restaurant_Review-g294197-d3923509-Reviews-Osegyehyang-Seoul.html,121,4.3,한식,30가지 채식요리로 채운 건강 한상,,12069878,https://place.map.kakao.com/12069878,6000,12000,9,,,,,,true,,kakao
34063756,장앤페이스트,+82 2-743-7779,서울 돈화문로11다길 38,,37.57378,126.99007,"아시아 요리, 한국",월 11:00~22:00 / 화 11:00~22:00 / 수 11:00~22:00 / 목 11:00~22:00 / 금 11:00~22:00 / 토 11:00~22:00 / 일 11:00~22:00,"A Korean restaurant showcasing modern flavors inspired by the deep, rich traditions of Korean fermented pastes.",https://dynamic-media-cdn.tripadvisor.com/media/photo-o/32/e0/0f/4e/caption.jpg?w=200&h=200&s=1,https://www.tripadvisor.co.kr/Restaurant_Review-g294197-d34063756-Reviews-Jang_paste-Seoul.html,31,5.0,한식,"장(醬)은 달빛 아래 익어가고, 페이스트는 태양빛 속에서 농축된다.",,1523287562,https://place.map.kakao.com/1523287562,8000,24900,19,,,,,,,true,kakao
2476809,바토스 이태원점,+82 2-797-8226,서울 용산구 이태원동 181-8,140866,37.534306,126.99026,"멕시코 요리, 사우스웨스턴, 라틴, 퓨전",월 11:30~22:00 / 화 11:30~22:00 / 수 11:30~22:00 / 목 11:30~22:00 / 금 11:30~22:00 / 토 11:30~22:00 / 일 11:30~22:00,,https://dynamic-media-cdn.tripadvisor.com/media/photo-o/32/e0/0e/ff/caption.jpg?w=200&h=200&s=1,https://www.tripadvisor.co.kr/Restaurant_Review-g294197-d2476809-Reviews-Vatos_Urban_Tacos_Itaewon-Seoul.html,864,4.2,"멕시칸,브라질",데킬라와 어울리는 멕시칸 감성 공간,,21535686,https://place.map.kakao.com/21535686,7900,13900,11,,,,,,,,kakao
21127142,블라인드 스팟,+82 2-2076-2051,서울 서울시 용산구 장문로 23 몬드리안 서울 이태원 1층 블라인드 스팟,04392,37.528515,126.99312,"바, 카페, 유럽 요리, 와인 바",일 10:00~22:00 / 월 10:00~22:00 / 화 10:00~22:00 / 수 10:00~22:00 / 목 10:00~22:00 / 금 10:00~22:00 / 토 10:00~22:00,"블라인드 스팟은 늦은 밤만큼이나 아침에도 찾기 좋은 장소입니다. 낮 시간에는 시그니처 음료인 '숲과 계절의 영감을 받은' 차를 즐기실 수 있는 반면, 밤에는 전혀 다른 분위기가 펼쳐집니다. 저녁이 되면 블라인드 스팟에서는 풍미 가득하고 다양한 맞춤형 시그니처 칵테일이 제공됩니다. 따라서 어떤 시간대에 방문하든, 블라인드 스팟은 사람들과 어울려 음료를 즐길 수 있는 완벽한 장소가 될 것입니다.",https://dynamic-media-cdn.tripadvisor.com/media/photo-o/32/e0/0f/4e/caption.jpg?w=200&h=200&s=1,https://www.tripadvisor.co.kr/Restaurant_Review-g294197-d21127142-Reviews-Blind_Spot-Seoul.html,151,4.8,,섬세한 디저트와 여유로운 티타임 공간,,1675910013,https://place.map.kakao.com/1675910013,25000,61500,3,,,,,,,,tripadvisor
9205326,육전식당 - 본점,+82 2-2253-6373,서울 동대문구 난계로30길 16,02586,37.574448,127.02437,"바베큐, 아시아 요리, 한국",월 11:30~22:50 / 화 11:30~22:50 / 수 11:30~22:50 / 목 11:30~22:50 / 금 11:30~22:50 / 토 11:30~22:50 / 일 11:30~22:50,,https://dynamic-media-cdn.tripadvisor.com/media/photo-o/1b/00/35/1e/caption.jpg?w=900&h=500&s=1,https://www.tripadvisor.co.kr/Restaurant_Review-g294197-d9205326-Reviews-Yukjeon_Sikdang_Main_Store-Seoul.html,101,4.6,"육류,고기",직원이 구워주는 두툼한 삼겹살의 진수,일 21:50 / 월 21:50 / 화 21:50 / 수 21:50 / 목 21:50 / 금 21:50 / 토 21:50,10331494,https://place.map.kakao.com/10331494,7000,12000,14,true,true,,true,true,,,kakao
3922956,자매집,+82 2-2274-8344,서울 종로구 종로4가 177,,37.570652,127.00001,"아시아 요리, 한국",화 10:30~21:40 / 수 10:30~21:40 / 목 10:30~21:40 / 금 10:30~21:40 / 토 10:30~21:40 / 일 10:30~21:20,,https://dynamic-media-cdn.tripadvisor.com/media/photo-o/32/e0/0f/4e/caption.jpg?w=200&h=200&s=1,https://www.tripadvisor.co.kr/Restaurant_Review-g294197-d3922956-Reviews-Jamaejip-Seoul.html,302,4.3,"육류,고기","육회를 1,000원에 시작한 광장시장 시그니처 맛집입니다. (since1974)",,8055849,https://place.map.kakao.com/8055849,9000,17000,12,,,,,,,,kakao
3922605,큰기와집,+82 2-722-9024,서울 종로구 북촌로 20-7 헌법재판소 맞은편 있습니다,03059,37.579876,126.98162,한국,월 11:30~21:00 / 화 11:30~21:00 / 수 11:30~21:00 / 목 11:30~21:00 / 금 11:30~21:00 / 토 11:30~21:00 / 일 11:30~21:00,,https://dynamic-media-cdn.tripadvisor.com/media/photo-o/2e/4d/61/03/caption.jpg?w=200&h=200&s=1&cx=748&cy=500&chk=v1_51edbdfb99e870f4e41d,https://www.tripadvisor.co.kr/Restaurant_Review-g294197-d3922605-Reviews-Keunkiwajip-Seoul.html,130,4.1,한식,정갈한 한정식과 대자 간장게장,일 20:00 / 월 20:00 / 화 20:00 / 수 20:00 / 목 20:00 / 금 20:00 / 토 20:00,677693222,https://place.map.kakao.com/677693222,28000,76500,6,false,true,true,,,,,kakao
12368526,어니언,+82 70-7816-2710,서울 성동구 아차산로9길 8,04797,37.546463,127.05898,길거리 음식,월 08:00~22:00 / 화 08:00~22:00 / 수 08:00~22:00 / 목 08:00~22:00 / 금 08:00~22:00 / 토 09:00~22:00 / 일 09:00~22:00,,https://dynamic-media-cdn.tripadvisor.com/media/photo-o/32/e0/0f/4e/caption.jpg?w=200&h=200&s=1,https://www.tripadvisor.co.kr/Restaurant_Review-g294197-d12368526-Reviews-Onion-Seoul.html,90,4.2,카페,빈티지 감성 가득한 성수의 베이커리 카페,일 21:30 / 월 21:30 / 화 21:30 / 수 21:30 / 목 21:30 / 금 21:30 / 토 21:30,145791269,https://place.map.kakao.com/145791269,5000,7000,12,,,,,,,,kakao
6165427,먹쉬돈나 삼청동점,+82 2-723-8089,서울 종로구 율곡로3길 74-7,03061,37.579006,126.98253,한국,일 11:00~21:00 / 월 11:00~21:00 / 화 11:00~21:00 / 수 11:00~21:00 / 목 11:00~21:00 / 금 11:00~21:00 / 토 11:00~21:00,,https://dynamic-media-cdn.tripadvisor.com/media/photo-o/32/e0/0d/6d/caption.jpg?w=200&h=200&s=1,https://www.tripadvisor.co.kr/Restaurant_Review-g294197-d6165427-Reviews-Mukshidonna_Samcheongdong-Seoul.html,133,4.2,,,,,,,,,,,,,,,,tripadvisor
10677791,금돼지식당,+82 2-231-0561,서울 중구 다산로 149,04607,37.557003,127.0118,"바베큐, 아시아 요리, 한국, 그릴",일 11:30~23:00 / 월 11:30~23:00 / 화 11:30~23:00 / 수 11:30~23:00 / 목 11:30~23:00 / 금 11:30~23:00 / 토 11:30~23:00,,https://dynamic-media-cdn.tripadvisor.com/media/photo-o/2b/05/70/1a/caption.jpg?w=200&h=200&s=1&cx=1920&cy=1080&chk=v1_9fa64641a807b789e4f6,https://www.tripadvisor.co.kr/Restaurant_Review-g294197-d10677791-Reviews-Gold_Pig_Restaurant-Seoul.html,36,4.4,,눈꽃목살과 바질쌈의 환상 조합,,1065693087,https://place.map.kakao.com/1065693087,19000,21000,4,,,,,,true,,tripadvisor
7033805,라이너스 바베큐,+82 2-790-2920,"서울 용산구 이태원로 136-13 Down the stairway next to McDonald's Itaewon, and straight back",04390,37.533775,126.98973,"미국 요리, 바베큐",월 11:30~21:00 / 화 11:30~21:00 / 수 11:30~21:00 / 목 11:30~21:00 / 금 11:30~22:00 / 토 12:00~22:00 / 일 12:00~21:00,,https://dynamic-media-cdn.tripadvisor.com/media/photo-o/32/b9/1a/b6/37fa8f9d-5dbb-42bb.jpg?w=200&h=200&s=1,https://www.tripadvisor.co.kr/Restaurant_Review-g294197-d7033805-Reviews-Linus_Bama_Style_BBQ-Seoul.html,243,4.3,양식,직접 만드는 바비큐 버거의 특별한 즐거움,,25090873,https://place.map.kakao.com/25090873,3900,15900,30,,true,,,,,,kakao
15513085,그레인 서울,+82 2-336-5559,"서울 서대문구 연희로11가길 53 연희104고지 버스정류장에서 하차 200m, 걸어오시면 24이마트편의점 맞은편 2층 입니다.",03707,37.566204,126.92735,"카페, 유럽 요리, 건강식, 스칸디나비아, 덴마크",월 09:00~17:30 / 화 09:00~17:30 / 수 09:00~17:30 / 목 09:00~17:30 / 금 09:00~17:30 / 토 09:00~17:30 / 일 09:00~17:30,"GRAIN SEOUL은 ""맛있고 영양가 있는 식사""라는 슬로건과 같이 하루 종일 즐길 수 있는 신선한 브런치를 제공합니다. 원하는 아이템을 선택하고 브런치를 만들 수 있습니다. 하루 동안 당신을 깨우는 신선한 주스/ 커피로 맞춤형 식사를 즐길 수 있습니다.",https://dynamic-media-cdn.tripadvisor.com/media/photo-o/1b/07/e2/e8/everyone-cheer-up-let.jpg?w=900&h=500&s=1,https://www.tripadvisor.co.kr/Restaurant_Review-g294197-d15513085-Reviews-GRAIN_SEOUL-Seoul.html,22,5.0,양식,'맛있고 영양 있는 식사'를 하루 종일 즐길 수 있는 브런치를 제공합니다.,,997509076,https://place.map.kakao.com/997509076,6500,16000,11,true,,,,,true,,kakao
12261567,구르카 인도 레스토랑,+82 2-775-8860,서울 중구 명동10길 16-1 지상 4층,04536,37.56305,126.98522,"인도 요리, 네팔",월 10:30~22:00 / 화 10:30~22:00 / 수 10:30~22:00 / 목 10:30~22:00 / 금 10:30~22:00 / 토 10:30~22:00 / 일 10:30~22:00,"구르카레스토랑은 서울 명동에 위치하고 있으며 인도, 네팔, 차이나 음식 전문점입니다. 언제든 인도, 네팔, 차이나 음식을 최상의 맛으로 보답하고자 합니다. 고객님께 더나은 맛과 서비스를 제공하기 위하여 앞으로도 더욱더 노력하는 구르카레스토랑이 되겠습니다. 감사합니다.",https://dynamic-media-cdn.tripadvisor.com/media/photo-o/17/1d/74/51/photo1jpg.jpg?w=900&h=500&s=1,https://www.tripadvisor.co.kr/Restaurant_Review-g294197-d12261567-Reviews-Gurkha_Indian_Restaurant-Seoul.html,184,4.4,인도음식,현지 감성 가득한 인도 정통 맛집,일 21:30 / 월 21:30 / 화 21:30 / 수 21:30 / 목 21:30 / 금 21:30 / 토 21:30,665610955,https://place.map.kakao.com/665610955,9900,15000,22,false,true,true,true,,,,kakao
4414170,깐부 치킨 삼성점,+82 2-566-7088,서울 강남구 삼성동 156-6번지,,37.508694,127.05618,"아시아 요리, 한국",월 15:00~02:00 / 화 15:00~02:00 / 수 15:00~02:00 / 목 15:00~02:00 / 금 15:00~02:00 / 토 15:00~02:00,,https://dynamic-media-cdn.tripadvisor.com/media/photo-o/2a/57/cc/e5/caption.jpg?w=900&h=500&s=1,https://www.tripadvisor.co.kr/Restaurant_Review-g294197-d4414170-Reviews-Kkanbu_Chicken_Samsung-Seoul.html,47,4.4,치킨,회장님들도 반한 특별한 치킨 맛집,,12474728,https://place.map.kakao.com/12474728,7000,20000,37,true,,,,,,,kakao
14901544,모보 바,+82 2-6282-6739,서울 서울특별시 서초구 신반포로 176 JW 메리어트 호텔 서울 7층,06546,37.5039,127.00474,"바, 펍, 와인 바, 다이닝 바",월 18:00~24:00 / 화 18:00~24:00 / 수 18:00~24:00 / 목 18:00~01:00 / 금 18:00~02:00 / 토 18:00~02:00 / 일 18:00~24:00,JW 메리어트 서울 7층의 더 마고 그릴(The Margaux Grill) 레스토랑 내에 위치한 모보 바(MOBO Bar)는 대형 와인 셀러에서 선별한 진귀한 주류와 정원 온실에서 재배한 천연 재료들을 믹스여 독창적인 칵테일을 선보이는 모던 보태니컬 컨템포러리 바입니다.,https://dynamic-media-cdn.tripadvisor.com/media/photo-o/15/44/0b/8c/mobo-bar-is-our-contemporary.jpg?w=900&h=500&s=1,https://www.tripadvisor.co.kr/Restaurant_Review-g294197-d14901544-Reviews-MOBO_Bar-Seoul.html,242,5.0,칵테일바,도심 속 비밀 정원에서 즐기는 칵테일,,1921237370,https://place.map.kakao.com/1921237370,18000,37000,10,true,,,,,,,kakao
802826,산촌,+82 2-735-0312,서울 종로구 관훈동 14,,37.573708,126.986145,"아시아 요리, 한국",일 11:30~22:00 / 월 11:30~22:00 / 화 11:30~22:00 / 수 11:30~22:00 / 목 11:30~22:00 / 금 11:30~22:00 / 토 11:30~22:00,,https://dynamic-media-cdn.tripadvisor.com/media/photo-o/19/c0/03/ec/sanchon.jpg?w=900&h=500&s=1,https://www.tripadvisor.co.kr/Restaurant_Review-g294197-d802826-Reviews-Sanchon-Seoul.html,228,3.9,,,,16650740,https://place.map.kakao.com/16650740,6000,18000,4,,,,,,,,tripadvisor
26262526,게 52,+82 1644-2066,"서울 영동대로 511 WTC 트레이드 타워, 52층",,37.51032,127.061005,"해산물, 스시, 아시아 요리, 한국, 그릴, 와인 바",일 12:00~15:00 / 일 18:00~21:00 / 월 12:00~15:00 / 월 18:00~21:00 / 화 12:00~15:00 / 화 18:00~21:00 / 수 12:00~15:00 / 수 18:00~21:00 / 목 12:00~15:00 / 목 18:00~21:00 / 금 12:00~15:00 / 금 18:00~21:00 / 토 12:00~15:00 / 토 18:00~21:00,A high-end all-you-can-eat seafood/crab place,https://dynamic-media-cdn.tripadvisor.com/media/photo-o/29/a6/a4/cf/the-world-best-crustacean.jpg?w=900&h=500&s=1,https://www.tripadvisor.co.kr/Restaurant_Review-g294197-d26262526-Reviews-Crab_52-Seoul.html,18,5.0,,52층에서 즐기는 신선한 해산물 향연,,1331156078,https://place.map.kakao.com/1331156078,,,,true,,,,,,,tripadvisor
4886861,단풍나무 집 삼청동점,+82 2-730-7461,서울 종로구 삼청동 31-1,,37.586845,126.98184,"바베큐, 아시아 요리, 한국",월 11:30~22:00 / 화 11:30~22:00 / 수 11:30~22:00 / 목 11:30~22:00 / 금 11:30~22:00 / 토 11:30~22:00 / 일 11:30~22:00,,https://dynamic-media-cdn.tripadvisor.com/media/photo-o/0c/14/7a/0e/photo1jpg.jpg?w=900&h=500&s=1,https://www.tripadvisor.co.kr/Restaurant_Review-g294197-d4886861-Reviews-Maple_Tree_House_Samcheongdong-Seoul.html,122,4.3,"육류,고기",숯불에 구워주는 정갈한 한우와 돼지고기,,10262074,https://place.map.kakao.com/10262074,21900,33900,5,true,true,,true,,,,kakao
26997513,You Are What You Eat,+82 2-6002-3288,"서울 513, Yeongdong-daero, Gangnam-gu B1",,37.51252,127.05882,"이탈리아 요리, 아시아 요리, 한국, 퓨전, 건강식",일 11:00~21:00 / 월 11:00~21:00 / 화 11:00~21:00 / 수 11:00~21:00 / 목 11:00~21:00 / 금 11:00~21:00 / 토 11:00~21:00,YOU ARE WHAT YOU EAT is a plant-based restaurant with a wide range of plant-based meal options. Enjoy our 100% plant-based menu made with plant-based meat and other fresh ingredients! YOU ARE WHAT YOU EAT is located within Starfield Coex mall.,https://dynamic-media-cdn.tripadvisor.com/media/photo-o/2f/8a/a5/e8/caption.jpg?w=700&h=400&s=1,https://www.tripadvisor.co.kr/Restaurant_Review-g294197-d26997513-Reviews-You_Are_What_You_Eat-Seoul.html,26,5.0,,,,,,,,,,,,,,,,tripadvisor
4070952,엔그릴,+82 2-3455-9297,서울 별시 용산구 남산공원길 105 N 서울타워 7층,04340,37.551334,126.98825,"프랑스 요리, 유럽 요리, 그릴",일 12:00~15:00 / 일 17:00~22:30 / 월 13:00~15:00 / 월 17:00~22:00 / 화 13:00~15:00 / 화 17:00~22:00 / 수 13:00~15:00 / 수 17:00~22:00 / 목 13:00~15:00 / 목 17:00~22:00 / 금 13:00~15:00 / 금 17:00~22:00 / 토 12:00~15:00 / 토 17:00~22:30,"엔그릴 셰프가 직접 선보이는 고품격 프렌치 퀴진! 엔그릴은 N서울타워에서도 가장 높은 곳에 위치한 최고의 뷰를 가진 프렌치 레스토랑입니다. 창의적인 프렌치 코스와 함께 보석같은 야경을 바라보며 사랑하는 이와의 잊지 못할 시간을 보내시기 바랍니다. -디너 예약 시간 안내- *주말,공휴일 디너 3부제 운영: 1부-17시, 2부-19시, 3부-21시 *금요일 디너 2부제 운영: 1부-18시, 2부-20시30분 *주중 디너 시간 제한 없음",https://dynamic-media-cdn.tripadvisor.com/media/photo-o/32/e0/0f/4e/caption.jpg?w=100&h=-1&s=1,https://www.tripadvisor.co.kr/Restaurant_Review-g294197-d4070952-Reviews-N_Grill-Seoul.html,164,4.1,,360도 서울 야경과 함께하는 고급 코스요리,,8057633,https://place.map.kakao.com/8057633,120000,180000,3,,,,,,,,tripadvisor
28650345,대가인생순두부 명동본점,+82 2-6261-2777,서울 중구 명동10길 7-7 1층,,37.563553,126.985634,"아시아 요리, 한국, 건강식",월 10:30~22:30 / 화 10:30~22:30 / 수 10:30~22:30 / 목 10:30~22:30 / 금 10:30~22:30 / 토 10:30~22:30 / 일 10:30~22:30,,https://dynamic-media-cdn.tripadvisor.com/media/photo-o/2e/85/b2/78/caption.jpg?w=900&h=500&s=1,https://www.tripadvisor.co.kr/Restaurant_Review-g294197-d28650345-Reviews-Daega_Insaeng_Sundubu_Myeongdong_Main_Branch-Seoul.html,23,5.0,두부전문점,해물 육수와 부드러운 순두부의 만남,,1591041689,https://place.map.kakao.com/1591041689,11000,11500,14,false,true,,,,,,kakao
33393803,우아라 광화문점,+82 2-730-9554,서울 종로1길 50 트윈 타워 K,,37.574768,126.979294,"바베큐, 아시아 요리, 한국",월 11:00~22:00 / 화 11:00~22:00 / 수 11:00~22:00 / 목 11:00~22:00 / 금 11:00~22:00 / 토 11:00~22:00 / 일 11:00~22:00,"우아라 광화문은 프리미엄 한우와 신선한 해산물을 함께 즐길 수 있는 한식 맛집입니다. 프라이빗 다이닝 공간에서 한우 오마카세와 해산물 요리를 곁들인 정갈한 한식 코스를 제공하며, 특별한 회식이나 비즈니스 미팅, 상견례, 기념일에 최적화되어 있습니다. 안국역, 경복궁, 광화문 중심에서 품격 있는 시간을 선사하는 한식당으로, 직장인과 미식가들에게 꾸준히 사랑받는 광화문 대표 맛집입니다.",https://dynamic-media-cdn.tripadvisor.com/media/photo-o/32/e0/0f/4e/caption.jpg?w=100&h=-1&s=1,https://www.tripadvisor.co.kr/Restaurant_Review-g294197-d33393803-Reviews-Wooara_Restaurant-Seoul.html,51,4.9,한식,"광화문한식,광화문회식,광화문상견례,광화문한우,한우오마카세,서울한우오마카세",,1406560481,https://place.map.kakao.com/1406560481,39000,89000,6,true,,,,,,true,kakao
26392614,Myeongdong Korean Bbq All You Can Eat Pig Company,+82 2-318-2990,"서울 44, Myeongdong 3-gil 3rd Floor",,37.565697,126.98367,"아시아 요리, 한국",일 11:30~23:30 / 월 11:30~23:30 / 화 11:30~23:30 / 수 11:30~23:30 / 목 11:30~23:30 / 금 11:30~23:30 / 토 11:30~23:30,"Don't look around in a big store ! Let's eat as much as we want ! A (All You Can Eat Pork Belly) 17,900won B (All You Can Eat Pork Belly + Soy Sauce Boneless Chicken) 19,900won F (Full Course : A + B + Drink + Rice + Cold Noodles) 23,900won A(サムギョプサル食べ放題)17,900ウォンです B(サムギョプサル+醤油骨なしチキン食べ放題) 19,900ウォンです F(フルコース:A+B+ドリンク+ライス+冷麺)23,900ウォンです A（豚肉食べ放題 17,900）ウォン サムギョプサル+モクサル+ウサムギョプ+カブリサルorカルメギサル+薄切りサムギョプサル+豚の殻+味噌チゲ+盛り合わせ野菜サム+セルフバー食べ放題 B （豚肉食べ放題+にんにく醤油チキン(骨なし)食べ放題） 19,900ウォン 豚肉食べ放題+にんにく醤油チキン(骨なし)食べ放題+味噌チゲ+盛り合わせ野菜サム+セルフバー食べ放題 F （フルコース 食べ放題） 23,900ウォン 豚肉食べ放題+にんにく醤油チキン(骨なし)食べ放題+味噌チゲ+盛り合わせ野菜サム+セルフバー食べ放題+冷麺食べ放題+飲み物食べ放題+ご飯食べ放題",https://dynamic-media-cdn.tripadvisor.com/media/photo-o/29/d3/fe/12/caption.jpg?w=900&h=500&s=1,https://www.tripadvisor.co.kr/Restaurant_Review-g294197-d26392614-Reviews-Myeongdong_Korean_Bbq_All_You_Can_Eat_Pig_Company-Seoul.html,10,4.9,,,,,,,,,,,,,,,,tripadvisor
14832409,더 라운지,+82 2-6282-6735,서울 서울특별시 서초구 신반포로 176 JW 메리어트 호텔 서울 8층,06546,37.50391,127.004745,"중국 요리, 카페, 아시아 요리, 건강식, 와인 바",일 08:00~22:00 / 월 08:00~22:00 / 화 08:00~22:00 / 수 08:00~22:00 / 목 08:00~22:00 / 금 08:00~22:00 / 토 08:00~22:00,"높은 천장과 대형 통창으로 자연 채광과 도심 뷰를 즐기며 럭셔리한 미식을 경험할 수 있는 프리미엄 라운지 공간입니다. 미쉐린 스타 레스토랑의 식음 컨설턴트 알란 야우가 기획한 독창적인 딤섬 메뉴와 프리미엄 중식 차들을 제공하며 애프터눈 티 세트와 스낵, 커피와 음료들도 선보입니다. 저녁에는 와인과 칵테일 등의 주류도 함께 즐기실 수 있습니다.",https://dynamic-media-cdn.tripadvisor.com/media/photo-o/28/4a/38/f0/caption.jpg?w=200&h=-1&s=1&cx=1920&cy=1080&chk=v1_32731f4d6cc7594ff2f8,https://www.tripadvisor.co.kr/Restaurant_Review-g294197-d14832409-Reviews-The_Lounge-Seoul.html,46,5.0,,,,,,,,,,,,,,,,tripadvisor
2228910,연남서식당,+82 2-716-2520,서울 서대문구 연희동 189-7,,37.554085,126.93522,"바베큐, 아시아 요리, 한국",일 12:00~21:00 / 월 12:00~21:00 / 화 12:00~21:00 / 수 12:00~21:00 / 목 12:00~21:00 / 금 12:00~21:00 / 토 12:00~21:00,,https://dynamic-media-cdn.tripadvisor.com/media/photo-o/32/e0/0d/6d/caption.jpg?w=200&h=-1&s=1,https://www.tripadvisor.co.kr/Restaurant_Review-g294197-d2228910-Reviews-Yeonnamseo_Sikdang-Seoul.html,274,4.3,,,,,,,,,,,,,,,,tripadvisor
3957610,유가네 닭갈비 명동1호점,+82 2-3789-3392,서울 중구 명동10길 13,04537,37.563206,126.98532,"아시아 요리, 한국",월 10:00~23:50 / 화 10:00~23:50 / 수 10:00~23:50 / 목 10:00~23:50 / 금 10:00~23:50 / 토 10:00~23:50 / 일 10:00~23:50,,https://dynamic-media-cdn.tripadvisor.com/media/photo-o/2a/d9/af/ee/caption.jpg?w=100&h=-1&s=1&cx=1102&cy=838&chk=v1_d4ff4bdc810b39e04a0b,https://www.tripadvisor.co.kr/Restaurant_Review-g294197-d3957610-Reviews-Yoogane_Myeongdong_1st_Store-Seoul.html,569,3.7,닭요리,치즈와 옥수수 어우러진 닭갈비의 진수,,15411094,https://place.map.kakao.com/15411094,4000,10500,27,false,true,,,,,,kakao
27799148,서령,+82 10-3474-8766,서울 소월로 10 단암타워 1층 스타벅스 옆,04527,37.558548,126.97546,"아시아 요리, 한국, 건강식",월 11:00~21:30 / 화 11:00~21:30 / 수 11:00~21:30 / 목 11:00~21:30 / 금 11:00~21:30 / 토 11:00~21:30 / 일 11:00~21:30,"Seoryung is a traditional Korean restaurant specializing in Pyongyang-style cold noodles (naengmyeon), known for its crystal-clear and deep beef broth, hand-pulled 100% buckwheat noodles, and warm, attentive service. Located near Seoul Station, Namdaemun, Myeongdong, it offers a peaceful dining experience with authentic flavors rooted in heritage. In addition to its signature naengmyeon, Seoryung also serves tender, top-grade Korean beef bulgogi made from premium sirloin, grilled to perfection for a rich and savory experience. It promises an enjoyable culinary journey where you can savor traditional Korean dishes in a setting that blends timeless elegance with modern design.",https://dynamic-media-cdn.tripadvisor.com/media/photo-o/32/52/7d/1b/korean-traditional-resaturant.jpg?w=900&h=-1&s=1,https://www.tripadvisor.co.kr/Restaurant_Review-g294197-d27799148-Reviews-Seoryung_Seoul_Station-Seoul.html,10,5.0,냉면,100% 순메밀면과 12시간 끓여 낸 신선 한우암소 육수를 즐길 수 있는 평양냉면 전문점,,1644608542,https://place.map.kakao.com/1644608542,2000,16000,14,true,,,,,,true,kakao
33039774,고우가 역삼역점,+82 2-555-9554,서울 테헤란로 8번 강남구 152번지 지하 1층,06236,37.50003,127.03652,"바베큐, 아시아 요리, 한국",일 11:30~22:00 / 월 11:00~22:00 / 화 11:00~22:00 / 수 11:00~22:00 / 목 11:00~22:00 / 금 11:00~22:00 / 토 11:30~22:00,"고우가 역삼역점은 강남 중심에서 만나는 프리미엄 한우 한식 맛집입니다. 세련된 분위기의 프라이빗 룸에서 즐기는 서울 강남 한우 오마카세는 비즈니스 접대와 회식, 중요한 미팅에 최적화되어 있습니다. 최상급 한우와 한식 코스로 구성된 메뉴는 품격 있는 식사를 선사하며, 역삼 직장인과 미식가들의 특별한 모임 장소로 사랑받고 있습니다. 기념일이나 가족 모임에도 잘 어울리는 강남 대표 한우 맛집입니다.",https://dynamic-media-cdn.tripadvisor.com/media/photo-o/2a/aa/37/b6/caption.jpg?w=200&h=-1&s=1&cx=1920&cy=1080&chk=v1_f1f80a41f1a77dd54eec,https://www.tripadvisor.co.kr/Restaurant_Review-g294197-d33039774-Reviews-Gouga_Yeoksam_Station_Branch-Seoul.html,55,5.0,,프라이빗 룸에서 즐기는 한우 오마카세,,1050527540,https://place.map.kakao.com/1050527540,99000,154500,4,true,,,,,,true,tripadvisor
26379212,온달집 홍대직영점,+82 2-332-4936,서울 마포구 잔다리로 9 1층,,37.55058,126.921974,"아시아 요리, 한국, 델리, 그릴, 펍, 퓨전",일 17:00~05:00 / 월 17:00~05:00 / 화 17:00~05:00 / 수 17:00~05:00 / 목 17:00~05:00 / 금 16:30~06:00 / 토 16:30~06:00,,https://dynamic-media-cdn.tripadvisor.com/media/photo-o/32/e0/0f/4e/caption.jpg?w=100&h=-1&s=1,https://www.tripadvisor.co.kr/Restaurant_Review-g294197-d26379212-Reviews-Ondaljip_Hongik_University-Seoul.html,49,5.0,,,,,,,,,,,,,,,,tripadvisor
7353876,조가비,+82 2-755-7555,서울 중구 명동9길 21 Jung-gu,04534,37.565037,126.98417,"해산물, 아시아 요리, 한국",월 10:00~01:00 / 화 10:00~01:00 / 수 10:00~01:00 / 목 10:00~01:00 / 금 10:00~01:00 / 토 10:00~24:00 / 일 10:00~24:00,"Welcome to JOGABI, the number one restaurant in Myeong-dong selected by office workers and fresh seafood enjoyed in Myeong-dong, downtown Seoul. Kind service and a traditional Korean seafood restaurant in the new and pleasant branches, we will do our best to make your gourmet trip beautifully remembered. You can feel that Myeong-dong is the best seafood restaurant with the freshest seafood every day. The main menu is seafood hot pot, shellfish stew, grilled shellfish, and most popular dishes are Korean seafood dishes, such as king crab, raw octopus, and raw fish. For meals, there are clams kalguksu(noodle). Even if you have a party or group meeting, you can have a hall for 40people. Enjoy your gourmet tour at jogabi, where Korean seafood is considered the best freshness and taste in the city.",https://dynamic-media-cdn.tripadvisor.com/media/photo-o/12/f9/08/b1/mosquee-1.jpg?w=100&h=-1&s=1,https://www.tripadvisor.co.kr/Restaurant_Review-g294197-d7353876-Reviews-Jogabi-Seoul.html,68,4.0,조개,신선한 조개와 아늑한 한식 다이닝,,1561884629,https://place.map.kakao.com/1561884629,5000,25000,30,false,true,,,,,,kakao
7748342,목멱산방,+82 2-318-4790,서울 중구 퇴계로20길 71 리라 초등학교 맞은편,04629,37.555695,126.98563,"해산물, 바베큐, 한국, 그릴, 건강식",월 11:00~20:00 / 화 11:00~20:00 / 수 11:00~20:00 / 목 11:00~20:00 / 금 11:00~20:00 / 토 11:00~20:00 / 일 11:00~20:00,"목멱산방은 남산의 옛 이름입니다. 목멱산방은 2009년 남산의 한옥에서 ""서울 시민의 자부심이 되는 비빔밥을 선물하겠다""는 사명으로 시작하였습니다. 미슐랭 레스토랑에 그치지 않고 한식의 세계화를 이끄는 한국의 자부심이 되겠습니다.",https://dynamic-media-cdn.tripadvisor.com/media/photo-o/32/e0/0e/ff/caption.jpg?w=200&h=-1&s=1,https://www.tripadvisor.co.kr/Restaurant_Review-g294197-d7748342-Reviews-Mokmyeoksanbang-Seoul.html,68,4.1,한식,남산 품은 정갈한 비빔밥 명가,일 19:20 / 월 19:20 / 화 19:20 / 수 19:20 / 목 19:20 / 금 19:20 / 토 19:20,11642405,https://place.map.kakao.com/11642405,4000,13500,13,false,true,,true,,,,kakao
25302376,Spill Out,+82 70-8691-1474,서울 6-5 Donggyo-ro 38-gil,,37.56171,126.92484,"이탈리아 요리, 미국 요리, 바, 피자, 펍, 다이닝 바, 맥주 음식점",월 12:00~24:00 / 화 12:00~24:00 / 수 12:00~24:00 / 목 12:00~24:00 / 금 12:00~02:00 / 토 12:00~02:00 / 일 12:00~24:00,Authentic New Jersey style pizza and a great bar with patio seating. Open every day at noon and until late on weekends.,https://dynamic-media-cdn.tripadvisor.com/media/photo-o/32/e0/0e/ff/caption.jpg?w=200&h=-1&s=1,https://www.tripadvisor.co.kr/Restaurant_Review-g294197-d25302376-Reviews-Spill_Out-Seoul.html,23,5.0,피자,연남동 홍대입구역 미국인 운영 뉴저지 스타일 피자 펍,,889553279,https://place.map.kakao.com/889553279,10000,23000,16,,,,,,true,,kakao
10676592,보칼리노,+82 2-6388-5500,서울 서울 종로구 새문안로 97 포시즌스호텔 2층,03183,37.570305,126.97544,"이탈리아 요리, 유럽 요리",일 11:00~14:30 / 일 17:30~21:30 / 월 11:00~14:30 / 월 17:30~21:30 / 화 11:00~14:30 / 화 17:30~21:30 / 수 11:00~14:30 / 수 17:30~21:30 / 목 11:00~14:30 / 목 17:30~21:30 / 금 11:00~14:30 / 금 17:30~21:30 / 토 11:00~14:30 / 토 17:30~21:30,"Boccalino at Four Seasons Hotel Seoul offers an authentic Italian dining experience in Seoul. Sun-drenched marble walls, gleaming metal accents and cognac leather banquettes set the scene for contemporary renditions of classic southern Italian dishes, prepared with passion and showmanship in the open kitchen. Head Chef Ivan Spadaro brings the vibrant flavours of the Mediterranean to life with cherished family recipes and seasonal ingredients. The menu features pasta, pizza and weekend brunch, making Boccalino a fitting choice for a romantic dinner, business lunch or relaxed weekend meal. 포시즌스 호텔 서울의 보칼리노는 현대적인 감각으로 재해석한 남부 이탈리아 요리를 선보이는 이탈리안 레스토랑입니다. 파스타, 피자, 주말 브런치와 함께 셰프 이반 스파다로의 계절감 있는 메뉴와 지중해의 풍미를 밝고 활기찬 분위기 속에서 즐길 수 있습니다.",https://dynamic-media-cdn.tripadvisor.com/media/photo-o/2f/bd/f5/74/caption.jpg?w=200&h=-1&s=1&cx=1920&cy=1080&chk=v1_d34c05b86a448200f657,https://www.tripadvisor.co.kr/Restaurant_Review-g294197-d10676592-Reviews-Boccalino-Seoul.html,88,4.5,,신선한 재료와 여유로운 호텔 이탈리안,,1580609628,https://place.map.kakao.com/1580609628,79000,129500,3,,,,,,,,tripadvisor
27491337,Cheongsudang Café,,"서울 31-9 Donhwamun-ro 11na-gil, Jongno-gu",,37.53962,127.009674,카페,일 10:30~20:30 / 월 10:30~20:30 / 화 10:30~20:30 / 수 10:30~20:30 / 목 10:30~20:30 / 금 10:30~20:30 / 토 10:30~20:30,,https://dynamic-media-cdn.tripadvisor.com/media/photo-o/2b/eb/0a/63/caption.jpg?w=900&h=500&s=1,https://www.tripadvisor.co.kr/Restaurant_Review-g294197-d27491337-Reviews-Cheongsudang_Cafe-Seoul.html,12,4.8,,,,,,,,,,,,,,,,tripadvisor
33020173,전설의우대갈비 강남,+82 2-566-9050,서울 819 Yeoksam-dong,06134,37.499165,127.02816,바베큐,월 11:10~21:50 / 화 11:10~21:50 / 수 11:10~21:50 / 목 11:10~21:50 / 금 11:10~21:50 / 토 11:10~21:50 / 일 11:10~21:50,,https://dynamic-media-cdn.tripadvisor.com/media/photo-o/32/b9/1a/b6/37fa8f9d-5dbb-42bb.jpg?w=200&h=-1&s=1,https://www.tripadvisor.co.kr/Restaurant_Review-g294197-d33020173-Reviews-Udaegalbioflegend_Gangnam-Seoul.html,36,5.0,"육류,고기",직원이 구워주는 숯불 향 가득 우대갈비,,97723360,https://place.map.kakao.com/97723360,4000,24000,10,,,,,,,,kakao
14969071,월화고기 - 보라매직영점,+82 2-888-7592,서울 관악구 보라매로3길 16,08708,37.49081,126.9275,"바베큐, 아시아 요리, 한국",월 16:00~22:30 / 화 16:00~22:30 / 수 16:00~22:30 / 목 16:00~22:30 / 금 16:00~22:30 / 토 11:30~22:30 / 일 11:30~22:30,먹거리X파일 인증 착한삼겹살! 전국축산물평가대상 대통령상(대상) 수상 돼지고기! 월화고기가 트렌디하고 쾌적한 공간으로 새로 오픈했습니다. 고객 여러분의 많은 방문 부탁드립니다.,https://dynamic-media-cdn.tripadvisor.com/media/photo-o/32/b9/1a/b6/37fa8f9d-5dbb-42bb.jpg?w=200&h=-1&s=1,https://www.tripadvisor.co.kr/Restaurant_Review-g294197-d14969071-Reviews-Wolhwa_Gogi_Bolamae_Jikyeongjeom-Seoul.html,61,5.0,"육류,고기",월화고기는 무항생제 돼지고기를 취급합니다.,,768850911,https://place.map.kakao.com/768850911,19000,40000,15,true,,,,,,,kakao
7062406,잘빠진메밀,+82 70-4142-1214,서울 종로구 자하문로 41-1,03036,37.579723,126.97111,"아시아 요리, 한국",월 11:00~21:30 / 화 11:00~21:30 / 수 11:00~21:30 / 목 11:00~21:30 / 금 11:00~21:30 / 토 11:00~21:30 / 일 11:00~21:30,Profesional buckwheat house.Main dishes. Buckwheat noddleBuckwheat BIG dumpling.Herbal boiled pork. 15 type of makgulli. we are making dough by ourselve and serving fresh noddles. vegan food also have.,https://dynamic-media-cdn.tripadvisor.com/media/photo-o/29/b5/4e/14/caption.jpg?w=200&h=-1&s=1&cx=1920&cy=1080&chk=v1_5b03c925b0b538931ef3,https://www.tripadvisor.co.kr/Restaurant_Review-g294197-d7062406-Reviews-Jalppajin_Memil_seochon-Seoul.html,51,4.7,국수,들기름 향 가득한 순메밀의 깊은 맛,일 20:20 / 월 20:20 / 화 20:20 / 수 20:20 / 목 20:20 / 금 20:20 / 토 20:20,24869605,https://place.map.kakao.com/24869605,12000,16500,18,,,,,,,,kakao
28276341,김태완스시 마포본점,+82 10-7466-3442,서울 삼개로 7 1층,04172,37.540707,126.94794,"일본 요리, 스시",월 11:00~22:00 / 화 11:00~22:00 / 수 11:00~22:00 / 목 11:00~22:00 / 금 11:00~22:00 / 토 11:00~22:00 / 일 11:00~22:00,,https://dynamic-media-cdn.tripadvisor.com/media/photo-o/25/6d/ef/27/caption.jpg?w=200&h=-1&s=1&cx=1920&cy=1080&chk=v1_9cf3de15fd3c34a7250c,https://www.tripadvisor.co.kr/Restaurant_Review-g294197-d28276341-Reviews-Kim_Tae_wan_Sushi_Mapo_Main_Branch-Seoul.html,19,4.9,"초밥,롤",신선함 가득한 정성 초밥의 향연,일 21:15 / 월 21:15 / 화 21:15 / 수 21:15 / 목 21:15 / 금 21:15 / 토 21:15,1175874488,https://place.map.kakao.com/1175874488,5000,16250,30,true,true,,,,,,kakao
25101005,몽숲,+82 2-790-3905,"서울 한강대로21길 17-7 1층, 용산구",,37.52646,126.96392,"아시아 요리, 한국",일 12:30~15:00 / 일 18:00~22:00 / 수 18:00~22:00 / 목 18:00~22:00 / 금 12:00~14:00 / 금 18:00~22:00 / 토 12:30~15:00 / 토 18:00~22:00,"몽숲은 한국의 식문화를 현대적으로 재해석해 오감으로 느끼는 한식의 아름다움을 추구합니다. 복잡한 도시 속에서 계절의 맛과 향을 잊고 사는 현대인이 친구, 가족 그리고 사랑하는 사람과 특별한 경험을 함께 나눌 수 있는 몽숲에서 미뤄두었던 감사를 표현하고, 기념하는 시간을 더욱 의미있게 만들어 드리겠습니다.",https://dynamic-media-cdn.tripadvisor.com/media/photo-o/29/b6/98/46/caption.jpg?w=100&h=-1&s=1&cx=1000&cy=664&chk=v1_f6e890fe40e6ec6ed122,https://www.tripadvisor.co.kr/Restaurant_Review-g294197-d25101005-Reviews-Montsoop-Seoul.html,46,4.9,,,,,,,,,,,,,,,,tripadvisor
4784252,케르반레스토랑 이태원점,+82 2-792-4767,서울 용산구 이태원로 192,04406,37.534576,126.99523,"지중해 요리, 터키, 중동 요리",월 11:00~06:00 / 화 11:00~06:00 / 수 11:00~06:00 / 목 11:00~06:00 / 금 11:00~06:00 / 토 11:00~06:00 / 일 11:00~06:00,,https://dynamic-media-cdn.tripadvisor.com/media/photo-o/2e/3c/70/82/caption.jpg?w=100&h=-1&s=1&cx=748&cy=500&chk=v1_fa2a24e42c14722f92d1,https://www.tripadvisor.co.kr/Restaurant_Review-g294197-d4784252-Reviews-Kervan_Turkish_Restaurant_Itaewon-Seoul.html,121,4.0,튀르키예음식,케르반 레스토랑은 지중해 터키 레스토랑입니다.,,17061718,https://place.map.kakao.com/17061718,14900,19450,30,true,true,,,,,,kakao
7939841,핏제리아오,+82 2-3673-5005,서울 종로구 동숭길 48,03088,37.580383,127.00448,"이탈리아 요리, 피자, 유럽 요리",월 11:30~22:00 / 화 11:30~22:00 / 수 11:30~22:00 / 목 11:30~22:00 / 금 11:30~22:00 / 토 11:30~22:00 / 일 11:30~22:00,,https://dynamic-media-cdn.tripadvisor.com/media/photo-o/32/e0/0d/6d/caption.jpg?w=200&h=-1&s=1,https://www.tripadvisor.co.kr/Restaurant_Review-g294197-d7939841-Reviews-Pizzeria_o-Seoul.html,43,4.7,피자,핏제리아오는 황금화덕에서 감탄을 굽습니다 '고객이 인정한 대한민국에서 가장 맛있는 피자집',일 21:00 / 월 21:00 / 화 21:00 / 수 21:00 / 목 21:00 / 금 21:00 / 토 21:00,21555096,https://place.map.kakao.com/21555096,16900,23400,16,true,,,,,,,kakao
2330577,브라이 리퍼블릭,+82 70-8879-1967,서울 용산구 이태원로14길 19,04391,37.5336,126.99068,"아프리카 요리, 바베큐",화 12:00~21:00 / 수 12:00~21:00 / 목 12:00~21:00 / 금 12:00~21:00 / 토 12:00~21:00 / 일 12:00~21:00,"Braai Republic serves South African home-style cooking, focusing on our own homemade sausages including boerewors, lamb chops and freshly-baked meat pies. Kitchen hours: (Monday 5PM) (Tuesday to Sunday 12PM - 9PM) Atmosphere: Open kitchen and Casual Tip: Come before 6PM - even on week days we get busy early!",https://dynamic-media-cdn.tripadvisor.com/media/photo-o/32/e0/0f/4e/caption.jpg?w=100&h=-1&s=1,https://www.tripadvisor.co.kr/Restaurant_Review-g294197-d2330577-Reviews-Braai_Republic-Seoul.html,380,4.5,"스테이크,립","Lamb chops, Meat pies, Handmade sausage!!",,14608358,https://place.map.kakao.com/14608358,7000,27000,8,,,,,,,,kakao
12441492,"스테이, 모던 레스토랑",+82 2-3213-1230,서울 송파구 올림픽로 300 롯데월드타워 시그니엘 서울 81층,05551,37.513496,127.10259,"프랑스 요리, 유럽 요리",일 12:00~14:30 / 일 17:30~20:15 / 월 09:00~17:00 / 화 11:30~14:30 / 화 17:30~20:15 / 수 11:30~14:30 / 수 17:30~20:15 / 목 11:30~14:30 / 목 17:30~20:15 / 금 11:30~14:30 / 금 17:30~20:15 / 토 12:00~14:30 / 토 17:30~20:15,"Created by Yannick Alléno, S.T.A.Y. (Simple Table Alléno Yannick) is a brand new concept of restaurant where one can enjoy a refined and innovative French cuisine in a stylish and contemporary space. S.T.A.Y. mixes simplicity and modernity to create an interactive and a unique dining experience. S.T.A.Y. features two major concepts - the Communal Table with sharing-style customised menu and Pastry Library, an interactive platform for both the pastry chef and guests.",https://dynamic-media-cdn.tripadvisor.com/media/photo-o/32/e0/0d/6d/caption.jpg?w=200&h=-1&s=1,https://www.tripadvisor.co.kr/Restaurant_Review-g294197-d12441492-Reviews-STAY_Modern_Restaurant-Seoul.html,67,4.4,,,,,,,,,,,,,,,,tripadvisor
15634522,휴135,+82 70-4155-0135,서울 용산구 이태원로55나길 6,04348,37.53658,126.99905,"스테이크하우스, 아시아 요리, 한국, 건강식",월 11:30~22:30 / 화 11:30~22:30 / 수 11:30~22:30 / 목 11:30~22:30 / 금 11:30~22:00 / 토 11:30~22:30 / 일 11:30~22:30,,https://dynamic-media-cdn.tripadvisor.com/media/photo-o/12/f9/08/b1/mosquee-1.jpg?w=100&h=-1&s=1,https://www.tripadvisor.co.kr/Restaurant_Review-g294197-d15634522-Reviews-Hue_135-Seoul.html,34,5.0,양식,트러플 향 가득한 부드러운 소뼈갈비,,340263215,https://place.map.kakao.com/340263215,17000,22000,6,,,,,,,,kakao
8135346,브레라,+82 2-2236-0770,서울 중구 다산로 41,04600,37.548065,127.00717,이탈리아 요리,월 11:00~23:00 / 화 11:00~23:00 / 수 11:00~23:00 / 목 11:00~23:00 / 금 11:00~23:00 / 토 11:00~23:00 / 일 11:00~23:00,,https://dynamic-media-cdn.tripadvisor.com/media/photo-o/32/e0/0e/ff/caption.jpg?w=200&h=-1&s=1,https://www.tripadvisor.co.kr/Restaurant_Review-g294197-d8135346-Reviews-Brera-Seoul.html,333,4.3,이탈리안,유럽 골목 감성 담은 이탈리안 다이닝,일 21:45 / 월 21:45 / 화 21:45 / 수 21:45 / 목 21:45 / 금 21:45 / 토 21:45,26530107,https://place.map.kakao.com/26530107,19800,22900,11,false,true,true,,,true,,kakao
12936608,HAJJkoreahalalfood,+82 10-4996-5986,"서울 39 Usadan-ro 10-gil, Yongsan-gu near the Seoul Central Mosque, Itaewon",04405,37.533306,126.99801,"아시아 요리, 한국",일 10:00~20:00 / 월 10:00~20:00 / 수 10:00~20:00 / 목 10:00~20:00 / 금 10:00~20:00 / 토 10:00~20:00,"Our store does not have holidays.It is always open, so please note that it closes until 1:00 am.Thank you",https://dynamic-media-cdn.tripadvisor.com/media/photo-o/32/e0/0e/ff/caption.jpg?w=200&h=-1&s=1,https://www.tripadvisor.co.kr/Restaurant_Review-g294197-d12936608-Reviews-HAJJkoreahalalfood-Seoul.html,59,4.8,퓨전요리,,,1103938868,https://place.map.kakao.com/1103938868,,,,,,,,,,,tripadvisor
27433089,고우가 여의도,+82 50-71342-9554,서울 여의대로 24 FKI 빌딩 지하,,37.52234,126.92091,"일본 요리, 해산물, 바베큐, 아시아 요리, 한국, 일본식 퓨전",월 11:00~22:00 / 화 11:00~22:00 / 수 11:00~22:00 / 목 11:00~22:00 / 금 11:00~22:00 / 토 11:30~22:00 / 일 11:30~22:00,"고우가 여의도는 여의도 한식 맛집으로, 회식 장소와 모임에 최적화된 한우 다이닝입니다. 프라이빗 룸에서 즐기는 한우 오마카세와 한식 코스는 최상급 한우 본연의 풍미를 살려내며 특별한 시간을 선사합니다. 비즈니스 미팅, 가족 모임, 기념일 등 다양한 자리에서 만족을 드리며, 영등포 여의도 직장인들에게 꾸준히 사랑받는 여의도 한우 맛집으로 자리 잡고 있습니다.",https://dynamic-media-cdn.tripadvisor.com/media/photo-o/32/e0/0f/4e/caption.jpg?w=100&h=-1&s=1,https://www.tripadvisor.co.kr/Restaurant_Review-g294197-d27433089-Reviews-Gowooga_Yeouido-Seoul.html,76,5.0,"육류,고기","여의도맛집, 여의도역맛집, 여의도한우, 여의도회식장소, 여의도소고기, 여의도오마카세",,1139279291,https://place.map.kakao.com/1139279291,15000,79000,28,true,true,true,true,,,,kakao
1800094,가메골 손만두,+82 2-755-2569,서울 중구 남창동 60-2,,37.558426,126.977264,"패스트푸드, 아시아 요리, 한국",,,https://dynamic-media-cdn.tripadvisor.com/media/photo-o/05/e8/23/2d/caption.jpg?w=900&h=500&s=1,https://www.tripadvisor.co.kr/Restaurant_Review-g294197-d1800094-Reviews-Gamekol_Son_Wangmandu-Seoul.html,96,4.2,,갓 쪄낸 쫄깃한 왕만두의 진수,,11486129,https://place.map.kakao.com/11486129,5500,6250,4,false,,,,,,,
4105590,한쿡 N서울타워점,+82 2-3455-9292,서울 용산구 남산공원길 126,04340,37.55127,126.988335,"아시아 요리, 한국",월 12:00~22:00 / 화 12:00~22:00 / 수 12:00~22:00 / 목 12:00~22:00 / 금 12:00~22:00 / 토 12:00~22:00 / 일 12:00~22:00,,https://dynamic-media-cdn.tripadvisor.com/media/photo-o/32/b9/1a/b6/37fa8f9d-5dbb-42bb.jpg?w=200&h=-1&s=1,https://www.tripadvisor.co.kr/Restaurant_Review-g294197-d4105590-Reviews-HanCook_N_Seoul_Tower-Seoul.html,111,4.0,한식뷔페,남산뷰와 함께하는 정갈한 한식 뷔페,일 20:00 / 월 20:00 / 화 20:00 / 수 20:00 / 목 20:00 / 금 20:00 / 토 20:00,16851604,https://place.map.kakao.com/16851604,35000,105000,5,true,,,,true,,,kakao
13875612,강남면옥 명동점,+82 2-3789-7117,서울 중구 명동7길 8 미래빌딩 5층,04534,37.564133,126.98454,"바베큐, 한국",월 11:00~21:10 / 화 11:00~21:10 / 수 11:00~21:10 / 목 11:00~21:10 / 금 11:00~21:10 / 토 11:00~21:10 / 일 11:00~21:10,,https://dynamic-media-cdn.tripadvisor.com/media/photo-o/18/41/38/32/photo0jpg.jpg?w=900&h=500&s=1,https://www.tripadvisor.co.kr/Restaurant_Review-g294197-d13875612-Reviews-Gangnam_Myeonok_Myeongdong-Seoul.html,15,4.5,냉면,담백한 육수와 쫄깃한 면발의 조화,,25733230,https://place.map.kakao.com/25733230,6000,19000,15,true,true,true,true,,,,kakao
17613351,푸드익스체인지 - 노보텔 앰배서더 동대문,+82 2-3425-8100,서울 을지로 238 Jung Gu,04561,37.566387,127.0044,"인터내셔널, 아시아 요리, 한국, 컨템퍼러리, 퓨전",일 06:30~22:00 / 월 06:30~23:00 / 화 06:30~23:00 / 수 06:30~23:00 / 목 06:30~23:00 / 금 06:30~22:00 / 토 06:30~22:00,‘푸드익스체인지’는 전세계의 푸드마켓을 모던하게 재해석한 올데이 다이닝 프리미엄 뷔페 레스토랑으로 서울 도심을 조망하는 우수한 전망과 모던한 분위기가 맛을 더하는 곳 입니다. 특별한 기념일이나 모임 등을 위한 프라이빗 다이닝 룸이 마련돼 있습니다.,https://dynamic-media-cdn.tripadvisor.com/media/photo-o/2d/f4/3a/4a/caption.jpg?w=200&h=-1&s=1&cx=1920&cy=1080&chk=v1_f7fa2311d2cbbbf1e6c5,https://www.tripadvisor.co.kr/Restaurant_Review-g294197-d17613351-Reviews-Food_Exchange_Novotel_Ambassador_Dongdaemun-Seoul.html,40,4.7,,도심 속 고품격 세미 뷔페의 여유,,1983561343,https://place.map.kakao.com/1983561343,,,,true,,,,,,,tripadvisor
2248137,원조 원할매 닭한마리,+82 2-2279-2078,서울 종로구 종로40가길 25,03197,37.57029,127.005325,"한국, 수프, 아시아 요리",일 11:00~23:00 / 월 11:00~23:00 / 화 11:00~23:00 / 수 11:00~23:00 / 목 11:00~23:00 / 금 11:00~23:00 / 토 11:00~23:00,"종로 광장시장 동대문 종합시장 닭한마리 골목에 위치한 진한육수와 푸짐한 닭한마리 얼큰한 칼국수도 함께 먹을 수 있는 3대째 전통을 이어가는 맛집 입니다.히말라야영화, 식객, 백종원의 3대천왕, 맛있는 녀석들 등등 다수의 방송에 소개된 종로/동대문 닭한마리를 대표하는 원조 노포식당 입니다.",https://dynamic-media-cdn.tripadvisor.com/media/photo-o/32/b9/1a/b6/37fa8f9d-5dbb-42bb.jpg?w=200&h=-1&s=1,https://www.tripadvisor.co.kr/Restaurant_Review-g294197-d2248137-Reviews-Wonjo_WonHalmae_Dakhanmari-Seoul.html,214,4.4,,노포 감성 속 깊고 진한 닭한마리,,8449040,https://place.map.kakao.com/8449040,33000,46000,4,,,,,,,,tripadvisor
1174970,프로 간장 게장 신사점,+82 2-543-4126,서울 서초구 강남대로97길 9,06526,37.514774,127.01915,"해산물, 아시아 요리, 한국",일 10:00~23:00 / 월 10:00~23:00 / 화 10:00~23:00 / 수 10:00~23:00 / 목 10:00~23:00 / 금 10:00~23:00 / 토 10:00~23:00,,https://dynamic-media-cdn.tripadvisor.com/media/photo-o/2e/0f/16/cd/caption.jpg?w=200&h=-1&s=1&cx=689&cy=344&chk=v1_926a9cde4148c09e6b0d,https://www.tripadvisor.co.kr/Restaurant_Review-g294197-d1174970-Reviews-Pro_Ganjang_Gejang_Sinsa-Seoul.html,290,3.9,,40년 전통 깊은 감칠맛 간장게장,,11445020,https://place.map.kakao.com/11445020,85000,91500,4,true,true,true,,,,,tripadvisor
11950049,명동부산집,+82 2-777-8660,서울 중구 명동길 26,04536,37.563168,126.984856,"아시아 요리, 한국",일 10:00~22:00 / 월 10:00~22:00 / 화 10:00~22:00 / 수 10:00~22:00 / 목 10:00~22:00 / 금 10:00~22:00 / 토 10:00~22:00,,https://dynamic-media-cdn.tripadvisor.com/media/photo-o/32/e0/0d/6d/caption.jpg?w=200&h=-1&s=1,https://www.tripadvisor.co.kr/Restaurant_Review-g294197-d11950049-Reviews-Busan_Jib_Restaurant_Halal-Seoul.html,92,3.7,한식,,,1481595453,https://place.map.kakao.com/1481595453,,,,,,,,,,,tripadvisor
1648952,본죽 명동점,+82 2-755-3562,서울 중구 충무로2가 65-2,,37.561535,126.98538,"아시아 요리, 한국",월 09:00~21:00 / 화 09:00~21:00 / 수 09:00~21:00 / 목 09:00~21:00 / 금 09:00~21:00 / 토 09:00~15:00,,https://dynamic-media-cdn.tripadvisor.com/media/photo-o/32/b9/1a/b6/37fa8f9d-5dbb-42bb.jpg?w=200&h=-1&s=1,https://www.tripadvisor.co.kr/Restaurant_Review-g294197-d1648952-Reviews-Bonjuk_Myeongdong-Seoul.html,141,3.8,퓨전한식,속 편한 한식 보양죽과 비빔밥의 조화,월 20:30 / 화 20:30 / 수 20:30 / 목 20:30 / 금 20:30 / 토 14:30,8392850,https://place.map.kakao.com/8392850,7500,13500,30,true,true,,,,,,kakao
9598657,랑빠스81,+82 70-7779-8181,서울 마포구 동교로30길 17-1,03985,37.560116,126.92528,"프랑스 요리, 유럽 요리, 와인 바",월 12:00~22:00 / 수 12:00~22:00 / 목 12:00~22:00 / 금 12:00~22:00 / 토 12:00~22:00 / 일 12:00~22:00,,https://dynamic-media-cdn.tripadvisor.com/media/photo-o/2e/4d/61/03/caption.jpg?w=100&h=-1&s=1&cx=748&cy=500&chk=v1_51edbdfb99e870f4e41d,https://www.tripadvisor.co.kr/Restaurant_Review-g294197-d9598657-Reviews-L_impasse81-Seoul.html,98,4.9,양식,프렌치 감성 가득한 아늑한 공간,일 21:10 / 월 21:10 / 수 21:10 / 목 21:10 / 금 21:10 / 토 21:10,27342212,https://place.map.kakao.com/27342212,13000,28000,7,false,,,,,,,kakao
5895981,라세느,+82 4117811,서울 송파구 올림픽로 240 롯데 호텔 월드 2층,4117811,37.511497,127.10028,"아시아 요리, 한국, 퓨전",,"International buffet restaurant ""La Seine"""" well known as one of most popular buffet restaurant in Seoul. ""La Senie"" offers unforgettable memories and dining experience by Seoul's most passionable culinary team accompany with highly trained service members. Open from 6:30 am till 10:00 am for breakfast, Luche serves from 12:00pm till 15:00pm and Dinner starts from 18:00pm till 22:00pm. (However, special dinner offers 2 session on December and special event day - please contact with La Seine for further details).",https://dynamic-media-cdn.tripadvisor.com/media/photo-o/28/fc/7a/83/caption.jpg?w=100&h=-1&s=1&cx=700&cy=466&chk=v1_17baf620ec8c972813c0,https://www.tripadvisor.co.kr/Restaurant_Review-g294197-d5895981-Reviews-La_Seine-Seoul.html,98,4.3,,,,,,,,,,,,,,,,
33405187,수다 삼성 1호점,+82 2-596-3584,서울 테헤란로 87길 53,,37.511017,127.05732,"일본 요리, 스시, 아시아 요리, 한국, 맥주 음식점, 일본식 퓨전",월 16:00~02:00 / 화 16:00~02:00 / 수 16:00~02:00 / 목 16:00~02:00 / 금 16:00~03:00 / 토 16:00~03:00 / 일 16:00~02:00,"코엑스 주변에서 일본의 분위기를느낄수 있는 위치한 비즈니스,프라이빗,단체모임,데이트 하기에 안성맞춤인 일본식 레스토랑 연애인들도 자주 찾는 맛집 추가로 발렛 시스템도 도입되어 있습니다",https://dynamic-media-cdn.tripadvisor.com/media/photo-o/30/d9/65/70/this-is-izakaya-suda.jpg?w=900&h=500&s=1,https://www.tripadvisor.co.kr/Restaurant_Review-g294197-d33405187-Reviews-Sooda_Samseong_1st_Branch-Seoul.html,20,5.0,일본식주점,저희 수다 삼성1호점은 항상 최상의 맛과 서비스를 제공하도록 노력하겠습니다. 감사합니다.,,14480921,https://place.map.kakao.com/14480921,18000,29000,16,true,,,,,,,kakao
10133954,이빠네마 그릴,+82 2-365-6118,서울 서대문구 연세로 4길 6 Seodaemun-gu,03779,37.556885,126.93734,"스테이크하우스, 브라질 요리, 바베큐, 스페인 요리, 그릴",일 12:00~22:00 / 월 11:30~22:30 / 수 11:30~22:30 / 목 11:30~22:30 / 금 11:30~22:30 / 토 12:00~22:00,Brazilian steak house in Seoul,https://dynamic-media-cdn.tripadvisor.com/media/photo-o/32/e0/0e/ff/caption.jpg?w=200&h=-1&s=1,https://www.tripadvisor.co.kr/Restaurant_Review-g294197-d10133954-Reviews-Ipanema_Grill-Seoul.html,48,4.8,,테이블서 바로 썰어주는 브라질 슈하스코,,27560694,https://place.map.kakao.com/27560694,39900,39900,2,,,,,,,,tripadvisor
3922438,아리랑,+82 2-752-1342,서울 중구 소공동 72-2 1층,04532,37.563847,126.98058,"바베큐, 아시아 요리, 한국, 건강식",월 11:30~22:00 / 화 11:30~22:00 / 수 11:30~22:00 / 목 11:30~22:00 / 금 11:30~22:00 / 토 11:30~22:00 / 일 11:30~22:00,Best Korean Authentic beef barbeque restaurant in Myeong-dong Area. Picked by MICHELIN 2017 and 2018.,https://dynamic-media-cdn.tripadvisor.com/media/photo-o/32/e0/0e/ff/caption.jpg?w=200&h=-1&s=1,https://www.tripadvisor.co.kr/Restaurant_Review-g294197-d3922438-Reviews-Arirang_Korean_Restaurant-Seoul.html,177,3.9,한식,숯불향 가득한 전통 한식의 깊은 맛,일 21:00 / 월 21:00 / 화 21:00 / 수 21:00 / 목 21:00 / 금 21:00 / 토 21:00,7982327,https://place.map.kakao.com/7982327,13000,15000,9,true,true,true,,,,,kakao
2693506,무궁화,+82 2-317-7061,서울 중구 소공동 1 롯데호텔서울 본관 38층,,37.56521,126.980896,"아시아 요리, 한국",월 11:30~21:30 / 화 11:30~21:30 / 수 11:30~21:30 / 목 11:30~21:30 / 금 11:30~21:30 / 토 11:30~21:30 / 일 11:30~21:30,,https://dynamic-media-cdn.tripadvisor.com/media/photo-o/12/f9/08/b1/mosquee-1.jpg?w=100&h=-1&s=1,https://www.tripadvisor.co.kr/Restaurant_Review-g294197-d2693506-Reviews-Mugunghwa-Seoul.html,92,4.6,한식,프라이빗한 공간에서 즐기는 정갈한 한식 코스,일 13:30 / 일 20:00 / 월 13:30 / 월 20:00 / 화 13:30 / 화 20:00 / 수 13:30 / 수 20:00 / 목 13:30 / 목 20:00 / 금 13:30 / 금 20:00 / 토 13:30 / 토 20:00,8349008,https://place.map.kakao.com/8349008,190000,210000,9,true,true,true,true,,,,kakao
8936196,아현동간장게장,+82 2-312-7530,서울 마포구 굴레방로 13,04117,37.55527,126.955376,"해산물, 아시아 요리, 한국",월 10:00~19:30 / 화 10:00~19:30 / 수 10:00~19:30 / 목 10:00~19:30 / 토 10:00~19:30,,https://dynamic-media-cdn.tripadvisor.com/media/photo-o/32/b9/1a/b6/37fa8f9d-5dbb-42bb.jpg?w=200&h=-1&s=1,https://www.tripadvisor.co.kr/Restaurant_Review-g294197-d8936196-Reviews-Ahyeondong_Ganjang_Gejang-Seoul.html,116,4.5,"게,대게",알 꽉 찬 꽃게 간장게장 한 상,,11755765,https://place.map.kakao.com/11755765,5000,9000,5,,,,,,,,kakao
12250577,부촌육회,+82 2-2267-1831,서울 종로구 종로 200-12,03195,37.570343,126.99991,한국,월 10:00~21:30 / 화 10:00~21:30 / 수 10:00~21:30 / 목 10:00~21:30 / 금 10:00~21:30 / 토 10:00~21:30 / 일 10:00~21:30,,https://dynamic-media-cdn.tripadvisor.com/media/photo-o/12/f9/08/b1/mosquee-1.jpg?w=100&h=-1&s=1,https://www.tripadvisor.co.kr/Restaurant_Review-g294197-d12250577-Reviews-Buchon_Yukhoe-Seoul.html,55,4.4,"육류,고기",1956년부터 한자리에서 운영해온 가게입니다.광장시장에 오시면 한번 들려주세요~^^,일 21:00 / 월 21:00 / 화 21:00 / 수 21:00 / 목 21:00 / 금 21:00 / 토 21:00,21852953,https://place.map.kakao.com/21852953,11000,19500,8,true,,,,,,,kakao
6787551,스파카 나폴리,+82 2-326-2323,서울 마포구 양화로6길 28,04046,37.54898,126.915665,"이탈리아 요리, 피자, 나폴리, 캄파니아, 남부 이탈리아",수 11:30~21:30 / 목 11:30~21:30 / 금 11:30~21:30 / 토 11:30~21:30 / 일 11:30~21:30,전통을 지키며 변화를 꿈꾸는 Antica Pizzeria SPACCA NAPOLI(스파카 나폴리) 참나무 장작 화덕을 이용한 전통 나폴리피자 전문점입니다.,https://dynamic-media-cdn.tripadvisor.com/media/photo-o/32/e0/0d/6d/caption.jpg?w=200&h=-1&s=1,https://www.tripadvisor.co.kr/Restaurant_Review-g294197-d6787551-Reviews-Spacca_Napoli-Seoul.html,90,4.4,이탈리안,*6세 이하 입장 제한. (장소가 협소하여 아기의자 및 유모차 출입이 불가하여 죄송합니다.,,16050660,https://place.map.kakao.com/16050660,20000,28000,19,,,,,,,,kakao
23793660,우디플레이트,+82 2-3408-5050,서울 강북구 삼양로 689 파라스파라 114동 2층,,37.637028,127.01704,"중국 요리, 바베큐, 스시, 아시아 요리, 한국, 퓨전",월 07:00~21:00 / 화 07:00~21:00 / 수 07:00~21:00 / 목 07:00~21:00 / 금 07:00~21:00 / 토 07:00~21:00 / 일 07:00~21:00,,https://dynamic-media-cdn.tripadvisor.com/media/photo-o/30/b2/1e/1e/caption.jpg?w=200&h=-1&s=1&cx=1920&cy=1080&chk=v1_da5001ed380964b5fa79,https://www.tripadvisor.co.kr/Restaurant_Review-g294197-d23793660-Reviews-Woody_Plate-Seoul.html,29,4.7,뷔페,숲과 나무가 어우러진 고요한 뷔페 공간,,568244334,https://place.map.kakao.com/568244334,41000,78000,10,true,true,true,,,,,kakao
12357290,에베레스트 커리월드레스토랑,+82 10-8544-4302,서울 종로구 종로 305 2층,03106,37.572044,127.01163,"인도 요리, 아시아 요리, 네팔",월 11:00~24:00 / 화 11:00~24:00 / 수 11:00~24:00 / 목 11:00~24:00 / 금 11:00~24:00 / 토 11:00~24:00 / 일 11:00~22:30,"나마스테!! 에베레스트커리월드는 서울시 동대문역 2번출구 바로 앞, 초역세권 파리바게트 2층에 자리하고 있습니다. 10년이상 수많은 분들의 사랑을 받으며 보다 맛있고 신선한 음식을 위해 최선을 다하고 있습니다. 넓은 실내, 깨끗한 환경, 인도와 네팔문화를 전한다는 자부심으로 고유의 음식맛을 살려내고 있습니다. 단체손님, 가족, 연인, 친구, 아기를 동반한 맘들도 편히 식사를 하실수 있습니다. 에베레스트커리월드에서 소중한분들과 즐거운시간을 보내시기 바랍니다",https://dynamic-media-cdn.tripadvisor.com/media/photo-o/32/e0/0e/ff/caption.jpg?w=200&h=-1&s=1,https://www.tripadvisor.co.kr/Restaurant_Review-g294197-d12357290-Reviews-Everest_Curry_World_Restaurant-Seoul.html,74,4.6,인도음식,"나마스테!! 에베레스트커리월드는 동대문역 2번 출구에 있는 커리맛집 인도,네팔 음식점입니다",,12411385,https://place.map.kakao.com/12411385,4000,13000,40,true,,,,,,,kakao
12820451,엘피노323,+82 2-797-3233,서울 강남구 강남대로 652 2층,06027,37.51953,127.019264,"멕시코 요리, 라틴",일 11:30~21:00 / 화 11:30~15:00 / 화 17:00~21:00 / 수 11:30~15:00 / 수 17:00~21:00 / 목 11:30~15:00 / 목 17:00~21:00 / 금 11:30~15:00 / 금 17:00~21:30 / 토 11:30~21:30,"Christian D Morales is a Korean adoptee and grew up in East Los. His Mexican grandmother “abuela” is the one from whom chef D first learned to cook traditional genuine Mexican cuisine. His restaurant El Pino 323 is named after the famous tree “El Pino” located in East Los around Boyle Heights where Chef D was raised. 323 is the area code of the same area. This is where the story of El Pino323 began-the root of his passion and love for cooking Mexican food. Also El Pino 323 offer first in Korea flour and corn tortillas both homemade and introduced famous TV show in 2017. Move to in Gangnam from Iteawon from 2022. 2hours free parking offer in building. Walking in welcome and also reservation is available app name “catch table” Delivery, take out available “coupang eats”",https://dynamic-media-cdn.tripadvisor.com/media/photo-o/32/e0/0e/ff/caption.jpg?w=200&h=-1&s=1,https://www.tripadvisor.co.kr/Restaurant_Review-g294197-d12820451-Reviews-El_Pino323-Seoul.html,85,4.4,,,,,,,,,,,,,,,,tripadvisor
13123529,할랄키친,+82 2-733-3106,서울 종로구 삼청로 86-4,03053,37.58305,126.98195,한국,일 12:00~15:00 / 일 17:00~20:00 / 월 12:00~15:00 / 월 17:00~20:00 / 수 12:00~15:00 / 수 17:00~20:00 / 목 12:00~15:00 / 목 17:00~20:00 / 금 12:00~15:00 / 금 17:00~20:00 / 토 12:00~15:00 / 토 17:00~20:00,"Halal Kitchen is a Halal Korean Restaurant for muslim tourists and foreigners who visit or stay in Korea. Hassan Lee, Korean muslim provides halal Korean foods and prayer's room for muslims. We also provide delivery service for your convenience to the location you stay. Please visit us and enjoy halal Korean foods at Hanok(Korean traditional housing style).",https://dynamic-media-cdn.tripadvisor.com/media/photo-o/32/e0/0f/4e/caption.jpg?w=100&h=-1&s=1,https://www.tripadvisor.co.kr/Restaurant_Review-g294197-d13123529-Reviews-Halal_Kitchen-Seoul.html,22,4.9,,,,,,,,,,,,,,,,tripadvisor
26286777,콘피에르,+82 70-5173-0591,서울 중구 세종대로 14 그랜드센트럴 지하 2층,,37.557877,126.97438,"프랑스 요리, 인터내셔널, 아시아 요리, 한국, 퓨전",일 12:00~21:30 / 월 12:00~21:30 / 화 12:00~21:30 / 수 12:00~21:30 / 목 12:00~21:30 / 금 12:00~21:30 / 토 12:00~21:30,"""Experience elevated Korean-French fine dining in Seoul at Confier, near Seoul Station in Jung-gu. This contemporary restaurant crafts an impressive 8-course lunch (₩65,000) and a spectacular 9-course dinner (₩98,000) using French culinary techniques applied the freshest local Korean ingredients. The open kitchen and mirrored ceilings can be admired from hall or bar seating or even private dining rooms. Located in downtown Seoul's Grand Central B2, Confier delivers an accessible yet sophisticated fine dining journey year-round with their four distinct seasonal menus.",https://dynamic-media-cdn.tripadvisor.com/media/photo-o/29/ca/e6/fe/space.jpg?w=900&h=500&s=1,https://www.tripadvisor.co.kr/Restaurant_Review-g294197-d26286777-Reviews-Confier-Seoul.html,34,4.7,,섬세한 향과 맛의 파인다이닝 여정,,1720126948,https://place.map.kakao.com/1720126948,65000,81500,2,true,,,,,,,tripadvisor
7748357,명동칼국수,+82 2-754-7403,서울 중구 세종대로14길 17-6,04526,37.56304,126.97789,"아시아 요리, 한국",월 10:00~18:00 / 화 10:00~18:00 / 수 10:00~18:00 / 목 10:00~18:00 / 금 10:00~18:00 / 토 10:00~18:00,,https://dynamic-media-cdn.tripadvisor.com/media/photo-o/32/b9/1a/b6/37fa8f9d-5dbb-42bb.jpg?w=200&h=-1&s=1,https://www.tripadvisor.co.kr/Restaurant_Review-g294197-d7748357-Reviews-Myeongdong_Kalguksu-Seoul.html,48,4.2,칼국수,정성 담은 수제 만두와 쫄깃한 칼국수,,10338250,https://place.map.kakao.com/10338250,9000,9000,7,,,,,,,,kakao
9153533,제임스치즈등갈비 홍대역8번출구점,+82 2-324-3305,서울 마포구 어울마당로 145-1,04051,37.556515,126.92605,"바, 바베큐, 한국, 펍",일 12:00~23:30 / 월 12:00~23:30 / 화 12:00~23:30 / 수 12:00~23:30 / 목 12:00~23:30 / 금 11:30~01:30 / 토 11:30~01:30,,https://dynamic-media-cdn.tripadvisor.com/media/photo-o/2b/95/04/b3/caption.jpg?w=100&h=-1&s=1&cx=900&cy=600&chk=v1_5ce8d0b4d80e3fa00d35,https://www.tripadvisor.co.kr/Restaurant_Review-g294197-d9153533-Reviews-James_Cheese_Back_Ribs_Hongdae_Station_Exit_8-Seoul.html,118,4.0,,,,,,,,,,,,,,,,tripadvisor
6352912,스와니예,+82 2-3477-9386,서울 강남구 강남대로 652 2F Sinsa Square,06027,37.51934,127.01905,"프랑스 요리, 아시아 요리, 한국, 컨템퍼러리",일 12:00~15:00 / 일 18:00~22:00 / 화 12:00~15:00 / 화 18:00~22:00 / 수 12:00~15:00 / 수 18:00~22:00 / 목 12:00~15:00 / 목 18:00~22:00 / 금 12:00~15:00 / 금 18:00~22:00 / 토 12:00~15:00 / 토 18:00~22:00,"스와니예는 '잘 만들어진', '완성도가 높은'이라는 뜻으로 이준 셰프의 모던 서울 음식을 즐길 수 있는 파인다이닝 레스토랑입니다. 2013년에 오픈하여 2016년 부터 지금까지 미쉐린 스타를 유지하고 있으며 시원하게 펼쳐진 오픈 주방이 특징입니다.",https://dynamic-media-cdn.tripadvisor.com/media/photo-o/32/e0/0d/6d/caption.jpg?w=200&h=-1&s=1,https://www.tripadvisor.co.kr/Restaurant_Review-g294197-d6352912-Reviews-Soigne_Restaurant-Seoul.html,82,4.4,,섬세한 스토리 담은 현대적 한식 코스,,1469290862,https://place.map.kakao.com/1469290862,25000,240000,3,true,,,,,,,tripadvisor
13906644,남산도담,+82 2-2272-8926,서울 중구 수표로6길 37-1,04555,37.562786,126.99229,"아시아 요리, 한국",월 11:00~22:00 / 화 11:00~22:00 / 수 11:00~22:00 / 목 11:00~22:00 / 금 11:00~22:00 / 토 11:00~22:00 / 일 11:00~22:00,"It is a Korean restaurant specializing in Kaesong Bossam, Kimchi Steam, and Makkoli. It is located near Myeongdong and Chungmuro Printed Alley and Namsan Hanok Village. It is close to Chungmuro Station 6 exit. There are many tourist hotels nearby.",https://dynamic-media-cdn.tripadvisor.com/media/photo-o/32/e0/0d/6d/caption.jpg?w=200&h=-1&s=1,https://www.tripadvisor.co.kr/Restaurant_Review-g294197-d13906644-Reviews-Namsandodam-Seoul.html,23,5.0,한식,"개성보쌈, 김치찜, 부추전, 불고기떡볶음, 소고기순두부, 막걸리전문점",일 21:00 / 월 21:00 / 화 21:00 / 수 21:00 / 목 21:00 / 금 21:00 / 토 21:00,1788524968,https://place.map.kakao.com/1788524968,3000,23500,16,true,,,,,,,kakao
34273883,육즙관리소 동대문점,,서울 을지로43길 7 1층2층,,37.567333,127.00714,"아시아 요리, 한국",,,https://dynamic-media-cdn.tripadvisor.com/media/photo-o/2a/45/df/bc/caption.jpg?w=200&h=-1&s=1&cx=1920&cy=1080&chk=v1_7caabcb80f5efce4745d,https://www.tripadvisor.co.kr/Restaurant_Review-g294197-d34273883-Reviews-Yugjeubgwanliso_dongdaemunjeom-Seoul.html,15,5.0,,,,,,,,,,,,,,,,
34112749,On:table,+82 2-3430-8585,"서울 524 Bongeunsa-ro, Gangnam District The Westin Seoul Parnas",,37.566,126.9784,"해산물, 인터내셔널, 아시아 요리",일 06:30~22:00 / 월 06:30~22:00 / 화 06:30~22:00 / 수 06:30~22:00 / 목 06:30~22:00 / 금 06:30~22:00 / 토 06:30~22:00,"Experience a sophisticated culinary feast at ON:TABLE, a premium wellness dining restaurant inspired by the rhythm of the seasons. Enjoy seasonal special menus reflecting wellness values that balance body and mind, diverse live stations, and personalized breakfast options offering a harmonious blend of tastes and experiences.",https://dynamic-media-cdn.tripadvisor.com/media/photo-o/32/31/5e/27/on-table-restaurant.jpg?w=900&h=-1&s=1,https://www.tripadvisor.co.kr/Restaurant_Review-g294197-d34112749-Reviews-On_table-Seoul.html,17,5.0,,,,,,,,,,,,,,,,tripadvisor
27789488,1955 그로서리아,+82 2-2270-3131,서울 중구 동호로 287 앰배서더 서울 풀만 호텔 1층,04618,37.560455,127.00225,"이탈리아 요리, 해산물, 유럽 요리, 아시아 요리, 한국, 델리",일 10:00~22:00 / 월 10:00~22:00 / 화 10:00~22:00 / 수 10:00~22:00 / 목 10:00~22:00 / 금 10:00~22:00 / 토 10:00~22:00,"‘1955 그로서리아’는 마켓(Grocery)과 레스토랑(Restaurant)이 결합된 국내 호텔 최초의 그로서란트 레스토랑(Grocerant Restaurant)입니다. 제철 식재료와 특산물 등 건강하고 정직한 식자재가 진열되어 있는 레스토랑 섹션에서는 식재료를 구매할 수도 있고, 전문 셰프의 손길로 조리된 특별한 요리로도 즐길 수도 있습니다. 마켓 섹션에서는 갓 구운 빵, 샤퀴테리와 치즈 등의 식료품과 하이엔드 와인, 커피와 티 세트 등 다양한 리테일 제품을 선보입니다. ‘1955 그로서리아’는 레스토랑뿐만 아니라 베이커리, 바, 그리고 그로서리 마켓까지 유기적으로 결합한 복합 식문화 공간입니다.",https://dynamic-media-cdn.tripadvisor.com/media/photo-o/12/f9/08/b1/mosquee-1.jpg?w=100&h=-1&s=1,https://www.tripadvisor.co.kr/Restaurant_Review-g294197-d27789488-Reviews-1955_Groceria-Seoul.html,27,5.0,,클래식한 품격과 여유가 흐르는 양식 공간,,1960871004,https://place.map.kakao.com/1960871004,,,,true,,,,,,,tripadvisor
8986931,하남돼지집,+82 2-557-4901,서울 언주로93길 29,,37.56221,126.9761,"바베큐, 아시아 요리, 한국",월 16:30~22:30 / 화 16:30~22:30 / 수 16:30~22:30 / 목 16:30~22:30 / 금 16:30~22:30 / 토 16:30~23:30 / 일 16:30~23:30,,https://dynamic-media-cdn.tripadvisor.com/media/photo-o/32/e0/0e/ff/caption.jpg?w=200&h=-1&s=1,https://www.tripadvisor.co.kr/Restaurant_Review-g294197-d8986931-Reviews-Hanam_Pig_House-Seoul.html,47,4.3,삼겹살,직원이 구워주는 편안한 삼겹살 맛집,,26829542,https://place.map.kakao.com/26829542,2000,17000,25,false,true,,,,,,kakao
15618168,혜화도담,+82 2-744-9850,서울 종로구 대명1길 16-6 1층,03078,37.58284,127.00047,"아시아 요리, 한국",월 11:00~22:00 / 화 11:00~22:00 / 수 11:00~22:00 / 목 11:00~22:00 / 금 11:00~22:00 / 토 11:00~22:00 / 일 11:00~22:00,"택대리네 혜화도담은 대학로에 위치한 김치찜, 갈비찜, 낙지볶음, 대파전, 막걸리를 전문으로하는 혜화동 맛집입니다. 지나치게 맵지 않고 전통적인 조리법을 적용해 압력솥에 부드럽게 익힌 돼지갈비찜과 잘 숙성된 김치를 국내산 돼지고기 앞 다리 살과 함께 푹 익혀낸 부드러움 김치찜, 대파를 한 입 크기로 썰어 바삭하게 지져낸 대파전이 '혜화도담'을 대표하는 인기 메뉴입니다. 택대리네 혜화도담은 주인장이 대학생 시절과 직장인 시절 못 먹고 다녔던지라 점심시간 한정으로 공깃밥과 반찬은 셀프바에서 마음껏 가져다 드실 수 있도록 제공 되어지고 있습니다. 혜화도담은 대학로 밥집, 혜화 맛집으로 대학로에서 활동하는 연극인들과 대학생, 인근 직장인들에게 가성비 좋은 곳으로 유명합니다. 혜화동에 왔는데 배가 많이 고프신분들, 대식가도 언제나 환영이며, 오셔서 눈치보지 마시고, 많이 드시고 배부르게 대학로를 즐기셨으면 합니다. 혜화도담은 택대리네 고기집 사장님이 같이 운영하는 곳입니다. 대학로는 언제나 많은 연극인들과 대학생, 근처 직장인들로 붐비는 곳이고, 찾는 사람들이 많은 만큼 맛집이나 술집도 곳곳에 자리 잡고 있는데 골목골목 찾기 힘든 곳에 위치해 있음에도 불구하고 입소문으로 찾아오는 손님들로 가득한 식당입니다. 남녀노소 즐기실 수 있는 메뉴들로만 구성하여 가족이나 친구들과 함께 방문하기 좋습니다. 또한, 고객이 즐겁고 직원들도 즐거운 식당을 만들자는 목표로 30대 이하 젊은 직원과 60대 이상 어르신이 함께 모여 만든 정겨운 곳입니다. 현재 택대리네는 40여명의 직원들이 키워나가고 있습니다. 신맛과 매콤한 맛이 조화로운 김치에 두툼한 돼지고기가 어우러진 김치찜은 적절한 온도의 김치 숙성과 혜화도담의 양념레시피로 고객님들께 최고의 김치찜를 제공해드립니다. 김치찜에 사용되는 돼지고기는 매일 아침 신선하게 들여와 화려한 불조절로 잡내 없이 부드럽게 푹 삶아 제공되어지고 있습니다.",https://dynamic-media-cdn.tripadvisor.com/media/photo-o/32/b9/1a/b6/37fa8f9d-5dbb-42bb.jpg?w=200&h=-1&s=1,https://www.tripadvisor.co.kr/Restaurant_Review-g294197-d15618168-Reviews-Hyehwa_Dodam-Seoul.html,18,5.0,한식,대학로에 위치한 양조장을 갖춘 갈비찜&김치찜&대파전 수제 막걸리 전문점입니다.,,497931179,https://place.map.kakao.com/497931179,2000,32000,19,,,,,,,,kakao
2635690,진 원조 보신 닭한마리 본점,+82 2-2272-2722,서울 종로구 종로5가 265-18,,37.570366,127.00584,"아시아 요리, 한국",,,https://dynamic-media-cdn.tripadvisor.com/media/photo-o/12/f9/08/b1/mosquee-1.jpg?w=100&h=-1&s=1,https://www.tripadvisor.co.kr/Restaurant_Review-g294197-d2635690-Reviews-Jin_Wonjo_Dakhanmari_Main_Store-Seoul.html,145,4.4,,담백한 국물과 부드러운 닭고기의 조화,,8085187,https://place.map.kakao.com/8085187,33000,50000,3,false,true,,,,,,
8489196,론드리프로젝트,+82 2-6405-8488,서울 용산구 신흥로 78 Laundryproject,04336,37.535812,127.08878,"자가 맥주 판매pub, 카페",월 09:00~21:00 / 화 09:00~21:00 / 수 09:00~21:00 / 목 09:00~21:00 / 금 09:00~21:00 / 토 09:00~21:00 / 일 09:00~21:00,"Eat, Play, Laundry in Seoul While doing a laundry, You can enjoy your time with Seoul's best coffee and cakes. Fresh grapefruits_ade and Lemon_ade are also good tasty. Feel with Korean young artist's works, here!",https://dynamic-media-cdn.tripadvisor.com/media/photo-o/32/0c/5b/03/caption.jpg?w=200&h=-1&s=1&cx=1200&cy=675&chk=v1_75a9e4bcf10d51b2b282,https://www.tripadvisor.co.kr/Restaurant_Review-g294197-d8489196-Reviews-Laundry_Project-Seoul.html,40,4.7,테마카페,커피향기 가득한 감성 세탁카페,,1669345099,https://place.map.kakao.com/1669345099,6000,6800,8,,,,,,true,true,kakao
4075310,모모야마,+82 2-317-7031,서울 중구 을지로 30 롯데호텔서울 본관 38층,04533,37.565414,126.981,"일본 요리, 해산물, 스시, 가이세키 요리",월 11:30~21:30 / 화 11:30~21:30 / 수 11:30~21:30 / 목 11:30~21:30 / 금 11:30~21:30 / 토 11:30~21:30 / 일 11:30~21:30,,https://dynamic-media-cdn.tripadvisor.com/media/photo-o/2b/95/04/b3/caption.jpg?w=100&h=-1&s=1&cx=900&cy=600&chk=v1_5ce8d0b4d80e3fa00d35,https://www.tripadvisor.co.kr/Restaurant_Review-g294197-d4075310-Reviews-Momoyama-Seoul.html,108,4.6,일식,도심 야경과 어우러진 정통 가이세키,일 20:00 / 월 20:00 / 화 20:00 / 수 20:00 / 목 20:00 / 금 20:00 / 토 20:00,7856128,https://place.map.kakao.com/7856128,40000,70000,6,true,,true,true,,,,kakao
13484717,대두족발,+82 2-888-3088,서울 디지털로 32길 97-6,,37.483196,126.900795,"아시아 요리, 한국, 퓨전",월 17:00~24:00 / 화 17:00~24:00 / 수 17:00~24:00 / 목 17:00~24:00 / 금 17:00~24:00 / 토 16:00~24:00 / 일 16:00~24:00,"약속드립니다. > 튀김 기름 매일 청소 후 교체 > 매일매일 삶은 A급 국내산 생족만을 사용 > 인공재료 NO! 12가지 한약재와 과일로 삶아 껍질까지 쫀득하고 풍미를 더함 > 구디 깔깔거리 입구에 위치, 오픈형 홀과 주방을 운영 ※ TV 4사 방영 > SBS 모닝 와이드 25.08.04 > SBS 생방송투데이 - 외국인의 밥상 3825 25.08.04 > 채널A 관찰카메라24 197회 21.07.14 > SBS 생방송투데이 2767회 21.02.24 > MBC 생방송 오늘저녁 962회 18.12.04. > KBS 2TV 생생정보 449회 17.11.14. ※ 다년간 개발한 씨육수로 삶은 족발로 체인업체가 아닌 구디 오직 한 곳에서만 맛 보실 수 있습니다. ※ 한번도 안 먹어본 사람은 있어도 한 번만 먹은 사람은 없는 족발, 그런 특별한 족발!! 대두에서 만듭니다!! 구로디지털단지 깔깔거리에서 3분거리입니다. 주차는 건물 바로 뒤 주차장에 편하게 주차하세요. (유료) 애플페이를 제외한 모든 간편결제 가능합니다!",https://dynamic-media-cdn.tripadvisor.com/media/photo-o/32/e0/0f/4e/caption.jpg?w=100&h=-1&s=1,https://www.tripadvisor.co.kr/Restaurant_Review-g294197-d13484717-Reviews-Daedujokbal-Seoul.html,18,5.0,"족발,보쌈",겉바속쫀 튀김족발의 새로운 발견,,1157104232,https://place.map.kakao.com/1157104232,38000,42500,20,true,,,,,,,kakao
8024262,딘타이펑 명동중앙점,+82 2-3789-2778,서울 중구 명동7길 13 증권빌딩 2층,04534,37.564564,126.98383,"중국 요리, 아시아 요리, 타이완",일 11:00~21:00 / 월 11:00~21:00 / 화 11:00~21:00 / 수 11:00~21:00 / 목 11:00~21:00 / 금 11:00~21:00 / 토 11:00~21:00,,https://dynamic-media-cdn.tripadvisor.com/media/photo-o/32/b9/1a/b6/37fa8f9d-5dbb-42bb.jpg?w=200&h=-1&s=1,https://www.tripadvisor.co.kr/Restaurant_Review-g294197-d8024262-Reviews-Din_Tai_Fung_Myeongdong_Jungang-Seoul.html,239,3.7,,진한 육즙 가득한 대만 딤섬의 향연,,22906526,https://place.map.kakao.com/22906526,15000,15000,1,,,,,,,true,tripadvisor
810850,삼원 가든 본점,+82 2-548-3030,서울 강남구 언주로 835,06023,37.524925,127.03259,"바베큐, 아시아 요리, 한국",일 17:00~21:00 / 월 17:00~22:00 / 화 17:00~22:00 / 수 17:00~22:00 / 목 17:00~22:00 / 금 17:00~22:00 / 토 17:00~22:00,"일상 속 귀한 만남이 모여 잔치가 되는 곳, 이 곳은 삼원가든입니다. 우리 민족은 예로부터 경사가 생기면 음식을 풍족하게 차리고, 손님들을 귀하게 대접하며, 기쁨을 나누고 즐기는 ‘잔치’를 열었습니다. 대한민국이 성장하면서 잔치에 더 적합한 공간이 필요했던 우리는 이 곳에서 만남을 갖기 시작했습니다. 국내외 명사를 접대하던 곳, 유수 기업들이 중요한 만남을 갖던 곳, 대한민국 시민들이 큰 경사를 위해 만남을 갖던 곳, 그 곳은 삼원가든입니다.",https://dynamic-media-cdn.tripadvisor.com/media/photo-o/32/b9/1a/b6/37fa8f9d-5dbb-42bb.jpg?w=200&h=-1&s=1,https://www.tripadvisor.co.kr/Restaurant_Review-g294197-d810850-Reviews-Samwon_Garden_Main_Store-Seoul.html,158,3.7,,정갈한 한식과 품격 있는 갈비의 만남,,19351143,https://place.map.kakao.com/19351143,65000,65000,1,true,,,,,,true,tripadvisor
4139307,경복궁 사당점,+82 2-3486-7733,서울 서초구 방배천로 11,06693,37.477654,126.98222,"바베큐, 아시아 요리, 한국, 그릴",월 11:30~22:00 / 화 11:30~22:00 / 수 11:30~22:00 / 목 11:30~22:00 / 금 11:30~22:00 / 토 11:30~22:00 / 일 11:30~22:00,,https://dynamic-media-cdn.tripadvisor.com/media/photo-o/12/f9/08/b1/mosquee-1.jpg?w=100&h=-1&s=1,https://www.tripadvisor.co.kr/Restaurant_Review-g294197-d4139307-Reviews-Kyungbokkung_Sadang-Seoul.html,53,4.5,한정식,정갈한 한정식과 아늑한 프라이빗 룸,,11496473,https://place.map.kakao.com/11496473,15000,51000,20,true,true,true,,,,,kakao
24116806,해천어부,+82 507-1497-7786,서울 종로구 수표로28길 11,03133,37.572895,126.98915,"해산물, 아시아 요리, 한국, 그릴, 다이닝 바",월 11:30~22:30 / 화 11:30~22:30 / 수 11:30~22:30 / 목 11:30~22:30 / 금 11:30~21:00 / 토 11:30~22:00 / 일 11:30~22:00,"Haecheonobu is a must-visit, famous seafood restaurant featured on numerous Korean TV shows for its unique culinary storytelling. Located in Seoul's trendy Ikseon-dong, we bring Korean mythology to life with our signature dishes like the 'Dragon King's Special Golden Lobster' and the spectacular 'Dancing Lobster,' weaving enchanting tales of the Undersea Dragon Palace and the mythical Phoenix. Skip the crowded fish markets and enjoy exceptionally fresh Live Lobster and our legendary premium seafood hot pot (Haechentang) in a sophisticated, comfortable atmosphere. If you are seeking a Michelin-level cultural and culinary journey, Haecheonobu is your ultimate destination.",https://dynamic-media-cdn.tripadvisor.com/media/photo-o/33/4e/60/23/looking-for-the-best.jpg?w=900&h=500&s=1,https://www.tripadvisor.co.kr/Restaurant_Review-g294197-d24116806-Reviews-Haecheonobu-Seoul.html,5,5.0,일식,프라이빗 룸에서 즐기는 신선한 랍스터 코스,,1913957413,https://place.map.kakao.com/1913957413,52000,128000,10,true,true,true,,,,,kakao
12276427,테판,+82 2-799-8272,서울 용산구 소월로 322 그랜드 하얏트 서울,04347,37.539524,126.99784,"해산물, 인터내셔널, 유럽 요리",일 11:30~13:00 / 일 13:30~15:00 / 일 18:00~22:00 / 월 12:00~15:00 / 월 18:00~22:00 / 화 12:00~15:00 / 화 18:00~22:00 / 수 12:00~15:00 / 수 18:00~22:00 / 목 12:00~15:00 / 목 18:00~22:00 / 금 12:00~15:00 / 금 18:00~22:00 / 토 11:30~13:00 / 토 13:30~15:00 / 토 18:00~22:00,"The perfect blend of Korean ingredients and modern expressions. Teppan expresses inspiration from Korea’s seasonal ingredients with modern imagination. Start your culinary journey through our tasting menu, showcasing the regional terroir and seasonality. Experience the sophisticated delicacy of Chef Bae Seung Hyun, who uniquely and innovatively reinterpreted the blend of tradition and modernity.",https://dynamic-media-cdn.tripadvisor.com/media/photo-o/12/f9/08/b1/mosquee-1.jpg?w=100&h=-1&s=1,https://www.tripadvisor.co.kr/Restaurant_Review-g294197-d12276427-Reviews-Teppan_Grand_Hyatt_Seoul-Seoul.html,48,4.9,,쉐프의 손끝에서 피어나는 철판 예술,,1381461764,https://place.map.kakao.com/1381461764,150000,180000,3,true,,true,,,,,tripadvisor
2428983,젤렌 이태원 본점,+82 2-749-0600,서울 용산구 이태원동 116-14 2F,,37.534996,126.99238,"유럽 요리, 동유럽 요리",일 11:30~15:00 / 일 17:30~21:00 / 월 11:30~14:30 / 월 18:00~22:00 / 화 11:30~14:30 / 화 18:00~22:00 / 수 11:30~14:30 / 수 18:00~22:00 / 목 11:30~14:30 / 목 18:00~22:00 / 금 11:30~14:30 / 금 18:00~22:00 / 토 11:30~15:00 / 토 17:30~22:00,,https://dynamic-media-cdn.tripadvisor.com/media/photo-o/32/e0/0e/ff/caption.jpg?w=200&h=-1&s=1,https://www.tripadvisor.co.kr/Restaurant_Review-g294197-d2428983-Reviews-Zelen-Seoul.html,148,4.0,,,,,,,,,,,,,,,,tripadvisor
12878725,셰프팔레트,+82 2-3451-8271,서울 강남구 봉은사로 120 르 메르디앙 서울 Lobby층,06124,37.50483,127.02722,"중국 요리, 일본 요리, 인터내셔널, 아시아 요리, 한국",일 06:00~12:00 / 월 06:00~12:00 / 화 06:00~12:00 / 수 06:00~12:00 / 목 06:00~12:00 / 금 06:00~12:00 / 토 06:00~12:00,"국내 최초 럭셔리 유럽 스타일 호텔인 르 메르디앙 서울 올데이다이닝 셰프팔레트에서 미각을 통해 유럽의 풍미를 느낄 수 있는 특별한 경험을 선보입니다. 와인과 함께 곁들일 수 있는 다양하고 고급스러운 구성으로 지중해식, 남부프랑스, 이태리의 건강한 음식여행을 즐겨보시기 바랍니다. 섬세한 기포와 신선한 과일향의 스파클링 와인을 곁들이는 Amuse Bouche(아뮤즈부쉬) 코너에는 신선한 재료들로 구성된 유럽의 전채요리를 즐기실 수 있습니다. 화이트 와인 & 레드와인과 어울리는 유럽음식의 다양함을 통해 셰프팔레트에서 더욱 깊은 유럽의 향과 맛을 경험해보세요. 야외 공간인 테라스 가든에서 꽃과 신선한 공기를 느끼시며 뷔페를 이용하실 수도 있습니다.",https://dynamic-media-cdn.tripadvisor.com/media/photo-o/32/e0/0d/6d/caption.jpg?w=200&h=-1&s=1,https://www.tripadvisor.co.kr/Restaurant_Review-g294197-d12878725-Reviews-Chef_s_Palette-Seoul.html,56,4.8,,,,,,,,,,,,,,,,tripadvisor
8677934,텍사스 데 브라질,+82 2-6282-5000,서울 서초구 사평대로 205,06545,37.503864,127.00629,"스테이크하우스, 브라질 요리, 라틴, 바베큐",일 11:00~15:00 / 일 17:30~23:00 / 월 11:00~15:00 / 월 17:30~23:00 / 화 11:00~15:00 / 화 17:30~23:00 / 수 11:00~15:00 / 수 17:30~23:00 / 목 11:00~15:00 / 목 17:30~23:00 / 금 11:00~15:00 / 금 17:30~23:00 / 토 11:00~15:00 / 토 17:30~23:00,"Texas de Brazil is no ordinary steakhouse. It’s a dining experience like no other. Here, traditions of Brazilian cooking blend with Texas hospitality to create a lively atmosphere in an upscale setting. Your meal begins with a visit to our extravagant salad area where you can indulge in a wide array of seasonal roasted vegetables, fresh artisan breads, charcuterie, imported cheeses and other specialties. Then enjoy the rodizio-style dining that has made us famous. An endless parade of gaucho servers visits your table with skewers of freshly grilled beef, lamb, pork, chicken and Brazilian sausage carved directly onto your plate. It’s all served with authentic side dishes of garlic mashed potatoes, Brazilian cheese bread and sweet fried bananas. To complement your meal, select from our award-winning collection of wines or traditional Brazilian bar creations. And don’t forget to treat yourself to one of our decadent à la carte desserts.",https://dynamic-media-cdn.tripadvisor.com/media/photo-o/12/f9/08/b1/mosquee-1.jpg?w=100&h=-1&s=1,https://www.tripadvisor.co.kr/Restaurant_Review-g294197-d8677934-Reviews-Texas_de_Brazil-Seoul.html,64,4.3,,끝없이 이어지는 브라질 바비큐 향연,,26930532,https://place.map.kakao.com/26930532,58000,68000,2,true,,,,,,true,tripadvisor
9222294,뚜레쥬르,+82 2-319-7863,서울 퇴계로 129,,,,카페,월 07:00~22:00 / 화 07:00~22:00 / 수 07:00~22:00 / 목 07:00~22:00 / 금 07:00~22:00 / 토 07:00~22:00 / 일 07:00~22:00,,https://dynamic-media-cdn.tripadvisor.com/media/photo-o/16/19/3f/f5/dsc-0170-largejpg.jpg?w=700&h=400&s=1,https://www.tripadvisor.co.kr/Restaurant_Review-g294197-d9222294-Reviews-Tous_Les_Jours-Seoul.html,33,4.0,"제과,베이커리",신선한 샌드위치와 다양한 빵의 여유,,16983183,https://place.map.kakao.com/16983183,,,,,true,,,,,,kakao
3616557,필경재,+82 2-445-2115,서울 강남구 광평로 205,06352,37.48493,127.095184,"아시아 요리, 한국",월 12:00~22:00 / 화 12:00~22:00 / 수 12:00~22:00 / 목 12:00~22:00 / 금 12:00~22:00 / 토 12:00~22:00 / 일 12:00~22:00,,https://dynamic-media-cdn.tripadvisor.com/media/photo-o/32/e0/0d/6d/caption.jpg?w=200&h=-1&s=1,https://www.tripadvisor.co.kr/Restaurant_Review-g294197-d3616557-Reviews-Philkyungjae-Seoul.html,71,4.2,한정식,고즈넉한 한옥에서 만나는 품격 한정식,,8128865,https://place.map.kakao.com/8128865,66000,160000,5,true,true,true,true,,,,kakao
4050037,인사동그집,+82 2-737-0575,서울 종로구 인사동12길 3,03146,37.574394,126.98467,"해산물, 바베큐, 한국, 건강식, 수프",,,https://dynamic-media-cdn.tripadvisor.com/media/photo-o/27/aa/37/e3/caption.jpg?w=100&h=-1&s=1&cx=700&cy=466&chk=v1_e9bb673af9773acb759b,https://www.tripadvisor.co.kr/Restaurant_Review-g294197-d4050037-Reviews-Insadong_Geu_Jib-Seoul.html,67,4.1,,,,,,,,,,,,,,,,
1892430,함흥면옥,+82 2-776-8430,서울 중구 명동2가 26-1,,37.56272,126.985466,"아시아 요리, 한국",월 11:00~20:00 / 화 11:00~20:00 / 수 11:00~20:00 / 목 11:00~20:00 / 금 11:00~20:00 / 토 11:00~20:00,,https://dynamic-media-cdn.tripadvisor.com/media/photo-o/32/e0/0e/ff/caption.jpg?w=200&h=-1&s=1,https://www.tripadvisor.co.kr/Restaurant_Review-g294197-d1892430-Reviews-Hamheung_myeonok-Seoul.html,131,4.2,냉면,담백한 육수와 쫄깃한 만두의 조화,,7871208,https://place.map.kakao.com/7871208,3800,13000,7,false,,,,,,,kakao
12804774,바81,+82 2-3213-1281,서울 송파구 올림픽로 300 롯데월드타워 81층,05551,37.512794,127.10256,"프랑스 요리, 바, 펍, 와인 바",월 17:00~24:00 / 화 17:00~24:00 / 수 17:00~24:00 / 목 17:00~24:00 / 금 17:00~00:30 / 토 17:00~00:30 / 일 17:00~24:00,"Bar 81 is an upscale champagne bar with panoramic sky view. Guests can enjoy various liquors against the backdrop of magnificent sky views with Parisian menus of chef Yannick Alleno, as well as a wide range of champagnes, wines, hard liquor, beer and cocktails.",https://dynamic-media-cdn.tripadvisor.com/media/photo-o/32/b9/1a/b6/37fa8f9d-5dbb-42bb.jpg?w=200&h=-1&s=1,https://www.tripadvisor.co.kr/Restaurant_Review-g294197-d12804774-Reviews-Bar_81-Seoul.html,23,4.5,칵테일바,81층에서 만나는 도심 속 은하수,일 23:00 / 월 23:00 / 화 23:00 / 수 23:00 / 목 23:00 / 금 23:30 / 토 23:30,259303601,https://place.map.kakao.com/259303601,,,,true,true,true,,,,,kakao
4077783,백년옥,+82 2-523-2860,서울 서초구 남부순환로 2407,06719,37.480865,127.013405,"아시아 요리, 한국",월 11:00~20:30 / 화 11:00~20:30 / 수 11:00~20:30 / 목 11:00~20:30 / 금 11:00~20:30 / 토 11:00~20:30 / 일 11:00~20:30,,https://dynamic-media-cdn.tripadvisor.com/media/photo-o/2e/4d/60/f1/caption.jpg?w=100&h=-1&s=1&cx=748&cy=500&chk=v1_38d61472f0ef3dd02be1,https://www.tripadvisor.co.kr/Restaurant_Review-g294197-d4077783-Reviews-Baengnyeonok-Seoul.html,50,4.1,두부전문점,30년 전통의 깊은 두부 맛집,,7885551,https://place.map.kakao.com/7885551,11000,15500,24,true,,,,,,,kakao
1400141,원당감자탕 명동1호점,+82 2-776-7612,서울 중구 명동9길 13,04534,37.56137,126.982925,"아시아 요리, 한국, 수프",,,https://dynamic-media-cdn.tripadvisor.com/media/photo-o/32/e0/0e/ff/caption.jpg?w=200&h=-1&s=1,https://www.tripadvisor.co.kr/Restaurant_Review-g294197-d1400141-Reviews-Onedang_Gamjatang_Myeongdong_1-Seoul.html,109,3.9,,,,,,,,,,,,,,,,
16656314,종로도담,+82 2-733-9850,서울 종로구 삼봉로 78,03158,37.57207,126.9814,"아시아 요리, 한국",월 11:00~22:00 / 화 11:00~22:00 / 수 11:00~22:00 / 목 11:00~22:00 / 금 11:00~22:00 / 토 11:00~22:00 / 일 11:00~22:00,"종로, 종각, 광화문 회사근처 낮술하기 좋은 종로도담입니다. 1층 24분 / 2층 42분 / 테라스 까지 다양한 공간을 이용하실 수 있습니다. 주차장 안내 : 주차장 이용은 (유료) 입니다. 네이버에서 '종로도담 주차장' 검색하시면 택대리네 공식 블로그에 안내 되어있습니다. 보쌈만 6년째 삶고 있는 좋은사람들과 함께 시간을 보내기 좋은 곳을 목표로 운영하고 있습니다. 택대리네 종로도담은 개성보쌈, 김치찜. 낙지볶음, 부추전, 백골뱅이무침, 흑임자고기튀김, 다양한 주류를 전문으로 하는 종로 한식당입니다. 고객이 즐겁고 직원들도 즐거운 식당을 만들자는 목표로 30대 이하 젊은 직원과 60대 이상 어르신이 함께 모여 만든 정겨운 곳입니다. 현재 택대리네는 40여명의 직원들이 키워나가고 있습니다. 종로도담은 서울 종로구에 위치한 맛집으로 종로, 종각, 광화문에서 근무하시는 직장인분들의 입소문을 거쳐 국내외 관광객들 사이에서 큰 인기를 끌고 있습니다. 종로도담의 주력 메뉴중 개성보쌈에는 개운한 묵은지, 개성보쌈특제소스, 수제 무말랭이, 정구지무침이 함께 제공되고 있으며 개성보쌈과 함께 제공되는 특제소스는 이곳의 별미로 많은 분들의 사랑을 받고 있습니다. 종로도담은 광화문역과 종각역 사이 수많은 빌딩 숲에 숨은 식당입니다. 매일 외식이 일상이 되어버린 직장인들에게 평범하고 흔하게 먹을 수 있는 집밥 컨셉으로 모임의 장소를 제공하고 있습니다. 오전 11시, 점심시간에 맞춰 오픈하기 때문에 주변 회사원들을 대상으로 영업을 하고있으며, 특히 점심 식사에는 공깃밥이 무제한이고, 동동주까지 서비스로 제공되어지고 있습니다. 종로도담은 따뜻한 집밥이 그리운 이들을 위한 식사 메뉴로 특히 점심특선으로 제공되는 김치찜은 무제한 공깃밥, 셀프막걸리 외에도 뭇국과 흑임자고기튀김이 함께 제공되어 배불리 드실 수 있도록 구성하였습니다.",https://dynamic-media-cdn.tripadvisor.com/media/photo-o/32/b9/1a/b6/37fa8f9d-5dbb-42bb.jpg?w=200&h=-1&s=1,https://www.tripadvisor.co.kr/Restaurant_Review-g294197-d16656314-Reviews-Jongro_Dodam-Seoul.html,24,4.9,한식,"현재 인사동마늘보쌈, 남산도담, 혜화도담, 숭례도담과 함께하고 있는 종로도담입니다.",,439177229,https://place.map.kakao.com/439177229,8000,28500,22,,,,,,,true,kakao
26872913,연타발 시청점,+82 2-720-9263,"서울 중구 남대문로9길 24 패스트파이브 타워, 지하1층",04522,37.567085,126.98114,"중국 요리, 일본 요리, 바베큐, 아시아 요리, 한국, 다이너",일 11:30~22:00 / 월 11:30~22:00 / 화 11:30~22:00 / 수 11:30~22:00 / 목 11:30~22:00 / 금 11:30~22:00 / 토 11:30~22:00,"The most famous menu is grilled Korean beef rib eye steak. Located in Seoul, South Korea, it is Seoul's most representative Korean beef restaurant. In a clean private room facility, you can enjoy wine and beer with beef that is grilled by table staff themselves. Feel free to contact me anytime.",https://dynamic-media-cdn.tripadvisor.com/media/photo-o/2b/07/e0/be/korean-beef-bbq.jpg?w=900&h=500&s=1,https://www.tripadvisor.co.kr/Restaurant_Review-g294197-d26872913-Reviews-Yeontabal_Seoul_Korean_Bbq-Seoul.html,30,5.0,,숯불 향 가득한 프라이빗 고기 맛집,,1717521714,https://place.map.kakao.com/1717521714,,,,true,true,true,,,,,tripadvisor
27118065,이동근,+82 2-747-2270,서울 종로구 삼일대로32가길 12-4,,37.574783,126.98859,"미국 요리, 아시아 요리, 한국, 퓨전, 건강식",월 11:30~20:00 / 화 11:30~20:00 / 수 11:30~20:00 / 목 11:30~20:00 / 금 11:30~20:00 / 토 11:30~20:00 / 일 11:30~20:00,"저희 비건인사는 고기, 생선, 계란, 유제품, 꿀 등 동물 유래 성분을 일체 사용하지 않는, 순수 식물기반 비건 식당으로, 특히 전통한국음식을 비건화하려 노력하고 있습니다.",https://dynamic-media-cdn.tripadvisor.com/media/photo-o/2b/38/f8/32/caption.jpg?w=900&h=500&s=1,https://www.tripadvisor.co.kr/Restaurant_Review-g294197-d27118065-Reviews-VEGAN_insa-Seoul.html,15,4.5,한식,"고기, 생선, 계란, 유제품, 꿀 등 동물 유래 성분을 일체 사용하지 않는 음식입니다^♡^",,750988796,https://place.map.kakao.com/750988796,2000,12000,20,true,,,,,true,,kakao
34275110,영춘갈비,,서울 마곡중강로 161-8 C동 1층 101호,,37.56883,126.82745,"바베큐, 아시아 요리, 한국",월 11:30~23:00 / 화 11:30~23:00 / 수 11:30~23:00 / 목 11:30~23:00 / 금 11:30~23:00 / 토 17:00~22:30 / 일 17:00~22:30,,https://dynamic-media-cdn.tripadvisor.com/media/photo-o/2a/e5/f0/49/caption.jpg?w=200&h=-1&s=1&cx=1920&cy=1080&chk=v1_c622715e896fae5b9553,https://www.tripadvisor.co.kr/Restaurant_Review-g294197-d34275110-Reviews-Yeongchun_Galbi-Seoul.html,21,5.0,갈비,안녕하세요! 지리산 흑돼지 숯불 양념구이 전문점 영춘갈비입니다.,일 21:00 / 월 13:30 / 월 21:30 / 화 13:30 / 화 21:30 / 수 13:30 / 수 21:30 / 목 13:30 / 목 21:30 / 금 13:30 / 금 21:30 / 토 21:00,969481794,https://place.map.kakao.com/969481794,6900,19000,9,true,,,,,,true,kakao
1485848,삼청동 수제비,+82 2-735-2965,서울 종로구 삼청동 102,,37.58458,126.98208,"아시아 요리, 한국, 수프",월 11:00~20:00 / 화 11:00~20:00 / 수 11:00~20:00 / 목 11:00~20:00 / 금 11:00~20:00 / 토 11:00~20:00 / 일 11:00~20:00,,https://dynamic-media-cdn.tripadvisor.com/media/photo-o/25/6d/03/0f/caption.jpg?w=100&h=-1&s=1&cx=1200&cy=800&chk=v1_446514ae7e3f8b724016,https://www.tripadvisor.co.kr/Restaurant_Review-g294197-d1485848-Reviews-Samcheon_dong_Sujebi-Seoul.html,145,3.9,수제비,"정성 담긴 손맛, 깊은 국물의 수제비",,13559837,https://place.map.kakao.com/13559837,10000,15500,6,true,true,true,true,,,,kakao
27936979,타이24,+82 507-1391-3150,서울 중구 명동9길 33 3층,04534,37.565247,126.98417,타이 요리,월 11:00~21:00 / 화 11:00~21:00 / 수 11:00~21:00 / 목 11:00~21:00 / 금 11:00~21:00 / 토 11:00~22:00 / 일 11:00~22:00,,https://dynamic-media-cdn.tripadvisor.com/media/photo-o/2d/41/a7/2e/caption.jpg?w=900&h=500&s=1,https://www.tripadvisor.co.kr/Restaurant_Review-g294197-d27936979-Reviews-Thai_24-Seoul.html,24,4.8,태국음식,현지 감성 가득한 태국 가정식 맛집,일 20:30 / 일 21:30 / 월 20:30 / 화 20:30 / 수 20:30 / 목 20:30 / 금 20:30 / 토 20:30 / 토 21:30,349465355,https://place.map.kakao.com/349465355,12000,17000,37,true,true,,true,,,,kakao
7748536,어반가든,+82 2-777-2254,서울 중구 정동길 12-15,04516,,,이탈리아 요리,월 11:00~22:00 / 화 11:00~22:00 / 수 11:00~22:00 / 목 11:00~22:00 / 금 11:00~22:00 / 토 10:30~22:00 / 일 11:00~21:00,"어반가든은 전원의 안식과 풍요를 그리워하는 도시인들을 위해 자연을 담은 정원 레스토랑입니다. 도심 속 자연 정원에서의 한가로운 산책과 함께 일상의 작은 여유를 행복으로 채우는 이야기들... 자연과 문화를 사랑하는 사람이면 누구나 찾고 싶은 어반가든은 사계절 내내 꽃과 나무, 은은한 음악, 영혼을 살찌우는 좋은 책을 만나는 곳입니다.",https://dynamic-media-cdn.tripadvisor.com/media/photo-o/2c/86/7d/ef/caption.jpg?w=900&h=-1&s=1,https://www.tripadvisor.co.kr/Restaurant_Review-g294197-d7748536-Reviews-Urban_Garden-Seoul.html,64,4.7,"스테이크,립",※ 반려동물 동반 가능 (플라워샵과 힐링가든만 가능 / 예약필수),,15982071,https://place.map.kakao.com/15982071,16000,25750,20,,,,,,true,true,kakao
27799389,Vegan Kitchen,+82 2-777-8819,"서울 21 Toegye-ro 20-gil, Jung-gu",04629,37.5586,126.986725,"아시아 요리, 한국",월 10:00~22:00 / 화 10:00~22:00 / 수 10:00~22:00 / 목 10:00~22:00 / 금 10:00~22:00 / 토 10:00~22:00 / 일 10:00~22:00,,https://dynamic-media-cdn.tripadvisor.com/media/photo-o/2c/66/ce/59/caption.jpg?w=900&h=-1&s=1,https://www.tripadvisor.co.kr/Restaurant_Review-g294197-d27799389-Reviews-Vegan_Kitchen-Seoul.html,18,4.8,샐러드,다양한 비건 한식의 따뜻한 맛집,,142472038,https://place.map.kakao.com/142472038,7000,10000,18,,true,,true,,,,kakao
13128200,WXYZ바,+82 2-2084-1021,서울 중구 남대문로 56 알로프트 서울 명동 2층,04535,37.562374,126.9816,"바, 카페, 인터내셔널, 펍, 와인 바",월 14:00~22:00 / 화 14:00~22:00 / 수 14:00~22:00 / 목 14:00~22:00 / 금 11:00~22:00 / 토 11:00~22:00 / 일 11:00~22:00,"가볍게 먹을 수 있는 샐러드, 간단한 커리 류부터 파스타와 볶음밥, 1등급 한우로 만든 스테이크 등 허기진 배를 든든하게 채워줄 요리들이 늦은 밤 11시까지 준비됩니다. 바에서는 클래식 칵테일과 시그니처 칵테일을 비롯해 싱글 몰트, 버번 등의 위스키와 보드카, 럼, 진, 샴페인 등 요리와 함께 즐기기 좋은 다채로운 주종을 즐길 수 있습니다. 술의 즐거움을 극대화 시켜주는 엄선된 메뉴가 함께 준비됩니다.",https://dynamic-media-cdn.tripadvisor.com/media/photo-o/32/e0/0e/ff/caption.jpg?w=200&h=-1&s=1,https://www.tripadvisor.co.kr/Restaurant_Review-g294197-d13128200-Reviews-W_Xyz_Bar-Seoul.html,65,4.8,칵테일바,,,1861485407,https://place.map.kakao.com/1861485407,,,,,,,,,,,kakao
34273910,우미학 아이파크몰 고척점,+82 2-3017-4671,서울 경인로43길 49 D동 2층,,37.499077,126.85901,스테이크하우스,일 11:00~22:00 / 월 11:00~22:00 / 화 11:00~22:00 / 수 11:00~22:00 / 목 11:00~22:00 / 금 11:00~22:00 / 토 11:00~22:00,,https://dynamic-media-cdn.tripadvisor.com/media/photo-o/32/f9/31/74/caption.jpg?w=900&h=500&s=1,https://www.tripadvisor.co.kr/Restaurant_Review-g294197-d34273910-Reviews-Umihag_aipakeumol_gocheogjeom-Seoul.html,15,5.0,,직원 구이로 즐기는 프라이빗 한우 맛집,,739244937,https://place.map.kakao.com/739244937,89000,89000,1,true,true,true,true,,,,tripadvisor
4050241,페르시아 궁전,+82 2-763-6050,서울 종로구 성균관로6길 9,03074,37.58487,126.997536,"중동 요리, 페르시아",,,https://dynamic-media-cdn.tripadvisor.com/media/photo-o/0d/bf/35/37/caption.jpg?w=900&h=500&s=1,https://www.tripadvisor.co.kr/Restaurant_Review-g294197-d4050241-Reviews-Persian_Palace-Seoul.html,23,4.5,,,,,,,,,,,,,,,,
27789471,하오빈,+82 2-2270-3141,"서울 287 Dongho-ro, Jung-gu 2F Ambassador Seoul - Pullman Hotel",04618,37.56018,127.002396,중국 요리,월 11:30~22:00 / 화 11:30~22:00 / 수 11:30~22:00 / 목 11:30~22:00 / 금 11:30~22:00 / 토 11:30~22:00 / 일 11:30~22:00,"미쉐린 가이드 서울 2024 ㆍ2025 1스타에 2년 연속 선정된 '호빈'은 정통 중식의 대가 후덕죽 마스터 셰프의 음식과 건강이 함께한다는 의식 동원의 철학을 담아 몸에 활기를 북돋는 요리로 구성된 다양한 코스 및 단품 메뉴를 선보입니다. 귀한 손님이라는 의미를 담은 전통 중식 퀴진으로 최고의 식재료로 엄선하여 만든 보양식을 합리적인 가격에 즐길 수 있습니다.
메인 홀과 더불어 다양한 크기와 인원수를 수용할 수 있는 프라이빗 룸을 제공함으로써 비즈니스 미팅, 가족 모임 등 소중한 시간을 보내기에 최적의 공간을 선사합니다.",https://dynamic-media-cdn.tripadvisor.com/media/photo-o/12/f9/08/b1/mosquee-1.jpg?w=100&h=-1&s=1,https://www.tripadvisor.co.kr/Restaurant_Review-g294197-d27789471-Reviews-Haobin-Seoul.html,25,5.0,중국요리,고요한 남산뷰 품은 정통 광둥요리,일 14:00 / 일 21:00 / 월 14:00 / 월 21:00 / 화 14:00 / 화 21:00 / 수 14:00 / 수 21:00 / 목 14:00 / 목 21:00 / 금 14:00 / 금 21:00 / 토 14:00 / 토 21:00,174778252,https://place.map.kakao.com/174778252,31000,120000,23,true,true,true,,,,,kakao
3694381,"코너스톤, 파크 하얏트 서울",+82 2-2016-1235,서울 강남구 테헤란로 606 파크 하얏트 서울 2층,06174,37.50858,127.06416,이탈리아 요리,월 06:30~22:00 / 화 06:30~22:00 / 수 06:30~22:00 / 목 06:30~22:00 / 금 06:30~22:00 / 토 06:30~22:00 / 일 06:30~22:00,"[공지사항] 파크 하얏트 서울은 고객님과 직원의 안전과 웰빙을 항상 최우선 순위로 두고 있습니다. 코너스톤을 포함한 저희 호텔은 코로나바이러스감염증-19 상황을 고려하여 임시 휴장을 실시합니다. 추후 공지 시까지 예약을 받지 않사오니 문의사항이 있으신 경우 호텔로 직접 연락 주시거나, 거주 지역과 가장 가까운 곳의 하얏트 글로벌 컨택 센터로 연락하여 주십시오. 본 상황에 관한 추가적인 질문은 질병관리본부(KCDC)로 직접 해주시기 바랍니다.",https://dynamic-media-cdn.tripadvisor.com/media/photo-o/32/e0/0f/4e/caption.jpg?w=100&h=-1&s=1,https://www.tripadvisor.co.kr/Restaurant_Review-g294197-d3694381-Reviews-Cornerstone_Park_Hyatt_Seoul-Seoul.html,90,4.3,이탈리안,통유리 너머 펼쳐진 동서양의 조화,일 21:00 / 월 21:00 / 화 21:00 / 수 21:00 / 목 21:00 / 금 21:00 / 토 21:00,8565305,https://place.map.kakao.com/8565305,58000,109000,6,true,true,true,,,,,kakao
8973566,일편등심,+82 2-6212-1092,서울 홍익로6길 52,04050,,,"바베큐, 아시아 요리, 한국, 그릴",월 12:00~24:00 / 화 12:00~24:00 / 수 12:00~24:00 / 목 12:00~24:00 / 금 00:00~24:00 / 토 12:00~24:00 / 일 12:00~24:00,"최고급 한우 전문점 '일편등심'입니다. 지난 10년 동안 ""맛집전쟁터"" 홍대에서 고객님들의 사랑을 받아왔습니다. 최고의 그릴링 기술로 가장 맛있는 한우를 굽는 것이 저희의 노하우입니다. 또한 최고 수준의 고객 관리를 제공합니다. 감사합니다. We are 'Ilpyeon Deungsim,' a specialty restaurant dedicated to the finest Hanwoo(Korean beef). Over the past decade, we've been cherished by customers in Hongdae, where many good restaurants compete. Our expertise lies in grilling the most delicious Hanwoo using the finest techniques. Additionally, we provide top-tier customer care. Thank you. 大家好！我们是在宏大最好吃的高级韩牛肉店，是“美食店战场”中10年间接受关注的“一片里脊”。服务员提供最好吃的烤程度，也提供最高级的服务。谢谢大家的关注！",https://dynamic-media-cdn.tripadvisor.com/media/photo-o/29/f2/82/a3/caption.jpg?w=900&h=500&s=1,https://www.tripadvisor.co.kr/Restaurant_Review-g294197-d8973566-Reviews-Ilpyeon_Deungsim-Seoul.html,9,4.8,"육류,고기",최상급 한우를 맛볼 수 있는 홍대 소고기 맛집 일편등심입니다.,일 23:00 / 월 23:00 / 화 23:00 / 수 23:00 / 목 23:00 / 금 23:00 / 토 23:00,24643017,https://place.map.kakao.com/24643017,8000,38800,15,true,,,,,,,kakao
9318965,파크카페,+82 2-2090-8000,서울 영등포구 여의대로 8 매리엇 이그제큐티브 아파트먼트 여의도파크센터,07320,37.52104,126.91847,"미국 요리, 바, 카페, 인터내셔널, 펍, 건강식",월 07:00~22:00 / 화 07:00~22:00 / 수 07:00~22:00 / 목 07:00~22:00 / 금 07:30~21:30 / 토 07:00~22:00 / 일 07:00~22:00,셰프가 엄선한 신선하고 지속가능한 재료로 완성한 혁신적인 컨템퍼러리 파인 다이닝이 여의도공원의 푸른 전경과 어우러집니다. 녹음이 파노라마처럼 펼쳐지는 여섯 개의 프라이빗 다이닝룸은 비즈니스와 기념일에 품격과 스타일을 더합니다. 감각적인 바에서는 석양에 물드는 여의도의 풍경과 함께 특별한 여유를 누리실 수 있습니다.,https://dynamic-media-cdn.tripadvisor.com/media/photo-o/1d/50/57/2d/caption.jpg?w=100&h=-1&s=1&cx=1728&cy=1152&chk=v1_c3b95e04b02f1c246e25,https://www.tripadvisor.co.kr/Restaurant_Review-g294197-d9318965-Reviews-Park_Cafe-Seoul.html,82,4.6,양식,,,13050028,https://place.map.kakao.com/13050028,25000,35000,23,true,,,,,,true,kakao
1485843,전통 다원,+82 2-730-6305,서울 종로구 인사동10길 11-4 경인 미술관 내,,37.57452,126.98559,카페,,,https://dynamic-media-cdn.tripadvisor.com/media/photo-o/32/e0/0f/4e/caption.jpg?w=100&h=-1&s=1,https://www.tripadvisor.co.kr/Restaurant_Review-g294197-d1485843-Reviews-Jeontong_Dawon-Seoul.html,94,4.2,,,,,,,,,,,,,,,,
10085211,야마뜨,+82 2-3144-6845,서울 마포구 어울마당로5길 25-10,04047,37.549084,126.91885,프랑스 요리,화 18:30~02:00 / 수 18:30~02:00 / 목 18:30~02:00 / 금 18:30~02:00 / 토 18:30~02:00,,https://dynamic-media-cdn.tripadvisor.com/media/photo-o/11/a2/ae/dd/photo0jpg.jpg?w=900&h=500&s=1,https://www.tripadvisor.co.kr/Restaurant_Review-g294197-d10085211-Reviews-Yec_hed_Mat-Seoul.html,35,4.9,,프랑스 골목 감성 가득한 갈레뜨와 와인,,27508566,https://place.map.kakao.com/27508566,13000,13000,3,,,,,,,,tripadvisor
13347473,삼봉도담 - 칼국수,+82 50-71379-0443,서울 우정국로 45-5 1층,,37.57299,126.9825,"한국, 퓨전",월 11:00~22:00 / 화 11:00~22:00 / 수 11:00~22:00 / 목 11:00~22:00 / 금 11:00~22:00 / 토 11:00~22:00 / 일 11:00~22:00,"칼국수 & 뭉텅이 앞다리살 보쌈 맛집 삼봉도담 조계사 뒤편, 종각역 근처의 아늑한 골목 속 전통적인 감성을 느낄 수 있는 식당으로, 칼국수와 보쌈이 맛있는 인사동 골목 깊숙이 자리 잡은 맛집입니다. [한우사골 닭육수 칼국수] 매일 신선한 재료로 4시간 이상 푹 우려낸 진한 닭육수, 쫄깃한 면발, 감칠맛 나는 특제 고명이 어우러진 깊고 진한 맛을 즐길 수 있습니다. 순한 맛 그대로 즐기거나, 직접 만든 다대기를 더해 칼칼하게 즐길 수 있습니다. [수육] 탱글한 껍데기, 부드러운 고기, 적당한 지방이 조화를 이룬 촉촉한 수육 한 점 김치와 함께 먹으면 막걸리가 절로 생각나는 환상적인 조합입니다. 매일 아침 정성껏 준비한 신선한 닭과 김치 등 모든 재료를 엄선하여 조리하며, 종각역 인근에서 찾을 수 있는 최고의 맛을 드리고 있습니다. 맛간장을 이용한 다대기의 시원하고 매콤한 맛이 칼국수와 잘 어우러져 남녀노소 모두가 즐길 수 있는 식당으로 운영하고 있습니다. 조계사와 종각역 근처에서 깊고 진한 국물 한 그릇으로 속까지 따뜻해지는 특별한 경험을 원하신다면, 인사동 칼국수 전문 맛집 삼봉도담에서 그 맛을 직접 느껴보세요!",https://dynamic-media-cdn.tripadvisor.com/media/photo-o/32/e0/0e/ff/caption.jpg?w=200&h=-1&s=1,https://www.tripadvisor.co.kr/Restaurant_Review-g294197-d13347473-Reviews-Sambong_Dodam_Kalguksu-Seoul.html,37,4.7,한식,진한 육수와 부드러운 보쌈의 조화,,1551755310,https://place.map.kakao.com/1551755310,5000,11000,20,,,,,,,,kakao
1522880,명월관,+82 2-450-4595,서울 광진구 워커힐로 177 그랜드워커힐서울,04963,37.552933,127.11045,"바베큐, 아시아 요리, 한국",,,https://dynamic-media-cdn.tripadvisor.com/media/photo-o/28/6c/00/60/caption.jpg?w=100&h=-1&s=1&cx=945&cy=708&chk=v1_ed453c98673a281c4906,https://www.tripadvisor.co.kr/Restaurant_Review-g294197-d1522880-Reviews-Myongwolgwan-Seoul.html,64,4.3,,,,759733511,https://place.map.kakao.com/759733511,,,,,,,,,,,
26719651,Niroumianguan,+82 70-4213-5678,서울 75-2 Cheonggyecheon-ro Jongno-gu,,37.51502,127.01647,"중국 요리, 아시아 요리",일 11:00~22:00 / 월 11:00~22:00 / 화 11:00~22:00 / 수 11:00~22:00 / 목 11:00~22:00 / 금 11:00~22:00 / 토 11:00~22:00,,https://dynamic-media-cdn.tripadvisor.com/media/photo-o/2a/83/5d/d3/caption.jpg?w=900&h=500&s=1,https://www.tripadvisor.co.kr/Restaurant_Review-g294197-d26719651-Reviews-Niroumianguan-Seoul.html,10,4.7,,,,,,,,,,,,,,,,tripadvisor
12272097,미쓰족발,+82 2-6361-8799,서울 중구 남대문로 78,04534,37.56441,126.98337,"아시아 요리, 한국",일 11:00~03:00 / 월 11:00~03:00 / 화 11:00~03:00 / 수 11:00~03:00 / 목 11:00~03:00 / 금 11:00~03:00 / 토 11:00~03:00,"미쓰족발의 맛은 담백한 맛과 감칠맛이 깊이가 있어 끝까지 드셔도 물리지 않으며, 이 맛은 짧은 시간에 모방하거나 흉내 낼 수 없습니다. 본사의 철저한 위생 및 냉장 시스템을 바탕으로 얼리지 않은 100%국내산 생족을 공급하고 있으며, 30년간 하루도 거르지 않고 매일매일 정성스레 족발을 삶아 유지하고 있은 원육수의 맛에 노하우가 있습니다.",https://dynamic-media-cdn.tripadvisor.com/media/photo-o/32/e0/0d/6d/caption.jpg?w=200&h=-1&s=1,https://www.tripadvisor.co.kr/Restaurant_Review-g294197-d12272097-Reviews-Myth_Jokbal-Seoul.html,53,4.2,,,,,,,,,,,,,,,,tripadvisor
3572888,부자피자,+82 2-794-9474,서울 용산구 이태원로55가길 28,04348,37.5372,127.000015,"이탈리아 요리, 피자",수 11:00~21:20 / 목 11:00~21:20 / 금 11:00~21:20 / 토 11:00~21:20 / 일 11:00~21:20,,https://dynamic-media-cdn.tripadvisor.com/media/photo-o/32/b9/1a/b6/37fa8f9d-5dbb-42bb.jpg?w=200&h=-1&s=1,https://www.tripadvisor.co.kr/Restaurant_Review-g294197-d3572888-Reviews-Pizzeria_d_Buzza-Seoul.html,148,4.1,피자,화덕에서 피어나는 쫀득한 도우의 매력,일 20:50 / 수 20:50 / 목 20:50 / 금 20:50 / 토 20:50,21212902,https://place.map.kakao.com/21212902,8000,15300,10,true,,,,,,,kakao
12631150,잘빠진메밀 익선동점,+82 70-4531-1214,서울 종로구 율곡로8길 73,03134,37.574005,126.99145,"아시아 요리, 한국",월 11:00~21:30 / 화 11:00~21:30 / 수 11:00~21:30 / 목 11:00~21:30 / 금 11:00~21:00 / 토 11:00~21:30 / 일 11:00~21:00,We are serving korean traditional food . Espesially focus on buckwheat dishes noddles pancake craker and ten type of makgilli.,https://dynamic-media-cdn.tripadvisor.com/media/photo-o/32/e0/0d/6d/caption.jpg?w=200&h=-1&s=1,https://www.tripadvisor.co.kr/Restaurant_Review-g294197-d12631150-Reviews-Jalppajin_Ikseon-Seoul.html,31,4.9,국수,한옥 감성 속 메밀의 깊은 풍미,,378458912,https://place.map.kakao.com/378458912,6000,12000,12,,,,,,,,kakao
33409890,스시도쿠 엔 고덕이케아점,,서울 Godeok-dong Gangdong-gu,05203,37.56688,127.157234,"일본 요리, 스시",일 23:00~21:00 / 월 23:00~21:00 / 화 23:00~21:00 / 수 23:00~21:00 / 목 23:00~21:00 / 금 23:00~21:00 / 토 23:00~21:00,,https://dynamic-media-cdn.tripadvisor.com/media/photo-o/28/4a/38/f0/caption.jpg?w=200&h=-1&s=1&cx=1920&cy=1080&chk=v1_32731f4d6cc7594ff2f8,https://www.tripadvisor.co.kr/Restaurant_Review-g294197-d33409890-Reviews-Seoul.html,13,5.0,,,,,,,,,,,,,,,,tripadvisor
34273249,램투램,+82 10-8630-1888,서울 가산디지털1로 233 101호,08501,37.48594,126.87848,"중국 요리, 바베큐, 아시아 요리, 한국, 그릴",월 11:00~22:00 / 화 11:00~22:00 / 수 11:00~22:00 / 목 11:00~22:00 / 금 11:00~22:00 / 토 11:00~22:00,"램투램은 서울 금천구 가산디지털단지에서 직접 손질한 램 양갈비를 숯불에 굽는 양고기 전문점입니다. 대표 메뉴는 숄더랙, 양삼겹구이, 양등심, 양꼬치이며, 처음 오신 분도 편하게 드실 수 있도록 굽기와 주문 구성을 안내해드립니다. 퇴근 후 식사, 직장인 회식, 단체 모임에 어울리는 2인·3인·4인 세트가 준비되어 있습니다. 점심에는 진특곰탕과 보양곰탕으로 든든한 한 끼를 드실 수 있고, 매콤오징어튀김과 꿔보러우 같은 사이드 메뉴도 함께 즐기실 수 있습니다. 가산디지털단지역 인근에 있으며, 건물 내 주차가 가능하고 식사 고객은 주차 지원을 도와드립니다.",https://dynamic-media-cdn.tripadvisor.com/media/photo-o/32/e0/0f/4e/caption.jpg?w=100&h=-1&s=1,https://www.tripadvisor.co.kr/Restaurant_Review-g294197-d34273249-Reviews-Laemtulaem-Seoul.html,22,5.0,양꼬치,램투램 - 금천구 가산디지털단지 직장인들의 따뜻한 힐링 양갈비 맛집,,4995485,https://place.map.kakao.com/4995485,1000,13900,20,true,,,,,,true,kakao
13923426,봄베그릴 이태원점,+82 2-792-7155,서울 용산구 우사단로10길 11 2층,04405,37.53316,126.99622,"인도 요리, 아시아 요리, 파키스탄",일 11:00~22:00 / 월 11:00~22:00 / 화 11:00~22:00 / 수 11:00~22:00 / 목 11:00~22:00 / 금 11:00~22:00 / 토 11:00~22:00,This is Authentic and Halal Indian restaurant for Tourists. We are welcome Vegetarian guests also,https://dynamic-media-cdn.tripadvisor.com/media/photo-o/32/e0/0d/6d/caption.jpg?w=200&h=-1&s=1,https://www.tripadvisor.co.kr/Restaurant_Review-g294197-d13923426-Reviews-Bombay_Grill_Itaewon-Seoul.html,66,4.6,,,,24068218,https://place.map.kakao.com/24068218,,,,,,,,,,,tripadvisor
12719317,더 마켓 키친,+82 2-6388-5500,서울 종로구 새문안로 97 포시즌스 호텔,03183,37.570652,126.9757,아시아 요리,일 06:30~10:30 / 일 11:30~15:00 / 일 17:00~21:30 / 월 06:30~10:30 / 월 11:30~14:30 / 월 17:30~21:30 / 화 06:30~10:30 / 화 11:30~14:30 / 화 17:30~21:30 / 수 06:30~10:30 / 수 11:30~14:30 / 수 17:30~21:30 / 목 06:30~10:30 / 목 11:30~14:30 / 목 17:30~21:30 / 금 06:30~10:30 / 금 11:30~14:30 / 금 17:30~21:30 / 토 06:30~10:30 / 토 11:30~15:00 / 토 17:00~21:30,"유럽의 활기찬 시장 골목을 연상하는 곳으로, 세계 각국의 요리와 다양한 맛을 생생하게 만날 수 있는 뷔페입니다. 라이브 쿠킹 스테이션에서 주문한 메뉴는 모두 즉석에서 준비해 드립니다.",https://dynamic-media-cdn.tripadvisor.com/media/photo-o/1d/50/57/2d/caption.jpg?w=100&h=-1&s=1&cx=1728&cy=1152&chk=v1_c3b95e04b02f1c246e25,https://www.tripadvisor.co.kr/Restaurant_Review-g294197-d12719317-Reviews-The_Market_Kitchen-Seoul.html,48,4.2,,유럽 시장 감성의 고급 뷔페 여행,,27344869,https://place.map.kakao.com/27344869,77000,175000,4,true,,,,,,,tripadvisor
4078432,홍콩반점0410 명동점,+82 2-778-0410,서울 중구 명동10길 14,04536,37.56329,126.985245,"중국 요리, 아시아 요리, 한국",월 11:30~21:00 / 화 11:30~21:00 / 수 11:30~21:00 / 목 11:30~21:00 / 금 11:30~21:00 / 토 11:30~21:00 / 일 11:30~21:00,,https://dynamic-media-cdn.tripadvisor.com/media/photo-o/32/e0/0e/ff/caption.jpg?w=200&h=-1&s=1,https://www.tripadvisor.co.kr/Restaurant_Review-g294197-d4078432-Reviews-Hong_Kong_Banjeom_0410_Myeongdong-Seoul.html,66,4.2,중국요리,빠르고 깔끔한 중식 한 끼의 여유,,10970067,https://place.map.kakao.com/10970067,,,,false,true,,,,,,kakao
12728511,빠리가옥,+82 2-6083-1626,서울 종로구 수표로28길 33-4,03133,37.573338,126.99027,"프랑스 요리, 자가 맥주 판매pub, 와인 바",월 11:30~22:00 / 화 11:30~22:00 / 수 11:30~22:00 / 목 11:30~22:00 / 금 11:30~22:00 / 토 11:30~22:00 / 일 11:30~22:00,요즘 핫한 서울 익선동 한옥마을에서 만나는 진짜 프랑스 가정식,https://dynamic-media-cdn.tripadvisor.com/media/photo-o/32/e0/0f/4e/caption.jpg?w=100&h=-1&s=1,https://www.tripadvisor.co.kr/Restaurant_Review-g294197-d12728511-Reviews-Maison_de_Paris-Seoul.html,38,4.4,양식,한옥과 프렌치의 감성 조화,일 21:30 / 월 14:30 / 월 21:30 / 화 14:30 / 화 21:30 / 수 14:30 / 수 21:30 / 목 14:30 / 목 21:30 / 금 14:30 / 금 21:30 / 토 21:30,835373645,https://place.map.kakao.com/835373645,7000,19000,18,,,,,,true,true,kakao
7930515,울프강스테이크하우스코리아,+82 2-556-8700,서울 강남구 선릉로152길 21,06016,37.524384,127.04134,"미국 요리, 스테이크하우스",일 11:30~23:00 / 월 11:30~23:00 / 화 11:30~23:00 / 수 11:30~23:00 / 목 11:30~23:00 / 금 11:30~23:00 / 토 11:30~23:00,"울프강 스테이크하우스는 울프강 즈위너(Wolfgang Zwiener)가 설립한 스테이크하우스로, 뉴욕 최고의 스테이크하우스로 손꼽히는 곳이다. 뉴욕의 5개 지점(파크애비뉴, 타임스퀘어, 트라이베카, 미드타운 이스트, 46번가)을 비롯해 비버리 힐즈, 마이애미, 하와이 와이키키, 뉴저지, 도쿄, 오사카 등 13개의 지점을 두고 있으며, 이번에 오픈한 울프강 스테이크하우스 청담점은 세계에서 11번째, 아시아에서는 일본에 이어 두 번째 지점이다.또한 스테이크하우스에 미국 소고기 중 3%만이 해당하는 USDA 프라임 블랙 앵거스 품종의 소고기를 뉴욕 현지와 동일한 컨디션으로 특수 제작된 숙성실에서 28일간 숙성을 거친 후 고객에게 제공된다.",https://dynamic-media-cdn.tripadvisor.com/media/photo-o/32/e0/0e/ff/caption.jpg?w=200&h=-1&s=1,https://www.tripadvisor.co.kr/Restaurant_Review-g294197-d7930515-Reviews-Wolfgang_s_Steakhouse_Korea-Seoul.html,85,3.9,,클래식 우드톤의 고급 스테이크 다이닝,,26572124,https://place.map.kakao.com/26572124,120000,230000,4,true,,,,,,true,tripadvisor
2372525,인도음식점 타지,+82 2-776-0677,서울 중구 명동1가 1-3 YWCA 빌딩 Page Myeongdong 2F,04538,37.564156,126.98631,인도 요리,일 11:30~20:00 / 화 11:30~14:00 / 화 17:30~20:30 / 수 11:30~14:00 / 수 17:30~20:30 / 목 11:30~14:00 / 목 17:30~20:30 / 금 11:30~14:00 / 금 17:30~20:30 / 토 11:30~20:00,,https://dynamic-media-cdn.tripadvisor.com/media/photo-o/32/e0/0e/ff/caption.jpg?w=200&h=-1&s=1,https://www.tripadvisor.co.kr/Restaurant_Review-g294197-d2372525-Reviews-TAJ_Tase_of_India_Myeongdong_Store-Seoul.html,104,4.1,,명동성당 뷰와 함께하는 인도 정통 커리,,42222494,https://place.map.kakao.com/42222494,22000,24000,4,true,,,,,,true,tripadvisor
6208070,명동 피자,+82 2-777-8979,서울 중구 충무로1가 22-2 4F,04537,37.56216,126.985695,"이탈리아 요리, 피자, 유럽 요리",월 11:00~21:00 / 화 11:00~21:00 / 수 11:00~21:00 / 목 11:00~21:00 / 금 11:00~21:00 / 토 11:00~21:00 / 일 11:00~21:00,,https://dynamic-media-cdn.tripadvisor.com/media/photo-o/12/f9/08/b1/mosquee-1.jpg?w=100&h=-1&s=1,https://www.tripadvisor.co.kr/Restaurant_Review-g294197-d6208070-Reviews-Myeongdong_Pizza-Seoul.html,40,4.2,피자,치즈가 흐르는 감각적인 화덕피자,,19409195,https://place.map.kakao.com/19409195,14900,19500,30,,,,,,,,kakao
7905830,더 스퀘어,+82 2-531-6618,서울 강남구 봉은사로 130 노보텔 앰배서더 서울 강남 2층,06124,37.50566,127.0287,"일본 요리, 인터내셔널, 아시아 요리, 한국, 그릴, 퓨전",월 06:30~10:30 / 화 06:30~10:30 / 수 06:30~21:00 / 목 06:30~21:00 / 금 06:30~21:00 / 토 06:30~21:00 / 일 06:30~21:00,"세계적 명성의 '윌슨 어소시에이츠 (Wilson Associates)'가 디자인 설계한 뷔페 레스토랑 '더 스퀘어'는 모던하고 깔끔한 인테리어에 넓은 홀 공간과 각종 모임을 위한 별실을 갖추고 있으며, 고객이 조리 과정을 직접 볼 수 있는 그릴 코너, 파스타 코너, 스시 코너 등 즉석 요리를 제공하는 오픈 키친을 자랑합니다.

한식, 일식, 중식, 양식 등 세계 각국의 다양한 미식 요리를 한 자리에서 만끽할 수 있는 세계 요리의 광장 '더 스퀘어'는 편안한 분위기에서 즐기는 비즈니스 모임이나 가족 모임에 최적의 장소로 아침, 점심, 저녁 1일 3회 운영됩니다.",https://dynamic-media-cdn.tripadvisor.com/media/photo-o/32/e0/0e/ff/caption.jpg?w=200&h=-1&s=1,https://www.tripadvisor.co.kr/Restaurant_Review-g294197-d7905830-Reviews-The_Square-Seoul.html,52,4.3,뷔페,프렌치 감성 가득한 고품격 호텔 뷔페,,8251092,https://place.map.kakao.com/8251092,35000,62000,8,true,true,true,true,,,,kakao
25306508,군자대한곱창 명동점,+82 10-8351-8126,"서울 18-1, Myeongdong 7-gil, Jung-gu",04534,37.564552,126.984406,"바베큐, 한국, 그릴, 다이너, 토착 음식",월 11:00~02:00 / 화 11:00~02:00 / 수 11:00~02:00 / 목 11:00~02:00 / 금 11:00~02:00 / 토 11:00~02:00 / 일 11:00~02:00,MBC '나혼자산다' 화사 곱창 먹방의 바로 그 곱창집!! 20년 동안 한결같은 곱창을 선보이는 대한민국 no.1 곱창브랜드! 군자대한곱창은 언제나 이 시간이 행복할 수 있도록 맛있는 시간을 선물합니다 :),https://dynamic-media-cdn.tripadvisor.com/media/photo-o/32/e0/0e/ff/caption.jpg?w=200&h=-1&s=1,https://www.tripadvisor.co.kr/Restaurant_Review-g294197-d25306508-Reviews-Gunja_Daehan_Gopchang_Myeongdong-Seoul.html,25,4.8,"곱창,막창",MBC '나혼자산다'화사 곱창 먹방의 바로 그 곱창집! 대한민국 no.1 곱창브랜드,,2135670348,https://place.map.kakao.com/2135670348,4000,17900,13,,,,,,,true,kakao
8786818,갓덴스시,+82 2-2051-1477,서울 강남구 테헤란로 109,06134,37.49869,127.02919,"일본 요리, 해산물, 스시, 아시아 요리",월 11:00~21:30 / 화 11:00~21:30 / 수 11:00~21:30 / 목 11:00~21:30 / 금 11:00~21:30 / 토 11:00~21:30 / 일 11:00~21:30,,https://dynamic-media-cdn.tripadvisor.com/media/photo-o/32/e0/0f/4e/caption.jpg?w=100&h=-1&s=1,https://www.tripadvisor.co.kr/Restaurant_Review-g294197-d8786818-Reviews-Gatten_Sushi-Seoul.html,44,4.2,"초밥,롤",다채로운 초밥과 깔끔한 공간의 만남,일 21:00 / 월 21:00 / 화 21:00 / 수 21:00 / 목 21:00 / 금 21:00 / 토 21:00,13575898,https://place.map.kakao.com/13575898,1500,5300,13,true,,,,,,,kakao
9318260,파리바게뜨,,서울 을지로 133-1,,37.56654,126.99287,카페,,,https://dynamic-media-cdn.tripadvisor.com/media/photo-o/2e/3a/bc/75/caption.jpg?w=100&h=-1&s=1&cx=748&cy=500&chk=v1_106911240885498304fc,https://www.tripadvisor.co.kr/Restaurant_Review-g294197-d9318260-Reviews-Paris_Baguette-Seoul.html,53,4.2,,,,,,,,,,,,,,,,
5927602,붓처스컷,+82 2-798-8782,서울 용산구 한남동 738-23,,37.536022,127.00007,스테이크하우스,일 11:30~22:00 / 화 10:00~22:00 / 수 10:00~22:00 / 목 10:00~22:00 / 금 10:00~23:00 / 토 10:00~23:00,,https://dynamic-media-cdn.tripadvisor.com/media/photo-o/12/f9/08/b1/mosquee-1.jpg?w=100&h=-1&s=1,https://www.tripadvisor.co.kr/Restaurant_Review-g294197-d5927602-Reviews-Butcher_s_Cut-Seoul.html,73,4.0,,,,,,,,,,,,,,,,tripadvisor
1144379,탑 클라우드,+82 2-2230-3000,서울 종로구 종로2가 6번지 종로타워 33층,,37.570526,126.983536,유럽 요리,일 12:00~14:00 / 일 18:00~22:00 / 월 12:00~14:00 / 월 18:00~22:00 / 화 12:00~14:00 / 화 18:00~22:00 / 수 12:00~14:00 / 수 18:00~22:00 / 목 12:00~14:00 / 목 18:00~22:00 / 금 12:00~14:00 / 금 18:00~22:00 / 토 12:00~14:00 / 토 18:00~22:00,,https://dynamic-media-cdn.tripadvisor.com/media/photo-o/12/f9/08/b1/mosquee-1.jpg?w=100&h=-1&s=1,https://www.tripadvisor.co.kr/Restaurant_Review-g294197-d1144379-Reviews-Top_Cloud_Grill_Cafe-Seoul.html,126,4.1,,,,,,,,,,,,,,,,tripadvisor
9429856,키친485,+82 32-325-0485,서울 양화로6길 67,,37.548557,126.91783,이탈리아 요리,,,https://dynamic-media-cdn.tripadvisor.com/media/photo-o/32/e0/0e/ff/caption.jpg?w=200&h=-1&s=1,https://www.tripadvisor.co.kr/Restaurant_Review-g294197-d9429856-Reviews-Kitchen_485-Seoul.html,47,4.7,,화덕에서 탄생한 정통 나폴리 피자,,18960396,https://place.map.kakao.com/18960396,20800,22800,4,true,true,,,,,,
17629266,디라이프스타일 키친,+82 2-6273-0100,서울 세종대로 136 중구,04520,,,"지중해 요리, 아시아 요리, 한국, 퓨전, 건강식",월 10:30~22:00 / 화 10:30~22:00 / 수 10:30~22:00 / 목 10:30~22:00 / 금 11:30~22:00 / 토 11:30~22:00 / 일 11:30~22:00,"굶지 않는 쉬운 다이어트, 요요 없는 안전한 다이어트, 몸을 혹사 시키지 않는 착한 다이어트, 책과 전문가들이 도와주는 편한 다이어트! 파이토케미컬, 저탄고지, 지중해식 전문 레스토랑 'D-Lifestyle Kitchen'이 제공합니다.",https://dynamic-media-cdn.tripadvisor.com/media/photo-o/32/e0/0e/ff/caption.jpg?w=200&h=-1&s=1,https://www.tripadvisor.co.kr/Restaurant_Review-g294197-d17629266-Reviews-D_lifestyle_Kitchen-Seoul.html,35,4.8,양식,생활의 달인 10대 맛집 드라마 부부의세계 촬영지 저탄고지 레스토랑,,444516464,https://place.map.kakao.com/444516464,11800,28200,23,true,,,,,,,kakao
12213153,스시카이신,+82 2-515-9855,서울 강남구 도산대로100길 12 우리빌딩 2층,06071,37.52384,127.05183,"일본 요리, 해산물, 스시, 아시아 요리",일 18:00~22:00 / 월 18:00~22:00 / 화 18:00~22:00 / 수 18:00~22:00 / 목 18:00~22:00 / 금 18:00~22:00 / 토 18:00~22:00,"As a very traditional Japanese Sushi Restaurant, Sushi Kaisin is located in Seoul, and run by Japanese Chef SATO from Tokyo. We are open from Monday to Sunday for only dinner, but it may be closed depending on the reservation situation and the opening hours on the day may be also changed, so please make sure to make a reservation by call or email. We only prepare ingredients according to the reservation, so be sure to keep your reservation. There is only one menu, OMAKASE (currently Dinner price is 300,000Krw/person).",https://dynamic-media-cdn.tripadvisor.com/media/photo-o/32/e0/0f/4e/caption.jpg?w=100&h=-1&s=1,https://www.tripadvisor.co.kr/Restaurant_Review-g294197-d12213153-Reviews-Sushi_Kaisin-Seoul.html,23,5.0,,,,331694867,https://place.map.kakao.com/331694867,330000,330000,1,true,,,,,,,tripadvisor
6876865,MoMo Cafe,+82 2-2638-3081,"서울 15, Yeongjung-ro, Yeongdeungpo-gu Courtyard by Marriott Seoul Times Square 5F",07305,37.51794,126.903946,"인터내셔널, 아시아 요리",일 06:30~21:00 / 월 06:30~21:00 / 화 06:30~21:00 / 수 06:30~21:00 / 목 06:30~21:00 / 금 06:30~21:00 / 토 06:30~21:00,"코트야드 메리어트 서울 타임스퀘어 호텔 5층에 위치한 모모카페(MoMo Café)는 신선한 제철 식재료로 선보이는 다채로운 뷔페와 단품 메뉴를 즐길 수 있는 올데이 다이닝 레스토랑입니다. 편안하면서도 세련된 분위기 속에서 가족 모임, 비즈니스 미팅, 특별한 기념일 등 다양한 목적에 맞는 식사를 제공하며, 주말과 시즌별로는 특별 메뉴와 프로모션을 통해 더욱 풍성한 미식을 경험하실 수 있습니다.",https://dynamic-media-cdn.tripadvisor.com/media/photo-o/32/e0/0f/4e/caption.jpg?w=100&h=-1&s=1,https://www.tripadvisor.co.kr/Restaurant_Review-g294197-d6876865-Reviews-MoMo_Cafe-Seoul.html,98,4.1,,,,,,,,,,,,,,,,tripadvisor
33673068,소울한우,+82 2-702-0101,서울 16 Samgaero,,37.539062,126.94723,"바베큐, 아시아 요리, 한국, 그릴",월 11:30~22:30 / 화 11:30~22:30 / 수 11:30~22:30 / 목 11:30~22:30 / 금 11:30~22:00 / 토 11:30~22:30,"* 망원한강공원, 효창공원 차로 10분 * 경의선숲길 차로 15분 504시간 숙성의 한우 18개 전 좌석 룸 오직 한우에 진심인 단 하나의 선택 마포역맛집 '소울한우 마포역본점' 마포에서 단 한 곳, 맛과 품격, 분위기까지 3박자를 완벽히 갖춘 프리미엄 한우 다이닝이 있습니다. 바로 소울한우 마포역본점입니다. 고작 마포역 맛집이라는 말로는 부족합니다. 1++등급의 한우만을 선별해 무려 504시간의 숙성을 거치고 전문 그릴 마스터가 직접 구워주는 한 점의 정성 그리고 18개의 프라이빗 룸에서 여유와 조용함까지 모든 요소가 단 하나를 향합니다. > 1++ 한우의 끝판왕, 504시간 웻에이징의 예술 한우를 한 번이라도 제대로 먹어본 사람이라면 압니다. 등급보다 더 중요한 건 숙성이라는 걸! 소울한우는 국내 최고 등급인 1++ 한우만을 고집하며 여기에 504시간 웻에이징 숙성을 더합니다. 깊고 진한 풍미는 기본, 씹을수록 고소한 육즙과 감칠맛이 입안을 휘감습니다. 웻에이징을 통해 한우는 완전히 다른 차원으로 올라섭니다. 이것이 우리가 흔히 알고 있던 고기와는 다른 이유입니다. > 고기 굽는 건 기술입니다. 프로가 구워드립니다! 누가 굽느냐에 따라 한우는 완전히 다른 음식이 됩니다. 소울한우에서는 그릴링 전문 직원이 고기의 두께와 마블링에 맞춰 최적의 온도와 시간으로 직접 구워드립니다. 미디엄 레어, 미디엄, 웰던까지 고객의 취향은 존중받아야 하니까요. 여러분은 그저 대화에 집중하고 우리는 고기의 모든 순간에 집중합니다. 이 완벽한 팀워크야말로 마포역 맛집 중 소울한우가 단연 돋보이는 이유입니다. > 전 좌석 프라이빗 룸, 오롯이 나만의 공간! 소울한우 마포역본점의 또 다른 압도적 장점은 전 좌석이 룸이라는 점입니다. 무려 18개의 프라이빗 룸을 보유, 최대 18인까지 수용 가능한 다양한 크기의 룸이 준비돼 있어 어떤 모임도 품격 있게 소화합니다. 소중한 대화에 집중하고 싶은 날, 소울한우는 최고의 선택이 됩니다. 룸 예약이 기본인 이유, 한 번 방문하면",https://dynamic-media-cdn.tripadvisor.com/media/photo-o/21/dc/29/d2/caption.jpg?w=100&h=-1&s=1&cx=2201&cy=1467&chk=v1_fa2578b6254b9a786864,https://www.tripadvisor.co.kr/Restaurant_Review-g294197-d33673068-Reviews-Soul_Hanwoo-Seoul.html,34,5.0,"육류,고기","마포역 2분, 접대·기념일에 좋은 504시간 숙성 1++ 한우 산해진미 프라이빗룸 다이닝",,1188998627,https://place.map.kakao.com/1188998627,3000,25000,57,true,,,,,,,kakao
14078142,명동 서서갈비,+82 2-318-6400,서울 중구 명동7가길 20-8,04537,37.564766,126.98326,"아시아 요리, 한국",일 11:00~01:00 / 월 11:00~01:00 / 화 11:00~01:00 / 수 11:00~01:00 / 목 11:00~01:00 / 금 11:00~01:00 / 토 11:00~01:00,,https://dynamic-media-cdn.tripadvisor.com/media/photo-o/2a/4e/05/40/c.jpg?w=900&h=500&s=1,https://www.tripadvisor.co.kr/Restaurant_Review-g294197-d14078142-Reviews-Myeongdong_Seoseo_Galbi-Seoul.html,9,4.6,,서서 즐기는 숯불 양념갈비의 진수,,536955002,https://place.map.kakao.com/536955002,18000,18000,1,true,true,,,,true,,tripadvisor
4078634,미진,+82 2-730-6198,서울 종로구 종로1가 24 르메이에르빌딩 1,,37.570183,126.9798,"아시아 요리, 한국",,,https://dynamic-media-cdn.tripadvisor.com/media/photo-o/2d/f4/3a/4a/caption.jpg?w=200&h=-1&s=1&cx=1920&cy=1080&chk=v1_f7fa2311d2cbbbf1e6c5,https://www.tripadvisor.co.kr/Restaurant_Review-g294197-d4078634-Reviews-Mijin-Seoul.html,38,4.2,,,,,,,,,,,,,,,,
33020126,전설의우대갈비 서울시청,+82 2-6031-8919,"서울 남대문로9길 40 2층, 센터플레이스",,37.567192,126.980354,바베큐,월 11:10~21:50 / 화 11:10~21:50 / 수 11:10~21:50 / 목 11:10~21:50 / 금 11:10~21:50 / 토 11:10~21:50 / 일 11:10~21:50,,https://dynamic-media-cdn.tripadvisor.com/media/photo-o/12/f9/08/b1/mosquee-1.jpg?w=100&h=-1&s=1,https://www.tripadvisor.co.kr/Restaurant_Review-g294197-d33020126-Reviews-Legendary_Ribs_Seoul_City_Hall-Seoul.html,21,5.0,갈비,프라이빗 룸에서 즐기는 초벌 우대갈비,,1116506145,https://place.map.kakao.com/1116506145,4000,26000,11,true,,,,,,,kakao
1367398,삼청각 다원,+82 2-765-3700,서울 성북구 대사관로 3,02822,37.597157,126.98419,"아시아 요리, 한국",월 12:00~21:00 / 화 12:00~21:00 / 수 12:00~21:00 / 목 12:00~21:00 / 금 12:00~21:00 / 토 12:00~21:00 / 일 12:00~21:00,,https://dynamic-media-cdn.tripadvisor.com/media/photo-o/22/c4/5f/3d/caption.jpg?w=200&h=-1&s=1&cx=999&cy=562&chk=v1_13a52aa748e534826638,https://www.tripadvisor.co.kr/Restaurant_Review-g294197-d1367398-Reviews-Samcheonggak_Dawon-Seoul.html,55,4.1,한식,고즈넉한 한옥에서 즐기는 정갈한 코스요리,,17569573,https://place.map.kakao.com/17569573,55000,97000,7,true,,true,true,,true,,kakao
27661093,장수하늘소 인사동,+82 2-735-9929,"서울 인사동길 34-1, B1",,37.573853,126.98561,"스테이크하우스, 바베큐, 한국, 그릴",월 11:30~21:30 / 화 11:30~21:30 / 수 11:30~21:30 / 목 11:30~21:30 / 금 11:30~21:30 / 토 11:30~21:30 / 일 11:30~21:30,"장수하늘소는 서울 종로 인사동 문화의 중심에 위치한 1++ No.9 한우 전문 다이닝입니다. 광화문과 종로 사이에 자리해 여행과 비즈니스 일정 모두에 편리한 위치에 있습니다. 대한민국 한우 등급 체계 중 최상위 등급인 1++ No.9 한우만을 사용하며, 뛰어난 마블링과 부드러운 육질로 깊은 풍미를 자랑합니다. 꽃등심, 안심, 채끝 등 다양한 구이 부위를 숙련된 직원이 테이블에서 직접 조리하여, 한우 본연의 맛을 가장 이상적인 상태로 제공합니다. 구이 외에도 불고기전골, 한우 샤브샤브, 갈비찜 등 한우를 활용한 식사 메뉴를 주요하게 선보이고 있어, 다양한 방식으로 한국 소고기의 깊은 맛을 경험하실 수 있습니다. 프라이빗 룸을 갖추고 있어 접대, 가족 모임, 소규모 단체 모임에도 적합한 공간입니다. 인사동의 전통 거리와 갤러리를 둘러본 후, 품격 있는 한우 다이닝을 경험해 보시기 바랍니다.",https://dynamic-media-cdn.tripadvisor.com/media/photo-o/2d/34/9a/72/caption.jpg?w=200&h=-1&s=1,https://www.tripadvisor.co.kr/Restaurant_Review-g294197-d27661093-Reviews-Jangsu_Sky_Beef_Insadong-Seoul.html,23,4.7,"육류,고기","인사동 한우 구이 전문점 프라이빗 룸, 1++ 한우를 직원이 직접 구워 완성합니다.",,263532488,https://place.map.kakao.com/263532488,15000,29000,11,,,,,,,true,kakao
12912792,캄풍구,+82 2-310-9249,서울 중구 퇴계로20길 25,04629,37.559086,126.98591,"아시아 요리, 한국, 말레이시아",일 11:00~22:00 / 월 11:00~22:00 / 화 11:00~22:00 / 수 11:00~22:00 / 목 11:00~22:00 / 금 11:00~22:00 / 토 11:00~22:00,,https://dynamic-media-cdn.tripadvisor.com/media/photo-o/2a/d9/af/ee/caption.jpg?w=100&h=-1&s=1&cx=1102&cy=838&chk=v1_d4ff4bdc810b39e04a0b,https://www.tripadvisor.co.kr/Restaurant_Review-g294197-d12912792-Reviews-Kampungku-Seoul.html,53,3.7,,,,,,,,,,,,,,,,tripadvisor
24868140,솔솥 성수점,+82 507-1339-2007,서울 성동구 연무장5가길 24,04782,37.542908,127.053314,"아시아 요리, 한국",월 11:30~21:00 / 화 11:30~21:00 / 수 11:30~21:00 / 목 11:30~21:00 / 금 11:30~21:00 / 토 11:30~21:00 / 일 11:30~21:00,,https://dynamic-media-cdn.tripadvisor.com/media/photo-o/25/37/3b/27/food2.jpg?w=900&h=500&s=1,https://www.tripadvisor.co.kr/Restaurant_Review-g294197-d24868140-Reviews-Solsot_Seongsu-Seoul.html,8,4.6,한식,따뜻한 솥밥과 누룽지의 깊은 온기,,82998425,https://place.map.kakao.com/82998425,7900,17000,10,true,,,,,,,kakao
8055074,앨리스 청담,+82 2-511-8420,서울 강남구 도산대로55길 47 지하1층,06014,37.526646,127.041,"바, 아시아 요리, 한국",월 18:00~02:00 / 화 18:00~02:00 / 수 18:00~02:00 / 목 18:00~02:00 / 금 18:00~02:00 / 토 18:00~02:00 / 일 18:00~02:00,세상에서 유일한 공간. 앨리스 청담,https://dynamic-media-cdn.tripadvisor.com/media/photo-o/32/e0/0e/ff/caption.jpg?w=200&h=-1&s=1,https://www.tripadvisor.co.kr/Restaurant_Review-g294197-d8055074-Reviews-Alice_Cheongdam-Seoul.html,40,4.3,칵테일바,동화 속 감성 가득한 독창적 칵테일 바,,26857068,https://place.map.kakao.com/26857068,25000,25000,16,true,,true,,,,,kakao
26374455,세컨데어 라이브,+82 70-4419-3015,서울 서울숲2길 34 2층,,37.546524,127.04235,"카페, 인터내셔널, 퓨전",일 09:00~20:00 / 월 09:00~18:00 / 화 09:00~18:00 / 수 09:00~18:00 / 목 09:00~18:00 / 금 09:00~20:00 / 토 09:00~20:00,서울숲에 위치한 브런치 카페,https://dynamic-media-cdn.tripadvisor.com/media/photo-o/2a/e7/ad/28/caption.jpg?w=200&h=-1&s=1&cx=1920&cy=1080&chk=v1_f2b1be7044cdd54f81e3,https://www.tripadvisor.co.kr/Restaurant_Review-g294197-d26374455-Reviews-Secondaire_Live-Seoul.html,20,5.0,,,,,,,,,,,,,,,,tripadvisor
24107391,godeun laemji beogeo,+82 2-3213-4797,서울 송파구 올림픽로 300 롯데월드타워몰 B1,05551,37.513447,127.104164,"네이티브 아메리카, 다이닝 바",일 10:30~22:00 / 월 10:30~22:00 / 화 10:30~22:00 / 수 10:30~22:00 / 목 10:30~22:00 / 금 10:30~22:00 / 토 10:30~22:00,,https://dynamic-media-cdn.tripadvisor.com/media/photo-o/2e/af/54/a3/caption.jpg?w=200&h=-1&s=1&cx=1920&cy=1080&chk=v1_9eb295b36de3afdf42c8,https://www.tripadvisor.co.kr/Restaurant_Review-g294197-d24107391-Reviews-Gordon_Ramsay_Burger-Seoul.html,43,4.4,,,,,,,,,,,,,,,,tripadvisor
3336085,진사댁 - 명동,+82 2-774-9605,서울 중구 명동길 30-1 What3words: ///emblem.haunts.callers,04536,37.563652,126.98393,"아시아 요리, 한국",월 11:30~22:00 / 화 11:30~22:00 / 수 11:30~22:00 / 목 11:30~22:00 / 금 11:30~22:00 / 토 11:30~22:00 / 일 11:30~22:00,"For a taste of traditional Korea, you need to look no further than Jinsadaek, conveniently tucked away in a back alley in Seoul's visitor favorite, Myeongdong. Famous for our Hanjeongsik, a traditional, lavish multi-course meal, Jinsadaek offers you more than just a sample of the signature flavors of different regions of the country. The hanok-styled environment lets you immerse yourself fully in the Korean dining atmosphere, and the live gayageum performances in the evenings will entertain you throughout your dinner while offering a glimpse of Korea's traditional arts.",https://dynamic-media-cdn.tripadvisor.com/media/photo-o/32/e0/0f/4e/caption.jpg?w=100&h=-1&s=1,https://www.tripadvisor.co.kr/Restaurant_Review-g294197-d3336085-Reviews-Jinsadaek_Myeongdong-Seoul.html,40,4.2,한정식,기와지붕 아래 전통의 맛과 가야금 선율,,8076185,https://place.map.kakao.com/8076185,39000,59000,5,true,,true,,,,,kakao
5035629,고봉 삼계탕,+82 2-756-2300,서울 중구 명동7길 21,04534,37.56479,126.98375,"아시아 요리, 한국, 수프",일 09:00~22:00 / 월 09:00~22:00 / 화 09:00~22:00 / 수 09:00~22:00 / 목 09:00~22:00 / 금 09:00~22:00 / 토 09:00~22:00,,https://dynamic-media-cdn.tripadvisor.com/media/photo-o/32/e0/0f/4e/caption.jpg?w=100&h=-1&s=1,https://www.tripadvisor.co.kr/Restaurant_Review-g294197-d5035629-Reviews-Gobong_Samgyetang-Seoul.html,134,4.1,,진한 국물과 부드러운 닭의 건강한 한 끼,,13101754,https://place.map.kakao.com/13101754,19000,19000,3,false,true,true,true,,,,tripadvisor
9251203,숨카페,+82 2-6002-5838,서울 디지털로33길 11,,37.518044,127.050804,"카페, 아시아 요리, 한국",일 11:00~22:00 / 월 11:00~22:00 / 화 11:00~22:00 / 수 11:00~22:00 / 목 11:00~22:00 / 금 11:00~22:00 / 토 11:00~22:00,,https://dynamic-media-cdn.tripadvisor.com/media/photo-o/28/aa/b3/a9/caption.jpg?w=200&h=-1&s=1&cx=1920&cy=1080&chk=v1_2d85601fcbbf769d54a8,https://www.tripadvisor.co.kr/Restaurant_Review-g294197-d9251203-Reviews-Sum_Cafe-Seoul.html,39,4.3,,,,,,,,,,,,,,,,tripadvisor
10536992,에르메스 까페마당,+82 2-3015-3248,서울 강남구 도산대로45길 7 지하 2층,06021,37.522846,127.03558,카페,일 11:00~19:00 / 월 11:00~19:00 / 화 11:00~19:00 / 수 11:00~19:00 / 목 11:00~19:00 / 금 11:00~19:00 / 토 11:00~19:00,,https://dynamic-media-cdn.tripadvisor.com/media/photo-o/2e/4d/60/f1/caption.jpg?w=100&h=-1&s=1&cx=748&cy=500&chk=v1_38d61472f0ef3dd02be1,https://www.tripadvisor.co.kr/Restaurant_Review-g294197-d10536992-Reviews-Cafe_Madang_Maison_Hermes_Dosan_Park-Seoul.html,23,4.2,,,,,,,,,,,,,,,,tripadvisor
14998705,닐반아,+82 2-720-1910,서울 종로구 인사동길 58 2층,03146,,,"인도 요리, 인터내셔널, 아시아 요리, 중동 요리",일 11:30~14:30 / 일 17:00~20:30 / 월 11:30~14:30 / 월 17:00~20:30 / 수 11:30~14:30 / 수 17:00~20:30 / 목 11:30~14:30 / 목 17:00~20:30 / 금 11:30~14:30 / 금 17:00~20:30 / 토 11:30~14:30 / 토 17:00~20:30,"Nirvana is an Indian Halal Restaurant in Downtown Seoul's famous Insa-dong street. Nirvana is the latest project of two very established figures in Seoul's Indian Food scene, each of whom have opened over 10 restaurants across the city. At Nirvana, we strive to serve both quality interpretations of classic dishes & hidden gems from India's diverse culinary landscape.",https://dynamic-media-cdn.tripadvisor.com/media/photo-o/32/e0/0e/ff/caption.jpg?w=200&h=-1&s=1,https://www.tripadvisor.co.kr/Restaurant_Review-g294197-d14998705-Reviews-Nirvana_Indian_Kitchen-Seoul.html,29,4.6,,,,,,,,,,,,,,,,tripadvisor
3682371,브릭 오븐 뉴욕 피자,+82 2-508-1325,서울 강남구 역삼동 617-4 2층,,37.5031,127.02783,"이탈리아 요리, 피자",일 11:30~22:30 / 월 11:30~22:30 / 화 11:30~22:30 / 수 11:30~22:30 / 목 11:30~22:30 / 금 11:30~23:00 / 토 11:30~23:00,,https://dynamic-media-cdn.tripadvisor.com/media/photo-o/32/b9/1a/b6/37fa8f9d-5dbb-42bb.jpg?w=200&h=-1&s=1,https://www.tripadvisor.co.kr/Restaurant_Review-g294197-d3682371-Reviews-Brick_Oven_New_York_Pizzeria-Seoul.html,131,4.1,,,,,,,,,,,,,,,,tripadvisor
3371655,파올로 데 마리아,+82 2-599-9936,서울 서대문구 연희로26길 24,03723,37.572716,126.936874,"이탈리아 요리, 지중해 요리",월 11:30~21:30 / 수 11:30~22:00 / 목 11:30~22:00 / 금 11:30~22:00 / 토 11:30~22:00 / 일 11:30~22:00,Italian restaurant. Our menu includes tradictional italian food and Chef Paolo is the pioneer of the Italian food philosophy in South Korea,https://dynamic-media-cdn.tripadvisor.com/media/photo-o/32/b9/1a/b6/37fa8f9d-5dbb-42bb.jpg?w=200&h=-1&s=1,https://www.tripadvisor.co.kr/Restaurant_Review-g294197-d3371655-Reviews-Paolo_De_Maria-Seoul.html,68,4.6,이탈리안,이탈리아 남부 감성 가득한 생면 파스타,,1815812863,https://place.map.kakao.com/1815812863,16000,28500,20,true,true,true,,,true,,kakao
4074239,페어링룸,+82 10-3100-8861,서울 강남구 도산대로81길 14,06011,37.525276,127.04764,"이탈리아 요리, 유럽 요리",월 11:00~22:30 / 화 11:00~22:30 / 수 11:00~22:30 / 목 11:00~22:30 / 금 11:00~22:30 / 토 11:00~22:30 / 일 11:00~22:30,,https://dynamic-media-cdn.tripadvisor.com/media/photo-o/32/e0/0e/ff/caption.jpg?w=200&h=-1&s=1,https://www.tripadvisor.co.kr/Restaurant_Review-g294197-d4074239-Reviews-Pairing_Room-Seoul.html,63,4.3,이탈리안,테라스 감성 가득한 이탈리안 코스,,1851273390,https://place.map.kakao.com/1851273390,27000,30500,10,true,true,,true,,,,kakao
9355466,온더보더 - 롯데월드몰점,+82 2-3213-4615,서울 송파구 올림픽로 300 롯데월드몰 캐쥬얼동 6층,05551,37.51347,127.103714,멕시코 요리,,,https://dynamic-media-cdn.tripadvisor.com/media/photo-o/2e/3a/bc/75/caption.jpg?w=100&h=-1&s=1&cx=748&cy=500&chk=v1_106911240885498304fc,https://www.tripadvisor.co.kr/Restaurant_Review-g294197-d9355466-Reviews-On_the_Border_L_otte_World_Mall-Seoul.html,40,4.2,,,,,,,,,,,,,,,,
26500465,제주미향해장,+82 2-6949-3353,서울 동대문구 경동시장로10길 46,02573,37.581276,127.04323,"아시아 요리, 한국, 건강식",월 00:00~24:00 / 화 00:00~24:00 / 수 00:00~24:00 / 목 00:00~24:00 / 금 00:00~24:00 / 토 00:00~24:00 / 일 00:00~24:00,,https://dynamic-media-cdn.tripadvisor.com/media/photo-o/32/e0/0e/ff/caption.jpg?w=200&h=-1&s=1,https://www.tripadvisor.co.kr/Restaurant_Review-g294197-d26500465-Reviews-Jeju_Mihyang_Haejang-Seoul.html,10,5.0,해장국,아롱사태 가득 얼큰한 해장국 한 그릇,,1373495780,https://place.map.kakao.com/1373495780,4000,13900,30,false,true,,true,,,,kakao
9250108,한정식 수담,+82 2-558-4900,서울 강남구 봉은사로 418,,37.51047,127.04597,"아시아 요리, 한국",월 11:30~22:00 / 화 11:30~22:00 / 수 11:30~22:00 / 목 11:30~22:00 / 금 11:30~22:00 / 토 11:30~22:00 / 일 11:30~22:00,"삼성동, 선정릉에 위치한 저희 수담한정식은 천연 식재료만을 사용한 350석 규모의 프리미엄급 고급 한정식집입니다. 28년 경력의 한식조리기능장인 이성자 조리기능장이 직접 요리하여 한국 전통의 풍미를 담아 바른 먹거리 아름답게 담아냅니다. 음식은 시각과 미각으로 느끼는 아름다움의 장입니다. 시각과 미각의 아름다운 조화, 그것이 저희가 그릇에 담아내는 요리입니다. 여러분을 수담이라는 아름다운 공간에 초대합니다.",https://dynamic-media-cdn.tripadvisor.com/media/photo-o/32/b9/1a/b6/37fa8f9d-5dbb-42bb.jpg?w=200&h=-1&s=1,https://www.tripadvisor.co.kr/Restaurant_Review-g294197-d9250108-Reviews-SUDAM_Korean_Traditional_Food_Restaurant-Seoul.html,21,4.2,한정식,"서울 강남 대표 프리미엄 한정식, 수담한정식에서 소중한 시간을 품격 있게 완성하세요!",,25744174,https://place.map.kakao.com/25744174,29000,45000,8,true,,,,,,,kakao
3438893,아구랑 꽃게랑,+82 2-2268-5554,서울 중구 장충동2가 24-31,,37.560787,127.005226,,,,https://dynamic-media-cdn.tripadvisor.com/media/photo-o/0f/23/3c/ba/photo2jpg.jpg?w=900&h=500&s=1,https://www.tripadvisor.co.kr/Restaurant_Review-g294197-d3438893-Reviews-Agurang_Kkokerang-Seoul.html,97,4.5,"해물,생선",,,10603544,https://place.map.kakao.com/10603544,10000,10000,6,,,,,,,,
9198567,영동족발,+82 2-575-0250,서울 남부순환로 2628-18,06738,37.48419,127.03831,"아시아 요리, 한국",월 12:00~23:00 / 화 12:00~23:00 / 수 12:00~23:00 / 목 12:00~23:00 / 금 12:00~23:00 / 토 11:30~22:00 / 일 11:30~21:00,"A Seoul classic since 1985 — one of the city’s most beloved “Top 3 Jokbal” (braised pork hock) restaurants. Authentic flavor, slow-cooked daily with garlic, cinnamon, and natural herbs for a deep, clean taste. Loved by locals and travelers alike, offering a true taste of Korean comfort food culture. Located near Yangjae Station in Gangnam, easily accessible and perfect for a casual meal after exploring Seoul. Clean kitchen, warm service, and cozy atmosphere make every visit a satisfying experience. A must-try destination for anyone who wants to experience traditional Korean Jokbal at its finest.",https://dynamic-media-cdn.tripadvisor.com/media/photo-o/28/d2/01/95/caption.jpg?w=200&h=-1&s=1&cx=960&cy=540&chk=v1_0e94023d58cd4e54819d,https://www.tripadvisor.co.kr/Restaurant_Review-g294197-d9198567-Reviews-Yeongdong_Jokbal-Seoul.html,17,4.8,"족발,보쌈",쫄깃하고 감칠맛 가득한 족발의 매력,,16055426,https://place.map.kakao.com/16055426,9000,16000,5,true,,,,,,,kakao
6620072,브루클린 더 버거 조인트 삼성점,+82 2-555-7180,서울 강남구 봉은사로84길 10,06163,37.512836,127.05592,"미국 요리, 패스트푸드, 다이너",월 11:00~21:30 / 화 11:00~21:30 / 수 11:00~21:30 / 목 11:00~21:30 / 금 11:00~21:30 / 토 11:00~21:30 / 일 11:00~21:30,,https://dynamic-media-cdn.tripadvisor.com/media/photo-o/12/f9/08/b1/mosquee-1.jpg?w=100&h=-1&s=1,https://www.tripadvisor.co.kr/Restaurant_Review-g294197-d6620072-Reviews-Brooklyn_The_Burger_Joint_Samsung-Seoul.html,74,4.3,햄버거,뉴욕 감성 가득한 수제버거 다이너,일 21:00 / 월 21:00 / 화 21:00 / 수 21:00 / 목 21:00 / 금 21:00 / 토 21:00,18377454,https://place.map.kakao.com/18377454,3500,12000,21,true,,,,,,,kakao
7618190,츄리 츄리,+82 2-749-9996,서울 마포구 독막로15길 3-13,04049,37.54846,126.921394,"이탈리아 요리, 지중해 요리, 유럽 요리",일 17:30~22:00 / 화 18:00~22:00 / 수 18:00~22:00 / 목 18:00~22:00 / 금 18:00~22:00 / 토 17:30~22:00,,https://dynamic-media-cdn.tripadvisor.com/media/photo-o/2d/34/9a/72/caption.jpg?w=200&h=-1&s=1,https://www.tripadvisor.co.kr/Restaurant_Review-g294197-d7618190-Reviews-Ciuri_Ciuri-Seoul.html,72,4.5,,,,,,,,,,,,,,,,tripadvisor
7266524,워킹 온 더 클라우드,+82 2-789-5904,서울 영등포구 63로 50,,37.5198,126.940186,유럽 요리,일 11:30~15:00 / 일 17:30~22:00 / 월 11:30~15:00 / 월 17:30~22:00 / 화 11:30~15:00 / 화 17:30~22:00 / 수 11:30~15:00 / 수 17:30~22:00 / 목 11:30~15:00 / 목 17:30~22:00 / 금 11:30~15:00 / 금 17:30~22:00 / 토 11:30~15:00 / 토 17:30~22:00,,https://dynamic-media-cdn.tripadvisor.com/media/photo-o/32/e0/0e/ff/caption.jpg?w=200&h=-1&s=1,https://www.tripadvisor.co.kr/Restaurant_Review-g294197-d7266524-Reviews-Walking_on_the_Cloud-Seoul.html,53,4.2,,59층에서 만나는 도심 속 은하수,,10693192,https://place.map.kakao.com/10693192,10000,10000,4,true,true,true,,,,,tripadvisor
1758818,원조 쌈밥집 논현 본점,+82 2-548-7589,서울 강남구 논현동 165-15,,37.506966,127.02416,"아시아 요리, 한국",,,https://dynamic-media-cdn.tripadvisor.com/media/photo-o/32/b9/1a/b6/37fa8f9d-5dbb-42bb.jpg?w=200&h=-1&s=1,https://www.tripadvisor.co.kr/Restaurant_Review-g294197-d1758818-Reviews-Wonjo_Ssambabjib_Nonhyeon_Main-Seoul.html,108,4.2,,,,,,,,,,,,,,,,
9106251,새벽집 청담점,+82 2-546-5739,서울 강남구 도산대로101길 6,06013,37.525505,127.05284,"바베큐, 아시아 요리, 한국",월 00:00~24:00 / 화 00:00~24:00 / 수 00:00~24:00 / 목 00:00~24:00 / 금 00:00~24:00 / 토 00:00~24:00 / 일 00:00~24:00,,https://dynamic-media-cdn.tripadvisor.com/media/photo-o/32/e0/0e/ff/caption.jpg?w=200&h=-1&s=1,https://www.tripadvisor.co.kr/Restaurant_Review-g294197-d9106251-Reviews-Saebyukjip_Cheongdam-Seoul.html,110,4.0,"육류,고기","30년 이상 청담동 터줏대감, 청담 새벽집입니다. 질 좋은 한우 암소만을 취급합니다.",,19880897,https://place.map.kakao.com/19880897,11000,28000,15,true,,,,,,,kakao
33351227,미식회관 용산점,,서울 한강대로23길 55 용산구,,37.529568,126.96416,"중국 요리, 일본 요리, 아시아 요리, 한국",일 11:00~21:00 / 월 11:00~21:00 / 화 11:00~21:00 / 수 11:00~21:00 / 목 11:00~21:00 / 금 11:00~21:00 / 토 11:00~21:00,“Your neighborhood’s ultimate culinary destination – where signature dishes from all over the nation come together in one place!”,https://dynamic-media-cdn.tripadvisor.com/media/photo-o/31/40/be/44/caption.jpg?w=900&h=500&s=1,https://www.tripadvisor.co.kr/Restaurant_Review-g294197-d33351227-Reviews-Misikhoegwan_Yongsan_Branch-Seoul.html,5,5.0,,,,,,,,,,,,,,,,tripadvisor
26232658,오레노라멘,,서울 강남구 역삼1동 테헤란로1길 28 9 2F,,37.500404,127.02807,"일본 요리, 아시아 요리, 한국",,,https://dynamic-media-cdn.tripadvisor.com/media/photo-o/29/7c/cc/03/the-boring-tori-paitan.jpg?w=900&h=500&s=1,https://www.tripadvisor.co.kr/Restaurant_Review-g294197-d26232658-Reviews-Oreno_Ramen_Gangnam-Seoul.html,7,4.7,,진한 닭육수에 반하는 깊은 국물 맛,,1950857675,https://place.map.kakao.com/1950857675,13000,13000,2,,,,,,,,
1073239,스시 효,+82 2-545-0023,서울 강남구 청담동 21-16,,37.522057,127.0417,"일본 요리, 스시, 아시아 요리",,,https://dynamic-media-cdn.tripadvisor.com/media/photo-o/32/e0/0e/ff/caption.jpg?w=200&h=-1&s=1,https://www.tripadvisor.co.kr/Restaurant_Review-g294197-d1073239-Reviews-Sushi_Hyo-Seoul.html,47,4.3,,,,,,,,,,,,,,,,
32829207,옥된장 공덕점,+82 2-2197-1830,서울 92 B동 1층 16호,,37.542473,126.95237,"아시아 요리, 한국",월 11:00~23:00 / 화 11:00~23:00 / 수 11:00~23:00 / 목 11:00~23:00 / 금 11:00~22:00 / 토 11:00~23:00 / 일 11:00~23:00,,https://dynamic-media-cdn.tripadvisor.com/media/photo-o/2e/e2/a5/c5/caption.jpg?w=900&h=500&s=1,https://www.tripadvisor.co.kr/Restaurant_Review-g294197-d32829207-Reviews-Ok_Doenjang_Gongdeok_Branch-Seoul.html,9,5.0,"찌개,전골",안녕하세요 옥괸장 공덕점입니다. 어머니가 끓여주신된장의 맛으로 보답하겠습니다.,,1524430785,https://place.map.kakao.com/1524430785,11000,19000,17,true,,,,,,true,kakao
9018791,고려삼계탕,+82 2-752-9376,서울 중구 서소문로11길 1 3f,04516,37.56296,126.9729,한국,월 10:30~21:00 / 화 10:30~21:00 / 수 10:30~21:00 / 목 10:30~21:00 / 금 10:30~21:00 / 토 10:30~20:30 / 일 10:30~20:30,,https://dynamic-media-cdn.tripadvisor.com/media/photo-o/28/6c/00/60/caption.jpg?w=100&h=-1&s=1&cx=945&cy=708&chk=v1_ed453c98673a281c4906,https://www.tripadvisor.co.kr/Restaurant_Review-g294197-d9018791-Reviews-Korea_Ginseng_Chicken_Soup-Seoul.html,81,3.8,삼계탕,오랜 전통의 깊고 맑은 삼계탕 한 그릇,,8178288,https://place.map.kakao.com/8178288,20000,26000,6,true,true,,,,,,kakao
8999812,하이디라오 - 명동점,+82 2-6361-8260,서울 중구 남대문로 78,04534,37.564167,126.983055,"중국 요리, 아시아 요리, 한국, 건강식",월 10:00~05:00 / 화 10:00~05:00 / 수 10:00~05:00 / 목 10:00~05:00 / 금 10:00~05:00 / 토 10:00~05:00 / 일 10:00~05:00,,https://dynamic-media-cdn.tripadvisor.com/media/photo-o/32/e0/0f/4e/caption.jpg?w=100&h=-1&s=1,https://www.tripadvisor.co.kr/Restaurant_Review-g294197-d8999812-Reviews-Haidilao_Myeongdong-Seoul.html,28,4.0,중국요리,섬세한 서비스와 다채로운 훠궈의 향연,,1820258951,https://place.map.kakao.com/1820258951,,,,true,true,true,,,,,kakao
8728506,미분당 신촌점,+82 2-3141-0807,서울 서대문구 연세로5다길 35,03787,37.55677,126.93358,,월 11:00~21:00 / 화 11:00~21:00 / 수 11:00~21:00 / 목 11:00~21:00 / 금 11:00~21:00 / 토 11:00~21:00 / 일 11:00~21:00,,https://dynamic-media-cdn.tripadvisor.com/media/photo-o/2a/de/ea/91/caption.jpg?w=100&h=-1&s=1&cx=1102&cy=838&chk=v1_230a0b72c0ec71397d4f,https://www.tripadvisor.co.kr/Restaurant_Review-g294197-d8728506-Reviews-Mibundang_Sinchon-Seoul.html,58,4.7,베트남음식,조용한 공간에서 즐기는 깊고 깔끔한 쌀국수,,1985785355,https://place.map.kakao.com/1985785355,,,,false,,,,,,,kakao
9205497,육통령,+82 2-778-8592,서울 명동8나길 37-2,,37.56135,126.982735,"바베큐, 아시아 요리, 한국",월 11:30~23:00 / 화 11:30~23:00 / 수 11:30~23:00 / 목 11:30~23:00 / 금 11:30~23:00 / 토 11:30~23:00 / 일 11:30~23:00,,https://dynamic-media-cdn.tripadvisor.com/media/photo-o/32/b9/1a/b6/37fa8f9d-5dbb-42bb.jpg?w=200&h=-1&s=1,https://www.tripadvisor.co.kr/Restaurant_Review-g294197-d9205497-Reviews-Yuk_Tongryeong-Seoul.html,32,4.3,"육류,고기",숙성 흑돼지 오겹살의 깊은 풍미,일 22:15 / 월 22:15 / 화 22:15 / 수 22:15 / 목 22:15 / 금 22:15 / 토 22:15,21748255,https://place.map.kakao.com/21748255,8000,17500,12,true,true,,true,,,,kakao
34275254,토리노라스베가스,,서울 마른내로 13 1층,,37.56491,126.989296,"일본 요리, 아시아 요리, 한국, 일본식 퓨전",월 16:00~24:00 / 화 16:00~24:00 / 수 16:00~24:00 / 목 16:00~24:00 / 금 16:00~01:00 / 토 16:00~01:00,,https://dynamic-media-cdn.tripadvisor.com/media/photo-o/32/e0/0f/4e/caption.jpg?w=100&h=-1&s=1,https://www.tripadvisor.co.kr/Restaurant_Review-g294197-d34275254-Reviews-Turin_Las_Vegas-Seoul.html,15,5.0,일본식주점,을지로에서 직접 수제 야키토리를 만들고 메인으로 다루는 이자카야 토리노 라스베가스입니다.,,1128816529,https://place.map.kakao.com/1128816529,3700,19500,6,,,,,,,,kakao
3585169,두가헌,+82 2-3210-2100,서울 종로구 사간동 109,,37.577133,126.97984,유럽 요리,화 12:00~22:00 / 수 12:00~22:00 / 목 12:00~22:00 / 금 12:00~22:00 / 토 12:00~22:00,,https://dynamic-media-cdn.tripadvisor.com/media/photo-o/32/e0/0d/6d/caption.jpg?w=200&h=-1&s=1,https://www.tripadvisor.co.kr/Restaurant_Review-g294197-d3585169-Reviews-Dugahun-Seoul.html,32,4.6,,고즈넉한 한옥에서 즐기는 이탈리안 코스,,16991898,https://place.map.kakao.com/16991898,118000,128000,2,true,,true,,,,,tripadvisor
9344455,오리지널팬케이크하우스,+82 2-511-7481,서울 강남구 강남대로162길 41,06028,37.534355,126.99104,,월 09:00~20:00 / 화 09:00~20:00 / 수 09:00~20:00 / 목 09:00~20:00 / 금 08:00~20:00 / 토 08:00~20:00 / 일 08:00~20:00,,https://dynamic-media-cdn.tripadvisor.com/media/photo-o/27/e6/90/9e/caption.jpg?w=200&h=-1&s=1&cx=1920&cy=1080&chk=v1_98d290c726259c64b704,https://www.tripadvisor.co.kr/Restaurant_Review-g294197-d9344455-Reviews-The_Original_Pancake_House-Seoul.html,46,4.1,양식,미국 빈티지 감성 가득한 브런치 공간,일 19:00 / 월 19:00 / 화 19:00 / 수 19:00 / 목 19:00 / 금 19:00 / 토 19:00,19808159,https://place.map.kakao.com/19808159,6000,6500,6,true,,,true,true,,,kakao
7106351,한옥집 김치찜 서대문본점,+82 2-362-8653,서울 서대문구 통일로9안길 14,03735,37.566658,126.96497,"아시아 요리, 한국",월 10:30~21:30 / 화 10:30~21:30 / 수 10:30~21:30 / 목 10:30~21:30 / 금 10:30~21:30 / 토 10:30~21:30 / 일 10:30~21:30,,https://dynamic-media-cdn.tripadvisor.com/media/photo-o/32/e0/0d/6d/caption.jpg?w=200&h=-1&s=1,https://www.tripadvisor.co.kr/Restaurant_Review-g294197-d7106351-Reviews-Hanokjib_Kimchijjim_Seodaemun_Main-Seoul.html,62,4.1,"찌개,전골",6개월 숙성 묵은지의 깊은 맛,,16732242,https://place.map.kakao.com/16732242,10500,18000,10,false,true,,true,,,,kakao
4166623,보노보노 삼성동점,+82 2-3288-8080,서울 강남구 대치동 942-10 B1F,,37.507164,127.05815,"일본 요리, 해산물, 스시, 아시아 요리, 한국, 수프",월 11:30~21:00 / 화 11:30~21:00 / 수 11:30~21:00 / 목 11:30~21:00 / 금 12:00~21:00 / 토 12:00~21:00 / 일 12:00~21:00,,https://dynamic-media-cdn.tripadvisor.com/media/photo-o/32/e0/0f/4e/caption.jpg?w=100&h=-1&s=1,https://www.tripadvisor.co.kr/Restaurant_Review-g294197-d4166623-Reviews-Bono_Bono_Samsung-Seoul.html,51,4.3,뷔페,신선한 해산물과 품격 있는 뷔페 경험,,7891904,https://place.map.kakao.com/7891904,29000,85000,5,true,,,,,,,kakao
5031065,라구뜨,+82 2-2218-5770,서울 광진구 자양동 227-342 더 클래식 500 B동 3층,143854,37.538788,127.07108,"인터내셔널, 아시아 요리, 한국",월 12:00~21:30 / 화 12:00~21:30 / 수 12:00~21:30 / 목 12:00~21:30 / 금 12:00~21:30 / 토 12:00~21:30 / 일 12:00~21:00,,https://dynamic-media-cdn.tripadvisor.com/media/photo-o/2a/0d/a5/00/caption.jpg?w=200&h=-1&s=1&cx=960&cy=540&chk=v1_4054ba9f6d2ab3122887,https://www.tripadvisor.co.kr/Restaurant_Review-g294197-d5031065-Reviews-La_Goute-Seoul.html,38,4.3,뷔페,신선한 해산물과 고급 요리의 향연,,12765080,https://place.map.kakao.com/12765080,20000,48000,10,true,true,true,true,,,,kakao
951647,오모리 찌개 잠실 본점,+82 2-423-0067,서울 송파구 석촌동 183-2,,37.50813,127.104164,"아시아 요리, 한국",월 00:00~24:00 / 화 00:00~24:00 / 수 00:00~24:00 / 목 00:00~24:00 / 금 00:00~24:00 / 토 00:00~24:00 / 일 10:00~22:00,,https://dynamic-media-cdn.tripadvisor.com/media/photo-o/32/e0/0d/6d/caption.jpg?w=200&h=-1&s=1,https://www.tripadvisor.co.kr/Restaurant_Review-g294197-d951647-Reviews-Omori_Zzigae_Jamsil-Seoul.html,64,4.1,"찌개,전골",정성 담긴 수타면과 깊은 찌개의 조화,,1683687914,https://place.map.kakao.com/1683687914,8000,9250,10,true,true,,true,,,,kakao
8638981,케르반 터키쉬 레스토랑,+82 2-556-4767,서울 강남구 영동대로 513 코엑스몰 지하1층,06164,37.511368,127.059265,"지중해 요리, 터키, 중동 요리",월 11:00~22:00 / 화 11:00~22:00 / 수 11:00~22:00 / 목 11:00~22:00 / 금 11:00~22:00 / 토 11:00~22:00 / 일 11:00~22:00,Traditional Turkish Restaurant & Halal Food in Korea Kervan Turkish Restaurant,https://dynamic-media-cdn.tripadvisor.com/media/photo-o/12/f9/08/b1/mosquee-1.jpg?w=100&h=-1&s=1,https://www.tripadvisor.co.kr/Restaurant_Review-g294197-d8638981-Reviews-Kervan_Turkish_Restaurant_COEX_Mall-Seoul.html,77,3.8,튀르키예음식,케르반레스토랑은 지중해 터키 레스토랑입니다.,,26783038,https://place.map.kakao.com/26783038,6900,19900,13,,true,,true,,,,kakao
25393024,병아리김밥 명동,+82 10-8351-8126,서울 서울시 중구 명동10길 19-3,04537,37.563034,126.9856,"한국, 토착 음식",월 08:00~21:00 / 화 08:00~21:00 / 수 08:00~21:00 / 목 08:00~21:00 / 금 08:00~21:00 / 토 08:00~21:00 / 일 08:00~21:00,"매일 매일 신선한 재료, 골라먹는 즐거움 꼬마김밥전문점 병아리김밥. 11가지 다채로운 꼬마김밥과 유부초밥이 맛있는 집, 병아리김밥이 명동에 오픈했습니다!! 다양한 꼬마김밥과 유부초밥이 맛있고 귀여운 매장입니다 ㅎㅎ 김밥의 세계화를 목표로 6명의 업계 최고 R&d들이 모여서 만든 프랜차이즈 브랜드인데요, 매장에는 다양한 꼬마김밥이 주문제작한 쇼케이스에 신선하게 담겨있어서, 시원스럽게 한눈에 꼬마김밥들을 보면서 골라 먹는 재미가 쏠쏠하답니다! 특히, 저희 김밥이 맛있는 이유는 바로 김밥에 들어가는 특별한 -밥- 인데요, 자세히 알려드릴 수는 없지만, 본사 R&d들이 오랜시간에 걸쳐서 연구한 밥인데, 이름을 그럴듯하게 유초특밥이라고 지었습니다. 이 밥안에는 다양한 소스와 양념 그리고 불향을 입힌 어떤 재료가 들어가 있는데요, 이 밥맛이 다른 재료 본연의 맛을 해치지 않고, 11가지 다채로운 김밥의 메인 재료들과 조화롭도록 특히 고민을 많이 했답니다. 그래서 어떤 김밥을 드셔도 다채로운 재료의 맛을 즐기실 수 있어요!",https://dynamic-media-cdn.tripadvisor.com/media/photo-o/32/e0/0f/4e/caption.jpg?w=100&h=-1&s=1,https://www.tripadvisor.co.kr/Restaurant_Review-g294197-d25393024-Reviews-Chick_Gimbap_Myeongdong-Seoul.html,17,5.0,분식,"12가지 꼬마김밥과 유부초밥이 정말 맛있는, '병아리김밥' 명동점^^",일 20:30 / 월 20:30 / 화 20:30 / 수 20:30 / 목 20:30 / 금 20:30 / 토 20:30,163744287,https://place.map.kakao.com/163744287,1200,4250,20,,,,,,,,kakao
32860747,Seowonjuk,+82 2-776-0214,서울 141 Toegye-ro Jung District,04537,37.56142,126.98747,"아시아 요리, 한국",일 07:00~13:00 / 월 07:00~19:30 / 화 07:00~19:30 / 수 07:00~19:30 / 목 07:00~19:30 / 금 07:00~19:30 / 토 07:00~19:30,,https://dynamic-media-cdn.tripadvisor.com/media/photo-o/2e/a1/3a/a8/caption.jpg?w=900&h=500&s=1,https://www.tripadvisor.co.kr/Restaurant_Review-g294197-d32860747-Reviews-Seowonjuk-Seoul.html,5,5.0,,,,,,,,,,,,,,,,tripadvisor
17417163,하남돼지집 - 명동1호점,+82 2-772-9995,서울 중구 명동9가길 12,04534,37.56507,126.98386,"바베큐, 아시아 요리, 한국",월 16:30~24:00 / 화 16:30~24:00 / 수 16:30~24:00 / 목 16:30~24:00 / 금 16:30~24:00 / 토 11:30~24:00 / 일 11:30~24:00,,https://dynamic-media-cdn.tripadvisor.com/media/photo-o/17/ac/de/b0/img-20190526-194813-largejpg.jpg?w=900&h=500&s=1,https://www.tripadvisor.co.kr/Restaurant_Review-g294197-d17417163-Reviews-Hanam_Pig_Myeongdong_1-Seoul.html,40,3.8,삼겹살,직원이 구워주는 두툼한 삼겹살의 진수,,27582988,https://place.map.kakao.com/27582988,,,,true,true,,,,,,kakao
33316567,Ratatouille In Séoul,,서울 Cheongpa-ro 270-2,04313,37.54376,126.970955,프랑스 요리,,,https://dynamic-media-cdn.tripadvisor.com/media/photo-o/32/b9/1a/b6/37fa8f9d-5dbb-42bb.jpg?w=200&h=-1&s=1,https://www.tripadvisor.co.kr/Restaurant_Review-g294197-d33316567-Reviews-Ratatouille_In_Seoul-Seoul.html,19,5.0,,,,,,,,,,,,,,,,
10073597,오리지널 팬케이크 하우스,+82 2-795-7481,서울 용산구 이태원로 153,04351,36.951187,127.02991,미국 요리,월 09:00~22:00 / 화 09:00~22:00 / 수 09:00~22:00 / 목 09:00~22:00 / 금 08:00~22:00 / 토 08:00~22:00 / 일 08:00~22:00,American Breakfast and lunch menue.,https://dynamic-media-cdn.tripadvisor.com/media/photo-o/32/b9/1a/b6/37fa8f9d-5dbb-42bb.jpg?w=200&h=-1&s=1,https://www.tripadvisor.co.kr/Restaurant_Review-g294197-d10073597-Reviews-The_Original_Pancake_House_Itaewon-Seoul.html,55,4.0,양식,미국 감성 가득한 여유로운 브런치 공간,,341784637,https://place.map.kakao.com/341784637,10000,23000,67,true,,,,,,,kakao
10833148,세상의모든아침,+82 2-2055-4442,"서울 영등포구 여의대로 24 전경련회관 50, 51F",07320,37.523758,126.92257,"이탈리아 요리, 인터내셔널, 유럽 요리",,,https://dynamic-media-cdn.tripadvisor.com/media/photo-o/32/b9/1a/b6/37fa8f9d-5dbb-42bb.jpg?w=200&h=-1&s=1,https://www.tripadvisor.co.kr/Restaurant_Review-g294197-d10833148-Reviews-Sesangui_Modeun_Achim-Seoul.html,26,4.2,,,,,,,,,,,,,,,,
33020131,전설의우대갈비 여의도,+82 2-783-9050,"서울 국회대로 800 지하1층 B105 KR, B106호",,37.530968,126.92113,바베큐,월 11:10~21:50 / 화 11:10~21:50 / 수 11:10~21:50 / 목 11:10~21:50 / 금 11:10~21:50 / 토 11:10~21:50 / 일 11:10~21:50,,https://dynamic-media-cdn.tripadvisor.com/media/photo-o/12/f9/08/b1/mosquee-1.jpg?w=100&h=-1&s=1,https://www.tripadvisor.co.kr/Restaurant_Review-g294197-d33020131-Reviews-Legendary_Ribs_Yeouido-Seoul.html,21,5.0,갈비,프라이빗 룸에서 즐기는 부드러운 우대갈비,,1348483619,https://place.map.kakao.com/1348483619,12000,27000,10,true,,,,,,,kakao
5979642,누나홀닭 홍대점,+82 2-332-6663,서울 마포구 어울마당로 129,04050,37.555965,126.92439,"아시아 요리, 한국",월 12:00~02:00 / 화 12:00~02:00 / 수 12:00~02:00 / 목 12:00~02:00 / 금 12:00~03:00 / 토 12:00~03:00 / 일 12:00~02:00,,https://dynamic-media-cdn.tripadvisor.com/media/photo-o/12/f9/08/b1/mosquee-1.jpg?w=100&h=-1&s=1,https://www.tripadvisor.co.kr/Restaurant_Review-g294197-d5979642-Reviews-Noonaholdak_Hongdae-Seoul.html,30,4.4,치킨,루프탑서 즐기는 건강한 순살 치킨,,15056312,https://place.map.kakao.com/15056312,,,,,true,,,,,,kakao
27165931,산청숯불가든 을지로,+82 2-2273-8188,서울 중구 을지로 114-6 1층,,37.56582,126.99062,바베큐,월 11:30~23:00 / 화 11:30~23:00 / 수 11:30~23:00 / 목 11:30~23:00 / 금 11:30~23:00 / 토 11:30~23:00 / 일 11:30~23:00,,https://dynamic-media-cdn.tripadvisor.com/media/photo-o/2f/f3/ac/76/caption.jpg?w=900&h=500&s=1,https://www.tripadvisor.co.kr/Restaurant_Review-g294197-d27165931-Reviews-Sancheong_Sutbul_Garden_Euljiro-Seoul.html,4,5.0,"육류,고기",숯불 향 가득한 신선한 흑돼지의 유혹,일 21:50 / 월 21:50 / 화 21:50 / 수 21:50 / 목 21:50 / 금 21:50 / 토 21:50,2088172966,https://place.map.kakao.com/2088172966,7000,15000,12,true,true,,,,,,kakao
13504891,또옹카페,+82 2-722-1088,서울 종로구 인사동길 44 쌈지길몰 4층,03146,37.57435,126.98491,"카페, 컨템퍼러리",일 10:30~21:00 / 월 10:30~21:00 / 화 10:30~21:00 / 수 10:30~21:00 / 목 10:30~21:00 / 금 10:30~21:00 / 토 10:30~21:00,,https://dynamic-media-cdn.tripadvisor.com/media/photo-o/32/b9/1a/b6/37fa8f9d-5dbb-42bb.jpg?w=200&h=-1&s=1,https://www.tripadvisor.co.kr/Restaurant_Review-g294197-d13504891-Reviews-Poop_Cafe-Seoul.html,46,3.4,,,,,,,,,,,,,,,,tripadvisor
2330074,"더 팀버 하우스, 파크 하얏트 서울",+82 2-2016-1235,서울 강남구 테헤란로 606 파크 하얏트 서울 지하1층,06174,37.50858,127.06417,"일본 요리, 바, 해산물, 인터내셔널",화 17:00~24:00 / 수 17:00~24:00 / 목 17:00~24:00 / 금 17:00~24:00 / 토 17:00~24:00 / 일 17:00~24:00,"바이닐 레코드 사운드를 감상하며 다양한 프리미엄 주류와 일식 요리를 즐길 수 있는 바 & 레스토랑 더 팀버 하우스(The Timber House)는 한국 전통의 멋이 담긴 디테일과 화려한 색감의 현대적 디자인이 조화롭게 어우러져 고즈넉하면서도 세련된 분위기를 자아냅니다. 위스키, 사케, 와인을 비롯해 시그니처 칵테일 등 다양한 주류를 전문적이고 섬세한 서비스를 통해 제공합니다. 스시, 사시미를 비롯해 라멘, 돈부리, 야키모노 등의 일본 이자카야 스타일의 음식을 다채롭게 선보입니다.",https://dynamic-media-cdn.tripadvisor.com/media/photo-o/32/e0/0f/4e/caption.jpg?w=100&h=-1&s=1,https://www.tripadvisor.co.kr/Restaurant_Review-g294197-d2330074-Reviews-The_Timber_House_Park_Hyatt_Seoul-Seoul.html,58,4.3,일식,재즈 선율과 어우러진 일식 오마카세,일 23:00 / 화 23:00 / 수 23:00 / 목 23:00 / 금 23:00 / 토 23:00,7827799,https://place.map.kakao.com/7827799,9000,20000,6,true,true,true,,,,,kakao
1140450,인사동 수제비,+82 2-735-5481,서울 종로구 인사동8길 14-1,,,,"아시아 요리, 한국, 수프",월 11:30~20:50 / 화 11:30~20:50 / 수 11:30~20:50 / 목 11:30~20:50 / 금 11:30~20:50 / 토 11:30~20:50 / 일 11:30~20:50,,https://dynamic-media-cdn.tripadvisor.com/media/photo-o/32/e0/0f/4e/caption.jpg?w=100&h=-1&s=1,https://www.tripadvisor.co.kr/Restaurant_Review-g294197-d1140450-Reviews-Insadong_Sujebi-Seoul.html,36,4.3,수제비,항아리에 담긴 고소한 들깨수제비,일 15:20 / 토 15:20,11162975,https://place.map.kakao.com/11162975,9000,10500,6,true,,,,,,,kakao
9089869,임피리얼팰리스 패밀리아,+82 2-3440-8090,서울 강남구 언주로 640,06098,37.513985,127.03587,,일 12:00~15:00 / 일 18:00~21:30 / 월 12:00~15:00 / 월 18:00~21:30 / 화 12:00~15:00 / 화 18:00~21:30 / 수 12:00~15:00 / 수 18:00~21:30 / 목 12:00~15:00 / 목 18:00~21:30 / 금 12:00~15:00 / 금 18:00~21:30 / 토 12:00~15:00 / 토 18:00~21:30,"트렌디한 감각을 지닌 셰프들의 다채로운 시그니처 메뉴들을 만날 수 있는 프리미어 뷔페 패밀리아. 탁 트인 통창을 통해 도심 속 정원 뷰를 즐기며 생동감 넘치는 라이브 스테이션에서 선보이는 LA갈비와 우대 갈비, 캐비어 토핑을 곁들인 도로 회, 8가지 진미가 들어간 팔진 스프 등 다양한 메뉴를 즐기실 수 있습니다.",https://dynamic-media-cdn.tripadvisor.com/media/photo-o/32/b9/1a/b6/37fa8f9d-5dbb-42bb.jpg?w=200&h=-1&s=1,https://www.tripadvisor.co.kr/Restaurant_Review-g294197-d9089869-Reviews-Buffet_Familia-Seoul.html,29,4.6,,신선한 해산물과 고급스러운 뷔페 경험,,813366881,https://place.map.kakao.com/813366881,,,,true,true,true,,,,,tripadvisor
20260781,모도우 광화문점,+82 2-6016-6916,서울 종로구 율곡로 6 트윈트리타워 B동 M층,03142,37.57608,126.976814,"해산물, 아시아 요리, 한국, 일본식 퓨전",월 11:30~22:00 / 화 11:30~22:00 / 수 11:30~22:00 / 목 11:30~22:00 / 금 11:30~22:00 / 토 11:30~22:00 / 일 11:30~22:00,,https://dynamic-media-cdn.tripadvisor.com/media/photo-o/1b/20/ae/f1/caption.jpg?w=900&h=500&s=1,https://www.tripadvisor.co.kr/Restaurant_Review-g294197-d20260781-Reviews-MODOWOO_Gwanghwamun-Seoul.html,14,5.0,샤브샤브,"코리안 비프 다이닝, '모도우 광화문점' 인사드립니다.",일 21:00 / 월 21:00 / 화 21:00 / 수 21:00 / 목 21:00 / 금 21:00 / 토 21:00,2134704002,https://place.map.kakao.com/2134704002,5000,55000,27,true,,,,,,,kakao
14912272,바이킹스 와프 - 코엑스,+82 1644-4446,"서울 영동대로 513 2층, 컨벤션 및 전시 센터",06164,37.51146,127.06045,"해산물, 스시, 아시아 요리, 한국, 그릴, 퓨전",일 11:30~13:15 / 일 13:45~15:30 / 일 17:00~18:45 / 일 19:15~21:00 / 월 12:00~15:00 / 월 18:00~21:00 / 화 12:00~15:00 / 화 18:00~21:00 / 수 12:00~15:00 / 수 18:00~21:00 / 목 12:00~15:00 / 목 18:00~21:00 / 금 12:00~15:00 / 금 18:00~21:00 / 토 11:30~13:15 / 토 13:45~15:30 / 토 17:00~18:45 / 토 19:15~21:00,"The world’s best lobster buffet VIKING'S WHARF is the first unlimited lobster buffet in Asia, serving lobsters directly imported from the USA and Canada. Please enjoy unlimited quantities and the best quality of seasonal seafood along with premium desserts from a collaboration of Paul Basset Coffee, TWG Tea, and G.FASSI Gelato.",https://dynamic-media-cdn.tripadvisor.com/media/photo-o/32/b9/1a/b6/37fa8f9d-5dbb-42bb.jpg?w=200&h=-1&s=1,https://www.tripadvisor.co.kr/Restaurant_Review-g294197-d14912272-Reviews-Viking_s_Wharf_COEX-Seoul.html,30,4.0,,,,,,,,,,,,,,,,tripadvisor
12207690,도마,+82 2-733-9376,서울 종로구 인사동8길 6-1,03148,37.573742,126.98588,"아시아 요리, 한국",월 11:30~21:00 / 화 11:30~21:00 / 수 11:30~21:00 / 목 11:30~21:00 / 금 11:30~21:00 / 토 11:30~21:00 / 일 11:30~21:00,,https://dynamic-media-cdn.tripadvisor.com/media/photo-o/32/e0/0e/ff/caption.jpg?w=200&h=-1&s=1,https://www.tripadvisor.co.kr/Restaurant_Review-g294197-d12207690-Reviews-Doma_Insadong-Seoul.html,19,4.2,한식,"평일, 주말 모두 네이버예약, 전화예약 가능합니다!",,1367229148,https://place.map.kakao.com/1367229148,16000,21500,13,,,,,,,,kakao
8762265,서가앤쿡 타임스퀘어점,+82 2-2638-2540,서울 영등포구 영중로 15 타임스퀘어 4층,07305,37.555065,126.97139,,월 11:00~22:00 / 화 11:00~22:00 / 수 11:00~22:00 / 목 11:00~22:00 / 금 11:00~22:00 / 토 11:00~22:00 / 일 11:00~22:00,,https://dynamic-media-cdn.tripadvisor.com/media/photo-o/28/fc/7a/83/caption.jpg?w=100&h=-1&s=1&cx=700&cy=466&chk=v1_17baf620ec8c972813c0,https://www.tripadvisor.co.kr/Restaurant_Review-g294197-d8762265-Reviews-Seoga_Cook_Time_Square-Seoul.html,39,4.0,양식,넓고 쾌적한 공간에서 즐기는 짚불 목살 한상,,23151383,https://place.map.kakao.com/23151383,,,,true,true,,true,true,,,kakao
8118170,왕비집 종로점,+82 2-720-3066,서울 종로구 삼일대로15길 24,03190,37.56889,126.98617,"바베큐, 아시아 요리, 한국",일 11:00~22:30 / 월 11:00~22:30 / 화 11:00~22:30 / 수 11:00~22:30 / 목 11:00~22:30 / 금 11:00~22:30 / 토 11:00~22:30,,https://dynamic-media-cdn.tripadvisor.com/media/photo-o/29/87/06/1f/caption.jpg?w=100&h=-1&s=1&cx=1000&cy=666&chk=v1_e84ea7206e1c38cd3a11,https://www.tripadvisor.co.kr/Restaurant_Review-g294197-d8118170-Reviews-Wangbijib_Jongno-Seoul.html,17,4.4,,정성 가득한 손길로 빚어낸 갈비의 풍미,,15232887,https://place.map.kakao.com/15232887,48000,55000,2,true,,,,,,,tripadvisor
34161377,고방채 서여의도 KBS 3호점,+820507-1356-1171,서울 서울 영등포구 국회대로62길 25 1층,07236,37.52624,126.91772,"아시아 요리, 한국",월 11:00~22:30 / 화 11:00~22:30 / 수 11:00~22:30 / 목 11:00~22:30 / 금 11:00~22:30 / 토 11:00~22:00,,https://dynamic-media-cdn.tripadvisor.com/media/photo-o/32/e0/0d/6d/caption.jpg?w=200&h=-1&s=1,https://www.tripadvisor.co.kr/Restaurant_Review-g294197-d34161377-Reviews-Gobangchae_Seoyeouido_KBS_3Hojeom-Seoul.html,16,5.0,한식,"국회의사당역 KBS 앞 여의도 한정식 룸식당, 가족모임·상견례 모임까지 좋은 모던한식 공간",,1497201274,https://place.map.kakao.com/1497201274,12000,45000,38,true,,,,,,true,kakao
19266062,교대갈비집 - 시청점,+82 2-778-5582,서울 중구 남대문로1길 31 2층,04526,37.562485,126.977394,한국,월 11:00~22:00 / 화 11:00~22:00 / 수 11:00~22:00 / 목 11:00~22:00 / 금 11:00~22:00 / 토 11:00~22:00 / 일 11:00~22:00,This is a Korean food restaurant where you can enjoy Korean barbecue. Pork ribs and beef ribs are popular restaurants.,https://dynamic-media-cdn.tripadvisor.com/media/photo-o/32/e0/0e/ff/caption.jpg?w=200&h=-1&s=1,https://www.tripadvisor.co.kr/Restaurant_Review-g294197-d19266062-Reviews-Gyodae_Galbijib_City_Hall-Seoul.html,31,4.9,갈비,불향 가득한 국내산 돼지갈비의 진수,,2144279590,https://place.map.kakao.com/2144279590,5000,17000,12,false,true,,true,,,,kakao
26188436,Fabrikseoul,+82 50-71447-6222,"서울 서울시 중구 을지로 14길 16-3 1,2층",04550,37.565445,126.991806,"카페, 바, 와인 바, 펍",일 14:00~02:00 / 월 11:00~02:00 / 화 11:00~02:00 / 수 11:00~02:00 / 목 11:00~02:00 / 금 11:00~04:00 / 토 14:00~04:00,"""Euljiro’s Hidden Gem: Where Industrial Rawness Meets Refined Elegance."" Discover FABRIK SEOUL, a premium lounge bar nestled in the heart of Euljiro's historic alleys. We offer a curated selection of fine whiskies and artisanal cocktails, paired with a sophisticated interior that reinterprets the district's industrial heritage. Perfect for those seeking an intimate atmosphere and high-end mixology. JP 文化を生産するクリエイティブ・ファクトリー ドイツ語とスウェーデン語で「工場」を意味するFABRIK（パブリック）。私たちは、新しい文化コンテンツを生産し、世の中に送り出すことをミッションとしています。 「アイデアが文化に変わる場所」 ソウルのエネルギーを動力源に、FABRIKは想像力の工場として、あなたの日常に新しい文化的価値を提案します。",https://dynamic-media-cdn.tripadvisor.com/media/photo-o/2d/db/46/9b/vibes.jpg?w=900&h=500&s=1,https://www.tripadvisor.co.kr/Restaurant_Review-g294197-d26188436-Reviews-Fabrikseoul-Seoul.html,1,5.0,,감각적 음악과 향이 흐르는 와인바,,974354688,https://place.map.kakao.com/974354688,14000,23000,4,,,,,,,true,tripadvisor
7939830,구스테이크 733,+82 2-794-7339,서울 용산구 이태원로27길 101 1층 구스테이크 733,04349,37.53767,126.9949,스테이크하우스,일 12:00~23:00 / 월 12:00~23:00 / 화 12:00~23:00 / 수 12:00~23:00 / 목 12:00~23:00 / 금 12:00~23:00 / 토 12:00~23:00,"절정의 스테이크 대한민국 최초의 Dry Aged Steak를 선보인 정통 아메리칸 스타일의 Steakhouse 입니다. 2009년 4월 신사동 GOOSTK528점을 시작으로 2012년 4월 한남동 GOOSTK733을 오픈했습니다. 다년간 축적된 노하우와 꾸준한 연구개발을 통한 최고의 스테이크를 경험해 보시길 바랍니다. 최상의 USDA PRIME등급 미국에서도 단2%밖에 생산되지 않는 USDA PRIME등급으로 RIB EYE(꽃등심), NEW YORK STRIP ROIN(채끝등심), T-BONE, POTERHOUSE를 제공합니다. 적정 온도와 습도, 그리고 박테리아가 자라지 않는 환경을 조성하여 건조숙성한 최고의 스테이크를 제공합니다. HAPPY-GOO(입) ""입으로 들어가는 모든 음식과 음료에 즐거움을 담겠습니다"" 두툼한 고기에 그 본연의 맛을 지키고자 소금과 후추간만 하여 그릴에 올려 구운 뒤 올리브유에 겉만 바짝 튀겨낸 후 레스팅을 거쳐 손님에게 나오는 저희 스테이크는 겉은 바삭하고 속은 부드러운 최고의 식감을 느낄 수 있습니다. 다양한 애피타이져, 샐러드, 스프, 사이드디쉬, 디저트와 함께 스테이크를 즐길 수 있습니다. 다양한 칵테일, 에이드와 150종에 달하는 와인들을 마시며 소중한가족/연인/친구들과 함께 G00 TIME을 즐기세요.",https://dynamic-media-cdn.tripadvisor.com/media/photo-o/32/e0/0d/6d/caption.jpg?w=200&h=-1&s=1,https://www.tripadvisor.co.kr/Restaurant_Review-g294197-d7939830-Reviews-Goo_STK_733-Seoul.html,23,4.5,,,,,,,,,,,,,,,,tripadvisor
29883282,고봉당 혜화대학로점,+82 2-745-7737,서울 Daemyeong 1-gil 8 혜화역 4번출구 근처 고봉당 1층,,37.58314,127.000786,"아시아 요리, 한국",월 11:30~23:00 / 화 11:30~23:00 / 수 11:30~23:00 / 목 11:30~23:00 / 금 11:30~23:00 / 토 12:00~22:30 / 일 12:00~22:30,,https://dynamic-media-cdn.tripadvisor.com/media/photo-o/2e/21/da/13/caption.jpg?w=900&h=500&s=1,https://www.tripadvisor.co.kr/Restaurant_Review-g294197-d29883282-Reviews-Gobongdang_Hyehwa_Daehakro_Branch-Seoul.html,5,5.0,한식,매콤 부드러운 돌판 등갈비의 유혹,,1082387319,https://place.map.kakao.com/1082387319,5000,12000,13,,,,,,,true,kakao
12381597,조개와,83-2-777-0317,서울 중구 명동7길 17,04534,37.564594,126.98434,"해산물, 아시아 요리, 한국",월 11:00~01:00 / 화 11:00~01:00 / 수 11:00~01:00 / 목 11:00~01:00 / 금 11:00~01:00 / 토 11:00~01:00 / 일 11:00~01:00,,https://dynamic-media-cdn.tripadvisor.com/media/photo-o/28/d1/26/70/caption.jpg?w=200&h=-1&s=1&cx=1920&cy=1080&chk=v1_c0228075d8c0f80deff5,https://www.tripadvisor.co.kr/Restaurant_Review-g294197-d12381597-Reviews-Jogaewa_Seafood_Bar_Restaurant-Seoul.html,29,4.0,조개,푸짐한 조개와 진한 국물의 향연,,118964624,https://place.map.kakao.com/118964624,8000,40000,80,true,true,,,,,,kakao
2422441,스시 조,+82 2-317-0373,서울 중구 소공동 87 서울 웨스틴 조선 호텔,,37.564453,126.979706,"일본 요리, 스시, 아시아 요리",월 12:00~22:00 / 화 12:00~22:00 / 수 12:00~22:00 / 목 12:00~22:00 / 금 12:00~22:00 / 토 12:00~22:00 / 일 12:00~22:00,,https://dynamic-media-cdn.tripadvisor.com/media/photo-o/32/e0/0d/6d/caption.jpg?w=200&h=-1&s=1,https://www.tripadvisor.co.kr/Restaurant_Review-g294197-d2422441-Reviews-Sushi_Cho-Seoul.html,74,3.9,"초밥,롤",호텔 20층에서 즐기는 품격 스시 오마카세,일 21:30 / 월 21:30 / 화 21:30 / 수 21:30 / 목 21:30 / 금 21:30 / 토 21:30,21306205,https://place.map.kakao.com/21306205,12000,20500,12,true,,true,,,,,kakao
6384291,트로이카,+82 2-797-7724,서울 용산구 이태원동 119-29,04391,37.53407,126.99223,"러시아, 동유럽 요리",월 12:00~23:00 / 화 12:00~23:00 / 수 12:00~23:00 / 목 12:00~23:00 / 금 12:00~23:00 / 토 12:00~23:00 / 일 12:00~23:00,,https://dynamic-media-cdn.tripadvisor.com/media/photo-o/28/aa/b3/a9/caption.jpg?w=200&h=-1&s=1&cx=1920&cy=1080&chk=v1_2d85601fcbbf769d54a8,https://www.tripadvisor.co.kr/Restaurant_Review-g294197-d6384291-Reviews-Troika_Russian_Restaurant-Seoul.html,49,4.2,양식,러시아 감성 가득한 아늑한 양식 공간,,14500573,https://place.map.kakao.com/14500573,3000,14000,30,true,true,,,,,,kakao
3922841,오우가,+82 2-753-7533,서울 중구 충무로2가 12-13 Jung-gu,,37.561707,126.987274,"바베큐, 아시아 요리, 한국",월 11:00~22:00 / 화 11:00~22:00 / 수 11:00~22:00 / 목 11:00~22:00 / 금 11:00~22:00 / 토 11:00~22:00 / 일 11:00~22:00,,https://dynamic-media-cdn.tripadvisor.com/media/photo-o/12/f9/08/b1/mosquee-1.jpg?w=100&h=-1&s=1,https://www.tripadvisor.co.kr/Restaurant_Review-g294197-d3922841-Reviews-Ouga-Seoul.html,71,4.2,쌈밥,견과류 쌈장과 건강한 솥밥의 조화,,21326384,https://place.map.kakao.com/21326384,10000,15500,10,false,true,,,,,,kakao
1139517,벽제 갈비,+82 2-392-8308,서울 서대문구 창천동 13-20,,37.55785,126.93781,"바베큐, 아시아 요리, 한국, 그릴",월 11:30~22:00 / 화 11:30~22:00 / 수 11:30~22:00 / 목 11:30~22:00 / 금 11:30~22:00 / 토 11:30~22:00 / 일 11:30~22:00,,https://dynamic-media-cdn.tripadvisor.com/media/photo-o/2b/a9/e4/24/caption.jpg?w=200&h=-1&s=1&cx=4430&cy=2492&chk=v1_ee2d27e5612c41ded844,https://www.tripadvisor.co.kr/Restaurant_Review-g294197-d1139517-Reviews-Byeokje_Galbi_Sinchon-Seoul.html,68,4.3,갈비,정성 가득한 한우 직화구이의 진수,,10386326,https://place.map.kakao.com/10386326,16000,32000,6,true,true,true,,,,,kakao
10229475,사랑의고기,+82 2-794-3313,"서울 종로구 사직로8길 4 1층, 103호",03168,37.574383,126.96885,"스테이크하우스, 바베큐, 한국, 와인 바",월 11:00~22:00 / 화 11:00~22:00 / 수 11:00~22:00 / 목 11:00~22:00 / 금 11:00~22:00 / 토 11:30~22:00 / 일 11:30~22:00,최상급의 한우등심과 안심을 제공해 드리는 숙성 한우 전문점입니다. 최고급 숯인 비장탄을 사용한 숯불화로는 강한 화력으로 육즙을 최상으로 유지시켜는 동시에 냄새와 연기가 나지 않아 고기 최상의 맛을 이끌어 다른곳에서는 느껴보시지 못했을 최고의 경험을 선사해드립니다. 또한 기존 고기집과는 차별화된 모던하고 깔끔한 인테리어에서 분위기있는 저녁식사를 즐기실 수 있습니다. 직접 가져오시는 와인의 콜키지는 무료입니다.,https://dynamic-media-cdn.tripadvisor.com/media/photo-o/32/e0/0e/ff/caption.jpg?w=200&h=-1&s=1,https://www.tripadvisor.co.kr/Restaurant_Review-g294197-d10229475-Reviews-Beef_of_Love-Seoul.html,31,4.7,"육류,고기",,,1908019926,https://place.map.kakao.com/1908019926,11000,13500,14,,,,,,,,kakao
13412735,꼭그닭,+82 2-565-5335,서울 강남구 강남대로98길 12-3,06129,37.500576,127.02789,"패스트푸드, 한국, 퓨전",월 13:00~24:00 / 화 13:00~24:00 / 수 13:00~24:00 / 목 13:00~24:00 / 금 13:00~24:00 / 토 13:00~24:00 / 일 13:00~24:00,,https://dynamic-media-cdn.tripadvisor.com/media/photo-o/32/e0/0f/4e/caption.jpg?w=100&h=-1&s=1,https://www.tripadvisor.co.kr/Restaurant_Review-g294197-d13412735-Reviews-Just_1_The_Chicken-Seoul.html,26,4.6,치킨,셀프 맥주와 치즈 가득 빠네치킨,일 23:00 / 월 23:00 / 화 23:00 / 수 23:00 / 목 23:00 / 금 23:00 / 토 23:00,1757399379,https://place.map.kakao.com/1757399379,13900,18900,13,,,,,,,,kakao
4029280,본죽 인사동점,+82 2-722-6288,서울 종로구 관훈동 155-9,,37.574738,126.98405,"아시아 요리, 한국",월 08:00~20:00 / 화 08:00~20:00 / 수 08:00~20:00 / 목 08:00~20:00 / 금 09:00~16:00 / 토 09:00~16:00 / 일 09:00~16:00,,https://dynamic-media-cdn.tripadvisor.com/media/photo-o/32/b9/1a/b6/37fa8f9d-5dbb-42bb.jpg?w=200&h=-1&s=1,https://www.tripadvisor.co.kr/Restaurant_Review-g294197-d4029280-Reviews-Bonjuk_Insadong-Seoul.html,33,4.2,퓨전한식,햇살 가득한 2층에서 즐기는 건강한 한끼,일 15:00 / 월 19:00 / 화 19:00 / 수 19:00 / 목 19:00 / 금 15:00 / 토 15:00,7901136,https://place.map.kakao.com/7901136,7500,13500,30,false,,,,true,,,kakao
6960509,진주회관,+82 2-753-5388,서울 중구 세종대로11길 26,04513,37.56237,126.97462,,월 11:00~21:00 / 화 11:00~21:00 / 수 11:00~21:00 / 목 11:00~21:00 / 금 11:00~21:00 / 토 11:00~20:00,,https://dynamic-media-cdn.tripadvisor.com/media/photo-o/2b/95/04/b3/caption.jpg?w=100&h=-1&s=1&cx=900&cy=600&chk=v1_5ce8d0b4d80e3fa00d35,https://www.tripadvisor.co.kr/Restaurant_Review-g294197-d6960509-Reviews-Jinju_Hoegwan-Seoul.html,77,4.0,국수,진한 콩물과 달콤한 김치의 완벽한 조화,월 20:30 / 화 20:30 / 수 20:30 / 목 20:30 / 금 20:30 / 토 19:30,11152625,https://place.map.kakao.com/11152625,12000,18000,8,true,true,true,,,,,kakao
9974966,산들해 양재동점,+82 2-579-3457,"서울 서초구 강남대로 213 B1F, L Tower",06749,37.504578,127.00066,"해산물, 아시아 요리, 한국, 그릴, 건강식",월 11:10~21:00 / 화 11:10~21:00 / 수 11:10~21:00 / 목 11:10~21:00 / 금 11:10~21:00 / 토 11:10~21:00 / 일 11:10~21:00,,https://dynamic-media-cdn.tripadvisor.com/media/photo-o/13/f2/22/39/photo0jpg.jpg?w=900&h=500&s=1,https://www.tripadvisor.co.kr/Restaurant_Review-g294197-d9974966-Reviews-Sandeulhae_Yangjae-Seoul.html,29,4.3,한정식,푸짐한 한상차림과 반찬 무한리필의 여유,일 20:00 / 월 20:00 / 화 20:00 / 수 20:00 / 목 20:00 / 금 20:00 / 토 20:00,9063870,https://place.map.kakao.com/9063870,15000,21000,9,true,true,true,,,,,kakao
12804718,시그니엘 서울 더 라운지,+82 2-3213-1212,서울 송파구 올림픽로 300 롯데월드타워 79층,05551,37.512768,127.10255,"프랑스 요리, 카페",월 11:00~22:00 / 화 11:00~22:00 / 수 11:00~22:00 / 목 11:00~22:00 / 금 11:00~22:00 / 토 11:00~22:00 / 일 11:00~22:00,"Equipped with luxuriously designed interior, The Lounge of SIGNIEL Seoul is the ultimate healing space that brings out the luxurious and unique image of Seoul. An all-day dining menu by world class chef Yannick Alleno is available for guests to enjoy a casual meal. • French afternoon tea set, Le Gouter SIGNIEL • Sandwich, Salad, Pasta, Steak, Dessert",https://dynamic-media-cdn.tripadvisor.com/media/photo-o/2d/3c/5c/d1/caption.jpg?w=100&h=-1&s=1&cx=652&cy=658&chk=v1_9f2bb4f219977e82f060,https://www.tripadvisor.co.kr/Restaurant_Review-g294197-d12804718-Reviews-SIGNIEL_Seoul_The_Lounge-Seoul.html,27,4.2,양식,79층에서 즐기는 우아한 티타임,,765138632,https://place.map.kakao.com/765138632,19000,21000,14,true,true,true,true,true,,,kakao
4085151,곰바위,+82 2-511-0068,서울 강남구 삼성동 76-10,,37.51508,127.05926,"아시아 요리, 한국",월 11:00~22:00 / 화 11:00~22:00 / 수 11:00~22:00 / 목 11:00~22:00 / 금 11:00~22:00 / 토 11:00~22:00 / 일 11:00~22:00,,https://dynamic-media-cdn.tripadvisor.com/media/photo-o/21/f7/b8/ec/caption.jpg?w=900&h=500&s=1,https://www.tripadvisor.co.kr/Restaurant_Review-g294197-d4085151-Reviews-Gombawi-Seoul.html,34,4.5,"곱창,막창",숙성한우 곱창전골 깊은 감칠맛,일 21:30 / 월 21:30 / 화 21:30 / 수 21:30 / 목 21:30 / 금 21:30 / 토 21:30,1869730586,https://place.map.kakao.com/1869730586,13000,59000,17,true,true,true,true,,,,kakao
8069857,온 더 보더 코엑스 도심공항점,+82 2-565-0682,서울 강남구 테헨란로 87길 22,06164,37.509678,127.0595,멕시코 요리,월 10:00~18:00,,https://dynamic-media-cdn.tripadvisor.com/media/photo-o/32/e0/0d/6d/caption.jpg?w=200&h=-1&s=1,https://www.tripadvisor.co.kr/Restaurant_Review-g294197-d8069857-Reviews-On_the_Border_COEX-Seoul.html,66,4.0,,무한리필 나쵸와 멕시코 골목 감성,,17103201,https://place.map.kakao.com/17103201,14500,30000,4,true,,,,,,,tripadvisor
7618038,백년토종삼계탕,+82 2-747-5535,서울 종로구 북촌로 41,03055,37.58052,126.98484,"한국, 수프",월 10:30~20:00 / 화 10:30~20:00 / 수 10:30~20:00 / 목 10:30~20:00 / 금 10:30~20:00 / 토 10:30~20:00 / 일 10:30~20:00,,https://dynamic-media-cdn.tripadvisor.com/media/photo-o/32/e0/0f/4e/caption.jpg?w=100&h=-1&s=1,https://www.tripadvisor.co.kr/Restaurant_Review-g294197-d7618038-Reviews-Baeknyeon_Tojong_Samgyetang-Seoul.html,45,4.0,삼계탕,인삼튀김과 진한 국물의 건강한 한 끼,일 19:30 / 월 19:30 / 화 19:30 / 수 19:30 / 목 19:30 / 금 19:30 / 토 19:30,23259207,https://place.map.kakao.com/23259207,19000,21000,5,true,true,true,true,,,,kakao
1371510,에베레스트,+82 2-766-8850,서울 종로구 창신동 148-1,110540,37.5726,127.01274,"인도 요리, 아시아 요리, 티벳, 네팔",월 11:00~22:00 / 화 11:00~22:00 / 수 11:00~22:00 / 목 11:00~22:00 / 금 11:00~22:00 / 토 11:00~22:00 / 일 11:00~22:00,,https://dynamic-media-cdn.tripadvisor.com/media/photo-o/32/e0/0d/6d/caption.jpg?w=200&h=-1&s=1,https://www.tripadvisor.co.kr/Restaurant_Review-g294197-d1371510-Reviews-Everest-Seoul.html,122,4.1,인도음식,SINCE 2002 20년 이상의 역사를 자랑하는 네팔/인도 전문 음식점 에베레스트입니다.,,77215610,https://place.map.kakao.com/77215610,12000,13000,14,,,,,,,,kakao
9321613,프로스트,+82 2-796-6854,서울 용산구 이태원로27가길 26 헤밀턴호텔 별관 1층,04350,37.535,126.993614,"바, 펍",월 19:00~02:00 / 화 19:00~02:00 / 수 19:00~03:00 / 목 19:00~04:00 / 금 19:00~05:00 / 토 18:00~05:00 / 일 19:00~02:00,"PROST Pub & Grill is Seoul's premier European inspired playground where you can enjoy yourself 365 days a year with a free and relaxed atmosphere. The PROST menu has a variety of pub classics and signature items such as homemade burgers and sausage samplers. Along with our signature selection of pub dishes, PROST has an extensive beer and cocktail menu.",https://dynamic-media-cdn.tripadvisor.com/media/photo-o/2a/e7/ad/28/caption.jpg?w=200&h=-1&s=1&cx=1920&cy=1080&chk=v1_f2b1be7044cdd54f81e3,https://www.tripadvisor.co.kr/Restaurant_Review-g294197-d9321613-Reviews-Prost_Pub_Grill-Seoul.html,153,4.0,"호프,요리주점",,,18324577,https://place.map.kakao.com/18324577,10000,16000,5,,,,,,,,kakao
32848898,Ssada Gimbap - Myeongdong Station,,서울 26 Myeongdong 8ga-gil Jung District,,37.56171,126.98646,"아시아 요리, 한국",,,https://dynamic-media-cdn.tripadvisor.com/media/photo-o/2e/99/f0/95/caption.jpg?w=900&h=500&s=1,https://www.tripadvisor.co.kr/Restaurant_Review-g294197-d32848898-Reviews-Ssada_Gimbap_Myeongdong_Station-Seoul.html,5,4.8,,,,,,,,,,,,,,,,
9227593,둘둘치킨,+82 2-318-5136,서울 명동7길 20-1,,37.564766,126.9844,"패스트푸드, 아시아 요리, 한국",월 11:00~01:00 / 화 11:00~01:00 / 수 11:00~01:00 / 목 11:00~01:00 / 금 11:00~01:00 / 토 11:00~01:00 / 일 11:00~01:00,,https://dynamic-media-cdn.tripadvisor.com/media/photo-o/32/e0/0e/ff/caption.jpg?w=200&h=-1&s=1,https://www.tripadvisor.co.kr/Restaurant_Review-g294197-d9227593-Reviews-Two_Two_Chicken-Seoul.html,70,3.6,치킨,,,7861725,https://place.map.kakao.com/7861725,,,,,,,,,,,kakao
3957673,프로 간장 게장 삼성점,+82 2-544-4126,서울 강남구 테헤란로83길 53,06166,37.51091,127.056435,"해산물, 한국",,,https://dynamic-media-cdn.tripadvisor.com/media/photo-o/29/b5/4e/14/caption.jpg?w=200&h=-1&s=1&cx=1920&cy=1080&chk=v1_5b03c925b0b538931ef3,https://www.tripadvisor.co.kr/Restaurant_Review-g294197-d3957673-Reviews-Pro_Soy_Crab_Samsung-Seoul.html,62,4.1,,,,,,,,,,,,,,,,
5035631,타니 넥스트도어,+82 2-2118-6100,서울 중구 남대문로 73 롯데백화점에비뉴엘 9층,04533,37.564266,126.981544,"일본 요리, 스시, 아시아 요리",일 11:30~22:00 / 월 11:30~22:00 / 화 11:30~22:00 / 수 11:30~22:00 / 목 11:30~22:00 / 금 11:30~22:00 / 토 11:30~22:00,,https://dynamic-media-cdn.tripadvisor.com/media/photo-o/2a/f7/80/ce/caption.jpg?w=200&h=-1&s=1&cx=1920&cy=1079&chk=v1_5192524b3b14f2153843,https://www.tripadvisor.co.kr/Restaurant_Review-g294197-d5035631-Reviews-Tani_Next_Door-Seoul.html,23,4.6,,,,,,,,,,,,,,,,tripadvisor
28152109,Bb.q Chicken Myeongdong Star,+82 2-318-8809,"서울 2 Myeongdong 4-gil, Jung District, Seoul, South Korea",,37.56345,126.98347,"아시아 요리, 한국, 맥주 음식점",월 11:00~24:00 / 화 11:00~24:00 / 수 11:00~24:00 / 목 11:00~24:00 / 금 11:00~24:00 / 토 12:00~24:00 / 일 12:00~24:00,,https://dynamic-media-cdn.tripadvisor.com/media/photo-o/2e/0e/38/54/caption.jpg?w=900&h=500&s=1,https://www.tripadvisor.co.kr/Restaurant_Review-g294197-d28152109-Reviews-Bb_q_Chicken_Myeongdong_Star-Seoul.html,10,3.7,치킨,외국인도 반한 힙한 2층 치킨 명소,,105288101,https://place.map.kakao.com/105288101,20000,24000,30,,,,,,,,kakao
12668025,마사 타코스,+82 2-545-6915,서울 강남구 압구정로10길 30-8,06028,37.5221,127.02167,"멕시코 요리, 남미 요리, 중앙아메리카",화 12:00~23:00 / 수 12:00~23:00 / 목 12:00~23:00 / 금 12:00~23:00 / 토 12:00~23:00 / 일 12:00~23:00,,https://dynamic-media-cdn.tripadvisor.com/media/photo-o/32/e0/0d/6d/caption.jpg?w=200&h=-1&s=1,https://www.tripadvisor.co.kr/Restaurant_Review-g294197-d12668025-Reviews-Masa_Tacos-Seoul.html,17,4.5,"멕시칸,브라질",현지 감성 가득한 멕시칸 타코 맛집,,2137508291,https://place.map.kakao.com/2137508291,4500,12500,30,true,true,,,,true,,kakao
28040257,교촌필방,+82 2-6263-1992,서울 용산구 보광로 127 유영빌딩,04391,37.527454,126.99829,,월 11:30~23:30 / 화 11:30~23:30 / 수 11:30~23:30 / 목 11:30~23:30 / 금 11:30~23:30 / 토 11:30~23:30 / 일 11:30~23:30,"아직 교촌필방에 대한 콘텐츠가 없습니다. 시간 아직 등록된 영업시간이 없습니다 연락처 전화, 웹사이트",https://dynamic-media-cdn.tripadvisor.com/media/photo-o/2d/5b/04/5a/caption.jpg?w=900&h=500&s=1,https://www.tripadvisor.co.kr/Restaurant_Review-g294197-d28040257-Reviews-Kyochon_Pilbang-Seoul.html,4,4.8,"호프,요리주점",교촌필방 이태원 '필 '히 '방' 문 코스 여러분들의 추억을 아름답게 붓질해드리겠습니다.,,1247940823,https://place.map.kakao.com/1247940823,11000,16000,19,true,,,,,,,kakao
4826338,브루3.14,+82 70-4178-3014,서울 종로구 돈화문로11나길 39 1층,03132,37.5745,126.98994,"바, 피자, 펍",월 17:00~01:00 / 화 17:00~01:00 / 수 17:00~01:00 / 목 17:00~01:00 / 금 17:00~01:00 / 토 16:00~01:00,"A local craft brew bistro that offers a range of excellent craft beers and handmade pizzas and calzones. We offer bomb shots such as a pomegranate whisky bomb and a gin bomb which are made with great Craftwork's Beers. We are conveniently located over by Jongno, right across from the Jongno tax office and behind the new Ibis Hotel. Come by soon for a beer, a pie, and good times.",https://dynamic-media-cdn.tripadvisor.com/media/photo-o/12/f9/08/b1/mosquee-1.jpg?w=100&h=-1&s=1,https://www.tripadvisor.co.kr/Restaurant_Review-g294197-d4826338-Reviews-Brew_3_14-Seoul.html,200,4.5,피자,트러플 향 가득한 감성 수제피자와 맥주,,21566385,https://place.map.kakao.com/21566385,10000,12000,5,,,,,,,,kakao
25411976,Lit Lounge Itaewon,+82 70-4833-1906,"서울 Yongsan-Gu, Itaewon-dong 34-65 1st Floor",03490,37.5339,126.98904,"바, 피자, 펍",일 18:00~01:00 / 화 19:00~01:00 / 수 19:00~01:00 / 목 19:00~01:00 / 금 19:00~03:00 / 토 21:00~04:00,"릿라운지 이태원은 서울 이태원의 중심에서 힙합 과 아프로비츠 음악과 커뮤니티 에너지가 어우러진 프리미엄 후카(시샤) 라운지입니다. 다양한 후카 플레이버, 시그니처 칵테일, 라이브 DJ 공연을 즐기며 서울의 진짜 밤문화를 경험하세요. 힙합, 아프로비츠, R&B, 아마피아노 사운드로 가득한 이태원의 핫플레이스, 릿라운지 이태원에서 즐거운 밤을 보내세요. 맛을 위해 오고, 분위기를 위해 머물러요 — 하이프는 사라지지만, 릿한 순간은 영원히 남습니다.",https://dynamic-media-cdn.tripadvisor.com/media/photo-o/2c/bd/63/7a/afrobeats-hip-hop-r-b.jpg?w=900&h=500&s=1,https://www.tripadvisor.co.kr/Restaurant_Review-g294197-d25411976-Reviews-Lit_Lounge_Itaewon-Seoul.html,25,5.0,,낮과 밤이 다른 감성 칵테일 라운지,,839892336,https://place.map.kakao.com/839892336,6000,7000,2,,,,,,,true,tripadvisor
13557163,바른생갈비 - 종로묘동점,+82 2-6338-2341,서울 종로구 돈화문로 53-1,03133,37.573086,126.99116,"바베큐, 아시아 요리, 한국, 그릴",일 16:00~23:00 / 월 16:00~23:00 / 화 16:00~23:00 / 수 16:00~23:00 / 목 16:00~23:00 / 금 16:00~23:00 / 토 16:00~23:00,"English & Chinese speaking (easy communication) Best Korean barbeque restaurant at Jongno3-ga area. Beef & Pork 70m from #6 exit of MTR Jongno3-ga station (line 1,3,5) to Changduk Palace direction.",https://dynamic-media-cdn.tripadvisor.com/media/photo-o/2c/2b/bd/70/caption.jpg?w=100&h=-1&s=1&cx=2492&cy=3736&chk=v1_281809e05aeea1628092,https://www.tripadvisor.co.kr/Restaurant_Review-g294197-d13557163-Reviews-Bareun_Sainggalbi_Jongno_Myodong-Seoul.html,38,4.8,,,,,,,,,,,,,,,,tripadvisor
4049663,63뷔페 파빌리온,+82 2-789-5731,서울 영등포구 63로 50,07345,37.519466,126.939835,"아시아 요리, 한국, 퓨전",월 11:00~21:00 / 화 11:00~21:00 / 수 11:00~21:00 / 목 11:00~21:00 / 금 11:00~21:00 / 토 11:00~21:00 / 일 11:00~21:00,,https://dynamic-media-cdn.tripadvisor.com/media/photo-o/2f/7e/2a/c4/caption.jpg?w=100&h=-1&s=1&cx=1060&cy=707&chk=v1_3ec9795a9eadda2fe443,https://www.tripadvisor.co.kr/Restaurant_Review-g294197-d4049663-Reviews-63_Buffet_Pavillion-Seoul.html,38,4.1,뷔페,"와인과 고기, 해산물의 조화로운 향연",,7967166,https://place.map.kakao.com/7967166,40000,80000,6,true,true,true,,,,,kakao
28986862,KUT Seoul,+82 2-2272-8012,"서울 96 Jongno, Jongno-gu 3F Kut",03191,37.5698,126.98816,"바베큐, 아시아 요리, 한국, 그릴, 다이닝 바",일 12:00~22:00 / 월 12:00~22:00 / 수 12:00~22:00 / 목 12:00~22:00 / 금 12:00~22:00 / 토 12:00~10:00,"Located in Jongno, central Seoul, KUT SEOUL is a reservation-only premium Hanwoo omakase restaurant offering an elegant Korean beef tasting experience near Insadong and Gyeongbokgung. With private dining rooms, carefully curated courses, and attentive service, it is an ideal destination for special occasions, business dinners, and international travelers seeking refined dining in Seoul.",https://dynamic-media-cdn.tripadvisor.com/media/photo-o/29/87/06/1f/caption.jpg?w=100&h=-1&s=1&cx=1000&cy=666&chk=v1_e84ea7206e1c38cd3a11,https://www.tripadvisor.co.kr/Restaurant_Review-g294197-d28986862-Reviews-KUT_Seoul-Seoul.html,13,5.0,,섬세한 한우 코스의 품격 있는 공간,,628792617,https://place.map.kakao.com/628792617,,,,true,,true,,,,,tripadvisor
2690788,사프란 레스토랑 - 서울,+82 2-6361-8644,서울 중구 남대문로 78 Lotte City Hotel,04534,37.56423,126.98301,"아시아 요리, 중동 요리, 파키스탄, 아랍어",일 11:00~23:00 / 월 11:00~23:00 / 화 11:00~23:00 / 수 11:00~23:00 / 목 11:00~23:00 / 금 11:00~23:00 / 토 11:00~23:00,"Saffron Restaurant located in Myeongdong, Seoul serves Halal Food, not a specific cuisine but Royal Islamic Cuisine ranging from Chicken, Mutton, Seafood to several Vegetarian options at its best",https://dynamic-media-cdn.tripadvisor.com/media/photo-o/32/b9/1a/b6/37fa8f9d-5dbb-42bb.jpg?w=200&h=-1&s=1,https://www.tripadvisor.co.kr/Restaurant_Review-g294197-d2690788-Reviews-Saffron_Restaurant_Seoul-Seoul.html,107,3.8,,,,,,,,,,,,,,,,tripadvisor
13476366,BHC 치킨 동대문점,+82 2-2278-0053,서울 중구 을지로44길 10 2층,04561,37.565697,127.00642,"자가 맥주 판매pub, 아시아 요리, 한국, 펍, 남미 요리, 중앙아메리카",월 12:00~23:30 / 화 12:00~23:30 / 수 12:00~23:30 / 목 12:00~23:30 / 금 12:00~23:30 / 토 12:00~23:30 / 일 12:00~23:30,,https://dynamic-media-cdn.tripadvisor.com/media/photo-o/15/30/62/e2/photo2jpg.jpg?w=900&h=500&s=1,https://www.tripadvisor.co.kr/Restaurant_Review-g294197-d13476366-Reviews-BHC_Chicken_Dongdaemun-Seoul.html,27,4.5,치킨,넓고 쾌적한 공간에서 즐기는 바삭한 치킨,,10859202,https://place.map.kakao.com/10859202,1500,26900,30,true,true,,,,,,kakao
8734351,깐부치킨 종로구청점,+82 2-738-8292,서울 종로구 삼봉로 81,03150,,,"아시아 요리, 한국",,,https://dynamic-media-cdn.tripadvisor.com/media/photo-o/32/b9/1a/b6/37fa8f9d-5dbb-42bb.jpg?w=200&h=-1&s=1,https://www.tripadvisor.co.kr/Restaurant_Review-g294197-d8734351-Reviews-Kkanbu_Chicken_Jongno_District-Seoul.html,21,4.3,,,,,,,,,,,,,,,,
3922433,느티나무 설렁탕,+82 2-2234-9713,서울 중구 신당동 251-131,,37.566704,127.01284,"아시아 요리, 한국",월 10:00~22:00 / 화 10:00~22:00 / 수 10:00~22:00 / 목 10:00~22:00 / 금 10:00~22:00 / 토 10:00~22:00,,https://dynamic-media-cdn.tripadvisor.com/media/photo-o/25/49/39/a6/caption.jpg?w=200&h=-1&s=1&cx=640&cy=370&chk=v1_6b332c6c87703423d066,https://www.tripadvisor.co.kr/Restaurant_Review-g294197-d3922433-Reviews-Neutinamu_Seolleongtang-Seoul.html,90,4.2,설렁탕,세월 담긴 깊고 포근한 설렁탕 한 그릇,월 21:30 / 화 21:30 / 수 21:30 / 목 21:30 / 금 21:30 / 토 21:30,8853925,https://place.map.kakao.com/8853925,9000,16000,5,false,true,,,,,,kakao
5287810,서원,+82 2-776-0214,서울 중구 충무로2가 62-8,,37.56115,126.98758,"아시아 요리, 한국",월 07:00~17:00 / 화 07:00~17:00 / 수 07:00~17:00 / 목 07:00~17:00 / 금 07:00~17:00 / 토 07:00~17:00 / 일 07:00~14:00,,https://dynamic-media-cdn.tripadvisor.com/media/photo-o/15/03/55/63/photo5jpg.jpg?w=900&h=500&s=1,https://www.tripadvisor.co.kr/Restaurant_Review-g294197-d5287810-Reviews-Seowon-Seoul.html,36,4.2,죽,,,10504159,https://place.map.kakao.com/10504159,6000,13000,10,,,,,,,,kakao
12979587,애슐리퀸즈 - 종각역점,+82 2-720-1031,서울 종로구 종로 51 종로타워 지하1층,03161,37.570366,126.98351,"중국 요리, 일본 요리, 미국 요리, 아시아 요리, 한국",월 11:00~21:00 / 화 11:00~21:00 / 수 11:00~21:00 / 목 11:00~21:00 / 금 12:00~21:00 / 토 11:00~21:00 / 일 11:00~21:00,"Want to immerse yourself in the Korean lifestyle? Dine where Koreans really line-up! Ashley Queens is Korea's No. 1 Buffet Brand that serves 20 million customers yearly. 

100 Minutes of Unlimited Food, Come Enjoy our 130 Menus! 
From Korean delicacies to Western favorites, try new flavors while indulging in your favorites.

With over 360 seats, Ashley Queens Jonggak Station Branch accommodates all occasions. Come with your friends, family and loved ones or by yourself!",https://dynamic-media-cdn.tripadvisor.com/media/photo-o/33/71/5a/4a/caption.jpg?w=900&h=500&s=1,https://www.tripadvisor.co.kr/Restaurant_Review-g294197-d12979587-Reviews-Ashley_Queens_Jonggak_Station-Seoul.html,6,4.7,패밀리레스토랑,와인과 어울리는 풍성한 샐러드바,,18649456,https://place.map.kakao.com/18649456,7900,15900,7,true,,,,,,true,kakao
8807219,라 플랑끄,+82 70-7719-3010,서울 용산구 이태원로26길 26,04391,37.533386,126.99367,"프랑스 요리, 유럽 요리",월 16:30~22:30 / 화 16:30~22:30 / 수 16:30~22:30 / 목 16:30~22:30 / 토 11:30~22:30 / 일 11:30~22:00,,https://dynamic-media-cdn.tripadvisor.com/media/photo-o/2c/2b/bd/70/caption.jpg?w=100&h=-1&s=1&cx=2492&cy=3736&chk=v1_281809e05aeea1628092,https://www.tripadvisor.co.kr/Restaurant_Review-g294197-d8807219-Reviews-La_Planque-Seoul.html,52,4.3,양식,프랑스 가정식의 따스한 풍미와 균형,,27300057,https://place.map.kakao.com/27300057,7500,10000,17,false,true,,,,true,,kakao
2080573,원당감자탕 명동2호점,+82 2-757-7612,서울 중구 명동8나길 35,04535,37.561386,126.982956,"아시아 요리, 한국",,,https://dynamic-media-cdn.tripadvisor.com/media/photo-o/32/e0/0f/4e/caption.jpg?w=100&h=-1&s=1,https://www.tripadvisor.co.kr/Restaurant_Review-g294197-d2080573-Reviews-Onedang_Gamjatang_Myeongdong_2-Seoul.html,87,4.1,감자탕,들깨가루 듬뿍 얼큰한 감자탕 한 그릇,,8036168,https://place.map.kakao.com/8036168,,,,,,,,,,,
3462970,샘라이언스 스포츠 바 & 그릴,+82 2-749-7933,서울 용산구 이태원로27가길 50 2층,04350,37.534973,126.99261,"미국 요리, 바, 펍, 개스트로펍",일 18:00~05:00 / 월 18:00~05:00 / 화 18:00~05:00 / 수 18:00~05:00 / 목 18:00~05:00 / 금 18:00~05:00 / 토 18:00~05:00,Korean Owned and Run Resturant,https://dynamic-media-cdn.tripadvisor.com/media/photo-o/32/e0/0e/ff/caption.jpg?w=200&h=-1&s=1,https://www.tripadvisor.co.kr/Restaurant_Review-g294197-d3462970-Reviews-Sam_Ryan_s_Sports_Bar_Grill-Seoul.html,65,4.0,,,,,,,,,,,,,,,,tripadvisor
33106269,순옥이네명가 더현대서울점,,서울 여의대로 108,,37.52666,126.92724,"아시아 요리, 한국",일 10:30~22:30 / 월 10:30~22:30 / 화 10:30~22:30 / 수 10:30~22:30 / 목 10:30~22:30 / 금 10:30~22:30 / 토 10:30~22:30,,https://dynamic-media-cdn.tripadvisor.com/media/photo-o/30/c5/5a/82/caption.jpg?w=900&h=-1&s=1,https://www.tripadvisor.co.kr/Restaurant_Review-g294197-d33106269-Reviews-Sunokine_Myeongga_The_Hyundai_Seoul_Branch-Seoul.html,6,4.8,,,,,,,,,,,,,,,,tripadvisor
34272755,미미스낵,+82 50-71405-5125,서울 노해로 81길 2 Floor,01695,37.655605,127.062775,"일본 요리, 아시아 요리, 한국, 펍, 퓨전, 맥주 음식점",월 16:00~05:00 / 화 16:00~05:00 / 수 16:00~05:00 / 목 16:00~05:00 / 금 16:00~05:00 / 토 16:00~05:00 / 일 16:00~05:00,,https://dynamic-media-cdn.tripadvisor.com/media/photo-o/32/e0/0e/ff/caption.jpg?w=200&h=-1&s=1,https://www.tripadvisor.co.kr/Restaurant_Review-g294197-d34272755-Reviews-Mimi_Snack-Seoul.html,12,5.0,술집,' 노원 No.1 이자카야' 찐맛집 인증 부동의 노원술집 1위 미미스낵,,1146729859,https://place.map.kakao.com/1146729859,4000,12900,44,true,,,,,,true,kakao
17511780,청록양식,+82 2-332-1904,서울 마포구 동교로 220-7 1층,03994,37.5595,126.924255,"이탈리아 요리, 스테이크하우스",일 12:00~22:00 / 월 00:00~22:00 / 화 12:00~22:00 / 수 12:00~22:00 / 목 12:00~22:00 / 금 12:00~22:00 / 토 12:00~22:00,,https://dynamic-media-cdn.tripadvisor.com/media/photo-o/32/e0/0e/ff/caption.jpg?w=200&h=-1&s=1,https://www.tripadvisor.co.kr/Restaurant_Review-g294197-d17511780-Reviews-Bluish_Green_Western_Restaurant-Seoul.html,16,4.9,,,,,,,,,,,,,,,,tripadvisor
776544,서울서 둘째로 잘하는 집,+82 2-734-5302,서울 종로구 삼청로 122-1,03053,37.586205,126.98182,"카페, 아시아 요리, 한국, 건강식, 수프",월 11:00~20:30 / 화 11:00~20:30 / 수 11:00~20:30 / 목 11:00~20:30 / 금 11:00~20:30 / 토 11:00~20:30 / 일 11:00~20:30,,https://dynamic-media-cdn.tripadvisor.com/media/photo-o/2b/57/b3/23/caption.jpg?w=100&h=-1&s=1&cx=1200&cy=801&chk=v1_30fecdca58400f4fa8e6,https://www.tripadvisor.co.kr/Restaurant_Review-g294197-d776544-Reviews-Seoulseo_Duljjaero_Jalhaneunjip-Seoul.html,78,4.2,전통찻집,은은한 계피향 가득한 전통 팥죽 한 그릇,,7941905,https://place.map.kakao.com/7941905,7000,8000,5,true,,,,,,,kakao
12364738,네키드윙즈,+82 70-4078-7411,서울 용산구 녹사평대로 174-11,04390,37.53379,126.98939,"미국 요리, 바, 퓨전",월 16:30~23:00 / 화 16:30~23:00 / 수 16:30~23:00 / 목 16:30~23:00 / 금 11:30~23:00 / 토 11:30~23:00 / 일 11:30~23:00,"네키드윙즈는 바삭한 치킨윙과 13가지 이상의 수제소스를 만드는 치킨윙 전문점입니다. 2017년 4월 7일 '이태원'에서 시작하였고, 현재 주식회사 네키드크루에서 운영하고 있습니다.",https://dynamic-media-cdn.tripadvisor.com/media/photo-o/32/e0/0f/4e/caption.jpg?w=100&h=-1&s=1,https://www.tripadvisor.co.kr/Restaurant_Review-g294197-d12364738-Reviews-Nekkid_Wings-Seoul.html,60,4.8,치킨,Chicken Wings & Craft Beers - Since 2017,,931679409,https://place.map.kakao.com/931679409,4500,14900,15,,,,,,,,kakao
7234215,빌즈 잠실,+82 2-3213-4185,서울 송파구 올림픽로 300 롯데월드몰 1층,05551,37.513115,127.10384,오스트레일리아,월 10:30~22:00 / 화 10:30~22:00 / 수 10:30~22:00 / 목 10:30~22:00 / 금 10:30~22:00 / 토 10:30~22:00 / 일 10:30~22:00,"빌즈 잠실점은 우리의 첫 서울 레스토랑입니다. 저는 한국을 사랑하게 되었습니다. 저에게 있어 한국은 당당하고 화려하면서도 모던함을 지닌 다이나믹한 곳으로, 영향력 있는 세계적인 강국이라고 생각합니다. (또한 아시아에서 가장 예쁘고 멋진 유명 연예인들로 인해, 한국이 아시아의 모든 관심을 한 몸에 받고 있다는 것도 최근에 알게 되었습니다.) 우리는 이러한 한국의 매력을 잠실에서 느낄 수 있었습니다. 푸르른 공원과 석촌호수를 바라보는 곳에 위치하여 마치 그린하우스에 있는 것과 같은 빌즈는 시원하게 탁 트인 높은 천정, 대리석 테이블, 바 주변에 놓인 거대한 금장식 거울, 그리고 신선한 식재료와 한국 요리에 쓰이는 채소들에서 영감을 받은 초록색 타일로 장식되어 있습니다. 빌즈 잠실점에서는 빌즈의 클래식한 메뉴들뿐만 아니라 한국의 매콤한 야채 요리를 재해석한 메뉴들도 함께 맛보실 수 있습니다.",https://dynamic-media-cdn.tripadvisor.com/media/photo-o/32/e0/0d/6d/caption.jpg?w=200&h=-1&s=1,https://www.tripadvisor.co.kr/Restaurant_Review-g294197-d7234215-Reviews-Bills_Jamsil-Seoul.html,80,3.8,양식,호주식 올데이 다이닝,,27524253,https://place.map.kakao.com/27524253,7800,17000,30,true,,,,,,,kakao
9244976,별양집,+82 2-501-2937,서울 언주로98길 9,06147,,,"바베큐, 아시아 요리, 한국, 그릴, 토착 음식",일 12:00~05:00 / 월 12:00~05:00 / 화 12:00~05:00 / 수 12:00~05:00 / 목 12:00~05:00 / 금 12:00~05:00 / 토 12:00~05:00,,https://dynamic-media-cdn.tripadvisor.com/media/photo-o/16/66/f7/dc/photo3jpg.jpg?w=900&h=500&s=1,https://www.tripadvisor.co.kr/Restaurant_Review-g294197-d9244976-Reviews-Byeoryangjip-Seoul.html,12,4.9,,,,,,,,,,,,,,,,tripadvisor
16766231,크라이치즈버거 - 삼성역점,+82 2-566-6244,서울 강남구 테헤란로 616,06174,,,"미국 요리, 패스트푸드, 아시아 요리, 한국",월 10:30~20:30 / 화 10:30~20:30 / 수 10:30~20:30 / 목 10:30~20:30 / 금 11:00~19:20 / 토 11:00~20:30 / 일 11:00~20:30,"Cry Cheese Burger has been dedicated to perfecting one thing for the past 11 years. Inspired by the burgers we loved during our time in the U.S, we've been working tirelessly to bring that same delicious taste to Korea. We use only 100% pure beef patties made in our own factory. Our Cry Sauce, crafted from 11 years of experience, 100% American cheese, glazed buns, and the freshest vegetables delivered every morning ensure our burgers are top-notch. Don’t miss out on our signature American-style Animal Style Burger. With three patties and three slices of cheese, it’s unforgettable. Our Animal Style Cheese Fries are a must-try too. And for our true fans, the secret 4x4 Burger is available exclusively in-store. Just visit Cry Cheese Burger. You can savor the same great taste you remember from the West Coast of America, right here in Korea. We're committed to making every visit special, grilling delicious burgers with love and care for each customer. Come on over to Cry Cheese Burger!",https://dynamic-media-cdn.tripadvisor.com/media/photo-o/2c/a6/ef/80/come-on-over-to-cry-cheese.jpg?w=900&h=500&s=1,https://www.tripadvisor.co.kr/Restaurant_Review-g294197-d16766231-Reviews-Cry_Cheese_Burger_Samseong_Station-Seoul.html,5,4.8,햄버거,미국 감성 가득한 진짜 수제 치즈버거,,586363951,https://place.map.kakao.com/586363951,2500,10500,20,true,,,,,,,kakao
9213113,더 키친 일뽀르노 광화문점,+82 2-730-5545,서울 율곡로2길 7 서머셋 팰리스 서울 1층,03143,37.57482,126.98157,"이탈리아 요리, 바, 피자, 그릴, 남부 이탈리아",월 11:30~22:00 / 화 11:30~22:00 / 수 11:30~22:00 / 목 11:30~22:00 / 금 11:30~22:00 / 토 11:30~22:00 / 일 11:30~22:00,,https://dynamic-media-cdn.tripadvisor.com/media/photo-o/2a/92/75/7c/caption.jpg?w=100&h=-1&s=1&cx=1059&cy=707&chk=v1_0f1c894e5ff7ff690cc4,https://www.tripadvisor.co.kr/Restaurant_Review-g294197-d9213113-Reviews-The_Kitchen_IL_FORNO-Seoul.html,76,3.6,이탈리안,도심 속 정원과 어우러진 이탈리안 감성,일 20:50 / 월 20:50 / 화 20:50 / 수 20:50 / 목 20:50 / 금 20:50 / 토 20:50,2132771085,https://place.map.kakao.com/2132771085,15000,26000,6,true,,,,,,true,kakao
34158987,소울한우 여의도샛강역점,+820507-1378-6637,서울 서울 영등포구 여의대방로67길 9 지하1층,07333,37.492428,126.538765,"바베큐, 아시아 요리, 한국",월 11:00~22:00 / 화 11:00~22:00 / 수 11:00~22:00 / 목 11:00~22:00 / 금 11:00~22:00 / 토 11:00~22:00,,https://dynamic-media-cdn.tripadvisor.com/media/photo-o/32/e0/0e/ff/caption.jpg?w=200&h=-1&s=1,https://www.tripadvisor.co.kr/Restaurant_Review-g294197-d34158987-Reviews-Soulhan_u_yeouidosaesgang_yeogjeom-Seoul.html,23,5.0,"육류,고기","여의도샛강역 5분, 회식·접대에 좋은 21개 룸 504시간 숙성 한우 프리미엄 다이닝",,1440816395,https://place.map.kakao.com/1440816395,3000,38000,50,,,,,,,true,kakao
4070870,꽃지,+82 2-561-8788,서울 강남구 봉은사로 610,06170,37.51454,127.06171,"해산물, 아시아 요리, 한국",월 11:30~21:30 / 화 11:30~21:30 / 수 11:30~21:30 / 목 11:30~21:30 / 금 11:30~21:00 / 토 11:30~21:00 / 일 11:30~21:00,,https://dynamic-media-cdn.tripadvisor.com/media/photo-o/17/63/b2/fb/photo0jpg.jpg?w=900&h=500&s=1,https://www.tripadvisor.co.kr/Restaurant_Review-g294197-d4070870-Reviews-Kkotji-Seoul.html,36,4.3,"게,대게",신선한 꽃게와 깊은 감칠맛의 한상,일 20:30 / 월 21:00 / 화 21:00 / 수 21:00 / 목 21:00 / 금 20:30 / 토 20:30,16056083,https://place.map.kakao.com/16056083,15000,46000,15,true,true,true,true,,,,kakao
7748449,산들해 - 송파점,+82 2-448-3457,서울 송파구 위례성대로 6,05544,37.517006,127.11306,,월 11:10~21:00 / 화 11:10~21:00 / 수 11:10~21:00 / 목 11:10~21:00 / 금 11:10~21:00 / 토 11:10~21:00 / 일 11:10~21:00,,https://dynamic-media-cdn.tripadvisor.com/media/photo-o/28/4a/38/f0/caption.jpg?w=200&h=-1&s=1&cx=1920&cy=1080&chk=v1_32731f4d6cc7594ff2f8,https://www.tripadvisor.co.kr/Restaurant_Review-g294197-d7748449-Reviews-Sandeulhae_Songpa-Seoul.html,21,4.3,한정식,푸짐한 한상에 담긴 정성 가득 집밥의 맛,일 20:00 / 월 20:00 / 화 20:00 / 수 20:00 / 목 20:00 / 금 20:00 / 토 20:00,13337591,https://place.map.kakao.com/13337591,15000,21000,9,true,true,true,true,true,,,kakao
9802212,더 스카이팜,+82 2-2055-4440,"서울 영등포구 여의대로 24 전경련회관 50층, 51층",07320,37.522316,126.92011,"아시아 요리, 한국",일 10:30~15:00 / 일 17:30~10:00 / 월 10:30~15:00 / 월 17:30~10:00 / 화 10:30~15:00 / 화 17:30~10:00 / 수 10:30~15:00 / 수 17:30~10:00 / 목 10:30~15:00 / 목 17:30~10:00 / 금 10:30~15:00 / 금 17:30~10:00 / 토 10:30~15:00 / 토 17:30~10:00,,https://dynamic-media-cdn.tripadvisor.com/media/photo-o/32/e0/0d/6d/caption.jpg?w=200&h=-1&s=1,https://www.tripadvisor.co.kr/Restaurant_Review-g294197-d9802212-Reviews-The_Sky_Farm-Seoul.html,24,3.7,,,,,,,,,,,,,,,,tripadvisor
5927676,툭툭 누들타이,+82 70-4407-5130,서울 마포구 연남동 227-37 B1,,37.56516,126.923965,"아시아 요리, 타이 요리",,,https://dynamic-media-cdn.tripadvisor.com/media/photo-o/25/6d/ef/27/caption.jpg?w=200&h=-1&s=1&cx=1920&cy=1080&chk=v1_9cf3de15fd3c34a7250c,https://www.tripadvisor.co.kr/Restaurant_Review-g294197-d5927676-Reviews-Tuk_Tuk_Noodle_Thai-Seoul.html,73,4.1,,,,,,,,,,,,,,,,
1965082,불고기 브라더스 서울 파이낸스 센터점,+82 2-775-7871,서울 중구 태평로 1가 84번지 서울파이낸스센터 지하 2층 3호,,37.56844,126.97765,"바베큐, 아시아 요리, 한국",일 11:00~22:00 / 월 11:00~22:00 / 화 11:00~22:00 / 수 11:00~22:00 / 목 11:00~22:00 / 금 11:00~22:00 / 토 11:00~22:00,,https://dynamic-media-cdn.tripadvisor.com/media/photo-o/32/e0/0d/6d/caption.jpg?w=200&h=-1&s=1,https://www.tripadvisor.co.kr/Restaurant_Review-g294197-d1965082-Reviews-Bulgogi_Brothers_Seoul_Finance_Center_Store-Seoul.html,107,4.1,,,,,,,,,,,,,,,,tripadvisor
14015344,도쿄등심 선릉점,050714300824,서울 서울 강남구 테헤란로78길 16 B1층,06194,37.505203,127.05539,"스테이크하우스, 아시아 요리, 한국, 퓨전",일 11:00~23:00 / 월 11:00~23:00 / 화 11:00~23:00 / 수 11:00~23:00 / 목 11:00~23:00 / 금 11:00~23:00 / 토 11:00~23:00,,https://dynamic-media-cdn.tripadvisor.com/media/photo-o/12/f9/08/b1/mosquee-1.jpg?w=100&h=-1&s=1,https://www.tripadvisor.co.kr/Restaurant_Review-g294197-d14015344-Reviews-TOKYO_SIRLOIN_Seolleung-Seoul.html,33,4.7,,,,,,,,,,,,,,,,tripadvisor
16740764,카툰플러스카페,+82 2-337-6588,서울 마포구 양화로16길 29,,37.553177,126.92115,"카페, 아시아 요리, 한국, 길거리 음식",월 00:00~24:00 / 화 00:00~24:00 / 수 00:00~24:00 / 목 00:00~24:00 / 금 00:00~24:00 / 토 00:00~24:00 / 일 00:00~24:00,,https://dynamic-media-cdn.tripadvisor.com/media/photo-o/17/cc/9b/38/caption.jpg?w=800&h=500&s=1,https://www.tripadvisor.co.kr/Restaurant_Review-g294197-d16740764-Reviews-Cartoon_Plus_Cafe-Seoul.html,5,5.0,만화카페,,,543671406,https://place.map.kakao.com/543671406,3600,10800,6,,,,,,,,kakao
34298799,청와대소금구이,+82 10-7231-8785,서울 선릉로 94길 15 1층 105~107호,,37.506207,127.049866,,월 11:00~06:00 / 화 11:00~06:00 / 수 11:00~06:00 / 목 11:00~06:00 / 금 16:00~21:00 / 토 16:00~21:00 / 일 16:00~21:00,"""【Seoul Certified Restaurant — Cheongwadae Sogeum Gui, Seolleung】 We serve only the top 0.3% of premium Korean pork, YBD (Yorkshire, Berkshire, Duroc), offering a level of quality beyond ordinary pork. Enjoy the true essence of Korean pork — rich juiciness, deep aroma, and savory flavor — perfectly enhanced by pristine Shinan sea salt and premium wasabi. Our carefully selected cuts and well-balanced menu highlight the natural depth and character of each part. With an elegant atmosphere and exceptional service, we provide the perfect setting for business dinners, special occasions, and true food enthusiasts seeking a refined dining experience.""",https://dynamic-media-cdn.tripadvisor.com/media/photo-o/32/d6/78/86/caption.jpg?w=900&h=-1&s=1,https://www.tripadvisor.co.kr/Restaurant_Review-g294197-d34298799-Reviews-Seonleung_cheong_wadaesogeumgu_i-Seoul.html,10,5.0,"육류,고기",프리미엄 한돈 그릴링 서비스의 진수,,2020318559,https://place.map.kakao.com/2020318559,7000,26000,18,,,,,,,,kakao
21311564,고기준 청담,+82 2-6204-5515,"서울 강남구 도산대로75길 21 2f, Building B, Cheongdam Square",06062,37.52536,127.04574,"스테이크하우스, 바베큐, 그릴",일 11:30~14:30 / 일 17:30~22:00 / 월 11:30~14:30 / 월 17:30~22:00 / 화 11:30~14:30 / 화 17:30~22:00 / 수 11:30~14:30 / 수 17:30~22:00 / 목 11:30~14:30 / 목 17:30~22:00 / 금 11:30~14:30 / 금 17:30~22:00 / 토 11:30~14:30 / 토 17:30~22:00,1. 세계 3대 요리학교 CIA 출신 Chef가 선택한 최고의 투 플러스 한우 2. WEST 전문 소믈리에가 선택한 와인 3. 최상급 참숯백탄의 숯 4. 프리미엄 안데스 소금,https://dynamic-media-cdn.tripadvisor.com/media/photo-o/32/e0/0f/4e/caption.jpg?w=100&h=-1&s=1,https://www.tripadvisor.co.kr/Restaurant_Review-g294197-d21311564-Reviews-Gogijun_Cheongdam-Seoul.html,13,5.0,,,,,,,,,,,,,,,,tripadvisor
7747972,10꼬르소꼬모카페,+82 2-547-3010,서울 강남구 압구정로 416,06015,37.526855,127.04226,"이탈리아 요리, 카페, 유럽 요리",월 11:00~20:30 / 화 11:00~20:30 / 수 11:00~20:30 / 목 11:00~20:30 / 금 11:00~20:30 / 토 11:00~20:30 / 일 11:00~20:30,,https://dynamic-media-cdn.tripadvisor.com/media/photo-o/32/e0/0e/ff/caption.jpg?w=200&h=-1&s=1,https://www.tripadvisor.co.kr/Restaurant_Review-g294197-d7747972-Reviews-10_Corso_Como_Cafe-Seoul.html,31,4.4,카페,,,22400767,https://place.map.kakao.com/22400767,15000,17000,20,true,,,,,,,kakao
10169301,중앙해장,+82 2-558-7905,서울 강남구 영동대로86길 17,06174,37.508194,127.06554,"아시아 요리, 한국",월 11:00~24:00 / 화 00:00~24:00 / 수 00:00~24:00 / 목 00:00~24:00 / 금 00:00~24:00 / 토 00:00~24:00 / 일 00:00~21:30,,https://dynamic-media-cdn.tripadvisor.com/media/photo-o/12/f9/08/b1/mosquee-1.jpg?w=100&h=-1&s=1,https://www.tripadvisor.co.kr/Restaurant_Review-g294197-d10169301-Reviews-Jungang_Haejang-Seoul.html,28,4.5,해장국,푸짐한 곱창과 깊은 국물의 조화,,27531028,https://place.map.kakao.com/27531028,14000,19500,6,true,,,,,,true,kakao
25547019,어반플랜트 명동,+82 50-71480-0154,서울 명동8나길 38 1층,,37.56134,126.98366,"미국 요리, 아시아 요리, 건강식, 일본식 디저트 전문점",일 10:00~22:00 / 월 10:00~22:00 / 화 10:00~22:00 / 수 10:00~22:00 / 목 10:00~22:00 / 금 10:00~22:00 / 토 10:00~22:00,,https://dynamic-media-cdn.tripadvisor.com/media/photo-o/32/e0/0d/6d/caption.jpg?w=200&h=-1&s=1,https://www.tripadvisor.co.kr/Restaurant_Review-g294197-d25547019-Reviews-Urban_Plant_Myeongdong-Seoul.html,21,5.0,,,,,,,,,,,,,,,,tripadvisor
8931951,401레스토랑,+82 2-325-0805,서울 마포구 잔다리로 23,04043,37.56222,126.98542,"바베큐, 아시아 요리, 한국",월 16:00~02:00 / 화 16:00~02:00 / 수 16:00~02:00 / 목 16:00~02:00 / 금 16:00~02:00 / 토 16:00~02:00 / 일 16:00~02:00,,https://dynamic-media-cdn.tripadvisor.com/media/photo-o/12/f9/08/b1/mosquee-1.jpg?w=100&h=-1&s=1,https://www.tripadvisor.co.kr/Restaurant_Review-g294197-d8931951-Reviews-Loco_Quan_401_Restaurant-Seoul.html,73,3.8,"육류,고기",연예인 사인 가득한 고기 맛집,,1150128584,https://place.map.kakao.com/1150128584,6000,17000,10,false,true,,,,,,kakao
1735162,안동찜닭,+82 2-310-9233,서울 중구 명동10길 3,04537,37.563725,126.985214,"아시아 요리, 한국",월 11:00~23:00 / 화 11:00~23:00 / 수 11:00~23:00 / 목 11:00~23:00 / 금 11:00~23:00 / 토 11:00~23:00 / 일 11:00~23:00,,https://dynamic-media-cdn.tripadvisor.com/media/photo-o/32/e0/0e/ff/caption.jpg?w=200&h=-1&s=1,https://www.tripadvisor.co.kr/Restaurant_Review-g294197-d1735162-Reviews-Andong_Jjimdak-Seoul.html,49,4.0,닭요리,매콤달콤 간장 양념의 찜닭 명가,,8084698,https://place.map.kakao.com/8084698,28000,35000,6,true,true,,,,,,kakao
29004603,화연산장,+82 2-544-9282,"서울 12, Seolleung-ro 152-gil Dam Building 1st. Floor",06014,37.524124,127.040596,"중국 요리, 일본 요리, 미국 요리, 아시아 요리, 한국, 그릴, 다이너, 맥주 음식점",월 11:30~22:00 / 화 11:30~22:00 / 수 11:30~22:00 / 목 11:30~22:00 / 금 11:30~22:00 / 토 11:30~22:00 / 일 11:30~22:00,"한국의 대표적인 바베큐 식당입니다.
압구정로데오역 4번출구에 위치하고 있으며, 볏짚으로 훈연하고 국내산 참숯으로 초벌하여 입안에서 육즙이 가득한 감칠맛을 느낄 수 있습니다.
서울 중심지 강남 압구정에서 한우 소고기와 돼지고기 모두 인기를 끌고 있으며,
산장 느낌이 물씬 풍기는 실내 안테리어가 환상적인 곳입니다.
한국여행에서 반드시 들려야 할 맛집입니다.",https://dynamic-media-cdn.tripadvisor.com/media/photo-o/2d/ff/c4/51/korean-bbq-restaurant.jpg?w=900&h=500&s=1,https://www.tripadvisor.co.kr/Restaurant_Review-g294197-d29004603-Reviews-Hwayeonsanjang-Seoul.html,10,5.0,"육류,고기",숲속 산장 감성 품은 고기 맛집,일 21:00 / 월 21:00 / 화 21:00 / 수 21:00 / 목 21:00 / 금 21:00 / 토 21:00,2127548406,https://place.map.kakao.com/2127548406,4000,9000,10,true,true,true,,,,,kakao
8871049,제임스치즈등갈비 명동점,+82 2-318-0192,서울 중구 명동10길 7-6,04537,37.56339,126.98527,"바베큐, 아시아 요리, 한국",,,https://dynamic-media-cdn.tripadvisor.com/media/photo-o/28/6c/00/60/caption.jpg?w=100&h=-1&s=1&cx=945&cy=708&chk=v1_ed453c98673a281c4906,https://www.tripadvisor.co.kr/Restaurant_Review-g294197-d8871049-Reviews-James_Cheese_Back_Ribs_Myeongdong-Seoul.html,137,3.9,,,,,,,,,,,,,,,,
14947966,창화당 - 익선동,+82 70-8825-0908,서울 종로구 수표로28길 23,03133,37.57298,126.98981,"아시아 요리, 한국",일 12:00~14:45 / 일 16:15~21:30 / 월 12:00~14:45 / 월 16:15~21:30 / 화 12:00~14:45 / 화 16:15~21:30 / 수 12:00~14:45 / 수 16:15~21:30 / 목 12:00~14:45 / 목 16:15~21:30 / 금 12:00~14:45 / 금 16:15~21:30 / 토 12:00~14:45 / 토 16:15~21:30,,https://dynamic-media-cdn.tripadvisor.com/media/photo-o/2f/72/f4/72/caption.jpg?w=200&h=-1&s=1&cx=1920&cy=1080&chk=v1_66bd1d26c4275ada1311,https://www.tripadvisor.co.kr/Restaurant_Review-g294197-d14947966-Reviews-Changhwadang_Ikseondong-Seoul.html,24,4.0,,,,,,,,,,,,,,,,tripadvisor
7234239,흑돈가 명동직영점,+82 2-3789-0080,서울 중구 명동7길 21 아르누보센텀 지하1층,04534,37.564777,126.98361,"바베큐, 아시아 요리, 한국",월 11:30~22:00 / 화 11:30~22:00 / 수 11:30~22:00 / 목 11:30~22:00 / 금 11:30~22:00 / 토 16:00~21:00 / 일 16:00~21:00,,https://dynamic-media-cdn.tripadvisor.com/media/photo-o/32/e0/0f/4e/caption.jpg?w=100&h=-1&s=1,https://www.tripadvisor.co.kr/Restaurant_Review-g294197-d7234239-Reviews-Heukdonga_Myeongdong-Seoul.html,48,3.9,"육류,고기",제주 흑돼지 두툼한 육즙의 향연,일 20:00 / 월 21:00 / 화 21:00 / 수 21:00 / 목 21:00 / 금 21:00 / 토 20:00,14635708,https://place.map.kakao.com/14635708,20000,23500,8,true,true,true,true,,,,kakao
10202101,가온,+82 2-545-9845,서울 강남구 도산대로 317 호림아트빌딩 M층,06021,37.522556,127.03653,한국,월 17:30~23:00 / 화 17:30~23:00 / 수 17:30~23:00 / 목 17:30~23:00 / 금 17:30~23:00 / 토 17:30~23:00,GAON unfolds the nutritious flow of the King contained within the royal table with the ingredients it has seasonally collected from Korean waters and mountains. Discovering the best ingredients and studying their deep flavors is how we deliver the concealed taste and profound aroma of Korean cuisine. Korean cuisine 'Onnal' which has maximized the organic flavors of the ingredient through the selection of the highest quality ingredients and cooking them through equally prudent procedures. Korean cuisine 'Gaon' which has unfolded Korean food as an ultimate piece of culinary art by adding the chef's philosophy and sensibility to the original dignity of traditional Korean cuisine.,https://dynamic-media-cdn.tripadvisor.com/media/photo-o/32/e0/0e/ff/caption.jpg?w=200&h=-1&s=1,https://www.tripadvisor.co.kr/Restaurant_Review-g294197-d10202101-Reviews-Gaon-Seoul.html,30,4.1,,,,,,,,,,,,,,,,tripadvisor
17637278,밀본,+82 2-499-9801,서울 성동구 아차산로 67-16 예당빌딩 1층,04794,37.54558,127.0544,"아시아 요리, 한국",월 11:00~21:00 / 화 11:00~21:00 / 수 11:00~21:00 / 목 11:00~21:00 / 금 11:00~21:00 / 토 11:00~21:00 / 일 11:00~21:00,"미쉐린 가이드 서울 빕구르망 2018, 2019 2개년도 선정 칼국수! 생활의달인 '고기덮밥 달인' 선정, 697회 방영! '밀본'은 2013년도 성수동의 작은 공장 골목에서 시작하여 많은 고객님들이 찾아와 주신 곳입니다. 쉽게 접할 수 있는 음식에 성숙한 맛을 더하기 위해 많은 노고를 거쳐 탄생한 '밀본' 가족과 함께 먹는 정겨운 식사처럼 정갈한 맛을 고집합니다. 앞으로도 정성스러운 손길과 한결같은 맛으로 보답하겠습니다. 밀본의 칼국수는 '미쉐린 빕구르망' 2018, 2019년 연속 선정된 대표메뉴입니다. 깊고 진한 사골 육수와 은은한 후추향 그리고 쫄깃한 면발로 한입만 먹어도 빠져드는 밀본 칼국수! 칼칼한 후추맛이 킥인 밀본만의 사골육수는 요청시 순한맛으로 제공드립니다~ 생활의 달인 697회, 덮밥달인의 그 집! 간장 베이스 소스로 담백한 돼지고기를 맛있게 볶아낸 '고기덮밥'은 식감 좋은 그린빈, 매콤한 청양고추 그리고 고소한 구운 마늘까지 더해 건강한 맛을 한 그릇에 담았습니다.",https://dynamic-media-cdn.tripadvisor.com/media/photo-o/31/a3/41/69/logo.jpg?w=900&h=500&s=1,https://www.tripadvisor.co.kr/Restaurant_Review-g294197-d17637278-Reviews-Mealbon_Seongsu_Main_Branch-Seoul.html,2,5.0,칼국수,진한 국물과 쫄깃한 면의 조화,일 20:30 / 월 20:30 / 화 20:30 / 수 20:30 / 목 20:30 / 금 20:30 / 토 20:30,127067383,https://place.map.kakao.com/127067383,13900,13900,5,false,true,,,,,,kakao
7748326,멘야산다이메,+82 2-332-4129,서울 마포구 홍익로5안길 24,04039,,,"일본 요리, 아시아 요리",월 11:30~22:00 / 화 11:30~22:00 / 수 11:30~22:00 / 목 11:30~22:00 / 금 11:30~22:00 / 토 11:30~22:00 / 일 11:30~22:00,,https://dynamic-media-cdn.tripadvisor.com/media/photo-o/1d/50/57/2d/caption.jpg?w=100&h=-1&s=1&cx=1728&cy=1152&chk=v1_c3b95e04b02f1c246e25,https://www.tripadvisor.co.kr/Restaurant_Review-g294197-d7748326-Reviews-Menya_Sandaime-Seoul.html,29,4.3,일본식라면,일본 감성 가득한 쫄깃한 수타면 라멘,일 21:30 / 월 21:30 / 화 21:30 / 수 21:30 / 목 21:30 / 금 21:30 / 토 21:30,12887413,https://place.map.kakao.com/12887413,4000,11000,7,false,,,,,,,kakao
7808549,로즈앤크라운 에일 하우스,+82 10-7532-5484,"서울 용산구 이태원로19길 6 2,3층",04350,37.53474,126.99188,"바, 영국 요리, 펍",월 16:00~01:00 / 화 16:00~01:00 / 수 16:00~01:00 / 목 16:00~01:00 / 금 17:00~02:00 / 토 13:00~02:00 / 일 16:00~01:00,,https://dynamic-media-cdn.tripadvisor.com/media/photo-o/32/e0/0d/6d/caption.jpg?w=200&h=-1&s=1,https://www.tripadvisor.co.kr/Restaurant_Review-g294197-d7808549-Reviews-The_Rose_Crown-Seoul.html,32,4.2,양식,영국 감성 가득한 아늑한 펍 공간,,14934764,https://place.map.kakao.com/14934764,4900,11900,19,,,,,,,,kakao
4414181,마포 양지 설렁탕,+82 2-716-8616,서울 마포구 새창로 6,04168,37.542763,126.950066,"아시아 요리, 한국",월 07:00~20:50 / 화 07:00~20:50 / 수 07:00~20:50 / 목 07:00~20:50 / 금 07:00~20:50 / 토 07:00~20:50 / 일 07:00~20:50,,https://dynamic-media-cdn.tripadvisor.com/media/photo-o/32/b9/1a/b6/37fa8f9d-5dbb-42bb.jpg?w=200&h=-1&s=1,https://www.tripadvisor.co.kr/Restaurant_Review-g294197-d4414181-Reviews-Mapo_Yangji_Seolleongtang-Seoul.html,57,4.2,설렁탕,맑고 깊은 양지 국물과 세 가지 김치의 조화,,26973107,https://place.map.kakao.com/26973107,14000,31000,14,true,true,true,,,,,kakao
3627423,순희네 빈대떡,+82 2-2268-3344,서울 종로5가 138-9번지,,37.57051,127.0008,"아시아 요리, 한국",월 11:00~21:00 / 수 11:00~21:00 / 목 11:00~21:00 / 금 11:00~21:00 / 토 11:00~21:00 / 일 11:00~21:00,,https://dynamic-media-cdn.tripadvisor.com/media/photo-o/32/b9/1a/b6/37fa8f9d-5dbb-42bb.jpg?w=200&h=-1&s=1,https://www.tripadvisor.co.kr/Restaurant_Review-g294197-d3627423-Reviews-Sunine_Bindaetteok-Seoul.html,146,4.0,한식,겉바속촉 녹두빈대떡과 촉촉한 완자,일 20:30 / 월 20:30 / 수 20:30 / 목 20:30 / 금 20:30 / 토 20:30,18755777,https://place.map.kakao.com/18755777,2000,12000,17,true,,,,,,,kakao
15209986,교남김밥,+82 2-723-2200,서울 종로구 경교장길 35 경희궁자이 3단지 상가 1층 3116호,03180,37.568295,126.9653,"아시아 요리, 한국, 퓨전, 건강식",월 06:00~21:00 / 화 06:00~21:00 / 수 06:00~21:00 / 목 06:00~21:00 / 금 06:00~21:00 / 토 06:00~21:00 / 일 06:00~21:00,"강원도 산지의 더덕과 신선한 오징어를 분식과 접목시킨 ""요리하는 김밥집"" 김밥, 오징어요리, 집밥요리 - 건강한 식재료, 정성어린 손맛으로 입맛을 사로잡는 그 맛! 김밥과 매콤달콤한 오징어볶음, 아이를 위해서는 건강한 한우궁중떡볶이를 즐겨보세요.",https://dynamic-media-cdn.tripadvisor.com/media/photo-o/2b/09/b7/c1/caption.jpg?w=900&h=500&s=1,https://www.tripadvisor.co.kr/Restaurant_Review-g294197-d15209986-Reviews-Gyonam_Gimbab-Seoul.html,9,5.0,분식,더덕향 가득한 특별한 김밥 한입,일 20:30 / 월 20:30 / 화 20:30 / 수 20:30 / 목 20:30 / 금 20:30 / 토 20:30,1235019839,https://place.map.kakao.com/1235019839,4700,5900,25,true,,,,,,true,kakao
12657055,레드브릭 비스트로,+82 2-797-5635,서울 용산구 이태원로20길 13,04391,37.53372,126.99212,"이탈리아 요리, 프랑스 요리, 피자, 유럽 요리, 스페인 요리, 와인 바",,"Redbrick Bistro is a casual wine restaurant where you can enjoy brick oven pizza, pasta and many other home style European food. Enjoy rooftop garden and great wine selections.",https://dynamic-media-cdn.tripadvisor.com/media/photo-o/32/b9/1a/b6/37fa8f9d-5dbb-42bb.jpg?w=200&h=-1&s=1,https://www.tripadvisor.co.kr/Restaurant_Review-g294197-d12657055-Reviews-Redbrick_Bistro-Seoul.html,20,4.9,,,,,,,,,,,,,,,,
9379051,명동정,+82 2-3789-5132,서울 중구 삼일대로 299 성창빌딩 1층,04537,37.561665,126.9885,"아시아 요리, 한국, 다이너",월 11:30~21:30 / 화 11:30~21:30 / 수 11:30~21:30 / 목 11:30~21:30 / 금 11:30~21:30 / 토 11:30~21:30 / 일 11:30~21:30,"한정식 전문점입니다. 명동에 위치하고 있으며,12개 룸과 넓은 주차장을 보유하고 있습니다. 한복체험이 무료로 제공됩니다.",https://dynamic-media-cdn.tripadvisor.com/media/photo-o/32/e0/0d/6d/caption.jpg?w=200&h=-1&s=1,https://www.tripadvisor.co.kr/Restaurant_Review-g294197-d9379051-Reviews-Myongdongjeong-Seoul.html,24,4.6,한정식,"모든 고객을 개별실로 모십니다. 상견례, 외국인 접대, 무료 현수막, 무료 한복체험",,26845535,https://place.map.kakao.com/26845535,29000,65000,5,true,,,,,,,kakao
8896421,채근담,+82 2-555-9173,서울 강남구 역삼로98길 23 B1f,06188,37.503643,127.06509,"아시아 요리, 한국",일 12:00~15:00 / 일 18:00~22:00 / 월 12:00~15:00 / 월 18:00~22:00 / 화 12:00~15:00 / 화 18:00~22:00 / 수 12:00~15:00 / 수 18:00~22:00 / 목 12:00~15:00 / 목 18:00~22:00 / 금 12:00~15:00 / 금 18:00~22:00 / 토 12:00~15:00 / 토 18:00~22:00,,https://dynamic-media-cdn.tripadvisor.com/media/photo-o/12/f9/08/b1/mosquee-1.jpg?w=100&h=-1&s=1,https://www.tripadvisor.co.kr/Restaurant_Review-g294197-d8896421-Reviews-Chaegeundaam-Seoul.html,43,4.5,,,,,,,,,,,,,,,,tripadvisor
34248433,하우스 오브 디라이프스타일키친,+82 2-6106-0070,서울 서울특별시 강서구 공항대로 165 Onegrove B동 B1층,07800,37.56121,126.826035,"이탈리아 요리, 스테이크하우스, 피자",월 10:30~22:00 / 화 10:30~22:00 / 수 10:30~22:00 / 목 10:30~22:00 / 금 10:30~22:00 / 토 10:30~22:00 / 일 10:30~22:00,,https://dynamic-media-cdn.tripadvisor.com/media/photo-o/2e/30/7a/b5/caption.jpg?w=100&h=-1&s=1&cx=768&cy=960&chk=v1_7e22ebca493f2be4d45e,https://www.tripadvisor.co.kr/Restaurant_Review-g294197-d34248433-Reviews-Hauseu_obeu_dilaipeuseutailkichin-Seoul.html,11,5.0,양식,남프랑스의 러스틱한 풍요와 지중해의 햇살처럼 사랑스런 하우스 웨딩 컨셉을 경험해 보세요.,,1159514463,https://place.map.kakao.com/1159514463,11800,27300,23,true,,,,,,true,kakao
4105607,강가 강남점,+82 2-2055-3610,서울 서초구 서초동 1320-10 삼성타운전자동 B1F,,37.49661,127.0269,"인도 요리, 아시아 요리",,,https://dynamic-media-cdn.tripadvisor.com/media/photo-o/12/f9/08/b1/mosquee-1.jpg?w=100&h=-1&s=1,https://www.tripadvisor.co.kr/Restaurant_Review-g294197-d4105607-Reviews-Ganga_Gangnam-Seoul.html,81,3.9,,,,,,,,,,,,,,,,
14912179,코코이찌방야 - 명동점,+82 2-774-0111,서울 중구 명동10길 7-4 2층,04537,37.56286,126.98541,"일본 요리, 패스트푸드, 아시아 요리",일 09:00~23:00 / 월 08:00~23:00 / 화 08:00~23:00 / 수 08:00~23:00 / 목 08:00~23:00 / 금 08:00~23:00 / 토 09:00~23:00,Japanese Curry - Cocoichibanya. It opened in 1978 in Japan and now it's in Korea. Number 1 Curry Restaurant. You will not be disappointed. Everyone can enjoy. You can choose the spicy level. Curry Donkatsu - Best menu. Curry Omelet. Curry Udon. Fantastic staff and clean restaurant. Relaxing ambiance.,https://dynamic-media-cdn.tripadvisor.com/media/photo-o/17/d3/e4/97/20190607-122958-largejpg.jpg?w=900&h=500&s=1,https://www.tripadvisor.co.kr/Restaurant_Review-g294197-d14912179-Reviews-Coco_Ichibanya_Myeongdong-Seoul.html,17,4.5,,,,,,,,,,,,,,,,tripadvisor
33089455,Haepo,+82 10-2780-2289,"서울 Eulji-ro 44-gil, 19 7 1st Floor",,37.5652,127.00659,"아시아 요리, 한국",일 16:00~22:00 / 월 16:00~23:00 / 화 11:30~23:00 / 수 11:30~23:00 / 목 11:30~23:00 / 금 11:30~23:00 / 토 11:30~23:00,,https://dynamic-media-cdn.tripadvisor.com/media/photo-o/33/2b/b2/40/caption.jpg?w=900&h=500&s=1,https://www.tripadvisor.co.kr/Restaurant_Review-g294197-d33089455-Reviews-Haepo-Seoul.html,8,5.0,,,,,,,,,,,,,,,,tripadvisor
2072711,루나아시아,+82 2-562-7992,서울 강남구 삼성로100길 15,06166,37.509758,127.056755,"인도 요리, 아시아 요리, 델리, 네팔, 방글라데쉬",월 11:00~22:00 / 화 11:00~22:00 / 수 11:00~22:00 / 목 11:00~22:00 / 금 11:00~22:00 / 토 12:00~21:00 / 일 12:00~21:00,,https://dynamic-media-cdn.tripadvisor.com/media/photo-o/12/f9/08/b1/mosquee-1.jpg?w=100&h=-1&s=1,https://www.tripadvisor.co.kr/Restaurant_Review-g294197-d2072711-Reviews-Luna_Asia_Indian_Restaurant-Seoul.html,53,4.2,인도음식,현지 셰프가 빚어낸 정통 인도 커리,,11732885,https://place.map.kakao.com/11732885,3000,18000,11,true,,,,,,,kakao
17347897,이차돌 - 홍대점,+82 2-336-3888,서울 마포구 잔다리로6길 36,04042,37.55219,126.92119,"바베큐, 아시아 요리, 한국",,"2chadol is korean barbecue restaurant. You can enjoy Korean-style beef brisket, which is cost effective.",https://dynamic-media-cdn.tripadvisor.com/media/photo-o/17/41/f4/0e/caption.jpg?w=900&h=500&s=1,https://www.tripadvisor.co.kr/Restaurant_Review-g294197-d17347897-Reviews-Leechadol_Hongdae-Seoul.html,9,4.6,,,,,,,,,,,,,,,,
6643598,코텔라 코레아노스 데낄라 라운지,+82 2-547-4427,서울 강남구 선릉로157길 25 B1,,37.526127,127.0377,"멕시코 요리, 바, 펍, 다이닝 바",일 12:00~00:00 / 월 17:00~00:00 / 화 17:00~00:00 / 수 17:00~00:00 / 목 17:00~00:00 / 금 17:00~00:00 / 토 12:00~00:00,,https://dynamic-media-cdn.tripadvisor.com/media/photo-o/32/b9/1a/b6/37fa8f9d-5dbb-42bb.jpg?w=200&h=-1&s=1,https://www.tripadvisor.co.kr/Restaurant_Review-g294197-d6643598-Reviews-Cotela_Coreanos_Tequila_Lounge-Seoul.html,74,4.2,,,,,,,,,,,,,,,,tripadvisor
7266651,뱃고동,+82 2-514-8008,서울 강남구 언주로172길 54,06018,37.52693,127.0381,"아시아 요리, 한국",월 11:30~21:30 / 화 11:30~21:30 / 수 11:30~21:30 / 목 11:30~21:30 / 금 11:30~21:30 / 토 11:30~21:30 / 일 11:30~21:30,,https://dynamic-media-cdn.tripadvisor.com/media/photo-o/25/6d/ef/27/caption.jpg?w=200&h=-1&s=1&cx=1920&cy=1080&chk=v1_9cf3de15fd3c34a7250c,https://www.tripadvisor.co.kr/Restaurant_Review-g294197-d7266651-Reviews-Batgodong-Seoul.html,42,4.3,"해물,생선",35년 전통 매콤 오징어볶음 명가,일 21:00 / 월 21:00 / 화 21:00 / 수 21:00 / 목 21:00 / 금 21:00 / 토 21:00,25046575,https://place.map.kakao.com/25046575,9000,16500,18,true,true,true,,,,,kakao
3543818,매드포갈릭 강남점,+82 2-562-6977,서울 강남구 역삼동 648-19,,37.499283,127.03232,"이탈리아 요리, 피자, 유럽 요리",,,https://dynamic-media-cdn.tripadvisor.com/media/photo-o/12/f9/08/b1/mosquee-1.jpg?w=100&h=-1&s=1,https://www.tripadvisor.co.kr/Restaurant_Review-g294197-d3543818-Reviews-Mad_for_Garlic_Gangnam_Store-Seoul.html,75,4.0,,,,,,,,,,,,,,,,
12204921,화해당 여의도점,+82 2-785-4422,서울 영등포구 국회대로74길 20 맨하탄21리빙텔 2층 205호,07238,37.529633,126.92173,,월 09:00~21:00 / 화 09:00~21:00 / 수 09:00~21:00 / 목 09:00~21:00 / 금 09:00~21:00 / 토 09:00~21:00,,https://dynamic-media-cdn.tripadvisor.com/media/photo-o/10/58/9a/fd/photo1jpg.jpg?w=900&h=500&s=1,https://www.tripadvisor.co.kr/Restaurant_Review-g294197-d12204921-Reviews-Hwahaedang_Yeouido-Seoul.html,22,4.4,,살이 꽉 찬 간장게장 정식의 진수,,25148510,https://place.map.kakao.com/25148510,50000,62500,2,true,,true,true,,,,tripadvisor
8783662,손가네 닭한마리,+82 2-2234-9065,서울 종로구 종로66가길 10,03115,37.573704,127.02157,,,,https://dynamic-media-cdn.tripadvisor.com/media/photo-o/10/cc/c9/20/caption.jpg?w=900&h=500&s=1,https://www.tripadvisor.co.kr/Restaurant_Review-g294197-d8783662-Reviews-Songane_Dakhanmari-Seoul.html,41,4.7,,마늘 가득 깊은 국물 닭한마리의 품격,,12759871,https://place.map.kakao.com/12759871,29000,29000,1,true,,,,,,,
34275091,우미회관 종각본점,+82 10-2663-3113,서울 우정국로2길 8 1층,03189,37.485416,126.50743,"아시아 요리, 한국",월 11:00~01:00 / 화 11:00~01:00 / 수 11:00~01:00 / 목 11:00~01:00 / 금 11:00~01:00 / 토 12:00~01:00 / 일 12:00~01:00,,https://dynamic-media-cdn.tripadvisor.com/media/photo-o/32/f0/41/3e/caption.jpg?w=900&h=500&s=1,https://www.tripadvisor.co.kr/Restaurant_Review-g294197-d34275091-Reviews-Woomi_Hall_Jonggak-Seoul.html,5,5.0,"육류,고기",한옥 감성 품은 신선한 소고기 향연,,1917387575,https://place.map.kakao.com/1917387575,13000,30000,20,,,,,,,,kakao
9254782,스시도쿠 왕십리본점,+82 2-2281-3255,서울 왕십리광장로 8,,37.561073,127.0361,,월 11:30~22:00 / 화 11:30~22:00 / 수 11:30~22:00 / 목 11:30~22:00 / 금 11:30~22:00 / 토 11:30~22:00 / 일 11:30~22:00,아직 스시도쿠 왕십리본점에 대한 콘텐츠가 없습니다. 시간 아직 등록된 영업시간이 없습니다 연락처 전화,https://dynamic-media-cdn.tripadvisor.com/media/photo-o/32/e0/0f/4e/caption.jpg?w=100&h=-1&s=1,https://www.tripadvisor.co.kr/Restaurant_Review-g294197-d9254782-Reviews-Seoul.html,16,4.8,"초밥,롤",신선함 가득한 정통 일식 초밥의 향연,일 21:20 / 월 21:20 / 화 21:20 / 수 21:20 / 목 21:20 / 금 21:20 / 토 21:20,26792732,https://place.map.kakao.com/26792732,15900,27350,12,true,,,,,,,kakao
8961549,황곱,+82 2-337-8292,서울 어울마당로 149,,37.561993,126.92626,건강식,월 17:00~23:00 / 화 17:00~23:00 / 수 17:00~23:00 / 목 17:00~23:00 / 금 15:00~24:00 / 토 15:00~24:00 / 일 15:00~23:00,,https://dynamic-media-cdn.tripadvisor.com/media/photo-o/12/f9/08/b1/mosquee-1.jpg?w=100&h=-1&s=1,https://www.tripadvisor.co.kr/Restaurant_Review-g294197-d8961549-Reviews-Hwanggop-Seoul.html,33,4.9,"곱창,막창",곱이 꽉 찬 쫄깃한 소곱창의 유혹,,18514677,https://place.map.kakao.com/18514677,20000,27000,9,,,,,,,,kakao
9326987,피자힐,+82 2-450-4699,서울 워커힐로 177 Sheraton Grand walkerhill Seoul,143708,37.55388,127.109146,"이탈리아 요리, 피자",,,https://dynamic-media-cdn.tripadvisor.com/media/photo-o/32/e0/0e/ff/caption.jpg?w=200&h=-1&s=1,https://www.tripadvisor.co.kr/Restaurant_Review-g294197-d9326987-Reviews-Pizza_Hil-Seoul.html,131,4.1,,,,,,,,,,,,,,,,
28604421,구룡관 혜화본점,+82 50-71477-7225,서울 창경궁로 258-5 종로구,,37.550262,126.997086,중국 요리,화 17:00~00:30 / 수 17:00~00:30 / 목 17:00~00:30 / 금 17:00~00:30 / 토 12:00~00:30 / 일 12:00~00:30,,https://dynamic-media-cdn.tripadvisor.com/media/photo-o/22/c4/5f/3d/caption.jpg?w=200&h=-1&s=1&cx=999&cy=562&chk=v1_13a52aa748e534826638,https://www.tripadvisor.co.kr/Restaurant_Review-g294197-d28604421-Reviews-Guryongkwan_Hyehwa_Main_Branch-Seoul.html,9,5.0,중식,"2~100인 예약 가능 혜화 대학로 분위기 맛집, 중식당",,40669117,https://place.map.kakao.com/40669117,6900,20400,16,,,,,,,,kakao
2230269,오장동 흥남집,+82 2-2266-0735,서울 중구 오장동 101-7,,37.56438,127.0004,"아시아 요리, 한국",월 11:00~20:30 / 화 11:00~20:30 / 목 11:00~20:30 / 금 11:00~20:30 / 토 11:00~20:30 / 일 11:00~20:30,,https://dynamic-media-cdn.tripadvisor.com/media/photo-o/12/f9/08/b1/mosquee-1.jpg?w=100&h=-1&s=1,https://www.tripadvisor.co.kr/Restaurant_Review-g294197-d2230269-Reviews-Ojangdong_Heungnamjip-Seoul.html,57,4.2,냉면,70년 전통의 깊은 육향과 쫄깃한 면발,일 20:00 / 월 20:00 / 화 20:00 / 목 20:00 / 금 20:00 / 토 20:00,8174854,https://place.map.kakao.com/8174854,12000,15000,8,true,true,,,,,,kakao
8981399,IZAKAYA,,서울 구천면로 13,,37.546783,127.107285,"아시아 요리, 한국",,,https://dynamic-media-cdn.tripadvisor.com/media/photo-o/15/81/c5/7d/img-20181107-123759-largejpg.jpg?w=700&h=400&s=1,https://www.tripadvisor.co.kr/Restaurant_Review-g294197-d8981399-Reviews-Izakaya-Seoul.html,7,4.6,,,,,,,,,,,,,,,,
8428578,로코스 BBQ,+82 2-794-3234,서울 용산구 회나무로 83,04344,37.540806,126.99563,"사우스웨스턴, 바베큐",월 11:30~22:00 / 화 11:30~22:00 / 수 11:30~22:00 / 목 11:30~22:00 / 금 11:30~22:00 / 토 11:30~22:00 / 일 11:30~22:00,,https://dynamic-media-cdn.tripadvisor.com/media/photo-o/2a/e7/cb/38/caption.jpg?w=200&h=-1&s=1&cx=1920&cy=1080&chk=v1_1f207b82e6d8d71c5884,https://www.tripadvisor.co.kr/Restaurant_Review-g294197-d8428578-Reviews-Locos_BBQ-Seoul.html,42,4.2,"스테이크,립",참나무 훈연 깊은 풍미의 미국식 바비큐,,618020526,https://place.map.kakao.com/618020526,6900,53900,7,true,,,,,,,kakao
33405834,살롱 드 상상,+82 2-324-4040,서울 월드컵북로 15길 20 1층,03966,37.56296,126.912964,프랑스 요리,월 11:30~15:00 / 월 17:00~22:00 / 화 11:30~15:00 / 화 17:00~22:00 / 수 11:30~15:00 / 수 17:00~22:00 / 목 11:30~15:00 / 목 17:00~22:00 / 금 11:30~15:00 / 금 17:00~22:00 / 토 11:30~15:00 / 토 17:00~22:00,"합리적인 가격의 호텔식 요리와 와인, 문화가 있는 프렌치 레스토랑 입니다. 와인 칼럼리스트겸 소믈리에인 대표가 유럽에서 사용하던 다양한 오브제로 꾸민 실내에서 매월 마지막주 토요일 진행되는 살롱콘서트와 와인을 겸한 디너코스는 18세기 프랑스의 살롱문화를 현대에 맞게 재현하였습니다.",https://dynamic-media-cdn.tripadvisor.com/media/photo-o/12/f9/08/b1/mosquee-1.jpg?w=100&h=-1&s=1,https://www.tripadvisor.co.kr/Restaurant_Review-g294197-d33405834-Reviews-Salon_de_Sangsang-Seoul.html,22,5.0,,,,,,,,,,,,,,,,tripadvisor
10660437,더플레이스,+82 2-6456-8968,서울 중구 한강대로 416 서울 스퀘어 1층,04637,37.55595,126.97333,"이탈리아 요리, 피자",월 11:00~21:30 / 화 11:00~21:30 / 수 11:00~21:30 / 목 11:00~21:30 / 금 11:00~21:30 / 토 11:00~21:00 / 일 11:00~21:00,,https://dynamic-media-cdn.tripadvisor.com/media/photo-o/2f/bd/f5/74/caption.jpg?w=200&h=-1&s=1&cx=1920&cy=1080&chk=v1_d34c05b86a448200f657,https://www.tripadvisor.co.kr/Restaurant_Review-g294197-d10660437-Reviews-The_Place-Seoul.html,21,4.1,이탈리안,이탈리아 감성 가득한 아늑한 공간,,1425250216,https://place.map.kakao.com/1425250216,5000,24500,20,true,true,true,true,,,,kakao
4826339,명동 생선구이 & 김치찌개,+82 2-752-6649,서울 중구 남창동 168-2,,37.557728,126.97775,"해산물, 아시아 요리, 한국",월 10:30~21:00 / 화 10:30~21:00 / 수 10:30~21:00 / 목 10:30~21:00 / 금 10:30~21:00 / 토 10:30~21:00,,https://dynamic-media-cdn.tripadvisor.com/media/photo-o/16/0c/a0/27/photo1jpg.jpg?w=900&h=500&s=1,https://www.tripadvisor.co.kr/Restaurant_Review-g294197-d4826339-Reviews-Uncle_s_Grilled_Fish-Seoul.html,17,4.6,"해물,생선",바삭촉촉 고등어구이의 정석,월 20:30 / 화 20:30 / 수 20:30 / 목 20:30 / 금 20:30 / 토 20:30,15648085,https://place.map.kakao.com/15648085,10000,11000,10,false,,,,,,,kakao
33020163,전설의우대갈비 잠실석촌호수,+82 2-6958-9058,서울 오금로 105 덕림빌딩 4층,,37.51298,127.10802,바베큐,월 11:10~21:50 / 화 11:10~21:50 / 수 11:10~21:50 / 목 11:10~21:50 / 금 11:10~21:50 / 토 11:10~21:50 / 일 11:10~21:50,,https://dynamic-media-cdn.tripadvisor.com/media/photo-o/2f/84/d9/ad/caption.jpg?w=900&h=500&s=1,https://www.tripadvisor.co.kr/Restaurant_Review-g294197-d33020163-Reviews-Legendary_Ribs_Jamsil_Seokchon_Lake-Seoul.html,10,4.9,"육류,고기","정액 과금 10,000원 2차로 다른 곳을 가시더라도 추가금은 없습니다.",,893236534,https://place.map.kakao.com/893236534,22000,28000,5,true,,,,,,true,kakao
9238473,소녀방앗간,+82 2-6268-0778,서울 성동구 왕십리로5길 9-16,04768,37.54656,127.04419,"아시아 요리, 한국",월 11:30~20:30 / 화 11:30~20:30 / 수 11:30~20:30 / 목 11:30~20:30 / 금 11:30~20:30 / 토 11:30~20:30 / 일 11:30~20:30,,https://dynamic-media-cdn.tripadvisor.com/media/photo-o/32/b9/1a/b6/37fa8f9d-5dbb-42bb.jpg?w=200&h=-1&s=1,https://www.tripadvisor.co.kr/Restaurant_Review-g294197-d9238473-Reviews-Sonyeo_Bangatgan-Seoul.html,22,4.2,한식,모두의 마음속에는 소녀가있습니다. 늘 정갈하고 소박한 마음으로 건강한 식사를 준비하겠습니다,일 20:00 / 월 20:00 / 화 20:00 / 수 20:00 / 목 20:00 / 금 20:00 / 토 20:00,26510896,https://place.map.kakao.com/26510896,4000,12800,12,true,,,,,,true,kakao
32761976,대보정 시청역점,+82 2-310-9554,"서울 41, Sejong-daero 9-gil Jung-gu Pacific Tower, B1, Unit 4",04513,37.562202,126.97328,"스테이크하우스, 바베큐, 아시아 요리, 한국",월 11:00~22:00 / 화 11:00~22:00 / 수 11:00~22:00 / 목 11:00~22:00 / 금 11:00~22:00 / 토 11:30~22:00,"대보정 시청역점은 한식의 깊은 맛과 품격을 현대적으로 풀어낸 한식당입니다. 정갈한 한식 코스와 엄선된 재료로 준비된 요리는 중요한 비즈니스 미팅, 회식, 상견례, 가족 모임에 최적화되어 있습니다. 세련된 분위기의 프라이빗 공간에서 편안하게 식사를 즐길 수 있으며, 시청역 인근 직장인과 미식가들에게 꾸준히 사랑받는 서울역, 시청역 대표 한식 맛집입니다.",https://dynamic-media-cdn.tripadvisor.com/media/photo-o/2e/79/cd/53/caption.jpg?w=900&h=500&s=1,https://www.tripadvisor.co.kr/Restaurant_Review-g294197-d32761976-Reviews-Daebojung-Seoul.html,10,5.0,갈비,"서울시청역 갈비,한우,샤브샤브,불고기 등 최상급식재료를 취급하는 회식,상견례,한우 맛집",,224301553,https://place.map.kakao.com/224301553,39000,69000,8,true,,,,,,true,kakao
8935862,애슐리 - 잠실 롯데캐슬점,+82 2-2146-2235,서울 송파구 올림픽로 269 지하1층,05510,,,미국 요리,월 11:00~21:00 / 화 11:00~21:00 / 수 11:00~21:00 / 목 11:00~21:00 / 금 11:00~21:30 / 토 11:00~21:30 / 일 11:00~21:30,,https://dynamic-media-cdn.tripadvisor.com/media/photo-o/12/aa/54/ce/20180417-112401-largejpg.jpg?w=800&h=500&s=1,https://www.tripadvisor.co.kr/Restaurant_Review-g294197-d8935862-Reviews-Ashley-Seoul.html,7,4.7,패밀리레스토랑,다채로운 맛과 여유로운 공간의 뷔페,,21302210,https://place.map.kakao.com/21302210,7900,17900,6,true,,,,,,true,kakao
33974073,고씨네동해막국수 종로직영점,+82 2-737-0575,서울 인사동 12길 3,,37.574524,126.98463,"아시아 요리, 한국",월 11:00~21:30 / 화 11:00~21:30 / 수 11:00~21:30 / 목 11:00~21:30 / 금 11:00~21:30 / 토 11:00~21:30 / 일 11:00~21:30,,https://dynamic-media-cdn.tripadvisor.com/media/photo-o/32/25/80/a2/caption.jpg?w=900&h=500&s=1,https://www.tripadvisor.co.kr/Restaurant_Review-g294197-d33974073-Reviews-Gossine_Donghae_Makguksu_Jongno_Direct_Branch-Seoul.html,9,4.9,국수,한옥 감성 가득한 메밀막국수 명가,일 20:30 / 월 20:30 / 화 20:30 / 수 20:30 / 목 20:30 / 금 20:30 / 토 20:30,1767144727,https://place.map.kakao.com/1767144727,6500,13000,29,true,true,true,,,,,kakao
2479028,피자 필,+82 2-795-3283,서울 종로구 청계천로 59 2F,03189,37.533974,126.98908,"이탈리아 요리, 피자",월 11:00~14:00 / 월 17:00~22:00 / 화 11:00~14:00 / 화 17:00~22:00 / 수 11:00~14:00 / 수 17:00~22:00 / 목 11:00~14:00 / 목 17:00~22:00 / 금 11:00~14:00 / 금 17:00~22:00 / 토 12:00~22:00,,https://dynamic-media-cdn.tripadvisor.com/media/photo-o/2a/e7/ad/28/caption.jpg?w=200&h=-1&s=1&cx=1920&cy=1080&chk=v1_f2b1be7044cdd54f81e3,https://www.tripadvisor.co.kr/Restaurant_Review-g294197-d2479028-Reviews-The_Pizza_Peel-Seoul.html,96,4.4,,뉴욕 감성 가득한 담백한 화덕피자,,1397192634,https://place.map.kakao.com/1397192634,16000,16000,3,,,,,,,,tripadvisor
12891682,모로코코 카페,+82 2-794-8367,서울 용산구 신흥로 34,04339,,,"모로칸, 지중해 요리, 중동 요리",일 12:00~22:00 / 화 12:00~22:00 / 수 12:00~22:00 / 목 12:00~22:00 / 금 12:00~22:00 / 토 12:00~22:00,,https://dynamic-media-cdn.tripadvisor.com/media/photo-o/12/f9/08/b1/mosquee-1.jpg?w=100&h=-1&s=1,https://www.tripadvisor.co.kr/Restaurant_Review-g294197-d12891682-Reviews-Morococo_Cafe-Seoul.html,18,4.6,,모로코 감성 가득한 이국적 브런치 공간,,276990260,https://place.map.kakao.com/276990260,7000,14000,3,false,,true,,,true,,tripadvisor
3944111,롯데리아 롯데몰김포공항,+82 2-6116-5420,서울 강서구 방화동 886-8,,37.56385,126.80363,,,,https://dynamic-media-cdn.tripadvisor.com/media/photo-o/22/c4/5f/3d/caption.jpg?w=200&h=-1&s=1&cx=999&cy=562&chk=v1_13a52aa748e534826638,https://www.tripadvisor.co.kr/Restaurant_Review-g294197-d3944111-Reviews-Lotteria_Lotte_Mall_Gimpo_Airport_Store-Seoul.html,59,3.9,,,,,,,,,,,,,,,,
8638851,미사리 밀빛 초계국수 코엑스몰점,+82 2-6002-6566,서울 강남구 영동대로 513 코엑스몰,06164,37.512238,127.06031,한국,월 10:30~22:00 / 화 10:30~22:00 / 수 10:30~22:00 / 목 10:30~22:00 / 금 10:30~22:00 / 토 10:30~22:00 / 일 10:30~22:00,,https://dynamic-media-cdn.tripadvisor.com/media/photo-o/30/b2/1e/1e/caption.jpg?w=200&h=-1&s=1&cx=1920&cy=1080&chk=v1_da5001ed380964b5fa79,https://www.tripadvisor.co.kr/Restaurant_Review-g294197-d8638851-Reviews-Misari_Milbit_Chogyeguksu_COEX_Mall-Seoul.html,27,4.4,국수,살얼음 동동 시원한 초계국수 한 그릇,,26897084,https://place.map.kakao.com/26897084,12000,13000,7,,true,true,true,,,,kakao
9751907,온더보더 IFC몰점,+82 2-6137-5682,서울 영등포구 국제금융로 10 IFC몰 B3,07326,37.525482,126.92556,멕시코 요리,,,https://dynamic-media-cdn.tripadvisor.com/media/photo-o/32/e0/0e/ff/caption.jpg?w=200&h=-1&s=1,https://www.tripadvisor.co.kr/Restaurant_Review-g294197-d9751907-Reviews-On_The_Border_IFC_Mall-Seoul.html,67,3.9,,멕시코 정취 가득한 넓고 쾌적한 공간,,18159889,https://place.map.kakao.com/18159889,28000,32000,3,true,,,,,,true,
32880101,금성회관 목동직영점,1533-0383,서울 목동동로 222-3 1층,,37.525467,126.872185,"아시아 요리, 한국",일 12:00~23:00 / 월 11:00~14:00 / 월 16:00~23:00 / 화 11:00~14:00 / 화 16:00~23:00 / 수 11:00~14:00 / 수 16:00~23:00 / 목 11:00~14:00 / 목 16:00~23:00 / 금 11:00~14:00 / 금 16:00~23:00 / 토 12:00~23:00,,https://dynamic-media-cdn.tripadvisor.com/media/photo-o/2e/cb/40/b9/caption.jpg?w=900&h=500&s=1,https://www.tripadvisor.co.kr/Restaurant_Review-g294197-d32880101-Reviews-Geumseonghoegwan_Mokdong_Direct_Branch-Seoul.html,10,5.0,,,,,,,,,,,,,,,,tripadvisor
10747919,쉐이크쉑 강남점,+82 80-731-2027,서울 강남구 강남대로 452,06123,37.502666,127.025375,"미국 요리, 패스트푸드",일 11:00~23:00 / 월 11:00~23:00 / 화 11:00~23:00 / 수 11:00~23:00 / 목 11:00~23:00 / 금 11:00~23:00 / 토 11:00~23:00,,https://dynamic-media-cdn.tripadvisor.com/media/photo-o/32/e0/0e/ff/caption.jpg?w=200&h=-1&s=1,https://www.tripadvisor.co.kr/Restaurant_Review-g294197-d10747919-Reviews-Shake_Shack_Gangnam-Seoul.html,110,3.7,,통창 너머 햇살 가득한 쉑버거 공간,,1193848374,https://place.map.kakao.com/1193848374,9200,9200,1,,,,,,,true,tripadvisor
34301707,너마늘 안동갈비,+82 10-7231-8785,서울 선릉로 94길 15 1층,,37.506233,127.04993,"바베큐, 아시아 요리, 한국, 그릴",월 11:00~06:00 / 화 11:00~06:00 / 수 11:00~06:00 / 목 11:00~06:00 / 금 16:00~21:00 / 토 16:00~21:00 / 일 16:00~21:00,"""【Neomaneul Andong Galbi — Seolleung Flagship】 Seoul Metropolitan Government Certified Restaurant, ""Tongkwaehan Hankki"" Gangnam No.1 Welcome to Neomaneul Andong Galbi, a premium Korean hanwoo dining destination at Seolleung. We serve only the finest — 1++ grade, No.9 top-tier Korean hanwoo beef, the highest classification available. Our signature Andong-style galbi, perfected with a special garlic marinade, delivers a flavor experience unlike any other. From melt-in-your-mouth fresh beef ribs to limited-quantity premium hanwoo cuts, every dish is a promise of unforgettable dining. Our spacious, refined interior and fully private dining rooms accommodate everything from intimate gatherings to large-scale events of up to 80 guests.""",https://dynamic-media-cdn.tripadvisor.com/media/photo-o/33/26/f7/a5/caption.jpg?w=900&h=500&s=1,https://www.tripadvisor.co.kr/Restaurant_Review-g294197-d34301707-Reviews-Neomaneul_andong_galbi-Seoul.html,10,5.0,갈비,마늘향 가득한 부드러운 한우 갈비,,1193962494,https://place.map.kakao.com/1193962494,7000,10000,17,,,,,,,,kakao
9221517,탑클라우드23,,서울 백범로 192,,,,,,아직 탑클라우드23에 대한 콘텐츠가 없습니다. 시간 아직 등록된 영업시간이 없습니다 연락처 아직 연락처 정보가 없습니다,https://dynamic-media-cdn.tripadvisor.com/media/photo-o/0a/95/e7/b4/23.jpg?w=900&h=500&s=1,https://www.tripadvisor.co.kr/Restaurant_Review-g294197-d9221517-Reviews-Top_Keulraudeu23-Seoul.html,9,4.1,,,,,,,,,,,,,,,,
12384635,델리인디아,+82 2-2631-2109,서울 마포구 독막로9길 8 2층,04048,37.548546,126.91972,"인도 요리, 아시아 요리, 퓨전, 네팔",월 11:00~22:00 / 화 11:00~22:00 / 수 11:00~22:00 / 목 11:00~22:00 / 금 11:00~22:10 / 토 11:00~22:00 / 일 11:00~22:00,"This is an Indian restaurent.We provide original Indian food and Fusion Indian food for our Guest. Our main dish is Tandoori chicken.Chicken Tika,Butter Chicken ( Chicken Makhani ), Chicken /Mutton/ Prawn Masala,Chicken /Mutton /Prawn Vindalo, And Vegetable curry, Palak Paneer,Chana Masala. Dal Makhani,Palak Alu.And Nan Item Plain /Butter/Garlic/Sweet Nan.We also Provide Biryani( Veg,Chicken.Mutton ).We have also drinks item sucha as Indian beer, Korean Beer . Indian Whisky and also korean soju.",https://dynamic-media-cdn.tripadvisor.com/media/photo-o/32/e0/0f/4e/caption.jpg?w=100&h=-1&s=1,https://www.tripadvisor.co.kr/Restaurant_Review-g294197-d12384635-Reviews-Delhi_India-Seoul.html,23,4.7,인도음식,현지 향신료 가득한 정통 인도 커리,,27416360,https://place.map.kakao.com/27416360,2500,12400,50,,,,,,,,kakao
7161382,흑돈가 삼성역점,+82 2-2051-0008,서울 강남구 봉은사로86길 14,06163,37.51281,127.05679,"바베큐, 아시아 요리, 한국",월 11:30~22:00 / 화 11:30~22:00 / 수 11:30~22:00 / 목 11:30~22:00 / 금 11:30~22:00 / 토 11:30~22:00 / 일 11:30~22:00,,https://dynamic-media-cdn.tripadvisor.com/media/photo-o/32/b9/1a/b6/37fa8f9d-5dbb-42bb.jpg?w=200&h=200&s=1,https://www.tripadvisor.co.kr/Restaurant_Review-g294197-d7161382-Reviews-Black_Pig_Samseong_Station-Seoul.html,91,3.8,"육류,고기",제주 흑돼지 숯불구이의 진수,일 21:20 / 월 21:20 / 화 21:20 / 수 21:20 / 목 21:20 / 금 21:20 / 토 21:20,8686213,https://place.map.kakao.com/8686213,4000,18000,15,true,true,true,true,,,,kakao
9449697,마장동한우촌,+82 2-2281-9292,서울 마장로35길 68,,37.570866,127.04191,"아시아 요리, 한국",월 11:00~22:00 / 화 11:00~22:00 / 수 11:00~22:00 / 목 11:00~22:00 / 금 11:00~22:00 / 토 11:00~22:00 / 일 11:00~22:00,,https://dynamic-media-cdn.tripadvisor.com/media/photo-o/2a/e0/cc/58/caption.jpg?w=900&h=500&s=1,https://www.tripadvisor.co.kr/Restaurant_Review-g294197-d9449697-Reviews-Majangdong_Korean_Beef_Village-Seoul.html,16,4.6,"육류,고기",투뿔 한우의 진가를 느끼는 정직한 손질,,8603223,https://place.map.kakao.com/8603223,3000,7000,14,true,true,true,true,,,,kakao
26560704,종삼육,+82 507-1332-4450,서울 종로구 돈화문로11길 8-1 Right in front of Exit #6 of Jongno 3-ga Subway Station,,37.572826,126.99098,"바베큐, 한국, 그릴",월 14:00~22:00 / 화 14:00~22:00 / 수 14:00~22:00 / 목 14:00~22:00 / 금 14:00~22:00 / 토 14:00~22:00 / 일 14:00~22:00,"종로3가역 6번 출구 바로 앞에 위치한 숙성 생고기 숯불구이 전문 음식점. 본관 1~3층(엘리베이터 있음), 야외좌석, 신관까지 있는 대형 고기집.",https://dynamic-media-cdn.tripadvisor.com/media/photo-o/2a/76/56/a4/outside-tables.jpg?w=900&h=500&s=1,https://www.tripadvisor.co.kr/Restaurant_Review-g294197-d26560704-Reviews-Jongsamyook-Seoul.html,3,5.0,"육류,고기",도심 속 루프탑에서 즐기는 다채로운 고기,,336754481,https://place.map.kakao.com/336754481,19000,28000,10,false,true,true,true,,,,kakao
10472526,소살리토바닷가재,+82 2-720-5077,서울 종로구 인사동길 15-3,03162,37.57219,126.986534,해산물,월 17:00~21:30 / 화 12:00~21:30 / 수 12:00~21:30 / 목 12:00~21:30 / 금 12:00~21:30,,https://dynamic-media-cdn.tripadvisor.com/media/photo-o/0c/b0/8d/22/20160825-204810-largejpg.jpg?w=900&h=-1&s=1,https://www.tripadvisor.co.kr/Restaurant_Review-g294197-d10472526-Reviews-Sausalito_Lobster-Seoul.html,12,4.8,바닷가재,정성 가득한 바닷가재 코스의 진수,월 20:00,27577204,https://place.map.kakao.com/27577204,130000,135000,6,,true,,,,,,kakao
33220553,로우앤슬로우 이태원 본점,+82 50-71339-2268,서울 보광로 126 2층,04460,37.534237,126.99421,"미국 요리, 바베큐, 한국, 그릴, 맥주 음식점",월 16:30~21:50 / 수 16:30~21:50 / 목 16:30~21:50 / 금 12:00~21:50 / 토 12:00~21:50 / 일 12:00~21:50,"Low & Slow uses traditional Texas-style smoking with aged oak wood, cooking meat slowly at low temperatures. We use only MBP5+ grade Australian grass-fed Wagyu, seasoned with just salt and pepper, and smoked for over 12 hours by our skilled pit masters.",https://dynamic-media-cdn.tripadvisor.com/media/photo-o/31/5e/36/be/caption.jpg?w=900&h=500&s=1,https://www.tripadvisor.co.kr/Restaurant_Review-g294197-d33220553-Reviews-Low_Slow_Itaewon_Main_Branch-Seoul.html,6,4.2,"육류,고기",부드럽게 녹는 정통 텍사스 바비큐,,1376253571,https://place.map.kakao.com/1376253571,24000,36500,8,,,,,,,,kakao
10628978,미쉬매쉬,+82 2-6465-2211,서울 종로구 창덕궁길 47-2,03057,37.57951,126.989,"유럽 요리, 아시아 요리, 한국",월 18:00~22:00 / 화 18:00~22:00 / 수 18:00~22:00 / 목 18:00~22:00 / 금 18:00~22:00 / 토 18:00~22:00,미쉬매쉬는 모던 한식 레스토랑 입니다. 우리는 전통 한식을 바탕으로 한국 요리에 대한 현대 적인 해석을 통해서 다양한 조리 방법과 맛을 탐구합니다.,https://dynamic-media-cdn.tripadvisor.com/media/photo-o/0c/85/a8/84/mishmash.jpg?w=900&h=500&s=1,https://www.tripadvisor.co.kr/Restaurant_Review-g294197-d10628978-Reviews-Mishmash-Seoul.html,18,4.5,,,,405211563,https://place.map.kakao.com/405211563,,,,,,,,,,,tripadvisor
7748125,은주정,+82 2-2265-4669,서울 중구 창경궁로8길 32,04546,37.56861,126.99981,"아시아 요리, 한국",월 11:30~22:00 / 화 11:30~22:00 / 수 11:30~22:00 / 목 11:30~22:00 / 금 11:30~22:00 / 토 11:30~22:00,,https://dynamic-media-cdn.tripadvisor.com/media/photo-o/32/e0/0d/6d/caption.jpg?w=200&h=200&s=1,https://www.tripadvisor.co.kr/Restaurant_Review-g294197-d7748125-Reviews-Eunjujeong-Seoul.html,50,4.3,삼겹살,쌈과 어우러진 깊은 김치찌개의 맛,,8050105,https://place.map.kakao.com/8050105,2000,6000,23,true,true,,true,,,,kakao
7149443,경복궁 - 관훈점,+82 507-1453-7713,서울 종로구 인사동5길 38 센터마크호텔 B1,03149,37.572548,126.9842,"아시아 요리, 한국",월 11:30~22:00 / 화 11:30~22:00 / 수 11:30~22:00 / 목 11:30~22:00 / 금 11:30~22:00 / 토 11:30~22:00 / 일 11:30~22:00,,https://dynamic-media-cdn.tripadvisor.com/media/photo-o/28/aa/b3/a9/caption.jpg?w=200&h=200&s=1&cx=1920&cy=1080&chk=v1_2d85601fcbbf769d54a8,https://www.tripadvisor.co.kr/Restaurant_Review-g294197-d7149443-Reviews-Kyungbokkung_Gwanhun-Seoul.html,31,4.2,한정식,한옥 감성 품은 프라이빗 한정식,,17103184,https://place.map.kakao.com/17103184,34000,38000,21,true,true,true,,,,,kakao
12847326,아트몬스터,+82 2-562-6854,서울 송파구 충민로 66 현대 가든파이브 테크노관 1호점,05838,37.57361,126.990486,"자가 맥주 판매pub, 바, 피자, 펍",,,https://dynamic-media-cdn.tripadvisor.com/media/photo-o/2d/e3/7b/f7/caption.jpg?w=900&h=500&s=1,https://www.tripadvisor.co.kr/Restaurant_Review-g294197-d12847326-Reviews-Art_Monster-Seoul.html,21,4.2,,,,,,,,,,,,,,,,
7834879,미스터케밥,+82 2-3463-2356,서울 용산구 이태원로 192,04406,37.53459,126.995476,"패스트푸드, 터키, 중동 요리",월 10:00~03:00 / 화 10:00~03:00 / 수 10:00~03:00 / 목 10:00~03:00 / 금 10:00~03:00 / 토 10:00~06:00 / 일 10:00~06:00,,https://dynamic-media-cdn.tripadvisor.com/media/photo-o/32/e0/0d/6d/caption.jpg?w=200&h=200&s=1,https://www.tripadvisor.co.kr/Restaurant_Review-g294197-d7834879-Reviews-Mr_Kebab-Seoul.html,66,4.0,"멕시칸,브라질",24시간 터키 정통 케밥과 달콤한 디저트,,11520662,https://place.map.kakao.com/11520662,6900,9900,30,false,true,,,,,,kakao
26773616,계옥정,+82 2-2678-5201,서울 영등포구 경인로79길 17-2 1층,,37.51332,126.89337,"바베큐, 아시아 요리, 한국",월 16:00~23:00 / 화 16:00~23:00 / 수 16:00~23:00 / 목 16:00~23:00 / 금 16:00~23:00 / 토 12:00~23:00 / 일 12:00~23:00,"문래동을 대표하는 닭 특수부위 전문점 계옥정입니다. 계옥정은 문래를 일컫는 옛 이름이었습니다. 이제 계옥정은 다시 문래를 상징하는 이름이 되었습니다. [계옥정에 방문해야 하는 이유] 1. 블루리본 서베이 2023 인증 맛집 2. 100% 국내산 신선육 사용 3. 정성을 담아 매장에서 직접 만든 소스, 장아찌 4. 초고온의 세라믹 전기그릴 초벌방식으로 육즙은 가두고 껍질의 식감은 바삭하게! 5. 초계물쫄면, 로제크림떡볶이, 계백짬뽕 등 다양한 사이드 메뉴 6. 힙한 인테리어와 라운지펍 분위기의 좌석에서 즐기는 하이볼 그 어느곳에서도 느껴보지 못한 닭 숯불구이의 새로운 기준 오로지 문래동 계옥정에서 만나보실 수 있습니다.",https://dynamic-media-cdn.tripadvisor.com/media/photo-o/32/b9/1a/b6/37fa8f9d-5dbb-42bb.jpg?w=200&h=200&s=1,https://www.tripadvisor.co.kr/Restaurant_Review-g294197-d26773616-Reviews-Gyeokjung-Seoul.html,11,4.9,양꼬치,다양한 부위 닭구이와 감각적 공간,,1649160706,https://place.map.kakao.com/1649160706,2000,15000,17,,true,true,,,,,kakao
4078598,코리아하우스,+82 2-2266-9101,서울 중구 퇴계로36길 10,04626,37.56012,126.9944,"아시아 요리, 한국",일 12:00~14:00 / 일 17:00~18:30 / 일 19:00~20:30 / 월 12:00~14:00 / 월 17:00~18:30 / 월 19:00~20:30 / 화 12:00~14:00 / 화 17:00~18:30 / 화 19:00~20:30 / 수 12:00~14:00 / 수 17:00~18:30 / 수 19:00~20:30 / 목 12:00~14:00 / 목 17:00~18:30 / 목 19:00~20:30 / 금 12:00~14:00 / 금 17:00~18:30 / 금 19:00~20:30 / 토 12:00~14:00 / 토 17:00~18:30 / 토 19:00~20:30,,https://dynamic-media-cdn.tripadvisor.com/media/photo-o/12/f9/08/b1/mosquee-1.jpg?w=200&h=200&s=1,https://www.tripadvisor.co.kr/Restaurant_Review-g294197-d4078598-Reviews-Korea_House-Seoul.html,38,3.8,,,,,,,,,,,,,,,,tripadvisor
33084804,중앙해장 원그로브점,+82 2-6106-0061,서울 165 Wongrove Mall East 1st Floor B,,37.56129,126.82478,"아시아 요리, 한국",월 09:00~23:00 / 화 09:00~23:00 / 수 09:00~23:00 / 목 09:00~23:00 / 금 09:00~23:00 / 토 08:00~23:00 / 일 08:00~22:00,"중앙해장 원그로브점은 마곡 중심 상권에 위치한 대형 해장국 전문점으로, 넓은 홀과 쾌적한 좌석 구성, 단독 룸을 갖추고 있습니다.
가족 단위 방문부터 비즈니스 미팅까지 모두 어울리는 공간으로, 주차 편의성과 쾌적한 환경을 자랑합니다.",https://dynamic-media-cdn.tripadvisor.com/media/photo-o/2f/aa/65/f6/24-a-rich-korean-hot.jpg?w=900&h=500&s=1,https://www.tripadvisor.co.kr/Restaurant_Review-g294197-d33084804-Reviews-Joongang_Hajang_Onegrove-Seoul.html,5,5.0,해장국,"삼성역 맛집 중앙해장, 드디어 마곡에 옵니다 60년 전통 중앙축산이 만든 프리미엄 해장국",,302217185,https://place.map.kakao.com/302217185,3000,16000,11,true,,,,,,true,kakao
34191807,봉고기,+820507-1360-8426,서울 619-3 경인로,08210,37.506783,126.88399,"아시아 요리, 한국, 건강식",월 11:30~22:00 / 화 11:30~22:00 / 수 11:30~22:00 / 목 11:30~22:00 / 금 12:00~22:30 / 토 12:00~22:00 / 일 12:00~22:00,"7년 연속 신도림 전체 목살 판매 1위, 누적 리뷰수 10,000개 돌파. 신도림을 대표하는 고기집 봉고기입니다. 신도림 라마다호텔과 링크호텔에 머무시는 분들께 최고의 서비스와 음식으로 대접하겠습니다.",https://dynamic-media-cdn.tripadvisor.com/media/photo-o/32/e7/72/2c/7-1-10-000.jpg?w=900&h=500&s=1,https://www.tripadvisor.co.kr/Restaurant_Review-g294197-d34191807-Reviews-Bongogi-Seoul.html,6,5.0,"육류,고기","※ 봉고기 소개 - 5년 연속 신도림 목살 판매 1위 - 누적 방문수 150,000명 돌파",,1151964774,https://place.map.kakao.com/1151964774,15900,16900,6,true,,,,,,true,kakao
34158996,고방채 동여의도본점,+820507-1489-9288,서울 여의대방로 65길 20 1청,07333,37.46212,126.92632,"아시아 요리, 한국",월 11:00~22:30 / 화 11:00~22:30 / 수 11:00~22:30 / 목 11:00~22:30 / 금 11:30~22:00 / 토 11:30~22:00,,https://dynamic-media-cdn.tripadvisor.com/media/photo-o/32/f9/b7/02/caption.jpg?w=900&h=500&s=1,https://www.tripadvisor.co.kr/Restaurant_Review-g294197-d34158996-Reviews-Gobangchae_Dong_Yeouidobonjeom-Seoul.html,27,5.0,한식,샛강역 인근 동여의도 모던 한식주점 14개 프라이빗 룸 가족모임·단체모임 예약에 좋은 본점,,1732212585,https://place.map.kakao.com/1732212585,12000,38000,42,,,,,,,true,kakao
9203939,유닭스토리,+82 2-6012-9563,서울 신촌로 105-5,,37.556953,126.93743,,월 11:00~21:50 / 화 11:00~21:50 / 수 11:00~21:50 / 목 11:00~21:50 / 금 11:00~21:50 / 토 11:00~21:50 / 일 11:00~21:50,아직 유닭스토리에 대한 콘텐츠가 없습니다.,https://dynamic-media-cdn.tripadvisor.com/media/photo-o/19/0e/e3/53/caption.jpg?w=900&h=500&s=1,https://www.tripadvisor.co.kr/Restaurant_Review-g294197-d9203939-Reviews-Yu_Chicken_Story-Seoul.html,58,5.0,닭요리,2023년~2026년 4년 연속 블루리본 서베이 선정된 신촌의 닭한마리 맛집,일 20:50 / 월 20:50 / 화 20:50 / 수 20:50 / 목 20:50 / 금 20:50 / 토 20:50,19243601,https://place.map.kakao.com/19243601,10000,11000,7,true,,,,,,true,kakao
1166551,한우리 한정식,+82 2-541-4277,서울 강남구 논현동 91-4,135010,37.521156,127.03473,"아시아 요리, 한국",,,https://dynamic-media-cdn.tripadvisor.com/media/photo-o/0a/d9/a1/7d/hanwoori-interior.jpg?w=900&h=500&s=1,https://www.tripadvisor.co.kr/Restaurant_Review-g294197-d1166551-Reviews-Hanwoori_Korean_Restaurant-Seoul.html,45,4.2,,,,,,,,,,,,,,,,
13944402,써니브레드,+82 10-9264-5282,서울 용산구 소월로2길 5,04404,37.534405,126.997406,,월 11:00~16:00 / 화 11:00~16:00 / 수 11:00~20:00 / 목 11:00~20:00 / 금 11:00~20:00,,https://dynamic-media-cdn.tripadvisor.com/media/photo-o/29/9e/f8/bd/door.jpg?w=900&h=500&s=1,https://www.tripadvisor.co.kr/Restaurant_Review-g294197-d13944402-Reviews-Sunny_Bread-Seoul.html,11,5.0,,,,,,,,,,,,,,,,tripadvisor
10691572,소브레메사,+82 2-536-0669,서울 서초구 서초대로77길 62,06611,37.502644,127.02387,"지중해 요리, 유럽 요리, 스페인 요리",일 12:00~14:00 / 일 17:30~21:00 / 화 11:30~14:00 / 화 17:30~21:00 / 수 11:30~14:00 / 수 17:30~21:00 / 목 11:30~14:00 / 목 17:30~21:00 / 금 11:30~14:00 / 금 17:30~21:00 / 토 12:00~14:00 / 토 17:30~21:00,"Is a Spanish Restaurant made by a Spanish owner Chef Edgar Quesada Pizarro and his Korean wife Kim Jung Kyun, with traditional recipes and new forms of interpretation in Spanish gourmet food. Dinning restaurant for Regular menu with a possible casual Lunch with authentic Spanish Routs.",https://dynamic-media-cdn.tripadvisor.com/media/photo-o/32/e0/0f/4e/caption.jpg?w=200&h=200&s=1,https://www.tripadvisor.co.kr/Restaurant_Review-g294197-d10691572-Reviews-Sobremesa-Seoul.html,24,4.6,,,,,,,,,,,,,,,,tripadvisor
34249019,미친양꼬치 잠실점,+820507-1424-5658,서울 백제고분로7길 28 서울 송파구  지상2층,,37.4222,126.42307,,일 14:00~00:00 / 월 14:00~00:00 / 화 14:00~00:00 / 수 14:00~00:00 / 목 14:00~00:00 / 금 14:00~00:00 / 토 14:00~00:00,,https://dynamic-media-cdn.tripadvisor.com/media/photo-o/12/f9/08/b1/mosquee-1.jpg?w=200&h=200&s=1,https://www.tripadvisor.co.kr/Restaurant_Review-g294197-d34249019-Reviews-Michin_Yangkkochi_Jamsiljeom-Seoul.html,9,5.0,,무한리필 양꼬치와 셀프 라면의 조화,,746540152,https://place.map.kakao.com/746540152,19900,21900,4,,,,,,,,tripadvisor
10747760,봉평 메밀면 사무소,+82 2-499-2111,서울 왕십리로 8길 8,,37.546288,127.04436,,월 11:00~21:00 / 화 11:00~21:00 / 수 11:00~21:00 / 목 11:00~21:00 / 금 11:00~21:00 / 토 11:00~21:00,,https://dynamic-media-cdn.tripadvisor.com/media/photo-o/32/b9/1a/b6/37fa8f9d-5dbb-42bb.jpg?w=200&h=200&s=1,https://www.tripadvisor.co.kr/Restaurant_Review-g294197-d10747760-Reviews-Bongpyeong_Memilmyeon_Samuso-Seoul.html,10,4.3,국수,시원한 메밀면과 진한 양념의 조화,월 20:30 / 화 20:30 / 수 20:30 / 목 20:30 / 금 20:30 / 토 20:30,1091718713,https://place.map.kakao.com/1091718713,9000,10000,20,true,true,,,,,,kakao
33231250,이촌닭한마리야,+82 2-790-8858,서울 19 Ichon-ro 77-gil Yongsan District,,37.520382,126.97502,"아시아 요리, 한국, 그릴, 다이너, 건강식",월 11:00~22:00 / 화 11:00~22:00 / 수 11:00~22:00 / 목 11:00~22:00 / 금 11:00~22:00 / 토 11:00~22:00 / 일 11:00~22:00,,https://dynamic-media-cdn.tripadvisor.com/media/photo-o/30/05/55/a1/caption.jpg?w=900&h=500&s=1,https://www.tripadvisor.co.kr/Restaurant_Review-g294197-d33231250-Reviews-Ichondalghanmaliya-Seoul.html,2,5.0,삼계탕,정겨운 골목의 담백한 닭한마리 맛집,일 20:30 / 월 20:30 / 화 20:30 / 수 20:30 / 목 20:30 / 금 20:30 / 토 20:30,2033745203,https://place.map.kakao.com/2033745203,10000,20000,5,,,,,,,,kakao
8322311,매니멀스모크하우스,+82 2-790-6788,서울 용산구 녹사평대로40길 47,04351,37.534515,126.98846,"미국 요리, 바베큐",월 16:30~22:00 / 화 16:30~22:00 / 수 16:30~22:00 / 목 16:30~22:00 / 금 11:30~22:00 / 토 11:30~22:30 / 일 11:30~22:00,"Manimal Smokehouse is a new American style BBQ restaurant located in Itaewon, Seoul. All meats are smoked in-house daily over cured Korean oak wood in a custom built offset smoker built in Houston, Texas. Our smoker is 100% wood powered with no electrical components.",https://dynamic-media-cdn.tripadvisor.com/media/photo-o/27/aa/37/e3/caption.jpg?w=200&h=200&s=1&cx=700&cy=466&chk=v1_e9bb673af9773acb759b,https://www.tripadvisor.co.kr/Restaurant_Review-g294197-d8322311-Reviews-Manimal_Smokehouse-Seoul.html,107,4.2,양식,First Texas Style Barbecue in Korea 2015,,26827374,https://place.map.kakao.com/26827374,47900,139900,5,,,,,,true,,kakao
9321624,피에프창 롯데월드몰점,+82 2-3213-4599,서울 송파구 올림픽로 300 5층,05551,37.513603,127.10333,"중국 요리, 아시아 요리, 스촨, 상하이",월 10:30~22:00 / 화 10:30~22:00 / 수 10:30~22:00 / 목 10:30~22:00 / 금 10:30~22:00 / 토 10:30~22:00 / 일 10:30~22:00,,https://dynamic-media-cdn.tripadvisor.com/media/photo-o/29/b6/98/46/caption.jpg?w=200&h=200&s=1&cx=1000&cy=664&chk=v1_f6e890fe40e6ec6ed122,https://www.tripadvisor.co.kr/Restaurant_Review-g294197-d9321624-Reviews-P_F_Chang_s_Lotte_World_Mall-Seoul.html,45,3.9,아시아음식,미국식 중식과 석촌호수 뷰의 만남,일 21:00 / 월 21:00 / 화 21:00 / 수 21:00 / 목 21:00 / 금 21:00 / 토 21:00,26239333,https://place.map.kakao.com/26239333,5000,23400,32,,true,,true,true,,,kakao
17427158,삼정하누 - 광화문점,+82 2-722-8500,서울 종로구 사직로8길 11,03169,37.575027,126.97014,"스테이크하우스, 바베큐, 아시아 요리, 한국",일 11:00~22:00 / 월 11:00~22:00 / 화 11:00~22:00 / 수 11:00~22:00 / 목 11:00~22:00 / 금 11:00~22:00 / 토 11:00~22:00,,https://dynamic-media-cdn.tripadvisor.com/media/photo-o/30/e1/2e/88/caption.jpg?w=900&h=-1&s=1,https://www.tripadvisor.co.kr/Restaurant_Review-g294197-d17427158-Reviews-Samjunghanu_Gwanghwamun-Seoul.html,5,5.0,,드라이에이징 한우의 깊은 풍미와 여유,,258908705,https://place.map.kakao.com/258908705,10000,57000,4,true,,,,,,,tripadvisor
9878254,Charles H.,+82 2-6388-5500,서울 종로구 새문안로 97 포시즌스 호텔 서울 지하 1층,03183,37.570686,126.975685,"바, 펍",월 18:00~01:30 / 화 18:00~01:30 / 수 18:00~01:30 / 목 18:00~01:30 / 금 18:00~01:30 / 토 18:00~01:30 / 일 18:00~01:30,"Exotic, glamorous and steeped in the worldly romance of its namesake bon vivant, the legendary Charles H. Baker, this intimate bar discreetly hidden away on our lower level is where cocktail connoisseurs go to find the perfect drink.",https://dynamic-media-cdn.tripadvisor.com/media/photo-o/32/b9/1a/b6/37fa8f9d-5dbb-42bb.jpg?w=200&h=200&s=1,https://www.tripadvisor.co.kr/Restaurant_Review-g294197-d9878254-Reviews-Charles_H-Seoul.html,57,4.4,칵테일바,트러플 아란치니와 어우러진 칵테일 향연,,27438951,https://place.map.kakao.com/27438951,26000,30000,7,true,,,,,,true,kakao
33367457,Hanwoo Spot,+82 2-2135-1092,"서울 6-10 Dosandaero 49-gil Basement 1,Gangnam-gu",,37.52355,127.03796,"바베큐, 아시아 요리, 한국, 그릴, 일본식 퓨전",화 17:00~23:00 / 수 17:00~23:00 / 목 17:00~23:00 / 금 17:00~23:00 / 토 17:00~23:00 / 일 17:00~23:00,"예약은 공식 웹사이트를 통해 하실 수 있습니다. 한우스팟은 모든 고객이 프라이빗룸에서 편안하게 식사하실 수 있도록 마련한 고품격 다이닝 공간입니다. 국내 최고 등급 1++ 한우와 제철 식재료, 셰프의 정성어린 코스 구성과 함께, 메인인 한우 구이는 전문 스태프가 전용 그릴 스테이션에서 정교한 온도 관리로 구워 제철 채소 가니쉬와 함께 달군 주물 워머에 담아 프라이빗룸 테이블로 올려 드립니다. 프라이빗룸에서는 연기와 냄새 걱정 없이 오롯이 식사와 대화에 집중하실 수 있습니다. 압구정로데오와 도산공원 인근에서 프라이빗하고 품격 있는 미식 경험을 즐겨보세요.",https://dynamic-media-cdn.tripadvisor.com/media/photo-o/30/a9/30/b5/this-is-hanwoo-spot-s.jpg?w=900&h=500&s=1,https://www.tripadvisor.co.kr/Restaurant_Review-g294197-d33367457-Reviews-Hanwoo_Spot-Seoul.html,6,5.0,"육류,고기",프라이빗 룸에서 즐기는 1++ 한우 코스,일 21:30 / 화 21:30 / 수 21:30 / 목 21:30 / 금 21:30 / 토 21:30,1047462551,https://place.map.kakao.com/1047462551,,,,true,true,true,,,true,,kakao
27799092,Bornyon,+82 2-3443-0907,서울 742 Nonhyeon-ro 7th Floor,06049,37.518253,127.029015,"한국, 컨템퍼러리",화 17:30~22:30 / 수 17:30~22:30 / 목 17:30~22:30 / 금 17:30~22:30 / 토 17:30~22:30,"서울 강남 논현, 도심의 야경과 테라스를 함께 즐길 수 있는 아름다운 레스토랑. 본연(Bornyon)은 ‘한식’, ‘발효’, 그리고 ‘우드파이어’를 연결해 한국 고유의 정체성과 조리법을 현대적인 다이닝 경험으로 풀어냅니다. 가장 오래된 조리 방식 중 하나인 장작불 위에서, 제철 식재료와 발효의 깊이를 더해 익숙하면서도 새로운 한국식 미식을 선보입니다.",https://dynamic-media-cdn.tripadvisor.com/media/photo-o/2c/66/e9/09/caption.jpg?w=900&h=500&s=1,https://www.tripadvisor.co.kr/Restaurant_Review-g294197-d27799092-Reviews-Bornyon-Seoul.html,19,5.0,,제철 재료로 완성한 정갈한 코스 요리,,143050534,https://place.map.kakao.com/143050534,170000,200000,2,,,,,,,,tripadvisor
14058203,공기,+8250714047753,서울 용산구 이태원로54길 16-7,04400,37.53728,127.00251,"아시아 요리, 한국",월 12:00~21:30 / 화 12:00~21:30 / 수 12:00~21:30 / 목 12:00~21:30 / 금 12:00~21:30 / 토 12:00~21:30 / 일 12:00~21:00,,https://dynamic-media-cdn.tripadvisor.com/media/photo-o/12/cf/78/34/getlstd-property-photo.jpg?w=900&h=500&s=1,https://www.tripadvisor.co.kr/Restaurant_Review-g294197-d14058203-Reviews-Gongi-Seoul.html,7,5.0,한식,,,617210652,https://place.map.kakao.com/617210652,8000,33000,18,true,,,,,true,,kakao
7887233,창고43 - 본점,+82 2-783-4557,서울 영등포구 국제금융로6길 33 yeouidobaeghwajeom M2cheung,07331,37.52076,126.926895,"아시아 요리, 한국",월 11:30~22:00 / 화 11:30~22:00 / 수 11:30~22:00 / 목 11:30~22:00 / 금 11:30~22:00 / 토 11:30~22:00 / 일 11:30~22:00,"창고43은 최고급 미식 경험을 완성하는 모던하고 격조 높은 공간을 지향합니다. 세련되고 아늑한 인테리어로 디자인되었으며, 방문하시는 고객의 목적에 맞는 다양한 공간 솔루션을 제공합니다. [최적의 프라이빗 다이닝 공간] 소규모 비즈니스 미팅, 임원진 점심 회식, 가족 상견례, 칠순 잔치, 단체 회식 등 타인의 방해를 받지 않아야 하는 격식 있는 모임을 위해 다양한 규모의 독립형 프라이빗 룸(Room)을 다수 완비하고 있습니다. 홀 좌석 역시 넓은 테이블 간격을 확보하여 쾌적한 식사가 가능합니다. [최고급 프리미엄 그릴링 서비스] 모든 테이블과 프라이빗 룸에는 전문 교육을 받은 숙련된 전담 직원이 프리미엄 풀-서비스(Full-Service)를 제공합니다. 고기를 직접 구워드리는 전 과정을 책임지기 때문에, 호스트와 게스트 모두 고기를 굽는 번거로움 없이 편안하게 대화와 비즈니스에만 완전히 집중하실 수 있습니다. [뛰어난 접근성 및 편의성] 주요 비즈니스 권역 중심가에 위치하여 대중교통 접근성이 매우 뛰어납니다. 건물 내 넉넉하고 편리한 주차 공간을 지원하여 차량 방문 고객 및 귀빈 초청 시에도 최고의 편의성을 보장합니다. 소중한 비즈니스 파트너나 외국인 바이어에게 한국의 품격 있는 파인 다이닝 문화를 소개할 수 있는 완벽한 인프라를 갖추고 있습니다.",https://dynamic-media-cdn.tripadvisor.com/media/photo-o/12/f9/08/b1/mosquee-1.jpg?w=200&h=200&s=1,https://www.tripadvisor.co.kr/Restaurant_Review-g294197-d7887233-Reviews-Changgo_43_Main_Store-Seoul.html,40,3.9,"육류,고기",프라이빗 룸에서 즐기는 한우 다이닝,,8086602,https://place.map.kakao.com/8086602,8000,51500,22,true,,,,,,,kakao
4083848,라그릴리아 광화문점,+82 2-571-5732,서울 종로구 청계천로 11,03187,37.569103,126.97897,"이탈리아 요리, 피자, 유럽 요리, 그릴",,,https://dynamic-media-cdn.tripadvisor.com/media/photo-o/18/3e/d4/e3/la-grillia-gwanghwamun.jpg?w=900&h=500&s=1,https://www.tripadvisor.co.kr/Restaurant_Review-g294197-d4083848-Reviews-La_Grillia_Gwanghwamun-Seoul.html,79,3.9,,,,,,,,,,,,,,,,
7618296,데블스도어,+82 2-6282-4466,서울 서초구 사평대로 205,06545,37.504818,127.00908,"미국 요리, 바, 펍",월 10:30~23:30 / 화 10:30~23:30 / 수 10:30~23:30 / 목 10:30~23:30 / 금 10:30~01:00 / 토 10:30~01:00 / 일 10:30~23:30,,https://dynamic-media-cdn.tripadvisor.com/media/photo-o/0d/e5/60/bd/photo1jpg.jpg?w=900&h=500&s=1,https://www.tripadvisor.co.kr/Restaurant_Review-g294197-d7618296-Reviews-Devil_s_Door-Seoul.html,110,3.8,"호프,요리주점",높은 층고와 감성 가득한 수제맥주 공간,일 22:30 / 월 22:30 / 화 22:30 / 수 22:30 / 목 22:30 / 금 24:00 / 토 24:00,26330704,https://place.map.kakao.com/26330704,18000,19500,12,true,true,true,,,,,kakao
10096415,자연별곡 - 광화문점,+82 2-2251-8540,서울 종로구 종로3길 17 디타워 5층,03155,37.570892,126.97895,"아시아 요리, 한국",,Nature Kitchen is a Korean Buffet restaurant that you can experience 60 kinds of Korean traditional menu and the Korean culture at one place. It's the Most Popular Korean Cuisine and Salad bar by The E-land Group.(The E-land group has the biggest restaurant chain in Korea. So the quality and the menu is already guaranteed.) Nature Kitchen in Gwanghwamun is specially for foreigners.,https://dynamic-media-cdn.tripadvisor.com/media/photo-o/32/b9/1a/b6/37fa8f9d-5dbb-42bb.jpg?w=200&h=200&s=1,https://www.tripadvisor.co.kr/Restaurant_Review-g294197-d10096415-Reviews-Nature_Kitchen_Gwanghwamun-Seoul.html,20,4.5,,,,,,,,,,,,,,,,
10779217,더플레이스 코엑스몰점,+82 2-6002-1150,서울 강남구 영동대로 513 코엑스몰 B1 J102,06164,37.511692,127.060295,"이탈리아 요리, 피자, 퓨전",월 10:00~22:00 / 화 10:00~22:00 / 수 10:00~22:00 / 목 10:00~22:00 / 금 10:00~22:00 / 토 10:00~22:00 / 일 10:00~22:00,,https://dynamic-media-cdn.tripadvisor.com/media/photo-o/32/e0/0d/6d/caption.jpg?w=200&h=200&s=1,https://www.tripadvisor.co.kr/Restaurant_Review-g294197-d10779217-Reviews-The_Place_COEX_Mall-Seoul.html,27,4.0,이탈리안,도심 속 이탈리안 골목 감성 비스트로,,26333177,https://place.map.kakao.com/26333177,5000,24500,20,true,true,,,,,,kakao
32873276,익선동목장 명동점(iksunfarm-myeong-dong),+82 2-3789-4443,서울 충무로 1가 22-2,,37.561718,126.98395,"바베큐, 아시아 요리, 한국, 그릴",일 12:00~02:00 / 월 12:00~23:00 / 화 12:00~23:00 / 수 12:00~23:00 / 목 00:00~23:00 / 금 12:00~02:00 / 토 12:00~02:00,,https://dynamic-media-cdn.tripadvisor.com/media/photo-o/33/2c/94/55/caption.jpg?w=800&h=400&s=1,https://www.tripadvisor.co.kr/Restaurant_Review-g294197-d32873276-Reviews-Iksunfarm_Myeong_dong-Seoul.html,21,5.0,,,,,,,,,,,,,,,,tripadvisor
8677855,폴리스 광화문D타워점,+82 2-2251-8200,서울 종로구 종로3길 17 2층,03155,37.570965,126.978806,"이탈리아 요리, 미국 요리, 피자",월 11:00~22:00 / 화 11:00~22:00 / 수 11:00~22:00 / 목 11:00~22:00 / 금 11:00~22:00 / 토 11:30~22:00 / 일 11:30~22:00,,https://dynamic-media-cdn.tripadvisor.com/media/photo-o/32/e0/0d/6d/caption.jpg?w=200&h=200&s=1,https://www.tripadvisor.co.kr/Restaurant_Review-g294197-d8677855-Reviews-Paulie_s_Gwanghwamun_D_Tower-Seoul.html,34,4.3,피자,뉴욕 감성 가득한 바삭한 수제피자,일 21:00 / 월 21:00 / 화 21:00 / 수 21:00 / 목 21:00 / 금 21:00 / 토 21:00,391552839,https://place.map.kakao.com/391552839,9900,29000,51,true,true,,true,,,,kakao
4084675,도림,+82 2-317-7101,서울 중구 을지로 30  롯데호텔서울 본관 37층,04533,37.56538,126.98175,"중국 요리, 아시아 요리, 스촨",월 11:30~21:30 / 화 11:30~21:30 / 수 11:30~21:30 / 목 11:30~21:30 / 금 11:30~21:30 / 토 11:30~21:30 / 일 11:30~21:30,,https://dynamic-media-cdn.tripadvisor.com/media/photo-o/2f/bd/f5/74/caption.jpg?w=200&h=200&s=1&cx=1920&cy=1080&chk=v1_d34c05b86a448200f657,https://www.tripadvisor.co.kr/Restaurant_Review-g294197-d4084675-Reviews-Toh_Lim-Seoul.html,72,4.7,중식,프라이빗 룸에서 즐기는 고급 중식 코스,일 14:00 / 일 20:30 / 월 14:00 / 월 20:30 / 화 14:00 / 화 20:30 / 수 14:00 / 수 20:30 / 목 14:00 / 목 20:30 / 금 14:00 / 금 20:30 / 토 14:00 / 토 20:30,10357384,https://place.map.kakao.com/10357384,160000,230000,15,true,,true,,,,,kakao
9255297,스시선수,+82 2-514-0812,서울 강남구 도산대로45길 6 호림아트센터 2빌딩,06021,37.52285,127.03643,"일본 요리, 스시",월 12:00~22:00 / 화 12:00~22:00 / 수 12:00~22:00 / 목 12:00~22:00 / 금 12:00~22:00 / 토 12:00~22:00 / 일 12:00~22:00,,https://dynamic-media-cdn.tripadvisor.com/media/photo-o/32/e0/0f/4e/caption.jpg?w=200&h=200&s=1,https://www.tripadvisor.co.kr/Restaurant_Review-g294197-d9255297-Reviews-Sushi_Seonsu-Seoul.html,13,4.9,"초밥,롤",섬세한 코스와 신선한 해산물의 조화,,15270381,https://place.map.kakao.com/15270381,3000,52500,18,true,true,true,true,,,,kakao
7105873,타지팰리스,+82 2-790-5786,서울 용산구 우사단로 39,04406,37.533703,126.99562,"인도 요리, 아시아 요리",월 11:00~22:00 / 화 11:00~22:00 / 수 11:00~22:00 / 목 11:00~22:00 / 금 11:00~22:00 / 토 11:00~22:00 / 일 11:00~22:00,,https://dynamic-media-cdn.tripadvisor.com/media/photo-o/32/e0/0f/4e/caption.jpg?w=200&h=200&s=1,https://www.tripadvisor.co.kr/Restaurant_Review-g294197-d7105873-Reviews-Taj_Palace-Seoul.html,59,4.2,인도음식,,,11520635,https://place.map.kakao.com/11520635,5000,16500,30,,,,,,,,kakao
11923762,우래옥 을지로점,+82 2-265-0151,서울 중구 창경궁로 62-29,04546,37.568096,126.99864,"아시아 요리, 한국",화 11:30~21:00 / 수 11:30~21:00 / 목 11:30~21:00 / 금 11:30~21:00 / 토 11:30~21:00 / 일 11:30~21:00,,https://dynamic-media-cdn.tripadvisor.com/media/photo-o/32/b9/1a/b6/37fa8f9d-5dbb-42bb.jpg?w=200&h=200&s=1,https://www.tripadvisor.co.kr/Restaurant_Review-g294197-d11923762-Reviews-Woolaeoak-Seoul.html,24,4.4,냉면,진한 육향 가득한 평양냉면의 깊은 맛,,8025375,https://place.map.kakao.com/8025375,18000,35500,14,true,true,true,true,,,,kakao
1973582,제이제이 마호니즈,+82 2-799-8601,"서울 용산구 한남동 747-7 그랜드 하얏트 호텔 지하 2층 Gl, Grand Hyatt Seoul",04347,37.53954,126.99781,"바, 펍",화 20:00~01:30 / 수 20:00~01:30 / 목 20:00~02:30 / 금 20:00~02:30 / 토 20:00~02:30,"Discover the legendary JJ Mahoney’s, reimagined for today's Seoul! Dive into an electrifying fusion where high-energy live bands harmonize with stylish DJs, creating an atmosphere that pulses with vitality all night long. JJ Mahoney’s is not just a bar – it's a revolution.",https://dynamic-media-cdn.tripadvisor.com/media/photo-o/12/f9/08/b1/mosquee-1.jpg?w=200&h=200&s=1,https://www.tripadvisor.co.kr/Restaurant_Review-g294197-d1973582-Reviews-JJ_Mahoney_s_Grand_Hyatt_Seoul-Seoul.html,109,4.0,,감각적인 라이브와 칵테일의 만남,,21325397,https://place.map.kakao.com/21325397,,,,,,,,,,,tripadvisor
5021758,라따블,+82 2-6361-8120,서울 중구 남대문로 78 이비스 앰배서더 서울 명동 19층,04534,37.56403,126.98278,"이탈리아 요리, 일본 요리, 유럽 요리, 아시아 요리, 한국",일 06:30~10:00 / 일 11:00~14:00 / 월 06:30~10:00 / 월 11:30~14:00 / 화 06:30~10:00 / 화 11:30~14:00 / 수 06:30~10:00 / 수 11:30~14:00 / 목 06:30~10:00 / 목 11:30~14:00 / 금 06:30~10:00 / 금 11:30~14:00 / 토 06:30~10:00 / 토 11:00~14:00,"""A good choice to feel great"" Enjoy a buffet and traditional dishes in the relaxing and simple ""La Table"" buffet restaurant.",https://dynamic-media-cdn.tripadvisor.com/media/photo-o/32/b9/1a/b6/37fa8f9d-5dbb-42bb.jpg?w=200&h=200&s=1,https://www.tripadvisor.co.kr/Restaurant_Review-g294197-d5021758-Reviews-La_Table-Seoul.html,36,4.3,,도심 속 고요한 19층 쉼터 레스토랑,,13566530,https://place.map.kakao.com/13566530,27500,37400,3,true,,,,,,,tripadvisor
9461485,Le Style,+82 2-6020-8880,서울 302 Samil-daero Jung-gu,04553,37.56172,126.98935,유럽 요리,일 12:00~14:30 / 월 12:00~14:30 / 월 18:00~22:00 / 화 12:00~14:30 / 화 18:00~22:00 / 수 12:00~14:30 / 수 18:00~22:00 / 목 12:00~14:30 / 목 18:00~22:00 / 금 12:00~14:30 / 금 18:00~22:00 / 토 12:00~14:30 / 토 18:00~22:00,"호텔 21층에 위치한 레스토랑에서 신선한 요리와 함께 남산의 아름다운 전망을 즐기실 수 있습니다. 소중한 가족, 친구들과 함께하는 행복하고 감동적인 순간을 이곳에서 추억으로 남겨보세요.",https://dynamic-media-cdn.tripadvisor.com/media/photo-o/32/b9/1a/b6/37fa8f9d-5dbb-42bb.jpg?w=200&h=200&s=1,https://www.tripadvisor.co.kr/Restaurant_Review-g294197-d9461485-Reviews-Le_Style-Seoul.html,44,4.0,,도심 속 루프탑과 부채살 스테이크의 만남,,325856815,https://place.map.kakao.com/325856815,,,,true,true,,true,,,,tripadvisor
20264713,도쿄등심 잠실점,+82 2-2146-2115,서울 송파구 올림픽로 269 롯데캐슬플라자 2층,05510,37.514393,127.100746,"스테이크하우스, 아시아 요리, 한국",,"도쿄등심 잠실점은 Asian steak dining으로 잠실역 8번출구 앞, 롯데캐슬플라자 2층에 위치하고 있습니다. 워터에이징 한우 오마카세와 다양한 퓨전요리를 즐기실 수 있습니다. 석촌호수, 롯데월드, 롯데몰 등과 접근성이 좋으며 넓은 홀에서 잠실 회식, 모임장소로 추천드립니다.",https://dynamic-media-cdn.tripadvisor.com/media/photo-o/1b/25/db/9c/caption.jpg?w=900&h=500&s=1,https://www.tripadvisor.co.kr/Restaurant_Review-g294197-d20264713-Reviews-TOKYO_SIRLOIN_Jamsil-Seoul.html,9,4.8,,,,,,,,,,,,,,,,
34383126,Maksam-ga Euljiro,0507-1421-3307,서울 48-1 Supyo-ro 1st And 2nd Floors,,37.484547,126.50818,"바베큐, 아시아 요리, 한국, 그릴",일 16:00~23:00 / 월 16:00~23:00 / 화 16:00~23:00 / 수 16:00~23:00 / 목 16:00~23:00 / 금 16:00~23:00 / 토 16:00~23:00,,https://dynamic-media-cdn.tripadvisor.com/media/photo-o/33/a6/6e/3b/caption.jpg?w=900&h=500&s=1,https://www.tripadvisor.co.kr/Restaurant_Review-g294197-d34383126-Reviews-Maksam_ga_Euljiro-Seoul.html,3,5.0,,,,,,,,,,,,,,,,tripadvisor
1777647,백제삼계탕,+82 2-776-3267,서울 중구 명동2가 50-11,,37.56325,126.98415,"아시아 요리, 한국, 수프",월 09:00~22:00 / 화 09:00~22:00 / 수 09:00~22:00 / 목 09:00~22:00 / 금 09:00~22:00 / 토 09:00~22:00 / 일 09:00~22:00,,https://dynamic-media-cdn.tripadvisor.com/media/photo-o/32/e0/0d/6d/caption.jpg?w=200&h=200&s=1,https://www.tripadvisor.co.kr/Restaurant_Review-g294197-d1777647-Reviews-Baegje_Samgyetang-Seoul.html,141,3.7,삼계탕,맑고 깊은 국물의 전통 삼계탕,일 21:00 / 월 21:00 / 화 21:00 / 수 21:00 / 목 21:00 / 금 21:00 / 토 21:00,7885138,https://place.map.kakao.com/7885138,15000,20000,11,false,true,,,,,,kakao
9398938,마포정대포,,서울 도화길 52,,37.54219,126.95118,"바베큐, 아시아 요리, 한국",월 12:00~01:00 / 화 12:00~01:00 / 수 12:00~01:00 / 목 12:00~01:00 / 금 12:00~01:00 / 토 12:00~01:00 / 일 12:00~24:00,,https://dynamic-media-cdn.tripadvisor.com/media/photo-o/1a/08/e3/56/photo4jpg.jpg?w=900&h=500&s=1,https://www.tripadvisor.co.kr/Restaurant_Review-g294197-d9398938-Reviews-Mapo_Jeong_Daepo-Seoul.html,10,4.7,"육류,고기",계란 크러스트와 쫄깃한 갈매기살의 만남,,8079947,https://place.map.kakao.com/8079947,7000,17000,9,false,,,,,,,kakao
1852670,왕 타이,+82 2-749-2746,서울 용산구 이태원동 176-2 영화빌딩 3층,,37.534313,126.99065,"아시아 요리, 타이 요리",일 11:30~21:00 / 화 11:30~21:00 / 수 11:30~21:00 / 목 11:30~21:00 / 금 11:30~21:00 / 토 11:30~21:00,,https://dynamic-media-cdn.tripadvisor.com/media/photo-o/32/0c/5b/03/caption.jpg?w=200&h=200&s=1&cx=1200&cy=675&chk=v1_75a9e4bcf10d51b2b282,https://www.tripadvisor.co.kr/Restaurant_Review-g294197-d1852670-Reviews-Wang_Thai-Seoul.html,93,4.1,,,,,,,,,,,,,,,,tripadvisor
4069200,백제정육점,+82 2-762-7491,서울 종로구 효제동 155,,37.57268,127.004074,"아시아 요리, 한국",월 10:00~22:00 / 화 10:00~22:00 / 수 10:00~22:00 / 목 10:00~22:00 / 금 10:00~22:00 / 토 10:00~22:00,,https://dynamic-media-cdn.tripadvisor.com/media/photo-o/32/e0/0d/6d/caption.jpg?w=200&h=200&s=1,https://www.tripadvisor.co.kr/Restaurant_Review-g294197-d4069200-Reviews-Baekjae_Jeongyukjeom-Seoul.html,27,4.2,"육류,고기",뜨겁고 차가운 고기의 완벽한 조화,,26967162,https://place.map.kakao.com/26967162,7000,25500,16,true,,true,,,,,kakao
9222823,뚜레쥬르,+82 2-6740-7930,서울 동호로 330,,37.56373,127.00265,,월 06:30~21:30 / 화 06:30~21:30 / 수 06:30~21:30 / 목 06:30~21:30 / 금 06:30~21:30 / 토 08:00~21:00 / 일 08:00~21:00,,https://dynamic-media-cdn.tripadvisor.com/media/photo-o/17/d6/cd/56/photo0jpg.jpg?w=900&h=500&s=1,https://www.tripadvisor.co.kr/Restaurant_Review-g294197-d9222823-Reviews-Tous_Les_Jours-Seoul.html,22,4.3,"제과,베이커리",과일 가득 아그작 케이크의 특별한 순간,,15686257,https://place.map.kakao.com/15686257,4900,6000,52,true,true,,true,,,,kakao
4030459,교촌치킨 동대문1호점,+82 2-2231-9337,서울 서울시 종로구 창신동 464-6 2층,03119,37.571445,127.01066,"패스트푸드, 아시아 요리, 한국",일 00:00~23:59 / 월 00:00~23:59 / 화 00:00~23:59 / 수 00:00~23:59 / 목 00:00~23:59 / 금 00:00~23:59 / 토 00:00~23:59,"* The most famous chicken shop in Korea. * we sell the most fried chicken in Korea and in all the Kyochon chicken brunches we are also top 1. * The most popular fried chicken shop for foreigner tourists. * In our shop you can watching Korean famous ""Dongdeamon"" and enjoy Kyochon chicken with beer at the same time. * We are busy at dinner time, if you would like to save your waiting time please visit us during 9AM to 6PM. * We are very close to Doota and Migliore , convenient for shopping as well.",https://dynamic-media-cdn.tripadvisor.com/media/photo-o/0f/df/15/38/korean-chicken-platter.jpg?w=900&h=500&s=1,https://www.tripadvisor.co.kr/Restaurant_Review-g294197-d4030459-Reviews-Kyochon_Chicken_Dongdaemun_1-Seoul.html,420,4.5,,24시간 즐기는 매콤달콤 치킨의 유혹,,16039118,https://place.map.kakao.com/16039118,19000,19500,2,,,,,,,,tripadvisor
4032644,왕비집 명동2호점,+82 2-3789-1946,서울 중구 명동9길 13 2층,04534,37.56453,126.98495,한국,월 11:20~22:40 / 화 11:20~22:40 / 수 11:20~22:40 / 목 11:20~22:40 / 금 11:20~22:40 / 토 11:20~22:40 / 일 11:20~22:40,"왕비집은 신선한 재료, 정직한 맛, 최상의 서비스로 운영되는 대한민국 NO.1 숯불화로구이 전문점입니다. 한국적 모티브를 사용해 모던하게 꾸며진 인테리어가 인상적이며, 한국식 바베큐의 다양한 메뉴를 즐길 수 있습니다.",https://dynamic-media-cdn.tripadvisor.com/media/photo-o/22/c4/5f/3d/caption.jpg?w=200&h=200&s=1&cx=999&cy=562&chk=v1_13a52aa748e534826638,https://www.tripadvisor.co.kr/Restaurant_Review-g294197-d4032644-Reviews-Wangbijib_Myeongdong_2nd_Store-Seoul.html,72,4.2,갈비,직원 손길 닿은 노릇한 육즙 갈비,,11610281,https://place.map.kakao.com/11610281,3200,37000,21,,,,,,,,kakao
4032315,강남면옥,+82 2-3446-5539,서울 강남구 논현로152길 34,06026,37.521595,127.03096,"아시아 요리, 한국",월 10:30~22:00 / 화 10:30~22:00 / 수 10:30~22:00 / 목 10:30~22:00 / 금 10:30~22:00 / 토 10:30~22:00 / 일 10:30~22:00,,https://dynamic-media-cdn.tripadvisor.com/media/photo-o/32/e0/0e/ff/caption.jpg?w=200&h=200&s=1,https://www.tripadvisor.co.kr/Restaurant_Review-g294197-d4032315-Reviews-Gangnam_Myeonok-Seoul.html,64,4.2,냉면,부드러운 면발과 깊은 육수의 조화,,8163082,https://place.map.kakao.com/8163082,10000,13000,10,true,true,,,,,,kakao
4035194,아리아,+82 2-317-0357,서울 중구 소공로 106 서울웨스틴조선호텔 1층,04533,37.564144,126.97968,"아시아 요리, 한국",월 07:00~21:50 / 화 07:00~21:50 / 수 07:00~21:50 / 목 07:00~21:50 / 금 11:30~21:50 / 토 07:00~21:50 / 일 07:00~21:50,,https://dynamic-media-cdn.tripadvisor.com/media/photo-o/2a/e5/f0/49/caption.jpg?w=200&h=200&s=1&cx=1920&cy=1080&chk=v1_c622715e896fae5b9553,https://www.tripadvisor.co.kr/Restaurant_Review-g294197-d4035194-Reviews-Aria-Seoul.html,153,4.3,뷔페,신선한 해산물과 즉석 파스타의 향연,,21306149,https://place.map.kakao.com/21306149,35000,80000,8,true,true,true,,,,,kakao
4032467,브래서리 - 인터콘티넨탈 서울 코엑스점,+82 2-3452-8585,서울 강남구 봉은사로 524 코엑스인터콘티넨탈서울,06164,37.5132,127.057175,인터내셔널,일 06:30~22:00 / 월 06:30~22:00 / 화 06:30~22:00 / 수 06:30~22:00 / 목 06:30~22:00 / 금 06:30~22:00 / 토 06:30~22:00,"브래서리는 신선한 로컬 식재료들을 이용해 건강한 메뉴를 선보이는 올데이 다이닝으로, 산지에서 직접 공수한 국내산 한우를 즉석 BBQ로 무제한 제공해 드리며, 매주 금요일에는 제주산 생참치를 즉석에서 맛볼 수 있습니다.",https://dynamic-media-cdn.tripadvisor.com/media/photo-o/32/e0/0f/4e/caption.jpg?w=200&h=200&s=1,https://www.tripadvisor.co.kr/Restaurant_Review-g294197-d4032467-Reviews-The_Brasserie_InterContinental_Seoul_COEX-Seoul.html,89,4.3,,,,,,,,,,,,,,,,tripadvisor
4030880,오가와,+82 2-735-1001,서울 종로구 당주동 5,,37.57177,126.97444,"일본 요리, 스시, 아시아 요리",,,https://dynamic-media-cdn.tripadvisor.com/media/photo-o/32/e0/0e/ff/caption.jpg?w=200&h=200&s=1,https://www.tripadvisor.co.kr/Restaurant_Review-g294197-d4030880-Reviews-Ogawa-Seoul.html,32,4.7,,섬세한 초밥과 따뜻한 국수의 조화,,12009117,https://place.map.kakao.com/12009117,50000,85000,3,false,true,,,,,,
4034848,백년토종삼계탕,+82 2-325-3399,서울 마포구 양화로 118,04038,37.554016,126.91985,"아시아 요리, 한국, 수프",월 09:00~22:00 / 화 09:00~22:00 / 수 09:00~22:00 / 목 09:00~22:00 / 금 09:00~22:00 / 토 09:00~22:00 / 일 09:00~22:00,,https://dynamic-media-cdn.tripadvisor.com/media/photo-o/32/b9/1a/b6/37fa8f9d-5dbb-42bb.jpg?w=200&h=200&s=1,https://www.tripadvisor.co.kr/Restaurant_Review-g294197-d4034848-Reviews-Baeknyeon_Tojong_Samgyaetang-Seoul.html,53,4.2,삼계탕,오래된 노포 감성의 깊은 삼계탕 맛,,8312102,https://place.map.kakao.com/8312102,19000,22000,12,true,true,true,true,,,,kakao
4033007,강남교자,+82 2-536-4133,서울 서초구 강남대로69길 11,06612,37.50141,127.02432,한국,월 10:30~21:00 / 화 10:30~21:00 / 수 10:30~21:00 / 목 10:30~21:00 / 금 10:30~21:00 / 토 10:30~21:00 / 일 10:30~21:00,"엄격한 식재료 선별부터 요리까지 어느것 하나 소홀함 없이 준비하여, 입안 가득 정성을 느낄 수 있는 곳이다. 칼국수, 만두, 콩국수 등 모든 메뉴를 강남교자 만의 특별한 노하우로 매장에서 오랜시간 정성들여 직접 만들어내고 있다.",https://dynamic-media-cdn.tripadvisor.com/media/photo-o/32/e0/0d/6d/caption.jpg?w=200&h=200&s=1,https://www.tripadvisor.co.kr/Restaurant_Review-g294197-d4033007-Reviews-Gangnam_Gyoza-Seoul.html,70,4.2,칼국수,진한 육수와 마늘김치의 완벽한 조화,일 20:20 / 월 20:20 / 화 20:20 / 수 20:20 / 목 20:20 / 금 20:20 / 토 20:20,11891754,https://place.map.kakao.com/11891754,11000,12000,11,,true,,,,,,kakao
1140399,안동찜닭,+82 2-310-9174,"서울 Myeong-dong 2ga, 2-2",,37.563747,126.98522,"아시아 요리, 한국",,,https://dynamic-media-cdn.tripadvisor.com/media/photo-o/2f/bd/f5/74/caption.jpg?w=200&h=200&s=1&cx=1920&cy=1080&chk=v1_d34c05b86a448200f657,https://www.tripadvisor.co.kr/Restaurant_Review-g294197-d1140399-Reviews-Andong_Jjimdak-Seoul.html,150,4.2,,,,,,,,,,,,,,,,
4032551,대도식당,+82 2-2292-9772,서울 성동구 무학로12길 3,04706,37.56727,127.03062,"바베큐, 아시아 요리, 한국",월 11:00~22:00 / 화 11:00~22:00 / 수 11:00~22:00 / 목 11:00~22:00 / 금 11:00~22:00 / 토 11:00~22:00 / 일 11:00~22:00,,https://dynamic-media-cdn.tripadvisor.com/media/photo-o/2a/aa/37/b6/caption.jpg?w=200&h=200&s=1&cx=1920&cy=1080&chk=v1_f1f80a41f1a77dd54eec,https://www.tripadvisor.co.kr/Restaurant_Review-g294197-d4032551-Reviews-Daedo_Sikdang-Seoul.html,116,4.3,"육류,고기",대한민국 최고의 등심 전문식당이자 반세기 전통의 왕십리 대도식당입니다.,,109959892,https://place.map.kakao.com/109959892,2000,8000,8,true,,,,,,true,kakao
4032498,마포만두,+82 2-333-9842,서울 마포구 서교동 393-1,,37.55139,126.91518,"아시아 요리, 한국",월 00:00~24:00 / 화 00:00~24:00 / 수 00:00~24:00 / 목 00:00~24:00 / 금 00:00~24:00 / 토 00:00~24:00 / 일 00:00~24:00,,https://dynamic-media-cdn.tripadvisor.com/media/photo-o/32/e0/0d/6d/caption.jpg?w=200&h=200&s=1,https://www.tripadvisor.co.kr/Restaurant_Review-g294197-d4032498-Reviews-Mapo_Mandu-Seoul.html,72,4.3,분식,숯불 향 가득한 갈비만두의 깊은 맛,,27341415,https://place.map.kakao.com/27341415,8000,9000,16,false,,,,,,,kakao
4033013,아시안 라이브,+82 2-3430-8620,서울 서울특별시 강남구 봉은사로 524 인터컨티넨탈  코엑스 2층,06164,37.513474,127.05745,"중국 요리, 일본 요리, 인도 요리, 한국, 중동 요리",,"아시안 라이브는 모던하고 트렌디한 감각으로 해석한 5개국(한국, 중국, 일본, 인도, 아랍)의 아시안 퀴진을 합리적인가격으로 만날 수 있는 국내 유일의 ‘5 in 1’ 컨셉의 파인 레스토랑입니다. 규모와 목적에 따라 사용할 수 있는 17개의 별실에서 더 만족스러운 모임을 연출하실 수 있습니다.",https://dynamic-media-cdn.tripadvisor.com/media/photo-o/12/f9/08/b1/mosquee-1.jpg?w=200&h=200&s=1,https://www.tripadvisor.co.kr/Restaurant_Review-g294197-d4033013-Reviews-Asian_Live-Seoul.html,36,4.2,,아시아 각국의 풍미가 어우러진 고급 코스,,1337603976,https://place.map.kakao.com/1337603976,,,,true,true,true,true,,,,
4033957,수빈,+82 2-307-9979,서울 서대문구 연희동 81-13,,37.571964,126.93422,"아시아 요리, 한국",월 11:30~20:40 / 수 11:30~20:40 / 목 11:30~20:40 / 금 11:30~20:40 / 토 11:30~20:40 / 일 11:30~20:40,,https://dynamic-media-cdn.tripadvisor.com/media/photo-o/2e/30/7a/b5/caption.jpg?w=200&h=200&s=1&cx=768&cy=960&chk=v1_7e22ebca493f2be4d45e,https://www.tripadvisor.co.kr/Restaurant_Review-g294197-d4033957-Reviews-Subin-Seoul.html,18,4.6,한정식,따뜻한 떡갈비와 깊은 굴비의 한상,,15953085,https://place.map.kakao.com/15953085,14900,41000,9,true,,,,,,true,kakao
32740316,투게더앤코,+82 2-580-8550,서울 서초구 강남대로 253 힐튼가든인 2층,06735,37.4859,127.033,"해산물, 바베큐, 스시, 아시아 요리, 한국, 그릴",일 07:00~10:30 / 일 12:00~14:30 / 일 17:30~21:00 / 월 07:00~10:00 / 월 11:30~14:00 / 화 07:00~10:00 / 화 11:30~14:00 / 수 07:00~10:00 / 수 11:30~14:00 / 수 17:30~21:00 / 목 07:00~10:00 / 목 11:30~14:00 / 목 17:30~21:00 / 금 07:00~10:00 / 금 11:30~14:00 / 금 17:30~21:00 / 토 07:00~10:30 / 토 12:00~14:30 / 토 17:30~21:00,,https://dynamic-media-cdn.tripadvisor.com/media/photo-o/2e/5f/09/cd/45-000-55-000.jpg?w=900&h=-1&s=1,https://www.tripadvisor.co.kr/Restaurant_Review-g294197-d32740316-Reviews-Together_Co-Seoul.html,3,5.0,,호텔 쉐프가 만든 60여 가지 무한 뷔페,,1137549331,https://place.map.kakao.com/1137549331,,,,true,true,true,true,,,,tripadvisor
4034971,스페인클럽,+82 2-515-1118,서울 강남구 압구정로10길 26,,37.52185,127.02203,"지중해 요리, 유럽 요리, 스페인 요리",,,https://dynamic-media-cdn.tripadvisor.com/media/photo-o/32/e0/0d/6d/caption.jpg?w=200&h=200&s=1,https://www.tripadvisor.co.kr/Restaurant_Review-g294197-d4034971-Reviews-Spain_Club-Seoul.html,33,4.0,,,,,,,,,,,,,,,,
4033287,스카이 라운지,+82 2-3430-8630,서울 강남구 봉은사로 524 인터컨티넨탈 서울 코엑스 30F,06164,37.513683,127.05737,이탈리아 요리,,"호텔 최상층에 자리한 스카이 라운지는 시시각각 변하는 서울의 아름다운 분위기를 한 눈에 감상할 수 있는 최고의 장소입니다. 2013년 이탈리아 정부가 정통 이탈리아 요리를 선보이는 곳에만 수여하는 오스피탈리타 이탈리아(OSPITALITA ITALIANA) 인증서를 받았으며, 이탈리아 출신의 현지 셰프가 상주해 정통 이탈리안 퀴진을 만나실 수 있습니다. 늦은 저녁에는 숙련된 바텐더의 칵테일과 수석 소믈리에가 추천하는 와인도 즐길 수 있으며, 연인에게 프로포즈 명소로 유명한 플루토룸에서는 환상적인 야경을 통창으로 감상하며 단 둘만의 추억을 만드실 수 있습니다",https://dynamic-media-cdn.tripadvisor.com/media/photo-o/32/e0/0e/ff/caption.jpg?w=200&h=200&s=1,https://www.tripadvisor.co.kr/Restaurant_Review-g294197-d4033287-Reviews-Sky_Lounge-Seoul.html,44,4.0,,,,,,,,,,,,,,,,
4030228,레스토랑 아이오유,+82 2-3275-1151,서울 용산구 원효로1길 16,04359,37.535,126.945625,이탈리아 요리,일 11:00~14:30 / 일 17:00~23:00 / 월 11:00~14:30 / 월 17:00~23:00 / 화 11:00~14:30 / 화 17:00~23:00 / 수 11:00~14:30 / 수 17:00~23:00 / 목 11:00~14:30 / 목 17:00~23:00 / 금 11:00~14:30 / 금 17:00~23:00 / 토 11:00~14:30 / 토 17:00~23:00,"Restaurant IOU 'Wine & Dine' The Italian Superior Restaurant with a panoramic view of the Han River. A culinary adventure for all the senses. IOU is the place where food, design, and ambiance come together to create a memorable experience.",https://dynamic-media-cdn.tripadvisor.com/media/photo-o/22/05/b8/4b/restaurant-iou.jpg?w=900&h=500&s=1,https://www.tripadvisor.co.kr/Restaurant_Review-g294197-d4030228-Reviews-Restaurant_I_O_U-Seoul.html,9,4.4,,한강뷰와 클래식 감성의 이탈리안 코스,,8021209,https://place.map.kakao.com/8021209,39000,68000,4,true,,,,,,,tripadvisor
4031898,토다이 - 목동점,+82 2-2645-7888,서울 양천구 목동동로 401 부영그린타운2차 지하1층,07984,37.536335,126.88111,일본 요리,,,https://dynamic-media-cdn.tripadvisor.com/media/photo-o/0a/d9/a7/7e/caption.jpg?w=700&h=400&s=1,https://www.tripadvisor.co.kr/Restaurant_Review-g294197-d4031898-Reviews-Todai_Mokdong-Seoul.html,8,4.1,,,,,,,,,,,,,,,,
15357634,Gyeol By Bean Brothers,+82 2-6370-5840,"서울 26, Ujeongguk-ro, Jongno-gu",03161,37.572163,126.98361,카페,일 10:00~21:00 / 월 07:30~20:30 / 화 07:30~20:30 / 수 07:30~20:30 / 목 07:30~20:30 / 금 07:30~20:30 / 토 10:00~21:00,"한국적인 멋을 현대적으로 해석한 공간입니다. 도심 속에서 커피 한 잔으로 휴식을 선물합니다. 하루 일과를 시작하기 전, 소중한 점심 시간에 들러 여유를 즐겨보세요. 매월 새로운 커피를 준비하고 기다리고 있을게요. *결은 빈브라더스가 운영합니다.",https://dynamic-media-cdn.tripadvisor.com/media/photo-o/32/e0/0e/ff/caption.jpg?w=200&h=200&s=1,https://www.tripadvisor.co.kr/Restaurant_Review-g294197-d15357634-Reviews-Gyeol_By_Bean_Brothers-Seoul.html,11,4.7,,,,,,,,,,,,,,,,tripadvisor
9032583,교대이층집,+82 2-525-6692,서울 서초구 서초대로50길 24,06645,37.4922,127.01335,,월 12:00~00:30 / 화 12:00~00:30 / 수 12:00~00:30 / 목 12:00~00:30 / 금 12:00~00:30 / 토 12:00~00:30 / 일 12:00~00:30,,https://dynamic-media-cdn.tripadvisor.com/media/photo-o/12/f9/08/b1/mosquee-1.jpg?w=200&h=200&s=1,https://www.tripadvisor.co.kr/Restaurant_Review-g294197-d9032583-Reviews-Gyodae_I_Cheung_House-Seoul.html,30,4.6,"육류,고기",꽃삼겹과 시원한 해산물 전골의 조화,,25770215,https://place.map.kakao.com/25770215,3000,10000,19,true,true,true,,,,,kakao
4075640,딘타이펑 강남역점,+82 2-569-2778,서울 서초구 서초동 1317-31 세계빌딩 2층,,37.498417,127.02552,"중국 요리, 아시아 요리, 타이완",일 11:00~22:00 / 월 11:00~22:00 / 화 11:00~22:00 / 수 11:00~22:00 / 목 11:00~22:00 / 금 11:00~22:00 / 토 11:00~22:00,,https://dynamic-media-cdn.tripadvisor.com/media/photo-o/32/b9/1a/b6/37fa8f9d-5dbb-42bb.jpg?w=200&h=200&s=1,https://www.tripadvisor.co.kr/Restaurant_Review-g294197-d4075640-Reviews-Din_Tai_Fung_Gangnam_Station-Seoul.html,57,3.7,,촉촉한 육즙 가득 샤오롱바오의 유혹,,8279464,https://place.map.kakao.com/8279464,15000,15000,1,true,,,,,,true,tripadvisor
10423798,할머니의 레시피,+82 2-467-5101,서울 성동구 서울숲6길 15-1,04768,37.547546,127.04338,,월 11:30~21:00 / 화 11:30~21:00 / 수 11:30~21:00 / 목 11:30~21:00 / 금 11:30~21:00 / 토 11:30~21:00 / 일 11:30~21:00,,https://dynamic-media-cdn.tripadvisor.com/media/photo-o/12/f9/08/b1/mosquee-1.jpg?w=200&h=200&s=1,https://www.tripadvisor.co.kr/Restaurant_Review-g294197-d10423798-Reviews-Grandma_s_Recipe-Seoul.html,15,3.4,한식,정갈한 집밥 한상으로 채우는 하루,,27373628,https://place.map.kakao.com/27373628,8800,15000,17,true,true,,true,,,,kakao
2640353,마포옥,+82 2-716-6661,서울 마포구 토정로 312,04165,37.539833,126.94332,"아시아 요리, 한국",월 07:00~21:00 / 화 07:00~21:00 / 수 07:00~21:00 / 목 07:00~21:00 / 금 07:00~17:00 / 토 07:00~17:00 / 일 07:00~17:00,,https://dynamic-media-cdn.tripadvisor.com/media/photo-o/32/e0/0e/ff/caption.jpg?w=200&h=200&s=1,https://www.tripadvisor.co.kr/Restaurant_Review-g294197-d2640353-Reviews-Mapook-Seoul.html,22,4.5,설렁탕,77년 전통 깊은 진한 한우 설렁탕,,10344284,https://place.map.kakao.com/10344284,15000,31000,8,,,,,,,true,kakao
33387270,Myeongdong Joomak,,서울 25-1 Myeongdong 10-gil,04537,37.562614,126.98554,,,아직 Myeongdong Joomak에 대한 콘텐츠가 없습니다.,https://dynamic-media-cdn.tripadvisor.com/media/photo-o/32/c2/29/c6/caption.jpg?w=900&h=500&s=1,https://www.tripadvisor.co.kr/Restaurant_Review-g294197-d33387270-Reviews-Myeongdong_Joomak-Seoul.html,3,5.0,,,,,,,,,,,,,,,,
12547150,팔로피자,+82 2-324-8588,서울 마포구 양화로6길 9-20 카메오빌딩 1층,04044,37.54982,126.91565,"이탈리아 요리, 피자, 한국",월 11:30~21:30 / 화 11:30~21:30 / 수 11:30~21:30 / 목 11:30~21:30 / 금 11:30~21:30 / 토 11:30~21:30 / 일 11:30~21:30,"At Falopizza, you can taste authentic Napoli pizza. High-quality pasta, risotto and salad are also avilable. Have a delicious and fun time with beer and wine in Falopizza.",https://dynamic-media-cdn.tripadvisor.com/media/photo-o/32/e0/0d/6d/caption.jpg?w=200&h=200&s=1,https://www.tripadvisor.co.kr/Restaurant_Review-g294197-d12547150-Reviews-Falo_Pizza-Seoul.html,13,4.8,피자,참나무 장작불 향 가득한 정통 화덕피자,,26820977,https://place.map.kakao.com/26820977,15000,20800,31,true,true,,,,,,kakao
25152440,비스트로 멕시,+82 2-797-6855,서울 191 Itaewon-ro 2f,04350,37.534718,126.99528,멕시코 요리,일 17:00~02:00 / 월 17:00~02:00 / 화 17:00~02:00 / 수 17:00~02:00 / 목 17:00~03:00 / 금 17:00~04:00 / 토 17:00~04:00,"bistroMEXI Right in the heart of Itaewon, bistroMEXI brings the vibe of a Cancun beach lounge to the city. With wide street views through floor-to-ceiling windows and an easygoing tropical mood, it’s the perfect escape—without leaving Seoul. Dinner turns into a Beach Party Start your evening with cocktails and bites, then let the night take over. Live DJs set the mood as the space shifts from laid-back lounge to a full-on beach party. Bottomless Tequila – Fri & Sat 10PM–1AM Every Friday and Saturday night, enjoy unlimited tequila for just ₩19,000 from 10PM to 1AM. Play a round of beer pong, shoot hoops, throw darts, or strike a pose at the free photobooth— the party comes with everything you need. Mexican Flavors, Our Way Authentic dishes crafted by a Mexican chef, plus cocktails reimagined in true bistroMEXI style. Familiar flavors with a fresh twist— easy to enjoy, hard to forget.",https://dynamic-media-cdn.tripadvisor.com/media/photo-o/29/0c/fa/8e/a-feast-with-mexican.jpg?w=900&h=500&s=1,https://www.tripadvisor.co.kr/Restaurant_Review-g294197-d25152440-Reviews-Bistro_MEXI-Seoul.html,11,4.9,,400명 수용 감각적 대형 파티 공간,,1430791722,https://place.map.kakao.com/1430791722,,,,true,true,,,,,,tripadvisor
1892427,우리 가든,+82 2-3785-0744,서울 중구 충무로2가 65-6,04536,37.56104,126.986015,"바베큐, 아시아 요리, 한국",,,https://dynamic-media-cdn.tripadvisor.com/media/photo-o/28/d1/26/70/caption.jpg?w=200&h=200&s=1&cx=1920&cy=1080&chk=v1_c0228075d8c0f80deff5,https://www.tripadvisor.co.kr/Restaurant_Review-g294197-d1892427-Reviews-Woori_Garden-Seoul.html,106,4.0,,,,,,,,,,,,,,,,
12945884,서울리스타,+82 2-757-2265,서울 중구 퇴계로 19 호텔마누 1~2층,04527,37.557137,126.975,"한국, 개스트로펍, 맥주 음식점",월 11:30~00:00 / 화 11:30~00:00 / 수 11:30~00:00 / 목 11:30~00:00 / 금 11:30~00:00 / 토 15:00~00:00,"Seoulista is craft beer pub, coffee shop and bistro in Hotel Manu. In first floor you can find various local craft beer, fried chicken, pizza, pasta and local food. Operation time is Mon- Fri 11:30 - 00:00. Second floor is coffee shop and bistro. Coffee shop operation time is from 07:30 to 16:00. Seoulista bistro operation time is from 16:00 to 00:00. At bistro you can find local craft beer, wine and premium makgeolli.",https://dynamic-media-cdn.tripadvisor.com/media/photo-o/12/f9/08/b1/mosquee-1.jpg?w=200&h=200&s=1,https://www.tripadvisor.co.kr/Restaurant_Review-g294197-d12945884-Reviews-Seoulista-Seoul.html,43,4.3,,서울역 앞 이국적 감성의 수제맥주 펍,,8244084,https://place.map.kakao.com/8244084,11000,11000,2,,,,,,,true,tripadvisor
8965073,현선이네 용산본점,+82 70-8864-8889,서울 용산구 한강대로39길 5,04376,37.531307,126.96936,"아시아 요리, 한국",월 11:00~24:00 / 화 11:00~24:00 / 수 11:00~24:00 / 목 11:00~24:00 / 금 11:00~24:00 / 토 11:00~24:00 / 일 11:00~24:00,,https://dynamic-media-cdn.tripadvisor.com/media/photo-o/32/e0/0e/ff/caption.jpg?w=200&h=200&s=1,https://www.tripadvisor.co.kr/Restaurant_Review-g294197-d8965073-Reviews-Hyunsunine_Yongsan-Seoul.html,28,4.1,분식,주차장은 골목입구 왼편에 유료주차장을 이용부탁드립니다.,일 22:40 / 월 22:40 / 화 22:40 / 수 22:40 / 목 22:40 / 금 22:40 / 토 22:40,15659043,https://place.map.kakao.com/15659043,4000,6000,9,,,,,,,true,kakao
6538765,루블랑,+82 10-4885-2840,서울 용산구 한강대로15길 23 1F,04379,37.52607542255891,126.963202539848,"프랑스 요리, 스테이크하우스, 유럽 요리, 와인 바",일 12:00~22:00 / 화 11:30~22:00 / 수 11:30~22:00 / 목 11:30~22:00 / 금 11:30~22:00 / 토 12:00~22:00,"European wine dining restaurant. We opened 2013 in hongdae, seoul and now moved to yongsan. Lunch - 11:30 ~ 14:30 / French home-made style dishes Dinner - 17:00 ~ 22:00 / Charcoal cooked european dishes. Ordering wine is needed.",https://dynamic-media-cdn.tripadvisor.com/media/photo-o/12/f9/08/b1/mosquee-1.jpg?w=200&h=200&s=1,https://www.tripadvisor.co.kr/Restaurant_Review-g294197-d6538765-Reviews-Loup_Blanc-Seoul.html,55,4.4,,아늑한 공간에서 즐기는 부드러운 수비드 삼겹살,,2035250416,https://place.map.kakao.com/2035250416,24000,29000,3,true,,,,,,,tripadvisor
18545546,고미정,+82 2-324-0016,서울 서대문구 연희로26길 24,03723,37.57273,126.936905,,화 11:30~21:00 / 수 11:30~21:00 / 목 11:30~21:00 / 금 11:30~21:00 / 토 11:30~21:00 / 일 11:30~21:00,아직 고미정에 대한 콘텐츠가 없습니다.,https://dynamic-media-cdn.tripadvisor.com/media/photo-o/19/4c/b1/b3/restaurant.jpg?w=900&h=500&s=1,https://www.tripadvisor.co.kr/Restaurant_Review-g294197-d18545546-Reviews-Gomijeong-Seoul.html,2,5.0,한정식,푸짐한 반찬과 정갈한 돌솥밥 한상,,27352120,https://place.map.kakao.com/27352120,12000,23500,6,true,true,true,true,,,,kakao
11832256,씨태번,+82 2-778-0770,서울 중구 명동8가길 52 Myeongdong Metro exit #10,04537,37.561794,126.98793,"바, 펍, 개스트로펍",일 16:00~00:00 / 월 11:00~15:00 / 월 16:00~00:00 / 화 11:00~15:00 / 화 16:00~00:00 / 수 11:00~15:00 / 수 16:00~00:00 / 목 11:00~15:00 / 목 16:00~00:00 / 금 11:00~15:00 / 금 16:00~00:00 / 토 16:00~00:00,명동 최대규모의 하우스&수제맥주 전문점 입니다. 다양한 수입 맥주와 수제 버거 등 다양한 핸드메이드 안주들이 준비되어 있습니다.,https://dynamic-media-cdn.tripadvisor.com/media/photo-o/12/f9/08/b1/mosquee-1.jpg?w=200&h=200&s=1,https://www.tripadvisor.co.kr/Restaurant_Review-g294197-d11832256-Reviews-C_Tavern-Seoul.html,40,4.7,,,,,,,,,,,,,,,,tripadvisor
4050054,전주유할머니비빔밥,+82 2-752-9282,서울 중구 북창동 12-2,,37.562855,126.97835,"아시아 요리, 한국",월 11:00~22:00 / 화 11:00~22:00 / 수 11:00~22:00 / 목 11:00~22:00 / 금 11:00~22:00,,https://dynamic-media-cdn.tripadvisor.com/media/photo-o/08/ca/9b/d0/photo1jpg.jpg?w=900&h=500&s=1,https://www.tripadvisor.co.kr/Restaurant_Review-g294197-d4050054-Reviews-Jeonju_Yuhalmeoni_Bibimbap-Seoul.html,14,4.0,한식,정성 가득한 전주 돌솥비빔밥과 생고기,,15571438,https://place.map.kakao.com/15571438,5000,11500,10,false,true,,,,,,kakao
9148805,크리스탈제이드 소공점,+82 2-3789-8088,서울 중구 남대문로7길 16,04533,,,"중국 요리, 아시아 요리",월 11:30~22:00 / 화 11:30~22:00 / 수 11:30~22:00 / 목 11:30~22:00 / 금 11:30~22:00 / 토 11:30~22:00 / 일 11:30~22:00,,https://dynamic-media-cdn.tripadvisor.com/media/photo-o/32/b9/1a/b6/37fa8f9d-5dbb-42bb.jpg?w=200&h=200&s=1,https://www.tripadvisor.co.kr/Restaurant_Review-g294197-d9148805-Reviews-Crystal_Jade_Sogong-Seoul.html,20,4.2,중국요리,고급스러운 룸과 정성 가득한 중식 향연,일 21:00 / 월 21:00 / 화 21:00 / 수 21:00 / 목 21:00 / 금 21:00 / 토 21:00,1942281342,https://place.map.kakao.com/1942281342,11000,33000,19,true,true,true,true,,,,kakao
6875209,리틀 사이공,+82 2-6116-5703,서울 강서구 하늘길 38 롯데몰 김포공항 지하2층,07505,,,베트남 요리,일 11:30~22:00 / 월 11:30~00:00 / 화 11:30~00:00 / 수 11:30~00:00 / 목 11:30~00:00 / 금 11:30~00:00 / 토 11:30~00:00,,https://dynamic-media-cdn.tripadvisor.com/media/photo-o/32/b9/1a/b6/37fa8f9d-5dbb-42bb.jpg?w=200&h=200&s=1,https://www.tripadvisor.co.kr/Restaurant_Review-g294197-d6875209-Reviews-Little_Saigon-Seoul.html,50,4.3,,,,,,,,,,,,,,,,tripadvisor
2524701,품 서울,+82 2-777-9007,서울 용산구 두텁바위로60길 49 대원정사 별관 3층,04328,37.54915,126.98334,"아시아 요리, 한국, 퓨전",일 09:00~21:00 / 월 09:00~21:00 / 화 09:00~21:00 / 수 09:00~21:00 / 목 09:00~21:00 / 금 09:00~21:00 / 토 09:00~21:00,,https://dynamic-media-cdn.tripadvisor.com/media/photo-o/32/e0/0d/6d/caption.jpg?w=200&h=200&s=1,https://www.tripadvisor.co.kr/Restaurant_Review-g294197-d2524701-Reviews-Poom_Seoul-Seoul.html,47,4.2,,,,1395933906,https://place.map.kakao.com/1395933906,350000,350000,1,,,,,,,,tripadvisor
7126251,깐부치킨 신사역점,+82 2-518-7701,서울 강남구 강남대로152길 30 태웅빌딩 1층,06035,37.517914,127.02245,한국,,,https://dynamic-media-cdn.tripadvisor.com/media/photo-o/21/dc/29/d2/caption.jpg?w=200&h=200&s=1&cx=2201&cy=1467&chk=v1_fa2578b6254b9a786864,https://www.tripadvisor.co.kr/Restaurant_Review-g294197-d7126251-Reviews-Kkanbu_Chicken_Sinsa_Station-Seoul.html,38,4.2,,,,,,,,,,,,,,,,
13954010,뚝배기 집,+82 2-2265-5744,서울 종로구 종로16길 12,03191,37.569534,126.98847,"아시아 요리, 한국",,,https://dynamic-media-cdn.tripadvisor.com/media/photo-o/1a/31/b7/58/photo2jpg.jpg?w=900&h=500&s=1,https://www.tripadvisor.co.kr/Restaurant_Review-g294197-d13954010-Reviews-Ttukbaegi_Jip-Seoul.html,10,4.4,,우렁 가득 진한 된장 한 그릇,,10374336,https://place.map.kakao.com/10374336,7000,7500,4,false,,,,,,,
12030511,고삼이 신촌점,+82 2-324-1403,서울 서대문구 연세로7안길 38,03787,,,"해산물, 아시아 요리, 한국",월 11:00~20:40 / 화 11:00~20:40 / 수 11:00~20:40 / 목 11:00~20:40 / 금 11:00~20:40 / 토 11:00~20:40 / 일 11:00~20:40,,https://dynamic-media-cdn.tripadvisor.com/media/photo-o/32/b9/1a/b6/37fa8f9d-5dbb-42bb.jpg?w=200&h=200&s=1,https://www.tripadvisor.co.kr/Restaurant_Review-g294197-d12030511-Reviews-Gosame-Seoul.html,11,4.8,"해물,생선",직화 불향 가득한 신촌 생선구이 명가,,17505297,https://place.map.kakao.com/17505297,8000,12000,6,true,,,,,,,kakao
33267810,주도락마곡발산점,,서울 마곡동 795-5,,37.56026,126.836876,"아시아 요리, 한국",월 11:30~01:00 / 화 11:30~01:00 / 수 11:30~02:00 / 목 11:30~02:00 / 금 11:30~03:00 / 토 12:00~03:00 / 일 12:00~24:00,,https://dynamic-media-cdn.tripadvisor.com/media/photo-o/30/45/27/b7/caption.jpg?w=900&h=500&s=1,https://www.tripadvisor.co.kr/Restaurant_Review-g294197-d33267810-Reviews-Judorakmagokbalsanjeom-Seoul.html,7,5.0,한식,초록 뷰와 함께하는 정갈한 한식 주막,,1793273219,https://place.map.kakao.com/1793273219,11000,20000,15,true,,,,,,,kakao
4050197,아웃백스테이크하우스 센트럴시티점,+82 2-592-2771,서울 서울 서초구 반포동 19-3,137040,37.50469,127.00443,"스테이크하우스, 오스트레일리아",월 10:30~22:00 / 화 10:30~22:00 / 수 10:30~22:00 / 목 10:30~22:00 / 금 10:30~22:00 / 토 10:30~22:00 / 일 10:30~22:00,,https://dynamic-media-cdn.tripadvisor.com/media/photo-o/12/f9/08/b1/mosquee-1.jpg?w=200&h=200&s=1,https://www.tripadvisor.co.kr/Restaurant_Review-g294197-d4050197-Reviews-Outback_Steakhouse_Central_City-Seoul.html,25,4.2,패밀리레스토랑,불쇼와 함께하는 풍성한 스테이크 향연,일 21:00 / 월 21:00 / 화 21:00 / 수 21:00 / 목 21:00 / 금 21:00 / 토 21:00,10592275,https://place.map.kakao.com/10592275,5900,29900,30,true,true,,,,,,kakao
26226191,인사도담,+82 2-735-0074,서울 인사동 16길 5-1,03060,37.575123,126.98413,"바베큐, 아시아 요리, 한국, 건강식, 맥주 음식점",월 11:00~22:00 / 화 11:00~22:00 / 수 11:00~22:00 / 목 11:00~22:00 / 금 11:00~22:00 / 토 11:00~22:00 / 일 11:00~22:00,"속이 편한 우리 재료만을 사용해 도심에서도 자연친화적이고 정갈한 음식을 착한가격으로 드실 수 있는 인사도담입니다. 한국의 멋을 그대로 살린 아늑한 인테리어와 친절한 서비스를 제공하는 스태프들이 기분 좋게 맞이합니다. 택대리네 인사도담은 산지에서 공수한 나물 재료로 조화롭게 섞어 먹을 수 있는 비빔밥 전문점입니다. 고기를 넣지 않아 채식하시는 분들도 편하게 방문하실 수 있습니다. 도담비빔밥 기본구성에 차돌,벌교꼬막,명태무침,제육등을 추가하셔서 드실 수 있습니다. 인사도담은 도담비빔밥, 뚝배기 돼지 갈비찜, 냉수육, 미나리전, 낙지볶음, 골뱅이무침, 밤막걸리를 전문으로 하는 인사동에 위치한 맛집입니다. 인사동 근처의 직장인들 뿐 아니라 국내외 관광객들 사이에서 큰 인기를 끌고 있습니다. 이곳은 택대리네 고기집 사장님이 같이 운영하는 곳입니다. 인사도담은 인사동의 작고 아늑한 분위기의 골목에 위치해 식사하시는 동안 인사동 그대로의 전통적인 느낌을 느끼실 수 있습니다. 소규모의 모임이나, 회식이 가능한 룸이 있어서 가족이나 친구들과 함께 방문하기 좋습니다. 고객이 즐겁고 직원들도 즐거운 식당을 만들자는 목표로 30대 이하 젊은 직원과 60대 이상 어르신이 함께 모여 만든 정겨운 곳입니다.",https://dynamic-media-cdn.tripadvisor.com/media/photo-o/32/e0/0f/4e/caption.jpg?w=200&h=200&s=1,https://www.tripadvisor.co.kr/Restaurant_Review-g294197-d26226191-Reviews-Insa_Dodam-Seoul.html,9,5.0,한식,택대리네에서 운영하는 인사도담입니다. 소중한 날을 인사도담에서 기념해보세요.,,899048923,https://place.map.kakao.com/899048923,12000,19000,20,,,,,,,,kakao
8885331,북촌손만두 동대문역사문화공원점,+82 2-2275-5580,서울 중구 장충단로 249-10,04564,37.567192,127.007706,"패스트푸드, 인터내셔널, 아시아 요리, 한국, 개스트로펍",월 11:00~21:45 / 화 11:00~21:45 / 수 11:00~21:45 / 목 11:00~21:45 / 금 11:00~21:45 / 토 11:00~21:45 / 일 11:00~21:45,,https://dynamic-media-cdn.tripadvisor.com/media/photo-o/26/b6/1d/94/restaurant.jpg?w=900&h=-1&s=1,https://www.tripadvisor.co.kr/Restaurant_Review-g294197-d8885331-Reviews-Bukchon_Sonmandoo_Dongdaemun_History_Culture_Park-Seoul.html,27,4.0,분식,쫄깃한 면발과 감칠맛 가득한 만두,일 21:15 / 월 21:15 / 화 21:15 / 수 21:15 / 목 21:15 / 금 21:15 / 토 21:15,16038077,https://place.map.kakao.com/16038077,,,,,true,,,,,,kakao
14048094,쿠우쿠우 - 하비오점,+82 2-402-1357,서울 송파구 송파대로 111 파크하비오 205동 201호,05837,37.485687,127.11932,,월 11:00~22:00 / 화 11:00~22:00 / 수 11:00~22:00 / 목 11:00~22:00 / 금 11:00~22:00 / 토 11:00~22:00 / 일 11:00~22:00,아직 쿠우쿠우 - 하비오점에 대한 콘텐츠가 없습니다.,https://dynamic-media-cdn.tripadvisor.com/media/photo-o/2c/08/68/77/caption.jpg?w=600&h=400&s=1,https://www.tripadvisor.co.kr/Restaurant_Review-g294197-d14048094-Reviews-QooQoo_Habio-Seoul.html,9,3.9,해산물뷔페,초밥부터 디저트까지 풍성한 해산물 뷔페,일 21:00 / 월 21:00 / 화 21:00 / 수 21:00 / 목 21:00 / 금 21:00 / 토 21:00,949446253,https://place.map.kakao.com/949446253,9900,18900,7,true,,,,,true,true,kakao
9213508,더플레이스 다이닝,+82 2-3455-9220,서울 용산구 남산공원길 126 N 서울 타워,04340,37.55118,126.9884,"이탈리아 요리, 피자, 유럽 요리",월 11:00~22:00 / 화 11:00~22:00 / 수 11:00~22:00 / 목 11:00~22:00 / 금 11:00~22:00 / 토 11:00~22:00 / 일 11:00~22:00,,https://dynamic-media-cdn.tripadvisor.com/media/photo-o/32/e0/0e/ff/caption.jpg?w=200&h=200&s=1,https://www.tripadvisor.co.kr/Restaurant_Review-g294197-d9213508-Reviews-The_Place_Dining-Seoul.html,39,3.8,양식,서울 전경 품은 로맨틱 이탈리안 다이닝,,22762956,https://place.map.kakao.com/22762956,6000,28000,19,true,true,,,,,,kakao
10670911,포춘레스토랑,+82 2-2278-7770,서울 중구 마른내로 154 2층,04560,37.5648,127.00505,"유럽 요리, 아시아 요리, 러시아, 동유럽 요리, 우즈베크",월 10:00~23:00 / 화 10:00~23:00 / 수 10:00~23:00 / 목 10:00~23:00 / 금 10:00~23:00 / 토 10:00~23:00 / 일 10:00~23:00,,https://dynamic-media-cdn.tripadvisor.com/media/photo-o/18/44/f5/4a/caption.jpg?w=900&h=500&s=1,https://www.tripadvisor.co.kr/Restaurant_Review-g294197-d10670911-Reviews-Fortune_Restaurant-Seoul.html,15,4.2,아시아음식,커다란 호밀빵과 이국적 담백함 가득,,10042350,https://place.map.kakao.com/10042350,5000,15500,30,true,true,,true,,,,kakao
8875214,송추가마골인어반 광화문점,+82 2-6031-6210,서울 종로구 새문안로5길 31 센터포인트 2층,03173,37.573006,126.9743,"아시아 요리, 한국",월 11:15~21:45 / 화 11:15~21:45 / 수 11:15~21:45 / 목 11:15~21:45 / 금 11:15~21:45 / 토 11:15~21:45 / 일 11:15~21:45,,https://dynamic-media-cdn.tripadvisor.com/media/photo-o/12/f9/08/b1/mosquee-1.jpg?w=200&h=200&s=1,https://www.tripadvisor.co.kr/Restaurant_Review-g294197-d8875214-Reviews-Songchoo_Gamagoll_in_Urban_Gwanghwamun-Seoul.html,26,4.1,갈비,"갈비가 생각날 땐, 송추가마골",,26844382,https://place.map.kakao.com/26844382,17000,41000,7,true,,,,,,,kakao
3922745,딘타이펑 롯데몰 김포공항점,+82 2-6116-5537,서울 강서구 하늘길 33 롯데몰 김포공함점 지하2층,,37.56374,126.80411,"중국 요리, 아시아 요리, 타이완, 수프",,,https://dynamic-media-cdn.tripadvisor.com/media/photo-o/2a/ba/59/10/caption.jpg?w=200&h=200&s=1&cx=551&cy=419&chk=v1_e198cb8d1e97e587cdda,https://www.tripadvisor.co.kr/Restaurant_Review-g294197-d3922745-Reviews-Din_Tai_Fung_Gimpo_Airport_Lotte_Mall-Seoul.html,77,4.0,,진한 육즙 샤오롱바오의 깊은 풍미,,15182208,https://place.map.kakao.com/15182208,15000,15000,1,,,,,,,,
8591005,한일관 영등포점,+82 2-2638-2735,서울 영등포구 영중로 15,07305,37.527973,127.032745,"아시아 요리, 한국",월 11:00~22:00 / 화 11:00~22:00 / 수 11:00~22:00 / 목 11:00~22:00 / 금 11:00~22:00 / 토 11:00~22:00 / 일 11:00~22:00,,https://dynamic-media-cdn.tripadvisor.com/media/photo-o/2a/56/f6/53/caption.jpg?w=200&h=200&s=1&cx=1920&cy=1080&chk=v1_c0560e3017a36647c0ed,https://www.tripadvisor.co.kr/Restaurant_Review-g294197-d8591005-Reviews-Hanilkwan_Yeongdeungpo-Seoul.html,33,4.2,한식,뜨끈한 국물이 오래도록 이어지는 한식의 품격,,16908544,https://place.map.kakao.com/16908544,13000,19000,16,true,true,true,true,,,,kakao
2487456,코파카바나 그릴,+82 2-796-1660,서울 용산구 이태원동 119-9번지 민생빌딩 2층,,37.534946,126.992935,"스테이크하우스, 브라질 요리, 라틴, 바베큐",,,https://dynamic-media-cdn.tripadvisor.com/media/photo-o/32/b9/1a/b6/37fa8f9d-5dbb-42bb.jpg?w=200&h=200&s=1,https://www.tripadvisor.co.kr/Restaurant_Review-g294197-d2487456-Reviews-Copacabana_Grill-Seoul.html,103,3.7,,브라질 감성 가득한 무한 바비큐 향연,,17357597,https://place.map.kakao.com/17357597,50000,50000,1,true,true,,,,,,
14061427,우가,+82 2-6272-2223,"서울 Gangnam-daero, 652",06027,37.519295,127.0191,"스테이크하우스, 한국",월 12:00~22:00 / 화 12:00~22:00 / 수 12:00~22:00 / 목 12:00~22:00 / 금 12:00~22:00 / 토 12:00~22:00 / 일 12:00~22:00,Experience premium 1++ Hanwoo since 1991. We use expert aging science to ensure the best flavor and tenderness. Enjoy Michelin-selected Korean beef at its finest.,https://dynamic-media-cdn.tripadvisor.com/media/photo-o/32/7c/14/44/wooga.jpg?w=700&h=400&s=1,https://www.tripadvisor.co.kr/Restaurant_Review-g294197-d14061427-Reviews-Wooga-Seoul.html,11,4.6,"육류,고기",숙성 한우의 깊은 풍미와 고요한 공간,일 14:00 / 월 14:00 / 화 14:00 / 수 14:00 / 목 14:00 / 금 14:00 / 토 14:00,1523827641,https://place.map.kakao.com/1523827641,12000,27500,10,true,,,,,,,kakao
8681713,아르모니움,+82 2-792-3972,"서울 용산구 대사관로 33 #101, Business Center, Bldg. 101, Hannam Hyperion",04401,37.527317,127.004196,"이탈리아 요리, 지중해 요리, 유럽 요리, 로마",월 11:30~22:00 / 화 11:30~22:00 / 목 11:30~22:00 / 금 11:30~22:00 / 토 11:30~22:00 / 일 11:30~22:00,"한남동에 위치한 이탈리안 레스토랑 아르모니움은 라틴어 조화(harmony)를 의미로 한 공간입니다. 현대적이고 고급스러운 이탈리안 요리를 선보이며, 테라스와 프라이빗 룸을 갖춰 식사와 비즈니스 모임 모두에 적합합니다. 감각적인 분위기 속에서 기억에 남는 식사를 경험해보세요.",https://dynamic-media-cdn.tripadvisor.com/media/photo-o/32/e0/0e/ff/caption.jpg?w=200&h=200&s=1,https://www.tripadvisor.co.kr/Restaurant_Review-g294197-d8681713-Reviews-Harmonium-Seoul.html,24,4.5,양식,한남동 이탈리안 레스토랑 아르모니움,,949268527,https://place.map.kakao.com/949268527,15000,33000,23,,,,,,,,kakao
1550206,페닌슐라,+82 2-317-7121,서울 중구 을지로 30 롯데호텔서울 신관 1층,04533,37.565834,126.98139,이탈리아 요리,,,https://dynamic-media-cdn.tripadvisor.com/media/photo-o/32/e0/0f/4e/caption.jpg?w=200&h=200&s=1,https://www.tripadvisor.co.kr/Restaurant_Review-g294197-d1550206-Reviews-Peninsula_Italian_Restaurant_Bar-Seoul.html,95,4.3,,,,,,,,,,,,,,,,
10257940,글램 라운지,+82 2-796-6853,서울 용산구 이태원로27가길 26 해밀톤호텔 별관,04350,37.535072,126.99359,바,월 19:00~03:00 / 화 19:00~03:00 / 수 19:00~03:00 / 목 19:00~03:00 / 금 19:00~05:00 / 토 19:00~05:00 / 일 19:00~03:00,"A true luxury lounge adorned in black marble highlighted with deep gold accessories. Comfortable seating, exclusive private areas and a large bullet shaped bar set the scene for an intimate night of gathering and mingling with Seoul's finest crowd. Accompanying the opulent interior of Glam, Terrace Baron offers guests with VIP seating indoors and outdoors in our multi level garden gallery. Glam lounge serves a contemporary menu expanding the definition of Japanese & Asian inspired tapas, complimenting our extensive cocktail list, wine, spirits and champagne.",https://dynamic-media-cdn.tripadvisor.com/media/photo-o/32/b9/1a/b6/37fa8f9d-5dbb-42bb.jpg?w=200&h=200&s=1,https://www.tripadvisor.co.kr/Restaurant_Review-g294197-d10257940-Reviews-Glam_Lounge-Seoul.html,63,4.4,칵테일바,네온빛 속 은은한 칵테일 바,,20373260,https://place.map.kakao.com/20373260,10000,12000,5,true,true,true,,,,,kakao
4030210,일일향,+82 2-545-6154,서울 강남구 신사동 601-3,,37.52361,127.03028,중국 요리,월 11:30~21:30 / 화 11:30~21:30 / 수 11:30~21:30 / 목 11:30~21:30 / 금 11:30~21:30 / 토 11:30~21:30 / 일 11:30~21:30,,https://dynamic-media-cdn.tripadvisor.com/media/photo-o/32/b9/1a/b6/37fa8f9d-5dbb-42bb.jpg?w=200&h=200&s=1,https://www.tripadvisor.co.kr/Restaurant_Review-g294197-d4030210-Reviews-Ililhyang-Seoul.html,24,4.3,중국요리,깔끔한 공간에서 즐기는 정통 중식의 맛,,66544493,https://place.map.kakao.com/66544493,9000,16000,18,true,,,,,,,kakao
19922997,락희옥 서초교대역점,+82 2-582-5958,서울 서초구 반포대로30길 63,06645,37.49262,127.012,"아시아 요리, 한국, 건강식, 다이닝 바",일 11:00~23:30 / 월 11:00~23:30 / 화 11:00~23:30 / 수 11:00~23:30 / 목 11:00~23:30 / 금 11:00~23:30 / 토 11:00~23:30,,https://dynamic-media-cdn.tripadvisor.com/media/photo-o/26/d2/cb/b2/lakheeoak-s-signature.jpg?w=900&h=500&s=1,https://www.tripadvisor.co.kr/Restaurant_Review-g294197-d19922997-Reviews-Lak_Hee_Oak_Seocho_Gyodae_Yeok_Branch-Seoul.html,2,4.5,,,,,,,,,,,,,,,,tripadvisor
3616559,한뫼촌,+82 2-766-5535,서울 종로구 재동 46-8,,37.57897,126.98557,"아시아 요리, 한국",,,https://dynamic-media-cdn.tripadvisor.com/media/photo-o/29/03/6c/f7/caption.jpg?w=900&h=-1&s=1,https://www.tripadvisor.co.kr/Restaurant_Review-g294197-d3616559-Reviews-HanMoeChon-Seoul.html,7,4.4,,고즈넉한 한옥에서 즐기는 정갈한 한정식,,9569052,https://place.map.kakao.com/9569052,30000,57500,4,,,,,,,,
8724369,로리스 더 프라임립,+82 2-590-2800,서울 서초구 서초대로 411 GT타워 3층,06615,,,"미국 요리, 스테이크하우스",월 11:30~22:00 / 화 11:30~22:00 / 수 11:30~22:00 / 목 11:30~22:00 / 금 11:30~22:00 / 토 11:30~22:00 / 일 11:30~22:00,"Lawry’s The Prime Rib is a restaurant specializing in prime rib that was established in Beverly Hills in 1938. Lawry’s The Prime Rib currently has ten locations worldwide – Los Angeles, Chicago, Dallas, Las Vegas, Singapore, Tokyo, Taipei, Hong Kong, Osaka and Seoul. Lawry’s The Prime Rib Seoul is the tenth restaurant in the chain and opened in 2013 in Gangnam, Seoul.",https://dynamic-media-cdn.tripadvisor.com/media/photo-o/21/dc/29/d2/caption.jpg?w=200&h=200&s=1&cx=2201&cy=1467&chk=v1_fa2578b6254b9a786864,https://www.tripadvisor.co.kr/Restaurant_Review-g294197-d8724369-Reviews-Lawry_s_The_Prime_Rib-Seoul.html,39,3.7,"스테이크,립",클래식 감성 가득한 프라임 립 명가,,22211960,https://place.map.kakao.com/22211960,7000,87500,6,true,true,true,true,,,,kakao
33043749,초반식당,+82 2-2261-2005,서울 수표로6길 8-1 1층,04554,37.562653,126.99087,"바베큐, 아시아 요리, 한국",월 10:00~22:00 / 화 10:00~22:00 / 수 10:00~22:00 / 목 10:00~22:00 / 금 10:00~22:00 / 토 12:00~22:00,,https://dynamic-media-cdn.tripadvisor.com/media/photo-o/12/f9/08/b1/mosquee-1.jpg?w=200&h=200&s=1,https://www.tripadvisor.co.kr/Restaurant_Review-g294197-d33043749-Reviews-Choban_Dining-Seoul.html,50,4.9,삼겹살,직원 구워주는 숙성 삼겹살의 진수,월 21:15 / 화 21:15 / 수 21:15 / 목 21:15 / 금 21:15 / 토 21:15,2048492620,https://place.map.kakao.com/2048492620,6000,21000,19,true,true,,,,,,kakao
6352986,이남장 을지로본점,+82 2-2267-4081,서울 중구 삼일대로12길 16,04542,37.566612,126.98864,"아시아 요리, 한국",월 10:00~22:00 / 화 10:00~22:00 / 수 10:00~22:00 / 목 10:00~22:00 / 금 10:00~22:00 / 토 10:00~22:00 / 일 10:00~22:00,,https://dynamic-media-cdn.tripadvisor.com/media/photo-o/28/fc/7a/83/caption.jpg?w=200&h=200&s=1&cx=700&cy=466&chk=v1_17baf620ec8c972813c0,https://www.tripadvisor.co.kr/Restaurant_Review-g294197-d6352986-Reviews-Inamjang_Euljiro-Seoul.html,38,4.0,설렁탕,48시간 정성으로 우려낸 깊은 국물맛,일 21:30 / 월 21:30 / 화 21:30 / 수 21:30 / 목 21:30 / 금 21:30 / 토 21:30,10668060,https://place.map.kakao.com/10668060,14000,47500,12,false,true,,,,,,kakao
9413973,목란,+82 2-732-0054,서울 연희로15길 21,,37.568336,126.93056,"아시아 요리, 한국",화 11:30~21:20 / 수 11:30~21:20 / 목 11:30~21:20 / 금 11:30~21:20 / 토 11:30~21:20 / 일 11:30~21:20,,https://dynamic-media-cdn.tripadvisor.com/media/photo-o/32/e0/0e/ff/caption.jpg?w=200&h=200&s=1,https://www.tripadvisor.co.kr/Restaurant_Review-g294197-d9413973-Reviews-Mokran-Seoul.html,33,4.1,중식,고급스러운 중식의 깊은 풍미와 여유,일 20:35 / 화 20:35 / 수 20:35 / 목 20:35 / 금 20:35 / 토 20:35,21359554,https://place.map.kakao.com/21359554,8000,42000,63,true,true,true,true,,,,kakao
4078323,고려삼계탕 - 시청 본점,+82 2-752-9376,서울 중구 서소문로11길 1,04516,37.56296,126.9729,"아시아 요리, 한국",,,https://dynamic-media-cdn.tripadvisor.com/media/photo-o/0d/67/d6/64/restaurant-view.jpg?w=800&h=-1&s=1,https://www.tripadvisor.co.kr/Restaurant_Review-g294197-d4078323-Reviews-Korea_Ginseng_Chicken_Soup_Main_Store-Seoul.html,16,4.5,,,,,,,,,,,,,,,,
27095353,지강한식당 압구정본점,+82 2-518-8848,"서울 강남구 압구정로30길 17 111, 112, 104-1, Gangnam-gu",,37.526356,127.02935,"아시아 요리, 한국",월 11:00~22:00 / 화 11:00~22:00 / 수 11:00~22:00 / 목 11:00~22:00 / 금 11:00~22:00 / 토 11:00~22:00 / 일 11:00~22:00,,https://dynamic-media-cdn.tripadvisor.com/media/photo-o/2b/25/15/af/caption.jpg?w=900&h=500&s=1,https://www.tripadvisor.co.kr/Restaurant_Review-g294197-d27095353-Reviews-Jikang_Korean_Restaurant_Apgujeong-Seoul.html,4,5.0,한식,지강한식당 압구정점 지하주차장 1시간 무료 이용이 가능합니다.(SUV차량 불가),일 20:50 / 월 20:50 / 화 20:50 / 수 20:50 / 목 20:50 / 금 20:50 / 토 20:50,2030032655,https://place.map.kakao.com/2030032655,2000,18000,16,true,,,,,,,kakao
24175964,Mood Seoul,+82 2-532-5272,"서울 Banpo-dong 650, Seocho-gu",,37.51141,126.993256,"와인 바, 다이닝 바",화 17:30~22:00 / 수 17:30~22:00 / 목 17:30~22:00 / 금 17:30~22:00 / 토 17:30~22:00 / 일 17:30~22:00,,https://dynamic-media-cdn.tripadvisor.com/media/photo-o/24/a5/8f/e3/caption.jpg?w=900&h=500&s=1,https://www.tripadvisor.co.kr/Restaurant_Review-g294197-d24175964-Reviews-Mood_Seoul-Seoul.html,3,4.0,와인바,"urban escape, MOOD SEOUL",일 20:45 / 화 20:45 / 수 20:45 / 목 20:45 / 금 20:45 / 토 20:45,1813393483,https://place.map.kakao.com/1813393483,18000,27500,20,true,,,,,,,kakao
33270072,더타코부스 남산점,+82 10-4612-3058,서울 소파로 103-1 1층,,37.557205,126.98584,멕시코 요리,일 11:00~22:00 / 월 11:00~22:00 / 화 11:00~22:00 / 수 11:00~22:00 / 목 11:00~22:00 / 금 11:00~22:00 / 토 11:00~22:00,,https://dynamic-media-cdn.tripadvisor.com/media/photo-o/32/60/c2/13/caption.jpg?w=900&h=500&s=1,https://www.tripadvisor.co.kr/Restaurant_Review-g294197-d33270072-Reviews-The_Taco_Booth_Namsan-Seoul.html,5,5.0,,뉴욕 감성 가득한 멕시칸 타코 맛집,,2046747077,https://place.map.kakao.com/2046747077,29600,29600,1,,,,,,,,tripadvisor
8881813,산들해 - 반포점,+82 2-537-0113,서울 서초구 반포대로 28 래미안퍼스티지 중심상가 지하1층,06547,,,"해산물, 바베큐, 아시아 요리, 한국, 그릴, 건강식",월 11:10~21:00 / 화 11:10~21:00 / 수 11:10~21:00 / 목 11:10~21:00 / 금 11:10~21:00 / 토 11:10~21:00 / 일 11:10~21:00,,https://dynamic-media-cdn.tripadvisor.com/media/photo-o/1b/4b/41/8c/sandeulhae-banpo.jpg?w=900&h=-1&s=1,https://www.tripadvisor.co.kr/Restaurant_Review-g294197-d8881813-Reviews-Sandeulhae_Banpo-Seoul.html,8,3.8,한정식,푸짐한 한상 가득 정갈한 한정식,일 20:00 / 월 20:00 / 화 20:00 / 수 20:00 / 목 20:00 / 금 20:00 / 토 20:00,11781456,https://place.map.kakao.com/11781456,15000,21000,9,true,true,true,true,,,,kakao
2260064,버드나무집 역삼점,+82 2-2088-3392,서울 강남구 역삼동 689-12,,37.50526,127.04193,"바베큐, 아시아 요리, 한국",,,https://dynamic-media-cdn.tripadvisor.com/media/photo-o/32/e0/0f/4e/caption.jpg?w=200&h=200&s=1,https://www.tripadvisor.co.kr/Restaurant_Review-g294197-d2260064-Reviews-Bud_Namujip_Yeoksam-Seoul.html,46,4.3,,,,,,,,,,,,,,,,
8587487,오토,+82 2-794-0110,서울 용산구 우사단로 10다길 1,04408,37.53171,127.001,"미국 요리, 패스트푸드, 인터내셔널, 한국",,2015년 7월 23일 뉴욕타임즈 여행코너에 소개된 가정식김밥 순살치킨전문점입니다.,https://dynamic-media-cdn.tripadvisor.com/media/photo-o/29/ca/99/da/caption.jpg?w=900&h=500&s=1,https://www.tripadvisor.co.kr/Restaurant_Review-g294197-d8587487-Reviews-Otto_Kimbab-Seoul.html,12,4.7,,,,,,,,,,,,,,,,
27956526,지강한식당 잠실점,+82 2-414-4963,서울 송파구 잠실로 209 Kt송파빌딩 1층 104호,,37.51407,127.10667,"아시아 요리, 한국",월 11:00~22:00 / 화 11:00~22:00 / 수 11:00~22:00 / 목 11:00~22:00 / 금 11:00~22:00 / 토 11:00~22:00 / 일 11:00~22:00,,https://dynamic-media-cdn.tripadvisor.com/media/photo-o/30/de/1b/13/caption.jpg?w=900&h=500&s=1,https://www.tripadvisor.co.kr/Restaurant_Review-g294197-d27956526-Reviews-Jikang_Korean_restaurant_Jamsil_Branch-Seoul.html,5,4.8,한식,*주차는 소피텔 지하 3~4층 무료이용 가능합니다.(방문포장시에도 동일하게 무료이용 가능),,1967149354,https://place.map.kakao.com/1967149354,3500,18500,17,true,,,,,,,kakao
19085783,을지맥옥,+82 2-2272-1825,서울 중구 수표로 48-16,04550,37.565422,126.99071,,월 15:30~02:00 / 화 15:30~02:00 / 수 15:30~02:00 / 목 15:30~02:00 / 금 15:30~02:00 / 토 15:30~02:00 / 일 15:30~02:00,,https://dynamic-media-cdn.tripadvisor.com/media/photo-o/19/81/f7/19/inside.jpg?w=900&h=500&s=1,https://www.tripadvisor.co.kr/Restaurant_Review-g294197-d19085783-Reviews-Euljiro_Brewing-Seoul.html,9,4.2,"호프,요리주점","힙지로 수제맥주 펍 본관 1,2층, 별관 80년 목조양식 펍 Pub with 소주",,2091976811,https://place.map.kakao.com/2091976811,7500,20750,20,,,,,,,,kakao
20264728,도쿄등심 여의도점,+82 2-782-2260,서울 영등포구 여의나루로 50 한국교직원공제회관 지하1층 9호,07328,37.52185,126.92583,"스테이크하우스, 아시아 요리, 한국",일 12:00~23:00 / 월 11:00~23:00 / 화 11:00~23:00 / 수 11:00~23:00 / 목 11:00~23:00 / 금 11:00~23:00 / 토 12:00~23:00,"도쿄등심 여의도점은 여의도역 5번출구 바로 앞, 한국교직원 공제회관 지하1층에 위치한 아시안 퓨전다이닝으로 프라이빗한 공간과 룸이 준비되어 있으며, 워터에이징 한우 오마카세와 퓨전 요리를 함께 즐길 수 있습니다. 룸 예약 및 주차문의는 매장으로 문의주시기 바랍니다.",https://dynamic-media-cdn.tripadvisor.com/media/photo-o/25/6d/03/0f/caption.jpg?w=200&h=200&s=1&cx=1200&cy=800&chk=v1_446514ae7e3f8b724016,https://www.tripadvisor.co.kr/Restaurant_Review-g294197-d20264728-Reviews-TOKYO_SIRLOIN_Yeouido-Seoul.html,9,4.9,,,,,,,,,,,,,,,,tripadvisor
27109472,플랜튜드,+82 2-551-3933,서울 강남구 영동대로 513 B1,,37.51252,127.05882,건강식,월 11:00~21:00 / 화 11:00~21:00 / 수 11:00~21:00 / 목 11:00~21:00 / 금 11:00~21:00 / 토 11:00~21:00 / 일 11:00~21:00,"""- 플랜튜드(Plantude)는 식물성을 뜻하는 '플랜트(Plant)'와 태도를 뜻하는 '애티튜드(Attitude)'의 합성어 입니다. - 식물성 식재료로 만든 맛있는 메뉴들로 식탁을 채우고 나아가 지구와 환경까지 생각하는 태도를 지향하고 있습니다. - 전 메뉴 비건 인증을 받은 식품 기업 첫 비건 인증 레스토랑 - 더 나은 일상을 즐기는 맛있는 비거니즘"" ""- 고사리 오일 스톡 파스타(Bracken oil stock pasta) : 마늘향 가득한 올리브 오일에 고사리와 청,홍피망을 볶아내고, 아삭하게 구워낸 브로콜리를 곁들인 담백하지만 감칠맛이 풍성한 오일 스톡 파스타 - 모둠 버섯 두부 강정(Fried assorted mushroom and tofu) : 두부, 표고버섯, 새송이 그리고 연근을 튀겨 특제 강정 소스로 볶아낸 플랜튜드 시그니처 메뉴 - 라구 리가토니 파스타(Ragu rigatoni pasta) : 양파, 버섯, 당근, 샐러리를 듬뿍 넣어 만든 특제 라구소스에 딥한 식물성 체다치즈 소스와 향긋한 차빌을 곁들여 풍미 가득한 리가토니 파스타 - 프라잉 가지 베지 카레(Flying eggplant veggie curry) : 매콤하게 끓여낸 카레 소스에 튀긴 가지와 갖가지 구운 채소를 올린 카레라이스 - 구운 알배추 바나나 샐러드(Roasted cabbage&banana salad) : 아삭하게 구운 알배추에 옐로우 스윗 비네거 소스와 카라멜 크러스트를 얹은 바나나, 생 그린빈스를 곁들여 먹는 오감만점 샐러드""",https://dynamic-media-cdn.tripadvisor.com/media/photo-o/2e/0d/14/23/caption.jpg?w=900&h=500&s=1,https://www.tripadvisor.co.kr/Restaurant_Review-g294197-d27109472-Reviews-Plantude_Starfield_COEX-Seoul.html,3,5.0,퓨전요리,식물성 재료로 완성한 감각적 퓨전 한끼,일 20:00 / 월 20:00 / 화 20:00 / 수 20:00 / 목 20:00 / 금 20:00 / 토 20:00,884459004,https://place.map.kakao.com/884459004,15900,16900,8,true,true,,true,,,,kakao
29004598,우곳간 상암점,+82 2-6953-1688,서울 월드컵북로 76-9 마포구 44길,,37.57788,126.89376,"아시아 요리, 한국",월 17:00~01:00 / 화 17:00~01:00 / 수 17:00~01:00 / 목 17:00~01:00 / 금 17:00~01:00 / 토 17:00~01:00,,https://dynamic-media-cdn.tripadvisor.com/media/photo-o/2c/2b/bd/70/caption.jpg?w=200&h=200&s=1&cx=2492&cy=3736&chk=v1_281809e05aeea1628092,https://www.tripadvisor.co.kr/Restaurant_Review-g294197-d29004598-Reviews-Ugogan_Sangam_Branch-Seoul.html,18,5.0,"육류,고기",신선함 가득한 프리미엄 한우 다이닝,,1595780977,https://place.map.kakao.com/1595780977,24000,28000,10,true,,,,,,,kakao
3636658,석파랑,+82 2-395-2500,서울 종로구 홍지동 125,,37.599422,126.958565,"아시아 요리, 한국",월 12:00~22:00 / 화 12:00~22:00 / 수 12:00~22:00 / 목 12:00~22:00 / 금 12:00~22:00 / 토 12:00~22:00 / 일 12:00~22:00,,https://dynamic-media-cdn.tripadvisor.com/media/photo-o/2f/bd/f5/74/caption.jpg?w=200&h=200&s=1&cx=1920&cy=1080&chk=v1_d34c05b86a448200f657,https://www.tripadvisor.co.kr/Restaurant_Review-g294197-d3636658-Reviews-Seokparang-Seoul.html,47,3.9,한정식,전통 한옥의 고즈넉한 품격과 정갈한 한정식,,7943191,https://place.map.kakao.com/7943191,39000,99000,8,true,true,true,,,,,kakao
14112207,"더 라운지, 파크 하얏트 서울",+82 2-2016-1235,서울 강남구 테헤란로 606 파크 하얏트 서울 24층,06174,37.508587,127.064156,"카페, 아시아 요리, 한국, 건강식",월 11:00~22:00 / 화 11:00~22:00 / 수 11:00~22:00 / 목 11:00~22:00 / 금 11:00~22:00 / 토 11:00~22:00 / 일 11:00~22:00,"[공지사항] 파크 하얏트 서울은 고객님과 직원의 안전과 웰빙을 항상 최우선 순위로 두고 있습니다. 더 라운지를 포함한 저희 호텔은 코로나바이러스감염증-19 상황을 고려하여 임시 휴장을 실시합니다. 추후 공지 시까지 예약을 받지 않사오니 문의사항이 있으신 경우 호텔로 직접 연락 주시거나, 거주 지역과 가장 가까운 곳의 하얏트 글로벌 컨택 센터로 연락하여 주십시오. 본 상황에 관한 추가적인 질문은 질병관리본부(KCDC)로 직접 해주시기 바랍니다.",https://dynamic-media-cdn.tripadvisor.com/media/photo-o/2d/3c/59/19/caption.jpg?w=200&h=200&s=1&cx=748&cy=500&chk=v1_67f5515eae59a0be971f,https://www.tripadvisor.co.kr/Restaurant_Review-g294197-d14112207-Reviews-The_Lounge_Park_Hyatt_Seoul-Seoul.html,21,4.5,한식,도심 전경과 어우러진 정갈한 한식 코스,,13303757,https://place.map.kakao.com/13303757,39000,45000,8,true,,true,,,,,kakao
8826826,붓쳐스컷 삼성점,+82 2-552-6647,서울 강남구 테헤란로87길 17,06169,37.509018,127.058784,스테이크하우스,,,https://dynamic-media-cdn.tripadvisor.com/media/photo-o/28/4a/38/f0/caption.jpg?w=200&h=200&s=1&cx=1920&cy=1080&chk=v1_32731f4d6cc7594ff2f8,https://www.tripadvisor.co.kr/Restaurant_Review-g294197-d8826826-Reviews-Butcher_s_Cut_Samsung-Seoul.html,24,4.2,,스테이크와 해산물의 완벽한 조화,,1883558211,https://place.map.kakao.com/1883558211,25000,50000,3,true,true,true,true,,,,
12571622,두끼떡볶이 홍대점,+82 2-325-0737,서울 마포구 홍익로6길 8 2F,04050,37.554874,126.92248,"아시아 요리, 한국",,,https://dynamic-media-cdn.tripadvisor.com/media/photo-o/12/bf/85/4f/photo0jpg.jpg?w=900&h=500&s=1,https://www.tripadvisor.co.kr/Restaurant_Review-g294197-d12571622-Reviews-Hongdae_Dooki_Tteokbokki-Seoul.html,6,5.0,,다채로운 재료로 완성하는 즉석 떡볶이,,27296903,https://place.map.kakao.com/27296903,5900,10400,4,true,true,,,,,,
15154591,Speakeasy Boxingtiger 복싱타이거,+82 2-540-2399,서울 강남구 강남대로156길 13 지하1층,06034,,,바,월 20:00~03:00 / 화 20:00~03:00 / 수 20:00~03:00 / 목 20:00~03:00 / 금 20:00~03:00 / 토 20:00~03:00 / 일 19:00~24:00,"Boxing Tiger is a hidden speakeasy-style cocktail bar in Sinsa-dong’s Garosu-gil, known as one of the longest-running bars in the area. While Seoul’s bar scene constantly evolves, it has maintained its presence with a focus on quality, consistency, and a distinct identity. The bar offers a balanced selection of classic cocktails alongside creative signature drinks, and is especially recognized for reinterpreting traditional Korean spirits into modern cocktails—providing a unique local experience. Boxing Tiger has been featured in the Korean Blue Ribbon Survey and is also one of only six bars in Korea selected by Glenmorangie as a “Pioneer Bar.” With an intimate yet relaxed atmosphere, it is well-suited for both casual visits and longer evenings, offering a curated selection of spirits including whisky and gin, along with consistently well-crafted cocktails.",https://dynamic-media-cdn.tripadvisor.com/media/photo-o/14/db/c6/60/getlstd-property-photo.jpg?w=900&h=500&s=1,https://www.tripadvisor.co.kr/Restaurant_Review-g294197-d15154591-Reviews-Speakeasy_Boxing_Tiger-Seoul.html,4,5.0,칵테일바,1920년대 감성 담은 숨은 칵테일 아지트,일 23:30 / 월 02:30 / 화 02:30 / 수 02:30 / 목 02:30 / 금 02:30 / 토 02:30,868391417,https://place.map.kakao.com/868391417,23000,23000,5,true,true,,,,,,kakao
7788319,거제식당,+82 2-777-8177,서울 중구 남대문시장4길 42-1,04528,37.55826,126.97704,"아시아 요리, 한국",,,https://dynamic-media-cdn.tripadvisor.com/media/photo-o/17/54/fd/7e/caption.jpg?w=900&h=500&s=1,https://www.tripadvisor.co.kr/Restaurant_Review-g294197-d7788319-Reviews-Geoje_Sikdang-Seoul.html,43,4.0,,정겨운 시장골목의 푸짐한 칼국수 한 그릇,,17079162,https://place.map.kakao.com/17079162,5000,6000,4,true,true,,,,,,
16843986,Casa Latina,+82 10-8757-7665,"서울 143, Wausanro, Mapogu, Seoulteukbyeolsi, Corea del Sur 4th Floor / Rooftop",,37.55422,126.92867,"스테이크하우스, 카리브해 요리, 라틴, 스페인 요리, 아르헨티나, 남미 요리, 에콰도르",월 17:00~24:00 / 화 17:00~24:00 / 수 17:00~24:00 / 목 17:00~24:00 / 금 17:00~24:00 / 토 12:00~24:00 / 일 12:00~21:00,Casa Latina is a South American restaurant focused on showing the authentic culinary culture of LatinAmerica. We prioritize the use of fresh and high quality materials as well as using seasonal products and original condiments. We invite you to Casa Latina not only to taste the authentic Latin cuisine but to live the experience.,https://dynamic-media-cdn.tripadvisor.com/media/photo-o/17/08/ed/97/boyfriend-come-a-live.jpg?w=900&h=-1&s=1,https://www.tripadvisor.co.kr/Restaurant_Review-g294197-d16843986-Reviews-Casa_Latina-Seoul.html,3,4.7,양식,,,946065264,https://place.map.kakao.com/946065264,,,,,,,,,,,kakao
13147696,322소월로-카우리,+82 2-799-8271,서울 용산구 소월로 322 그랜드 하얏트 서울 LL층,04347,37.539455,126.99788,"일본 요리, 해산물, 스시",월 12:00~21:30 / 화 12:00~21:30 / 수 12:00~21:30 / 목 12:00~21:30 / 금 12:00~21:30 / 토 12:00~21:30 / 일 12:00~21:30,Kauri takes its name from the magnificent timber sushi counter where you can sit and experience our master sushi chefs in action. Kauri prepares and serves only the freshest premium quality seafood available ensuring an authentic sushi experience.,https://dynamic-media-cdn.tripadvisor.com/media/photo-o/32/b9/1a/b6/37fa8f9d-5dbb-42bb.jpg?w=200&h=200&s=1,https://www.tripadvisor.co.kr/Restaurant_Review-g294197-d13147696-Reviews-Kauri_Grand_Hyatt_Seoul-Seoul.html,13,4.9,"초밥,롤",통창뷰와 함께하는 정갈한 오마카세,,1237031224,https://place.map.kakao.com/1237031224,18000,30000,7,true,,true,,,,,kakao
25091386,화춘옥 청담점,+82 2-511-1945,서울 강남구 도산대로50길 15,06055,37.521442,127.0377,"바베큐, 아시아 요리, 한국, 그릴",일 11:30~22:00 / 월 11:30~22:00 / 화 11:30~22:00 / 수 11:30~22:00 / 목 11:30~22:00 / 금 11:30~22:00 / 토 11:30~22:00,77년 전통의 대한민국 최초의 원조 수원갈비집,https://dynamic-media-cdn.tripadvisor.com/media/photo-o/32/e0/0d/6d/caption.jpg?w=200&h=200&s=1,https://www.tripadvisor.co.kr/Restaurant_Review-g294197-d25091386-Reviews-Hwachoonok_Cheongdam-Seoul.html,8,5.0,갈비,80년 전통의 정갈한 갈비 맛집,,144850585,https://place.map.kakao.com/144850585,1000,22000,30,true,true,true,true,,,,tripadvisor
7618195,브루 3.15,+82 70-4148-3049,서울 종로구 삼일대로 32가길 40,110340,37.574795,126.989876,"바, 피자, 펍, 개스트로펍",월 17:00~24:00 / 화 17:00~24:00 / 수 17:00~24:00 / 목 17:00~24:00 / 금 17:00~24:00 / 토 17:00~24:00,"All we do is serve awesome Korean Fried Chicken with locally brewed craft beers because we know it is good. We have six different beers on tap ranging from Pale Ales, Belgium Wheats to Stouts and the beers change regularly. Our American owner is the a food writer and specialist of Seouleats that decided life was too short to drink bad beer. Eat, Drink and Get Clucking Crazy!",https://dynamic-media-cdn.tripadvisor.com/media/photo-o/32/e0/0e/ff/caption.jpg?w=200&h=200&s=1,https://www.tripadvisor.co.kr/Restaurant_Review-g294197-d7618195-Reviews-Brew_3_15-Seoul.html,68,4.5,"호프,요리주점",,,1750783707,https://place.map.kakao.com/1750783707,13000,13500,5,,,,,,,,kakao
6207932,사우스사이드팔러,+82 2-749-9522,서울 용산구 녹사평대로 218,04345,37.53702,126.98686,"미국 요리, 바, 펍, 퓨전",월 18:00~01:00 / 화 18:00~01:00 / 수 18:00~01:00 / 목 18:00~01:00 / 금 18:00~02:00 / 토 18:00~02:00 / 일 18:00~01:00,"Southside Parlor is committed to providing craft cocktails, Texas BBQ, and southern hospitality to the citizens of Seoul. Southside Parlor offers signature cocktails and popular classics that are driven by creativity and seasonal ingredients. Our food and drinks are made with the freshest ingredients and executed with techniques native to our Texas roots.",https://dynamic-media-cdn.tripadvisor.com/media/photo-o/29/b6/98/46/caption.jpg?w=200&h=200&s=1&cx=1000&cy=664&chk=v1_f6e890fe40e6ec6ed122,https://www.tripadvisor.co.kr/Restaurant_Review-g294197-d6207932-Reviews-Southside_Parlor-Seoul.html,86,4.6,양식,텍사스 감성 가득한 루프탑 타코 바,,26972066,https://place.map.kakao.com/26972066,10000,16000,12,true,true,,,,true,,kakao
7748267,강강술래 역삼점,+82 2-567-9233,"서울 강남구 논현로 325,",06257,37.49417,127.03978,,월 11:00~22:00 / 화 11:00~22:00 / 수 11:00~22:00 / 목 11:00~22:00 / 금 11:00~22:00 / 토 11:00~22:00 / 일 11:00~22:00,,https://dynamic-media-cdn.tripadvisor.com/media/photo-o/12/f9/08/b1/mosquee-1.jpg?w=200&h=200&s=1,https://www.tripadvisor.co.kr/Restaurant_Review-g294197-d7748267-Reviews-Kangknagsullai_Yeoksam-Seoul.html,18,4.2,한식,역삼역 2-1번출구(도곡동 방향)에서 700m 정도 걸어오시면 멋있는 한옥건물이 보입니다.,,8144397,https://place.map.kakao.com/8144397,16000,39000,19,true,,,,,,true,kakao
16821637,차만다 - 잠실점,+82 2-422-0812,서울 송파구 오금로18길 6,05619,37.510246,127.11059,"유럽 요리, 영국 요리, 컨템퍼러리",월 11:30~21:30 / 화 11:30~21:30 / 수 11:30~21:30 / 목 11:30~21:30 / 금 12:00~21:30 / 토 12:00~21:30 / 일 12:00~21:30,"송리단길 특별하고 센스있는 데이트장소 첫만남의 설레임, 영국가정식 어떠세요?! 제 658회 영국음식의 달인, 제 2502회 생방송 투데이 비프웰링턴, Olive tv 밥블레스유2 제 18화, MBC 다큐멘터리 세상을 맛있게, 감자 7부작- 영국음식 주말 및 공휴일은 매장에 주차가 가능하지만, 평일의 경우송리단길 특성상 주차가 어려운점 양해바랍니다! 근처 주차장의 경우 (매장에서 가까운 순서대로) 1. 송파나루공원 동호 공영주차장 2. 송파구청 공영주차장 3. 잠실역 공영주차장 입니다. 감사합니다.",https://dynamic-media-cdn.tripadvisor.com/media/photo-o/29/9c/ee/3e/caption.jpg?w=500&h=300&s=1,https://www.tripadvisor.co.kr/Restaurant_Review-g294197-d16821637-Reviews-Charmandre_Jamsil-Seoul.html,2,5.0,양식,샹들리에 빛 고급스러운 영국식 다이닝,,780109410,https://place.map.kakao.com/780109410,18000,25000,13,true,,,,,,,kakao
15327173,셰익스비어,+82 2-735-5855,서울 종로구 종로14길 13,03190,37.569378,126.987015,"자가 맥주 판매pub, 피자, 스페인 요리, 아시아 요리, 한국, 영국 요리, 펍",월 17:00~24:00 / 화 17:00~24:00 / 수 17:00~24:00 / 목 17:00~24:00 / 금 17:00~00:30 / 토 16:00~00:30 / 일 17:00~24:00,Shakesbeer is travel bar & restaurant. We provide variety craft beer and variety food fit for beer and we provide information and data of trip for Korea.we are in the downtown of Seoul near attraction place. (no tax & tip),https://dynamic-media-cdn.tripadvisor.com/media/photo-o/15/7a/86/2b/caption.jpg?w=600&h=400&s=1,https://www.tripadvisor.co.kr/Restaurant_Review-g294197-d15327173-Reviews-Shakesbeer-Seoul.html,7,4.7,양식,영국 감성 가득한 아늑한 펍 공간,,1485609915,https://place.map.kakao.com/1485609915,6900,16900,27,,,,,,,,kakao
7376501,아비코 홍대본점,+82 2-323-0129,서울 마포구 홍익로 25 서교호텔별관 B106,04039,,,"일본 요리, 아시아 요리",,,https://dynamic-media-cdn.tripadvisor.com/media/photo-o/32/e0/0f/4e/caption.jpg?w=200&h=200&s=1,https://www.tripadvisor.co.kr/Restaurant_Review-g294197-d7376501-Reviews-Abiko_Curry_Hongdae_1-Seoul.html,42,4.2,,,,,,,,,,,,,,,,
32731239,호세가 타코스,+82 70-8959-8826,서울 남부순환로 108길 19 1층,,37.47815,126.89219,"멕시코 요리, 미국 요리, 남미 요리",일 12:00~21:50 / 월 11:30~21:50 / 화 11:30~21:50 / 수 11:30~21:50 / 목 11:30~21:50 / 금 11:30~21:50 / 토 12:00~21:50,,https://dynamic-media-cdn.tripadvisor.com/media/photo-o/2f/00/88/94/caption.jpg?w=800&h=400&s=1,https://www.tripadvisor.co.kr/Restaurant_Review-g294197-d32731239-Reviews-Hosega_Tacos-Seoul.html,8,5.0,,,,,,,,,,,,,,,,tripadvisor
34027121,우하나 종각역점,+82 2-2158-7561,서울 종로 33번지 203호 2층,,37.57112,126.98139,"바베큐, 아시아 요리, 한국",일 11:00~22:00 / 월 11:00~22:00 / 화 11:00~22:00 / 수 11:00~22:00 / 목 11:00~22:00 / 금 11:00~22:00 / 토 11:00~22:00,"우하나 종각역점은 한우의 깊은 풍미와 정갈한 한식의 격식을 현대적으로 해석한 프리미엄 다이닝입니다. 셰프의 손끝에서 완성되는 한우·해산물 중심의 코스요리는 비즈니스 미팅, 회식, 기념일, 상견례에 적합합니다. 종각역 중심의 단정한 프라이빗 공간에서 편안한 식사를 즐길 수 있어 종로 일대 직장인과 미식가들에게 꾸준히 사랑받고 있는 대표 한식 코스 레스토랑입니다.",https://dynamic-media-cdn.tripadvisor.com/media/photo-o/31/d2/ef/0f/caption.jpg?w=900&h=-1&s=1,https://www.tripadvisor.co.kr/Restaurant_Review-g294197-d34027121-Reviews-Woohana_Jonggak_Station_Branch-Seoul.html,7,5.0,,프라이빗 룸에서 즐기는 한우 오마카세,,1805069049,https://place.map.kakao.com/1805069049,39000,104000,4,true,,,,,,true,tripadvisor
4080193,시조명동닭한마리,+82 2-2275-3125,서울 종로구 종로40가길 10,03197,37.57037,127.00609,"아시아 요리, 한국",,,https://dynamic-media-cdn.tripadvisor.com/media/photo-o/18/4b/b0/31/photo2jpg.jpg?w=900&h=500&s=1,https://www.tripadvisor.co.kr/Restaurant_Review-g294197-d4080193-Reviews-Sijo_Myeongdong_Dakhanmari-Seoul.html,16,4.8,,깊고 진한 국물에 담긴 닭한마리의 정성,,26559811,https://place.map.kakao.com/26559811,10000,25000,4,false,true,,,,,,
5035634,원조 호수삼계탕,+82 2-848-2440,서울 영등포구 신길동 342-325,,37.50271,126.90445,"아시아 요리, 한국",월 11:00~21:30 / 화 11:00~21:30 / 수 11:00~21:30 / 목 11:00~21:30 / 금 11:00~21:30 / 토 11:00~21:30 / 일 11:00~21:30,,https://dynamic-media-cdn.tripadvisor.com/media/photo-o/2f/7e/2a/c4/caption.jpg?w=200&h=200&s=1&cx=1060&cy=707&chk=v1_3ec9795a9eadda2fe443,https://www.tripadvisor.co.kr/Restaurant_Review-g294197-d5035634-Reviews-Original_Hosu_Samgyetang-Seoul.html,40,4.4,삼계탕,구수한 들깨 국물에 담긴 깊은 보양의 맛,일 21:00 / 월 21:00 / 화 21:00 / 수 21:00 / 목 21:00 / 금 21:00 / 토 21:00,8510748,https://place.map.kakao.com/8510748,4000,7000,5,true,true,true,,,,,kakao
13137307,육전식당 3호점,+82 2-2234-6373,서울 동대문구 천호대로 38,02586,37.57389,127.027405,"아시아 요리, 한국",,,https://dynamic-media-cdn.tripadvisor.com/media/photo-o/14/88/65/3a/caption.jpg?w=900&h=500&s=1,https://www.tripadvisor.co.kr/Restaurant_Review-g294197-d13137307-Reviews-Yukjeon_Sikdang_3rd-Seoul.html,18,4.7,,,,,,,,,,,,,,,,
4032335,뜨락,+82 2-543-2987,서울 영동대로142길 13-3,06075,37.524426,127.05556,"스테이크하우스, 아시아 요리, 한국",월 11:30~23:00 / 화 11:30~23:00 / 수 11:30~23:00 / 목 11:30~23:00 / 금 11:30~23:00 / 토 11:30~23:00 / 일 11:30~23:00,,https://dynamic-media-cdn.tripadvisor.com/media/photo-o/2d/34/80/25/capti_r.jpg?w=900&h=500&s=1,https://www.tripadvisor.co.kr/Restaurant_Review-g294197-d4032335-Reviews-Tteurak-Seoul.html,8,4.8,"육류,고기",프라이빗한 공간에서 즐기는 최상급 한우 안심,,7857098,https://place.map.kakao.com/7857098,5000,52000,22,true,,,,,,,kakao
25306649,서울88맥주,+82 10-8351-8126,서울 종로구 율곡로8길 102,03134,37.572765,126.991714,"자가 맥주 판매pub, 한국, 펍, 퓨전, 길거리 음식, 토착 음식",월 11:00~05:30 / 화 11:00~05:30 / 수 11:00~05:30 / 목 11:00~05:30 / 금 11:00~06:00 / 토 11:00~06:00 / 일 11:00~04:30,"서울 88맥주는 곰표 밀맥주를 비롯한 수제 맥주 와 하이볼 ,가성비와 맛 두 가지를 잡은 다양한 안주류들을 판매하고 있습니다. 그중 서울 88맥주가 자랑하는 피자 메뉴는 자체 개발한 레시피를 통해 오븐에서 직접 구워집니다. 듬뿍 올려 갓구워진 치즈와 페퍼로니의 진한 풍미와 특히 피자 도우를 빵이 아닌 페이스트리로 사용해 고소함과 담백함이 풍부힌고 바사삭 부서지는 페이스트리의 식감은 먹는 재미를 더 해줍니다. 가성비와 맛 두 가지를 모두잡은 인기 메뉴입니다.",https://dynamic-media-cdn.tripadvisor.com/media/photo-o/32/e0/0e/ff/caption.jpg?w=200&h=200&s=1,https://www.tripadvisor.co.kr/Restaurant_Review-g294197-d25306649-Reviews-Seoul_88_Beer-Seoul.html,14,5.0,"호프,요리주점",수제맥주 하이볼 피맥 포차거리 종로3가7번출구앞 수제 돈까스 수제피자 한우육회 생연어사시미,,2122242859,https://place.map.kakao.com/2122242859,10000,20000,20,,,,,,true,,kakao
4034045,퀸스파크 청담점,+82 2-542-4073,서울 청담동 83-18,,37.52585,127.04166,"카페, 유럽 요리",일 08:00~00:00 / 월 10:00~00:00 / 화 10:00~00:00 / 수 10:00~00:00 / 목 10:00~00:00 / 금 10:00~00:00 / 토 08:00~00:00,,https://dynamic-media-cdn.tripadvisor.com/media/photo-o/28/d2/01/95/caption.jpg?w=200&h=200&s=1&cx=960&cy=540&chk=v1_0e94023d58cd4e54819d,https://www.tripadvisor.co.kr/Restaurant_Review-g294197-d4034045-Reviews-Queens_Park_Cheongdam-Seoul.html,47,4.1,,여왕의 정원 같은 테라스 양식 레스토랑,,8122778,https://place.map.kakao.com/8122778,35000,38500,4,true,true,true,true,,,,tripadvisor
5927660,더리버사이드호텔 더가든키친,+82 2-6710-1133,서울 서초구 강남대로107길 6 리버사이드호텔 1F,06524,37.51853,127.01808,인터내셔널,월 11:30~21:30 / 화 11:30~21:30 / 수 11:30~21:30 / 목 11:30~21:30 / 금 11:30~21:00 / 토 11:30~21:30 / 일 11:30~21:00,,https://dynamic-media-cdn.tripadvisor.com/media/photo-o/12/f9/08/b1/mosquee-1.jpg?w=200&h=200&s=1,https://www.tripadvisor.co.kr/Restaurant_Review-g294197-d5927660-Reviews-The_Riverside_Hotel_The_Garden_Kitchen-Seoul.html,21,4.7,뷔페,전세계 감동적인 요리를 한자리에! 파인-다이닝 프리미엄 뷔페 더 리버사이드 호텔,,23201275,https://place.map.kakao.com/23201275,33000,55000,6,true,true,true,true,true,,,kakao
27432977,Mariposa,+82 2-3395-6000,서울 Fairmont Ambassador Seoul 108 Yeoui Daero Yeongdeungpo Gu,07335,37.52597,126.92785,"이탈리아 요리, 프랑스 요리, 바, 펍, 와인 바",일 11:30~14:30 / 일 17:30~21:30 / 월 11:30~14:30 / 월 17:30~21:30 / 화 11:30~14:30 / 화 17:30~21:30 / 수 11:30~14:30 / 수 17:30~21:30 / 목 11:30~14:30 / 목 17:30~21:30 / 금 11:30~14:30 / 금 17:30~21:30 / 토 11:30~14:30 / 토 17:30~21:30,"호텔 29층에 위치한 마리포사의 디자인은 나비의 우아미를 연상케 합니다. 측면에 테라스 바가 있으며, 최고급 현지 장인이 만든 모던한 유럽 요리를 맛보실 수 있습니다. 저녁에는 19세 이상의 성인만이 출입 가능합니다.  *마리포사 런치 및 테라스 이용 가능",https://dynamic-media-cdn.tripadvisor.com/media/photo-o/2d/c3/c5/37/caption.jpg?w=900&h=500&s=1,https://www.tripadvisor.co.kr/Restaurant_Review-g294197-d27432977-Reviews-Mariposa-Seoul.html,8,5.0,,한강뷰와 함께하는 우아한 5코스 만찬,,570257290,https://place.map.kakao.com/570257290,,,,,,,,,,,tripadvisor
9217598,툇마루밥상,+82 2-409-6979,서울 송파대로22길 11,05805,37.487846,127.12315,,월 11:30~21:30 / 화 11:30~21:30 / 수 11:30~21:30 / 목 11:30~21:30 / 금 11:30~21:30 / 토 11:30~21:30 / 일 11:30~21:30,,https://dynamic-media-cdn.tripadvisor.com/media/photo-o/1a/1d/c6/90/photo0jpg.jpg?w=900&h=500&s=1,https://www.tripadvisor.co.kr/Restaurant_Review-g294197-d9217598-Reviews-Toetmaru_Bapsang-Seoul.html,13,4.2,한식,정갈한 솥밥과 푸짐한 한정식 상차림,일 20:30 / 월 20:30 / 화 20:30 / 수 20:30 / 목 20:30 / 금 20:30 / 토 20:30,8568141,https://place.map.kakao.com/8568141,20000,28000,6,true,true,true,true,,,,kakao
26684984,Go Duck,+82 2-2135-7578,"서울 61, Donggyo-ro 27-gil, Mapo-gu, Seoul, Republic of Korea 1f",03991,37.56042,126.92075,"중국 요리, 바베큐, 아시아 요리, 길거리 음식, 베이징 요리",월 11:30~21:30 / 화 11:30~21:30 / 목 11:30~21:30 / 금 11:30~21:30 / 토 11:30~21:30 / 일 11:30~21:30,"It's a Chinese restaurant that serves Beijing duck, dim sum, and Hong Kong style Chinese food",https://dynamic-media-cdn.tripadvisor.com/media/photo-o/2a/c0/0a/28/caption.jpg?w=900&h=500&s=1,https://www.tripadvisor.co.kr/Restaurant_Review-g294197-d26684984-Reviews-Go_Duck-Seoul.html,6,5.0,중식,정성 가득한 북경오리와 딤섬의 조화,,2067014398,https://place.map.kakao.com/2067014398,6000,12500,20,true,,,,,,,kakao
13128021,애슐리 청량리롯데백화점,+82 2-6285-1100,서울 동대문구 왕산로 205 지하 2층,02490,37.57979,127.04576,퓨전,월 10:30~21:00 / 화 10:30~21:00 / 수 10:30~21:00 / 목 10:30~21:00 / 금 10:30~21:00 / 토 10:30~21:00 / 일 10:30~21:00,,https://dynamic-media-cdn.tripadvisor.com/media/photo-o/1a/5c/c1/f3/yummy-food.jpg?w=900&h=500&s=1,https://www.tripadvisor.co.kr/Restaurant_Review-g294197-d13128021-Reviews-Ashley_Cheongnyangni_Lotte_Dept_Store-Seoul.html,6,4.3,패밀리레스토랑,상큼한 키위 디저트 가득한 뷔페,,27347215,https://place.map.kakao.com/27347215,7900,17900,6,true,,,,,,,kakao
3943547,아웃백 스테이크하우스 - 명동점,+82 2-778-6731,서울 중구 명동3길 36,04534,37.56531,126.98372,"스테이크하우스, 오스트레일리아",월 11:00~21:30 / 화 11:00~21:30 / 수 11:00~21:30 / 목 11:00~21:30 / 금 11:00~21:30 / 토 11:00~21:30 / 일 11:00~21:30,,https://dynamic-media-cdn.tripadvisor.com/media/photo-o/28/d1/26/70/caption.jpg?w=200&h=200&s=1&cx=1920&cy=1080&chk=v1_c0228075d8c0f80deff5,https://www.tripadvisor.co.kr/Restaurant_Review-g294197-d3943547-Reviews-Outback_Steakhouse_Myeongdong-Seoul.html,29,3.9,패밀리레스토랑,런치 세트로 즐기는 풍성한 스테이크 코스,일 21:00 / 월 21:00 / 화 21:00 / 수 21:00 / 목 21:00 / 금 21:00 / 토 21:00,1659944507,https://place.map.kakao.com/1659944507,5900,29900,30,true,true,,,,,,kakao
11736500,에머이,+82 2-733-0588,서울 종로구 종로12길 6-20,03189,,,"아시아 요리, 베트남 요리",월 11:00~20:00 / 화 11:00~20:00 / 수 11:00~20:00 / 목 11:00~20:00 / 금 11:00~20:00 / 토 11:00~20:00,,https://dynamic-media-cdn.tripadvisor.com/media/photo-o/32/b9/1a/b6/37fa8f9d-5dbb-42bb.jpg?w=200&h=200&s=1,https://www.tripadvisor.co.kr/Restaurant_Review-g294197-d11736500-Reviews-Emoi-Seoul.html,62,3.8,베트남음식,가장 가까운 베트남 에머이 정통 하노이식 쌀국수 드시러 오세요 :-),,26921863,https://place.map.kakao.com/26921863,10900,12750,10,,,,,,,,kakao
6838916,진진바라 강남점,+82 2-538-7733,"서울 강남구 테헤란로52길 15 이스타빌 B1, B2",06212,37.503143,127.04793,"아시아 요리, 한국",,"㈜진진바라는 모두 직영점으로 전통 궁중요리를 기반으로 현대인의 입맛에 맞도록 각색한 15~20가지 한정식 코스를 중심으로 식사, 일품요리를 제공하는 대한민국 대표 한정식 브랜드입니다.",https://dynamic-media-cdn.tripadvisor.com/media/photo-o/2a/e5/f0/49/caption.jpg?w=200&h=200&s=1&cx=1920&cy=1080&chk=v1_c622715e896fae5b9553,https://www.tripadvisor.co.kr/Restaurant_Review-g294197-d6838916-Reviews-Jinjinbara_Gangnam-Seoul.html,19,4.0,,,,,,,,,,,,,,,,
26462085,Off The Record Vinyl Music Bar,+82 10-7446-9424,서울 이태원동 128-4,04391,37.53429,126.993774,"미국 요리, 바, 아시아 요리, 한국, 펍, 다이너, 맥주 음식점",일 18:00~03:00 / 월 19:00~03:00 / 화 19:00~03:00 / 수 19:00~03:00 / 목 19:00~03:00 / 금 19:00~05:00 / 토 18:00~05:00,,https://dynamic-media-cdn.tripadvisor.com/media/photo-o/2a/22/96/d0/mirror-ball.jpg?w=900&h=500&s=1,https://www.tripadvisor.co.kr/Restaurant_Review-g294197-d26462085-Reviews-Off_The_Record_Vinyl_Music_Bar-Seoul.html,14,5.0,,,,,,,,,,,,,,,,tripadvisor
27029168,유정식당,+82 2-511-4592,서울 강남구 도산대로28길 14,,37.518387,127.028076,"아시아 요리, 한국",월 10:00~21:30 / 화 10:00~21:30 / 수 10:00~21:30 / 목 10:00~21:30 / 금 10:00~21:30 / 토 10:00~20:00 / 일 10:00~20:00,,https://dynamic-media-cdn.tripadvisor.com/media/photo-o/2d/ee/71/58/caption.jpg?w=900&h=500&s=1,https://www.tripadvisor.co.kr/Restaurant_Review-g294197-d27029168-Reviews-Yoojung_Sikdang-Seoul.html,2,5.0,한식,지글지글 흑돼지 쌈밥의 진한 풍미,일 19:35 / 월 21:05 / 화 21:05 / 수 21:05 / 목 21:05 / 금 21:05 / 토 19:35,16037952,https://place.map.kakao.com/16037952,10000,11000,14,true,,,,,,,kakao
9234192,소이연남,+82 2-323-5130,서울 동교로 267,03983,37.563484,126.925354,"아시아 요리, 타이 요리",월 11:00~21:20 / 화 11:00~21:20 / 수 11:00~21:20 / 목 11:00~21:20 / 금 11:00~21:20 / 토 11:00~21:20 / 일 11:00~21:20,,https://dynamic-media-cdn.tripadvisor.com/media/photo-o/32/e0/0d/6d/caption.jpg?w=200&h=200&s=1,https://www.tripadvisor.co.kr/Restaurant_Review-g294197-d9234192-Reviews-Soi_Yeonnam-Seoul.html,55,4.1,태국음식,태국보다 더 밋있는 태국 쌀국수를 목표로 정성 들여 요리합니다.,일 20:50 / 월 14:30 / 월 20:50 / 화 14:30 / 화 20:50 / 수 14:30 / 수 20:50 / 목 14:30 / 목 20:50 / 금 14:30 / 금 20:50 / 토 20:50,25479306,https://place.map.kakao.com/25479306,13000,15000,11,,,,,,,true,kakao
4077775,바다식당,+82 2-795-1317,서울 용산구 한남동 743-7,140893,37.537174,126.999596,"아시아 요리, 한국, 퓨전",월 11:30~22:00 / 화 11:30~22:00 / 수 11:30~22:00 / 목 11:30~22:00 / 금 11:30~22:00 / 토 11:30~22:00 / 일 11:30~22:00,,https://dynamic-media-cdn.tripadvisor.com/media/photo-o/2b/57/b3/23/caption.jpg?w=200&h=200&s=1&cx=1200&cy=801&chk=v1_30fecdca58400f4fa8e6,https://www.tripadvisor.co.kr/Restaurant_Review-g294197-d4077775-Reviews-Bada_Sikdang-Seoul.html,51,4.1,한식,달러화 상승으로 불가피하게 가격을 인상했습니다. 환율이 안정되면 반드시 인하하겠습니다.,,7881602,https://place.map.kakao.com/7881602,13000,24000,6,true,,,,,,,kakao
9979865,홍대개미 - 홍대점,+82 2-586-9289,"서울 마포구 독막로 67-9 2층, 3층",04049,37.54793,126.92102,"일본 요리, 아시아 요리",,,https://dynamic-media-cdn.tripadvisor.com/media/photo-o/12/f9/08/b1/mosquee-1.jpg?w=200&h=200&s=1,https://www.tripadvisor.co.kr/Restaurant_Review-g294197-d9979865-Reviews-Hongdae_Gaemi_Hongdae-Seoul.html,18,3.9,,,,,,,,,,,,,,,,
12415732,이태리재,+82 70-4233-6262,서울 종로구 율곡로1길 74-9,03062,37.57881,126.9818,"이탈리아 요리, 해산물, 지중해 요리",화 12:00~22:00 / 수 12:00~22:00 / 목 12:00~22:00 / 금 12:00~22:00 / 토 12:00~22:00 / 일 12:00~21:00,,https://dynamic-media-cdn.tripadvisor.com/media/photo-o/25/6d/03/0f/caption.jpg?w=200&h=200&s=1&cx=1200&cy=800&chk=v1_446514ae7e3f8b724016,https://www.tripadvisor.co.kr/Restaurant_Review-g294197-d12415732-Reviews-Italyjae-Seoul.html,21,4.3,이탈리안,한옥과 이탈리아 감성의 조화 공간,일 14:00 / 화 14:00 / 수 14:00 / 목 14:00 / 금 14:00 / 토 14:00,792642248,https://place.map.kakao.com/792642248,5000,21500,18,true,,,,true,,,kakao
10164776,모던눌랑,+82 2-6282-5005,서울 서초구 사평대로 205 고속터미널 7호선 3번출구,06545,37.504425,127.00776,"중국 요리, 아시아 요리, 한국",월 11:30~22:00 / 화 11:30~22:00 / 수 11:30~22:00 / 목 11:30~22:00 / 금 11:30~22:00 / 토 11:30~22:00 / 일 11:30~22:00,"모던 차이니즈 라운지 ""모던눌랑"" 저희 모던눌랑은 모락,식당돈,시추안 하우스,텍사스 데 브라질, 모던눌랑 총 5개 브랜드를 운영하는 썬앳푸드의 프리미엄 중식 브랜드로 신여성을 뜻하며, 1930년대 상해지역의 현대화된 모습을 컨셉으로 상해를 비롯, 중국 여러 지역의 특색있는 메뉴를 우리 입맛에 맞게 변형시킨 Chinese Lounge 입니다. 모던눌랑 Lounge Bar에서 선보이는 독특하고 프레쉬한 칵테일 또한 일품입니다.",https://dynamic-media-cdn.tripadvisor.com/media/photo-o/12/f9/08/b1/mosquee-1.jpg?w=200&h=200&s=1,https://www.tripadvisor.co.kr/Restaurant_Review-g294197-d10164776-Reviews-Modern_Nulang-Seoul.html,34,4.4,중국요리,1930년대 상하이의 화려한 시대적 감각을 더한 차이니즈 퀴진,일 21:00 / 월 21:00 / 화 21:00 / 수 21:00 / 목 21:00 / 금 21:00 / 토 21:00,184125380,https://place.map.kakao.com/184125380,12000,41500,20,true,,,,,,,kakao
8055308,치르치르 명동점,+82 2-318-7295,서울 중구 명동7길 21,04534,37.56455,126.98396,"아시아 요리, 한국",,,https://dynamic-media-cdn.tripadvisor.com/media/photo-o/2d/f4/3a/4a/caption.jpg?w=200&h=200&s=1&cx=1920&cy=1080&chk=v1_f7fa2311d2cbbbf1e6c5,https://www.tripadvisor.co.kr/Restaurant_Review-g294197-d8055308-Reviews-Chir_Chir_Myeongdong-Seoul.html,55,4.0,,,,,,,,,,,,,,,,
9204855,유정식당,+82 2-2232-5727,서울 중구 마장로1길 28-5,04568,,,"아시아 요리, 한국",월 00:00~24:00 / 화 00:00~24:00 / 수 00:00~24:00 / 목 00:00~24:00 / 금 00:00~24:00 / 토 00:00~24:00 / 일 00:00~24:00,,https://dynamic-media-cdn.tripadvisor.com/media/photo-o/17/f3/d4/ce/caption.jpg?w=600&h=300&s=1,https://www.tripadvisor.co.kr/Restaurant_Review-g294197-d9204855-Reviews-Yujeong_Sikdang-Seoul.html,8,4.1,한식,오래된 골목의 진한 한식 백반집,,12070857,https://place.map.kakao.com/12070857,7000,11000,19,true,true,,,,,,kakao
10366193,어메이징 브루잉 컴퍼니,+82 2-465-5208,서울 성동구 성수일로4길 4,04780,37.54273,127.049484,"자가 맥주 판매pub, 펍",일 02:00~23:00 / 월 17:00~00:00 / 화 17:00~00:00 / 수 17:00~00:00 / 목 17:00~00:00 / 금 17:00~00:00 / 토 15:00~00:00,전국에서 가장 많은 탭을 보유한 대한민국 대표 브루펍 입니다. 직접 만든 30종 이상의 한국 크래프트맥주를 만나실 수 있습니다. 수제 도우로 굽는 화덕 피자와 함께 즐겨 보세요.,https://dynamic-media-cdn.tripadvisor.com/media/photo-o/32/e0/0e/ff/caption.jpg?w=200&h=200&s=1,https://www.tripadvisor.co.kr/Restaurant_Review-g294197-d10366193-Reviews-Amazing_Brewing_Company-Seoul.html,25,4.5,,,,,,,,,,,,,,,,tripadvisor
7234237,얌미 타이,+82 2-790-0371,서울 용산구 두텁바위로 4-1,04352,37.613445,127.03157,"아시아 요리, 타이 요리",,,https://dynamic-media-cdn.tripadvisor.com/media/photo-o/2b/57/b3/23/caption.jpg?w=200&h=200&s=1&cx=1200&cy=801&chk=v1_30fecdca58400f4fa8e6,https://www.tripadvisor.co.kr/Restaurant_Review-g294197-d7234237-Reviews-Yummy_Thai-Seoul.html,20,4.8,,,,,,,,,,,,,,,,
34159019,서울안심정육 서여의도점,+820507-1445-1520,서울 국회대로74길 10,07238,37.53023,126.92124,"바베큐, 아시아 요리, 한국",월 11:30~22:00 / 화 11:30~22:00 / 수 11:30~22:00 / 목 11:30~22:00 / 금 11:30~22:00,,https://dynamic-media-cdn.tripadvisor.com/media/photo-o/2a/56/f6/53/caption.jpg?w=200&h=200&s=1&cx=1920&cy=1080&chk=v1_c0560e3017a36647c0ed,https://www.tripadvisor.co.kr/Restaurant_Review-g294197-d34159019-Reviews-Seoul_ansimjeong_yug_seoyeouidojeom-Seoul.html,15,5.0,"육류,고기","차원이 다른 소고기를 제공하는 맛의 공간, 서울안심정육",,1655317727,https://place.map.kakao.com/1655317727,25000,75000,26,true,,,,,true,,kakao
4029472,충무김밥,+82 2-755-8488,서울 중구 명동10길 19,04537,37.56292,126.98548,"아시아 요리, 한국",,,https://dynamic-media-cdn.tripadvisor.com/media/photo-o/26/df/3b/ea/restaurant.jpg?w=900&h=500&s=1,https://www.tripadvisor.co.kr/Restaurant_Review-g294197-d4029472-Reviews-Chungmu_Gimbap-Seoul.html,84,3.8,,오징어무침과 무김치의 환상 조합,,857447104,https://place.map.kakao.com/857447104,13000,13000,1,false,true,,,,,,
7106360,수가,+82 2-777-5575,서울 중구 명동8가길 42-1,04537,37.561687,126.98764,"아시아 요리, 한국",월 08:00~18:00 / 화 08:00~18:00 / 수 08:00~18:00 / 목 08:00~18:00 / 금 08:00~18:00 / 토 09:00~14:00 / 일 09:00~14:00,,https://dynamic-media-cdn.tripadvisor.com/media/photo-o/17/cd/21/2e/caption.jpg?w=900&h=500&s=1,https://www.tripadvisor.co.kr/Restaurant_Review-g294197-d7106360-Reviews-Suga-Seoul.html,43,4.2,카페,단호박스프와 무화과잼의 조화,,171654654,https://place.map.kakao.com/171654654,3000,4500,25,,,,,,,,kakao
4030883,온달,+82 2-450-4518,서울 광진구 광장동 21,,37.555126,127.11096,"아시아 요리, 한국",,,https://dynamic-media-cdn.tripadvisor.com/media/photo-o/2a/f7/80/ce/caption.jpg?w=200&h=200&s=1&cx=1920&cy=1079&chk=v1_5192524b3b14f2153843,https://www.tripadvisor.co.kr/Restaurant_Review-g294197-d4030883-Reviews-Ondal-Seoul.html,15,4.7,,,,,,,,,,,,,,,,
9338271,풍천장어연남점,+82 2-332-8361,서울 마포구 동교로27길 39,03991,,,"해산물, 바베큐, 아시아 요리, 한국",,,https://dynamic-media-cdn.tripadvisor.com/media/photo-o/17/90/cc/fb/photo0jpg.jpg?w=900&h=500&s=1,https://www.tripadvisor.co.kr/Restaurant_Review-g294197-d9338271-Reviews-Pungcheon_Eel-Seoul.html,8,4.3,,숯불에 노릇한 두툼한 민물장어,,12572773,https://place.map.kakao.com/12572773,6000,40000,3,,,,,,,true,
14025577,오스테리아샘킴,+82 2-324-3338,서울 마포구 양화로3길 55,04025,37.551304,126.91089,,월 11:30~22:00 / 화 11:30~22:00 / 수 11:30~22:00 / 목 11:30~22:00 / 금 11:30~22:00 / 토 11:30~22:00,,https://dynamic-media-cdn.tripadvisor.com/media/photo-o/17/44/01/75/osteria-sam-kim.jpg?w=900&h=500&s=1,https://www.tripadvisor.co.kr/Restaurant_Review-g294197-d14025577-Reviews-Osteria_Sam_Kim-Seoul.html,10,4.2,양식,자연의 맛 담은 정갈한 이탈리안 공간,,752409345,https://place.map.kakao.com/752409345,22000,28000,9,true,true,true,,,,,kakao
9156508,정담은보쌈,+82 2-888-8401,서울 남부순환로 1661 하나빌딩,08756,,,"아시아 요리, 한국, 건강식",월 11:00~22:00 / 화 11:00~22:00 / 수 11:00~22:00 / 목 11:00~22:00 / 금 11:00~22:00 / 토 11:00~22:00 / 일 11:00~21:30,"정담은보쌈은 단일매장으로써는 전국에서 가장크고 아름다운 보쌈집입니다. 정담은보쌈은 보쌈집으로써는 이례적으로 족발을 판매하지 않습니다. 메뉴의 단일화를 통해 최고의 맛을 선보이고 싶기 때문입니다. 이곳은 당일 삶은 고기만 판매한다는 원칙을 꾸준히 지켜가며 고객에게 좋은 것이 우리에게도 좋은 것이라는 모토로 6년동안 꾸준히 고객님들에게 사랑받아오고 있습니다. 매장 안에 들어오시면 계절마다 느낄 수 있는 꽃들로 가득하고, 고급스런 인테리어로 다른 보쌈집과는 차별화 되어있습니다. 또한 이곳에 오시면 우리나라 술전문가, 소믈리에 분들이 페어링해주신 보쌈과 전통주의 최고의 조합을 경험하실 수 있습니다.",https://dynamic-media-cdn.tripadvisor.com/media/photo-o/2c/2b/bd/70/caption.jpg?w=200&h=200&s=1&cx=2492&cy=3736&chk=v1_281809e05aeea1628092,https://www.tripadvisor.co.kr/Restaurant_Review-g294197-d9156508-Reviews-Jungdamun_Bossam-Seoul.html,11,4.3,"족발,보쌈",비계와 살코기 황금비율 보쌈의 진수,,18569567,https://place.map.kakao.com/18569567,3000,40000,22,true,true,true,true,true,,,kakao
16740736,도원온더플레이트,+82 70-4335-0845,서울 강서구 마곡중앙6로 69,07803,37.56046,126.83507,"페루, 스페인 요리, 아시아 요리, 한국, 와인 바, 남미 요리",일 17:00~03:00 / 월 11:00~15:00 / 월 17:00~03:00 / 화 11:00~15:00 / 화 17:00~03:00 / 수 11:00~15:00 / 수 17:00~03:00 / 목 11:00~15:00 / 목 17:00~03:00 / 금 11:00~15:00 / 금 17:00~03:00 / 토 11:00~15:00 / 토 17:00~03:00,"도원온더플레이트는 남미의 맛과 유럽피안 스타일을 한국의 식재료로 담아내는 서울에서 유일한 퓨전 레스토랑, 와인 비스트로 입니다.",https://dynamic-media-cdn.tripadvisor.com/media/photo-o/16/9a/a4/31/getlstd-property-photo.jpg?w=900&h=500&s=1,https://www.tripadvisor.co.kr/Restaurant_Review-g294197-d16740736-Reviews-Dowon_On_The_Plate-Seoul.html,4,5.0,,,,,,,,,,,,,,,,tripadvisor
7033967,부에노스아이레스 와인 & 스테이크,+82 2-508-3045,서울 강남구 선릉로 533,135917,37.507214,127.047066,"스테이크하우스, 아르헨티나, 남미 요리",월 18:00~01:00 / 화 18:00~01:00 / 수 18:00~01:00 / 목 18:00~01:00 / 금 18:00~01:00 / 토 18:00~01:00,"Experience Argentina's most premium wines and pair them with one of our specialty Steaks and authentic Argentinean cuisine. Once your meal is finished, grab a front row seat at our lower level Tango Stage and witness our very own Tango performers put on a show like no other in the heart of Seoul!",https://dynamic-media-cdn.tripadvisor.com/media/photo-o/32/e0/0f/4e/caption.jpg?w=200&h=200&s=1,https://www.tripadvisor.co.kr/Restaurant_Review-g294197-d7033967-Reviews-Buenos_Aires_Wine_Steak-Seoul.html,6,4.7,,,,,,,,,,,,,,,,tripadvisor
9256927,쉐라톤디큐브시티호텔FEAST,+82 2-2211-1710,서울 경인로 662,,37.509136,126.889885,,,아직 쉐라톤디큐브시티호텔FEAST에 대한 콘텐츠가 없습니다.,https://dynamic-media-cdn.tripadvisor.com/media/photo-o/32/e0/0d/6d/caption.jpg?w=200&h=200&s=1,https://www.tripadvisor.co.kr/Restaurant_Review-g294197-d9256927-Reviews-Sweraton_Dikyubeu_City_Hotelfeast-Seoul.html,19,4.4,,,,,,,,,,,,,,,,
28654051,상봉주전,+82 10-6294-7074,서울 면목로92길 28 중랑구,,37.59531,127.08741,"아시아 요리, 한국, 다이닝 바",월 17:00~02:00 / 화 17:00~02:00 / 수 17:00~02:00 / 목 17:00~02:00 / 금 17:00~03:00 / 토 17:00~03:00 / 일 17:00~02:00,,https://dynamic-media-cdn.tripadvisor.com/media/photo-o/2c/fe/94/5a/caption.jpg?w=200&h=200&s=1&cx=1920&cy=1080&chk=v1_760d50332f5ae1122274,https://www.tripadvisor.co.kr/Restaurant_Review-g294197-d28654051-Reviews-Reunion_Weekend-Seoul.html,18,5.0,한식,전통주와 막걸리가있는 분위기있는 한식요리주점,,1534455217,https://place.map.kakao.com/1534455217,8000,18000,12,,,,,,,,kakao
13127719,탭퍼블릭 - 이태원점,+82 2-797-4999,서울 용산구 이태원로 244,04400,37.537094,127.00108,"이탈리아 요리, 프랑스 요리, 미국 요리, 바, 스페인 요리, 한국, 펍",일 11:30~01:00 / 월 14:30~01:00 / 화 14:30~01:00 / 수 14:30~01:00 / 목 14:30~01:00 / 금 14:30~02:00 / 토 11:30~02:00,"국내 최초로 도입된 최첨단 하이테크 시스템. 60가지의 생맥주 중 REID 칩이 내장된 팔찌를 착용하여 원하는 맥주 설명 LCD 화면에 터치한 후 직접 원하는 양을 따르면서 신선한 맥주를 체험할 수 있다. 탭퍼블릭에서 선보이는 푸드 페어링 메뉴 또한 탭 퍼블릭이 보유한 맥주 종류만큼이나 다채롭다. 기존 맥주 펍에서 일반적으로 선보이는 간결하고 단조로운 사이드 메뉴가 아닌, 호텔과 미쉐린 레스토랑 출신의 셰프가 엄선된 식재료로 직접 조리 하는 수준 높은 플레이트로 메뉴를 가득 채웠다.",https://dynamic-media-cdn.tripadvisor.com/media/photo-o/2e/af/54/a3/caption.jpg?w=200&h=200&s=1&cx=1920&cy=1080&chk=v1_9eb295b36de3afdf42c8,https://www.tripadvisor.co.kr/Restaurant_Review-g294197-d13127719-Reviews-Tap_Public_Itaewon-Seoul.html,29,4.4,,,,,,,,,,,,,,,,tripadvisor
7149727,솔나무길 된장예술,+82 2-745-4516,서울 종로구 대학로11길 9-2,03079,37.582222,127.00077,"아시아 요리, 한국",월 10:30~21:00 / 화 10:30~21:00 / 수 10:30~21:00 / 목 10:30~21:00 / 금 10:30~21:00 / 토 10:30~21:00 / 일 10:30~21:00,,https://dynamic-media-cdn.tripadvisor.com/media/photo-o/32/b9/1a/b6/37fa8f9d-5dbb-42bb.jpg?w=200&h=200&s=1,https://www.tripadvisor.co.kr/Restaurant_Review-g294197-d7149727-Reviews-Solnamugil_Doenjang_Yesul-Seoul.html,14,4.1,한식,건강한 집밥 감성 가득한 된장 한상,,13092178,https://place.map.kakao.com/13092178,14000,19500,12,true,true,,,,,,kakao
13534110,어반소스,+82 2-462-6262,서울 성동구 연무장3길 9,04782,37.54444,127.05147,"이탈리아 요리, 일본 요리, 퓨전",일 11:00~23:00 / 월 11:00~23:00 / 화 11:00~23:00 / 수 11:00~23:00 / 목 11:00~23:00 / 금 11:00~23:00 / 토 11:00~23:00,,https://dynamic-media-cdn.tripadvisor.com/media/photo-o/32/b9/1a/b6/37fa8f9d-5dbb-42bb.jpg?w=200&h=200&s=1,https://www.tripadvisor.co.kr/Restaurant_Review-g294197-d13534110-Reviews-URBAN_SOURCE-Seoul.html,9,4.4,,,,,,,,,,,,,,,,tripadvisor
8903735,바스버거 광화문점,+82 2-722-6653,서울 중구 다동길 5,04521,37.568077,126.979675,패스트푸드,월 10:30~20:45 / 화 10:30~20:45 / 수 10:30~20:45 / 목 10:30~20:45 / 금 10:30~20:45 / 토 10:30~20:45,,https://dynamic-media-cdn.tripadvisor.com/media/photo-o/32/e0/0d/6d/caption.jpg?w=200&h=200&s=1,https://www.tripadvisor.co.kr/Restaurant_Review-g294197-d8903735-Reviews-Bas_Burger-Seoul.html,26,4.1,햄버거,감성 가득한 수제버거와 무한 감자칩,,26608740,https://place.map.kakao.com/26608740,6700,11100,10,,,,,,,,kakao
14794821,아라베스크 이태원점,+82 2-790-6910,서울 용산구 이태원로 227,04349,37.5356,126.99884,"아시아 요리, 한국, 아랍어",월 11:30~22:00 / 화 11:30~22:00 / 수 11:30~22:00 / 목 11:30~22:00 / 금 11:30~22:00 / 토 11:30~22:00 / 일 11:30~22:00,,https://dynamic-media-cdn.tripadvisor.com/media/photo-o/16/b9/67/23/arabesque-restaurants.jpg?w=900&h=500&s=1,https://www.tripadvisor.co.kr/Restaurant_Review-g294197-d14794821-Reviews-Arabesque_Iteawon-Seoul.html,6,4.7,인도음식,이국적 향 가득한 아늑한 인도 맛집,,308908078,https://place.map.kakao.com/308908078,2500,10000,30,false,true,true,,,,,kakao
27734445,쿠우쿠우 골드 강동점,+82 2-484-6274,서울 강동구 양재대로 1571,,37.545486,127.142525,"중국 요리, 일본 요리, 피자, 해산물, 아시아 요리, 한국, 라치오, 중부 이탈리아",월 11:00~21:30 / 화 11:00~21:30 / 수 11:00~21:30 / 목 11:00~21:30 / 금 11:00~21:30 / 토 11:00~21:30 / 일 11:00~21:30,,https://dynamic-media-cdn.tripadvisor.com/media/photo-o/2c/27/75/63/caption.jpg?w=900&h=500&s=1,https://www.tripadvisor.co.kr/Restaurant_Review-g294197-d27734445-Reviews-Kuukuu_Gold_Gangdong-Seoul.html,1,5.0,해산물뷔페,신선한 초밥과 다채로운 해산물 뷔페,일 20:30 / 월 20:30 / 화 20:30 / 수 20:30 / 목 20:30 / 금 20:30 / 토 20:30,1759182381,https://place.map.kakao.com/1759182381,9900,18900,7,true,true,,true,true,,,kakao
12631634,빅가이즈랍스타 롯데월드몰점,+82 2-3213-4789,서울 송파구 올림픽로 300 롯데월드몰 지하1층,05551,37.51361,127.10336,"해산물, 그릴",,"미국 현지의 맛과 신선함을 그대로 재현한 캐주얼랍스타바 BIG GUY’S LOBSTER 입니다. 라이브 랍스타로 만든 그릴랍스타와 랍스타롤, 치즈랍스타, 랍스타 파스타를 합리적인 가격에 즐기실 수 있습니다. 빅가이즈 랍스타는 한국에서 랍스타를 가장 많이 판매하는 CEO J.J Park 와 북미에서 랍스타를 가장 많이 잡는 CEO Tom, Adams가 북미의 신선한 라이브 랍스타를 한국에서도 똑같이 신선하고 합리적인 가격으로 즐길 수 있도록 힘을 합쳐 만들어낸 랍스타바(BAR)입니다.",https://dynamic-media-cdn.tripadvisor.com/media/photo-o/32/e0/0e/ff/caption.jpg?w=200&h=200&s=1,https://www.tripadvisor.co.kr/Restaurant_Review-g294197-d12631634-Reviews-Big_Guy_s_Lobster_Lotte_World_Mall-Seoul.html,24,4.0,,,,,,,,,,,,,,,,
26999322,무탄 코엑스점,+82 2-551-7774,서울 강남구 영동대로 513 스타필드 코엑스  B1층 H121호,,37.511368,127.05959,중국 요리,월 11:00~21:30 / 화 11:00~21:30 / 수 11:00~21:30 / 목 11:00~21:30 / 금 11:00~21:30 / 토 11:30~22:00 / 일 11:30~22:00,"미운우리새끼 340회, 23.04.23. 스테이크트러플짜장면 맛있는녀석들 425회, 23.04.21. 고흥쭈꾸미돌판짜장면/스테이크트러플짜장면 KBS2 사장님 귀는 당나귀 귀 193회, 23.02.05. 스테이크트러플자장면/고추유린기/마카롱멘보샤 SBS 런닝맨 611회, 22.07.10. 밥숟가락전쟁 줄서는식당 9회, 22.03.21. 스테이크트러플자장면/고추유린기/마카롱멘보샤/가리비짬뽕 신상출시편스토랑 86회, 21.07.02. 주꾸미돌판짜장면/마카롱멘보샤 생방송투데이 2822회, 21.05.12. 쭈꾸미온돌짜장 생방송오늘저녁 1519회, 21.03.18. 주꾸미돌판짜장 생방송투데이 2635회, 20.08.12. 스테이크트러플짜장면/통카롱멘보샤. 채널 십오야(나영석의 나불나불) 2023.7.14 먹보스쭈엽이 2023.7.14 / 2023.7.18 운동부 둘이 왔어요 2023.04.05 광재언니 2022.12.19 쯔양 2022.09.20 먹보스쭈엽이 2022.09.17 / 2022.10.29 / 2022.11.06 야미보이 2022.3.12 빅페이스 2021.07.03 파뿌리 2021.03.16 ----------------------------------------- ※예약안내 매장전화/예약사이트를 통해 사전예약 후 방문해주시면 대기없이 매장식사가 가능합니다. 예약전화: 02-551-7774 예약사이트: 캐치테이블 https://url.kr/9cf83j ※예약 가능시간 평일 예약만 가능하며, 주말 예약은 불가능한 점 양해부탁드립니다. -테이블 예약(2인~4인): 15:00~19:30 -룸 예약(6인~8인): 17:00~19:30 ----------------------------------------- ※주차안내 -5만원이상 구매시 1시간 무료 -10만원이상 구매시 2시간 무료 -15만원이상 구매시 3시간 무료",https://dynamic-media-cdn.tripadvisor.com/media/photo-o/2b/0f/16/ae/caption.jpg?w=900&h=500&s=1,https://www.tripadvisor.co.kr/Restaurant_Review-g294197-d26999322-Reviews-Mutan_Coex_Branch-Seoul.html,3,4.3,중식,안녕하세요! 대한민국 NO.1 차이니즈다이닝 무탄입니다.,,1772796561,https://place.map.kakao.com/1772796561,18000,49000,45,true,,,,,,,kakao
4078284,지아니스나폴리,+82 2-566-0501,서울 강남구 역삼동 668-20,,37.50249,127.03782,"이탈리아 요리, 피자",화 11:30~22:00 / 수 11:30~22:00 / 목 11:30~22:00 / 금 11:30~22:00 / 토 11:30~22:00,,https://dynamic-media-cdn.tripadvisor.com/media/photo-o/32/e0/0f/4e/caption.jpg?w=200&h=200&s=1,https://www.tripadvisor.co.kr/Restaurant_Review-g294197-d4078284-Reviews-Giannis_Nappoli-Seoul.html,40,4.2,이탈리안,참나무 장작화덕에구운 정통 나폴리 Pizzeria e Trattoria.,,12026995,https://place.map.kakao.com/12026995,16000,24000,20,true,,,,,,,kakao
9232523,동대문 별난오리,+82 2-765-5292,서울 종로구 종로46길 12 동문빌딩 2층,03119,,,,월 11:00~23:00 / 화 11:00~23:00 / 수 11:00~23:00 / 목 11:00~23:00 / 금 11:00~23:00 / 토 11:00~23:00,,https://dynamic-media-cdn.tripadvisor.com/media/photo-o/17/83/b8/98/smoked-duck-in-dongdaemun.jpg?w=800&h=400&s=1,https://www.tripadvisor.co.kr/Restaurant_Review-g294197-d9232523-Reviews-Dongdeamun_Special_Duck-Seoul.html,7,4.4,,훈제오리와 오리탕의 완벽한 조화,,8327843,https://place.map.kakao.com/8327843,40000,50000,2,true,,,,,,,tripadvisor
14112167,Jangin Dakgalbi,+82 2-3452-3441,서울 35-3 Myeongdong 10-gil Jung-gu,,37.56222,126.98582,"아시아 요리, 한국",,,https://dynamic-media-cdn.tripadvisor.com/media/photo-o/15/97/55/22/photo2jpg.jpg?w=900&h=500&s=1,https://www.tripadvisor.co.kr/Restaurant_Review-g294197-d14112167-Reviews-Jangin_Dakgalbi-Seoul.html,10,3.7,,,,,,,,,,,,,,,,
12453968,황금목장 명동성당점,+82 2-318-2426,서울 중구 명동10길 23 3층,04537,37.56144,126.984604,"아시아 요리, 한국",월 00:00~24:00 / 화 00:00~24:00 / 수 00:00~24:00 / 목 00:00~24:00 / 금 00:00~24:00 / 토 00:00~24:00 / 일 00:00~24:00,"Golden farm is a Korean chef who operates in Myeong-dong There is a Myeong-dong main store and a second store The main menu is Korean cuisine such as three meat, beef, carvitan, chijimi etc. Korean meat with good quality and use it Professional serving personnel will bake the meat The interior is spacious and comfortable so you can enjoy your meal without inconvenience",https://dynamic-media-cdn.tripadvisor.com/media/photo-o/32/e0/0e/ff/caption.jpg?w=200&h=200&s=1,https://www.tripadvisor.co.kr/Restaurant_Review-g294197-d12453968-Reviews-Golden_Farm_Myeongdong_Cathedral-Seoul.html,39,4.1,"육류,고기",,,27394073,https://place.map.kakao.com/27394073,,,,,,,,,,,kakao
4032526,봉산집,+82 2-793-5022,서울 용산구 용산동3가 1-21,,37.53439,126.97498,"아시아 요리, 한국",월 11:30~21:30 / 화 11:30~21:30 / 수 11:30~21:30 / 목 11:30~21:30 / 금 11:30~21:30 / 토 11:30~21:30 / 일 11:30~21:30,,https://dynamic-media-cdn.tripadvisor.com/media/photo-o/32/e0/0e/ff/caption.jpg?w=200&h=200&s=1,https://www.tripadvisor.co.kr/Restaurant_Review-g294197-d4032526-Reviews-Bongsanjip-Seoul.html,17,4.2,"육류,고기",시간이 빚은 깊은 한우 차돌박이 맛,,10469584,https://place.map.kakao.com/10469584,10000,25000,5,false,true,true,,,,,kakao
6165366,"Chakraa Indian Restaurant, Hannam, Seoul",+82 2-796-1149,"서울 28-9, Hannam-Dong, Yongsan-Gu",04420,37.534447,127.0098,"인도 요리, 아시아 요리",,,https://dynamic-media-cdn.tripadvisor.com/media/photo-o/28/d1/26/70/caption.jpg?w=200&h=200&s=1&cx=1920&cy=1080&chk=v1_c0228075d8c0f80deff5,https://www.tripadvisor.co.kr/Restaurant_Review-g294197-d6165366-Reviews-Chakraa_Indian_Restaurant_Hannam_Seoul-Seoul.html,32,4.3,,,,,,,,,,,,,,,,
4070954,나마스테 동묘 본점,+82 2-2232-2286,서울 종로구 숭인동 316-2 금강빌딩 2층,,37.571728,127.01597,"인도 요리, 아시아 요리, 네팔",월 11:00~23:00 / 화 11:00~23:00 / 수 11:00~23:00 / 목 11:00~23:00 / 금 11:00~23:00 / 토 11:00~23:00 / 일 11:00~23:00,,https://dynamic-media-cdn.tripadvisor.com/media/photo-o/32/b9/1a/b6/37fa8f9d-5dbb-42bb.jpg?w=200&h=200&s=1,https://www.tripadvisor.co.kr/Restaurant_Review-g294197-d4070954-Reviews-Namaste_Dongmyo-Seoul.html,20,4.3,인도음식,현지 감성 가득한 인도 로컬 식당,일 22:00 / 월 22:00 / 화 22:00 / 수 22:00 / 목 22:00 / 금 22:00 / 토 22:00,11016309,https://place.map.kakao.com/11016309,2500,15000,30,true,,,,,,,kakao
9092810,소문난감자탕,+82 2-465-6580,서울 연무장길 45,,37.542847,127.05437,,월 00:00~24:00 / 화 00:00~24:00 / 수 00:00~24:00 / 목 00:00~24:00 / 금 00:00~24:00 / 토 00:00~24:00 / 일 00:00~24:00,,https://dynamic-media-cdn.tripadvisor.com/media/photo-o/2b/ba/25/13/caption.jpg?w=200&h=200&s=1&cx=1920&cy=1080&chk=v1_8753eb113717e50dd2fc,https://www.tripadvisor.co.kr/Restaurant_Review-g294197-d9092810-Reviews-Famous_Pork_Back_Bone_Stew-Seoul.html,26,4.3,감자탕,푸짐한 고기와 매콤한 국물의 조화,,13289056,https://place.map.kakao.com/13289056,12000,14000,12,true,true,,,,,,kakao
9023673,GS25,,서울 퇴계로 43,,37.558064,126.97741,,,,https://dynamic-media-cdn.tripadvisor.com/media/photo-o/32/e0/0d/6d/caption.jpg?w=200&h=200&s=1,https://www.tripadvisor.co.kr/Restaurant_Review-g294197-d9023673-Reviews-Gs_25-Seoul.html,17,3.9,,,,,,,,,,,,,,,,
33063917,을왕리꾸덕집 마곡직영점,+82 2-2064-0357,서울 공항대로 236,07947,37.558556,126.83369,"해산물, 아시아 요리, 한국",일 11:00~21:00 / 월 11:00~15:30 / 월 17:00~21:00 / 화 11:00~15:30 / 화 17:00~21:00 / 수 11:00~15:30 / 수 17:00~21:00 / 목 11:00~15:30 / 목 17:00~21:00 / 금 11:00~15:30 / 금 17:00~21:00 / 토 11:00~21:00,,https://dynamic-media-cdn.tripadvisor.com/media/photo-o/2f/92/86/b0/caption.jpg?w=900&h=-1&s=1,https://www.tripadvisor.co.kr/Restaurant_Review-g294197-d33063917-Reviews-Eulwangri_Kkudukjip_Magok_Direct_Branch-Seoul.html,1,5.0,,숯불 향 가득한 푸짐한 생선구이 한상,,1075711563,https://place.map.kakao.com/1075711563,,,,true,true,,true,,,,tripadvisor
1176564,송원,+82 2-2275-3118,서울 중구 장충동2가 188-3,,37.559875,127.00523,"바베큐, 아시아 요리, 한국",월 11:00~21:30 / 화 11:00~21:30 / 수 11:00~21:30 / 목 11:00~21:30 / 금 11:00~21:30 / 토 11:00~21:30 / 일 11:00~21:30,,https://dynamic-media-cdn.tripadvisor.com/media/photo-o/12/f9/08/b1/mosquee-1.jpg?w=200&h=200&s=1,https://www.tripadvisor.co.kr/Restaurant_Review-g294197-d1176564-Reviews-Song_Won-Seoul.html,32,4.2,"육류,고기",진한 국물에 밥 말아 먹는 갈비탕,,1269624303,https://place.map.kakao.com/1269624303,24000,54500,8,true,true,true,,,,,kakao
4032150,대성갈비,+82 2-464-3012,서울 성동구 성수동1가 668-21,,37.54706,127.04417,"아시아 요리, 한국, 그릴",월 11:00~21:00 / 화 11:00~21:00 / 수 11:00~21:00 / 목 11:00~21:00 / 금 11:00~21:00 / 토 11:00~21:00,,https://dynamic-media-cdn.tripadvisor.com/media/photo-o/32/e0/0d/6d/caption.jpg?w=200&h=200&s=1,https://www.tripadvisor.co.kr/Restaurant_Review-g294197-d4032150-Reviews-Daeseong_Galbi-Seoul.html,25,4.0,갈비,숯불 향 가득한 쫄깃한 돼지갈비의 유혹,,12055448,https://place.map.kakao.com/12055448,5000,20000,10,true,true,,,,,,kakao
25804341,Zio Cucina,+82 2-744-9488,"서울 33-11, Supyo-ro 28-gil, Jongno-gu Ikseon-dong Hanok Village",03133,37.57367,126.99007,"이탈리아 요리, 지중해 요리",일 11:30~22:00 / 월 11:30~22:00 / 화 11:30~22:00 / 수 11:30~22:00 / 목 11:30~22:00 / 금 11:30~22:00 / 토 11:30~22:00,한국의 정취를 느낄 수 있는 한옥마을에서 운영하는 편안하고 맛있는 이탈리안 퓨전 레스토랑,https://dynamic-media-cdn.tripadvisor.com/media/photo-o/2e/50/ef/75/caption.jpg?w=900&h=500&s=1,https://www.tripadvisor.co.kr/Restaurant_Review-g294197-d25804341-Reviews-Zio_Cucina-Seoul.html,7,4.6,,,,,,,,,,,,,,,,tripadvisor
4049707,봉래헌,+82 2-2660-9020,서울 강서구 외발산동 426 Mayfield Hotel Annex Hanok 1F,,37.547607,126.8185,"아시아 요리, 한국",화 11:30~21:30 / 수 11:30~21:30 / 목 11:30~21:30 / 금 11:30~21:30 / 토 11:30~21:30 / 일 11:30~21:30,"A Taste of Korean Royalty The traditional Korean restaurant, Bongraeheon, is where you can taste the finest Korean cuisine in a beautiful traditional house. It has 6 private rooms and 2 spacious halls in the shape of a Korean tile house complete with a pond, garden, and backyard full of trees. There are traditional five-course meals and seasonal menus prepared with the finest and most carefully selected ingredients from all over the country. This style of restaurant has been used since olden days for the Emperor’s dining.",https://dynamic-media-cdn.tripadvisor.com/media/photo-o/2f/8e/04/9e/caption.jpg?w=200&h=200&s=1&cx=1920&cy=1080&chk=v1_e130bb8af6b814688b5f,https://www.tripadvisor.co.kr/Restaurant_Review-g294197-d4049707-Reviews-Bongraeheon-Seoul.html,19,4.4,한정식,고즈넉한 한옥에서 즐기는 전통 한정식,,7907275,https://place.map.kakao.com/7907275,100000,155000,8,true,,true,true,,,,kakao
8952495,백란,+82 2-993-7745,서울 강북구 삼양로181길 201-20,01000,37.67069,127.00589,"아시아 요리, 한국, 건강식",월 11:00~21:00 / 화 11:00~21:00 / 수 11:00~21:00 / 목 11:00~21:00 / 금 11:00~21:00 / 토 11:00~22:00 / 일 11:00~22:00,,https://dynamic-media-cdn.tripadvisor.com/media/photo-o/19/20/c0/f1/caption.jpg?w=900&h=500&s=1,https://www.tripadvisor.co.kr/Restaurant_Review-g294197-d8952495-Reviews-Baekran-Seoul.html,3,4.3,디저트카페,숲속 자연 품은 강아지 동반 카페,일 21:30 / 월 20:30 / 화 20:30 / 수 20:30 / 목 20:30 / 금 20:30 / 토 21:30,1044086314,https://place.map.kakao.com/1044086314,5000,7000,24,true,true,,true,,,,kakao
7353435,공릉닭한마리,+82 2-2269-9969,서울 종로구 종로40가길 20,03197,37.570324,127.005646,"아시아 요리, 한국",일 10:00~00:00 / 월 10:00~00:00 / 화 10:00~00:00 / 수 10:00~00:00 / 목 10:00~00:00 / 금 10:00~00:00 / 토 10:00~00:00,,https://dynamic-media-cdn.tripadvisor.com/media/photo-o/12/f9/08/b1/mosquee-1.jpg?w=200&h=200&s=1,https://www.tripadvisor.co.kr/Restaurant_Review-g294197-d7353435-Reviews-Gongneung_Dak_Hanmari-Seoul.html,82,4.4,,양배추 소스와 깊은 육수의 닭한마리,,19153687,https://place.map.kakao.com/19153687,33000,49000,3,,true,,,,,,tripadvisor
11807527,곳간,+82 2-2055-4445,서울 영등포구 여의대로 24 전경련회관 50층,07320,37.52219,126.91979,"인터내셔널, 아시아 요리, 한국",,,https://dynamic-media-cdn.tripadvisor.com/media/photo-o/32/e0/0e/ff/caption.jpg?w=200&h=200&s=1,https://www.tripadvisor.co.kr/Restaurant_Review-g294197-d11807527-Reviews-Gotgan-Seoul.html,13,4.1,,,,,,,,,,,,,,,,
14901586,벌교한상,+82 2-451-2226,서울 강남구 광평로46길 7,06362,37.485817,127.09937,,월 10:50~21:30 / 화 10:50~21:30 / 수 10:50~21:30 / 목 10:50~21:30 / 금 10:50~21:30 / 토 10:50~21:30 / 일 10:50~21:30,아직 벌교한상에 대한 콘텐츠가 없습니다.,https://dynamic-media-cdn.tripadvisor.com/media/photo-o/24/f8/5f/24/caption.jpg?w=900&h=500&s=1,https://www.tripadvisor.co.kr/Restaurant_Review-g294197-d14901586-Reviews-Bulgyo_Hansang-Seoul.html,7,3.6,한식,정갈한 한상에 담긴 고소한 보리굴비,일 21:00 / 월 21:00 / 화 21:00 / 수 21:00 / 목 21:00 / 금 21:00 / 토 21:00,517266022,https://place.map.kakao.com/517266022,5000,30000,27,true,true,true,true,,,,kakao
33393810,Gwangjang Suragan(광장수라간),+82 2-2267-0291,서울 88 Changgyeonggung-ro Gwangjang Market,03196,37.56994,127.001274,"아시아 요리, 한국, 길거리 음식",일 09:00~17:00 / 월 09:00~17:00 / 화 09:00~17:00 / 목 09:00~17:00 / 금 09:00~17:00 / 토 09:00~17:00,"Gwangjang Suragan – Korean Royal Kitchen in Gwangjang Market Discover the flavors of Korea’s royal court in Seoul’s famous Gwangjang Market. Enjoy handmade kalguksu (knife-cut noodles), fresh dumplings, and house-made kimchi, inspired by the Joseon Dynasty’s royal kitchen. Start your Gwangjang Market journey here – order over 20,000 KRW and receive a complimentary sample of our signature boiled pork.",https://dynamic-media-cdn.tripadvisor.com/media/photo-o/32/c7/bb/9c/caption.jpg?w=900&h=500&s=1,https://www.tripadvisor.co.kr/Restaurant_Review-g294197-d33393810-Reviews-Gwangjang_Market-Seoul.html,5,5.0,,,,,,,,,,,,,,,,tripadvisor
12533999,피그인더가든,82-761-4272,서울 영등포구 여의대로 56 한화투자증권빌딩 1층,07325,37.5241,126.92267,,,,https://dynamic-media-cdn.tripadvisor.com/media/photo-o/2a/f7/80/ce/caption.jpg?w=200&h=200&s=1&cx=1920&cy=1079&chk=v1_5192524b3b14f2153843,https://www.tripadvisor.co.kr/Restaurant_Review-g294197-d12533999-Reviews-Pig_in_the_Garden-Seoul.html,22,4.2,,,,,,,,,,,,,,,,
15674310,장프리고,+82 2-2275-1933,서울 중구 퇴계로62길 9-8,04614,37.56358,127.008125,"바, 카페, 인터내셔널, 펍, 다이닝 바",화 18:00~01:00 / 수 18:00~01:00 / 목 18:00~01:00 / 금 18:00~01:00 / 토 18:00~01:00 / 일 18:00~01:00,This is Speakeasy Bar Jeanfrigo. We have Fruit signiture Cocktail and food. You can see people who come in refrigerator. Come in Cold,https://dynamic-media-cdn.tripadvisor.com/media/photo-o/32/e0/0f/4e/caption.jpg?w=200&h=200&s=1,https://www.tripadvisor.co.kr/Restaurant_Review-g294197-d15674310-Reviews-Jean_FriGo-Seoul.html,9,4.7,칵테일바,냉장고 문 뒤 숨겨진 감성 칵테일 바,,1050989981,https://place.map.kakao.com/1050989981,8000,18500,12,true,true,,,,,,kakao
11746876,정선할매 곤드레밥,+82 2-735-2356,서울 종로구 인사동8길 13,03148,37.573997,126.98588,"아시아 요리, 한국",월 11:00~21:00 / 화 11:00~21:00 / 수 11:00~21:00 / 목 11:00~21:00 / 금 11:00~21:00 / 토 11:00~20:30 / 일 11:00~20:30,,https://dynamic-media-cdn.tripadvisor.com/media/photo-o/28/b9/30/18/caption.jpg?w=900&h=500&s=1,https://www.tripadvisor.co.kr/Restaurant_Review-g294197-d11746876-Reviews-Jeongseon_Halmae_Gondeure_Bap-Seoul.html,7,4.1,한식,전통의 맛과 정성 가득한 곤드레밥,,1581584918,https://place.map.kakao.com/1581584918,10000,16450,16,false,true,,,,,,kakao
9135136,조선김밥,+82 2-723-7496,서울 종로구 율곡로1길 78,03062,37.57879,126.98161,"아시아 요리, 한국",화 11:00~20:00 / 수 11:00~20:00 / 목 11:00~20:00 / 금 11:00~20:00 / 토 11:00~20:00 / 일 11:00~20:00,,https://dynamic-media-cdn.tripadvisor.com/media/photo-o/2d/f4/3a/4a/caption.jpg?w=200&h=200&s=1&cx=1920&cy=1080&chk=v1_f7fa2311d2cbbbf1e6c5,https://www.tripadvisor.co.kr/Restaurant_Review-g294197-d9135136-Reviews-Chosun_Gimbap-Seoul.html,17,4.5,분식,나물 향 가득한 담백한 김밥 한 줄,,20945113,https://place.map.kakao.com/20945113,6300,10000,7,false,,,,true,,,kakao
27801965,굴림샤브&콩국수 어린이대공원점,+82 507-1336-2771,"서울 광진구 능동로 172 105호, 106호",05021,37.54529,127.07322,,월 11:00~15:00 / 화 11:00~21:00 / 수 11:00~21:00 / 목 11:00~21:00 / 금 11:00~21:00 / 토 11:00~21:00 / 일 11:00~21:00,,https://dynamic-media-cdn.tripadvisor.com/media/photo-o/2e/9d/db/cd/caption.jpg?w=900&h=500&s=1,https://www.tripadvisor.co.kr/Restaurant_Review-g294197-d27801965-Reviews-Gullim_Shabu_Bean_Noodles-Seoul.html,8,5.0,샤브샤브,맑고 얼큰한 육수에 퐁당 굴림만두,,1831435625,https://place.map.kakao.com/1831435625,8000,10000,13,,,,,,,,kakao
10167973,버거뱅,+82 2-765-5213,"서울 29 Changdeokgung-gil, Jongno-gu",,37.578697,126.98917,"바, 펍",,,https://dynamic-media-cdn.tripadvisor.com/media/photo-o/2a/92/75/7c/caption.jpg?w=200&h=200&s=1&cx=1059&cy=707&chk=v1_0f1c894e5ff7ff690cc4,https://www.tripadvisor.co.kr/Restaurant_Review-g294197-d10167973-Reviews-Burgerbang-Seoul.html,31,4.6,,창덕궁 뷰와 쫄깃한 화덕피자,,1174216011,https://place.map.kakao.com/1174216011,16500,19000,4,false,,,,,,,
9447245,매드포갈릭 예술의전당점,+82 2-587-4501,서울 서초구 반포대로 22 서초평화빌딩 지하 1층,06716,37.482693,127.01264,이탈리아 요리,월 11:30~21:00 / 화 11:30~21:00 / 수 11:30~21:00 / 목 11:30~21:00 / 금 11:30~21:00 / 토 11:30~21:00 / 일 11:30~21:00,,https://dynamic-media-cdn.tripadvisor.com/media/photo-o/12/f9/08/b1/mosquee-1.jpg?w=200&h=200&s=1,https://www.tripadvisor.co.kr/Restaurant_Review-g294197-d9447245-Reviews-Mad_for_Garlic_Seoul_Arts_Center-Seoul.html,12,4.3,패밀리레스토랑,마늘 향 가득한 고급 이탈리안 감성,일 20:30 / 월 20:30 / 화 20:30 / 수 20:30 / 목 20:30 / 금 20:30 / 토 20:30,12446374,https://place.map.kakao.com/12446374,15800,28700,30,true,true,true,true,,,,kakao
3957621,차이야기,+82 2-735-8552,서울 종로구 관훈동 29-11,,37.574184,126.98585,"바베큐, 아시아 요리, 한국",월 17:00~23:30 / 화 17:00~23:30 / 수 17:00~23:30 / 목 17:00~23:30 / 금 17:00~23:30 / 토 17:00~23:30 / 일 17:00~23:30,,https://dynamic-media-cdn.tripadvisor.com/media/photo-o/32/e0/0d/6d/caption.jpg?w=200&h=200&s=1,https://www.tripadvisor.co.kr/Restaurant_Review-g294197-d3957621-Reviews-Cha_Iyagi-Seoul.html,43,4.3,와인바,한옥의 멋과 와인의 은은한 조화,일 22:00 / 월 22:00 / 화 22:00 / 수 22:00 / 목 22:00 / 금 22:00 / 토 22:00,42264893,https://place.map.kakao.com/42264893,8000,19000,14,true,true,true,,,,,kakao
8766352,온더보더 타임스퀘어점,+82 2-2672-0682,서울 영등포구 영중로 15 타임스퀘어 지하 1층 B112호,07305,37.517822,126.90331,,월 11:00~22:00 / 화 11:00~22:00 / 수 11:00~22:00 / 목 11:00~22:00 / 금 11:00~22:00 / 토 11:00~22:00 / 일 11:00~22:00,,https://dynamic-media-cdn.tripadvisor.com/media/photo-o/12/f9/08/b1/mosquee-1.jpg?w=200&h=200&s=1,https://www.tripadvisor.co.kr/Restaurant_Review-g294197-d8766352-Reviews-On_the_Border_Time_Square-Seoul.html,38,4.2,"멕시칸,브라질",무한리필 소스와 나쵸의 환상 조합,,11411814,https://place.map.kakao.com/11411814,14500,32000,5,true,,,,,,,kakao
11959140,베제투스,+82 70-8824-5959,서울 용산구 신흥로 59,04338,37.54366,126.98742,"미국 요리, 카페, 스페인 요리, 건강식",월 12:00~21:30 / 수 12:00~21:30 / 목 12:00~21:30 / 금 12:00~21:30 / 토 12:00~21:30 / 일 12:00~21:30,이태원/해방촌에 오픈한 완전 채식식당입니다.,https://dynamic-media-cdn.tripadvisor.com/media/photo-o/32/b9/1a/b6/37fa8f9d-5dbb-42bb.jpg?w=200&h=200&s=1,https://www.tripadvisor.co.kr/Restaurant_Review-g294197-d11959140-Reviews-Vegetus-Seoul.html,20,4.8,양식,햇살 가득한 건강한 비건 양식 공간,일 20:45 / 월 20:45 / 수 20:45 / 목 20:45 / 금 20:45 / 토 20:45,1441623065,https://place.map.kakao.com/1441623065,13000,14000,5,,,,,,,,kakao
9171634,우동카덴,+82 2-6463-6362,서울 마포구 양화로7안길 2-1,04037,,,일본 요리,월 11:30~21:00 / 화 11:30~21:00 / 수 11:30~21:00 / 목 11:30~21:00 / 금 11:30~21:00 / 토 11:30~20:30,,https://dynamic-media-cdn.tripadvisor.com/media/photo-o/2b/57/b3/23/caption.jpg?w=200&h=200&s=1&cx=1200&cy=801&chk=v1_30fecdca58400f4fa8e6,https://www.tripadvisor.co.kr/Restaurant_Review-g294197-d9171634-Reviews-Udon_Caden-Seoul.html,21,4.0,"돈까스,우동",쫄깃한 면과 바삭한 튀김의 조화,월 20:30 / 화 20:30 / 수 20:30 / 목 20:30 / 금 20:30 / 토 20:00,24065719,https://place.map.kakao.com/24065719,8000,11500,17,false,,,,,,,kakao
6839055,깡통만두,+82 2-794-4243,서울 종로구 북촌로2길 5-6,03059,37.578094,126.98598,"아시아 요리, 한국",월 11:30~21:00 / 화 11:30~21:00 / 수 11:30~21:00 / 목 11:30~21:00 / 금 11:30~20:00 / 토 11:30~20:00,,https://dynamic-media-cdn.tripadvisor.com/media/photo-o/29/b5/4e/14/caption.jpg?w=200&h=200&s=1&cx=1920&cy=1080&chk=v1_5b03c925b0b538931ef3,https://www.tripadvisor.co.kr/Restaurant_Review-g294197-d6839055-Reviews-Kkangtong_Mandu-Seoul.html,25,4.4,분식,추억을 담은 투박한 만두의 깊은 맛,월 14:40 / 월 20:10 / 화 14:40 / 화 20:10 / 수 14:40 / 수 20:10 / 목 14:40 / 목 20:10 / 금 19:10 / 토 19:10,19158798,https://place.map.kakao.com/19158798,10000,14000,17,true,,true,,,,,kakao
9218052,토끼정,+82 2-536-5789,서울 강남구 봉은사로6길 32,06123,,,"일본 요리, 아시아 요리, 한국",,,https://dynamic-media-cdn.tripadvisor.com/media/photo-o/32/e0/0e/ff/caption.jpg?w=200&h=200&s=1,https://www.tripadvisor.co.kr/Restaurant_Review-g294197-d9218052-Reviews-Tokkijung-Seoul.html,73,4.0,,,,,,,,,,,,,,,,
17753850,올드문래,+82 2-6326-4336,서울 영등포구 도림로 433-6,07290,37.51394,126.89428,"카페, 펍",월 11:30~24:00 / 화 11:30~24:00 / 수 11:30~24:00 / 목 11:30~24:00 / 금 11:30~01:00 / 토 12:00~01:00 / 일 12:00~24:00,,https://dynamic-media-cdn.tripadvisor.com/media/photo-o/2e/3a/bc/75/caption.jpg?w=200&h=200&s=1&cx=748&cy=500&chk=v1_106911240885498304fc,https://www.tripadvisor.co.kr/Restaurant_Review-g294197-d17753850-Reviews-Old_Mullae-Seoul.html,6,4.5,"호프,요리주점",빈티지 감성 가득한 이국적 펍 공간,,266428861,https://place.map.kakao.com/266428861,2500,19000,12,false,true,,,,,,kakao
3901574,반타이,+82 2-747-6655,서울 종로구 율곡로 65 2층,03059,37.57725,126.98644,타이 요리,일 11:30~21:00 / 화 11:00~22:00 / 수 11:00~22:00 / 목 11:00~22:00 / 금 11:00~22:00 / 토 11:00~22:00,"Bann Thai is conveniently located on Anguk Station exit#3 which is near the Changdeok Palace. We offer a relaxed casual environment, modern deco where you can dine with friends and enjoy a magnificent culinary experience. Our Executive Chef creates original dishes that express simplicity and sophistication. We strive to give people who love Thai food and its tourist innovative high-end quality cuisine in a comfortable ambiance at neighborhood friendly prices.",https://dynamic-media-cdn.tripadvisor.com/media/photo-o/32/e0/0f/4e/caption.jpg?w=200&h=200&s=1,https://www.tripadvisor.co.kr/Restaurant_Review-g294197-d3901574-Reviews-Bann_Thai-Seoul.html,34,4.2,,,,,,,,,,,,,,,,tripadvisor
10833156,하동관 코엑스몰직영점,+82 2-551-5959,서울 강남구 영동대로 513 코엑스몰 B1 J101,06164,37.511135,127.05972,"아시아 요리, 한국",월 10:30~19:00 / 화 10:30~19:00 / 수 10:30~19:00 / 목 10:30~19:00 / 금 10:30~19:00 / 토 10:30~19:00 / 일 10:30~19:00,,https://dynamic-media-cdn.tripadvisor.com/media/photo-o/32/b9/1a/b6/37fa8f9d-5dbb-42bb.jpg?w=200&h=200&s=1,https://www.tripadvisor.co.kr/Restaurant_Review-g294197-d10833156-Reviews-Hadonggwan_COEX_Mall-Seoul.html,18,4.0,곰탕,80년 전통 깊은 국물의 곰탕 명가,,26428654,https://place.map.kakao.com/26428654,17000,27500,6,true,true,,true,,,,kakao
25150306,방이별관,+82 2-425-6042,"서울 송파구 올림픽로32길 33 1, 2층",,37.51347,127.10999,"아시아 요리, 한국",,,https://dynamic-media-cdn.tripadvisor.com/media/photo-o/26/e2/88/73/caption.jpg?w=800&h=500&s=1,https://www.tripadvisor.co.kr/Restaurant_Review-g294197-d25150306-Reviews-Bangi_Annex-Seoul.html,1,5.0,,,,,,,,,,,,,,,,
26680721,새서울,+82 70-4176-8888,서울 돈화문로11길28-5 3F,,37.572815,126.98983,"바, 한국, 펍",월 17:00~01:00 / 화 17:00~01:00 / 수 17:00~01:00 / 목 17:00~01:00 / 금 17:00~01:00 / 토 17:00~01:00 / 일 17:00~01:00,"SAESEOUL (@sae.seoul), nestled in the heart of Jongno, is a captivating multiplex that provides panoramic views of the picturesque Hanok district. Begin your journey on the 1st and 2nd floors, where a dynamic game arcade awaits with options to suit gamers of all levels. Then proceed to the 3rd floor, immerse yourself in an unparalleled bar experience while enjoying innovative Korean-inspired cocktails, and delectable bites. The highlight awaits on the 5th floor—a rooftop terrace offering breathtaking vistas of the historic Hanok district. Special events/promotions are informed on instagram (@sae.seoul).",https://dynamic-media-cdn.tripadvisor.com/media/photo-o/2c/95/09/e0/4f.jpg?w=800&h=400&s=1,https://www.tripadvisor.co.kr/Restaurant_Review-g294197-d26680721-Reviews-Saeseoul-Seoul.html,7,4.3,술집,낭만적인 한옥뷰와 함께 다양한 주류를 즐길 수 있는 종로의 가장 핫한 바 새서울입니다🕊️,일 24:00 / 월 24:00 / 화 24:00 / 수 24:00 / 목 24:00 / 금 24:00 / 토 24:00,55677891,https://place.map.kakao.com/55677891,17000,18000,8,,,,,,,,kakao
27706448,제주미향해장 명동 본점,+82 2-7898-8825,서울 중구 명동8나길 19,,37.561176,126.98385,"아시아 요리, 한국, 건강식",일 10:30~23:00 / 월 10:30~23:00 / 화 10:30~23:00 / 수 10:30~23:00 / 목 10:30~23:00 / 금 10:30~23:00 / 토 10:30~23:00,,https://dynamic-media-cdn.tripadvisor.com/media/photo-o/32/b9/1a/b6/37fa8f9d-5dbb-42bb.jpg?w=200&h=200&s=1,https://www.tripadvisor.co.kr/Restaurant_Review-g294197-d27706448-Reviews-Myeongdong_Central_Hall_Myeongdong_Restaurant_Myeongdong_Dinner-Seoul.html,12,5.0,,,,,,,,,,,,,,,,tripadvisor
4034435,북악정,+82 2-394-2340,서울 평창동 114-12,,37.611286,126.97776,,월 11:00~22:00 / 화 11:00~22:00 / 수 11:00~22:00 / 목 11:00~22:00 / 금 11:00~22:00 / 토 11:00~22:00 / 일 11:00~22:00,,https://dynamic-media-cdn.tripadvisor.com/media/photo-o/32/e0/0e/ff/caption.jpg?w=200&h=200&s=1,https://www.tripadvisor.co.kr/Restaurant_Review-g294197-d4034435-Reviews-Bukakjeong-Seoul.html,9,4.1,한식,종로구 평창동에 위치한 북악정은 40여년간 궁중갈비와 한우의 맥을 이어온 곳입니다.,,17421008,https://place.map.kakao.com/17421008,14000,58500,22,true,,,,,,,kakao
3922609,철길 왕 갈비살,+82 2-332-9543,서울 마포구 창전동 4-2,,37.55472,126.93172,"바베큐, 아시아 요리, 한국",월 12:00~23:00 / 화 12:00~23:00 / 수 12:00~23:00 / 목 12:00~23:00 / 금 12:00~23:00 / 토 12:00~23:00 / 일 12:00~23:00,"(구) 기찻길 왕소금구이로 지금은 철길왕갈비살로 상호 변경되었습니다. 직접 손수 손질하여 판매하는 양념 소갈비살과 양념 소안창살 . 왕소금구이 . 생삼겹살 있으며 저희 가게에서만 맛 볼 수 있는 된장찌개와 고기소스는 별미중에 별미! 단체 환영 200석 완비 예약, 단체 이용 가능, 주차, 포장, 방문접수/출장, 남/녀 화장실 구분, 장애인 편의시설, 무선 인터넷",https://dynamic-media-cdn.tripadvisor.com/media/photo-o/2a/c5/74/85/caption.jpg?w=900&h=500&s=1,https://www.tripadvisor.co.kr/Restaurant_Review-g294197-d3922609-Reviews-Cheolkil_WangGalbissal-Seoul.html,20,4.4,갈비,경의선숲길 숯불 마늘갈비살의 진수,일 22:30 / 월 22:30 / 화 22:30 / 수 22:30 / 목 22:30 / 금 22:30 / 토 22:30,13091834,https://place.map.kakao.com/13091834,5000,19500,10,true,true,,true,,,,kakao
32740040,오양지,+82 50-71387-5785,서울 남부순환로350길 19-6 1층,06737,37.483913,127.03618,"바베큐, 아시아 요리, 한국",일 11:30~15:00 / 일 18:00~22:00 / 월 11:30~15:00 / 월 18:00~22:00 / 화 11:30~15:00 / 화 18:00~22:00 / 수 11:30~15:00 / 수 18:00~22:00 / 목 11:30~15:00 / 목 18:00~22:00 / 금 11:30~15:00 / 토 11:30~15:00,,https://dynamic-media-cdn.tripadvisor.com/media/photo-o/2e/63/14/86/5-3.jpg?w=900&h=500&s=1,https://www.tripadvisor.co.kr/Restaurant_Review-g294197-d32740040-Reviews-Oyangji-Seoul.html,5,5.0,,,,,,,,,,,,,,,,tripadvisor
11983467,텅앤그루브조인트,+82 2-790-7036,서울 용산구 보광로60길 7,04406,37.53396,126.9945,"바베큐, 아시아 요리, 한국",월 11:30~22:40 / 화 11:30~22:40 / 수 11:30~22:40 / 목 11:30~22:40 / 금 11:30~22:40 / 토 11:30~22:40 / 일 11:30~22:40,,https://dynamic-media-cdn.tripadvisor.com/media/photo-o/32/e0/0d/6d/caption.jpg?w=200&h=200&s=1,https://www.tripadvisor.co.kr/Restaurant_Review-g294197-d11983467-Reviews-Tongue_Groove_Joint-Seoul.html,23,4.0,"육류,고기",숙성한우와 와인 어우러진 고기 명가,,27549051,https://place.map.kakao.com/27549051,9000,32000,15,true,,,,,,,kakao
9162049,진주집,+82 2-780-6108,서울 영등포구 국제금융로6길 33 여의도백화점 지하1층 5호,07331,37.520847,126.92697,"아시아 요리, 한국",월 10:00~20:00 / 화 10:00~20:00 / 수 10:00~20:00 / 목 10:00~20:00 / 토 10:00~19:00,,https://dynamic-media-cdn.tripadvisor.com/media/photo-o/22/c4/5f/3d/caption.jpg?w=200&h=200&s=1&cx=999&cy=562&chk=v1_13a52aa748e534826638,https://www.tripadvisor.co.kr/Restaurant_Review-g294197-d9162049-Reviews-Jinju_Jib-Seoul.html,41,4.1,국수,크리미한 콩국물과 달콤한 보쌈김치 조화,,8094563,https://place.map.kakao.com/8094563,12000,12000,8,,,,,,,true,kakao
4070705,강가 무교점,+82 2-3783-0610,서울 중구 세종대로 136 서울파이낸스센터 지하2층,04520,37.56836,126.9778,"인도 요리, 아시아 요리",일 11:30~15:00 / 일 17:00~21:00 / 월 11:30~15:00 / 월 17:00~21:00 / 화 11:30~15:00 / 화 17:00~21:00 / 수 11:30~15:00 / 수 17:00~21:00 / 목 11:30~15:00 / 목 17:00~21:00 / 금 11:30~15:00 / 금 17:30~21:00 / 토 11:30~15:00 / 토 17:00~21:00,Ganga Mugyo,https://dynamic-media-cdn.tripadvisor.com/media/photo-o/2a/e5/f0/49/caption.jpg?w=200&h=200&s=1&cx=1920&cy=1080&chk=v1_c622715e896fae5b9553,https://www.tripadvisor.co.kr/Restaurant_Review-g294197-d4070705-Reviews-Gangga-Seoul.html,53,3.9,,부드러운 커리와 은은한 향신료의 조화,,10115433,https://place.map.kakao.com/10115433,23500,24500,3,,,,,,,,tripadvisor
13798631,소월정,+82 2-777-8286,서울 용산구 소월로2길 5 Right across from the Millennium Hilton,04326,37.554832,126.97642,"바베큐, 아시아 요리, 한국",일 11:00~22:00 / 월 11:00~22:00 / 화 11:00~22:00 / 수 11:00~22:00 / 목 11:00~22:00 / 금 11:00~22:00 / 토 11:00~22:00,"Korea Traditional Restaurant, 'SOWOLJUNG' Our signiture menues are bulgogi, bibimbob and Stir-fried Pork. Come and experience 'SOWOLJUNG's fine fare when you visit Korea. Feel the charm of Real korean traditional cuisine. * Location : Right across from the Millennium Hilton, Seoul",https://dynamic-media-cdn.tripadvisor.com/media/photo-o/32/e0/0f/4e/caption.jpg?w=200&h=200&s=1,https://www.tripadvisor.co.kr/Restaurant_Review-g294197-d13798631-Reviews-Sowoljung-Seoul.html,5,4.4,,,,,,,,,,,,,,,,tripadvisor
4076002,메드포갈릭 - 봉은사 아이파크타워점,+82 2-538-6103,서울 강남구 영동대로 520 아이파크 타워 지하 1층,06170,37.513695,127.06108,이탈리아 요리,월 11:00~21:00 / 화 11:00~21:00 / 수 11:00~21:00 / 목 11:00~21:00 / 금 11:00~21:00 / 토 11:00~21:00 / 일 11:00~21:00,,https://dynamic-media-cdn.tripadvisor.com/media/photo-o/12/f9/08/b1/mosquee-1.jpg?w=200&h=200&s=1,https://www.tripadvisor.co.kr/Restaurant_Review-g294197-d4076002-Reviews-Mad_For_Garlic_Bongeunsa_I_Park_Tower-Seoul.html,48,4.0,패밀리레스토랑,고급스러운 공간에서 즐기는 갈릭 스테이크,일 20:30 / 월 20:30 / 화 20:30 / 수 20:30 / 목 20:30 / 금 20:30 / 토 20:30,2027012003,https://place.map.kakao.com/2027012003,15800,28700,30,true,true,true,,,,,kakao
17602382,우 텐더,+82 10-2055-3889,서울 강남구 압구정로42길 25-10,06017,37.527023,127.03582,"스테이크하우스, 바베큐, 아시아 요리, 한국",월 11:30~22:30 / 화 11:30~22:30 / 수 11:30~22:30 / 목 11:30~22:30 / 금 11:30~22:30 / 토 11:30~22:30 / 일 11:30~22:30,Premium Korean Barbecue Restaurant located in the heart of Seoul in Gangnam. Two floors are run with the first floor for casual seatings and second floor consisting of private rooms. Reservation is highly recommended for dinner customers.,https://dynamic-media-cdn.tripadvisor.com/media/photo-o/1a/15/3f/84/private-room-on-the-2nd.jpg?w=900&h=500&s=1,https://www.tripadvisor.co.kr/Restaurant_Review-g294197-d17602382-Reviews-Woo_Tender-Seoul.html,10,3.8,"육류,고기",섬세한 서비스와 고급스러운 한우의 조화,일 21:30 / 월 21:30 / 화 21:30 / 수 21:30 / 목 21:30 / 금 21:30 / 토 21:30,616148679,https://place.map.kakao.com/616148679,18000,43000,5,true,true,true,,,,,kakao
32895062,뭉텅 신대방삼거리역점,+82 2-3280-7932,"서울 54 Sangdo-ro, Dongjak-gu 1st Floor",,37.499657,126.92637,"바베큐, 아시아 요리, 한국, 그릴",월 13:00~22:30 / 화 13:00~22:30 / 수 13:00~22:30 / 목 13:00~22:30 / 금 13:00~22:30 / 토 12:00~22:30 / 일 12:00~22:30,,https://dynamic-media-cdn.tripadvisor.com/media/photo-o/12/f9/08/b1/mosquee-1.jpg?w=200&h=200&s=1,https://www.tripadvisor.co.kr/Restaurant_Review-g294197-d32895062-Reviews-Mungteong_Sindaebangsamgeoliyeogjeom-Seoul.html,5,5.0,"육류,고기",압도적인 재 방문율!! 최고급 비장탄으로 육즙가득 구워지는 1등 한돈숯불구이 뭉텅입니다.,,417313383,https://place.map.kakao.com/417313383,4500,8450,12,true,,,,,,,kakao
16828545,롤링파스타 - 종로지점,+82 2-2261-5973,서울 종로구 삼일대로 392,03191,37.569668,126.9879,이탈리아 요리,월 11:00~21:00 / 화 11:00~21:00 / 수 11:00~21:00 / 목 11:00~21:00 / 금 11:00~21:00 / 토 11:00~21:00,,https://dynamic-media-cdn.tripadvisor.com/media/photo-o/32/e0/0f/4e/caption.jpg?w=200&h=200&s=1,https://www.tripadvisor.co.kr/Restaurant_Review-g294197-d16828545-Reviews-Rolling_Pasta_Jongno-Seoul.html,11,4.1,이탈리안,"이탈리안 파스타의 캐주얼한 해석, 가성비 갑! 다양한 아이디어 메뉴를 경험하세요 :)",,829236335,https://place.map.kakao.com/829236335,6000,8900,20,,,,,,,,kakao
6538761,카페 공드리,+82 2-765-6358,서울 종로구 계동2길 4,,37.579887,126.98675,"바, 카페, 펍",일 12:00~22:00 / 화 11:59~23:00 / 수 11:59~23:00 / 목 11:59~23:00 / 금 11:59~23:00 / 토 11:59~23:00,,https://dynamic-media-cdn.tripadvisor.com/media/photo-o/32/e0/0e/ff/caption.jpg?w=200&h=200&s=1,https://www.tripadvisor.co.kr/Restaurant_Review-g294197-d6538761-Reviews-Cafe_Gondry-Seoul.html,58,4.6,,,,,,,,,,,,,,,,tripadvisor
3902014,포탈라 레스토랑 종로점,+82 2-318-0094,서울 종로구 관철동 35-2 수표교빌딩 지하1층,110111,37.56838,126.98866,"인도 요리, 아시아 요리, 티벳, 네팔",월 11:00~22:00 / 화 11:00~22:00 / 수 11:00~22:00 / 목 11:00~22:00 / 금 11:00~22:00 / 토 11:00~22:00 / 일 11:00~22:00,"따시델레~! 저희 포탈라 레스토랑은 망명 티베트인이 직접 운영하는 국내유일의 티베트음식 전문점 입니다.더불어 인도, 네팔 음식도 함께 맛 보실 수 있습니다.방송 및 각종 언론 매체에 소개되어 검증된 맛집으로 히말라야 음식의 정수라 자부하며 노력하고 있습니다.경력있는 현지 요리사가 향신료, 재로부터 엄선하여 만들어내는 최상의 맛! 툭빠, 뗀뚝, 모모 등 담백하며 깔끔한 티베트음식/커리와 난, 탄두리 등 대표적인 인도 음식/수꾸티,씨즐러 등 한국에서 맛보기 힘든 네팔 음식까지 다양하게 선보이는 포탈라만의 히말라야 음식을 맛보세요~",https://dynamic-media-cdn.tripadvisor.com/media/photo-o/32/e0/0f/4e/caption.jpg?w=200&h=200&s=1,https://www.tripadvisor.co.kr/Restaurant_Review-g294197-d3902014-Reviews-Potala_Restaurant_Jongno_Store-Seoul.html,38,4.2,인도음식,티베트 감성 가득한 이국적 아시아 맛집,일 21:30 / 월 21:30 / 화 21:30 / 수 21:30 / 목 21:30 / 금 21:30 / 토 21:30,11834063,https://place.map.kakao.com/11834063,3000,11000,20,false,true,true,,,,,kakao
23276341,압구정면옥,+82 2-516-3016,서울 강남구 압구정로30길 16,06022,37.5264,127.02904,"아시아 요리, 한국, 와인 바, 맥주 음식점",월 11:00~21:30 / 화 11:00~21:30 / 수 11:00~21:30 / 목 11:00~21:30 / 금 11:00~21:30 / 토 11:00~21:30 / 일 10:30~21:00,"정갈한 한끼, 안락한 공간. 한우로 맛을 낸 일품 육수와 100% 메밀 순면을 한 그릇에 오롯이 담아냅니다. 오랜 전통의 육향 가득한 '평양냉면'을 트렌드의 중심 압구정에서 보다 쾌적하게 소개합니다. 냉면은 물론, 매일같이 직접 빚어내는 손만두 또한 압구정면옥의 핵심메뉴로 손만두국, 한우만두전골로도 맛보실 수 있습니다. 수제맥주, 와인과 같은 주류와 함께 즐길 수 있는 점이 눈에 띄며, 이를 녹두전/제육/한우편육 등과 함께 즐기거나 어복쟁반과 한우육수불고기 등 요리메뉴와 함께 페어링하는 고객이 날로 늘고 있습니다.",https://dynamic-media-cdn.tripadvisor.com/media/photo-o/1c/d3/15/af/70-30-100.jpg?w=900&h=500&s=1,https://www.tripadvisor.co.kr/Restaurant_Review-g294197-d23276341-Reviews-Apgujeongmyeonok-Seoul.html,3,5.0,냉면,6년 연속블루리본서베이 선정. 정갈하고 모던한 분위기에서 평양냉면과 와인을 함께.,일 20:25 / 월 20:55 / 화 20:55 / 수 20:55 / 목 20:55 / 금 20:55 / 토 20:55,1224432398,https://place.map.kakao.com/1224432398,4000,17000,29,true,,,,,,true,kakao
12162434,정돈,+82 2-987-0924,서울 종로구 대학로9길 12 지층,03079,37.581314,127.002,,월 11:30~21:30 / 화 11:30~21:30 / 수 11:30~21:30 / 목 11:30~21:30 / 금 11:30~21:30 / 토 11:30~21:30 / 일 11:30~21:30,,https://dynamic-media-cdn.tripadvisor.com/media/photo-o/32/b9/1a/b6/37fa8f9d-5dbb-42bb.jpg?w=200&h=200&s=1,https://www.tripadvisor.co.kr/Restaurant_Review-g294197-d12162434-Reviews-Jungdon-Seoul.html,20,3.6,"돈까스,우동",겉바속촉 일식 돈카츠의 진수,일 14:30 / 월 14:30 / 화 14:30 / 수 14:30 / 목 14:30 / 금 14:30 / 토 14:30,27306859,https://place.map.kakao.com/27306859,4000,17000,13,,,,,,,,kakao
4075719,금룡,+82 2-450-4512,서울 광진구 광장동 21 쉐라톤그랜드워커힐서울,,37.555653,127.110565,중국 요리,월 12:00~21:00 / 화 12:00~21:00 / 수 12:00~21:00 / 목 12:00~21:00 / 금 12:00~21:00 / 토 12:00~21:00 / 일 12:00~21:00,,https://dynamic-media-cdn.tripadvisor.com/media/photo-o/2c/fe/94/5a/caption.jpg?w=200&h=200&s=1&cx=1920&cy=1080&chk=v1_760d50332f5ae1122274,https://www.tripadvisor.co.kr/Restaurant_Review-g294197-d4075719-Reviews-Geumryong-Seoul.html,21,4.4,중국요리,한강뷰와 모던 중식의 품격 있는 만남,일 20:00 / 월 20:00 / 화 20:00 / 수 20:00 / 목 20:00 / 금 20:00 / 토 20:00,10217085,https://place.map.kakao.com/10217085,29000,105000,13,true,true,true,true,,,,kakao
4747365,써즈데이 파티 드래프트 하우스,+82 2-324-6621,서울 마포구 서교동 364-3,,37.551903,126.92262,"바, 펍",월 19:00~04:00 / 화 19:00~04:00 / 수 19:00~04:00 / 목 19:00~04:00 / 금 19:00~05:00 / 토 19:00~05:00 / 일 19:00~04:00,,https://dynamic-media-cdn.tripadvisor.com/media/photo-o/32/e0/0d/6d/caption.jpg?w=200&h=200&s=1,https://www.tripadvisor.co.kr/Restaurant_Review-g294197-d4747365-Reviews-Thursday_Party_Draft_House-Seoul.html,53,3.8,칵테일바,게임과 칵테일이 어우러진 이국적 공간,,18769234,https://place.map.kakao.com/18769234,4000,9000,23,,true,,,,,,kakao
12461984,더 스테이크 하우스,+82 2-799-8273,서울 용산구 소월로 322 그랜드 하얏트,04347,37.539158,126.996895,"스테이크하우스, 그릴",월 12:00~21:30 / 화 12:00~21:30 / 수 12:00~21:30 / 목 12:00~21:30 / 금 12:00~21:30 / 토 11:30~21:30 / 일 11:30~21:30,"Steak House offers the best in quality grilled delicacies, prepared in its proprietary Pira oven, ensuring the perfect texture and juiciness of the meat. This exquisite grill restaurant is the ideal choice for intimate dining or private meetings with its luxurious yet cozy atmosphere.",https://dynamic-media-cdn.tripadvisor.com/media/photo-o/32/e0/0e/ff/caption.jpg?w=200&h=200&s=1,https://www.tripadvisor.co.kr/Restaurant_Review-g294197-d12461984-Reviews-The_Steak_House-Seoul.html,10,4.4,"스테이크,립",섬세한 칼 선택과 풍성한 코스의 만남,,1575776047,https://place.map.kakao.com/1575776047,24000,33500,6,true,,true,,true,,,kakao
27430818,송암온반,+82 2-741-5938,서울 종로구 돈화문로11나길 31-3 1층,03133,37.53962,127.009674,"아시아 요리, 한국, 건강식",월 11:30~22:00 / 화 11:30~22:00 / 수 11:30~22:00 / 목 11:30~22:00 / 금 11:30~22:00 / 토 11:30~22:00 / 일 11:30~22:00,,https://dynamic-media-cdn.tripadvisor.com/media/photo-o/2c/a6/7b/2e/caption.jpg?w=900&h=500&s=1,https://www.tripadvisor.co.kr/Restaurant_Review-g294197-d27430818-Reviews-Songam_Onban-Seoul.html,3,5.0,한식,한옥의 고요함 속 맑은 온반 한 그릇,,502697911,https://place.map.kakao.com/502697911,9000,13500,10,false,true,true,true,,,,kakao
14790370,까폼,+82 2-6081-7318,서울 강남구 선릉로153길 18,06019,37.52483,127.03798,"아시아 요리, 타이 요리, 길거리 음식",월 11:30~22:00 / 화 11:30~22:00 / 수 11:30~22:00 / 목 11:30~22:00 / 금 11:30~22:00 / 토 11:30~23:00 / 일 11:30~22:00,Authentic Thaifood Restaurant,https://dynamic-media-cdn.tripadvisor.com/media/photo-o/32/b9/1a/b6/37fa8f9d-5dbb-42bb.jpg?w=200&h=200&s=1,https://www.tripadvisor.co.kr/Restaurant_Review-g294197-d14790370-Reviews-Krappom-Seoul.html,5,4.8,태국음식,태국 감성 가득한 은은한 지하 공간,,558503389,https://place.map.kakao.com/558503389,13000,18000,22,true,,,,,,,kakao
8986890,하남돼지집,+82 2-571-8292,서울 강남대로6길 12,,,,"아시아 요리, 한국",,,https://dynamic-media-cdn.tripadvisor.com/media/photo-o/2f/72/f4/72/caption.jpg?w=200&h=200&s=1&cx=1920&cy=1080&chk=v1_66bd1d26c4275ada1311,https://www.tripadvisor.co.kr/Restaurant_Review-g294197-d8986890-Reviews-Hanam_Pig_House-Seoul.html,26,4.3,,,,,,,,,,,,,,,,
9342934,누나홀닭 명동점,+82 2-6361-8353,서울 중구 남대문로 78,04534,37.56445,126.98321,"패스트푸드, 아시아 요리, 한국, 길거리 음식",,,https://dynamic-media-cdn.tripadvisor.com/media/photo-o/32/b9/1a/b6/37fa8f9d-5dbb-42bb.jpg?w=200&h=200&s=1,https://www.tripadvisor.co.kr/Restaurant_Review-g294197-d9342934-Reviews-Noona_Holdak_Myeongdong-Seoul.html,43,4.0,,,,,,,,,,,,,,,,
16823750,더로얄 푸드앤드링크,+82 70-7774-4168,서울 용산구 신흥로20길 37,04328,37.54717,126.983925,"미국 요리, 아시아 요리, 한국, 펍, 퓨전, 개스트로펍, 수프",,,https://dynamic-media-cdn.tripadvisor.com/media/photo-o/29/6a/72/ad/caption.jpg?w=600&h=400&s=1,https://www.tripadvisor.co.kr/Restaurant_Review-g294197-d16823750-Reviews-The_Royal_Food_and_Drink-Seoul.html,6,4.8,,,,,,,,,,,,,,,,
9416250,맘스터치,+82 2-323-5285,서울 포은로 35,,,,,,아직 맘스터치에 대한 콘텐츠가 없습니다.,https://dynamic-media-cdn.tripadvisor.com/media/photo-o/18/08/2c/11/photo0jpg.jpg?w=900&h=500&s=1,https://www.tripadvisor.co.kr/Restaurant_Review-g294197-d9416250-Reviews-Mom_s_Touch-Seoul.html,16,4.1,,,,,,,,,,,,,,,,
15243764,하이디라오 - 강남점,+82 2-533-8260,서울 서초구 서초대로77길 54,06611,37.50252,127.02481,중국 요리,월 10:00~05:00 / 화 10:00~05:00 / 수 10:00~05:00 / 목 10:00~05:00 / 금 10:00~05:00 / 토 10:00~05:00 / 일 10:00~05:00,,https://dynamic-media-cdn.tripadvisor.com/media/photo-o/15/3c/de/f8/20181102-123810-largejpg.jpg?w=900&h=-1&s=1,https://www.tripadvisor.co.kr/Restaurant_Review-g294197-d15243764-Reviews-Haidilao_Gangnam-Seoul.html,5,4.4,샤브샤브,직원이 직접 만드는 맞춤 소스의 즐거움,,1372079546,https://place.map.kakao.com/1372079546,500,6500,30,true,true,true,,,,,kakao
27534416,광화문석갈비 코엑스점,+82 507-1378-0348,서울 강남구 테헤란로87길 22 도심공항터미널 1층,,37.510292,127.05927,"아시아 요리, 한국",월 10:30~22:00 / 화 10:30~22:00 / 수 10:30~22:00 / 목 10:30~22:00 / 금 10:30~22:00 / 토 10:30~22:00 / 일 10:30~22:00,,https://dynamic-media-cdn.tripadvisor.com/media/photo-o/2b/d8/71/da/caption.jpg?w=900&h=500&s=1,https://www.tripadvisor.co.kr/Restaurant_Review-g294197-d27534416-Reviews-Gwanghwamun_Seokgalbi_COEX-Seoul.html,1,5.0,갈비,광석씨네 돌판구이 반상,일 16:00 / 일 21:00 / 월 16:00 / 월 21:00 / 화 16:00 / 화 21:00 / 수 16:00 / 수 21:00 / 목 16:00 / 목 21:00 / 금 16:00 / 금 21:00 / 토 16:00 / 토 21:00,885622105,https://place.map.kakao.com/885622105,18900,21900,18,true,,,,,,true,kakao
26772174,호랑이분식 성수본점,+82 2-467-1220,서울 성동구 성수일로8길 40 1층,04794,37.545513,127.05456,"아시아 요리, 한국",,,https://dynamic-media-cdn.tripadvisor.com/media/photo-o/2a/9e/cc/5f/caption.jpg?w=900&h=-1&s=1,https://www.tripadvisor.co.kr/Restaurant_Review-g294197-d26772174-Reviews-Tiger_Snack-Seoul.html,2,4.5,,,,,,,,,,,,,,,,
9434168,꾸스꾸스,+82 2-6357-5762,서울 종로구 자하문로5길 16-2,03040,37.577747,126.97132,,월 11:30~22:30 / 수 11:30~22:30 / 목 11:30~22:30 / 금 11:30~22:30 / 토 11:30~22:30 / 일 11:30~22:30,"튀니지 음악을 들으며, 튀니지 사진을 보며, 튀니지 그릇에 담긴 음식을 먹으며, 튀니지를 느낄 수 있는 곳. 한국 유일 튀니지 음식 전문 레스토랑",https://dynamic-media-cdn.tripadvisor.com/media/photo-o/32/e0/0f/4e/caption.jpg?w=200&h=200&s=1,https://www.tripadvisor.co.kr/Restaurant_Review-g294197-d9434168-Reviews-Couscous_Tunisian_Home_Kitchen-Seoul.html,21,4.3,양식,"튀니지 음악을 들으며 튀니지 사진을 보며 튀니지 이야기를 나누는, 국내 유일 튀니지 음식점",,23642006,https://place.map.kakao.com/23642006,8000,23000,5,,,,,,,true,kakao
2228885,원할머니 본가 보쌈 - 본가,+82 2-2232-3232,서울 중구 난계로 201 1층,04573,37.566685,127.023186,"아시아 요리, 한국",월 11:30~22:30 / 화 11:30~22:30 / 수 11:30~22:30 / 목 11:30~22:30 / 금 11:30~22:30 / 토 11:00~22:30 / 일 11:00~22:30,,https://dynamic-media-cdn.tripadvisor.com/media/photo-o/32/e0/0e/ff/caption.jpg?w=200&h=200&s=1,https://www.tripadvisor.co.kr/Restaurant_Review-g294197-d2228885-Reviews-Won_Grandma_Bon_Ga_Original_Restaurant-Seoul.html,53,4.2,"족발,보쌈",세대를 이어가는 정성의 손맛 그대로 자주 삶아 따끈따끈한 한돈 보쌈고기와 김치는 여전합니다,,13305258,https://place.map.kakao.com/13305258,15000,32000,10,true,,,,,,true,kakao
7748297,레오니다스초콜릿카페,+82 2-318-1312,서울 중구 명동길 62,04537,37.563988,126.98586,,,,https://dynamic-media-cdn.tripadvisor.com/media/photo-o/32/e0/0d/6d/caption.jpg?w=200&h=200&s=1,https://www.tripadvisor.co.kr/Restaurant_Review-g294197-d7748297-Reviews-Leonidas-Seoul.html,27,4.4,,,,,,,,,,,,,,,,
7748563,연희동칼국수,+82 2-333-3955,서울 서대문구 연희맛로 37,03703,37.56818,126.93073,,,,https://dynamic-media-cdn.tripadvisor.com/media/photo-o/32/e0/0f/4e/caption.jpg?w=200&h=200&s=1,https://www.tripadvisor.co.kr/Restaurant_Review-g294197-d7748563-Reviews-Yeonhuidong_Kalguksu-Seoul.html,21,4.0,,진한 사골육수와 김치의 깊은 조화,,8503628,https://place.map.kakao.com/8503628,11000,14000,4,true,true,true,,,,,
32829209,옥된장 상암점,+820507-1331-2482,서울 북로44길 63 마포구  월드컵 2층,,37.577248,126.894135,"아시아 요리, 한국",월 11:00~23:00 / 화 11:00~23:00 / 수 11:00~23:00 / 목 11:00~23:00 / 금 11:00~23:00 / 토 11:00~22:00,,https://dynamic-media-cdn.tripadvisor.com/media/photo-o/2e/9d/96/07/caption.jpg?w=700&h=400&s=1,https://www.tripadvisor.co.kr/Restaurant_Review-g294197-d32829209-Reviews-Okdoenjang_Sangam_branch-Seoul.html,5,5.0,"찌개,전골",안녕하세요 상암맛집 옥된장 상암점입니다. 어머니가 해주시는 된장전골맛집입니다.,,681229214,https://place.map.kakao.com/681229214,10000,14000,46,,,,,,,,kakao
19609474,생활맥주 명동점,+82 2-3789-9662,서울 중구 명동7길 21 명동아르누보센텀,04534,37.564693,126.98384,"아시아 요리, 한국, 펍, 맥주 음식점",월 16:00~01:00 / 화 16:00~01:00 / 수 16:00~01:00 / 목 16:00~01:00 / 금 16:00~01:00 / 토 16:00~01:00 / 일 16:00~01:00,"DAILYBEER-No.1 Craft Beer Franchise in the world! Dailybeer: Korean Number One Craftbeer Pub & Bistro We have always the best and limited edition of local beers on rotation on our taps. We are also well known for crispy fried chicken. It shows off distinctive flavors and goes very well with craft beers. It is very a famous pairing, aka Chi-Mac. We are proud of offering the best chi-mac in Korea.",https://dynamic-media-cdn.tripadvisor.com/media/photo-o/1a/43/72/2a/front.jpg?w=900&h=500&s=1,https://www.tripadvisor.co.kr/Restaurant_Review-g294197-d19609474-Reviews-Daily_Beer_Myeongdong-Seoul.html,2,4.5,"호프,요리주점",골목 속 야장 감성 가득한 수제맥주집,,334071007,https://place.map.kakao.com/334071007,,,,,true,,,,,,kakao
10386964,자연별곡 - 잠실웰빙점,+82 2-6426-0052,서울 송파구 올림픽로 240 롯데월드 웰빙센터 1,05554,37.51021,127.09743,"아시아 요리, 한국",,"Representative Korean restaurant in Seoul! All types of Korean foods are existing in Nature Kitchen, buffet restaurant. Bulgogi, bibimbap, Korean style chicken cuisine and so on, more than 60 kinds of food. Definitely you will love it! Also, you can have all only with 12$! (lunch) It's incredible price. Enjoying korean food is ""Must-Be-experience"" when you visit korea.",https://dynamic-media-cdn.tripadvisor.com/media/photo-o/0b/8d/46/82/inside-nature-kitchen.jpg?w=900&h=-1&s=1,https://www.tripadvisor.co.kr/Restaurant_Review-g294197-d10386964-Reviews-Nature_Kitchen_Jamsil_Well_beig-Seoul.html,3,4.7,,,,,,,,,,,,,,,,
29616713,육전국밥,+82 2-497-3731,서울 아차산로 88 성동구 1층,,37.545498,127.05377,"아시아 요리, 한국",일 00:00~23:59 / 월 00:00~23:59 / 화 00:00~23:59 / 수 00:00~23:59 / 목 00:00~23:59 / 금 00:00~23:59 / 토 00:00~23:59,,https://dynamic-media-cdn.tripadvisor.com/media/photo-o/2e/16/06/90/caption.jpg?w=900&h=-1&s=1,https://www.tripadvisor.co.kr/Restaurant_Review-g294197-d29616713-Reviews-Yukjeon_Gukbap-Seoul.html,5,4.2,,,,,,,,,,,,,,,,tripadvisor
11592317,새마을식당 홍대,+82 2-322-3914,서울 마포구 와우산로17길 11,04049,37.55006,126.92239,"아시아 요리, 한국",,,https://dynamic-media-cdn.tripadvisor.com/media/photo-o/19/e1/aa/98/photo0jpg.jpg?w=800&h=-1&s=1,https://www.tripadvisor.co.kr/Restaurant_Review-g294197-d11592317-Reviews-Saemaul_Sikdang_Hongdae-Seoul.html,11,3.9,,,,,,,,,,,,,,,,
7087489,한추,+82 2-3446-5778,서울 강남구 논현로175길 68,06029,37.52396,127.02336,"아시아 요리, 한국",,,https://dynamic-media-cdn.tripadvisor.com/media/photo-o/32/b9/1a/b6/37fa8f9d-5dbb-42bb.jpg?w=200&h=200&s=1,https://www.tripadvisor.co.kr/Restaurant_Review-g294197-d7087489-Reviews-Hanchu-Seoul.html,32,3.6,,,,,,,,,,,,,,,,
34281750,토이즈나,+82 2-2203-2223,서울 강동구 천호동 410-26,,37.539005,127.1279,맥주 음식점,월 17:00~01:00 / 화 17:00~01:00 / 수 17:00~01:00 / 목 17:00~01:00 / 금 17:00~02:00 / 토 17:00~02:00 / 일 17:00~01:00,,https://dynamic-media-cdn.tripadvisor.com/media/photo-o/32/e0/0e/ff/caption.jpg?w=200&h=200&s=1,https://www.tripadvisor.co.kr/Restaurant_Review-g294197-d34281750-Reviews-TOISNA-Seoul.html,13,5.0,술집,미국식 펍 감성 가득한 치맥 명소,,504459408,https://place.map.kakao.com/504459408,7900,14400,18,true,true,,,,,,kakao
18854409,덕후선생,+82 2-514-3663,서울 강남구 선릉로 822 5층,06014,37.52522,127.04016,"중국 요리, 아시아 요리, 타이완",,,https://dynamic-media-cdn.tripadvisor.com/media/photo-o/29/12/ab/ec/caption.jpg?w=900&h=500&s=1,https://www.tripadvisor.co.kr/Restaurant_Review-g294197-d18854409-Reviews-Generous_Duckoo-Seoul.html,5,4.6,,,,,,,,,,,,,,,,
25007388,Cochon Tonkatsu,,"서울 2 Myeongmul 1-gil, Seodaemun-gu",03776,37.51502,127.01647,"일본 요리, 아시아 요리, 한국",일 11:00~20:00 / 월 11:00~20:00 / 화 11:00~20:00 / 수 11:00~20:00 / 목 11:00~20:00 / 금 11:00~20:00 / 토 11:00~20:00,,https://dynamic-media-cdn.tripadvisor.com/media/photo-o/28/a1/b6/0d/caption.jpg?w=900&h=500&s=1,https://www.tripadvisor.co.kr/Restaurant_Review-g294197-d25007388-Reviews-Cochon_Tonkatsu-Seoul.html,4,5.0,,,,,,,,,,,,,,,,tripadvisor
27670802,타코튜즈데이 성수본점,+82 2-462-7776,서울 성동구 왕십리로10길 10 1층,04778,37.131172,128.96199,"멕시코 요리, 바, 펍, 다이너, 남미 요리, 맥주 음식점",월 11:00~22:00 / 화 11:00~22:00 / 수 11:00~22:00 / 목 11:00~22:00 / 금 11:00~22:00 / 토 11:00~22:00 / 일 11:00~22:00,,https://dynamic-media-cdn.tripadvisor.com/media/photo-o/2b/e5/5b/b6/mexican-beef-chimichanga.jpg?w=900&h=500&s=1,https://www.tripadvisor.co.kr/Restaurant_Review-g294197-d27670802-Reviews-Taco_Tuesday-Seoul.html,2,5.0,"멕시칸,브라질",감각적인 멕시칸 타코와 여유로운 공간,일 21:00 / 월 21:00 / 화 21:00 / 수 21:00 / 목 21:00 / 금 21:00 / 토 21:00,1248595613,https://place.map.kakao.com/1248595613,9000,11000,5,,,,,,,,kakao
34168596,옥된장 마곡나루점,+82 50-71450-1530,서울 마곡중앙로 161-11,,37.568035,126.82673,"아시아 요리, 한국",월 11:00~01:00 / 화 11:00~01:00 / 수 11:00~01:00 / 목 11:00~01:00 / 금 11:00~01:00 / 토 11:00~01:00 / 일 11:00~22:00,,https://dynamic-media-cdn.tripadvisor.com/media/photo-o/32/68/b9/d7/caption.jpg?w=900&h=-1&s=1,https://www.tripadvisor.co.kr/Restaurant_Review-g294197-d34168596-Reviews-Ogdoenjang_Magognalujeom-Seoul.html,1,5.0,"찌개,전골",구수한 된장 전골과 바삭한 미나리전의 조화,,2036292464,https://place.map.kakao.com/2036292464,1000,15000,22,true,true,,true,,,,kakao
12434422,고베규카츠 상수점,+82 2-334-2015,서울 마포구 양화로6길 103,04048,37.5484,126.91989,일본 요리,,,https://dynamic-media-cdn.tripadvisor.com/media/photo-o/32/e0/0d/6d/caption.jpg?w=200&h=200&s=1,https://www.tripadvisor.co.kr/Restaurant_Review-g294197-d12434422-Reviews-Kobe_Kyukatsu_Sangsu-Seoul.html,8,4.8,,,,,,,,,,,,,,,,
25165183,브라주카 그릴,+82 2-3789-2330,서울 The Exchange Seoul Mall 3F,04520,37.567642,126.97897,"스테이크하우스, 브라질 요리, 바베큐, 남미 요리",월 11:00~22:00 / 화 11:00~22:00 / 수 11:00~22:00 / 목 11:00~22:00 / 금 11:30~21:30 / 토 11:30~21:30,"[Brazilian BBQ, Churrasco in Seoul] You can enjoy authentic BBQ beef in Brazuca Grill. Come and enjoy Real BBQ in Center of Seoul. *We have All you can eat churrasco course menu",https://dynamic-media-cdn.tripadvisor.com/media/photo-o/27/8a/10/eb/brazuca-grill-in-the.jpg?w=900&h=500&s=1,https://www.tripadvisor.co.kr/Restaurant_Review-g294197-d25165183-Reviews-Brazuca_Grill-Seoul.html,3,5.0,양식,브라주카그릴은 브라질 바베큐 코스요리인 슈하스코 전문점 입니다,,356383284,https://place.map.kakao.com/356383284,23900,43900,6,true,,,,,,true,kakao
13436251,전통찻집 인사동,,서울 종로구 인사동길 33-1,03149,37.57392,126.98479,,월 10:00~22:00 / 화 10:00~22:00 / 수 10:00~22:00 / 목 10:00~22:00 / 금 10:00~22:00 / 토 10:00~22:00 / 일 10:00~22:00,아직 전통찻집 인사동에 대한 콘텐츠가 없습니다.,https://dynamic-media-cdn.tripadvisor.com/media/photo-o/1b/86/ab/39/20200614-210410-largejpg.jpg?w=900&h=500&s=1,https://www.tripadvisor.co.kr/Restaurant_Review-g294197-d13436251-Reviews-Traditional_Tea_House_Insa_dong-Seoul.html,6,4.8,전통찻집,한옥의 고요함 속 전통 찻향 가득,,20056529,https://place.map.kakao.com/20056529,8000,10000,11,true,true,true,,,,,kakao
13131295,누크 레스토랑,+82 2-2084-1022,서울 중구 남대문로 56 알로프트 서울 명동 지하 1층,04535,,,"인터내셔널, 바베큐, 아시아 요리, 한국",일 06:30~10:00 / 월 06:30~14:00 / 화 06:30~14:00 / 수 06:30~14:00 / 목 06:30~14:00 / 금 06:30~14:00 / 토 06:30~10:00,"누크 레스토랑은 보다 다채로운 맛, 색다른 미감, 건강한 삶이 음식과 조화를 이룬 신개념 라이프스타일 뷔페를 제안합니다. 라임색의 산뜻함을 강조하여 새로운 미각과 시각적인 즐거움을 동시에 즐겨보세요.",https://dynamic-media-cdn.tripadvisor.com/media/photo-o/11/38/83/76/getlstd-property-photo.jpg?w=600&h=400&s=1,https://www.tripadvisor.co.kr/Restaurant_Review-g294197-d13131295-Reviews-Nook-Seoul.html,10,4.7,,즉석 조리 쌀국수와 다채로운 세계 요리,,705470702,https://place.map.kakao.com/705470702,,,,true,true,,true,,,,tripadvisor
26661896,한미옥,+82 507-1363-4622,서울 영등포구 여의나루로 81,,37.51502,127.01647,"아시아 요리, 한국",월 11:30~22:30 / 화 11:30~22:30 / 수 11:30~22:30 / 목 11:30~22:30 / 금 00:00~23:59 / 토 10:00~18:00,,https://dynamic-media-cdn.tripadvisor.com/media/photo-o/2f/7d/cb/e8/caption.jpg?w=900&h=500&s=1,https://www.tripadvisor.co.kr/Restaurant_Review-g294197-d26661896-Reviews-Hanmiok-Seoul.html,2,5.0,,,,,,,,,,,,,,,,tripadvisor
24996925,더랜치브루잉 을지로3가점,+82 2-2272-2060,서울 11 Eulji-ro 12-gil,,37.565613,126.99125,"미국 요리, 피자",월 16:00~23:30 / 화 16:00~23:30 / 수 16:00~23:30 / 목 16:00~23:30 / 금 16:00~24:00 / 토 12:00~24:00 / 일 14:00~22:00,"더랜치브루잉 을지로3가점은 을지로3가역 인쇄소 골목에 위치한 수제 맥주 & 디트로이트 피자를 취급하는 가스트로펍입니다. 매장에서 직접 만든 피자와 양조장에서 직접 만든 수제 맥주를 즐기기 위해 주변 직장인들과, 을지로에 놀러 온 사람들이 주로 찾는 수제 맥주 & 디트로이트 피자 전문점입니다. 대전 수제 맥주 양조장 더랜치브루잉 에서 직접 만든 10여종의 수제 맥주와 을지로3가점 매장에서만 만나볼 수 있는 직접 만든 7종류의 디트로이트 피자를 즐겨보세요.",https://dynamic-media-cdn.tripadvisor.com/media/photo-o/32/21/de/de/detroit-style-philly.jpg?w=900&h=500&s=1,https://www.tripadvisor.co.kr/Restaurant_Review-g294197-d24996925-Reviews-The_Ranch_Brewing_Euljiro-Seoul.html,10,4.6,"호프,요리주점","평일엔 퇴근 후 한 잔, 주말엔 피맥! 을지로에서 즐기는 더랜치브루잉.",,168774091,https://place.map.kakao.com/168774091,8000,19000,22,,,,,,,,kakao
27956524,무탄 압구정본점,+82 2-549-9339,서울 22 Nonhyeon-ro 176-gil,,37.52736,127.030266,중국 요리,월 11:00~22:00 / 화 11:00~22:00 / 수 11:00~22:00 / 목 11:00~22:00 / 금 11:00~22:00 / 토 11:00~22:00 / 일 11:00~22:00,"오늘N 2427회, 25.2.5. [격파! 중식로드] 남다른 품격! 스테이크트러플짜장면/마카롱멘보샤
짜장면랩소디 1회/2회 24.02.08./24.02.15 스테이크트러플자장면/고흥쭈꾸미특짬뽕
생방송투데이 3457회, 24.01.24.중식 끝판왕! '스테이크트러플자장면'
미운우리새끼 340회, 23.04.23. 스테이크트러플짜장면
맛있는녀석들 425회, 23.04.21. 고흥쭈꾸미돌판짜장면/스테이크트러플짜장면
KBS2 사장님 귀는 당나귀 귀 193회, 23.02.05. 스테이크트러플자장면/고추유린기/마카롱멘보샤
SBS 런닝맨 611회, 22.07.10. 밥숟가락전쟁
줄서는식당 9회, 22.03.21. 스테이크트러플자장면/고추유린기/마카롱멘보샤/가리비짬뽕
신상출시편스토랑 86회, 21.07.02. 주꾸미돌판짜장면/마카롱멘보샤
생방송투데이 2822회, 21.05.12. 쭈꾸미온돌짜장
생방송오늘저녁 1519회, 21.03.18. 주꾸미돌판짜장
생방송투데이 2635회, 20.08.12. 스테이크트러플짜장면/통카롱멘보샤.


뜬뜬 DdeunDdeun 2024.4.13
채널 십오야(나영석의 나불나불) 2023.7.14
먹보스쭈엽이 2023.7.14 / 2023.7.18
운동부 둘이 왔어요 2023.04.05
광재언니 2022.12.19
쯔양 2022.09.20
먹보스쭈엽이 2022.09.17 / 2022.10.29 / 2022.11.06
야미보이 2022.3.12
빅페이스 2021.07.03
파뿌리 2021.03.16",https://dynamic-media-cdn.tripadvisor.com/media/photo-o/2c/96/36/e5/caption.jpg?w=900&h=500&s=1,https://www.tripadvisor.co.kr/Restaurant_Review-g294197-d27956524-Reviews-Mutan-Seoul.html,4,4.8,중식,안녕하세요. 무탄입니다. 넓은 홀과 프라비잇 룸이 완비되어 있습니다.,,1696571508,https://place.map.kakao.com/1696571508,18000,49000,45,,,,,,,,kakao
13999749,광주식당,+82 2-969-4403,서울 동대문구 홍릉로1길 21-6,02573,37.58057,127.04368,,화 09:00~21:00 / 수 09:00~21:00 / 목 09:00~21:00 / 금 09:00~21:00 / 토 09:00~21:00 / 일 09:00~21:00,아직 광주식당에 대한 콘텐츠가 없습니다.,https://dynamic-media-cdn.tripadvisor.com/media/photo-o/13/ac/70/14/20180708-145815-largejpg.jpg?w=800&h=500&s=1,https://www.tripadvisor.co.kr/Restaurant_Review-g294197-d13999749-Reviews-Gwangju_Sikdang-Seoul.html,5,4.2,한식,정겨운 집밥 감성 가득한 한식 맛집,일 20:20 / 화 20:20 / 수 20:20 / 목 20:20 / 금 20:20 / 토 20:20,18829150,https://place.map.kakao.com/18829150,10000,10000,9,false,,,,,,,kakao
6960502,청담 영양센터 명동 본점,+82 2-776-2016,서울 중구 명동2길 52,04535,37.561077,126.98311,"아시아 요리, 한국",,,https://dynamic-media-cdn.tripadvisor.com/media/photo-o/2a/f7/80/ce/caption.jpg?w=200&h=200&s=1&cx=1920&cy=1079&chk=v1_5192524b3b14f2153843,https://www.tripadvisor.co.kr/Restaurant_Review-g294197-d6960502-Reviews-Yeongyang_Center_Myeongdong_Main-Seoul.html,59,4.2,,,,,,,,,,,,,,,,
8634423,왕비집 명동3호점,+82 2-776-2361,서울 중구 명동8나길 45 2층,04535,37.561302,126.98235,"바베큐, 아시아 요리, 한국, 그릴",월 11:30~22:00 / 화 11:30~22:00 / 수 11:30~22:00 / 목 11:30~22:00 / 금 11:30~22:00 / 토 11:30~22:00 / 일 11:30~22:00,"Except for the busiest times, the set menu is available for one person. The meal comes with noodle, soup, side dishes, and Galbi and vegetables to wrap meat. Very soft pork is served after grilled.",https://dynamic-media-cdn.tripadvisor.com/media/photo-o/32/e0/0f/4e/caption.jpg?w=200&h=200&s=1,https://www.tripadvisor.co.kr/Restaurant_Review-g294197-d8634423-Reviews-Wangbijib_Myeongdong_3rd-Seoul.html,37,3.7,삼겹살,숯불 향 가득한 정성 가득 고기 한상,일 21:30 / 월 21:30 / 화 21:30 / 수 21:30 / 목 21:30 / 금 21:30 / 토 21:30,17531780,https://place.map.kakao.com/17531780,8000,21500,20,,,,,,,,kakao
10682250,공릉닭한마리,+82 2-393-9599,서울 서대문구 연세로2길 77,03778,37.55683,126.94109,한국,,,https://dynamic-media-cdn.tripadvisor.com/media/photo-o/16/00/1a/ea/caption.jpg?w=900&h=500&s=1,https://www.tripadvisor.co.kr/Restaurant_Review-g294197-d10682250-Reviews-Gongneung_Dak_Hanmari-Seoul.html,22,4.4,,신선한 재료와 깊은 국물의 닭한마리,,8660964,https://place.map.kakao.com/8660964,24000,36000,3,true,,,,,,,
4032869,비꼴로,+82 2-756-0908,서울 중구 명동 6길8 3층~5층,,37.563473,126.98547,이탈리아 요리,월 11:30~14:30 / 월 17:00~22:00 / 화 11:30~14:30 / 화 17:00~22:00 / 수 11:30~14:30 / 수 17:00~22:00 / 목 11:30~14:30 / 목 17:00~22:00 / 금 11:30~14:30 / 금 17:00~22:00,,https://dynamic-media-cdn.tripadvisor.com/media/photo-o/32/b9/1a/b6/37fa8f9d-5dbb-42bb.jpg?w=200&h=200&s=1,https://www.tripadvisor.co.kr/Restaurant_Review-g294197-d4032869-Reviews-Vicolo-Seoul.html,17,4.5,,갤러리 감성 가득한 이탈리안 공간,,11591918,https://place.map.kakao.com/11591918,30000,45000,3,,,,,,,,tripadvisor
7918206,아그라 잠실점,+82 2-3213-2633,서울 송파구 올림픽로 300 롯데월드타워 에비뉴엘 6층,,37.512253,127.10184,인도 요리,일 10:30~15:00 / 일 17:00~22:00 / 월 10:30~22:00 / 화 10:30~22:00 / 수 10:30~22:00 / 목 10:30~22:00 / 금 10:30~22:00 / 토 10:30~15:00 / 토 17:00~22:00,,https://dynamic-media-cdn.tripadvisor.com/media/photo-o/32/b9/1a/b6/37fa8f9d-5dbb-42bb.jpg?w=200&h=200&s=1,https://www.tripadvisor.co.kr/Restaurant_Review-g294197-d7918206-Reviews-Agra_Indian_Dining_Restaurant_Jamsil-Seoul.html,60,3.7,,석촌호수 보며 즐기는 인도 정통 커리,,26239663,https://place.map.kakao.com/26239663,39300,41550,2,true,,,,,,true,tripadvisor
7747987,애플하우스 즉석떡볶이,+82 2-595-1629,서울 동작구 동작대로27다길 29,07008,37.48624,126.980644,,월 10:30~21:00 / 화 10:30~21:00 / 수 10:30~21:00 / 목 10:30~21:00 / 금 10:30~21:00 / 토 10:30~21:00 / 일 10:30~21:00,,https://dynamic-media-cdn.tripadvisor.com/media/photo-o/2b/05/70/1a/caption.jpg?w=200&h=200&s=1&cx=1920&cy=1080&chk=v1_9fa64641a807b789e4f6,https://www.tripadvisor.co.kr/Restaurant_Review-g294197-d7747987-Reviews-Apple_House-Seoul.html,35,4.1,떡볶이,추억을 담은 쫄깃한 즉석 떡볶이와 무침만두,일 20:30 / 월 20:30 / 화 20:30 / 수 20:30 / 목 20:30 / 금 20:30 / 토 20:30,10587024,https://place.map.kakao.com/10587024,1000,5500,13,true,,,,,,,kakao
9270063,성수감자탕,,서울 상원6길 8,,37.54859,127.04904,,,아직 성수감자탕에 대한 콘텐츠가 없습니다.,https://dynamic-media-cdn.tripadvisor.com/media/photo-o/17/c7/18/7e/photo6jpg.jpg?w=900&h=500&s=1,https://www.tripadvisor.co.kr/Restaurant_Review-g294197-d9270063-Reviews-Seongsu_Pork_Back_Bone_Stew-Seoul.html,7,4.4,,,,,,,,,,,,,,,,
32706085,팔도밀방 강남본점,+82 2-555-8518,서울 Gangnam-Daero 94-Gil 11 2nd Floor,06129,37.4995,127.02826,토착 음식,월 11:00~22:00 / 화 11:00~22:00 / 수 11:00~22:00 / 목 11:00~22:00 / 금 11:00~22:00 / 토 11:00~22:00,,https://dynamic-media-cdn.tripadvisor.com/media/photo-o/2e/51/e7/32/caption.jpg?w=900&h=500&s=1,https://www.tripadvisor.co.kr/Restaurant_Review-g294197-d32706085-Reviews-Paldomilbang_Gangnam_Main_Branch-Seoul.html,2,5.0,칼국수,건강을 생각한 흑임자면으로 만든 전국 팔도의 명물 칼국수와 푸짐한 전골을 즐겨보세요 !,,905303861,https://place.map.kakao.com/905303861,9000,13000,20,,,,,,,,kakao
9210824,틈새라면,+82 2-756-5477,서울 명동10길 19-10,,,,"아시아 요리, 한국",월 10:00~20:00 / 화 10:00~20:00 / 수 10:00~20:00 / 목 10:00~20:00 / 금 10:00~20:00 / 토 11:00~20:00 / 일 11:00~20:00,,https://dynamic-media-cdn.tripadvisor.com/media/photo-o/0a/ea/7f/dc/immortalize-your-experience.jpg?w=900&h=500&s=1,https://www.tripadvisor.co.kr/Restaurant_Review-g294197-d9210824-Reviews-Teumsae_Ramen-Seoul.html,10,4.0,분식,골목 안 작은 공간의 매운맛 전설,,10904319,https://place.map.kakao.com/10904319,,,,false,,,,,,,kakao
23305395,Mongtan,794-8592,"서울 Baekbumro 99gil 50, Yongsan-gu",,37.533875,126.98113,"바베큐, 아시아 요리, 한국",,,https://dynamic-media-cdn.tripadvisor.com/media/photo-o/21/9e/9f/fa/caption.jpg?w=900&h=500&s=1,https://www.tripadvisor.co.kr/Restaurant_Review-g294197-d23305395-Reviews-Mongtan-Seoul.html,10,4.2,,,,,,,,,,,,,,,,
19513937,세광양대창 - 신사역가로수길점,+82 2-543-2363,서울 강남구 도산대로1길 24 1층,06034,37.51814,127.01995,바베큐,,"Beef ribs,sirloin,intestines with korean barbecue",https://dynamic-media-cdn.tripadvisor.com/media/photo-o/1a/87/2e/4d/caption.jpg?w=900&h=500&s=1,https://www.tripadvisor.co.kr/Restaurant_Review-g294197-d19513937-Reviews-Segyang_Yangdaechang_Sinsa_Station_Garosugil-Seoul.html,11,5.0,,,,,,,,,,,,,,,,
5927648,호박식당,+82 2-798-7905,서울 용산구 한남동 657-85,,37.534374,127.00649,"바베큐, 아시아 요리, 한국",월 11:00~22:00 / 화 11:00~22:00 / 수 11:00~22:00 / 목 11:00~22:00 / 금 11:00~22:00 / 토 11:00~22:00 / 일 11:00~22:00,,https://dynamic-media-cdn.tripadvisor.com/media/photo-o/2c/d2/f1/b5/caption.jpg?w=200&h=200&s=1&cx=1200&cy=900&chk=v1_1cd4aa988e385032fb72,https://www.tripadvisor.co.kr/Restaurant_Review-g294197-d5927648-Reviews-Hobak_Sikdang-Seoul.html,45,4.3,한식,불판 위 고기 향 가득한 아늑한 한식 공간,,21338181,https://place.map.kakao.com/21338181,13000,19000,13,,,,,,,,kakao
33020192,전설의우대갈비 마곡,+82 2-2135-4336,서울 공항대로 242 열린M타워 3층 301호,,37.558655,126.83426,바베큐,월 11:10~21:50 / 화 11:10~21:50 / 수 11:10~21:50 / 목 11:10~21:50 / 금 11:10~21:50 / 토 11:10~21:50 / 일 11:10~21:50,,https://dynamic-media-cdn.tripadvisor.com/media/photo-o/2f/84/e3/aa/caption.jpg?w=900&h=500&s=1,https://www.tripadvisor.co.kr/Restaurant_Review-g294197-d33020192-Reviews-Legendary_Ribs_Magok-Seoul.html,5,5.0,갈비,프라이빗 룸에서 즐기는 인생 우대갈비,,1347662236,https://place.map.kakao.com/1347662236,22000,28000,5,,,,,,,,kakao
16859636,정통집 - 건대점,+82 2-469-6432,서울 광진구 동일로24길 95 1층,05016,37.542496,127.07019,"아시아 요리, 한국",,,https://dynamic-media-cdn.tripadvisor.com/media/photo-o/16/e5/ea/70/photo2jpg.jpg?w=900&h=500&s=1,https://www.tripadvisor.co.kr/Restaurant_Review-g294197-d16859636-Reviews-Jeongtong_Konkuk_University-Seoul.html,2,4.5,,돼지김치구이와 대파파절이의 환상 조합,,1739926573,https://place.map.kakao.com/1739926573,3000,7500,4,true,true,,,,,,
4034889,강촌쌈밥,+82 2-395-6467,서울 종로구 평창동 460-1,,37.610764,126.97469,"아시아 요리, 한국",,,https://dynamic-media-cdn.tripadvisor.com/media/photo-o/32/e0/0f/4e/caption.jpg?w=200&h=200&s=1,https://www.tripadvisor.co.kr/Restaurant_Review-g294197-d4034889-Reviews-Gangchon_Ssambap-Seoul.html,8,4.3,,유기농 쌈채소와 건강한 돌솥밥 한상,,8682059,https://place.map.kakao.com/8682059,18000,18000,2,true,,,,,,,
4050121,마켓오 압구정점,+82 2-515-0105,"서울 강남구 논현동 94 Apgujeong, Gangnam-gu",,37.52204,127.03531,"이탈리아 요리, 미국 요리, 컨템퍼러리, 건강식",월 11:30~22:00 / 화 11:30~22:00 / 수 11:30~22:00 / 목 11:30~22:00 / 금 11:30~22:00 / 토 11:30~22:00 / 일 11:30~22:00,,https://dynamic-media-cdn.tripadvisor.com/media/photo-o/32/b9/1a/b6/37fa8f9d-5dbb-42bb.jpg?w=200&h=200&s=1,https://www.tripadvisor.co.kr/Restaurant_Review-g294197-d4050121-Reviews-Market_O-Seoul.html,31,4.1,양식,고급스러운 공간에서 즐기는 해산물 파스타,,21311108,https://place.map.kakao.com/21311108,24000,25000,5,true,,,,,,true,kakao
9031230,계림원누릉지통닭구이 동대문점,+82 2-744-9229,서울 종로구 종로46길 22,03119,37.570602,127.01019,,,아직 계림원누릉지통닭구이 동대문점에 대한 콘텐츠가 없습니다.,https://dynamic-media-cdn.tripadvisor.com/media/photo-o/2e/af/54/a3/caption.jpg?w=200&h=200&s=1&cx=1920&cy=1080&chk=v1_9eb295b36de3afdf42c8,https://www.tripadvisor.co.kr/Restaurant_Review-g294197-d9031230-Reviews-Gyerimwon_Nureungji_Tongdak_Gui_Dongdaemun-Seoul.html,19,4.4,,,,,,,,,,,,,,,,
14767947,Bbq Yul,0507-1449-7712,"서울 48 Seocho-daero 78-gil 2nd floor, Songlim Building",06626,37.4935,127.028595,"바베큐, 아시아 요리, 한국",월 14:00~22:15 / 화 14:00~22:15 / 수 14:00~22:15 / 목 14:00~22:15 / 금 14:00~22:15 / 토 13:00~21:30,"At BBQ YUL, we believe in three things: great meat, honest craftsmanship, and a meal that stays with you. Our team includes staff fluent in English, Indonesian, and Vietnamese, making guests from around the world feel welcome. Located on the second floor near Gangnam Station, BBQ YUL serves 336-hour aged pork grilled over premium charcoal, along with fresh house-made side dishes. All meats are cooked tableside by skilled grillers so guests can enjoy perfect doneness without worry and focus on their meal and conversation. In 2025, BBQ YUL was included in Beli’s Global New Restaurant List, an international platform ranking restaurants based on real visitor data and more than 50 million reviews this year. As a small local restaurant still learning and growing, this recognition means a great deal to us. We are deeply grateful for our guests’ support and will continue refining our craft to share the depth and diversity of Korean BBQ with more people around the world.",https://dynamic-media-cdn.tripadvisor.com/media/photo-o/31/35/54/bd/pork-jowl.jpg?w=900&h=500&s=1,https://www.tripadvisor.co.kr/Restaurant_Review-g294197-d14767947-Reviews-Bbq_Yul-Seoul.html,3,5.0,,,,,,,,,,,,,,,,tripadvisor
9071727,용산원조감자탕,+82 2-797-1900,서울 용산구 청파로 393,04300,37.554928,126.96847,"아시아 요리, 다이너",월 00:00~24:00 / 화 00:00~24:00 / 수 00:00~24:00 / 목 00:00~24:00 / 금 00:00~24:00 / 토 00:00~24:00 / 일 00:00~24:00,,https://dynamic-media-cdn.tripadvisor.com/media/photo-o/11/d1/6e/0c/caption.jpg?w=900&h=500&s=1,https://www.tripadvisor.co.kr/Restaurant_Review-g294197-d9071727-Reviews-Yongsan_Wonjo_Gamjatang-Seoul.html,10,4.2,감자탕,24시간 끓는 서울역 골목의 온기,,21445943,https://place.map.kakao.com/21445943,5000,30000,15,false,true,,,,,,kakao
12703505,클라우드,+82 2-2050-6035,서울 강남구 테헤란로25길 10 머큐어 앰배서더 강남 쏘도베 21층,06132,37.50128,127.035545,"바, 펍",,,https://dynamic-media-cdn.tripadvisor.com/media/photo-o/15/bb/91/c9/photo0jpg.jpg?w=900&h=500&s=1,https://www.tripadvisor.co.kr/Restaurant_Review-g294197-d12703505-Reviews-Kloud-Seoul.html,11,3.9,,도심 야경과 은은한 조명의 루프탑 바,,964795655,https://place.map.kakao.com/964795655,,,,true,,,,,,,
19070247,바티센트,+82 2-6052-6579,서울 강남구 선릉로162길 16 1st Floor,06014,37.526703,127.04168,"바, 아시아 요리, 한국, 펍",,"Ambient tea cocktail bar with zen on surface, but innovation at heart. Please enjoy the epicurean delight of rare single origin teas and cocktails that have been enhanced by the help of modernist techniques and heartfelt hospitality.",https://dynamic-media-cdn.tripadvisor.com/media/photo-o/12/f9/08/b1/mosquee-1.jpg?w=200&h=200&s=1,https://www.tripadvisor.co.kr/Restaurant_Review-g294197-d19070247-Reviews-Bar_Tea_Scent-Seoul.html,15,4.9,,차 향 가득한 세련된 티 칵테일 바,,689545350,https://place.map.kakao.com/689545350,25000,25000,4,true,,true,,,,,
4070747,광양불고기,+82 2-565-7090,서울 강남구 삼성동 128-3,,37.509308,127.05528,"아시아 요리, 한국",월 11:00~22:00 / 화 11:00~22:00 / 수 11:00~22:00 / 목 11:00~22:00 / 금 11:00~22:00 / 토 11:00~22:00 / 일 11:00~22:00,,https://dynamic-media-cdn.tripadvisor.com/media/photo-o/12/f9/08/b1/mosquee-1.jpg?w=200&h=200&s=1,https://www.tripadvisor.co.kr/Restaurant_Review-g294197-d4070747-Reviews-Gwangyang_Bulgogi-Seoul.html,14,4.4,"불고기,두루치기",숯불 향 가득한 부드러운 광양식 불고기,,13289943,https://place.map.kakao.com/13289943,,,,true,true,true,,,,,kakao
9315046,사리원 IFC몰점,+82 2-6137-5101,서울 영등포구 국제금융로 10,07326,37.52515,126.92563,"바베큐, 아시아 요리, 한국",,,https://dynamic-media-cdn.tripadvisor.com/media/photo-o/32/b9/1a/b6/37fa8f9d-5dbb-42bb.jpg?w=200&h=200&s=1,https://www.tripadvisor.co.kr/Restaurant_Review-g294197-d9315046-Reviews-Sariwon_IFC_Mall-Seoul.html,20,4.2,,,,,,,,,,,,,,,,
7351232,본가 논현본점,+82 2-516-3284,서울 강남구 봉은사로1길 33,06119,37.506298,127.023796,"아시아 요리, 한국",,,https://dynamic-media-cdn.tripadvisor.com/media/photo-o/2a/e7/ad/28/caption.jpg?w=200&h=200&s=1&cx=1920&cy=1080&chk=v1_f2b1be7044cdd54f81e3,https://www.tripadvisor.co.kr/Restaurant_Review-g294197-d7351232-Reviews-Bonga_Nonhyeon_Main-Seoul.html,46,4.4,,,,,,,,,,,,,,,,
9070345,더블트러블,+82 2-3477-8880,서울 강남구 봉은사로4길 22 1층,06123,37.500767,127.028465,미국 요리,일 11:00~23:00 / 월 11:00~23:00 / 화 11:00~23:00 / 수 11:00~23:00 / 목 11:00~23:00 / 금 11:00~23:00 / 토 11:00~23:00,,https://dynamic-media-cdn.tripadvisor.com/media/photo-o/12/f9/08/b1/mosquee-1.jpg?w=200&h=200&s=1,https://www.tripadvisor.co.kr/Restaurant_Review-g294197-d9070345-Reviews-Double_Trouble-Seoul.html,22,4.7,,,,,,,,,,,,,,,,tripadvisor
10058560,사마르칸트시티,+82 2-2279-7780,서울 중구 을지로42길 16 성산빌딩 2층,04561,37.56547,127.00554,우즈베크,월 10:00~23:00 / 화 10:00~23:00 / 수 10:00~23:00 / 목 10:00~23:00 / 금 10:00~23:00 / 토 10:00~23:00 / 일 10:00~23:00,,https://dynamic-media-cdn.tripadvisor.com/media/photo-o/12/f9/08/b1/mosquee-1.jpg?w=200&h=200&s=1,https://www.tripadvisor.co.kr/Restaurant_Review-g294197-d10058560-Reviews-Samarkand-Seoul.html,18,4.2,아시아음식,이국적 감성 가득한 우즈벡 전통 맛집,,1081607002,https://place.map.kakao.com/1081607002,4000,12000,29,true,true,,,,,,kakao
4076083,누들스,+82 2-525-3885,서울 서초구 서초동 1465-11,,37.48015,127.01146,"아시아 요리, 퓨전",,,https://dynamic-media-cdn.tripadvisor.com/media/photo-o/09/ad/b7/82/noodles.jpg?w=900&h=500&s=1,https://www.tripadvisor.co.kr/Restaurant_Review-g294197-d4076083-Reviews-Noodles-Seoul.html,35,4.0,,,,,,,,,,,,,,,,
14116438,유가네닭갈비 명동2호점,+82 2-3789-2492,서울 중구 명동4길 8,04536,37.56324,126.98349,"아시아 요리, 한국",,,https://dynamic-media-cdn.tripadvisor.com/media/photo-o/14/53/6a/28/img-20170207-150540-largejpg.jpg?w=900&h=500&s=1,https://www.tripadvisor.co.kr/Restaurant_Review-g294197-d14116438-Reviews-Yoogane_Myeongdong_2nd_Store-Seoul.html,17,4.0,,,,,,,,,,,,,,,,
15276114,에그드랍 - 마포역점,+82 2-707-0563,서울 마포구 마포대로 68,04168,37.54124,126.948944,,월 08:00~19:00 / 화 08:00~19:00 / 수 08:00~19:00 / 목 08:00~19:00 / 금 08:00~19:00 / 토 08:00~18:00 / 일 08:00~18:00,,https://dynamic-media-cdn.tripadvisor.com/media/photo-o/32/e0/0d/6d/caption.jpg?w=200&h=200&s=1,https://www.tripadvisor.co.kr/Restaurant_Review-g294197-d15276114-Reviews-Egg_Drop_Mapo_Station-Seoul.html,15,3.9,샌드위치,부드러운 계란과 갈릭빵의 완벽한 조화,,785795111,https://place.map.kakao.com/785795111,5600,12900,30,,,,,,,,kakao
7748355,명동부대찌개,+82 2-752-6800,서울 중구 명동길 25-7,04534,,,,월 10:00~22:00 / 화 10:00~22:00 / 수 10:00~22:00 / 목 10:00~22:00 / 금 10:00~22:00 / 토 10:00~22:00 / 일 10:00~22:00,,https://dynamic-media-cdn.tripadvisor.com/media/photo-o/29/73/6b/2b/caption.jpg?w=900&h=500&s=1,https://www.tripadvisor.co.kr/Restaurant_Review-g294197-d7748355-Reviews-Myeongdong_Budae_Jjigae-Seoul.html,7,4.3,"찌개,전골",,,20749759,https://place.map.kakao.com/20749759,6000,10000,5,,,,,,,,kakao
24120540,뱅커스 클럽 바이 반얀트리,+822-3705-5111,서울 19 Myeongdong 11-gil Korea Federation Of Banks,,37.564976,126.98545,"인터내셔널, 아시아 요리, 한국",월 11:30~22:00 / 화 11:30~22:00 / 수 11:30~22:00 / 목 11:30~22:00 / 금 11:30~22:00,,https://dynamic-media-cdn.tripadvisor.com/media/photo-o/30/65/a9/2f/caption.jpg?w=900&h=500&s=1,https://www.tripadvisor.co.kr/Restaurant_Review-g294197-d24120540-Reviews-Bankers_Club_by_Banyan_Tree-Seoul.html,9,4.9,한식,호텔 감성의 단독 예식과 갈비탕 한상,,348875527,https://place.map.kakao.com/348875527,25000,35000,19,true,,true,,true,,,kakao
7149617,타코 아미고,+82 2-749-5253,서울 용산구 보광로 123,04391,37.533726,126.99399,"멕시코 요리, 라틴, 스페인 요리",,,https://dynamic-media-cdn.tripadvisor.com/media/photo-o/32/e0/0f/4e/caption.jpg?w=200&h=200&s=1,https://www.tripadvisor.co.kr/Restaurant_Review-g294197-d7149617-Reviews-Taco_Amigo-Seoul.html,33,4.1,,컬러풀한 멕시코 감성 속 이국적 맛,,8111953,https://place.map.kakao.com/8111953,11500,13700,4,true,,,,,true,true,
23890178,Charr,+82 2-330-7800,"서울 4F RYSE Hotel, 130, Yanghwa-ro, Mapo-gu",04038,37.55437,126.9213,"이탈리아 요리, 미국 요리, 아시아 요리, 한국",월 07:00~22:00 / 화 07:00~22:00 / 수 07:00~22:00 / 목 07:00~22:00 / 금 07:00~22:00 / 토 07:00~22:00 / 일 07:00~22:00,나무와 숯을 이용해 오픈 파이어 방식인 차르잉 (Charring) 그릴로 요리한 차르의 스테이크는 사과나무와 백탄 참숯의 향이 베어 오감을 자극하는 맛을 선보입니다. 친근한 한국적 감칠맛과 클래식한 웨스턴 메뉴의 조화. 차르의 신선하고 새로운 맛을 경험해 보세요.,https://dynamic-media-cdn.tripadvisor.com/media/photo-o/2a/f6/ab/6d/tomahawk-steak-1kg.jpg?w=900&h=500&s=1,https://www.tripadvisor.co.kr/Restaurant_Review-g294197-d23890178-Reviews-Charr-Seoul.html,2,4.5,양식,사과나무 & 백탄 참숯 그릴 요리를 메인으로 한 호텔 레스토랑,,639468756,https://place.map.kakao.com/639468756,26000,64000,10,true,,,,,,true,kakao
10597914,포포인츠바이쉐라톤서울남산 더이터리,+82 2-6070-7600,서울 용산구 한강대로 366,04323,37.551216,126.97286,,,,https://dynamic-media-cdn.tripadvisor.com/media/photo-o/12/f9/08/b1/mosquee-1.jpg?w=200&h=200&s=1,https://www.tripadvisor.co.kr/Restaurant_Review-g294197-d10597914-Reviews-Four_Points_by_Sheraton_Seoul_Namsan_The_Eatery-Seoul.html,18,4.6,,,,,,,,,,,,,,,,
3297139,Sichuan House,508-1420,서울 154-11 Samseong-dong Gangnam-gu,,37.509567,127.05797,"중국 요리, 아시아 요리, 스촨",일 11:30~22:00 / 월 11:30~22:00 / 화 11:30~22:00 / 수 11:30~22:00 / 목 11:30~22:00 / 금 11:30~22:00 / 토 11:30~22:00,,https://dynamic-media-cdn.tripadvisor.com/media/photo-o/32/e0/0d/6d/caption.jpg?w=200&h=200&s=1,https://www.tripadvisor.co.kr/Restaurant_Review-g294197-d3297139-Reviews-Sichuan_House-Seoul.html,25,4.1,,,,,,,,,,,,,,,,tripadvisor
9286888,스미스가 좋아하는 한옥,+82 2-722-7003,서울 종로구 삼청로 22-7,03062,37.577873,126.98008,,월 11:30~21:00 / 화 11:30~21:00 / 수 11:30~21:00 / 목 11:30~21:00 / 금 11:30~20:30 / 토 11:30~20:30 / 일 11:30~20:30,,https://dynamic-media-cdn.tripadvisor.com/media/photo-o/32/e0/0f/4e/caption.jpg?w=200&h=200&s=1,https://www.tripadvisor.co.kr/Restaurant_Review-g294197-d9286888-Reviews-The_Hanok_Smith_Likes-Seoul.html,14,4.0,이탈리안,고요한 한옥에서 만나는 이탈리안 감성,,14612458,https://place.map.kakao.com/14612458,23000,26000,6,true,,,,,,,kakao
14068450,광화문국밥,+82 2-738-5688,서울 중구 세종대로21길 53,04519,37.56891,126.97542,"아시아 요리, 한국",월 11:00~21:40 / 화 11:00~21:40 / 수 11:00~21:40 / 목 11:00~21:40 / 금 12:00~21:00 / 토 12:00~21:00,,https://dynamic-media-cdn.tripadvisor.com/media/photo-o/14/8c/fb/44/20180910-120444-largejpg.jpg?w=900&h=500&s=1,https://www.tripadvisor.co.kr/Restaurant_Review-g294197-d14068450-Reviews-Gwanghwamun_Gugbap-Seoul.html,11,4.4,국밥,맑고 깊은 국물의 담백한 한 그릇,월 14:00 / 월 21:00 / 화 14:00 / 화 21:00 / 수 14:00 / 수 21:00 / 목 14:00 / 목 21:00 / 금 14:30 / 금 20:00 / 토 14:30 / 토 20:00,2067124772,https://place.map.kakao.com/2067124772,11000,16000,14,true,true,,,true,,,kakao
21306491,테라스룸 서울,+82 2-516-1015,서울 서울특별시 강남구 선릉로152길 37 올리브빌딩 2층,06016,,,"이탈리아 요리, 유럽 요리",일 11:30~00:00 / 화 11:30~00:00 / 수 11:30~00:00 / 목 11:30~00:00 / 금 11:30~00:00 / 토 11:30~00:00,"테라스룸 서울은 청담에 위치한, 유럽의 테라스 문화를 기반으로 만들어진 공간입니다. 이른 오전부터 오후의 아페리티보 그리고 늦은 새벽까지. 테라스와 실내, 두 개의 공간에서 다양한 경험을 만끽할 수 있습니다.",https://dynamic-media-cdn.tripadvisor.com/media/photo-o/29/ba/00/ed/terrace-room-summer-styling.jpg?w=900&h=500&s=1,https://www.tripadvisor.co.kr/Restaurant_Review-g294197-d21306491-Reviews-Terrace_Room_Seoul-Seoul.html,5,5.0,,,,,,,,,,,,,,,,tripadvisor
15116871,수월가,+82 2-732-0054,서울 중구 마른내로2길 26,04555,37.56349,126.991806,"바베큐, 아시아 요리, 한국",월 11:30~22:00 / 화 11:30~22:00 / 수 11:30~22:00 / 목 11:30~22:00 / 금 16:30~22:00 / 토 16:30~22:00,,https://dynamic-media-cdn.tripadvisor.com/media/photo-o/2a/e7/ad/28/caption.jpg?w=200&h=200&s=1&cx=1920&cy=1080&chk=v1_f2b1be7044cdd54f81e3,https://www.tripadvisor.co.kr/Restaurant_Review-g294197-d15116871-Reviews-Suwolga-Seoul.html,18,4.9,"육류,고기",직원 손길 닿은 숯불 향 가득한 고기집,,1901654891,https://place.map.kakao.com/1901654891,7000,16000,15,,,,,,,,kakao
15320371,생활맥주 - 종로구청점,+82 2-733-9663,서울 종로구 삼봉로 80 located just opposite to Shilla Stay Gwanghwamun,03158,37.57203,126.98159,"자가 맥주 판매pub, 바, 아시아 요리, 한국, 펍",월 17:00~02:00 / 화 17:00~02:00 / 수 17:00~02:00 / 목 17:00~02:00 / 금 17:00~02:00 / 토 17:00~02:00 / 일 17:00~02:00,"If you want to experience Korean style chickens, and craft beers, you should visit our pub ;)",https://dynamic-media-cdn.tripadvisor.com/media/photo-o/2a/ba/59/ad/caption.jpg?w=200&h=200&s=1&cx=551&cy=419&chk=v1_39784c974bda62cfc245,https://www.tripadvisor.co.kr/Restaurant_Review-g294197-d15320371-Reviews-Daily_Beer_Jongrogu_Office-Seoul.html,28,4.9,"호프,요리주점",붉은 네온 아래 펼쳐지는 치맥의 향연,,362958117,https://place.map.kakao.com/362958117,1500,17000,30,true,true,,,,,,kakao
28121567,카츠디나인 신대방삼거리 본점,+82 10-2163-4150,서울 12-5 국사봉1길 1층,,37.498497,126.92923,"일본 요리, 아시아 요리, 한국, 일본식 퓨전",화 11:30~21:30 / 수 11:30~21:30 / 목 11:30~21:30 / 금 11:30~21:30 / 토 11:30~21:30 / 일 11:30~21:30,,https://dynamic-media-cdn.tripadvisor.com/media/photo-o/2a/45/df/bc/caption.jpg?w=200&h=200&s=1&cx=1920&cy=1080&chk=v1_7caabcb80f5efce4745d,https://www.tripadvisor.co.kr/Restaurant_Review-g294197-d28121567-Reviews-Katsudinaine_Shindaebangsamgeori_Main_Branch-Seoul.html,10,5.0,일식,네이버로 검색 또는 웹사이트 클릭하시면 더 다양한 후기와 자세한 메뉴를 보실 수 있습니다,,1548241074,https://place.map.kakao.com/1548241074,7000,12500,16,,,,,,,true,kakao
12496220,Entree,+82 2-531-6604,"서울 130, Bongeunsa-ro, Gangnam-gu Lobby Floor, Novotel Ambassador Seoul Gangnam",06124,37.505444,127.02892,"이탈리아 요리, 유럽 요리, 한국, 컨템퍼러리",일 11:30~22:00 / 월 11:30~22:00 / 화 11:30~22:00 / 수 11:30~22:00 / 목 11:30~22:00 / 금 11:30~22:00 / 토 11:30~22:00,"Entrée는 노보텔 앰배서더 서울 강남 호텔의 현대적인 다이닝 레스토랑이며, 모던한 스타일의 고급 식재료로 만든 서양식과 한식 요리를 선보입니다.",https://dynamic-media-cdn.tripadvisor.com/media/photo-o/12/f9/08/b1/mosquee-1.jpg?w=200&h=200&s=1,https://www.tripadvisor.co.kr/Restaurant_Review-g294197-d12496220-Reviews-Entree-Seoul.html,24,4.8,,도심 속 품격 있는 한식 다이닝,,1622069784,https://place.map.kakao.com/1622069784,,,,true,true,true,,,,,tripadvisor
12511885,룸비니레스토랑,+82 70-8992-8896,서울 종로구 종로 333 302-5 Changsin-dong,03104,37.572887,127.01454,,월 11:00~22:00 / 화 11:00~22:00 / 수 11:00~22:00 / 목 11:00~22:00 / 금 11:00~22:00 / 토 11:00~22:00 / 일 11:00~22:00,"'안녕하세요! 룸비니레스토랑입니다^ 많은 손님들이 인도와 네팔에 대한 호기심을 많이 가지고 있어요! 생각보다 음식을 정말 잘 드시고 음식뿐만아니라 문화도 정말 관심이 많아서 이것저것 물어보시더군요. 그래서 오늘 몇가지 네팔과 인도에 대해서 몇가지 재미있는 이야기를 해드리려고 해요^ 네팔 사람들은 찬물과 아이스크림을 잘 안먹는다. 한국 사람들은 대부분 차가운 아이스크림, 빙수 등 계절에 상관없이 차가운 디저트와 물을 거리낌없이 접하죠! 그런데 네팔사람들과 인도 사람들은 대부분 너무 차가운것은 선호하지 않는다고 하네요^ 실제로 저희 레스토랑에 찾아오시는 네팔 손님들은 ""따또 빠니 디누스' 라고 하시는데 이 말은 따뜻한 물 을 달라는 뜻이예요. 정말 신기하지 않나요? 하지만 정말이지 너무 더울때는 찬물을 찾으신답니다^^ 너무 차갑거나 너무 뜨거운 것을 잘 먹는 한국 사람들의 습관은 무섭죠. 어느정도 덜 차갑고 덜 뜨겁게 먹는 네팔사람들의 습관이 더욱 건강에 좋은것 같아요. 네팔 사람들은 힌디어를 잘 한다. 네팔 사람들은 인도의 언어인 힌디어를 어렸을때 부터 영화나 드라마 등으로 접해서 알아듣고 말하고 기본적인 소통은 가능해요. 더 나아가 인도에 일을 하러 가는 네팔 사람들이 많기 때문에 힌디어를 아주 능숙하게 구사하는 네팔 사람들이 많죠! 정말 똑똑한 사람들이예요!! ( 인도와 네팔 사람들은 고개를 끄덕(까딱)이는 것으로 대답한다. 감사합니다. Thank You All'",https://dynamic-media-cdn.tripadvisor.com/media/photo-o/25/6d/03/0f/caption.jpg?w=200&h=200&s=1&cx=1200&cy=800&chk=v1_446514ae7e3f8b724016,https://www.tripadvisor.co.kr/Restaurant_Review-g294197-d12511885-Reviews-Lumbini_Restaurant-Seoul.html,12,4.9,인도음식,현지 감성 가득한 인도 네팔 커리 맛집,,512365015,https://place.map.kakao.com/512365015,3500,13000,20,,,,,,,,kakao
15187501,맥심플랜트,+82 70-4287-8557,서울 용산구 이태원로 250,04400,37.537052,127.00094,카페,월 08:00~21:00 / 화 08:00~21:00 / 수 08:00~21:00 / 목 08:00~21:00 / 금 08:00~21:00 / 토 09:00~21:00 / 일 09:00~21:00,,https://dynamic-media-cdn.tripadvisor.com/media/photo-o/12/f9/08/b1/mosquee-1.jpg?w=200&h=200&s=1,https://www.tripadvisor.co.kr/Restaurant_Review-g294197-d15187501-Reviews-Maxim_Plant-Seoul.html,13,4.2,카페,"층마다 다른 감성, 커피의 깊은 여운",,711864705,https://place.map.kakao.com/711864705,4900,5900,20,,,,,,,true,kakao
9450035,마켓오 - 도곡점,+82 2-3463-2700,서울 강남구 남부순환로 2745,06274,37.486935,127.046265,다이너,,"Located in the Gangnam district in Seoul, Market O Restaurant serves creative dishes made from farm-fresh ingredients and top-notch cooking. Our chefs bring classic favorites to the table with fresh, innovative flavors and artistic presentations. Whether meeting for a private business lunch, having dinner with friends or family, or just relaxing with friends, Market O is the place to be. Natural Kitchen Market O collaborates with local farms - Market O Farms.",https://dynamic-media-cdn.tripadvisor.com/media/photo-o/0b/5c/f5/2e/marketo.jpg?w=900&h=500&s=1,https://www.tripadvisor.co.kr/Restaurant_Review-g294197-d9450035-Reviews-Market_O_Dogok-Seoul.html,6,4.2,,,,,,,,,,,,,,,,
15244016,타도삼겹 - 서울 방이점,+82 2-418-2585,서울 송파구 올림픽로32길 18-22 1층,05548,37.51402,127.10817,"스테이크하우스, 인터내셔널, 바베큐, 한국, 건강식",일 13:00~23:00 / 월 11:30~14:00 / 월 17:00~00:00 / 화 11:30~14:00 / 화 17:00~00:00 / 수 11:30~14:00 / 수 17:00~00:00 / 목 11:30~14:00 / 목 17:00~00:00 / 금 11:30~14:00 / 금 17:00~00:00 / 토 13:00~23:00,태국 쏨땀과 한국 삼겹살의 만남 색다르고 맛있는 삼겹살 인생 삼겹살,https://dynamic-media-cdn.tripadvisor.com/media/photo-o/25/85/4c/6b/caption.jpg?w=200&h=200&s=1&cx=1200&cy=801&chk=v1_2e206f0886f1c71edec5,https://www.tripadvisor.co.kr/Restaurant_Review-g294197-d15244016-Reviews-Thai_Dony_Pork_Seoul_Bangi-Seoul.html,12,4.9,,,,,,,,,,,,,,,,tripadvisor
31411007,일일향 - 을지로,+82 50-71498-7754,서울 서울 중구 남대문로 125 Jung District,,37.565212,126.97735,중국 요리,월 11:20~21:30 / 화 11:20~21:30 / 수 11:20~21:30 / 목 11:20~21:30 / 금 11:20~21:30 / 토 11:20~21:00,,https://dynamic-media-cdn.tripadvisor.com/media/photo-o/32/e0/0e/ff/caption.jpg?w=200&h=200&s=1,https://www.tripadvisor.co.kr/Restaurant_Review-g294197-d31411007-Reviews-Yil_Yil_Hyang-Seoul.html,10,5.0,중국요리,청계천 뷰와 함께하는 프리미엄 중식,월 20:30 / 화 20:30 / 수 20:30 / 목 20:30 / 금 20:30 / 토 20:00,2038957265,https://place.map.kakao.com/2038957265,8000,38000,40,true,true,true,,true,,,kakao
8734172,애슐리 강남뉴코아아울렛점,+82 2-3477-1030,서울 서초구 잠원로 69 킴스주차타워 1층,06511,37.509796,127.00713,"아시아 요리, 한국",,,https://dynamic-media-cdn.tripadvisor.com/media/photo-o/32/b9/1a/b6/37fa8f9d-5dbb-42bb.jpg?w=200&h=200&s=1,https://www.tripadvisor.co.kr/Restaurant_Review-g294197-d8734172-Reviews-Ashley_New_Core_Outlet_Gangnam-Seoul.html,14,4.1,,,,,,,,,,,,,,,,
28560751,금면옥 원기회복 칼국수,0507-1491-7798,서울 장한로 37 1층 101호 동대문구,,37.564613,127.06639,,일 11:00~22:00 / 월 11:00~22:00 / 화 11:00~22:00 / 수 11:00~22:00 / 목 11:00~22:00 / 금 11:00~22:00 / 토 11:00~22:00,,https://dynamic-media-cdn.tripadvisor.com/media/photo-o/32/e0/0f/4e/caption.jpg?w=200&h=200&s=1,https://www.tripadvisor.co.kr/Restaurant_Review-g294197-d28560751-Reviews-Geummyeonok_Wonkihoebok_Kalguksu-Seoul.html,14,5.0,,,,,,,,,,,,,,,,tripadvisor
9217013,토다이 중계점,+82 2-3391-7888,서울 노원구 섬밭로 258,01779,,,"아시아 요리, 한국",,,https://dynamic-media-cdn.tripadvisor.com/media/photo-o/29/87/06/1f/caption.jpg?w=200&h=200&s=1&cx=1000&cy=666&chk=v1_e84ea7206e1c38cd3a11,https://www.tripadvisor.co.kr/Restaurant_Review-g294197-d9217013-Reviews-Todai_Junggye-Seoul.html,10,3.3,,,,,,,,,,,,,,,,
13818932,몽크스부쳐,+82 2-790-1108,서울 용산구 이태원로 228-1,04400,37.53546,126.99915,"인터내셔널, 건강식, 와인 바",월 11:00~23:00 / 화 11:00~23:00 / 수 11:00~23:00 / 목 11:00~23:00 / 금 11:00~23:00 / 토 11:00~23:00 / 일 11:00~23:00,"Vegetarian/Vegan Restaurant/Bar located in Itaewon, Seoul. Perfect place for vegetarian dining experience in Seoul",https://dynamic-media-cdn.tripadvisor.com/media/photo-o/32/b9/1a/b6/37fa8f9d-5dbb-42bb.jpg?w=200&h=200&s=1,https://www.tripadvisor.co.kr/Restaurant_Review-g294197-d13818932-Reviews-Monk_s_Butcher-Seoul.html,14,4.9,양식,캐주얼 비건 레스토랑&와인바 몽크스부처 입니다,일 21:30 / 월 21:30 / 화 21:30 / 수 21:30 / 목 21:30 / 금 21:30 / 토 21:30,1701160594,https://place.map.kakao.com/1701160594,14000,18000,7,,,,,,true,,kakao
4032356,오장동함흥냉면,+82 2-2267-9500,서울 중구 오장동 90-10,,37.564228,126.99987,"아시아 요리, 한국",월 11:00~20:00 / 수 11:00~20:00 / 목 11:00~20:00 / 금 11:00~20:00 / 토 11:00~20:00 / 일 11:00~20:00,,https://dynamic-media-cdn.tripadvisor.com/media/photo-o/28/d1/26/70/caption.jpg?w=200&h=200&s=1&cx=1920&cy=1080&chk=v1_c0228075d8c0f80deff5,https://www.tripadvisor.co.kr/Restaurant_Review-g294197-d4032356-Reviews-Ojangdong_Hamheung_Naengmyeon-Seoul.html,38,3.9,냉면,육향 가득 간장 베이스 육수의 깊은 맛,,20747449,https://place.map.kakao.com/20747449,12000,15000,10,true,,,,,,,kakao
12578051,다운타우너 한남점,+82 70-8820-3696,서울 용산구 이태원로42길 28-4,04400,37.53583,127.00056,미국 요리,월 11:00~21:00 / 화 11:00~21:00 / 수 11:00~21:00 / 목 11:00~21:00 / 금 11:00~21:00 / 토 11:00~21:00 / 일 11:00~21:00,,https://dynamic-media-cdn.tripadvisor.com/media/photo-o/32/e0/0d/6d/caption.jpg?w=200&h=200&s=1,https://www.tripadvisor.co.kr/Restaurant_Review-g294197-d12578051-Reviews-Downtowner_Hannam-Seoul.html,26,4.1,햄버거,안녕하세요. 패스트 & 프리미엄 수제버거를 지향하는 버거 전문점 다운타우너입니다.,,1312159706,https://place.map.kakao.com/1312159706,6800,9900,11,,,,,,true,,kakao
3938418,아웃백 강남점,+82 2-515-4791,서울 강남구 강남대로 502 에임하이타워 2층,06119,37.50709,127.02367,오스트레일리아,,,https://dynamic-media-cdn.tripadvisor.com/media/photo-o/32/e0/0d/6d/caption.jpg?w=200&h=200&s=1,https://www.tripadvisor.co.kr/Restaurant_Review-g294197-d3938418-Reviews-Outback_Steakhouse_Gangnam-Seoul.html,24,4.0,,,,,,,,,,,,,,,,
8984929,한소반,+82 2-3453-1500,서울 청계산로 249,,37.44357,127.05871,,월 11:00~20:30 / 화 11:00~20:30 / 수 11:00~20:30 / 목 11:00~20:30 / 금 11:00~20:30 / 토 11:00~20:30 / 일 11:00~20:30,아직 한소반에 대한 콘텐츠가 없습니다.,https://dynamic-media-cdn.tripadvisor.com/media/photo-o/11/5a/8c/ef/20171124-191538-largejpg.jpg?w=900&h=-1&s=1,https://www.tripadvisor.co.kr/Restaurant_Review-g294197-d8984929-Reviews-Han_Cow_Ban-Seoul.html,3,4.7,"족발,보쌈",야들야들 보쌈과 바삭한 도토리전 세트,,11914726,https://place.map.kakao.com/11914726,10000,16000,5,true,,,,,,,kakao
20054976,Borgo Hannam,+82 2-6082-2727,서울 Yongsangu Hannamdong 684-62 3rd Floor,,37.53699,127.00197,이탈리아 요리,화 17:00~22:00 / 수 17:00~22:00 / 목 17:00~22:00 / 금 17:00~22:00 / 토 17:00~22:00 / 일 17:00~22:00,,https://dynamic-media-cdn.tripadvisor.com/media/photo-o/1c/9d/ed/7c/photo4jpg.jpg?w=900&h=500&s=1,https://www.tripadvisor.co.kr/Restaurant_Review-g294197-d20054976-Reviews-Borgo_Hannam-Seoul.html,11,4.8,이탈리안,유럽 감성 가득한 이탈리안 다이닝,,1618801565,https://place.map.kakao.com/1618801565,13000,38000,23,false,true,,,,,,kakao
10250277,루트,+82 2-797-9505,서울 용산구 이태원로 55가길 26-4 2층,04348,37.53727,127.00004,카페,화 11:00~20:30 / 수 11:00~20:30 / 목 11:00~20:30 / 금 11:00~20:30 / 토 11:00~20:30 / 일 11:00~20:30,,https://dynamic-media-cdn.tripadvisor.com/media/photo-o/32/e0/0f/4e/caption.jpg?w=200&h=200&s=1,https://www.tripadvisor.co.kr/Restaurant_Review-g294197-d10250277-Reviews-Root-Seoul.html,23,4.4,양식,속 편한 건강한 브런치 공간,,82608069,https://place.map.kakao.com/82608069,8000,15000,23,false,true,,,,,,kakao
5979688,북스쿡스,+82 2-743-4003,서울 종로구 북촌로8길 5,03056,37.581,126.98545,"카페, 쿠바, 조지안",일 11:00~17:00 / 월 11:00~19:00 / 수 11:00~19:00 / 목 11:00~19:00 / 금 11:00~19:00 / 토 11:00~19:00,"식문화공간 북스쿡스

북스쿡스는 북촌한옥마을에 위치하고 있는 전통 한옥카페입니다.

한식을 기본으로 한 세계여행지에서 만난 인연이 있는 음식들을 메뉴개발하여 제공합니다.

한식 : 한우불고기비빔밥 & 약선연잎밥
영국 : 홍차 & 정통 애프터눈티 
미얀마 : 밀크티
조지아 : 카차푸리(하짜뿌리), 사페라비 와인, 치난달리 와인 & 호두소스 샐러드
쿠바 : 샌드위치 쿠바노, 모히토, 쿠바리브레 & 쿠바 크리스탈마운틴 커피
음료 & 티푸드

여행과 음식을 좋아하며 이를 통한 소통을 즐겨합니다.
여행을 통해 만난 음식과 사람, 순간들을 사진으로 소개하며 
직접 재현한 음식들을 통해 많은 사람들과 함께 나눕니다.

2012 열정과 인연 : 음식전시회
2012 미얀마 스페셜 위크 : 미얀마 사진전 & 음식, 기부달력(고근영, 서혜란, 이옥윤)
2013 북스쿡스장터(매월 네째주 일요일)
2013 조지아 스페셜 이벤트 : 조지아 사진전 & 음식, 기부달력(고근영, 서혜란)
2014 빵순이장터(매월 네째주 일요일)
2014 쿠바 스페셜 이벤트 : 쿠바 사진전 & 음식, 기부달력(고근영, 서혜란, 이난우)
2015 빵순이장터(매월 마지막주 일요일)",https://dynamic-media-cdn.tripadvisor.com/media/photo-o/32/e0/0d/6d/caption.jpg?w=200&h=200&s=1,https://www.tripadvisor.co.kr/Restaurant_Review-g294197-d5979688-Reviews-BooksCooks-Seoul.html,32,4.6,,,,,,,,,,,,,,,,tripadvisor
21019725,오크레스토랑,+82 2-3466-7277,서울 서울시 강남구 테헤란로 87길 46 오크우드호텔 5층 오크레스토랑,06164,37.510807,127.05804,"스테이크하우스, 바, 피자, 카페, 펍, 와인 바",일 07:00~22:00 / 월 07:00~22:00 / 화 07:00~22:00 / 수 07:00~22:00 / 목 07:00~22:00 / 금 07:00~22:00 / 토 07:00~22:00,"오크우드 프리미어 코엑스 센터 5층 레스토랑에서는 특급호텔 20년 경력의 주방장이 엄선한 샐러드, 파스타, 스테이크 등 다채로운 음식을 제공하고 있습니다. 특히 엄선된 재료와 전통방식으로 조리된 한식은 고객 여러분의 건강에 좋은 메뉴로 구성되어 제공하고 있습니다.",https://dynamic-media-cdn.tripadvisor.com/media/photo-o/1b/72/22/d8/caption.jpg?w=700&h=-1&s=1,https://www.tripadvisor.co.kr/Restaurant_Review-g294197-d21019725-Reviews-Oak_Restaurant-Seoul.html,2,5.0,,,,2088549551,https://place.map.kakao.com/2088549551,,,,,,,,,,,tripadvisor
4083862,본죽 동대문밀리오레점,+82 2-2267-6288,서울 중구 을지로6가 18-187,,37.567993,127.00684,"아시아 요리, 한국",월 09:00~21:00 / 화 09:00~21:00 / 수 09:00~21:00 / 목 09:00~21:00 / 금 09:00~21:00 / 토 09:00~21:00 / 일 09:00~21:00,,https://dynamic-media-cdn.tripadvisor.com/media/photo-o/32/e0/0f/4e/caption.jpg?w=200&h=200&s=1,https://www.tripadvisor.co.kr/Restaurant_Review-g294197-d4083862-Reviews-BonJuk_Dongdaemun_Migliore-Seoul.html,22,3.9,죽,,,22014657,https://place.map.kakao.com/22014657,11500,15000,30,,,,,,,,kakao
10312616,쏭타이 - 이태원,+82 2-798-2495,서울 용산구 보광로 111 A동 1층 102호,04391,37.53372,126.99268,타이 요리,월 11:15~23:30 / 화 11:15~23:30 / 수 11:15~23:30 / 목 11:15~23:30 / 금 11:15~23:30 / 토 11:15~23:30 / 일 11:15~23:30,"한국에서 방콕의 분위기를 느낄 수 있는 곳 !! 쏭타이로 휴가를 떠나보세요 ~

쏭타이는 오랫동안 타이레스토랑을 운영한 경험을 바탕으로 시작한 매장입니다.
장점을 극대화 하고 단점을 보완한 결정체라고 할 수 있습니다.

음식의 맛과 청결, 서비스 마인드는 레스토랑의 기본으로 생각합니다.

쏭타이는 생각하는 매장으로 기억되고 싶습니다.

지구와 환경에 대한 고민들로 플라스틱을 쓰지 않기 위해 노력하고, 비건분들의 선택지를 넓힐 수 있도록 비건 메뉴에 대한 고민도 하였습니다.

쏭타이가 추구하는 것들을 많은 분들과 함께 나누며 기분좋은 시간과 공간이 되길를 바랍니다.

'진심은 전달의 속도가 더딜지 몰라도 통한다' 라는 생각으로 과장된 거짓이 아닌 진심으로 운영을 하고 있습니다.

많은 관심을 주셔서 정말 감사드립니다.

항상 겸손하고 고객님들과 소통할 수 있는 쏭타이가 되도록노력하겠습니다.

감사합니다.",https://dynamic-media-cdn.tripadvisor.com/media/photo-o/32/e0/0d/6d/caption.jpg?w=200&h=200&s=1,https://www.tripadvisor.co.kr/Restaurant_Review-g294197-d10312616-Reviews-Ssong_Thai_Itaewon-Seoul.html,8,4.5,태국음식,몽환적 무드 속 태국 정통 맛의 향연,,26988317,https://place.map.kakao.com/26988317,15000,17000,5,true,,,,,true,,kakao
17783404,Moyeon Mapo Restaurant Hanwoo Dining,+82 2-704-0770,"서울 318 Tojeong-ro 1F, Yeongwoo Building",04165,37.539444,126.943886,"스테이크하우스, 바베큐, 아시아 요리, 한국, 그릴, 건강식",화 11:30~21:50 / 수 11:30~21:50 / 목 11:30~21:50 / 금 11:30~21:50 / 토 11:30~21:50,"'한우가 맛있게 구워지는 연기' 한우다이닝 '모연' 입니다. 좋은 한우를 고르는 눈, 서로 다른 식자재와의 어울림, 품격 있는 플레이팅, 그리고 남다른 풍미를 위해 많은 시간 고민하며 담아냅니다. - 마포는 지리학 상 포구 문화가 일찍부터 번성하였으며, 강변 풍경이 아름다워 전국의 시인묵객들이 즐겨찾는 정감 넘치는 고장이었습니다. 마포의 절경을 마포 8경이라 일컫습니다. 마포 8경 중 하나인 '농암모연 (농바위 부근의 많은 인가에서 저녁 짓는 연기 오르는 경관)'에서 영감을 얻었습니다. - 한우다이닝 (모연)은 '한우가 맛있게 구워지는 연기' 라는 의미를 담았습니다 -격조있는 음식 문화의 경험을 전달하는 'KOREAN BEEF DINING' 이 되고자 합니다. - 한국인이 가장 사랑하는 '육, 면, 반'의 조화를 통해 최상의 맛을 실현하는데 집중하였습니다. - 마포를 대표하는 육,면,반이 어우러진 최고의 한우 다이닝을 지향합니다. '모연'은 [Live]한 음식을 제공합니다. 주문즉시 지어지는 골든퀸3호 가마솥밥 주문즉시 내려지는 100% 순메밀면의 평양냉면 주문즉시 숯불에 구워지는 한우 [밥도 Live 냉면도Live 한우도Live]  1.육: 엄선한 28개월 미만 거세우만 골라 500시간 숙성(웻 에이징)으로 최상의 풍미와 부드러움을 이끌어냅니다. (마블링 스코어 8,9등급 이상) 2.면: 최고급 메밀을 맷돌로 저온 제분하여 메일향이 풍부한 100% 순메밀을 직접뽑아 제공하고, 육수는 (도축3일) 이내 초신선 한우만을 사용하여 진한 육향을 이끌어 냅니다. (매장에서 매일 직접 육수를 끓입니다) 3.반: 반상의 기본, 남다른 밥 맛.향, 국내 최상급 쌀 품종인 (골든퀸3)호 쌀을 사용하여 주문 즉시 무쇠솥에 밥을 지어 냅니다.",https://dynamic-media-cdn.tripadvisor.com/media/photo-o/18/7d/f8/ff/caption.jpg?w=900&h=500&s=1,https://www.tripadvisor.co.kr/Restaurant_Review-g294197-d17783404-Reviews-Moyeon_Mapo_Restaurant_Hanwoo_Dining-Seoul.html,3,5.0,"육류,고기",품격있는 마포 원탑 한우다이닝 모연,화 14:00 / 화 20:50 / 수 14:00 / 수 20:50 / 목 14:00 / 목 20:50 / 금 14:00 / 금 20:50 / 토 14:00 / 토 20:50,162078159,https://place.map.kakao.com/162078159,12000,43500,12,true,,,,,,,kakao
4071061,세븐스프링스 타임스퀘어점,+82 2-2638-2638,"서울 영등포구 영중로 15 타임스퀘어몰 지하 1층 B110호 B #110, B1F, Time Square Mall",,37.517593,126.90378,퓨전,,,https://dynamic-media-cdn.tripadvisor.com/media/photo-o/32/e0/0e/ff/caption.jpg?w=200&h=200&s=1,https://www.tripadvisor.co.kr/Restaurant_Review-g294197-d4071061-Reviews-Seven_Springs_Times_Square-Seoul.html,16,4.3,,,,,,,,,,,,,,,,
10202624,동원집,+82 2-2265-1339,"서울 96-2 Euljiro 3-ga, Jung-gu",04543,37.567284,126.990944,"아시아 요리, 한국",월 10:00~22:00 / 화 10:00~22:00 / 수 10:00~22:00 / 목 10:00~22:00 / 금 10:00~22:00 / 토 10:00~22:00,,https://dynamic-media-cdn.tripadvisor.com/media/photo-o/29/b6/98/46/caption.jpg?w=200&h=200&s=1&cx=1000&cy=664&chk=v1_f6e890fe40e6ec6ed122,https://www.tripadvisor.co.kr/Restaurant_Review-g294197-d10202624-Reviews-Dongwon_Jip-Seoul.html,8,4.4,감자탕,진한 국물과 푸짐한 고기의 노포 감자국,,1659599546,https://place.map.kakao.com/1659599546,12000,25000,12,true,,,,,,,kakao
34086350,솔트랑 스테이크 삼성,+82 2-6012-7429,"서울 테헤란로 610 호텔 글래드 강남 코엑스 센터, 지하 1층",,37.508865,127.06454,스테이크하우스,월 11:30~22:00 / 화 11:30~22:00 / 수 11:30~22:00 / 목 11:30~22:00 / 금 11:30~22:00 / 토 11:30~22:00 / 일 11:30~22:00,,https://dynamic-media-cdn.tripadvisor.com/media/photo-o/32/e0/0f/4e/caption.jpg?w=200&h=200&s=1,https://www.tripadvisor.co.kr/Restaurant_Review-g294197-d34086350-Reviews-Saltrang_Steak_Samsung-Seoul.html,5,5.0,양식,모로코 휴양지 감성의 여유로운 양식 공간,일 19:45 / 월 14:00 / 월 19:45 / 화 14:00 / 화 19:45 / 수 14:00 / 수 19:45 / 목 14:00 / 목 19:45 / 금 14:00 / 금 19:45 / 토 19:45,212398871,https://place.map.kakao.com/212398871,4900,79000,27,,,,,,,,kakao
10253328,순남시래기 압구정점,+82 2-542-8833,서울 강남구 압구정로28길 22,06030,37.525227,127.02736,"아시아 요리, 한국",,,https://dynamic-media-cdn.tripadvisor.com/media/photo-o/28/d2/01/95/caption.jpg?w=200&h=200&s=1&cx=960&cy=540&chk=v1_0e94023d58cd4e54819d,https://www.tripadvisor.co.kr/Restaurant_Review-g294197-d10253328-Reviews-Soonnam_Siraegi_Apgujeong-Seoul.html,13,4.5,,,,,,,,,,,,,,,,
14138957,석신한우,+82 10-9321-1188,"서울 마장동 761-11 1F, Seokshinhanu",04752,37.570248,127.041725,"스테이크하우스, 아시아 요리, 한국, 다이너",일 09:00~21:00 / 월 09:00~21:00 / 화 09:00~21:00 / 수 09:00~21:00 / 목 09:00~21:00 / 금 09:00~21:00 / 토 09:00~21:00,"마장동 축산시장 40년 전통 석신한우는 '숙성'에 진심인 프리미엄 한우 전문점입니다. 최상위 1++ 등급 한우만을 선별하여, 가장 맛있는 상태가 될 때까지 정성껏 숙성합니다. 30일 워터에이징: 저온 수저에서 30일간 숙성합니다. 압도적으로 진하고 부드러운 식감을 완성합니다. 50일 웻에이징: 50일 동안 저온 숙성고에서 진공 상태로 숙성하여, 고기 깊숙한 곳의 고소한 육즙과 풍미를 극대화했습니다. [상품안내] * 대표 부위: 50일 웻에이징 등심, 채끝, 살치, 30일 워터에이징 안심 등 최상급 1++ 한우. * 전문 손질: 불필요한 지방을 정밀하게 제거하여 가장 맛있는 알짜배기만 드립니다. * 포장 서비스: 장거리 이동에도 신선함이 유지되는 완벽한 포장을 제공합니다",https://dynamic-media-cdn.tripadvisor.com/media/photo-o/32/b6/c7/1c/40-1-40-years-of-tradition.jpg?w=900&h=500&s=1,https://www.tripadvisor.co.kr/Restaurant_Review-g294197-d14138957-Reviews-Seokshinhanu-Seoul.html,3,5.0,,,,26459313,https://place.map.kakao.com/26459313,,,,,,,,,,,tripadvisor
6960479,재동순두부,+82 2-747-0011,서울 종로구 북촌로2길 6,03059,37.57781,126.98584,"아시아 요리, 한국",월 11:00~21:00 / 화 11:00~21:00 / 수 11:00~21:00 / 목 11:00~21:00 / 금 11:00~21:00 / 토 11:00~21:00,,https://dynamic-media-cdn.tripadvisor.com/media/photo-o/11/1a/0c/fa/photo1jpg.jpg?w=900&h=500&s=1,https://www.tripadvisor.co.kr/Restaurant_Review-g294197-d6960479-Reviews-Jaedong_Sundubu-Seoul.html,18,4.3,두부전문점,한옥 골목 속 깊은 순두부의 맛,,8064601,https://place.map.kakao.com/8064601,11000,18000,15,,,true,,,,,kakao
32813815,Lucyd,,서울 Samil-daero 32-gil 45,03131,37.5756,126.989624,다이너,일 09:00~17:00 / 월 09:30~17:00 / 수 09:30~17:00 / 목 09:30~17:00 / 금 09:30~17:00 / 토 09:00~17:00,,https://dynamic-media-cdn.tripadvisor.com/media/photo-o/2e/80/33/cb/caption.jpg?w=900&h=500&s=1,https://www.tripadvisor.co.kr/Restaurant_Review-g294197-d32813815-Reviews-Lucyd-Seoul.html,6,4.0,,,,,,,,,,,,,,,,tripadvisor
8896425,채빛퀴진,+82 2-3477-3100,서울 서초구 올림픽대로 683 세빛섬 2층,06500,37.51246,126.99609,"이탈리아 요리, 중국 요리, 일본 요리",월 11:30~21:30 / 화 11:30~21:30 / 수 11:30~21:30 / 목 11:30~21:30 / 금 11:30~21:30 / 토 11:30~21:30 / 일 11:00~21:30,chavit cuisine is Korea’s one and only buffet restaurant to sit on water. It offers over 160 types of high-class special dishes that deliver the authentic taste of food served at a reasonable price as you enjoy the magnificent views of the Han River in an open space.,https://dynamic-media-cdn.tripadvisor.com/media/photo-o/2e/af/54/a3/caption.jpg?w=200&h=200&s=1&cx=1920&cy=1080&chk=v1_9eb295b36de3afdf42c8,https://www.tripadvisor.co.kr/Restaurant_Review-g294197-d8896425-Reviews-Chavit_cuisine-Seoul.html,14,3.9,뷔페,한강뷰와 함께하는 고품격 뷔페 경험,일 21:00 / 월 21:00 / 화 21:00 / 수 21:00 / 목 21:00 / 금 21:00 / 토 21:00,25741769,https://place.map.kakao.com/25741769,22000,32500,9,true,true,true,true,,,,kakao
25451232,Seoul Brewery,+82 2-3409-7910,"서울 28-12, Yeonmujang-gil, Seongdong-gu",04781,37.54279,127.05267,"이탈리아 요리, 펍, 개스트로펍, 맥주 음식점",월 12:00~24:00 / 화 12:00~24:00 / 수 12:00~24:00 / 목 12:00~24:00 / 금 12:00~24:00 / 토 12:00~24:00 / 일 12:00~24:00,"서울 브루어리는 과거의 맥주 스타일에 얽매이지 않고, 늘 새로운 맥주 스타일을 탐구합니다. 맥주의 전통적인 원재료인 몰트, 홉, 효모를 다양하게 사용할 뿐만 아니라 시즌에 어울리는 다양한 부재료를 통해 풍부한 맛을 구현해 나가는 우리나라 최고의 크래프트 맥주 양조장입니다.",https://dynamic-media-cdn.tripadvisor.com/media/photo-o/2a/e7/cb/38/caption.jpg?w=200&h=200&s=1&cx=1920&cy=1080&chk=v1_1f207b82e6d8d71c5884,https://www.tripadvisor.co.kr/Restaurant_Review-g294197-d25451232-Reviews-Seoul_Brewery-Seoul.html,5,4.8,"호프,요리주점",크래프트 맥주를 즐거운 경험과 문화로 만들어갑니다. 지금 여기 서울에서.,,565712525,https://place.map.kakao.com/565712525,8000,9250,8,,,,,,true,true,kakao
14934454,서울리즘,+82 2-412-0812,서울 송파구 백제고분로 435 예스빌딩 6층,05620,37.509975,127.11156,"바, 카페",일 13:00~23:00 / 월 13:00~23:00 / 화 13:00~23:00 / 수 13:00~23:00 / 목 13:00~23:00 / 금 13:00~23:00 / 토 13:00~23:00,"""Seoulism"" is Seoul's hottest cafe and bar, and one of the most famous Instagram locations in the city. The best place for enjoying the SEOUL!",https://dynamic-media-cdn.tripadvisor.com/media/photo-o/1a/b3/96/97/best-place-for-enjoing.jpg?w=900&h=500&s=1,https://www.tripadvisor.co.kr/Restaurant_Review-g294197-d14934454-Reviews-Seoulism-Seoul.html,6,4.3,,도심 속 빈티지 감성 루프탑 바,,288452481,https://place.map.kakao.com/288452481,,,,true,,,,,,,tripadvisor
14928529,피프티 피프티,+82 2-3144-6684,"서울 마포구 양화로 141 3F, Lotte Hotel L7 HongDae",03995,37.555553,126.92162,"미국 요리, 카페, 영국 요리",,"팝 아트 작품을 전시하고 있는 동시에 오리지널 아트 상품을 개발 및 판매하는 갤러리 `피프티피프티`를 신사동 가로수길에 이어 홍대 L7에서도 만날수 있습니다. 신진 작가 발굴은 물론, 작품을 통해 새로운 가치를 발견하고 상품화하는 `피프티피프티`의 큐레이션은 `작가와 함께 전시 공간 및 아이템을 만들어 가는 것`을 모토로 하고 있습니다. 피프티피프티(FIFTY FIFTY)에서는 세계 각국의 한정판 아트 토이 및 국내 아티스트의 아트토이, 아트워크 등을 판매, 제작까지하며, 온라인 스토어도 활발하게 운영하고 있습니다. `피프티피프티`는 카페를 찾는 소비자분들에게 정성스런 음료를 서비스 하고자 홍대를 대표하는 로컬브랜드 `더 페이머스 램`과 콜라보레이션을 하였습니다. 이제 피프티피프티 홍대에서도 `더 페이머스램`의 다양한 음료와 디저트를 만날 수 있습니다. 커피 한잔이 진정성있는 작품이 될 수 있도록 많은 시간의 정성과 노력을 아끼지 않겠습니다.",https://dynamic-media-cdn.tripadvisor.com/media/photo-o/13/dd/2c/9d/caption.jpg?w=900&h=500&s=1,https://www.tripadvisor.co.kr/Restaurant_Review-g294197-d14928529-Reviews-FIFTY_FIFTY-Seoul.html,4,4.0,,,,,,,,,,,,,,,,
34350076,우대포 블랙 명동점,+82 507-1408-5566,서울 Myeongdong7gil 12,04534,37.56429,126.984474,"바베큐, 한국, 건강식, 다이닝 바, 아시아 요리",월 11:00~02:00 / 화 11:00~02:00 / 수 11:00~02:00 / 목 11:00~02:00 / 금 11:00~02:00 / 토 11:00~02:00 / 일 11:00~02:00,,https://dynamic-media-cdn.tripadvisor.com/media/photo-o/33/4c/16/ad/caption.jpg?w=900&h=-1&s=1,https://www.tripadvisor.co.kr/Restaurant_Review-g294197-d34350076-Reviews-Udaepo_beullaeg_myeongdongjeom-Seoul.html,4,5.0,"육류,고기",숯불 향 가득한 프리미엄 한우의 품격,일 01:00 / 월 01:00 / 화 01:00 / 수 01:00 / 목 01:00 / 금 01:00 / 토 01:00,1810700918,https://place.map.kakao.com/1810700918,19000,33000,25,false,true,true,,,true,,kakao
13216684,타파스바,+82 10-3468-0799,서울 용산구 이태원로27가길 49 1층,04350,37.550262,126.997086,"유럽 요리, 스페인 요리, 아시아 요리, 다이너, 맥주 음식점",월 16:00~01:00 / 화 16:00~01:00 / 수 16:00~01:00 / 목 16:00~01:00 / 금 15:00~02:00 / 토 12:00~03:00 / 일 12:00~01:00,,https://dynamic-media-cdn.tripadvisor.com/media/photo-o/2a/de/ea/91/caption.jpg?w=200&h=200&s=1&cx=1102&cy=838&chk=v1_230a0b72c0ec71397d4f,https://www.tripadvisor.co.kr/Restaurant_Review-g294197-d13216684-Reviews-Tapas_Bar-Seoul.html,11,4.0,양식,이태원 메인 뒷골목에서 10년 넘게 운영 중인 스페인 타파스 바,,27494932,https://place.map.kakao.com/27494932,5900,12400,40,,,,,,,,kakao
28020777,Wangbijib,,서울 Jung-gu Myeongdong 6-gil 15,,37.566,126.9784,,,아직 Wangbijib에 대한 콘텐츠가 없습니다.,https://dynamic-media-cdn.tripadvisor.com/media/photo-o/2c/d8/35/89/caption.jpg?w=900&h=500&s=1,https://www.tripadvisor.co.kr/Restaurant_Review-g294197-d28020777-Reviews-Wangbijib-Seoul.html,4,5.0,,,,,,,,,,,,,,,,
4819371,함초 간장게장,+82 2-318-1624,서울 중구 충무로2가 11-1,,37.56171,126.98651,"해산물, 아시아 요리, 한국",월 11:30~22:00 / 화 11:30~22:00 / 수 11:30~22:00 / 목 11:30~22:00 / 금 11:30~22:00 / 토 11:30~22:00 / 일 11:30~22:00,,https://dynamic-media-cdn.tripadvisor.com/media/photo-o/32/e0/0f/4e/caption.jpg?w=200&h=200&s=1,https://www.tripadvisor.co.kr/Restaurant_Review-g294197-d4819371-Reviews-Hamcho_Ganjang_Gejang-Seoul.html,72,3.9,"게,대게",함초 숙성으로 깊어진 간장게장 맛,일 21:00 / 월 21:00 / 화 21:00 / 수 21:00 / 목 21:00 / 금 21:00 / 토 21:00,14750361,https://place.map.kakao.com/14750361,,,,true,true,,,,,,kakao
8780545,베라 한남점,+82 2-796-7223,서울 용산구 이태원로 272 패션5 3층,04399,37.53877,127.00193,"이탈리아 요리, 피자, 해산물",월 11:00~21:00 / 화 11:00~21:00 / 수 11:00~21:00 / 목 11:00~21:00 / 금 11:00~21:00 / 토 11:00~21:00 / 일 11:00~21:00,,https://dynamic-media-cdn.tripadvisor.com/media/photo-o/32/b9/1a/b6/37fa8f9d-5dbb-42bb.jpg?w=200&h=200&s=1,https://www.tripadvisor.co.kr/Restaurant_Review-g294197-d8780545-Reviews-Vera_Hannam-Seoul.html,16,4.5,피자,화덕피자와 깊은 풍미의 이탈리안 공간,일 20:00 / 월 20:00 / 화 20:00 / 수 20:00 / 목 20:00 / 금 20:00 / 토 20:00,19410093,https://place.map.kakao.com/19410093,25000,32000,19,true,true,true,true,,,,kakao
34000502,충무로한양집,+82 2-2272-5677,서울 충무로 3가 51-8,,37.561825,126.99239,"아시아 요리, 한국, 맥주 음식점",월 06:00~22:00 / 화 06:00~22:00 / 수 06:00~22:00 / 목 06:00~22:00 / 금 06:00~22:00 / 토 06:00~22:00,,https://dynamic-media-cdn.tripadvisor.com/media/photo-o/31/c4/48/45/caption.jpg?w=900&h=500&s=1,https://www.tripadvisor.co.kr/Restaurant_Review-g294197-d34000502-Reviews-Chungmuro_Hanyang_House-Seoul.html,4,5.0,"육류,고기",정성 가득한 병어조림과 수제 모둠순대,,1834219520,https://place.map.kakao.com/1834219520,9000,31000,11,true,true,,,,,,kakao
14794813,소애담,+82 2-6489-8286,서울 용산구 소월로2길 11 1층,04326,37.554462,126.97672,"아시아 요리, 한국",월 10:00~22:00 / 화 10:00~22:00 / 수 10:00~22:00 / 목 10:00~22:00 / 금 10:00~22:00 / 토 10:00~22:00 / 일 10:00~22:00,"Korea Traditional Restaurant, 'Soaedam' With 20 years of tradition, Yedambapsang offer you to experience Korean traditional cuisine. Yedambapsang enables you to savour the rich taste and variety side, as it was in the Seoul fare of the ancient Chosun Dynasty. We serve you with special consideration to delight all your senses. Come and experience Soaedam's fine fare when you visit Korea. Feel the",https://dynamic-media-cdn.tripadvisor.com/media/photo-o/32/b9/1a/b6/37fa8f9d-5dbb-42bb.jpg?w=200&h=200&s=1,https://www.tripadvisor.co.kr/Restaurant_Review-g294197-d14794813-Reviews-Soaedam-Seoul.html,18,4.4,한식,전통 한옥 감성의 정갈한 한정식,일 20:30 / 월 20:30 / 화 20:30 / 수 20:30 / 목 20:30 / 금 20:30 / 토 20:30,1053608780,https://place.map.kakao.com/1053608780,13000,20000,10,true,,,,,,,kakao
4820068,마포 갈매기,+82 2-712-0655,서울 마포구 도화동 194-8,,37.542057,126.95108,"아시아 요리, 한국",월 11:30~22:00 / 화 11:30~22:00 / 수 11:30~22:00 / 목 11:30~22:00 / 금 11:30~22:00 / 토 11:30~22:00 / 일 11:30~22:00,,https://dynamic-media-cdn.tripadvisor.com/media/photo-o/32/e0/0e/ff/caption.jpg?w=200&h=200&s=1,https://www.tripadvisor.co.kr/Restaurant_Review-g294197-d4820068-Reviews-Mapo_Galmegi-Seoul.html,42,4.0,"육류,고기",계란찜과 어우러진 갈매기살의 진수,,25849722,https://place.map.kakao.com/25849722,4000,10000,7,true,true,true,,,,,kakao
6996926,티 테라피,+82 2-730-7507,서울 종로구 윤보선길 74,,37.579193,126.983475,카페,월 10:00~21:00 / 화 10:00~21:00 / 수 10:00~21:00 / 목 10:00~21:00 / 금 10:00~21:00 / 토 10:00~21:00 / 일 10:00~20:00,,https://dynamic-media-cdn.tripadvisor.com/media/photo-o/32/e0/0f/4e/caption.jpg?w=200&h=200&s=1,https://www.tripadvisor.co.kr/Restaurant_Review-g294197-d6996926-Reviews-Tea_Therapy-Seoul.html,29,4.5,카페,한옥 담장 아래 정성 가득한 차와 식사,,12611094,https://place.map.kakao.com/12611094,7000,8000,18,false,true,,,,,,kakao
33991623,제이크 이태원,+82 10-2012-4156,서울 이태원로 164-1,,37.53404,126.99232,"프랑스 요리, 미국 요리, 바, 카페, 펍, 와인 바, 다이닝 바",월 17:00~23:00 / 목 17:00~23:00 / 금 17:00~01:00 / 토 14:00~01:00 / 일 14:00~23:00,* Brunch Cafe & Dining Wine Bar * We serve brunch during the day and offer dishes that pair well with wine in the evening.,https://dynamic-media-cdn.tripadvisor.com/media/photo-o/31/d1/3b/0e/cut.jpg?w=900&h=500&s=1,https://www.tripadvisor.co.kr/Restaurant_Review-g294197-d33991623-Reviews-Jake_Itaewon-Seoul.html,12,5.0,양식,와인&칵테일바,,130077434,https://place.map.kakao.com/130077434,,,,true,,,,,true,true,kakao
25559059,Elder Burger,+82 2-462-5612,서울 성동구 서울숲2길 40-7,,37.531555,127.025955,미국 요리,월 11:30~20:30 / 화 11:30~20:30 / 수 11:30~20:30 / 목 11:30~20:30 / 금 11:30~20:30 / 토 11:30~20:30 / 일 11:30~20:30,,https://dynamic-media-cdn.tripadvisor.com/media/photo-o/28/fd/6e/df/caption.jpg?w=900&h=500&s=1,https://www.tripadvisor.co.kr/Restaurant_Review-g294197-d25559059-Reviews-Elder_Burger-Seoul.html,4,5.0,햄버거,서울숲 감성 담은 두툼한 수제버거,,2100429143,https://place.map.kakao.com/2100429143,3500,14000,30,true,true,,true,,true,,kakao
28099495,명륜진사갈비 서울장안점,+82 2-2212-1204,서울 답십리로 1층,,37.572567,127.06695,"스테이크하우스, 바베큐, 아시아 요리, 한국, 그릴, 퓨전",월 11:00~23:00 / 화 11:00~23:00 / 수 11:00~23:00 / 목 11:00~23:00 / 금 11:00~23:00 / 토 11:00~23:00 / 일 11:00~23:00,,https://dynamic-media-cdn.tripadvisor.com/media/photo-o/2d/13/4a/6d/bbq.jpg?w=900&h=-1&s=1,https://www.tripadvisor.co.kr/Restaurant_Review-g294197-d28099495-Reviews-Myeongnyun_Jinsa_Galbi_Jang_an_Branch-Seoul.html,1,5.0,갈비,숯불향 가득한 무한리필 바비큐 파티,,904880490,https://place.map.kakao.com/904880490,3000,7900,6,true,,,,,,,kakao
9043022,마루가메제면 명동점,+82 2-318-3210,서울 중구 명동2길 8 1층,04535,37.563004,126.98241,"일본 요리, 카페, 아시아 요리",월 08:00~21:30 / 화 08:00~21:30 / 수 08:00~21:30 / 목 08:00~21:30 / 금 08:00~21:30 / 토 08:00~21:30 / 일 08:00~21:30,,https://dynamic-media-cdn.tripadvisor.com/media/photo-o/2d/f4/3a/4a/caption.jpg?w=200&h=200&s=1&cx=1920&cy=1080&chk=v1_f7fa2311d2cbbbf1e6c5,https://www.tripadvisor.co.kr/Restaurant_Review-g294197-d9043022-Reviews-Marukame_Jemyeon_Myeongdong-Seoul.html,14,4.1,"돈까스,우동",일본 사누끼우동 전문점 '아키나이 제면' 입니다.,일 21:00 / 월 21:00 / 화 21:00 / 수 21:00 / 목 21:00 / 금 21:00 / 토 21:00,302836751,https://place.map.kakao.com/302836751,6000,9000,22,,,,,,,true,kakao
16667426,"Poolside Barbecue, Grand Hyatt Seoul",+82 2-799-8495,"서울 322 Sowol-ro, Yongsan-gu Gl, Grand Hyatt Seoul",04347,37.53881,126.99733,바베큐,,"Open during the summer season, the seasonal outdoor restaurant presents one of the most romantic, poolside dining experiences in the city, with a selection of beef, pork, lamb and seafood barbeques and a buffet of fresh salads, appetizers, condiments and desserts.",https://dynamic-media-cdn.tripadvisor.com/media/photo-o/32/e0/0e/ff/caption.jpg?w=200&h=200&s=1,https://www.tripadvisor.co.kr/Restaurant_Review-g294197-d16667426-Reviews-Poolside_Barbecue_Grand_Hyatt_Seoul-Seoul.html,8,4.8,,도심 속 야외 수영장 바비큐 파티,,11251806,https://place.map.kakao.com/11251806,69000,103500,2,true,true,,true,,,,
6732742,신촌 황소곱창,+82 2-337-2640,서울 서대문구 연세로9길 31,03788,37.558437,126.93504,"아시아 요리, 한국",월 14:00~02:00 / 화 14:00~02:00 / 수 14:00~02:00 / 목 14:00~02:00 / 금 14:00~02:00 / 토 14:00~02:00 / 일 14:00~01:00,,https://dynamic-media-cdn.tripadvisor.com/media/photo-o/2f/7e/2a/c4/caption.jpg?w=200&h=200&s=1&cx=1060&cy=707&chk=v1_3ec9795a9eadda2fe443,https://www.tripadvisor.co.kr/Restaurant_Review-g294197-d6732742-Reviews-Sinchon_Hwangso_Gopchang-Seoul.html,59,4.4,"곱창,막창",60년 전통의 깊은 곱창 풍미,,15847929,https://place.map.kakao.com/15847929,21000,22000,5,,,,,,,true,kakao
33594062,Izakaya Sooda Samseong Branch 2,+82 2-595-3584,서울 23-15 Samseong-ro 100-gil,06166,37.49729,126.81455,"일본 요리, 해산물, 스시, 아시아 요리, 한국, 퓨전, 일본식 퓨전",일 16:00~02:00 / 월 16:00~02:00 / 화 16:00~02:00 / 수 16:00~02:00 / 목 16:00~02:00 / 금 16:00~03:00 / 토 16:00~03:00,"코엑스 인근에 있는 룸 차지 없이 맛과 분위기를 담은 이자카야, 데이트도 회식도 품격 있게 즐기는 이자카야 단체 자리도 있고 개별 에어컨이 있어 쾌적한 룸에서 좋은 음식과 좋은 분위기를 제공하는 대형 이자카야",https://dynamic-media-cdn.tripadvisor.com/media/photo-o/2e/3a/bc/75/caption.jpg?w=200&h=200&s=1&cx=748&cy=500&chk=v1_106911240885498304fc,https://www.tripadvisor.co.kr/Restaurant_Review-g294197-d33594062-Reviews-Izakaya_Sooda_Samseong_Branch_2-Seoul.html,6,5.0,,,,,,,,,,,,,,,,tripadvisor
13837790,더플레이스 여의도IFC점,+82 2-6137-5570,서울 영등포구 국제금융로 10 IFC몰 지하 1층,07326,37.52506,126.9248,이탈리아 요리,,,https://dynamic-media-cdn.tripadvisor.com/media/photo-o/15/7f/4b/64/photo0jpg.jpg?w=900&h=500&s=1,https://www.tripadvisor.co.kr/Restaurant_Review-g294197-d13837790-Reviews-The_Place_Yeouido_IFC-Seoul.html,7,4.4,,,,,,,,,,,,,,,,
15101204,엉터리 생고기 - 홍대점,+82 2-324-9588,서울 마포구 홍익로 25,04039,37.55511,126.92337,"아시아 요리, 한국",월 11:00~23:00 / 화 11:00~23:00 / 수 11:00~23:00 / 목 11:00~23:00 / 금 11:00~23:00 / 토 11:00~23:00 / 일 11:00~23:00,,https://dynamic-media-cdn.tripadvisor.com/media/photo-o/14/f8/fc/0a/ungteori-saengkogi-hongdae.jpg?w=900&h=500&s=1,https://www.tripadvisor.co.kr/Restaurant_Review-g294197-d15101204-Reviews-Ungteori_Saengkogi_Hongdae-Seoul.html,5,4.4,"육류,고기",두툼한 생고기와 된장찌개 무한리필,,223805426,https://place.map.kakao.com/223805426,4800,7500,22,true,true,,,,,,kakao
9047505,만선호프,+82 2-2274-1040,서울 을지로13길 17,,37.567234,126.99179,,,,https://dynamic-media-cdn.tripadvisor.com/media/photo-o/32/e0/0e/ff/caption.jpg?w=200&h=200&s=1,https://www.tripadvisor.co.kr/Restaurant_Review-g294197-d9047505-Reviews-Full_Load_of_Fish_Hof-Seoul.html,20,4.3,"호프,요리주점",,,1745558364,https://place.map.kakao.com/1745558364,8000,13000,5,,,,,,,,
9153478,제일제면소,+82 2-6137-5280,서울 국제금융로 10,,37.525364,126.92558,아시아 요리,월 10:30~21:30 / 화 10:30~21:30 / 수 10:30~21:30 / 목 10:30~21:30 / 금 10:30~21:30 / 토 10:30~21:30 / 일 10:30~21:30,,https://dynamic-media-cdn.tripadvisor.com/media/photo-o/2f/8e/04/9e/caption.jpg?w=200&h=200&s=1&cx=1920&cy=1080&chk=v1_e130bb8af6b814688b5f,https://www.tripadvisor.co.kr/Restaurant_Review-g294197-d9153478-Reviews-Je_Ilje_Noodle_So-Seoul.html,26,3.8,국수,회전식 샤브샤브의 신선한 즐거움,일 21:00 / 월 21:00 / 화 21:00 / 수 21:00 / 목 21:00 / 금 21:00 / 토 21:00,18369973,https://place.map.kakao.com/18369973,,,,true,true,,true,,,,kakao
14208538,압구정 미연,+82 2-515-0066,서울 강남구 압구정로54길 14 지하1층,06018,37.526962,127.03938,한국,화 11:30~14:30 / 화 18:00~23:00 / 수 11:30~14:30 / 수 18:00~23:00 / 목 11:30~14:30 / 목 18:00~23:00 / 금 11:30~14:30 / 금 18:00~23:00 / 토 11:30~14:30 / 토 18:00~23:00,Myeon in Apgujeong - Modern Korean Dining Pub. A rising star as very trendy and casual style Korean dishes & alcohol with fancy atmosphere. Don't hesitate to come & enjoy~! We will welcome you~!,https://dynamic-media-cdn.tripadvisor.com/media/photo-o/32/e0/0f/4e/caption.jpg?w=200&h=200&s=1,https://www.tripadvisor.co.kr/Restaurant_Review-g294197-d14208538-Reviews-Apgujeong_Myeon-Seoul.html,14,5.0,,,,,,,,,,,,,,,,tripadvisor
28208023,육산장,+82 70-8211-3637,서울 와우산로21길 31-11 1층,,37.551945,126.922005,"아시아 요리, 한국, 그릴",일 16:30~22:30 / 월 16:30~22:30 / 화 16:30~22:30 / 수 16:30~22:30 / 목 16:30~22:30 / 금 16:30~22:30 / 토 16:30~22:30,The meat is grilled and served for a comfortable meal. Indoor and outdoor seating is available. There are various attractions around the restaurant.,https://dynamic-media-cdn.tripadvisor.com/media/photo-o/32/b9/1a/b6/37fa8f9d-5dbb-42bb.jpg?w=200&h=200&s=1,https://www.tripadvisor.co.kr/Restaurant_Review-g294197-d28208023-Reviews-Yuksanjang-Seoul.html,13,4.9,,,,,,,,,,,,,,,,tripadvisor
6643596,창신육회,+82 2-2266-6727,서울 종로구 종로 198-2,03195,37.57045,127.00001,"아시아 요리, 한국",월 09:00~22:30 / 수 09:00~22:30 / 목 09:00~22:30 / 금 09:00~22:30 / 토 09:00~22:00 / 일 09:00~22:00,,https://dynamic-media-cdn.tripadvisor.com/media/photo-o/32/e0/0d/6d/caption.jpg?w=200&h=200&s=1,https://www.tripadvisor.co.kr/Restaurant_Review-g294197-d6643596-Reviews-Changsin_Yukheo-Seoul.html,48,4.4,"육류,고기",신선한 육회와 진한 소고기국의 만남,일 21:30 / 월 22:00 / 수 22:00 / 목 22:00 / 금 22:00 / 토 21:30,8572477,https://place.map.kakao.com/8572477,5000,17000,8,true,true,,,,,,kakao
33503859,52 마켓 플레이스,+82 2-6923-6833,"서울 퇴계로 52 2F,  Voco Seoul Myeongdong by IHG",,37.503197,126.55924,"인터내셔널, 한국",일 06:30~10:00 / 월 06:30~10:00 / 월 11:30~14:00 / 월 17:30~22:00 / 화 06:30~10:00 / 화 11:30~14:00 / 화 17:30~22:00 / 수 06:30~10:00 / 수 11:30~14:00 / 수 17:30~22:00 / 목 06:30~10:00 / 목 11:30~14:00 / 목 17:30~22:00 / 금 06:30~10:00 / 금 11:30~14:00 / 금 17:30~22:00 / 토 06:30~10:00 / 토 17:30~22:00,"52 마켓 플레이스 _ 보코 서울 명동 (2층) 서울의 중심 퇴계로 52번지에 위치한 52 마켓 플레이스는 올데이 다이닝 레스토랑으로, 현대적인 감각과 레트로 스타일이 조화를 이루는 모던 브라세리 컨셉의 세련된 공간에서 다채로운 미식을 즐길 수 있는 곳입니다. 오전 11시 30분부터 2시까지 런치 뷔페에서는 메인 디쉬를 비롯해, 남대문 시장과 명동에서 영감을 받은 다양한 메뉴에 자연에서 찾은 식재료가 더욱 특별한 미식 경험을 제공합니다. 한식부터 양식까지, 세계 각국의 다채로운 메뉴를 52 마켓 플레이스에서 마음껏 즐겨보세요! 매일 저녁 5시 30분, 52 마켓 플레이스는 한국의 로컬 스트리트 감성을 담은 소울 푸드를 마음껏 즐길 수 있는 '포차 뷔페'로 변신합니다. 먼 곳으로 떠나지 않아도, 가장 가까운 곳에서 정겨운 한국의 로컬 푸드를 무제한으로 경험해보세요. [남대문 시장 옛날 식당], [복호네 분식], [명동 순대(족발) 타운], [회현 역전 포차] 등 네 가지 테마 존에서 떡볶이, 순대, 다양한 육수의 오뎅탕 등 한국인의 소울푸드를 현대적으로 재해석한 메뉴를 무제한으로 즐기실 수 있습니다. 여기에 추억을 자극하는 옛날 시장 과자와 간식, 직접 만들어보는 달고나 체험까지 더해져 더욱 풍성한 즐거움을 선사합니다. 점심과 저녁 사이 낮 시간에는 편안하고 간단한 한식 또는 양식 단품 식사와 디저트 그리고 음료들을 즐길 수 있는 분위기 있는 라운지 공간으로 변신합니다. 52 마켓 플레이스에서 제안하는 새로운 스타일의 빙수도 만나보세요. 서울의 중심 명동의 바쁜 일상에서 벗어나 분위기 있는 만남과 모임을 제안합니다! 단체 예약 및 행사 문의도 가능합니다.",https://dynamic-media-cdn.tripadvisor.com/media/photo-o/31/d9/47/23/caption.jpg?w=900&h=500&s=1,https://www.tripadvisor.co.kr/Restaurant_Review-g294197-d33503859-Reviews-52_Market_Place-Seoul.html,1,5.0,,포장마차 감성 담은 호텔 뷔페의 새로운 경험,,2040694671,https://place.map.kakao.com/2040694671,,,,,,,,,,,tripadvisor
4074259,툇마루집 된장예술,+82 2-739-5683,서울 종로구 인사동4길 5-26 중원빌딩 2층,03148,37.573334,126.98622,"한국, 펍, 건강식",월 11:30~22:30 / 화 11:30~22:30 / 수 11:30~22:30 / 목 11:30~22:30 / 금 11:30~22:30 / 토 11:30~22:30,,https://dynamic-media-cdn.tripadvisor.com/media/photo-o/32/e0/0f/4e/caption.jpg?w=200&h=200&s=1,https://www.tripadvisor.co.kr/Restaurant_Review-g294197-d4074259-Reviews-Toenmarujib_Doenjang_Yesul-Seoul.html,18,4.3,한식,구수한 집된장과 정성 가득한 한상,,20534822,https://place.map.kakao.com/20534822,9000,12500,16,false,true,,,,,,kakao
13492177,허머스키친,+82 2-6137-5432,서울 영등포구 국제금융로 10 IFC몰 B1,,37.52472,126.92564,"그리스 요리, 중동 요리",,,https://dynamic-media-cdn.tripadvisor.com/media/photo-o/32/e0/0d/6d/caption.jpg?w=200&h=200&s=1,https://www.tripadvisor.co.kr/Restaurant_Review-g294197-d13492177-Reviews-Hummus_Kitchen-Seoul.html,8,4.1,,,,,,,,,,,,,,,,
5979659,후스 테이블,+82 2-742-5061,서울 종로구 창덕궁1가길 8,,37.579586,126.988174,"이탈리아 요리, 피자, 유럽 요리",화 11:30~21:30 / 수 11:30~21:30 / 목 11:30~21:30 / 금 11:30~21:30 / 토 11:30~21:30 / 일 11:30~21:30,,https://dynamic-media-cdn.tripadvisor.com/media/photo-o/32/e0/0d/6d/caption.jpg?w=200&h=200&s=1,https://www.tripadvisor.co.kr/Restaurant_Review-g294197-d5979659-Reviews-Hu_s_Table-Seoul.html,35,4.4,이탈리안,앤틱 감성 가득한 화덕피자와 생면파스타,일 20:30 / 화 20:30 / 수 20:30 / 목 20:30 / 금 20:30 / 토 20:30,13082808,https://place.map.kakao.com/13082808,11000,20000,23,true,true,,,,true,,kakao
15082856,1842,+82 2-792-1842,서울 용산구 이태원로 244 Twin Building L1,04400,37.536568,127.000435,"스테이크하우스, 바, 유럽 요리, 그릴, 펍, 체코",월 12:00~22:30 / 화 12:00~22:30 / 수 12:00~22:30 / 목 12:00~22:30 / 금 12:00~22:30 / 토 12:00~22:30 / 일 12:00~22:30,"1842 레스토랑 이름은 필스너 우르켈 맥주가 체코 플젠에서 1842년부터 생산됬었기 때문 입니다. 1842이에 서 체코 음식 과 스테이크를 드실수 있고 체코 맥주 과 수제 칵테일도 있 습니다. 메뉴는 체코 스테이크 타르타르 육회 부 터 1.3키로 토모호크 스테이크까지 다양한 음식들을 찾을수 있 습니다. 체코 맥주는 필스 너 우르켈, 코젤 다크 과 코젤 페일 에일을 제 공하고 있고 수제 칵테일도 찾을수 있습니다.",https://dynamic-media-cdn.tripadvisor.com/media/photo-o/15/28/b6/9a/czech-style-interior.jpg?w=900&h=500&s=1,https://www.tripadvisor.co.kr/Restaurant_Review-g294197-d15082856-Reviews-1842-Seoul.html,17,4.1,양식,체코에서 영감을 받은 레스토랑 1842가 서울 이태원에 문을 열었습니다.,,795760330,https://place.map.kakao.com/795760330,9000,25000,16,,,,,,,true,kakao
13534115,아오리의행방불명 동대문점,+82 2-2252-3767,서울 중구 을지로 281,04566,,,일본 요리,일 10:00~22:00 / 월 10:00~22:00 / 화 10:00~22:00 / 수 10:00~22:00 / 목 10:00~22:00 / 금 10:00~22:00 / 토 10:00~22:00,,https://dynamic-media-cdn.tripadvisor.com/media/photo-o/32/b9/1a/b6/37fa8f9d-5dbb-42bb.jpg?w=200&h=200&s=1,https://www.tripadvisor.co.kr/Restaurant_Review-g294197-d13534115-Reviews-Aori_Ramen_DDP-Seoul.html,14,4.3,,,,,,,,,,,,,,,,tripadvisor
4050006,홍연,+82 2-317-0494,서울 중구 소공로 106 Westin Choseon Hotel B1F,04533,37.563988,126.980385,중국 요리,월 12:00~22:00 / 화 12:00~22:00 / 수 12:00~22:00 / 목 12:00~22:00 / 금 12:00~22:00 / 토 12:00~22:00 / 일 12:00~22:00,,https://dynamic-media-cdn.tripadvisor.com/media/photo-o/32/e0/0d/6d/caption.jpg?w=200&h=200&s=1,https://www.tripadvisor.co.kr/Restaurant_Review-g294197-d4050006-Reviews-Hongyeon-Seoul.html,27,4.2,중국요리,화려한 중식 인테리어와 깊은 해산물 육수,일 21:30 / 월 21:30 / 화 21:30 / 수 21:30 / 목 21:30 / 금 21:30 / 토 21:30,21306045,https://place.map.kakao.com/21306045,29000,41500,20,true,true,true,true,,,,kakao
26242676,Modern Shabu House,+82 2-6244-6200,서울 Shinbanporo 176,,37.51502,127.01647,"일본 요리, 일본식 퓨전",,,https://dynamic-media-cdn.tripadvisor.com/media/photo-o/2c/ec/2f/af/caption.jpg?w=900&h=500&s=1,https://www.tripadvisor.co.kr/Restaurant_Review-g294197-d26242676-Reviews-Modern_Shabu_House-Seoul.html,2,5.0,,고급스러운 공간에서 즐기는 무한리필 샤브샤브,,2023191026,https://place.map.kakao.com/2023191026,58000,78000,4,true,,,,,,true,
4070646,다미,+82 2-783-5167,"서울 영등포구 여의도동 36-4 오륜빌딩 1층 1F, Oryun Bldg.",,37.52128,126.93273,일본 요리,월 11:00~23:00 / 화 11:00~23:00 / 수 11:00~23:00 / 목 11:00~23:00 / 금 11:00~23:00,,https://dynamic-media-cdn.tripadvisor.com/media/photo-o/0e/60/1a/b9/caption.jpg?w=900&h=500&s=1,https://www.tripadvisor.co.kr/Restaurant_Review-g294197-d4070646-Reviews-Dami-Seoul.html,9,4.8,"해물,생선",겹겹이 쌓인 불향 가득 생선구이,,8217961,https://place.map.kakao.com/8217961,12000,17500,20,true,true,,,,,,kakao
9139002,왕십리 조개창고,+82 10-2650-0449,서울 성동구 왕십리로 331,04715,37.562824,127.03294,해산물,월 17:00~23:00 / 화 17:00~23:00 / 수 17:00~23:00 / 목 17:00~23:00 / 금 17:00~23:00 / 토 12:00~23:00 / 일 12:00~23:00,,https://dynamic-media-cdn.tripadvisor.com/media/photo-o/2a/de/ea/91/caption.jpg?w=200&h=200&s=1&cx=1102&cy=838&chk=v1_230a0b72c0ec71397d4f,https://www.tripadvisor.co.kr/Restaurant_Review-g294197-d9139002-Reviews-Jogae_Changgo-Seoul.html,18,3.7,조개,조개와 고기 무한리필의 환상 조합,,12265333,https://place.map.kakao.com/12265333,2000,8000,11,true,true,,,true,,,kakao
8678068,치킨인더키친 홍대본점,+82 70-7526-2487,서울 마포구 와우산로29길 4-42,04052,37.55508,126.92927,"아시아 요리, 한국",월 17:00~24:00 / 화 17:00~24:00 / 수 17:00~24:00 / 목 17:00~24:00 / 금 17:00~02:00 / 토 15:00~02:00 / 일 15:00~24:00,,https://dynamic-media-cdn.tripadvisor.com/media/photo-o/32/e0/0d/6d/caption.jpg?w=200&h=200&s=1,https://www.tripadvisor.co.kr/Restaurant_Review-g294197-d8678068-Reviews-Chicken_In_The_Kitchen_Hongdae_Main-Seoul.html,16,4.4,치킨,2011년도부터 열심히 달려온 홍대 치킨집. 사랑과 평화의 맛- 치킨인더키친 입니다.,,16378493,https://place.map.kakao.com/16378493,16000,25000,6,,,,,,,,kakao
26229847,Vuur,+82 2-6953-0748,"서울 1F, Bongeunsa-ro 151 Gangnam-gu",06122,37.506805,127.03115,"아시아 요리, 한국, 컨템퍼러리",월 17:30~23:00 / 화 17:30~23:00 / 수 17:30~23:00 / 목 17:30~23:00 / 금 17:30~23:00 / 토 17:30~23:00,"VUUR reimagines fire, fermentation, and Korean ingredients with a modern sensibility. Our cuisine draws on Korea’s fermentation traditions and seasonal bounty, enriched by the bold smokiness of charcoal and wood.",https://dynamic-media-cdn.tripadvisor.com/media/photo-o/32/b9/1a/b6/37fa8f9d-5dbb-42bb.jpg?w=200&h=200&s=1,https://www.tripadvisor.co.kr/Restaurant_Review-g294197-d26229847-Reviews-Vuur-Seoul.html,6,4.8,양식,Saver The Season! 계절의 변화를 담은 요리와 술의 조화로운 페어링,,2114897373,https://place.map.kakao.com/2114897373,18000,48500,5,true,true,true,,,,,kakao
34340012,루원 by 락희안,+82 2-2158-7587,서울 hoewon 33myeong 1dong 401ho,,37.570965,126.98143,중국 요리,월 11:00~22:00 / 화 11:00~22:00 / 수 11:00~22:00 / 목 11:00~22:00 / 금 11:00~22:00 / 토 11:00~21:00 / 일 11:00~21:00,,https://dynamic-media-cdn.tripadvisor.com/media/photo-o/2a/ba/59/10/caption.jpg?w=200&h=200&s=1&cx=551&cy=419&chk=v1_e198cb8d1e97e587cdda,https://www.tripadvisor.co.kr/Restaurant_Review-g294197-d34340012-Reviews-Luwon_by_Rakheean-Seoul.html,9,5.0,중식,"80년 명문가의 품격, 프라이빗 룸에서 즐기는 광화문 최고의 하이엔드 중식 연회, 루원",,582970276,https://place.map.kakao.com/582970276,35000,57000,22,true,,,,,,,kakao
9560054,해변의꽃게 인사동점,+82 2-722-7237,서울 종로구 인사동3길 5-3,03164,37.477543,127.00857,해산물,일 11:00~22:00 / 월 11:00~22:00 / 화 11:00~22:00 / 수 11:00~22:00 / 목 11:00~22:00 / 금 11:00~22:00 / 토 11:00~22:00,,https://dynamic-media-cdn.tripadvisor.com/media/photo-o/13/83/77/64/photo1jpg.jpg?w=900&h=500&s=1,https://www.tripadvisor.co.kr/Restaurant_Review-g294197-d9560054-Reviews-Haebyeone_Kkotge_Insadong-Seoul.html,27,3.8,,,,,,,,,,,,,,,,tripadvisor
9370294,김가네곱창구이 대림역본점,+82 2-867-0445,서울 도림로 93,,,,"아시아 요리, 한국, 그릴",월 14:00~01:00 / 화 14:00~01:00 / 수 14:00~01:00 / 목 14:00~01:00 / 금 14:00~01:00 / 토 14:00~01:00 / 일 14:00~24:00,"김가네곱창구이 대림역본점은 2010년부터 서울 대림역 한자리에서 소곱창구이만 전문으로 운영해온 전통 있는 곱창 맛집입니다. 16년이 넘는 시간 동안 같은 자리에서 같은 메뉴를 지켜오며 지역 주민들과 직장인, 많은 단골 고객들에게 꾸준히 사랑받고 있습니다. 매일 우시장에서 직접 공수한 신선한 소곱창만 사용하며, 매장에서 직접 손질과 초벌 과정을 거쳐 잡내 없이 깔끔하고 고소한 맛을 제공하기 위해 노력하고 있습니다. 손질 과정에서는 좋은 원물만 사용하기 위해 아낌없이 정리하며, 정직한 재료와 기본에 충실한 조리를 가장 중요하게 생각합니다. 특히 기름기 없이 깔끔하면서도 곱이 살아있는 식감으로 많은 고객들이 찾고 있으며, 곱창과 함께 제공되는 신선한 부추, 간, 천엽 등 다양한 기본 구성 역시 김가네곱창구이만의 장점으로 꼽힙니다. 직원이 직접 구워주는 방식으로 편안하게 식사를 즐길 수 있어 처음 곱창을 접하는 분들도 부담 없이 방문하고 있습니다. 대림역 맛집, 구로 곱창, 서울 곱창 맛집으로 알려져 있으며, 직장인 회식은 물론 가족 외식, 친구 모임, 데이트 장소로도 많은 사랑을 받고 있습니다. 화려함보다는 오래도록 기억에 남는 맛집이 되기 위해 오늘도 한 자리에서 정직하게 소곱창을 굽고 있습니다. Kimgane Gopchang Daerim Main Branch is a popular Korean beef tripe BBQ restaurant near Daerim Station in Seoul, known for fresh ingredients, careful preparation, and authentic Korean gopchang grilling since 2010.",https://dynamic-media-cdn.tripadvisor.com/media/photo-o/32/e0/0f/4e/caption.jpg?w=200&h=200&s=1,https://www.tripadvisor.co.kr/Restaurant_Review-g294197-d9370294-Reviews-Gimganegobchang_gu_i_daelim_yeogbonjeom-Seoul.html,12,4.9,"곱창,막창","16년 전통의 곱창, 고소한 불향 가득",,11260612,https://place.map.kakao.com/11260612,3000,25000,9,,,,,,,,kakao
34033108,88수산,+82 10-9228-5897,서울 노들로 674 노량진수산시장 신관 2-15,,37.514496,126.93702,"해산물, 교토 요리",일 09:30~23:00 / 월 09:30~23:00 / 화 09:30~23:00 / 수 09:30~23:00 / 목 09:30~23:00 / 금 09:30~23:00 / 토 09:30~23:00,,https://dynamic-media-cdn.tripadvisor.com/media/photo-o/12/f9/08/b1/mosquee-1.jpg?w=200&h=200&s=1,https://www.tripadvisor.co.kr/Restaurant_Review-g294197-d34033108-Reviews-88_Fisheries-Seoul.html,12,5.0,,,,711277301,https://place.map.kakao.com/711277301,,,,true,,,,,true,true,tripadvisor
3957242,고려 삼계탕 세종로점,+82 2-737-1888,서울 종로구 세종로 164,,37.571182,126.97605,"아시아 요리, 한국",월 10:30~21:00 / 화 10:30~21:00 / 수 10:30~21:00 / 목 10:30~21:00 / 금 10:30~21:00 / 토 10:30~20:30 / 일 10:30~20:30,,https://dynamic-media-cdn.tripadvisor.com/media/photo-o/2a/92/75/7c/caption.jpg?w=200&h=200&s=1&cx=1059&cy=707&chk=v1_0f1c894e5ff7ff690cc4,https://www.tripadvisor.co.kr/Restaurant_Review-g294197-d3957242-Reviews-Korea_Samgyetang_Sejongno_Store-Seoul.html,20,4.5,삼계탕,광화문 사거리 고려삼계탕 광화문점 입니다. *오향족발 주문예약 개시합니다~,,25051694,https://place.map.kakao.com/25051694,20000,26000,7,,,,,,,true,kakao
15410912,제이히든하우스,+82 2-744-1915,서울 종로구 종로 269-4,03124,37.571426,127.00795,"미국 요리, 카페, 아시아 요리, 한국",일 11:00~20:00 / 화 11:00~20:00 / 수 11:00~20:00 / 목 11:00~20:00 / 금 11:00~20:00 / 토 11:00~20:00,"J.HiddenHouse is Seoul's newest destination cafe built into a grand Korean hanok courtyard house over +100 years old. A ""hidden"" oasis in the busiest district of Dongdaemun, experience an otherworldly peace in its terrace and bamboo garden. Designed and curated to showcase the ""Best of Modern Korea,"" taste the best beverage and food Korea has to offer today. Get travel tips in English & Japanese!",https://dynamic-media-cdn.tripadvisor.com/media/photo-o/15/87/11/c2/photo2jpg.jpg?w=900&h=500&s=1,https://www.tripadvisor.co.kr/Restaurant_Review-g294197-d15410912-Reviews-J_Hidden_House-Seoul.html,8,4.6,,,,,,,,,,,,,,,,tripadvisor
16712513,아키라백 서울,+82 2-6388-5500,서울 새문안로 97 종로구,03183,37.570427,126.9753,"일본 요리, 스시, 아시아 요리",월 11:30~21:30 / 화 11:30~21:30 / 수 11:30~21:30 / 목 11:30~21:30 / 금 11:30~21:30 / 토 11:30~21:30 / 일 11:30~21:30,"Join celebrity chef Akira Back at Four Seasons Hotel Seoul for a vibrant dining experience blending modern Japanese cuisine with Korean influences. Located in the heart of Seoul, the restaurant offers refined sushi, signature sharing plates, premium seafood, creative cocktails and panoramic city views in a contemporary atmosphere. The menu reflects Chef Akira Back's distinctive style, combining Japanese techniques with Korean flavours through inventive dishes. An exclusive Omakase experience is available Tuesday through Saturday, together with seasonal specials designed for intimate dinners and special occasions. 포시즌스 호텔 서울의 아키라 백은 현대적인 일식에 한국적인 풍미를 더한 모던 일식 레스토랑입니다. 스시, 프리미엄 해산물, 오마카세와 셰프 아키라 백의 시그니처 요리를 서울 도심 전망과 함께 즐길 수 있습니다.",https://dynamic-media-cdn.tripadvisor.com/media/photo-o/32/e0/0f/4e/caption.jpg?w=200&h=200&s=1,https://www.tripadvisor.co.kr/Restaurant_Review-g294197-d16712513-Reviews-Akira_Back-Seoul.html,22,4.2,일식집,모던 감성 가득한 정통 일식 오마카세,,954921784,https://place.map.kakao.com/954921784,37000,129000,6,,,,,,,,kakao
12946037,쿠차라,+82 2-525-2155,서울 서초구 서초대로74길 11,06620,,,멕시코 요리,월 11:00~21:00 / 화 11:00~21:00 / 수 11:00~21:00 / 목 11:00~21:00 / 금 11:00~21:00 / 토 11:00~21:00 / 일 11:00~21:00,,https://dynamic-media-cdn.tripadvisor.com/media/photo-o/12/f9/08/b1/mosquee-1.jpg?w=200&h=200&s=1,https://www.tripadvisor.co.kr/Restaurant_Review-g294197-d12946037-Reviews-Cuchara-Seoul.html,17,4.2,"멕시칸,브라질",숯불향 가득한 신선한 멕시칸 부리또볼,일 20:30 / 월 20:30 / 화 20:30 / 수 20:30 / 목 20:30 / 금 20:30 / 토 20:30,1662014547,https://place.map.kakao.com/1662014547,11400,13150,6,true,true,,,,,,kakao
15849928,저스트케이팝,+82 1644-9996,서울 서울특별시 송파구 올림픽로 300 잠실 롯데월드몰 5층,,37.513313,127.104805,"미국 요리, 카페, 아시아 요리, 한국, 퓨전",일 11:30~22:00 / 월 11:30~22:00 / 화 11:30~22:00 / 수 11:30~22:00 / 목 11:30~22:00 / 금 11:30~22:00 / 토 11:30~22:00,"저스트케이팝은 한국에서 유일한 KPOP 테마 엔터테인먼트 레스토랑으로, 매일저녁 2~3회 다양한 라이브 공연이 펼쳐집니다. 세계를 사로잡은 KPOP과 -힙합, 비보잉, 가요, 퓨전국악, 타악퍼포먼스 등 장르를 넘나드는 한국 대중문화를 경험할 수 있는 곳입니다. 서울의 랜드마크 타워인 잠실 롯데타워&몰에 위치하여 서울의 랜드마크를 방문해 보고, 한국의 가장 트렌디한 대중문화를 경험해보고 싶은 분들에게는 필수 코스 입니다. 200-250여석의 좌석규모로 낮에는 멋진 석촌호수를 전경으로 여유로운 브런치를 즐기고, 저녁에는 눈앞에서 환상적인 케이팝 라이브 공연과 맛있는 식사를 즐기실 수 있는 저스트케이팝으로 여러분을 초대합니다.",https://dynamic-media-cdn.tripadvisor.com/media/photo-o/16/c3/7d/41/in-venue-live-music-performanc.jpg?w=900&h=500&s=1,https://www.tripadvisor.co.kr/Restaurant_Review-g294197-d15849928-Reviews-Just_Kpop-Seoul.html,3,5.0,,,,,,,,,,,,,,,,tripadvisor
9203789,요요마의키친,,서울 반포대로 38,,37.483894,127.0119,,,아직 요요마의키친에 대한 콘텐츠가 없습니다.,https://dynamic-media-cdn.tripadvisor.com/media/photo-o/22/c4/5f/3d/caption.jpg?w=200&h=200&s=1&cx=999&cy=562&chk=v1_13a52aa748e534826638,https://www.tripadvisor.co.kr/Restaurant_Review-g294197-d9203789-Reviews-Yoyoma_Ui_Kitchen-Seoul.html,5,4.4,,,,,,,,,,,,,,,,
26270009,퍼틴 NC백화점 구로점,+82 2-6923-2123,서울 구로구 구로중앙로 152 지하1층,,37.50106,126.88268,베트남 요리,월 10:03~21:00 / 화 10:03~21:00 / 수 10:03~21:00 / 목 10:03~21:00 / 금 10:30~22:00 / 토 10:30~22:00 / 일 10:30~22:00,,https://dynamic-media-cdn.tripadvisor.com/media/photo-o/29/dc/2b/00/caption.jpg?w=900&h=500&s=1,https://www.tripadvisor.co.kr/Restaurant_Review-g294197-d26270009-Reviews-Pho_Thin_NC_Department_Store_Guro-Seoul.html,1,5.0,한식,전통과 현대가 어우러진 한정식 공간,,1045706769,https://place.map.kakao.com/1045706769,,,,true,true,,true,,,,kakao
28120062,꿉당 성수점,+82 50-71358-6564,서울 Seongsui-ro 20-gil 10 10 경협회관 104호,,37.543217,127.05764,"아시아 요리, 한국, 그릴",월 15:00~23:00 / 화 15:00~23:00 / 수 15:00~23:00 / 목 15:00~23:00 / 금 15:00~23:00 / 토 12:00~23:00 / 일 12:00~23:00,,https://dynamic-media-cdn.tripadvisor.com/media/photo-o/2d/29/c0/d2/caption.jpg?w=900&h=-1&s=1,https://www.tripadvisor.co.kr/Restaurant_Review-g294197-d28120062-Reviews-Ggupdang_Seongsu-Seoul.html,2,5.0,"육류,고기",전문가가 구워주는 육즙 가득한 목살,일 22:15 / 월 22:15 / 화 22:15 / 수 22:15 / 목 22:15 / 금 22:15 / 토 22:15,239928138,https://place.map.kakao.com/239928138,19000,20000,6,false,,,,,,,kakao
7891540,놀부유황오리진흙구이 - 잠실점,+82 2-425-5292,서울 송파구 오금로 131,05549,37.511536,127.10943,아시아 요리,,"Put in clay earthenware with various medicinal herbs and glutinous rice. Nolbu Yellow Duck mud roast in Origama, Nolbu Bay, over 400 degrees Celsius",https://dynamic-media-cdn.tripadvisor.com/media/photo-o/16/9b/f9/59/getlstd-property-photo.jpg?w=600&h=-1&s=1,https://www.tripadvisor.co.kr/Restaurant_Review-g294197-d7891540-Reviews-Nolboo_Yuhwang_Jinheuk_Gui_Jamsil-Seoul.html,4,4.3,,,,2088465390,https://place.map.kakao.com/2088465390,,,,,,,,,,,
19121755,볼피노 - 서울,+82 10-2249-1571,서울 강남구 도산대로45길 10-7,06021,37.523453,127.0364,"이탈리아 요리, 프랑스 요리, 유럽 요리, 그릴",,,https://dynamic-media-cdn.tripadvisor.com/media/photo-o/26/8a/07/88/caption.jpg?w=900&h=500&s=1,https://www.tripadvisor.co.kr/Restaurant_Review-g294197-d19121755-Reviews-Volpino_Seoul-Seoul.html,4,4.5,,,,,,,,,,,,,,,,
25435690,에그라상 종로점,+82 507-1381-8472,서울 종로구 청계천로 57 2층,,37.56895,126.98406,"프랑스 요리, 미국 요리, 아시아 요리, 한국",월 07:30~21:00 / 화 07:30~21:00 / 수 07:30~21:00 / 목 07:30~21:00 / 금 07:30~21:00 / 토 11:00~21:00 / 일 11:00~21:00,,https://dynamic-media-cdn.tripadvisor.com/media/photo-o/2b/21/9d/7d/caption.jpg?w=900&h=500&s=1,https://www.tripadvisor.co.kr/Restaurant_Review-g294197-d25435690-Reviews-Eggroissant_Jongno-Seoul.html,2,5.0,샌드위치,,,1311833286,https://place.map.kakao.com/1311833286,3000,4500,44,,,,,,,,kakao
9384387,남도분식,+82 2-723-7775,서울 옥인2길 2,,37.581028,126.96699,,일 11:30~21:00 / 월 11:30~21:00 / 화 11:30~21:00 / 수 11:30~21:00 / 목 11:30~21:00 / 금 11:30~21:00 / 토 11:30~21:00,,https://dynamic-media-cdn.tripadvisor.com/media/photo-o/32/b9/1a/b6/37fa8f9d-5dbb-42bb.jpg?w=200&h=200&s=1,https://www.tripadvisor.co.kr/Restaurant_Review-g294197-d9384387-Reviews-Namdo_Street_Food-Seoul.html,14,3.9,,,,,,,,,,,,,,,,tripadvisor
4033697,그랑씨엘 도산점,+82 2-548-0283,서울 강남구 신사동 650-22,,37.523365,127.03583,이탈리아 요리,월 11:00~22:00 / 화 11:00~22:00 / 수 11:00~22:00 / 목 11:00~22:00 / 금 11:00~22:00 / 토 11:00~22:00 / 일 11:00~22:00,"Grand ciel restaurant serves Italian Tuscany authentic dishes. Upon the launch in 2005, we have been consistent with our philosophies. “The very first step in creating the genuine taste in all foods is to use the best ingredients.” “The chef’s effort and their premium foods will link with the consumer’s health, leading to a healthier life style”. Grand Ciel has such a warm and restful atmosphere with a beautiful terrace and ambient lighting.We change music to suit the weather or mood. That’s why this place is famous for being a celebrity hangout.This restaurant serves juicy steak, soft but crispy crust chicken piccata and a ciel ssong’s signature menu anchovy oil pasta as well as sundried caper oil pasta. You can taste varieties of different cuisines with fantastic wine in Grand Ciel.",https://dynamic-media-cdn.tripadvisor.com/media/photo-o/12/f9/08/b1/mosquee-1.jpg?w=200&h=200&s=1,https://www.tripadvisor.co.kr/Restaurant_Review-g294197-d4033697-Reviews-Grand_Ciel_Dosan-Seoul.html,12,4.6,이탈리안,감칠맛 가득한 엔초비 오일파스타,일 20:50 / 월 20:50 / 화 20:50 / 수 20:50 / 목 20:50 / 금 20:50 / 토 20:50,8211704,https://place.map.kakao.com/8211704,12500,28000,30,true,,,true,,true,,kakao
9258052,테이블에이,+82 10-8488-0269,"서울 6 Changjeon-dong, Mapo-gu 1F, Grace Building",,37.554005,126.92949,카페,,,https://dynamic-media-cdn.tripadvisor.com/media/photo-o/0d/31/9c/20/caption.jpg?w=900&h=500&s=1,https://www.tripadvisor.co.kr/Restaurant_Review-g294197-d9258052-Reviews-Table_A-Seoul.html,6,3.5,,도심 속 이색 실내동물원 체험,,1945601770,https://place.map.kakao.com/1945601770,10000,18000,3,,,,,,,,
4032527,파브로 대장장이 화덕피자,+82 2-765-4298,서울 종로구 북촌로 42-4,03056,37.58134,126.98472,"이탈리아 요리, 피자",,,https://dynamic-media-cdn.tripadvisor.com/media/photo-o/32/e0/0d/6d/caption.jpg?w=200&h=200&s=1,https://www.tripadvisor.co.kr/Restaurant_Review-g294197-d4032527-Reviews-Fabbro_Daejangjangi_Hwadeok_Pizza-Seoul.html,18,4.2,,한옥 감성에 녹아든 정통 나폴리 피자,,8256250,https://place.map.kakao.com/8256250,22000,25500,4,false,true,true,,,,,
13846701,어글리베이커리,+82 2-338-2018,서울 마포구 포은로 131,03959,37.558475,126.90353,,,아직 어글리베이커리에 대한 콘텐츠가 없습니다.,https://dynamic-media-cdn.tripadvisor.com/media/photo-o/18/f3/cb/2b/caption.jpg?w=700&h=400&s=1,https://www.tripadvisor.co.kr/Restaurant_Review-g294197-d13846701-Reviews-Ugly_Bakery-Seoul.html,5,4.4,,구황작물 가득한 묵직한 빵의 향연,,828640256,https://place.map.kakao.com/828640256,,,,,,,,,,,
13127741,유가네닭갈비 명동2호점,+82 2-3789-2492,"서울 중구 명동4길 8 2,3층",04536,37.56324,126.98349,"아시아 요리, 한국",,,https://dynamic-media-cdn.tripadvisor.com/media/photo-o/12/e6/b6/bc/photo4jpg.jpg?w=900&h=500&s=1,https://www.tripadvisor.co.kr/Restaurant_Review-g294197-d13127741-Reviews-Yoogane_Dakgalbi_Myeongdong_2nd-Seoul.html,23,3.7,,직원이 직접 볶아주는 명동 닭갈비,,1607777093,https://place.map.kakao.com/1607777093,12000,12000,1,,,,,,,,
23179236,피에세 한남,+82 2-790-0768,"서울 한남대로91 지하2층 494 KR 용산구, 나인원한남 고메이",04401,37.537354,127.00418,"퓨전, 아시아 요리, 와인 바, 중국 요리, 프랑스 요리",일 12:00~15:00 / 일 18:00~22:00 / 월 12:00~15:00 / 월 18:00~22:00 / 화 12:00~15:00 / 화 18:00~22:00 / 수 12:00~15:00 / 수 18:00~22:00 / 목 12:00~15:00 / 목 18:00~22:00 / 금 12:00~15:00 / 금 18:00~22:00 / 토 12:00~15:00 / 토 18:00~22:00,"피에세 : 더욱 진보적인 새로운 중식, 누벨쉬누아 'Nouvelle(Cuisine) Chinois': New Chiness 피에세는 아트피스, 마스터 피스에서 모티 브를 얻은 이름이며, 항상 엄선된 식재료만을 고집하는 김정훈 셰프의 열정으로 현대적이고 감각적인 맛과 멋을 창조하는 공간입니다. 피에세는 중식에서 주로 사용하는 재료를 기반으로, 버터와 향신료와 등의 사용을 절제하고 식재료가 가지고 있는 맛과 향의 특성을 최대한 살려내어 마침내 건강한 중식을 구축했습니다. 동시에 다양한 유럽의 조리방식을 함께 사용하여 전혀 새로운 스타일의 요리를 구현해 한단계 더 진화된 요리를 선보입니다. 언제나 고객 여러분의 기호와 요구에 의해 항상 새로운 고민과 구성으로 특별함과 놀라움을 제공하려고 노력하고 있습니다. 계절에 따라 다르게 준비되는 단일 코스메뉴와 걸맞는 와인 페어링으로 인상깊은 식사, 특별한 시간을 선사해드리겠습니다.",https://dynamic-media-cdn.tripadvisor.com/media/photo-o/32/e0/0d/6d/caption.jpg?w=200&h=200&s=1,https://www.tripadvisor.co.kr/Restaurant_Review-g294197-d23179236-Reviews-Piece_Hannam-Seoul.html,13,5.0,,,,,,,,,,,,,,,,tripadvisor
28755531,신선설농탕 홍대역점,+82 2-337-6400,서울 홍익로 6길10 1층 마포구,,37.550262,126.997086,"아시아 요리, 한국",월 08:00~22:00 / 화 08:00~22:00 / 수 08:00~22:00 / 목 08:00~22:00 / 금 08:00~22:00 / 토 08:00~22:00 / 일 08:00~22:00,한국음식을 찾는 외국인이 늘고있습니다. 아침식사 08시부터 22시까지 영업합니다. 맛있는 음식 정성을 담아 대접하는 마음으로 모십니다. 남녀노소 즐겨찾는 음식하고 김치 까두기 궁합이 good입니다.,https://dynamic-media-cdn.tripadvisor.com/media/photo-o/32/e0/0f/4e/caption.jpg?w=200&h=200&s=1,https://www.tripadvisor.co.kr/Restaurant_Review-g294197-d28755531-Reviews-Shinsunseolnongtang_Hongdae_Station_Branch-Seoul.html,10,5.0,설렁탕,진한 국물과 넉넉한 고기의 설렁탕,일 21:30 / 월 21:30 / 화 21:30 / 수 21:30 / 목 21:30 / 금 21:30 / 토 21:30,1255948620,https://place.map.kakao.com/1255948620,5000,15000,23,false,true,,,,,,kakao
34273235,호텔마드리드,+82 2-931-7789,서울 노해로 79길 6-19 2층,01695,37.655468,127.06256,"바, 피자, 아시아 요리, 한국, 펍, 맥주 음식점",월 16:00~05:00 / 화 16:00~05:00 / 수 16:00~05:00 / 목 16:00~05:00 / 금 16:00~05:00 / 토 16:00~05:00 / 일 16:00~05:00,,https://dynamic-media-cdn.tripadvisor.com/media/photo-o/33/70/5a/d5/caption.jpg?w=900&h=500&s=1,https://www.tripadvisor.co.kr/Restaurant_Review-g294197-d34273235-Reviews-Hotelmadeulideu-Seoul.html,2,5.0,"호프,요리주점",2F 노원역의 야경이 한번에 보이는 강북 최대규모 위스키바 3F 단체수용가능한 프라이빗 룸,,66453010,https://place.map.kakao.com/66453010,11900,12900,31,true,,,,,,,kakao
4032916,을밀대,+82 2-717-1922,서울 마포구 염리동 147-6,,37.547527,126.94543,"아시아 요리, 한국",월 11:00~22:00 / 화 11:00~22:00 / 수 11:00~22:00 / 목 11:00~22:00 / 금 11:00~22:00 / 토 11:00~22:00 / 일 11:00~22:00,,https://dynamic-media-cdn.tripadvisor.com/media/photo-o/32/e0/0f/4e/caption.jpg?w=200&h=200&s=1,https://www.tripadvisor.co.kr/Restaurant_Review-g294197-d4032916-Reviews-Eulmildae-Seoul.html,78,4.3,냉면,50년 전통 깊은 육향 가득 평양냉면,,25048467,https://place.map.kakao.com/25048467,13000,20000,7,true,,true,,,,,kakao
3957676,다채 동대문점,+82 2-2231-3392,서울 중구 신당동 213-2 동원프라자 2층,,37.56901,127.01346,"아시아 요리, 한국",월 10:00~22:00 / 화 10:00~22:00 / 수 10:00~22:00 / 목 10:00~22:00 / 금 10:00~22:00 / 토 10:00~21:00,,https://dynamic-media-cdn.tripadvisor.com/media/photo-o/32/e0/0e/ff/caption.jpg?w=200&h=200&s=1,https://www.tripadvisor.co.kr/Restaurant_Review-g294197-d3957676-Reviews-Dachai_Dongdaemun_Store-Seoul.html,23,4.3,쌈밥,,,12545290,https://place.map.kakao.com/12545290,12000,20000,14,,,,,,,true,kakao
4034730,진고개,+82 2-2267-0955,서울 충무로3가 30-16,,37.56301,126.99309,"아시아 요리, 한국",월 11:00~21:30 / 화 11:00~21:30 / 수 11:00~21:30 / 목 11:00~21:30 / 금 11:00~21:30 / 토 11:00~21:30,,https://dynamic-media-cdn.tripadvisor.com/media/photo-o/32/b9/1a/b6/37fa8f9d-5dbb-42bb.jpg?w=200&h=200&s=1,https://www.tripadvisor.co.kr/Restaurant_Review-g294197-d4034730-Reviews-Jingogae-Seoul.html,26,4.1,한식,육즙 가득 고기와 깔끔한 냉면의 조화,,8588563,https://place.map.kakao.com/8588563,1000,15000,23,true,true,true,,,,,kakao
17115333,파리크라상 - 광화문점,+82 2-722-8223,서울 종로구 종로 1,03154,37.570904,126.978035,카페,월 07:00~22:00 / 화 07:00~22:00 / 수 07:00~22:00 / 목 07:00~22:00 / 금 07:00~22:00 / 토 07:00~22:00 / 일 07:00~22:00,,https://dynamic-media-cdn.tripadvisor.com/media/photo-o/19/a2/85/2a/photo2jpg.jpg?w=900&h=500&s=1,https://www.tripadvisor.co.kr/Restaurant_Review-g294197-d17115333-Reviews-Paris_Croissant_Gwanghwamun-Seoul.html,5,4.6,"제과,베이커리",차분한 공간에서 즐기는 고급 베이커리,,117723606,https://place.map.kakao.com/117723606,4900,11000,30,true,,,,,,,kakao
9735742,지노스,+82 2-792-2234,서울 용산구 녹사평대로40길 46 2층,04345,37.534267,126.988235,"이탈리아 요리, 피자",월 11:30~22:00 / 화 11:30~22:00 / 수 11:30~22:00 / 목 11:30~22:00 / 금 11:30~22:00 / 토 11:30~22:00 / 일 11:30~21:00,"We import high quality unbleached flour and California plum tomatoes. Our NY style dough is made from scratch, aged in-house, hand-tossed, and topped with our hand-crushed plum tomato sauce and house-shredded mozzarella. We bake each pizza to order in a brick deck to get that perfect thin crust.",https://dynamic-media-cdn.tripadvisor.com/media/photo-o/32/e0/0e/ff/caption.jpg?w=200&h=200&s=1,https://www.tripadvisor.co.kr/Restaurant_Review-g294197-d9735742-Reviews-Gino_s_NY_Pizza-Seoul.html,38,3.8,피자,뉴욕 감성 담은 바삭한 수제 피자,,27510661,https://place.map.kakao.com/27510661,20000,30000,15,true,,,,,true,,kakao
33122755,한우 오마카세 압도 합정점,+82 10-2579-4014,서울 33 Dongmak-ro 5-gil Mapo-gu,,37.54945,126.91849,"바베큐, 아시아 요리, 한국, 그릴",월 12:00~21:00 / 화 12:00~21:00 / 수 12:00~21:00 / 목 12:00~21:00 / 금 12:00~21:00 / 토 13:00~21:00 / 일 13:00~21:00,"압도는 음식으로 고객을 압도하겠다는 저희의 당찬 포부를 담은 한우 다이닝입니다. 신선하고 진귀한 재료에 저희의 철학과 정성을 담아 모던 한식 코스를 구성하였습니다. 압도는 고객의 시각적, 미각적 미(美)를 모두 충족하는 음식을 선보이고자 합니다. 여러분의 소중한 시간, 특별한 경험을 선사할 수 있도록 압도적인 노력을 다하겠습니다.",https://dynamic-media-cdn.tripadvisor.com/media/photo-o/32/e0/0f/4e/caption.jpg?w=200&h=200&s=1,https://www.tripadvisor.co.kr/Restaurant_Review-g294197-d33122755-Reviews-Overwhelming_Seoul_Hanwoo_Omakase_Hapjeong_Branch-Seoul.html,2,5.0,한식,모던한 한식과 1+이상의 한우를 통해 꽉 채워진 풀서비스 9개의 코스를 선사합니다.,,175435694,https://place.map.kakao.com/175435694,17000,34000,9,,,,,,,,kakao
7618199,경천애인 2237,+82 2-553-2237,서울 강남구 테헤란로 421 암천빌딩 3층,06160,37.505833,127.05292,"아시아 요리, 한국",월 11:30~22:00 / 화 11:30~22:00 / 수 11:30~22:00 / 목 11:30~22:00 / 금 11:30~22:00 / 토 11:30~22:00,,https://dynamic-media-cdn.tripadvisor.com/media/photo-o/32/e0/0e/ff/caption.jpg?w=200&h=200&s=1,https://www.tripadvisor.co.kr/Restaurant_Review-g294197-d7618199-Reviews-Gyeongcheonaein_2237-Seoul.html,32,4.4,"육류,고기",저온숙성 한우와 치즈의 완벽한 조화,,21306153,https://place.map.kakao.com/21306153,2900,11700,11,true,true,true,true,,,,kakao
8979960,이삭토스트 - 종로점,+82 2-2273-8804,서울 종로구 수표로 98,03192,37.569904,126.989586,,월 07:00~22:00 / 화 07:00~22:00 / 수 07:00~22:00 / 목 07:00~22:00 / 금 07:00~22:00 / 토 07:00~22:00,,https://dynamic-media-cdn.tripadvisor.com/media/photo-o/12/c8/c5/8c/98-supyo-ro-jongno-gu.jpg?w=900&h=500&s=1,https://www.tripadvisor.co.kr/Restaurant_Review-g294197-d8979960-Reviews-Isaac_Toast_Jongno-Seoul.html,9,4.0,토스트,달콤한 소스와 부드러운 스크램블 조화,,10757904,https://place.map.kakao.com/10757904,4500,6150,30,false,true,,,,,,kakao
9447064,맥파이 이태원 브루샵,+82 2-749-2703,서울 용산구 녹사평대로 244-1,04343,37.539436,126.98742,피자,수 17:00~23:00 / 목 17:00~23:00 / 금 17:00~22:00 / 토 17:00~23:00 / 일 17:00~23:00,"맥파이는 2012년 이태원에서 시작했습니다 — 그리고 지금도 이곳이 그 첫 번째 자리입니다. 브루샵은 모든 것이 시작된 곳이며, 여전히 그 초심을 지키고 있습니다: 그냥 맛있는 맥주. 제주 동호천 양조장에서 직송한 신선한 케그. 별도의 음식 메뉴는 없지만, 직접 가져오거나 배달 주문하셔도 됩니다. 한국 크래프트 맥주가 시작된 곳을 직접 경험해보세요.",https://dynamic-media-cdn.tripadvisor.com/media/photo-o/32/e0/0f/4e/caption.jpg?w=200&h=200&s=1,https://www.tripadvisor.co.kr/Restaurant_Review-g294197-d9447064-Reviews-Magpie_Brewshop_Itaewon-Seoul.html,18,4.5,"호프,요리주점",맥파이 브루잉 컴퍼니의 시작과 함께 수제맥주 시대를 연 역사적인 공간.,,1847689100,https://place.map.kakao.com/1847689100,7000,7000,5,,,,,,true,,kakao
9246824,스톤힐,+82 2-395-2505,서울 자하문로45길 8-11,,37.59893,126.95888,,,아직 스톤힐에 대한 콘텐츠가 없습니다.,https://dynamic-media-cdn.tripadvisor.com/media/photo-o/32/e0/0f/4e/caption.jpg?w=200&h=200&s=1,https://www.tripadvisor.co.kr/Restaurant_Review-g294197-d9246824-Reviews-Stone_Hil-Seoul.html,9,3.7,,,,,,,,,,,,,,,,
14997298,세종클럽,+82 2-722-0001,서울 종로구 새문안로5가길 7,03173,37.572803,126.97406,"중국 요리, 일본 요리, 아시아 요리, 한국, 퓨전",일 11:00~22:00 / 월 11:00~22:00 / 화 11:00~22:00 / 수 11:00~22:00 / 목 11:00~22:00 / 금 11:00~22:00 / 토 11:00~22:00,Gwanghwamun's flagship restaurant building inside 1. ILPUMDANG PREMIUM 2. GUMYUNGMUN 3. GWANGHWAMUN HOUSE,https://dynamic-media-cdn.tripadvisor.com/media/photo-o/1d/01/a3/b7/1.jpg?w=900&h=500&s=1,https://www.tripadvisor.co.kr/Restaurant_Review-g294197-d14997298-Reviews-Sejong_Club-Seoul.html,5,5.0,,,,1190093300,https://place.map.kakao.com/1190093300,,,,,,,,,,,tripadvisor
9205047,유진식당,+82 2-764-2835,서울 종로구 종로17길 40,03140,37.571877,126.98791,"아시아 요리, 한국",수 11:30~21:00 / 목 11:30~21:00 / 금 11:30~21:00 / 토 11:30~21:00 / 일 11:30~21:00,,https://dynamic-media-cdn.tripadvisor.com/media/photo-o/32/e0/0e/ff/caption.jpg?w=200&h=200&s=1,https://www.tripadvisor.co.kr/Restaurant_Review-g294197-d9205047-Reviews-Yujin_Sikdang-Seoul.html,25,4.1,냉면,육향 가득한 평양냉면과 노포의 깊은 맛,,8041476,https://place.map.kakao.com/8041476,4000,11000,15,false,,,,,,,kakao
10806541,BHC치킨,+82 2-734-7788,서울 종로구 종로14길 11,03190,,,"아시아 요리, 한국",,,https://dynamic-media-cdn.tripadvisor.com/media/photo-o/32/e0/0e/ff/caption.jpg?w=200&h=200&s=1,https://www.tripadvisor.co.kr/Restaurant_Review-g294197-d10806541-Reviews-BHC_Chicken-Seoul.html,19,3.6,,,,,,,,,,,,,,,,
10669868,루이 - 광화문점,+82 2-736-8889,서울 중구 세종대로21길 40,04519,37.56823,126.97583,"중국 요리, 아시아 요리",,,https://dynamic-media-cdn.tripadvisor.com/media/photo-o/32/e0/0e/ff/caption.jpg?w=200&h=200&s=1,https://www.tripadvisor.co.kr/Restaurant_Review-g294197-d10669868-Reviews-Luii_Gwanghwamun-Seoul.html,11,4.5,,,,,,,,,,,,,,,,
12010123,홍익게장,+82 2-323-1112,서울 마포구 월드컵북로 59,03999,37.55945,126.91695,한국,월 11:30~21:30 / 화 11:30~21:30 / 수 11:30~21:30 / 목 11:30~21:30 / 금 11:30~21:30 / 토 11:30~21:30 / 일 11:30~21:30,,https://dynamic-media-cdn.tripadvisor.com/media/photo-o/1a/0b/40/32/caption.jpg?w=900&h=500&s=1,https://www.tripadvisor.co.kr/Restaurant_Review-g294197-d12010123-Reviews-Hongik_Gejang-Seoul.html,14,4.1,"게,대게",탱글한 게살 가득한 무한리필 한상,,26903876,https://place.map.kakao.com/26903876,5000,31000,7,true,,,,,,true,kakao
13141790,루브리카,+82 2-317-0033,서울 중구 소공로 106 서울 웨스틴조선호텔 저층 로비,04533,37.564056,126.98012,이탈리아 요리,,,https://dynamic-media-cdn.tripadvisor.com/media/photo-o/12/f9/08/b1/mosquee-1.jpg?w=200&h=200&s=1,https://www.tripadvisor.co.kr/Restaurant_Review-g294197-d13141790-Reviews-Rubrica-Seoul.html,17,4.3,,부드러운 한우 안심과 고급스러운 이탈리안,,1999647180,https://place.map.kakao.com/1999647180,65000,125000,4,true,true,true,,,,,
33268976,Grandmother's Recipe,,서울 Seoulsup 2-gil 44-12,04768,37.54617,127.043076,"아시아 요리, 한국",일 11:00~21:00 / 월 11:00~21:00 / 화 11:00~21:00 / 수 11:00~21:00 / 목 11:00~21:00 / 금 11:00~21:00 / 토 11:00~21:00,,https://dynamic-media-cdn.tripadvisor.com/media/photo-o/30/e1/d6/cd/caption.jpg?w=900&h=500&s=1,https://www.tripadvisor.co.kr/Restaurant_Review-g294197-d33268976-Reviews-Grandmother_s_Recipe-Seoul.html,1,5.0,,,,,,,,,,,,,,,,tripadvisor
4083835,북촌 삼계탕,+82 2-3675-3939,서울 종로구 원서동 141,,37.57935,126.9888,"아시아 요리, 한국",월 11:00~20:00 / 화 11:00~20:00 / 수 11:00~20:00 / 목 11:00~20:00 / 금 11:00~20:00 / 토 11:30~19:00 / 일 11:30~19:00,,https://dynamic-media-cdn.tripadvisor.com/media/photo-o/32/e0/0d/6d/caption.jpg?w=200&h=200&s=1,https://www.tripadvisor.co.kr/Restaurant_Review-g294197-d4083835-Reviews-Bukchon_Samgyetang-Seoul.html,28,4.0,삼계탕,낙지 전복 듬뿍 담긴 정갈한 삼계탕,,14600539,https://place.map.kakao.com/14600539,10000,17000,13,false,true,,,,,,kakao
7748364,낙원,+82 2-2660-9010,서울 강서구 방화대로 94 메이필드호텔,07506,37.547672,126.81842,"아시아 요리, 한국, 그릴",월 11:30~21:30 / 화 11:30~21:30 / 수 11:30~21:30 / 목 11:30~21:30 / 금 11:30~21:30 / 토 11:30~21:30 / 일 11:30~21:30,A Modern Taste of Korean Tradition Nakwon is a Korean restaurant with a history of over 30 years and is well known for its prestigious tradition and taste. This location is famous for its signature Korean bar-be-que and healthy traditional cuisine to serve the all-natural taste of ingredients. There is a spacious courtyard and private VIP rooms to make this a perfect place for family and business gatherings.,https://dynamic-media-cdn.tripadvisor.com/media/photo-o/12/f9/08/b1/mosquee-1.jpg?w=200&h=200&s=1,https://www.tripadvisor.co.kr/Restaurant_Review-g294197-d7748364-Reviews-Nakwon-Seoul.html,12,4.5,한정식,전통과 자연이 어우러진 한정식 공간,일 20:30 / 월 20:30 / 화 20:30 / 수 20:30 / 목 20:30 / 금 20:30 / 토 20:30,8293673,https://place.map.kakao.com/8293673,21000,55000,20,true,true,true,true,,,,kakao
4074307,비노 인 빌라,+82 2-599-7020,서울 서초구 남부순환로319길 14 가남빌딩 1층,06711,37.48064,127.01179,"이탈리아 요리, 스테이크하우스, 피자",화 11:30~21:30 / 수 11:30~21:30 / 목 11:30~21:30 / 금 11:30~21:30 / 토 11:30~21:00 / 일 11:30~21:00,예술의 전당 맞은편 SK 주유소 맞은편 골목 이탈리언 피자 파스타 스테이크전문 레스토랑,https://dynamic-media-cdn.tripadvisor.com/media/photo-o/32/e0/0d/6d/caption.jpg?w=200&h=200&s=1,https://www.tripadvisor.co.kr/Restaurant_Review-g294197-d4074307-Reviews-Vino_in_Villa-Seoul.html,36,3.8,이탈리안,은은한 조명과 깊은 풍미의 이탈리안,,8376564,https://place.map.kakao.com/8376564,5500,18400,20,true,true,true,,,,,kakao
10253268,더 파운틴,+82 10-8481-8813,서울 용산구 이태원로23길 16-5,04350,37.53517,126.99303,바,월 18:00~03:00 / 화 18:00~03:00 / 수 18:00~03:00 / 목 18:00~03:00 / 금 18:00~03:00 / 토 18:00~05:00 / 일 18:00~05:00,,https://dynamic-media-cdn.tripadvisor.com/media/photo-o/32/b9/1a/b6/37fa8f9d-5dbb-42bb.jpg?w=200&h=200&s=1,https://www.tripadvisor.co.kr/Restaurant_Review-g294197-d10253268-Reviews-The_Fountain-Seoul.html,41,3.1,"호프,요리주점",,,1703012884,https://place.map.kakao.com/1703012884,3000,9000,5,,,,,,,,kakao
15098879,피크니크,+82 10-6235-4201,"서울 2-1, Yangpyeong-ro 22-gil, Yeongdeungpo-gu",07206,37.537907,126.89442,한국,일 10:00~23:00 / 월 09:00~23:00 / 화 09:00~23:00 / 수 09:00~23:00 / 목 09:00~23:00 / 금 09:00~23:00 / 토 10:00~23:00,"This cafe is a very special place made of hanok. It is possible to relax in the middle of Seoul at an inexpensive price, and a dog can accompany. After looking around the Han River, enjoy relaxing coffee here and watching traditional Korea.",https://dynamic-media-cdn.tripadvisor.com/media/photo-o/1b/18/1f/75/caption.jpg?w=900&h=500&s=1,https://www.tripadvisor.co.kr/Restaurant_Review-g294197-d15098879-Reviews-Picniq-Seoul.html,5,4.6,,,,,,,,,,,,,,,,tripadvisor
31720251,Jongno 24 Hours Ramen Convenience Store,+82 10-9105-2002,"서울 11 Donhwamun-ro, Gwansu-dong",,37.57014,126.992256,일본 요리,일 00:00~23:59 / 월 00:00~23:59 / 화 00:00~23:59 / 수 00:00~23:59 / 목 00:00~23:59 / 금 00:00~23:59 / 토 00:00~23:59,,https://dynamic-media-cdn.tripadvisor.com/media/photo-o/2e/74/74/ad/pictures-of-the-store.jpg?w=900&h=500&s=1,https://www.tripadvisor.co.kr/Restaurant_Review-g294197-d31720251-Reviews-Jongno_24_Hours_Ramen_Convenience_Store-Seoul.html,3,3.7,,,,,,,,,,,,,,,,tripadvisor
4070542,애슐리 신도림홈플러스점,+82 2-3439-7760,"서울 구로구 신도림동 337  홈플러스 지하 1층 B1F, Homeplus",,37.509693,126.88823,"바베큐, 퓨전",월 10:00~22:00 / 화 10:00~22:00 / 수 10:00~22:00 / 목 10:00~22:00 / 금 10:00~22:00 / 토 10:00~22:00,,https://dynamic-media-cdn.tripadvisor.com/media/photo-o/32/e0/0f/4e/caption.jpg?w=200&h=200&s=1,https://www.tripadvisor.co.kr/Restaurant_Review-g294197-d4070542-Reviews-Ashley_Home_Plus_Sindorim-Seoul.html,19,3.6,도넛,귀여운 캐릭터 도넛과 달콤한 순간,,12323337,https://place.map.kakao.com/12323337,2300,5500,30,,,,,,,,kakao
26631239,Schedule Seongsu,+82 2-466-0236,"서울 2F, 104, Achasan-ro, Seongdong-gu",04782,37.54446,127.05541,"이탈리아 요리, 피자, 카페, 아시아 요리, 한국, 퓨전",월 11:00~24:00 / 화 11:00~24:00 / 수 11:00~24:00 / 목 11:00~24:00 / 금 11:00~24:00 / 토 11:00~24:00 / 일 11:00~24:00,"Welcome to Schedule Seongsu — a place where your everyday moments are elevated with refined taste. In one of Seoul’s trendiest neighborhoods, we blend creative vibes with carefully curated food. Seasonal brunch, premium steak and pasta — every dish is crafted with top-quality ingredients and attention to detail. Perfect for a relaxed break or a stylish night out. Thank you for joining us. We hope to welcome you back again soon. ようこそ、スケジュール聖水へ。 ここは、日常のひとときを洗練された時間に変える場所です。 ソウルで最もトレンディな街のひとつに位置し、アートな雰囲気とこだわりの料理が調和した空間です。 旬のブランチ、高級ステーキやパスタなど、すべての料理に最高の素材と丁寧な心配りを込めています。 ギャラリー巡りの合間でも、静かな夜のひとときでも、特別な時間をお楽しみください。 ご来店ありがとうございました。またのご来店を心よりお待ちしております。 欢迎来到 Schedule圣水店，在这里，您的日常时光将被赋予格调与品味。 坐落于首尔最具艺术气息的街区之一，我们将创意氛围与精致料理完美融合。 从季节性早午餐到高品质牛排和意大利面，每一道菜都精选食材、精心烹制。 无论是逛展后的小憩，还是想要享受优雅晚餐时光，Schedule圣水都是您的理想之选。 感谢您的光临，期待不久后再次与您相见。",https://dynamic-media-cdn.tripadvisor.com/media/photo-o/2f/da/db/3b/interior-space.jpg?w=900&h=500&s=1,https://www.tripadvisor.co.kr/Restaurant_Review-g294197-d26631239-Reviews-Schedule_Seongsu-Seoul.html,1,5.0,양식,유럽풍 감성 가득한 화덕피자 명소,,1466610374,https://place.map.kakao.com/1466610374,16000,28000,32,true,true,true,,,true,,kakao
12860001,옴 레스토랑 - 광화문,+82 2-723-4848,서울 종로구 새문안로 103 선광빌딩 지하,03183,37.570473,126.97607,"인도 요리, 아시아 요리, 네팔",월 11:00~22:00 / 화 11:00~22:00 / 수 11:00~22:00 / 목 11:00~22:00 / 금 11:00~22:00 / 토 11:00~22:00 / 일 11:00~22:00,Halal Food,https://dynamic-media-cdn.tripadvisor.com/media/photo-o/12/f9/08/b1/mosquee-1.jpg?w=200&h=200&s=1,https://www.tripadvisor.co.kr/Restaurant_Review-g294197-d12860001-Reviews-Om_Restaurant_Gwanghwamun-Seoul.html,40,3.8,인도음식,현지 감성 가득한 인도 커리의 세계,,21407823,https://place.map.kakao.com/21407823,5000,15000,30,false,true,,,,,,kakao
10379930,아드난 케밥,+82 2-776-6904,서울 중구 퇴계로 57 회현역 6번출구,04529,37.559322,126.97917,아랍어,월 11:00~20:00 / 화 11:00~20:00 / 수 11:00~20:00 / 목 11:00~20:00 / 금 11:00~20:00 / 토 11:00~20:00,,https://dynamic-media-cdn.tripadvisor.com/media/photo-o/0d/cd/7f/2e/adnan-kebab.jpg?w=900&h=500&s=1,https://www.tripadvisor.co.kr/Restaurant_Review-g294197-d10379930-Reviews-Adnan_Kebab-Seoul.html,9,4.4,튀르키예음식,터키 정통 향신료 가득한 케밥의 진수,,17908634,https://place.map.kakao.com/17908634,6000,8000,8,,,,,,,,kakao
7748493,술탄케밥,+82 2-749-3890,서울 용산구 보광로 126,04406,37.53398,126.99421,"패스트푸드, 터키, 중동 요리",월 00:00~24:00 / 화 00:00~24:00 / 수 00:00~24:00 / 목 00:00~24:00 / 금 00:00~24:00 / 토 00:00~24:00 / 일 00:00~24:00,,https://dynamic-media-cdn.tripadvisor.com/media/photo-o/12/f9/08/b1/mosquee-1.jpg?w=200&h=200&s=1,https://www.tripadvisor.co.kr/Restaurant_Review-g294197-d7748493-Reviews-Sultan_Kebab-Seoul.html,23,3.8,튀르키예음식,본토 감성 가득한 양고기 케밥의 진수,,11123498,https://place.map.kakao.com/11123498,3900,9900,30,,,,,,,,kakao
29037173,Liebhaber Seoul,,서울 157-23 Yeomni-dong Mapo-gu Seoul,04149,37.544445,126.94592,"독일 요리, 카페, 인터내셔널, 건강식",일 10:00~22:00 / 월 10:00~23:00 / 화 10:00~23:00 / 수 10:00~23:00 / 목 10:00~23:00 / 금 10:00~23:00 / 토 10:00~23:00,"안녕하세요, Welcome und Willkommen to our German Café in the heart of Seoul! We offer a wide variety of homemade Quark, and Cheesecake, as well as seasonal specialties like Stollen during Christmas time. Come over to join us for one of our sweet treats or a traditional German brunch.",https://dynamic-media-cdn.tripadvisor.com/media/photo-o/2e/16/0b/eb/take-a-rest-at-our-cafe.jpg?w=900&h=500&s=1,https://www.tripadvisor.co.kr/Restaurant_Review-g294197-d29037173-Reviews-Liebhaber_Seoul-Seoul.html,4,5.0,,,,,,,,,,,,,,,,tripadvisor
33387236,Ilpyeon Jangeo Hongdae,+82 2-336-6716,서울 15 Yanghwaro16gil,04039,37.553436,126.920525,,일 12:00~23:00 / 월 12:00~23:00 / 화 12:00~23:00 / 수 12:00~23:00 / 목 12:00~23:00 / 금 12:00~23:00 / 토 12:00~23:00,,https://dynamic-media-cdn.tripadvisor.com/media/photo-o/31/27/69/51/grilled-ell-restaurant.jpg?w=900&h=500&s=1,https://www.tripadvisor.co.kr/Restaurant_Review-g294197-d33387236-Reviews-Ilpyeon_Jangeo_Hongdae-Seoul.html,2,5.0,,직원 손길로 완성되는 프리미엄 장어구이,,496884628,https://place.map.kakao.com/496884628,45000,136500,4,false,true,,true,,,,tripadvisor
9319751,페르시안궁전,+82 2-763-6050,서울 성균관로6길 9,,37.5849,126.99752,"중동 요리, 페르시아",월 11:00~21:10 / 화 11:00~21:10 / 수 11:00~21:10 / 목 11:00~21:10 / 금 11:00~21:10 / 토 11:00~21:10 / 일 11:00~21:10,,https://dynamic-media-cdn.tripadvisor.com/media/photo-o/32/e0/0d/6d/caption.jpg?w=200&h=200&s=1,https://www.tripadvisor.co.kr/Restaurant_Review-g294197-d9319751-Reviews-Persian_Palace-Seoul.html,6,4.8,인도음식,고대 페르시아 감성 담은 이국적 카레,일 20:45 / 월 20:45 / 화 20:45 / 수 20:45 / 목 20:45 / 금 20:45 / 토 20:45,11520636,https://place.map.kakao.com/11520636,10000,15000,8,true,true,,,true,,,kakao
17607154,마지,+82 2-536-5228,서울 종로구 자하문로5길 19,03041,37.577568,126.970795,"아시아 요리, 한국, 건강식",수 11:30~20:00 / 목 11:30~20:00 / 금 11:30~20:00 / 토 11:30~20:00 / 일 12:00~15:30,,https://dynamic-media-cdn.tripadvisor.com/media/photo-o/1c/a6/1f/90/maji.jpg?w=900&h=500&s=1,https://www.tripadvisor.co.kr/Restaurant_Review-g294197-d17607154-Reviews-Maji-Seoul.html,4,5.0,한식,한국전통채식입니다. 주말에는 반드시 예약부탁드려요.,,19119689,https://place.map.kakao.com/19119689,9000,20000,17,,,,,,true,,kakao
9438427,케이터틀 컨벤션 & 웨딩 레스토랑,+82 2-715-3611,서울 마포구 백범로 23,04108,37.55263,126.93771,,,아직 케이터틀 컨벤션 & 웨딩 레스토랑에 대한 콘텐츠가 없습니다.,https://dynamic-media-cdn.tripadvisor.com/media/photo-o/15/dc/3b/db/20181116-185813-largejpg.jpg?w=900&h=500&s=1,https://www.tripadvisor.co.kr/Restaurant_Review-g294197-d9438427-Reviews-K_Turtle_Convention_Wedding_Restaurant-Seoul.html,4,3.8,,,,25864365,https://place.map.kakao.com/25864365,,,,true,,,,,,,
8888720,벽제갈비 - 방이점,+82 2-415-5522,서울 송파구 양재대로71길 1-4,05639,37.51001,127.12613,,월 11:30~22:00 / 화 11:30~22:00 / 수 11:30~22:00 / 목 11:30~22:00 / 금 11:30~22:00 / 토 11:30~22:00 / 일 11:30~22:00,,https://dynamic-media-cdn.tripadvisor.com/media/photo-o/32/e0/0d/6d/caption.jpg?w=200&h=200&s=1,https://www.tripadvisor.co.kr/Restaurant_Review-g294197-d8888720-Reviews-Byeokje_Galbi_Bangi-Seoul.html,14,3.9,갈비,숯불 향 가득한 프리미엄 한우 갈비,,11062667,https://place.map.kakao.com/11062667,16000,71000,16,true,,,,,,,kakao
33502582,서울집시 퍼멘테리아 서촌,+82 70-4110-1948,서울 62 Jahamun-ro 3층,03034,37.581654,126.97113,"자가 맥주 판매pub, 피자, 펍, 맥주 음식점",일 15:00~23:00 / 화 16:00~23:00 / 수 16:00~23:00 / 목 16:00~23:00 / 금 16:00~23:00 / 토 15:00~23:00,,https://dynamic-media-cdn.tripadvisor.com/media/photo-o/32/b9/1a/b6/37fa8f9d-5dbb-42bb.jpg?w=200&h=200&s=1,https://www.tripadvisor.co.kr/Restaurant_Review-g294197-d33502582-Reviews-Seoulgypsy_Fermenteria_Seochon-Seoul.html,5,5.0,,감각적인 수제맥주와 이국적 안주의 만남,,846866336,https://place.map.kakao.com/846866336,,,,,,,,,,,tripadvisor
9353852,옛찻집,,서울 인사동길 30-12,,,,,월 11:00~21:00 / 화 11:00~21:00 / 수 11:00~21:00 / 목 11:00~21:00 / 금 11:00~21:00 / 토 11:00~21:00 / 일 11:00~21:00,아직 옛찻집에 대한 콘텐츠가 없습니다.,https://dynamic-media-cdn.tripadvisor.com/media/photo-o/19/c1/54/56/photo6jpg.jpg?w=900&h=500&s=1,https://www.tripadvisor.co.kr/Restaurant_Review-g294197-d9353852-Reviews-Old_Tea_House-Seoul.html,9,4.4,전통찻집,고즈넉한 한옥에서 즐기는 전통차와 팥죽,,27330725,https://place.map.kakao.com/27330725,4000,8000,39,,true,,,,,,kakao
34344837,Bongsanok Seocho-dong Main Branch,+82 2-525-2282,"서울 5-6 Banpo-daero 8-gil, Seocho District",06716,37.483353,127.01246,"아시아 요리, 한국",월 11:00~21:20 / 화 11:00~21:20 / 수 11:00~21:20 / 목 11:00~21:20 / 금 11:00~21:20 / 토 11:00~20:00,,https://dynamic-media-cdn.tripadvisor.com/media/photo-o/33/11/db/6a/five-fat-yummy-dumplings.jpg?w=900&h=500&s=1,https://www.tripadvisor.co.kr/Restaurant_Review-g294197-d34344837-Reviews-Bongsanok_Seocho_dong_Main_Branch-Seoul.html,1,5.0,한식,맑고 깔끔한 국물에 담백한 만두의 조화,월 20:30 / 화 20:30 / 수 20:30 / 목 20:30 / 금 20:30 / 토 19:10,7908112,https://place.map.kakao.com/7908112,10000,20000,12,true,true,true,,,,,kakao
17623480,바 420,+82 2-2274-1456,서울 종로구 종로16길 31-6,03191,37.56861,126.98903,"바, 유럽 요리, 컨템퍼러리, 펍, 퓨전, 포르투갈, 와인 바",월 11:00~24:00 / 화 11:00~24:00 / 수 11:00~24:00 / 목 11:00~24:00 / 금 11:00~24:00 / 토 13:00~24:00 / 일 13:00~23:00,"We are a Portuguese wine restaurant You can enjoy a variety of wines such as port wine and Portuguese wine We have a variety of platter, pasta, and pizza",https://dynamic-media-cdn.tripadvisor.com/media/photo-o/25/0a/cf/a4/bar.jpg?w=900&h=500&s=1,https://www.tripadvisor.co.kr/Restaurant_Review-g294197-d17623480-Reviews-Bar_420-Seoul.html,3,4.3,와인바,포르투갈 와인&음식 전문 바로 한옥에서 포르투갈 로컬의 맛과 분위기를 느낄 수 있는곳.,,1800161504,https://place.map.kakao.com/1800161504,3000,22500,16,,,,,,true,,kakao
17482396,연경 연희점,+82 2-333-6655,서울 서대문구 연희로 145,03699,37.570538,126.93361,"중국 요리, 아시아 요리, 한국, 베이징 요리",월 11:30~21:30 / 화 11:30~21:30 / 수 11:30~21:30 / 목 11:30~21:30 / 금 11:30~21:30 / 토 11:30~21:30 / 일 11:30~21:30,"연희동 맛집 연경 연희점입니다. 서울 서대문구 연희로 메인 도로에 위치해 있으며, 네이버지도에 '연경 연희점'을 검색하시면 쉽게 방문 가능하십니다.연경 미식 도슨트, 북경오리 할인, 콜키지 프리 매주 다양한 이벤트를 진행하고 있어 가족외식/데이트/단체모임으로도 많이 방문해주십니다.100명 이상 수용 가능한 단체석도 구비되어 있어 회식 및 모임 장소로도 편하게 이용하실 수 있습니다.현재 차이나타운 본점, 동화마을점(송월동), 서울 연희점 세 곳의 직영 매장을 운영하고 있습니다.",https://dynamic-media-cdn.tripadvisor.com/media/photo-o/33/ab/eb/51/caption.jpg?w=900&h=500&s=1,https://www.tripadvisor.co.kr/Restaurant_Review-g294197-d17482396-Reviews-Yanjing_Yeonhui-Seoul.html,2,5.0,중국요리,"100명 이상 수용가능, 단체석 중대형 룸 완비, 무료주차장 발렛서비스 가능!",,1076717674,https://place.map.kakao.com/1076717674,9000,29000,12,true,,,,,,,kakao
3922879,혜성 칼국수,+82 2-967-6918,서울 동대문구 청량리동 50-18,,37.583405,127.04898,"아시아 요리, 한국",,,https://dynamic-media-cdn.tripadvisor.com/media/photo-o/12/f9/08/b1/mosquee-1.jpg?w=200&h=200&s=1,https://www.tripadvisor.co.kr/Restaurant_Review-g294197-d3922879-Reviews-Hyeseong_Kalguksu-Seoul.html,14,4.4,,오래된 손맛 깊은 닭칼국수 한 그릇,,16937330,https://place.map.kakao.com/16937330,10000,10000,2,false,,true,,,,,
7149910,하모,+82 2-515-4266,서울 강남구 언주로 819 HB 빌딩 2층,06024,37.523273,127.03306,"아시아 요리, 한국",월 11:30~22:00 / 화 11:30~22:00 / 수 11:30~22:00 / 목 11:30~22:00 / 금 11:30~22:00 / 토 11:30~22:00 / 일 11:30~22:00,,https://dynamic-media-cdn.tripadvisor.com/media/photo-o/12/f9/08/b1/mosquee-1.jpg?w=200&h=200&s=1,https://www.tripadvisor.co.kr/Restaurant_Review-g294197-d7149910-Reviews-Hamo-Seoul.html,18,4.4,한정식,섬세한 손길 담긴 진주 한정식의 품격,일 20:30 / 월 20:30 / 화 20:30 / 수 20:30 / 목 20:30 / 금 20:30 / 토 20:30,17806264,https://place.map.kakao.com/17806264,16000,47500,10,true,true,true,true,,,,kakao
28057392,피플더테라스,+82 2-511-8113,서울 강남구 도산대로81길 13,06011,37.525158,127.04766,"아시아 요리, 한국, 와인 바, 다이닝 바",화 18:00~02:00 / 수 18:00~02:00 / 목 18:00~02:00 / 금 18:00~02:00 / 토 18:00~02:00 / 일 18:00~02:00,"Seventeen,NCT,차은우,이병헌,하정우,비,한예슬,김재중, 등 국내 최정상급 연예인들도 방문하는 청담동 랜드마크이자, 한국에서 제일 규모가 큰 다이닝바 입니다. 피플 더 테라스는 유럽풍의 대저택 컨셉으로, 4개층으로 이루어져 있으며, 유일하게 500명까지 수용이 가능한 초대형 다이닝바 입니다. 이탈리안 베이스의 음식들과 다양한 시그니처 칵테일로 유명한 매장입니다.",https://dynamic-media-cdn.tripadvisor.com/media/photo-o/2f/31/53/0a/1.jpg?w=900&h=500&s=1,https://www.tripadvisor.co.kr/Restaurant_Review-g294197-d28057392-Reviews-People_The_Terrace-Seoul.html,1,5.0,와인바,초록빛 가득한 도심 속 보타닉 와인바,,1958287649,https://place.map.kakao.com/1958287649,23000,28000,14,true,true,true,true,,,,kakao
28113351,마장동딸,+82 10-8183-5251,서울 18 Salgoji-gil Seongdong-gu,04748,37.161564,126.665474,"그릴, 건강식",월 12:00~22:00 / 화 12:00~22:00 / 수 12:00~22:00 / 목 12:00~22:00 / 금 12:00~22:00 / 토 12:00~22:00,,https://dynamic-media-cdn.tripadvisor.com/media/photo-o/30/8d/55/f7/caption.jpg?w=900&h=500&s=1,https://www.tripadvisor.co.kr/Restaurant_Review-g294197-d28113351-Reviews-Majangdong_Ddal-Seoul.html,2,5.0,"육류,고기","충북횡성 한우 투뿔 한우맛집. 서비스 육사시미, 된장찌개도 투뿔 한우로 제공드립니다!!",,1366236543,https://place.map.kakao.com/1366236543,17000,28000,12,true,true,,,,,,kakao
4083838,앙카라 피크닉,+82 2-793-2550,서울 용산구 이태원동 127-11,,37.534496,126.99428,"패스트푸드, 터키, 중동 요리",월 11:00~22:00 / 화 11:00~22:00 / 수 11:00~22:00 / 목 11:00~22:00 / 금 11:00~22:00 / 토 11:00~02:00 / 일 11:00~02:00,,https://dynamic-media-cdn.tripadvisor.com/media/photo-o/2d/3c/5c/d1/caption.jpg?w=200&h=200&s=1&cx=652&cy=658&chk=v1_9f2bb4f219977e82f060,https://www.tripadvisor.co.kr/Restaurant_Review-g294197-d4083838-Reviews-Ankara_Picnic-Seoul.html,35,4.2,튀르키예음식,터키 정통 양념 가득한 치킨 케밥,,17001472,https://place.map.kakao.com/17001472,6900,9400,12,true,,,,,,,kakao
13975541,진진수라 -  광화문점,+82 2-6226-8191,서울 종로구 종로5길 7 지하2층,03157,37.57035,126.98027,"아시아 요리, 한국",월 11:00~21:30 / 화 11:00~21:30 / 수 11:00~21:30 / 목 11:00~21:30 / 금 11:00~21:30 / 토 11:00~21:30 / 일 11:00~21:30,,https://dynamic-media-cdn.tripadvisor.com/media/photo-o/15/9c/0c/3a/namul-vegetables.jpg?w=900&h=500&s=1,https://www.tripadvisor.co.kr/Restaurant_Review-g294197-d13975541-Reviews-Jinjinsura_Gwanghwamun-Seoul.html,3,4.0,한정식,품격 있는 한정식 프라이빗 공간,일 20:30 / 월 20:30 / 화 20:30 / 수 20:30 / 목 20:30 / 금 20:30 / 토 20:30,967729291,https://place.map.kakao.com/967729291,25900,32900,17,true,true,true,true,,,,kakao
7748405,오미가 신사점,+82 2-543-1145,서울 강남구 논현로 833,06032,,,"아시아 요리, 한국",월 11:30~21:30 / 화 11:30~21:30 / 수 11:30~21:30 / 목 11:30~21:30 / 금 11:30~21:30 / 토 11:30~21:30 / 일 11:30~21:30,,https://dynamic-media-cdn.tripadvisor.com/media/photo-o/1a/3c/92/ba/omiga-sinsa.jpg?w=800&h=-1&s=1,https://www.tripadvisor.co.kr/Restaurant_Review-g294197-d7748405-Reviews-Omiga_Sinsa-Seoul.html,9,4.3,한정식,24가지 반찬과 윤기 흐르는 돌솥밥 한 상,일 20:00 / 월 20:00 / 화 20:00 / 수 20:00 / 목 20:00 / 금 20:00 / 토 20:00,10637815,https://place.map.kakao.com/10637815,5000,39000,13,true,true,true,,,,,kakao
20351255,한상한정식,+82 2-962-1472,서울 성북구 화랑로 248 장위뉴타워 13층,02787,37.61035,127.05689,,일 11:30~15:00 / 일 16:30~22:00 / 월 11:30~15:00 / 월 16:30~22:00 / 화 11:30~15:00 / 화 16:30~22:00 / 수 11:30~15:00 / 수 16:30~22:00 / 목 11:30~15:00 / 목 16:30~22:00 / 금 11:30~15:00 / 금 16:30~22:00 / 토 11:30~15:00 / 토 16:30~22:00,,https://dynamic-media-cdn.tripadvisor.com/media/photo-o/1b/43/09/14/inside.jpg?w=900&h=-1&s=1,https://www.tripadvisor.co.kr/Restaurant_Review-g294197-d20351255-Reviews-Hansang-Seoul.html,1,5.0,,,,,,,,,,,,,,,,tripadvisor
9161890,진진,+82 70-5035-8878,서울 마포구 잔다리로 123,03997,,,"중국 요리, 해산물",월 11:30~21:30 / 화 11:30~21:30 / 수 11:30~21:30 / 목 11:30~21:30 / 금 11:30~21:30 / 토 11:30~21:30 / 일 12:00~21:30,,https://dynamic-media-cdn.tripadvisor.com/media/photo-o/2b/ba/25/13/caption.jpg?w=200&h=200&s=1&cx=1920&cy=1080&chk=v1_8753eb113717e50dd2fc,https://www.tripadvisor.co.kr/Restaurant_Review-g294197-d9161890-Reviews-Jinjin-Seoul.html,21,4.0,중식,섬세한 손맛이 빚어낸 중식의 진수,,1767349854,https://place.map.kakao.com/1767349854,9600,29200,23,true,,,,,,true,kakao
28038700,온리고앤코,+82 70-8888-2755,서울 도산대로 205 1층/ Hotel Sunshine,06026,37.520325,127.028786,"이탈리아 요리, 한국, 퓨전",월 09:30~23:00 / 화 09:30~23:00 / 수 09:30~23:00 / 목 09:30~23:00 / 금 09:30~23:00 / 토 09:30~23:00 / 일 09:30~23:00,"We are Onlygo&Co
a 'multi-cultural space' that blends flowers and dining in one place.
We offer Korean-Italian fusion cuisine. Booths and private rooms are available for reservation. Flower classes can be booked, and bouquet reservations are available.",https://dynamic-media-cdn.tripadvisor.com/media/photo-o/2c/f7/d5/62/caption.jpg?w=900&h=500&s=1,https://www.tripadvisor.co.kr/Restaurant_Review-g294197-d28038700-Reviews-Onlygo_Co-Seoul.html,2,5.0,양식,"꽃과 함께 하는 다이닝, 온리고엔코입니다.",,888384402,https://place.map.kakao.com/888384402,9000,28000,26,true,,,,,,,kakao
7906267,시내니건즈,+82 2-792-2550,서울 용산구 이태원로19길 5,04351,37.534748,126.99194,"바, 펍",,,https://dynamic-media-cdn.tripadvisor.com/media/photo-o/11/63/3c/e4/20171128-175331-largejpg.jpg?w=900&h=-1&s=1,https://www.tripadvisor.co.kr/Restaurant_Review-g294197-d7906267-Reviews-Shenanigans-Seoul.html,15,4.3,,,,,,,,,,,,,,,,
11846705,두끼떡볶이 현대시티아울렛동대문점,+82 2-2283-2906,서울 중구 장충단로13길 20 현대시티 아울렛 9층,04563,37.5687,127.00767,"아시아 요리, 한국",,,https://dynamic-media-cdn.tripadvisor.com/media/photo-o/0e/d9/29/20/dooki-tteokbokki-hyundai.jpg?w=900&h=500&s=1,https://www.tripadvisor.co.kr/Restaurant_Review-g294197-d11846705-Reviews-Dooki_Tteokbokki_Hyundai_City_Outlet_Dongdaemun-Seoul.html,8,4.8,,내 맘대로 완성하는 즉석 떡볶이의 즐거움,,2043081502,https://place.map.kakao.com/2043081502,5900,10400,4,true,true,,,,,,
16781452,소신이쏘,+82 2-324-3245,서울 서대문구 연세로5가길 19 1층,03789,37.55715,126.935524,"아시아 요리, 한국, 건강식",일 00:00~22:00 / 월 00:00~22:00 / 화 00:00~22:00 / 수 00:00~22:00 / 목 00:00~22:00 / 금 00:00~22:00 / 토 00:00~22:00,,https://dynamic-media-cdn.tripadvisor.com/media/photo-o/16/b9/2e/e5/caption.jpg?w=900&h=-1&s=1,https://www.tripadvisor.co.kr/Restaurant_Review-g294197-d16781452-Reviews-Sosinesso-Seoul.html,2,4.0,,투움바 크림 매콤 갈비찜의 진수,,26522526,https://place.map.kakao.com/26522526,11000,17000,3,false,true,,,,,,tripadvisor
12847250,구공탄곱창 - 홍대본점,+82 2-3395-9010,서울 마포구 양화로6길 77 1층,04047,37.548485,126.91849,"한국, 그릴",월 16:00~23:00 / 화 16:00~23:00 / 수 16:00~23:00 / 목 16:00~23:00 / 금 16:00~23:00 / 토 16:00~23:00 / 일 16:00~23:00,"안녕하세요 구공탄곱창 홍대 본점입니다. 돼지곱창,돼지막창,꼼장어,갈매기살,오돌갈비등 연탄구이 전문점이며 일본,중국,대만등 외국인들이 많이 방문하여 만족하시고 가고 웨이팅이 항상 걸리는 집입니다. 트립어드바이저에 좀 더 알리고 싶어 등록하는거라 잘 부탁드립니다.",https://dynamic-media-cdn.tripadvisor.com/media/photo-o/17/f7/6c/5b/photo0jpg.jpg?w=800&h=500&s=1,https://www.tripadvisor.co.kr/Restaurant_Review-g294197-d12847250-Reviews-Gugongtan_Gopchang_Hongdae_Head_Offic-Seoul.html,4,5.0,"곱창,막창",숯불 향 가득한 쫄깃한 곱창의 유혹,일 21:45 / 월 21:45 / 화 21:45 / 수 21:45 / 목 21:45 / 금 21:45 / 토 21:45,2078186665,https://place.map.kakao.com/2078186665,14000,14000,5,true,true,,,,,,kakao
27523713,몽가,+82 2-2039-8052,서울 송파구 송파대로49길 52 나인파크A 202호,05611,37.506317,127.09888,"프랑스 요리, 카페, 수프",월 09:30~18:00 / 화 09:30~18:00 / 수 09:30~18:00 / 목 09:30~18:00 / 금 09:30~18:00 / 토 09:30~18:00,,https://dynamic-media-cdn.tripadvisor.com/media/photo-o/2f/0e/23/22/caption.jpg?w=900&h=500&s=1,https://www.tripadvisor.co.kr/Restaurant_Review-g294197-d27523713-Reviews-Monga-Seoul.html,2,5.0,양식,"몽가(Mon 나의, 집가)의 의미 처럼편안한 분위기에 세련된 프렌치브런치를 즐길수 있어요.",,631501149,https://place.map.kakao.com/631501149,6500,14000,9,true,,,,,,true,kakao
8144675,작살치킨 석촌본점,+82 2-415-5413,서울 송파구 백제고분로39길 11,05615,,,"아시아 요리, 한국",,,https://dynamic-media-cdn.tripadvisor.com/media/photo-o/0f/c3/bc/d0/kim-hyun-joong.jpg?w=900&h=500&s=1,https://www.tripadvisor.co.kr/Restaurant_Review-g294197-d8144675-Reviews-Jaksal_Chicken_Seokchon-Seoul.html,20,4.8,,,,,,,,,,,,,,,,
18543642,반미프엉,+82 2-3144-1898,"서울 마포구 성미산로29길 20 1,2,3층",03980,37.564953,126.92244,,,아직 반미프엉에 대한 콘텐츠가 없습니다.,https://dynamic-media-cdn.tripadvisor.com/media/photo-o/26/f4/3a/b9/front-of-the-restaurant.jpg?w=900&h=500&s=1,https://www.tripadvisor.co.kr/Restaurant_Review-g294197-d18543642-Reviews-Banh_Mi_Phuong-Seoul.html,4,4.0,,,,,,,,,,,,,,,,
9273611,스즈란테이,,서울 이촌로 245,,37.519943,126.97414,,월 11:30~21:30 / 화 11:30~21:30 / 수 11:30~21:30 / 목 11:30~21:30 / 금 11:30~21:30 / 토 11:30~21:30 / 일 11:30~21:30,,https://dynamic-media-cdn.tripadvisor.com/media/photo-o/12/f9/08/b1/mosquee-1.jpg?w=200&h=200&s=1,https://www.tripadvisor.co.kr/Restaurant_Review-g294197-d9273611-Reviews-Seu_Jeuran_Te_I-Seoul.html,10,4.4,일식집,일본 가정식 달인의 정성 가득한 한상,일 21:10 / 월 21:10 / 화 21:10 / 수 21:10 / 목 21:10 / 금 21:10 / 토 21:10,16558563,https://place.map.kakao.com/16558563,10000,13000,26,false,true,true,true,,,,kakao
13422172,Roof-top Bar Floating @ L7 Myeongdong,+82 2-6310-1000,서울 중구 퇴계로 137,04537,,,"바, 펍",,,https://dynamic-media-cdn.tripadvisor.com/media/photo-o/11/d7/02/62/20170911-174324-largejpg.jpg?w=900&h=500&s=1,https://www.tripadvisor.co.kr/Restaurant_Review-g294197-d13422172-Reviews-Roof_top_Bar_Floating_L7_Myeongdong-Seoul.html,4,3.8,,,,,,,,,,,,,,,,
9416931,몽중헌 방이점,+82 2-2202-8004,서울 송파구 위례성대로 10,05544,37.516758,127.11356,중국 요리,월 11:30~22:00 / 화 11:30~22:00 / 수 11:30~22:00 / 목 11:30~22:00 / 금 11:00~21:30 / 토 11:00~21:30 / 일 11:00~21:30,,https://dynamic-media-cdn.tripadvisor.com/media/photo-o/32/b9/1a/b6/37fa8f9d-5dbb-42bb.jpg?w=200&h=200&s=1,https://www.tripadvisor.co.kr/Restaurant_Review-g294197-d9416931-Reviews-Mongjungheon_Bangi-Seoul.html,10,3.9,중국요리,고층에서 즐기는 정성 가득 딤섬 코스,,19452961,https://place.map.kakao.com/19452961,12000,16500,26,true,,,,,,,kakao
13859720,아우어 베이커리,+82 2-545-5556,서울 강남구 도산대로45길 10-11 JYC2 빌딩,06020,37.5235,127.03687,카페,,,https://dynamic-media-cdn.tripadvisor.com/media/photo-o/12/f9/08/b1/mosquee-1.jpg?w=200&h=200&s=1,https://www.tripadvisor.co.kr/Restaurant_Review-g294197-d13859720-Reviews-Our_Bakery-Seoul.html,16,4.0,,,,,,,,,,,,,,,,
20262761,암소서울 광화문점,+82 2-6744-0123,서울 종로구 새문안로 76 콘코디언빌딩 지하 1층,03185,37.569756,126.97317,"아시아 요리, 한국",일 11:00~23:00 / 월 11:00~23:00 / 화 11:00~23:00 / 수 11:00~23:00 / 목 11:00~23:00 / 금 11:00~23:00 / 토 11:00~23:00,"암소서울은 토니정 쉐프의 'Korean Dining Studio'로 브랜드 대표 메뉴인 한우 '암소'와 지금의 한국다움을 가장 생생하게 품은 도시 '서울'의 합성어입니다. 암소서울의 메뉴는 선조들의 고서 중 조선시대에 남아있던 자료들로 완성하였습니다. 한양을 대표했던 음식 중에서도 미식을 즐기던 양반, 사대부 종가 가문들의 메뉴를 재현하면서 우리나라 최고 명인들의 자개, 장, 젓갈, 한과 등 조선을 대표했던 명주와 함께 만들었습니다. 전통과 현대가 공존하는 지금 이 순간, 암소서울에서 새로운 한식을 느끼고 경험해보시기 바랍니다.",https://dynamic-media-cdn.tripadvisor.com/media/photo-o/1b/25/d8/08/caption.jpg?w=900&h=500&s=1,https://www.tripadvisor.co.kr/Restaurant_Review-g294197-d20262761-Reviews-IM_SO_SEOUL_Gwanghwamun-Seoul.html,3,5.0,,,,,,,,,,,,,,,,tripadvisor
4071058,세븐스프링스 광화문점,+82 2-2122-2670,"서울 종로구 새문안로 68 흥국생명 빌딩 지하 2층 B2F, Hongguk Life Insurance Bldg.",,37.569675,126.97228,"스테이크하우스, 퓨전",,,https://dynamic-media-cdn.tripadvisor.com/media/photo-o/2a/f7/80/ce/caption.jpg?w=200&h=200&s=1&cx=1920&cy=1079&chk=v1_5192524b3b14f2153843,https://www.tripadvisor.co.kr/Restaurant_Review-g294197-d4071058-Reviews-Seven_Springs_Gwanghwamun-Seoul.html,17,3.8,,,,,,,,,,,,,,,,
9300469,강강술래 청담점,+82 2-3443-3392,서울 강남구 도산대로 535,06013,37.5251,127.05199,,월 11:00~24:00 / 화 11:00~07:00 / 수 11:00~07:00 / 목 11:00~07:00 / 금 11:00~07:00 / 토 11:00~07:00 / 일 11:00~07:00,아직 강강술래 청담점에 대한 콘텐츠가 없습니다.,https://dynamic-media-cdn.tripadvisor.com/media/photo-o/32/e0/0f/4e/caption.jpg?w=200&h=200&s=1,https://www.tripadvisor.co.kr/Restaurant_Review-g294197-d9300469-Reviews-Kang_Kang_Sullae_Cheongdam-Seoul.html,11,4.4,갈비,전통과 현대가 어우러진 프라이빗 갈비집,,20946094,https://place.map.kakao.com/20946094,9900,36000,19,true,,,,,,,kakao
8921815,비원손칼국수,+82 2-744-4848,서울 종로구 창덕궁1길 9-1,03058,37.57927,126.988754,"아시아 요리, 한국",월 11:00~21:00 / 화 11:00~21:00 / 수 11:00~21:00 / 목 11:00~21:00 / 금 11:00~21:00 / 토 11:00~21:00 / 일 11:00~21:00,,https://dynamic-media-cdn.tripadvisor.com/media/photo-o/12/f9/08/b1/mosquee-1.jpg?w=200&h=200&s=1,https://www.tripadvisor.co.kr/Restaurant_Review-g294197-d8921815-Reviews-Biwon_Son_Kalguksu-Seoul.html,18,4.6,칼국수,깊고 진한 육수에 담긴 손칼국수의 온기,,7914791,https://place.map.kakao.com/7914791,10000,18500,10,true,true,,,,,,kakao
9732438,루프탑 바,+82 2-2038-9618,서울 강남구 봉은사로 155 호텔 카푸치노,06122,37.506813,127.03149,"바, 펍, 와인 바",월 17:30~23:00 / 화 17:30~23:00 / 수 17:30~23:00 / 목 17:30~23:00 / 금 17:30~23:00 / 토 17:30~23:00 / 일 17:30~23:00,,https://dynamic-media-cdn.tripadvisor.com/media/photo-o/0a/97/f6/71/rooftop-bar.jpg?w=900&h=500&s=1,https://www.tripadvisor.co.kr/Restaurant_Review-g294197-d9732438-Reviews-Rooftop_Bar-Seoul.html,9,3.6,칵테일바,노을 품은 도심 속 루프탑 바,일 22:00 / 월 22:00 / 화 22:00 / 수 22:00 / 목 22:00 / 금 22:00 / 토 22:00,1254001064,https://place.map.kakao.com/1254001064,15000,18000,26,true,true,,,,,,kakao
15544918,데블스도어 코엑스몰점,+82 2-6002-1150,서울 강남구 영동대로 513,06164,37.511524,127.06079,미국 요리,월 10:30~23:30 / 화 10:30~23:30 / 수 10:30~23:30 / 목 10:30~23:30 / 금 10:30~01:00 / 토 10:30~01:00 / 일 10:30~23:30,,https://dynamic-media-cdn.tripadvisor.com/media/photo-o/1b/26/1c/43/photo0jpg.jpg?w=900&h=500&s=1,https://www.tripadvisor.co.kr/Restaurant_Review-g294197-d15544918-Reviews-Devil_s_Door_Coex_Mall-Seoul.html,13,3.5,"호프,요리주점",벽돌 감성 가득한 넓은 수제맥주 공간,일 22:30 / 월 22:30 / 화 22:30 / 수 22:30 / 목 22:30 / 금 24:00 / 토 24:00,1669979708,https://place.map.kakao.com/1669979708,11000,19500,23,false,true,,true,,,,kakao
1911506,후터스,,"서울 Noveltech Bldg, B1, 201-6 Nonhyeon-Dong, Kangnam-ku",,37.505,127.02619,"미국 요리, 바",,Check the company's website.,https://dynamic-media-cdn.tripadvisor.com/media/photo-o/12/f9/08/b1/mosquee-1.jpg?w=200&h=200&s=1,https://www.tripadvisor.co.kr/Restaurant_Review-g294197-d1911506-Reviews-Hooters-Seoul.html,35,3.4,,,,,,,,,,,,,,,,
32831668,솥내음 삼성점,+82 2-552-0514,서울 영동대로106길 41,,37.514275,127.06438,"아시아 요리, 한국",월 11:00~22:00 / 화 11:00~22:00 / 수 11:00~22:00 / 목 11:00~22:00 / 금 11:00~22:00 / 토 11:00~21:00 / 일 11:00~21:00,,https://dynamic-media-cdn.tripadvisor.com/media/photo-o/32/e2/de/82/caption.jpg?w=900&h=500&s=1,https://www.tripadvisor.co.kr/Restaurant_Review-g294197-d32831668-Reviews-Sotnaeeum_Samseongjeom-Seoul.html,1,5.0,한식,"16가지의 솥밥메뉴와 소꼬리찜,해물장 등 술안주가 맛있는 곳🎵 총 65석, 단체석 완비~",,1230643173,https://place.map.kakao.com/1230643173,11000,15450,20,true,,,,,,true,kakao
9321716,피에프창 코엑스몰점,+82 2-551-4588,서울 강남구 봉은사로 524 코엑스몰 B1 P107호,06164,37.513626,127.05965,아시아 요리,월 11:00~22:00 / 화 11:00~22:00 / 수 11:00~22:00 / 목 11:00~22:00 / 금 11:00~22:00 / 토 11:00~22:00 / 일 11:00~22:00,,https://dynamic-media-cdn.tripadvisor.com/media/photo-o/12/f9/08/b1/mosquee-1.jpg?w=200&h=200&s=1,https://www.tripadvisor.co.kr/Restaurant_Review-g294197-d9321716-Reviews-P_F_Chang_s_COEX_Mall-Seoul.html,29,3.8,아시아음식,웍의 불맛과 세련된 아시안 다이닝,일 21:00 / 월 21:00 / 화 21:00 / 수 21:00 / 목 21:00 / 금 21:00 / 토 21:00,26345047,https://place.map.kakao.com/26345047,15900,22900,20,true,,,,,,true,kakao
9313425,삼원가든,+82 2-548-3030,서울 언주로 835,,37.524998,127.03289,"바베큐, 아시아 요리, 한국",,,https://dynamic-media-cdn.tripadvisor.com/media/photo-o/2a/f7/80/ce/caption.jpg?w=200&h=200&s=1&cx=1920&cy=1079&chk=v1_5192524b3b14f2153843,https://www.tripadvisor.co.kr/Restaurant_Review-g294197-d9313425-Reviews-Samwon_Garden-Seoul.html,25,3.8,,,,,,,,,,,,,,,,
12310750,도사 바이 백승욱,+82 2-516-3672,서울 강남구 도산대로67길 7 파크빌딩 지하 1층,06016,37.52446,127.04441,"아시아 요리, 한국",화 12:00~15:00 / 화 18:00~22:00 / 수 12:00~15:00 / 수 18:00~22:00 / 목 12:00~15:00 / 목 18:00~22:00 / 금 12:00~15:00 / 금 18:00~22:00 / 토 12:00~15:00 / 토 18:00~22:00,Modern Korean Cuisine,https://dynamic-media-cdn.tripadvisor.com/media/photo-o/28/6c/00/60/caption.jpg?w=200&h=200&s=1&cx=945&cy=708&chk=v1_ed453c98673a281c4906,https://www.tripadvisor.co.kr/Restaurant_Review-g294197-d12310750-Reviews-DOSA_by_Baek_Seung_Wook-Seoul.html,16,4.3,,,,,,,,,,,,,,,,tripadvisor
21156127,진도식당,+82 2-470-1663,서울 천호2동 천호대로151길 14-6,05248,37.539364,127.122894,"해산물, 아시아 요리, 한국, 그릴",월 11:30~22:00 / 화 11:30~22:00 / 수 11:30~22:00 / 목 11:30~22:00 / 금 11:30~22:00 / 토 11:30~22:00,,https://dynamic-media-cdn.tripadvisor.com/media/photo-o/1b/9e/65/76/view-from-outside.jpg?w=800&h=400&s=1,https://www.tripadvisor.co.kr/Restaurant_Review-g294197-d21156127-Reviews-Jindosigdang-Seoul.html,1,4.0,한식,남도 정취 가득한 진한 한상 차림,,8086078,https://place.map.kakao.com/8086078,120000,120000,8,true,true,true,,,,,kakao
27970466,목구멍 신논현점,+820507-1350-9280,서울 강남구 봉은사로2길 16 1f,06123,37.50355,127.0257,"아시아 요리, 한국, 그릴",월 16:00~24:00 / 화 16:00~24:00 / 수 16:00~24:00 / 목 16:00~24:00 / 금 16:00~24:00 / 토 13:30~23:00 / 일 13:30~23:00,,https://dynamic-media-cdn.tripadvisor.com/media/photo-o/2f/49/18/01/caption.jpg?w=900&h=500&s=1,https://www.tripadvisor.co.kr/Restaurant_Review-g294197-d27970466-Reviews-Moggumung_Sinnonhyeon_Branch-Seoul.html,1,5.0,"육류,고기",신논현역과 강남역 사이에 위치해 있는 구워주는 솥뚜껑삼겹살 고기집 입니다.,,1116539400,https://place.map.kakao.com/1116539400,4500,6500,8,,,,,,,,kakao
25279428,파크689,+82 2-3408-5030,서울 강북구 삼양로 689 파라스파라 서울 114동 1층,01000,37.66497,127.007744,"스테이크하우스, 아시아 요리",월 12:00~21:00 / 화 12:00~21:00 / 수 12:00~21:00 / 목 12:00~21:00 / 금 12:00~21:00 / 토 12:00~21:00 / 일 12:00~21:00,,https://dynamic-media-cdn.tripadvisor.com/media/photo-o/28/2d/50/09/689-hall.jpg?w=900&h=-1&s=1,https://www.tripadvisor.co.kr/Restaurant_Review-g294197-d25279428-Reviews-PARK689-Seoul.html,2,5.0,양식,수영장 뷰와 어우러진 이국적 맛의 향연,일 14:30 / 일 20:30 / 월 14:30 / 월 20:30 / 화 14:30 / 화 20:30 / 수 14:30 / 수 20:30 / 목 14:30 / 목 20:30 / 금 14:30 / 금 20:30 / 토 14:30 / 토 20:30,113144208,https://place.map.kakao.com/113144208,15000,31000,25,true,true,true,true,,,,kakao
4075085,광화문집,+82 2-739-7737,서울 종로구 새문안로5길 12,,37.571415,126.97499,"아시아 요리, 한국",,,https://dynamic-media-cdn.tripadvisor.com/media/photo-o/32/e0/0f/4e/caption.jpg?w=200&h=200&s=1,https://www.tripadvisor.co.kr/Restaurant_Review-g294197-d4075085-Reviews-Gwanghwamunjip-Seoul.html,31,4.0,,투박한 집밥 감성 돼지김치찌개,,26558016,https://place.map.kakao.com/26558016,3000,8000,4,true,,,,,,,
11671920,써니사이드,+82 2-3401-7442,서울 송파구 동남로18길 34 태성빌딩 1층,05785,37.49344,127.133514,"이탈리아 요리, 스테이크하우스, 피자, 카페, 와인 바",월 09:00~17:00 / 화 09:00~17:00 / 수 09:00~17:00 / 목 09:00~17:00 / 금 09:00~17:00 / 토 09:00~17:00,"써니사이드는 앞선 감각으로 선별한 브랜드들을 선보입니다. 구선아 베이커리, 이탈리안 레스토랑 캔틴, 리빙 편집샵 홈. 감각적인 연출로 미국에서 큰 인기를 누리고 있는 줄리스카가 입점되어 많은 고객님들이 방문해주시고 계십니다. 써니사이드는 앞선 감각으로 선별한 브랜드들을 선보입니다. 단순히 상품만 판매하는 곳이 아닌 다양한 문화 활동과 이벤트를 진행하는 복합공간입니다.",https://dynamic-media-cdn.tripadvisor.com/media/photo-o/32/e0/0f/4e/caption.jpg?w=200&h=200&s=1,https://www.tripadvisor.co.kr/Restaurant_Review-g294197-d11671920-Reviews-Sunnyside-Seoul.html,10,4.1,카페,화덕피자와 감성 가득한 브런치 공간,,18857241,https://place.map.kakao.com/18857241,4500,7000,52,true,true,true,true,,,,kakao
8959701,화사랑화로구이 송파점,+82 2-421-4554,서울 오금로 162,,37.51003,127.11264,"아시아 요리, 한국",월 11:00~24:00 / 화 11:00~24:00 / 수 11:00~24:00 / 목 11:00~24:00 / 금 11:00~24:00 / 토 11:00~24:00 / 일 11:00~24:00,,https://dynamic-media-cdn.tripadvisor.com/media/photo-o/19/e0/2a/df/1.jpg?w=700&h=400&s=1,https://www.tripadvisor.co.kr/Restaurant_Review-g294197-d8959701-Reviews-Hwasarang_Hwaro_Gui_Songpa-Seoul.html,5,4.4,"육류,고기",참숯 향 가득한 정겨운 화로구이 마을,,13584742,https://place.map.kakao.com/13584742,10000,20500,20,true,,,,,,true,kakao
20942583,지미 스모크하우스,+82 70-7576-2700,서울 종로구 서순라길 117,03134,37.57548,126.99139,이탈리아 요리,화 11:30~22:00 / 수 11:30~22:00 / 목 11:30~22:00 / 금 11:30~22:00 / 토 12:00~22:00 / 일 12:00~22:00,,https://dynamic-media-cdn.tripadvisor.com/media/photo-o/29/7c/83/7b/smoked-pork-shoulder.jpg?w=900&h=500&s=1,https://www.tripadvisor.co.kr/Restaurant_Review-g294197-d20942583-Reviews-Jimmie_s_Smokehouse-Seoul.html,16,5.0,양식,궁궐 담벼락과 어우러진 유럽 감성 식당,,1921885173,https://place.map.kakao.com/1921885173,1500,19500,14,true,,,,,,,kakao
14956881,혜화고기,+82 2-927-2306,서울 성북구 동소문로20나길 38,02845,37.59244,127.01855,"바베큐, 아시아 요리, 한국",일 17:00~03:00 / 월 17:00~03:00 / 화 17:00~03:00 / 수 17:00~03:00 / 목 17:00~03:00 / 금 17:00~03:00 / 토 17:00~03:00,"Korean BBQ restaurant near Sungshin Woman's University station. We provide best quality Korean pork menu and also good tastes iberian pork with various & special Korean side dishes. Always welcome from 4 pm to 3 am :) - English, Russian languages are also available !",https://dynamic-media-cdn.tripadvisor.com/media/photo-o/14/0c/23/5e/store-interior.jpg?w=900&h=500&s=1,https://www.tripadvisor.co.kr/Restaurant_Review-g294197-d14956881-Reviews-Hyehwa_Gogi-Seoul.html,7,4.6,,,,,,,,,,,,,,,,tripadvisor
33678185,Jae Soo Don Cheongdam-dong,+82 2-593-3584,서울 88-31 Cheongdam-dong Gangnam District,06014,37.52467,127.04126,"일본 요리, 해산물, 스시, 아시아 요리, 한국, 퓨전, 맥주 음식점, 일본식 퓨전",월 11:00~02:00 / 화 11:00~02:00 / 수 11:00~02:00 / 목 11:00~02:00 / 금 11:00~02:00 / 토 11:00~02:00 / 일 11:00~02:00,"Jae-don Gamjatang Cheongdam branch is a Korean restaurant where you can taste various bone dishes such as bone hangover soup, gamjatang, grilled bone, and steamed bone",https://dynamic-media-cdn.tripadvisor.com/media/photo-o/31/4c/3f/b9/caption.jpg?w=900&h=500&s=1,https://www.tripadvisor.co.kr/Restaurant_Review-g294197-d33678185-Reviews-Izakaya_Sooda_Cheongdam_Branch-Seoul.html,2,5.0,감자탕,감자탕 맛집,,825871944,https://place.map.kakao.com/825871944,9000,41000,10,true,,,,,,,kakao
9173380,케르반 베이커리&카페,+82 2-790-5585,서울 용산구 이태원로 208,04405,37.534714,126.99657,터키,월 10:00~22:00 / 화 10:00~22:00 / 수 10:00~22:00 / 목 10:00~22:00 / 금 10:00~19:00 / 토 10:00~19:00 / 일 10:00~23:00,,https://dynamic-media-cdn.tripadvisor.com/media/photo-o/32/e0/0e/ff/caption.jpg?w=200&h=200&s=1,https://www.tripadvisor.co.kr/Restaurant_Review-g294197-d9173380-Reviews-Kervan_Bakery_Cafe-Seoul.html,15,4.1,"제과,베이커리",40겹 페이스트리 속 달콤한 터키 전통 디저트,,24375610,https://place.map.kakao.com/24375610,3000,9400,10,false,,,,,,,kakao
33991464,우와해 선릉,+82 70-7798-1692,서울 테헤란로 69길 8 1층,,37.506454,127.05279,"해산물, 바베큐, 아시아 요리, 한국, 그릴",월 00:00~24:00 / 화 00:00~24:00 / 수 00:00~24:00 / 목 00:00~24:00 / 금 00:00~24:00 / 토 00:00~24:00 / 일 00:00~24:00,"안녕하세요, 투뿔나인 정육식당 우와해 선릉본점 입니다. 우와해는 '마켓토랑'(마켓+레스토랑) 개념의 프리미엄 정육식당으로, 우리나라 외식 문화의 미래를 제시합니다. 1. 우 (투뿔한우) 매장에서 직접 소를 잡아 최상급 한우를 국내에서 가장 합리적인 가격으로 공급합니다. 특히, 최상급 1++ 한우 중에서도 근내지방도가 가장 높은 9등급 한우만 선별하여 취급합니다. 2. 와 (와인) 와인전문가가 선정한 30여종의 와인을 와인샵 가격으로 제공하고 있습니다. 한우와 잘 어울리는 와인을 부담없이 편안하게 즐길 수 있습니다. (와인은 콜키지 프리입니다. 위스키 및 기타 주류는 콜키지 유료이며 병 당 30,000원 입니다. ) 3. 해 (제철해산물) 계절에 따라 최상급 제철해산물을 준비하고 있습니다. 한우와 해산물을 함께 즐겨보세요. 우와해에서는 최상의 서비스를 가장 합리적인 가격으로 제공합니다. 단체 룸이 완비 되어있어 회식이나 모임 하기에도 좋습니다:) 언제든지 편하게 문의 주세요^^ * 노쇼 차지 1인당 20,000원 * 당일 취소 차지 1인당 10,000원  1. 최상의 맛과 서비스를 제공합니다. 부담 없는 가격으로 메뉴를 구성하였습니다. 고객님의 귀한 시간을 절약할 수 있도록 빠르게 요리합니다. 2. '천연 재료'를 고집합니다. 모든 음식에 인공 조미료 사용을 최소화 하였습니다. 다시다 대신 멸치를 직접 갈아 사용합니다. 다시마 우려낸 물을 사용합니다. 3. '국내산 식재료'를 고집합니다. 공산품을 제외한 식재료는 국내산 식재료만 고집합니다. 원가보다는 음식의 가치를 생각합니다. 4. 조금 번거로운 과정이더라도 직접 정성을 담습니다. 모든 양념과 소스 류는 매장에서 직접 만들고 숙성합니다. 매일 새벽 오랜 시간 푹 끓여낸 찌개와 국으로 식사를 준비합니다.",https://dynamic-media-cdn.tripadvisor.com/media/photo-o/32/01/cc/26/1-bms-no9-100.jpg?w=900&h=500&s=1,https://www.tripadvisor.co.kr/Restaurant_Review-g294197-d33991464-Reviews-Woowahae_Seolleung-Seoul.html,1,5.0,"육류,고기",1++NO.9 한우만 취급하는 프리미엄 정육식당 우와해 선릉본점 입니다:),,1058680724,https://place.map.kakao.com/1058680724,9500,20000,20,true,,,,,,,kakao
5287828,오엔,+82 2-3442-1582,서울 강남구 압구정동 380-2 한강공원,135898,37.527294,127.01778,"바, 카페",,,https://dynamic-media-cdn.tripadvisor.com/media/photo-o/12/f9/08/b1/mosquee-1.jpg?w=200&h=200&s=1,https://www.tripadvisor.co.kr/Restaurant_Review-g294197-d5287828-Reviews-ON_River_Station-Seoul.html,18,4.0,,한강뷰와 함께하는 고급 이탈리안 코스,,1348877274,https://place.map.kakao.com/1348877274,119000,169000,3,true,true,true,,,,,
12415994,그랜드 델리,+82 2-559-7653,서울 강남구 테헤란로 521 그랜드 인터컨티넨탈 서울 파르나스 1층,06164,37.509132,127.06085,"카페, 델리",일 08:00~21:00 / 월 07:00~21:00 / 화 07:00~21:00 / 수 07:00~21:00 / 목 07:00~21:00 / 금 07:00~21:00 / 토 08:00~21:00,"A small luxury for the precious people and me Unique delicacies from around the world, a path to a new world Offering a luxurious experience, just like buying something at an exclusive Jewelry Shop.",https://dynamic-media-cdn.tripadvisor.com/media/photo-o/17/f6/e1/1a/signature-carrot-cake.jpg?w=900&h=500&s=1,https://www.tripadvisor.co.kr/Restaurant_Review-g294197-d12415994-Reviews-Grand_Deli-Seoul.html,5,5.0,,,,,,,,,,,,,,,,tripadvisor
8935793,애슐리 - 홍대점,+82 2-332-9020,서울 만안구 양화로 129 경남빌딩 지하1층,13984,,,미국 요리,,,https://dynamic-media-cdn.tripadvisor.com/media/photo-o/1a/14/fa/af/caption.jpg?w=900&h=500&s=1,https://www.tripadvisor.co.kr/Restaurant_Review-g294197-d8935793-Reviews-Ashley-Seoul.html,4,4.3,,,,,,,,,,,,,,,,
12134660,라그릴리아 신도림디큐브시티점,+82 2-2210-9255,서울 구로구 경인로 662 디큐브시티 별관 2F,08209,37.50843,126.88873,"이탈리아 요리, 퓨전",,,https://dynamic-media-cdn.tripadvisor.com/media/photo-o/11/38/f5/d9/20171108-083231-largejpg.jpg?w=900&h=500&s=1,https://www.tripadvisor.co.kr/Restaurant_Review-g294197-d12134660-Reviews-La_Grillia_Sindorim_D_Cube_City-Seoul.html,10,3.3,,,,,,,,,,,,,,,,
25139751,코스모 더 케이브,+82 70-7789-6402,서울 마포구 연희로1길 28-9 지하1층,03985,37.55992,126.925835,"이탈리아 요리, 아시아 요리, 한국, 퓨전, 와인 바",일 17:00~23:00 / 수 17:00~23:00 / 목 17:00~23:00 / 금 17:00~23:00 / 토 17:00~23:00,"먹고 마시는 와인 소매점, 서울의 첫 번째 캬바망제",https://dynamic-media-cdn.tripadvisor.com/media/photo-o/32/e0/0d/6d/caption.jpg?w=200&h=200&s=1,https://www.tripadvisor.co.kr/Restaurant_Review-g294197-d25139751-Reviews-Cosmo_The_Cave-Seoul.html,11,5.0,,,,1965437109,https://place.map.kakao.com/1965437109,,,,,,,,,true,,tripadvisor
10235656,남산와이너리,+82 2-727-5849,서울 용산구 회나무로10길 5,04345,37.538914,126.98911,"유럽 요리, 포르투갈, 와인 바",월 12:00~23:00 / 화 12:00~23:00 / 수 12:00~23:00 / 목 12:00~23:00 / 금 12:00~23:00 / 토 12:00~23:00 / 일 12:00~22:00,"We provide you Portuguese Wine & Food. We are restautrant and wine bar. There are some special spaces such as terrace, private room and wine shop. The atmosphere is very cozy but neat. Staffs are very friendly and well-educated.",https://dynamic-media-cdn.tripadvisor.com/media/photo-o/13/f4/f0/16/caption.jpg?w=900&h=500&s=1,https://www.tripadvisor.co.kr/Restaurant_Review-g294197-d10235656-Reviews-Namsan_Winery-Seoul.html,5,4.0,양식,포르투갈 감성 가득한 와인과 식사의 향연,,27481670,https://place.map.kakao.com/27481670,12000,28500,8,true,,,,,,,kakao
4035229,예티,+82 2-325-0745,서울 마포구 와우산로18길 10 2층,04067,,,"인도 요리, 아시아 요리, 네팔",월 11:00~24:00 / 화 11:00~24:00 / 수 11:00~24:00 / 목 11:00~24:00 / 금 11:00~02:00 / 토 11:00~02:00 / 일 11:00~24:00,,https://dynamic-media-cdn.tripadvisor.com/media/photo-o/32/b9/1a/b6/37fa8f9d-5dbb-42bb.jpg?w=200&h=200&s=1,https://www.tripadvisor.co.kr/Restaurant_Review-g294197-d4035229-Reviews-Yeti_Indian_Nepals_Restaurant-Seoul.html,15,4.5,인도음식,지글지글 탄두리 치킨과 이국적 인테리어,,13284457,https://place.map.kakao.com/13284457,2000,13000,30,true,true,true,,true,,,kakao
25306606,이남장명동점,+82 10-8351-8126,서울 중구 명동9길 39,04534,37.56551,126.98397,"아시아 요리, 한국, 토착 음식",월 08:30~22:00 / 화 08:30~22:00 / 수 08:30~22:00 / 목 08:30~22:00 / 금 08:30~22:00 / 토 08:30~22:00 / 일 08:30~22:00,,https://dynamic-media-cdn.tripadvisor.com/media/photo-o/28/61/c5/a1/caption.jpg?w=800&h=500&s=1,https://www.tripadvisor.co.kr/Restaurant_Review-g294197-d25306606-Reviews-Lee_Nam_Jang_Myeongdong-Seoul.html,5,5.0,설렁탕,진한 국물과 푸짐한 고기 설렁탕,일 21:30 / 월 21:30 / 화 21:30 / 수 21:30 / 목 21:30 / 금 21:30 / 토 21:30,1731978617,https://place.map.kakao.com/1731978617,14000,21000,11,,,,,,,,kakao
28144426,스시범,+82 2-2062-1770,서울 1024-17 신정1동,,37.520786,126.8598,"일본 요리, 스시, 아시아 요리, 한국",월 11:00~21:30 / 화 11:00~21:30 / 수 11:00~21:30 / 목 11:00~21:30 / 금 11:00~21:30 / 토 11:00~21:30 / 일 11:00~21:30,,https://dynamic-media-cdn.tripadvisor.com/media/photo-o/12/f9/08/b1/mosquee-1.jpg?w=200&h=200&s=1,https://www.tripadvisor.co.kr/Restaurant_Review-g294197-d28144426-Reviews-Seusibeom-Seoul.html,9,5.0,"초밥,롤","신선한 재료로 만든 초밥과 다양한 메뉴를 제공하는 목동 1등 맛집, 스시범! 🍣✨",,27508445,https://place.map.kakao.com/27508445,4000,12500,6,true,,,,,,true,kakao
8595441,하누소 - 인사점,+82 2-739-9990,서울 종로구 인사동4길 18 1층,03163,37.57296,126.987335,"아시아 요리, 한국",월 11:00~21:30 / 화 11:00~21:30 / 수 11:00~21:30 / 목 11:00~21:30 / 금 11:00~21:30 / 토 11:00~21:30 / 일 11:00~21:30,,https://dynamic-media-cdn.tripadvisor.com/media/photo-o/12/f9/08/b1/mosquee-1.jpg?w=200&h=200&s=1,https://www.tripadvisor.co.kr/Restaurant_Review-g294197-d8595441-Reviews-Hanuso_Insa-Seoul.html,14,4.4,"육류,고기",저온 숙성 한우의 깊은 풍미,,24048551,https://place.map.kakao.com/24048551,15000,24500,14,true,true,true,,,,,kakao
12519576,Pig's Life 100,,서울 57 Hongik-ro 6-gil,,37.55663,126.92442,"아시아 요리, 한국, 수프",,,https://dynamic-media-cdn.tripadvisor.com/media/photo-o/28/73/fb/d7/caption.jpg?w=900&h=500&s=1,https://www.tripadvisor.co.kr/Restaurant_Review-g294197-d12519576-Reviews-Pig_s_Life_100-Seoul.html,22,4.4,,,,,,,,,,,,,,,,
11884822,만정,+82 2-733-1392,서울 종로구 삼청로 124-2,03053,37.586426,126.981636,"아시아 요리, 한국",일 11:00~22:00 / 월 11:00~22:00 / 화 11:00~22:00 / 수 11:00~22:00 / 목 11:00~22:00 / 금 11:00~22:00 / 토 11:00~22:00,,https://dynamic-media-cdn.tripadvisor.com/media/photo-o/22/c4/5f/3d/caption.jpg?w=200&h=200&s=1&cx=999&cy=562&chk=v1_13a52aa748e534826638,https://www.tripadvisor.co.kr/Restaurant_Review-g294197-d11884822-Reviews-Manjung_Restaurant-Seoul.html,11,4.5,,,,,,,,,,,,,,,,tripadvisor
20355549,레에스티우 지중해상점 서촌,+82 2-722-212,서울 종로구 자하문로16길 4 1층,03043,,,"이탈리아 요리, 지중해 요리, 유럽 요리, 스페인 요리, 와인 바",일 11:30~15:30 / 일 17:30~00:00 / 월 11:30~15:30 / 월 17:30~23:00 / 화 11:30~15:30 / 화 17:30~23:00 / 수 11:30~15:30 / 수 17:30~23:00 / 목 11:30~15:30 / 목 17:30~23:00 / 금 11:30~15:30 / 금 17:30~00:00 / 토 11:30~15:30 / 토 17:30~00:00,,https://dynamic-media-cdn.tripadvisor.com/media/photo-o/1b/42/9f/ca/arroces-valencianos-y.jpg?w=900&h=500&s=1,https://www.tripadvisor.co.kr/Restaurant_Review-g294197-d20355549-Reviews-L_estiu_Seochon-Seoul.html,2,4.5,,,,,,,,,,,,,,,,tripadvisor
11885525,뉴욕아파트먼트,+82 2-333-7626,서울 마포구 양화로6길 50 화성빌딩 1층,04047,37.548626,126.91697,"미국 요리, 바, 바베큐, 펍",일 11:00~21:00 / 월 11:00~21:00 / 화 11:00~21:00 / 수 11:00~21:00 / 목 11:00~21:00 / 금 11:00~21:00 / 토 11:00~21:00,"뉴욕스타일의 햄버거를 선보이는 버거전문 펍으로 요리를 좋아하는 건축디자이너 출신의 대표가 미국생활 체류 중에 맛본 버거와 바비큐를 잊지못해 셰프로 전업해 오픈했다. 스테이크를 포함한 바비큐 메뉴는 독자적으로 개발해 특허를 받은 훈연기를 이용해 조리함으로 정통 미국식 바비큐맛을 제대로 보여주며, 해외도 소개가 많이 되어 외국인들도 많이 방문하는 버거전문점이다. 모던한 분위기와 힙합의 감성을 느끼며 버거와 맥주를 즐길 수 있는 곳",https://dynamic-media-cdn.tripadvisor.com/media/photo-o/32/e0/0e/ff/caption.jpg?w=200&h=200&s=1,https://www.tripadvisor.co.kr/Restaurant_Review-g294197-d11885525-Reviews-Newyork_Apartment-Seoul.html,22,4.9,,,,,,,,,,,,,,,,tripadvisor
13857277,In Style,+82 2-2223-7000,서울 95 Cheongpa-ro 20-gil 7F Seoul Dragon City,04372,37.531597,126.96421,컨템퍼러리,일 12:00~14:30 / 일 18:30~21:30 / 월 12:00~14:30 / 월 18:30~21:30 / 화 12:00~14:30 / 화 18:30~21:30 / 수 12:00~14:30 / 수 18:30~21:30 / 목 12:00~14:30 / 목 18:30~21:30 / 금 12:00~14:30 / 금 18:30~21:30 / 토 12:00~14:30 / 토 18:30~21:30,"In Style은 다이나믹하고 생동감 넘치는 분위기의 올데이 다이닝 레스토랑입니다. 다양한 고급 한국 음식 및 아시아 음식을 합리적인 가격에 제공하며, 즐거운 키즈룸과 오픈 테라스를 갖추고 있어 가족 단위 식사를 즐기기에 적합합니다.",https://dynamic-media-cdn.tripadvisor.com/media/photo-o/15/32/c6/33/photo0jpg.jpg?w=900&h=500&s=1,https://www.tripadvisor.co.kr/Restaurant_Review-g294197-d13857277-Reviews-In_Style-Seoul.html,4,4.5,,,,,,,,,,,,,,,,tripadvisor
9187305,원더브레드,+82 2-2265-3009,서울 중구 수표로 17,,,,,월 08:00~19:30 / 화 08:00~19:30 / 수 08:00~19:30 / 목 08:00~19:30 / 금 08:00~19:30 / 일 08:00~17:00,,https://dynamic-media-cdn.tripadvisor.com/media/photo-o/15/27/22/ed/photo3jpg.jpg?w=900&h=500&s=1,https://www.tripadvisor.co.kr/Restaurant_Review-g294197-d9187305-Reviews-Wonder_Bread-Seoul.html,9,4.2,"제과,베이커리",쫄깃한 치아바타와 달콤한 단팥의 조화,,21412641,https://place.map.kakao.com/21412641,2500,3500,5,,,,,,,,kakao
11778590,계탄집,+82 2-464-6804,서울 광진구 능동로 31,05085,37.534206,127.06771,"아시아 요리, 한국",월 16:00~23:30 / 화 16:00~23:30 / 수 16:00~23:30 / 목 16:00~23:30 / 금 12:00~23:30 / 토 12:00~23:30 / 일 12:00~23:30,,https://dynamic-media-cdn.tripadvisor.com/media/photo-o/10/91/2d/e9/photo0jpg.jpg?w=900&h=500&s=1,https://www.tripadvisor.co.kr/Restaurant_Review-g294197-d11778590-Reviews-Kyetanzip-Seoul.html,6,4.8,닭요리,안녕하세요 [계탄집 본점] 입니다. 인스타그램 kyetanzip 에서 새소식을 들어보세요!,,26941179,https://place.map.kakao.com/26941179,4000,8000,9,,,,,,,true,kakao
9044767,프리모바치오바치 강남점,+82 2-501-0885,서울 강남구 강남대로 416,06129,,,이탈리아 요리,,,https://dynamic-media-cdn.tripadvisor.com/media/photo-o/2f/7e/2a/c4/caption.jpg?w=200&h=200&s=1&cx=1060&cy=707&chk=v1_3ec9795a9eadda2fe443,https://www.tripadvisor.co.kr/Restaurant_Review-g294197-d9044767-Reviews-Primo_Bacio_Baci_Gangnam-Seoul.html,16,4.3,,,,,,,,,,,,,,,,
3923364,평래옥,+82 2-2267-5892,서울 중구 저동2가 18-1,,37.564693,126.990326,"아시아 요리, 한국",월 11:00~22:00 / 화 11:00~22:00 / 수 11:00~22:00 / 목 11:00~22:00 / 금 11:00~22:00 / 토 11:00~22:00 / 일 11:00~22:00,,https://dynamic-media-cdn.tripadvisor.com/media/photo-o/12/f9/08/b1/mosquee-1.jpg?w=200&h=200&s=1,https://www.tripadvisor.co.kr/Restaurant_Review-g294197-d3923364-Reviews-PyeongRaeOk-Seoul.html,31,4.2,냉면,은은한 감칠맛 평양냉면과 닭무침의 조화,일 21:00 / 월 21:00 / 화 21:00 / 수 21:00 / 목 21:00 / 금 21:00 / 토 21:00,12106466,https://place.map.kakao.com/12106466,7000,14000,21,true,true,,,,,,kakao
4081801,삼해집,+82 2-2273-0266,서울 종로구 수표로20길 16-15,03192,37.56998,126.9908,"아시아 요리, 한국",월 10:30~02:00 / 화 10:30~02:00 / 수 10:30~02:00 / 목 10:30~02:00 / 금 10:30~02:00 / 토 10:30~02:00 / 일 10:30~02:00,,https://dynamic-media-cdn.tripadvisor.com/media/photo-o/32/e0/0d/6d/caption.jpg?w=200&h=200&s=1,https://www.tripadvisor.co.kr/Restaurant_Review-g294197-d4081801-Reviews-Samhaejip-Seoul.html,27,4.3,"족발,보쌈",야들야들 보쌈과 감자탕의 조화,,9820808,https://place.map.kakao.com/9820808,25000,38000,29,true,true,,,,,,kakao
9107858,땅코참숯구이,+82 2-2281-6908,서울 행당로17길 21,,37.56069,127.033066,,월 14:30~23:00 / 화 14:30~23:00 / 수 14:30~23:00 / 목 14:30~23:00 / 금 14:30~23:00 / 토 14:30~23:00 / 일 14:30~23:00,,https://dynamic-media-cdn.tripadvisor.com/media/photo-o/25/6d/ef/27/caption.jpg?w=200&h=200&s=1&cx=1920&cy=1080&chk=v1_9cf3de15fd3c34a7250c,https://www.tripadvisor.co.kr/Restaurant_Review-g294197-d9107858-Reviews-Ddangko_Hardwood_Charcoal_Grill-Seoul.html,22,4.5,"육류,고기",참숯 향 가득한 육즙 가득 목살의 유혹,일 22:00 / 월 22:00 / 화 22:00 / 수 22:00 / 목 22:00 / 금 22:00 / 토 22:00,487116221,https://place.map.kakao.com/487116221,7000,14000,8,,,,,,,,kakao
9013700,고에몬,+82 2-534-8036,서울 서초대로77길 7,,37.498325,127.026505,일본 요리,월 11:00~21:30 / 화 11:00~21:30 / 수 11:00~21:30 / 목 11:00~21:30 / 금 11:00~21:30 / 토 11:00~21:30 / 일 11:00~21:30,,https://dynamic-media-cdn.tripadvisor.com/media/photo-o/32/b9/1a/b6/37fa8f9d-5dbb-42bb.jpg?w=200&h=200&s=1,https://www.tripadvisor.co.kr/Restaurant_Review-g294197-d9013700-Reviews-Goe_Mon-Seoul.html,20,4.4,아시아음식,젓가락으로 먹는 스파게티 전문점 [요멘야 고에몬] 입니다.,,18356174,https://place.map.kakao.com/18356174,4400,14000,20,,,,,,,,kakao
9371648,박가네빈대떡,+82 2-2264-0847,서울 종로32길 7 Kwangjang Market,,37.57051,127.0016,"아시아 요리, 한국",월 08:00~22:00 / 화 08:00~22:00 / 수 08:00~22:00 / 목 08:00~22:00 / 금 08:00~22:00 / 토 08:00~22:00 / 일 08:00~22:00,,https://dynamic-media-cdn.tripadvisor.com/media/photo-o/32/e0/0e/ff/caption.jpg?w=200&h=200&s=1,https://www.tripadvisor.co.kr/Restaurant_Review-g294197-d9371648-Reviews-Mr_Park_s_Mung_Bean_Pancake-Seoul.html,28,4.5,한식,노릇한 빈대떡과 신선한 육회의 조화,,12543498,https://place.map.kakao.com/12543498,5000,11000,35,false,true,,,true,,,kakao
5483610,시·화·담 이태원점,+82 2-798-3311,서울 용산구 이태원동 5-5,140857,37.540638,126.99482,"아시아 요리, 한국",월 09:00~17:00 / 화 09:00~17:00 / 수 09:00~17:00 / 목 09:00~17:00 / 금 09:00~17:00,"Restaurant of a Grand Chef Relais & Châteaux in town. Unique in the world: Each dish draws its inspiration from nature, from a poem or a painting, and is, in itself, both a work of art and a celebration of Korean culinary art.",https://dynamic-media-cdn.tripadvisor.com/media/photo-o/12/f9/08/b1/mosquee-1.jpg?w=200&h=200&s=1,https://www.tripadvisor.co.kr/Restaurant_Review-g294197-d5483610-Reviews-Si_Wha_Dam_Itaewon-Seoul.html,22,4.7,,,,,,,,,,,,,,,,tripadvisor
4078824,평안도족발집,+82 2-2279-9759,서울 중구 장충동1가 62-16,,37.560204,127.00605,"아시아 요리, 한국",화 11:00~21:00 / 수 11:00~21:00 / 목 11:00~21:00 / 금 11:00~21:00 / 토 11:00~21:00 / 일 11:00~21:00,,https://dynamic-media-cdn.tripadvisor.com/media/photo-o/32/e0/0f/4e/caption.jpg?w=200&h=200&s=1,https://www.tripadvisor.co.kr/Restaurant_Review-g294197-d4078824-Reviews-Pyeongando_Jokbaljip-Seoul.html,23,4.2,"족발,보쌈",윤기 자르르 부드러운 족발의 진수,,11221819,https://place.map.kakao.com/11221819,8000,35000,6,true,true,,,,,,kakao
4078914,사랑방 칼국수,+82 2-2272-2020,서울 중구 퇴계로27길 46,04555,37.56312,126.99127,"아시아 요리, 한국",,,https://dynamic-media-cdn.tripadvisor.com/media/photo-o/2b/95/04/b3/caption.jpg?w=200&h=200&s=1&cx=900&cy=600&chk=v1_5ce8d0b4d80e3fa00d35,https://www.tripadvisor.co.kr/Restaurant_Review-g294197-d4078914-Reviews-Sarangbang_Kalguksu-Seoul.html,18,4.4,,오래된 노포의 깊고 진한 백숙 한상,,7919722,https://place.map.kakao.com/7919722,8000,10000,4,,true,,,,,,
4075416,소담채,+82 2-3462-8592,서울 서초구 원지동 419-1 2층,,37.4437,127.05571,"아시아 요리, 한국",월 09:00~20:00 / 화 09:00~20:00 / 수 09:00~20:00 / 목 09:00~20:00 / 금 09:00~20:00 / 토 09:00~20:00 / 일 09:00~20:00,,https://dynamic-media-cdn.tripadvisor.com/media/photo-o/32/e0/0f/4e/caption.jpg?w=200&h=200&s=1,https://www.tripadvisor.co.kr/Restaurant_Review-g294197-d4075416-Reviews-Sodamchae-Seoul.html,5,4.4,한식,숯불향 가득한 쌈밥과 신선한 산나물의 조화,,8427617,https://place.map.kakao.com/8427617,8000,20000,23,true,true,true,,,,,kakao
3571296,남산골 산채집,+82 2-754-1978,서울 중구 예장동 8-16,04630,37.55674,126.98515,"아시아 요리, 한국",월 10:30~20:50 / 화 10:30~20:50 / 수 10:30~20:50 / 목 10:30~20:50 / 금 10:30~20:50 / 토 10:30~20:50 / 일 10:30~20:50,"안녕하세요. 남산산채집입니다 25년 전통의 산채집은 위생등급3스타의 안심 한식당입니다. 장독대 숙성 장류와 최고급 참기름을 사용한 비빔밥은 깊은 맛이 살아있습니다. 수요미식회, 생생정보통에 소게된 명동인근 직장인들의 줄서는 맛집입니다 예약은 유선전화로 만 가능하며 최대 예약은 100인 까지입니다. 주차는 유료 발렛파킹 가능합니다",https://dynamic-media-cdn.tripadvisor.com/media/photo-o/25/36/c1/49/caption.jpg?w=200&h=200&s=1&cx=1200&cy=800&chk=v1_8ee0eae126abae33360c,https://www.tripadvisor.co.kr/Restaurant_Review-g294197-d3571296-Reviews-Namsangol_SanChaeJip-Seoul.html,16,4.2,한식,30년 전통 담백한 남산 돈까스 맛,일 20:00 / 월 20:00 / 화 20:00 / 수 20:00 / 목 20:00 / 금 20:00 / 토 20:00,8246125,https://place.map.kakao.com/8246125,10000,15000,15,true,,,,,true,,kakao
32861152,김창훈포차,+82 2-499-2084,"서울 화양동 33-43 1층, 광진구",,37.54456,127.06918,"아시아 요리, 한국",일 17:00~02:00 / 월 17:00~02:00 / 화 17:00~02:00 / 수 17:00~02:00 / 목 17:00~02:00 / 금 17:00~03:00 / 토 17:00~03:00,,https://dynamic-media-cdn.tripadvisor.com/media/photo-o/32/e0/0f/4e/caption.jpg?w=200&h=200&s=1,https://www.tripadvisor.co.kr/Restaurant_Review-g294197-d32861152-Reviews-Kim_Chang_hoon_Pocha-Seoul.html,11,4.6,,추억과 감성 가득한 레트로 포차,,2086408454,https://place.map.kakao.com/2086408454,6000,7400,4,,,,,,,,tripadvisor
13906624,포비,+82 2-2251-8125,서울 종로구 종로3길 17 D타워,03155,37.57166,126.97989,카페,월 07:30~21:00 / 화 07:30~21:00 / 수 07:30~21:00 / 목 07:30~21:00 / 금 09:00~21:00 / 토 09:00~21:00 / 일 09:00~21:00,,https://dynamic-media-cdn.tripadvisor.com/media/photo-o/12/f9/08/b1/mosquee-1.jpg?w=200&h=200&s=1,https://www.tripadvisor.co.kr/Restaurant_Review-g294197-d13906624-Reviews-FourB-Seoul.html,13,4.5,카페,"바쁜 도심 속 기본의 가치를 되새기며, 국제적인 눈높이의 커피와 베이글을 선보이는 매장",,27187492,https://place.map.kakao.com/27187492,2400,4550,16,true,,,,,,,kakao
1089519,홀리차우 압구정점,+82 2-514-1730,서울 강남구 도산대로 326 대동타워,06055,37.52237,127.0377,"중국 요리, 아시아 요리",,,https://dynamic-media-cdn.tripadvisor.com/media/photo-o/32/e0/0f/4e/caption.jpg?w=200&h=200&s=1,https://www.tripadvisor.co.kr/Restaurant_Review-g294197-d1089519-Reviews-HO_LEE_CHOW_Apgujeong_Store-Seoul.html,25,3.7,,,,,,,,,,,,,,,,
4032782,고래불,+82 2-556-3677,서울 강남구 논현로79길 62,06239,,,"해산물, 아시아 요리, 한국",월 11:30~22:00 / 화 11:30~22:00 / 수 11:30~22:00 / 목 11:30~22:00 / 금 11:00~21:00 / 토 11:30~21:00 / 일 11:30~21:00,,https://dynamic-media-cdn.tripadvisor.com/media/photo-o/2a/45/df/bc/caption.jpg?w=200&h=200&s=1&cx=1920&cy=1080&chk=v1_7caabcb80f5efce4745d,https://www.tripadvisor.co.kr/Restaurant_Review-g294197-d4032782-Reviews-Koraebul-Seoul.html,19,4.4,회,서울 최고의 해산물 전문 한식 파인다이닝 고래불 - 신선한 해산물을 프라이빗단독룸에서,,8652100,https://place.map.kakao.com/8652100,29000,88000,18,true,,,,,,true,kakao
25417003,La Fine Bouche,+82 70-8823-8181,서울 이태원로55 가길 15 101호,04348,37.53663,126.999664,프랑스 요리,월 17:00~23:00 / 화 17:00~23:00 / 수 17:00~23:00 / 목 17:00~23:00 / 금 17:00~23:00 / 토 17:00~22:00,,https://dynamic-media-cdn.tripadvisor.com/media/photo-o/32/e0/0d/6d/caption.jpg?w=200&h=200&s=1,https://www.tripadvisor.co.kr/Restaurant_Review-g294197-d25417003-Reviews-La_Fine_Bouche-Seoul.html,16,5.0,,,,,,,,,,,,,,,,tripadvisor
9147042,시골밥상,,서울 삼양로173길 42,,37.662582,127.01007,,,아직 시골밥상에 대한 콘텐츠가 없습니다.,https://dynamic-media-cdn.tripadvisor.com/media/photo-o/11/38/9a/38/20170718-134313-largejpg.jpg?w=800&h=-1&s=1,https://www.tripadvisor.co.kr/Restaurant_Review-g294197-d9147042-Reviews-Countryside_Table-Seoul.html,3,4.7,,,,,,,,,,,,,,,,
28099023,도산분식 도산공원점,+82 2-514-5060,서울 강남구 신사동 652-7 강남구,,37.52369,127.03791,"아시아 요리, 한국",월 11:30~20:30 / 화 11:30~20:30 / 수 11:30~20:30 / 목 11:30~20:30 / 금 11:30~20:30 / 토 11:30~20:30 / 일 11:30~20:30,,https://dynamic-media-cdn.tripadvisor.com/media/photo-o/2d/23/23/d3/seoul-new-wave-bunsik.jpg?w=900&h=500&s=1,https://www.tripadvisor.co.kr/Restaurant_Review-g294197-d28099023-Reviews-Dosan_Bunsik_Dosan_Park_Store-Seoul.html,5,5.0,분식,레트로 감성 가득한 이색 분식 공간,,429895682,https://place.map.kakao.com/429895682,5300,9100,12,true,,,,,,true,kakao
26011823,횃불,+82 50-71346-7547,"서울 242-90, Guui-dong, Gwangjin-gu",05042,37.53827,127.08664,"바베큐, 아시아 요리, 한국, 그릴",월 11:00~23:00 / 화 11:00~23:00 / 수 11:00~23:00 / 목 11:00~23:00 / 금 11:00~23:00 / 토 11:00~23:00 / 일 11:00~23:00,"Hwetbool is the affordable K-BBQ beef House. Our primary goal was to offer top-quality Galbi at a reasonable price. Our ultimate solution involved utilizing imported meat, raised naturally without any artificial tenderizers. At Hwetbool, we are continuously working to shape the future of Korean BBQ culture for the next generation. We cordially invite you to indulge in our delectable offerings. Thank you and enjoy your experience with us.",https://dynamic-media-cdn.tripadvisor.com/media/photo-o/29/96/bb/05/angeomi-sal-hanger-steak.jpg?w=600&h=400&s=1,https://www.tripadvisor.co.kr/Restaurant_Review-g294197-d26011823-Reviews-Hwetbool-Seoul.html,9,5.0,"육류,고기",부담없는 가격으로 최상급 한우와 제주의 계절을 담은 한 상을 즐겨보세요.,,1304184710,https://place.map.kakao.com/1304184710,8000,19000,11,,,,,,,,kakao
4034675,가든테라스,+82 2-3282-6121,서울 금천구 시흥대로 378 노보텔 앰배서더 독산 1층,08580,37.467342,126.8984,"아시아 요리, 한국",,,https://dynamic-media-cdn.tripadvisor.com/media/photo-o/32/b9/1a/b6/37fa8f9d-5dbb-42bb.jpg?w=200&h=200&s=1,https://www.tripadvisor.co.kr/Restaurant_Review-g294197-d4034675-Reviews-Garden_Terrace-Seoul.html,20,4.2,,,,,,,,,,,,,,,,
12686437,도깨비 불고기 - 동대문 본점,+82 2-2269-1538,서울 중구 을지로43길 38,04564,37.56767,127.00775,,월 10:30~24:00 / 화 10:30~24:00 / 수 10:30~24:00 / 목 10:30~24:00 / 금 10:30~24:00 / 토 10:30~24:00 / 일 10:30~24:00,,https://dynamic-media-cdn.tripadvisor.com/media/photo-o/32/e0/0f/4e/caption.jpg?w=200&h=200&s=1,https://www.tripadvisor.co.kr/Restaurant_Review-g294197-d12686437-Reviews-Dokkaebi_Bulgogi_Dongdaemun_Main_Store-Seoul.html,12,3.8,"불고기,두루치기",추억을 담은 달큰한 불고기 전골,,21329885,https://place.map.kakao.com/21329885,7000,11500,16,true,true,,,,,,kakao
9253554,원조감자탕일미집,+82 2-776-0670,서울 용산구 후암로 1-1,04335,,,,,아직 원조감자탕일미집에 대한 콘텐츠가 없습니다.,https://dynamic-media-cdn.tripadvisor.com/media/photo-o/16/5c/9f/64/caption.jpg?w=900&h=500&s=1,https://www.tripadvisor.co.kr/Restaurant_Review-g294197-d9253554-Reviews-Wonjo_Gamjatang_Ilmijib-Seoul.html,8,4.1,,깊고 담백한 전통 감자탕의 진수,,9921124,https://place.map.kakao.com/9921124,10000,27000,4,true,true,,,,,,
7007834,보니스 피자 펍,+82 2-792-0303,서울 용산구 신흥로3길 2,04338,37.541153,126.98708,"바, 피자",화 12:30~22:00 / 수 12:30~22:00 / 목 12:30~22:00 / 금 12:30~22:00 / 토 11:30~22:00 / 일 11:30~20:30,,https://dynamic-media-cdn.tripadvisor.com/media/photo-o/32/e0/0e/ff/caption.jpg?w=200&h=200&s=1,https://www.tripadvisor.co.kr/Restaurant_Review-g294197-d7007834-Reviews-Bonny_s_Pizza_Pub-Seoul.html,67,4.0,피자,미국 감성 가득한 진한 팬피자 맛집,,18489028,https://place.map.kakao.com/18489028,3000,22000,10,true,true,,,,,,kakao
8883193,형제갈비,+82 2-365-0001,서울 명물1길 2,,37.557777,126.93763,,,,https://dynamic-media-cdn.tripadvisor.com/media/photo-o/2b/a9/e4/24/caption.jpg?w=200&h=200&s=1&cx=4430&cy=2492&chk=v1_ee2d27e5612c41ded844,https://www.tripadvisor.co.kr/Restaurant_Review-g294197-d8883193-Reviews-Hyeongje_Galbi-Seoul.html,8,4.0,,고기 가득 푸짐한 갈비탕 한 그릇,,15937430,https://place.map.kakao.com/15937430,10000,36000,4,true,true,true,true,,,,
19909871,서래향 - 수서점,+82 2-451-8183,서울 강남구 광평로51길 6-9,06349,37.488407,127.10297,,월 11:00~21:30 / 화 11:00~21:30 / 수 11:00~21:30 / 목 11:00~21:30 / 금 11:00~21:30 / 토 11:00~21:30 / 일 11:00~21:30,아직 서래향 - 수서점에 대한 콘텐츠가 없습니다.,https://dynamic-media-cdn.tripadvisor.com/media/photo-o/1a/a7/0d/e2/inside2.jpg?w=900&h=500&s=1,https://www.tripadvisor.co.kr/Restaurant_Review-g294197-d19909871-Reviews-Seolaehyang_Suseo-Seoul.html,1,3.0,중국요리,품격 있는 공간에서 즐기는 정통 중화요리,,1655913908,https://place.map.kakao.com/1655913908,45000,70000,5,true,,,,,,true,kakao
15850090,마더린러 베이글,+82 70-7758-3030,서울 서대문구 이화여대5길 5,03766,37.558273,126.94536,"미국 요리, 영국 요리, 건강식",월 08:30~16:30 / 화 08:30~16:30 / 수 08:30~16:30 / 목 08:30~16:30 / 금 10:00~16:30 / 토 10:00~16:30,,https://dynamic-media-cdn.tripadvisor.com/media/photo-o/19/7d/7c/9c/cream-cheese-selections.jpg?w=900&h=500&s=1,https://www.tripadvisor.co.kr/Restaurant_Review-g294197-d15850090-Reviews-Mother_In_Law-Seoul.html,5,4.6,"제과,베이커리",초고온 화덕에서 구워낸 촉촉한 베이글,,27562577,https://place.map.kakao.com/27562577,3500,8900,15,true,,,,,true,,kakao
9166556,조은집,+82 2-323-8084,서울 연희맛로 43,,,,,월 11:00~21:00 / 화 11:00~21:00 / 수 11:00~21:00 / 목 11:00~21:00 / 금 11:00~21:00 / 토 11:00~21:00 / 일 11:00~21:00,아직 조은집에 대한 콘텐츠가 없습니다.,https://dynamic-media-cdn.tripadvisor.com/media/photo-o/11/59/f8/34/caption.jpg?w=900&h=500&s=1,https://www.tripadvisor.co.kr/Restaurant_Review-g294197-d9166556-Reviews-Joeun_House-Seoul.html,7,4.1,한정식,따뜻한 집밥 감성 가득한 한정식,,11831209,https://place.map.kakao.com/11831209,8000,18000,7,true,true,,true,true,,,kakao
12534055,쌩메종,+82 2-3213-2646,서울 송파구 올림픽로 300 에비뉴엘 월드타워 6층,05551,37.512726,127.10185,"프랑스 요리, 해산물",일 00:00~03:00 / 일 05:30~22:00 / 월 00:00~03:00 / 월 05:30~22:00 / 화 00:00~03:00 / 화 05:30~22:00 / 수 00:00~03:00 / 수 05:30~22:00 / 목 00:00~03:00 / 목 05:30~22:00 / 금 00:00~03:00 / 금 05:30~22:00 / 토 00:00~03:00 / 토 05:30~22:00,,https://dynamic-media-cdn.tripadvisor.com/media/photo-o/0f/ff/f4/53/caption.jpg?w=900&h=500&s=1,https://www.tripadvisor.co.kr/Restaurant_Review-g294197-d12534055-Reviews-Saint_Maison-Seoul.html,5,4.8,,,,,,,,,,,,,,,,tripadvisor
2524708,더 레스토랑,,서울 종로구 삼청로 54,121200,37.580807,126.98029,"이탈리아 요리, 프랑스 요리, 와인 바",화 12:00~22:00 / 수 12:00~22:00 / 목 12:00~22:00 / 금 12:00~22:00 / 토 12:00~22:00,,https://dynamic-media-cdn.tripadvisor.com/media/photo-o/32/e0/0f/4e/caption.jpg?w=200&h=200&s=1,https://www.tripadvisor.co.kr/Restaurant_Review-g294197-d2524708-Reviews-The_Restaurant-Seoul.html,12,4.6,이탈리안,트러플 향 가득한 크림스프의 유혹,,27239815,https://place.map.kakao.com/27239815,5500,7700,7,true,true,,,,,,kakao
3531827,고기주는 냉면집 명동1호점,+82 2-757-9588,서울 중구 충무로1가 22-2번지 2층,04556,37.561703,126.98392,"아시아 요리, 한국",,,https://dynamic-media-cdn.tripadvisor.com/media/photo-o/0c/be/ab/e1/photo0jpg.jpg?w=900&h=500&s=1,https://www.tripadvisor.co.kr/Restaurant_Review-g294197-d3531827-Reviews-GogiJuneun_NaengmyeonJip_Myeongdong_1-Seoul.html,15,4.1,,,,,,,,,,,,,,,,
13534129,팬차이나 디큐브점,+82 2-2210-9636,서울 구로구 경인로 662,08209,37.50843,126.88873,"중국 요리, 아시아 요리, 한국, 퓨전",일 11:00~21:00 / 월 11:00~21:00 / 화 11:00~21:00 / 수 11:00~21:00 / 목 11:00~21:00 / 금 11:00~21:00 / 토 11:00~21:00,,https://dynamic-media-cdn.tripadvisor.com/media/photo-o/17/b5/66/f8/stir-fried-chicken-and.jpg?w=900&h=-1&s=1,https://www.tripadvisor.co.kr/Restaurant_Review-g294197-d13534129-Reviews-PAN_CHINA_DQube-Seoul.html,5,4.4,,,,,,,,,,,,,,,,tripadvisor
15221836,육첩반상 - 을지로 파인에비뉴점,+82 10-8005-6666,서울 중구 을지로 100 지하1층 B805호,04551,37.565697,126.98849,"패스트푸드, 바베큐, 아시아 요리, 한국, 그릴",일 10:00~22:00 / 월 10:00~22:00 / 화 10:00~22:00 / 수 10:00~22:00 / 목 10:00~22:00 / 금 10:00~22:00 / 토 10:00~22:00,"We set up a BBQ restaurant out of the ordinary. A simple and easy meal, Yukcheopbansang",https://dynamic-media-cdn.tripadvisor.com/media/photo-o/14/fe/9e/34/getlstd-property-photo.jpg?w=900&h=500&s=1,https://www.tripadvisor.co.kr/Restaurant_Review-g294197-d15221836-Reviews-Meat_Table_Euljiro_Pine_Avenue-Seoul.html,4,4.8,,,,,,,,,,,,,,,,tripadvisor
13567883,안국 153,+82 2-733-1530,서울 종로구 율곡로 51,03060,37.576477,126.98491,카페,월 08:00~20:00 / 화 08:00~20:00 / 수 08:00~20:00 / 목 08:00~20:00 / 금 08:00~20:00 / 토 08:00~20:00 / 일 08:00~20:00,,https://dynamic-media-cdn.tripadvisor.com/media/photo-o/14/d8/56/7b/the-third-floor-seating.jpg?w=900&h=-1&s=1,https://www.tripadvisor.co.kr/Restaurant_Review-g294197-d13567883-Reviews-ANGUK_153-Seoul.html,13,4.3,"제과,베이커리",고가구와 어우러진 감성 베이커리,,27281766,https://place.map.kakao.com/27281766,5000,6000,15,false,true,,,,,,kakao
9424556,김밥천국,+82 2-774-7197,서울 중구 퇴계로 42-1,04634,37.557274,126.97685,,월 00:00~24:00 / 화 00:00~24:00 / 수 00:00~24:00 / 목 00:00~24:00 / 금 00:00~24:00 / 토 00:00~24:00 / 일 00:00~24:00,아직 김밥천국에 대한 콘텐츠가 없습니다.,https://dynamic-media-cdn.tripadvisor.com/media/photo-o/10/58/e5/48/photo0jpg.jpg?w=900&h=500&s=1,https://www.tripadvisor.co.kr/Restaurant_Review-g294197-d9424556-Reviews-Kimbap_Cheonguk-Seoul.html,5,4.4,분식,24시간 즐기는 분식과 소주의 조화,,26794639,https://place.map.kakao.com/26794639,4000,9000,85,,true,,,,,,kakao
8093520,형제육회,+82 2-2274-6509,서울 종로구 종로 200-1,03195,37.570786,127.0,"아시아 요리, 한국",월 09:00~22:00 / 화 09:00~22:00 / 목 09:00~22:00 / 금 09:00~22:00 / 토 09:00~22:00 / 일 09:00~22:00,,https://dynamic-media-cdn.tripadvisor.com/media/photo-o/12/f9/08/b1/mosquee-1.jpg?w=200&h=200&s=1,https://www.tripadvisor.co.kr/Restaurant_Review-g294197-d8093520-Reviews-Hyeongje_Yukheo-Seoul.html,22,4.3,"육류,고기",신선한 육회와 진한 소고기 무국의 조화,,21722720,https://place.map.kakao.com/21722720,500,17000,22,false,true,,,,true,,kakao
27706446,신의주찹쌀순대 명동점,+82 2-3789-8320,서울 중구 명동7길 19 황해빌딩 지하1층,,37.564297,126.98443,"아시아 요리, 한국",월 09:00~22:00 / 화 09:00~22:00 / 수 09:00~22:00 / 목 09:00~22:00 / 금 09:00~22:00 / 토 09:00~22:00 / 일 09:00~22:00,,https://dynamic-media-cdn.tripadvisor.com/media/photo-o/2c/10/c3/af/caption.jpg?w=900&h=500&s=1,https://www.tripadvisor.co.kr/Restaurant_Review-g294197-d27706446-Reviews-Sinuijuchapssal_Sundae_Myeongdong-Seoul.html,5,5.0,순대,진한 육수와 쫄깃한 찹쌀순대의 조화,,7971093,https://place.map.kakao.com/7971093,10000,21000,16,,,,,,,,kakao
9442631,장수갈비집,+82 2-775-9292,서울 중구 명동2길 54-1,04535,37.56095,126.983154,"바베큐, 아시아 요리, 한국",,,https://dynamic-media-cdn.tripadvisor.com/media/photo-o/26/dc/73/d3/food.jpg?w=900&h=-1&s=1,https://www.tripadvisor.co.kr/Restaurant_Review-g294197-d9442631-Reviews-Jangsu_Galbijip-Seoul.html,21,3.9,,,,,,,,,,,,,,,,
8875288,샤이바나 코엑스몰점,+82 2-555-4281,서울 강남구 영동대로 513,06164,37.51215,127.05958,"카페, 인터내셔널",,,https://dynamic-media-cdn.tripadvisor.com/media/photo-o/32/e0/0e/ff/caption.jpg?w=200&h=200&s=1,https://www.tripadvisor.co.kr/Restaurant_Review-g294197-d8875288-Reviews-Shy_Bana_COEX_Mall-Seoul.html,18,3.7,,,,,,,,,,,,,,,,
8954721,발산삼계탕,+82 2-3662-3930,서울 강서로 344,,37.556435,126.837585,"아시아 요리, 한국",월 11:00~21:00 / 화 11:00~21:00 / 수 11:00~21:00 / 목 11:00~21:00 / 금 11:00~21:00 / 토 11:00~21:00 / 일 11:00~21:00,,https://dynamic-media-cdn.tripadvisor.com/media/photo-o/32/b9/1a/b6/37fa8f9d-5dbb-42bb.jpg?w=200&h=200&s=1,https://www.tripadvisor.co.kr/Restaurant_Review-g294197-d8954721-Reviews-Balsan_Samgyetang-Seoul.html,15,4.3,삼계탕,진한 국물과 촉촉한 닭살의 조화,일 20:10 / 월 20:10 / 화 20:10 / 수 20:10 / 목 20:10 / 금 20:10 / 토 20:10,8382068,https://place.map.kakao.com/8382068,18000,22000,5,true,,,,,,,kakao
10825574,온더보더 광화문D타워점,+82 2-2251-8282,서울 종로구 종로3길 17 D타워 2층,03155,37.57132,126.97895,멕시코 요리,,,https://dynamic-media-cdn.tripadvisor.com/media/photo-o/32/e0/0e/ff/caption.jpg?w=200&h=200&s=1,https://www.tripadvisor.co.kr/Restaurant_Review-g294197-d10825574-Reviews-On_The_Border_Gwanghwamun_D_Tower-Seoul.html,18,3.7,,탁 트인 공간에서 즐기는 멕시칸 풍미,,26857706,https://place.map.kakao.com/26857706,14500,30000,4,true,,,,,,true,
9390597,느린마을 양조장 강남점,+82 2-587-7720,서울 서초구 서초대로73길 7,06616,37.498074,127.02532,"아시아 요리, 한국",월 17:00~24:00 / 화 17:00~24:00 / 수 17:00~24:00 / 목 17:00~24:00 / 금 16:00~23:00 / 토 17:00~24:00 / 일 16:00~23:00,,https://dynamic-media-cdn.tripadvisor.com/media/photo-o/32/e0/0e/ff/caption.jpg?w=200&h=200&s=1,https://www.tripadvisor.co.kr/Restaurant_Review-g294197-d9390597-Reviews-Neurin_Maeul_Brewery_Pub_Gangnam-Seoul.html,14,3.9,"호프,요리주점",계절별 막걸리와 전의 조화로운 만남,,20373259,https://place.map.kakao.com/20373259,8500,25500,20,true,true,true,,,,,kakao
15023348,부탄츄 - 홍대점,+82 2-3144-3304,서울 마포구 와우산로35길 75,04052,37.556362,126.92671,"일본 요리, 아시아 요리",월 11:30~22:00 / 화 11:30~22:00 / 수 11:30~22:00 / 목 11:30~22:00 / 금 11:30~03:00 / 토 11:30~03:00 / 일 11:30~22:00,,https://dynamic-media-cdn.tripadvisor.com/media/photo-o/18/de/0f/9a/photo1jpg.jpg?w=900&h=500&s=1,https://www.tripadvisor.co.kr/Restaurant_Review-g294197-d15023348-Reviews-Butanchu_Hongdae-Seoul.html,5,5.0,일본식라면,진한 육수와 쫄깃한 면발의 조화,일 21:30 / 월 21:30 / 화 21:30 / 수 21:30 / 목 21:30 / 금 02:30 / 토 02:30,18742750,https://place.map.kakao.com/18742750,2500,7500,14,false,,,,,,,kakao
17477222,라라브레드 - 잠실,+82 1800-1990,서울 송파구 오금로16길 4,05618,37.5111,127.10909,"피자, 카페, 컨템퍼러리",일 10:00~22:00 / 월 10:00~22:00 / 화 10:00~22:00 / 수 10:00~22:00 / 목 10:00~22:00 / 금 10:00~22:00 / 토 10:00~22:00,,https://dynamic-media-cdn.tripadvisor.com/media/photo-o/18/5a/5a/57/photo1jpg.jpg?w=900&h=500&s=1,https://www.tripadvisor.co.kr/Restaurant_Review-g294197-d17477222-Reviews-Lala_Bread_Jamsil-Seoul.html,5,3.4,,,,,,,,,,,,,,,,tripadvisor
27922738,SOS커피 브런치 석촌역점,+82 507-1358-9482,서울 송파구 백제고분로40길 4-7 1층,05684,37.503834,127.10562,"이탈리아 요리, 카페, 패스트푸드",일 07:30~02:30 / 월 07:30~02:30 / 수 07:30~02:30 / 목 07:30~02:30 / 금 07:30~02:30 / 토 07:30~02:30,,https://dynamic-media-cdn.tripadvisor.com/media/photo-o/2d/02/12/b5/caption.jpg?w=900&h=500&s=1,https://www.tripadvisor.co.kr/Restaurant_Review-g294197-d27922738-Reviews-SOS_Coffee-Seoul.html,4,5.0,,감각적인 공간에서 즐기는 크림파스타와 커피,,768128867,https://place.map.kakao.com/768128867,4500,14500,3,true,,,,,,,tripadvisor
6904408,도스 타코스 강남역점,+82 2-593-5904,서울 서초구 강남대로 455,06611,37.502823,127.02452,"멕시코 요리, 라틴, 남미 요리, 중앙아메리카",월 11:30~21:00 / 화 11:30~21:00 / 수 11:30~21:00 / 목 11:30~21:00 / 금 11:30~21:00 / 토 11:30~21:00 / 일 11:30~21:00,,https://dynamic-media-cdn.tripadvisor.com/media/photo-o/2f/c0/a2/c2/caption.jpg?w=200&h=200&s=1&cx=1920&cy=1080&chk=v1_18c932ffc0fea79d7a45,https://www.tripadvisor.co.kr/Restaurant_Review-g294197-d6904408-Reviews-Dos_Tacos_Gangnam_Station-Seoul.html,38,4.0,"멕시칸,브라질",푸짐한 멕시칸 정통 타코와 부리또,일 20:30 / 월 20:30 / 화 20:30 / 수 20:30 / 목 20:30 / 금 20:30 / 토 20:30,7833659,https://place.map.kakao.com/7833659,7000,13000,20,true,true,,,,,,kakao
12876281,육전식당 4호점,+82 2-3452-6373,서울 강남구 테헤란로8길 11-4,06234,37.497986,127.032,"바베큐, 아시아 요리, 한국",월 11:30~21:30 / 화 11:30~21:30 / 수 11:30~21:30 / 목 11:30~21:30 / 금 11:30~21:30 / 토 11:30~21:30,,https://dynamic-media-cdn.tripadvisor.com/media/photo-o/25/49/39/a6/caption.jpg?w=200&h=200&s=1&cx=640&cy=370&chk=v1_6b332c6c87703423d066,https://www.tripadvisor.co.kr/Restaurant_Review-g294197-d12876281-Reviews-Yukjeon_Sikdang_4th-Seoul.html,12,4.2,"육류,고기",두툼한 목살과 고소한 들기름막국수,월 21:00 / 화 21:00 / 수 21:00 / 목 21:00 / 금 21:00 / 토 21:00,741391811,https://place.map.kakao.com/741391811,7000,10000,19,true,,true,,,,,kakao
9137892,충무로쭈꾸미불고기,+82 2-2279-0803,서울 중구 퇴계로31길 11,04554,37.561718,126.9922,,월 12:00~22:00 / 화 12:00~22:00 / 수 12:00~22:00 / 목 12:00~22:00 / 금 12:00~22:00 / 토 12:00~21:30,,https://dynamic-media-cdn.tripadvisor.com/media/photo-o/2a/aa/37/b6/caption.jpg?w=200&h=200&s=1&cx=1920&cy=1080&chk=v1_f1f80a41f1a77dd54eec,https://www.tripadvisor.co.kr/Restaurant_Review-g294197-d9137892-Reviews-Chungmuro_Jjukkumi_Bulgogi-Seoul.html,10,3.8,"해물,생선",숯불 직화로 완성한 쭈꾸미 불고기,,8082703,https://place.map.kakao.com/8082703,8000,20000,5,true,true,,,,,,kakao
33287127,명량간장게장(마곡점),+82 2-6953-0002,서울 261 Balsan Park Plaza 2nd Floor,,37.55908,126.836464,"아시아 요리, 한국",일 11:30~21:30 / 월 11:30~21:30 / 화 11:30~21:30 / 수 11:30~21:30 / 목 11:30~21:30 / 금 11:30~21:30 / 토 11:30~21:30,,https://dynamic-media-cdn.tripadvisor.com/media/photo-o/30/65/03/e9/caption.jpg?w=900&h=-1&s=1,https://www.tripadvisor.co.kr/Restaurant_Review-g294197-d33287127-Reviews-Myeongryang_Ganjang_Gejang_Magok_Branch-Seoul.html,1,5.0,,,,,,,,,,,,,,,,tripadvisor
7643596,한국관,+82 2-771-8280,서울 중구 남대문로1길 51,04526,37.563366,126.9776,"아시아 요리, 한국",,,https://dynamic-media-cdn.tripadvisor.com/media/photo-o/32/e0/0e/ff/caption.jpg?w=200&h=200&s=1,https://www.tripadvisor.co.kr/Restaurant_Review-g294197-d7643596-Reviews-Hangukgwan-Seoul.html,13,4.3,,,,,,,,,,,,,,,,
9329420,포브라더스,+82 2-574-4147,서울 논현로28길 40,,37.483974,127.0452,,월 11:00~22:00 / 화 11:00~22:00 / 수 11:00~22:00 / 목 11:00~22:00 / 금 11:00~22:00 / 토 11:00~22:00 / 일 11:00~22:00,아직 포브라더스에 대한 콘텐츠가 없습니다.,https://dynamic-media-cdn.tripadvisor.com/media/photo-o/2b/63/0b/d7/caption.jpg?w=200&h=200&s=1&cx=900&cy=600&chk=v1_ca7b17c430acd554bc0b,https://www.tripadvisor.co.kr/Restaurant_Review-g294197-d9329420-Reviews-Po_Beura_the_Seu-Seoul.html,11,4.6,동남아음식,부드러운 생면과 진한 육수의 쌀국수,일 21:00 / 월 21:00 / 화 21:00 / 수 21:00 / 목 21:00 / 금 21:00 / 토 21:00,17662981,https://place.map.kakao.com/17662981,7000,15000,30,true,true,true,true,,,,kakao
7930498,구스테이크 528,+82 2-511-0917,서울 강남구 압구정로 108 1층 구스테이크 528,06028,,,스테이크하우스,월 12:00~22:00 / 수 12:00~22:00 / 목 12:00~22:00 / 금 12:00~22:00 / 토 12:00~22:00 / 일 12:00~22:00,"절정의 스테이크 대한민국 최초의 Dry Aged Steak를 선보인 정통 아메리칸 스타일의 Steakhouse 입니다. 2009년 4월 신사동 GOOSTK528점을 시작으로 2012년 4월 한남동 GOOSTK733을 오픈했습니다. 다년간 축적된 노하우와 꾸준한 연구개발을 통한 최고의 스테이크를 경험해 보시길 바랍니다. 최상의 USDA PRIME등급 미국에서도 단2%밖에 생산되지 않는 USDA PRIME등급으로 RIB EYE(꽃등심), NEW YORK STRIP ROIN(채끝등심), T-BONE, POTERHOUSE를 제공합니다. 적정 온도와 습도, 그리고 박테리아가 자라지 않는 환경을 조성하여 건조숙성한 최고의 스테이크를 제공합니다. HAPPY-GOO(입) ""입으로 들어가는 모든 음식과 음료에 즐거움을 담겠습니다"" 두툼한 고기에 그 본연의 맛을 지키고자 소금과 후추간만 하여 그릴에 올려 구운 뒤 올리브유에 겉만 바짝 튀겨낸 후 레스팅을 거쳐 손님에게 나오는 저희 스테이크는 겉은 바삭하고 속은 부드러운 최고의 식감을 느낄 수 있습니다. 다양한 애피타이져, 샐러드, 스프, 사이드디쉬, 디저트와 함께 스테이크를 즐길 수 있습니다. 다양한 칵테일, 에이드와 150종에 달하는 와인들을 마시며 소중한가족/연인/친구들과 함께 G00 TIME을 즐기세요.",https://dynamic-media-cdn.tripadvisor.com/media/photo-o/32/e0/0e/ff/caption.jpg?w=200&h=200&s=1,https://www.tripadvisor.co.kr/Restaurant_Review-g294197-d7930498-Reviews-Goo_Stk_528-Seoul.html,12,4.7,"스테이크,립",드라이에이징 스테이크와 풍성한 사이드의 조화,,8669196,https://place.map.kakao.com/8669196,18000,35000,16,true,,,,,,true,kakao
3629484,복정식당,+82 2-734-8882,서울 종로구 화동 40-1,,37.5821,126.98183,"아시아 요리, 한국",,,https://dynamic-media-cdn.tripadvisor.com/media/photo-o/32/e0/0e/ff/caption.jpg?w=200&h=200&s=1,https://www.tripadvisor.co.kr/Restaurant_Review-g294197-d3629484-Reviews-Bokjeong_Sikdang-Seoul.html,27,4.1,,,,,,,,,,,,,,,,
8714278,바비레드 강남점,+82 2-3452-1515,서울 강남구 봉은사로6길 39,06128,,,"이탈리아 요리, 스테이크하우스, 인터내셔널, 아시아 요리, 한국, 퓨전",일 11:30~22:00 / 월 11:30~22:00 / 화 11:30~22:00 / 수 11:30~22:00 / 목 11:30~22:00 / 금 11:30~22:00 / 토 11:30~22:00,매운 갈비 파스타의 원조! 매콤한 한식과 부드러운 이탈리안의 매력적이고 독특한 만남! 매운맛 조절이 가능한 스파이시 퓨전 레스토랑 바비레드입니다. 생방송오늘저녁 383회16.06.16. 레드갈비파스타/레드밥 생생정보통 1007회14.12.11. 매운퓨전요리 생생정보통 831회14.03.17. 매운퓨전요리 굿모닝대한민국 487회13.04.09. 퓨전매운갈비찜/크림파스타 생생정보통 579회13.01.03. 매운갈비스파게티,https://dynamic-media-cdn.tripadvisor.com/media/photo-o/32/e0/0d/6d/caption.jpg?w=200&h=200&s=1,https://www.tripadvisor.co.kr/Restaurant_Review-g294197-d8714278-Reviews-BOBIRED_Gangnam-Seoul.html,18,4.4,,,,,,,,,,,,,,,,tripadvisor
8685992,딘타이펑 타임스퀘어점,+82 2-2638-2780,서울 영등포구 영중로 15 타임스퀘어 4층,07305,37.517376,126.9044,,일 11:00~22:00 / 월 11:00~22:00 / 화 11:00~22:00 / 수 11:00~22:00 / 목 11:00~22:00 / 금 11:00~22:00 / 토 11:00~22:00,,https://dynamic-media-cdn.tripadvisor.com/media/photo-o/28/6c/00/60/caption.jpg?w=200&h=200&s=1&cx=945&cy=708&chk=v1_ed453c98673a281c4906,https://www.tripadvisor.co.kr/Restaurant_Review-g294197-d8685992-Reviews-Din_Tai_Fung_Times_Square-Seoul.html,27,3.5,,육즙 가득한 딤섬과 감칠맛 가득한 중식의 향연,,18335479,https://place.map.kakao.com/18335479,15000,15000,1,,,,,,,,tripadvisor
12358710,올드나이브스,+82 70-7763-4001,서울 용산구 신흥로11길 4,04338,37.54314,126.98778,"스테이크하우스, 바, 그릴, 펍",,,https://dynamic-media-cdn.tripadvisor.com/media/photo-o/12/f9/08/b1/mosquee-1.jpg?w=200&h=200&s=1,https://www.tripadvisor.co.kr/Restaurant_Review-g294197-d12358710-Reviews-Olde_Knives-Seoul.html,13,4.7,,,,,,,,,,,,,,,,
2265905,달개비 정동점,+82 2-765-2035,서울 중구 정동 3-7,04518,37.566772,126.97608,"아시아 요리, 한국",월 07:30~09:30 / 월 12:00~15:00 / 월 18:00~22:00 / 화 07:30~09:30 / 화 12:00~15:00 / 화 18:00~22:00 / 수 07:30~09:30 / 수 12:00~15:00 / 수 18:00~22:00 / 목 07:30~09:30 / 목 12:00~15:00 / 목 18:00~22:00 / 금 07:30~09:30 / 금 12:00~15:00 / 금 18:00~22:00 / 토 07:30~09:30 / 토 12:00~15:00 / 토 18:00~22:00,,https://dynamic-media-cdn.tripadvisor.com/media/photo-o/32/e0/0f/4e/caption.jpg?w=200&h=200&s=1,https://www.tripadvisor.co.kr/Restaurant_Review-g294197-d2265905-Reviews-Dalgaebi_Jeongdong_Store-Seoul.html,12,4.2,,,,,,,,,,,,,,,,tripadvisor
9379602,명동삼계탕,+82 2-778-7370,서울 중구 소공로 64,04535,,,"아시아 요리, 한국",일 09:00~22:00 / 월 09:00~22:00 / 화 09:00~22:00 / 수 09:00~22:00 / 목 09:00~22:00 / 금 09:00~22:00 / 토 09:00~22:00,,https://dynamic-media-cdn.tripadvisor.com/media/photo-o/14/1d/e8/80/photo0jpg.jpg?w=900&h=500&s=1,https://www.tripadvisor.co.kr/Restaurant_Review-g294197-d9379602-Reviews-Myeongdong_Samgyetang-Seoul.html,13,4.2,,,,,,,,,,,,,,,,tripadvisor
9442009,장수만두,+82 2-854-9304,서울 난향길 12,,,,,,아직 장수만두에 대한 콘텐츠가 없습니다.,https://dynamic-media-cdn.tripadvisor.com/media/photo-o/15/b1/a0/b4/photo0jpg.jpg?w=900&h=500&s=1,https://www.tripadvisor.co.kr/Restaurant_Review-g294197-d9442009-Reviews-Long_Life_Dumplings-Seoul.html,4,4.8,,,,,,,,,,,,,,,,
11961566,더백푸드트럭,+82 10-7197-4448,서울 용산구 신흥로20길 39,04328,37.547417,126.98406,패스트푸드,월 11:30~22:00 / 화 11:30~22:00 / 수 11:30~22:00 / 목 11:30~22:00 / 금 11:30~22:00 / 토 11:30~22:00 / 일 11:30~22:00,,https://dynamic-media-cdn.tripadvisor.com/media/photo-o/2c/d2/f1/b5/caption.jpg?w=200&h=200&s=1&cx=1200&cy=900&chk=v1_1cd4aa988e385032fb72,https://www.tripadvisor.co.kr/Restaurant_Review-g294197-d11961566-Reviews-The_100_Food_Truck-Seoul.html,15,4.1,햄버거,언덕 위 루프탑에서 즐기는 수제버거,일 20:50 / 월 20:50 / 화 20:50 / 수 20:50 / 목 20:50 / 금 20:50 / 토 20:50,26571895,https://place.map.kakao.com/26571895,2000,9000,30,false,,,,,true,,kakao
26999367,무탄 광화문점,+82 2-730-7773,"서울 종로구 새문안로 68 B1, Heungkuk Life Insurance Building",,37.56973,126.97229,중국 요리,월 11:00~21:30 / 화 11:00~21:30 / 수 11:00~21:30 / 목 11:00~21:30 / 금 11:00~21:30 / 토 11:00~21:30 / 일 11:00~21:30,"미운우리새끼 340회, 23.04.23. 스테이크트러플짜장면 맛있는녀석들 425회, 23.04.21. 고흥쭈꾸미돌판짜장면/스테이크트러플짜장면 KBS2 사장님 귀는 당나귀 귀 193회, 23.02.05. 스테이크트러플자장면/고추유린기/마카롱멘보샤 Sbs 런닝맨 611회, 22.07.10. 밥숟가락전쟁 줄서는식당 9회, 22.03.21. 스테이크트러플자장면/고추유린기/마카롱멘보샤/가리비짬뽕 신상출시편스토랑 86회, 21.07.02. 주꾸미돌판짜장면/마카롱멘보샤 생방송투데이 2822회, 21.05.12. 쭈꾸미온돌짜장 생방송오늘저녁 1519회, 21.03.18. 주꾸미돌판짜장 생방송투데이 2635회, 20.08.12. 스테이크트러플짜장면/통카롱멘보샤. 채널 십오야(나영석의 나불나불) 2023.7.14 먹보스쭈엽이 2023.7.14 / 2023.7.18 운동부 둘이 왔어요 2023.04.05 광재언니 2022.12.19 쯔양 2022.09.20 먹보스쭈엽이 2022.09.17 / 2022.10.29 / 2022.11.06 야미보이 2022.3.12 빅페이스 2021.07.03 파뿌리 2021.03.16",https://dynamic-media-cdn.tripadvisor.com/media/photo-o/2b/0a/a2/06/caption.jpg?w=900&h=500&s=1,https://www.tripadvisor.co.kr/Restaurant_Review-g294197-d26999367-Reviews-MUTAN-Seoul.html,6,5.0,중식,대한민국 NO.1 차이니즈다이닝 무탄입니다.,,1222388584,https://place.map.kakao.com/1222388584,18000,49000,43,true,,,,,,,kakao
23716876,넬보스코 이탈리안 레스토랑,+82 2-3484-9400,서울 중구 퇴계로8길 16 2층,04634,37.558662,126.97968,"이탈리아 요리, 피자, 유럽 요리, 다이닝 바, 맥주 음식점",월 11:30~21:00 / 화 11:30~21:00 / 수 11:30~21:00 / 목 11:30~21:00 / 금 11:30~21:00 / 토 11:30~21:00 / 일 11:30~21:00,"Enjoy the Italian Casual Brunch & Dining menu and wine from around the world, which were reinterpreted brightly at the Nelvosco Italian Restaurant in the center of Namchon.",https://dynamic-media-cdn.tripadvisor.com/media/photo-o/21/37/bd/6a/caption.jpg?w=900&h=500&s=1,https://www.tripadvisor.co.kr/Restaurant_Review-g294197-d23716876-Reviews-Nel_Bosco_Italian_Restaurant-Seoul.html,3,5.0,이탈리안,경쾌하게 재해석한 이탈리안 캐주얼 브런치&다이닝메뉴와 세계 각국의 와인을 즐겨보세요.,,695169270,https://place.map.kakao.com/695169270,16000,21500,16,true,,,,,,true,kakao
33395910,명륜진사갈비 석촌호수점,+82 2-6412-8292,서울 삼학사로19길 7 Songpa District,05602,37.50573,127.09629,"아시아 요리, 한국, 그릴",월 17:00~22:30 / 화 17:00~22:30 / 수 17:00~22:30 / 목 17:00~22:30 / 금 17:00~22:30 / 토 12:00~22:30 / 일 12:00~22:30,,https://dynamic-media-cdn.tripadvisor.com/media/photo-o/30/c2/7a/18/caption.jpg?w=900&h=500&s=1,https://www.tripadvisor.co.kr/Restaurant_Review-g294197-d33395910-Reviews-Myeongryun_Jinsa_Pork_Ribs-Seoul.html,1,5.0,갈비,숯불향 가득한 무한리필 고기 축제,,1923717155,https://place.map.kakao.com/1923717155,3000,5900,5,true,,,,,,,kakao
8818368,제임스 시카고 피자 명동점,+82 2-774-3997,서울 중구 명동4길 42,04536,,,"이탈리아 요리, 피자",,,https://dynamic-media-cdn.tripadvisor.com/media/photo-o/2f/c0/a2/c2/caption.jpg?w=200&h=200&s=1&cx=1920&cy=1080&chk=v1_18c932ffc0fea79d7a45,https://www.tripadvisor.co.kr/Restaurant_Review-g294197-d8818368-Reviews-James_Chicago_Pizza_Myeongdong-Seoul.html,27,3.6,,,,,,,,,,,,,,,,
28049629,37.5 시그니처 청담본점,+82 2-540-3705,서울 강남구 삼성로119길 8 2층,06091,37.516224,127.05062,"이탈리아 요리, 미국 요리, 피자, 카페, 아시아 요리, 한국",월 09:30~21:00 / 화 09:30~21:00 / 수 09:30~21:00 / 목 09:30~21:00 / 금 09:30~21:00 / 토 09:30~21:00 / 일 09:30~21:00,,https://dynamic-media-cdn.tripadvisor.com/media/photo-o/2d/34/78/50/a-delicious-and-hearty.jpg?w=900&h=500&s=1,https://www.tripadvisor.co.kr/Restaurant_Review-g294197-d28049629-Reviews-37_5_Signature_Cheongdam-Seoul.html,1,5.0,양식,샹들리에 빛나는 고급 브런치 공간,일 15:30 / 일 20:00 / 월 15:30 / 월 20:00 / 화 15:30 / 화 20:00 / 수 15:30 / 수 20:00 / 목 15:30 / 목 20:00 / 금 15:30 / 금 20:00 / 토 15:30 / 토 20:00,395646592,https://place.map.kakao.com/395646592,16900,20400,22,true,,,,,,true,kakao
33065849,여운관,+82 2-782-7747,"서울 Gukjegeumyung-ro 8-gil, 2 농협재단빌딩 B1층",,37.522003,126.93011,"바베큐, 그릴",월 11:00~22:00 / 화 11:00~22:00 / 수 11:00~22:00 / 목 11:00~22:00 / 금 11:00~22:00 / 토 11:00~22:00,,https://dynamic-media-cdn.tripadvisor.com/media/photo-o/2f/7e/2a/c4/caption.jpg?w=200&h=200&s=1&cx=1060&cy=707&chk=v1_3ec9795a9eadda2fe443,https://www.tripadvisor.co.kr/Restaurant_Review-g294197-d33065849-Reviews-Yeoungwan-Seoul.html,5,5.0,한정식,여의도 룸식당 여운관은 서울식 불고기와 한우 짝갈비를 필두로 지금의 서울 요리를 선보입니다,,209854309,https://place.map.kakao.com/209854309,15000,38000,15,true,,,,,,,kakao
8610713,쌍대포 소금구이,+82 2-707-1380,서울 용산구 청파로 291,04309,37.54545,126.97026,,월 10:00~24:00 / 화 10:00~24:00 / 수 10:00~24:00 / 목 10:00~24:00 / 금 10:00~24:00 / 토 10:00~24:00 / 일 10:00~24:00,아직 쌍대포 소금구이에 대한 콘텐츠가 없습니다.,https://dynamic-media-cdn.tripadvisor.com/media/photo-o/13/81/d9/e3/20180611-195419-largejpg.jpg?w=900&h=500&s=1,https://www.tripadvisor.co.kr/Restaurant_Review-g294197-d8610713-Reviews-Ssangdaepo_Sogeumgui-Seoul.html,8,4.1,"육류,고기",대포집 감성에 취하는 소금구이 명가,,16766032,https://place.map.kakao.com/16766032,7000,13500,13,true,true,,true,,,,kakao
11800883,포즈키친,+82 2-6936-9878,서울 강남구 테헤란로87길 9,06169,37.508408,127.05868,미국 요리,일 07:00~10:00 / 월 07:00~10:00 / 월 11:30~14:00 / 화 07:00~10:00 / 화 11:30~14:00 / 수 07:00~10:00 / 수 11:30~14:00 / 목 07:00~10:00 / 목 11:30~14:00 / 금 07:00~10:00 / 금 11:30~14:00 / 토 07:00~10:00,"Enjoy our fresh and delightful food in a cozy atmosphere. Opening hours: Breakfast Buffet 07:00 - 10:00 Lunch Buffet 11:30 - 14:00 *The lunch buffet will not operate on the weekends(saturday, Sunday) and public holidays.",https://dynamic-media-cdn.tripadvisor.com/media/photo-o/12/f9/08/b1/mosquee-1.jpg?w=200&h=200&s=1,https://www.tripadvisor.co.kr/Restaurant_Review-g294197-d11800883-Reviews-PO_Z_Kitchen-Seoul.html,5,3.6,,,,1835851870,https://place.map.kakao.com/1835851870,,,,,,,,,,,tripadvisor
13859612,도동집,+82 2-831-1213,서울 영등포구 여의대방로13길 3 101호,07434,37.4973,126.91611,"일본 요리, 아시아 요리, 한국, 펍, 퓨전",월 11:00~01:30 / 화 11:00~01:30 / 수 11:00~01:30 / 목 11:00~01:30 / 금 11:00~01:30 / 토 16:00~01:30 / 일 16:00~01:30,,https://dynamic-media-cdn.tripadvisor.com/media/photo-o/13/b8/ca/6d/photo0jpg.jpg?w=900&h=500&s=1,https://www.tripadvisor.co.kr/Restaurant_Review-g294197-d13859612-Reviews-Dodong_Jib-Seoul.html,3,4.0,"호프,요리주점",쫄깃한 생면과 감칠맛 가득한 한식주점,,1575329627,https://place.map.kakao.com/1575329627,9000,21000,30,false,true,,,,,,kakao
4032211,소선재,+82 2-730-7002,서울 삼청동 113-3,,37.585526,126.98198,,월 11:00~21:00 / 화 11:00~21:00 / 수 11:00~21:00 / 목 11:00~21:00 / 금 11:00~21:00 / 토 11:00~21:00 / 일 11:00~21:00,,https://dynamic-media-cdn.tripadvisor.com/media/photo-o/29/b5/4e/14/caption.jpg?w=200&h=200&s=1&cx=1920&cy=1080&chk=v1_5b03c925b0b538931ef3,https://www.tripadvisor.co.kr/Restaurant_Review-g294197-d4032211-Reviews-Soseonjae-Seoul.html,13,4.1,한정식,한옥 감성 깃든 건강한 한정식,일 14:00 / 월 14:00 / 화 14:00 / 수 14:00 / 목 14:00 / 금 14:00 / 토 14:00,7964066,https://place.map.kakao.com/7964066,12000,22000,22,true,true,true,true,,,,kakao
23849207,디도 재즈 라운지,+82 70-8621-7869,서울 광진구 자양로18길 56 지하 1층,05044,37.537933,127.08663,"스테이크하우스, 바, 해산물, 아시아 요리, 한국, 펍",화 19:00~24:00 / 수 19:00~24:00 / 목 19:00~24:00 / 금 19:00~24:00 / 토 19:00~24:00 / 일 19:00~24:00,,https://dynamic-media-cdn.tripadvisor.com/media/photo-o/2b/c2/d1/0b/caption.jpg?w=900&h=500&s=1,https://www.tripadvisor.co.kr/Restaurant_Review-g294197-d23849207-Reviews-Dido_Jazz_Lounge-Seoul.html,5,4.8,술집,은은한 조명 속 라이브 재즈와 와인,,949364137,https://place.map.kakao.com/949364137,15000,18000,5,true,true,,,,,,kakao
25021024,Hannam Oriental Roast Chicken,+82 2-797-8677,"서울 38 Daesagwan-ro34gil, Yongsan-gu",04409,37.531513,127.00552,"아시아 요리, 한국",,,https://dynamic-media-cdn.tripadvisor.com/media/photo-o/26/3b/de/dc/caption.jpg?w=900&h=500&s=1,https://www.tripadvisor.co.kr/Restaurant_Review-g294197-d25021024-Reviews-Hannam_Oriental_Roast_Chicken-Seoul.html,1,5.0,,,,,,,,,,,,,,,,
16867767,조개가득 짬뽕가득,+82 2-869-5939,서울 금천구 가산디지털2로 142-21,08503,37.48039,126.88011,"해산물, 아시아 요리, 한국",월 11:00~22:00 / 화 11:00~22:00 / 수 11:00~22:00 / 목 11:00~22:00 / 금 11:00~22:00 / 토 15:00~22:00,,https://dynamic-media-cdn.tripadvisor.com/media/photo-o/16/e8/8f/68/20190319-183757-largejpg.jpg?w=900&h=-1&s=1,https://www.tripadvisor.co.kr/Restaurant_Review-g294197-d16867767-Reviews-Jogae_Gadeuk-Seoul.html,1,4.0,조개,신선한 조개와 해산물의 풍성한 향연,,2020851028,https://place.map.kakao.com/2020851028,20000,54000,13,true,true,true,,,,,kakao
10298569,꽃 밥에피다,+82 2-732-0276,서울 종로구 인사동16길 3-6,03146,37.575275,126.983894,"아시아 요리, 한국",월 11:30~21:00 / 화 11:30~21:00 / 수 11:30~21:00 / 목 11:30~21:00 / 금 11:30~21:00 / 토 11:30~21:00 / 일 11:30~21:00,,https://dynamic-media-cdn.tripadvisor.com/media/photo-o/32/e0/0f/4e/caption.jpg?w=200&h=200&s=1,https://www.tripadvisor.co.kr/Restaurant_Review-g294197-d10298569-Reviews-Kottbob-Seoul.html,23,4.0,한식,"무농약, 유기농, 자연재배 친환경 재료와 전통장으로 건강하고 아름다운 음식을 요리합니다",,27373320,https://place.map.kakao.com/27373320,23000,28000,18,,,,,,,,kakao
33335734,육즙관리소 양재역점,+82 2-574-6363,서울 7 Gangnam-daero 44-gil 1층,,37.485844,127.03417,"아시아 요리, 한국, 그릴",월 11:30~23:00 / 화 11:30~23:00 / 수 11:30~23:00 / 목 11:30~23:00 / 금 11:30~23:00 / 토 12:00~22:00 / 일 12:00~22:00,,https://dynamic-media-cdn.tripadvisor.com/media/photo-o/32/b4/38/c2/7.jpg?w=700&h=400&s=1,https://www.tripadvisor.co.kr/Restaurant_Review-g294197-d33335734-Reviews-Meat_Juice_Management_Office_Yangjae_Station_Branch-Seoul.html,1,5.0,"육류,고기",직원 구워주는 쫄깃한 흑돼지 목살,일 21:00 / 월 22:00 / 화 22:00 / 수 22:00 / 목 22:00 / 금 22:00 / 토 21:00,715200927,https://place.map.kakao.com/715200927,8000,10500,8,false,true,true,true,,,,kakao
25816809,Cafe 37.5,,"서울 347 Seochu-gu, Seocho-dearo",,37.495716,127.09503,미국 요리,,,https://dynamic-media-cdn.tripadvisor.com/media/photo-o/29/39/de/42/caption.jpg?w=900&h=500&s=1,https://www.tripadvisor.co.kr/Restaurant_Review-g294197-d25816809-Reviews-Cafe_37_5-Seoul.html,1,4.0,,,,,,,,,,,,,,,,
7748508,322 소월로,+82 2-799-8274,서울 용산구 소월로 322 지하 1층,04347,37.539375,126.99711,일본 요리,일 18:00~00:00 / 월 18:00~00:00 / 화 18:00~00:00 / 수 18:00~00:00 / 목 18:00~00:00 / 금 18:00~01:00 / 토 18:00~01:00,"Tenkai offers a variety of grilled skewers and appetizers, including sashimi and deep-fried dishes, complimented by a wide range of Japanese sakes and draft beer. The grill station in the corner of the restaurant, adds a touch of spectacle to your experience, as you watch our chefs perform their craft, live before your eyes.",https://dynamic-media-cdn.tripadvisor.com/media/photo-o/32/79/df/63/izakaya.jpg?w=900&h=500&s=1,https://www.tripadvisor.co.kr/Restaurant_Review-g294197-d7748508-Reviews-Tenkai_Grand_Hyatt_Seoul-Seoul.html,10,4.5,,,,,,,,,,,,,,,,tripadvisor
17547142,더 원더러스트 코너,+82 10-3873-7982,서울 서대문구 신촌로3길 6,03785,37.558483,126.92895,카페,화 10:00~18:00 / 수 10:00~18:00 / 목 10:00~18:00 / 금 10:00~18:00 / 토 10:00~18:00,"The Wanderlust Corner is a vibrant cafe that offers an all-day authentic western-style brunch! We serve french toast, eggs, bacon and sausage, bagels with cream cheese, hash browns, yogurt bowls, fruit, granola, and even avocado toast. Within our menu, we also cater to a vegetarian audience. As for drinks, we serve delicious coffee, americano, espresso, lattes and mochas with many flavor options, over 10 organic tea types, smoothies, fruit juice, and hot chocolate. It doesn't stop there, we also serve quality beer and wine. Unlike other restaurants and cafes that serve foreign foods, we do not overcharge our customers with outrageous prices. This cafe is decorated with greenery and Polaroid pictures of the many travelers that have passed through creating a peaceful environment to read a book, have conversations with friends and of course take beautifully stunning Instagram photos. During the evening come socialize with friendly locals and travelers over a nice glass of beer!",https://dynamic-media-cdn.tripadvisor.com/media/photo-o/18/53/0d/48/wanderlust-corner-brunch.jpg?w=900&h=-1&s=1,https://www.tripadvisor.co.kr/Restaurant_Review-g294197-d17547142-Reviews-The_Wanderlust_Corner-Seoul.html,10,5.0,,,,,,,,,,,,,,,,tripadvisor
5484695,가스트로 통,+82 2-730-4162,서울 종로구 통의동 25-2,,37.578617,126.9726,"스위스, 유럽 요리, 중앙 유럽",월 11:30~21:30 / 화 11:30~21:30 / 수 11:30~21:30 / 목 11:30~21:30 / 금 11:30~21:30 / 토 11:30~21:30 / 일 11:30~21:30,""" 도심속의 작은 스위스"" 한국의 전통이 고스란히 남아있는 서촌의 대표 레스토랑 가스트로 통에서 품격있는 정찬을 즐기세요. 사랑하는 분과 친구에게 스위스 정찬으로 특별한 경험을 선물하세요",https://dynamic-media-cdn.tripadvisor.com/media/photo-o/12/f9/08/b1/mosquee-1.jpg?w=200&h=200&s=1,https://www.tripadvisor.co.kr/Restaurant_Review-g294197-d5484695-Reviews-Gastro_Tong-Seoul.html,16,4.3,양식,전세계특급호텔 경력의 스위스 현지인 셰프와 소믈리에 부부의 스위스 가정식 레스토랑,,1211030468,https://place.map.kakao.com/1211030468,19000,23000,10,true,,,,,true,,kakao
27435701,리마플러스,+82 507-1335-9571,"서울 마포구 양화로 13 지하1층 B102, B103호",04027,37.54876,126.91063,"페루, 아시아 요리, 한국, 건강식, 남미 요리, 다이닝 바",일 11:00~23:00 / 월 11:00~23:00 / 화 11:00~23:00 / 수 11:00~23:00 / 목 11:00~23:00 / 금 11:00~23:00 / 토 11:00~23:00,,https://dynamic-media-cdn.tripadvisor.com/media/photo-o/31/99/0e/c0/caption.jpg?w=1200&h=-1&s=1&cx=1920&cy=1080&chk=v1_a4bbf4de8d67ec28d4fb,https://www.tripadvisor.co.kr/Restaurant_Review-g294197-d27435701-Reviews-Lima_Plus-Seoul.html,1,5.0,,,,,,,,,,,,,,,,tripadvisor
9077758,두르가 종각점,+82 2-720-4786,서울 종로구 종로8길 5 2층,03189,37.56979,126.98362,"인도 요리, 아시아 요리, 네팔",월 10:00~22:00 / 화 10:00~22:00 / 수 10:00~22:00 / 목 10:00~22:00 / 금 10:00~22:00 / 토 10:00~22:00 / 일 10:00~22:00,캐주얼한 인도& 네팔 레스토랑. 2006년 오픈 이후 여러지점을 보유할만큼 맛으로 꾸준한 사랑과 인정을 받고 있는 전통있는 레스토랑. 조용하고 이색적인 분위기와 비교적 저렴한 가격으로 이국적인 식사를 즐길 수 있어 데이트 장소로 떠오르는 곳입니다.,https://dynamic-media-cdn.tripadvisor.com/media/photo-o/2a/aa/37/b6/caption.jpg?w=200&h=200&s=1&cx=1920&cy=1080&chk=v1_f1f80a41f1a77dd54eec,https://www.tripadvisor.co.kr/Restaurant_Review-g294197-d9077758-Reviews-Durga_Jonggak-Seoul.html,7,4.7,인도음식,보신각 뷰와 함께하는 이국적 커리 여행,,339496394,https://place.map.kakao.com/339496394,14000,15000,11,false,true,,true,,,,kakao
3513662,팬케익 오리지널 스토리,+82 2-794-0508,서울 용산구 한남동 261-6,,37.533646,127.008026,카페,월 08:00~15:00 / 화 08:00~15:00 / 수 08:00~15:00 / 목 08:00~15:00 / 금 09:00~16:00 / 토 09:00~16:00 / 일 09:00~16:00,,https://dynamic-media-cdn.tripadvisor.com/media/photo-o/12/f9/08/b1/mosquee-1.jpg?w=200&h=200&s=1,https://www.tripadvisor.co.kr/Restaurant_Review-g294197-d3513662-Reviews-Pancake_Original_Story-Seoul.html,19,4.3,디저트카페,달콤한 꿀바닐라 버터 팬케이크,일 15:00 / 월 14:00 / 화 14:00 / 수 14:00 / 목 14:00 / 금 15:00 / 토 15:00,11831542,https://place.map.kakao.com/11831542,9300,10500,13,false,,,,,,,kakao
33400310,Seoryung Lotteworld Mall,+82 507-1447-8774,"서울 300 Olympic-ro, Songpa-gu 6th Floor, Lotteworld Mall",05551,37.566,126.9784,"아시아 요리, 한국",일 10:30~22:00 / 월 10:30~22:00 / 화 10:30~22:00 / 수 10:30~22:00 / 목 10:30~22:00 / 금 10:30~22:00 / 토 10:30~22:00,"Seoryung is a traditional Korean restaurant specializing in Pyongyang-style cold noodles (naengmyeon), known for its crystal-clear and deep beef broth, hand-pulled 100% buckwheat noodles, and warm, attentive service. Located near Seoul Station, it offers a peaceful dining experience with authentic flavors rooted in heritage. In addition to its signature naengmyeon, Seoryung also serves tender, top-grade Korean beef bulgogi made from premium sirloin, grilled to perfection for a rich and savory experience. It promises an enjoyable culinary journey where you can savor traditional Korean dishes in a setting that blends timeless elegance with modern design.",https://dynamic-media-cdn.tripadvisor.com/media/photo-o/30/ca/d6/e7/seoryung-dishes.jpg?w=900&h=500&s=1,https://www.tripadvisor.co.kr/Restaurant_Review-g294197-d33400310-Reviews-Seoryung_Lotteworld_Mall-Seoul.html,3,5.0,,,,,,,,,,,,,,,,tripadvisor
34034451,하이워터 바,+82 70-4129-5020,"서울 19, 말리로 36길 서울역 15번출구에서 5분",04300,37.553978,126.96707,"바, 아시아 요리, 한국, 펍, 퓨전, 와인 바",화 19:00~01:30 / 수 19:00~01:30 / 목 19:00~01:30 / 금 18:00~01:30 / 토 18:00~01:30,"서울역 바로 뒤, 평범한 골목 끝에서 다른 세계로 이어진 문이 열리는 곳. 낮과 밤의 경계가 흐려지는 순간, 당신이 알던 세상이 사라진다. 하이워터 바는 사이버펑크 × 동양 요괴 컨셉의 칵테일 Bar로, 서울역에서 도보 5분 거리에 위치해 있습니다. 네온빛 분위기 속에서 시그니처 칵테일과 매달 열리는 HIGHWAVE DJ 이벤트를 즐겨보세요. 서울역 15번 출구 인근 용산구에 있으며, 서울에서 특별한 바 경험을 찾는 분들에게 특히 추천합니다.",https://dynamic-media-cdn.tripadvisor.com/media/photo-o/31/e1/25/68/the-bar-offers-a-range.jpg?w=900&h=500&s=1,https://www.tripadvisor.co.kr/Restaurant_Review-g294197-d34034451-Reviews-Highwater_Bar-Seoul.html,7,5.0,칵테일바,"미래와 전통을 잇는 [사이버펑크 X 요괴] 독특한 컨셉의 바, 하이워터입니다.",,144987006,https://place.map.kakao.com/144987006,21000,22500,5,,,,,,,,kakao
33246192,Billion Bar,,"서울 Yongsan-gu, Itaewon-dong 34-65 1st Floor",04390,37.566,126.9784,"바, 피자, 펍, 다이닝 바",목 20:00~00:00 / 금 21:00~05:00 / 토 19:00~05:00,"빌리언 바에 들어서면 서울의 하우스 뮤직 신(scene)을 그대로 느낄 수 있습니다. 우리의 빌리언 비츠 이벤트에서 펼쳐지는 라이브 DJ 세트(날짜는 인스타그램에서 확인하세요), 시그니처 칵테일과 샷(특히 유명한 머니 샷 포함), 그리고 맛있는 음식까지—억만장자처럼 파티할 수 있는 가격으로 즐겨보세요. 빌리언 바는 하우스 음악, 좋은 분위기, 그리고 잊지 못할 밤을 보낼 수 있는 이태원의 대표적인 장소입니다. 음악을 사랑하는 사람, 이태원 주민, 혹은 단순히 재미있는 밤을 보내고 싶은 누구든 환영합니다!",https://dynamic-media-cdn.tripadvisor.com/media/photo-o/30/eb/02/b0/billion-bar-itaewon-s.jpg?w=900&h=500&s=1,https://www.tripadvisor.co.kr/Restaurant_Review-g294197-d33246192-Reviews-Billion_Bar-Seoul.html,14,5.0,,,,,,,,,,,,,,,,tripadvisor
15604600,마이클 바이 해비치,+82 2-722-4300,서울 종로구 우정국로 2 센트로폴리스 2층,03161,37.571327,126.98331,"미국 요리, 컨템퍼러리",일 10:00~21:00 / 월 11:00~22:00 / 화 11:00~22:00 / 수 11:00~22:00 / 목 11:00~22:00 / 금 11:00~22:00 / 토 10:00~22:00,The very first flagship restaurant in Seoul by 'HAEVICHI Hotel & Resort'. We offer upper class New American cuisine beyond expectation.,https://dynamic-media-cdn.tripadvisor.com/media/photo-o/32/e0/0e/ff/caption.jpg?w=200&h=200&s=1,https://www.tripadvisor.co.kr/Restaurant_Review-g294197-d15604600-Reviews-Michael_s_by_Haevichi-Seoul.html,9,3.9,,,,,,,,,,,,,,,,tripadvisor
10240375,라멘트럭랩,+82 2-336-8456,서울 마포구 독막로14길 31,04074,37.547447,126.922585,일본 요리,월 11:00~21:30 / 화 11:00~21:30 / 수 11:00~21:30 / 목 11:00~21:30 / 금 11:00~21:30 / 토 11:00~21:30 / 일 11:00~21:30,,https://dynamic-media-cdn.tripadvisor.com/media/photo-o/32/e0/0e/ff/caption.jpg?w=200&h=200&s=1,https://www.tripadvisor.co.kr/Restaurant_Review-g294197-d10240375-Reviews-Ramen_Truck_Lab-Seoul.html,11,4.3,일본식라면,담백한 육수와 탱탱한 자가제면의 조화,일 21:00 / 월 21:00 / 화 21:00 / 수 21:00 / 목 21:00 / 금 21:00 / 토 21:00,1859634829,https://place.map.kakao.com/1859634829,5000,7500,11,true,,,,,,,kakao
15019840,남해굴국밥,+82 2-764-4858,서울 종로구 종로46길 11,03119,37.57107,127.010826,,월 05:00~22:00 / 화 05:00~22:00 / 수 05:00~22:00 / 목 05:00~22:00 / 금 05:00~22:00 / 토 05:00~22:00,,https://dynamic-media-cdn.tripadvisor.com/media/photo-o/2f/07/0b/da/caption.jpg?w=800&h=500&s=1,https://www.tripadvisor.co.kr/Restaurant_Review-g294197-d15019840-Reviews-Namhae_Gul_Gukbab-Seoul.html,6,4.3,"굴,전복",통통한 굴과 깊은 국물의 조화,월 21:30 / 화 21:30 / 수 21:30 / 목 21:30 / 금 21:30 / 토 21:30,18876823,https://place.map.kakao.com/18876823,10000,18000,17,false,true,true,,,,,kakao
4075160,홍콩반점 홍대점,+82 2-3141-0418,서울 마포구 서교동 358-32 2층 2f,,37.554565,126.92364,"아시아 요리, 한국",,,https://dynamic-media-cdn.tripadvisor.com/media/photo-o/2f/7e/2a/c4/caption.jpg?w=200&h=200&s=1&cx=1060&cy=707&chk=v1_3ec9795a9eadda2fe443,https://www.tripadvisor.co.kr/Restaurant_Review-g294197-d4075160-Reviews-Hongkong_Banjeom_Hongik_University-Seoul.html,19,4.1,,,,,,,,,,,,,,,,
9434258,코벤트가든,+82 2-3431-5565,서울 위례성대로 58,,,,,,,https://dynamic-media-cdn.tripadvisor.com/media/photo-o/32/0c/5b/03/caption.jpg?w=200&h=200&s=1&cx=1200&cy=675&chk=v1_75a9e4bcf10d51b2b282,https://www.tripadvisor.co.kr/Restaurant_Review-g294197-d9434258-Reviews-Covent_Garden-Seoul.html,16,4.3,,,,,,,,,,,,,,,,
14960750,정선부뚜막,+82 2-499-8253,서울 성동구 서울숲6길 14,04768,37.547558,127.04315,"아시아 요리, 한국",화 11:30~21:00 / 수 11:30~21:00 / 목 11:30~21:00 / 금 11:30~21:00 / 토 11:30~21:00 / 일 11:30~21:00,,https://dynamic-media-cdn.tripadvisor.com/media/photo-o/15/0c/15/23/jeongseon-buddukmak.jpg?w=900&h=500&s=1,https://www.tripadvisor.co.kr/Restaurant_Review-g294197-d14960750-Reviews-Jeongseon_Buddukmak-Seoul.html,4,4.0,한식,정갈한 곤드레밥과 푸짐한 한상차림,일 20:00 / 화 20:00 / 수 20:00 / 목 20:00 / 금 20:00 / 토 20:00,1854321980,https://place.map.kakao.com/1854321980,6000,15000,6,false,true,,,,,,kakao
25566849,부대찌개대사관 구로디지털본점,+82 507-1320-1934,서울 안덕면 화순중앙로12번길 2,,37.486477,126.8961,"아시아 요리, 한국",일 11:00~00:00 / 월 11:00~00:00 / 화 11:00~00:00 / 수 11:00~00:00 / 목 11:00~00:00 / 금 11:00~00:00 / 토 11:00~00:00,"대한민국 1등 부대찌개 '부대찌개 하나만 정성 담아 만듭니다' 구로디지털단지에 방문하셨다면 놓치지 말아야할 핫플레이스! 점심은 밥, 저녁은 술이 가능한 레스토랑입니다.",https://dynamic-media-cdn.tripadvisor.com/media/photo-o/2a/53/d9/12/caption.jpg?w=900&h=500&s=1,https://www.tripadvisor.co.kr/Restaurant_Review-g294197-d25566849-Reviews-Embassy_Of_Sausage_Stew_In_Guro-Seoul.html,2,5.0,,푸짐한 고기와 은은한 마늘 향 부대찌개,,828531301,https://place.map.kakao.com/828531301,13000,13000,3,true,,,,,,true,tripadvisor
14038801,좋아해닭발,+82 2-6406-9537,서울 마포구 홍익로3길 20,04039,37.55345,126.921684,"아시아 요리, 한국",일 17:00~01:00 / 월 17:00~01:00 / 화 17:00~01:00 / 수 17:00~01:00 / 목 17:00~01:00 / 금 17:00~02:00 / 토 17:00~02:00,,https://dynamic-media-cdn.tripadvisor.com/media/photo-o/16/d7/ef/bb/caption.jpg?w=900&h=500&s=1,https://www.tripadvisor.co.kr/Restaurant_Review-g294197-d14038801-Reviews-Joahae_Dakbal-Seoul.html,10,4.9,,포장마차 감성 가득한 매콤 닭발 맛집,,1558238643,https://place.map.kakao.com/1558238643,32800,32800,1,,,,,,,,tripadvisor
24970262,슈퍼스타떡볶이,+82 2-795-3435,서울 용산구 한강대로 58 1층,04388,37.525745,126.96503,"다이너, 길거리 음식, 맥주 음식점",월 11:00~22:00 / 화 11:00~22:00 / 수 11:00~22:00 / 목 11:00~22:00 / 금 11:00~22:00 / 토 11:00~22:00,1 minute walking distance from HYBE INSIGHT Museum towards Sinyongsan Subway Station Host Birthday Celebrations of Hybe Artists all year. The Best Topokki in Seoul,https://dynamic-media-cdn.tripadvisor.com/media/photo-o/30/4b/9f/7f/caption.jpg?w=900&h=500&s=1,https://www.tripadvisor.co.kr/Restaurant_Review-g294197-d24970262-Reviews-Superstar_Topokki-Seoul.html,3,4.7,떡볶이,BTS 감성 가득한 즉석 떡볶이 명소,월 21:00 / 화 21:00 / 수 21:00 / 목 21:00 / 금 21:00 / 토 21:00,794071764,https://place.map.kakao.com/794071764,2000,6000,30,false,true,,,,,,kakao
22999428,모에기,,서울 광장동 22-1 비스타워커할 1층,,37.546833,127.10348,일본 요리,,,https://dynamic-media-cdn.tripadvisor.com/media/photo-o/26/69/48/01/caption.jpg?w=900&h=500&s=1,https://www.tripadvisor.co.kr/Restaurant_Review-g294197-d22999428-Reviews-Seoul.html,1,5.0,,,,,,,,,,,,,,,,
12948437,나우니스,+82 2-2668-7878,서울 강서구 마곡중앙로 161-11 힐스테이트에코마곡나루역 상가2층,07788,37.567974,126.82689,"미국 요리, 패스트푸드, 델리, 오스트레일리아",일 11:30~16:00 / 수 11:30~15:00 / 목 11:30~15:00 / 금 11:30~15:00 / 토 11:30~16:00,"We provide good quality burgers made from 100% unfrozen beef patty and meat pies filled with meat filling. It’s a small shop with only 6 tables but it is a good store to have a meal calmly and rest. Of course, you can also order to go. Try! Don’t hesitate to take special burgers and meat pies in Seoul. - Location: You can’t see our shop on the roadside. Please come up to the 2nd floor of the building.",https://dynamic-media-cdn.tripadvisor.com/media/photo-o/2a/b1/9a/fe/try-don-t-hesitate-to.jpg?w=900&h=500&s=1,https://www.tripadvisor.co.kr/Restaurant_Review-g294197-d12948437-Reviews-NOWNESS_meatpie-Seoul.html,1,5.0,,,,,,,,,,,,,,,,tripadvisor
7033736,올라 여의도 파크센터점,+82 2-2070-7220,서울 영등포구 여의대로 8 여의도파크센터 지하1층,07320,37.521194,126.91859,이탈리아 요리,,,https://dynamic-media-cdn.tripadvisor.com/media/photo-o/32/e0/0d/6d/caption.jpg?w=200&h=200&s=1,https://www.tripadvisor.co.kr/Restaurant_Review-g294197-d7033736-Reviews-Ola_Yeouido_Park_Centre-Seoul.html,26,4.1,,,,,,,,,,,,,,,,
28527129,Bukchon Son-Mandu,+82 2-732-1238,서울 42-5 Insadong-gil Jongno-gu,,37.57414,126.985115,"아시아 요리, 한국",월 11:00~20:30 / 화 11:00~20:30 / 수 11:00~20:30 / 목 11:00~20:30 / 금 11:00~20:30 / 토 11:00~20:30 / 일 11:00~20:30,,https://dynamic-media-cdn.tripadvisor.com/media/photo-o/2e/9a/10/15/caption.jpg?w=900&h=500&s=1,https://www.tripadvisor.co.kr/Restaurant_Review-g294197-d28527129-Reviews-Bukchon_Son_Mandu-Seoul.html,2,3.5,분식,손맛 가득한 본점 만두의 깊은 풍미,,14633500,https://place.map.kakao.com/14633500,,,,true,,,,,,,kakao
